// 4.26.0 0x70bbc33c D2 AY R0 FARGB8888 U888 N0 SExtFlashSection
// Generated by imageconverter. Please, do not edit!

#include <touchgfx/hal/Config.hpp>

LOCATION_PRAGMA("ExtFlashSection")
KEEP extern const unsigned char image_bot1_f[] LOCATION_ATTRIBUTE("ExtFlashSection") = { // 139x46 ARGB8888 pixels.
    0xff, 0xff, 0xff, 0x00, 0xff, 0xff, 0xff, 0x00, 0xff, 0xff, 0xff, 0x00,
    0xff, 0xff, 0xff, 0x00, 0xff, 0xff, 0xff, 0x00, 0xff, 0xff, 0xff, 0x00,
    0xff, 0xff, 0xff, 0x00, 0xff, 0xff, 0xff, 0x00, 0xff, 0xff, 0xff, 0x00,
    0xff, 0xff, 0xff, 0x00, 0xff, 0xff, 0xff, 0x00, 0x26, 0x80, 0xed, 0x0e,
    0x30, 0x80, 0xf2, 0x26, 0x32, 0x83, 0xf5, 0x2f, 0x31, 0x86, 0xf5, 0x30,
    0x31, 0x86, 0xf5, 0x30, 0x31, 0x86, 0xf5, 0x30, 0x31, 0x86, 0xf5, 0x30,
    0x31, 0x86, 0xf5, 0x30, 0x31, 0x86, 0xf5, 0x30, 0x31, 0x86, 0xf5, 0x30,
    0x31, 0x86, 0xf5, 0x30, 0x31, 0x86, 0xf5, 0x30, 0x31, 0x86, 0xf5, 0x30,
    0x31, 0x86, 0xf5, 0x30, 0x31, 0x86, 0xf5, 0x30, 0x31, 0x86, 0xf5, 0x30,
    0x31, 0x86, 0xf5, 0x30, 0x31, 0x86, 0xf5, 0x30, 0x31, 0x86, 0xf5, 0x30,
    0x31, 0x86, 0xf5, 0x30, 0x31, 0x86, 0xf5, 0x30, 0x31, 0x86, 0xf5, 0x30,
    0x31, 0x86, 0xf5, 0x30, 0x31, 0x86, 0xf5, 0x30, 0x31, 0x86, 0xf5, 0x30,
    0x31, 0x86, 0xf5, 0x30, 0x31, 0x86, 0xf5, 0x30, 0x31, 0x86, 0xf5, 0x30,
    0x31, 0x86, 0xf5, 0x30, 0x31, 0x86, 0xf5, 0x30, 0x31, 0x86, 0xf5, 0x30,
    0x31, 0x86, 0xf5, 0x30, 0x31, 0x86, 0xf5, 0x30, 0x31, 0x86, 0xf5, 0x30,
    0x31, 0x86, 0xf5, 0x30, 0x31, 0x86, 0xf5, 0x30, 0x31, 0x86, 0xf5, 0x30,
    0x31, 0x86, 0xf5, 0x30, 0x31, 0x86, 0xf5, 0x30, 0x31, 0x86, 0xf5, 0x30,
    0x31, 0x86, 0xf5, 0x30, 0x31, 0x86, 0xf5, 0x30, 0x31, 0x86, 0xf5, 0x30,
    0x31, 0x86, 0xf5, 0x30, 0x31, 0x86, 0xf5, 0x30, 0x31, 0x86, 0xf5, 0x30,
    0x31, 0x86, 0xf5, 0x30, 0x31, 0x86, 0xf5, 0x30, 0x31, 0x86, 0xf5, 0x30,
    0x31, 0x86, 0xf5, 0x30, 0x31, 0x86, 0xf5, 0x30, 0x31, 0x86, 0xf5, 0x30,
    0x31, 0x86, 0xf5, 0x30, 0x31, 0x86, 0xf5, 0x30, 0x31, 0x86, 0xf5, 0x30,
    0x31, 0x86, 0xf5, 0x30, 0x31, 0x86, 0xf5, 0x30, 0x31, 0x86, 0xf5, 0x30,
    0x31, 0x86, 0xf5, 0x30, 0x31, 0x86, 0xf5, 0x30, 0x31, 0x86, 0xf5, 0x30,
    0x31, 0x86, 0xf5, 0x30, 0x31, 0x86, 0xf5, 0x30, 0x31, 0x86, 0xf5, 0x30,
    0x31, 0x86, 0xf5, 0x30, 0x31, 0x86, 0xf5, 0x30, 0x31, 0x86, 0xf5, 0x30,
    0x31, 0x86, 0xf5, 0x30, 0x31, 0x86, 0xf5, 0x30, 0x31, 0x86, 0xf5, 0x30,
    0x31, 0x86, 0xf5, 0x30, 0x31, 0x86, 0xf5, 0x30, 0x31, 0x86, 0xf5, 0x30,
    0x31, 0x86, 0xf5, 0x30, 0x31, 0x86, 0xf5, 0x30, 0x31, 0x86, 0xf5, 0x30,
    0x31, 0x86, 0xf5, 0x30, 0x31, 0x86, 0xf5, 0x30, 0x31, 0x86, 0xf5, 0x30,
    0x31, 0x86, 0xf5, 0x30, 0x31, 0x86, 0xf5, 0x30, 0x31, 0x86, 0xf5, 0x30,
    0x31, 0x86, 0xf5, 0x30, 0x31, 0x86, 0xf5, 0x30, 0x31, 0x86, 0xf5, 0x30,
    0x31, 0x86, 0xf5, 0x30, 0x31, 0x86, 0xf5, 0x30, 0x31, 0x86, 0xf5, 0x30,
    0x31, 0x86, 0xf5, 0x30, 0x31, 0x86, 0xf5, 0x30, 0x31, 0x86, 0xf5, 0x30,
    0x31, 0x86, 0xf5, 0x30, 0x31, 0x86, 0xf5, 0x30, 0x31, 0x86, 0xf5, 0x30,
    0x31, 0x86, 0xf5, 0x30, 0x31, 0x86, 0xf5, 0x30, 0x31, 0x86, 0xf5, 0x30,
    0x31, 0x86, 0xf5, 0x30, 0x31, 0x86, 0xf5, 0x30, 0x31, 0x86, 0xf5, 0x30,
    0x31, 0x86, 0xf5, 0x30, 0x31, 0x86, 0xf5, 0x30, 0x31, 0x86, 0xf5, 0x30,
    0x31, 0x86, 0xf5, 0x30, 0x31, 0x86, 0xf5, 0x30, 0x31, 0x86, 0xf5, 0x30,
    0x31, 0x86, 0xf5, 0x30, 0x31, 0x86, 0xf5, 0x30, 0x31, 0x86, 0xf5, 0x30,
    0x31, 0x86, 0xf5, 0x30, 0x31, 0x86, 0xf5, 0x30, 0x31, 0x86, 0xf5, 0x30,
    0x31, 0x86, 0xf5, 0x30, 0x32, 0x83, 0xf5, 0x2f, 0x33, 0x80, 0xf1, 0x24,
    0x26, 0x6e, 0xdb, 0x07, 0xff, 0xff, 0xff, 0x00, 0xff, 0xff, 0xff, 0x00,
    0xff, 0xff, 0xff, 0x00, 0xff, 0xff, 0xff, 0x00, 0xff, 0xff, 0xff, 0x00,
    0xff, 0xff, 0xff, 0x00, 0xff, 0xff, 0xff, 0x00, 0xff, 0xff, 0xff, 0x00,
    0xff, 0xff, 0xff, 0x00, 0xff, 0xff, 0xff, 0x00, 0xff, 0xff, 0xff, 0x00,
    0xff, 0xff, 0xff, 0x00, 0xff, 0xff, 0xff, 0x00, 0xff, 0xff, 0xff, 0x00,
    0xff, 0xff, 0xff, 0x00, 0xff, 0xff, 0xff, 0x00, 0xff, 0xff, 0xff, 0x00,
    0xff, 0xff, 0xff, 0x00, 0xff, 0xff, 0xff, 0x00, 0xff, 0xff, 0xff, 0x00,
    0x33, 0x85, 0xf2, 0x38, 0x33, 0x86, 0xf4, 0x99, 0x34, 0x86, 0xf5, 0xde,
    0x34, 0x86, 0xf5, 0xfe, 0x34, 0x86, 0xf5, 0xff, 0x34, 0x86, 0xf5, 0xff,
    0x34, 0x86, 0xf5, 0xff, 0x34, 0x86, 0xf5, 0xff, 0x34, 0x86, 0xf5, 0xff,
    0x34, 0x86, 0xf5, 0xff, 0x34, 0x86, 0xf5, 0xff, 0x34, 0x86, 0xf5, 0xff,
    0x34, 0x86, 0xf5, 0xff, 0x34, 0x86, 0xf5, 0xff, 0x34, 0x86, 0xf5, 0xff,
    0x34, 0x86, 0xf5, 0xff, 0x34, 0x86, 0xf5, 0xff, 0x34, 0x86, 0xf5, 0xff,
    0x34, 0x86, 0xf5, 0xff, 0x34, 0x86, 0xf5, 0xff, 0x34, 0x86, 0xf5, 0xff,
    0x34, 0x86, 0xf5, 0xff, 0x34, 0x86, 0xf5, 0xff, 0x34, 0x86, 0xf5, 0xff,
    0x34, 0x86, 0xf5, 0xff, 0x34, 0x86, 0xf5, 0xff, 0x34, 0x86, 0xf5, 0xff,
    0x34, 0x86, 0xf5, 0xff, 0x34, 0x86, 0xf5, 0xff, 0x34, 0x86, 0xf5, 0xff,
    0x34, 0x86, 0xf5, 0xff, 0x34, 0x86, 0xf5, 0xff, 0x34, 0x86, 0xf5, 0xff,
    0x34, 0x86, 0xf5, 0xff, 0x34, 0x86, 0xf5, 0xff, 0x34, 0x86, 0xf5, 0xff,
    0x34, 0x86, 0xf5, 0xff, 0x34, 0x86, 0xf5, 0xff, 0x34, 0x86, 0xf5, 0xff,
    0x34, 0x86, 0xf5, 0xff, 0x34, 0x86, 0xf5, 0xff, 0x34, 0x86, 0xf5, 0xff,
    0x34, 0x86, 0xf5, 0xff, 0x34, 0x86, 0xf5, 0xff, 0x34, 0x86, 0xf5, 0xff,
    0x34, 0x86, 0xf5, 0xff, 0x34, 0x86, 0xf5, 0xff, 0x34, 0x86, 0xf5, 0xff,
    0x34, 0x86, 0xf5, 0xff, 0x34, 0x86, 0xf5, 0xff, 0x34, 0x86, 0xf5, 0xff,
    0x34, 0x86, 0xf5, 0xff, 0x34, 0x86, 0xf5, 0xff, 0x34, 0x86, 0xf5, 0xff,
    0x34, 0x86, 0xf5, 0xff, 0x34, 0x86, 0xf5, 0xff, 0x34, 0x86, 0xf5, 0xff,
    0x34, 0x86, 0xf5, 0xff, 0x34, 0x86, 0xf5, 0xff, 0x34, 0x86, 0xf5, 0xff,
    0x34, 0x86, 0xf5, 0xff, 0x34, 0x86, 0xf5, 0xff, 0x34, 0x86, 0xf5, 0xff,
    0x34, 0x86, 0xf5, 0xff, 0x34, 0x86, 0xf5, 0xff, 0x34, 0x86, 0xf5, 0xff,
    0x34, 0x86, 0xf5, 0xff, 0x34, 0x86, 0xf5, 0xff, 0x34, 0x86, 0xf5, 0xff,
    0x34, 0x86, 0xf5, 0xff, 0x34, 0x86, 0xf5, 0xff, 0x34, 0x86, 0xf5, 0xff,
    0x34, 0x86, 0xf5, 0xff, 0x34, 0x86, 0xf5, 0xff, 0x34, 0x86, 0xf5, 0xff,
    0x34, 0x86, 0xf5, 0xff, 0x34, 0x86, 0xf5, 0xff, 0x34, 0x86, 0xf5, 0xff,
    0x34, 0x86, 0xf5, 0xff, 0x34, 0x86, 0xf5, 0xff, 0x34, 0x86, 0xf5, 0xff,
    0x34, 0x86, 0xf5, 0xff, 0x34, 0x86, 0xf5, 0xff, 0x34, 0x86, 0xf5, 0xff,
    0x34, 0x86, 0xf5, 0xff, 0x34, 0x86, 0xf5, 0xff, 0x34, 0x86, 0xf5, 0xff,
    0x34, 0x86, 0xf5, 0xff, 0x34, 0x86, 0xf5, 0xff, 0x34, 0x86, 0xf5, 0xff,
    0x34, 0x86, 0xf5, 0xff, 0x34, 0x86, 0xf5, 0xff, 0x34, 0x86, 0xf5, 0xff,
    0x34, 0x86, 0xf5, 0xff, 0x34, 0x86, 0xf5, 0xff, 0x34, 0x86, 0xf5, 0xff,
    0x34, 0x86, 0xf5, 0xff, 0x34, 0x86, 0xf5, 0xff, 0x34, 0x86, 0xf5, 0xff,
    0x34, 0x86, 0xf5, 0xff, 0x34, 0x86, 0xf5, 0xff, 0x34, 0x86, 0xf5, 0xff,
    0x34, 0x86, 0xf5, 0xff, 0x34, 0x86, 0xf5, 0xff, 0x34, 0x86, 0xf5, 0xff,
    0x34, 0x86, 0xf5, 0xff, 0x34, 0x86, 0xf5, 0xff, 0x34, 0x86, 0xf5, 0xff,
    0x34, 0x86, 0xf5, 0xff, 0x34, 0x86, 0xf5, 0xff, 0x34, 0x86, 0xf5, 0xff,
    0x34, 0x86, 0xf5, 0xff, 0x34, 0x86, 0xf5, 0xff, 0x34, 0x86, 0xf5, 0xff,
    0x34, 0x86, 0xf5, 0xff, 0x34, 0x86, 0xf5, 0xff, 0x34, 0x86, 0xf5, 0xff,
    0x34, 0x86, 0xf5, 0xff, 0x34, 0x86, 0xf5, 0xfc, 0x34, 0x85, 0xf5, 0xd0,
    0x33, 0x86, 0xf4, 0x86, 0x33, 0x80, 0xf1, 0x24, 0xff, 0xff, 0xff, 0x00,
    0xff, 0xff, 0xff, 0x00, 0xff, 0xff, 0xff, 0x00, 0xff, 0xff, 0xff, 0x00,
    0xff, 0xff, 0xff, 0x00, 0xff, 0xff, 0xff, 0x00, 0xff, 0xff, 0xff, 0x00,
    0xff, 0xff, 0xff, 0x00, 0xff, 0xff, 0xff, 0x00, 0xff, 0xff, 0xff, 0x00,
    0xff, 0xff, 0xff, 0x00, 0xff, 0xff, 0xff, 0x00, 0xff, 0xff, 0xff, 0x00,
    0xff, 0xff, 0xff, 0x00, 0xff, 0xff, 0xff, 0x00, 0x34, 0x83, 0xf4, 0x2d,
    0x34, 0x86, 0xf5, 0xbe, 0x34, 0x86, 0xf5, 0xff, 0x34, 0x86, 0xf5, 0xff,
    0x34, 0x86, 0xf5, 0xff, 0x34, 0x86, 0xf5, 0xff, 0x34, 0x86, 0xf5, 0xff,
    0x34, 0x86, 0xf5, 0xff, 0x34, 0x86, 0xf5, 0xff, 0x34, 0x86, 0xf5, 0xff,
    0x34, 0x86, 0xf5, 0xff, 0x34, 0x86, 0xf5, 0xff, 0x34, 0x86, 0xf5, 0xff,
    0x34, 0x86, 0xf5, 0xff, 0x34, 0x86, 0xf5, 0xff, 0x34, 0x86, 0xf5, 0xff,
    0x34, 0x86, 0xf5, 0xff, 0x34, 0x86, 0xf5, 0xff, 0x34, 0x86, 0xf5, 0xff,
    0x34, 0x86, 0xf5, 0xff, 0x34, 0x86, 0xf5, 0xff, 0x34, 0x86, 0xf5, 0xff,
    0x34, 0x86, 0xf5, 0xff, 0x34, 0x86, 0xf5, 0xff, 0x34, 0x86, 0xf5, 0xff,
    0x34, 0x86, 0xf5, 0xff, 0x34, 0x86, 0xf5, 0xff, 0x34, 0x86, 0xf5, 0xff,
    0x34, 0x86, 0xf5, 0xff, 0x34, 0x86, 0xf5, 0xff, 0x34, 0x86, 0xf5, 0xff,
    0x34, 0x86, 0xf5, 0xff, 0x34, 0x86, 0xf5, 0xff, 0x34, 0x86, 0xf5, 0xff,
    0x34, 0x86, 0xf5, 0xff, 0x34, 0x86, 0xf5, 0xff, 0x34, 0x86, 0xf5, 0xff,
    0x34, 0x86, 0xf5, 0xff, 0x34, 0x86, 0xf5, 0xff, 0x34, 0x86, 0xf5, 0xff,
    0x34, 0x86, 0xf5, 0xff, 0x34, 0x86, 0xf5, 0xff, 0x34, 0x86, 0xf5, 0xff,
    0x34, 0x86, 0xf5, 0xff, 0x34, 0x86, 0xf5, 0xff, 0x34, 0x86, 0xf5, 0xff,
    0x34, 0x86, 0xf5, 0xff, 0x34, 0x86, 0xf5, 0xff, 0x34, 0x86, 0xf5, 0xff,
    0x34, 0x86, 0xf5, 0xff, 0x34, 0x86, 0xf5, 0xff, 0x34, 0x86, 0xf5, 0xff,
    0x34, 0x86, 0xf5, 0xff, 0x34, 0x86, 0xf5, 0xff, 0x34, 0x86, 0xf5, 0xff,
    0x34, 0x86, 0xf5, 0xff, 0x34, 0x86, 0xf5, 0xff, 0x34, 0x86, 0xf5, 0xff,
    0x34, 0x86, 0xf5, 0xff, 0x34, 0x86, 0xf5, 0xff, 0x34, 0x86, 0xf5, 0xff,
    0x34, 0x86, 0xf5, 0xff, 0x34, 0x86, 0xf5, 0xff, 0x34, 0x86, 0xf5, 0xff,
    0x34, 0x86, 0xf5, 0xff, 0x34, 0x86, 0xf5, 0xff, 0x34, 0x86, 0xf5, 0xff,
    0x34, 0x86, 0xf5, 0xff, 0x34, 0x86, 0xf5, 0xff, 0x34, 0x86, 0xf5, 0xff,
    0x34, 0x86, 0xf5, 0xff, 0x34, 0x86, 0xf5, 0xff, 0x34, 0x86, 0xf5, 0xff,
    0x34, 0x86, 0xf5, 0xff, 0x34, 0x86, 0xf5, 0xff, 0x34, 0x86, 0xf5, 0xff,
    0x34, 0x86, 0xf5, 0xff, 0x34, 0x86, 0xf5, 0xff, 0x34, 0x86, 0xf5, 0xff,
    0x34, 0x86, 0xf5, 0xff, 0x34, 0x86, 0xf5, 0xff, 0x34, 0x86, 0xf5, 0xff,
    0x34, 0x86, 0xf5, 0xff, 0x34, 0x86, 0xf5, 0xff, 0x34, 0x86, 0xf5, 0xff,
    0x34, 0x86, 0xf5, 0xff, 0x34, 0x86, 0xf5, 0xff, 0x34, 0x86, 0xf5, 0xff,
    0x34, 0x86, 0xf5, 0xff, 0x34, 0x86, 0xf5, 0xff, 0x34, 0x86, 0xf5, 0xff,
    0x34, 0x86, 0xf5, 0xff, 0x34, 0x86, 0xf5, 0xff, 0x34, 0x86, 0xf5, 0xff,
    0x34, 0x86, 0xf5, 0xff, 0x34, 0x86, 0xf5, 0xff, 0x34, 0x86, 0xf5, 0xff,
    0x34, 0x86, 0xf5, 0xff, 0x34, 0x86, 0xf5, 0xff, 0x34, 0x86, 0xf5, 0xff,
    0x34, 0x86, 0xf5, 0xff, 0x34, 0x86, 0xf5, 0xff, 0x34, 0x86, 0xf5, 0xff,
    0x34, 0x86, 0xf5, 0xff, 0x34, 0x86, 0xf5, 0xff, 0x34, 0x86, 0xf5, 0xff,
    0x34, 0x86, 0xf5, 0xff, 0x34, 0x86, 0xf5, 0xff, 0x34, 0x86, 0xf5, 0xff,
    0x34, 0x86, 0xf5, 0xff, 0x34, 0x86, 0xf5, 0xff, 0x34, 0x86, 0xf5, 0xff,
    0x34, 0x86, 0xf5, 0xff, 0x34, 0x86, 0xf5, 0xff, 0x34, 0x86, 0xf5, 0xff,
    0x34, 0x86, 0xf5, 0xff, 0x34, 0x86, 0xf5, 0xff, 0x34, 0x86, 0xf5, 0xff,
    0x34, 0x86, 0xf5, 0xff, 0x34, 0x86, 0xf5, 0xff, 0x34, 0x86, 0xf5, 0xff,
    0x34, 0x86, 0xf5, 0xff, 0x34, 0x86, 0xf5, 0xff, 0x35, 0x86, 0xf5, 0xfd,
    0x33, 0x86, 0xf4, 0x9f, 0x2e, 0x86, 0xf4, 0x17, 0xff, 0xff, 0xff, 0x00,
    0xff, 0xff, 0xff, 0x00, 0xff, 0xff, 0xff, 0x00, 0xff, 0xff, 0xff, 0x00,
    0xff, 0xff, 0xff, 0x00, 0xff, 0xff, 0xff, 0x00, 0xff, 0xff, 0xff, 0x00,
    0xff, 0xff, 0xff, 0x00, 0xff, 0xff, 0xff, 0x00, 0xff, 0xff, 0xff, 0x00,
    0xff, 0xff, 0xff, 0x00, 0xff, 0xff, 0xff, 0x00, 0x34, 0x84, 0xf3, 0x69,
    0x34, 0x86, 0xf5, 0xf8, 0x34, 0x86, 0xf5, 0xff, 0x34, 0x86, 0xf5, 0xff,
    0x34, 0x86, 0xf5, 0xff, 0x34, 0x86, 0xf5, 0xff, 0x34, 0x86, 0xf5, 0xff,
    0x34, 0x86, 0xf5, 0xff, 0x34, 0x86, 0xf5, 0xff, 0x34, 0x86, 0xf5, 0xff,
    0x34, 0x86, 0xf5, 0xff, 0x34, 0x86, 0xf5, 0xff, 0x34, 0x86, 0xf5, 0xff,
    0x34, 0x86, 0xf5, 0xff, 0x34, 0x86, 0xf5, 0xff, 0x34, 0x86, 0xf5, 0xff,
    0x34, 0x86, 0xf5, 0xff, 0x34, 0x86, 0xf5, 0xff, 0x34, 0x86, 0xf5, 0xff,
    0x34, 0x86, 0xf5, 0xff, 0x34, 0x86, 0xf5, 0xff, 0x34, 0x86, 0xf5, 0xff,
    0x34, 0x86, 0xf5, 0xff, 0x34, 0x86, 0xf5, 0xff, 0x34, 0x86, 0xf5, 0xff,
    0x34, 0x86, 0xf5, 0xff, 0x34, 0x86, 0xf5, 0xff, 0x34, 0x86, 0xf5, 0xff,
    0x34, 0x86, 0xf5, 0xff, 0x34, 0x86, 0xf5, 0xff, 0x34, 0x86, 0xf5, 0xff,
    0x34, 0x86, 0xf5, 0xff, 0x34, 0x86, 0xf5, 0xff, 0x34, 0x86, 0xf5, 0xff,
    0x34, 0x86, 0xf5, 0xff, 0x34, 0x86, 0xf5, 0xff, 0x34, 0x86, 0xf5, 0xff,
    0x34, 0x86, 0xf5, 0xff, 0x34, 0x86, 0xf5, 0xff, 0x34, 0x86, 0xf5, 0xff,
    0x34, 0x86, 0xf5, 0xff, 0x34, 0x86, 0xf5, 0xff, 0x34, 0x86, 0xf5, 0xff,
    0x34, 0x86, 0xf5, 0xff, 0x34, 0x86, 0xf5, 0xff, 0x34, 0x86, 0xf5, 0xff,
    0x34, 0x86, 0xf5, 0xff, 0x34, 0x86, 0xf5, 0xff, 0x34, 0x86, 0xf5, 0xff,
    0x34, 0x86, 0xf5, 0xff, 0x34, 0x86, 0xf5, 0xff, 0x34, 0x86, 0xf5, 0xff,
    0x34, 0x86, 0xf5, 0xff, 0x34, 0x86, 0xf5, 0xff, 0x34, 0x86, 0xf5, 0xff,
    0x34, 0x86, 0xf5, 0xff, 0x34, 0x86, 0xf5, 0xff, 0x34, 0x86, 0xf5, 0xff,
    0x34, 0x86, 0xf5, 0xff, 0x34, 0x86, 0xf5, 0xff, 0x34, 0x86, 0xf5, 0xff,
    0x34, 0x86, 0xf5, 0xff, 0x34, 0x86, 0xf5, 0xff, 0x34, 0x86, 0xf5, 0xff,
    0x34, 0x86, 0xf5, 0xff, 0x34, 0x86, 0xf5, 0xff, 0x34, 0x86, 0xf5, 0xff,
    0x34, 0x86, 0xf5, 0xff, 0x34, 0x86, 0xf5, 0xff, 0x34, 0x86, 0xf5, 0xff,
    0x34, 0x86, 0xf5, 0xff, 0x34, 0x86, 0xf5, 0xff, 0x34, 0x86, 0xf5, 0xff,
    0x34, 0x86, 0xf5, 0xff, 0x34, 0x86, 0xf5, 0xff, 0x34, 0x86, 0xf5, 0xff,
    0x34, 0x86, 0xf5, 0xff, 0x34, 0x86, 0xf5, 0xff, 0x34, 0x86, 0xf5, 0xff,
    0x34, 0x86, 0xf5, 0xff, 0x34, 0x86, 0xf5, 0xff, 0x34, 0x86, 0xf5, 0xff,
    0x34, 0x86, 0xf5, 0xff, 0x34, 0x86, 0xf5, 0xff, 0x34, 0x86, 0xf5, 0xff,
    0x34, 0x86, 0xf5, 0xff, 0x34, 0x86, 0xf5, 0xff, 0x34, 0x86, 0xf5, 0xff,
    0x34, 0x86, 0xf5, 0xff, 0x34, 0x86, 0xf5, 0xff, 0x34, 0x86, 0xf5, 0xff,
    0x34, 0x86, 0xf5, 0xff, 0x34, 0x86, 0xf5, 0xff, 0x34, 0x86, 0xf5, 0xff,
    0x34, 0x86, 0xf5, 0xff, 0x34, 0x86, 0xf5, 0xff, 0x34, 0x86, 0xf5, 0xff,
    0x34, 0x86, 0xf5, 0xff, 0x34, 0x86, 0xf5, 0xff, 0x34, 0x86, 0xf5, 0xff,
    0x34, 0x86, 0xf5, 0xff, 0x34, 0x86, 0xf5, 0xff, 0x34, 0x86, 0xf5, 0xff,
    0x34, 0x86, 0xf5, 0xff, 0x34, 0x86, 0xf5, 0xff, 0x34, 0x86, 0xf5, 0xff,
    0x34, 0x86, 0xf5, 0xff, 0x34, 0x86, 0xf5, 0xff, 0x34, 0x86, 0xf5, 0xff,
    0x34, 0x86, 0xf5, 0xff, 0x34, 0x86, 0xf5, 0xff, 0x34, 0x86, 0xf5, 0xff,
    0x34, 0x86, 0xf5, 0xff, 0x34, 0x86, 0xf5, 0xff, 0x34, 0x86, 0xf5, 0xff,
    0x34, 0x86, 0xf5, 0xff, 0x34, 0x86, 0xf5, 0xff, 0x34, 0x86, 0xf5, 0xff,
    0x34, 0x86, 0xf5, 0xff, 0x34, 0x86, 0xf5, 0xff, 0x34, 0x86, 0xf5, 0xff,
    0x34, 0x86, 0xf5, 0xff, 0x34, 0x86, 0xf5, 0xff, 0x34, 0x86, 0xf5, 0xff,
    0x34, 0x86, 0xf5, 0xff, 0x34, 0x86, 0xf5, 0xff, 0x34, 0x86, 0xf5, 0xf1,
    0x32, 0x84, 0xf4, 0x44, 0xff, 0xff, 0xff, 0x00, 0xff, 0xff, 0xff, 0x00,
    0xff, 0xff, 0xff, 0x00, 0xff, 0xff, 0xff, 0x00, 0xff, 0xff, 0xff, 0x00,
    0xff, 0xff, 0xff, 0x00, 0xff, 0xff, 0xff, 0x00, 0xff, 0xff, 0xff, 0x00,
    0xff, 0xff, 0xff, 0x00, 0xff, 0xff, 0xff, 0x00, 0x34, 0x85, 0xf5, 0x7e,
    0x34, 0x86, 0xf5, 0xff, 0x34, 0x86, 0xf5, 0xff, 0x34, 0x86, 0xf5, 0xff,
    0x34, 0x86, 0xf5, 0xff, 0x34, 0x86, 0xf5, 0xff, 0x34, 0x86, 0xf5, 0xff,
    0x34, 0x86, 0xf5, 0xff, 0x34, 0x86, 0xf5, 0xff, 0x34, 0x86, 0xf5, 0xff,
    0x34, 0x86, 0xf5, 0xff, 0x34, 0x86, 0xf5, 0xff, 0x34, 0x86, 0xf5, 0xff,
    0x34, 0x86, 0xf5, 0xff, 0x34, 0x86, 0xf5, 0xff, 0x34, 0x86, 0xf5, 0xff,
    0x34, 0x86, 0xf5, 0xff, 0x34, 0x86, 0xf5, 0xff, 0x34, 0x86, 0xf5, 0xff,
    0x34, 0x86, 0xf5, 0xff, 0x34, 0x86, 0xf5, 0xff, 0x34, 0x86, 0xf5, 0xff,
    0x34, 0x86, 0xf5, 0xff, 0x34, 0x86, 0xf5, 0xff, 0x34, 0x86, 0xf5, 0xff,
    0x34, 0x86, 0xf5, 0xff, 0x34, 0x86, 0xf5, 0xff, 0x34, 0x86, 0xf5, 0xff,
    0x34, 0x86, 0xf5, 0xff, 0x34, 0x86, 0xf5, 0xff, 0x34, 0x86, 0xf5, 0xff,
    0x34, 0x86, 0xf5, 0xff, 0x34, 0x86, 0xf5, 0xff, 0x34, 0x86, 0xf5, 0xff,
    0x34, 0x86, 0xf5, 0xff, 0x34, 0x86, 0xf5, 0xff, 0x34, 0x86, 0xf5, 0xff,
    0x34, 0x86, 0xf5, 0xff, 0x34, 0x86, 0xf5, 0xff, 0x34, 0x86, 0xf5, 0xff,
    0x34, 0x86, 0xf5, 0xff, 0x34, 0x86, 0xf5, 0xff, 0x34, 0x86, 0xf5, 0xff,
    0x34, 0x86, 0xf5, 0xff, 0x34, 0x86, 0xf5, 0xff, 0x34, 0x86, 0xf5, 0xff,
    0x34, 0x86, 0xf5, 0xff, 0x34, 0x86, 0xf5, 0xff, 0x34, 0x86, 0xf5, 0xff,
    0x34, 0x86, 0xf5, 0xff, 0x34, 0x86, 0xf5, 0xff, 0x34, 0x86, 0xf5, 0xff,
    0x34, 0x86, 0xf5, 0xff, 0x34, 0x86, 0xf5, 0xff, 0x34, 0x86, 0xf5, 0xff,
    0x34, 0x86, 0xf5, 0xff, 0x34, 0x86, 0xf5, 0xff, 0x34, 0x86, 0xf5, 0xff,
    0x34, 0x86, 0xf5, 0xff, 0x34, 0x86, 0xf5, 0xff, 0x34, 0x86, 0xf5, 0xff,
    0x34, 0x86, 0xf5, 0xff, 0x34, 0x86, 0xf5, 0xff, 0x34, 0x86, 0xf5, 0xff,
    0x34, 0x86, 0xf5, 0xff, 0x34, 0x86, 0xf5, 0xff, 0x34, 0x86, 0xf5, 0xff,
    0x34, 0x86, 0xf5, 0xff, 0x34, 0x86, 0xf5, 0xff, 0x34, 0x86, 0xf5, 0xff,
    0x34, 0x86, 0xf5, 0xff, 0x34, 0x86, 0xf5, 0xff, 0x34, 0x86, 0xf5, 0xff,
    0x34, 0x86, 0xf5, 0xff, 0x34, 0x86, 0xf5, 0xff, 0x34, 0x86, 0xf5, 0xff,
    0x34, 0x86, 0xf5, 0xff, 0x34, 0x86, 0xf5, 0xff, 0x34, 0x86, 0xf5, 0xff,
    0x34, 0x86, 0xf5, 0xff, 0x34, 0x86, 0xf5, 0xff, 0x34, 0x86, 0xf5, 0xff,
    0x34, 0x86, 0xf5, 0xff, 0x34, 0x86, 0xf5, 0xff, 0x34, 0x86, 0xf5, 0xff,
    0x34, 0x86, 0xf5, 0xff, 0x34, 0x86, 0xf5, 0xff, 0x34, 0x86, 0xf5, 0xff,
    0x34, 0x86, 0xf5, 0xff, 0x34, 0x86, 0xf5, 0xff, 0x34, 0x86, 0xf5, 0xff,
    0x34, 0x86, 0xf5, 0xff, 0x34, 0x86, 0xf5, 0xff, 0x34, 0x86, 0xf5, 0xff,
    0x34, 0x86, 0xf5, 0xff, 0x34, 0x86, 0xf5, 0xff, 0x34, 0x86, 0xf5, 0xff,
    0x34, 0x86, 0xf5, 0xff, 0x34, 0x86, 0xf5, 0xff, 0x34, 0x86, 0xf5, 0xff,
    0x34, 0x86, 0xf5, 0xff, 0x34, 0x86, 0xf5, 0xff, 0x34, 0x86, 0xf5, 0xff,
    0x34, 0x86, 0xf5, 0xff, 0x34, 0x86, 0xf5, 0xff, 0x34, 0x86, 0xf5, 0xff,
    0x34, 0x86, 0xf5, 0xff, 0x34, 0x86, 0xf5, 0xff, 0x34, 0x86, 0xf5, 0xff,
    0x34, 0x86, 0xf5, 0xff, 0x34, 0x86, 0xf5, 0xff, 0x34, 0x86, 0xf5, 0xff,
    0x34, 0x86, 0xf5, 0xff, 0x34, 0x86, 0xf5, 0xff, 0x34, 0x86, 0xf5, 0xff,
    0x34, 0x86, 0xf5, 0xff, 0x34, 0x86, 0xf5, 0xff, 0x34, 0x86, 0xf5, 0xff,
    0x34, 0x86, 0xf5, 0xff, 0x34, 0x86, 0xf5, 0xff, 0x34, 0x86, 0xf5, 0xff,
    0x34, 0x86, 0xf5, 0xff, 0x34, 0x86, 0xf5, 0xff, 0x34, 0x86, 0xf5, 0xff,
    0x34, 0x86, 0xf5, 0xff, 0x34, 0x86, 0xf5, 0xff, 0x34, 0x86, 0xf5, 0xff,
    0x34, 0x86, 0xf5, 0xff, 0x34, 0x86, 0xf5, 0xfe, 0x33, 0x85, 0xf5, 0x7c,
    0xff, 0xff, 0xff, 0x00, 0xff, 0xff, 0xff, 0x00, 0xff, 0xff, 0xff, 0x00,
    0xff, 0xff, 0xff, 0x00, 0xff, 0xff, 0xff, 0x00, 0xff, 0xff, 0xff, 0x00,
    0xff, 0xff, 0xff, 0x00, 0xff, 0xff, 0xff, 0x00, 0x34, 0x85, 0xf5, 0x5f,
    0x34, 0x86, 0xf5, 0xff, 0x34, 0x86, 0xf5, 0xff, 0x34, 0x86, 0xf5, 0xff,
    0x34, 0x86, 0xf5, 0xff, 0x34, 0x86, 0xf5, 0xff, 0x34, 0x86, 0xf5, 0xff,
    0x34, 0x86, 0xf5, 0xff, 0x34, 0x86, 0xf5, 0xff, 0x34, 0x86, 0xf5, 0xff,
    0x34, 0x86, 0xf5, 0xff, 0x34, 0x86, 0xf5, 0xff, 0x34, 0x86, 0xf5, 0xff,
    0x34, 0x86, 0xf5, 0xff, 0x34, 0x86, 0xf5, 0xff, 0x34, 0x86, 0xf5, 0xff,
    0x34, 0x86, 0xf5, 0xff, 0x34, 0x86, 0xf5, 0xff, 0x34, 0x86, 0xf5, 0xff,
    0x34, 0x86, 0xf5, 0xff, 0x34, 0x86, 0xf5, 0xff, 0x34, 0x86, 0xf5, 0xff,
    0x34, 0x86, 0xf5, 0xff, 0x34, 0x86, 0xf5, 0xff, 0x34, 0x86, 0xf5, 0xff,
    0x34, 0x86, 0xf5, 0xff, 0x34, 0x86, 0xf5, 0xff, 0x34, 0x86, 0xf5, 0xff,
    0x34, 0x86, 0xf5, 0xff, 0x34, 0x86, 0xf5, 0xff, 0x34, 0x86, 0xf5, 0xff,
    0x34, 0x86, 0xf5, 0xff, 0x34, 0x86, 0xf5, 0xff, 0x34, 0x86, 0xf5, 0xff,
    0x34, 0x86, 0xf5, 0xff, 0x34, 0x86, 0xf5, 0xff, 0x34, 0x86, 0xf5, 0xff,
    0x34, 0x86, 0xf5, 0xff, 0x34, 0x86, 0xf5, 0xff, 0x34, 0x86, 0xf5, 0xff,
    0x34, 0x86, 0xf5, 0xff, 0x34, 0x86, 0xf5, 0xff, 0x34, 0x86, 0xf5, 0xff,
    0x34, 0x86, 0xf5, 0xff, 0x34, 0x86, 0xf5, 0xff, 0x34, 0x86, 0xf5, 0xff,
    0x34, 0x86, 0xf5, 0xff, 0x34, 0x86, 0xf5, 0xff, 0x34, 0x86, 0xf5, 0xff,
    0x34, 0x86, 0xf5, 0xff, 0x34, 0x86, 0xf5, 0xff, 0x34, 0x86, 0xf5, 0xff,
    0x34, 0x86, 0xf5, 0xff, 0x34, 0x86, 0xf5, 0xff, 0x34, 0x86, 0xf5, 0xff,
    0x34, 0x86, 0xf5, 0xff, 0x34, 0x86, 0xf5, 0xff, 0x34, 0x86, 0xf5, 0xff,
    0x34, 0x86, 0xf5, 0xff, 0x34, 0x86, 0xf5, 0xff, 0x34, 0x86, 0xf5, 0xff,
    0x34, 0x86, 0xf5, 0xff, 0x34, 0x86, 0xf5, 0xff, 0x34, 0x86, 0xf5, 0xff,
    0x34, 0x86, 0xf5, 0xff, 0x34, 0x86, 0xf5, 0xff, 0x34, 0x86, 0xf5, 0xff,
    0x34, 0x86, 0xf5, 0xff, 0x34, 0x86, 0xf5, 0xff, 0x34, 0x86, 0xf5, 0xff,
    0x34, 0x86, 0xf5, 0xff, 0x34, 0x86, 0xf5, 0xff, 0x34, 0x86, 0xf5, 0xff,
    0x34, 0x86, 0xf5, 0xff, 0x34, 0x86, 0xf5, 0xff, 0x34, 0x86, 0xf5, 0xff,
    0x34, 0x86, 0xf5, 0xff, 0x34, 0x86, 0xf5, 0xff, 0x34, 0x86, 0xf5, 0xff,
    0x34, 0x86, 0xf5, 0xff, 0x34, 0x86, 0xf5, 0xff, 0x34, 0x86, 0xf5, 0xff,
    0x34, 0x86, 0xf5, 0xff, 0x34, 0x86, 0xf5, 0xff, 0x34, 0x86, 0xf5, 0xff,
    0x34, 0x86, 0xf5, 0xff, 0x34, 0x86, 0xf5, 0xff, 0x34, 0x86, 0xf5, 0xff,
    0x34, 0x86, 0xf5, 0xff, 0x34, 0x86, 0xf5, 0xff, 0x34, 0x86, 0xf5, 0xff,
    0x34, 0x86, 0xf5, 0xff, 0x34, 0x86, 0xf5, 0xff, 0x34, 0x86, 0xf5, 0xff,
    0x34, 0x86, 0xf5, 0xff, 0x34, 0x86, 0xf5, 0xff, 0x34, 0x86, 0xf5, 0xff,
    0x34, 0x86, 0xf5, 0xff, 0x34, 0x86, 0xf5, 0xff, 0x34, 0x86, 0xf5, 0xff,
    0x34, 0x86, 0xf5, 0xff, 0x34, 0x86, 0xf5, 0xff, 0x34, 0x86, 0xf5, 0xff,
    0x34, 0x86, 0xf5, 0xff, 0x34, 0x86, 0xf5, 0xff, 0x34, 0x86, 0xf5, 0xff,
    0x34, 0x86, 0xf5, 0xff, 0x34, 0x86, 0xf5, 0xff, 0x34, 0x86, 0xf5, 0xff,
    0x34, 0x86, 0xf5, 0xff, 0x34, 0x86, 0xf5, 0xff, 0x34, 0x86, 0xf5, 0xff,
    0x34, 0x86, 0xf5, 0xff, 0x34, 0x86, 0xf5, 0xff, 0x34, 0x86, 0xf5, 0xff,
    0x34, 0x86, 0xf5, 0xff, 0x34, 0x86, 0xf5, 0xff, 0x34, 0x86, 0xf5, 0xff,
    0x34, 0x86, 0xf5, 0xff, 0x34, 0x86, 0xf5, 0xff, 0x34, 0x86, 0xf5, 0xff,
    0x34, 0x86, 0xf5, 0xff, 0x34, 0x86, 0xf5, 0xff, 0x34, 0x86, 0xf5, 0xff,
    0x34, 0x86, 0xf5, 0xff, 0x34, 0x86, 0xf5, 0xff, 0x34, 0x86, 0xf5, 0xff,
    0x34, 0x86, 0xf5, 0xff, 0x34, 0x86, 0xf5, 0xff, 0x34, 0x86, 0xf5, 0xff,
    0x34, 0x86, 0xf5, 0xff, 0x34, 0x86, 0xf4, 0x9b, 0x01, 0x01, 0x01, 0x01,
    0xff, 0xff, 0xff, 0x00, 0xff, 0xff, 0xff, 0x00, 0xff, 0xff, 0xff, 0x00,
    0xff, 0xff, 0xff, 0x00, 0xff, 0xff, 0xff, 0x00, 0x30, 0x84, 0xf0, 0x21,
    0x34, 0x86, 0xf5, 0xf5, 0x34, 0x86, 0xf5, 0xff, 0x34, 0x86, 0xf5, 0xff,
    0x34, 0x86, 0xf5, 0xff, 0x34, 0x86, 0xf5, 0xff, 0x34, 0x86, 0xf5, 0xff,
    0x34, 0x86, 0xf5, 0xff, 0x34, 0x86, 0xf5, 0xff, 0x34, 0x86, 0xf5, 0xff,
    0x34, 0x86, 0xf5, 0xff, 0x34, 0x86, 0xf5, 0xff, 0x34, 0x86, 0xf5, 0xff,
    0x34, 0x86, 0xf5, 0xff, 0x34, 0x86, 0xf5, 0xff, 0x34, 0x86, 0xf5, 0xff,
    0x34, 0x86, 0xf5, 0xff, 0x34, 0x86, 0xf5, 0xff, 0x34, 0x86, 0xf5, 0xff,
    0x34, 0x86, 0xf5, 0xff, 0x34, 0x86, 0xf5, 0xff, 0x34, 0x86, 0xf5, 0xff,
    0x34, 0x86, 0xf5, 0xff, 0x34, 0x86, 0xf5, 0xff, 0x34, 0x86, 0xf5, 0xff,
    0x34, 0x86, 0xf5, 0xff, 0x34, 0x86, 0xf5, 0xff, 0x34, 0x86, 0xf5, 0xff,
    0x34, 0x86, 0xf5, 0xff, 0x34, 0x86, 0xf5, 0xff, 0x34, 0x86, 0xf5, 0xff,
    0x34, 0x86, 0xf5, 0xff, 0x34, 0x86, 0xf5, 0xff, 0x34, 0x86, 0xf5, 0xff,
    0x34, 0x86, 0xf5, 0xff, 0x34, 0x86, 0xf5, 0xff, 0x34, 0x86, 0xf5, 0xff,
    0x34, 0x86, 0xf5, 0xff, 0x34, 0x86, 0xf5, 0xff, 0x34, 0x86, 0xf5, 0xff,
    0x34, 0x86, 0xf5, 0xff, 0x34, 0x86, 0xf5, 0xff, 0x34, 0x86, 0xf5, 0xff,
    0x34, 0x86, 0xf5, 0xff, 0x34, 0x86, 0xf5, 0xff, 0x34, 0x86, 0xf5, 0xff,
    0x34, 0x86, 0xf5, 0xff, 0x34, 0x86, 0xf5, 0xff, 0x34, 0x86, 0xf5, 0xff,
    0x34, 0x86, 0xf5, 0xff, 0x34, 0x86, 0xf5, 0xff, 0x34, 0x86, 0xf5, 0xff,
    0x34, 0x86, 0xf5, 0xff, 0x34, 0x86, 0xf5, 0xff, 0x34, 0x86, 0xf5, 0xff,
    0x34, 0x86, 0xf5, 0xff, 0x34, 0x86, 0xf5, 0xff, 0x34, 0x86, 0xf5, 0xff,
    0x34, 0x86, 0xf5, 0xff, 0x34, 0x86, 0xf5, 0xff, 0x34, 0x86, 0xf5, 0xff,
    0x34, 0x86, 0xf5, 0xff, 0x34, 0x86, 0xf5, 0xff, 0x34, 0x86, 0xf5, 0xff,
    0x34, 0x86, 0xf5, 0xff, 0x34, 0x86, 0xf5, 0xff, 0x34, 0x86, 0xf5, 0xff,
    0x34, 0x86, 0xf5, 0xff, 0x34, 0x86, 0xf5, 0xff, 0x34, 0x86, 0xf5, 0xff,
    0x34, 0x86, 0xf5, 0xff, 0x34, 0x86, 0xf5, 0xff, 0x34, 0x86, 0xf5, 0xff,
    0x34, 0x86, 0xf5, 0xff, 0x34, 0x86, 0xf5, 0xff, 0x34, 0x86, 0xf5, 0xff,
    0x34, 0x86, 0xf5, 0xff, 0x34, 0x86, 0xf5, 0xff, 0x34, 0x86, 0xf5, 0xff,
    0x34, 0x86, 0xf5, 0xff, 0x34, 0x86, 0xf5, 0xff, 0x34, 0x86, 0xf5, 0xff,
    0x34, 0x86, 0xf5, 0xff, 0x34, 0x86, 0xf5, 0xff, 0x34, 0x86, 0xf5, 0xff,
    0x34, 0x86, 0xf5, 0xff, 0x34, 0x86, 0xf5, 0xff, 0x34, 0x86, 0xf5, 0xff,
    0x34, 0x86, 0xf5, 0xff, 0x34, 0x86, 0xf5, 0xff, 0x34, 0x86, 0xf5, 0xff,
    0x34, 0x86, 0xf5, 0xff, 0x34, 0x86, 0xf5, 0xff, 0x34, 0x86, 0xf5, 0xff,
    0x34, 0x86, 0xf5, 0xff, 0x34, 0x86, 0xf5, 0xff, 0x34, 0x86, 0xf5, 0xff,
    0x34, 0x86, 0xf5, 0xff, 0x34, 0x86, 0xf5, 0xff, 0x34, 0x86, 0xf5, 0xff,
    0x34, 0x86, 0xf5, 0xff, 0x34, 0x86, 0xf5, 0xff, 0x34, 0x86, 0xf5, 0xff,
    0x34, 0x86, 0xf5, 0xff, 0x34, 0x86, 0xf5, 0xff, 0x34, 0x86, 0xf5, 0xff,
    0x34, 0x86, 0xf5, 0xff, 0x34, 0x86, 0xf5, 0xff, 0x34, 0x86, 0xf5, 0xff,
    0x34, 0x86, 0xf5, 0xff, 0x34, 0x86, 0xf5, 0xff, 0x34, 0x86, 0xf5, 0xff,
    0x34, 0x86, 0xf5, 0xff, 0x34, 0x86, 0xf5, 0xff, 0x34, 0x86, 0xf5, 0xff,
    0x34, 0x86, 0xf5, 0xff, 0x34, 0x86, 0xf5, 0xff, 0x34, 0x86, 0xf5, 0xff,
    0x34, 0x86, 0xf5, 0xff, 0x34, 0x86, 0xf5, 0xff, 0x34, 0x86, 0xf5, 0xff,
    0x34, 0x86, 0xf5, 0xff, 0x34, 0x86, 0xf5, 0xff, 0x34, 0x86, 0xf5, 0xff,
    0x34, 0x86, 0xf5, 0xff, 0x34, 0x86, 0xf5, 0xff, 0x34, 0x86, 0xf5, 0xff,
    0x34, 0x86, 0xf5, 0xff, 0x34, 0x86, 0xf5, 0xff, 0x34, 0x86, 0xf5, 0xff,
    0x34, 0x86, 0xf5, 0xff, 0x34, 0x86, 0xf5, 0xff, 0x34, 0x86, 0xf5, 0xff,
    0x34, 0x87, 0xf5, 0x98, 0xff, 0xff, 0xff, 0x00, 0xff, 0xff, 0xff, 0x00,
    0xff, 0xff, 0xff, 0x00, 0xff, 0xff, 0xff, 0x00, 0xff, 0xff, 0xff, 0x00,
    0x34, 0x86, 0xf5, 0xaa, 0x34, 0x86, 0xf5, 0xff, 0x34, 0x86, 0xf5, 0xff,
    0x34, 0x86, 0xf5, 0xff, 0x34, 0x86, 0xf5, 0xff, 0x34, 0x86, 0xf5, 0xff,
    0x34, 0x86, 0xf5, 0xff, 0x34, 0x86, 0xf5, 0xff, 0x34, 0x86, 0xf5, 0xff,
    0x34, 0x86, 0xf5, 0xff, 0x34, 0x86, 0xf5, 0xff, 0x34, 0x86, 0xf5, 0xff,
    0x34, 0x86, 0xf5, 0xff, 0x34, 0x86, 0xf5, 0xff, 0x34, 0x86, 0xf5, 0xff,
    0x34, 0x86, 0xf5, 0xff, 0x34, 0x86, 0xf5, 0xff, 0x34, 0x86, 0xf5, 0xff,
    0x34, 0x86, 0xf5, 0xff, 0x34, 0x86, 0xf5, 0xff, 0x34, 0x86, 0xf5, 0xff,
    0x34, 0x86, 0xf5, 0xff, 0x34, 0x86, 0xf5, 0xff, 0x34, 0x86, 0xf5, 0xff,
    0x34, 0x86, 0xf5, 0xff, 0x34, 0x86, 0xf5, 0xff, 0x34, 0x86, 0xf5, 0xff,
    0x34, 0x86, 0xf5, 0xff, 0x34, 0x86, 0xf5, 0xff, 0x34, 0x86, 0xf5, 0xff,
    0x34, 0x86, 0xf5, 0xff, 0x34, 0x86, 0xf5, 0xff, 0x34, 0x86, 0xf5, 0xff,
    0x34, 0x86, 0xf5, 0xff, 0x34, 0x86, 0xf5, 0xff, 0x34, 0x86, 0xf5, 0xff,
    0x34, 0x86, 0xf5, 0xff, 0x34, 0x86, 0xf5, 0xff, 0x34, 0x86, 0xf5, 0xff,
    0x34, 0x86, 0xf5, 0xff, 0x34, 0x86, 0xf5, 0xff, 0x34, 0x86, 0xf5, 0xff,
    0x34, 0x86, 0xf5, 0xff, 0x34, 0x86, 0xf5, 0xff, 0x34, 0x86, 0xf5, 0xff,
    0x34, 0x86, 0xf5, 0xff, 0x34, 0x86, 0xf5, 0xff, 0x34, 0x86, 0xf5, 0xff,
    0x34, 0x86, 0xf5, 0xff, 0x34, 0x86, 0xf5, 0xff, 0x34, 0x86, 0xf5, 0xff,
    0x34, 0x86, 0xf5, 0xff, 0x34, 0x86, 0xf5, 0xff, 0x34, 0x86, 0xf5, 0xff,
    0x34, 0x86, 0xf5, 0xff, 0x34, 0x86, 0xf5, 0xff, 0x34, 0x86, 0xf5, 0xff,
    0x34, 0x86, 0xf5, 0xff, 0x34, 0x86, 0xf5, 0xff, 0x34, 0x86, 0xf5, 0xff,
    0x34, 0x86, 0xf5, 0xff, 0x34, 0x86, 0xf5, 0xff, 0x34, 0x86, 0xf5, 0xff,
    0x34, 0x86, 0xf5, 0xff, 0x34, 0x86, 0xf5, 0xff, 0x34, 0x86, 0xf5, 0xff,
    0x34, 0x86, 0xf5, 0xff, 0x34, 0x86, 0xf5, 0xff, 0x34, 0x86, 0xf5, 0xff,
    0x34, 0x86, 0xf5, 0xff, 0x34, 0x86, 0xf5, 0xff, 0x34, 0x86, 0xf5, 0xff,
    0x34, 0x86, 0xf5, 0xff, 0x34, 0x86, 0xf5, 0xff, 0x34, 0x86, 0xf5, 0xff,
    0x34, 0x86, 0xf5, 0xff, 0x34, 0x86, 0xf5, 0xff, 0x34, 0x86, 0xf5, 0xff,
    0x34, 0x86, 0xf5, 0xff, 0x34, 0x86, 0xf5, 0xff, 0x34, 0x86, 0xf5, 0xff,
    0x34, 0x86, 0xf5, 0xff, 0x34, 0x86, 0xf5, 0xff, 0x34, 0x86, 0xf5, 0xff,
    0x34, 0x86, 0xf5, 0xff, 0x34, 0x86, 0xf5, 0xff, 0x34, 0x86, 0xf5, 0xff,
    0x34, 0x86, 0xf5, 0xff, 0x34, 0x86, 0xf5, 0xff, 0x34, 0x86, 0xf5, 0xff,
    0x34, 0x86, 0xf5, 0xff, 0x34, 0x86, 0xf5, 0xff, 0x34, 0x86, 0xf5, 0xff,
    0x34, 0x86, 0xf5, 0xff, 0x34, 0x86, 0xf5, 0xff, 0x34, 0x86, 0xf5, 0xff,
    0x34, 0x86, 0xf5, 0xff, 0x34, 0x86, 0xf5, 0xff, 0x34, 0x86, 0xf5, 0xff,
    0x34, 0x86, 0xf5, 0xff, 0x34, 0x86, 0xf5, 0xff, 0x34, 0x86, 0xf5, 0xff,
    0x34, 0x86, 0xf5, 0xff, 0x34, 0x86, 0xf5, 0xff, 0x34, 0x86, 0xf5, 0xff,
    0x34, 0x86, 0xf5, 0xff, 0x34, 0x86, 0xf5, 0xff, 0x34, 0x86, 0xf5, 0xff,
    0x34, 0x86, 0xf5, 0xff, 0x34, 0x86, 0xf5, 0xff, 0x34, 0x86, 0xf5, 0xff,
    0x34, 0x86, 0xf5, 0xff, 0x34, 0x86, 0xf5, 0xff, 0x34, 0x86, 0xf5, 0xff,
    0x34, 0x86, 0xf5, 0xff, 0x34, 0x86, 0xf5, 0xff, 0x34, 0x86, 0xf5, 0xff,
    0x34, 0x86, 0xf5, 0xff, 0x34, 0x86, 0xf5, 0xff, 0x34, 0x86, 0xf5, 0xff,
    0x34, 0x86, 0xf5, 0xff, 0x34, 0x86, 0xf5, 0xff, 0x34, 0x86, 0xf5, 0xff,
    0x34, 0x86, 0xf5, 0xff, 0x34, 0x86, 0xf5, 0xff, 0x34, 0x86, 0xf5, 0xff,
    0x34, 0x86, 0xf5, 0xff, 0x34, 0x86, 0xf5, 0xff, 0x34, 0x86, 0xf5, 0xff,
    0x34, 0x86, 0xf5, 0xff, 0x34, 0x86, 0xf5, 0xff, 0x34, 0x86, 0xf5, 0xff,
    0x34, 0x86, 0xf5, 0xff, 0x34, 0x86, 0xf5, 0xff, 0x33, 0x85, 0xf4, 0x72,
    0xff, 0xff, 0xff, 0x00, 0xff, 0xff, 0xff, 0x00, 0xff, 0xff, 0xff, 0x00,
    0x30, 0x84, 0xf0, 0x21, 0x34, 0x86, 0xf5, 0xfd, 0x34, 0x86, 0xf5, 0xff,
    0x34, 0x86, 0xf5, 0xff, 0x34, 0x86, 0xf5, 0xff, 0x34, 0x86, 0xf5, 0xff,
    0x34, 0x86, 0xf5, 0xff, 0x34, 0x86, 0xf5, 0xff, 0x34, 0x86, 0xf5, 0xff,
    0x34, 0x86, 0xf5, 0xff, 0x34, 0x86, 0xf5, 0xff, 0x34, 0x86, 0xf5, 0xff,
    0x34, 0x86, 0xf5, 0xff, 0x34, 0x86, 0xf5, 0xff, 0x34, 0x86, 0xf5, 0xff,
    0x34, 0x86, 0xf5, 0xff, 0x34, 0x86, 0xf5, 0xff, 0x34, 0x86, 0xf5, 0xff,
    0x34, 0x86, 0xf5, 0xff, 0x34, 0x86, 0xf5, 0xff, 0x34, 0x86, 0xf5, 0xff,
    0x34, 0x86, 0xf5, 0xff, 0x34, 0x86, 0xf5, 0xff, 0x34, 0x86, 0xf5, 0xff,
    0x34, 0x86, 0xf5, 0xff, 0x34, 0x86, 0xf5, 0xff, 0x34, 0x86, 0xf5, 0xff,
    0x34, 0x86, 0xf5, 0xff, 0x34, 0x86, 0xf5, 0xff, 0x34, 0x86, 0xf5, 0xff,
    0x34, 0x86, 0xf5, 0xff, 0x34, 0x86, 0xf5, 0xff, 0x34, 0x86, 0xf5, 0xff,
    0x34, 0x86, 0xf5, 0xff, 0x34, 0x86, 0xf5, 0xff, 0x34, 0x86, 0xf5, 0xff,
    0x34, 0x86, 0xf5, 0xff, 0x34, 0x86, 0xf5, 0xff, 0x34, 0x86, 0xf5, 0xff,
    0x34, 0x86, 0xf5, 0xff, 0x34, 0x86, 0xf5, 0xff, 0x34, 0x86, 0xf5, 0xff,
    0x34, 0x86, 0xf5, 0xff, 0x34, 0x86, 0xf5, 0xff, 0x34, 0x86, 0xf5, 0xff,
    0x34, 0x86, 0xf5, 0xff, 0x34, 0x86, 0xf5, 0xff, 0x34, 0x86, 0xf5, 0xff,
    0x34, 0x86, 0xf5, 0xff, 0x34, 0x86, 0xf5, 0xff, 0x34, 0x86, 0xf5, 0xff,
    0x34, 0x86, 0xf5, 0xff, 0x34, 0x86, 0xf5, 0xff, 0x34, 0x86, 0xf5, 0xff,
    0x34, 0x86, 0xf5, 0xff, 0x34, 0x86, 0xf5, 0xff, 0x34, 0x86, 0xf5, 0xff,
    0x34, 0x86, 0xf5, 0xff, 0x34, 0x86, 0xf5, 0xff, 0x34, 0x86, 0xf5, 0xff,
    0x34, 0x86, 0xf5, 0xff, 0x34, 0x86, 0xf5, 0xff, 0x34, 0x86, 0xf5, 0xff,
    0x34, 0x86, 0xf5, 0xff, 0x34, 0x86, 0xf5, 0xff, 0x34, 0x86, 0xf5, 0xff,
    0x34, 0x86, 0xf5, 0xff, 0x34, 0x86, 0xf5, 0xff, 0x34, 0x86, 0xf5, 0xff,
    0x34, 0x86, 0xf5, 0xff, 0x34, 0x86, 0xf5, 0xff, 0x34, 0x86, 0xf5, 0xff,
    0x34, 0x86, 0xf5, 0xff, 0x34, 0x86, 0xf5, 0xff, 0x34, 0x86, 0xf5, 0xff,
    0x34, 0x86, 0xf5, 0xff, 0x34, 0x86, 0xf5, 0xff, 0x34, 0x86, 0xf5, 0xff,
    0x34, 0x86, 0xf5, 0xff, 0x34, 0x86, 0xf5, 0xff, 0x34, 0x86, 0xf5, 0xff,
    0x34, 0x86, 0xf5, 0xff, 0x34, 0x86, 0xf5, 0xff, 0x34, 0x86, 0xf5, 0xff,
    0x34, 0x86, 0xf5, 0xff, 0x34, 0x86, 0xf5, 0xff, 0x34, 0x86, 0xf5, 0xff,
    0x34, 0x86, 0xf5, 0xff, 0x34, 0x86, 0xf5, 0xff, 0x34, 0x86, 0xf5, 0xff,
    0x34, 0x86, 0xf5, 0xff, 0x34, 0x86, 0xf5, 0xff, 0x34, 0x86, 0xf5, 0xff,
    0x34, 0x86, 0xf5, 0xff, 0x34, 0x86, 0xf5, 0xff, 0x34, 0x86, 0xf5, 0xff,
    0x34, 0x86, 0xf5, 0xff, 0x34, 0x86, 0xf5, 0xff, 0x34, 0x86, 0xf5, 0xff,
    0x34, 0x86, 0xf5, 0xff, 0x34, 0x86, 0xf5, 0xff, 0x34, 0x86, 0xf5, 0xff,
    0x34, 0x86, 0xf5, 0xff, 0x34, 0x86, 0xf5, 0xff, 0x34, 0x86, 0xf5, 0xff,
    0x34, 0x86, 0xf5, 0xff, 0x34, 0x86, 0xf5, 0xff, 0x34, 0x86, 0xf5, 0xff,
    0x34, 0x86, 0xf5, 0xff, 0x34, 0x86, 0xf5, 0xff, 0x34, 0x86, 0xf5, 0xff,
    0x34, 0x86, 0xf5, 0xff, 0x34, 0x86, 0xf5, 0xff, 0x34, 0x86, 0xf5, 0xff,
    0x34, 0x86, 0xf5, 0xff, 0x34, 0x86, 0xf5, 0xff, 0x34, 0x86, 0xf5, 0xff,
    0x34, 0x86, 0xf5, 0xff, 0x34, 0x86, 0xf5, 0xff, 0x34, 0x86, 0xf5, 0xff,
    0x34, 0x86, 0xf5, 0xff, 0x34, 0x86, 0xf5, 0xff, 0x34, 0x86, 0xf5, 0xff,
    0x34, 0x86, 0xf5, 0xff, 0x34, 0x86, 0xf5, 0xff, 0x34, 0x86, 0xf5, 0xff,
    0x34, 0x86, 0xf5, 0xff, 0x34, 0x86, 0xf5, 0xff, 0x34, 0x86, 0xf5, 0xff,
    0x34, 0x86, 0xf5, 0xff, 0x34, 0x86, 0xf5, 0xff, 0x34, 0x86, 0xf5, 0xff,
    0x34, 0x86, 0xf5, 0xff, 0x34, 0x86, 0xf5, 0xff, 0x34, 0x86, 0xf5, 0xff,
    0x34, 0x87, 0xf5, 0xfa, 0x32, 0x80, 0xf3, 0x2a, 0xff, 0xff, 0xff, 0x00,
    0xff, 0xff, 0xff, 0x00, 0x34, 0x86, 0xf5, 0x79, 0x34, 0x86, 0xf5, 0xff,
    0x34, 0x86, 0xf5, 0xff, 0x34, 0x86, 0xf5, 0xff, 0x34, 0x86, 0xf5, 0xff,
    0x34, 0x86, 0xf5, 0xff, 0x34, 0x86, 0xf5, 0xff, 0x34, 0x86, 0xf5, 0xff,
    0x34, 0x86, 0xf5, 0xff, 0x34, 0x86, 0xf5, 0xff, 0x34, 0x86, 0xf5, 0xff,
    0x34, 0x86, 0xf5, 0xff, 0x34, 0x86, 0xf5, 0xff, 0x34, 0x86, 0xf5, 0xff,
    0x34, 0x86, 0xf5, 0xff, 0x34, 0x86, 0xf5, 0xff, 0x34, 0x86, 0xf5, 0xff,
    0x34, 0x86, 0xf5, 0xff, 0x34, 0x86, 0xf5, 0xff, 0x34, 0x86, 0xf5, 0xff,
    0x34, 0x86, 0xf5, 0xff, 0x34, 0x86, 0xf5, 0xff, 0x34, 0x86, 0xf5, 0xff,
    0x34, 0x86, 0xf5, 0xff, 0x34, 0x86, 0xf5, 0xff, 0x34, 0x86, 0xf5, 0xff,
    0x34, 0x86, 0xf5, 0xff, 0x34, 0x86, 0xf5, 0xff, 0x34, 0x86, 0xf5, 0xff,
    0x34, 0x86, 0xf5, 0xff, 0x34, 0x86, 0xf5, 0xff, 0x34, 0x86, 0xf5, 0xff,
    0x34, 0x86, 0xf5, 0xff, 0x34, 0x86, 0xf5, 0xff, 0x34, 0x86, 0xf5, 0xff,
    0x34, 0x86, 0xf5, 0xff, 0x34, 0x86, 0xf5, 0xff, 0x34, 0x86, 0xf5, 0xff,
    0x34, 0x86, 0xf5, 0xff, 0x34, 0x86, 0xf5, 0xff, 0x34, 0x86, 0xf5, 0xff,
    0x34, 0x86, 0xf5, 0xff, 0x34, 0x86, 0xf5, 0xff, 0x34, 0x86, 0xf5, 0xff,
    0x34, 0x86, 0xf5, 0xff, 0x34, 0x86, 0xf5, 0xff, 0x34, 0x86, 0xf5, 0xff,
    0x34, 0x86, 0xf5, 0xff, 0x34, 0x86, 0xf5, 0xff, 0x34, 0x86, 0xf5, 0xff,
    0x34, 0x86, 0xf5, 0xff, 0x34, 0x86, 0xf5, 0xff, 0x34, 0x86, 0xf5, 0xff,
    0x34, 0x86, 0xf5, 0xff, 0x34, 0x86, 0xf5, 0xff, 0x34, 0x86, 0xf5, 0xff,
    0x34, 0x86, 0xf5, 0xff, 0x34, 0x86, 0xf5, 0xff, 0x34, 0x86, 0xf5, 0xff,
    0x34, 0x86, 0xf5, 0xff, 0x34, 0x86, 0xf5, 0xff, 0x34, 0x86, 0xf5, 0xff,
    0x34, 0x86, 0xf5, 0xff, 0x34, 0x86, 0xf5, 0xff, 0x34, 0x86, 0xf5, 0xff,
    0x34, 0x86, 0xf5, 0xff, 0x34, 0x86, 0xf5, 0xff, 0x34, 0x86, 0xf5, 0xff,
    0x34, 0x86, 0xf5, 0xff, 0x34, 0x86, 0xf5, 0xff, 0x34, 0x86, 0xf5, 0xff,
    0x34, 0x86, 0xf5, 0xff, 0x34, 0x86, 0xf5, 0xff, 0x34, 0x86, 0xf5, 0xff,
    0x34, 0x86, 0xf5, 0xff, 0x34, 0x86, 0xf5, 0xff, 0x34, 0x86, 0xf5, 0xff,
    0x34, 0x86, 0xf5, 0xff, 0x34, 0x86, 0xf5, 0xff, 0x34, 0x86, 0xf5, 0xff,
    0x34, 0x86, 0xf5, 0xff, 0x34, 0x86, 0xf5, 0xff, 0x34, 0x86, 0xf5, 0xff,
    0x34, 0x86, 0xf5, 0xff, 0x34, 0x86, 0xf5, 0xff, 0x34, 0x86, 0xf5, 0xff,
    0x34, 0x86, 0xf5, 0xff, 0x34, 0x86, 0xf5, 0xff, 0x34, 0x86, 0xf5, 0xff,
    0x34, 0x86, 0xf5, 0xff, 0x34, 0x86, 0xf5, 0xff, 0x34, 0x86, 0xf5, 0xff,
    0x34, 0x86, 0xf5, 0xff, 0x34, 0x86, 0xf5, 0xff, 0x34, 0x86, 0xf5, 0xff,
    0x34, 0x86, 0xf5, 0xff, 0x34, 0x86, 0xf5, 0xff, 0x34, 0x86, 0xf5, 0xff,
    0x34, 0x86, 0xf5, 0xff, 0x34, 0x86, 0xf5, 0xff, 0x34, 0x86, 0xf5, 0xff,
    0x34, 0x86, 0xf5, 0xff, 0x34, 0x86, 0xf5, 0xff, 0x34, 0x86, 0xf5, 0xff,
    0x34, 0x86, 0xf5, 0xff, 0x34, 0x86, 0xf5, 0xff, 0x34, 0x86, 0xf5, 0xff,
    0x34, 0x86, 0xf5, 0xff, 0x34, 0x86, 0xf5, 0xff, 0x34, 0x86, 0xf5, 0xff,
    0x34, 0x86, 0xf5, 0xff, 0x34, 0x86, 0xf5, 0xff, 0x34, 0x86, 0xf5, 0xff,
    0x34, 0x86, 0xf5, 0xff, 0x34, 0x86, 0xf5, 0xff, 0x34, 0x86, 0xf5, 0xff,
    0x34, 0x86, 0xf5, 0xff, 0x34, 0x86, 0xf5, 0xff, 0x34, 0x86, 0xf5, 0xff,
    0x34, 0x86, 0xf5, 0xff, 0x34, 0x86, 0xf5, 0xff, 0x34, 0x86, 0xf5, 0xff,
    0x34, 0x86, 0xf5, 0xff, 0x34, 0x86, 0xf5, 0xff, 0x34, 0x86, 0xf5, 0xff,
    0x34, 0x86, 0xf5, 0xff, 0x34, 0x86, 0xf5, 0xff, 0x34, 0x86, 0xf5, 0xff,
    0x34, 0x86, 0xf5, 0xff, 0x34, 0x86, 0xf5, 0xff, 0x34, 0x86, 0xf5, 0xff,
    0x34, 0x86, 0xf5, 0xff, 0x34, 0x86, 0xf5, 0xff, 0x34, 0x86, 0xf5, 0xff,
    0x34, 0x86, 0xf5, 0xff, 0x34, 0x86, 0xf5, 0xff, 0x33, 0x85, 0xf4, 0xb3,
    0xff, 0xff, 0xff, 0x00, 0xff, 0xff, 0xff, 0x00, 0x34, 0x85, 0xf5, 0xbb,
    0x34, 0x86, 0xf5, 0xff, 0x34, 0x86, 0xf5, 0xff, 0x34, 0x86, 0xf5, 0xff,
    0x34, 0x86, 0xf5, 0xff, 0x34, 0x86, 0xf5, 0xff, 0x34, 0x86, 0xf5, 0xff,
    0x34, 0x86, 0xf5, 0xff, 0x34, 0x86, 0xf5, 0xff, 0x34, 0x86, 0xf5, 0xff,
    0x34, 0x86, 0xf5, 0xff, 0x34, 0x86, 0xf5, 0xff, 0x34, 0x86, 0xf5, 0xff,
    0x34, 0x86, 0xf5, 0xff, 0x34, 0x86, 0xf5, 0xff, 0x34, 0x86, 0xf5, 0xff,
    0x34, 0x86, 0xf5, 0xff, 0x34, 0x86, 0xf5, 0xff, 0x34, 0x86, 0xf5, 0xff,
    0x34, 0x86, 0xf5, 0xff, 0x34, 0x86, 0xf5, 0xff, 0x34, 0x86, 0xf5, 0xff,
    0x34, 0x86, 0xf5, 0xff, 0x34, 0x86, 0xf5, 0xff, 0x34, 0x86, 0xf5, 0xff,
    0x34, 0x86, 0xf5, 0xff, 0x34, 0x86, 0xf5, 0xff, 0x34, 0x86, 0xf5, 0xff,
    0x34, 0x86, 0xf5, 0xff, 0x34, 0x86, 0xf5, 0xff, 0x34, 0x86, 0xf5, 0xff,
    0x34, 0x86, 0xf5, 0xff, 0x34, 0x86, 0xf5, 0xff, 0x34, 0x86, 0xf5, 0xff,
    0x34, 0x86, 0xf5, 0xff, 0x34, 0x86, 0xf5, 0xff, 0x34, 0x86, 0xf5, 0xff,
    0x34, 0x86, 0xf5, 0xff, 0x34, 0x86, 0xf5, 0xff, 0x34, 0x86, 0xf5, 0xff,
    0x34, 0x86, 0xf5, 0xff, 0x34, 0x86, 0xf5, 0xff, 0x34, 0x86, 0xf5, 0xff,
    0x34, 0x86, 0xf5, 0xff, 0x34, 0x86, 0xf5, 0xff, 0x34, 0x86, 0xf5, 0xff,
    0x34, 0x86, 0xf5, 0xff, 0x34, 0x86, 0xf5, 0xff, 0x34, 0x86, 0xf5, 0xff,
    0x34, 0x86, 0xf5, 0xff, 0x34, 0x86, 0xf5, 0xff, 0x34, 0x86, 0xf5, 0xff,
    0x34, 0x86, 0xf5, 0xff, 0x34, 0x86, 0xf5, 0xff, 0x34, 0x86, 0xf5, 0xff,
    0x34, 0x86, 0xf5, 0xff, 0x34, 0x86, 0xf5, 0xff, 0x34, 0x86, 0xf5, 0xff,
    0x34, 0x86, 0xf5, 0xff, 0x34, 0x86, 0xf5, 0xff, 0x34, 0x86, 0xf5, 0xff,
    0x34, 0x86, 0xf5, 0xff, 0x34, 0x86, 0xf5, 0xff, 0x34, 0x86, 0xf5, 0xff,
    0x34, 0x86, 0xf5, 0xff, 0x34, 0x86, 0xf5, 0xff, 0x34, 0x86, 0xf5, 0xff,
    0x34, 0x86, 0xf5, 0xff, 0x34, 0x86, 0xf5, 0xff, 0x34, 0x86, 0xf5, 0xff,
    0x34, 0x86, 0xf5, 0xff, 0x34, 0x86, 0xf5, 0xff, 0x34, 0x86, 0xf5, 0xff,
    0x34, 0x86, 0xf5, 0xff, 0x34, 0x86, 0xf5, 0xff, 0x34, 0x86, 0xf5, 0xff,
    0x34, 0x86, 0xf5, 0xff, 0x34, 0x86, 0xf5, 0xff, 0x34, 0x86, 0xf5, 0xff,
    0x34, 0x86, 0xf5, 0xff, 0x34, 0x86, 0xf5, 0xff, 0x34, 0x86, 0xf5, 0xff,
    0x34, 0x86, 0xf5, 0xff, 0x34, 0x86, 0xf5, 0xff, 0x34, 0x86, 0xf5, 0xff,
    0x34, 0x86, 0xf5, 0xff, 0x34, 0x86, 0xf5, 0xff, 0x34, 0x86, 0xf5, 0xff,
    0x34, 0x86, 0xf5, 0xff, 0x34, 0x86, 0xf5, 0xff, 0x34, 0x86, 0xf5, 0xff,
    0x34, 0x86, 0xf5, 0xff, 0x34, 0x86, 0xf5, 0xff, 0x34, 0x86, 0xf5, 0xff,
    0x34, 0x86, 0xf5, 0xff, 0x34, 0x86, 0xf5, 0xff, 0x34, 0x86, 0xf5, 0xff,
    0x34, 0x86, 0xf5, 0xff, 0x34, 0x86, 0xf5, 0xff, 0x34, 0x86, 0xf5, 0xff,
    0x34, 0x86, 0xf5, 0xff, 0x34, 0x86, 0xf5, 0xff, 0x34, 0x86, 0xf5, 0xff,
    0x34, 0x86, 0xf5, 0xff, 0x34, 0x86, 0xf5, 0xff, 0x34, 0x86, 0xf5, 0xff,
    0x34, 0x86, 0xf5, 0xff, 0x34, 0x86, 0xf5, 0xff, 0x34, 0x86, 0xf5, 0xff,
    0x34, 0x86, 0xf5, 0xff, 0x34, 0x86, 0xf5, 0xff, 0x34, 0x86, 0xf5, 0xff,
    0x34, 0x86, 0xf5, 0xff, 0x34, 0x86, 0xf5, 0xff, 0x34, 0x86, 0xf5, 0xff,
    0x34, 0x86, 0xf5, 0xff, 0x34, 0x86, 0xf5, 0xff, 0x34, 0x86, 0xf5, 0xff,
    0x34, 0x86, 0xf5, 0xff, 0x34, 0x86, 0xf5, 0xff, 0x34, 0x86, 0xf5, 0xff,
    0x34, 0x86, 0xf5, 0xff, 0x34, 0x86, 0xf5, 0xff, 0x34, 0x86, 0xf5, 0xff,
    0x34, 0x86, 0xf5, 0xff, 0x34, 0x86, 0xf5, 0xff, 0x34, 0x86, 0xf5, 0xff,
    0x34, 0x86, 0xf5, 0xff, 0x34, 0x86, 0xf5, 0xff, 0x34, 0x86, 0xf5, 0xff,
    0x34, 0x86, 0xf5, 0xff, 0x34, 0x86, 0xf5, 0xff, 0x34, 0x86, 0xf5, 0xff,
    0x34, 0x86, 0xf5, 0xff, 0x34, 0x86, 0xf5, 0xff, 0x34, 0x86, 0xf5, 0xff,
    0x34, 0x86, 0xf5, 0xfe, 0x30, 0x80, 0xf2, 0x26, 0xff, 0xff, 0xff, 0x00,
    0x34, 0x85, 0xf5, 0xe7, 0x34, 0x86, 0xf5, 0xff, 0x34, 0x86, 0xf5, 0xff,
    0x34, 0x86, 0xf5, 0xff, 0x34, 0x86, 0xf5, 0xff, 0x34, 0x86, 0xf5, 0xff,
    0x34, 0x86, 0xf5, 0xff, 0x34, 0x86, 0xf5, 0xff, 0x34, 0x86, 0xf5, 0xff,
    0x34, 0x86, 0xf5, 0xff, 0x34, 0x86, 0xf5, 0xff, 0x34, 0x86, 0xf5, 0xff,
    0x34, 0x86, 0xf5, 0xff, 0x34, 0x86, 0xf5, 0xff, 0x34, 0x86, 0xf5, 0xff,
    0x34, 0x86, 0xf5, 0xff, 0x34, 0x86, 0xf5, 0xff, 0x34, 0x86, 0xf5, 0xff,
    0x34, 0x86, 0xf5, 0xff, 0x34, 0x86, 0xf5, 0xff, 0x34, 0x86, 0xf5, 0xff,
    0x34, 0x86, 0xf5, 0xff, 0x34, 0x86, 0xf5, 0xff, 0x34, 0x86, 0xf5, 0xff,
    0x34, 0x86, 0xf5, 0xff, 0x34, 0x86, 0xf5, 0xff, 0x34, 0x86, 0xf5, 0xff,
    0x34, 0x86, 0xf5, 0xff, 0x34, 0x86, 0xf5, 0xff, 0x34, 0x86, 0xf5, 0xff,
    0x34, 0x86, 0xf5, 0xff, 0x34, 0x86, 0xf5, 0xff, 0x34, 0x86, 0xf5, 0xff,
    0x34, 0x86, 0xf5, 0xff, 0x34, 0x86, 0xf5, 0xff, 0x34, 0x86, 0xf5, 0xff,
    0x34, 0x86, 0xf5, 0xff, 0x34, 0x86, 0xf5, 0xff, 0x34, 0x86, 0xf5, 0xff,
    0x34, 0x86, 0xf5, 0xff, 0x34, 0x86, 0xf5, 0xff, 0x34, 0x86, 0xf5, 0xff,
    0x34, 0x86, 0xf5, 0xff, 0x34, 0x86, 0xf5, 0xff, 0x34, 0x86, 0xf5, 0xff,
    0x34, 0x86, 0xf5, 0xff, 0x34, 0x86, 0xf5, 0xff, 0x34, 0x86, 0xf5, 0xff,
    0x34, 0x86, 0xf5, 0xff, 0x34, 0x86, 0xf5, 0xff, 0x34, 0x86, 0xf5, 0xff,
    0x34, 0x86, 0xf5, 0xff, 0x34, 0x86, 0xf5, 0xff, 0x34, 0x86, 0xf5, 0xff,
    0x34, 0x86, 0xf5, 0xff, 0x34, 0x86, 0xf5, 0xff, 0x34, 0x86, 0xf5, 0xff,
    0x34, 0x86, 0xf5, 0xff, 0x34, 0x86, 0xf5, 0xff, 0x34, 0x86, 0xf5, 0xff,
    0x34, 0x86, 0xf5, 0xff, 0x34, 0x86, 0xf5, 0xff, 0x34, 0x86, 0xf5, 0xff,
    0x34, 0x86, 0xf5, 0xff, 0x34, 0x86, 0xf5, 0xff, 0x34, 0x86, 0xf5, 0xff,
    0x34, 0x86, 0xf5, 0xff, 0x34, 0x86, 0xf5, 0xff, 0x34, 0x86, 0xf5, 0xff,
    0x34, 0x86, 0xf5, 0xff, 0x34, 0x86, 0xf5, 0xff, 0x34, 0x86, 0xf5, 0xff,
    0x34, 0x86, 0xf5, 0xff, 0x34, 0x86, 0xf5, 0xff, 0x34, 0x86, 0xf5, 0xff,
    0x34, 0x86, 0xf5, 0xff, 0x34, 0x86, 0xf5, 0xff, 0x34, 0x86, 0xf5, 0xff,
    0x34, 0x86, 0xf5, 0xff, 0x34, 0x86, 0xf5, 0xff, 0x34, 0x86, 0xf5, 0xff,
    0x34, 0x86, 0xf5, 0xff, 0x34, 0x86, 0xf5, 0xff, 0x34, 0x86, 0xf5, 0xff,
    0x34, 0x86, 0xf5, 0xff, 0x34, 0x86, 0xf5, 0xff, 0x34, 0x86, 0xf5, 0xff,
    0x34, 0x86, 0xf5, 0xff, 0x34, 0x86, 0xf5, 0xff, 0x34, 0x86, 0xf5, 0xff,
    0x34, 0x86, 0xf5, 0xff, 0x34, 0x86, 0xf5, 0xff, 0x34, 0x86, 0xf5, 0xff,
    0x34, 0x86, 0xf5, 0xff, 0x34, 0x86, 0xf5, 0xff, 0x34, 0x86, 0xf5, 0xff,
    0x34, 0x86, 0xf5, 0xff, 0x34, 0x86, 0xf5, 0xff, 0x34, 0x86, 0xf5, 0xff,
    0x34, 0x86, 0xf5, 0xff, 0x34, 0x86, 0xf5, 0xff, 0x34, 0x86, 0xf5, 0xff,
    0x34, 0x86, 0xf5, 0xff, 0x34, 0x86, 0xf5, 0xff, 0x34, 0x86, 0xf5, 0xff,
    0x34, 0x86, 0xf5, 0xff, 0x34, 0x86, 0xf5, 0xff, 0x34, 0x86, 0xf5, 0xff,
    0x34, 0x86, 0xf5, 0xff, 0x34, 0x86, 0xf5, 0xff, 0x34, 0x86, 0xf5, 0xff,
    0x34, 0x86, 0xf5, 0xff, 0x34, 0x86, 0xf5, 0xff, 0x34, 0x86, 0xf5, 0xff,
    0x34, 0x86, 0xf5, 0xff, 0x34, 0x86, 0xf5, 0xff, 0x34, 0x86, 0xf5, 0xff,
    0x34, 0x86, 0xf5, 0xff, 0x34, 0x86, 0xf5, 0xff, 0x34, 0x86, 0xf5, 0xff,
    0x34, 0x86, 0xf5, 0xff, 0x34, 0x86, 0xf5, 0xff, 0x34, 0x86, 0xf5, 0xff,
    0x34, 0x86, 0xf5, 0xff, 0x34, 0x86, 0xf5, 0xff, 0x34, 0x86, 0xf5, 0xff,
    0x34, 0x86, 0xf5, 0xff, 0x34, 0x86, 0xf5, 0xff, 0x34, 0x86, 0xf5, 0xff,
    0x34, 0x86, 0xf5, 0xff, 0x34, 0x86, 0xf5, 0xff, 0x34, 0x86, 0xf5, 0xff,
    0x34, 0x86, 0xf5, 0xff, 0x34, 0x86, 0xf5, 0xff, 0x34, 0x86, 0xf5, 0xff,
    0x34, 0x86, 0xf5, 0xff, 0x34, 0x86, 0xf5, 0xff, 0x33, 0x85, 0xf5, 0x7c,
    0x01, 0x01, 0x01, 0x01, 0x34, 0x86, 0xf5, 0xfc, 0x34, 0x86, 0xf5, 0xff,
    0x34, 0x86, 0xf5, 0xff, 0x34, 0x86, 0xf5, 0xff, 0x34, 0x86, 0xf5, 0xff,
    0x34, 0x86, 0xf5, 0xff, 0x34, 0x86, 0xf5, 0xff, 0x34, 0x86, 0xf5, 0xff,
    0x34, 0x86, 0xf5, 0xff, 0x34, 0x86, 0xf5, 0xff, 0x34, 0x86, 0xf5, 0xff,
    0x34, 0x86, 0xf5, 0xff, 0x34, 0x86, 0xf5, 0xff, 0x34, 0x86, 0xf5, 0xff,
    0x34, 0x86, 0xf5, 0xff, 0x34, 0x86, 0xf5, 0xff, 0x34, 0x86, 0xf5, 0xff,
    0x34, 0x86, 0xf5, 0xff, 0x34, 0x86, 0xf5, 0xff, 0x34, 0x86, 0xf5, 0xff,
    0x34, 0x86, 0xf5, 0xff, 0x34, 0x86, 0xf5, 0xff, 0x92, 0xbe, 0xfa, 0xff,
    0x93, 0xbf, 0xfa, 0xff, 0x93, 0xbf, 0xfa, 0xff, 0x93, 0xbf, 0xfa, 0xff,
    0x93, 0xbf, 0xfa, 0xff, 0x93, 0xbf, 0xfa, 0xff, 0x93, 0xbf, 0xfa, 0xff,
    0x93, 0xbf, 0xfa, 0xff, 0x93, 0xbf, 0xfa, 0xff, 0x93, 0xbf, 0xfa, 0xff,
    0x93, 0xbf, 0xfa, 0xff, 0x93, 0xbf, 0xfa, 0xff, 0x93, 0xbf, 0xfa, 0xff,
    0x93, 0xbf, 0xfa, 0xff, 0x46, 0x91, 0xf6, 0xff, 0x34, 0x86, 0xf5, 0xff,
    0x34, 0x86, 0xf5, 0xff, 0x34, 0x86, 0xf5, 0xff, 0x34, 0x86, 0xf5, 0xff,
    0x34, 0x86, 0xf5, 0xff, 0x34, 0x86, 0xf5, 0xff, 0x34, 0x86, 0xf5, 0xff,
    0x34, 0x86, 0xf5, 0xff, 0x34, 0x86, 0xf5, 0xff, 0x34, 0x86, 0xf5, 0xff,
    0x34, 0x86, 0xf5, 0xff, 0x34, 0x86, 0xf5, 0xff, 0x34, 0x86, 0xf5, 0xff,
    0x34, 0x86, 0xf5, 0xff, 0x34, 0x86, 0xf5, 0xff, 0x34, 0x86, 0xf5, 0xff,
    0x34, 0x86, 0xf5, 0xff, 0x34, 0x86, 0xf5, 0xff, 0x34, 0x86, 0xf5, 0xff,
    0x34, 0x86, 0xf5, 0xff, 0x34, 0x86, 0xf5, 0xff, 0x34, 0x86, 0xf5, 0xff,
    0x34, 0x86, 0xf5, 0xff, 0x34, 0x86, 0xf5, 0xff, 0x34, 0x86, 0xf5, 0xff,
    0x34, 0x86, 0xf5, 0xff, 0x34, 0x86, 0xf5, 0xff, 0x34, 0x86, 0xf5, 0xff,
    0x34, 0x86, 0xf5, 0xff, 0x34, 0x86, 0xf5, 0xff, 0x34, 0x86, 0xf5, 0xff,
    0x34, 0x86, 0xf5, 0xff, 0x34, 0x86, 0xf5, 0xff, 0x34, 0x86, 0xf5, 0xff,
    0x34, 0x86, 0xf5, 0xff, 0x34, 0x86, 0xf5, 0xff, 0x34, 0x86, 0xf5, 0xff,
    0x34, 0x86, 0xf5, 0xff, 0x34, 0x86, 0xf5, 0xff, 0x34, 0x86, 0xf5, 0xff,
    0x34, 0x86, 0xf5, 0xff, 0x34, 0x86, 0xf5, 0xff, 0x34, 0x86, 0xf5, 0xff,
    0x34, 0x86, 0xf5, 0xff, 0x34, 0x86, 0xf5, 0xff, 0x34, 0x86, 0xf5, 0xff,
    0x34, 0x86, 0xf5, 0xff, 0x34, 0x86, 0xf5, 0xff, 0x34, 0x86, 0xf5, 0xff,
    0x34, 0x86, 0xf5, 0xff, 0x34, 0x86, 0xf5, 0xff, 0x34, 0x86, 0xf5, 0xff,
    0x34, 0x86, 0xf5, 0xff, 0x34, 0x86, 0xf5, 0xff, 0x34, 0x86, 0xf5, 0xff,
    0x34, 0x86, 0xf5, 0xff, 0x34, 0x86, 0xf5, 0xff, 0x34, 0x86, 0xf5, 0xff,
    0x34, 0x86, 0xf5, 0xff, 0x34, 0x86, 0xf5, 0xff, 0x34, 0x86, 0xf5, 0xff,
    0x34, 0x86, 0xf5, 0xff, 0x34, 0x86, 0xf5, 0xff, 0x34, 0x86, 0xf5, 0xff,
    0x34, 0x86, 0xf5, 0xff, 0x34, 0x86, 0xf5, 0xff, 0x8a, 0xb9, 0xf9, 0xff,
    0x93, 0xbf, 0xfa, 0xff, 0x65, 0xa3, 0xf8, 0xff, 0x34, 0x86, 0xf5, 0xff,
    0x34, 0x86, 0xf5, 0xff, 0x34, 0x86, 0xf5, 0xff, 0x60, 0xa0, 0xf7, 0xff,
    0x93, 0xbf, 0xfa, 0xff, 0x8e, 0xbb, 0xf9, 0xff, 0x34, 0x86, 0xf5, 0xff,
    0x34, 0x86, 0xf5, 0xff, 0x34, 0x86, 0xf5, 0xff, 0x34, 0x86, 0xf5, 0xff,
    0x34, 0x86, 0xf5, 0xff, 0x34, 0x86, 0xf5, 0xff, 0x34, 0x86, 0xf5, 0xff,
    0x34, 0x86, 0xf5, 0xff, 0x34, 0x86, 0xf5, 0xff, 0x34, 0x86, 0xf5, 0xff,
    0x34, 0x86, 0xf5, 0xff, 0x34, 0x86, 0xf5, 0xff, 0x34, 0x86, 0xf5, 0xff,
    0x34, 0x86, 0xf5, 0xff, 0x34, 0x86, 0xf5, 0xff, 0x34, 0x86, 0xf5, 0xff,
    0x34, 0x86, 0xf5, 0xff, 0x34, 0x86, 0xf5, 0xff, 0x34, 0x86, 0xf5, 0xff,
    0x34, 0x86, 0xf5, 0xff, 0x34, 0x86, 0xf5, 0xff, 0x34, 0x86, 0xf5, 0xff,
    0x34, 0x86, 0xf5, 0xff, 0x34, 0x86, 0xf5, 0xff, 0x34, 0x86, 0xf5, 0xff,
    0x33, 0x86, 0xf5, 0xbc, 0x01, 0x80, 0xc0, 0x04, 0x34, 0x86, 0xf5, 0xff,
    0x34, 0x86, 0xf5, 0xff, 0x34, 0x86, 0xf5, 0xff, 0x34, 0x86, 0xf5, 0xff,
    0x34, 0x86, 0xf5, 0xff, 0x34, 0x86, 0xf5, 0xff, 0x34, 0x86, 0xf5, 0xff,
    0x34, 0x86, 0xf5, 0xff, 0x34, 0x86, 0xf5, 0xff, 0x34, 0x86, 0xf5, 0xff,
    0x34, 0x86, 0xf5, 0xff, 0x34, 0x86, 0xf5, 0xff, 0x34, 0x86, 0xf5, 0xff,
    0x34, 0x86, 0xf5, 0xff, 0x34, 0x86, 0xf5, 0xff, 0x34, 0x86, 0xf5, 0xff,
    0x34, 0x86, 0xf5, 0xff, 0x34, 0x86, 0xf5, 0xff, 0x34, 0x86, 0xf5, 0xff,
    0x34, 0x86, 0xf5, 0xff, 0x34, 0x86, 0xf5, 0xff, 0x34, 0x86, 0xf5, 0xff,
    0xfc, 0xfd, 0xfe, 0xff, 0xfe, 0xfe, 0xfe, 0xff, 0xfe, 0xfe, 0xfe, 0xff,
    0xfe, 0xfe, 0xfe, 0xff, 0xfe, 0xfe, 0xfe, 0xff, 0xfe, 0xfe, 0xfe, 0xff,
    0xfe, 0xfe, 0xfe, 0xff, 0xfe, 0xfe, 0xfe, 0xff, 0xfe, 0xfe, 0xfe, 0xff,
    0xfe, 0xfe, 0xfe, 0xff, 0xfe, 0xfe, 0xfe, 0xff, 0xfe, 0xfe, 0xfe, 0xff,
    0xfe, 0xfe, 0xfe, 0xff, 0xfe, 0xfe, 0xfe, 0xff, 0x5b, 0x9d, 0xf7, 0xff,
    0x34, 0x86, 0xf5, 0xff, 0x34, 0x86, 0xf5, 0xff, 0x34, 0x86, 0xf5, 0xff,
    0x34, 0x86, 0xf5, 0xff, 0x34, 0x86, 0xf5, 0xff, 0x34, 0x86, 0xf5, 0xff,
    0x34, 0x86, 0xf5, 0xff, 0x34, 0x86, 0xf5, 0xff, 0x34, 0x86, 0xf5, 0xff,
    0x34, 0x86, 0xf5, 0xff, 0x34, 0x86, 0xf5, 0xff, 0x34, 0x86, 0xf5, 0xff,
    0x34, 0x86, 0xf5, 0xff, 0x34, 0x86, 0xf5, 0xff, 0x34, 0x86, 0xf5, 0xff,
    0x34, 0x86, 0xf5, 0xff, 0x34, 0x86, 0xf5, 0xff, 0x34, 0x86, 0xf5, 0xff,
    0x34, 0x86, 0xf5, 0xff, 0x3b, 0x8a, 0xf6, 0xff, 0x98, 0xc2, 0xfa, 0xff,
    0x7a, 0xb0, 0xf9, 0xff, 0x34, 0x86, 0xf5, 0xff, 0x34, 0x86, 0xf5, 0xff,
    0x34, 0x86, 0xf5, 0xff, 0x34, 0x86, 0xf5, 0xff, 0x34, 0x86, 0xf5, 0xff,
    0x34, 0x86, 0xf5, 0xff, 0x34, 0x86, 0xf5, 0xff, 0x34, 0x86, 0xf5, 0xff,
    0x34, 0x86, 0xf5, 0xff, 0x34, 0x86, 0xf5, 0xff, 0x34, 0x86, 0xf5, 0xff,
    0x34, 0x86, 0xf5, 0xff, 0x34, 0x86, 0xf5, 0xff, 0x34, 0x86, 0xf5, 0xff,
    0x34, 0x86, 0xf5, 0xff, 0x34, 0x86, 0xf5, 0xff, 0x34, 0x86, 0xf5, 0xff,
    0x34, 0x86, 0xf5, 0xff, 0x34, 0x86, 0xf5, 0xff, 0x34, 0x86, 0xf5, 0xff,
    0x34, 0x86, 0xf5, 0xff, 0x34, 0x86, 0xf5, 0xff, 0x34, 0x86, 0xf5, 0xff,
    0x34, 0x86, 0xf5, 0xff, 0x34, 0x86, 0xf5, 0xff, 0x34, 0x86, 0xf5, 0xff,
    0x34, 0x86, 0xf5, 0xff, 0x34, 0x86, 0xf5, 0xff, 0x34, 0x86, 0xf5, 0xff,
    0x34, 0x86, 0xf5, 0xff, 0x34, 0x86, 0xf5, 0xff, 0x34, 0x86, 0xf5, 0xff,
    0x34, 0x86, 0xf5, 0xff, 0x34, 0x86, 0xf5, 0xff, 0x34, 0x86, 0xf5, 0xff,
    0x34, 0x86, 0xf5, 0xff, 0x34, 0x86, 0xf5, 0xff, 0x34, 0x86, 0xf5, 0xff,
    0x34, 0x86, 0xf5, 0xff, 0x34, 0x86, 0xf5, 0xff, 0x34, 0x86, 0xf5, 0xff,
    0x34, 0x86, 0xf5, 0xff, 0x34, 0x86, 0xf5, 0xff, 0x34, 0x86, 0xf5, 0xff,
    0xea, 0xf2, 0xfe, 0xff, 0xfe, 0xfe, 0xfe, 0xff, 0x9d, 0xc5, 0xfa, 0xff,
    0x34, 0x86, 0xf5, 0xff, 0x34, 0x86, 0xf5, 0xff, 0x34, 0x86, 0xf5, 0xff,
    0x93, 0xbf, 0xfa, 0xff, 0xfe, 0xfe, 0xfe, 0xff, 0xf4, 0xf8, 0xfe, 0xff,
    0x34, 0x86, 0xf5, 0xff, 0x34, 0x86, 0xf5, 0xff, 0x34, 0x86, 0xf5, 0xff,
    0x34, 0x86, 0xf5, 0xff, 0x34, 0x86, 0xf5, 0xff, 0x34, 0x86, 0xf5, 0xff,
    0x34, 0x86, 0xf5, 0xff, 0x34, 0x86, 0xf5, 0xff, 0x34, 0x86, 0xf5, 0xff,
    0x34, 0x86, 0xf5, 0xff, 0x34, 0x86, 0xf5, 0xff, 0x34, 0x86, 0xf5, 0xff,
    0x34, 0x86, 0xf5, 0xff, 0x34, 0x86, 0xf5, 0xff, 0x34, 0x86, 0xf5, 0xff,
    0x34, 0x86, 0xf5, 0xff, 0x34, 0x86, 0xf5, 0xff, 0x34, 0x86, 0xf5, 0xff,
    0x34, 0x86, 0xf5, 0xff, 0x34, 0x86, 0xf5, 0xff, 0x34, 0x86, 0xf5, 0xff,
    0x34, 0x86, 0xf5, 0xff, 0x34, 0x86, 0xf5, 0xff, 0x34, 0x86, 0xf5, 0xff,
    0x34, 0x86, 0xf5, 0xff, 0x33, 0x85, 0xf4, 0xe5, 0x01, 0x80, 0xc0, 0x04,
    0x34, 0x86, 0xf5, 0xff, 0x34, 0x86, 0xf5, 0xff, 0x34, 0x86, 0xf5, 0xff,
    0x34, 0x86, 0xf5, 0xff, 0x34, 0x86, 0xf5, 0xff, 0x34, 0x86, 0xf5, 0xff,
    0x34, 0x86, 0xf5, 0xff, 0x34, 0x86, 0xf5, 0xff, 0x34, 0x86, 0xf5, 0xff,
    0x34, 0x86, 0xf5, 0xff, 0x34, 0x86, 0xf5, 0xff, 0x34, 0x86, 0xf5, 0xff,
    0x34, 0x86, 0xf5, 0xff, 0x34, 0x86, 0xf5, 0xff, 0x34, 0x86, 0xf5, 0xff,
    0x34, 0x86, 0xf5, 0xff, 0x34, 0x86, 0xf5, 0xff, 0x34, 0x86, 0xf5, 0xff,
    0x34, 0x86, 0xf5, 0xff, 0x34, 0x86, 0xf5, 0xff, 0x34, 0x86, 0xf5, 0xff,
    0x34, 0x86, 0xf5, 0xff, 0xfc, 0xfd, 0xfe, 0xff, 0xfe, 0xfe, 0xfe, 0xff,
    0xf2, 0xf7, 0xfe, 0xff, 0xdf, 0xec, 0xfd, 0xff, 0xdf, 0xec, 0xfd, 0xff,
    0xdf, 0xec, 0xfd, 0xff, 0xdf, 0xec, 0xfd, 0xff, 0xdf, 0xec, 0xfd, 0xff,
    0xdf, 0xec, 0xfd, 0xff, 0xdf, 0xec, 0xfd, 0xff, 0xdf, 0xec, 0xfd, 0xff,
    0xdf, 0xec, 0xfd, 0xff, 0xdf, 0xec, 0xfd, 0xff, 0xdf, 0xec, 0xfd, 0xff,
    0x54, 0x99, 0xf7, 0xff, 0x34, 0x86, 0xf5, 0xff, 0x34, 0x86, 0xf5, 0xff,
    0x34, 0x86, 0xf5, 0xff, 0x34, 0x86, 0xf5, 0xff, 0x34, 0x86, 0xf5, 0xff,
    0x34, 0x86, 0xf5, 0xff, 0x34, 0x86, 0xf5, 0xff, 0x34, 0x86, 0xf5, 0xff,
    0x34, 0x86, 0xf5, 0xff, 0x34, 0x86, 0xf5, 0xff, 0x34, 0x86, 0xf5, 0xff,
    0x34, 0x86, 0xf5, 0xff, 0x34, 0x86, 0xf5, 0xff, 0x34, 0x86, 0xf5, 0xff,
    0x34, 0x86, 0xf5, 0xff, 0x34, 0x86, 0xf5, 0xff, 0x34, 0x86, 0xf5, 0xff,
    0x34, 0x86, 0xf5, 0xff, 0x38, 0x88, 0xf6, 0xff, 0xe4, 0xef, 0xfd, 0xff,
    0xfe, 0xfe, 0xfe, 0xff, 0x82, 0xb5, 0xf9, 0xff, 0x34, 0x86, 0xf5, 0xff,
    0x34, 0x86, 0xf5, 0xff, 0x34, 0x86, 0xf5, 0xff, 0x34, 0x86, 0xf5, 0xff,
    0x34, 0x86, 0xf5, 0xff, 0x34, 0x86, 0xf5, 0xff, 0x34, 0x86, 0xf5, 0xff,
    0x34, 0x86, 0xf5, 0xff, 0x34, 0x86, 0xf5, 0xff, 0x34, 0x86, 0xf5, 0xff,
    0x34, 0x86, 0xf5, 0xff, 0x34, 0x86, 0xf5, 0xff, 0x34, 0x86, 0xf5, 0xff,
    0x34, 0x86, 0xf5, 0xff, 0x34, 0x86, 0xf5, 0xff, 0x34, 0x86, 0xf5, 0xff,
    0x34, 0x86, 0xf5, 0xff, 0x34, 0x86, 0xf5, 0xff, 0x34, 0x86, 0xf5, 0xff,
    0x34, 0x86, 0xf5, 0xff, 0x34, 0x86, 0xf5, 0xff, 0x34, 0x86, 0xf5, 0xff,
    0x34, 0x86, 0xf5, 0xff, 0x34, 0x86, 0xf5, 0xff, 0x34, 0x86, 0xf5, 0xff,
    0x34, 0x86, 0xf5, 0xff, 0x34, 0x86, 0xf5, 0xff, 0x34, 0x86, 0xf5, 0xff,
    0x34, 0x86, 0xf5, 0xff, 0x34, 0x86, 0xf5, 0xff, 0x34, 0x86, 0xf5, 0xff,
    0x34, 0x86, 0xf5, 0xff, 0x34, 0x86, 0xf5, 0xff, 0x34, 0x86, 0xf5, 0xff,
    0x34, 0x86, 0xf5, 0xff, 0x34, 0x86, 0xf5, 0xff, 0x34, 0x86, 0xf5, 0xff,
    0x34, 0x86, 0xf5, 0xff, 0x34, 0x86, 0xf5, 0xff, 0x34, 0x86, 0xf5, 0xff,
    0x34, 0x86, 0xf5, 0xff, 0x34, 0x86, 0xf5, 0xff, 0x34, 0x86, 0xf5, 0xff,
    0x34, 0x86, 0xf5, 0xff, 0xea, 0xf2, 0xfe, 0xff, 0xfe, 0xfe, 0xfe, 0xff,
    0x9d, 0xc5, 0xfa, 0xff, 0x34, 0x86, 0xf5, 0xff, 0x34, 0x86, 0xf5, 0xff,
    0x34, 0x86, 0xf5, 0xff, 0x93, 0xbf, 0xfa, 0xff, 0xfe, 0xfe, 0xfe, 0xff,
    0xf4, 0xf8, 0xfe, 0xff, 0x34, 0x86, 0xf5, 0xff, 0x34, 0x86, 0xf5, 0xff,
    0x34, 0x86, 0xf5, 0xff, 0x34, 0x86, 0xf5, 0xff, 0x34, 0x86, 0xf5, 0xff,
    0x34, 0x86, 0xf5, 0xff, 0x34, 0x86, 0xf5, 0xff, 0x34, 0x86, 0xf5, 0xff,
    0x34, 0x86, 0xf5, 0xff, 0x34, 0x86, 0xf5, 0xff, 0x34, 0x86, 0xf5, 0xff,
    0x34, 0x86, 0xf5, 0xff, 0x34, 0x86, 0xf5, 0xff, 0x34, 0x86, 0xf5, 0xff,
    0x34, 0x86, 0xf5, 0xff, 0x34, 0x86, 0xf5, 0xff, 0x34, 0x86, 0xf5, 0xff,
    0x34, 0x86, 0xf5, 0xff, 0x34, 0x86, 0xf5, 0xff, 0x34, 0x86, 0xf5, 0xff,
    0x34, 0x86, 0xf5, 0xff, 0x34, 0x86, 0xf5, 0xff, 0x34, 0x86, 0xf5, 0xff,
    0x34, 0x86, 0xf5, 0xff, 0x34, 0x86, 0xf5, 0xff, 0x34, 0x86, 0xf5, 0xf7,
    0x01, 0x80, 0xc0, 0x04, 0x34, 0x86, 0xf5, 0xff, 0x34, 0x86, 0xf5, 0xff,
    0x34, 0x86, 0xf5, 0xff, 0x34, 0x86, 0xf5, 0xff, 0x34, 0x86, 0xf5, 0xff,
    0x34, 0x86, 0xf5, 0xff, 0x34, 0x86, 0xf5, 0xff, 0x34, 0x86, 0xf5, 0xff,
    0x34, 0x86, 0xf5, 0xff, 0x34, 0x86, 0xf5, 0xff, 0x34, 0x86, 0xf5, 0xff,
    0x34, 0x86, 0xf5, 0xff, 0x34, 0x86, 0xf5, 0xff, 0x34, 0x86, 0xf5, 0xff,
    0x34, 0x86, 0xf5, 0xff, 0x34, 0x86, 0xf5, 0xff, 0x34, 0x86, 0xf5, 0xff,
    0x34, 0x86, 0xf5, 0xff, 0x34, 0x86, 0xf5, 0xff, 0x34, 0x86, 0xf5, 0xff,
    0x34, 0x86, 0xf5, 0xff, 0x34, 0x86, 0xf5, 0xff, 0xfc, 0xfd, 0xfe, 0xff,
    0xfe, 0xfe, 0xfe, 0xff, 0xaf, 0xcf, 0xfb, 0xff, 0x34, 0x86, 0xf5, 0xff,
    0x34, 0x86, 0xf5, 0xff, 0x34, 0x86, 0xf5, 0xff, 0x34, 0x86, 0xf5, 0xff,
    0x34, 0x86, 0xf5, 0xff, 0x34, 0x86, 0xf5, 0xff, 0x34, 0x86, 0xf5, 0xff,
    0x34, 0x86, 0xf5, 0xff, 0x34, 0x86, 0xf5, 0xff, 0x34, 0x86, 0xf5, 0xff,
    0x34, 0x86, 0xf5, 0xff, 0x34, 0x86, 0xf5, 0xff, 0x34, 0x86, 0xf5, 0xff,
    0x34, 0x86, 0xf5, 0xff, 0x34, 0x86, 0xf5, 0xff, 0x34, 0x86, 0xf5, 0xff,
    0x34, 0x86, 0xf5, 0xff, 0x34, 0x86, 0xf5, 0xff, 0x34, 0x86, 0xf5, 0xff,
    0x34, 0x86, 0xf5, 0xff, 0x34, 0x86, 0xf5, 0xff, 0x34, 0x86, 0xf5, 0xff,
    0x34, 0x86, 0xf5, 0xff, 0x34, 0x86, 0xf5, 0xff, 0x34, 0x86, 0xf5, 0xff,
    0x34, 0x86, 0xf5, 0xff, 0x34, 0x86, 0xf5, 0xff, 0x34, 0x86, 0xf5, 0xff,
    0x34, 0x86, 0xf5, 0xff, 0x34, 0x86, 0xf5, 0xff, 0x39, 0x89, 0xf6, 0xff,
    0xfe, 0xfe, 0xfe, 0xff, 0xfe, 0xfe, 0xfe, 0xff, 0x82, 0xb5, 0xf9, 0xff,
    0x34, 0x86, 0xf5, 0xff, 0x34, 0x86, 0xf5, 0xff, 0x34, 0x86, 0xf5, 0xff,
    0x34, 0x86, 0xf5, 0xff, 0x34, 0x86, 0xf5, 0xff, 0x34, 0x86, 0xf5, 0xff,
    0x34, 0x86, 0xf5, 0xff, 0x34, 0x86, 0xf5, 0xff, 0x34, 0x86, 0xf5, 0xff,
    0x34, 0x86, 0xf5, 0xff, 0x34, 0x86, 0xf5, 0xff, 0x34, 0x86, 0xf5, 0xff,
    0x34, 0x86, 0xf5, 0xff, 0x34, 0x86, 0xf5, 0xff, 0x34, 0x86, 0xf5, 0xff,
    0x34, 0x86, 0xf5, 0xff, 0x34, 0x86, 0xf5, 0xff, 0x34, 0x86, 0xf5, 0xff,
    0x34, 0x86, 0xf5, 0xff, 0x34, 0x86, 0xf5, 0xff, 0x34, 0x86, 0xf5, 0xff,
    0x34, 0x86, 0xf5, 0xff, 0x34, 0x86, 0xf5, 0xff, 0x34, 0x86, 0xf5, 0xff,
    0x34, 0x86, 0xf5, 0xff, 0x34, 0x86, 0xf5, 0xff, 0x34, 0x86, 0xf5, 0xff,
    0x34, 0x86, 0xf5, 0xff, 0x34, 0x86, 0xf5, 0xff, 0x34, 0x86, 0xf5, 0xff,
    0x34, 0x86, 0xf5, 0xff, 0x34, 0x86, 0xf5, 0xff, 0x34, 0x86, 0xf5, 0xff,
    0x34, 0x86, 0xf5, 0xff, 0x34, 0x86, 0xf5, 0xff, 0x34, 0x86, 0xf5, 0xff,
    0x34, 0x86, 0xf5, 0xff, 0x34, 0x86, 0xf5, 0xff, 0x34, 0x86, 0xf5, 0xff,
    0x34, 0x86, 0xf5, 0xff, 0x34, 0x86, 0xf5, 0xff, 0x34, 0x86, 0xf5, 0xff,
    0x34, 0x86, 0xf5, 0xff, 0x34, 0x86, 0xf5, 0xff, 0xea, 0xf2, 0xfe, 0xff,
    0xfe, 0xfe, 0xfe, 0xff, 0x9d, 0xc5, 0xfa, 0xff, 0x34, 0x86, 0xf5, 0xff,
    0x34, 0x86, 0xf5, 0xff, 0x34, 0x86, 0xf5, 0xff, 0x4c, 0x94, 0xf7, 0xff,
    0x67, 0xa4, 0xf8, 0xff, 0x64, 0xa3, 0xf8, 0xff, 0x34, 0x86, 0xf5, 0xff,
    0x34, 0x86, 0xf5, 0xff, 0x34, 0x86, 0xf5, 0xff, 0x34, 0x86, 0xf5, 0xff,
    0x34, 0x86, 0xf5, 0xff, 0x34, 0x86, 0xf5, 0xff, 0x34, 0x86, 0xf5, 0xff,
    0x34, 0x86, 0xf5, 0xff, 0x34, 0x86, 0xf5, 0xff, 0x34, 0x86, 0xf5, 0xff,
    0x34, 0x86, 0xf5, 0xff, 0x34, 0x86, 0xf5, 0xff, 0x34, 0x86, 0xf5, 0xff,
    0x34, 0x86, 0xf5, 0xff, 0x34, 0x86, 0xf5, 0xff, 0x34, 0x86, 0xf5, 0xff,
    0x34, 0x86, 0xf5, 0xff, 0x34, 0x86, 0xf5, 0xff, 0x34, 0x86, 0xf5, 0xff,
    0x34, 0x86, 0xf5, 0xff, 0x34, 0x86, 0xf5, 0xff, 0x34, 0x86, 0xf5, 0xff,
    0x34, 0x86, 0xf5, 0xff, 0x34, 0x86, 0xf5, 0xff, 0x34, 0x86, 0xf5, 0xff,
    0x34, 0x86, 0xf5, 0xfd, 0x01, 0x80, 0xc0, 0x04, 0x34, 0x86, 0xf5, 0xff,
    0x34, 0x86, 0xf5, 0xff, 0x34, 0x86, 0xf5, 0xff, 0x34, 0x86, 0xf5, 0xff,
    0x34, 0x86, 0xf5, 0xff, 0x34, 0x86, 0xf5, 0xff, 0x34, 0x86, 0xf5, 0xff,
    0x34, 0x86, 0xf5, 0xff, 0x34, 0x86, 0xf5, 0xff, 0x34, 0x86, 0xf5, 0xff,
    0x34, 0x86, 0xf5, 0xff, 0x34, 0x86, 0xf5, 0xff, 0x34, 0x86, 0xf5, 0xff,
    0x34, 0x86, 0xf5, 0xff, 0x34, 0x86, 0xf5, 0xff, 0x34, 0x86, 0xf5, 0xff,
    0x34, 0x86, 0xf5, 0xff, 0x34, 0x86, 0xf5, 0xff, 0x34, 0x86, 0xf5, 0xff,
    0x34, 0x86, 0xf5, 0xff, 0x34, 0x86, 0xf5, 0xff, 0x34, 0x86, 0xf5, 0xff,
    0xfc, 0xfd, 0xfe, 0xff, 0xfe, 0xfe, 0xfe, 0xff, 0xaf, 0xcf, 0xfb, 0xff,
    0x34, 0x86, 0xf5, 0xff, 0x34, 0x86, 0xf5, 0xff, 0x34, 0x86, 0xf5, 0xff,
    0x34, 0x86, 0xf5, 0xff, 0x34, 0x86, 0xf5, 0xff, 0x34, 0x86, 0xf5, 0xff,
    0x34, 0x86, 0xf5, 0xff, 0x34, 0x86, 0xf5, 0xff, 0x34, 0x86, 0xf5, 0xff,
    0x34, 0x86, 0xf5, 0xff, 0x34, 0x86, 0xf5, 0xff, 0x34, 0x86, 0xf5, 0xff,
    0x34, 0x86, 0xf5, 0xff, 0x34, 0x86, 0xf5, 0xff, 0x34, 0x86, 0xf5, 0xff,
    0x34, 0x86, 0xf5, 0xff, 0x34, 0x86, 0xf5, 0xff, 0x34, 0x86, 0xf5, 0xff,
    0x34, 0x86, 0xf5, 0xff, 0x34, 0x86, 0xf5, 0xff, 0x34, 0x86, 0xf5, 0xff,
    0x34, 0x86, 0xf5, 0xff, 0x34, 0x86, 0xf5, 0xff, 0x34, 0x86, 0xf5, 0xff,
    0x34, 0x86, 0xf5, 0xff, 0x34, 0x86, 0xf5, 0xff, 0x34, 0x86, 0xf5, 0xff,
    0x34, 0x86, 0xf5, 0xff, 0x34, 0x86, 0xf5, 0xff, 0x34, 0x86, 0xf5, 0xff,
    0x39, 0x89, 0xf6, 0xff, 0xfe, 0xfe, 0xfe, 0xff, 0xfe, 0xfe, 0xfe, 0xff,
    0x82, 0xb5, 0xf9, 0xff, 0x34, 0x86, 0xf5, 0xff, 0x34, 0x86, 0xf5, 0xff,
    0x34, 0x86, 0xf5, 0xff, 0x34, 0x86, 0xf5, 0xff, 0x34, 0x86, 0xf5, 0xff,
    0x34, 0x86, 0xf5, 0xff, 0x34, 0x86, 0xf5, 0xff, 0x34, 0x86, 0xf5, 0xff,
    0x34, 0x86, 0xf5, 0xff, 0x34, 0x86, 0xf5, 0xff, 0x34, 0x86, 0xf5, 0xff,
    0x34, 0x86, 0xf5, 0xff, 0x34, 0x86, 0xf5, 0xff, 0x34, 0x86, 0xf5, 0xff,
    0x34, 0x86, 0xf5, 0xff, 0x34, 0x86, 0xf5, 0xff, 0x34, 0x86, 0xf5, 0xff,
    0x34, 0x86, 0xf5, 0xff, 0x34, 0x86, 0xf5, 0xff, 0x34, 0x86, 0xf5, 0xff,
    0x34, 0x86, 0xf5, 0xff, 0x34, 0x86, 0xf5, 0xff, 0x34, 0x86, 0xf5, 0xff,
    0x34, 0x86, 0xf5, 0xff, 0x34, 0x86, 0xf5, 0xff, 0x34, 0x86, 0xf5, 0xff,
    0x34, 0x86, 0xf5, 0xff, 0x34, 0x86, 0xf5, 0xff, 0x34, 0x86, 0xf5, 0xff,
    0x34, 0x86, 0xf5, 0xff, 0x34, 0x86, 0xf5, 0xff, 0x34, 0x86, 0xf5, 0xff,
    0x34, 0x86, 0xf5, 0xff, 0x34, 0x86, 0xf5, 0xff, 0x34, 0x86, 0xf5, 0xff,
    0x34, 0x86, 0xf5, 0xff, 0x34, 0x86, 0xf5, 0xff, 0x34, 0x86, 0xf5, 0xff,
    0x34, 0x86, 0xf5, 0xff, 0x34, 0x86, 0xf5, 0xff, 0x34, 0x86, 0xf5, 0xff,
    0x34, 0x86, 0xf5, 0xff, 0x34, 0x86, 0xf5, 0xff, 0x34, 0x86, 0xf5, 0xff,
    0xea, 0xf2, 0xfe, 0xff, 0xfe, 0xfe, 0xfe, 0xff, 0x9d, 0xc5, 0xfa, 0xff,
    0x34, 0x86, 0xf5, 0xff, 0x34, 0x86, 0xf5, 0xff, 0x34, 0x86, 0xf5, 0xff,
    0x34, 0x86, 0xf5, 0xff, 0x34, 0x86, 0xf5, 0xff, 0x34, 0x86, 0xf5, 0xff,
    0x34, 0x86, 0xf5, 0xff, 0x34, 0x86, 0xf5, 0xff, 0x34, 0x86, 0xf5, 0xff,
    0x34, 0x86, 0xf5, 0xff, 0x34, 0x86, 0xf5, 0xff, 0x34, 0x86, 0xf5, 0xff,
    0x34, 0x86, 0xf5, 0xff, 0x34, 0x86, 0xf5, 0xff, 0x34, 0x86, 0xf5, 0xff,
    0x34, 0x86, 0xf5, 0xff, 0x34, 0x86, 0xf5, 0xff, 0x34, 0x86, 0xf5, 0xff,
    0x34, 0x86, 0xf5, 0xff, 0x34, 0x86, 0xf5, 0xff, 0x34, 0x86, 0xf5, 0xff,
    0x34, 0x86, 0xf5, 0xff, 0x34, 0x86, 0xf5, 0xff, 0x34, 0x86, 0xf5, 0xff,
    0x34, 0x86, 0xf5, 0xff, 0x34, 0x86, 0xf5, 0xff, 0x34, 0x86, 0xf5, 0xff,
    0x34, 0x86, 0xf5, 0xff, 0x34, 0x86, 0xf5, 0xff, 0x34, 0x86, 0xf5, 0xff,
    0x34, 0x86, 0xf5, 0xff, 0x34, 0x86, 0xf5, 0xfd, 0x01, 0x80, 0xc0, 0x04,
    0x34, 0x86, 0xf5, 0xff, 0x34, 0x86, 0xf5, 0xff, 0x34, 0x86, 0xf5, 0xff,
    0x34, 0x86, 0xf5, 0xff, 0x34, 0x86, 0xf5, 0xff, 0x34, 0x86, 0xf5, 0xff,
    0x34, 0x86, 0xf5, 0xff, 0x34, 0x86, 0xf5, 0xff, 0x34, 0x86, 0xf5, 0xff,
    0x34, 0x86, 0xf5, 0xff, 0x34, 0x86, 0xf5, 0xff, 0x34, 0x86, 0xf5, 0xff,
    0x34, 0x86, 0xf5, 0xff, 0x34, 0x86, 0xf5, 0xff, 0x34, 0x86, 0xf5, 0xff,
    0x34, 0x86, 0xf5, 0xff, 0x34, 0x86, 0xf5, 0xff, 0x34, 0x86, 0xf5, 0xff,
    0x34, 0x86, 0xf5, 0xff, 0x34, 0x86, 0xf5, 0xff, 0x34, 0x86, 0xf5, 0xff,
    0x34, 0x86, 0xf5, 0xff, 0xfc, 0xfd, 0xfe, 0xff, 0xfe, 0xfe, 0xfe, 0xff,
    0xaf, 0xcf, 0xfb, 0xff, 0x34, 0x86, 0xf5, 0xff, 0x34, 0x86, 0xf5, 0xff,
    0x34, 0x86, 0xf5, 0xff, 0x34, 0x86, 0xf5, 0xff, 0x34, 0x86, 0xf5, 0xff,
    0x34, 0x86, 0xf5, 0xff, 0x34, 0x86, 0xf5, 0xff, 0x34, 0x86, 0xf5, 0xff,
    0x34, 0x86, 0xf5, 0xff, 0x34, 0x86, 0xf5, 0xff, 0x34, 0x86, 0xf5, 0xff,
    0x34, 0x86, 0xf5, 0xff, 0x34, 0x86, 0xf5, 0xff, 0x34, 0x86, 0xf5, 0xff,
    0x34, 0x86, 0xf5, 0xff, 0x44, 0x90, 0xf6, 0xff, 0x47, 0x91, 0xf6, 0xff,
    0x39, 0x89, 0xf6, 0xff, 0x34, 0x86, 0xf5, 0xff, 0x3b, 0x8a, 0xf6, 0xff,
    0x6c, 0xa8, 0xf8, 0xff, 0x86, 0xb7, 0xf9, 0xff, 0x7d, 0xb1, 0xf9, 0xff,
    0x58, 0x9c, 0xf7, 0xff, 0x34, 0x86, 0xf5, 0xff, 0x34, 0x86, 0xf5, 0xff,
    0x34, 0x86, 0xf5, 0xff, 0x34, 0x86, 0xf5, 0xff, 0x34, 0x86, 0xf5, 0xff,
    0x43, 0x8f, 0xf6, 0xff, 0x4c, 0x95, 0xf7, 0xff, 0xfe, 0xfe, 0xfe, 0xff,
    0xfe, 0xfe, 0xfe, 0xff, 0x8e, 0xbc, 0xfa, 0xff, 0x47, 0x91, 0xf6, 0xff,
    0x43, 0x8f, 0xf6, 0xff, 0x34, 0x86, 0xf5, 0xff, 0x34, 0x86, 0xf5, 0xff,
    0x34, 0x86, 0xf5, 0xff, 0x34, 0x86, 0xf5, 0xff, 0x34, 0x86, 0xf5, 0xff,
    0x38, 0x89, 0xf6, 0xff, 0x66, 0xa4, 0xf8, 0xff, 0x83, 0xb5, 0xf9, 0xff,
    0x85, 0xb6, 0xf9, 0xff, 0x6c, 0xa8, 0xf8, 0xff, 0x3d, 0x8c, 0xf6, 0xff,
    0x34, 0x86, 0xf5, 0xff, 0x34, 0x86, 0xf5, 0xff, 0x34, 0x86, 0xf5, 0xff,
    0x34, 0x86, 0xf5, 0xff, 0x34, 0x86, 0xf5, 0xff, 0x34, 0x86, 0xf5, 0xff,
    0x3a, 0x8a, 0xf6, 0xff, 0x47, 0x91, 0xf6, 0xff, 0x44, 0x8f, 0xf6, 0xff,
    0x34, 0x86, 0xf5, 0xff, 0x34, 0x86, 0xf5, 0xff, 0x4f, 0x96, 0xf7, 0xff,
    0x7c, 0xb1, 0xf9, 0xff, 0x85, 0xb6, 0xf9, 0xff, 0x71, 0xaa, 0xf8, 0xff,
    0x40, 0x8d, 0xf6, 0xff, 0x34, 0x86, 0xf5, 0xff, 0x34, 0x86, 0xf5, 0xff,
    0x34, 0x86, 0xf5, 0xff, 0x34, 0x86, 0xf5, 0xff, 0x34, 0x86, 0xf5, 0xff,
    0x34, 0x86, 0xf5, 0xff, 0x34, 0x86, 0xf5, 0xff, 0x34, 0x86, 0xf5, 0xff,
    0x34, 0x86, 0xf5, 0xff, 0x54, 0x99, 0xf7, 0xff, 0x7d, 0xb1, 0xf9, 0xff,
    0x85, 0xb6, 0xf9, 0xff, 0x64, 0xa3, 0xf8, 0xff, 0x35, 0x87, 0xf6, 0xff,
    0x34, 0x86, 0xf5, 0xff, 0xea, 0xf2, 0xfe, 0xff, 0xfe, 0xfe, 0xfe, 0xff,
    0x9d, 0xc5, 0xfa, 0xff, 0x34, 0x86, 0xf5, 0xff, 0x34, 0x86, 0xf5, 0xff,
    0x34, 0x86, 0xf5, 0xff, 0x3c, 0x8b, 0xf6, 0xff, 0x47, 0x91, 0xf6, 0xff,
    0x46, 0x91, 0xf6, 0xff, 0x34, 0x86, 0xf5, 0xff, 0x34, 0x86, 0xf5, 0xff,
    0x34, 0x86, 0xf5, 0xff, 0x34, 0x86, 0xf5, 0xff, 0x34, 0x86, 0xf5, 0xff,
    0x34, 0x86, 0xf5, 0xff, 0x34, 0x86, 0xf5, 0xff, 0x34, 0x86, 0xf5, 0xff,
    0x34, 0x86, 0xf5, 0xff, 0x34, 0x86, 0xf5, 0xff, 0x34, 0x86, 0xf5, 0xff,
    0x34, 0x86, 0xf5, 0xff, 0x34, 0x86, 0xf5, 0xff, 0x34, 0x86, 0xf5, 0xff,
    0x34, 0x86, 0xf5, 0xff, 0x34, 0x86, 0xf5, 0xff, 0x34, 0x86, 0xf5, 0xff,
    0x34, 0x86, 0xf5, 0xff, 0x34, 0x86, 0xf5, 0xff, 0x34, 0x86, 0xf5, 0xff,
    0x34, 0x86, 0xf5, 0xff, 0x34, 0x86, 0xf5, 0xff, 0x34, 0x86, 0xf5, 0xff,
    0x34, 0x86, 0xf5, 0xff, 0x34, 0x86, 0xf5, 0xff, 0x34, 0x86, 0xf5, 0xfd,
    0x01, 0x80, 0xc0, 0x04, 0x34, 0x86, 0xf5, 0xff, 0x34, 0x86, 0xf5, 0xff,
    0x34, 0x86, 0xf5, 0xff, 0x34, 0x86, 0xf5, 0xff, 0x34, 0x86, 0xf5, 0xff,
    0x34, 0x86, 0xf5, 0xff, 0x34, 0x86, 0xf5, 0xff, 0x34, 0x86, 0xf5, 0xff,
    0x34, 0x86, 0xf5, 0xff, 0x34, 0x86, 0xf5, 0xff, 0x34, 0x86, 0xf5, 0xff,
    0x34, 0x86, 0xf5, 0xff, 0x34, 0x86, 0xf5, 0xff, 0x34, 0x86, 0xf5, 0xff,
    0x34, 0x86, 0xf5, 0xff, 0x34, 0x86, 0xf5, 0xff, 0x34, 0x86, 0xf5, 0xff,
    0x34, 0x86, 0xf5, 0xff, 0x34, 0x86, 0xf5, 0xff, 0x34, 0x86, 0xf5, 0xff,
    0x34, 0x86, 0xf5, 0xff, 0x34, 0x86, 0xf5, 0xff, 0xfc, 0xfd, 0xfe, 0xff,
    0xfe, 0xfe, 0xfe, 0xff, 0xaf, 0xcf, 0xfb, 0xff, 0x34, 0x86, 0xf5, 0xff,
    0x34, 0x86, 0xf5, 0xff, 0x34, 0x86, 0xf5, 0xff, 0x34, 0x86, 0xf5, 0xff,
    0x34, 0x86, 0xf5, 0xff, 0x34, 0x86, 0xf5, 0xff, 0x34, 0x86, 0xf5, 0xff,
    0x34, 0x86, 0xf5, 0xff, 0x34, 0x86, 0xf5, 0xff, 0x34, 0x86, 0xf5, 0xff,
    0x34, 0x86, 0xf5, 0xff, 0x34, 0x86, 0xf5, 0xff, 0x34, 0x86, 0xf5, 0xff,
    0x34, 0x86, 0xf5, 0xff, 0x34, 0x86, 0xf5, 0xff, 0xe3, 0xee, 0xfd, 0xff,
    0xfe, 0xfe, 0xfe, 0xff, 0x72, 0xab, 0xf8, 0xff, 0x7c, 0xb1, 0xf9, 0xff,
    0xef, 0xf5, 0xfe, 0xff, 0xfe, 0xfe, 0xfe, 0xff, 0xfe, 0xfe, 0xfe, 0xff,
    0xfe, 0xfe, 0xfe, 0xff, 0xfe, 0xfe, 0xfe, 0xff, 0xd8, 0xe7, 0xfd, 0xff,
    0x57, 0x9b, 0xf7, 0xff, 0x34, 0x86, 0xf5, 0xff, 0x34, 0x86, 0xf5, 0xff,
    0x34, 0x86, 0xf5, 0xff, 0xd8, 0xe7, 0xfd, 0xff, 0xfe, 0xfe, 0xfe, 0xff,
    0xfe, 0xfe, 0xfe, 0xff, 0xfe, 0xfe, 0xfe, 0xff, 0xfe, 0xfe, 0xfe, 0xff,
    0xfe, 0xfe, 0xfe, 0xff, 0xd8, 0xe7, 0xfd, 0xff, 0x34, 0x86, 0xf5, 0xff,
    0x34, 0x86, 0xf5, 0xff, 0x34, 0x86, 0xf5, 0xff, 0x34, 0x86, 0xf5, 0xff,
    0x8b, 0xba, 0xf9, 0xff, 0xee, 0xf5, 0xfe, 0xff, 0xfe, 0xfe, 0xfe, 0xff,
    0xfe, 0xfe, 0xfe, 0xff, 0xfe, 0xfe, 0xfe, 0xff, 0xfe, 0xfe, 0xfe, 0xff,
    0xf4, 0xf8, 0xfe, 0xff, 0x9a, 0xc3, 0xfa, 0xff, 0x38, 0x88, 0xf6, 0xff,
    0x34, 0x86, 0xf5, 0xff, 0x34, 0x86, 0xf5, 0xff, 0x34, 0x86, 0xf5, 0xff,
    0x34, 0x86, 0xf5, 0xff, 0x77, 0xae, 0xf8, 0xff, 0xfe, 0xfe, 0xfe, 0xff,
    0xde, 0xeb, 0xfd, 0xff, 0x42, 0x8f, 0xf6, 0xff, 0xbd, 0xd8, 0xfc, 0xff,
    0xfe, 0xfe, 0xfe, 0xff, 0xfe, 0xfe, 0xfe, 0xff, 0xfe, 0xfe, 0xfe, 0xff,
    0xfe, 0xfe, 0xfe, 0xff, 0xf9, 0xfb, 0xfe, 0xff, 0x9f, 0xc6, 0xfa, 0xff,
    0x36, 0x87, 0xf6, 0xff, 0x34, 0x86, 0xf5, 0xff, 0x34, 0x86, 0xf5, 0xff,
    0x34, 0x86, 0xf5, 0xff, 0x34, 0x86, 0xf5, 0xff, 0x34, 0x86, 0xf5, 0xff,
    0x53, 0x98, 0xf7, 0xff, 0xce, 0xe2, 0xfc, 0xff, 0xfe, 0xfe, 0xfe, 0xff,
    0xfe, 0xfe, 0xfe, 0xff, 0xfe, 0xfe, 0xfe, 0xff, 0xfe, 0xfe, 0xfe, 0xff,
    0xdb, 0xe9, 0xfd, 0xff, 0x58, 0x9c, 0xf7, 0xff, 0xea, 0xf2, 0xfe, 0xff,
    0xfe, 0xfe, 0xfe, 0xff, 0x9d, 0xc5, 0xfa, 0xff, 0x34, 0x86, 0xf5, 0xff,
    0x34, 0x86, 0xf5, 0xff, 0x34, 0x86, 0xf5, 0xff, 0x93, 0xbf, 0xfa, 0xff,
    0xfe, 0xfe, 0xfe, 0xff, 0xf4, 0xf8, 0xfe, 0xff, 0x34, 0x86, 0xf5, 0xff,
    0x34, 0x86, 0xf5, 0xff, 0x34, 0x86, 0xf5, 0xff, 0x34, 0x86, 0xf5, 0xff,
    0x34, 0x86, 0xf5, 0xff, 0x34, 0x86, 0xf5, 0xff, 0x34, 0x86, 0xf5, 0xff,
    0x34, 0x86, 0xf5, 0xff, 0x34, 0x86, 0xf5, 0xff, 0x34, 0x86, 0xf5, 0xff,
    0x34, 0x86, 0xf5, 0xff, 0x34, 0x86, 0xf5, 0xff, 0x34, 0x86, 0xf5, 0xff,
    0x34, 0x86, 0xf5, 0xff, 0x34, 0x86, 0xf5, 0xff, 0x34, 0x86, 0xf5, 0xff,
    0x34, 0x86, 0xf5, 0xff, 0x34, 0x86, 0xf5, 0xff, 0x34, 0x86, 0xf5, 0xff,
    0x34, 0x86, 0xf5, 0xff, 0x34, 0x86, 0xf5, 0xff, 0x34, 0x86, 0xf5, 0xff,
    0x34, 0x86, 0xf5, 0xff, 0x34, 0x86, 0xf5, 0xff, 0x34, 0x86, 0xf5, 0xff,
    0x34, 0x86, 0xf5, 0xfd, 0x01, 0x80, 0xc0, 0x04, 0x34, 0x86, 0xf5, 0xff,
    0x34, 0x86, 0xf5, 0xff, 0x34, 0x86, 0xf5, 0xff, 0x34, 0x86, 0xf5, 0xff,
    0x34, 0x86, 0xf5, 0xff, 0x34, 0x86, 0xf5, 0xff, 0x34, 0x86, 0xf5, 0xff,
    0x34, 0x86, 0xf5, 0xff, 0x34, 0x86, 0xf5, 0xff, 0x34, 0x86, 0xf5, 0xff,
    0x34, 0x86, 0xf5, 0xff, 0x34, 0x86, 0xf5, 0xff, 0x34, 0x86, 0xf5, 0xff,
    0x34, 0x86, 0xf5, 0xff, 0x34, 0x86, 0xf5, 0xff, 0x34, 0x86, 0xf5, 0xff,
    0x34, 0x86, 0xf5, 0xff, 0x34, 0x86, 0xf5, 0xff, 0x34, 0x86, 0xf5, 0xff,
    0x34, 0x86, 0xf5, 0xff, 0x34, 0x86, 0xf5, 0xff, 0x34, 0x86, 0xf5, 0xff,
    0xfc, 0xfd, 0xfe, 0xff, 0xfe, 0xfe, 0xfe, 0xff, 0xaf, 0xcf, 0xfb, 0xff,
    0x34, 0x86, 0xf5, 0xff, 0x34, 0x86, 0xf5, 0xff, 0x34, 0x86, 0xf5, 0xff,
    0x34, 0x86, 0xf5, 0xff, 0x34, 0x86, 0xf5, 0xff, 0x34, 0x86, 0xf5, 0xff,
    0x34, 0x86, 0xf5, 0xff, 0x34, 0x86, 0xf5, 0xff, 0x34, 0x86, 0xf5, 0xff,
    0x34, 0x86, 0xf5, 0xff, 0x34, 0x86, 0xf5, 0xff, 0x34, 0x86, 0xf5, 0xff,
    0x34, 0x86, 0xf5, 0xff, 0x34, 0x86, 0xf5, 0xff, 0x34, 0x86, 0xf5, 0xff,
    0xe3, 0xee, 0xfd, 0xff, 0xfe, 0xfe, 0xfe, 0xff, 0xbc, 0xd7, 0xfc, 0xff,
    0xfe, 0xfe, 0xfe, 0xff, 0xfb, 0xfc, 0xfe, 0xff, 0xcd, 0xe1, 0xfc, 0xff,
    0xbf, 0xd9, 0xfc, 0xff, 0xe6, 0xf0, 0xfd, 0xff, 0xfe, 0xfe, 0xfe, 0xff,
    0xfe, 0xfe, 0xfe, 0xff, 0xea, 0xf2, 0xfe, 0xff, 0x3e, 0x8c, 0xf6, 0xff,
    0x34, 0x86, 0xf5, 0xff, 0x34, 0x86, 0xf5, 0xff, 0xb1, 0xd1, 0xfb, 0xff,
    0xd0, 0xe3, 0xfc, 0xff, 0xfe, 0xfe, 0xfe, 0xff, 0xfe, 0xfe, 0xfe, 0xff,
    0xe2, 0xed, 0xfd, 0xff, 0xcf, 0xe2, 0xfc, 0xff, 0xb1, 0xd1, 0xfb, 0xff,
    0x34, 0x86, 0xf5, 0xff, 0x34, 0x86, 0xf5, 0xff, 0x34, 0x86, 0xf5, 0xff,
    0xb2, 0xd1, 0xfb, 0xff, 0xfe, 0xfe, 0xfe, 0xff, 0xfe, 0xfe, 0xfe, 0xff,
    0xe2, 0xed, 0xfd, 0xff, 0xad, 0xce, 0xfb, 0xff, 0xa9, 0xcb, 0xfb, 0xff,
    0xd7, 0xe7, 0xfd, 0xff, 0xfe, 0xfe, 0xfe, 0xff, 0xfe, 0xfe, 0xfe, 0xff,
    0xc3, 0xdb, 0xfc, 0xff, 0x37, 0x88, 0xf6, 0xff, 0x34, 0x86, 0xf5, 0xff,
    0x34, 0x86, 0xf5, 0xff, 0x34, 0x86, 0xf5, 0xff, 0x77, 0xae, 0xf8, 0xff,
    0xfe, 0xfe, 0xfe, 0xff, 0xe4, 0xef, 0xfd, 0xff, 0xd6, 0xe6, 0xfd, 0xff,
    0xfe, 0xfe, 0xfe, 0xff, 0xe8, 0xf1, 0xfe, 0xff, 0xc0, 0xd9, 0xfc, 0xff,
    0xcb, 0xe0, 0xfc, 0xff, 0xfb, 0xfc, 0xfe, 0xff, 0xfe, 0xfe, 0xfe, 0xff,
    0xfe, 0xfe, 0xfe, 0xff, 0x96, 0xc0, 0xfa, 0xff, 0x34, 0x86, 0xf5, 0xff,
    0x34, 0x86, 0xf5, 0xff, 0x34, 0x86, 0xf5, 0xff, 0x34, 0x86, 0xf5, 0xff,
    0x54, 0x99, 0xf7, 0xff, 0xf0, 0xf6, 0xfe, 0xff, 0xfe, 0xfe, 0xfe, 0xff,
    0xfb, 0xfd, 0xfe, 0xff, 0xc4, 0xdc, 0xfc, 0xff, 0xac, 0xcd, 0xfb, 0xff,
    0xcc, 0xe1, 0xfc, 0xff, 0xfe, 0xfe, 0xfe, 0xff, 0xef, 0xf5, 0xfe, 0xff,
    0xf5, 0xf9, 0xfe, 0xff, 0xfe, 0xfe, 0xfe, 0xff, 0x9d, 0xc5, 0xfa, 0xff,
    0x34, 0x86, 0xf5, 0xff, 0x34, 0x86, 0xf5, 0xff, 0x34, 0x86, 0xf5, 0xff,
    0x93, 0xbf, 0xfa, 0xff, 0xfe, 0xfe, 0xfe, 0xff, 0xf4, 0xf8, 0xfe, 0xff,
    0x34, 0x86, 0xf5, 0xff, 0x34, 0x86, 0xf5, 0xff, 0x34, 0x86, 0xf5, 0xff,
    0x34, 0x86, 0xf5, 0xff, 0x34, 0x86, 0xf5, 0xff, 0x34, 0x86, 0xf5, 0xff,
    0x34, 0x86, 0xf5, 0xff, 0x34, 0x86, 0xf5, 0xff, 0x34, 0x86, 0xf5, 0xff,
    0x34, 0x86, 0xf5, 0xff, 0x34, 0x86, 0xf5, 0xff, 0x34, 0x86, 0xf5, 0xff,
    0x34, 0x86, 0xf5, 0xff, 0x34, 0x86, 0xf5, 0xff, 0x34, 0x86, 0xf5, 0xff,
    0x34, 0x86, 0xf5, 0xff, 0x34, 0x86, 0xf5, 0xff, 0x34, 0x86, 0xf5, 0xff,
    0x34, 0x86, 0xf5, 0xff, 0x34, 0x86, 0xf5, 0xff, 0x34, 0x86, 0xf5, 0xff,
    0x34, 0x86, 0xf5, 0xff, 0x34, 0x86, 0xf5, 0xff, 0x34, 0x86, 0xf5, 0xff,
    0x34, 0x86, 0xf5, 0xff, 0x34, 0x86, 0xf5, 0xfd, 0x01, 0x80, 0xc0, 0x04,
    0x34, 0x86, 0xf5, 0xff, 0x34, 0x86, 0xf5, 0xff, 0x34, 0x86, 0xf5, 0xff,
    0x34, 0x86, 0xf5, 0xff, 0x34, 0x86, 0xf5, 0xff, 0x34, 0x86, 0xf5, 0xff,
    0x34, 0x86, 0xf5, 0xff, 0x34, 0x86, 0xf5, 0xff, 0x34, 0x86, 0xf5, 0xff,
    0x34, 0x86, 0xf5, 0xff, 0x34, 0x86, 0xf5, 0xff, 0x34, 0x86, 0xf5, 0xff,
    0x34, 0x86, 0xf5, 0xff, 0x34, 0x86, 0xf5, 0xff, 0x34, 0x86, 0xf5, 0xff,
    0x34, 0x86, 0xf5, 0xff, 0x34, 0x86, 0xf5, 0xff, 0x34, 0x86, 0xf5, 0xff,
    0x34, 0x86, 0xf5, 0xff, 0x34, 0x86, 0xf5, 0xff, 0x34, 0x86, 0xf5, 0xff,
    0x34, 0x86, 0xf5, 0xff, 0xfc, 0xfd, 0xfe, 0xff, 0xfe, 0xfe, 0xfe, 0xff,
    0xc0, 0xda, 0xfc, 0xff, 0x60, 0xa0, 0xf7, 0xff, 0x60, 0xa0, 0xf7, 0xff,
    0x60, 0xa0, 0xf7, 0xff, 0x60, 0xa0, 0xf7, 0xff, 0x60, 0xa0, 0xf7, 0xff,
    0x60, 0xa0, 0xf7, 0xff, 0x60, 0xa0, 0xf7, 0xff, 0x60, 0xa0, 0xf7, 0xff,
    0x60, 0xa0, 0xf7, 0xff, 0x60, 0xa0, 0xf7, 0xff, 0x48, 0x92, 0xf6, 0xff,
    0x34, 0x86, 0xf5, 0xff, 0x34, 0x86, 0xf5, 0xff, 0x34, 0x86, 0xf5, 0xff,
    0x34, 0x86, 0xf5, 0xff, 0xe3, 0xee, 0xfd, 0xff, 0xfe, 0xfe, 0xfe, 0xff,
    0xfe, 0xfe, 0xfe, 0xff, 0xd2, 0xe4, 0xfd, 0xff, 0x4c, 0x94, 0xf7, 0xff,
    0x34, 0x86, 0xf5, 0xff, 0x34, 0x86, 0xf5, 0xff, 0x36, 0x87, 0xf6, 0xff,
    0xa1, 0xc7, 0xfa, 0xff, 0xfe, 0xfe, 0xfe, 0xff, 0xfe, 0xfe, 0xfe, 0xff,
    0x86, 0xb7, 0xf9, 0xff, 0x34, 0x86, 0xf5, 0xff, 0x34, 0x86, 0xf5, 0xff,
    0x34, 0x86, 0xf5, 0xff, 0x39, 0x89, 0xf6, 0xff, 0xfe, 0xfe, 0xfe, 0xff,
    0xfe, 0xfe, 0xfe, 0xff, 0x82, 0xb5, 0xf9, 0xff, 0x34, 0x86, 0xf5, 0xff,
    0x34, 0x86, 0xf5, 0xff, 0x34, 0x86, 0xf5, 0xff, 0x34, 0x86, 0xf5, 0xff,
    0x86, 0xb7, 0xf9, 0xff, 0xfe, 0xfe, 0xfe, 0xff, 0xfe, 0xfe, 0xfe, 0xff,
    0x9a, 0xc3, 0xfa, 0xff, 0x36, 0x87, 0xf6, 0xff, 0x34, 0x86, 0xf5, 0xff,
    0x34, 0x86, 0xf5, 0xff, 0x34, 0x86, 0xf5, 0xff, 0x81, 0xb4, 0xf9, 0xff,
    0xfb, 0xfd, 0xfe, 0xff, 0xfe, 0xfe, 0xfe, 0xff, 0x95, 0xc0, 0xfa, 0xff,
    0x34, 0x86, 0xf5, 0xff, 0x34, 0x86, 0xf5, 0xff, 0x34, 0x86, 0xf5, 0xff,
    0x77, 0xae, 0xf8, 0xff, 0xfe, 0xfe, 0xfe, 0xff, 0xfe, 0xfe, 0xfe, 0xff,
    0xfd, 0xfe, 0xfe, 0xff, 0x8a, 0xba, 0xf9, 0xff, 0x36, 0x87, 0xf6, 0xff,
    0x34, 0x86, 0xf5, 0xff, 0x34, 0x86, 0xf5, 0xff, 0x50, 0x97, 0xf7, 0xff,
    0xe6, 0xf0, 0xfd, 0xff, 0xfe, 0xfe, 0xfe, 0xff, 0xef, 0xf6, 0xfe, 0xff,
    0x37, 0x88, 0xf6, 0xff, 0x34, 0x86, 0xf5, 0xff, 0x34, 0x86, 0xf5, 0xff,
    0x34, 0x86, 0xf5, 0xff, 0xd0, 0xe3, 0xfc, 0xff, 0xfe, 0xfe, 0xfe, 0xff,
    0xef, 0xf6, 0xfe, 0xff, 0x5f, 0xa0, 0xf7, 0xff, 0x34, 0x86, 0xf5, 0xff,
    0x34, 0x86, 0xf5, 0xff, 0x34, 0x86, 0xf5, 0xff, 0x6c, 0xa8, 0xf8, 0xff,
    0xf6, 0xf9, 0xfe, 0xff, 0xfe, 0xfe, 0xfe, 0xff, 0xfe, 0xfe, 0xfe, 0xff,
    0x9d, 0xc5, 0xfa, 0xff, 0x34, 0x86, 0xf5, 0xff, 0x34, 0x86, 0xf5, 0xff,
    0x34, 0x86, 0xf5, 0xff, 0x93, 0xbf, 0xfa, 0xff, 0xfe, 0xfe, 0xfe, 0xff,
    0xf4, 0xf8, 0xfe, 0xff, 0x34, 0x86, 0xf5, 0xff, 0x34, 0x86, 0xf5, 0xff,
    0x34, 0x86, 0xf5, 0xff, 0x34, 0x86, 0xf5, 0xff, 0x34, 0x86, 0xf5, 0xff,
    0x34, 0x86, 0xf5, 0xff, 0x34, 0x86, 0xf5, 0xff, 0x34, 0x86, 0xf5, 0xff,
    0x34, 0x86, 0xf5, 0xff, 0x34, 0x86, 0xf5, 0xff, 0x34, 0x86, 0xf5, 0xff,
    0x34, 0x86, 0xf5, 0xff, 0x34, 0x86, 0xf5, 0xff, 0x34, 0x86, 0xf5, 0xff,
    0x34, 0x86, 0xf5, 0xff, 0x34, 0x86, 0xf5, 0xff, 0x34, 0x86, 0xf5, 0xff,
    0x34, 0x86, 0xf5, 0xff, 0x34, 0x86, 0xf5, 0xff, 0x34, 0x86, 0xf5, 0xff,
    0x34, 0x86, 0xf5, 0xff, 0x34, 0x86, 0xf5, 0xff, 0x34, 0x86, 0xf5, 0xff,
    0x34, 0x86, 0xf5, 0xff, 0x34, 0x86, 0xf5, 0xff, 0x34, 0x86, 0xf5, 0xfd,
    0x01, 0x80, 0xc0, 0x04, 0x34, 0x86, 0xf5, 0xff, 0x34, 0x86, 0xf5, 0xff,
    0x34, 0x86, 0xf5, 0xff, 0x34, 0x86, 0xf5, 0xff, 0x34, 0x86, 0xf5, 0xff,
    0x34, 0x86, 0xf5, 0xff, 0x34, 0x86, 0xf5, 0xff, 0x34, 0x86, 0xf5, 0xff,
    0x34, 0x86, 0xf5, 0xff, 0x34, 0x86, 0xf5, 0xff, 0x34, 0x86, 0xf5, 0xff,
    0x34, 0x86, 0xf5, 0xff, 0x34, 0x86, 0xf5, 0xff, 0x34, 0x86, 0xf5, 0xff,
    0x34, 0x86, 0xf5, 0xff, 0x34, 0x86, 0xf5, 0xff, 0x34, 0x86, 0xf5, 0xff,
    0x34, 0x86, 0xf5, 0xff, 0x34, 0x86, 0xf5, 0xff, 0x34, 0x86, 0xf5, 0xff,
    0x34, 0x86, 0xf5, 0xff, 0x34, 0x86, 0xf5, 0xff, 0xfc, 0xfd, 0xfe, 0xff,
    0xfe, 0xfe, 0xfe, 0xff, 0xfe, 0xfe, 0xfe, 0xff, 0xfe, 0xfe, 0xfe, 0xff,
    0xfe, 0xfe, 0xfe, 0xff, 0xfe, 0xfe, 0xfe, 0xff, 0xfe, 0xfe, 0xfe, 0xff,
    0xfe, 0xfe, 0xfe, 0xff, 0xfe, 0xfe, 0xfe, 0xff, 0xfe, 0xfe, 0xfe, 0xff,
    0xfe, 0xfe, 0xfe, 0xff, 0xfe, 0xfe, 0xfe, 0xff, 0xfe, 0xfe, 0xfe, 0xff,
    0x8f, 0xbc, 0xfa, 0xff, 0x34, 0x86, 0xf5, 0xff, 0x34, 0x86, 0xf5, 0xff,
    0x34, 0x86, 0xf5, 0xff, 0x34, 0x86, 0xf5, 0xff, 0xe3, 0xee, 0xfd, 0xff,
    0xfe, 0xfe, 0xfe, 0xff, 0xf9, 0xfb, 0xfe, 0xff, 0x48, 0x92, 0xf6, 0xff,
    0x34, 0x86, 0xf5, 0xff, 0x34, 0x86, 0xf5, 0xff, 0x34, 0x86, 0xf5, 0xff,
    0x34, 0x86, 0xf5, 0xff, 0x37, 0x88, 0xf6, 0xff, 0xf3, 0xf7, 0xfe, 0xff,
    0xfe, 0xfe, 0xfe, 0xff, 0xb0, 0xd0, 0xfb, 0xff, 0x34, 0x86, 0xf5, 0xff,
    0x34, 0x86, 0xf5, 0xff, 0x34, 0x86, 0xf5, 0xff, 0x39, 0x89, 0xf6, 0xff,
    0xfe, 0xfe, 0xfe, 0xff, 0xfe, 0xfe, 0xfe, 0xff, 0x82, 0xb5, 0xf9, 0xff,
    0x34, 0x86, 0xf5, 0xff, 0x34, 0x86, 0xf5, 0xff, 0x34, 0x86, 0xf5, 0xff,
    0x37, 0x88, 0xf6, 0xff, 0xea, 0xf2, 0xfe, 0xff, 0xfe, 0xfe, 0xfe, 0xff,
    0xbd, 0xd8, 0xfc, 0xff, 0x34, 0x86, 0xf5, 0xff, 0x34, 0x86, 0xf5, 0xff,
    0x34, 0x86, 0xf5, 0xff, 0x34, 0x86, 0xf5, 0xff, 0x34, 0x86, 0xf5, 0xff,
    0x34, 0x86, 0xf5, 0xff, 0xa4, 0xc9, 0xfa, 0xff, 0xfe, 0xfe, 0xfe, 0xff,
    0xf2, 0xf7, 0xfe, 0xff, 0x3b, 0x8a, 0xf6, 0xff, 0x34, 0x86, 0xf5, 0xff,
    0x34, 0x86, 0xf5, 0xff, 0x77, 0xae, 0xf8, 0xff, 0xfe, 0xfe, 0xfe, 0xff,
    0xfe, 0xfe, 0xfe, 0xff, 0xae, 0xcf, 0xfb, 0xff, 0x34, 0x86, 0xf5, 0xff,
    0x34, 0x86, 0xf5, 0xff, 0x34, 0x86, 0xf5, 0xff, 0x34, 0x86, 0xf5, 0xff,
    0x34, 0x86, 0xf5, 0xff, 0x8a, 0xb9, 0xf9, 0xff, 0xfe, 0xfe, 0xfe, 0xff,
    0xfe, 0xfe, 0xfe, 0xff, 0x52, 0x98, 0xf7, 0xff, 0x34, 0x86, 0xf5, 0xff,
    0x34, 0x86, 0xf5, 0xff, 0x61, 0xa1, 0xf7, 0xff, 0xfe, 0xfe, 0xfe, 0xff,
    0xfe, 0xfe, 0xfe, 0xff, 0x7e, 0xb2, 0xf9, 0xff, 0x34, 0x86, 0xf5, 0xff,
    0x34, 0x86, 0xf5, 0xff, 0x34, 0x86, 0xf5, 0xff, 0x34, 0x86, 0xf5, 0xff,
    0x34, 0x86, 0xf5, 0xff, 0x89, 0xb9, 0xf9, 0xff, 0xfe, 0xfe, 0xfe, 0xff,
    0xfe, 0xfe, 0xfe, 0xff, 0x9d, 0xc5, 0xfa, 0xff, 0x34, 0x86, 0xf5, 0xff,
    0x34, 0x86, 0xf5, 0xff, 0x34, 0x86, 0xf5, 0xff, 0x93, 0xbf, 0xfa, 0xff,
    0xfe, 0xfe, 0xfe, 0xff, 0xf4, 0xf8, 0xfe, 0xff, 0x34, 0x86, 0xf5, 0xff,
    0x34, 0x86, 0xf5, 0xff, 0x34, 0x86, 0xf5, 0xff, 0x34, 0x86, 0xf5, 0xff,
    0x34, 0x86, 0xf5, 0xff, 0x34, 0x86, 0xf5, 0xff, 0x34, 0x86, 0xf5, 0xff,
    0x34, 0x86, 0xf5, 0xff, 0x34, 0x86, 0xf5, 0xff, 0x34, 0x86, 0xf5, 0xff,
    0x34, 0x86, 0xf5, 0xff, 0x34, 0x86, 0xf5, 0xff, 0x34, 0x86, 0xf5, 0xff,
    0x34, 0x86, 0xf5, 0xff, 0x34, 0x86, 0xf5, 0xff, 0x34, 0x86, 0xf5, 0xff,
    0x34, 0x86, 0xf5, 0xff, 0x34, 0x86, 0xf5, 0xff, 0x34, 0x86, 0xf5, 0xff,
    0x34, 0x86, 0xf5, 0xff, 0x34, 0x86, 0xf5, 0xff, 0x34, 0x86, 0xf5, 0xff,
    0x34, 0x86, 0xf5, 0xff, 0x34, 0x86, 0xf5, 0xff, 0x34, 0x86, 0xf5, 0xff,
    0x34, 0x86, 0xf5, 0xfd, 0x01, 0x80, 0xc0, 0x04, 0x34, 0x86, 0xf5, 0xff,
    0x34, 0x86, 0xf5, 0xff, 0x34, 0x86, 0xf5, 0xff, 0x34, 0x86, 0xf5, 0xff,
    0x34, 0x86, 0xf5, 0xff, 0x34, 0x86, 0xf5, 0xff, 0x34, 0x86, 0xf5, 0xff,
    0x34, 0x86, 0xf5, 0xff, 0x34, 0x86, 0xf5, 0xff, 0x34, 0x86, 0xf5, 0xff,
    0x34, 0x86, 0xf5, 0xff, 0x34, 0x86, 0xf5, 0xff, 0x34, 0x86, 0xf5, 0xff,
    0x34, 0x86, 0xf5, 0xff, 0x34, 0x86, 0xf5, 0xff, 0x34, 0x86, 0xf5, 0xff,
    0x34, 0x86, 0xf5, 0xff, 0x34, 0x86, 0xf5, 0xff, 0x34, 0x86, 0xf5, 0xff,
    0x34, 0x86, 0xf5, 0xff, 0x34, 0x86, 0xf5, 0xff, 0x34, 0x86, 0xf5, 0xff,
    0xfc, 0xfd, 0xfe, 0xff, 0xfe, 0xfe, 0xfe, 0xff, 0xfe, 0xfe, 0xfe, 0xff,
    0xfe, 0xfe, 0xfe, 0xff, 0xfe, 0xfe, 0xfe, 0xff, 0xfe, 0xfe, 0xfe, 0xff,
    0xfe, 0xfe, 0xfe, 0xff, 0xfe, 0xfe, 0xfe, 0xff, 0xfe, 0xfe, 0xfe, 0xff,
    0xfe, 0xfe, 0xfe, 0xff, 0xfe, 0xfe, 0xfe, 0xff, 0xfe, 0xfe, 0xfe, 0xff,
    0xfe, 0xfe, 0xfe, 0xff, 0x8f, 0xbc, 0xfa, 0xff, 0x34, 0x86, 0xf5, 0xff,
    0x34, 0x86, 0xf5, 0xff, 0x34, 0x86, 0xf5, 0xff, 0x34, 0x86, 0xf5, 0xff,
    0xe3, 0xee, 0xfd, 0xff, 0xfe, 0xfe, 0xfe, 0xff, 0xc9, 0xdf, 0xfc, 0xff,
    0x34, 0x86, 0xf5, 0xff, 0x34, 0x86, 0xf5, 0xff, 0x34, 0x86, 0xf5, 0xff,
    0x34, 0x86, 0xf5, 0xff, 0x34, 0x86, 0xf5, 0xff, 0x34, 0x86, 0xf5, 0xff,
    0xd2, 0xe4, 0xfd, 0xff, 0xfe, 0xfe, 0xfe, 0xff, 0xbc, 0xd7, 0xfc, 0xff,
    0x34, 0x86, 0xf5, 0xff, 0x34, 0x86, 0xf5, 0xff, 0x34, 0x86, 0xf5, 0xff,
    0x39, 0x89, 0xf6, 0xff, 0xfe, 0xfe, 0xfe, 0xff, 0xfe, 0xfe, 0xfe, 0xff,
    0x82, 0xb5, 0xf9, 0xff, 0x34, 0x86, 0xf5, 0xff, 0x34, 0x86, 0xf5, 0xff,
    0x34, 0x86, 0xf5, 0xff, 0x64, 0xa3, 0xf8, 0xff, 0xfe, 0xfe, 0xfe, 0xff,
    0xfe, 0xfe, 0xfe, 0xff, 0x67, 0xa5, 0xf8, 0xff, 0x34, 0x86, 0xf5, 0xff,
    0x34, 0x86, 0xf5, 0xff, 0x34, 0x86, 0xf5, 0xff, 0x34, 0x86, 0xf5, 0xff,
    0x34, 0x86, 0xf5, 0xff, 0x34, 0x86, 0xf5, 0xff, 0x59, 0x9c, 0xf7, 0xff,
    0xfe, 0xfe, 0xfe, 0xff, 0xfe, 0xfe, 0xfe, 0xff, 0x6c, 0xa8, 0xf8, 0xff,
    0x34, 0x86, 0xf5, 0xff, 0x34, 0x86, 0xf5, 0xff, 0x77, 0xae, 0xf8, 0xff,
    0xfe, 0xfe, 0xfe, 0xff, 0xfe, 0xfe, 0xfe, 0xff, 0x6b, 0xa7, 0xf8, 0xff,
    0x34, 0x86, 0xf5, 0xff, 0x34, 0x86, 0xf5, 0xff, 0x34, 0x86, 0xf5, 0xff,
    0x34, 0x86, 0xf5, 0xff, 0x34, 0x86, 0xf5, 0xff, 0x66, 0xa4, 0xf8, 0xff,
    0xfe, 0xfe, 0xfe, 0xff, 0xfe, 0xfe, 0xfe, 0xff, 0x5e, 0x9f, 0xf7, 0xff,
    0x34, 0x86, 0xf5, 0xff, 0x34, 0x86, 0xf5, 0xff, 0x9d, 0xc5, 0xfa, 0xff,
    0xfe, 0xfe, 0xfe, 0xff, 0xf4, 0xf8, 0xfe, 0xff, 0x38, 0x89, 0xf6, 0xff,
    0x34, 0x86, 0xf5, 0xff, 0x34, 0x86, 0xf5, 0xff, 0x34, 0x86, 0xf5, 0xff,
    0x34, 0x86, 0xf5, 0xff, 0x34, 0x86, 0xf5, 0xff, 0x3c, 0x8b, 0xf6, 0xff,
    0xf7, 0xfa, 0xfe, 0xff, 0xfe, 0xfe, 0xfe, 0xff, 0x9d, 0xc5, 0xfa, 0xff,
    0x34, 0x86, 0xf5, 0xff, 0x34, 0x86, 0xf5, 0xff, 0x34, 0x86, 0xf5, 0xff,
    0x93, 0xbf, 0xfa, 0xff, 0xfe, 0xfe, 0xfe, 0xff, 0xf4, 0xf8, 0xfe, 0xff,
    0x34, 0x86, 0xf5, 0xff, 0x34, 0x86, 0xf5, 0xff, 0x34, 0x86, 0xf5, 0xff,
    0x34, 0x86, 0xf5, 0xff, 0x34, 0x86, 0xf5, 0xff, 0x34, 0x86, 0xf5, 0xff,
    0x34, 0x86, 0xf5, 0xff, 0x34, 0x86, 0xf5, 0xff, 0x34, 0x86, 0xf5, 0xff,
    0x34, 0x86, 0xf5, 0xff, 0x34, 0x86, 0xf5, 0xff, 0x34, 0x86, 0xf5, 0xff,
    0x34, 0x86, 0xf5, 0xff, 0x34, 0x86, 0xf5, 0xff, 0x34, 0x86, 0xf5, 0xff,
    0x34, 0x86, 0xf5, 0xff, 0x34, 0x86, 0xf5, 0xff, 0x34, 0x86, 0xf5, 0xff,
    0x34, 0x86, 0xf5, 0xff, 0x34, 0x86, 0xf5, 0xff, 0x34, 0x86, 0xf5, 0xff,
    0x34, 0x86, 0xf5, 0xff, 0x34, 0x86, 0xf5, 0xff, 0x34, 0x86, 0xf5, 0xff,
    0x34, 0x86, 0xf5, 0xff, 0x34, 0x86, 0xf5, 0xfd, 0x01, 0x80, 0xc0, 0x04,
    0x34, 0x86, 0xf5, 0xff, 0x34, 0x86, 0xf5, 0xff, 0x34, 0x86, 0xf5, 0xff,
    0x34, 0x86, 0xf5, 0xff, 0x34, 0x86, 0xf5, 0xff, 0x34, 0x86, 0xf5, 0xff,
    0x34, 0x86, 0xf5, 0xff, 0x34, 0x86, 0xf5, 0xff, 0x34, 0x86, 0xf5, 0xff,
    0x34, 0x86, 0xf5, 0xff, 0x34, 0x86, 0xf5, 0xff, 0x34, 0x86, 0xf5, 0xff,
    0x34, 0x86, 0xf5, 0xff, 0x34, 0x86, 0xf5, 0xff, 0x34, 0x86, 0xf5, 0xff,
    0x34, 0x86, 0xf5, 0xff, 0x34, 0x86, 0xf5, 0xff, 0x34, 0x86, 0xf5, 0xff,
    0x34, 0x86, 0xf5, 0xff, 0x34, 0x86, 0xf5, 0xff, 0x34, 0x86, 0xf5, 0xff,
    0x34, 0x86, 0xf5, 0xff, 0xfc, 0xfd, 0xfe, 0xff, 0xfe, 0xfe, 0xfe, 0xff,
    0xb6, 0xd4, 0xfb, 0xff, 0x47, 0x91, 0xf6, 0xff, 0x47, 0x91, 0xf6, 0xff,
    0x47, 0x91, 0xf6, 0xff, 0x47, 0x91, 0xf6, 0xff, 0x47, 0x91, 0xf6, 0xff,
    0x47, 0x91, 0xf6, 0xff, 0x47, 0x91, 0xf6, 0xff, 0x47, 0x91, 0xf6, 0xff,
    0x47, 0x91, 0xf6, 0xff, 0x47, 0x91, 0xf6, 0xff, 0x3c, 0x8b, 0xf6, 0xff,
    0x34, 0x86, 0xf5, 0xff, 0x34, 0x86, 0xf5, 0xff, 0x34, 0x86, 0xf5, 0xff,
    0x34, 0x86, 0xf5, 0xff, 0xe3, 0xee, 0xfd, 0xff, 0xfe, 0xfe, 0xfe, 0xff,
    0xad, 0xce, 0xfb, 0xff, 0x34, 0x86, 0xf5, 0xff, 0x34, 0x86, 0xf5, 0xff,
    0x34, 0x86, 0xf5, 0xff, 0x34, 0x86, 0xf5, 0xff, 0x34, 0x86, 0xf5, 0xff,
    0x34, 0x86, 0xf5, 0xff, 0xc8, 0xde, 0xfc, 0xff, 0xfe, 0xfe, 0xfe, 0xff,
    0xc0, 0xd9, 0xfc, 0xff, 0x34, 0x86, 0xf5, 0xff, 0x34, 0x86, 0xf5, 0xff,
    0x34, 0x86, 0xf5, 0xff, 0x39, 0x89, 0xf6, 0xff, 0xfe, 0xfe, 0xfe, 0xff,
    0xfe, 0xfe, 0xfe, 0xff, 0x82, 0xb5, 0xf9, 0xff, 0x34, 0x86, 0xf5, 0xff,
    0x34, 0x86, 0xf5, 0xff, 0x34, 0x86, 0xf5, 0xff, 0x8b, 0xba, 0xf9, 0xff,
    0xfe, 0xfe, 0xfe, 0xff, 0xfe, 0xfe, 0xfe, 0xff, 0x8e, 0xbc, 0xfa, 0xff,
    0x83, 0xb5, 0xf9, 0xff, 0x83, 0xb5, 0xf9, 0xff, 0x83, 0xb5, 0xf9, 0xff,
    0x83, 0xb5, 0xf9, 0xff, 0x83, 0xb5, 0xf9, 0xff, 0x83, 0xb5, 0xf9, 0xff,
    0x87, 0xb8, 0xf9, 0xff, 0xfe, 0xfe, 0xfe, 0xff, 0xfe, 0xfe, 0xfe, 0xff,
    0x91, 0xbd, 0xfa, 0xff, 0x34, 0x86, 0xf5, 0xff, 0x34, 0x86, 0xf5, 0xff,
    0x77, 0xae, 0xf8, 0xff, 0xfe, 0xfe, 0xfe, 0xff, 0xfe, 0xfe, 0xfe, 0xff,
    0x4f, 0x96, 0xf7, 0xff, 0x34, 0x86, 0xf5, 0xff, 0x34, 0x86, 0xf5, 0xff,
    0x34, 0x86, 0xf5, 0xff, 0x34, 0x86, 0xf5, 0xff, 0x34, 0x86, 0xf5, 0xff,
    0x5c, 0x9e, 0xf7, 0xff, 0xfe, 0xfe, 0xfe, 0xff, 0xfe, 0xfe, 0xfe, 0xff,
    0x61, 0xa1, 0xf7, 0xff, 0x34, 0x86, 0xf5, 0xff, 0x34, 0x86, 0xf5, 0xff,
    0xc1, 0xda, 0xfc, 0xff, 0xfe, 0xfe, 0xfe, 0xff, 0xd0, 0xe3, 0xfc, 0xff,
    0x34, 0x86, 0xf5, 0xff, 0x34, 0x86, 0xf5, 0xff, 0x34, 0x86, 0xf5, 0xff,
    0x34, 0x86, 0xf5, 0xff, 0x34, 0x86, 0xf5, 0xff, 0x34, 0x86, 0xf5, 0xff,
    0x34, 0x86, 0xf5, 0xff, 0xd3, 0xe5, 0xfd, 0xff, 0xfe, 0xfe, 0xfe, 0xff,
    0x9d, 0xc5, 0xfa, 0xff, 0x34, 0x86, 0xf5, 0xff, 0x34, 0x86, 0xf5, 0xff,
    0x34, 0x86, 0xf5, 0xff, 0x93, 0xbf, 0xfa, 0xff, 0xfe, 0xfe, 0xfe, 0xff,
    0xf4, 0xf8, 0xfe, 0xff, 0x34, 0x86, 0xf5, 0xff, 0x34, 0x86, 0xf5, 0xff,
    0x34, 0x86, 0xf5, 0xff, 0x34, 0x86, 0xf5, 0xff, 0x34, 0x86, 0xf5, 0xff,
    0x34, 0x86, 0xf5, 0xff, 0x34, 0x86, 0xf5, 0xff, 0x34, 0x86, 0xf5, 0xff,
    0x34, 0x86, 0xf5, 0xff, 0x34, 0x86, 0xf5, 0xff, 0x34, 0x86, 0xf5, 0xff,
    0x34, 0x86, 0xf5, 0xff, 0x34, 0x86, 0xf5, 0xff, 0x34, 0x86, 0xf5, 0xff,
    0x34, 0x86, 0xf5, 0xff, 0x34, 0x86, 0xf5, 0xff, 0x34, 0x86, 0xf5, 0xff,
    0x34, 0x86, 0xf5, 0xff, 0x34, 0x86, 0xf5, 0xff, 0x34, 0x86, 0xf5, 0xff,
    0x34, 0x86, 0xf5, 0xff, 0x34, 0x86, 0xf5, 0xff, 0x34, 0x86, 0xf5, 0xff,
    0x34, 0x86, 0xf5, 0xff, 0x34, 0x86, 0xf5, 0xff, 0x34, 0x86, 0xf5, 0xfd,
    0x01, 0x80, 0xc0, 0x04, 0x34, 0x86, 0xf5, 0xff, 0x34, 0x86, 0xf5, 0xff,
    0x34, 0x86, 0xf5, 0xff, 0x34, 0x86, 0xf5, 0xff, 0x34, 0x86, 0xf5, 0xff,
    0x34, 0x86, 0xf5, 0xff, 0x34, 0x86, 0xf5, 0xff, 0x34, 0x86, 0xf5, 0xff,
    0x34, 0x86, 0xf5, 0xff, 0x34, 0x86, 0xf5, 0xff, 0x34, 0x86, 0xf5, 0xff,
    0x34, 0x86, 0xf5, 0xff, 0x34, 0x86, 0xf5, 0xff, 0x34, 0x86, 0xf5, 0xff,
    0x34, 0x86, 0xf5, 0xff, 0x34, 0x86, 0xf5, 0xff, 0x34, 0x86, 0xf5, 0xff,
    0x34, 0x86, 0xf5, 0xff, 0x34, 0x86, 0xf5, 0xff, 0x34, 0x86, 0xf5, 0xff,
    0x34, 0x86, 0xf5, 0xff, 0x34, 0x86, 0xf5, 0xff, 0xfc, 0xfd, 0xfe, 0xff,
    0xfe, 0xfe, 0xfe, 0xff, 0xaf, 0xcf, 0xfb, 0xff, 0x34, 0x86, 0xf5, 0xff,
    0x34, 0x86, 0xf5, 0xff, 0x34, 0x86, 0xf5, 0xff, 0x34, 0x86, 0xf5, 0xff,
    0x34, 0x86, 0xf5, 0xff, 0x34, 0x86, 0xf5, 0xff, 0x34, 0x86, 0xf5, 0xff,
    0x34, 0x86, 0xf5, 0xff, 0x34, 0x86, 0xf5, 0xff, 0x34, 0x86, 0xf5, 0xff,
    0x34, 0x86, 0xf5, 0xff, 0x34, 0x86, 0xf5, 0xff, 0x34, 0x86, 0xf5, 0xff,
    0x34, 0x86, 0xf5, 0xff, 0x34, 0x86, 0xf5, 0xff, 0xe3, 0xee, 0xfd, 0xff,
    0xfe, 0xfe, 0xfe, 0xff, 0xa4, 0xc9, 0xfa, 0xff, 0x34, 0x86, 0xf5, 0xff,
    0x34, 0x86, 0xf5, 0xff, 0x34, 0x86, 0xf5, 0xff, 0x34, 0x86, 0xf5, 0xff,
    0x34, 0x86, 0xf5, 0xff, 0x34, 0x86, 0xf5, 0xff, 0xc8, 0xde, 0xfc, 0xff,
    0xfe, 0xfe, 0xfe, 0xff, 0xc0, 0xd9, 0xfc, 0xff, 0x34, 0x86, 0xf5, 0xff,
    0x34, 0x86, 0xf5, 0xff, 0x34, 0x86, 0xf5, 0xff, 0x39, 0x89, 0xf6, 0xff,
    0xfe, 0xfe, 0xfe, 0xff, 0xfe, 0xfe, 0xfe, 0xff, 0x82, 0xb5, 0xf9, 0xff,
    0x34, 0x86, 0xf5, 0xff, 0x34, 0x86, 0xf5, 0xff, 0x34, 0x86, 0xf5, 0xff,
    0x9d, 0xc5, 0xfa, 0xff, 0xfe, 0xfe, 0xfe, 0xff, 0xfe, 0xfe, 0xfe, 0xff,
    0xfe, 0xfe, 0xfe, 0xff, 0xfe, 0xfe, 0xfe, 0xff, 0xfe, 0xfe, 0xfe, 0xff,
    0xfe, 0xfe, 0xfe, 0xff, 0xfe, 0xfe, 0xfe, 0xff, 0xfe, 0xfe, 0xfe, 0xff,
    0xfe, 0xfe, 0xfe, 0xff, 0xfe, 0xfe, 0xfe, 0xff, 0xfe, 0xfe, 0xfe, 0xff,
    0xfe, 0xfe, 0xfe, 0xff, 0xa1, 0xc7, 0xfa, 0xff, 0x34, 0x86, 0xf5, 0xff,
    0x34, 0x86, 0xf5, 0xff, 0x77, 0xae, 0xf8, 0xff, 0xfe, 0xfe, 0xfe, 0xff,
    0xfe, 0xfe, 0xfe, 0xff, 0x46, 0x91, 0xf6, 0xff, 0x34, 0x86, 0xf5, 0xff,
    0x34, 0x86, 0xf5, 0xff, 0x34, 0x86, 0xf5, 0xff, 0x34, 0x86, 0xf5, 0xff,
    0x34, 0x86, 0xf5, 0xff, 0x5b, 0x9d, 0xf7, 0xff, 0xfe, 0xfe, 0xfe, 0xff,
    0xfe, 0xfe, 0xfe, 0xff, 0x62, 0xa1, 0xf8, 0xff, 0x34, 0x86, 0xf5, 0xff,
    0x34, 0x86, 0xf5, 0xff, 0xd2, 0xe4, 0xfd, 0xff, 0xfe, 0xfe, 0xfe, 0xff,
    0xc0, 0xd9, 0xfc, 0xff, 0x34, 0x86, 0xf5, 0xff, 0x34, 0x86, 0xf5, 0xff,
    0x34, 0x86, 0xf5, 0xff, 0x34, 0x86, 0xf5, 0xff, 0x34, 0x86, 0xf5, 0xff,
    0x34, 0x86, 0xf5, 0xff, 0x34, 0x86, 0xf5, 0xff, 0xbf, 0xd9, 0xfc, 0xff,
    0xfe, 0xfe, 0xfe, 0xff, 0x9d, 0xc5, 0xfa, 0xff, 0x34, 0x86, 0xf5, 0xff,
    0x34, 0x86, 0xf5, 0xff, 0x34, 0x86, 0xf5, 0xff, 0x93, 0xbf, 0xfa, 0xff,
    0xfe, 0xfe, 0xfe, 0xff, 0xf4, 0xf8, 0xfe, 0xff, 0x34, 0x86, 0xf5, 0xff,
    0x34, 0x86, 0xf5, 0xff, 0x34, 0x86, 0xf5, 0xff, 0x34, 0x86, 0xf5, 0xff,
    0x34, 0x86, 0xf5, 0xff, 0x34, 0x86, 0xf5, 0xff, 0x34, 0x86, 0xf5, 0xff,
    0x34, 0x86, 0xf5, 0xff, 0x34, 0x86, 0xf5, 0xff, 0x34, 0x86, 0xf5, 0xff,
    0x34, 0x86, 0xf5, 0xff, 0x34, 0x86, 0xf5, 0xff, 0x34, 0x86, 0xf5, 0xff,
    0x34, 0x86, 0xf5, 0xff, 0x34, 0x86, 0xf5, 0xff, 0x34, 0x86, 0xf5, 0xff,
    0x34, 0x86, 0xf5, 0xff, 0x34, 0x86, 0xf5, 0xff, 0x34, 0x86, 0xf5, 0xff,
    0x34, 0x86, 0xf5, 0xff, 0x34, 0x86, 0xf5, 0xff, 0x34, 0x86, 0xf5, 0xff,
    0x34, 0x86, 0xf5, 0xff, 0x34, 0x86, 0xf5, 0xff, 0x34, 0x86, 0xf5, 0xff,
    0x34, 0x86, 0xf5, 0xfd, 0x01, 0x80, 0xc0, 0x04, 0x34, 0x86, 0xf5, 0xff,
    0x34, 0x86, 0xf5, 0xff, 0x34, 0x86, 0xf5, 0xff, 0x34, 0x86, 0xf5, 0xff,
    0x34, 0x86, 0xf5, 0xff, 0x34, 0x86, 0xf5, 0xff, 0x34, 0x86, 0xf5, 0xff,
    0x34, 0x86, 0xf5, 0xff, 0x34, 0x86, 0xf5, 0xff, 0x34, 0x86, 0xf5, 0xff,
    0x34, 0x86, 0xf5, 0xff, 0x34, 0x86, 0xf5, 0xff, 0x34, 0x86, 0xf5, 0xff,
    0x34, 0x86, 0xf5, 0xff, 0x34, 0x86, 0xf5, 0xff, 0x34, 0x86, 0xf5, 0xff,
    0x34, 0x86, 0xf5, 0xff, 0x34, 0x86, 0xf5, 0xff, 0x34, 0x86, 0xf5, 0xff,
    0x34, 0x86, 0xf5, 0xff, 0x34, 0x86, 0xf5, 0xff, 0x34, 0x86, 0xf5, 0xff,
    0xfc, 0xfd, 0xfe, 0xff, 0xfe, 0xfe, 0xfe, 0xff, 0xaf, 0xcf, 0xfb, 0xff,
    0x34, 0x86, 0xf5, 0xff, 0x34, 0x86, 0xf5, 0xff, 0x34, 0x86, 0xf5, 0xff,
    0x34, 0x86, 0xf5, 0xff, 0x34, 0x86, 0xf5, 0xff, 0x34, 0x86, 0xf5, 0xff,
    0x34, 0x86, 0xf5, 0xff, 0x34, 0x86, 0xf5, 0xff, 0x34, 0x86, 0xf5, 0xff,
    0x34, 0x86, 0xf5, 0xff, 0x34, 0x86, 0xf5, 0xff, 0x34, 0x86, 0xf5, 0xff,
    0x34, 0x86, 0xf5, 0xff, 0x34, 0x86, 0xf5, 0xff, 0x34, 0x86, 0xf5, 0xff,
    0xe3, 0xee, 0xfd, 0xff, 0xfe, 0xfe, 0xfe, 0xff, 0xa4, 0xc9, 0xfa, 0xff,
    0x34, 0x86, 0xf5, 0xff, 0x34, 0x86, 0xf5, 0xff, 0x34, 0x86, 0xf5, 0xff,
    0x34, 0x86, 0xf5, 0xff, 0x34, 0x86, 0xf5, 0xff, 0x34, 0x86, 0xf5, 0xff,
    0xc8, 0xde, 0xfc, 0xff, 0xfe, 0xfe, 0xfe, 0xff, 0xc0, 0xd9, 0xfc, 0xff,
    0x34, 0x86, 0xf5, 0xff, 0x34, 0x86, 0xf5, 0xff, 0x34, 0x86, 0xf5, 0xff,
    0x39, 0x89, 0xf6, 0xff, 0xfe, 0xfe, 0xfe, 0xff, 0xfe, 0xfe, 0xfe, 0xff,
    0x82, 0xb5, 0xf9, 0xff, 0x34, 0x86, 0xf5, 0xff, 0x34, 0x86, 0xf5, 0xff,
    0x34, 0x86, 0xf5, 0xff, 0x9e, 0xc5, 0xfa, 0xff, 0xfe, 0xfe, 0xfe, 0xff,
    0xfb, 0xfc, 0xfe, 0xff, 0xa5, 0xca, 0xfb, 0xff, 0xa5, 0xca, 0xfb, 0xff,
    0xa5, 0xca, 0xfb, 0xff, 0xa5, 0xca, 0xfb, 0xff, 0xa5, 0xca, 0xfb, 0xff,
    0xa5, 0xca, 0xfb, 0xff, 0xa5, 0xca, 0xfb, 0xff, 0xa5, 0xca, 0xfb, 0xff,
    0xa5, 0xca, 0xfb, 0xff, 0xa5, 0xca, 0xfb, 0xff, 0x72, 0xab, 0xf8, 0xff,
    0x34, 0x86, 0xf5, 0xff, 0x34, 0x86, 0xf5, 0xff, 0x77, 0xae, 0xf8, 0xff,
    0xfe, 0xfe, 0xfe, 0xff, 0xfe, 0xfe, 0xfe, 0xff, 0x45, 0x90, 0xf6, 0xff,
    0x34, 0x86, 0xf5, 0xff, 0x34, 0x86, 0xf5, 0xff, 0x34, 0x86, 0xf5, 0xff,
    0x34, 0x86, 0xf5, 0xff, 0x34, 0x86, 0xf5, 0xff, 0x5b, 0x9d, 0xf7, 0xff,
    0xfe, 0xfe, 0xfe, 0xff, 0xfe, 0xfe, 0xfe, 0xff, 0x62, 0xa1, 0xf8, 0xff,
    0x34, 0x86, 0xf5, 0xff, 0x34, 0x86, 0xf5, 0xff, 0xd1, 0xe4, 0xfc, 0xff,
    0xfe, 0xfe, 0xfe, 0xff, 0xc1, 0xda, 0xfc, 0xff, 0x34, 0x86, 0xf5, 0xff,
    0x34, 0x86, 0xf5, 0xff, 0x34, 0x86, 0xf5, 0xff, 0x34, 0x86, 0xf5, 0xff,
    0x34, 0x86, 0xf5, 0xff, 0x34, 0x86, 0xf5, 0xff, 0x34, 0x86, 0xf5, 0xff,
    0xbc, 0xd7, 0xfc, 0xff, 0xfe, 0xfe, 0xfe, 0xff, 0x9d, 0xc5, 0xfa, 0xff,
    0x34, 0x86, 0xf5, 0xff, 0x34, 0x86, 0xf5, 0xff, 0x34, 0x86, 0xf5, 0xff,
    0x93, 0xbf, 0xfa, 0xff, 0xfe, 0xfe, 0xfe, 0xff, 0xf4, 0xf8, 0xfe, 0xff,
    0x34, 0x86, 0xf5, 0xff, 0x34, 0x86, 0xf5, 0xff, 0x34, 0x86, 0xf5, 0xff,
    0x34, 0x86, 0xf5, 0xff, 0x34, 0x86, 0xf5, 0xff, 0x34, 0x86, 0xf5, 0xff,
    0x34, 0x86, 0xf5, 0xff, 0x34, 0x86, 0xf5, 0xff, 0x34, 0x86, 0xf5, 0xff,
    0x34, 0x86, 0xf5, 0xff, 0x34, 0x86, 0xf5, 0xff, 0x34, 0x86, 0xf5, 0xff,
    0x34, 0x86, 0xf5, 0xff, 0x34, 0x86, 0xf5, 0xff, 0x34, 0x86, 0xf5, 0xff,
    0x34, 0x86, 0xf5, 0xff, 0x34, 0x86, 0xf5, 0xff, 0x34, 0x86, 0xf5, 0xff,
    0x34, 0x86, 0xf5, 0xff, 0x34, 0x86, 0xf5, 0xff, 0x34, 0x86, 0xf5, 0xff,
    0x34, 0x86, 0xf5, 0xff, 0x34, 0x86, 0xf5, 0xff, 0x34, 0x86, 0xf5, 0xff,
    0x34, 0x86, 0xf5, 0xff, 0x34, 0x86, 0xf5, 0xfd, 0x01, 0x80, 0xc0, 0x04,
    0x34, 0x86, 0xf5, 0xff, 0x34, 0x86, 0xf5, 0xff, 0x34, 0x86, 0xf5, 0xff,
    0x34, 0x86, 0xf5, 0xff, 0x34, 0x86, 0xf5, 0xff, 0x34, 0x86, 0xf5, 0xff,
    0x34, 0x86, 0xf5, 0xff, 0x34, 0x86, 0xf5, 0xff, 0x34, 0x86, 0xf5, 0xff,
    0x34, 0x86, 0xf5, 0xff, 0x34, 0x86, 0xf5, 0xff, 0x34, 0x86, 0xf5, 0xff,
    0x34, 0x86, 0xf5, 0xff, 0x34, 0x86, 0xf5, 0xff, 0x34, 0x86, 0xf5, 0xff,
    0x34, 0x86, 0xf5, 0xff, 0x34, 0x86, 0xf5, 0xff, 0x34, 0x86, 0xf5, 0xff,
    0x34, 0x86, 0xf5, 0xff, 0x34, 0x86, 0xf5, 0xff, 0x34, 0x86, 0xf5, 0xff,
    0x34, 0x86, 0xf5, 0xff, 0xfc, 0xfd, 0xfe, 0xff, 0xfe, 0xfe, 0xfe, 0xff,
    0xaf, 0xcf, 0xfb, 0xff, 0x34, 0x86, 0xf5, 0xff, 0x34, 0x86, 0xf5, 0xff,
    0x34, 0x86, 0xf5, 0xff, 0x34, 0x86, 0xf5, 0xff, 0x34, 0x86, 0xf5, 0xff,
    0x34, 0x86, 0xf5, 0xff, 0x34, 0x86, 0xf5, 0xff, 0x34, 0x86, 0xf5, 0xff,
    0x34, 0x86, 0xf5, 0xff, 0x34, 0x86, 0xf5, 0xff, 0x34, 0x86, 0xf5, 0xff,
    0x34, 0x86, 0xf5, 0xff, 0x34, 0x86, 0xf5, 0xff, 0x34, 0x86, 0xf5, 0xff,
    0x34, 0x86, 0xf5, 0xff, 0xe3, 0xee, 0xfd, 0xff, 0xfe, 0xfe, 0xfe, 0xff,
    0xa4, 0xc9, 0xfa, 0xff, 0x34, 0x86, 0xf5, 0xff, 0x34, 0x86, 0xf5, 0xff,
    0x34, 0x86, 0xf5, 0xff, 0x34, 0x86, 0xf5, 0xff, 0x34, 0x86, 0xf5, 0xff,
    0x34, 0x86, 0xf5, 0xff, 0xc8, 0xde, 0xfc, 0xff, 0xfe, 0xfe, 0xfe, 0xff,
    0xc0, 0xd9, 0xfc, 0xff, 0x34, 0x86, 0xf5, 0xff, 0x34, 0x86, 0xf5, 0xff,
    0x34, 0x86, 0xf5, 0xff, 0x39, 0x89, 0xf6, 0xff, 0xfe, 0xfe, 0xfe, 0xff,
    0xfe, 0xfe, 0xfe, 0xff, 0x82, 0xb5, 0xf9, 0xff, 0x34, 0x86, 0xf5, 0xff,
    0x34, 0x86, 0xf5, 0xff, 0x34, 0x86, 0xf5, 0xff, 0x8e, 0xbb, 0xf9, 0xff,
    0xfe, 0xfe, 0xfe, 0xff, 0xfe, 0xfe, 0xfe, 0xff, 0x3f, 0x8d, 0xf6, 0xff,
    0x34, 0x86, 0xf5, 0xff, 0x34, 0x86, 0xf5, 0xff, 0x34, 0x86, 0xf5, 0xff,
    0x34, 0x86, 0xf5, 0xff, 0x34, 0x86, 0xf5, 0xff, 0x34, 0x86, 0xf5, 0xff,
    0x34, 0x86, 0xf5, 0xff, 0x34, 0x86, 0xf5, 0xff, 0x34, 0x86, 0xf5, 0xff,
    0x34, 0x86, 0xf5, 0xff, 0x34, 0x86, 0xf5, 0xff, 0x34, 0x86, 0xf5, 0xff,
    0x77, 0xae, 0xf8, 0xff, 0xfe, 0xfe, 0xfe, 0xff, 0xfe, 0xfe, 0xfe, 0xff,
    0x45, 0x90, 0xf6, 0xff, 0x34, 0x86, 0xf5, 0xff, 0x34, 0x86, 0xf5, 0xff,
    0x34, 0x86, 0xf5, 0xff, 0x34, 0x86, 0xf5, 0xff, 0x34, 0x86, 0xf5, 0xff,
    0x5b, 0x9d, 0xf7, 0xff, 0xfe, 0xfe, 0xfe, 0xff, 0xfe, 0xfe, 0xfe, 0xff,
    0x62, 0xa1, 0xf8, 0xff, 0x34, 0x86, 0xf5, 0xff, 0x34, 0x86, 0xf5, 0xff,
    0xbe, 0xd8, 0xfc, 0xff, 0xfe, 0xfe, 0xfe, 0xff, 0xd5, 0xe6, 0xfd, 0xff,
    0x34, 0x86, 0xf5, 0xff, 0x34, 0x86, 0xf5, 0xff, 0x34, 0x86, 0xf5, 0xff,
    0x34, 0x86, 0xf5, 0xff, 0x34, 0x86, 0xf5, 0xff, 0x34, 0x86, 0xf5, 0xff,
    0x34, 0x86, 0xf5, 0xff, 0xcc, 0xe1, 0xfc, 0xff, 0xfe, 0xfe, 0xfe, 0xff,
    0x9d, 0xc5, 0xfa, 0xff, 0x34, 0x86, 0xf5, 0xff, 0x34, 0x86, 0xf5, 0xff,
    0x34, 0x86, 0xf5, 0xff, 0x93, 0xbf, 0xfa, 0xff, 0xfe, 0xfe, 0xfe, 0xff,
    0xf4, 0xf8, 0xfe, 0xff, 0x34, 0x86, 0xf5, 0xff, 0x34, 0x86, 0xf5, 0xff,
    0x34, 0x86, 0xf5, 0xff, 0x34, 0x86, 0xf5, 0xff, 0x34, 0x86, 0xf5, 0xff,
    0x34, 0x86, 0xf5, 0xff, 0x34, 0x86, 0xf5, 0xff, 0x34, 0x86, 0xf5, 0xff,
    0x34, 0x86, 0xf5, 0xff, 0x34, 0x86, 0xf5, 0xff, 0x34, 0x86, 0xf5, 0xff,
    0x34, 0x86, 0xf5, 0xff, 0x34, 0x86, 0xf5, 0xff, 0x34, 0x86, 0xf5, 0xff,
    0x34, 0x86, 0xf5, 0xff, 0x34, 0x86, 0xf5, 0xff, 0x34, 0x86, 0xf5, 0xff,
    0x34, 0x86, 0xf5, 0xff, 0x34, 0x86, 0xf5, 0xff, 0x34, 0x86, 0xf5, 0xff,
    0x34, 0x86, 0xf5, 0xff, 0x34, 0x86, 0xf5, 0xff, 0x34, 0x86, 0xf5, 0xff,
    0x34, 0x86, 0xf5, 0xff, 0x34, 0x86, 0xf5, 0xff, 0x34, 0x86, 0xf5, 0xfd,
    0x01, 0x80, 0xc0, 0x04, 0x34, 0x86, 0xf5, 0xff, 0x34, 0x86, 0xf5, 0xff,
    0x34, 0x86, 0xf5, 0xff, 0x34, 0x86, 0xf5, 0xff, 0x34, 0x86, 0xf5, 0xff,
    0x34, 0x86, 0xf5, 0xff, 0x34, 0x86, 0xf5, 0xff, 0x34, 0x86, 0xf5, 0xff,
    0x34, 0x86, 0xf5, 0xff, 0x34, 0x86, 0xf5, 0xff, 0x34, 0x86, 0xf5, 0xff,
    0x34, 0x86, 0xf5, 0xff, 0x34, 0x86, 0xf5, 0xff, 0x34, 0x86, 0xf5, 0xff,
    0x34, 0x86, 0xf5, 0xff, 0x34, 0x86, 0xf5, 0xff, 0x34, 0x86, 0xf5, 0xff,
    0x34, 0x86, 0xf5, 0xff, 0x34, 0x86, 0xf5, 0xff, 0x34, 0x86, 0xf5, 0xff,
    0x34, 0x86, 0xf5, 0xff, 0x34, 0x86, 0xf5, 0xff, 0xfc, 0xfd, 0xfe, 0xff,
    0xfe, 0xfe, 0xfe, 0xff, 0xaf, 0xcf, 0xfb, 0xff, 0x34, 0x86, 0xf5, 0xff,
    0x34, 0x86, 0xf5, 0xff, 0x34, 0x86, 0xf5, 0xff, 0x34, 0x86, 0xf5, 0xff,
    0x34, 0x86, 0xf5, 0xff, 0x34, 0x86, 0xf5, 0xff, 0x34, 0x86, 0xf5, 0xff,
    0x34, 0x86, 0xf5, 0xff, 0x34, 0x86, 0xf5, 0xff, 0x34, 0x86, 0xf5, 0xff,
    0x34, 0x86, 0xf5, 0xff, 0x34, 0x86, 0xf5, 0xff, 0x34, 0x86, 0xf5, 0xff,
    0x34, 0x86, 0xf5, 0xff, 0x34, 0x86, 0xf5, 0xff, 0xe3, 0xee, 0xfd, 0xff,
    0xfe, 0xfe, 0xfe, 0xff, 0xa4, 0xc9, 0xfa, 0xff, 0x34, 0x86, 0xf5, 0xff,
    0x34, 0x86, 0xf5, 0xff, 0x34, 0x86, 0xf5, 0xff, 0x34, 0x86, 0xf5, 0xff,
    0x34, 0x86, 0xf5, 0xff, 0x34, 0x86, 0xf5, 0xff, 0xc8, 0xde, 0xfc, 0xff,
    0xfe, 0xfe, 0xfe, 0xff, 0xc0, 0xd9, 0xfc, 0xff, 0x34, 0x86, 0xf5, 0xff,
    0x34, 0x86, 0xf5, 0xff, 0x34, 0x86, 0xf5, 0xff, 0x39, 0x89, 0xf6, 0xff,
    0xfe, 0xfe, 0xfe, 0xff, 0xfe, 0xfe, 0xfe, 0xff, 0x82, 0xb5, 0xf9, 0xff,
    0x34, 0x86, 0xf5, 0xff, 0x34, 0x86, 0xf5, 0xff, 0x34, 0x86, 0xf5, 0xff,
    0x67, 0xa5, 0xf8, 0xff, 0xfe, 0xfe, 0xfe, 0xff, 0xfe, 0xfe, 0xfe, 0xff,
    0x73, 0xac, 0xf8, 0xff, 0x34, 0x86, 0xf5, 0xff, 0x34, 0x86, 0xf5, 0xff,
    0x34, 0x86, 0xf5, 0xff, 0x34, 0x86, 0xf5, 0xff, 0x34, 0x86, 0xf5, 0xff,
    0x34, 0x86, 0xf5, 0xff, 0x43, 0x8f, 0xf6, 0xff, 0x96, 0xc1, 0xfa, 0xff,
    0x7d, 0xb1, 0xf9, 0xff, 0x4c, 0x94, 0xf7, 0xff, 0x34, 0x86, 0xf5, 0xff,
    0x34, 0x86, 0xf5, 0xff, 0x77, 0xae, 0xf8, 0xff, 0xfe, 0xfe, 0xfe, 0xff,
    0xfe, 0xfe, 0xfe, 0xff, 0x45, 0x90, 0xf6, 0xff, 0x34, 0x86, 0xf5, 0xff,
    0x34, 0x86, 0xf5, 0xff, 0x34, 0x86, 0xf5, 0xff, 0x34, 0x86, 0xf5, 0xff,
    0x34, 0x86, 0xf5, 0xff, 0x5b, 0x9d, 0xf7, 0xff, 0xfe, 0xfe, 0xfe, 0xff,
    0xfe, 0xfe, 0xfe, 0xff, 0x62, 0xa1, 0xf8, 0xff, 0x34, 0x86, 0xf5, 0xff,
    0x34, 0x86, 0xf5, 0xff, 0x94, 0xbf, 0xfa, 0xff, 0xfe, 0xfe, 0xfe, 0xff,
    0xf9, 0xfb, 0xfe, 0xff, 0x40, 0x8d, 0xf6, 0xff, 0x34, 0x86, 0xf5, 0xff,
    0x34, 0x86, 0xf5, 0xff, 0x34, 0x86, 0xf5, 0xff, 0x34, 0x86, 0xf5, 0xff,
    0x34, 0x86, 0xf5, 0xff, 0x38, 0x89, 0xf6, 0xff, 0xf3, 0xf7, 0xfe, 0xff,
    0xfe, 0xfe, 0xfe, 0xff, 0x9d, 0xc5, 0xfa, 0xff, 0x34, 0x86, 0xf5, 0xff,
    0x34, 0x86, 0xf5, 0xff, 0x34, 0x86, 0xf5, 0xff, 0x93, 0xbf, 0xfa, 0xff,
    0xfe, 0xfe, 0xfe, 0xff, 0xf4, 0xf8, 0xfe, 0xff, 0x34, 0x86, 0xf5, 0xff,
    0x34, 0x86, 0xf5, 0xff, 0x34, 0x86, 0xf5, 0xff, 0x34, 0x86, 0xf5, 0xff,
    0x34, 0x86, 0xf5, 0xff, 0x34, 0x86, 0xf5, 0xff, 0x34, 0x86, 0xf5, 0xff,
    0x34, 0x86, 0xf5, 0xff, 0x34, 0x86, 0xf5, 0xff, 0x34, 0x86, 0xf5, 0xff,
    0x34, 0x86, 0xf5, 0xff, 0x34, 0x86, 0xf5, 0xff, 0x34, 0x86, 0xf5, 0xff,
    0x34, 0x86, 0xf5, 0xff, 0x34, 0x86, 0xf5, 0xff, 0x34, 0x86, 0xf5, 0xff,
    0x34, 0x86, 0xf5, 0xff, 0x34, 0x86, 0xf5, 0xff, 0x34, 0x86, 0xf5, 0xff,
    0x34, 0x86, 0xf5, 0xff, 0x34, 0x86, 0xf5, 0xff, 0x34, 0x86, 0xf5, 0xff,
    0x34, 0x86, 0xf5, 0xff, 0x34, 0x86, 0xf5, 0xff, 0x34, 0x86, 0xf5, 0xff,
    0x34, 0x86, 0xf5, 0xfd, 0x01, 0x80, 0xc0, 0x04, 0x34, 0x86, 0xf5, 0xff,
    0x34, 0x86, 0xf5, 0xff, 0x34, 0x86, 0xf5, 0xff, 0x34, 0x86, 0xf5, 0xff,
    0x34, 0x86, 0xf5, 0xff, 0x34, 0x86, 0xf5, 0xff, 0x34, 0x86, 0xf5, 0xff,
    0x34, 0x86, 0xf5, 0xff, 0x34, 0x86, 0xf5, 0xff, 0x34, 0x86, 0xf5, 0xff,
    0x34, 0x86, 0xf5, 0xff, 0x34, 0x86, 0xf5, 0xff, 0x34, 0x86, 0xf5, 0xff,
    0x34, 0x86, 0xf5, 0xff, 0x34, 0x86, 0xf5, 0xff, 0x34, 0x86, 0xf5, 0xff,
    0x34, 0x86, 0xf5, 0xff, 0x34, 0x86, 0xf5, 0xff, 0x34, 0x86, 0xf5, 0xff,
    0x34, 0x86, 0xf5, 0xff, 0x34, 0x86, 0xf5, 0xff, 0x34, 0x86, 0xf5, 0xff,
    0xfc, 0xfd, 0xfe, 0xff, 0xfe, 0xfe, 0xfe, 0xff, 0xaf, 0xcf, 0xfb, 0xff,
    0x34, 0x86, 0xf5, 0xff, 0x34, 0x86, 0xf5, 0xff, 0x34, 0x86, 0xf5, 0xff,
    0x34, 0x86, 0xf5, 0xff, 0x34, 0x86, 0xf5, 0xff, 0x34, 0x86, 0xf5, 0xff,
    0x34, 0x86, 0xf5, 0xff, 0x34, 0x86, 0xf5, 0xff, 0x34, 0x86, 0xf5, 0xff,
    0x34, 0x86, 0xf5, 0xff, 0x34, 0x86, 0xf5, 0xff, 0x34, 0x86, 0xf5, 0xff,
    0x34, 0x86, 0xf5, 0xff, 0x34, 0x86, 0xf5, 0xff, 0x34, 0x86, 0xf5, 0xff,
    0xe3, 0xee, 0xfd, 0xff, 0xfe, 0xfe, 0xfe, 0xff, 0xa4, 0xc9, 0xfa, 0xff,
    0x34, 0x86, 0xf5, 0xff, 0x34, 0x86, 0xf5, 0xff, 0x34, 0x86, 0xf5, 0xff,
    0x34, 0x86, 0xf5, 0xff, 0x34, 0x86, 0xf5, 0xff, 0x34, 0x86, 0xf5, 0xff,
    0xc8, 0xde, 0xfc, 0xff, 0xfe, 0xfe, 0xfe, 0xff, 0xc0, 0xd9, 0xfc, 0xff,
    0x34, 0x86, 0xf5, 0xff, 0x34, 0x86, 0xf5, 0xff, 0x34, 0x86, 0xf5, 0xff,
    0x35, 0x87, 0xf6, 0xff, 0xfe, 0xfe, 0xfe, 0xff, 0xfe, 0xfe, 0xfe, 0xff,
    0x86, 0xb7, 0xf9, 0xff, 0x34, 0x86, 0xf5, 0xff, 0x34, 0x86, 0xf5, 0xff,
    0x34, 0x86, 0xf5, 0xff, 0x38, 0x88, 0xf6, 0xff, 0xeb, 0xf3, 0xfe, 0xff,
    0xfe, 0xfe, 0xfe, 0xff, 0xd3, 0xe5, 0xfd, 0xff, 0x37, 0x88, 0xf6, 0xff,
    0x34, 0x86, 0xf5, 0xff, 0x34, 0x86, 0xf5, 0xff, 0x34, 0x86, 0xf5, 0xff,
    0x34, 0x86, 0xf5, 0xff, 0x34, 0x86, 0xf5, 0xff, 0x9d, 0xc5, 0xfa, 0xff,
    0xfe, 0xfe, 0xfe, 0xff, 0xfe, 0xfe, 0xfe, 0xff, 0x5e, 0x9f, 0xf7, 0xff,
    0x34, 0x86, 0xf5, 0xff, 0x34, 0x86, 0xf5, 0xff, 0x77, 0xae, 0xf8, 0xff,
    0xfe, 0xfe, 0xfe, 0xff, 0xfe, 0xfe, 0xfe, 0xff, 0x45, 0x90, 0xf6, 0xff,
    0x34, 0x86, 0xf5, 0xff, 0x34, 0x86, 0xf5, 0xff, 0x34, 0x86, 0xf5, 0xff,
    0x34, 0x86, 0xf5, 0xff, 0x34, 0x86, 0xf5, 0xff, 0x5b, 0x9d, 0xf7, 0xff,
    0xfe, 0xfe, 0xfe, 0xff, 0xfe, 0xfe, 0xfe, 0xff, 0x62, 0xa1, 0xf8, 0xff,
    0x34, 0x86, 0xf5, 0xff, 0x34, 0x86, 0xf5, 0xff, 0x50, 0x97, 0xf7, 0xff,
    0xfd, 0xfe, 0xfe, 0xff, 0xfe, 0xfe, 0xfe, 0xff, 0x96, 0xc0, 0xfa, 0xff,
    0x34, 0x86, 0xf5, 0xff, 0x34, 0x86, 0xf5, 0xff, 0x34, 0x86, 0xf5, 0xff,
    0x34, 0x86, 0xf5, 0xff, 0x34, 0x86, 0xf5, 0xff, 0x82, 0xb5, 0xf9, 0xff,
    0xfe, 0xfe, 0xfe, 0xff, 0xfe, 0xfe, 0xfe, 0xff, 0x9d, 0xc5, 0xfa, 0xff,
    0x34, 0x86, 0xf5, 0xff, 0x34, 0x86, 0xf5, 0xff, 0x34, 0x86, 0xf5, 0xff,
    0x93, 0xbf, 0xfa, 0xff, 0xfe, 0xfe, 0xfe, 0xff, 0xf4, 0xf8, 0xfe, 0xff,
    0x34, 0x86, 0xf5, 0xff, 0x34, 0x86, 0xf5, 0xff, 0x34, 0x86, 0xf5, 0xff,
    0x34, 0x86, 0xf5, 0xff, 0x34, 0x86, 0xf5, 0xff, 0x34, 0x86, 0xf5, 0xff,
    0x34, 0x86, 0xf5, 0xff, 0x34, 0x86, 0xf5, 0xff, 0x34, 0x86, 0xf5, 0xff,
    0x34, 0x86, 0xf5, 0xff, 0x34, 0x86, 0xf5, 0xff, 0x34, 0x86, 0xf5, 0xff,
    0x34, 0x86, 0xf5, 0xff, 0x34, 0x86, 0xf5, 0xff, 0x34, 0x86, 0xf5, 0xff,
    0x34, 0x86, 0xf5, 0xff, 0x34, 0x86, 0xf5, 0xff, 0x34, 0x86, 0xf5, 0xff,
    0x34, 0x86, 0xf5, 0xff, 0x34, 0x86, 0xf5, 0xff, 0x34, 0x86, 0xf5, 0xff,
    0x34, 0x86, 0xf5, 0xff, 0x34, 0x86, 0xf5, 0xff, 0x34, 0x86, 0xf5, 0xff,
    0x34, 0x86, 0xf5, 0xff, 0x34, 0x86, 0xf5, 0xfd, 0x01, 0x80, 0xc0, 0x04,
    0x34, 0x86, 0xf5, 0xff, 0x34, 0x86, 0xf5, 0xff, 0x34, 0x86, 0xf5, 0xff,
    0x34, 0x86, 0xf5, 0xff, 0x34, 0x86, 0xf5, 0xff, 0x34, 0x86, 0xf5, 0xff,
    0x34, 0x86, 0xf5, 0xff, 0x34, 0x86, 0xf5, 0xff, 0x34, 0x86, 0xf5, 0xff,
    0x34, 0x86, 0xf5, 0xff, 0x34, 0x86, 0xf5, 0xff, 0x34, 0x86, 0xf5, 0xff,
    0x34, 0x86, 0xf5, 0xff, 0x34, 0x86, 0xf5, 0xff, 0x34, 0x86, 0xf5, 0xff,
    0x34, 0x86, 0xf5, 0xff, 0x34, 0x86, 0xf5, 0xff, 0x34, 0x86, 0xf5, 0xff,
    0x34, 0x86, 0xf5, 0xff, 0x34, 0x86, 0xf5, 0xff, 0x34, 0x86, 0xf5, 0xff,
    0x34, 0x86, 0xf5, 0xff, 0xfc, 0xfd, 0xfe, 0xff, 0xfe, 0xfe, 0xfe, 0xff,
    0xc6, 0xdd, 0xfc, 0xff, 0x70, 0xaa, 0xf8, 0xff, 0x70, 0xaa, 0xf8, 0xff,
    0x70, 0xaa, 0xf8, 0xff, 0x70, 0xaa, 0xf8, 0xff, 0x70, 0xaa, 0xf8, 0xff,
    0x70, 0xaa, 0xf8, 0xff, 0x70, 0xaa, 0xf8, 0xff, 0x70, 0xaa, 0xf8, 0xff,
    0x70, 0xaa, 0xf8, 0xff, 0x70, 0xaa, 0xf8, 0xff, 0x70, 0xaa, 0xf8, 0xff,
    0x5a, 0x9d, 0xf7, 0xff, 0x34, 0x86, 0xf5, 0xff, 0x34, 0x86, 0xf5, 0xff,
    0x34, 0x86, 0xf5, 0xff, 0xe3, 0xee, 0xfd, 0xff, 0xfe, 0xfe, 0xfe, 0xff,
    0xa4, 0xc9, 0xfa, 0xff, 0x34, 0x86, 0xf5, 0xff, 0x34, 0x86, 0xf5, 0xff,
    0x34, 0x86, 0xf5, 0xff, 0x34, 0x86, 0xf5, 0xff, 0x34, 0x86, 0xf5, 0xff,
    0x34, 0x86, 0xf5, 0xff, 0xc8, 0xde, 0xfc, 0xff, 0xfe, 0xfe, 0xfe, 0xff,
    0xc0, 0xd9, 0xfc, 0xff, 0x34, 0x86, 0xf5, 0xff, 0x34, 0x86, 0xf5, 0xff,
    0x34, 0x86, 0xf5, 0xff, 0x34, 0x86, 0xf5, 0xff, 0xf5, 0xf9, 0xfe, 0xff,
    0xfe, 0xfe, 0xfe, 0xff, 0xbf, 0xd9, 0xfc, 0xff, 0x42, 0x8f, 0xf6, 0xff,
    0x41, 0x8e, 0xf6, 0xff, 0x34, 0x86, 0xf5, 0xff, 0x34, 0x86, 0xf5, 0xff,
    0x86, 0xb7, 0xf9, 0xff, 0xfe, 0xfe, 0xfe, 0xff, 0xfe, 0xfe, 0xfe, 0xff,
    0xba, 0xd6, 0xfb, 0xff, 0x41, 0x8e, 0xf6, 0xff, 0x34, 0x86, 0xf5, 0xff,
    0x34, 0x86, 0xf5, 0xff, 0x34, 0x86, 0xf5, 0xff, 0x7f, 0xb3, 0xf9, 0xff,
    0xfb, 0xfd, 0xfe, 0xff, 0xfe, 0xfe, 0xfe, 0xff, 0xc5, 0xdc, 0xfc, 0xff,
    0x34, 0x86, 0xf5, 0xff, 0x34, 0x86, 0xf5, 0xff, 0x34, 0x86, 0xf5, 0xff,
    0x77, 0xae, 0xf8, 0xff, 0xfe, 0xfe, 0xfe, 0xff, 0xfe, 0xfe, 0xfe, 0xff,
    0x45, 0x90, 0xf6, 0xff, 0x34, 0x86, 0xf5, 0xff, 0x34, 0x86, 0xf5, 0xff,
    0x34, 0x86, 0xf5, 0xff, 0x34, 0x86, 0xf5, 0xff, 0x34, 0x86, 0xf5, 0xff,
    0x5b, 0x9d, 0xf7, 0xff, 0xfe, 0xfe, 0xfe, 0xff, 0xfe, 0xfe, 0xfe, 0xff,
    0x62, 0xa1, 0xf8, 0xff, 0x34, 0x86, 0xf5, 0xff, 0x34, 0x86, 0xf5, 0xff,
    0x34, 0x86, 0xf5, 0xff, 0xb1, 0xd0, 0xfb, 0xff, 0xfe, 0xfe, 0xfe, 0xff,
    0xfb, 0xfc, 0xfe, 0xff, 0x7f, 0xb3, 0xf9, 0xff, 0x34, 0x86, 0xf5, 0xff,
    0x34, 0x86, 0xf5, 0xff, 0x34, 0x86, 0xf5, 0xff, 0x6d, 0xa8, 0xf8, 0xff,
    0xf5, 0xf9, 0xfe, 0xff, 0xfe, 0xfe, 0xfe, 0xff, 0xfe, 0xfe, 0xfe, 0xff,
    0x9d, 0xc5, 0xfa, 0xff, 0x34, 0x86, 0xf5, 0xff, 0x34, 0x86, 0xf5, 0xff,
    0x34, 0x86, 0xf5, 0xff, 0x93, 0xbf, 0xfa, 0xff, 0xfe, 0xfe, 0xfe, 0xff,
    0xf4, 0xf8, 0xfe, 0xff, 0x34, 0x86, 0xf5, 0xff, 0x34, 0x86, 0xf5, 0xff,
    0x34, 0x86, 0xf5, 0xff, 0x34, 0x86, 0xf5, 0xff, 0x34, 0x86, 0xf5, 0xff,
    0x34, 0x86, 0xf5, 0xff, 0x34, 0x86, 0xf5, 0xff, 0x34, 0x86, 0xf5, 0xff,
    0x34, 0x86, 0xf5, 0xff, 0x34, 0x86, 0xf5, 0xff, 0x34, 0x86, 0xf5, 0xff,
    0x34, 0x86, 0xf5, 0xff, 0x34, 0x86, 0xf5, 0xff, 0x34, 0x86, 0xf5, 0xff,
    0x34, 0x86, 0xf5, 0xff, 0x34, 0x86, 0xf5, 0xff, 0x34, 0x86, 0xf5, 0xff,
    0x34, 0x86, 0xf5, 0xff, 0x34, 0x86, 0xf5, 0xff, 0x34, 0x86, 0xf5, 0xff,
    0x34, 0x86, 0xf5, 0xff, 0x34, 0x86, 0xf5, 0xff, 0x34, 0x86, 0xf5, 0xff,
    0x34, 0x86, 0xf5, 0xff, 0x34, 0x86, 0xf5, 0xff, 0x34, 0x86, 0xf5, 0xfd,
    0x01, 0x80, 0xc0, 0x04, 0x34, 0x86, 0xf5, 0xff, 0x34, 0x86, 0xf5, 0xff,
    0x34, 0x86, 0xf5, 0xff, 0x34, 0x86, 0xf5, 0xff, 0x34, 0x86, 0xf5, 0xff,
    0x34, 0x86, 0xf5, 0xff, 0x34, 0x86, 0xf5, 0xff, 0x34, 0x86, 0xf5, 0xff,
    0x34, 0x86, 0xf5, 0xff, 0x34, 0x86, 0xf5, 0xff, 0x34, 0x86, 0xf5, 0xff,
    0x34, 0x86, 0xf5, 0xff, 0x34, 0x86, 0xf5, 0xff, 0x34, 0x86, 0xf5, 0xff,
    0x34, 0x86, 0xf5, 0xff, 0x34, 0x86, 0xf5, 0xff, 0x34, 0x86, 0xf5, 0xff,
    0x34, 0x86, 0xf5, 0xff, 0x34, 0x86, 0xf5, 0xff, 0x34, 0x86, 0xf5, 0xff,
    0x34, 0x86, 0xf5, 0xff, 0x34, 0x86, 0xf5, 0xff, 0xfc, 0xfd, 0xfe, 0xff,
    0xfe, 0xfe, 0xfe, 0xff, 0xfe, 0xfe, 0xfe, 0xff, 0xfe, 0xfe, 0xfe, 0xff,
    0xfe, 0xfe, 0xfe, 0xff, 0xfe, 0xfe, 0xfe, 0xff, 0xfe, 0xfe, 0xfe, 0xff,
    0xfe, 0xfe, 0xfe, 0xff, 0xfe, 0xfe, 0xfe, 0xff, 0xfe, 0xfe, 0xfe, 0xff,
    0xfe, 0xfe, 0xfe, 0xff, 0xfe, 0xfe, 0xfe, 0xff, 0xfe, 0xfe, 0xfe, 0xff,
    0xfe, 0xfe, 0xfe, 0xff, 0xb5, 0xd3, 0xfb, 0xff, 0x34, 0x86, 0xf5, 0xff,
    0x34, 0x86, 0xf5, 0xff, 0x34, 0x86, 0xf5, 0xff, 0xe3, 0xee, 0xfd, 0xff,
    0xfe, 0xfe, 0xfe, 0xff, 0xa4, 0xc9, 0xfa, 0xff, 0x34, 0x86, 0xf5, 0xff,
    0x34, 0x86, 0xf5, 0xff, 0x34, 0x86, 0xf5, 0xff, 0x34, 0x86, 0xf5, 0xff,
    0x34, 0x86, 0xf5, 0xff, 0x34, 0x86, 0xf5, 0xff, 0xc8, 0xde, 0xfc, 0xff,
    0xfe, 0xfe, 0xfe, 0xff, 0xc0, 0xd9, 0xfc, 0xff, 0x34, 0x86, 0xf5, 0xff,
    0x34, 0x86, 0xf5, 0xff, 0x34, 0x86, 0xf5, 0xff, 0x34, 0x86, 0xf5, 0xff,
    0xce, 0xe2, 0xfc, 0xff, 0xfe, 0xfe, 0xfe, 0xff, 0xfe, 0xfe, 0xfe, 0xff,
    0xfe, 0xfe, 0xfe, 0xff, 0xeb, 0xf3, 0xfe, 0xff, 0x34, 0x86, 0xf5, 0xff,
    0x34, 0x86, 0xf5, 0xff, 0x34, 0x86, 0xf5, 0xff, 0xad, 0xce, 0xfb, 0xff,
    0xfe, 0xfe, 0xfe, 0xff, 0xfe, 0xfe, 0xfe, 0xff, 0xf5, 0xf9, 0xfe, 0xff,
    0xc6, 0xdd, 0xfc, 0xff, 0xbb, 0xd6, 0xfb, 0xff, 0xdf, 0xec, 0xfd, 0xff,
    0xfe, 0xfe, 0xfe, 0xff, 0xfe, 0xfe, 0xfe, 0xff, 0xe0, 0xed, 0xfd, 0xff,
    0x48, 0x92, 0xf6, 0xff, 0x34, 0x86, 0xf5, 0xff, 0x34, 0x86, 0xf5, 0xff,
    0x34, 0x86, 0xf5, 0xff, 0x77, 0xae, 0xf8, 0xff, 0xfe, 0xfe, 0xfe, 0xff,
    0xfe, 0xfe, 0xfe, 0xff, 0x45, 0x90, 0xf6, 0xff, 0x34, 0x86, 0xf5, 0xff,
    0x34, 0x86, 0xf5, 0xff, 0x34, 0x86, 0xf5, 0xff, 0x34, 0x86, 0xf5, 0xff,
    0x34, 0x86, 0xf5, 0xff, 0x5b, 0x9d, 0xf7, 0xff, 0xfe, 0xfe, 0xfe, 0xff,
    0xfe, 0xfe, 0xfe, 0xff, 0x62, 0xa1, 0xf8, 0xff, 0x34, 0x86, 0xf5, 0xff,
    0x34, 0x86, 0xf5, 0xff, 0x34, 0x86, 0xf5, 0xff, 0x3f, 0x8d, 0xf6, 0xff,
    0xd4, 0xe5, 0xfd, 0xff, 0xfe, 0xfe, 0xfe, 0xff, 0xfe, 0xfe, 0xfe, 0xff,
    0xdc, 0xea, 0xfd, 0xff, 0xbb, 0xd6, 0xfb, 0xff, 0xd5, 0xe6, 0xfd, 0xff,
    0xfe, 0xfe, 0xfe, 0xff, 0xf1, 0xf6, 0xfe, 0xff, 0xdf, 0xec, 0xfd, 0xff,
    0xfe, 0xfe, 0xfe, 0xff, 0x9d, 0xc5, 0xfa, 0xff, 0x34, 0x86, 0xf5, 0xff,
    0x34, 0x86, 0xf5, 0xff, 0x34, 0x86, 0xf5, 0xff, 0x93, 0xbf, 0xfa, 0xff,
    0xfe, 0xfe, 0xfe, 0xff, 0xf4, 0xf8, 0xfe, 0xff, 0x34, 0x86, 0xf5, 0xff,
    0x34, 0x86, 0xf5, 0xff, 0x34, 0x86, 0xf5, 0xff, 0x34, 0x86, 0xf5, 0xff,
    0x34, 0x86, 0xf5, 0xff, 0x34, 0x86, 0xf5, 0xff, 0x34, 0x86, 0xf5, 0xff,
    0x34, 0x86, 0xf5, 0xff, 0x34, 0x86, 0xf5, 0xff, 0x34, 0x86, 0xf5, 0xff,
    0x34, 0x86, 0xf5, 0xff, 0x34, 0x86, 0xf5, 0xff, 0x34, 0x86, 0xf5, 0xff,
    0x34, 0x86, 0xf5, 0xff, 0x34, 0x86, 0xf5, 0xff, 0x34, 0x86, 0xf5, 0xff,
    0x34, 0x86, 0xf5, 0xff, 0x34, 0x86, 0xf5, 0xff, 0x34, 0x86, 0xf5, 0xff,
    0x34, 0x86, 0xf5, 0xff, 0x34, 0x86, 0xf5, 0xff, 0x34, 0x86, 0xf5, 0xff,
    0x34, 0x86, 0xf5, 0xff, 0x34, 0x86, 0xf5, 0xff, 0x34, 0x86, 0xf5, 0xff,
    0x34, 0x86, 0xf5, 0xfd, 0x01, 0x80, 0xc0, 0x04, 0x34, 0x86, 0xf5, 0xff,
    0x34, 0x86, 0xf5, 0xff, 0x34, 0x86, 0xf5, 0xff, 0x34, 0x86, 0xf5, 0xff,
    0x34, 0x86, 0xf5, 0xff, 0x34, 0x86, 0xf5, 0xff, 0x34, 0x86, 0xf5, 0xff,
    0x34, 0x86, 0xf5, 0xff, 0x34, 0x86, 0xf5, 0xff, 0x34, 0x86, 0xf5, 0xff,
    0x34, 0x86, 0xf5, 0xff, 0x34, 0x86, 0xf5, 0xff, 0x34, 0x86, 0xf5, 0xff,
    0x34, 0x86, 0xf5, 0xff, 0x34, 0x86, 0xf5, 0xff, 0x34, 0x86, 0xf5, 0xff,
    0x34, 0x86, 0xf5, 0xff, 0x34, 0x86, 0xf5, 0xff, 0x34, 0x86, 0xf5, 0xff,
    0x34, 0x86, 0xf5, 0xff, 0x34, 0x86, 0xf5, 0xff, 0x34, 0x86, 0xf5, 0xff,
    0xfc, 0xfd, 0xfe, 0xff, 0xfe, 0xfe, 0xfe, 0xff, 0xfe, 0xfe, 0xfe, 0xff,
    0xfe, 0xfe, 0xfe, 0xff, 0xfe, 0xfe, 0xfe, 0xff, 0xfe, 0xfe, 0xfe, 0xff,
    0xfe, 0xfe, 0xfe, 0xff, 0xfe, 0xfe, 0xfe, 0xff, 0xfe, 0xfe, 0xfe, 0xff,
    0xfe, 0xfe, 0xfe, 0xff, 0xfe, 0xfe, 0xfe, 0xff, 0xfe, 0xfe, 0xfe, 0xff,
    0xfe, 0xfe, 0xfe, 0xff, 0xfe, 0xfe, 0xfe, 0xff, 0xb5, 0xd3, 0xfb, 0xff,
    0x34, 0x86, 0xf5, 0xff, 0x34, 0x86, 0xf5, 0xff, 0x34, 0x86, 0xf5, 0xff,
    0xe3, 0xee, 0xfd, 0xff, 0xfe, 0xfe, 0xfe, 0xff, 0xa4, 0xc9, 0xfa, 0xff,
    0x34, 0x86, 0xf5, 0xff, 0x34, 0x86, 0xf5, 0xff, 0x34, 0x86, 0xf5, 0xff,
    0x34, 0x86, 0xf5, 0xff, 0x34, 0x86, 0xf5, 0xff, 0x34, 0x86, 0xf5, 0xff,
    0xc8, 0xde, 0xfc, 0xff, 0xfe, 0xfe, 0xfe, 0xff, 0xc0, 0xd9, 0xfc, 0xff,
    0x34, 0x86, 0xf5, 0xff, 0x34, 0x86, 0xf5, 0xff, 0x34, 0x86, 0xf5, 0xff,
    0x34, 0x86, 0xf5, 0xff, 0x58, 0x9c, 0xf7, 0xff, 0xe1, 0xed, 0xfd, 0xff,
    0xfe, 0xfe, 0xfe, 0xff, 0xfe, 0xfe, 0xfe, 0xff, 0xfe, 0xfe, 0xfe, 0xff,
    0x40, 0x8d, 0xf6, 0xff, 0x34, 0x86, 0xf5, 0xff, 0x34, 0x86, 0xf5, 0xff,
    0x34, 0x86, 0xf5, 0xff, 0x7f, 0xb3, 0xf9, 0xff, 0xe1, 0xed, 0xfd, 0xff,
    0xfe, 0xfe, 0xfe, 0xff, 0xfe, 0xfe, 0xfe, 0xff, 0xfe, 0xfe, 0xfe, 0xff,
    0xfe, 0xfe, 0xfe, 0xff, 0xf6, 0xf9, 0xfe, 0xff, 0xa9, 0xcc, 0xfb, 0xff,
    0x42, 0x8f, 0xf6, 0xff, 0x34, 0x86, 0xf5, 0xff, 0x34, 0x86, 0xf5, 0xff,
    0x34, 0x86, 0xf5, 0xff, 0x34, 0x86, 0xf5, 0xff, 0x77, 0xae, 0xf8, 0xff,
    0xfe, 0xfe, 0xfe, 0xff, 0xfe, 0xfe, 0xfe, 0xff, 0x45, 0x90, 0xf6, 0xff,
    0x34, 0x86, 0xf5, 0xff, 0x34, 0x86, 0xf5, 0xff, 0x34, 0x86, 0xf5, 0xff,
    0x34, 0x86, 0xf5, 0xff, 0x34, 0x86, 0xf5, 0xff, 0x5b, 0x9d, 0xf7, 0xff,
    0xfe, 0xfe, 0xfe, 0xff, 0xfe, 0xfe, 0xfe, 0xff, 0x62, 0xa1, 0xf8, 0xff,
    0x34, 0x86, 0xf5, 0xff, 0x34, 0x86, 0xf5, 0xff, 0x34, 0x86, 0xf5, 0xff,
    0x34, 0x86, 0xf5, 0xff, 0x3c, 0x8b, 0xf6, 0xff, 0xa5, 0xca, 0xfb, 0xff,
    0xf7, 0xfa, 0xfe, 0xff, 0xfe, 0xfe, 0xfe, 0xff, 0xfe, 0xfe, 0xfe, 0xff,
    0xfe, 0xfe, 0xfe, 0xff, 0xdb, 0xe9, 0xfd, 0xff, 0x5b, 0x9d, 0xf7, 0xff,
    0xc7, 0xdd, 0xfc, 0xff, 0xfe, 0xfe, 0xfe, 0xff, 0x9d, 0xc5, 0xfa, 0xff,
    0x34, 0x86, 0xf5, 0xff, 0x34, 0x86, 0xf5, 0xff, 0x34, 0x86, 0xf5, 0xff,
    0x93, 0xbf, 0xfa, 0xff, 0xfe, 0xfe, 0xfe, 0xff, 0xf4, 0xf8, 0xfe, 0xff,
    0x34, 0x86, 0xf5, 0xff, 0x34, 0x86, 0xf5, 0xff, 0x34, 0x86, 0xf5, 0xff,
    0x34, 0x86, 0xf5, 0xff, 0x34, 0x86, 0xf5, 0xff, 0x34, 0x86, 0xf5, 0xff,
    0x34, 0x86, 0xf5, 0xff, 0x34, 0x86, 0xf5, 0xff, 0x34, 0x86, 0xf5, 0xff,
    0x34, 0x86, 0xf5, 0xff, 0x34, 0x86, 0xf5, 0xff, 0x34, 0x86, 0xf5, 0xff,
    0x34, 0x86, 0xf5, 0xff, 0x34, 0x86, 0xf5, 0xff, 0x34, 0x86, 0xf5, 0xff,
    0x34, 0x86, 0xf5, 0xff, 0x34, 0x86, 0xf5, 0xff, 0x34, 0x86, 0xf5, 0xff,
    0x34, 0x86, 0xf5, 0xff, 0x34, 0x86, 0xf5, 0xff, 0x34, 0x86, 0xf5, 0xff,
    0x34, 0x86, 0xf5, 0xff, 0x34, 0x86, 0xf5, 0xff, 0x34, 0x86, 0xf5, 0xff,
    0x34, 0x86, 0xf5, 0xff, 0x34, 0x86, 0xf5, 0xfd, 0xff, 0xff, 0xff, 0x00,
    0x33, 0x86, 0xf5, 0xf9, 0x34, 0x86, 0xf5, 0xff, 0x34, 0x86, 0xf5, 0xff,
    0x34, 0x86, 0xf5, 0xff, 0x34, 0x86, 0xf5, 0xff, 0x34, 0x86, 0xf5, 0xff,
    0x34, 0x86, 0xf5, 0xff, 0x34, 0x86, 0xf5, 0xff, 0x34, 0x86, 0xf5, 0xff,
    0x34, 0x86, 0xf5, 0xff, 0x34, 0x86, 0xf5, 0xff, 0x34, 0x86, 0xf5, 0xff,
    0x34, 0x86, 0xf5, 0xff, 0x34, 0x86, 0xf5, 0xff, 0x34, 0x86, 0xf5, 0xff,
    0x34, 0x86, 0xf5, 0xff, 0x34, 0x86, 0xf5, 0xff, 0x34, 0x86, 0xf5, 0xff,
    0x34, 0x86, 0xf5, 0xff, 0x34, 0x86, 0xf5, 0xff, 0x34, 0x86, 0xf5, 0xff,
    0x34, 0x86, 0xf5, 0xff, 0x34, 0x86, 0xf5, 0xff, 0x34, 0x86, 0xf5, 0xff,
    0x34, 0x86, 0xf5, 0xff, 0x34, 0x86, 0xf5, 0xff, 0x34, 0x86, 0xf5, 0xff,
    0x34, 0x86, 0xf5, 0xff, 0x34, 0x86, 0xf5, 0xff, 0x34, 0x86, 0xf5, 0xff,
    0x34, 0x86, 0xf5, 0xff, 0x34, 0x86, 0xf5, 0xff, 0x34, 0x86, 0xf5, 0xff,
    0x34, 0x86, 0xf5, 0xff, 0x34, 0x86, 0xf5, 0xff, 0x34, 0x86, 0xf5, 0xff,
    0x34, 0x86, 0xf5, 0xff, 0x34, 0x86, 0xf5, 0xff, 0x34, 0x86, 0xf5, 0xff,
    0x34, 0x86, 0xf5, 0xff, 0x34, 0x86, 0xf5, 0xff, 0x34, 0x86, 0xf5, 0xff,
    0x34, 0x86, 0xf5, 0xff, 0x34, 0x86, 0xf5, 0xff, 0x34, 0x86, 0xf5, 0xff,
    0x34, 0x86, 0xf5, 0xff, 0x34, 0x86, 0xf5, 0xff, 0x34, 0x86, 0xf5, 0xff,
    0x34, 0x86, 0xf5, 0xff, 0x34, 0x86, 0xf5, 0xff, 0x34, 0x86, 0xf5, 0xff,
    0x34, 0x86, 0xf5, 0xff, 0x34, 0x86, 0xf5, 0xff, 0x34, 0x86, 0xf5, 0xff,
    0x34, 0x86, 0xf5, 0xff, 0x34, 0x86, 0xf5, 0xff, 0x34, 0x86, 0xf5, 0xff,
    0x34, 0x86, 0xf5, 0xff, 0x4f, 0x96, 0xf7, 0xff, 0x57, 0x9b, 0xf7, 0xff,
    0x44, 0x90, 0xf6, 0xff, 0x34, 0x86, 0xf5, 0xff, 0x34, 0x86, 0xf5, 0xff,
    0x34, 0x86, 0xf5, 0xff, 0x34, 0x86, 0xf5, 0xff, 0x34, 0x86, 0xf5, 0xff,
    0x34, 0x86, 0xf5, 0xff, 0x50, 0x97, 0xf7, 0xff, 0x6b, 0xa7, 0xf8, 0xff,
    0x6f, 0xa9, 0xf8, 0xff, 0x5f, 0xa0, 0xf7, 0xff, 0x3b, 0x8a, 0xf6, 0xff,
    0x34, 0x86, 0xf5, 0xff, 0x34, 0x86, 0xf5, 0xff, 0x34, 0x86, 0xf5, 0xff,
    0x34, 0x86, 0xf5, 0xff, 0x34, 0x86, 0xf5, 0xff, 0x34, 0x86, 0xf5, 0xff,
    0x34, 0x86, 0xf5, 0xff, 0x34, 0x86, 0xf5, 0xff, 0x34, 0x86, 0xf5, 0xff,
    0x34, 0x86, 0xf5, 0xff, 0x34, 0x86, 0xf5, 0xff, 0x34, 0x86, 0xf5, 0xff,
    0x34, 0x86, 0xf5, 0xff, 0x34, 0x86, 0xf5, 0xff, 0x34, 0x86, 0xf5, 0xff,
    0x34, 0x86, 0xf5, 0xff, 0x34, 0x86, 0xf5, 0xff, 0x34, 0x86, 0xf5, 0xff,
    0x34, 0x86, 0xf5, 0xff, 0x34, 0x86, 0xf5, 0xff, 0x34, 0x86, 0xf5, 0xff,
    0x34, 0x86, 0xf5, 0xff, 0x34, 0x86, 0xf5, 0xff, 0x34, 0x86, 0xf5, 0xff,
    0x34, 0x86, 0xf5, 0xff, 0x3d, 0x8c, 0xf6, 0xff, 0x66, 0xa4, 0xf8, 0xff,
    0x70, 0xaa, 0xf8, 0xff, 0x57, 0x9b, 0xf7, 0xff, 0x34, 0x86, 0xf5, 0xff,
    0x34, 0x86, 0xf5, 0xff, 0x34, 0x86, 0xf5, 0xff, 0x34, 0x86, 0xf5, 0xff,
    0x34, 0x86, 0xf5, 0xff, 0x34, 0x86, 0xf5, 0xff, 0x34, 0x86, 0xf5, 0xff,
    0x34, 0x86, 0xf5, 0xff, 0x34, 0x86, 0xf5, 0xff, 0x34, 0x86, 0xf5, 0xff,
    0x34, 0x86, 0xf5, 0xff, 0x34, 0x86, 0xf5, 0xff, 0x34, 0x86, 0xf5, 0xff,
    0x34, 0x86, 0xf5, 0xff, 0x34, 0x86, 0xf5, 0xff, 0x34, 0x86, 0xf5, 0xff,
    0x34, 0x86, 0xf5, 0xff, 0x34, 0x86, 0xf5, 0xff, 0x34, 0x86, 0xf5, 0xff,
    0x34, 0x86, 0xf5, 0xff, 0x34, 0x86, 0xf5, 0xff, 0x34, 0x86, 0xf5, 0xff,
    0x34, 0x86, 0xf5, 0xff, 0x34, 0x86, 0xf5, 0xff, 0x34, 0x86, 0xf5, 0xff,
    0x34, 0x86, 0xf5, 0xff, 0x34, 0x86, 0xf5, 0xff, 0x34, 0x86, 0xf5, 0xff,
    0x34, 0x86, 0xf5, 0xff, 0x34, 0x86, 0xf5, 0xff, 0x34, 0x86, 0xf5, 0xff,
    0x34, 0x86, 0xf5, 0xff, 0x34, 0x86, 0xf5, 0xff, 0x34, 0x86, 0xf5, 0xff,
    0x34, 0x86, 0xf5, 0xff, 0x34, 0x86, 0xf5, 0xff, 0x34, 0x86, 0xf5, 0xfd,
    0xff, 0xff, 0xff, 0x00, 0x34, 0x86, 0xf5, 0xdd, 0x34, 0x86, 0xf5, 0xff,
    0x34, 0x86, 0xf5, 0xff, 0x34, 0x86, 0xf5, 0xff, 0x34, 0x86, 0xf5, 0xff,
    0x34, 0x86, 0xf5, 0xff, 0x34, 0x86, 0xf5, 0xff, 0x34, 0x86, 0xf5, 0xff,
    0x34, 0x86, 0xf5, 0xff, 0x34, 0x86, 0xf5, 0xff, 0x34, 0x86, 0xf5, 0xff,
    0x34, 0x86, 0xf5, 0xff, 0x34, 0x86, 0xf5, 0xff, 0x34, 0x86, 0xf5, 0xff,
    0x34, 0x86, 0xf5, 0xff, 0x34, 0x86, 0xf5, 0xff, 0x34, 0x86, 0xf5, 0xff,
    0x34, 0x86, 0xf5, 0xff, 0x34, 0x86, 0xf5, 0xff, 0x34, 0x86, 0xf5, 0xff,
    0x34, 0x86, 0xf5, 0xff, 0x34, 0x86, 0xf5, 0xff, 0x34, 0x86, 0xf5, 0xff,
    0x34, 0x86, 0xf5, 0xff, 0x34, 0x86, 0xf5, 0xff, 0x34, 0x86, 0xf5, 0xff,
    0x34, 0x86, 0xf5, 0xff, 0x34, 0x86, 0xf5, 0xff, 0x34, 0x86, 0xf5, 0xff,
    0x34, 0x86, 0xf5, 0xff, 0x34, 0x86, 0xf5, 0xff, 0x34, 0x86, 0xf5, 0xff,
    0x34, 0x86, 0xf5, 0xff, 0x34, 0x86, 0xf5, 0xff, 0x34, 0x86, 0xf5, 0xff,
    0x34, 0x86, 0xf5, 0xff, 0x34, 0x86, 0xf5, 0xff, 0x34, 0x86, 0xf5, 0xff,
    0x34, 0x86, 0xf5, 0xff, 0x34, 0x86, 0xf5, 0xff, 0x34, 0x86, 0xf5, 0xff,
    0x34, 0x86, 0xf5, 0xff, 0x34, 0x86, 0xf5, 0xff, 0x34, 0x86, 0xf5, 0xff,
    0x34, 0x86, 0xf5, 0xff, 0x34, 0x86, 0xf5, 0xff, 0x34, 0x86, 0xf5, 0xff,
    0x34, 0x86, 0xf5, 0xff, 0x34, 0x86, 0xf5, 0xff, 0x34, 0x86, 0xf5, 0xff,
    0x34, 0x86, 0xf5, 0xff, 0x34, 0x86, 0xf5, 0xff, 0x34, 0x86, 0xf5, 0xff,
    0x34, 0x86, 0xf5, 0xff, 0x34, 0x86, 0xf5, 0xff, 0x34, 0x86, 0xf5, 0xff,
    0x34, 0x86, 0xf5, 0xff, 0x34, 0x86, 0xf5, 0xff, 0x34, 0x86, 0xf5, 0xff,
    0x34, 0x86, 0xf5, 0xff, 0x34, 0x86, 0xf5, 0xff, 0x34, 0x86, 0xf5, 0xff,
    0x34, 0x86, 0xf5, 0xff, 0x34, 0x86, 0xf5, 0xff, 0x34, 0x86, 0xf5, 0xff,
    0x34, 0x86, 0xf5, 0xff, 0x34, 0x86, 0xf5, 0xff, 0x34, 0x86, 0xf5, 0xff,
    0x34, 0x86, 0xf5, 0xff, 0x34, 0x86, 0xf5, 0xff, 0x34, 0x86, 0xf5, 0xff,
    0x34, 0x86, 0xf5, 0xff, 0x34, 0x86, 0xf5, 0xff, 0x34, 0x86, 0xf5, 0xff,
    0x34, 0x86, 0xf5, 0xff, 0x34, 0x86, 0xf5, 0xff, 0x34, 0x86, 0xf5, 0xff,
    0x34, 0x86, 0xf5, 0xff, 0x34, 0x86, 0xf5, 0xff, 0x34, 0x86, 0xf5, 0xff,
    0x34, 0x86, 0xf5, 0xff, 0x34, 0x86, 0xf5, 0xff, 0x34, 0x86, 0xf5, 0xff,
    0x34, 0x86, 0xf5, 0xff, 0x34, 0x86, 0xf5, 0xff, 0x34, 0x86, 0xf5, 0xff,
    0x34, 0x86, 0xf5, 0xff, 0x34, 0x86, 0xf5, 0xff, 0x34, 0x86, 0xf5, 0xff,
    0x34, 0x86, 0xf5, 0xff, 0x34, 0x86, 0xf5, 0xff, 0x34, 0x86, 0xf5, 0xff,
    0x34, 0x86, 0xf5, 0xff, 0x34, 0x86, 0xf5, 0xff, 0x34, 0x86, 0xf5, 0xff,
    0x34, 0x86, 0xf5, 0xff, 0x34, 0x86, 0xf5, 0xff, 0x34, 0x86, 0xf5, 0xff,
    0x34, 0x86, 0xf5, 0xff, 0x34, 0x86, 0xf5, 0xff, 0x34, 0x86, 0xf5, 0xff,
    0x34, 0x86, 0xf5, 0xff, 0x34, 0x86, 0xf5, 0xff, 0x34, 0x86, 0xf5, 0xff,
    0x34, 0x86, 0xf5, 0xff, 0x34, 0x86, 0xf5, 0xff, 0x34, 0x86, 0xf5, 0xff,
    0x34, 0x86, 0xf5, 0xff, 0x34, 0x86, 0xf5, 0xff, 0x34, 0x86, 0xf5, 0xff,
    0x34, 0x86, 0xf5, 0xff, 0x34, 0x86, 0xf5, 0xff, 0x34, 0x86, 0xf5, 0xff,
    0x34, 0x86, 0xf5, 0xff, 0x34, 0x86, 0xf5, 0xff, 0x34, 0x86, 0xf5, 0xff,
    0x34, 0x86, 0xf5, 0xff, 0x34, 0x86, 0xf5, 0xff, 0x34, 0x86, 0xf5, 0xff,
    0x34, 0x86, 0xf5, 0xff, 0x34, 0x86, 0xf5, 0xff, 0x34, 0x86, 0xf5, 0xff,
    0x34, 0x86, 0xf5, 0xff, 0x34, 0x86, 0xf5, 0xff, 0x34, 0x86, 0xf5, 0xff,
    0x34, 0x86, 0xf5, 0xff, 0x34, 0x86, 0xf5, 0xff, 0x34, 0x86, 0xf5, 0xff,
    0x34, 0x86, 0xf5, 0xff, 0x34, 0x86, 0xf5, 0xff, 0x34, 0x86, 0xf5, 0xff,
    0x34, 0x86, 0xf5, 0xff, 0x34, 0x86, 0xf5, 0xff, 0x34, 0x86, 0xf5, 0xff,
    0x34, 0x86, 0xf5, 0xff, 0x34, 0x86, 0xf5, 0xff, 0x34, 0x86, 0xf5, 0xff,
    0x34, 0x86, 0xf5, 0xfc, 0xff, 0xff, 0xff, 0x00, 0x33, 0x86, 0xf5, 0xad,
    0x34, 0x86, 0xf5, 0xff, 0x34, 0x86, 0xf5, 0xff, 0x34, 0x86, 0xf5, 0xff,
    0x34, 0x86, 0xf5, 0xff, 0x34, 0x86, 0xf5, 0xff, 0x34, 0x86, 0xf5, 0xff,
    0x34, 0x86, 0xf5, 0xff, 0x34, 0x86, 0xf5, 0xff, 0x34, 0x86, 0xf5, 0xff,
    0x34, 0x86, 0xf5, 0xff, 0x34, 0x86, 0xf5, 0xff, 0x34, 0x86, 0xf5, 0xff,
    0x34, 0x86, 0xf5, 0xff, 0x34, 0x86, 0xf5, 0xff, 0x34, 0x86, 0xf5, 0xff,
    0x34, 0x86, 0xf5, 0xff, 0x34, 0x86, 0xf5, 0xff, 0x34, 0x86, 0xf5, 0xff,
    0x34, 0x86, 0xf5, 0xff, 0x34, 0x86, 0xf5, 0xff, 0x34, 0x86, 0xf5, 0xff,
    0x34, 0x86, 0xf5, 0xff, 0x34, 0x86, 0xf5, 0xff, 0x34, 0x86, 0xf5, 0xff,
    0x34, 0x86, 0xf5, 0xff, 0x34, 0x86, 0xf5, 0xff, 0x34, 0x86, 0xf5, 0xff,
    0x34, 0x86, 0xf5, 0xff, 0x34, 0x86, 0xf5, 0xff, 0x34, 0x86, 0xf5, 0xff,
    0x34, 0x86, 0xf5, 0xff, 0x34, 0x86, 0xf5, 0xff, 0x34, 0x86, 0xf5, 0xff,
    0x34, 0x86, 0xf5, 0xff, 0x34, 0x86, 0xf5, 0xff, 0x34, 0x86, 0xf5, 0xff,
    0x34, 0x86, 0xf5, 0xff, 0x34, 0x86, 0xf5, 0xff, 0x34, 0x86, 0xf5, 0xff,
    0x34, 0x86, 0xf5, 0xff, 0x34, 0x86, 0xf5, 0xff, 0x34, 0x86, 0xf5, 0xff,
    0x34, 0x86, 0xf5, 0xff, 0x34, 0x86, 0xf5, 0xff, 0x34, 0x86, 0xf5, 0xff,
    0x34, 0x86, 0xf5, 0xff, 0x34, 0x86, 0xf5, 0xff, 0x34, 0x86, 0xf5, 0xff,
    0x34, 0x86, 0xf5, 0xff, 0x34, 0x86, 0xf5, 0xff, 0x34, 0x86, 0xf5, 0xff,
    0x34, 0x86, 0xf5, 0xff, 0x34, 0x86, 0xf5, 0xff, 0x34, 0x86, 0xf5, 0xff,
    0x34, 0x86, 0xf5, 0xff, 0x34, 0x86, 0xf5, 0xff, 0x34, 0x86, 0xf5, 0xff,
    0x34, 0x86, 0xf5, 0xff, 0x34, 0x86, 0xf5, 0xff, 0x34, 0x86, 0xf5, 0xff,
    0x34, 0x86, 0xf5, 0xff, 0x34, 0x86, 0xf5, 0xff, 0x34, 0x86, 0xf5, 0xff,
    0x34, 0x86, 0xf5, 0xff, 0x34, 0x86, 0xf5, 0xff, 0x34, 0x86, 0xf5, 0xff,
    0x34, 0x86, 0xf5, 0xff, 0x34, 0x86, 0xf5, 0xff, 0x34, 0x86, 0xf5, 0xff,
    0x34, 0x86, 0xf5, 0xff, 0x34, 0x86, 0xf5, 0xff, 0x34, 0x86, 0xf5, 0xff,
    0x34, 0x86, 0xf5, 0xff, 0x34, 0x86, 0xf5, 0xff, 0x34, 0x86, 0xf5, 0xff,
    0x34, 0x86, 0xf5, 0xff, 0x34, 0x86, 0xf5, 0xff, 0x34, 0x86, 0xf5, 0xff,
    0x34, 0x86, 0xf5, 0xff, 0x34, 0x86, 0xf5, 0xff, 0x34, 0x86, 0xf5, 0xff,
    0x34, 0x86, 0xf5, 0xff, 0x34, 0x86, 0xf5, 0xff, 0x34, 0x86, 0xf5, 0xff,
    0x34, 0x86, 0xf5, 0xff, 0x34, 0x86, 0xf5, 0xff, 0x34, 0x86, 0xf5, 0xff,
    0x34, 0x86, 0xf5, 0xff, 0x34, 0x86, 0xf5, 0xff, 0x34, 0x86, 0xf5, 0xff,
    0x34, 0x86, 0xf5, 0xff, 0x34, 0x86, 0xf5, 0xff, 0x34, 0x86, 0xf5, 0xff,
    0x34, 0x86, 0xf5, 0xff, 0x34, 0x86, 0xf5, 0xff, 0x34, 0x86, 0xf5, 0xff,
    0x34, 0x86, 0xf5, 0xff, 0x34, 0x86, 0xf5, 0xff, 0x34, 0x86, 0xf5, 0xff,
    0x34, 0x86, 0xf5, 0xff, 0x34, 0x86, 0xf5, 0xff, 0x34, 0x86, 0xf5, 0xff,
    0x34, 0x86, 0xf5, 0xff, 0x34, 0x86, 0xf5, 0xff, 0x34, 0x86, 0xf5, 0xff,
    0x34, 0x86, 0xf5, 0xff, 0x34, 0x86, 0xf5, 0xff, 0x34, 0x86, 0xf5, 0xff,
    0x34, 0x86, 0xf5, 0xff, 0x34, 0x86, 0xf5, 0xff, 0x34, 0x86, 0xf5, 0xff,
    0x34, 0x86, 0xf5, 0xff, 0x34, 0x86, 0xf5, 0xff, 0x34, 0x86, 0xf5, 0xff,
    0x34, 0x86, 0xf5, 0xff, 0x34, 0x86, 0xf5, 0xff, 0x34, 0x86, 0xf5, 0xff,
    0x34, 0x86, 0xf5, 0xff, 0x34, 0x86, 0xf5, 0xff, 0x34, 0x86, 0xf5, 0xff,
    0x34, 0x86, 0xf5, 0xff, 0x34, 0x86, 0xf5, 0xff, 0x34, 0x86, 0xf5, 0xff,
    0x34, 0x86, 0xf5, 0xff, 0x34, 0x86, 0xf5, 0xff, 0x34, 0x86, 0xf5, 0xff,
    0x34, 0x86, 0xf5, 0xff, 0x34, 0x86, 0xf5, 0xff, 0x34, 0x86, 0xf5, 0xff,
    0x34, 0x86, 0xf5, 0xff, 0x34, 0x86, 0xf5, 0xff, 0x34, 0x86, 0xf5, 0xff,
    0x34, 0x86, 0xf5, 0xff, 0x34, 0x86, 0xf5, 0xff, 0x34, 0x86, 0xf5, 0xff,
    0x34, 0x86, 0xf5, 0xff, 0x34, 0x86, 0xf5, 0xf0, 0xff, 0xff, 0xff, 0x00,
    0x34, 0x84, 0xf5, 0x65, 0x34, 0x86, 0xf5, 0xff, 0x34, 0x86, 0xf5, 0xff,
    0x34, 0x86, 0xf5, 0xff, 0x34, 0x86, 0xf5, 0xff, 0x34, 0x86, 0xf5, 0xff,
    0x34, 0x86, 0xf5, 0xff, 0x34, 0x86, 0xf5, 0xff, 0x34, 0x86, 0xf5, 0xff,
    0x34, 0x86, 0xf5, 0xff, 0x34, 0x86, 0xf5, 0xff, 0x34, 0x86, 0xf5, 0xff,
    0x34, 0x86, 0xf5, 0xff, 0x34, 0x86, 0xf5, 0xff, 0x34, 0x86, 0xf5, 0xff,
    0x34, 0x86, 0xf5, 0xff, 0x34, 0x86, 0xf5, 0xff, 0x34, 0x86, 0xf5, 0xff,
    0x34, 0x86, 0xf5, 0xff, 0x34, 0x86, 0xf5, 0xff, 0x34, 0x86, 0xf5, 0xff,
    0x34, 0x86, 0xf5, 0xff, 0x34, 0x86, 0xf5, 0xff, 0x34, 0x86, 0xf5, 0xff,
    0x34, 0x86, 0xf5, 0xff, 0x34, 0x86, 0xf5, 0xff, 0x34, 0x86, 0xf5, 0xff,
    0x34, 0x86, 0xf5, 0xff, 0x34, 0x86, 0xf5, 0xff, 0x34, 0x86, 0xf5, 0xff,
    0x34, 0x86, 0xf5, 0xff, 0x34, 0x86, 0xf5, 0xff, 0x34, 0x86, 0xf5, 0xff,
    0x34, 0x86, 0xf5, 0xff, 0x34, 0x86, 0xf5, 0xff, 0x34, 0x86, 0xf5, 0xff,
    0x34, 0x86, 0xf5, 0xff, 0x34, 0x86, 0xf5, 0xff, 0x34, 0x86, 0xf5, 0xff,
    0x34, 0x86, 0xf5, 0xff, 0x34, 0x86, 0xf5, 0xff, 0x34, 0x86, 0xf5, 0xff,
    0x34, 0x86, 0xf5, 0xff, 0x34, 0x86, 0xf5, 0xff, 0x34, 0x86, 0xf5, 0xff,
    0x34, 0x86, 0xf5, 0xff, 0x34, 0x86, 0xf5, 0xff, 0x34, 0x86, 0xf5, 0xff,
    0x34, 0x86, 0xf5, 0xff, 0x34, 0x86, 0xf5, 0xff, 0x34, 0x86, 0xf5, 0xff,
    0x34, 0x86, 0xf5, 0xff, 0x34, 0x86, 0xf5, 0xff, 0x34, 0x86, 0xf5, 0xff,
    0x34, 0x86, 0xf5, 0xff, 0x34, 0x86, 0xf5, 0xff, 0x34, 0x86, 0xf5, 0xff,
    0x34, 0x86, 0xf5, 0xff, 0x34, 0x86, 0xf5, 0xff, 0x34, 0x86, 0xf5, 0xff,
    0x34, 0x86, 0xf5, 0xff, 0x34, 0x86, 0xf5, 0xff, 0x34, 0x86, 0xf5, 0xff,
    0x34, 0x86, 0xf5, 0xff, 0x34, 0x86, 0xf5, 0xff, 0x34, 0x86, 0xf5, 0xff,
    0x34, 0x86, 0xf5, 0xff, 0x34, 0x86, 0xf5, 0xff, 0x34, 0x86, 0xf5, 0xff,
    0x34, 0x86, 0xf5, 0xff, 0x34, 0x86, 0xf5, 0xff, 0x34, 0x86, 0xf5, 0xff,
    0x34, 0x86, 0xf5, 0xff, 0x34, 0x86, 0xf5, 0xff, 0x34, 0x86, 0xf5, 0xff,
    0x34, 0x86, 0xf5, 0xff, 0x34, 0x86, 0xf5, 0xff, 0x34, 0x86, 0xf5, 0xff,
    0x34, 0x86, 0xf5, 0xff, 0x34, 0x86, 0xf5, 0xff, 0x34, 0x86, 0xf5, 0xff,
    0x34, 0x86, 0xf5, 0xff, 0x34, 0x86, 0xf5, 0xff, 0x34, 0x86, 0xf5, 0xff,
    0x34, 0x86, 0xf5, 0xff, 0x34, 0x86, 0xf5, 0xff, 0x34, 0x86, 0xf5, 0xff,
    0x34, 0x86, 0xf5, 0xff, 0x34, 0x86, 0xf5, 0xff, 0x34, 0x86, 0xf5, 0xff,
    0x34, 0x86, 0xf5, 0xff, 0x34, 0x86, 0xf5, 0xff, 0x34, 0x86, 0xf5, 0xff,
    0x34, 0x86, 0xf5, 0xff, 0x34, 0x86, 0xf5, 0xff, 0x34, 0x86, 0xf5, 0xff,
    0x34, 0x86, 0xf5, 0xff, 0x34, 0x86, 0xf5, 0xff, 0x34, 0x86, 0xf5, 0xff,
    0x34, 0x86, 0xf5, 0xff, 0x34, 0x86, 0xf5, 0xff, 0x34, 0x86, 0xf5, 0xff,
    0x34, 0x86, 0xf5, 0xff, 0x34, 0x86, 0xf5, 0xff, 0x34, 0x86, 0xf5, 0xff,
    0x34, 0x86, 0xf5, 0xff, 0x34, 0x86, 0xf5, 0xff, 0x34, 0x86, 0xf5, 0xff,
    0x34, 0x86, 0xf5, 0xff, 0x34, 0x86, 0xf5, 0xff, 0x34, 0x86, 0xf5, 0xff,
    0x34, 0x86, 0xf5, 0xff, 0x34, 0x86, 0xf5, 0xff, 0x34, 0x86, 0xf5, 0xff,
    0x34, 0x86, 0xf5, 0xff, 0x34, 0x86, 0xf5, 0xff, 0x34, 0x86, 0xf5, 0xff,
    0x34, 0x86, 0xf5, 0xff, 0x34, 0x86, 0xf5, 0xff, 0x34, 0x86, 0xf5, 0xff,
    0x34, 0x86, 0xf5, 0xff, 0x34, 0x86, 0xf5, 0xff, 0x34, 0x86, 0xf5, 0xff,
    0x34, 0x86, 0xf5, 0xff, 0x34, 0x86, 0xf5, 0xff, 0x34, 0x86, 0xf5, 0xff,
    0x34, 0x86, 0xf5, 0xff, 0x34, 0x86, 0xf5, 0xff, 0x34, 0x86, 0xf5, 0xff,
    0x34, 0x86, 0xf5, 0xff, 0x34, 0x86, 0xf5, 0xff, 0x34, 0x86, 0xf5, 0xff,
    0x34, 0x86, 0xf5, 0xff, 0x34, 0x86, 0xf5, 0xff, 0x34, 0x86, 0xf5, 0xff,
    0x34, 0x86, 0xf5, 0xff, 0x34, 0x86, 0xf5, 0xff, 0x34, 0x85, 0xf5, 0xd2,
    0xff, 0xff, 0xff, 0x00, 0x31, 0x80, 0xf0, 0x10, 0x34, 0x86, 0xf5, 0xf3,
    0x34, 0x86, 0xf5, 0xff, 0x34, 0x86, 0xf5, 0xff, 0x34, 0x86, 0xf5, 0xff,
    0x34, 0x86, 0xf5, 0xff, 0x34, 0x86, 0xf5, 0xff, 0x34, 0x86, 0xf5, 0xff,
    0x34, 0x86, 0xf5, 0xff, 0x34, 0x86, 0xf5, 0xff, 0x34, 0x86, 0xf5, 0xff,
    0x34, 0x86, 0xf5, 0xff, 0x34, 0x86, 0xf5, 0xff, 0x34, 0x86, 0xf5, 0xff,
    0x34, 0x86, 0xf5, 0xff, 0x34, 0x86, 0xf5, 0xff, 0x34, 0x86, 0xf5, 0xff,
    0x34, 0x86, 0xf5, 0xff, 0x34, 0x86, 0xf5, 0xff, 0x34, 0x86, 0xf5, 0xff,
    0x34, 0x86, 0xf5, 0xff, 0x34, 0x86, 0xf5, 0xff, 0x34, 0x86, 0xf5, 0xff,
    0x34, 0x86, 0xf5, 0xff, 0x34, 0x86, 0xf5, 0xff, 0x34, 0x86, 0xf5, 0xff,
    0x34, 0x86, 0xf5, 0xff, 0x34, 0x86, 0xf5, 0xff, 0x34, 0x86, 0xf5, 0xff,
    0x34, 0x86, 0xf5, 0xff, 0x34, 0x86, 0xf5, 0xff, 0x34, 0x86, 0xf5, 0xff,
    0x34, 0x86, 0xf5, 0xff, 0x34, 0x86, 0xf5, 0xff, 0x34, 0x86, 0xf5, 0xff,
    0x34, 0x86, 0xf5, 0xff, 0x34, 0x86, 0xf5, 0xff, 0x34, 0x86, 0xf5, 0xff,
    0x34, 0x86, 0xf5, 0xff, 0x34, 0x86, 0xf5, 0xff, 0x34, 0x86, 0xf5, 0xff,
    0x34, 0x86, 0xf5, 0xff, 0x34, 0x86, 0xf5, 0xff, 0x34, 0x86, 0xf5, 0xff,
    0x34, 0x86, 0xf5, 0xff, 0x34, 0x86, 0xf5, 0xff, 0x34, 0x86, 0xf5, 0xff,
    0x34, 0x86, 0xf5, 0xff, 0x34, 0x86, 0xf5, 0xff, 0x34, 0x86, 0xf5, 0xff,
    0x34, 0x86, 0xf5, 0xff, 0x34, 0x86, 0xf5, 0xff, 0x34, 0x86, 0xf5, 0xff,
    0x34, 0x86, 0xf5, 0xff, 0x34, 0x86, 0xf5, 0xff, 0x34, 0x86, 0xf5, 0xff,
    0x34, 0x86, 0xf5, 0xff, 0x34, 0x86, 0xf5, 0xff, 0x34, 0x86, 0xf5, 0xff,
    0x34, 0x86, 0xf5, 0xff, 0x34, 0x86, 0xf5, 0xff, 0x34, 0x86, 0xf5, 0xff,
    0x34, 0x86, 0xf5, 0xff, 0x34, 0x86, 0xf5, 0xff, 0x34, 0x86, 0xf5, 0xff,
    0x34, 0x86, 0xf5, 0xff, 0x34, 0x86, 0xf5, 0xff, 0x34, 0x86, 0xf5, 0xff,
    0x34, 0x86, 0xf5, 0xff, 0x34, 0x86, 0xf5, 0xff, 0x34, 0x86, 0xf5, 0xff,
    0x34, 0x86, 0xf5, 0xff, 0x34, 0x86, 0xf5, 0xff, 0x34, 0x86, 0xf5, 0xff,
    0x34, 0x86, 0xf5, 0xff, 0x34, 0x86, 0xf5, 0xff, 0x34, 0x86, 0xf5, 0xff,
    0x34, 0x86, 0xf5, 0xff, 0x34, 0x86, 0xf5, 0xff, 0x34, 0x86, 0xf5, 0xff,
    0x34, 0x86, 0xf5, 0xff, 0x34, 0x86, 0xf5, 0xff, 0x34, 0x86, 0xf5, 0xff,
    0x34, 0x86, 0xf5, 0xff, 0x34, 0x86, 0xf5, 0xff, 0x34, 0x86, 0xf5, 0xff,
    0x34, 0x86, 0xf5, 0xff, 0x34, 0x86, 0xf5, 0xff, 0x34, 0x86, 0xf5, 0xff,
    0x34, 0x86, 0xf5, 0xff, 0x34, 0x86, 0xf5, 0xff, 0x34, 0x86, 0xf5, 0xff,
    0x34, 0x86, 0xf5, 0xff, 0x34, 0x86, 0xf5, 0xff, 0x34, 0x86, 0xf5, 0xff,
    0x34, 0x86, 0xf5, 0xff, 0x34, 0x86, 0xf5, 0xff, 0x34, 0x86, 0xf5, 0xff,
    0x34, 0x86, 0xf5, 0xff, 0x34, 0x86, 0xf5, 0xff, 0x34, 0x86, 0xf5, 0xff,
    0x34, 0x86, 0xf5, 0xff, 0x34, 0x86, 0xf5, 0xff, 0x34, 0x86, 0xf5, 0xff,
    0x34, 0x86, 0xf5, 0xff, 0x34, 0x86, 0xf5, 0xff, 0x34, 0x86, 0xf5, 0xff,
    0x34, 0x86, 0xf5, 0xff, 0x34, 0x86, 0xf5, 0xff, 0x34, 0x86, 0xf5, 0xff,
    0x34, 0x86, 0xf5, 0xff, 0x34, 0x86, 0xf5, 0xff, 0x34, 0x86, 0xf5, 0xff,
    0x34, 0x86, 0xf5, 0xff, 0x34, 0x86, 0xf5, 0xff, 0x34, 0x86, 0xf5, 0xff,
    0x34, 0x86, 0xf5, 0xff, 0x34, 0x86, 0xf5, 0xff, 0x34, 0x86, 0xf5, 0xff,
    0x34, 0x86, 0xf5, 0xff, 0x34, 0x86, 0xf5, 0xff, 0x34, 0x86, 0xf5, 0xff,
    0x34, 0x86, 0xf5, 0xff, 0x34, 0x86, 0xf5, 0xff, 0x34, 0x86, 0xf5, 0xff,
    0x34, 0x86, 0xf5, 0xff, 0x34, 0x86, 0xf5, 0xff, 0x34, 0x86, 0xf5, 0xff,
    0x34, 0x86, 0xf5, 0xff, 0x34, 0x86, 0xf5, 0xff, 0x34, 0x86, 0xf5, 0xff,
    0x34, 0x86, 0xf5, 0xff, 0x34, 0x86, 0xf5, 0xff, 0x34, 0x86, 0xf5, 0xff,
    0x34, 0x86, 0xf5, 0xff, 0x34, 0x86, 0xf5, 0xff, 0x34, 0x86, 0xf5, 0xff,
    0x33, 0x85, 0xf4, 0x9e, 0xff, 0xff, 0xff, 0x00, 0xff, 0xff, 0xff, 0x00,
    0x34, 0x85, 0xf4, 0x87, 0x34, 0x86, 0xf5, 0xff, 0x34, 0x86, 0xf5, 0xff,
    0x34, 0x86, 0xf5, 0xff, 0x34, 0x86, 0xf5, 0xff, 0x34, 0x86, 0xf5, 0xff,
    0x34, 0x86, 0xf5, 0xff, 0x34, 0x86, 0xf5, 0xff, 0x34, 0x86, 0xf5, 0xff,
    0x34, 0x86, 0xf5, 0xff, 0x34, 0x86, 0xf5, 0xff, 0x34, 0x86, 0xf5, 0xff,
    0x34, 0x86, 0xf5, 0xff, 0x34, 0x86, 0xf5, 0xff, 0x34, 0x86, 0xf5, 0xff,
    0x34, 0x86, 0xf5, 0xff, 0x34, 0x86, 0xf5, 0xff, 0x34, 0x86, 0xf5, 0xff,
    0x34, 0x86, 0xf5, 0xff, 0x34, 0x86, 0xf5, 0xff, 0x34, 0x86, 0xf5, 0xff,
    0x34, 0x86, 0xf5, 0xff, 0x34, 0x86, 0xf5, 0xff, 0x34, 0x86, 0xf5, 0xff,
    0x34, 0x86, 0xf5, 0xff, 0x34, 0x86, 0xf5, 0xff, 0x34, 0x86, 0xf5, 0xff,
    0x34, 0x86, 0xf5, 0xff, 0x34, 0x86, 0xf5, 0xff, 0x34, 0x86, 0xf5, 0xff,
    0x34, 0x86, 0xf5, 0xff, 0x34, 0x86, 0xf5, 0xff, 0x34, 0x86, 0xf5, 0xff,
    0x34, 0x86, 0xf5, 0xff, 0x34, 0x86, 0xf5, 0xff, 0x34, 0x86, 0xf5, 0xff,
    0x34, 0x86, 0xf5, 0xff, 0x34, 0x86, 0xf5, 0xff, 0x34, 0x86, 0xf5, 0xff,
    0x34, 0x86, 0xf5, 0xff, 0x34, 0x86, 0xf5, 0xff, 0x34, 0x86, 0xf5, 0xff,
    0x34, 0x86, 0xf5, 0xff, 0x34, 0x86, 0xf5, 0xff, 0x34, 0x86, 0xf5, 0xff,
    0x34, 0x86, 0xf5, 0xff, 0x34, 0x86, 0xf5, 0xff, 0x34, 0x86, 0xf5, 0xff,
    0x34, 0x86, 0xf5, 0xff, 0x34, 0x86, 0xf5, 0xff, 0x34, 0x86, 0xf5, 0xff,
    0x34, 0x86, 0xf5, 0xff, 0x34, 0x86, 0xf5, 0xff, 0x34, 0x86, 0xf5, 0xff,
    0x34, 0x86, 0xf5, 0xff, 0x34, 0x86, 0xf5, 0xff, 0x34, 0x86, 0xf5, 0xff,
    0x34, 0x86, 0xf5, 0xff, 0x34, 0x86, 0xf5, 0xff, 0x34, 0x86, 0xf5, 0xff,
    0x34, 0x86, 0xf5, 0xff, 0x34, 0x86, 0xf5, 0xff, 0x34, 0x86, 0xf5, 0xff,
    0x34, 0x86, 0xf5, 0xff, 0x34, 0x86, 0xf5, 0xff, 0x34, 0x86, 0xf5, 0xff,
    0x34, 0x86, 0xf5, 0xff, 0x34, 0x86, 0xf5, 0xff, 0x34, 0x86, 0xf5, 0xff,
    0x34, 0x86, 0xf5, 0xff, 0x34, 0x86, 0xf5, 0xff, 0x34, 0x86, 0xf5, 0xff,
    0x34, 0x86, 0xf5, 0xff, 0x34, 0x86, 0xf5, 0xff, 0x34, 0x86, 0xf5, 0xff,
    0x34, 0x86, 0xf5, 0xff, 0x34, 0x86, 0xf5, 0xff, 0x34, 0x86, 0xf5, 0xff,
    0x34, 0x86, 0xf5, 0xff, 0x34, 0x86, 0xf5, 0xff, 0x34, 0x86, 0xf5, 0xff,
    0x34, 0x86, 0xf5, 0xff, 0x34, 0x86, 0xf5, 0xff, 0x34, 0x86, 0xf5, 0xff,
    0x34, 0x86, 0xf5, 0xff, 0x34, 0x86, 0xf5, 0xff, 0x34, 0x86, 0xf5, 0xff,
    0x34, 0x86, 0xf5, 0xff, 0x34, 0x86, 0xf5, 0xff, 0x34, 0x86, 0xf5, 0xff,
    0x34, 0x86, 0xf5, 0xff, 0x34, 0x86, 0xf5, 0xff, 0x34, 0x86, 0xf5, 0xff,
    0x34, 0x86, 0xf5, 0xff, 0x34, 0x86, 0xf5, 0xff, 0x34, 0x86, 0xf5, 0xff,
    0x34, 0x86, 0xf5, 0xff, 0x34, 0x86, 0xf5, 0xff, 0x34, 0x86, 0xf5, 0xff,
    0x34, 0x86, 0xf5, 0xff, 0x34, 0x86, 0xf5, 0xff, 0x34, 0x86, 0xf5, 0xff,
    0x34, 0x86, 0xf5, 0xff, 0x34, 0x86, 0xf5, 0xff, 0x34, 0x86, 0xf5, 0xff,
    0x34, 0x86, 0xf5, 0xff, 0x34, 0x86, 0xf5, 0xff, 0x34, 0x86, 0xf5, 0xff,
    0x34, 0x86, 0xf5, 0xff, 0x34, 0x86, 0xf5, 0xff, 0x34, 0x86, 0xf5, 0xff,
    0x34, 0x86, 0xf5, 0xff, 0x34, 0x86, 0xf5, 0xff, 0x34, 0x86, 0xf5, 0xff,
    0x34, 0x86, 0xf5, 0xff, 0x34, 0x86, 0xf5, 0xff, 0x34, 0x86, 0xf5, 0xff,
    0x34, 0x86, 0xf5, 0xff, 0x34, 0x86, 0xf5, 0xff, 0x34, 0x86, 0xf5, 0xff,
    0x34, 0x86, 0xf5, 0xff, 0x34, 0x86, 0xf5, 0xff, 0x34, 0x86, 0xf5, 0xff,
    0x34, 0x86, 0xf5, 0xff, 0x34, 0x86, 0xf5, 0xff, 0x34, 0x86, 0xf5, 0xff,
    0x34, 0x86, 0xf5, 0xff, 0x34, 0x86, 0xf5, 0xff, 0x34, 0x86, 0xf5, 0xff,
    0x34, 0x86, 0xf5, 0xff, 0x34, 0x86, 0xf5, 0xff, 0x34, 0x86, 0xf5, 0xff,
    0x34, 0x86, 0xf5, 0xff, 0x34, 0x86, 0xf5, 0xff, 0x34, 0x86, 0xf5, 0xff,
    0x34, 0x86, 0xf5, 0xff, 0x32, 0x84, 0xf3, 0x54, 0xff, 0xff, 0xff, 0x00,
    0xff, 0xff, 0xff, 0x00, 0x2c, 0x80, 0xea, 0x0c, 0x34, 0x86, 0xf5, 0xdf,
    0x34, 0x86, 0xf5, 0xff, 0x34, 0x86, 0xf5, 0xff, 0x34, 0x86, 0xf5, 0xff,
    0x34, 0x86, 0xf5, 0xff, 0x34, 0x86, 0xf5, 0xff, 0x34, 0x86, 0xf5, 0xff,
    0x34, 0x86, 0xf5, 0xff, 0x34, 0x86, 0xf5, 0xff, 0x34, 0x86, 0xf5, 0xff,
    0x34, 0x86, 0xf5, 0xff, 0x34, 0x86, 0xf5, 0xff, 0x34, 0x86, 0xf5, 0xff,
    0x34, 0x86, 0xf5, 0xff, 0x34, 0x86, 0xf5, 0xff, 0x34, 0x86, 0xf5, 0xff,
    0x34, 0x86, 0xf5, 0xff, 0x34, 0x86, 0xf5, 0xff, 0x34, 0x86, 0xf5, 0xff,
    0x34, 0x86, 0xf5, 0xff, 0x34, 0x86, 0xf5, 0xff, 0x34, 0x86, 0xf5, 0xff,
    0x34, 0x86, 0xf5, 0xff, 0x34, 0x86, 0xf5, 0xff, 0x34, 0x86, 0xf5, 0xff,
    0x34, 0x86, 0xf5, 0xff, 0x34, 0x86, 0xf5, 0xff, 0x34, 0x86, 0xf5, 0xff,
    0x34, 0x86, 0xf5, 0xff, 0x34, 0x86, 0xf5, 0xff, 0x34, 0x86, 0xf5, 0xff,
    0x34, 0x86, 0xf5, 0xff, 0x34, 0x86, 0xf5, 0xff, 0x34, 0x86, 0xf5, 0xff,
    0x34, 0x86, 0xf5, 0xff, 0x34, 0x86, 0xf5, 0xff, 0x34, 0x86, 0xf5, 0xff,
    0x34, 0x86, 0xf5, 0xff, 0x34, 0x86, 0xf5, 0xff, 0x34, 0x86, 0xf5, 0xff,
    0x34, 0x86, 0xf5, 0xff, 0x34, 0x86, 0xf5, 0xff, 0x34, 0x86, 0xf5, 0xff,
    0x34, 0x86, 0xf5, 0xff, 0x34, 0x86, 0xf5, 0xff, 0x34, 0x86, 0xf5, 0xff,
    0x34, 0x86, 0xf5, 0xff, 0x34, 0x86, 0xf5, 0xff, 0x34, 0x86, 0xf5, 0xff,
    0x34, 0x86, 0xf5, 0xff, 0x34, 0x86, 0xf5, 0xff, 0x34, 0x86, 0xf5, 0xff,
    0x34, 0x86, 0xf5, 0xff, 0x34, 0x86, 0xf5, 0xff, 0x34, 0x86, 0xf5, 0xff,
    0x34, 0x86, 0xf5, 0xff, 0x34, 0x86, 0xf5, 0xff, 0x34, 0x86, 0xf5, 0xff,
    0x34, 0x86, 0xf5, 0xff, 0x34, 0x86, 0xf5, 0xff, 0x34, 0x86, 0xf5, 0xff,
    0x34, 0x86, 0xf5, 0xff, 0x34, 0x86, 0xf5, 0xff, 0x34, 0x86, 0xf5, 0xff,
    0x34, 0x86, 0xf5, 0xff, 0x34, 0x86, 0xf5, 0xff, 0x34, 0x86, 0xf5, 0xff,
    0x34, 0x86, 0xf5, 0xff, 0x34, 0x86, 0xf5, 0xff, 0x34, 0x86, 0xf5, 0xff,
    0x34, 0x86, 0xf5, 0xff, 0x34, 0x86, 0xf5, 0xff, 0x34, 0x86, 0xf5, 0xff,
    0x34, 0x86, 0xf5, 0xff, 0x34, 0x86, 0xf5, 0xff, 0x34, 0x86, 0xf5, 0xff,
    0x34, 0x86, 0xf5, 0xff, 0x34, 0x86, 0xf5, 0xff, 0x34, 0x86, 0xf5, 0xff,
    0x34, 0x86, 0xf5, 0xff, 0x34, 0x86, 0xf5, 0xff, 0x34, 0x86, 0xf5, 0xff,
    0x34, 0x86, 0xf5, 0xff, 0x34, 0x86, 0xf5, 0xff, 0x34, 0x86, 0xf5, 0xff,
    0x34, 0x86, 0xf5, 0xff, 0x34, 0x86, 0xf5, 0xff, 0x34, 0x86, 0xf5, 0xff,
    0x34, 0x86, 0xf5, 0xff, 0x34, 0x86, 0xf5, 0xff, 0x34, 0x86, 0xf5, 0xff,
    0x34, 0x86, 0xf5, 0xff, 0x34, 0x86, 0xf5, 0xff, 0x34, 0x86, 0xf5, 0xff,
    0x34, 0x86, 0xf5, 0xff, 0x34, 0x86, 0xf5, 0xff, 0x34, 0x86, 0xf5, 0xff,
    0x34, 0x86, 0xf5, 0xff, 0x34, 0x86, 0xf5, 0xff, 0x34, 0x86, 0xf5, 0xff,
    0x34, 0x86, 0xf5, 0xff, 0x34, 0x86, 0xf5, 0xff, 0x34, 0x86, 0xf5, 0xff,
    0x34, 0x86, 0xf5, 0xff, 0x34, 0x86, 0xf5, 0xff, 0x34, 0x86, 0xf5, 0xff,
    0x34, 0x86, 0xf5, 0xff, 0x34, 0x86, 0xf5, 0xff, 0x34, 0x86, 0xf5, 0xff,
    0x34, 0x86, 0xf5, 0xff, 0x34, 0x86, 0xf5, 0xff, 0x34, 0x86, 0xf5, 0xff,
    0x34, 0x86, 0xf5, 0xff, 0x34, 0x86, 0xf5, 0xff, 0x34, 0x86, 0xf5, 0xff,
    0x34, 0x86, 0xf5, 0xff, 0x34, 0x86, 0xf5, 0xff, 0x34, 0x86, 0xf5, 0xff,
    0x34, 0x86, 0xf5, 0xff, 0x34, 0x86, 0xf5, 0xff, 0x34, 0x86, 0xf5, 0xff,
    0x34, 0x86, 0xf5, 0xff, 0x34, 0x86, 0xf5, 0xff, 0x34, 0x86, 0xf5, 0xff,
    0x34, 0x86, 0xf5, 0xff, 0x34, 0x86, 0xf5, 0xff, 0x34, 0x86, 0xf5, 0xff,
    0x34, 0x86, 0xf5, 0xff, 0x34, 0x86, 0xf5, 0xff, 0x34, 0x86, 0xf5, 0xff,
    0x34, 0x86, 0xf5, 0xff, 0x34, 0x86, 0xf5, 0xff, 0x34, 0x86, 0xf5, 0xff,
    0x34, 0x86, 0xf5, 0xff, 0x34, 0x85, 0xf5, 0xe7, 0x26, 0x6e, 0xdb, 0x07,
    0xff, 0xff, 0xff, 0x00, 0xff, 0xff, 0xff, 0x00, 0xff, 0xff, 0xff, 0x00,
    0x31, 0x83, 0xf1, 0x35, 0x35, 0x86, 0xf5, 0xf8, 0x34, 0x86, 0xf5, 0xff,
    0x34, 0x86, 0xf5, 0xff, 0x34, 0x86, 0xf5, 0xff, 0x34, 0x86, 0xf5, 0xff,
    0x34, 0x86, 0xf5, 0xff, 0x34, 0x86, 0xf5, 0xff, 0x34, 0x86, 0xf5, 0xff,
    0x34, 0x86, 0xf5, 0xff, 0x34, 0x86, 0xf5, 0xff, 0x34, 0x86, 0xf5, 0xff,
    0x34, 0x86, 0xf5, 0xff, 0x34, 0x86, 0xf5, 0xff, 0x34, 0x86, 0xf5, 0xff,
    0x34, 0x86, 0xf5, 0xff, 0x34, 0x86, 0xf5, 0xff, 0x34, 0x86, 0xf5, 0xff,
    0x34, 0x86, 0xf5, 0xff, 0x34, 0x86, 0xf5, 0xff, 0x34, 0x86, 0xf5, 0xff,
    0x34, 0x86, 0xf5, 0xff, 0x34, 0x86, 0xf5, 0xff, 0x34, 0x86, 0xf5, 0xff,
    0x34, 0x86, 0xf5, 0xff, 0x34, 0x86, 0xf5, 0xff, 0x34, 0x86, 0xf5, 0xff,
    0x34, 0x86, 0xf5, 0xff, 0x34, 0x86, 0xf5, 0xff, 0x34, 0x86, 0xf5, 0xff,
    0x34, 0x86, 0xf5, 0xff, 0x34, 0x86, 0xf5, 0xff, 0x34, 0x86, 0xf5, 0xff,
    0x34, 0x86, 0xf5, 0xff, 0x34, 0x86, 0xf5, 0xff, 0x34, 0x86, 0xf5, 0xff,
    0x34, 0x86, 0xf5, 0xff, 0x34, 0x86, 0xf5, 0xff, 0x34, 0x86, 0xf5, 0xff,
    0x34, 0x86, 0xf5, 0xff, 0x34, 0x86, 0xf5, 0xff, 0x34, 0x86, 0xf5, 0xff,
    0x34, 0x86, 0xf5, 0xff, 0x34, 0x86, 0xf5, 0xff, 0x34, 0x86, 0xf5, 0xff,
    0x34, 0x86, 0xf5, 0xff, 0x34, 0x86, 0xf5, 0xff, 0x34, 0x86, 0xf5, 0xff,
    0x34, 0x86, 0xf5, 0xff, 0x34, 0x86, 0xf5, 0xff, 0x34, 0x86, 0xf5, 0xff,
    0x34, 0x86, 0xf5, 0xff, 0x34, 0x86, 0xf5, 0xff, 0x34, 0x86, 0xf5, 0xff,
    0x34, 0x86, 0xf5, 0xff, 0x34, 0x86, 0xf5, 0xff, 0x34, 0x86, 0xf5, 0xff,
    0x34, 0x86, 0xf5, 0xff, 0x34, 0x86, 0xf5, 0xff, 0x34, 0x86, 0xf5, 0xff,
    0x34, 0x86, 0xf5, 0xff, 0x34, 0x86, 0xf5, 0xff, 0x34, 0x86, 0xf5, 0xff,
    0x34, 0x86, 0xf5, 0xff, 0x34, 0x86, 0xf5, 0xff, 0x34, 0x86, 0xf5, 0xff,
    0x34, 0x86, 0xf5, 0xff, 0x34, 0x86, 0xf5, 0xff, 0x34, 0x86, 0xf5, 0xff,
    0x34, 0x86, 0xf5, 0xff, 0x34, 0x86, 0xf5, 0xff, 0x34, 0x86, 0xf5, 0xff,
    0x34, 0x86, 0xf5, 0xff, 0x34, 0x86, 0xf5, 0xff, 0x34, 0x86, 0xf5, 0xff,
    0x34, 0x86, 0xf5, 0xff, 0x34, 0x86, 0xf5, 0xff, 0x34, 0x86, 0xf5, 0xff,
    0x34, 0x86, 0xf5, 0xff, 0x34, 0x86, 0xf5, 0xff, 0x34, 0x86, 0xf5, 0xff,
    0x34, 0x86, 0xf5, 0xff, 0x34, 0x86, 0xf5, 0xff, 0x34, 0x86, 0xf5, 0xff,
    0x34, 0x86, 0xf5, 0xff, 0x34, 0x86, 0xf5, 0xff, 0x34, 0x86, 0xf5, 0xff,
    0x34, 0x86, 0xf5, 0xff, 0x34, 0x86, 0xf5, 0xff, 0x34, 0x86, 0xf5, 0xff,
    0x34, 0x86, 0xf5, 0xff, 0x34, 0x86, 0xf5, 0xff, 0x34, 0x86, 0xf5, 0xff,
    0x34, 0x86, 0xf5, 0xff, 0x34, 0x86, 0xf5, 0xff, 0x34, 0x86, 0xf5, 0xff,
    0x34, 0x86, 0xf5, 0xff, 0x34, 0x86, 0xf5, 0xff, 0x34, 0x86, 0xf5, 0xff,
    0x34, 0x86, 0xf5, 0xff, 0x34, 0x86, 0xf5, 0xff, 0x34, 0x86, 0xf5, 0xff,
    0x34, 0x86, 0xf5, 0xff, 0x34, 0x86, 0xf5, 0xff, 0x34, 0x86, 0xf5, 0xff,
    0x34, 0x86, 0xf5, 0xff, 0x34, 0x86, 0xf5, 0xff, 0x34, 0x86, 0xf5, 0xff,
    0x34, 0x86, 0xf5, 0xff, 0x34, 0x86, 0xf5, 0xff, 0x34, 0x86, 0xf5, 0xff,
    0x34, 0x86, 0xf5, 0xff, 0x34, 0x86, 0xf5, 0xff, 0x34, 0x86, 0xf5, 0xff,
    0x34, 0x86, 0xf5, 0xff, 0x34, 0x86, 0xf5, 0xff, 0x34, 0x86, 0xf5, 0xff,
    0x34, 0x86, 0xf5, 0xff, 0x34, 0x86, 0xf5, 0xff, 0x34, 0x86, 0xf5, 0xff,
    0x34, 0x86, 0xf5, 0xff, 0x34, 0x86, 0xf5, 0xff, 0x34, 0x86, 0xf5, 0xff,
    0x34, 0x86, 0xf5, 0xff, 0x34, 0x86, 0xf5, 0xff, 0x34, 0x86, 0xf5, 0xff,
    0x34, 0x86, 0xf5, 0xff, 0x34, 0x86, 0xf5, 0xff, 0x34, 0x86, 0xf5, 0xff,
    0x34, 0x86, 0xf5, 0xff, 0x34, 0x86, 0xf5, 0xff, 0x34, 0x86, 0xf5, 0xff,
    0x34, 0x86, 0xf5, 0xff, 0x34, 0x86, 0xf5, 0xff, 0x34, 0x86, 0xf4, 0x6f,
    0xff, 0xff, 0xff, 0x00, 0xff, 0xff, 0xff, 0x00, 0xff, 0xff, 0xff, 0x00,
    0xff, 0xff, 0xff, 0x00, 0xff, 0xff, 0xff, 0x00, 0x34, 0x86, 0xf5, 0x47,
    0x35, 0x87, 0xf5, 0xfc, 0x34, 0x86, 0xf5, 0xff, 0x34, 0x86, 0xf5, 0xff,
    0x34, 0x86, 0xf5, 0xff, 0x34, 0x86, 0xf5, 0xff, 0x34, 0x86, 0xf5, 0xff,
    0x34, 0x86, 0xf5, 0xff, 0x34, 0x86, 0xf5, 0xff, 0x34, 0x86, 0xf5, 0xff,
    0x34, 0x86, 0xf5, 0xff, 0x34, 0x86, 0xf5, 0xff, 0x34, 0x86, 0xf5, 0xff,
    0x34, 0x86, 0xf5, 0xff, 0x34, 0x86, 0xf5, 0xff, 0x34, 0x86, 0xf5, 0xff,
    0x34, 0x86, 0xf5, 0xff, 0x34, 0x86, 0xf5, 0xff, 0x34, 0x86, 0xf5, 0xff,
    0x34, 0x86, 0xf5, 0xff, 0x34, 0x86, 0xf5, 0xff, 0x34, 0x86, 0xf5, 0xff,
    0x34, 0x86, 0xf5, 0xff, 0x34, 0x86, 0xf5, 0xff, 0x34, 0x86, 0xf5, 0xff,
    0x34, 0x86, 0xf5, 0xff, 0x34, 0x86, 0xf5, 0xff, 0x34, 0x86, 0xf5, 0xff,
    0x34, 0x86, 0xf5, 0xff, 0x34, 0x86, 0xf5, 0xff, 0x34, 0x86, 0xf5, 0xff,
    0x34, 0x86, 0xf5, 0xff, 0x34, 0x86, 0xf5, 0xff, 0x34, 0x86, 0xf5, 0xff,
    0x34, 0x86, 0xf5, 0xff, 0x34, 0x86, 0xf5, 0xff, 0x34, 0x86, 0xf5, 0xff,
    0x34, 0x86, 0xf5, 0xff, 0x34, 0x86, 0xf5, 0xff, 0x34, 0x86, 0xf5, 0xff,
    0x34, 0x86, 0xf5, 0xff, 0x34, 0x86, 0xf5, 0xff, 0x34, 0x86, 0xf5, 0xff,
    0x34, 0x86, 0xf5, 0xff, 0x34, 0x86, 0xf5, 0xff, 0x34, 0x86, 0xf5, 0xff,
    0x34, 0x86, 0xf5, 0xff, 0x34, 0x86, 0xf5, 0xff, 0x34, 0x86, 0xf5, 0xff,
    0x34, 0x86, 0xf5, 0xff, 0x34, 0x86, 0xf5, 0xff, 0x34, 0x86, 0xf5, 0xff,
    0x34, 0x86, 0xf5, 0xff, 0x34, 0x86, 0xf5, 0xff, 0x34, 0x86, 0xf5, 0xff,
    0x34, 0x86, 0xf5, 0xff, 0x34, 0x86, 0xf5, 0xff, 0x34, 0x86, 0xf5, 0xff,
    0x34, 0x86, 0xf5, 0xff, 0x34, 0x86, 0xf5, 0xff, 0x34, 0x86, 0xf5, 0xff,
    0x34, 0x86, 0xf5, 0xff, 0x34, 0x86, 0xf5, 0xff, 0x34, 0x86, 0xf5, 0xff,
    0x34, 0x86, 0xf5, 0xff, 0x34, 0x86, 0xf5, 0xff, 0x34, 0x86, 0xf5, 0xff,
    0x34, 0x86, 0xf5, 0xff, 0x34, 0x86, 0xf5, 0xff, 0x34, 0x86, 0xf5, 0xff,
    0x34, 0x86, 0xf5, 0xff, 0x34, 0x86, 0xf5, 0xff, 0x34, 0x86, 0xf5, 0xff,
    0x34, 0x86, 0xf5, 0xff, 0x34, 0x86, 0xf5, 0xff, 0x34, 0x86, 0xf5, 0xff,
    0x34, 0x86, 0xf5, 0xff, 0x34, 0x86, 0xf5, 0xff, 0x34, 0x86, 0xf5, 0xff,
    0x34, 0x86, 0xf5, 0xff, 0x34, 0x86, 0xf5, 0xff, 0x34, 0x86, 0xf5, 0xff,
    0x34, 0x86, 0xf5, 0xff, 0x34, 0x86, 0xf5, 0xff, 0x34, 0x86, 0xf5, 0xff,
    0x34, 0x86, 0xf5, 0xff, 0x34, 0x86, 0xf5, 0xff, 0x34, 0x86, 0xf5, 0xff,
    0x34, 0x86, 0xf5, 0xff, 0x34, 0x86, 0xf5, 0xff, 0x34, 0x86, 0xf5, 0xff,
    0x34, 0x86, 0xf5, 0xff, 0x34, 0x86, 0xf5, 0xff, 0x34, 0x86, 0xf5, 0xff,
    0x34, 0x86, 0xf5, 0xff, 0x34, 0x86, 0xf5, 0xff, 0x34, 0x86, 0xf5, 0xff,
    0x34, 0x86, 0xf5, 0xff, 0x34, 0x86, 0xf5, 0xff, 0x34, 0x86, 0xf5, 0xff,
    0x34, 0x86, 0xf5, 0xff, 0x34, 0x86, 0xf5, 0xff, 0x34, 0x86, 0xf5, 0xff,
    0x34, 0x86, 0xf5, 0xff, 0x34, 0x86, 0xf5, 0xff, 0x34, 0x86, 0xf5, 0xff,
    0x34, 0x86, 0xf5, 0xff, 0x34, 0x86, 0xf5, 0xff, 0x34, 0x86, 0xf5, 0xff,
    0x34, 0x86, 0xf5, 0xff, 0x34, 0x86, 0xf5, 0xff, 0x34, 0x86, 0xf5, 0xff,
    0x34, 0x86, 0xf5, 0xff, 0x34, 0x86, 0xf5, 0xff, 0x34, 0x86, 0xf5, 0xff,
    0x34, 0x86, 0xf5, 0xff, 0x34, 0x86, 0xf5, 0xff, 0x34, 0x86, 0xf5, 0xff,
    0x34, 0x86, 0xf5, 0xff, 0x34, 0x86, 0xf5, 0xff, 0x34, 0x86, 0xf5, 0xff,
    0x34, 0x86, 0xf5, 0xff, 0x34, 0x86, 0xf5, 0xff, 0x34, 0x86, 0xf5, 0xff,
    0x34, 0x86, 0xf5, 0xff, 0x34, 0x86, 0xf5, 0xff, 0x34, 0x86, 0xf5, 0xff,
    0x34, 0x86, 0xf5, 0xff, 0x34, 0x86, 0xf5, 0xff, 0x34, 0x86, 0xf5, 0xff,
    0x34, 0x86, 0xf5, 0xff, 0x34, 0x86, 0xf5, 0xff, 0x34, 0x86, 0xf5, 0xcb,
    0x01, 0x80, 0xc0, 0x04, 0xff, 0xff, 0xff, 0x00, 0xff, 0xff, 0xff, 0x00,
    0xff, 0xff, 0xff, 0x00, 0xff, 0xff, 0xff, 0x00, 0xff, 0xff, 0xff, 0x00,
    0xff, 0xff, 0xff, 0x00, 0x33, 0x87, 0xf7, 0x3d, 0x34, 0x86, 0xf5, 0xf9,
    0x34, 0x86, 0xf5, 0xff, 0x34, 0x86, 0xf5, 0xff, 0x34, 0x86, 0xf5, 0xff,
    0x34, 0x86, 0xf5, 0xff, 0x34, 0x86, 0xf5, 0xff, 0x34, 0x86, 0xf5, 0xff,
    0x34, 0x86, 0xf5, 0xff, 0x34, 0x86, 0xf5, 0xff, 0x34, 0x86, 0xf5, 0xff,
    0x34, 0x86, 0xf5, 0xff, 0x34, 0x86, 0xf5, 0xff, 0x34, 0x86, 0xf5, 0xff,
    0x34, 0x86, 0xf5, 0xff, 0x34, 0x86, 0xf5, 0xff, 0x34, 0x86, 0xf5, 0xff,
    0x34, 0x86, 0xf5, 0xff, 0x34, 0x86, 0xf5, 0xff, 0x34, 0x86, 0xf5, 0xff,
    0x34, 0x86, 0xf5, 0xff, 0x34, 0x86, 0xf5, 0xff, 0x34, 0x86, 0xf5, 0xff,
    0x34, 0x86, 0xf5, 0xff, 0x34, 0x86, 0xf5, 0xff, 0x34, 0x86, 0xf5, 0xff,
    0x34, 0x86, 0xf5, 0xff, 0x34, 0x86, 0xf5, 0xff, 0x34, 0x86, 0xf5, 0xff,
    0x34, 0x86, 0xf5, 0xff, 0x34, 0x86, 0xf5, 0xff, 0x34, 0x86, 0xf5, 0xff,
    0x34, 0x86, 0xf5, 0xff, 0x34, 0x86, 0xf5, 0xff, 0x34, 0x86, 0xf5, 0xff,
    0x34, 0x86, 0xf5, 0xff, 0x34, 0x86, 0xf5, 0xff, 0x34, 0x86, 0xf5, 0xff,
    0x34, 0x86, 0xf5, 0xff, 0x34, 0x86, 0xf5, 0xff, 0x34, 0x86, 0xf5, 0xff,
    0x34, 0x86, 0xf5, 0xff, 0x34, 0x86, 0xf5, 0xff, 0x34, 0x86, 0xf5, 0xff,
    0x34, 0x86, 0xf5, 0xff, 0x34, 0x86, 0xf5, 0xff, 0x34, 0x86, 0xf5, 0xff,
    0x34, 0x86, 0xf5, 0xff, 0x34, 0x86, 0xf5, 0xff, 0x34, 0x86, 0xf5, 0xff,
    0x34, 0x86, 0xf5, 0xff, 0x34, 0x86, 0xf5, 0xff, 0x34, 0x86, 0xf5, 0xff,
    0x34, 0x86, 0xf5, 0xff, 0x34, 0x86, 0xf5, 0xff, 0x34, 0x86, 0xf5, 0xff,
    0x34, 0x86, 0xf5, 0xff, 0x34, 0x86, 0xf5, 0xff, 0x34, 0x86, 0xf5, 0xff,
    0x34, 0x86, 0xf5, 0xff, 0x34, 0x86, 0xf5, 0xff, 0x34, 0x86, 0xf5, 0xff,
    0x34, 0x86, 0xf5, 0xff, 0x34, 0x86, 0xf5, 0xff, 0x34, 0x86, 0xf5, 0xff,
    0x34, 0x86, 0xf5, 0xff, 0x34, 0x86, 0xf5, 0xff, 0x34, 0x86, 0xf5, 0xff,
    0x34, 0x86, 0xf5, 0xff, 0x34, 0x86, 0xf5, 0xff, 0x34, 0x86, 0xf5, 0xff,
    0x34, 0x86, 0xf5, 0xff, 0x34, 0x86, 0xf5, 0xff, 0x34, 0x86, 0xf5, 0xff,
    0x34, 0x86, 0xf5, 0xff, 0x34, 0x86, 0xf5, 0xff, 0x34, 0x86, 0xf5, 0xff,
    0x34, 0x86, 0xf5, 0xff, 0x34, 0x86, 0xf5, 0xff, 0x34, 0x86, 0xf5, 0xff,
    0x34, 0x86, 0xf5, 0xff, 0x34, 0x86, 0xf5, 0xff, 0x34, 0x86, 0xf5, 0xff,
    0x34, 0x86, 0xf5, 0xff, 0x34, 0x86, 0xf5, 0xff, 0x34, 0x86, 0xf5, 0xff,
    0x34, 0x86, 0xf5, 0xff, 0x34, 0x86, 0xf5, 0xff, 0x34, 0x86, 0xf5, 0xff,
    0x34, 0x86, 0xf5, 0xff, 0x34, 0x86, 0xf5, 0xff, 0x34, 0x86, 0xf5, 0xff,
    0x34, 0x86, 0xf5, 0xff, 0x34, 0x86, 0xf5, 0xff, 0x34, 0x86, 0xf5, 0xff,
    0x34, 0x86, 0xf5, 0xff, 0x34, 0x86, 0xf5, 0xff, 0x34, 0x86, 0xf5, 0xff,
    0x34, 0x86, 0xf5, 0xff, 0x34, 0x86, 0xf5, 0xff, 0x34, 0x86, 0xf5, 0xff,
    0x34, 0x86, 0xf5, 0xff, 0x34, 0x86, 0xf5, 0xff, 0x34, 0x86, 0xf5, 0xff,
    0x34, 0x86, 0xf5, 0xff, 0x34, 0x86, 0xf5, 0xff, 0x34, 0x86, 0xf5, 0xff,
    0x34, 0x86, 0xf5, 0xff, 0x34, 0x86, 0xf5, 0xff, 0x34, 0x86, 0xf5, 0xff,
    0x34, 0x86, 0xf5, 0xff, 0x34, 0x86, 0xf5, 0xff, 0x34, 0x86, 0xf5, 0xff,
    0x34, 0x86, 0xf5, 0xff, 0x34, 0x86, 0xf5, 0xff, 0x34, 0x86, 0xf5, 0xff,
    0x34, 0x86, 0xf5, 0xff, 0x34, 0x86, 0xf5, 0xff, 0x34, 0x86, 0xf5, 0xff,
    0x34, 0x86, 0xf5, 0xff, 0x34, 0x86, 0xf5, 0xff, 0x34, 0x86, 0xf5, 0xff,
    0x34, 0x86, 0xf5, 0xff, 0x34, 0x86, 0xf5, 0xff, 0x34, 0x86, 0xf5, 0xff,
    0x34, 0x86, 0xf5, 0xff, 0x34, 0x86, 0xf5, 0xff, 0x34, 0x86, 0xf5, 0xff,
    0x34, 0x86, 0xf5, 0xff, 0x34, 0x86, 0xf5, 0xff, 0x34, 0x86, 0xf5, 0xe8,
    0x30, 0x84, 0xf0, 0x21, 0xff, 0xff, 0xff, 0x00, 0xff, 0xff, 0xff, 0x00,
    0xff, 0xff, 0xff, 0x00, 0xff, 0xff, 0xff, 0x00, 0xff, 0xff, 0xff, 0x00,
    0xff, 0xff, 0xff, 0x00, 0xff, 0xff, 0xff, 0x00, 0xff, 0xff, 0xff, 0x00,
    0x36, 0x88, 0xf8, 0x22, 0x34, 0x86, 0xf5, 0xe8, 0x34, 0x86, 0xf5, 0xff,
    0x34, 0x86, 0xf5, 0xff, 0x34, 0x86, 0xf5, 0xff, 0x34, 0x86, 0xf5, 0xff,
    0x34, 0x86, 0xf5, 0xff, 0x34, 0x86, 0xf5, 0xff, 0x34, 0x86, 0xf5, 0xff,
    0x34, 0x86, 0xf5, 0xff, 0x34, 0x86, 0xf5, 0xff, 0x34, 0x86, 0xf5, 0xff,
    0x34, 0x86, 0xf5, 0xff, 0x34, 0x86, 0xf5, 0xff, 0x34, 0x86, 0xf5, 0xff,
    0x34, 0x86, 0xf5, 0xff, 0x34, 0x86, 0xf5, 0xff, 0x34, 0x86, 0xf5, 0xff,
    0x34, 0x86, 0xf5, 0xff, 0x34, 0x86, 0xf5, 0xff, 0x34, 0x86, 0xf5, 0xff,
    0x34, 0x86, 0xf5, 0xff, 0x34, 0x86, 0xf5, 0xff, 0x34, 0x86, 0xf5, 0xff,
    0x34, 0x86, 0xf5, 0xff, 0x34, 0x86, 0xf5, 0xff, 0x34, 0x86, 0xf5, 0xff,
    0x34, 0x86, 0xf5, 0xff, 0x34, 0x86, 0xf5, 0xff, 0x34, 0x86, 0xf5, 0xff,
    0x34, 0x86, 0xf5, 0xff, 0x34, 0x86, 0xf5, 0xff, 0x34, 0x86, 0xf5, 0xff,
    0x34, 0x86, 0xf5, 0xff, 0x34, 0x86, 0xf5, 0xff, 0x34, 0x86, 0xf5, 0xff,
    0x34, 0x86, 0xf5, 0xff, 0x34, 0x86, 0xf5, 0xff, 0x34, 0x86, 0xf5, 0xff,
    0x34, 0x86, 0xf5, 0xff, 0x34, 0x86, 0xf5, 0xff, 0x34, 0x86, 0xf5, 0xff,
    0x34, 0x86, 0xf5, 0xff, 0x34, 0x86, 0xf5, 0xff, 0x34, 0x86, 0xf5, 0xff,
    0x34, 0x86, 0xf5, 0xff, 0x34, 0x86, 0xf5, 0xff, 0x34, 0x86, 0xf5, 0xff,
    0x34, 0x86, 0xf5, 0xff, 0x34, 0x86, 0xf5, 0xff, 0x34, 0x86, 0xf5, 0xff,
    0x34, 0x86, 0xf5, 0xff, 0x34, 0x86, 0xf5, 0xff, 0x34, 0x86, 0xf5, 0xff,
    0x34, 0x86, 0xf5, 0xff, 0x34, 0x86, 0xf5, 0xff, 0x34, 0x86, 0xf5, 0xff,
    0x34, 0x86, 0xf5, 0xff, 0x34, 0x86, 0xf5, 0xff, 0x34, 0x86, 0xf5, 0xff,
    0x34, 0x86, 0xf5, 0xff, 0x34, 0x86, 0xf5, 0xff, 0x34, 0x86, 0xf5, 0xff,
    0x34, 0x86, 0xf5, 0xff, 0x34, 0x86, 0xf5, 0xff, 0x34, 0x86, 0xf5, 0xff,
    0x34, 0x86, 0xf5, 0xff, 0x34, 0x86, 0xf5, 0xff, 0x34, 0x86, 0xf5, 0xff,
    0x34, 0x86, 0xf5, 0xff, 0x34, 0x86, 0xf5, 0xff, 0x34, 0x86, 0xf5, 0xff,
    0x34, 0x86, 0xf5, 0xff, 0x34, 0x86, 0xf5, 0xff, 0x34, 0x86, 0xf5, 0xff,
    0x34, 0x86, 0xf5, 0xff, 0x34, 0x86, 0xf5, 0xff, 0x34, 0x86, 0xf5, 0xff,
    0x34, 0x86, 0xf5, 0xff, 0x34, 0x86, 0xf5, 0xff, 0x34, 0x86, 0xf5, 0xff,
    0x34, 0x86, 0xf5, 0xff, 0x34, 0x86, 0xf5, 0xff, 0x34, 0x86, 0xf5, 0xff,
    0x34, 0x86, 0xf5, 0xff, 0x34, 0x86, 0xf5, 0xff, 0x34, 0x86, 0xf5, 0xff,
    0x34, 0x86, 0xf5, 0xff, 0x34, 0x86, 0xf5, 0xff, 0x34, 0x86, 0xf5, 0xff,
    0x34, 0x86, 0xf5, 0xff, 0x34, 0x86, 0xf5, 0xff, 0x34, 0x86, 0xf5, 0xff,
    0x34, 0x86, 0xf5, 0xff, 0x34, 0x86, 0xf5, 0xff, 0x34, 0x86, 0xf5, 0xff,
    0x34, 0x86, 0xf5, 0xff, 0x34, 0x86, 0xf5, 0xff, 0x34, 0x86, 0xf5, 0xff,
    0x34, 0x86, 0xf5, 0xff, 0x34, 0x86, 0xf5, 0xff, 0x34, 0x86, 0xf5, 0xff,
    0x34, 0x86, 0xf5, 0xff, 0x34, 0x86, 0xf5, 0xff, 0x34, 0x86, 0xf5, 0xff,
    0x34, 0x86, 0xf5, 0xff, 0x34, 0x86, 0xf5, 0xff, 0x34, 0x86, 0xf5, 0xff,
    0x34, 0x86, 0xf5, 0xff, 0x34, 0x86, 0xf5, 0xff, 0x34, 0x86, 0xf5, 0xff,
    0x34, 0x86, 0xf5, 0xff, 0x34, 0x86, 0xf5, 0xff, 0x34, 0x86, 0xf5, 0xff,
    0x34, 0x86, 0xf5, 0xff, 0x34, 0x86, 0xf5, 0xff, 0x34, 0x86, 0xf5, 0xff,
    0x34, 0x86, 0xf5, 0xff, 0x34, 0x86, 0xf5, 0xff, 0x34, 0x86, 0xf5, 0xff,
    0x34, 0x86, 0xf5, 0xff, 0x34, 0x86, 0xf5, 0xff, 0x34, 0x86, 0xf5, 0xff,
    0x34, 0x86, 0xf5, 0xff, 0x34, 0x86, 0xf5, 0xff, 0x34, 0x86, 0xf5, 0xff,
    0x34, 0x86, 0xf5, 0xff, 0x34, 0x86, 0xf5, 0xff, 0x34, 0x86, 0xf4, 0xe6,
    0x33, 0x86, 0xf4, 0x2e, 0xff, 0xff, 0xff, 0x00, 0xff, 0xff, 0xff, 0x00,
    0xff, 0xff, 0xff, 0x00, 0xff, 0xff, 0xff, 0x00, 0xff, 0xff, 0xff, 0x00,
    0xff, 0xff, 0xff, 0x00, 0xff, 0xff, 0xff, 0x00, 0xff, 0xff, 0xff, 0x00,
    0xff, 0xff, 0xff, 0x00, 0xff, 0xff, 0xff, 0x00, 0x29, 0x77, 0xec, 0x0d,
    0x33, 0x87, 0xf5, 0xa8, 0x34, 0x86, 0xf5, 0xff, 0x34, 0x86, 0xf5, 0xff,
    0x34, 0x86, 0xf5, 0xff, 0x34, 0x86, 0xf5, 0xff, 0x34, 0x86, 0xf5, 0xff,
    0x34, 0x86, 0xf5, 0xff, 0x34, 0x86, 0xf5, 0xff, 0x34, 0x86, 0xf5, 0xff,
    0x34, 0x86, 0xf5, 0xff, 0x34, 0x86, 0xf5, 0xff, 0x34, 0x86, 0xf5, 0xff,
    0x34, 0x86, 0xf5, 0xff, 0x34, 0x86, 0xf5, 0xff, 0x34, 0x86, 0xf5, 0xff,
    0x34, 0x86, 0xf5, 0xff, 0x34, 0x86, 0xf5, 0xff, 0x34, 0x86, 0xf5, 0xff,
    0x34, 0x86, 0xf5, 0xff, 0x34, 0x86, 0xf5, 0xff, 0x34, 0x86, 0xf5, 0xff,
    0x34, 0x86, 0xf5, 0xff, 0x34, 0x86, 0xf5, 0xff, 0x34, 0x86, 0xf5, 0xff,
    0x34, 0x86, 0xf5, 0xff, 0x34, 0x86, 0xf5, 0xff, 0x34, 0x86, 0xf5, 0xff,
    0x34, 0x86, 0xf5, 0xff, 0x34, 0x86, 0xf5, 0xff, 0x34, 0x86, 0xf5, 0xff,
    0x34, 0x86, 0xf5, 0xff, 0x34, 0x86, 0xf5, 0xff, 0x34, 0x86, 0xf5, 0xff,
    0x34, 0x86, 0xf5, 0xff, 0x34, 0x86, 0xf5, 0xff, 0x34, 0x86, 0xf5, 0xff,
    0x34, 0x86, 0xf5, 0xff, 0x34, 0x86, 0xf5, 0xff, 0x34, 0x86, 0xf5, 0xff,
    0x34, 0x86, 0xf5, 0xff, 0x34, 0x86, 0xf5, 0xff, 0x34, 0x86, 0xf5, 0xff,
    0x34, 0x86, 0xf5, 0xff, 0x34, 0x86, 0xf5, 0xff, 0x34, 0x86, 0xf5, 0xff,
    0x34, 0x86, 0xf5, 0xff, 0x34, 0x86, 0xf5, 0xff, 0x34, 0x86, 0xf5, 0xff,
    0x34, 0x86, 0xf5, 0xff, 0x34, 0x86, 0xf5, 0xff, 0x34, 0x86, 0xf5, 0xff,
    0x34, 0x86, 0xf5, 0xff, 0x34, 0x86, 0xf5, 0xff, 0x34, 0x86, 0xf5, 0xff,
    0x34, 0x86, 0xf5, 0xff, 0x34, 0x86, 0xf5, 0xff, 0x34, 0x86, 0xf5, 0xff,
    0x34, 0x86, 0xf5, 0xff, 0x34, 0x86, 0xf5, 0xff, 0x34, 0x86, 0xf5, 0xff,
    0x34, 0x86, 0xf5, 0xff, 0x34, 0x86, 0xf5, 0xff, 0x34, 0x86, 0xf5, 0xff,
    0x34, 0x86, 0xf5, 0xff, 0x34, 0x86, 0xf5, 0xff, 0x34, 0x86, 0xf5, 0xff,
    0x34, 0x86, 0xf5, 0xff, 0x34, 0x86, 0xf5, 0xff, 0x34, 0x86, 0xf5, 0xff,
    0x34, 0x86, 0xf5, 0xff, 0x34, 0x86, 0xf5, 0xff, 0x34, 0x86, 0xf5, 0xff,
    0x34, 0x86, 0xf5, 0xff, 0x34, 0x86, 0xf5, 0xff, 0x34, 0x86, 0xf5, 0xff,
    0x34, 0x86, 0xf5, 0xff, 0x34, 0x86, 0xf5, 0xff, 0x34, 0x86, 0xf5, 0xff,
    0x34, 0x86, 0xf5, 0xff, 0x34, 0x86, 0xf5, 0xff, 0x34, 0x86, 0xf5, 0xff,
    0x34, 0x86, 0xf5, 0xff, 0x34, 0x86, 0xf5, 0xff, 0x34, 0x86, 0xf5, 0xff,
    0x34, 0x86, 0xf5, 0xff, 0x34, 0x86, 0xf5, 0xff, 0x34, 0x86, 0xf5, 0xff,
    0x34, 0x86, 0xf5, 0xff, 0x34, 0x86, 0xf5, 0xff, 0x34, 0x86, 0xf5, 0xff,
    0x34, 0x86, 0xf5, 0xff, 0x34, 0x86, 0xf5, 0xff, 0x34, 0x86, 0xf5, 0xff,
    0x34, 0x86, 0xf5, 0xff, 0x34, 0x86, 0xf5, 0xff, 0x34, 0x86, 0xf5, 0xff,
    0x34, 0x86, 0xf5, 0xff, 0x34, 0x86, 0xf5, 0xff, 0x34, 0x86, 0xf5, 0xff,
    0x34, 0x86, 0xf5, 0xff, 0x34, 0x86, 0xf5, 0xff, 0x34, 0x86, 0xf5, 0xff,
    0x34, 0x86, 0xf5, 0xff, 0x34, 0x86, 0xf5, 0xff, 0x34, 0x86, 0xf5, 0xff,
    0x34, 0x86, 0xf5, 0xff, 0x34, 0x86, 0xf5, 0xff, 0x34, 0x86, 0xf5, 0xff,
    0x34, 0x86, 0xf5, 0xff, 0x34, 0x86, 0xf5, 0xff, 0x34, 0x86, 0xf5, 0xff,
    0x34, 0x86, 0xf5, 0xff, 0x34, 0x86, 0xf5, 0xff, 0x34, 0x86, 0xf5, 0xff,
    0x34, 0x86, 0xf5, 0xff, 0x34, 0x86, 0xf5, 0xff, 0x34, 0x86, 0xf5, 0xff,
    0x34, 0x86, 0xf5, 0xff, 0x34, 0x86, 0xf5, 0xff, 0x34, 0x86, 0xf5, 0xff,
    0x34, 0x86, 0xf5, 0xff, 0x34, 0x86, 0xf5, 0xff, 0x34, 0x86, 0xf5, 0xff,
    0x34, 0x86, 0xf5, 0xff, 0x34, 0x86, 0xf5, 0xff, 0x34, 0x86, 0xf5, 0xc0,
    0x31, 0x85, 0xed, 0x1b, 0xff, 0xff, 0xff, 0x00, 0xff, 0xff, 0xff, 0x00,
    0xff, 0xff, 0xff, 0x00, 0xff, 0xff, 0xff, 0x00, 0xff, 0xff, 0xff, 0x00,
    0xff, 0xff, 0xff, 0x00, 0xff, 0xff, 0xff, 0x00, 0xff, 0xff, 0xff, 0x00,
    0xff, 0xff, 0xff, 0x00, 0xff, 0xff, 0xff, 0x00, 0xff, 0xff, 0xff, 0x00,
    0xff, 0xff, 0xff, 0x00, 0xff, 0xff, 0xff, 0x00, 0x32, 0x84, 0xf4, 0x44,
    0x34, 0x86, 0xf5, 0xc3, 0x34, 0x86, 0xf5, 0xff, 0x34, 0x86, 0xf5, 0xff,
    0x34, 0x86, 0xf5, 0xff, 0x34, 0x86, 0xf5, 0xff, 0x34, 0x86, 0xf5, 0xff,
    0x34, 0x86, 0xf5, 0xff, 0x34, 0x86, 0xf5, 0xff, 0x34, 0x86, 0xf5, 0xff,
    0x34, 0x86, 0xf5, 0xff, 0x34, 0x86, 0xf5, 0xff, 0x34, 0x86, 0xf5, 0xff,
    0x34, 0x86, 0xf5, 0xff, 0x34, 0x86, 0xf5, 0xff, 0x34, 0x86, 0xf5, 0xff,
    0x34, 0x86, 0xf5, 0xff, 0x34, 0x86, 0xf5, 0xff, 0x34, 0x86, 0xf5, 0xff,
    0x34, 0x86, 0xf5, 0xff, 0x34, 0x86, 0xf5, 0xff, 0x34, 0x86, 0xf5, 0xff,
    0x34, 0x86, 0xf5, 0xff, 0x34, 0x86, 0xf5, 0xff, 0x34, 0x86, 0xf5, 0xff,
    0x34, 0x86, 0xf5, 0xff, 0x34, 0x86, 0xf5, 0xff, 0x34, 0x86, 0xf5, 0xff,
    0x34, 0x86, 0xf5, 0xff, 0x34, 0x86, 0xf5, 0xff, 0x34, 0x86, 0xf5, 0xff,
    0x34, 0x86, 0xf5, 0xff, 0x34, 0x86, 0xf5, 0xff, 0x34, 0x86, 0xf5, 0xff,
    0x34, 0x86, 0xf5, 0xff, 0x34, 0x86, 0xf5, 0xff, 0x34, 0x86, 0xf5, 0xff,
    0x34, 0x86, 0xf5, 0xff, 0x34, 0x86, 0xf5, 0xff, 0x34, 0x86, 0xf5, 0xff,
    0x34, 0x86, 0xf5, 0xff, 0x34, 0x86, 0xf5, 0xff, 0x34, 0x86, 0xf5, 0xff,
    0x34, 0x86, 0xf5, 0xff, 0x34, 0x86, 0xf5, 0xff, 0x34, 0x86, 0xf5, 0xff,
    0x34, 0x86, 0xf5, 0xff, 0x34, 0x86, 0xf5, 0xff, 0x34, 0x86, 0xf5, 0xff,
    0x34, 0x86, 0xf5, 0xff, 0x34, 0x86, 0xf5, 0xff, 0x34, 0x86, 0xf5, 0xff,
    0x34, 0x86, 0xf5, 0xff, 0x34, 0x86, 0xf5, 0xff, 0x34, 0x86, 0xf5, 0xff,
    0x34, 0x86, 0xf5, 0xff, 0x34, 0x86, 0xf5, 0xff, 0x34, 0x86, 0xf5, 0xff,
    0x34, 0x86, 0xf5, 0xff, 0x34, 0x86, 0xf5, 0xff, 0x34, 0x86, 0xf5, 0xff,
    0x34, 0x86, 0xf5, 0xff, 0x34, 0x86, 0xf5, 0xff, 0x34, 0x86, 0xf5, 0xff,
    0x34, 0x86, 0xf5, 0xff, 0x34, 0x86, 0xf5, 0xff, 0x34, 0x86, 0xf5, 0xff,
    0x34, 0x86, 0xf5, 0xff, 0x34, 0x86, 0xf5, 0xff, 0x34, 0x86, 0xf5, 0xff,
    0x34, 0x86, 0xf5, 0xff, 0x34, 0x86, 0xf5, 0xff, 0x34, 0x86, 0xf5, 0xff,
    0x34, 0x86, 0xf5, 0xff, 0x34, 0x86, 0xf5, 0xff, 0x34, 0x86, 0xf5, 0xff,
    0x34, 0x86, 0xf5, 0xff, 0x34, 0x86, 0xf5, 0xff, 0x34, 0x86, 0xf5, 0xff,
    0x34, 0x86, 0xf5, 0xff, 0x34, 0x86, 0xf5, 0xff, 0x34, 0x86, 0xf5, 0xff,
    0x34, 0x86, 0xf5, 0xff, 0x34, 0x86, 0xf5, 0xff, 0x34, 0x86, 0xf5, 0xff,
    0x34, 0x86, 0xf5, 0xff, 0x34, 0x86, 0xf5, 0xff, 0x34, 0x86, 0xf5, 0xff,
    0x34, 0x86, 0xf5, 0xff, 0x34, 0x86, 0xf5, 0xff, 0x34, 0x86, 0xf5, 0xff,
    0x34, 0x86, 0xf5, 0xff, 0x34, 0x86, 0xf5, 0xff, 0x34, 0x86, 0xf5, 0xff,
    0x34, 0x86, 0xf5, 0xff, 0x34, 0x86, 0xf5, 0xff, 0x34, 0x86, 0xf5, 0xff,
    0x34, 0x86, 0xf5, 0xff, 0x34, 0x86, 0xf5, 0xff, 0x34, 0x86, 0xf5, 0xff,
    0x34, 0x86, 0xf5, 0xff, 0x34, 0x86, 0xf5, 0xff, 0x34, 0x86, 0xf5, 0xff,
    0x34, 0x86, 0xf5, 0xff, 0x34, 0x86, 0xf5, 0xff, 0x34, 0x86, 0xf5, 0xff,
    0x34, 0x86, 0xf5, 0xff, 0x34, 0x86, 0xf5, 0xff, 0x34, 0x86, 0xf5, 0xff,
    0x34, 0x86, 0xf5, 0xff, 0x34, 0x86, 0xf5, 0xff, 0x34, 0x86, 0xf5, 0xff,
    0x34, 0x86, 0xf5, 0xff, 0x34, 0x86, 0xf5, 0xff, 0x34, 0x86, 0xf5, 0xff,
    0x34, 0x86, 0xf5, 0xff, 0x34, 0x86, 0xf5, 0xff, 0x34, 0x86, 0xf5, 0xff,
    0x34, 0x86, 0xf5, 0xff, 0x34, 0x86, 0xf5, 0xff, 0x34, 0x86, 0xf5, 0xff,
    0x34, 0x86, 0xf5, 0xff, 0x34, 0x86, 0xf5, 0xd4, 0x34, 0x85, 0xf4, 0x5b,
    0x01, 0x01, 0x01, 0x01, 0xff, 0xff, 0xff, 0x00, 0xff, 0xff, 0xff, 0x00,
    0xff, 0xff, 0xff, 0x00, 0xff, 0xff, 0xff, 0x00, 0xff, 0xff, 0xff, 0x00,
    0xff, 0xff, 0xff, 0x00, 0xff, 0xff, 0xff, 0x00, 0xff, 0xff, 0xff, 0x00,
    0xff, 0xff, 0xff, 0x00, 0xff, 0xff, 0xff, 0x00, 0xff, 0xff, 0xff, 0x00,
    0xff, 0xff, 0xff, 0x00, 0xff, 0xff, 0xff, 0x00, 0xff, 0xff, 0xff, 0x00,
    0xff, 0xff, 0xff, 0x00, 0xff, 0xff, 0xff, 0x00, 0x30, 0x80, 0xf2, 0x26,
    0x33, 0x86, 0xf4, 0x71, 0x34, 0x86, 0xf5, 0xa5, 0x34, 0x86, 0xf5, 0xc4,
    0x34, 0x85, 0xf4, 0xce, 0x34, 0x86, 0xf4, 0xcf, 0x34, 0x86, 0xf4, 0xcf,
    0x34, 0x86, 0xf4, 0xcf, 0x34, 0x86, 0xf4, 0xcf, 0x34, 0x86, 0xf4, 0xcf,
    0x34, 0x86, 0xf4, 0xcf, 0x34, 0x86, 0xf4, 0xcf, 0x34, 0x86, 0xf4, 0xcf,
    0x34, 0x86, 0xf4, 0xcf, 0x34, 0x86, 0xf4, 0xcf, 0x34, 0x86, 0xf4, 0xcf,
    0x34, 0x86, 0xf4, 0xcf, 0x34, 0x86, 0xf4, 0xcf, 0x34, 0x86, 0xf4, 0xcf,
    0x34, 0x86, 0xf4, 0xcf, 0x34, 0x86, 0xf4, 0xcf, 0x34, 0x86, 0xf4, 0xcf,
    0x34, 0x86, 0xf4, 0xcf, 0x34, 0x86, 0xf4, 0xcf, 0x34, 0x86, 0xf4, 0xcf,
    0x34, 0x86, 0xf4, 0xcf, 0x34, 0x86, 0xf4, 0xcf, 0x34, 0x86, 0xf4, 0xcf,
    0x34, 0x86, 0xf4, 0xcf, 0x34, 0x86, 0xf4, 0xcf, 0x34, 0x86, 0xf4, 0xcf,
    0x34, 0x86, 0xf4, 0xcf, 0x34, 0x86, 0xf4, 0xcf, 0x34, 0x86, 0xf4, 0xcf,
    0x34, 0x86, 0xf4, 0xcf, 0x34, 0x86, 0xf4, 0xcf, 0x34, 0x86, 0xf4, 0xcf,
    0x34, 0x86, 0xf4, 0xcf, 0x34, 0x86, 0xf4, 0xcf, 0x34, 0x86, 0xf4, 0xcf,
    0x34, 0x86, 0xf4, 0xcf, 0x34, 0x86, 0xf4, 0xcf, 0x34, 0x86, 0xf4, 0xcf,
    0x34, 0x86, 0xf4, 0xcf, 0x34, 0x86, 0xf4, 0xcf, 0x34, 0x86, 0xf4, 0xcf,
    0x34, 0x86, 0xf4, 0xcf, 0x34, 0x86, 0xf4, 0xcf, 0x34, 0x86, 0xf4, 0xcf,
    0x34, 0x86, 0xf4, 0xcf, 0x34, 0x86, 0xf4, 0xcf, 0x34, 0x86, 0xf4, 0xcf,
    0x34, 0x86, 0xf4, 0xcf, 0x34, 0x86, 0xf4, 0xcf, 0x34, 0x86, 0xf4, 0xcf,
    0x34, 0x86, 0xf4, 0xcf, 0x34, 0x86, 0xf4, 0xcf, 0x34, 0x86, 0xf4, 0xcf,
    0x34, 0x86, 0xf4, 0xcf, 0x34, 0x86, 0xf4, 0xcf, 0x34, 0x86, 0xf4, 0xcf,
    0x34, 0x86, 0xf4, 0xcf, 0x34, 0x86, 0xf4, 0xcf, 0x34, 0x86, 0xf4, 0xcf,
    0x34, 0x86, 0xf4, 0xcf, 0x34, 0x86, 0xf4, 0xcf, 0x34, 0x86, 0xf4, 0xcf,
    0x34, 0x86, 0xf4, 0xcf, 0x34, 0x86, 0xf4, 0xcf, 0x34, 0x86, 0xf4, 0xcf,
    0x34, 0x86, 0xf4, 0xcf, 0x34, 0x86, 0xf4, 0xcf, 0x34, 0x86, 0xf4, 0xcf,
    0x34, 0x86, 0xf4, 0xcf, 0x34, 0x86, 0xf4, 0xcf, 0x34, 0x86, 0xf4, 0xcf,
    0x34, 0x86, 0xf4, 0xcf, 0x34, 0x86, 0xf4, 0xcf, 0x34, 0x86, 0xf4, 0xcf,
    0x34, 0x86, 0xf4, 0xcf, 0x34, 0x86, 0xf4, 0xcf, 0x34, 0x86, 0xf4, 0xcf,
    0x34, 0x86, 0xf4, 0xcf, 0x34, 0x86, 0xf4, 0xcf, 0x34, 0x86, 0xf4, 0xcf,
    0x34, 0x86, 0xf4, 0xcf, 0x34, 0x86, 0xf4, 0xcf, 0x34, 0x86, 0xf4, 0xcf,
    0x34, 0x86, 0xf4, 0xcf, 0x34, 0x86, 0xf4, 0xcf, 0x34, 0x86, 0xf4, 0xcf,
    0x34, 0x86, 0xf4, 0xcf, 0x34, 0x86, 0xf4, 0xcf, 0x34, 0x86, 0xf4, 0xcf,
    0x34, 0x86, 0xf4, 0xcf, 0x34, 0x86, 0xf4, 0xcf, 0x34, 0x86, 0xf4, 0xcf,
    0x34, 0x86, 0xf4, 0xcf, 0x34, 0x86, 0xf4, 0xcf, 0x34, 0x86, 0xf4, 0xcf,
    0x34, 0x86, 0xf4, 0xcf, 0x34, 0x86, 0xf4, 0xcf, 0x34, 0x86, 0xf4, 0xcf,
    0x34, 0x86, 0xf4, 0xcf, 0x34, 0x86, 0xf4, 0xcf, 0x34, 0x86, 0xf4, 0xcf,
    0x34, 0x86, 0xf4, 0xcf, 0x34, 0x86, 0xf4, 0xcf, 0x34, 0x86, 0xf4, 0xcf,
    0x34, 0x86, 0xf4, 0xcf, 0x34, 0x86, 0xf4, 0xcf, 0x34, 0x86, 0xf4, 0xcf,
    0x34, 0x86, 0xf4, 0xcf, 0x34, 0x86, 0xf4, 0xcf, 0x34, 0x86, 0xf4, 0xcf,
    0x34, 0x86, 0xf4, 0xcf, 0x34, 0x86, 0xf5, 0xc5, 0x34, 0x86, 0xf5, 0xab,
    0x33, 0x85, 0xf5, 0x7c, 0x32, 0x85, 0xf1, 0x34, 0xff, 0xff, 0xff, 0x00,
    0xff, 0xff, 0xff, 0x00, 0xff, 0xff, 0xff, 0x00, 0xff, 0xff, 0xff, 0x00,
    0xff, 0xff, 0xff, 0x00, 0xff, 0xff, 0xff, 0x00, 0xff, 0xff, 0xff, 0x00,
    0xff, 0xff, 0xff, 0x00
};
