// 4.26.0 0x282d1ddf D2 AY R0 FCOMPRESSED_ARGB8888 U888 N0 SExtFlashSection CRGB
// Generated by imageconverter. Please, do not edit!

#include <touchgfx/hal/Config.hpp>

LOCATION_PRAGMA("ExtFlashSection")
KEEP extern const unsigned char image_pop_up_rpm[] LOCATION_ATTRIBUTE("ExtFlashSection") = { // 350x205 COMPRESSED_ARGB8888 pixels. Compression [output/input x 100]: 16926/287000 x 100 = 5.9%
    0x08, 0x08, 0x08, 0x03,
    0x00, 0x00, 0x40, 0x7e,
    0x00, 0x00, 0x00, 0x68,
    0x00, 0x00, 0x00, 0xb8,
    0x00, 0x00, 0x00, 0xf0,
    0x00, 0x00, 0x01, 0x27,
    0x00, 0x00, 0x01, 0x5c,
    0x00, 0x00, 0x01, 0x8f,
    0x00, 0x00, 0x01, 0xe8,
    0x00, 0x00, 0x02, 0x52,
    0x00, 0x00, 0x02, 0xa3,
    0x00, 0x00, 0x02, 0xec,
    0x00, 0x00, 0x03, 0x33,
    0x00, 0x00, 0x03, 0x76,
    0x00, 0x00, 0x03, 0xc8,
    0x00, 0x00, 0x04, 0x43,
    0x00, 0x00, 0x04, 0xc1,
    0x00, 0x00, 0x05, 0x3d,
    0x00, 0x00, 0x05, 0xc1,
    0x00, 0x00, 0x06, 0x3f,
    0x00, 0x00, 0x06, 0xbc,
    0x00, 0x00, 0x07, 0x39,
    0x00, 0x00, 0x07, 0xaf,
    0x00, 0x00, 0x08, 0x13,
    0x00, 0x00, 0x08, 0x6f,
    0x00, 0x00, 0x08, 0xcb,
    0x00, 0x00, 0x09, 0x24,
    0x00, 0x00, 0x09, 0x75,
    0x00, 0x00, 0x09, 0xcc,
    0x00, 0x00, 0x0a, 0x38,
    0x00, 0x00, 0x0a, 0xa8,
    0x00, 0x00, 0x0b, 0x15,
    0x00, 0x00, 0x0b, 0x8b,
    0x00, 0x00, 0x0b, 0xfd,
    0x00, 0x00, 0x0c, 0x73,
    0x00, 0x00, 0x0c, 0xf2,
    0x00, 0x00, 0x0d, 0x72,
    0x00, 0x00, 0x0d, 0xef,
    0x00, 0x00, 0x0e, 0x34,
    0x00, 0x00, 0x0e, 0x7b,
    0x00, 0x00, 0x0e, 0xc4,
    0x00, 0x00, 0x0f, 0x10,
    0x00, 0x00, 0x0f, 0x73,
    0x00, 0x00, 0x0f, 0xc8,
    0x00, 0x00, 0x0f, 0xe6,
    0x00, 0x00, 0x10, 0x04,
    0x00, 0x00, 0x10, 0x2e,
    0x00, 0x00, 0x11, 0x00,
    0x00, 0x00, 0x11, 0xed,
    0x00, 0x00, 0x13, 0xb7,
    0x00, 0x00, 0x16, 0x7d,
    0x00, 0x00, 0x19, 0x20,
    0x00, 0x00, 0x1b, 0xa1,
    0x00, 0x00, 0x1d, 0xf9,
    0x00, 0x00, 0x20, 0x24,
    0x00, 0x00, 0x22, 0x58,
    0x00, 0x00, 0x25, 0x09,
    0x00, 0x00, 0x26, 0xd0,
    0x00, 0x00, 0x27, 0x08,
    0x00, 0x00, 0x27, 0x44,
    0x00, 0x00, 0x27, 0x76,
    0x00, 0x00, 0x27, 0xae,
    0x00, 0x00, 0x28, 0xe9,
    0x00, 0x00, 0x2a, 0x87,
    0x00, 0x00, 0x2e, 0x1a,
    0x00, 0x00, 0x31, 0x26,
    0x00, 0x00, 0x34, 0x5c,
    0x00, 0x00, 0x37, 0x5d,
    0x00, 0x00, 0x3a, 0xa0,
    0x00, 0x00, 0x3b, 0x45,
    0x00, 0x00, 0x3b, 0x92,
    0x00, 0x00, 0x3b, 0xb0,
    0x00, 0x00, 0x3b, 0xce,
    0x00, 0x00, 0x3b, 0xec,
    0x00, 0x00, 0x3c, 0x0a,
    0x00, 0x00, 0x3c, 0x28,
    0x00, 0x00, 0x3c, 0x46,
    0x00, 0x00, 0x3c, 0x64,
    0x00, 0x00, 0x3c, 0x82,
    0x00, 0x00, 0x3c, 0xa0,
    0x00, 0x00, 0x3c, 0xbe,
    0x00, 0x00, 0x3c, 0xdc,
    0x00, 0x00, 0x3c, 0xfa,
    0x00, 0x00, 0x3d, 0x18,
    0x00, 0x00, 0x3d, 0x36,
    0x00, 0x00, 0x3d, 0x54,
    0x00, 0x00, 0x3d, 0x72,
    0x00, 0x00, 0x3d, 0x90,
    0x00, 0x00, 0x3d, 0xae,
    0x00, 0x00, 0x3d, 0xcc,
    0x00, 0x00, 0x3d, 0xea,
    0x00, 0x00, 0x3e, 0x08,
    0x00, 0x00, 0x3e, 0x26,
    0x00, 0x00, 0x3e, 0x44,
    0x00, 0x00, 0x3e, 0x62,
    0x00, 0x00, 0x3e, 0x80,
    0x00, 0x00, 0x3e, 0xa6,
    0x00, 0x00, 0x3e, 0xd1,
    0x00, 0x00, 0x3e, 0xf9,
    0x00, 0x00, 0x3f, 0x2c,
    0x00, 0x00, 0x3f, 0x62,
    0x00, 0x00, 0x3f, 0xa3,
    0x00, 0x00, 0x3f, 0xe4,
    0x00, 0x00, 0x40, 0x34,
    0x55, 0xcb, 0xff, 0x80, 0x80, 0x01, 0x02, 0xff, 0x96, 0x7c, 0x6b, 0x1d,
    0xff, 0x97, 0x80, 0x6a, 0x2e, 0xff, 0x9a, 0x7e, 0x67, 0x37, 0xff, 0x97,
    0x80, 0x6a, 0x38, 0xfd, 0xfd, 0xfd, 0xfd, 0xfd, 0xc5, 0xff, 0x98, 0x80,
    0x69, 0x36, 0xff, 0x99, 0x80, 0x68, 0x2a, 0xff, 0x97, 0x79, 0x6a, 0x11,
    0x31, 0xcb, 0xc9, 0xff, 0x98, 0x7c, 0x69, 0x1b, 0xff, 0x9b, 0x80, 0x6b,
    0x74, 0xff, 0x9b, 0x80, 0x6a, 0xbd, 0xff, 0x9b, 0x80, 0x6b, 0xf4, 0xff,
    0x9b, 0x80, 0x6b, 0xff, 0xfd, 0xfd, 0xfd, 0xfd, 0xfd, 0xcb, 0xff, 0x9b,
    0x80, 0x6b, 0xe5, 0xff, 0x9b, 0x80, 0x6a, 0xa5, 0xff, 0x99, 0x7f, 0x6b,
    0x57, 0xff, 0x8f, 0x72, 0x56, 0x09, 0x31, 0xc7, 0x55, 0xc6, 0xff, 0x99,
    0x7d, 0x68, 0x25, 0xff, 0x9b, 0x80, 0x6a, 0xa5, 0xff, 0x9b, 0x80, 0x6b,
    0xfc, 0xff, 0x9b, 0x80, 0x6b, 0xff, 0xfd, 0xfd, 0xfd, 0xfd, 0xfd, 0xd1,
    0xff, 0x9b, 0x80, 0x6b, 0xec, 0xff, 0x9a, 0x7f, 0x6b, 0x7d, 0xff, 0x9a,
    0x80, 0x67, 0x0a, 0x31, 0xc5, 0xc5, 0xff, 0x80, 0x80, 0x01, 0x02, 0xff,
    0x9b, 0x7f, 0x6a, 0x79, 0xff, 0x9b, 0x80, 0x6b, 0xf8, 0x33, 0xfd, 0xfd,
    0xfd, 0xfd, 0xfd, 0xd5, 0xff, 0x9b, 0x80, 0x6b, 0xdf, 0xff, 0x9b, 0x7e,
    0x6a, 0x3f, 0x31, 0xc4, 0x55, 0xc3, 0xff, 0x96, 0x80, 0x6b, 0x0c, 0xff,
    0x9a, 0x80, 0x6b, 0xb5, 0xff, 0x9b, 0x80, 0x6b, 0xff, 0xfd, 0xfd, 0xfd,
    0xfd, 0xfd, 0xd8, 0xff, 0x9b, 0x80, 0x6b, 0xfc, 0xff, 0x9b, 0x7f, 0x6b,
    0x6f, 0x31, 0xc3, 0xc3, 0x1f, 0xff, 0x9b, 0x80, 0x6b, 0xc7, 0x33, 0xfd,
    0xfd, 0xfd, 0xfd, 0xfd, 0xdb, 0xff, 0x9b, 0x80, 0x6a, 0x7e, 0x31, 0xc2,
    0x55, 0xc1, 0xff, 0x80, 0x80, 0x01, 0x02, 0xff, 0x9a, 0x80, 0x6b, 0xb5,
    0xff, 0x9b, 0x80, 0x6b, 0xff, 0xfd, 0xfd, 0xfd, 0xfd, 0xfd, 0xdd, 0xff,
    0x99, 0x7f, 0x6a, 0x61, 0x31, 0xc1, 0xc2, 0xff, 0x9a, 0x80, 0x6b, 0x76,
    0x33, 0xfd, 0xfd, 0xfd, 0xfd, 0xfd, 0xde, 0xff, 0x9b, 0x80, 0x6b, 0xf6,
    0xff, 0x99, 0x80, 0x68, 0x2a, 0x31, 0xc0, 0x55, 0xc0, 0xff, 0x9b, 0x7d,
    0x66, 0x21, 0xff, 0x9b, 0x80, 0x6b, 0xf6, 0xff, 0x9b, 0x80, 0x6b, 0xff,
    0xfd, 0xfd, 0xfd, 0xfd, 0xfd, 0xdf, 0xff, 0x9b, 0x80, 0x6b, 0xc1, 0xff,
    0x01, 0x01, 0x01, 0x01, 0x31, 0xc1, 0xff, 0x9a, 0x80, 0x6a, 0x9e, 0x33,
    0xfd, 0xfd, 0xfd, 0xfd, 0xfd, 0xe1, 0xff, 0x9b, 0x7f, 0x6a, 0x49, 0x31,
    0x55, 0xff, 0x98, 0x80, 0x69, 0x16, 0xff, 0x9b, 0x80, 0x6b, 0xfa, 0xff,
    0x9b, 0x80, 0x6b, 0xff, 0xfd, 0xfd, 0xfd, 0xfd, 0xfd, 0xe1, 0xff, 0x9b,
    0x80, 0x6b, 0xbb, 0x31, 0xc0, 0xff, 0x9b, 0x7f, 0x6a, 0x6d, 0x33, 0xfd,
    0xfd, 0xfd, 0xfd, 0xfd, 0xe2, 0xff, 0x9b, 0x80, 0x6b, 0xfd, 0xff, 0x94,
    0x80, 0x63, 0x1a, 0x55, 0xff, 0x9b, 0x80, 0x6b, 0xb4, 0xff, 0x9b, 0x80,
    0x6b, 0xff, 0xfd, 0xfd, 0xfd, 0xfd, 0xfd, 0xe3, 0xff, 0x9a, 0x7f, 0x6a,
    0x5f, 0x31, 0xff, 0x9b, 0x80, 0x6b, 0xea, 0x33, 0xfd, 0xfd, 0xe6, 0xfe,
    0x92, 0x79, 0x77, 0xfe, 0x7f, 0x6a, 0x90, 0xfe, 0x6e, 0x5d, 0xa6, 0xfe,
    0x61, 0x53, 0xb7, 0xfe, 0x57, 0x4b, 0xc3, 0xfe, 0x50, 0x45, 0xcd, 0x9e,
    0xe7, 0x9e, 0xd7, 0xa1, 0x59, 0x25, 0x16, 0xfe, 0x60, 0x52, 0xb8, 0xfe,
    0x6c, 0x5b, 0xa8, 0xfe, 0x7d, 0x69, 0x92, 0xfe, 0x90, 0x77, 0x79, 0x33,
    0xfd, 0xfd, 0xea, 0xff, 0x9b, 0x80, 0x6b, 0x95, 0xff, 0x90, 0x80, 0x61,
    0x10, 0xff, 0x9b, 0x80, 0x6b, 0xff, 0xfd, 0xfd, 0xe3, 0xfe, 0x96, 0x7c,
    0x72, 0xfe, 0x79, 0x66, 0x97, 0xfe, 0x5d, 0x4f, 0xbc, 0xfe, 0x44, 0x3c,
    0xdc, 0xfe, 0x37, 0x32, 0xed, 0xcd, 0xfe, 0x41, 0x3a, 0xe0, 0xfe, 0x5b,
    0x4e, 0xbf, 0xfe, 0x77, 0x64, 0x9a, 0xfe, 0x94, 0x7a, 0x74, 0x33, 0xfd,
    0xfd, 0xe6, 0xff, 0x9a, 0x80, 0x6b, 0xba, 0xff, 0x97, 0x80, 0x6a, 0x22,
    0x33, 0xfd, 0xfd, 0xe0, 0x75, 0xfe, 0x80, 0x6b, 0x8f, 0xfe, 0x59, 0x4c,
    0xc1, 0xfe, 0x3a, 0x34, 0xe9, 0x37, 0xd3, 0xa2, 0x38, 0xfe, 0x55, 0x49,
    0xc6, 0xfe, 0x7c, 0x68, 0x93, 0xfe, 0x9a, 0x7f, 0x6d, 0x33, 0xfd, 0xfd,
    0xe3, 0xff, 0x9b, 0x80, 0x6b, 0xcc, 0xff, 0x99, 0x80, 0x68, 0x2a, 0xff,
    0x9b, 0x80, 0x6b, 0xff, 0xfd, 0xfd, 0xde, 0x9e, 0xd8, 0xfe, 0x73, 0x61,
    0x9f, 0xfe, 0x46, 0x3e, 0xd9, 0xfe, 0x37, 0x32, 0xed, 0xd9, 0xfe, 0x43,
    0x3b, 0xde, 0xfe, 0x6f, 0x5d, 0xa5, 0xfe, 0x97, 0x7d, 0x70, 0x33, 0xfd,
    0xfd, 0xe1, 0xff, 0x9b, 0x80, 0x6b, 0xd4, 0x35, 0x33, 0xfd, 0xfd, 0xdd,
    0xfe, 0x77, 0x64, 0x99, 0xfe, 0x43, 0x3c, 0xdd, 0x37, 0xdd, 0xfe, 0x40,
    0x39, 0xe1, 0xfe, 0x72, 0x60, 0xa1, 0xfe, 0x9a, 0x7f, 0x6c, 0x33, 0xfd,
    0xfd, 0xdf, 0x1a, 0xff, 0x99, 0x80, 0x68, 0x2a, 0xff, 0x9b, 0x80, 0x6b,
    0xff, 0xfd, 0xfd, 0xdb, 0xfe, 0x8b, 0x73, 0x80, 0xfe, 0x4e, 0x44, 0xcf,
    0xfe, 0x37, 0x32, 0xed, 0xe1, 0xfe, 0x4a, 0x40, 0xd5, 0xfe, 0x86, 0x70,
    0x86, 0x33, 0xfd, 0xfd, 0xde, 0xff, 0x9b, 0x80, 0x6b, 0xd4, 0x35, 0x33,
    0xfd, 0xfd, 0xd9, 0x75, 0xfe, 0x6d, 0x5c, 0xa6, 0xfe, 0x39, 0x34, 0xea,
    0x37, 0xe3, 0x5f, 0xfe, 0x68, 0x58, 0xae, 0xfe, 0x99, 0x7e, 0x6d, 0x33,
    0xfd, 0xfd, 0xdc, 0x1a, 0xff, 0x99, 0x80, 0x68, 0x2a, 0xff, 0x9b, 0x80,
    0x6b, 0xff, 0xfd, 0xfd, 0xd8, 0xfe, 0x94, 0x7a, 0x74, 0xfe, 0x53, 0x48,
    0xc8, 0xfe, 0x37, 0x32, 0xed, 0xe7, 0xfe, 0x4e, 0x44, 0xd0, 0xfe, 0x90,
    0x78, 0x79, 0x33, 0xfd, 0xfd, 0xdb, 0xff, 0x9b, 0x80, 0x6b, 0xd4, 0x35,
    0x33, 0xfd, 0xfd, 0xd7, 0xfe, 0x8c, 0x74, 0x7f, 0xfe, 0x44, 0x3c, 0xdc,
    0x37, 0xe9, 0xfe, 0x41, 0x39, 0xe1, 0xfe, 0x87, 0x70, 0x86, 0x33, 0xfd,
    0xfd, 0xda, 0x1a, 0xff, 0x99, 0x80, 0x68, 0x2a, 0xff, 0x9b, 0x80, 0x6b,
    0xff, 0xfd, 0xfd, 0xd6, 0xfe, 0x86, 0x6f, 0x87, 0xfe, 0x3e, 0x37, 0xe4,
    0xfe, 0x37, 0x32, 0xed, 0xeb, 0xa3, 0x09, 0xfe, 0x80, 0x6b, 0x8e, 0x33,
    0xfd, 0xfd, 0xd9, 0xff, 0x9b, 0x80, 0x6b, 0xd4, 0x35, 0x33, 0xfd, 0xfd,
    0xd5, 0xfe, 0x85, 0x6e, 0x88, 0xfe, 0x3c, 0x36, 0xe7, 0x37, 0xed, 0xa2,
    0x38, 0xfe, 0x7e, 0x6a, 0x90, 0x33, 0xfd, 0xfd, 0xd8, 0x1a, 0xff, 0x99,
    0x80, 0x68, 0x2a, 0xff, 0x9b, 0x80, 0x6b, 0xff, 0xfd, 0xfd, 0xd4, 0xfe,
    0x88, 0x71, 0x83, 0xfe, 0x3d, 0x37, 0xe5, 0xfe, 0x37, 0x32, 0xed, 0xef,
    0xa2, 0x29, 0xfe, 0x82, 0x6d, 0x8b, 0x33, 0xfd, 0xfd, 0xd7, 0xff, 0x9b,
    0x80, 0x6b, 0xd4, 0x35, 0x33, 0xfd, 0xfd, 0xd3, 0xfe, 0x90, 0x77, 0x79,
    0xfe, 0x41, 0x3a, 0xe0, 0x37, 0xc6, 0xfe, 0x5c, 0x58, 0xf1, 0x37, 0xdf,
    0xfe, 0x9a, 0x98, 0xf6, 0xfe, 0x55, 0x51, 0xf0, 0x37, 0xc5, 0x22, 0xfe,
    0x8b, 0x73, 0x80, 0x33, 0xfd, 0xfd, 0xd6, 0x1a, 0xff, 0x99, 0x80, 0x68,
    0x2a, 0xff, 0x9b, 0x80, 0x6b, 0xff, 0xfd, 0xfd, 0xd2, 0x9e, 0xe7, 0xfe,
    0x4c, 0x42, 0xd2, 0xfe, 0x37, 0x32, 0xed, 0xc6, 0xfe, 0xa4, 0xa2, 0xf7,
    0xfe, 0xfb, 0xfb, 0xfe, 0xfe, 0x78, 0x74, 0xf3, 0x37, 0xdd, 0xfe, 0xa7,
    0xa5, 0xf7, 0xfe, 0xfe, 0xfe, 0xfe, 0xfe, 0xe8, 0xe7, 0xfd, 0xfe, 0x51,
    0x4c, 0xf0, 0x37, 0xc5, 0xfe, 0x46, 0x3e, 0xd9, 0xfe, 0x96, 0x7c, 0x72,
    0xfe, 0x9b, 0x80, 0x6b, 0xfd, 0xfd, 0xd5, 0xff, 0x9b, 0x80, 0x6b, 0xd4,
    0x35, 0x33, 0xfd, 0xfd, 0xd2, 0xfe, 0x61, 0x53, 0xb7, 0x37, 0xc6, 0xfe,
    0xa2, 0xa0, 0xf7, 0x17, 0xc0, 0x9c, 0xc9, 0xfe, 0x75, 0x72, 0xf3, 0x37,
    0xdb, 0x24, 0x17, 0xc1, 0xfe, 0xe5, 0xe5, 0xfc, 0xfe, 0x4d, 0x49, 0xef,
    0x37, 0xc5, 0xfe, 0x58, 0x4c, 0xc2, 0x33, 0xfd, 0xfd, 0xd5, 0x1a, 0xff,
    0x99, 0x80, 0x68, 0x2a, 0xff, 0x9b, 0x80, 0x6b, 0xff, 0xfd, 0xfd, 0xd1,
    0xfe, 0x7e, 0x6a, 0x90, 0xfe, 0x37, 0x32, 0xed, 0xc6, 0xfe, 0xa0, 0x9d,
    0xf6, 0xfe, 0xfe, 0xfe, 0xfe, 0xc2, 0x9c, 0xc8, 0xfe, 0x73, 0x70, 0xf3,
    0x37, 0xd9, 0xfe, 0xa7, 0xa5, 0xf7, 0x17, 0xc3, 0xfe, 0xe2, 0xe1, 0xfc,
    0xfe, 0x4b, 0x47, 0xef, 0x37, 0xc5, 0xfe, 0x76, 0x63, 0x9c, 0x33, 0xfd,
    0xfd, 0xd4, 0xff, 0x9b, 0x80, 0x6b, 0xd4, 0x35, 0x33, 0xfd, 0xfd, 0xd0,
    0xfe, 0x96, 0x7c, 0x71, 0xfe, 0x43, 0x3b, 0xde, 0x37, 0xc5, 0xfe, 0x9e,
    0x9c, 0xf6, 0x17, 0xc4, 0x9b, 0xd8, 0xfe, 0x71, 0x6d, 0xf2, 0x37, 0xd7,
    0xfe, 0xa6, 0xa4, 0xf7, 0x17, 0xc5, 0xfe, 0xde, 0xde, 0xfc, 0xfe, 0x48,
    0x43, 0xef, 0x37, 0xc4, 0xfe, 0x3e, 0x37, 0xe4, 0xfe, 0x92, 0x79, 0x77,
    0x33, 0xfd, 0xfd, 0xd3, 0x1a, 0xff, 0x99, 0x80, 0x68, 0x2a, 0xff, 0x9b,
    0x80, 0x6b, 0xff, 0xfd, 0xfd, 0xd0, 0xfe, 0x66, 0x56, 0xb1, 0xfe, 0x37,
    0x32, 0xed, 0xc5, 0xfe, 0x9b, 0x98, 0xf6, 0xfe, 0xfe, 0xfe, 0xfe, 0xc6,
    0x9a, 0xe8, 0xfe, 0x6e, 0x6b, 0xf2, 0x37, 0xd5, 0xfe, 0xa6, 0xa4, 0xf7,
    0x17, 0xc7, 0xfe, 0xda, 0xda, 0xfb, 0xfe, 0x46, 0x41, 0xef, 0x37, 0xc4,
    0xfe, 0x5d, 0x4f, 0xbc, 0x33, 0xfd, 0xfd, 0xd3, 0xff, 0x9b, 0x80, 0x6b,
    0xd4, 0x35, 0x33, 0xfd, 0xfd, 0xcf, 0xfe, 0x8f, 0x76, 0x7b, 0xfe, 0x39,
    0x34, 0xea, 0x37, 0xc4, 0xfe, 0x5c, 0x57, 0xf1, 0xfe, 0xfc, 0xfc, 0xfe,
    0x17, 0xc7, 0x99, 0xf8, 0xfe, 0x6c, 0x68, 0xf2, 0x37, 0xd3, 0x18, 0x17,
    0xc8, 0xfe, 0xe5, 0xe5, 0xfc, 0xfe, 0x4f, 0x4b, 0xf0, 0x37, 0xc4, 0x5b,
    0xfe, 0x88, 0x71, 0x84, 0x33, 0xfd, 0xfd, 0xd2, 0x1a, 0xff, 0x99, 0x80,
    0x68, 0x2a, 0xff, 0x9b, 0x80, 0x6b, 0xff, 0xfd, 0xfd, 0xcf, 0xfe, 0x5d,
    0x50, 0xbb, 0xfe, 0x37, 0x32, 0xed, 0xc6, 0xfe, 0x7f, 0x7c, 0xf4, 0xfe,
    0xfc, 0xfc, 0xfe, 0xa2, 0x68, 0xc7, 0xfe, 0xf7, 0xf6, 0xfe, 0xfe, 0x6a,
    0x66, 0xf2, 0x37, 0xd1, 0xfe, 0xa6, 0xa4, 0xf7, 0x17, 0xc8, 0xfe, 0xe5,
    0xe5, 0xfc, 0xfe, 0x50, 0x4b, 0xf0, 0x37, 0xc6, 0xfe, 0x55, 0x49, 0xc7,
    0x33, 0xfd, 0xfd, 0xd2, 0xff, 0x9b, 0x80, 0x6b, 0xd4, 0x35, 0x33, 0xfd,
    0xfd, 0xce, 0xfe, 0x90, 0x77, 0x79, 0xfe, 0x39, 0x33, 0xeb, 0x37, 0xc7,
    0xfe, 0x7c, 0x79, 0xf3, 0xfe, 0xfb, 0xfb, 0xfe, 0x17, 0xc7, 0xfe, 0xf6,
    0xf6, 0xfe, 0xfe, 0x68, 0x64, 0xf2, 0xfe, 0x37, 0x32, 0xed, 0xcf, 0x18,
    0xfe, 0xfe, 0xfe, 0xfe, 0xc8, 0x25, 0x2c, 0x37, 0xc8, 0xfe, 0x89, 0x72,
    0x82, 0xfe, 0x9b, 0x80, 0x6b, 0xfd, 0xfd, 0xd1, 0x1a, 0xff, 0x99, 0x80,
    0x68, 0x2a, 0xff, 0x9b, 0x80, 0x6b, 0xff, 0xfd, 0xfd, 0xce, 0xfe, 0x66,
    0x56, 0xb1, 0xfe, 0x37, 0x32, 0xed, 0xc9, 0xfe, 0x7c, 0x78, 0xf3, 0xfe,
    0xfb, 0xfb, 0xfe, 0xa3, 0x58, 0xc7, 0xfe, 0xf5, 0xf5, 0xfe, 0xfe, 0x66,
    0x62, 0xf1, 0x37, 0xcd, 0xfe, 0xa4, 0xa2, 0xf7, 0x17, 0xc8, 0xfe, 0xe5,
    0xe5, 0xfc, 0xfe, 0x50, 0x4b, 0xf0, 0x37, 0xc9, 0xfe, 0x5d, 0x4f, 0xbc,
    0xfe, 0x9b, 0x80, 0x6b, 0xfd, 0xfd, 0xd1, 0xff, 0x9b, 0x80, 0x6b, 0xd4,
    0x35, 0x33, 0xfd, 0xfd, 0xcd, 0x9e, 0xc8, 0xfe, 0x40, 0x39, 0xe2, 0x37,
    0xca, 0xfe, 0x79, 0x76, 0xf3, 0xfe, 0xfb, 0xfa, 0xfe, 0x17, 0xc7, 0xfe,
    0xf4, 0xf4, 0xfe, 0xfe, 0x65, 0x61, 0xf1, 0x37, 0xcb, 0x00, 0x17, 0xc8,
    0x25, 0x2c, 0x37, 0xca, 0xa3, 0x09, 0xfe, 0x95, 0x7b, 0x73, 0x33, 0xfd,
    0xfd, 0xd0, 0x1a, 0xff, 0x99, 0x80, 0x68, 0x2a, 0xff, 0x9b, 0x80, 0x6b,
    0xff, 0xfd, 0xfd, 0xcd, 0xfe, 0x7d, 0x68, 0x92, 0xfe, 0x37, 0x32, 0xed,
    0xcc, 0xfe, 0x77, 0x74, 0xf3, 0xfe, 0xfb, 0xfa, 0xfe, 0xa4, 0x47, 0xc7,
    0xfe, 0xf4, 0xf3, 0xfe, 0xfe, 0x63, 0x5f, 0xf1, 0x37, 0xc9, 0xfe, 0xa4,
    0xa2, 0xf7, 0x17, 0xc8, 0xfe, 0xe5, 0xe5, 0xfc, 0xfe, 0x50, 0x4b, 0xf0,
    0x37, 0xcc, 0xfe, 0x74, 0x62, 0x9e, 0x33, 0xfd, 0xfd, 0xd0, 0xff, 0x9b,
    0x80, 0x6b, 0xd4, 0x35, 0x33, 0xfd, 0xfd, 0xcd, 0xfe, 0x5b, 0x4e, 0xbe,
    0x37, 0xcd, 0xfe, 0x75, 0x71, 0xf3, 0xfe, 0xfa, 0xfa, 0xfe, 0x17, 0xc7,
    0xfe, 0xf3, 0xf2, 0xfd, 0xfe, 0x61, 0x5d, 0xf1, 0x37, 0xc7, 0xfe, 0xa4,
    0xa2, 0xf7, 0x17, 0xc8, 0xfe, 0xe5, 0xe5, 0xfc, 0x2c, 0x37, 0xcd, 0xfe,
    0x52, 0x47, 0xca, 0x33, 0xfd, 0xfd, 0xd0, 0x1a, 0xff, 0x99, 0x80, 0x68,
    0x2a, 0xff, 0x9b, 0x80, 0x6b, 0xff, 0xfd, 0xfd, 0xcc, 0x75, 0xfe, 0x3f,
    0x38, 0xe3, 0xfe, 0x37, 0x32, 0xed, 0xce, 0xfe, 0x72, 0x6f, 0xf3, 0xfe,
    0xf9, 0xf9, 0xfe, 0xa5, 0x38, 0xc7, 0xfe, 0xf2, 0xf2, 0xfd, 0xfe, 0x5f,
    0x5b, 0xf1, 0x37, 0xc5, 0xfe, 0xa4, 0xa2, 0xf7, 0x17, 0xc8, 0xfe, 0xe5,
    0xe5, 0xfc, 0xfe, 0x50, 0x4b, 0xf0, 0x37, 0xce, 0xa2, 0x38, 0xfe, 0x97,
    0x7d, 0x71, 0x33, 0xfd, 0xfd, 0xcf, 0xff, 0x9b, 0x80, 0x6b, 0xd4, 0x35,
    0x33, 0xfd, 0xfd, 0xcc, 0xfe, 0x87, 0x70, 0x85, 0x37, 0xd0, 0xfe, 0x71,
    0x6e, 0xf2, 0x1b, 0x17, 0xc7, 0xfe, 0xf0, 0xf0, 0xfd, 0xfe, 0x5d, 0x59,
    0xf1, 0x37, 0xc3, 0x00, 0x17, 0xc8, 0xfe, 0xe5, 0xe5, 0xfc, 0xfe, 0x50,
    0x4b, 0xf0, 0x37, 0xd0, 0xfe, 0x7e, 0x6a, 0x90, 0x33, 0xfd, 0xfd, 0xcf,
    0x1a, 0xff, 0x99, 0x80, 0x68, 0x2a, 0xff, 0x9b, 0x80, 0x6b, 0xff, 0xfd,
    0xfd, 0xcc, 0xfe, 0x6f, 0x5e, 0xa4, 0xfe, 0x37, 0x32, 0xed, 0xd1, 0xfe,
    0x6f, 0x6c, 0xf2, 0xfe, 0xf8, 0xf8, 0xfe, 0xa6, 0x28, 0xc7, 0xfe, 0xf0,
    0xef, 0xfd, 0xfe, 0x5c, 0x57, 0xf1, 0x37, 0xc1, 0xfe, 0xa4, 0xa2, 0xf7,
    0x17, 0xc8, 0xfe, 0xe5, 0xe5, 0xfc, 0xfe, 0x50, 0x4b, 0xf0, 0x37, 0xd1,
    0xfe, 0x67, 0x57, 0xaf, 0x33, 0xfd, 0xfd, 0xcf, 0xff, 0x9b, 0x80, 0x6b,
    0xd4, 0x35, 0x33, 0xfd, 0xfd, 0xcc, 0xfe, 0x5b, 0x4e, 0xbe, 0x37, 0xd2,
    0xfe, 0x6e, 0x6a, 0xf2, 0xfe, 0xf7, 0xf7, 0xfe, 0x17, 0xc7, 0xfe, 0xee,
    0xee, 0xfd, 0xfe, 0x59, 0x55, 0xf0, 0x37, 0x00, 0x17, 0xc8, 0x25, 0x2c,
    0x37, 0xd2, 0xfe, 0x52, 0x47, 0xca, 0x33, 0xfd, 0xfd, 0xcf, 0x1a, 0xff,
    0x99, 0x80, 0x68, 0x2a, 0xff, 0x9b, 0x80, 0x6b, 0xff, 0xfd, 0xfd, 0xcc,
    0xfe, 0x4a, 0x40, 0xd5, 0xfe, 0x37, 0x32, 0xed, 0xd3, 0xfe, 0x6b, 0x68,
    0xf2, 0xfe, 0xf7, 0xf6, 0xfe, 0xa8, 0x07, 0xc7, 0xfe, 0xed, 0xed, 0xfd,
    0xfe, 0xb3, 0xb1, 0xf8, 0x17, 0xc8, 0xfe, 0xe5, 0xe5, 0xfc, 0xfe, 0x50,
    0x4b, 0xf0, 0xfe, 0x37, 0x32, 0xed, 0xd3, 0xfe, 0x41, 0x39, 0xe1, 0x33,
    0xfd, 0xfd, 0xcf, 0xff, 0x9b, 0x80, 0x6b, 0xd4, 0x35, 0x33, 0xfd, 0xfd,
    0xcc, 0xfe, 0x3c, 0x36, 0xe7, 0x37, 0xd4, 0xfe, 0x6a, 0x67, 0xf2, 0x3e,
    0x17, 0xd1, 0x25, 0x2c, 0x37, 0xd5, 0xfe, 0x97, 0x7d, 0x70, 0x33, 0xfd,
    0xfd, 0xce, 0x1a, 0xff, 0x99, 0x80, 0x68, 0x2a, 0xff, 0x9b, 0x80, 0x6b,
    0xff, 0xfd, 0xfd, 0xcb, 0xfe, 0x94, 0x7a, 0x74, 0xfe, 0x37, 0x32, 0xed,
    0xd6, 0xfe, 0x68, 0x64, 0xf2, 0xfe, 0xf5, 0xf5, 0xfe, 0xfe, 0xfe, 0xfe,
    0xfe, 0xcf, 0xfe, 0xe5, 0xe5, 0xfc, 0xfe, 0x50, 0x4b, 0xf0, 0x37, 0xd6,
    0xfe, 0x8b, 0x74, 0x7f, 0x33, 0xfd, 0xfd, 0xce, 0xff, 0x9b, 0x80, 0x6b,
    0xd4, 0x35, 0x33, 0xfd, 0xfd, 0xcb, 0xfe, 0x8c, 0x74, 0x7e, 0x37, 0xd7,
    0xfe, 0x67, 0x63, 0xf2, 0xfe, 0xf4, 0xf4, 0xfe, 0x17, 0xcd, 0x25, 0x2c,
    0x37, 0xd7, 0xfe, 0x83, 0x6e, 0x8a, 0x33, 0xfd, 0xfd, 0xce, 0x1a, 0xff,
    0x99, 0x80, 0x68, 0x2a, 0xff, 0x9b, 0x80, 0x6b, 0xff, 0xfd, 0xfd, 0xcb,
    0xfe, 0x86, 0x70, 0x86, 0xfe, 0x37, 0x32, 0xed, 0xd8, 0xfe, 0x64, 0x60,
    0xf1, 0xfe, 0xf4, 0xf3, 0xfe, 0xfe, 0xfe, 0xfe, 0xfe, 0xcb, 0xfe, 0xe5,
    0xe5, 0xfc, 0xfe, 0x50, 0x4b, 0xf0, 0x37, 0xd8, 0xfe, 0x7d, 0x69, 0x92,
    0x33, 0xfd, 0xfd, 0xce, 0xff, 0x9b, 0x80, 0x6b, 0xd4, 0x35, 0x33, 0xfd,
    0xfd, 0xcb, 0xfe, 0x83, 0x6e, 0x8a, 0x37, 0xd9, 0xfe, 0x63, 0x5f, 0xf1,
    0xfe, 0xf3, 0xf2, 0xfd, 0x17, 0xc9, 0x25, 0x2c, 0x37, 0xd9, 0xfe, 0x7b,
    0x67, 0x95, 0x33, 0xfd, 0xfd, 0xce, 0x1a, 0xff, 0x99, 0x80, 0x68, 0x2a,
    0xff, 0x9b, 0x80, 0x6b, 0xff, 0xfd, 0xfd, 0xcb, 0xfe, 0x83, 0x6e, 0x8a,
    0xfe, 0x37, 0x32, 0xed, 0xda, 0xfe, 0xb8, 0xb6, 0xf8, 0xfe, 0xfe, 0xfe,
    0xfe, 0xc9, 0xfe, 0x71, 0x6e, 0xf2, 0x37, 0xda, 0xfe, 0x7b, 0x67, 0x95,
    0xfe, 0x9b, 0x80, 0x6b, 0xfd, 0xfd, 0xce, 0xff, 0x9b, 0x80, 0x6b, 0xd4,
    0x35, 0x33, 0xfd, 0xfd, 0xcb, 0xfe, 0x86, 0x70, 0x86, 0x37, 0xd9, 0xfe,
    0xa7, 0xa5, 0xf7, 0x17, 0xca, 0xfe, 0xee, 0xee, 0xfd, 0xfe, 0x59, 0x55,
    0xf0, 0x37, 0xd9, 0xfe, 0x7e, 0x69, 0x91, 0x33, 0xfd, 0xfd, 0xce, 0x1a,
    0xff, 0x99, 0x80, 0x68, 0x2a, 0xff, 0x9b, 0x80, 0x6b, 0xff, 0xfd, 0xfd,
    0xcb, 0xfe, 0x8d, 0x75, 0x7e, 0xfe, 0x37, 0x32, 0xed, 0xd8, 0xfe, 0xa6,
    0xa4, 0xf7, 0xfe, 0xfe, 0xfe, 0xfe, 0xcc, 0xfe, 0xee, 0xee, 0xfd, 0xfe,
    0x59, 0x55, 0xf0, 0x37, 0xd8, 0xfe, 0x83, 0x6e, 0x8a, 0x33, 0xfd, 0xfd,
    0xce, 0xff, 0x9b, 0x80, 0x6b, 0xd4, 0x35, 0x33, 0xfd, 0xfd, 0xcb, 0xfe,
    0x95, 0x7b, 0x73, 0x37, 0xd7, 0x18, 0x17, 0xce, 0x14, 0x1d, 0x37, 0xd7,
    0xfe, 0x8c, 0x74, 0x7f, 0x33, 0xfd, 0xfd, 0xce, 0x1a, 0xff, 0x99, 0x80,
    0x68, 0x2a, 0xff, 0x9b, 0x80, 0x6b, 0xff, 0xfd, 0xfd, 0xcc, 0xfe, 0x3c,
    0x36, 0xe6, 0xfe, 0x37, 0x32, 0xed, 0xd5, 0xfe, 0xa6, 0xa4, 0xf7, 0xfe,
    0xfe, 0xfe, 0xfe, 0xd0, 0xfe, 0xee, 0xee, 0xfd, 0xfe, 0x59, 0x55, 0xf0,
    0x37, 0xd6, 0xfe, 0x98, 0x7d, 0x70, 0x33, 0xfd, 0xfd, 0xce, 0xff, 0x9b,
    0x80, 0x6b, 0xd4, 0x35, 0x33, 0xfd, 0xfd, 0xcc, 0xfe, 0x4a, 0x41, 0xd4,
    0x37, 0xd4, 0x18, 0x17, 0xd2, 0xfe, 0xed, 0xed, 0xfd, 0xfe, 0x58, 0x54,
    0xf0, 0x37, 0xd4, 0xfe, 0x42, 0x3a, 0xdf, 0x33, 0xfd, 0xfd, 0xcf, 0x1a,
    0xff, 0x99, 0x80, 0x68, 0x2a, 0xff, 0x9b, 0x80, 0x6b, 0xff, 0xfd, 0xfd,
    0xcc, 0xfe, 0x5c, 0x4f, 0xbd, 0xfe, 0x37, 0x32, 0xed, 0xd3, 0xfe, 0xa6,
    0xa4, 0xf7, 0xfe, 0xfe, 0xfe, 0xfe, 0xc8, 0xfe, 0xe5, 0xe5, 0xfc, 0xfe,
    0x79, 0x76, 0xf3, 0xfe, 0xf3, 0xf2, 0xfd, 0x17, 0xc7, 0xfe, 0xed, 0xed,
    0xfd, 0xfe, 0x58, 0x54, 0xf0, 0x37, 0xd3, 0xfe, 0x53, 0x48, 0xc8, 0x33,
    0xfd, 0xfd, 0xcf, 0xff, 0x9b, 0x80, 0x6b, 0xd4, 0x35, 0x33, 0xfd, 0xfd,
    0xcc, 0xfe, 0x71, 0x5f, 0xa2, 0x37, 0xd2, 0x18, 0x17, 0xc8, 0x25, 0xfe,
    0x50, 0x4b, 0xf0, 0x37, 0xfe, 0x62, 0x5e, 0xf1, 0x0b, 0x17, 0xc7, 0x08,
    0x11, 0x37, 0xd2, 0xfe, 0x68, 0x58, 0xad, 0x33, 0xfd, 0xfd, 0xcf, 0x1a,
    0xff, 0x99, 0x80, 0x68, 0x2a, 0xff, 0x9b, 0x80, 0x6b, 0xff, 0xfd, 0xfd,
    0xcc, 0xfe, 0x88, 0x71, 0x83, 0xfe, 0x37, 0x32, 0xed, 0xd1, 0xfe, 0xa4,
    0xa2, 0xf7, 0xfe, 0xfe, 0xfe, 0xfe, 0xc8, 0xfe, 0xe5, 0xe5, 0xfc, 0xfe,
    0x50, 0x4b, 0xf0, 0x37, 0xc1, 0xfe, 0x62, 0x5e, 0xf1, 0xfe, 0xf3, 0xf2,
    0xfd, 0x17, 0xc7, 0xfe, 0xed, 0xed, 0xfd, 0xfe, 0x58, 0x54, 0xf0, 0x37,
    0xd1, 0xfe, 0x80, 0x6b, 0x8f, 0x33, 0xfd, 0xfd, 0xcf, 0xff, 0x9b, 0x80,
    0x6b, 0xd4, 0x35, 0x33, 0xfd, 0xfd, 0xcc, 0x75, 0xfe, 0x40, 0x39, 0xe2,
    0x37, 0xcf, 0x00, 0x17, 0xc8, 0x25, 0x2c, 0x37, 0xc3, 0x0c, 0x0b, 0x17,
    0xc7, 0x08, 0x11, 0x37, 0xcf, 0xa2, 0x29, 0xfe, 0x97, 0x7d, 0x70, 0x33,
    0xfd, 0xfd, 0xcf, 0x1a, 0xff, 0x99, 0x80, 0x68, 0x2a, 0xff, 0x9b, 0x80,
    0x6b, 0xff, 0xfd, 0xfd, 0xcd, 0xfe, 0x5d, 0x4f, 0xbc, 0xfe, 0x37, 0x32,
    0xed, 0xce, 0xfe, 0xa4, 0xa2, 0xf7, 0xfe, 0xfe, 0xfe, 0xfe, 0xc8, 0xfe,
    0xe5, 0xe5, 0xfc, 0xfe, 0x50, 0x4b, 0xf0, 0x37, 0xc5, 0xfe, 0x62, 0x5e,
    0xf1, 0xfe, 0xf3, 0xf2, 0xfd, 0x17, 0xc7, 0xfe, 0xed, 0xed, 0xfd, 0xfe,
    0x58, 0x54, 0xf0, 0x37, 0xce, 0xfe, 0x54, 0x49, 0xc7, 0x33, 0xfd, 0xfd,
    0xd0, 0xff, 0x9b, 0x80, 0x6b, 0xd4, 0x35, 0x33, 0xfd, 0xfd, 0xcd, 0xfe,
    0x7f, 0x6a, 0x90, 0x37, 0xcd, 0x00, 0x17, 0xc8, 0x25, 0x2c, 0x37, 0xc7,
    0x0c, 0x0b, 0x17, 0xc7, 0x08, 0x11, 0x37, 0xcd, 0xfe, 0x76, 0x63, 0x9c,
    0x33, 0xfd, 0xfd, 0xd0, 0x1a, 0xff, 0x99, 0x80, 0x68, 0x2a, 0xff, 0x9b,
    0x80, 0x6b, 0xff, 0xfd, 0xfd, 0xcd, 0x9f, 0xb8, 0xfe, 0x41, 0x3a, 0xe0,
    0xfe, 0x37, 0x32, 0xed, 0xcb, 0xfe, 0xa4, 0xa2, 0xf7, 0xfe, 0xfe, 0xfe,
    0xfe, 0xc8, 0xfe, 0xe5, 0xe5, 0xfc, 0xfe, 0x50, 0x4b, 0xf0, 0x37, 0xc9,
    0xfe, 0x62, 0x5e, 0xf1, 0xfe, 0xf3, 0xf2, 0xfd, 0x17, 0xc7, 0xfe, 0xed,
    0xed, 0xfd, 0xfe, 0x58, 0x54, 0xf0, 0x37, 0xcb, 0xfe, 0x3b, 0x35, 0xe7,
    0xfe, 0x96, 0x7c, 0x72, 0x33, 0xfd, 0xfd, 0xd0, 0xff, 0x9b, 0x80, 0x6b,
    0xd4, 0x35, 0x33, 0xfd, 0xfd, 0xce, 0xfe, 0x68, 0x58, 0xae, 0x37, 0xca,
    0x00, 0x17, 0xc8, 0x25, 0x2c, 0x37, 0xcb, 0x0c, 0x0b, 0x17, 0xc7, 0x08,
    0xfe, 0x58, 0x54, 0xf0, 0x37, 0xca, 0xfe, 0x5f, 0x51, 0xb9, 0x33, 0xfd,
    0xfd, 0xd1, 0x1a, 0xff, 0x99, 0x80, 0x68, 0x2a, 0xff, 0x9b, 0x80, 0x6b,
    0xff, 0xfd, 0xfd, 0xce, 0xfe, 0x91, 0x78, 0x78, 0xfe, 0x39, 0x34, 0xea,
    0x9e, 0xd8, 0xc8, 0xfe, 0xa4, 0xa2, 0xf7, 0xfe, 0xfe, 0xfe, 0xfe, 0xc8,
    0xfe, 0xe5, 0xe5, 0xfc, 0xfe, 0x50, 0x4b, 0xf0, 0x37, 0xcd, 0xfe, 0x62,
    0x5e, 0xf1, 0xfe, 0xf3, 0xf2, 0xfd, 0x17, 0xc7, 0xfe, 0xed, 0xed, 0xfd,
    0xfe, 0x58, 0x54, 0xf0, 0x37, 0xc9, 0xfe, 0x8b, 0x73, 0x80, 0x33, 0xfd,
    0xfd, 0xd1, 0xff, 0x9b, 0x80, 0x6b, 0xd4, 0x35, 0x33, 0xfd, 0xfd, 0xcf,
    0xfe, 0x60, 0x52, 0xb8, 0x37, 0xc7, 0x00, 0xfe, 0xfe, 0xfe, 0xfe, 0xc8,
    0x25, 0x2c, 0x37, 0xcf, 0x0c, 0x0b, 0x17, 0xc7, 0x08, 0x11, 0x37, 0xc7,
    0xfe, 0x57, 0x4b, 0xc3, 0x33, 0xfd, 0xfd, 0xd2, 0x1a, 0xff, 0x99, 0x80,
    0x68, 0x2a, 0xff, 0x9b, 0x80, 0x6b, 0xff, 0xfd, 0xfd, 0xcf, 0xfe, 0x90,
    0x77, 0x79, 0xfe, 0x3a, 0x34, 0xe9, 0x9e, 0xe7, 0xc5, 0xfe, 0xa4, 0xa2,
    0xf7, 0xfe, 0xfe, 0xfe, 0xfe, 0xc8, 0xfe, 0xe5, 0xe5, 0xfc, 0xfe, 0x50,
    0x4b, 0xf0, 0x37, 0xd1, 0xfe, 0x62, 0x5e, 0xf1, 0xfe, 0xf3, 0xf2, 0xfd,
    0x17, 0xc7, 0xfe, 0xec, 0xec, 0xfd, 0xfe, 0x58, 0x54, 0xf0, 0x37, 0xc5,
    0x5f, 0xfe, 0x8a, 0x72, 0x81, 0x33, 0xfd, 0xfd, 0xd2, 0xff, 0x9b, 0x80,
    0x6b, 0xd4, 0x35, 0x33, 0xfd, 0xfd, 0xd0, 0xfe, 0x68, 0x58, 0xad, 0x37,
    0xc4, 0xfe, 0x73, 0x70, 0xf3, 0x17, 0xc8, 0x25, 0x2c, 0x37, 0xd3, 0xfe,
    0x62, 0x5e, 0xf1, 0x0b, 0x17, 0xc7, 0x3c, 0x11, 0x37, 0xc4, 0xfe, 0x5f,
    0x51, 0xb9, 0x33, 0xfd, 0xfd, 0xd3, 0x1a, 0xff, 0x99, 0x80, 0x68, 0x2a,
    0xff, 0x9b, 0x80, 0x6b, 0xff, 0xfd, 0xfd, 0xd0, 0xfe, 0x97, 0x7d, 0x70,
    0xfe, 0x44, 0x3c, 0xdc, 0xfe, 0x37, 0x32, 0xed, 0xc4, 0xfe, 0xa8, 0xa5,
    0xf7, 0xfe, 0xfe, 0xfe, 0xfe, 0xc6, 0xfe, 0xe5, 0xe5, 0xfc, 0xfe, 0x50,
    0x4b, 0xf0, 0x37, 0xd5, 0xfe, 0x62, 0x5e, 0xf1, 0xfe, 0xf3, 0xf2, 0xfd,
    0x17, 0xc6, 0xfe, 0xea, 0xea, 0xfd, 0xfe, 0x54, 0x50, 0xf0, 0x37, 0xc3,
    0xfe, 0x3f, 0x38, 0xe2, 0xfe, 0x94, 0x7a, 0x75, 0x33, 0xfd, 0xfd, 0xd3,
    0xff, 0x9b, 0x80, 0x6b, 0xd4, 0x35, 0x33, 0xfd, 0xfd, 0xd1, 0xfe, 0x82,
    0x6c, 0x8c, 0xfe, 0x38, 0x32, 0xec, 0x37, 0xc4, 0xfe, 0xa8, 0xa6, 0xf7,
    0x17, 0xc4, 0x25, 0xfe, 0x50, 0x4b, 0xf0, 0x37, 0xd7, 0x0c, 0x0b, 0x17,
    0xc4, 0x24, 0x21, 0x37, 0xc4, 0xfe, 0x7a, 0x66, 0x96, 0x33, 0xfd, 0xfd,
    0xd4, 0x1a, 0xff, 0x99, 0x80, 0x68, 0x2a, 0xff, 0x9b, 0x80, 0x6b, 0xff,
    0xfd, 0xfd, 0xd2, 0xfe, 0x66, 0x56, 0xb1, 0xfe, 0x37, 0x32, 0xed, 0xc5,
    0xfe, 0xab, 0xa9, 0xf7, 0xfe, 0xfe, 0xfe, 0xfe, 0xc2, 0xfe, 0xe5, 0xe5,
    0xfc, 0xfe, 0x50, 0x4b, 0xf0, 0x37, 0xd9, 0xfe, 0x62, 0x5e, 0xf1, 0xfe,
    0xf3, 0xf2, 0xfd, 0x17, 0xc2, 0xfe, 0xe9, 0xe9, 0xfd, 0xfe, 0x54, 0x50,
    0xf0, 0x37, 0xc4, 0xfe, 0x5d, 0x4f, 0xbc, 0x33, 0xfd, 0xfd, 0xd5, 0xff,
    0x9b, 0x80, 0x6b, 0xd4, 0x35, 0x33, 0xfd, 0xfd, 0xd2, 0x9e, 0xc8, 0xfe,
    0x4f, 0x44, 0xce, 0x37, 0xc5, 0xfe, 0xae, 0xac, 0xf8, 0x17, 0xc0, 0x25,
    0x2c, 0x37, 0xdb, 0x0c, 0x0b, 0x17, 0xc0, 0xfe, 0xe9, 0xe8, 0xfd, 0xfe,
    0x54, 0x4f, 0xf0, 0x37, 0xc4, 0xfe, 0x48, 0x40, 0xd6, 0xfe, 0x97, 0x7d,
    0x71, 0x33, 0xfd, 0xfd, 0xd5, 0xff, 0x9b, 0x80, 0x6b, 0xd4, 0xff, 0x99,
    0x80, 0x68, 0x2a, 0xff, 0x9b, 0x80, 0x6b, 0xff, 0xfd, 0xfd, 0xd3, 0xfe,
    0x92, 0x79, 0x77, 0xfe, 0x44, 0x3c, 0xdd, 0xfe, 0x37, 0x32, 0xed, 0xc4,
    0x7f, 0xfe, 0xb0, 0xae, 0xf8, 0xfe, 0xe5, 0xe5, 0xfc, 0xfe, 0x50, 0x4b,
    0xf0, 0x37, 0xdd, 0xfe, 0x62, 0x5e, 0xf1, 0xfe, 0xf3, 0xf2, 0xfd, 0xfe,
    0xe9, 0xe8, 0xfd, 0xfe, 0x53, 0x4f, 0xf0, 0x37, 0xc4, 0xfe, 0x3f, 0x38,
    0xe2, 0xfe, 0x8d, 0x75, 0x7d, 0x33, 0xfd, 0xfd, 0xd6, 0xff, 0x9b, 0x80,
    0x6b, 0xd4, 0xff, 0x99, 0x80, 0x68, 0x2a, 0x33, 0xfd, 0xfd, 0xd4, 0xfe,
    0x8c, 0x74, 0x7f, 0xfe, 0x3f, 0x38, 0xe3, 0x37, 0xc4, 0x06, 0xfe, 0x49,
    0x44, 0xef, 0x37, 0xdf, 0xfe, 0x61, 0x5d, 0xf1, 0xfe, 0x53, 0x4f, 0xf0,
    0x37, 0xc4, 0xfe, 0x3c, 0x36, 0xe7, 0xfe, 0x86, 0x70, 0x86, 0x33, 0xfd,
    0xfd, 0xd7, 0x1a, 0xff, 0x99, 0x80, 0x68, 0x2a, 0xff, 0x9b, 0x80, 0x6b,
    0xff, 0xfd, 0xfd, 0xd5, 0xfe, 0x88, 0x71, 0x84, 0xfe, 0x3e, 0x38, 0xe4,
    0xfe, 0x37, 0x32, 0xed, 0xed, 0xa3, 0x09, 0xfe, 0x82, 0x6c, 0x8c, 0x33,
    0xfd, 0xfd, 0xd8, 0xff, 0x9b, 0x80, 0x6b, 0xd4, 0x35, 0x33, 0xfd, 0xfd,
    0xd6, 0xfe, 0x89, 0x72, 0x82, 0xfe, 0x41, 0x39, 0xe1, 0x37, 0xeb, 0xfe,
    0x3d, 0x37, 0xe5, 0xfe, 0x84, 0x6e, 0x89, 0x33, 0xfd, 0xfd, 0xd9, 0x1a,
    0xff, 0x99, 0x80, 0x68, 0x2a, 0xff, 0x9b, 0x80, 0x6b, 0xff, 0xfd, 0xfd,
    0xd7, 0xfe, 0x8f, 0x77, 0x7a, 0xfe, 0x48, 0x3f, 0xd7, 0xfe, 0x37, 0x32,
    0xed, 0xe9, 0xfe, 0x44, 0x3c, 0xdd, 0xfe, 0x8b, 0x73, 0x80, 0x33, 0xfd,
    0xfd, 0xda, 0xff, 0x9b, 0x80, 0x6b, 0xd4, 0x35, 0x33, 0xfd, 0xfd, 0xd8,
    0xfe, 0x96, 0x7c, 0x72, 0xfe, 0x57, 0x4b, 0xc3, 0x37, 0xe7, 0xfe, 0x52,
    0x47, 0xca, 0xfe, 0x94, 0x7a, 0x75, 0x33, 0xfd, 0xfd, 0xdb, 0x1a, 0xff,
    0x99, 0x80, 0x68, 0x2a, 0xff, 0x9b, 0x80, 0x6b, 0xff, 0xfd, 0xfd, 0xda,
    0xfe, 0x72, 0x60, 0xa0, 0xfe, 0x3b, 0x35, 0xe8, 0xfe, 0x37, 0x32, 0xed,
    0xe3, 0xa2, 0x38, 0xfe, 0x6c, 0x5b, 0xa8, 0xfe, 0x9a, 0x7f, 0x6c, 0x33,
    0xfd, 0xfd, 0xdc, 0xff, 0x9b, 0x80, 0x6b, 0xd4, 0x35, 0x33, 0xfd, 0xfd,
    0xdb, 0xfe, 0x8e, 0x76, 0x7c, 0xfe, 0x53, 0x47, 0xc9, 0x37, 0xe1, 0xfe,
    0x4e, 0x44, 0xd0, 0xfe, 0x8a, 0x73, 0x81, 0x33, 0xfd, 0xfd, 0xde, 0x1a,
    0xff, 0x99, 0x80, 0x68, 0x2a, 0xff, 0x9b, 0x80, 0x6b, 0xff, 0xfd, 0xfd,
    0xdd, 0xfe, 0x7d, 0x68, 0x92, 0xfe, 0x48, 0x3f, 0xd7, 0xfe, 0x37, 0x32,
    0xed, 0xdd, 0xfe, 0x44, 0x3c, 0xdc, 0xfe, 0x78, 0x65, 0x98, 0x33, 0xfd,
    0xfd, 0xe0, 0xff, 0x9b, 0x80, 0x6b, 0xd4, 0x35, 0x33, 0xfd, 0xfd, 0xde,
    0x75, 0xfe, 0x79, 0x65, 0x97, 0xfe, 0x4a, 0x41, 0xd4, 0x37, 0xd9, 0xfe,
    0x47, 0x3f, 0xd8, 0xfe, 0x75, 0x62, 0x9d, 0xfe, 0x99, 0x7e, 0x6d, 0x33,
    0xfd, 0xfd, 0xe1, 0x1a, 0xff, 0x99, 0x80, 0x68, 0x2a, 0xff, 0x9b, 0x80,
    0x6b, 0xff, 0xfd, 0xfd, 0xe1, 0xfe, 0x84, 0x6e, 0x89, 0xfe, 0x5d, 0x4f,
    0xbc, 0xfe, 0x3d, 0x36, 0xe6, 0xfe, 0x37, 0x32, 0xed, 0xd3, 0xa3, 0x09,
    0xfe, 0x5a, 0x4d, 0xc0, 0xfe, 0x81, 0x6c, 0x8d, 0x33, 0xfd, 0xfd, 0xe4,
    0xff, 0x9b, 0x80, 0x6b, 0xd4, 0x35, 0x33, 0xfd, 0xfd, 0xe3, 0x9e, 0xe7,
    0xfe, 0x7e, 0x69, 0x91, 0xfe, 0x61, 0x53, 0xb6, 0xfe, 0x49, 0x40, 0xd6,
    0xfe, 0x38, 0x32, 0xec, 0x37, 0xcc, 0xfe, 0x46, 0x3e, 0xd9, 0xfe, 0x5f,
    0x51, 0xb9, 0xfe, 0x7c, 0x67, 0x94, 0xfe, 0x97, 0x7d, 0x71, 0x33, 0xfd,
    0xfd, 0xe6, 0xff, 0x9b, 0x80, 0x6b, 0xd4, 0xff, 0x99, 0x80, 0x68, 0x2a,
    0xff, 0x9b, 0x80, 0x6b, 0xff, 0xfd, 0xfd, 0xe7, 0xfe, 0x96, 0x7c, 0x72,
    0xfe, 0x84, 0x6e, 0x89, 0xfe, 0x74, 0x62, 0x9e, 0xfe, 0x67, 0x57, 0xae,
    0xfe, 0x5d, 0x50, 0xbb, 0xfe, 0x55, 0x4a, 0xc6, 0xfe, 0x51, 0x47, 0xcb,
    0x9e, 0xd8, 0xa1, 0x59, 0xa3, 0x08, 0xfe, 0x5c, 0x4f, 0xbd, 0xfe, 0x66,
    0x57, 0xb0, 0xfe, 0x73, 0x60, 0xa0, 0xfe, 0x83, 0x6d, 0x8b, 0xfe, 0x94,
    0x7a, 0x74, 0x33, 0xfd, 0xfd, 0xea, 0xff, 0x9b, 0x80, 0x6b, 0xd4, 0x35,
    0x33, 0xfd, 0xfd, 0xfd, 0xfd, 0xfd, 0xe4, 0x1a, 0xff, 0x99, 0x80, 0x68,
    0x2a, 0xff, 0x9b, 0x80, 0x6b, 0xff, 0xfd, 0xfd, 0xfd, 0xfd, 0xfd, 0xe4,
    0xff, 0x9b, 0x80, 0x6b, 0xd4, 0x35, 0x33, 0xfd, 0xfd, 0xfd, 0xfd, 0xfd,
    0xe4, 0x1a, 0xff, 0x99, 0x80, 0x68, 0x2a, 0xff, 0x9b, 0x80, 0x6b, 0xff,
    0xfd, 0xfd, 0xfd, 0xfd, 0xfd, 0xe4, 0xff, 0x9b, 0x80, 0x6b, 0xd4, 0x35,
    0x33, 0xfd, 0xfd, 0xfd, 0xfd, 0xfd, 0xe4, 0x1a, 0xff, 0x99, 0x80, 0x68,
    0x2a, 0xff, 0x9b, 0x80, 0x6b, 0xff, 0xfd, 0xfd, 0xfd, 0xfd, 0xfd, 0xe4,
    0xff, 0x9b, 0x80, 0x6b, 0xd4, 0x35, 0x33, 0xfd, 0xfd, 0xfd, 0xf6, 0xa3,
    0x87, 0xfe, 0xca, 0xbc, 0xb0, 0xc0, 0xfe, 0xaf, 0x9a, 0x89, 0x33, 0xfd,
    0xe6, 0x1a, 0xff, 0x99, 0x80, 0x68, 0x2a, 0xff, 0x9b, 0x80, 0x6b, 0xff,
    0xe1, 0xfe, 0xd1, 0xc5, 0xbb, 0xa2, 0x98, 0xca, 0x33, 0xfd, 0xef, 0xb2,
    0xb5, 0xfe, 0xdf, 0xd7, 0xd0, 0xc0, 0xfe, 0xc6, 0xb6, 0xaa, 0x33, 0xfd,
    0xcf, 0xa6, 0x97, 0xfe, 0xfe, 0xfe, 0xfe, 0xc0, 0xfe, 0xc6, 0xb7, 0xab,
    0xfe, 0x9b, 0x80, 0x6b, 0xdb, 0xfe, 0xc0, 0xaf, 0xa1, 0xb8, 0xd3, 0xc3,
    0x9d, 0x79, 0x99, 0x79, 0x90, 0x5b, 0x82, 0x4f, 0x33, 0xc6, 0xad, 0xa5,
    0x17, 0xc3, 0x9d, 0x89, 0x9b, 0x68, 0x03, 0x82, 0x4e, 0x33, 0xc4, 0xab,
    0xa6, 0x17, 0xc1, 0xfe, 0xb9, 0xa6, 0x97, 0x33, 0xc7, 0xbb, 0xd3, 0x17,
    0xc1, 0xfe, 0xb0, 0x9a, 0x8a, 0x33, 0xd2, 0xff, 0x9b, 0x80, 0x6b, 0xd4,
    0xff, 0x99, 0x80, 0x68, 0x2a, 0x33, 0xe1, 0xfe, 0xfb, 0xfb, 0xfa, 0xa3,
    0x98, 0xca, 0xfe, 0x9c, 0x81, 0x6c, 0x33, 0xfd, 0xee, 0x25, 0x17, 0xc0,
    0xfe, 0xd9, 0xcf, 0xc7, 0x33, 0xe0, 0x08, 0xfe, 0xef, 0xeb, 0xe7, 0xc0,
    0xfe, 0xb8, 0xa5, 0x96, 0x33, 0xe7, 0xa6, 0x97, 0x17, 0xc0, 0xfe, 0xc6,
    0xb7, 0xab, 0xfe, 0x9b, 0x80, 0x6b, 0xdb, 0xfe, 0xdc, 0xd3, 0xcc, 0x17,
    0xc7, 0xfe, 0xe1, 0xd9, 0xd3, 0xfe, 0xa8, 0x90, 0x7d, 0x33, 0xc4, 0xb7,
    0xc3, 0x17, 0xc7, 0xfe, 0xe4, 0xdd, 0xd7, 0xfe, 0xad, 0x96, 0x85, 0x33,
    0xc2, 0xb5, 0xb3, 0x17, 0xc1, 0x90, 0x5c, 0xfe, 0x9d, 0x82, 0x6d, 0x33,
    0xc6, 0x07, 0x17, 0xc1, 0x03, 0x33, 0xd2, 0x1a, 0xff, 0x99, 0x80, 0x68,
    0x2a, 0xff, 0x9b, 0x80, 0x6b, 0xff, 0xe1, 0xfe, 0xfb, 0xfb, 0xfa, 0xa3,
    0x98, 0x9a, 0x79, 0x95, 0x6a, 0xc8, 0xfe, 0x9c, 0x81, 0x6c, 0x33, 0xfd,
    0xee, 0xba, 0xd3, 0x17, 0xc0, 0xfe, 0xd9, 0xcf, 0xc7, 0x33, 0xe0, 0xb2,
    0xb4, 0x17, 0xc0, 0xfe, 0xbd, 0xac, 0x9e, 0x33, 0xe7, 0xa6, 0x97, 0x17,
    0xc0, 0xfe, 0xc6, 0xb7, 0xab, 0xfe, 0x9b, 0x80, 0x6b, 0xdb, 0xfe, 0xdc,
    0xd3, 0xcc, 0x17, 0x5a, 0x89, 0x5d, 0xc1, 0xa2, 0x87, 0xab, 0xa6, 0x17,
    0xc1, 0x95, 0x6b, 0xfe, 0xa8, 0x90, 0x7e, 0x33, 0xc3, 0xb7, 0xc3, 0xfe,
    0xfe, 0xfe, 0xfe, 0xc0, 0x93, 0x6b, 0x15, 0xc0, 0xa3, 0x87, 0x09, 0x17,
    0xc1, 0x9c, 0x79, 0xfe, 0xb4, 0xa0, 0x90, 0x33, 0xc1, 0xb5, 0xb3, 0x17,
    0xc2, 0x16, 0x33, 0xc5, 0xb6, 0xc4, 0x17, 0xc2, 0xfe, 0xc0, 0xaf, 0xa1,
    0x33, 0xd2, 0xff, 0x9b, 0x80, 0x6b, 0xd4, 0xff, 0x99, 0x80, 0x68, 0x2a,
    0x33, 0xe1, 0x27, 0x17, 0xfe, 0xdb, 0xd1, 0xca, 0x33, 0xfd, 0xfa, 0xa2,
    0x88, 0xc0, 0x02, 0x33, 0xe0, 0x2e, 0x17, 0xc0, 0x16, 0x33, 0xe7, 0xa6,
    0x97, 0x17, 0xc0, 0xfe, 0xc6, 0xb7, 0xab, 0xfe, 0x9b, 0x80, 0x6b, 0xdb,
    0x3c, 0x17, 0x9b, 0x79, 0x33, 0xc3, 0xb6, 0xb3, 0xfe, 0xe6, 0xdf, 0xda,
    0x17, 0xc0, 0xfe, 0xe2, 0xdb, 0xd5, 0x33, 0xc3, 0xb7, 0xc3, 0x17, 0xc0,
    0xfe, 0xc6, 0xb6, 0xaa, 0x33, 0xc2, 0xb1, 0xb4, 0xfe, 0xdb, 0xd1, 0xc9,
    0x17, 0xc0, 0x95, 0x6a, 0x09, 0x33, 0xc0, 0x14, 0x17, 0xc0, 0x92, 0x5b,
    0x17, 0x88, 0x4d, 0x33, 0xc5, 0xfe, 0xd9, 0xce, 0xc6, 0x17, 0x11, 0x17,
    0xc0, 0x03, 0x33, 0xd2, 0x1a, 0xff, 0x99, 0x80, 0x68, 0x2a, 0xff, 0x9b,
    0x80, 0x6b, 0xff, 0xe1, 0xfe, 0xfb, 0xfb, 0xfa, 0xa3, 0x98, 0xfe, 0xdb,
    0xd1, 0xca, 0x33, 0xfd, 0xfd, 0xe1, 0xb2, 0xb4, 0x17, 0xc0, 0xfe, 0xbd,
    0xac, 0x9e, 0x33, 0xe7, 0xa6, 0x97, 0x17, 0xc0, 0xfe, 0xc6, 0xb7, 0xab,
    0xfe, 0x9b, 0x80, 0x6b, 0xdb, 0xfe, 0xdc, 0xd3, 0xcc, 0x17, 0x9b, 0x79,
    0x33, 0xc4, 0xa4, 0x98, 0xfe, 0xf2, 0xef, 0xec, 0x17, 0x5a, 0xfe, 0xa3,
    0x8a, 0x76, 0x33, 0xc2, 0xb7, 0xc3, 0x17, 0xc0, 0xfe, 0xc6, 0xb6, 0xaa,
    0x33, 0xc4, 0x25, 0x17, 0xc0, 0xfe, 0xc2, 0xb2, 0xa5, 0x33, 0xc0, 0xb5,
    0xb3, 0x17, 0xc0, 0xfe, 0xc8, 0xba, 0xae, 0x17, 0xc0, 0xfe, 0xb5, 0xa1,
    0x92, 0x33, 0xc3, 0xab, 0xa6, 0xfe, 0xfc, 0xfb, 0xfa, 0x17, 0xfe, 0xc8,
    0xb9, 0xad, 0x17, 0xc0, 0xfe, 0xc0, 0xaf, 0xa1, 0x33, 0xd2, 0xff, 0x9b,
    0x80, 0x6b, 0xd4, 0xff, 0x99, 0x80, 0x68, 0x2a, 0x33, 0xe1, 0x27, 0x17,
    0x25, 0x33, 0xcb, 0xb3, 0xb4, 0xfe, 0xc4, 0xb4, 0xa7, 0xc0, 0x09, 0x33,
    0xc0, 0xb6, 0xb3, 0xb8, 0xd3, 0xa5, 0x87, 0x8f, 0x5c, 0x33, 0x7f, 0x0a,
    0xc0, 0x84, 0x4e, 0x33, 0xc0, 0x3e, 0xbf, 0xd1, 0xaa, 0xb6, 0x99, 0x6a,
    0x09, 0x33, 0xc1, 0xa3, 0x87, 0x03, 0xfe, 0xdd, 0xd4, 0xcd, 0xb3, 0xb4,
    0xa2, 0x87, 0x90, 0x6c, 0xfe, 0xc7, 0xb8, 0xac, 0xfe, 0xa1, 0x87, 0x74,
    0x33, 0xcd, 0x10, 0x0a, 0xc0, 0xfe, 0xa6, 0x8e, 0x7b, 0x33, 0xb7, 0xc3,
    0xfe, 0xd5, 0xc9, 0xc1, 0xbb, 0xb1, 0x15, 0x91, 0x5b, 0xfe, 0xbf, 0xad,
    0xa0, 0xfe, 0x9c, 0x81, 0x6c, 0x33, 0xc6, 0xbf, 0xd2, 0xfe, 0xd7, 0xcc,
    0xc4, 0x25, 0xa5, 0xa8, 0x96, 0x6a, 0x84, 0x3e, 0xfe, 0xa9, 0x92, 0x80,
    0x33, 0xce, 0xaf, 0xb5, 0x03, 0xb7, 0xd3, 0x00, 0xaa, 0xa6, 0xa1, 0x98,
    0x99, 0x7a, 0x8e, 0x4b, 0xfe, 0xb9, 0xa6, 0x97, 0xfe, 0x9c, 0x81, 0x6c,
    0x33, 0xc2, 0xa5, 0x97, 0x0a, 0xc3, 0x35, 0x33, 0xc2, 0xfe, 0xc1, 0xb1,
    0xa4, 0x0a, 0x88, 0x4d, 0x33, 0xc4, 0x3a, 0x0a, 0xc0, 0x80, 0x4f, 0x33,
    0xc3, 0xa7, 0x97, 0x0a, 0x3c, 0xae, 0xa5, 0x55, 0x0b, 0x89, 0x4d, 0xfe,
    0xaf, 0x9a, 0x89, 0x33, 0xc1, 0xfe, 0xbd, 0xab, 0x9d, 0xb3, 0xb4, 0x17,
    0xc0, 0xfe, 0xd8, 0xcd, 0xc5, 0x0a, 0xc2, 0x04, 0x33, 0xc3, 0xfe, 0xb7,
    0xa3, 0x94, 0x2d, 0x25, 0x36, 0x98, 0x6a, 0x86, 0x4d, 0x35, 0x33, 0xd0,
    0xfe, 0xb8, 0xa4, 0x95, 0xfe, 0xdb, 0xd1, 0xc9, 0x15, 0xc0, 0x12, 0xfe,
    0xc6, 0xb7, 0xab, 0xfe, 0xa7, 0x8f, 0x7c, 0xfe, 0xfe, 0xfe, 0xfe, 0xc0,
    0x33, 0xfe, 0x9b, 0x80, 0x6b, 0xc4, 0x32, 0xfe, 0xc2, 0xb2, 0xa5, 0xfe,
    0xde, 0xd5, 0xce, 0x15, 0xa2, 0x87, 0x93, 0x6b, 0x80, 0x3f, 0x10, 0x33,
    0xcd, 0x3c, 0x17, 0x9b, 0x79, 0x33, 0xc5, 0xfe, 0xd4, 0xc8, 0xbf, 0x17,
    0xc0, 0x39, 0x33, 0xc2, 0x35, 0x17, 0xc0, 0x2b, 0x33, 0xc4, 0xba, 0xd3,
    0x17, 0xc0, 0x2d, 0x33, 0xc0, 0x14, 0x17, 0xc0, 0xfe, 0xb6, 0xa3, 0x93,
    0xfe, 0xe3, 0xdb, 0xd5, 0xfe, 0xfe, 0xfe, 0xfe, 0x30, 0x33, 0xc3, 0xfe,
    0xcd, 0xc0, 0xb6, 0x17, 0x28, 0xfe, 0xb3, 0x9e, 0x8e, 0x17, 0xc0, 0x03,
    0x33, 0xd2, 0xff, 0x9b, 0x80, 0x6b, 0xd4, 0xff, 0x99, 0x80, 0x68, 0x2a,
    0xff, 0x9b, 0x80, 0x6b, 0xff, 0xe1, 0xfe, 0xfb, 0xfb, 0xfa, 0xa3, 0x98,
    0xfe, 0xdb, 0xd1, 0xca, 0x33, 0xcb, 0xfe, 0xbf, 0xae, 0xa1, 0x17, 0xc0,
    0xfe, 0xa8, 0x90, 0x7d, 0xa8, 0xa6, 0xfe, 0xe6, 0xdf, 0xd9, 0x17, 0xc1,
    0x8e, 0x5c, 0x33, 0xa3, 0x87, 0x17, 0xc0, 0xfe, 0xc9, 0xbb, 0xb0, 0xfe,
    0xa1, 0x88, 0x74, 0xfe, 0xd3, 0xc7, 0xbe, 0xfe, 0xfc, 0xfc, 0xfb, 0xa2,
    0x98, 0xc1, 0x04, 0x33, 0xc0, 0xb3, 0xb4, 0xfe, 0xee, 0xe9, 0xe6, 0x17,
    0xc4, 0x95, 0x6b, 0xfe, 0xb4, 0xa0, 0x91, 0x33, 0xcc, 0xbc, 0xc2, 0x17,
    0xc0, 0xfe, 0xba, 0xa8, 0x99, 0xfe, 0xd8, 0xce, 0xc6, 0xfe, 0xfe, 0xfe,
    0xfd, 0x17, 0xc3, 0xfe, 0xdd, 0xd4, 0xcd, 0xfe, 0x9c, 0x81, 0x6c, 0x33,
    0xc3, 0xa5, 0x97, 0x0b, 0x17, 0xc4, 0x41, 0xfe, 0xc9, 0xba, 0xaf, 0x33,
    0xcd, 0xfe, 0xdf, 0xd6, 0xcf, 0x17, 0xc6, 0x87, 0x3d, 0xfe, 0xa6, 0x8e,
    0x7c, 0x33, 0xc1, 0xad, 0xb6, 0x17, 0xc3, 0xfe, 0xc8, 0xb9, 0xad, 0x33,
    0xc2, 0xfe, 0xf9, 0xf8, 0xf6, 0x17, 0xfe, 0xd1, 0xc5, 0xbb, 0x33, 0xc4,
    0xab, 0xa6, 0x17, 0xc0, 0xfe, 0xc2, 0xb2, 0xa5, 0x33, 0xc2, 0xfe, 0xb9,
    0xa6, 0x97, 0xfe, 0xf7, 0xf5, 0xf4, 0x17, 0xc5, 0x83, 0x3e, 0x33, 0xc0,
    0xfe, 0xed, 0xe9, 0xe5, 0x17, 0xc6, 0x2b, 0x33, 0xc1, 0xaa, 0xa6, 0xfe,
    0xe4, 0xdd, 0xd7, 0x17, 0xc4, 0x14, 0xfe, 0xce, 0xc0, 0xb6, 0x33, 0xcd,
    0xa7, 0x97, 0xfe, 0xe1, 0xd9, 0xd3, 0x17, 0xc4, 0x9b, 0x79, 0x17, 0xc0,
    0xfe, 0xc6, 0xb7, 0xab, 0xfe, 0x9b, 0x80, 0x6b, 0xc3, 0xbc, 0xc2, 0xfe,
    0xf3, 0xf0, 0xed, 0x17, 0xc4, 0x99, 0x69, 0xfe, 0xb7, 0xa3, 0x94, 0x33,
    0xcc, 0xfe, 0xdc, 0xd3, 0xcc, 0x17, 0x10, 0x33, 0xc5, 0xfe, 0xcd, 0xc0,
    0xb6, 0x17, 0xc0, 0xfe, 0xb1, 0x9b, 0x8b, 0x33, 0xc2, 0xb7, 0xc3, 0x17,
    0xc0, 0xfe, 0xc6, 0xb6, 0xaa, 0x33, 0xc4, 0x20, 0x17, 0xc0, 0x29, 0x33,
    0xc0, 0xb5, 0xb3, 0x17, 0xc0, 0xfe, 0xb6, 0xa3, 0x93, 0x66, 0xfe, 0xfe,
    0xfe, 0xfe, 0xc0, 0x35, 0x33, 0xc1, 0xa4, 0x98, 0xfe, 0xf6, 0xf4, 0xf2,
    0x17, 0xfe, 0xb9, 0xa6, 0x97, 0x98, 0x7a, 0x17, 0xc0, 0xfe, 0xc0, 0xaf,
    0xa1, 0x33, 0xd2, 0xff, 0x9b, 0x80, 0x6b, 0xd4, 0xff, 0x99, 0x80, 0x68,
    0x2a, 0x33, 0xe1, 0x27, 0x17, 0xfe, 0xdb, 0xd1, 0xca, 0x33, 0xcb, 0x37,
    0x17, 0xc0, 0xfe, 0xd1, 0xc4, 0xbb, 0xfe, 0xfc, 0xfc, 0xfb, 0x17, 0xc2,
    0x1c, 0x33, 0x19, 0x17, 0xc0, 0xfe, 0xdb, 0xd2, 0xca, 0xbc, 0xd2, 0x17,
    0xc3, 0x04, 0x88, 0x4d, 0xac, 0xa6, 0xfe, 0xf4, 0xf2, 0xef, 0x17, 0xc0,
    0xfe, 0xe4, 0xdd, 0xd7, 0x81, 0x3e, 0x9d, 0x89, 0x0b, 0xfe, 0xfd, 0xfd,
    0xfc, 0x17, 0x9c, 0x79, 0xfe, 0xb0, 0x9b, 0x8a, 0x33, 0xcb, 0x39, 0x17,
    0xc0, 0x99, 0x7a, 0x17, 0x5a, 0x84, 0x5e, 0x90, 0x5c, 0xad, 0x95, 0x00,
    0x17, 0xc0, 0xfe, 0xc1, 0xb0, 0xa3, 0x33, 0xc2, 0x02, 0xfe, 0xe2, 0xda,
    0xd4, 0x17, 0xc0, 0x8c, 0x5d, 0xfe, 0xcf, 0xc2, 0xb8, 0x97, 0x6a, 0xb1,
    0xb4, 0xfe, 0xf7, 0xf5, 0xf3, 0x17, 0xc0, 0x11, 0x33, 0xcc, 0x29, 0x17,
    0x90, 0x5b, 0x84, 0x3e, 0x8e, 0x6d, 0x9e, 0x77, 0xab, 0xa6, 0xfe, 0xee,
    0xea, 0xe6, 0x17, 0xc0, 0x87, 0x4e, 0x02, 0x55, 0xc0, 0x01, 0xfe, 0xe9,
    0xe3, 0xde, 0xc0, 0x7e, 0x17, 0xc0, 0xfe, 0xc8, 0xb9, 0xad, 0x33, 0xc2,
    0xfe, 0xf9, 0xf8, 0xf6, 0x17, 0xfe, 0xd1, 0xc5, 0xbb, 0x33, 0xc4, 0xab,
    0xa6, 0x17, 0xc0, 0xfe, 0xc2, 0xb2, 0xa5, 0x33, 0xc1, 0xba, 0xc2, 0xfe,
    0xfc, 0xfc, 0xfb, 0x17, 0x18, 0xfe, 0xd4, 0xc8, 0xbf, 0x8c, 0x5c, 0xa6,
    0x86, 0xb4, 0xc5, 0xfe, 0xf6, 0xf3, 0xf1, 0x17, 0x09, 0x33, 0xc0, 0x2a,
    0xb5, 0xc4, 0x17, 0xc0, 0x8f, 0x5b, 0x1d, 0xc2, 0x37, 0x33, 0xc0, 0xa7,
    0x97, 0xfe, 0xed, 0xe9, 0xe5, 0x17, 0x00, 0xfe, 0xda, 0xd0, 0xc9, 0x80,
    0x1f, 0x98, 0x8a, 0xb0, 0xa4, 0xfe, 0xed, 0xe8, 0xe4, 0x17, 0xc0, 0xfe,
    0xc4, 0xb4, 0xa7, 0x33, 0xcb, 0xa1, 0x98, 0xfe, 0xe4, 0xdd, 0xd8, 0x17,
    0xc0, 0x97, 0x6a, 0x2a, 0x95, 0x7b, 0x16, 0xbb, 0xb2, 0xb3, 0xc4, 0xc1,
    0xfe, 0xc6, 0xb7, 0xab, 0xfe, 0x9b, 0x80, 0x6b, 0xc2, 0xbb, 0xc2, 0xfe,
    0xfa, 0xf9, 0xf8, 0x17, 0x18, 0xfe, 0xd0, 0xc3, 0xba, 0x88, 0x3d, 0x55,
    0xb8, 0xc3, 0xfe, 0xf7, 0xf5, 0xf4, 0x17, 0x1f, 0xfe, 0xab, 0x94, 0x83,
    0x33, 0xcb, 0xfe, 0xdc, 0xd3, 0xcc, 0x17, 0x9b, 0x79, 0x33, 0xc5, 0xfe,
    0xd8, 0xce, 0xc6, 0x17, 0xc0, 0xfe, 0xa4, 0x8c, 0x79, 0x33, 0xc2, 0xb7,
    0xc3, 0x17, 0xc0, 0xfe, 0xc6, 0xb6, 0xaa, 0x33, 0xc4, 0xae, 0xa5, 0x17,
    0xc0, 0xfe, 0xd9, 0xce, 0xc6, 0x33, 0xc0, 0xb5, 0xb3, 0x17, 0xc0, 0xfe,
    0xb6, 0xa3, 0x93, 0x33, 0x24, 0xb6, 0xc3, 0xfe, 0xdb, 0xd1, 0xca, 0x33,
    0xc1, 0xfe, 0xc2, 0xb2, 0xa5, 0x17, 0x8c, 0x5d, 0x33, 0xbe, 0xd2, 0x17,
    0xc0, 0x03, 0x33, 0xd2, 0xff, 0x9b, 0x80, 0x6b, 0xd4, 0xff, 0x99, 0x80,
    0x68, 0x2a, 0xff, 0x9b, 0x80, 0x6b, 0xff, 0xe1, 0xfe, 0xfb, 0xfb, 0xfa,
    0xa3, 0x98, 0x89, 0x4d, 0xfe, 0xcb, 0xbe, 0xb3, 0xc8, 0x33, 0xc1, 0xfe,
    0xbf, 0xae, 0xa1, 0x17, 0xc1, 0x9c, 0x79, 0xfe, 0xd3, 0xc7, 0xbe, 0xfe,
    0xb5, 0xa1, 0x91, 0x94, 0x6a, 0xa6, 0x97, 0xaa, 0xa6, 0x33, 0xa3, 0x87,
    0xfe, 0xfe, 0xfe, 0xfe, 0xc2, 0xfe, 0xe3, 0xdb, 0xd5, 0xfe, 0xbd, 0xab,
    0x9d, 0x8b, 0x4c, 0xa1, 0x98, 0xaf, 0xa5, 0x84, 0x3e, 0x33, 0xfe, 0xdd,
    0xd4, 0xcd, 0x17, 0x55, 0xfe, 0xbd, 0xac, 0x9e, 0x33, 0xc2, 0x2a, 0xfe,
    0xf8, 0xf7, 0xf5, 0x17, 0x8c, 0x4c, 0xfe, 0x9c, 0x81, 0x6d, 0x33, 0xca,
    0xbc, 0xc2, 0x17, 0xc1, 0xfe, 0xdc, 0xd3, 0xcc, 0xfe, 0xa9, 0x91, 0x7f,
    0x33, 0xc1, 0xba, 0xd3, 0x27, 0x17, 0x85, 0x3e, 0x33, 0xc2, 0xfe, 0xc1,
    0xb1, 0xa4, 0x17, 0xc0, 0xfe, 0xd6, 0xcb, 0xc2, 0xfe, 0x9d, 0x82, 0x6d,
    0x33, 0xc1, 0xa9, 0xa7, 0xfe, 0xea, 0xe5, 0xe0, 0x17, 0x9e, 0x78, 0xfe,
    0xaa, 0x92, 0x80, 0x33, 0xcb, 0xfe, 0xbb, 0xa8, 0x9a, 0x8c, 0x5c, 0x33,
    0xc4, 0xfe, 0xd5, 0xca, 0xc1, 0x17, 0xc0, 0x00, 0x33, 0xc3, 0xa4, 0x98,
    0x17, 0xc0, 0xfe, 0xc8, 0xb9, 0xad, 0x33, 0xc2, 0xfe, 0xf9, 0xf8, 0xf6,
    0x17, 0xfe, 0xd1, 0xc5, 0xbb, 0x33, 0xc4, 0xab, 0xa6, 0x17, 0xc0, 0xfe,
    0xc2, 0xb2, 0xa5, 0x33, 0xc1, 0xfe, 0xdf, 0xd7, 0xd0, 0x17, 0x95, 0x6a,
    0x10, 0x33, 0xc2, 0xa2, 0x98, 0xfe, 0xbe, 0xad, 0x9f, 0xfe, 0xeb, 0xe6,
    0xe2, 0x33, 0xc1, 0xb2, 0xb4, 0x17, 0xc0, 0x16, 0x33, 0xc5, 0xfe, 0xd6,
    0xcb, 0xc3, 0x17, 0x9a, 0x79, 0xfe, 0xb1, 0x9c, 0x8c, 0x33, 0xc2, 0x19,
    0xfe, 0xe2, 0xda, 0xd4, 0x17, 0x97, 0x7a, 0x32, 0x33, 0xca, 0xfe, 0xc5,
    0xb6, 0xa9, 0x17, 0xc0, 0xfe, 0xde, 0xd5, 0xce, 0xfe, 0xa0, 0x86, 0x72,
    0x33, 0xc2, 0x3c, 0x17, 0xc0, 0xfe, 0xc6, 0xb7, 0xab, 0xfe, 0x9b, 0x80,
    0x6b, 0xc1, 0x19, 0xfe, 0xf0, 0xed, 0xea, 0x17, 0x06, 0xfe, 0xa3, 0x8a,
    0x76, 0x33, 0xc2, 0xae, 0xb5, 0x3a, 0x17, 0xfe, 0xdf, 0xd6, 0xcf, 0x33,
    0xcb, 0xfe, 0xdc, 0xd3, 0xcc, 0x17, 0x9b, 0x79, 0x33, 0xc4, 0xa5, 0x97,
    0xfe, 0xf6, 0xf3, 0xf1, 0x17, 0x15, 0x33, 0xc3, 0xb7, 0xc3, 0x17, 0xc0,
    0xfe, 0xc6, 0xb6, 0xaa, 0x33, 0xc4, 0x1d, 0x17, 0xc0, 0x2b, 0x33, 0xc0,
    0xb5, 0xb3, 0x17, 0xc0, 0xfe, 0xb6, 0xa3, 0x93, 0x33, 0xfe, 0xc0, 0xaf,
    0xa1, 0xfe, 0xfe, 0xfe, 0xfe, 0x41, 0xfe, 0xa7, 0x8f, 0x7c, 0x33, 0xc0,
    0x3b, 0x17, 0xfe, 0xc2, 0xb1, 0xa4, 0x33, 0xbe, 0xd2, 0x17, 0xc0, 0x03,
    0x33, 0xd2, 0xff, 0x9b, 0x80, 0x6b, 0xd4, 0xff, 0x99, 0x80, 0x68, 0x2a,
    0x33, 0xe1, 0x27, 0x17, 0xca, 0xfe, 0x9c, 0x81, 0x6c, 0x33, 0xc0, 0x37,
    0x17, 0xc0, 0x83, 0x3e, 0xfe, 0xa8, 0x90, 0x7d, 0x33, 0xc4, 0x19, 0x17,
    0xc0, 0x97, 0x6a, 0x07, 0x33, 0xc4, 0x14, 0xfe, 0xfe, 0xfe, 0xfd, 0x17,
    0x3d, 0x33, 0xc4, 0xfe, 0xc3, 0xb3, 0xa6, 0x17, 0xc0, 0x07, 0x33, 0xca,
    0xbc, 0xc2, 0x17, 0xc0, 0xfe, 0xc6, 0xb7, 0xab, 0xfe, 0x9b, 0x80, 0x6b,
    0xc4, 0x3c, 0x17, 0x9e, 0x78, 0xfe, 0x9d, 0x82, 0x6e, 0x33, 0xc1, 0xfe,
    0xef, 0xea, 0xe7, 0x17, 0x8d, 0x4c, 0x14, 0x33, 0xc3, 0x2e, 0x00, 0x17,
    0xfe, 0xd5, 0xc9, 0xc1, 0x33, 0xd3, 0xa9, 0xa7, 0x17, 0xc0, 0xfe, 0xc9,
    0xbb, 0xb0, 0x33, 0xc3, 0x32, 0x17, 0xc0, 0x11, 0x33, 0xc2, 0xfe, 0xf9,
    0xf8, 0xf6, 0x17, 0xfe, 0xd1, 0xc5, 0xbb, 0x33, 0xc4, 0xab, 0xa6, 0x17,
    0xc0, 0x2c, 0x33, 0xc1, 0xfe, 0xf4, 0xf1, 0xef, 0x17, 0xfe, 0xdc, 0xd2,
    0xcb, 0x33, 0xc5, 0xa3, 0x98, 0x33, 0xc1, 0x2e, 0x17, 0xc0, 0x16, 0x33,
    0xc4, 0xad, 0xb6, 0xfe, 0xfd, 0xfd, 0xfc, 0x17, 0xfe, 0xc3, 0xb3, 0xa7,
    0x33, 0xc4, 0xb2, 0xb5, 0x17, 0xc0, 0x07, 0x33, 0xc9, 0xa1, 0x98, 0xfe,
    0xf4, 0xf1, 0xee, 0x17, 0x8c, 0x4c, 0x19, 0x33, 0xc3, 0x09, 0x17, 0xc0,
    0xfe, 0xc6, 0xb7, 0xab, 0xfe, 0x9b, 0x80, 0x6b, 0xc1, 0xfe, 0xc0, 0xaf,
    0xa2, 0x17, 0x9e, 0x78, 0x2e, 0x33, 0xc4, 0xfe, 0xc6, 0xb7, 0xab, 0x17,
    0x36, 0x32, 0x9c, 0x78, 0xca, 0x3c, 0x17, 0x9b, 0x79, 0x33, 0xc3, 0x09,
    0xfe, 0xe0, 0xd7, 0xd1, 0x17, 0xc0, 0x28, 0x33, 0xc3, 0xb7, 0xc3, 0x17,
    0xc0, 0xfe, 0xc6, 0xb6, 0xaa, 0x33, 0xc3, 0xae, 0xa5, 0xfe, 0xf4, 0xf2,
    0xef, 0x17, 0x27, 0x31, 0x33, 0xc0, 0xb5, 0xb3, 0x17, 0xc0, 0xfe, 0xb6,
    0xa3, 0x93, 0x33, 0x19, 0x28, 0xac, 0xb6, 0xfe, 0xd3, 0xc7, 0xbe, 0x33,
    0xfe, 0xb7, 0xa4, 0x95, 0xfe, 0xfe, 0xfe, 0xfe, 0x95, 0x6a, 0x23, 0x33,
    0xbe, 0xd2, 0x17, 0xc0, 0x03, 0x33, 0xd2, 0xff, 0x9b, 0x80, 0x6b, 0xd4,
    0xff, 0x99, 0x80, 0x68, 0x2a, 0xff, 0x9b, 0x80, 0x6b, 0xff, 0xe1, 0xfe,
    0xfb, 0xfb, 0xfa, 0xa3, 0x98, 0x9e, 0x78, 0x9b, 0x79, 0xc8, 0xfe, 0x9c,
    0x81, 0x6c, 0x33, 0xc0, 0xfe, 0xbf, 0xae, 0xa1, 0x17, 0xc0, 0xfe, 0xa8,
    0x90, 0x7e, 0x33, 0xc5, 0xa3, 0x87, 0xfe, 0xfe, 0xfe, 0xfe, 0xc0, 0xfe,
    0xc9, 0xbb, 0xb0, 0x33, 0xc5, 0xfe, 0xc5, 0xb5, 0xa9, 0x17, 0xc0, 0xfe,
    0xad, 0x97, 0x86, 0x33, 0xc4, 0xa5, 0x97, 0xfe, 0xfb, 0xfa, 0xf9, 0x17,
    0xfe, 0xd8, 0xcd, 0xc5, 0x33, 0xca, 0xbc, 0xc2, 0x17, 0xc0, 0xfe, 0xb6,
    0xa2, 0x92, 0x33, 0xc4, 0x2b, 0x17, 0xc0, 0xfe, 0xa4, 0x8b, 0x78, 0x33,
    0xc0, 0xb2, 0xb4, 0x17, 0xc0, 0xfe, 0xc9, 0xbb, 0xaf, 0x33, 0xc5, 0xfe,
    0xe3, 0xdb, 0xd5, 0x17, 0x92, 0x5b, 0x33, 0xd1, 0xa2, 0x88, 0x10, 0xa9,
    0x96, 0x1f, 0x17, 0xfe, 0xd0, 0xc3, 0xba, 0x33, 0xc3, 0xa4, 0x98, 0x17,
    0xc0, 0xfe, 0xc8, 0xb9, 0xad, 0x33, 0xc2, 0xfe, 0xf9, 0xf8, 0xf6, 0x17,
    0xfe, 0xd1, 0xc5, 0xbb, 0x33, 0xc4, 0x10, 0x17, 0xc0, 0xfe, 0xc2, 0xb2,
    0xa5, 0x33, 0xc1, 0xfe, 0xf3, 0xf0, 0xed, 0x17, 0x8c, 0x4c, 0xfe, 0x9d,
    0x82, 0x6e, 0x33, 0xc8, 0x2e, 0x17, 0xc0, 0xfe, 0xbd, 0xac, 0x9e, 0x33,
    0xc4, 0x1c, 0x17, 0x9b, 0x79, 0xfe, 0x9e, 0x84, 0x70, 0x33, 0xc5, 0xfe,
    0xf2, 0xef, 0xed, 0x17, 0xfe, 0xcd, 0xc0, 0xb6, 0x33, 0xc9, 0xbf, 0xd1,
    0x17, 0xc0, 0xfe, 0xc2, 0xb1, 0xa4, 0x33, 0xc4, 0xa6, 0x97, 0x17, 0xc0,
    0xfe, 0xc6, 0xb7, 0xab, 0xfe, 0x9b, 0x80, 0x6b, 0xc1, 0xfe, 0xe1, 0xd9,
    0xd3, 0x17, 0xfe, 0xe0, 0xd8, 0xd2, 0x33, 0xc5, 0xb5, 0xb3, 0x17, 0xc0,
    0x39, 0x33, 0xca, 0xfe, 0xdc, 0xd3, 0xcc, 0x17, 0x9e, 0x78, 0xfe, 0xc7,
    0xb8, 0xac, 0xc1, 0xa6, 0x96, 0xb2, 0xc5, 0xfe, 0xf7, 0xf5, 0xf4, 0x17,
    0xc0, 0xfe, 0xce, 0xc0, 0xb6, 0x33, 0xc4, 0x35, 0x17, 0xc0, 0xfe, 0xc8,
    0xba, 0xae, 0x09, 0xc0, 0xa5, 0x97, 0xad, 0xa5, 0xfe, 0xc9, 0xba, 0xaf,
    0xfe, 0xf6, 0xf4, 0xf2, 0x17, 0xc0, 0xfe, 0xcd, 0xbf, 0xb4, 0x33, 0xc1,
    0x14, 0x17, 0xc0, 0xfe, 0xb6, 0xa3, 0x93, 0x33, 0xc0, 0xfe, 0xc9, 0xbb,
    0xb0, 0xfe, 0xfe, 0xfe, 0xfe, 0x9a, 0x79, 0xfe, 0xa2, 0x88, 0x75, 0xfe,
    0xe3, 0xdc, 0xd6, 0x17, 0xfe, 0xcb, 0xbd, 0xb2, 0x33, 0xc0, 0xbe, 0xd2,
    0x17, 0xc0, 0xfe, 0xc0, 0xaf, 0xa1, 0x33, 0xd2, 0xff, 0x9b, 0x80, 0x6b,
    0xd4, 0xff, 0x99, 0x80, 0x68, 0x2a, 0x33, 0xe1, 0xfe, 0xfb, 0xfb, 0xfa,
    0x17, 0xfe, 0xdb, 0xd1, 0xca, 0x33, 0xcb, 0x37, 0x17, 0xc0, 0xfe, 0xa8,
    0x90, 0x7d, 0x33, 0xc5, 0xa3, 0x87, 0x17, 0xc0, 0x2b, 0x33, 0xc5, 0xfe,
    0xd7, 0xcc, 0xc4, 0x17, 0x1f, 0xfe, 0x9c, 0x81, 0x6c, 0x33, 0xc5, 0xfe,
    0xe9, 0xe3, 0xde, 0x17, 0x87, 0x3d, 0x33, 0xca, 0xbc, 0xc2, 0x17, 0xc0,
    0x0f, 0x33, 0xc4, 0x2c, 0x17, 0xc0, 0xfe, 0xa6, 0x8e, 0x7c, 0x33, 0xc0,
    0xfe, 0xbc, 0xaa, 0x9c, 0x17, 0xc0, 0xfe, 0xb4, 0x9f, 0x8f, 0x33, 0xc5,
    0x32, 0x17, 0xc0, 0xfe, 0xa2, 0x89, 0x75, 0x33, 0xcb, 0xa2, 0x88, 0xfe,
    0xb8, 0xa5, 0x96, 0xfe, 0xd5, 0xca, 0xc1, 0x1d, 0xb1, 0xb4, 0x17, 0xc3,
    0xfe, 0xd1, 0xc4, 0xba, 0x33, 0xc3, 0xa4, 0x98, 0x17, 0xc0, 0xfe, 0xc8,
    0xb9, 0xad, 0x33, 0xc2, 0x3e, 0x17, 0xfe, 0xd1, 0xc5, 0xbb, 0x33, 0xc4,
    0x10, 0x17, 0xc0, 0x2c, 0x33, 0xc1, 0xfe, 0xdb, 0xd2, 0xca, 0x17, 0xc0,
    0x88, 0x4d, 0xfe, 0xc0, 0xaf, 0xa2, 0xfe, 0xa5, 0x8c, 0x79, 0x33, 0xc6,
    0xb2, 0xb4, 0x17, 0xc0, 0xfe, 0xbd, 0xac, 0x9e, 0x33, 0xc4, 0xfe, 0xd9,
    0xcf, 0xc7, 0x17, 0x93, 0x5b, 0xfe, 0xc5, 0xb6, 0xa9, 0xc6, 0xfe, 0xf3,
    0xf0, 0xed, 0x17, 0xfe, 0xd6, 0xcb, 0xc3, 0x33, 0xc9, 0xfe, 0xc8, 0xba,
    0xae, 0x17, 0xc0, 0x14, 0x33, 0xc4, 0xa6, 0x97, 0x17, 0xc0, 0xfe, 0xc6,
    0xb7, 0xab, 0xfe, 0x9b, 0x80, 0x6b, 0xc1, 0xfe, 0xf6, 0xf3, 0xf1, 0x17,
    0xfe, 0xe3, 0xdc, 0xd6, 0x21, 0xc5, 0xa6, 0x97, 0x17, 0xc0, 0xfe, 0xba,
    0xa7, 0x99, 0x33, 0xca, 0x3c, 0x17, 0xc6, 0x90, 0x5b, 0xfe, 0xbb, 0xa9,
    0x9b, 0xfe, 0x9b, 0x80, 0x6b, 0xc5, 0xb7, 0xc3, 0x17, 0xc8, 0xfe, 0xd9,
    0xce, 0xc6, 0x02, 0x33, 0xc1, 0xb5, 0xb3, 0x17, 0xc0, 0xfe, 0xb6, 0xa3,
    0x93, 0x33, 0xc0, 0xa8, 0x96, 0xfe, 0xfa, 0xf9, 0xf8, 0xa5, 0x97, 0x2a,
    0x17, 0x10, 0x2f, 0x33, 0xc0, 0xbe, 0xd2, 0x17, 0xc0, 0x03, 0x33, 0xd2,
    0xff, 0x9b, 0x80, 0x6b, 0xd4, 0xff, 0x99, 0x80, 0x68, 0x2a, 0xff, 0x9b,
    0x80, 0x6b, 0xff, 0xe1, 0xfe, 0xfb, 0xfb, 0xfa, 0xa3, 0x98, 0xfe, 0xdb,
    0xd1, 0xca, 0x33, 0xcb, 0xfe, 0xbf, 0xae, 0xa1, 0x17, 0xc0, 0xfe, 0xa8,
    0x90, 0x7d, 0x33, 0xc5, 0xa3, 0x87, 0x17, 0xc0, 0xfe, 0xc9, 0xbb, 0xb0,
    0x33, 0xc5, 0xfe, 0xe1, 0xd9, 0xd3, 0x17, 0x90, 0x5b, 0xfe, 0x9b, 0x80,
    0x6b, 0xc6, 0xfe, 0xdf, 0xd6, 0xcf, 0x17, 0x93, 0x6b, 0x33, 0xca, 0xbc,
    0xc2, 0x17, 0xc0, 0xfe, 0xb6, 0xa2, 0x92, 0x33, 0xc4, 0xfe, 0xc0, 0xaf,
    0xa1, 0x17, 0xc0, 0xfe, 0xa6, 0x8e, 0x7c, 0x33, 0xc0, 0xfe, 0xc5, 0xb6,
    0xa9, 0x17, 0xc0, 0xfe, 0xaa, 0x92, 0x80, 0x33, 0xc5, 0xfe, 0xc3, 0xb3,
    0xa7, 0x17, 0xc0, 0xfe, 0xac, 0x95, 0x84, 0x33, 0xca, 0xbb, 0xc2, 0xfe,
    0xef, 0xeb, 0xe8, 0x17, 0xc4, 0x99, 0x69, 0x17, 0xc0, 0xfe, 0xd1, 0xc4,
    0xba, 0x33, 0xc3, 0xa4, 0x98, 0x17, 0xc0, 0xfe, 0xc8, 0xb9, 0xad, 0x33,
    0xc2, 0xfe, 0xf9, 0xf8, 0xf6, 0x17, 0xfe, 0xd1, 0xc5, 0xbb, 0x33, 0xc4,
    0xab, 0xa6, 0x17, 0xc0, 0xfe, 0xc2, 0xb2, 0xa5, 0x33, 0xc1, 0xb1, 0xb5,
    0xfe, 0xf7, 0xf5, 0xf3, 0x17, 0xc2, 0x91, 0x6b, 0x86, 0x3e, 0x2c, 0xfe,
    0xa0, 0x86, 0x72, 0x33, 0xc2, 0xb2, 0xb4, 0x17, 0xc0, 0xfe, 0xbd, 0xac,
    0x9e, 0x33, 0xc4, 0xfe, 0xe4, 0xdd, 0xd7, 0x17, 0xca, 0xfe, 0xdb, 0xd1,
    0xc9, 0x33, 0xc9, 0xfe, 0xd4, 0xc8, 0xbf, 0x17, 0x5a, 0xfe, 0x9c, 0x81,
    0x6c, 0x33, 0xc4, 0x09, 0x17, 0xc0, 0xfe, 0xc6, 0xb7, 0xab, 0xfe, 0x9b,
    0x80, 0x6b, 0xc0, 0x19, 0x17, 0xcb, 0xfe, 0xbe, 0xad, 0x9f, 0x33, 0xca,
    0xfe, 0xdc, 0xd3, 0xcc, 0x17, 0x14, 0x8b, 0x5c, 0xc1, 0x05, 0x17, 0xc0,
    0xfe, 0xd9, 0xcf, 0xc8, 0x33, 0xc6, 0xb7, 0xc3, 0x17, 0xc6, 0x87, 0x4e,
    0xfe, 0xbd, 0xab, 0x9d, 0x33, 0xc3, 0xb5, 0xb3, 0x17, 0xc0, 0xfe, 0xb6,
    0xa3, 0x93, 0x33, 0xc1, 0xfe, 0xd3, 0xc7, 0xbe, 0xfe, 0xfe, 0xfe, 0xfe,
    0xc1, 0x26, 0x33, 0xc1, 0xbe, 0xd2, 0x17, 0xc0, 0x03, 0x33, 0xd2, 0xff,
    0x9b, 0x80, 0x6b, 0xd4, 0xff, 0x99, 0x80, 0x68, 0x2a, 0x33, 0xe1, 0x27,
    0x17, 0xfe, 0xdb, 0xd1, 0xca, 0x33, 0xcb, 0x37, 0x17, 0xc0, 0xfe, 0xa8,
    0x90, 0x7d, 0x33, 0xc5, 0x19, 0x17, 0xc0, 0x2b, 0x33, 0xc5, 0xfe, 0xe3,
    0xdb, 0xd5, 0x17, 0x8d, 0x4c, 0x33, 0xc6, 0x3c, 0x17, 0x96, 0x6a, 0x33,
    0xca, 0xbc, 0xc2, 0x17, 0xc0, 0x0f, 0x33, 0xc4, 0x03, 0x17, 0xc0, 0xfe,
    0xa6, 0x8e, 0x7c, 0x33, 0xc0, 0x11, 0x17, 0xc0, 0xfe, 0xa7, 0x8f, 0x7c,
    0x33, 0xc5, 0xfe, 0xc1, 0xb0, 0xa2, 0x17, 0xc0, 0xfe, 0xae, 0x98, 0x87,
    0x33, 0xc9, 0xb4, 0xc4, 0xfe, 0xfa, 0xf9, 0xf8, 0x17, 0xc0, 0xfe, 0xdf,
    0xd7, 0xd0, 0xfe, 0xc2, 0xb2, 0xa5, 0x8a, 0x4d, 0x91, 0x7c, 0x95, 0x6a,
    0x33, 0xfe, 0xf9, 0xf8, 0xf6, 0x17, 0xfe, 0xd1, 0xc4, 0xba, 0x33, 0xc3,
    0x32, 0x17, 0xc0, 0x11, 0x33, 0xc2, 0x3e, 0x17, 0x36, 0x33, 0xc4, 0xab,
    0xa6, 0x17, 0xc0, 0x2c, 0x33, 0xc2, 0x05, 0xfe, 0xda, 0xd0, 0xc9, 0xfe,
    0xfb, 0xfa, 0xf9, 0x17, 0xc3, 0x95, 0x6b, 0xfe, 0xb3, 0x9f, 0x8f, 0x33,
    0xc1, 0xb2, 0xb4, 0x17, 0xc0, 0xfe, 0xbd, 0xac, 0x9e, 0x33, 0xc4, 0xfe,
    0xe7, 0xe1, 0xdc, 0x17, 0x94, 0x6b, 0xfe, 0xd3, 0xc7, 0xbe, 0xc8, 0x87,
    0x3d, 0x33, 0xc9, 0xfe, 0xd6, 0xcb, 0xc3, 0xfe, 0xfe, 0xfe, 0xfe, 0x1f,
    0x33, 0xc5, 0xa6, 0x97, 0x17, 0xc0, 0xfe, 0xc6, 0xb7, 0xab, 0xfe, 0x9b,
    0x80, 0x6b, 0xc0, 0x09, 0x17, 0xc0, 0x84, 0x4e, 0x85, 0x3e, 0xc8, 0xfe,
    0xaf, 0x99, 0x88, 0x33, 0xca, 0x3c, 0xfe, 0xfe, 0xfe, 0xfe, 0x9b, 0x79,
    0x33, 0xc1, 0xa3, 0x98, 0xfe, 0xe9, 0xe3, 0xdf, 0x17, 0xc0, 0xfe, 0xc8,
    0xb9, 0xad, 0x33, 0xc5, 0xb7, 0xc3, 0x17, 0xc0, 0xfe, 0xd8, 0xce, 0xc6,
    0xfe, 0xbc, 0xaa, 0x9c, 0xc0, 0x9e, 0x78, 0x98, 0x7a, 0x8c, 0x5d, 0x33,
    0xc5, 0xb5, 0xb3, 0x17, 0xc0, 0xfe, 0xb6, 0xa3, 0x93, 0x33, 0xc1, 0xb0,
    0xb5, 0xfe, 0xfd, 0xfd, 0xfc, 0xa1, 0x98, 0x05, 0xfe, 0xa8, 0x90, 0x7e,
    0x33, 0xc1, 0xbe, 0xd2, 0xfe, 0xfe, 0xfe, 0xfe, 0xc0, 0x03, 0x33, 0xd2,
    0xff, 0x9b, 0x80, 0x6b, 0xd4, 0xff, 0x99, 0x80, 0x68, 0x2a, 0xff, 0x9b,
    0x80, 0x6b, 0xff, 0xe1, 0xfe, 0xfb, 0xfb, 0xfa, 0xa3, 0x98, 0xfe, 0xdb,
    0xd1, 0xca, 0x33, 0xcb, 0xfe, 0xbf, 0xae, 0xa1, 0x17, 0xc0, 0xfe, 0xa8,
    0x90, 0x7d, 0x33, 0xc5, 0xa3, 0x87, 0x17, 0xc0, 0xfe, 0xc9, 0xbb, 0xb0,
    0x33, 0xc5, 0xfe, 0xde, 0xd5, 0xce, 0x17, 0x94, 0x5a, 0x33, 0xc6, 0xfe,
    0xe1, 0xd9, 0xd3, 0x17, 0x8f, 0x5c, 0x33, 0xca, 0xbc, 0xc2, 0x17, 0xc0,
    0xfe, 0xb6, 0xa2, 0x92, 0x33, 0xc4, 0xfe, 0xc0, 0xaf, 0xa1, 0x17, 0xc0,
    0xfe, 0xa6, 0x8e, 0x7c, 0x33, 0xc0, 0xfe, 0xc2, 0xb2, 0xa5, 0x17, 0xc0,
    0xfe, 0xac, 0x96, 0x84, 0x33, 0xc5, 0xfe, 0xc6, 0xb7, 0xab, 0x17, 0xc0,
    0xfe, 0xa9, 0x92, 0x80, 0x8e, 0x5c, 0xc9, 0xfe, 0xdc, 0xd3, 0xcc, 0x17,
    0x45, 0xfe, 0xb8, 0xa5, 0x96, 0x33, 0xc4, 0xfe, 0xf9, 0xf8, 0xf6, 0x17,
    0xfe, 0xd1, 0xc4, 0xba, 0x33, 0xc3, 0xa4, 0x98, 0x17, 0xc0, 0xfe, 0xc8,
    0xb9, 0xad, 0x33, 0xc2, 0x3e, 0x17, 0xfe, 0xd2, 0xc5, 0xbc, 0x33, 0xc4,
    0xab, 0xa6, 0x17, 0xc0, 0x2c, 0x33, 0xc4, 0xa5, 0x97, 0xbc, 0xd2, 0xbc,
    0xc2, 0xbb, 0xc2, 0xfe, 0xfb, 0xfa, 0xf9, 0x17, 0xc0, 0x98, 0x7a, 0xfe,
    0xa2, 0x89, 0x75, 0x33, 0xc0, 0xb2, 0xb4, 0x17, 0xc0, 0xfe, 0xbd, 0xac,
    0x9e, 0x33, 0xc4, 0xfe, 0xe2, 0xda, 0xd4, 0x17, 0x8c, 0x4c, 0x33, 0xd4,
    0xfe, 0xd2, 0xc5, 0xbc, 0x17, 0xc0, 0xfe, 0x9c, 0x81, 0x6d, 0x33, 0xc4,
    0xa6, 0x97, 0x17, 0xc0, 0xfe, 0xc6, 0xb7, 0xab, 0xfe, 0x9b, 0x80, 0x6b,
    0xc0, 0x05, 0xfe, 0xfd, 0xfd, 0xfd, 0x17, 0x00, 0x33, 0xd5, 0x3c, 0x17,
    0x9b, 0x79, 0x33, 0xc2, 0xad, 0xb6, 0xfe, 0xf5, 0xf3, 0xf1, 0x17, 0x08,
    0xfe, 0xb8, 0xa4, 0x95, 0x33, 0xc4, 0xb7, 0xc3, 0x17, 0xc0, 0xfe, 0xc6,
    0xb6, 0xaa, 0x33, 0xca, 0xb5, 0xb3, 0x17, 0xc0, 0xfe, 0xb6, 0xa3, 0x93,
    0x33, 0xc2, 0xfe, 0xdd, 0xd4, 0xcd, 0xfe, 0xfe, 0xfe, 0xfe, 0x0b, 0x33,
    0xc2, 0xbe, 0xd2, 0x17, 0xc0, 0xfe, 0xc0, 0xaf, 0xa1, 0x33, 0xd2, 0xff,
    0x9b, 0x80, 0x6b, 0xd4, 0xff, 0x99, 0x80, 0x68, 0x2a, 0x33, 0xe1, 0x27,
    0x17, 0x25, 0x33, 0xcb, 0x37, 0x17, 0xc0, 0xfe, 0xa8, 0x90, 0x7d, 0x33,
    0xc5, 0x19, 0x17, 0xc0, 0xfe, 0xc9, 0xbb, 0xb0, 0x33, 0xc5, 0xfe, 0xd1,
    0xc5, 0xbb, 0x17, 0xc0, 0xfe, 0xa1, 0x87, 0x73, 0x33, 0xc5, 0xfe, 0xf0,
    0xed, 0xea, 0x17, 0xfe, 0xe4, 0xdd, 0xd7, 0x33, 0xca, 0xbc, 0xc2, 0x17,
    0xc0, 0x0f, 0x33, 0xc4, 0x03, 0x17, 0xc0, 0xfe, 0xa6, 0x8e, 0x7c, 0x33,
    0xc0, 0x0f, 0x17, 0xc0, 0xfe, 0xbb, 0xa9, 0x9b, 0x33, 0xc5, 0xfe, 0xd5,
    0xca, 0xc1, 0x17, 0x41, 0xfe, 0x9e, 0x83, 0x6f, 0x33, 0xc9, 0x3a, 0x17,
    0xfe, 0xe0, 0xd8, 0xd1, 0x33, 0xc5, 0x3e, 0x17, 0xfe, 0xd1, 0xc4, 0xba,
    0x33, 0xc3, 0x32, 0x17, 0xc0, 0x11, 0x33, 0xc2, 0xfe, 0xf8, 0xf7, 0xf5,
    0x17, 0xfe, 0xd5, 0xc9, 0xc1, 0x33, 0xc4, 0xab, 0xa6, 0x17, 0xc0, 0x2c,
    0x33, 0xc8, 0x09, 0xfe, 0xd9, 0xcf, 0xc7, 0x17, 0xc0, 0xfe, 0xc1, 0xb0,
    0xa3, 0x33, 0xc0, 0xb2, 0xb4, 0x17, 0xc0, 0xfe, 0xbe, 0xad, 0x9f, 0x33,
    0xc4, 0x38, 0x17, 0x41, 0x09, 0x33, 0xd3, 0x11, 0x17, 0xc0, 0xfe, 0xa9,
    0x91, 0x7f, 0x33, 0xc4, 0x09, 0x17, 0xc0, 0xfe, 0xc6, 0xb7, 0xab, 0xfe,
    0x9b, 0x80, 0x6b, 0xc1, 0xfe, 0xf1, 0xee, 0xeb, 0x17, 0x80, 0x2f, 0xfe,
    0x9b, 0x80, 0x6b, 0xd5, 0x3c, 0x17, 0x9b, 0x79, 0x33, 0xc3, 0xbd, 0xc2,
    0xfe, 0xfc, 0xfc, 0xfb, 0x17, 0x99, 0x7a, 0xfe, 0xab, 0x94, 0x83, 0x33,
    0xc3, 0xb7, 0xc3, 0x17, 0xc0, 0xfe, 0xc6, 0xb6, 0xaa, 0x33, 0xca, 0xb5,
    0xb3, 0x17, 0xc0, 0xfe, 0xb6, 0xa3, 0x93, 0x33, 0xc2, 0xb0, 0xa5, 0xbc,
    0xd1, 0x83, 0x4f, 0x33, 0xc2, 0xbe, 0xd2, 0xfe, 0xfe, 0xfe, 0xfe, 0xc0,
    0x03, 0x33, 0xd2, 0xff, 0x9b, 0x80, 0x6b, 0xd4, 0xff, 0x99, 0x80, 0x68,
    0x2a, 0xff, 0x9b, 0x80, 0x6b, 0xff, 0xe1, 0xfe, 0xfb, 0xfb, 0xfa, 0xa3,
    0x98, 0xfe, 0xdb, 0xd1, 0xca, 0x33, 0xcb, 0xfe, 0xbf, 0xae, 0xa1, 0x17,
    0xc0, 0xfe, 0xa8, 0x90, 0x7d, 0x33, 0xc5, 0xa3, 0x87, 0x17, 0xc0, 0xfe,
    0xc9, 0xbb, 0xb0, 0x33, 0xc5, 0xfe, 0xba, 0xa7, 0x99, 0x17, 0xc0, 0xfe,
    0xbd, 0xac, 0x9e, 0x33, 0xc4, 0xb3, 0xb4, 0x17, 0xc0, 0xfe, 0xcd, 0xbf,
    0xb4, 0x33, 0xca, 0xbc, 0xc2, 0x17, 0xc0, 0xfe, 0xb6, 0xa2, 0x92, 0x33,
    0xc4, 0xfe, 0xc0, 0xaf, 0xa1, 0x17, 0xc0, 0xfe, 0xa6, 0x8e, 0x7c, 0x33,
    0xc0, 0xa7, 0x97, 0xfe, 0xfd, 0xfc, 0xfc, 0x17, 0xfe, 0xd9, 0xce, 0xc6,
    0x33, 0xc4, 0x7f, 0xfe, 0xf2, 0xee, 0xeb, 0x17, 0x84, 0x4e, 0x33, 0xca,
    0xfe, 0xfc, 0xfc, 0xfb, 0x17, 0xfe, 0xd6, 0xca, 0xc2, 0x33, 0xc5, 0xfe,
    0xf9, 0xf8, 0xf6, 0x17, 0xfe, 0xd1, 0xc4, 0xba, 0x33, 0xc3, 0xa4, 0x98,
    0x17, 0xc0, 0xfe, 0xc8, 0xb9, 0xad, 0x33, 0xc2, 0xfe, 0xf4, 0xf1, 0xee,
    0x17, 0xfe, 0xdf, 0xd7, 0xd0, 0x33, 0xc4, 0xab, 0xa6, 0x17, 0xc0, 0xfe,
    0xc2, 0xb2, 0xa5, 0x33, 0xc9, 0xad, 0xb6, 0x17, 0xc0, 0xfe, 0xcb, 0xbd,
    0xb2, 0x33, 0xc0, 0x39, 0x17, 0xc0, 0x2c, 0x33, 0xc4, 0xfe, 0xbc, 0xaa,
    0x9c, 0x17, 0xc0, 0xfe, 0xc4, 0xb4, 0xa7, 0x33, 0xd3, 0x0f, 0x17, 0xc0,
    0x2c, 0x33, 0xc4, 0xa6, 0x97, 0x17, 0xc0, 0xfe, 0xc6, 0xb7, 0xab, 0xfe,
    0x9b, 0x80, 0x6b, 0xc1, 0x3c, 0x17, 0x45, 0xfe, 0xa9, 0x91, 0x7f, 0x33,
    0xd4, 0xfe, 0xdc, 0xd3, 0xcc, 0x17, 0x9b, 0x79, 0x33, 0xc4, 0x2c, 0x17,
    0xc0, 0x8e, 0x5c, 0xfe, 0xa2, 0x88, 0x75, 0x33, 0xc2, 0xb7, 0xc3, 0x17,
    0xc0, 0xfe, 0xc6, 0xb6, 0xaa, 0x33, 0xca, 0xb5, 0xb3, 0x17, 0xc0, 0xfe,
    0xb6, 0xa3, 0x93, 0x33, 0xc9, 0xbe, 0xd2, 0xfe, 0xfe, 0xfe, 0xfe, 0xc0,
    0x03, 0x33, 0xd2, 0xff, 0x9b, 0x80, 0x6b, 0xd4, 0xff, 0x99, 0x80, 0x68,
    0x2a, 0x33, 0xe1, 0xfe, 0xfb, 0xfb, 0xfa, 0x17, 0x25, 0x33, 0xcb, 0x37,
    0x17, 0xc0, 0xfe, 0xa8, 0x90, 0x7d, 0x33, 0xc5, 0xa3, 0x87, 0x17, 0xc0,
    0xfe, 0xc9, 0xbb, 0xb0, 0x33, 0xc5, 0xa4, 0x97, 0xfe, 0xf7, 0xf5, 0xf3,
    0x17, 0x8c, 0x4c, 0xfe, 0x9f, 0x85, 0x71, 0x33, 0xc3, 0xfe, 0xdf, 0xd6,
    0xcf, 0x17, 0x5a, 0xfe, 0xaa, 0x92, 0x80, 0x33, 0xca, 0xbc, 0xc2, 0x17,
    0xc0, 0x0f, 0x33, 0xc4, 0x03, 0x17, 0xc0, 0xfe, 0xa6, 0x8e, 0x7c, 0x33,
    0xc1, 0xfe, 0xde, 0xd5, 0xce, 0x17, 0x36, 0xfe, 0xac, 0x96, 0x84, 0x33,
    0xc3, 0xfe, 0xc3, 0xb3, 0xa7, 0x17, 0xc0, 0xfe, 0xc4, 0xb4, 0xa8, 0x33,
    0xca, 0x20, 0x17, 0x85, 0x3e, 0x33, 0xc4, 0xfe, 0xc0, 0xaf, 0xa2, 0xfe,
    0xfd, 0xfd, 0xfd, 0x17, 0x2e, 0x33, 0xc3, 0x32, 0x17, 0xc0, 0x11, 0x33,
    0xc2, 0xfe, 0xe6, 0xdf, 0xd9, 0x17, 0x98, 0x7a, 0x09, 0x33, 0xc2, 0x09,
    0xfe, 0xd8, 0xce, 0xc6, 0x17, 0xc0, 0x2c, 0x33, 0xc0, 0x02, 0xfe, 0xd5,
    0xca, 0xc1, 0x09, 0x33, 0xc4, 0xb5, 0xc4, 0x17, 0xc0, 0xfe, 0xc1, 0xb0,
    0xa2, 0x33, 0xc0, 0x32, 0x05, 0x17, 0x07, 0x33, 0xc4, 0x2b, 0xfe, 0xf6,
    0xf3, 0xf1, 0x17, 0x98, 0x69, 0xfe, 0xab, 0x94, 0x82, 0x33, 0xc5, 0xfe,
    0xb6, 0xa3, 0x93, 0x9c, 0x8a, 0x33, 0xc9, 0x32, 0xfe, 0xf9, 0xf8, 0xf6,
    0xa6, 0xa7, 0x8c, 0x5d, 0x32, 0x33, 0xc2, 0xa1, 0x98, 0xfe, 0xcb, 0xbd,
    0xb2, 0x17, 0xc0, 0xfe, 0xc6, 0xb7, 0xab, 0xfe, 0x9b, 0x80, 0x6b, 0xc1,
    0xbd, 0xc2, 0x17, 0xc0, 0x83, 0x3e, 0x3a, 0x33, 0xc4, 0xa2, 0x88, 0xfe,
    0xc9, 0xbb, 0xaf, 0x3a, 0x33, 0xca, 0x3c, 0x17, 0x10, 0x33, 0xc5, 0x07,
    0x17, 0xc0, 0xfe, 0xe4, 0xdc, 0xd7, 0x11, 0x33, 0xc1, 0xb7, 0xc3, 0x17,
    0xc0, 0xfe, 0xc6, 0xb6, 0xaa, 0x33, 0xca, 0xb5, 0xb3, 0x17, 0xc0, 0xfe,
    0xb6, 0xa3, 0x93, 0x33, 0xc9, 0xbe, 0xd2, 0xfe, 0xfe, 0xfe, 0xfe, 0xc0,
    0x03, 0x33, 0xd2, 0xff, 0x9b, 0x80, 0x6b, 0xd4, 0xff, 0x99, 0x80, 0x68,
    0x2a, 0xff, 0x9b, 0x80, 0x6b, 0xff, 0xe1, 0xfe, 0xfb, 0xfb, 0xfa, 0xa3,
    0x98, 0x87, 0x3d, 0xfe, 0xc5, 0xb6, 0xa9, 0xc8, 0x33, 0xc1, 0xfe, 0xbf,
    0xae, 0xa1, 0x17, 0xc0, 0xfe, 0xa8, 0x90, 0x7d, 0x33, 0xc5, 0xa3, 0x87,
    0x17, 0xc0, 0xfe, 0xc9, 0xbb, 0xb0, 0x33, 0xc6, 0x21, 0x17, 0xc0, 0x81,
    0x3f, 0xfe, 0xaa, 0x93, 0x81, 0x33, 0xc0, 0xab, 0xa6, 0xfe, 0xda, 0xd0,
    0xc8, 0x17, 0xc0, 0xfe, 0xd8, 0xcd, 0xc5, 0x33, 0xcb, 0xbc, 0xc2, 0x17,
    0xc0, 0xfe, 0xb6, 0xa2, 0x92, 0x33, 0xc4, 0xfe, 0xc0, 0xaf, 0xa1, 0x17,
    0xc0, 0xfe, 0xa6, 0x8e, 0x7c, 0x33, 0xc1, 0xb6, 0xb3, 0xfe, 0xfc, 0xfc,
    0xfb, 0x17, 0x93, 0x6b, 0xfe, 0xb7, 0xa4, 0x95, 0xfe, 0x9c, 0x81, 0x6c,
    0x33, 0xa4, 0x98, 0xfe, 0xc6, 0xb7, 0xab, 0xfe, 0xfd, 0xfc, 0xfc, 0x17,
    0x8e, 0x5c, 0xfe, 0x9e, 0x84, 0x70, 0x9c, 0x79, 0xca, 0x2d, 0x17, 0xc0,
    0xfe, 0xd2, 0xc6, 0xbd, 0xfe, 0xa4, 0x8c, 0x79, 0x33, 0xa5, 0x97, 0xbf,
    0xd2, 0xfe, 0xe6, 0xdf, 0xd9, 0x17, 0xc1, 0xfe, 0xd1, 0xc4, 0xba, 0x33,
    0xc3, 0x32, 0x17, 0xc0, 0xfe, 0xc8, 0xb9, 0xad, 0x33, 0xc2, 0xfe, 0xc9,
    0xbb, 0xb0, 0x17, 0xc0, 0xfe, 0xe2, 0xda, 0xd4, 0xfe, 0xad, 0x97, 0x86,
    0x90, 0x6c, 0xad, 0x95, 0x2b, 0xfe, 0xf5, 0xf3, 0xf1, 0x17, 0xc1, 0xfe,
    0xc2, 0xb2, 0xa5, 0x33, 0xc0, 0x02, 0x17, 0x96, 0x6a, 0xfe, 0xcb, 0xbe,
    0xb3, 0xfe, 0xa8, 0x91, 0x7f, 0x33, 0xc1, 0xb4, 0xc4, 0xfe, 0xe8, 0xe2,
    0xdd, 0x17, 0x9a, 0x79, 0xfe, 0xa3, 0x8a, 0x77, 0x33, 0xc1, 0xfe, 0xe9,
    0xe4, 0xdf, 0x17, 0x27, 0xfe, 0xba, 0xa7, 0x99, 0xfe, 0x9d, 0x82, 0x6e,
    0x5a, 0xb7, 0xc3, 0xc0, 0x33, 0xc0, 0xfe, 0xbd, 0xac, 0x9e, 0x17, 0xc0,
    0x99, 0x69, 0xfe, 0xc7, 0xb8, 0xac, 0xfe, 0xa5, 0x8d, 0x7a, 0x33, 0xc0,
    0xa9, 0xa7, 0x16, 0xfe, 0xe6, 0xdf, 0xd9, 0x17, 0x16, 0x33, 0xca, 0xfe,
    0xd1, 0xc4, 0xbb, 0x17, 0xc0, 0x82, 0x3e, 0xfe, 0xb3, 0x9e, 0x8e, 0x8a,
    0x4c, 0xa7, 0xa7, 0x2c, 0xfe, 0xee, 0xe9, 0xe6, 0x17, 0xc1, 0xfe, 0xc6,
    0xb7, 0xab, 0xfe, 0x9b, 0x80, 0x6b, 0xc2, 0xfe, 0xda, 0xd0, 0xc8, 0x17,
    0xc0, 0x8b, 0x4c, 0xfe, 0xbb, 0xa9, 0x9a, 0xfe, 0xa0, 0x86, 0x72, 0x33,
    0xc0, 0xb1, 0xb5, 0xfe, 0xc8, 0xb9, 0xad, 0xfe, 0xf2, 0xef, 0xec, 0x17,
    0x1b, 0x33, 0xca, 0xfe, 0xdc, 0xd3, 0xcc, 0x17, 0x9b, 0x79, 0x33, 0xc5,
    0xa3, 0x87, 0xfe, 0xe7, 0xe0, 0xdb, 0x17, 0xc0, 0xfe, 0xd4, 0xc8, 0xbf,
    0x33, 0xc1, 0x35, 0x17, 0xc0, 0xfe, 0xc6, 0xb6, 0xaa, 0x33, 0xca, 0xb5,
    0xb3, 0x17, 0xc0, 0xfe, 0xb6, 0xa3, 0x93, 0x33, 0xc9, 0x1a, 0xfe, 0xfe,
    0xfe, 0xfe, 0xc0, 0x03, 0x33, 0xd2, 0xff, 0x9b, 0x80, 0x6b, 0xd4, 0xff,
    0x99, 0x80, 0x68, 0x2a, 0x33, 0xe1, 0xfe, 0xfb, 0xfb, 0xfa, 0x17, 0xca,
    0xfe, 0x9c, 0x81, 0x6c, 0x33, 0xc0, 0xfe, 0xbf, 0xae, 0xa1, 0x17, 0xc0,
    0xfe, 0xa8, 0x90, 0x7d, 0x33, 0xc5, 0x19, 0x17, 0xc0, 0xfe, 0xc9, 0xbb,
    0xb0, 0x33, 0xc7, 0xfe, 0xda, 0xd0, 0xc9, 0x17, 0xc1, 0x93, 0x5b, 0x9d,
    0x89, 0xaf, 0xb4, 0x17, 0xc0, 0x84, 0x4e, 0xfe, 0x9f, 0x85, 0x71, 0x33,
    0xcb, 0xbc, 0xc2, 0x17, 0xc0, 0xfe, 0xb6, 0xa2, 0x92, 0x33, 0xc4, 0x03,
    0x17, 0xc0, 0xfe, 0xa6, 0x8e, 0x7c, 0x33, 0xc2, 0xfe, 0xc0, 0xaf, 0xa2,
    0xfe, 0xfe, 0xfe, 0xfd, 0x17, 0xc0, 0x98, 0x69, 0x1c, 0xae, 0xa5, 0x17,
    0xc0, 0x97, 0x6a, 0xfe, 0xac, 0x96, 0x84, 0x33, 0xcb, 0xaf, 0xb5, 0xfe,
    0xf7, 0xf5, 0xf4, 0x17, 0xc1, 0x00, 0x17, 0xc1, 0x28, 0x1f, 0x17, 0x2e,
    0x33, 0xc3, 0x32, 0x17, 0xc0, 0xfe, 0xc8, 0xb9, 0xad, 0x33, 0xc2, 0xa8,
    0x96, 0xfe, 0xf4, 0xf1, 0xee, 0x17, 0xc5, 0xfe, 0xdd, 0xd4, 0xcd, 0x17,
    0xc0, 0xfe, 0xc2, 0xb2, 0xa5, 0x33, 0xc0, 0x02, 0x17, 0xc2, 0x96, 0x6a,
    0x97, 0x6a, 0x09, 0x17, 0xc0, 0x45, 0xfe, 0xbd, 0xab, 0x9d, 0x33, 0xc2,
    0xfe, 0xbc, 0xaa, 0x9c, 0x17, 0xc2, 0x14, 0x17, 0x2b, 0x33, 0xc1, 0xfe,
    0xc9, 0xba, 0xaf, 0x14, 0x17, 0xc1, 0x10, 0x2f, 0x17, 0xc2, 0xfe, 0xbd,
    0xac, 0x9e, 0x33, 0xca, 0xa6, 0x97, 0xfe, 0xee, 0xea, 0xe6, 0x17, 0xc5,
    0x83, 0x3e, 0x17, 0xc0, 0xfe, 0xc6, 0xb7, 0xab, 0xfe, 0x9b, 0x80, 0x6b,
    0xc2, 0x32, 0xfe, 0xe1, 0xd9, 0xd3, 0x17, 0xc2, 0x98, 0x69, 0x1f, 0x17,
    0xc2, 0xfe, 0xa1, 0x87, 0x74, 0x33, 0xca, 0x3c, 0x17, 0x10, 0x33, 0xc6,
    0xab, 0xa6, 0xfe, 0xf3, 0xf0, 0xee, 0x17, 0xc0, 0xfe, 0xc3, 0xb3, 0xa6,
    0x33, 0xc0, 0xb7, 0xc3, 0x17, 0xc0, 0xfe, 0xc6, 0xb6, 0xaa, 0x33, 0xca,
    0xb5, 0xb3, 0x17, 0xc0, 0xfe, 0xb6, 0xa3, 0x93, 0x33, 0xc9, 0xbe, 0xd2,
    0xfe, 0xfe, 0xfe, 0xfe, 0xc0, 0x03, 0x33, 0xd2, 0xff, 0x9b, 0x80, 0x6b,
    0xd4, 0xff, 0x99, 0x80, 0x68, 0x2a, 0xff, 0x9b, 0x80, 0x6b, 0xff, 0xe1,
    0xfe, 0xfb, 0xfb, 0xfa, 0xa3, 0x98, 0xca, 0xfe, 0x9c, 0x81, 0x6c, 0x33,
    0xc0, 0xfe, 0xbf, 0xae, 0xa1, 0x17, 0xc0, 0xfe, 0xa8, 0x90, 0x7d, 0x33,
    0xc5, 0xa3, 0x87, 0x17, 0xc0, 0xfe, 0xc9, 0xbb, 0xb0, 0x33, 0xc7, 0x02,
    0xfe, 0xc8, 0xb9, 0xad, 0xfe, 0xf8, 0xf6, 0xf5, 0x17, 0xc2, 0x27, 0xfe,
    0xd3, 0xc7, 0xbe, 0xfe, 0x9f, 0x85, 0x71, 0x33, 0xcc, 0xbc, 0xc2, 0xfe,
    0xfe, 0xfe, 0xfe, 0xc0, 0xfe, 0xb6, 0xa2, 0x92, 0x33, 0xc4, 0xfe, 0xc0,
    0xaf, 0xa1, 0x17, 0xc0, 0xfe, 0xa6, 0x8e, 0x7c, 0x33, 0xc3, 0xfe, 0xb6,
    0xa2, 0x93, 0xfe, 0xef, 0xea, 0xe7, 0x17, 0xc3, 0xfe, 0xe2, 0xda, 0xd4,
    0xfe, 0xa8, 0x90, 0x7e, 0x33, 0xcd, 0xb8, 0xc3, 0xfe, 0xef, 0xeb, 0xe7,
    0xb3, 0xc4, 0xc2, 0x96, 0x6a, 0xfe, 0xc7, 0xb8, 0xac, 0xfe, 0x9c, 0x81,
    0x6d, 0xfe, 0xf9, 0xf8, 0xf6, 0x17, 0xfe, 0xd1, 0xc4, 0xba, 0x33, 0xc3,
    0x3a, 0x17, 0xc0, 0x11, 0x33, 0xc3, 0xb4, 0xb4, 0xfe, 0xed, 0xe8, 0xe4,
    0x17, 0xc2, 0x8e, 0x5c, 0xfe, 0xb9, 0xa6, 0x97, 0x85, 0x4e, 0x17, 0xc0,
    0xfe, 0xc2, 0xb2, 0xa5, 0x33, 0xc1, 0xfe, 0xb8, 0xa5, 0x96, 0xfe, 0xe0,
    0xd7, 0xd1, 0x27, 0x17, 0xc3, 0x82, 0x3e, 0xfe, 0xb2, 0x9d, 0x8c, 0x33,
    0xc4, 0xfe, 0xc4, 0xb5, 0xa8, 0xfe, 0xf8, 0xf7, 0xf5, 0x17, 0xc2, 0xfe,
    0xc6, 0xb6, 0xaa, 0x33, 0xc2, 0x08, 0xfe, 0xe4, 0xdc, 0xd7, 0xfe, 0xfd,
    0xfd, 0xfd, 0x17, 0xc2, 0x08, 0x82, 0x2f, 0x2c, 0xfe, 0xa0, 0x86, 0x72,
    0x33, 0xcb, 0x10, 0x02, 0x17, 0xc2, 0x97, 0x7a, 0xfe, 0xc7, 0xb8, 0xac,
    0xfe, 0xa1, 0x88, 0x74, 0x17, 0xc0, 0xfe, 0xc6, 0xb7, 0xab, 0xfe, 0x9b,
    0x80, 0x6b, 0xc3, 0x7f, 0xfe, 0xc2, 0xb1, 0xa4, 0xfe, 0xef, 0xea, 0xe7,
    0x17, 0xc3, 0x9a, 0x79, 0xfe, 0xdc, 0xd3, 0xcc, 0xfe, 0xb7, 0xa4, 0x95,
    0x33, 0xcb, 0x3c, 0x17, 0x9b, 0x79, 0x33, 0xc7, 0xb9, 0xc3, 0xfe, 0xfb,
    0xfa, 0xf9, 0x17, 0x9e, 0x78, 0xfe, 0xb3, 0x9f, 0x8f, 0x33, 0xb7, 0xc3,
    0x17, 0xc0, 0x2b, 0x33, 0xca, 0xb5, 0xb3, 0x17, 0xc0, 0xfe, 0xb6, 0xa3,
    0x93, 0x33, 0xc9, 0xbe, 0xd2, 0xfe, 0xfe, 0xfe, 0xfe, 0xc0, 0x03, 0x33,
    0xd2, 0xff, 0x9b, 0x80, 0x6b, 0xd4, 0xff, 0x99, 0x80, 0x68, 0x2a, 0x33,
    0xfd, 0xcd, 0xa4, 0x97, 0xbd, 0xd2, 0xb3, 0xa4, 0xa1, 0x98, 0x07, 0x20,
    0x33, 0xe3, 0x13, 0xb7, 0xc3, 0xa6, 0x86, 0x96, 0x7b, 0x84, 0x3e, 0x33,
    0xd0, 0xa2, 0x88, 0xbe, 0xd1, 0xb3, 0xc4, 0x24, 0x8d, 0x5b, 0x84, 0x4f,
    0x33, 0xc8, 0xaa, 0xa6, 0x17, 0xc0, 0xfe, 0xc7, 0xb8, 0xac, 0x33, 0xc4,
    0xa1, 0x98, 0x13, 0xb5, 0xb4, 0x3e, 0x13, 0x05, 0x33, 0xc8, 0xa3, 0x98,
    0xb7, 0xb2, 0xad, 0xa6, 0xa4, 0x97, 0x98, 0x7a, 0x89, 0x4c, 0x33, 0xc7,
    0x23, 0xba, 0xb2, 0x07, 0x97, 0x7a, 0x8c, 0x4c, 0x33, 0xc5, 0xa8, 0xa7,
    0x31, 0x0e, 0x55, 0x94, 0x6b, 0x09, 0x33, 0xd0, 0xb6, 0xc4, 0xbb, 0xc1,
    0x1c, 0x21, 0x81, 0x3f, 0x33, 0xcb, 0xaf, 0xb5, 0xb5, 0xb4, 0xa8, 0x95,
    0x9c, 0x79, 0x04, 0x14, 0x33, 0xfd, 0xd8, 0xff, 0x9b, 0x80, 0x6b, 0xd4,
    0xff, 0x99, 0x80, 0x68, 0x2a, 0xff, 0x9b, 0x80, 0x6b, 0xff, 0xfd, 0xfd,
    0xe1, 0xbb, 0xc2, 0xfe, 0xfe, 0xfe, 0xfe, 0xc0, 0xfe, 0xc0, 0xaf, 0xa1,
    0x33, 0xfd, 0xfd, 0xfb, 0xff, 0x9b, 0x80, 0x6b, 0xd4, 0x35, 0x33, 0xfd,
    0xfd, 0xdc, 0x7f, 0x33, 0xc2, 0xfe, 0xd8, 0xcd, 0xc5, 0x17, 0xc0, 0xfe,
    0xac, 0x95, 0x84, 0x33, 0xfd, 0xfd, 0xfb, 0x1a, 0xff, 0x99, 0x80, 0x68,
    0x2a, 0xff, 0x9b, 0x80, 0x6b, 0xff, 0xfd, 0xfd, 0xdc, 0xfe, 0xb5, 0xa1,
    0x91, 0xfe, 0xee, 0xe9, 0xe6, 0x80, 0x2e, 0x9c, 0x79, 0xbc, 0xd3, 0xbd,
    0xd1, 0xc0, 0x84, 0x3e, 0x33, 0xfd, 0xfd, 0xfc, 0xff, 0x9b, 0x80, 0x6b,
    0xd4, 0x35, 0x33, 0xfd, 0xfd, 0xdc, 0x00, 0x17, 0xc3, 0x92, 0x6b, 0xfe,
    0xa9, 0x92, 0x80, 0x33, 0xfd, 0xfd, 0xfc, 0x1a, 0xff, 0x99, 0x80, 0x68,
    0x2a, 0xff, 0x9b, 0x80, 0x6b, 0xff, 0xfd, 0xfd, 0xdc, 0xaf, 0xb5, 0xfe,
    0xd7, 0xcc, 0xc4, 0xb3, 0xb4, 0xaa, 0x95, 0x28, 0xfe, 0xcc, 0xbe, 0xb3,
    0xfe, 0xa2, 0x89, 0x75, 0x33, 0xfd, 0xfd, 0xfd, 0xff, 0x9b, 0x80, 0x6b,
    0xd4, 0x35, 0x33, 0xfd, 0xfd, 0xfd, 0xfd, 0xfd, 0xe4, 0x1a, 0xff, 0x99,
    0x80, 0x68, 0x2a, 0xff, 0x9b, 0x80, 0x6b, 0xff, 0xfd, 0xfd, 0xfd, 0xfd,
    0xfd, 0xe4, 0xff, 0x9b, 0x80, 0x6b, 0xd4, 0x35, 0x33, 0xfd, 0xe3, 0xfe,
    0xb4, 0xa0, 0x91, 0x46, 0x33, 0xc0, 0xb0, 0xa5, 0xb8, 0xc2, 0x33, 0xfd,
    0xd5, 0xa4, 0x98, 0xfe, 0xef, 0xeb, 0xe8, 0x9c, 0x79, 0xfe, 0xa0, 0x86,
    0x72, 0x33, 0xfd, 0xfd, 0xdc, 0x1a, 0xff, 0x99, 0x80, 0x68, 0x2a, 0xff,
    0x9b, 0x80, 0x6b, 0xff, 0xea, 0xbe, 0xd2, 0x9b, 0x79, 0x33, 0xc5, 0xaf,
    0xb5, 0xb1, 0xa4, 0x86, 0x4e, 0x33, 0xcf, 0xad, 0xb6, 0xbd, 0xc1, 0x88,
    0x4e, 0x33, 0xd4, 0xfe, 0xd1, 0xc5, 0xbb, 0xfe, 0xfb, 0xfa, 0xf9, 0xa3,
    0x87, 0xfe, 0xdf, 0xd6, 0xd0, 0xfe, 0xa2, 0x88, 0x75, 0xfe, 0xd0, 0xc3,
    0xb9, 0xaf, 0xb5, 0x33, 0xec, 0xab, 0xa6, 0x3f, 0x8b, 0x4c, 0x33, 0xe2,
    0xfe, 0xc2, 0xb2, 0xa5, 0xfe, 0xfe, 0xfe, 0xfe, 0xfe, 0xb9, 0xa6, 0x97,
    0x33, 0xcc, 0xa7, 0x97, 0x3f, 0x13, 0x33, 0xc6, 0xfe, 0xba, 0xa7, 0x98,
    0xfe, 0xed, 0xe9, 0xe5, 0xfe, 0xab, 0x94, 0x83, 0x33, 0xd6, 0xfe, 0xbd,
    0xab, 0x9d, 0x2c, 0xfe, 0xa8, 0x90, 0x7e, 0x33, 0xd0, 0xaa, 0x96, 0xb6,
    0xc3, 0xc1, 0x40, 0x0f, 0x8e, 0x4c, 0x33, 0xc3, 0xad, 0xa5, 0x31, 0xc1,
    0x9c, 0x79, 0x27, 0x33, 0xc2, 0xa3, 0x87, 0x31, 0xc0, 0x09, 0x33, 0xc3,
    0xac, 0xa5, 0x31, 0x1a, 0x33, 0xee, 0xff, 0x9b, 0x80, 0x6b, 0xd4, 0xff,
    0x99, 0x80, 0x68, 0x2a, 0x33, 0xea, 0xfe, 0xe6, 0xdf, 0xd9, 0xba, 0xd2,
    0xfe, 0x9f, 0x85, 0x71, 0x33, 0xc4, 0xfe, 0xe0, 0xd7, 0xd1, 0x10, 0x3a,
    0x33, 0xcf, 0xfe, 0xbb, 0xa9, 0x9a, 0xfe, 0xfe, 0xfe, 0xfe, 0xfe, 0xc7,
    0xb8, 0xac, 0x33, 0xd3, 0x19, 0xfe, 0xfb, 0xfa, 0xf9, 0xfe, 0xac, 0x95,
    0x84, 0x6e, 0xfe, 0xf2, 0xef, 0xec, 0xae, 0xb5, 0x45, 0x13, 0x33, 0xec,
    0xfe, 0xb5, 0xa1, 0x91, 0x17, 0xfe, 0xcd, 0xc0, 0xb6, 0x33, 0xc0, 0xfe,
    0xbd, 0xac, 0x9e, 0xfe, 0xea, 0xe5, 0xe0, 0xfe, 0xa6, 0x8d, 0x7b, 0x33,
    0xdd, 0xfe, 0xee, 0xea, 0xe6, 0x84, 0x4f, 0x33, 0xcd, 0x14, 0x17, 0xfe,
    0xd7, 0xcc, 0xc3, 0x33, 0xc6, 0xfe, 0xc0, 0xaf, 0xa2, 0x17, 0xfe, 0xaf,
    0x99, 0x88, 0x33, 0xd6, 0xfe, 0xc4, 0xb4, 0xa8, 0x17, 0xfe, 0xab, 0x94,
    0x82, 0x33, 0xd0, 0xfe, 0xba, 0xa8, 0x99, 0x17, 0xc3, 0x97, 0x7a, 0xfe,
    0xc3, 0xb3, 0xa7, 0x33, 0xc2, 0x0d, 0x17, 0xc3, 0x34, 0xfe, 0xb0, 0x9a,
    0x8a, 0x33, 0xc0, 0x18, 0x17, 0xc0, 0xfe, 0xcc, 0xbe, 0xb3, 0x33, 0xc3,
    0xfe, 0xdc, 0xd3, 0xcc, 0x17, 0x1f, 0x33, 0xee, 0x1a, 0xff, 0x99, 0x80,
    0x68, 0x2a, 0xff, 0x9b, 0x80, 0x6b, 0xff, 0xea, 0xfe, 0xc4, 0xb4, 0xa7,
    0xfe, 0xfe, 0xfe, 0xfe, 0xfe, 0xbd, 0xab, 0x9d, 0x33, 0xc3, 0xa7, 0x97,
    0xfe, 0xfb, 0xfb, 0xfa, 0xfe, 0xdc, 0xd2, 0xcb, 0x33, 0xd0, 0xb0, 0xb5,
    0x0a, 0x83, 0x4e, 0x33, 0xd3, 0xa4, 0x98, 0xfe, 0xbe, 0xad, 0x9f, 0x33,
    0xc0, 0xa6, 0x97, 0xbf, 0xd1, 0x8d, 0x5c, 0x33, 0xed, 0xad, 0xb6, 0x0a,
    0x86, 0x4d, 0x33, 0xc0, 0xfe, 0xc6, 0xb7, 0xab, 0xfe, 0xfe, 0xfe, 0xfe,
    0xfe, 0xa8, 0x91, 0x7f, 0x8f, 0x5c, 0xdc, 0xa9, 0x96, 0xfe, 0xc6, 0xb7,
    0xab, 0xfe, 0xa1, 0x87, 0x74, 0x99, 0x69, 0xcd, 0xa8, 0xa7, 0x0a, 0x8b,
    0x5c, 0x33, 0xc6, 0xfe, 0xc0, 0xaf, 0xa2, 0x17, 0xfe, 0xaf, 0x99, 0x88,
    0x33, 0xd6, 0xfe, 0xc4, 0xb4, 0xa8, 0x17, 0xfe, 0xab, 0x94, 0x82, 0x33,
    0xd0, 0xfe, 0xba, 0xa8, 0x99, 0x17, 0xfe, 0xcf, 0xc2, 0xb8, 0x82, 0x3e,
    0x38, 0x0d, 0xfe, 0xf1, 0xed, 0xea, 0x17, 0xfe, 0xbb, 0xa9, 0x9b, 0x33,
    0xc1, 0x0d, 0x17, 0xfe, 0xc8, 0xb9, 0xad, 0x29, 0x1e, 0xb9, 0xd3, 0xfe,
    0xfa, 0xf9, 0xf8, 0x55, 0x1f, 0x33, 0xac, 0xa5, 0x17, 0x9c, 0x79, 0x99,
    0x7a, 0xfe, 0x9e, 0x83, 0x6f, 0x33, 0xc1, 0x31, 0xfe, 0xfd, 0xfc, 0xfc,
    0x1f, 0xc0, 0x33, 0xee, 0xff, 0x9b, 0x80, 0x6b, 0xd4, 0xff, 0x99, 0x80,
    0x68, 0x2a, 0x33, 0xea, 0xaa, 0xa6, 0xfe, 0xfd, 0xfd, 0xfc, 0xfe, 0xde,
    0xd5, 0xce, 0x33, 0xc3, 0xfe, 0xbf, 0xad, 0xa0, 0x17, 0xfe, 0xba, 0xa7,
    0x99, 0x33, 0xc0, 0xa1, 0x98, 0xae, 0xa5, 0xa5, 0x97, 0x97, 0x6a, 0x33,
    0xd1, 0x10, 0x0c, 0x08, 0x05, 0x33, 0xc5, 0xa5, 0x97, 0xac, 0xa6, 0x98,
    0x69, 0x33, 0xc3, 0x2a, 0x0c, 0x2e, 0x23, 0x33, 0xc5, 0x2f, 0xae, 0xb5,
    0x96, 0x6a, 0x33, 0xcc, 0x7f, 0x0c, 0x2e, 0x33, 0xc1, 0x02, 0xb2, 0xb4,
    0x56, 0x33, 0xd2, 0xfe, 0xc6, 0xb7, 0xab, 0x17, 0xfe, 0xa8, 0x91, 0x7f,
    0x8f, 0x5c, 0xc4, 0x23, 0xb2, 0xb4, 0x0c, 0x02, 0x33, 0xd1, 0x23, 0x2e,
    0x3d, 0x95, 0x6a, 0x33, 0xc6, 0x05, 0x0c, 0x1f, 0x33, 0xca, 0xb0, 0xb5,
    0xa7, 0x96, 0x3a, 0x06, 0xfe, 0xfe, 0xfe, 0xfe, 0x13, 0x33, 0xc1, 0x02,
    0xad, 0xb5, 0x0f, 0x27, 0x33, 0xcc, 0x1f, 0x35, 0x32, 0x0d, 0x17, 0x0c,
    0x33, 0xc1, 0x02, 0x39, 0x0f, 0x98, 0x6a, 0x33, 0xc9, 0xfe, 0xba, 0xa8,
    0x99, 0x17, 0xfe, 0xbc, 0xaa, 0x9c, 0x33, 0xc1, 0xb0, 0xb5, 0xfe, 0xfe,
    0xfe, 0xfd, 0xfe, 0xe2, 0xda, 0xd4, 0x33, 0xc1, 0x0d, 0xfe, 0xfe, 0xfe,
    0xfe, 0xfe, 0xb2, 0x9e, 0x8e, 0x33, 0xc1, 0xfe, 0xbb, 0xa9, 0x9a, 0x17,
    0xfe, 0xd1, 0xc4, 0xbb, 0x33, 0x18, 0x17, 0xfe, 0xd7, 0xcc, 0xc4, 0x17,
    0xfe, 0xc1, 0xb1, 0xa4, 0x33, 0xc1, 0xfe, 0xcf, 0xc2, 0xb8, 0xfe, 0xf4,
    0xf1, 0xee, 0x88, 0x5d, 0xfe, 0xfb, 0xfa, 0xf9, 0x33, 0xee, 0xff, 0x9b,
    0x80, 0x6b, 0xd4, 0xff, 0x99, 0x80, 0x68, 0x2a, 0xff, 0x9b, 0x80, 0x6b,
    0xff, 0xeb, 0xfe, 0xe3, 0xdc, 0xd6, 0xbe, 0xd2, 0xfe, 0x9f, 0x85, 0x71,
    0x33, 0xc2, 0xfe, 0xe0, 0xd8, 0xd1, 0xbf, 0xe2, 0xfe, 0x9e, 0x83, 0x6f,
    0x33, 0xfe, 0xcd, 0xc0, 0xb6, 0x1f, 0xa4, 0x97, 0xc1, 0x8e, 0x5c, 0xfe,
    0xb6, 0xa2, 0x92, 0x33, 0xc1, 0xfe, 0xcd, 0xbf, 0xb4, 0xfe, 0xf8, 0xf7,
    0xf5, 0xfe, 0xa1, 0x88, 0x74, 0xfe, 0xca, 0xbc, 0xb0, 0xfe, 0xef, 0xea,
    0xe7, 0xaa, 0x95, 0xfe, 0xb4, 0x9f, 0x8f, 0x9c, 0x78, 0x2f, 0xfe, 0xbb,
    0xa9, 0x9a, 0x33, 0xc0, 0x0f, 0x09, 0x17, 0xc1, 0x98, 0x7a, 0xfe, 0xc9,
    0xbb, 0xb0, 0x33, 0xc2, 0xa8, 0xa7, 0xfe, 0xda, 0xd0, 0xc9, 0xfe, 0xfc,
    0xfb, 0xfa, 0x17, 0xc0, 0x8a, 0x4d, 0xfe, 0xba, 0xa7, 0x99, 0x33, 0xae,
    0xa5, 0xfe, 0xf2, 0xef, 0xec, 0x17, 0xc1, 0x9d, 0x78, 0xfe, 0xd7, 0xcc,
    0xc4, 0xfe, 0x9e, 0x84, 0x70, 0x33, 0xc1, 0xa7, 0x97, 0xfe, 0xdc, 0xd3,
    0xcc, 0xfe, 0xfd, 0xfd, 0xfd, 0x17, 0xc0, 0x81, 0x3f, 0xfe, 0xa8, 0x90,
    0x7e, 0x33, 0xc7, 0x1e, 0xfe, 0xf1, 0xee, 0xeb, 0xfe, 0xb7, 0xa3, 0x94,
    0xfe, 0xf1, 0xed, 0xea, 0xb1, 0xb4, 0xc0, 0x83, 0x3e, 0x2a, 0xfe, 0xbc,
    0xaa, 0x9c, 0xfe, 0xf3, 0xf0, 0xee, 0x17, 0xc0, 0x89, 0x4d, 0xfe, 0xa4,
    0x8b, 0x78, 0x95, 0x6a, 0xc0, 0x18, 0x2f, 0xfe, 0xcb, 0xbd, 0xb2, 0x33,
    0xc2, 0xfe, 0xe9, 0xe3, 0xdf, 0x94, 0x5a, 0x33, 0xc0, 0xb3, 0xb4, 0x2f,
    0xfe, 0xc1, 0xb0, 0xa3, 0x33, 0xfe, 0xc8, 0xba, 0xae, 0x1f, 0x17, 0x9a,
    0x69, 0x2f, 0xc0, 0xfe, 0xbd, 0xac, 0x9e, 0x33, 0xc0, 0xfe, 0xc6, 0xb7,
    0xab, 0x39, 0x17, 0xc0, 0x93, 0x6b, 0xfe, 0xbb, 0xa8, 0x9a, 0xfe, 0x9b,
    0x80, 0x6b, 0xc7, 0xfe, 0xb9, 0xa6, 0x97, 0x2f, 0xfe, 0xb3, 0x9e, 0x8e,
    0xaf, 0xb5, 0x20, 0xb1, 0xa4, 0xfe, 0xc6, 0xb7, 0xab, 0xfe, 0x9b, 0x80,
    0x6b, 0xfe, 0xdf, 0xd6, 0xd0, 0xfe, 0xfd, 0xfd, 0xfc, 0x17, 0xc1, 0x83,
    0x3f, 0x3d, 0x33, 0xc1, 0x2c, 0xae, 0x94, 0xfe, 0xc1, 0xb0, 0xa2, 0xfe,
    0xf4, 0xf2, 0xef, 0x17, 0xc0, 0x25, 0xfe, 0xa5, 0x8d, 0x7a, 0x33, 0xc0,
    0xa8, 0x96, 0xfe, 0xf8, 0xf7, 0xf5, 0x37, 0x33, 0xc1, 0xb4, 0xc4, 0xfe,
    0xea, 0xe5, 0xe0, 0x17, 0xc0, 0x1f, 0x8b, 0x5d, 0x17, 0xfe, 0xaf, 0x99,
    0x88, 0x33, 0xc0, 0xfe, 0xc4, 0xb4, 0xa8, 0xfe, 0xf9, 0xf8, 0xf7, 0x17,
    0xc1, 0x93, 0x5b, 0x3f, 0x33, 0xc8, 0xb7, 0xc3, 0xfe, 0xec, 0xe7, 0xe3,
    0x17, 0xc0, 0x9b, 0x79, 0x8d, 0x5c, 0x17, 0xfe, 0xab, 0x94, 0x82, 0x33,
    0xc0, 0xfe, 0xc8, 0xb9, 0xad, 0x10, 0x17, 0xc1, 0x91, 0x6b, 0xfe, 0xba,
    0xa7, 0x99, 0x33, 0xc7, 0xfe, 0xba, 0xa8, 0x99, 0x17, 0x3f, 0x33, 0xc2,
    0x09, 0x34, 0x33, 0xc1, 0x0d, 0x17, 0xfe, 0xb2, 0x9e, 0x8e, 0x33, 0xc1,
    0xa4, 0x97, 0x17, 0x31, 0x33, 0xac, 0xa5, 0x17, 0xfe, 0xc7, 0xb8, 0xac,
    0xfe, 0xe2, 0xdb, 0xd5, 0xae, 0xa5, 0x33, 0xc0, 0xa4, 0x98, 0xfe, 0xf7,
    0xf5, 0xf3, 0xfe, 0xc9, 0xbb, 0xb0, 0x31, 0x1f, 0x33, 0xee, 0xff, 0x9b,
    0x80, 0x6b, 0xd4, 0xff, 0x99, 0x80, 0x68, 0x2a, 0x33, 0xeb, 0xfe, 0xc1,
    0xb1, 0xa4, 0x17, 0xfe, 0xbd, 0xab, 0x9d, 0x33, 0xc1, 0xa7, 0x97, 0xfe,
    0xfb, 0xfb, 0xfa, 0xfe, 0xd9, 0xcf, 0xc8, 0x33, 0xc0, 0xfe, 0xd4, 0xc8,
    0xbf, 0xa6, 0x96, 0x12, 0x97, 0x7a, 0xae, 0xa4, 0xfe, 0xf2, 0xee, 0xeb,
    0x10, 0xfe, 0xa4, 0x8c, 0x79, 0x33, 0xc0, 0xfe, 0xd0, 0xc3, 0xba, 0x17,
    0x15, 0x10, 0x87, 0x4d, 0xa2, 0x88, 0xfe, 0xb4, 0xa0, 0x90, 0x9d, 0x79,
    0x17, 0xfe, 0xbd, 0xac, 0x9e, 0x33, 0xc0, 0x3f, 0xfe, 0xe1, 0xd9, 0xd3,
    0xfe, 0xc6, 0xb7, 0xab, 0x19, 0xa6, 0x97, 0xfe, 0xe4, 0xdc, 0xd7, 0x17,
    0x3f, 0xfe, 0x9b, 0x80, 0x6b, 0xc0, 0xa3, 0x98, 0x3e, 0x2e, 0xfe, 0xd1,
    0xc4, 0xbb, 0x87, 0x3d, 0xaf, 0xa4, 0xfe, 0xee, 0xea, 0xe6, 0x86, 0x5e,
    0x33, 0x3d, 0xfe, 0xe8, 0xe2, 0xdd, 0xfe, 0xcb, 0xbd, 0xb2, 0x8b, 0x5d,
    0x3f, 0x35, 0x17, 0x22, 0x33, 0xc1, 0xfe, 0xe3, 0xdb, 0xd5, 0xfe, 0xfd,
    0xfc, 0xfc, 0xfe, 0xce, 0xc0, 0xb6, 0x21, 0xb4, 0xb3, 0xfe, 0xf7, 0xf6,
    0xf4, 0x97, 0x7b, 0xfe, 0xa0, 0x86, 0x72, 0x9a, 0x79, 0xc6, 0xfe, 0xdb,
    0xd1, 0xca, 0xfe, 0xfd, 0xfd, 0xfd, 0x2e, 0x35, 0x86, 0x3e, 0xb9, 0xd3,
    0x17, 0x8d, 0x5c, 0x00, 0xfe, 0xd9, 0xce, 0xc6, 0x85, 0x4d, 0x2d, 0x17,
    0xfe, 0xd6, 0xcb, 0xc2, 0x33, 0xc0, 0xa7, 0xa7, 0x17, 0x39, 0x33, 0xc2,
    0x3b, 0x93, 0x6b, 0x33, 0xc0, 0x0f, 0x17, 0x0a, 0x33, 0xbd, 0xc2, 0xfe,
    0xe0, 0xd8, 0xd2, 0x17, 0x31, 0x37, 0xc0, 0xfe, 0xac, 0x96, 0x84, 0x33,
    0xfe, 0xc2, 0xb2, 0xa5, 0x17, 0x03, 0xfe, 0xba, 0xa7, 0x98, 0x3f, 0xfe,
    0xe9, 0xe3, 0xdf, 0xba, 0xc2, 0xfe, 0xb4, 0xa0, 0x90, 0x33, 0xc6, 0x28,
    0x17, 0x15, 0x08, 0x87, 0x3d, 0x9b, 0x7a, 0xfe, 0xc6, 0xb6, 0xaa, 0x33,
    0xfe, 0xe2, 0xda, 0xd4, 0x8d, 0x5c, 0x86, 0x3d, 0x1e, 0x37, 0xfe, 0xf9,
    0xf8, 0xf6, 0x0d, 0x33, 0xc1, 0x02, 0xfe, 0xfe, 0xfe, 0xfd, 0x01, 0x26,
    0x8b, 0x5c, 0x2d, 0xfe, 0xfe, 0xfe, 0xfe, 0x07, 0x33, 0xc0, 0x2a, 0x17,
    0xfe, 0xcd, 0xbf, 0xb5, 0x33, 0xc0, 0xa9, 0xa7, 0xfe, 0xf5, 0xf2, 0xf0,
    0xa6, 0x86, 0xfe, 0xce, 0xc1, 0xb7, 0x8d, 0x5c, 0xae, 0xa5, 0xfe, 0xef,
    0xea, 0xe7, 0x17, 0xfe, 0xaf, 0x99, 0x88, 0x33, 0xc0, 0xfe, 0xcb, 0xbd,
    0xb2, 0xb5, 0xb3, 0x2c, 0x16, 0xaa, 0xa6, 0xfe, 0xed, 0xe8, 0xe4, 0x08,
    0xfe, 0xac, 0x95, 0x84, 0x33, 0xc6, 0x18, 0xfe, 0xf7, 0xf5, 0xf3, 0xa1,
    0x98, 0xfe, 0xcd, 0xbf, 0xb4, 0x8f, 0x5b, 0xb0, 0xb4, 0x1c, 0x17, 0xfe,
    0xab, 0x94, 0x82, 0x33, 0xc0, 0xfe, 0xce, 0xc0, 0xb6, 0xb0, 0xb4, 0x81,
    0x2f, 0x96, 0x6a, 0x2c, 0x05, 0x00, 0xfe, 0xa9, 0x91, 0x7f, 0x33, 0xc6,
    0xfe, 0xba, 0xa8, 0x99, 0x17, 0x3f, 0x33, 0xc1, 0xa7, 0x97, 0xfe, 0xfd,
    0xfd, 0xfc, 0xfe, 0xde, 0xd5, 0xce, 0x33, 0xc1, 0xfe, 0xc4, 0xb4, 0xa8,
    0x17, 0xfe, 0xb2, 0x9e, 0x8e, 0x33, 0xc1, 0xab, 0xa6, 0x17, 0xfe, 0xdb,
    0xd1, 0xc9, 0x33, 0xac, 0xa5, 0x17, 0xfe, 0xc7, 0xb8, 0xac, 0x8b, 0x4c,
    0xfe, 0xfe, 0xfe, 0xfe, 0xfe, 0xb7, 0xa4, 0x95, 0x33, 0x24, 0xfe, 0xfa,
    0xf9, 0xf8, 0xfe, 0xa2, 0x88, 0x75, 0xfe, 0xdf, 0xd7, 0xd0, 0x1f, 0x33,
    0xee, 0xff, 0x9b, 0x80, 0x6b, 0xd4, 0xff, 0x99, 0x80, 0x68, 0x2a, 0xff,
    0x9b, 0x80, 0x6b, 0xff, 0xeb, 0xa8, 0xa7, 0xfe, 0xfc, 0xfc, 0xfb, 0xfe,
    0xde, 0xd5, 0xce, 0x33, 0xc1, 0xfe, 0xbf, 0xae, 0xa0, 0xfe, 0xfe, 0xfe,
    0xfe, 0xfe, 0xb7, 0xa4, 0x95, 0x33, 0xc5, 0xfe, 0xb5, 0xa1, 0x91, 0x17,
    0xfe, 0xbf, 0xad, 0xa0, 0x33, 0xc0, 0xfe, 0xd0, 0xc3, 0xba, 0x17, 0xfe,
    0xd7, 0xcc, 0xc4, 0xfe, 0xa1, 0x88, 0x74, 0x33, 0xc1, 0xbd, 0xc2, 0x17,
    0xfe, 0xbd, 0xac, 0x9e, 0x33, 0xc5, 0xa4, 0x97, 0xfe, 0xf9, 0xf8, 0xf6,
    0xfe, 0xdb, 0xd1, 0xc9, 0x33, 0xc0, 0xfe, 0xc4, 0xb5, 0xa8, 0x17, 0x34,
    0x33, 0xc1, 0xa1, 0x98, 0xbc, 0xc2, 0x33, 0xc5, 0xfe, 0xe8, 0xe2, 0xde,
    0xa8, 0x97, 0x33, 0xc0, 0xfe, 0xb4, 0xa0, 0x91, 0x17, 0xfe, 0xc9, 0xba,
    0xaf, 0x33, 0xc1, 0xfe, 0xb6, 0xa2, 0x93, 0x17, 0xfe, 0xc8, 0xb9, 0xad,
    0x33, 0xc6, 0xfe, 0xdb, 0xd1, 0xca, 0xfe, 0xfb, 0xfa, 0xf9, 0xfe, 0xad,
    0x97, 0x86, 0x33, 0xc1, 0xfe, 0xec, 0xe7, 0xe3, 0xb2, 0xb4, 0xfe, 0xae,
    0x98, 0x87, 0x33, 0xc1, 0xfe, 0xeb, 0xe5, 0xe1, 0xa8, 0x96, 0x33, 0xc0,
    0xa7, 0xa7, 0x17, 0xfe, 0xce, 0xc0, 0xb6, 0x33, 0xc2, 0xfe, 0xee, 0xea,
    0xe6, 0x93, 0x6b, 0x33, 0xc0, 0xb4, 0xc4, 0x17, 0xfe, 0xc4, 0xb4, 0xa7,
    0x33, 0xc0, 0xfe, 0xc6, 0xb7, 0xab, 0x17, 0xfe, 0xa8, 0x91, 0x7f, 0x8f,
    0x5c, 0xc1, 0xa2, 0x98, 0xfe, 0xf6, 0xf3, 0xf1, 0x8f, 0x6b, 0xfe, 0x9c,
    0x81, 0x6c, 0x33, 0xc0, 0xa6, 0x97, 0xfe, 0xf4, 0xf1, 0xef, 0x91, 0x5b,
    0x33, 0xc6, 0xfe, 0xbb, 0xa8, 0x9a, 0x17, 0x81, 0x2f, 0xfe, 0xa8, 0x90,
    0x7e, 0x33, 0xc7, 0xfe, 0xc9, 0xba, 0xaf, 0xfe, 0xfe, 0xfe, 0xfe, 0xfe,
    0xab, 0x94, 0x82, 0x33, 0xc0, 0xfe, 0xe4, 0xdc, 0xd7, 0x01, 0xfe, 0xa6,
    0x8d, 0x7b, 0x33, 0xc1, 0xfe, 0xd8, 0xcd, 0xc5, 0x17, 0xfe, 0xaa, 0x93,
    0x81, 0x33, 0x2a, 0x17, 0xfe, 0xcd, 0xbf, 0xb5, 0x33, 0xc0, 0xfe, 0xcf,
    0xc1, 0xb7, 0x17, 0xfe, 0xb4, 0x9f, 0x8f, 0x33, 0xc1, 0xfe, 0xc0, 0xaf,
    0xa2, 0x17, 0xfe, 0xaf, 0x99, 0x88, 0x33, 0xc5, 0x3d, 0x17, 0xfe, 0xc9,
    0xbb, 0xaf, 0x33, 0xc6, 0xfe, 0xd2, 0xc6, 0xbd, 0xfe, 0xfe, 0xfe, 0xfd,
    0xfe, 0xb1, 0x9b, 0x8b, 0x33, 0xc1, 0xfe, 0xc4, 0xb4, 0xa8, 0x17, 0x0c,
    0x33, 0xc5, 0x04, 0x17, 0xfe, 0xc5, 0xb6, 0xa9, 0x33, 0xc6, 0xfe, 0xba,
    0xa8, 0x99, 0x17, 0xfe, 0xbc, 0xaa, 0x9c, 0x33, 0xc0, 0xa2, 0x98, 0xfe,
    0xd7, 0xcc, 0xc4, 0x17, 0xfe, 0xb7, 0xa3, 0x94, 0x33, 0xc1, 0x0d, 0x17,
    0xfe, 0xb2, 0x9e, 0x8e, 0x33, 0xc1, 0x08, 0x17, 0x2f, 0x33, 0xac, 0xa5,
    0x17, 0xfe, 0xc7, 0xb8, 0xac, 0x33, 0xfe, 0xee, 0xe9, 0xe6, 0x93, 0x6b,
    0x33, 0xfe, 0xed, 0xe8, 0xe4, 0x81, 0x3e, 0x33, 0xfe, 0xdf, 0xd7, 0xd0,
    0xfe, 0xfb, 0xfa, 0xf9, 0x33, 0xee, 0xff, 0x9b, 0x80, 0x6b, 0xd4, 0xff,
    0x99, 0x80, 0x68, 0x2a, 0x33, 0xec, 0xfe, 0xe1, 0xd9, 0xd3, 0x1f, 0x09,
    0x33, 0xc0, 0xfe, 0xe0, 0xd8, 0xd2, 0xbd, 0xc2, 0x14, 0x33, 0xc1, 0x7f,
    0xb9, 0xc2, 0x06, 0xad, 0xa5, 0x1e, 0x17, 0xfe, 0xc6, 0xb6, 0xaa, 0x33,
    0xc0, 0xfe, 0xd0, 0xc3, 0xba, 0x17, 0xfe, 0x9f, 0x85, 0x71, 0x33, 0xc2,
    0xbd, 0xc2, 0x17, 0x16, 0x33, 0xc2, 0xb1, 0xb5, 0xba, 0xc2, 0xaf, 0xa4,
    0xa8, 0xa7, 0xfe, 0xf8, 0xf7, 0xf5, 0x83, 0x4f, 0x33, 0xc0, 0xfe, 0xe3,
    0xdb, 0xd5, 0x01, 0x02, 0x33, 0xc6, 0xab, 0xa6, 0xbc, 0xc2, 0xb0, 0xb4,
    0xaa, 0xa6, 0xfe, 0xef, 0xeb, 0xe8, 0xa8, 0x97, 0xfe, 0x9b, 0x80, 0x6b,
    0xc0, 0xfe, 0xd1, 0xc4, 0xbb, 0x17, 0x10, 0x33, 0xc2, 0xfe, 0xf4, 0xf1,
    0xee, 0x07, 0x33, 0xc6, 0xfe, 0xdb, 0xd1, 0xca, 0xfe, 0xf7, 0xf5, 0xf4,
    0x33, 0xc2, 0xfe, 0xdd, 0xd3, 0xcc, 0xfe, 0xf8, 0xf6, 0xf5, 0x33, 0xc2,
    0xfe, 0xdb, 0xd2, 0xca, 0xfe, 0xf9, 0xf8, 0xf6, 0x33, 0xc0, 0xa7, 0xa7,
    0x17, 0x39, 0x33, 0xc2, 0x3b, 0x07, 0x33, 0xc0, 0x0f, 0x17, 0x0a, 0x33,
    0xc0, 0xfe, 0xc6, 0xb7, 0xab, 0x17, 0xfe, 0xa8, 0x91, 0x7f, 0x8f, 0x5c,
    0xc1, 0xbb, 0xc2, 0x17, 0xfe, 0xc4, 0xb4, 0xa8, 0x33, 0xc2, 0xfe, 0xd3,
    0xc7, 0xbe, 0xfe, 0xfe, 0xfe, 0xfe, 0xfe, 0xa1, 0x88, 0x74, 0x33, 0xc5,
    0xfe, 0xbb, 0xa8, 0x9a, 0x17, 0xfe, 0xb4, 0xa0, 0x90, 0x33, 0xc4, 0xa4,
    0x97, 0x29, 0xb4, 0xb3, 0xab, 0xa6, 0xba, 0xc2, 0x17, 0x08, 0x33, 0xc0,
    0xfe, 0xe4, 0xdc, 0xd7, 0x05, 0x33, 0xc2, 0xfe, 0xb6, 0xa2, 0x93, 0x17,
    0x06, 0x33, 0xa8, 0xa7, 0x17, 0xfe, 0xcd, 0xbf, 0xb5, 0x33, 0xc0, 0x36,
    0x9d, 0x78, 0x33, 0xc2, 0xfe, 0xc0, 0xaf, 0xa2, 0x17, 0xfe, 0xaf, 0x99,
    0x88, 0x33, 0xc2, 0xb7, 0xc3, 0xb7, 0xb3, 0xad, 0xb5, 0xaa, 0xa7, 0x17,
    0x22, 0x33, 0xc6, 0xfe, 0xf2, 0xee, 0xeb, 0x93, 0x6b, 0x33, 0xc2, 0x0d,
    0x17, 0x0c, 0x33, 0xc2, 0x35, 0xb7, 0xc3, 0x2b, 0xac, 0xa6, 0xfe, 0xfe,
    0xfe, 0xfe, 0xfe, 0xcc, 0xbf, 0xb4, 0x33, 0xc6, 0xfe, 0xba, 0xa8, 0x99,
    0x17, 0x15, 0x94, 0x6a, 0xa4, 0x98, 0xb6, 0xb3, 0xa7, 0x96, 0xfe, 0xc7,
    0xb8, 0xac, 0x33, 0xc2, 0x0d, 0x17, 0xfe, 0xd5, 0xc9, 0xc1, 0x19, 0xa7,
    0xa7, 0xbf, 0xd2, 0x17, 0x80, 0x2f, 0xfe, 0x9d, 0x82, 0x6d, 0x33, 0xac,
    0xa5, 0x17, 0x02, 0x33, 0xfe, 0xc2, 0xb2, 0xa5, 0x17, 0x02, 0xfe, 0xfe,
    0xfe, 0xfd, 0xfe, 0xa9, 0x92, 0x80, 0x33, 0xfe, 0xdf, 0xd7, 0xd0, 0xfe,
    0xfb, 0xfa, 0xf9, 0x33, 0xee, 0x1a, 0xff, 0x99, 0x80, 0x68, 0x2a, 0xff,
    0x9b, 0x80, 0x6b, 0xff, 0xec, 0xfe, 0xbf, 0xae, 0xa0, 0xfe, 0xfe, 0xfe,
    0xfe, 0xfe, 0xbd, 0xac, 0x9e, 0x33, 0xa7, 0xa7, 0xfe, 0xfc, 0xfb, 0xfa,
    0xfe, 0xd7, 0xcc, 0xc3, 0x33, 0xc1, 0xfe, 0xb7, 0xa3, 0x94, 0xfe, 0xf2,
    0xef, 0xec, 0x17, 0x9e, 0x78, 0x02, 0x9b, 0x79, 0x17, 0xfe, 0xc6, 0xb7,
    0xab, 0xfe, 0x9b, 0x80, 0x6b, 0xc0, 0xfe, 0xd0, 0xc3, 0xba, 0x17, 0xfe,
    0x9f, 0x85, 0x71, 0x33, 0xc2, 0xbd, 0xc2, 0x17, 0x16, 0x33, 0xc0, 0xaf,
    0xb5, 0xfe, 0xe5, 0xde, 0xd9, 0x17, 0xc0, 0x95, 0x6b, 0x95, 0x6a, 0xb3,
    0xb3, 0xfe, 0xe2, 0xda, 0xd4, 0x33, 0xc0, 0xfe, 0xf0, 0xec, 0xe9, 0x93,
    0x6b, 0x33, 0xc5, 0x3a, 0xfe, 0xdb, 0xd1, 0xc9, 0xfe, 0xfd, 0xfd, 0xfd,
    0x17, 0x97, 0x7a, 0x3b, 0xac, 0xa5, 0x41, 0x33, 0xc0, 0xfe, 0xdd, 0xd3,
    0xcc, 0xfe, 0xf9, 0xf8, 0xf7, 0x33, 0xc3, 0xfe, 0xe6, 0xe0, 0xdb, 0x1c,
    0x33, 0xc6, 0xfe, 0xdb, 0xd1, 0xca, 0x1b, 0x33, 0xc2, 0xfe, 0xda, 0xd0,
    0xc8, 0xfe, 0xf8, 0xf7, 0xf5, 0x33, 0xc2, 0xfe, 0xd8, 0xce, 0xc6, 0xfe,
    0xfa, 0xf9, 0xf8, 0x33, 0xc0, 0xa7, 0xa7, 0x17, 0xfe, 0xce, 0xc0, 0xb6,
    0x33, 0xc2, 0x3b, 0x93, 0x6b, 0x33, 0xc0, 0xb4, 0xc4, 0x17, 0xfe, 0xc4,
    0xb4, 0xa7, 0x33, 0xc0, 0xfe, 0xc6, 0xb7, 0xab, 0x17, 0xfe, 0xa8, 0x91,
    0x7f, 0x8f, 0x5c, 0xc1, 0xfe, 0xbc, 0xaa, 0x9c, 0x17, 0xfe, 0xb6, 0xa3,
    0x93, 0x33, 0xc2, 0xfe, 0xc6, 0xb6, 0xaa, 0xfe, 0xfe, 0xfe, 0xfe, 0xfe,
    0xad, 0x97, 0x86, 0x33, 0xc5, 0xfe, 0xbb, 0xa8, 0x9a, 0x17, 0xfe, 0xb4,
    0xa0, 0x90, 0x33, 0xc3, 0xfe, 0xc4, 0xb5, 0xa8, 0xfe, 0xf8, 0xf6, 0xf5,
    0x17, 0x9c, 0x79, 0x93, 0x6b, 0x7f, 0x17, 0xfe, 0xb2, 0x9d, 0x8d, 0x33,
    0xc0, 0xfe, 0xe4, 0xdc, 0xd7, 0xae, 0xa5, 0x33, 0xc2, 0xb3, 0xb4, 0x17,
    0xfe, 0xc9, 0xbb, 0xaf, 0x33, 0xa8, 0xa7, 0x17, 0xfe, 0xcd, 0xbf, 0xb5,
    0x33, 0xc0, 0x2e, 0xfe, 0xda, 0xd0, 0xc9, 0x33, 0xc2, 0xfe, 0xc0, 0xaf,
    0xa2, 0x17, 0xfe, 0xaf, 0x99, 0x88, 0x33, 0xc0, 0xbb, 0xc2, 0xfe, 0xee,
    0xe9, 0xe6, 0x17, 0x45, 0x94, 0x6b, 0x96, 0x7a, 0x17, 0xfe, 0xd1, 0xc4,
    0xba, 0x33, 0xc5, 0xa2, 0x88, 0x17, 0xfe, 0xd6, 0xcb, 0xc3, 0x33, 0xc2,
    0xfe, 0xc4, 0xb4, 0xa8, 0x17, 0xfe, 0xab, 0x94, 0x82, 0x33, 0xc0, 0xbe,
    0xd1, 0xfe, 0xef, 0xeb, 0xe8, 0x17, 0x05, 0x93, 0x7b, 0x24, 0x17, 0xfe,
    0xcd, 0xbf, 0xb4, 0x33, 0xc6, 0xfe, 0xba, 0xa8, 0x99, 0x17, 0x24, 0x07,
    0xa8, 0xa7, 0x17, 0xfe, 0xd4, 0xc9, 0xc0, 0x33, 0xc3, 0xfe, 0xc4, 0xb4,
    0xa8, 0x17, 0xc2, 0x14, 0xfe, 0xcf, 0xc1, 0xb7, 0xfe, 0x9e, 0x84, 0x70,
    0x33, 0xc0, 0xac, 0xa5, 0x17, 0xfe, 0xc7, 0xb8, 0xac, 0x33, 0x2b, 0x09,
    0xaa, 0x96, 0xfe, 0xdf, 0xd7, 0xd0, 0x33, 0xc0, 0x31, 0x1f, 0x33, 0xee,
    0xff, 0x9b, 0x80, 0x6b, 0xd4, 0xff, 0x99, 0x80, 0x68, 0x2a, 0x33, 0xec,
    0xa6, 0x97, 0x1f, 0xfe, 0xdf, 0xd6, 0xcf, 0x33, 0xfe, 0xbf, 0xae, 0xa1,
    0x17, 0xfe, 0xb5, 0xa1, 0x91, 0x33, 0xc0, 0xb0, 0xb5, 0xfe, 0xfb, 0xfb,
    0xfa, 0x3b, 0xfe, 0xb4, 0xa0, 0x91, 0x82, 0x3f, 0x33, 0xb2, 0xb4, 0xfe,
    0xfe, 0xfe, 0xfe, 0xfe, 0xc6, 0xb7, 0xab, 0xfe, 0x9b, 0x80, 0x6b, 0xc0,
    0xfe, 0xd0, 0xc3, 0xba, 0x17, 0xfe, 0x9f, 0x85, 0x71, 0x33, 0xc2, 0xbd,
    0xc2, 0x17, 0xfe, 0xbd, 0xac, 0x9e, 0x33, 0xc0, 0x15, 0x10, 0xfe, 0xc1,
    0xb1, 0xa4, 0x09, 0x33, 0xc0, 0x1c, 0x21, 0x33, 0xc0, 0xfe, 0xf1, 0xed,
    0xea, 0x92, 0x5b, 0x33, 0xc5, 0xfe, 0xd8, 0xce, 0xc6, 0x17, 0xfe, 0xcd,
    0xbf, 0xb5, 0xfe, 0xa4, 0x8b, 0x78, 0x33, 0xc0, 0x03, 0xfe, 0xf6, 0xf4,
    0xf2, 0x33, 0xc0, 0xfe, 0xdd, 0xd4, 0xcd, 0xfe, 0xf9, 0xf8, 0xf6, 0x33,
    0xc3, 0xfe, 0xe6, 0xdf, 0xda, 0xae, 0xa4, 0x33, 0xc6, 0xfe, 0xdb, 0xd1,
    0xca, 0xfe, 0xf7, 0xf5, 0xf4, 0x33, 0xc2, 0xfe, 0xda, 0xd0, 0xc8, 0x2f,
    0x33, 0xc2, 0x35, 0xfe, 0xfa, 0xf9, 0xf8, 0x33, 0xc0, 0xa7, 0xa7, 0x17,
    0x39, 0x33, 0xc2, 0x3b, 0x07, 0x33, 0xc0, 0xb4, 0xc4, 0x17, 0x0a, 0x33,
    0xc0, 0xfe, 0xc6, 0xb7, 0xab, 0x17, 0xfe, 0xa8, 0x91, 0x7f, 0x8f, 0x5c,
    0xc1, 0xfe, 0xbd, 0xab, 0x9d, 0x17, 0xfe, 0xb6, 0xa2, 0x93, 0x33, 0xc2,
    0xfe, 0xc5, 0xb6, 0xa9, 0x17, 0xfe, 0xae, 0x98, 0x87, 0x33, 0xc5, 0xfe,
    0xbb, 0xa8, 0x9a, 0x17, 0xfe, 0xb4, 0xa0, 0x90, 0x33, 0xc2, 0xfe, 0xb8,
    0xa5, 0x96, 0x17, 0xfe, 0xe3, 0xdb, 0xd5, 0xfe, 0xad, 0x97, 0x86, 0x33,
    0xc0, 0x0e, 0x17, 0xfe, 0xb2, 0x9d, 0x8d, 0x33, 0xc0, 0xfe, 0xe4, 0xdc,
    0xd7, 0xae, 0xa5, 0x33, 0xc2, 0xb5, 0xb3, 0x17, 0xfe, 0xc7, 0xb8, 0xac,
    0x33, 0xa8, 0xa7, 0x17, 0xfe, 0xcd, 0xbf, 0xb5, 0x33, 0xc0, 0xfe, 0xfe,
    0xfe, 0xfd, 0xfe, 0xd9, 0xce, 0xc6, 0x33, 0xc2, 0x06, 0x17, 0xfe, 0xaf,
    0x99, 0x88, 0x33, 0xa8, 0x96, 0xfe, 0xf7, 0xf6, 0xf4, 0x9b, 0x7a, 0xfe,
    0xb9, 0xa6, 0x97, 0xfe, 0x9e, 0x83, 0x6f, 0x33, 0xa4, 0x97, 0x17, 0xfe,
    0xd1, 0xc4, 0xba, 0x33, 0xc5, 0x2b, 0x17, 0xfe, 0xd5, 0xc9, 0xc1, 0x33,
    0xc2, 0x0d, 0x17, 0x0c, 0x33, 0xab, 0xa6, 0x3e, 0x96, 0x7b, 0xfe, 0xb7,
    0xa4, 0x95, 0xfe, 0x9d, 0x83, 0x6e, 0x33, 0xa9, 0x96, 0x17, 0xfe, 0xcd,
    0xbf, 0xb4, 0x33, 0xc6, 0x1e, 0x17, 0x3f, 0x33, 0xa1, 0x98, 0xfe, 0xe4,
    0xdd, 0xd7, 0x17, 0xfe, 0xbb, 0xa9, 0x9a, 0x33, 0xc2, 0x0d, 0x17, 0x29,
    0x84, 0x3e, 0x23, 0x33, 0xc3, 0x18, 0x17, 0x02, 0x33, 0xc0, 0xfe, 0xcd,
    0xc0, 0xb6, 0x17, 0xfe, 0xb3, 0x9e, 0x8e, 0x33, 0xc0, 0xfe, 0xdf, 0xd7,
    0xd0, 0xfe, 0xfb, 0xfa, 0xf9, 0x33, 0xee, 0xff, 0x9b, 0x80, 0x6b, 0xd4,
    0xff, 0x99, 0x80, 0x68, 0x2a, 0xff, 0x9b, 0x80, 0x6b, 0xff, 0xed, 0xfe,
    0xde, 0xd5, 0xce, 0xfe, 0xfb, 0xfa, 0xf9, 0xfe, 0xa0, 0x86, 0x72, 0xfe,
    0xe1, 0xd9, 0xd3, 0xba, 0xc2, 0xfe, 0x9c, 0x81, 0x6d, 0x33, 0xc0, 0xfe,
    0xc3, 0xb3, 0xa7, 0xfe, 0xfe, 0xfe, 0xfe, 0xfe, 0xb5, 0xa1, 0x91, 0x33,
    0xc1, 0xb2, 0xb4, 0x17, 0xfe, 0xc6, 0xb7, 0xab, 0xfe, 0x9b, 0x80, 0x6b,
    0xc0, 0xfe, 0xd0, 0xc3, 0xba, 0x17, 0xfe, 0x9f, 0x85, 0x71, 0x33, 0xc2,
    0xbd, 0xc2, 0x17, 0xfe, 0xbd, 0xac, 0x9e, 0x33, 0xaf, 0xb5, 0x17, 0xfe,
    0xd1, 0xc4, 0xbb, 0x33, 0xc2, 0xfe, 0xf0, 0xec, 0xe9, 0x8e, 0x5c, 0x33,
    0xc0, 0xfe, 0xe6, 0xdf, 0xda, 0xb2, 0xb4, 0x33, 0xc5, 0xfe, 0xf7, 0xf5,
    0xf3, 0x89, 0x4d, 0x33, 0xc2, 0xfe, 0xdd, 0xd3, 0xcc, 0xfe, 0xf6, 0xf4,
    0xf2, 0x33, 0xc0, 0xfe, 0xd2, 0xc6, 0xbd, 0x17, 0xfe, 0xa3, 0x8a, 0x76,
    0x33, 0xc2, 0xfe, 0xf3, 0xf0, 0xed, 0x8e, 0x6c, 0x33, 0xc6, 0xfe, 0xdb,
    0xd1, 0xca, 0xfe, 0xf7, 0xf5, 0xf4, 0x33, 0xc2, 0xfe, 0xda, 0xd0, 0xc8,
    0xfe, 0xf8, 0xf7, 0xf5, 0x33, 0xc2, 0xfe, 0xd8, 0xce, 0xc6, 0xfe, 0xfa,
    0xf9, 0xf8, 0x33, 0xc0, 0xa6, 0x97, 0x17, 0xfe, 0xd1, 0xc4, 0xba, 0x33,
    0xc2, 0xfe, 0xee, 0xea, 0xe6, 0x93, 0x6b, 0x33, 0xc0, 0xb4, 0xc4, 0x17,
    0xfe, 0xc4, 0xb4, 0xa7, 0x33, 0xc0, 0xfe, 0xc6, 0xb7, 0xab, 0x17, 0xfe,
    0xa9, 0x92, 0x80, 0x8e, 0x5c, 0xc1, 0xbd, 0xc2, 0x17, 0xfe, 0xc3, 0xb3,
    0xa7, 0x33, 0xc2, 0xfe, 0xd2, 0xc6, 0xbd, 0x17, 0xfe, 0xa3, 0x89, 0x76,
    0x33, 0xc5, 0xfe, 0xbb, 0xa8, 0x9a, 0x17, 0xfe, 0xb4, 0xa0, 0x90, 0x33,
    0xc2, 0xfe, 0xd7, 0xcc, 0xc4, 0x17, 0xfe, 0xa2, 0x88, 0x75, 0x33, 0xc1,
    0xfe, 0xbd, 0xab, 0x9d, 0x17, 0xfe, 0xb2, 0x9d, 0x8d, 0x33, 0xc0, 0xfe,
    0xe4, 0xdc, 0xd7, 0xae, 0xa5, 0x33, 0xc2, 0x28, 0x17, 0xfe, 0xb9, 0xa6,
    0x97, 0x33, 0x2a, 0x17, 0xfe, 0xcd, 0xbf, 0xb5, 0x33, 0xc0, 0xfe, 0xf5,
    0xf3, 0xf1, 0x02, 0x33, 0xc2, 0xfe, 0xc0, 0xaf, 0xa2, 0x17, 0xfe, 0xaf,
    0x99, 0x88, 0x33, 0x07, 0x17, 0xfe, 0xbf, 0xae, 0xa1, 0x33, 0xc1, 0xa4,
    0x97, 0x17, 0xfe, 0xd1, 0xc4, 0xba, 0x33, 0xc6, 0xfe, 0xf9, 0xf8, 0xf6,
    0xfe, 0xe0, 0xd7, 0xd1, 0x33, 0xc2, 0xfe, 0xc4, 0xb4, 0xa8, 0x17, 0xfe,
    0xab, 0x94, 0x82, 0x33, 0x0e, 0x17, 0xfe, 0xbb, 0xa9, 0x9b, 0x33, 0xc1,
    0xa9, 0x96, 0x17, 0xfe, 0xcd, 0xbf, 0xb4, 0x33, 0xc6, 0xfe, 0xba, 0xa8,
    0x99, 0x17, 0xfe, 0xbc, 0xaa, 0x9c, 0x33, 0xc0, 0xaa, 0x96, 0xfe, 0xf2,
    0xef, 0xed, 0x10, 0xfe, 0xac, 0x96, 0x84, 0x33, 0xc1, 0x0d, 0x17, 0xfe,
    0xb2, 0x9e, 0x8e, 0x33, 0xc5, 0xac, 0xa5, 0x17, 0xfe, 0xc7, 0xb8, 0xac,
    0x33, 0xc0, 0x39, 0x0e, 0x33, 0xc1, 0xfe, 0xdf, 0xd7, 0xd0, 0x1f, 0x33,
    0xee, 0xff, 0x9b, 0x80, 0x6b, 0xd4, 0xff, 0x99, 0x80, 0x68, 0x2a, 0x33,
    0xed, 0x3f, 0x17, 0x0a, 0xfe, 0xfc, 0xfb, 0xfa, 0xfe, 0xd4, 0xc9, 0xc0,
    0x33, 0xc1, 0xfe, 0xc5, 0xb6, 0xa9, 0x17, 0x13, 0x33, 0xc1, 0xfe, 0xb6,
    0xa3, 0x93, 0xfe, 0xfe, 0xfe, 0xfe, 0xfe, 0xc6, 0xb7, 0xab, 0xfe, 0x9b,
    0x80, 0x6b, 0xc0, 0x22, 0x17, 0xfe, 0x9f, 0x85, 0x71, 0x33, 0xc2, 0xbd,
    0xc2, 0x17, 0xfe, 0xbd, 0xac, 0x9e, 0x33, 0xb1, 0xb5, 0x17, 0xfe, 0xcf,
    0xc1, 0xb7, 0x33, 0xc1, 0x3e, 0xfe, 0xf6, 0xf4, 0xf2, 0x86, 0x4e, 0x33,
    0xc0, 0xfe, 0xca, 0xbc, 0xb1, 0x17, 0xfe, 0xba, 0xa7, 0x98, 0x33, 0xc2,
    0xb7, 0xc3, 0x33, 0xfe, 0xf9, 0xf7, 0xf6, 0x84, 0x3d, 0x33, 0xc1, 0xa3,
    0x98, 0xfe, 0xe8, 0xe1, 0xdc, 0x09, 0x33, 0xc0, 0xfe, 0xb7, 0xa4, 0x95,
    0x17, 0x02, 0x33, 0xc1, 0xbf, 0xd1, 0x17, 0x3a, 0x33, 0xc6, 0x25, 0x1b,
    0x33, 0xc2, 0xfe, 0xda, 0xd0, 0xc8, 0xfe, 0xf8, 0xf7, 0xf5, 0x33, 0xc2,
    0xfe, 0xd8, 0xce, 0xc6, 0x10, 0x33, 0xc0, 0x7f, 0x1f, 0x12, 0x33, 0xc1,
    0xad, 0xa5, 0xfe, 0xf6, 0xf3, 0xf1, 0x8a, 0x4c, 0x33, 0xc0, 0x0f, 0x17,
    0x0a, 0x33, 0xc0, 0xfe, 0xc1, 0xb0, 0xa3, 0x17, 0xfe, 0xb2, 0x9e, 0x8e,
    0x33, 0xc1, 0x23, 0xfe, 0xf7, 0xf6, 0xf4, 0x8a, 0x5e, 0x33, 0xc1, 0xa4,
    0x98, 0x11, 0x95, 0x7b, 0x33, 0xc6, 0x28, 0x17, 0xfe, 0xb4, 0xa0, 0x90,
    0x33, 0xc2, 0xfe, 0xd9, 0xce, 0xc6, 0xfe, 0xfd, 0xfd, 0xfd, 0xfe, 0xa0,
    0x86, 0x72, 0x33, 0xc1, 0x3a, 0x17, 0x0b, 0x33, 0xc0, 0xfe, 0xe4, 0xdc,
    0xd7, 0xae, 0xa5, 0x33, 0xc1, 0x7f, 0xfe, 0xe4, 0xdc, 0xd7, 0xbc, 0xb1,
    0x09, 0x33, 0xa8, 0xa7, 0x17, 0xfe, 0xcd, 0xbf, 0xb5, 0x33, 0xc0, 0xfe,
    0xdf, 0xd7, 0xd0, 0x1f, 0xfe, 0xa4, 0x8b, 0x78, 0x33, 0xc1, 0x2a, 0x17,
    0xfe, 0xaf, 0x99, 0x88, 0x33, 0x1e, 0x17, 0x0e, 0x33, 0xc1, 0xb5, 0xc4,
    0x17, 0xfe, 0xd1, 0xc4, 0xba, 0x33, 0xc6, 0xfe, 0xe3, 0xdc, 0xd6, 0x3e,
    0xfe, 0xa2, 0x89, 0x75, 0x33, 0xc1, 0x2e, 0x17, 0x0c, 0x33, 0xfe, 0xbe,
    0xad, 0x9f, 0x17, 0xfe, 0xb9, 0xa6, 0x97, 0x33, 0xc1, 0xba, 0xd3, 0x17,
    0xfe, 0xcd, 0xbf, 0xb4, 0x33, 0xc6, 0xfe, 0xba, 0xa8, 0x99, 0x17, 0x3f,
    0x33, 0xc1, 0xba, 0xc2, 0xfe, 0xfb, 0xfb, 0xfa, 0x92, 0x6b, 0xfe, 0xa2,
    0x88, 0x75, 0x33, 0xc0, 0x0d, 0x17, 0xfe, 0xb2, 0x9e, 0x8e, 0x33, 0xc5,
    0x18, 0x17, 0xfe, 0xc7, 0xb8, 0xac, 0x33, 0xc5, 0x31, 0x1f, 0x33, 0xee,
    0x1a, 0xff, 0x99, 0x80, 0x68, 0x2a, 0xff, 0x9b, 0x80, 0x6b, 0xff, 0xed,
    0xa5, 0x97, 0xfe, 0xfa, 0xf9, 0xf8, 0x41, 0xa7, 0x96, 0xfe, 0xb2, 0x9e,
    0x8e, 0x33, 0xc1, 0xb5, 0xb3, 0xfe, 0xfe, 0xfe, 0xfd, 0x89, 0x5d, 0xfe,
    0xbe, 0xac, 0x9e, 0x9d, 0x78, 0xfe, 0xd7, 0xcc, 0xc4, 0xfe, 0xfd, 0xfc,
    0xfc, 0x17, 0xfe, 0xc6, 0xb7, 0xab, 0xfe, 0x9b, 0x80, 0x6b, 0xc0, 0xfe,
    0xd0, 0xc3, 0xba, 0x17, 0x3a, 0x33, 0xc2, 0xbd, 0xc2, 0x17, 0xfe, 0xbd,
    0xac, 0x9e, 0x33, 0x7f, 0xfe, 0xf2, 0xee, 0xeb, 0xa9, 0x95, 0xfe, 0xc5,
    0xb6, 0xa9, 0x90, 0x6c, 0xb8, 0xc2, 0xfe, 0xf6, 0xf4, 0xf2, 0x17, 0xfe,
    0xe2, 0xda, 0xd4, 0x33, 0xc0, 0xa8, 0xa7, 0xfe, 0xf3, 0xf0, 0xee, 0xa8,
    0x96, 0xfe, 0xc9, 0xbb, 0xb0, 0x86, 0x4e, 0xaf, 0x95, 0xfe, 0xe7, 0xe1,
    0xdc, 0x8f, 0x6c, 0x33, 0xfe, 0xdf, 0xd6, 0xcf, 0xfe, 0xfe, 0xfe, 0xfd,
    0xfe, 0xce, 0xc0, 0xb6, 0x07, 0xb0, 0xb5, 0xfe, 0xef, 0xeb, 0xe7, 0x17,
    0x09, 0x33, 0xc0, 0x02, 0xfe, 0xe8, 0xe1, 0xdc, 0xba, 0xc1, 0xfe, 0xc8,
    0xba, 0xae, 0xfe, 0xb1, 0x9b, 0x8b, 0xb4, 0xa3, 0xfe, 0xf5, 0xf3, 0xf1,
    0x45, 0x2a, 0x33, 0xc6, 0xfe, 0xdb, 0xd1, 0xca, 0xfe, 0xf7, 0xf5, 0xf4,
    0x33, 0xc2, 0xfe, 0xda, 0xd0, 0xc8, 0x2f, 0x33, 0xc2, 0xfe, 0xd8, 0xce,
    0xc6, 0x10, 0x33, 0xc1, 0xfe, 0xe1, 0xd9, 0xd3, 0x17, 0xfe, 0xcf, 0xc1,
    0xb7, 0x8a, 0x4c, 0xb9, 0xc3, 0xfe, 0xf9, 0xf7, 0xf6, 0x14, 0xfe, 0xe4,
    0xdd, 0xd7, 0x33, 0xc0, 0xb4, 0xc4, 0x17, 0xfe, 0xc4, 0xb4, 0xa7, 0x33,
    0xc0, 0xb5, 0xb3, 0x17, 0x84, 0x3e, 0xfe, 0xba, 0xa8, 0x99, 0xa7, 0xa7,
    0x8b, 0x5d, 0x33, 0xfe, 0xc8, 0xb9, 0xad, 0x17, 0xfe, 0xdc, 0xd2, 0xcb,
    0xfe, 0xb3, 0x9f, 0x8f, 0xa3, 0x98, 0xfe, 0xe5, 0xde, 0xd9, 0x17, 0xfe,
    0xb9, 0xa6, 0x97, 0x33, 0xc6, 0xfe, 0xbb, 0xa8, 0x9a, 0x17, 0xfe, 0xb4,
    0xa0, 0x90, 0x33, 0xc2, 0xfe, 0xbf, 0xad, 0xa0, 0x17, 0xfe, 0xe1, 0xd9,
    0xd3, 0x28, 0xa5, 0x86, 0xfe, 0xe0, 0xd8, 0xd1, 0x17, 0xc0, 0xfe, 0xb2,
    0x9d, 0x8d, 0x33, 0xc0, 0xfe, 0xe4, 0xdc, 0xd7, 0xbf, 0xc1, 0xfe, 0xd6,
    0xcb, 0xc2, 0x2f, 0x7e, 0xfe, 0xe3, 0xdb, 0xd5, 0x17, 0x11, 0x33, 0xc0,
    0x2a, 0x17, 0xfe, 0xcd, 0xbf, 0xb5, 0x33, 0xc0, 0xfe, 0xb5, 0xa1, 0x92,
    0x17, 0x15, 0xfe, 0xc1, 0xb1, 0xa4, 0xc0, 0x30, 0x17, 0xc0, 0xfe, 0xaf,
    0x99, 0x88, 0x33, 0xab, 0xa6, 0xfe, 0xfb, 0xfa, 0xf9, 0x94, 0x6a, 0xfe,
    0xc0, 0xaf, 0xa1, 0x1e, 0xbe, 0xe2, 0x1f, 0x17, 0xfe, 0xd1, 0xc4, 0xba,
    0xfe, 0x9b, 0x80, 0x6b, 0xc6, 0x07, 0x17, 0x87, 0x4e, 0xfe, 0xc1, 0xb0,
    0xa2, 0xa1, 0x98, 0xfe, 0xe4, 0xdd, 0xd8, 0x17, 0xc0, 0xfe, 0xab, 0x94,
    0x82, 0x33, 0xae, 0xb5, 0xfe, 0xfc, 0xfc, 0xfb, 0x8f, 0x6c, 0xfe, 0xbf,
    0xae, 0xa0, 0x1e, 0xfe, 0xd4, 0xc8, 0xbf, 0x27, 0x17, 0xfe, 0xcd, 0xbf,
    0xb4, 0x33, 0xc6, 0x1e, 0x17, 0xfe, 0xbc, 0xaa, 0x9c, 0x33, 0xc2, 0xfe,
    0xc1, 0xb0, 0xa3, 0x17, 0xfe, 0xe3, 0xdc, 0xd6, 0xfe, 0x9c, 0x81, 0x6d,
    0x33, 0xfe, 0xc4, 0xb4, 0xa8, 0x17, 0xfe, 0xb2, 0x9e, 0x8e, 0x33, 0xc5,
    0xac, 0xa5, 0x17, 0xfe, 0xc7, 0xb8, 0xac, 0x33, 0xc5, 0xfe, 0xdf, 0xd7,
    0xd0, 0x1f, 0x33, 0xee, 0xff, 0x9b, 0x80, 0x6b, 0xd4, 0xff, 0x99, 0x80,
    0x68, 0x2a, 0x33, 0xee, 0xfe, 0xdc, 0xd2, 0xcb, 0x17, 0x92, 0x6b, 0xfe,
    0x9c, 0x81, 0x6c, 0x33, 0xc2, 0xfe, 0xc6, 0xb7, 0xab, 0x36, 0x17, 0xc0,
    0x8c, 0x4c, 0x03, 0x17, 0x33, 0xfe, 0x9b, 0x80, 0x6b, 0xc0, 0xfe, 0xd0,
    0xc3, 0xba, 0x17, 0xfe, 0x9f, 0x85, 0x71, 0x33, 0xc2, 0xbd, 0xc2, 0x17,
    0xfe, 0xbd, 0xac, 0x9e, 0x33, 0xc0, 0xbc, 0xc2, 0xfe, 0xf6, 0xf3, 0xf1,
    0x17, 0xc0, 0x98, 0x69, 0x0d, 0xfe, 0xf0, 0xed, 0xea, 0x21, 0x33, 0xc1,
    0xb1, 0xb5, 0x19, 0x17, 0xc1, 0x14, 0xfe, 0xbd, 0xab, 0x9d, 0x33, 0xad,
    0xb6, 0xfe, 0xed, 0xe8, 0xe4, 0x17, 0xc0, 0x9d, 0x79, 0xfe, 0xd2, 0xc5,
    0xbc, 0xb1, 0xb4, 0x09, 0x33, 0xc1, 0xaa, 0x96, 0xfe, 0xe2, 0xdb, 0xd5,
    0x17, 0xc1, 0x89, 0x4d, 0xfe, 0xac, 0x95, 0x84, 0x33, 0xc7, 0xfe, 0xdb,
    0xd1, 0xca, 0x1b, 0x33, 0xc2, 0xfe, 0xda, 0xd0, 0xc8, 0xfe, 0xf8, 0xf7,
    0xf5, 0x33, 0xc2, 0xfe, 0xd8, 0xce, 0xc6, 0xfe, 0xfa, 0xf9, 0xf8, 0x33,
    0xc1, 0xb2, 0xb4, 0xfe, 0xf1, 0xed, 0xea, 0x17, 0xc0, 0x20, 0xfe, 0xc2,
    0xb1, 0xa4, 0x3b, 0x93, 0x6b, 0x33, 0xc0, 0x0f, 0x17, 0xfe, 0xc4, 0xb4,
    0xa7, 0x33, 0xc1, 0x2a, 0xfe, 0xfd, 0xfd, 0xfc, 0x17, 0xc0, 0xfe, 0xbe,
    0xad, 0x9f, 0x33, 0xc0, 0x27, 0xfe, 0xfc, 0xfb, 0xfa, 0x17, 0xc0, 0x2f,
    0x12, 0x33, 0xc7, 0x28, 0x17, 0xfe, 0xb4, 0xa0, 0x90, 0x33, 0xc3, 0xfe,
    0xd8, 0xcd, 0xc5, 0x17, 0xc1, 0xfe, 0xe4, 0xdd, 0xd8, 0xfe, 0xc9, 0xbb,
    0xb0, 0x17, 0x0b, 0x33, 0xc0, 0xfe, 0xe4, 0xdc, 0xd7, 0x1b, 0x15, 0x17,
    0xc0, 0x9a, 0x69, 0xfe, 0xc9, 0xba, 0xaf, 0x33, 0xc1, 0xa8, 0xa7, 0x17,
    0xfe, 0xcd, 0xbf, 0xb5, 0x33, 0xc1, 0x11, 0xfe, 0xfd, 0xfc, 0xfc, 0x17,
    0xc0, 0x83, 0x3e, 0xfe, 0xcd, 0xc0, 0xb6, 0x17, 0xfe, 0xaf, 0x99, 0x88,
    0x33, 0xc0, 0x16, 0x1f, 0x17, 0xc0, 0x91, 0x5b, 0xfe, 0xbb, 0xa9, 0x9b,
    0x17, 0xfe, 0xd1, 0xc4, 0xba, 0x33, 0xc7, 0xfe, 0xcb, 0xbd, 0xb2, 0xfe,
    0xfd, 0xfd, 0xfd, 0x17, 0xc0, 0x19, 0x84, 0x3e, 0x17, 0x0c, 0x33, 0xc0,
    0x12, 0x1f, 0x17, 0xc0, 0x8f, 0x5c, 0x0e, 0x17, 0x27, 0x33, 0xc6, 0xfe,
    0xba, 0xa8, 0x99, 0x17, 0xfe, 0xbc, 0xaa, 0x9c, 0x33, 0xc3, 0xfe, 0xd6,
    0xca, 0xc2, 0x17, 0xfe, 0xd1, 0xc5, 0xbb, 0x33, 0x0d, 0x17, 0xfe, 0xb2,
    0x9e, 0x8e, 0x33, 0xc5, 0x18, 0x17, 0xfe, 0xc7, 0xb8, 0xac, 0x33, 0xc5,
    0xfe, 0xdf, 0xd7, 0xd0, 0x1f, 0x33, 0xee, 0x1a, 0xff, 0x99, 0x80, 0x68,
    0x2a, 0xff, 0x9b, 0x80, 0x6b, 0xff, 0xf7, 0xab, 0xa6, 0xb6, 0xc3, 0x95,
    0x6b, 0x33, 0xd1, 0xa4, 0x98, 0xba, 0xc2, 0x40, 0x88, 0x4d, 0x33, 0xc6,
    0x10, 0xaf, 0xa4, 0xfe, 0xe8, 0xe2, 0xdd, 0x82, 0x4f, 0x33, 0xc1, 0xa1,
    0x98, 0xba, 0xb2, 0xa5, 0x97, 0x88, 0x4d, 0x33, 0xc6, 0xaf, 0xb5, 0xb1,
    0xb4, 0x95, 0x5a, 0x33, 0xdb, 0xa2, 0x98, 0xba, 0xb2, 0x7f, 0x2b, 0x33,
    0xca, 0xa8, 0xa7, 0x2d, 0x10, 0x33, 0xc2, 0xa7, 0x97, 0x1a, 0x3c, 0x2b,
    0x33, 0xd1, 0xb1, 0xb5, 0xb1, 0xa4, 0x8f, 0x6b, 0x33, 0xc4, 0xfe, 0xe4,
    0xdc, 0xd7, 0xae, 0xa5, 0x33, 0xac, 0xa6, 0xa8, 0x96, 0x2b, 0x33, 0xc9,
    0xaa, 0xa6, 0xb5, 0xb4, 0x94, 0x6a, 0x33, 0xc5, 0x2a, 0xb9, 0xb2, 0x98,
    0x7a, 0x88, 0x5d, 0x33, 0xcb, 0xac, 0xa5, 0x34, 0x92, 0x5b, 0x33, 0xc5,
    0xa9, 0xa7, 0x00, 0x97, 0x7a, 0x89, 0x4d, 0x33, 0xfd, 0xdd, 0xff, 0x9b,
    0x80, 0x6b, 0xd4, 0x35, 0x33, 0xfd, 0xdd, 0xfe, 0xeb, 0xe6, 0xe2, 0xfe,
    0xcb, 0xbd, 0xb2, 0x33, 0xfd, 0xe6, 0xfe, 0xe4, 0xdc, 0xd7, 0xae, 0xa5,
    0x33, 0xfd, 0xfd, 0xd7, 0x1a, 0xff, 0x99, 0x80, 0x68, 0x2a, 0xff, 0x9b,
    0x80, 0x6b, 0xff, 0xfd, 0xda, 0xfe, 0xdd, 0xd4, 0xcd, 0x9a, 0x79, 0xb4,
    0xb4, 0xb9, 0xc3, 0xfe, 0xab, 0x94, 0x83, 0x33, 0xfd, 0xe6, 0xfe, 0xe4,
    0xdc, 0xd7, 0xae, 0xa5, 0x33, 0xfd, 0xfd, 0xd7, 0xff, 0x9b, 0x80, 0x6b,
    0xd4, 0xff, 0x99, 0x80, 0x68, 0x2a, 0x33, 0xfd, 0xda, 0xfe, 0xcf, 0xc2,
    0xb8, 0xbc, 0xc2, 0x0b, 0xfe, 0xb2, 0x9d, 0x8c, 0x33, 0xfd, 0xe7, 0xfe,
    0xcb, 0xbd, 0xb2, 0xa9, 0xa6, 0x33, 0xfd, 0xfd, 0xd7, 0x1a, 0xff, 0x99,
    0x80, 0x68, 0x2a, 0xff, 0x9b, 0x80, 0x6b, 0xff, 0xfd, 0xfd, 0xfd, 0xfd,
    0xfd, 0xe4, 0xff, 0x9b, 0x80, 0x6b, 0xd4, 0x35, 0x33, 0xfd, 0xfd, 0xfd,
    0xfd, 0xfd, 0xe4, 0x1a, 0xff, 0x99, 0x80, 0x68, 0x2a, 0xff, 0x9b, 0x80,
    0x6b, 0xff, 0xfd, 0xfd, 0xfd, 0xfd, 0xfd, 0xe4, 0xff, 0x9b, 0x80, 0x6b,
    0xd4, 0x35, 0x33, 0xfd, 0xfd, 0xfd, 0xfd, 0xfd, 0xe4, 0x1a, 0xff, 0x99,
    0x80, 0x68, 0x2a, 0xff, 0x9b, 0x80, 0x6b, 0xff, 0xfd, 0xfd, 0xfd, 0xfd,
    0xfd, 0xe4, 0xff, 0x9b, 0x80, 0x6b, 0xd4, 0x35, 0x33, 0xfd, 0xfd, 0xfd,
    0xfd, 0xfd, 0xe4, 0x1a, 0xff, 0x99, 0x80, 0x68, 0x2a, 0xff, 0x9b, 0x80,
    0x6b, 0xff, 0xfd, 0xfd, 0xfd, 0xfd, 0xfd, 0xe4, 0xff, 0x9b, 0x80, 0x6b,
    0xd4, 0x35, 0x33, 0xfd, 0xfd, 0xfd, 0xfd, 0xfd, 0xe4, 0x1a, 0xff, 0x99,
    0x80, 0x68, 0x2a, 0xff, 0x9b, 0x80, 0x6b, 0xff, 0xfd, 0xfd, 0xfd, 0xfd,
    0xfd, 0xe4, 0xff, 0x9b, 0x80, 0x6b, 0xd4, 0x35, 0x33, 0xfd, 0xfd, 0xfd,
    0xfd, 0xfd, 0xe4, 0x1a, 0xff, 0x99, 0x80, 0x68, 0x2a, 0xff, 0x9b, 0x80,
    0x6b, 0xff, 0xfd, 0xfd, 0xfd, 0xfd, 0xfd, 0xe4, 0xff, 0x9b, 0x80, 0x6b,
    0xd4, 0x35, 0x33, 0xfd, 0xfd, 0xfd, 0xfd, 0xfd, 0xe4, 0x1a, 0xff, 0x99,
    0x80, 0x68, 0x2a, 0xff, 0x9b, 0x80, 0x6b, 0xff, 0xfd, 0xfd, 0xfd, 0xfd,
    0xfd, 0xe4, 0xff, 0x9b, 0x80, 0x6b, 0xd4, 0x35, 0x33, 0xfd, 0xfd, 0xfd,
    0xfd, 0xfd, 0xe4, 0x1a, 0xff, 0x99, 0x80, 0x68, 0x2a, 0xff, 0x9b, 0x80,
    0x6b, 0xff, 0xfd, 0xfd, 0xfd, 0xfd, 0xfd, 0xe4, 0xff, 0x9b, 0x80, 0x6b,
    0xd4, 0x35, 0x33, 0xfd, 0xfd, 0xfd, 0xfd, 0xfd, 0xe4, 0x1a, 0xff, 0x99,
    0x80, 0x68, 0x2a, 0xff, 0x9b, 0x80, 0x6b, 0xff, 0xfd, 0xfd, 0xfd, 0xfd,
    0xfd, 0xe4, 0xff, 0x9b, 0x80, 0x6b, 0xd4, 0x35, 0x33, 0xfd, 0xfd, 0xfd,
    0xfd, 0xfd, 0xe4, 0x1a, 0xff, 0x99, 0x80, 0x68, 0x2a, 0xff, 0x9b, 0x80,
    0x6b, 0xff, 0xfd, 0xfd, 0xfd, 0xfd, 0xfd, 0xe4, 0xff, 0x9b, 0x80, 0x6b,
    0xd4, 0x35, 0x33, 0xfd, 0xfd, 0xfd, 0xfd, 0xfd, 0xe4, 0x1a, 0xff, 0x99,
    0x80, 0x68, 0x2a, 0xff, 0x9b, 0x80, 0x6b, 0xff, 0xfd, 0xfd, 0xfd, 0xfd,
    0xfd, 0xe4, 0xff, 0x9b, 0x80, 0x6b, 0xd4, 0x35, 0x33, 0xfd, 0xfd, 0xfd,
    0xfd, 0xfd, 0xe4, 0x1a, 0xff, 0x99, 0x80, 0x68, 0x2a, 0xff, 0x9b, 0x80,
    0x6b, 0xff, 0xfd, 0xfd, 0xfd, 0xfd, 0xfd, 0xe4, 0xff, 0x9b, 0x80, 0x6b,
    0xd4, 0x35, 0x33, 0xfd, 0xfd, 0xfd, 0xfd, 0xfd, 0xe4, 0x1a, 0xff, 0x99,
    0x80, 0x68, 0x2a, 0xff, 0x9b, 0x80, 0x6b, 0xff, 0xfd, 0xfd, 0xfd, 0xfd,
    0xfd, 0xe4, 0xff, 0x9b, 0x80, 0x6b, 0xd4, 0x35, 0x33, 0xfd, 0xfd, 0xfd,
    0xfd, 0xfd, 0xe4, 0x1a, 0xff, 0x99, 0x80, 0x68, 0x2a, 0xff, 0x9b, 0x80,
    0x6b, 0xff, 0xfd, 0xfd, 0xfd, 0xfd, 0xfd, 0xe4, 0xff, 0x9b, 0x80, 0x6b,
    0xd4, 0x35, 0x33, 0xfd, 0xfd, 0xfd, 0xfd, 0xfd, 0xe4, 0x1a, 0xff, 0x99,
    0x80, 0x68, 0x2a, 0xff, 0x9b, 0x80, 0x6b, 0xff, 0xfd, 0xfd, 0xfd, 0xfd,
    0xfd, 0xe4, 0xff, 0x9b, 0x80, 0x6b, 0xd4, 0x35, 0x33, 0xfd, 0xfd, 0xfd,
    0xfd, 0xfd, 0xe4, 0x1a, 0xff, 0x99, 0x80, 0x68, 0x2a, 0xff, 0x9b, 0x80,
    0x6b, 0xff, 0xfd, 0xfd, 0xfd, 0xfd, 0xfd, 0xe4, 0xff, 0x9b, 0x80, 0x6b,
    0xd4, 0x35, 0x33, 0xfd, 0xfd, 0xfd, 0xfd, 0xfd, 0xe4, 0x1a, 0xff, 0x99,
    0x80, 0x68, 0x2a, 0xff, 0x9b, 0x80, 0x6b, 0xff, 0xfd, 0xfd, 0xfd, 0xfd,
    0xfd, 0xe4, 0xff, 0x9b, 0x80, 0x6b, 0xd4, 0x35, 0x33, 0xfd, 0xfd, 0xfd,
    0xfd, 0xfd, 0xe4, 0x1a, 0xff, 0x99, 0x80, 0x68, 0x2a, 0xff, 0x9b, 0x80,
    0x6b, 0xff, 0xfd, 0xfd, 0xfd, 0xfd, 0xfd, 0xe4, 0xff, 0x9b, 0x80, 0x6b,
    0xd4, 0x35, 0x33, 0xfd, 0xfd, 0xfd, 0xfd, 0xfd, 0xe4, 0x1a, 0xff, 0x99,
    0x80, 0x68, 0x2a, 0xff, 0x9b, 0x80, 0x6b, 0xff, 0xfd, 0xfd, 0xfd, 0xfd,
    0xfd, 0xe4, 0xff, 0x9b, 0x80, 0x6b, 0xd4, 0x35, 0x33, 0xfd, 0xfd, 0xfd,
    0xfd, 0xfd, 0xe4, 0x1a, 0xff, 0x99, 0x80, 0x68, 0x2a, 0xff, 0x9b, 0x80,
    0x6b, 0xff, 0xfd, 0xfd, 0xfd, 0xfd, 0xfd, 0xe4, 0xff, 0x9b, 0x80, 0x6b,
    0xd4, 0x35, 0x33, 0xfd, 0xfd, 0xfd, 0xfd, 0xfd, 0xe4, 0x1a, 0xff, 0x99,
    0x80, 0x68, 0x2a, 0xff, 0x9b, 0x80, 0x6b, 0xff, 0xfd, 0xfd, 0xfd, 0xfd,
    0xfd, 0xe4, 0xff, 0x9b, 0x80, 0x6b, 0xd4, 0x35, 0x33, 0xfd, 0xfd, 0xfd,
    0xfd, 0xfd, 0xe4, 0x1a, 0xff, 0x99, 0x80, 0x68, 0x2a, 0xff, 0x9b, 0x80,
    0x6b, 0xff, 0xfd, 0xfd, 0xfd, 0xfd, 0xfd, 0xe4, 0xff, 0x9b, 0x80, 0x6b,
    0xd4, 0x35, 0x33, 0xfd, 0xfd, 0xfd, 0xfd, 0xfd, 0xe4, 0x1a, 0xff, 0x99,
    0x80, 0x68, 0x2a, 0xff, 0x9b, 0x80, 0x6b, 0xff, 0xfd, 0xfd, 0xfd, 0xfd,
    0xfd, 0xe4, 0xff, 0x9b, 0x80, 0x6b, 0xd4, 0x35, 0x33, 0xfd, 0xfd, 0xfd,
    0xfd, 0xfd, 0xe4, 0x1a, 0xff, 0x99, 0x80, 0x68, 0x2a, 0xff, 0x9b, 0x80,
    0x6b, 0xff, 0xfd, 0xfd, 0xfd, 0xfd, 0xfd, 0xe4, 0xff, 0x9b, 0x80, 0x6b,
    0xd4, 0x35, 0x33, 0xfd, 0xfd, 0xfd, 0xfd, 0xfd, 0xe4, 0x1a, 0xff, 0x99,
    0x80, 0x68, 0x2a, 0xff, 0x9b, 0x80, 0x6b, 0xff, 0xfd, 0xfd, 0xfd, 0xfd,
    0xfd, 0xe4, 0xff, 0x9b, 0x80, 0x6b, 0xd4, 0x35, 0x33, 0xfd, 0xfd, 0xfd,
    0xfd, 0xfd, 0xe4, 0x1a, 0xff, 0x99, 0x80, 0x68, 0x2a, 0xff, 0x9b, 0x80,
    0x6b, 0xff, 0xfd, 0xfd, 0xfd, 0xfd, 0xfd, 0xe4, 0xff, 0x9b, 0x80, 0x6b,
    0xd4, 0xff, 0x9a, 0x80, 0x67, 0x28, 0x33, 0xfd, 0xfd, 0xfd, 0xfd, 0xfd,
    0xe4, 0xff, 0x9b, 0x80, 0x6b, 0xd2, 0xff, 0x93, 0x80, 0x65, 0x1c, 0xff,
    0x9b, 0x80, 0x6b, 0xff, 0xfd, 0xfd, 0xfd, 0xfd, 0xfd, 0xe4, 0xff, 0x9b,
    0x80, 0x6b, 0xc6, 0xff, 0x80, 0x80, 0x56, 0x06, 0xff, 0x9b, 0x80, 0x6b,
    0xfb, 0x33, 0xfd, 0xfd, 0xfd, 0xfd, 0xfd, 0xe3, 0xff, 0x9b, 0x80, 0x6a,
    0xac, 0x55, 0xff, 0x9b, 0x80, 0x6b, 0xd6, 0xff, 0x9b, 0x80, 0x6b, 0xff,
    0xfd, 0xfd, 0xfd, 0xfd, 0xfd, 0xe3, 0xff, 0x9b, 0x80, 0x6a, 0x81, 0x31,
    0xff, 0x9b, 0x80, 0x6b, 0x97, 0x33, 0xfd, 0xfd, 0xfd, 0xfd, 0xfd, 0xe3,
    0xff, 0x9b, 0x80, 0x69, 0x42, 0x55, 0xff, 0x9a, 0x80, 0x6b, 0x46, 0xff,
    0x9b, 0x80, 0x6b, 0xff, 0xfd, 0xfd, 0xfd, 0xfd, 0xfd, 0xe2, 0xff, 0x9b,
    0x80, 0x6b, 0xeb, 0xff, 0x80, 0x80, 0x56, 0x06, 0x31, 0xff, 0x56, 0x56,
    0x56, 0x03, 0xff, 0x9b, 0x80, 0x6b, 0xdf, 0x33, 0xfd, 0xfd, 0xfd, 0xfd,
    0xfd, 0xe1, 0xff, 0x9b, 0x80, 0x6a, 0x8d, 0x31, 0x55, 0xc0, 0xff, 0x9a,
    0x7f, 0x69, 0x67, 0xff, 0x9b, 0x80, 0x6b, 0xff, 0xfd, 0xfd, 0xfd, 0xfd,
    0xfd, 0xe0, 0xff, 0x9b, 0x80, 0x6b, 0xf6, 0xff, 0x98, 0x7c, 0x69, 0x1b,
    0x31, 0xc1, 0xff, 0x80, 0x80, 0x41, 0x04, 0xff, 0x9b, 0x80, 0x6b, 0xcf,
    0x33, 0xfd, 0xfd, 0xfd, 0xfd, 0xfd, 0xdf, 0xff, 0x9b, 0x80, 0x6a, 0x7e,
    0x31, 0xc0, 0x55, 0xc1, 0xff, 0x99, 0x7e, 0x68, 0x2f, 0xff, 0x9b, 0x80,
    0x6b, 0xf6, 0xff, 0x9b, 0x80, 0x6b, 0xff, 0xfd, 0xfd, 0xfd, 0xfd, 0xfd,
    0xdd, 0xff, 0x9a, 0x80, 0x6a, 0xc9, 0xff, 0x80, 0x80, 0x56, 0x06, 0x31,
    0xc0, 0xc3, 0xff, 0x99, 0x7f, 0x6b, 0x59, 0xff, 0x9b, 0x80, 0x6b, 0xfd,
    0x33, 0xfd, 0xfd, 0xfd, 0xfd, 0xfd, 0xdb, 0xff, 0x9b, 0x80, 0x6b, 0xe4,
    0xff, 0x9a, 0x80, 0x67, 0x1e, 0x31, 0xc1, 0x55, 0xc3, 0xff, 0x99, 0x80,
    0x6a, 0x66, 0xff, 0x9b, 0x80, 0x6b, 0xfc, 0xff, 0x9b, 0x80, 0x6b, 0xff,
    0xfd, 0xfd, 0xfd, 0xfd, 0xfd, 0xd9, 0xff, 0x9b, 0x80, 0x6b, 0xe4, 0xff,
    0x99, 0x80, 0x68, 0x2a, 0x31, 0xc2, 0xc5, 0xff, 0x9b, 0x80, 0x6a, 0x4e,
    0xff, 0x9b, 0x80, 0x6b, 0xee, 0x33, 0xfd, 0xfd, 0xfd, 0xfd, 0xfd, 0xd7,
    0xff, 0x9a, 0x80, 0x6a, 0xc9, 0xff, 0x9a, 0x80, 0x67, 0x1e, 0x31, 0xc3,
    0x55, 0xc5, 0xff, 0x96, 0x7c, 0x6b, 0x1d, 0xff, 0x9a, 0x80, 0x6b, 0xad,
    0xff, 0x9b, 0x80, 0x6b, 0xff, 0xfd, 0xfd, 0xfd, 0xfd, 0xfd, 0xd4, 0xff,
    0x9b, 0x80, 0x6b, 0xf5, 0xff, 0x9b, 0x80, 0x6a, 0x7c, 0xff, 0x80, 0x80,
    0x56, 0x06, 0x31, 0xc4, 0xc8, 0xff, 0x99, 0x7e, 0x68, 0x39, 0xff, 0x9a,
    0x80, 0x6b, 0xab, 0xff, 0x9b, 0x80, 0x6b, 0xf8, 0x33, 0xfd, 0xfd, 0xfd,
    0xfd, 0xfd, 0xcf, 0xff, 0x9b, 0x80, 0x6a, 0xe6, 0xff, 0x9b, 0x80, 0x6a,
    0x88, 0xff, 0x91, 0x7b, 0x65, 0x17, 0x31, 0xc6, 0x55, 0xc9, 0xff, 0x90,
    0x80, 0x61, 0x10, 0xff, 0x9a, 0x80, 0x6a, 0x50, 0xff, 0x9a, 0x80, 0x6b,
    0x87, 0xff, 0x9b, 0x80, 0x6a, 0xac, 0xff, 0x9b, 0x80, 0x6a, 0xbd, 0xff,
    0x9b, 0x80, 0x6b, 0xc7, 0xfd, 0xfd, 0xfd, 0xfd, 0xfd, 0xc6, 0xff, 0x9b,
    0x80, 0x6b, 0xc5, 0xff, 0x9b, 0x80, 0x6b, 0xb9, 0xff, 0x9b, 0x80, 0x6a,
    0xa0, 0xff, 0x9b, 0x7f, 0x6a, 0x77, 0xff, 0x9b, 0x80, 0x6b, 0x3a, 0xff,
    0x80, 0x80, 0x41, 0x04, 0xff, 0xff, 0xff, 0xff, 0x00, 0xc8
};
