// 4.26.0 0xd8889e22 D2 AY R0 FARGB8888 U888 N0 SExtFlashSection
// Generated by imageconverter. Please, do not edit!

#include <touchgfx/hal/Config.hpp>

LOCATION_PRAGMA("ExtFlashSection")
KEEP extern const unsigned char image_bot150x50_tec_y[] LOCATION_ATTRIBUTE("ExtFlashSection") = { // 151x51 ARGB8888 pixels.
    0xff, 0xff, 0xff, 0x00, 0xff, 0xff, 0xff, 0x00, 0xff, 0xff, 0xff, 0x00,
    0xff, 0xff, 0xff, 0x00, 0x01, 0x01, 0x01, 0x01, 0x28, 0xcb, 0xfc, 0x49,
    0x29, 0xcb, 0xfe, 0xa0, 0x28, 0xcc, 0xfe, 0xd1, 0x29, 0xcc, 0xfe, 0xe2,
    0x29, 0xcc, 0xfe, 0xe3, 0x29, 0xcc, 0xfe, 0xe3, 0x29, 0xcc, 0xfe, 0xe3,
    0x29, 0xcc, 0xfe, 0xe3, 0x29, 0xcc, 0xfe, 0xe3, 0x29, 0xcc, 0xfe, 0xe3,
    0x29, 0xcc, 0xfe, 0xe3, 0x29, 0xcc, 0xfe, 0xe3, 0x29, 0xcc, 0xfe, 0xe3,
    0x29, 0xcc, 0xfe, 0xe3, 0x29, 0xcc, 0xfe, 0xe3, 0x29, 0xcc, 0xfe, 0xe3,
    0x29, 0xcc, 0xfe, 0xe3, 0x29, 0xcc, 0xfe, 0xe3, 0x29, 0xcc, 0xfe, 0xe3,
    0x29, 0xcc, 0xfe, 0xe3, 0x29, 0xcc, 0xfe, 0xe3, 0x29, 0xcc, 0xfe, 0xe3,
    0x29, 0xcc, 0xfe, 0xe3, 0x29, 0xcc, 0xfe, 0xe3, 0x29, 0xcc, 0xfe, 0xe3,
    0x29, 0xcc, 0xfe, 0xe3, 0x29, 0xcc, 0xfe, 0xe3, 0x29, 0xcc, 0xfe, 0xe3,
    0x29, 0xcc, 0xfe, 0xe3, 0x29, 0xcc, 0xfe, 0xe3, 0x29, 0xcc, 0xfe, 0xe3,
    0x29, 0xcc, 0xfe, 0xe3, 0x29, 0xcc, 0xfe, 0xe3, 0x29, 0xcc, 0xfe, 0xe3,
    0x29, 0xcc, 0xfe, 0xe3, 0x29, 0xcc, 0xfe, 0xe3, 0x29, 0xcc, 0xfe, 0xe3,
    0x29, 0xcc, 0xfe, 0xe3, 0x29, 0xcc, 0xfe, 0xe3, 0x29, 0xcc, 0xfe, 0xe3,
    0x29, 0xcc, 0xfe, 0xe3, 0x29, 0xcc, 0xfe, 0xe3, 0x29, 0xcc, 0xfe, 0xe3,
    0x29, 0xcc, 0xfe, 0xe3, 0x29, 0xcc, 0xfe, 0xe3, 0x29, 0xcc, 0xfe, 0xe3,
    0x29, 0xcc, 0xfe, 0xe3, 0x29, 0xcc, 0xfe, 0xe3, 0x29, 0xcc, 0xfe, 0xe3,
    0x29, 0xcc, 0xfe, 0xe3, 0x29, 0xcc, 0xfe, 0xe3, 0x29, 0xcc, 0xfe, 0xe3,
    0x29, 0xcc, 0xfe, 0xe3, 0x29, 0xcc, 0xfe, 0xe3, 0x29, 0xcc, 0xfe, 0xe3,
    0x29, 0xcc, 0xfe, 0xe3, 0x29, 0xcc, 0xfe, 0xe3, 0x29, 0xcc, 0xfe, 0xe3,
    0x29, 0xcc, 0xfe, 0xe3, 0x29, 0xcc, 0xfe, 0xe3, 0x29, 0xcc, 0xfe, 0xe3,
    0x29, 0xcc, 0xfe, 0xe3, 0x29, 0xcc, 0xfe, 0xe3, 0x29, 0xcc, 0xfe, 0xe3,
    0x29, 0xcc, 0xfe, 0xe3, 0x29, 0xcc, 0xfe, 0xe3, 0x29, 0xcc, 0xfe, 0xe3,
    0x29, 0xcc, 0xfe, 0xe3, 0x29, 0xcc, 0xfe, 0xe3, 0x29, 0xcc, 0xfe, 0xe3,
    0x29, 0xcc, 0xfe, 0xe3, 0x29, 0xcc, 0xfe, 0xe3, 0x29, 0xcc, 0xfe, 0xe3,
    0x29, 0xcc, 0xfe, 0xe3, 0x29, 0xcc, 0xfe, 0xe3, 0x29, 0xcc, 0xfe, 0xe3,
    0x29, 0xcc, 0xfe, 0xe3, 0x29, 0xcc, 0xfe, 0xe3, 0x29, 0xcc, 0xfe, 0xe3,
    0x29, 0xcc, 0xfe, 0xe3, 0x29, 0xcc, 0xfe, 0xe3, 0x29, 0xcc, 0xfe, 0xe3,
    0x29, 0xcc, 0xfe, 0xe3, 0x29, 0xcc, 0xfe, 0xe3, 0x29, 0xcc, 0xfe, 0xe3,
    0x29, 0xcc, 0xfe, 0xe3, 0x29, 0xcc, 0xfe, 0xe3, 0x29, 0xcc, 0xfe, 0xe3,
    0x29, 0xcc, 0xfe, 0xe3, 0x29, 0xcc, 0xfe, 0xe3, 0x29, 0xcc, 0xfe, 0xe3,
    0x29, 0xcc, 0xfe, 0xe3, 0x29, 0xcc, 0xfe, 0xe3, 0x29, 0xcc, 0xfe, 0xe3,
    0x29, 0xcc, 0xfe, 0xe3, 0x29, 0xcc, 0xfe, 0xe3, 0x29, 0xcc, 0xfe, 0xe3,
    0x29, 0xcc, 0xfe, 0xe3, 0x29, 0xcc, 0xfe, 0xe3, 0x29, 0xcc, 0xfe, 0xe3,
    0x29, 0xcc, 0xfe, 0xe3, 0x29, 0xcc, 0xfe, 0xe3, 0x29, 0xcc, 0xfe, 0xe3,
    0x29, 0xcc, 0xfe, 0xe3, 0x29, 0xcc, 0xfe, 0xe3, 0x29, 0xcc, 0xfe, 0xe3,
    0x29, 0xcc, 0xfe, 0xe3, 0x29, 0xcc, 0xfe, 0xe3, 0x29, 0xcc, 0xfe, 0xe3,
    0x29, 0xcc, 0xfe, 0xe3, 0x29, 0xcc, 0xfe, 0xe3, 0x29, 0xcc, 0xfe, 0xe3,
    0x29, 0xcc, 0xfe, 0xe3, 0x29, 0xcc, 0xfe, 0xe3, 0x29, 0xcc, 0xfe, 0xe3,
    0x29, 0xcc, 0xfe, 0xe3, 0x29, 0xcc, 0xfe, 0xe3, 0x29, 0xcc, 0xfe, 0xe3,
    0x29, 0xcc, 0xfe, 0xe3, 0x29, 0xcc, 0xfe, 0xe3, 0x29, 0xcc, 0xfe, 0xe3,
    0x29, 0xcc, 0xfe, 0xe3, 0x29, 0xcc, 0xfe, 0xe3, 0x29, 0xcc, 0xfe, 0xe3,
    0x29, 0xcc, 0xfe, 0xe3, 0x29, 0xcc, 0xfe, 0xe3, 0x29, 0xcc, 0xfe, 0xe3,
    0x29, 0xcc, 0xfe, 0xe3, 0x29, 0xcc, 0xfe, 0xe3, 0x29, 0xcc, 0xfe, 0xe3,
    0x29, 0xcc, 0xfe, 0xe3, 0x29, 0xcc, 0xfe, 0xe3, 0x29, 0xcc, 0xfe, 0xe3,
    0x29, 0xcc, 0xfe, 0xe3, 0x29, 0xcc, 0xfe, 0xe3, 0x29, 0xcc, 0xfe, 0xe3,
    0x29, 0xcc, 0xfe, 0xe3, 0x29, 0xcc, 0xfe, 0xdf, 0x28, 0xcc, 0xfe, 0xc4,
    0x29, 0xcb, 0xfe, 0x87, 0x29, 0xcb, 0xf9, 0x27, 0xff, 0xff, 0xff, 0x00,
    0xff, 0xff, 0xff, 0x00, 0xff, 0xff, 0xff, 0x00, 0xff, 0xff, 0xff, 0x00,
    0xff, 0xff, 0xff, 0x00, 0xff, 0xff, 0xff, 0x00, 0xff, 0xff, 0xff, 0x00,
    0xff, 0xff, 0xff, 0x00, 0x25, 0xca, 0xfa, 0x2b, 0x29, 0xcc, 0xfe, 0xc9,
    0x29, 0xcc, 0xff, 0xff, 0x29, 0xcc, 0xff, 0xff, 0x29, 0xcc, 0xff, 0xff,
    0x29, 0xcc, 0xff, 0xff, 0x29, 0xcc, 0xff, 0xff, 0x29, 0xcc, 0xff, 0xff,
    0x29, 0xcc, 0xff, 0xff, 0x29, 0xcc, 0xff, 0xff, 0x29, 0xcc, 0xff, 0xff,
    0x29, 0xcc, 0xff, 0xff, 0x29, 0xcc, 0xff, 0xff, 0x29, 0xcc, 0xff, 0xff,
    0x29, 0xcc, 0xff, 0xff, 0x29, 0xcc, 0xff, 0xff, 0x29, 0xcc, 0xff, 0xff,
    0x29, 0xcc, 0xff, 0xff, 0x29, 0xcc, 0xff, 0xff, 0x29, 0xcc, 0xff, 0xff,
    0x29, 0xcc, 0xff, 0xff, 0x29, 0xcc, 0xff, 0xff, 0x29, 0xcc, 0xff, 0xff,
    0x29, 0xcc, 0xff, 0xff, 0x29, 0xcc, 0xff, 0xff, 0x29, 0xcc, 0xff, 0xff,
    0x29, 0xcc, 0xff, 0xff, 0x29, 0xcc, 0xff, 0xff, 0x29, 0xcc, 0xff, 0xff,
    0x29, 0xcc, 0xff, 0xff, 0x29, 0xcc, 0xff, 0xff, 0x29, 0xcc, 0xff, 0xff,
    0x29, 0xcc, 0xff, 0xff, 0x29, 0xcc, 0xff, 0xff, 0x29, 0xcc, 0xff, 0xff,
    0x29, 0xcc, 0xff, 0xff, 0x29, 0xcc, 0xff, 0xff, 0x29, 0xcc, 0xff, 0xff,
    0x29, 0xcc, 0xff, 0xff, 0x29, 0xcc, 0xff, 0xff, 0x29, 0xcc, 0xff, 0xff,
    0x29, 0xcc, 0xff, 0xff, 0x29, 0xcc, 0xff, 0xff, 0x29, 0xcc, 0xff, 0xff,
    0x29, 0xcc, 0xff, 0xff, 0x29, 0xcc, 0xff, 0xff, 0x29, 0xcc, 0xff, 0xff,
    0x29, 0xcc, 0xff, 0xff, 0x29, 0xcc, 0xff, 0xff, 0x29, 0xcc, 0xff, 0xff,
    0x29, 0xcc, 0xff, 0xff, 0x29, 0xcc, 0xff, 0xff, 0x29, 0xcc, 0xff, 0xff,
    0x29, 0xcc, 0xff, 0xff, 0x29, 0xcc, 0xff, 0xff, 0x29, 0xcc, 0xff, 0xff,
    0x29, 0xcc, 0xff, 0xff, 0x29, 0xcc, 0xff, 0xff, 0x29, 0xcc, 0xff, 0xff,
    0x29, 0xcc, 0xff, 0xff, 0x29, 0xcc, 0xff, 0xff, 0x29, 0xcc, 0xff, 0xff,
    0x29, 0xcc, 0xff, 0xff, 0x29, 0xcc, 0xff, 0xff, 0x29, 0xcc, 0xff, 0xff,
    0x29, 0xcc, 0xff, 0xff, 0x29, 0xcc, 0xff, 0xff, 0x29, 0xcc, 0xff, 0xff,
    0x29, 0xcc, 0xff, 0xff, 0x29, 0xcc, 0xff, 0xff, 0x29, 0xcc, 0xff, 0xff,
    0x29, 0xcc, 0xff, 0xff, 0x29, 0xcc, 0xff, 0xff, 0x29, 0xcc, 0xff, 0xff,
    0x29, 0xcc, 0xff, 0xff, 0x29, 0xcc, 0xff, 0xff, 0x29, 0xcc, 0xff, 0xff,
    0x29, 0xcc, 0xff, 0xff, 0x29, 0xcc, 0xff, 0xff, 0x29, 0xcc, 0xff, 0xff,
    0x29, 0xcc, 0xff, 0xff, 0x29, 0xcc, 0xff, 0xff, 0x29, 0xcc, 0xff, 0xff,
    0x29, 0xcc, 0xff, 0xff, 0x29, 0xcc, 0xff, 0xff, 0x29, 0xcc, 0xff, 0xff,
    0x29, 0xcc, 0xff, 0xff, 0x29, 0xcc, 0xff, 0xff, 0x29, 0xcc, 0xff, 0xff,
    0x29, 0xcc, 0xff, 0xff, 0x29, 0xcc, 0xff, 0xff, 0x29, 0xcc, 0xff, 0xff,
    0x29, 0xcc, 0xff, 0xff, 0x29, 0xcc, 0xff, 0xff, 0x29, 0xcc, 0xff, 0xff,
    0x29, 0xcc, 0xff, 0xff, 0x29, 0xcc, 0xff, 0xff, 0x29, 0xcc, 0xff, 0xff,
    0x29, 0xcc, 0xff, 0xff, 0x29, 0xcc, 0xff, 0xff, 0x29, 0xcc, 0xff, 0xff,
    0x29, 0xcc, 0xff, 0xff, 0x29, 0xcc, 0xff, 0xff, 0x29, 0xcc, 0xff, 0xff,
    0x29, 0xcc, 0xff, 0xff, 0x29, 0xcc, 0xff, 0xff, 0x29, 0xcc, 0xff, 0xff,
    0x29, 0xcc, 0xff, 0xff, 0x29, 0xcc, 0xff, 0xff, 0x29, 0xcc, 0xff, 0xff,
    0x29, 0xcc, 0xff, 0xff, 0x29, 0xcc, 0xff, 0xff, 0x29, 0xcc, 0xff, 0xff,
    0x29, 0xcc, 0xff, 0xff, 0x29, 0xcc, 0xff, 0xff, 0x29, 0xcc, 0xff, 0xff,
    0x29, 0xcc, 0xff, 0xff, 0x29, 0xcc, 0xff, 0xff, 0x29, 0xcc, 0xff, 0xff,
    0x29, 0xcc, 0xff, 0xff, 0x29, 0xcc, 0xff, 0xff, 0x29, 0xcc, 0xff, 0xff,
    0x29, 0xcc, 0xff, 0xff, 0x29, 0xcc, 0xff, 0xff, 0x29, 0xcc, 0xff, 0xff,
    0x29, 0xcc, 0xff, 0xff, 0x29, 0xcc, 0xff, 0xff, 0x29, 0xcc, 0xff, 0xff,
    0x29, 0xcc, 0xff, 0xff, 0x29, 0xcc, 0xff, 0xff, 0x29, 0xcc, 0xff, 0xff,
    0x29, 0xcc, 0xff, 0xff, 0x29, 0xcc, 0xff, 0xff, 0x29, 0xcc, 0xff, 0xff,
    0x29, 0xcc, 0xff, 0xff, 0x29, 0xcc, 0xff, 0xff, 0x29, 0xcc, 0xff, 0xff,
    0x29, 0xcc, 0xff, 0xff, 0x29, 0xcc, 0xff, 0xff, 0x29, 0xcc, 0xff, 0xff,
    0x29, 0xcc, 0xff, 0xff, 0x29, 0xcc, 0xff, 0xff, 0x29, 0xcc, 0xfe, 0xfc,
    0x28, 0xcc, 0xfe, 0x98, 0x17, 0xc0, 0xea, 0x0c, 0xff, 0xff, 0xff, 0x00,
    0xff, 0xff, 0xff, 0x00, 0xff, 0xff, 0xff, 0x00, 0xff, 0xff, 0xff, 0x00,
    0xff, 0xff, 0xff, 0x00, 0x29, 0xcc, 0xfc, 0x40, 0x29, 0xcc, 0xfe, 0xf3,
    0x29, 0xcc, 0xff, 0xff, 0x29, 0xcc, 0xff, 0xff, 0x29, 0xcc, 0xff, 0xff,
    0x29, 0xcc, 0xff, 0xff, 0x29, 0xcc, 0xff, 0xff, 0x29, 0xcc, 0xff, 0xff,
    0x29, 0xcc, 0xff, 0xff, 0x29, 0xcc, 0xff, 0xff, 0x29, 0xcc, 0xff, 0xff,
    0x29, 0xcc, 0xff, 0xff, 0x29, 0xcc, 0xff, 0xff, 0x29, 0xcc, 0xff, 0xff,
    0x29, 0xcc, 0xff, 0xff, 0x29, 0xcc, 0xff, 0xff, 0x29, 0xcc, 0xff, 0xff,
    0x29, 0xcc, 0xff, 0xff, 0x29, 0xcc, 0xff, 0xff, 0x29, 0xcc, 0xff, 0xff,
    0x29, 0xcc, 0xff, 0xff, 0x29, 0xcc, 0xff, 0xff, 0x29, 0xcc, 0xff, 0xff,
    0x29, 0xcc, 0xff, 0xff, 0x29, 0xcc, 0xff, 0xff, 0x29, 0xcc, 0xff, 0xff,
    0x29, 0xcc, 0xff, 0xff, 0x29, 0xcc, 0xff, 0xff, 0x29, 0xcc, 0xff, 0xff,
    0x29, 0xcc, 0xff, 0xff, 0x29, 0xcc, 0xff, 0xff, 0x29, 0xcc, 0xff, 0xff,
    0x29, 0xcc, 0xff, 0xff, 0x29, 0xcc, 0xff, 0xff, 0x29, 0xcc, 0xff, 0xff,
    0x29, 0xcc, 0xff, 0xff, 0x29, 0xcc, 0xff, 0xff, 0x29, 0xcc, 0xff, 0xff,
    0x29, 0xcc, 0xff, 0xff, 0x29, 0xcc, 0xff, 0xff, 0x29, 0xcc, 0xff, 0xff,
    0x29, 0xcc, 0xff, 0xff, 0x29, 0xcc, 0xff, 0xff, 0x29, 0xcc, 0xff, 0xff,
    0x29, 0xcc, 0xff, 0xff, 0x29, 0xcc, 0xff, 0xff, 0x29, 0xcc, 0xff, 0xff,
    0x29, 0xcc, 0xff, 0xff, 0x29, 0xcc, 0xff, 0xff, 0x29, 0xcc, 0xff, 0xff,
    0x29, 0xcc, 0xff, 0xff, 0x29, 0xcc, 0xff, 0xff, 0x29, 0xcc, 0xff, 0xff,
    0x29, 0xcc, 0xff, 0xff, 0x29, 0xcc, 0xff, 0xff, 0x29, 0xcc, 0xff, 0xff,
    0x29, 0xcc, 0xff, 0xff, 0x29, 0xcc, 0xff, 0xff, 0x29, 0xcc, 0xff, 0xff,
    0x29, 0xcc, 0xff, 0xff, 0x29, 0xcc, 0xff, 0xff, 0x29, 0xcc, 0xff, 0xff,
    0x29, 0xcc, 0xff, 0xff, 0x29, 0xcc, 0xff, 0xff, 0x29, 0xcc, 0xff, 0xff,
    0x29, 0xcc, 0xff, 0xff, 0x29, 0xcc, 0xff, 0xff, 0x29, 0xcc, 0xff, 0xff,
    0x29, 0xcc, 0xff, 0xff, 0x29, 0xcc, 0xff, 0xff, 0x29, 0xcc, 0xff, 0xff,
    0x29, 0xcc, 0xff, 0xff, 0x29, 0xcc, 0xff, 0xff, 0x29, 0xcc, 0xff, 0xff,
    0x29, 0xcc, 0xff, 0xff, 0x29, 0xcc, 0xff, 0xff, 0x29, 0xcc, 0xff, 0xff,
    0x29, 0xcc, 0xff, 0xff, 0x29, 0xcc, 0xff, 0xff, 0x29, 0xcc, 0xff, 0xff,
    0x29, 0xcc, 0xff, 0xff, 0x29, 0xcc, 0xff, 0xff, 0x29, 0xcc, 0xff, 0xff,
    0x29, 0xcc, 0xff, 0xff, 0x29, 0xcc, 0xff, 0xff, 0x29, 0xcc, 0xff, 0xff,
    0x29, 0xcc, 0xff, 0xff, 0x29, 0xcc, 0xff, 0xff, 0x29, 0xcc, 0xff, 0xff,
    0x29, 0xcc, 0xff, 0xff, 0x29, 0xcc, 0xff, 0xff, 0x29, 0xcc, 0xff, 0xff,
    0x29, 0xcc, 0xff, 0xff, 0x29, 0xcc, 0xff, 0xff, 0x29, 0xcc, 0xff, 0xff,
    0x29, 0xcc, 0xff, 0xff, 0x29, 0xcc, 0xff, 0xff, 0x29, 0xcc, 0xff, 0xff,
    0x29, 0xcc, 0xff, 0xff, 0x29, 0xcc, 0xff, 0xff, 0x29, 0xcc, 0xff, 0xff,
    0x29, 0xcc, 0xff, 0xff, 0x29, 0xcc, 0xff, 0xff, 0x29, 0xcc, 0xff, 0xff,
    0x29, 0xcc, 0xff, 0xff, 0x29, 0xcc, 0xff, 0xff, 0x29, 0xcc, 0xff, 0xff,
    0x29, 0xcc, 0xff, 0xff, 0x29, 0xcc, 0xff, 0xff, 0x29, 0xcc, 0xff, 0xff,
    0x29, 0xcc, 0xff, 0xff, 0x29, 0xcc, 0xff, 0xff, 0x29, 0xcc, 0xff, 0xff,
    0x29, 0xcc, 0xff, 0xff, 0x29, 0xcc, 0xff, 0xff, 0x29, 0xcc, 0xff, 0xff,
    0x29, 0xcc, 0xff, 0xff, 0x29, 0xcc, 0xff, 0xff, 0x29, 0xcc, 0xff, 0xff,
    0x29, 0xcc, 0xff, 0xff, 0x29, 0xcc, 0xff, 0xff, 0x29, 0xcc, 0xff, 0xff,
    0x29, 0xcc, 0xff, 0xff, 0x29, 0xcc, 0xff, 0xff, 0x29, 0xcc, 0xff, 0xff,
    0x29, 0xcc, 0xff, 0xff, 0x29, 0xcc, 0xff, 0xff, 0x29, 0xcc, 0xff, 0xff,
    0x29, 0xcc, 0xff, 0xff, 0x29, 0xcc, 0xff, 0xff, 0x29, 0xcc, 0xff, 0xff,
    0x29, 0xcc, 0xff, 0xff, 0x29, 0xcc, 0xff, 0xff, 0x29, 0xcc, 0xff, 0xff,
    0x29, 0xcc, 0xff, 0xff, 0x29, 0xcc, 0xff, 0xff, 0x29, 0xcc, 0xff, 0xff,
    0x29, 0xcc, 0xff, 0xff, 0x29, 0xcc, 0xff, 0xff, 0x29, 0xcc, 0xff, 0xff,
    0x29, 0xcc, 0xff, 0xff, 0x29, 0xcc, 0xff, 0xff, 0x29, 0xcc, 0xff, 0xff,
    0x29, 0xcc, 0xff, 0xff, 0x29, 0xcc, 0xff, 0xff, 0x29, 0xcb, 0xfe, 0xcd,
    0x1f, 0xc4, 0xf1, 0x11, 0xff, 0xff, 0xff, 0x00, 0xff, 0xff, 0xff, 0x00,
    0xff, 0xff, 0xff, 0x00, 0x29, 0xc8, 0xf8, 0x20, 0x29, 0xcc, 0xfe, 0xef,
    0x29, 0xcc, 0xff, 0xff, 0x29, 0xcc, 0xff, 0xff, 0x29, 0xcc, 0xff, 0xff,
    0x29, 0xcc, 0xff, 0xff, 0x29, 0xcc, 0xff, 0xff, 0x29, 0xcc, 0xff, 0xff,
    0x29, 0xcc, 0xff, 0xff, 0x29, 0xcc, 0xff, 0xff, 0x29, 0xcc, 0xff, 0xff,
    0x29, 0xcc, 0xff, 0xff, 0x29, 0xcc, 0xff, 0xff, 0x29, 0xcc, 0xff, 0xff,
    0x29, 0xcc, 0xff, 0xff, 0x29, 0xcc, 0xff, 0xff, 0x29, 0xcc, 0xff, 0xff,
    0x29, 0xcc, 0xff, 0xff, 0x29, 0xcc, 0xff, 0xff, 0x29, 0xcc, 0xff, 0xff,
    0x29, 0xcc, 0xff, 0xff, 0x29, 0xcc, 0xff, 0xff, 0x29, 0xcc, 0xff, 0xff,
    0x29, 0xcc, 0xff, 0xff, 0x29, 0xcc, 0xff, 0xff, 0x29, 0xcc, 0xff, 0xff,
    0x29, 0xcc, 0xff, 0xff, 0x29, 0xcc, 0xff, 0xff, 0x29, 0xcc, 0xff, 0xff,
    0x29, 0xcc, 0xff, 0xff, 0x29, 0xcc, 0xff, 0xff, 0x29, 0xcc, 0xff, 0xff,
    0x29, 0xcc, 0xff, 0xff, 0x29, 0xcc, 0xff, 0xff, 0x29, 0xcc, 0xff, 0xff,
    0x29, 0xcc, 0xff, 0xff, 0x29, 0xcc, 0xff, 0xff, 0x29, 0xcc, 0xff, 0xff,
    0x29, 0xcc, 0xff, 0xff, 0x29, 0xcc, 0xff, 0xff, 0x29, 0xcc, 0xff, 0xff,
    0x29, 0xcc, 0xff, 0xff, 0x29, 0xcc, 0xff, 0xff, 0x29, 0xcc, 0xff, 0xff,
    0x29, 0xcc, 0xff, 0xff, 0x29, 0xcc, 0xff, 0xff, 0x29, 0xcc, 0xff, 0xff,
    0x29, 0xcc, 0xff, 0xff, 0x29, 0xcc, 0xff, 0xff, 0x29, 0xcc, 0xff, 0xff,
    0x29, 0xcc, 0xff, 0xff, 0x29, 0xcc, 0xff, 0xff, 0x29, 0xcc, 0xff, 0xff,
    0x29, 0xcc, 0xff, 0xff, 0x29, 0xcc, 0xff, 0xff, 0x29, 0xcc, 0xff, 0xff,
    0x29, 0xcc, 0xff, 0xff, 0x29, 0xcc, 0xff, 0xff, 0x29, 0xcc, 0xff, 0xff,
    0x29, 0xcc, 0xff, 0xff, 0x29, 0xcc, 0xff, 0xff, 0x29, 0xcc, 0xff, 0xff,
    0x29, 0xcc, 0xff, 0xff, 0x29, 0xcc, 0xff, 0xff, 0x29, 0xcc, 0xff, 0xff,
    0x29, 0xcc, 0xff, 0xff, 0x29, 0xcc, 0xff, 0xff, 0x29, 0xcc, 0xff, 0xff,
    0x29, 0xcc, 0xff, 0xff, 0x29, 0xcc, 0xff, 0xff, 0x29, 0xcc, 0xff, 0xff,
    0x29, 0xcc, 0xff, 0xff, 0x29, 0xcc, 0xff, 0xff, 0x29, 0xcc, 0xff, 0xff,
    0x29, 0xcc, 0xff, 0xff, 0x29, 0xcc, 0xff, 0xff, 0x29, 0xcc, 0xff, 0xff,
    0x29, 0xcc, 0xff, 0xff, 0x29, 0xcc, 0xff, 0xff, 0x29, 0xcc, 0xff, 0xff,
    0x29, 0xcc, 0xff, 0xff, 0x29, 0xcc, 0xff, 0xff, 0x29, 0xcc, 0xff, 0xff,
    0x29, 0xcc, 0xff, 0xff, 0x29, 0xcc, 0xff, 0xff, 0x29, 0xcc, 0xff, 0xff,
    0x29, 0xcc, 0xff, 0xff, 0x29, 0xcc, 0xff, 0xff, 0x29, 0xcc, 0xff, 0xff,
    0x29, 0xcc, 0xff, 0xff, 0x29, 0xcc, 0xff, 0xff, 0x29, 0xcc, 0xff, 0xff,
    0x29, 0xcc, 0xff, 0xff, 0x29, 0xcc, 0xff, 0xff, 0x29, 0xcc, 0xff, 0xff,
    0x29, 0xcc, 0xff, 0xff, 0x29, 0xcc, 0xff, 0xff, 0x29, 0xcc, 0xff, 0xff,
    0x29, 0xcc, 0xff, 0xff, 0x29, 0xcc, 0xff, 0xff, 0x29, 0xcc, 0xff, 0xff,
    0x29, 0xcc, 0xff, 0xff, 0x29, 0xcc, 0xff, 0xff, 0x29, 0xcc, 0xff, 0xff,
    0x29, 0xcc, 0xff, 0xff, 0x29, 0xcc, 0xff, 0xff, 0x29, 0xcc, 0xff, 0xff,
    0x29, 0xcc, 0xff, 0xff, 0x29, 0xcc, 0xff, 0xff, 0x29, 0xcc, 0xff, 0xff,
    0x29, 0xcc, 0xff, 0xff, 0x29, 0xcc, 0xff, 0xff, 0x29, 0xcc, 0xff, 0xff,
    0x29, 0xcc, 0xff, 0xff, 0x29, 0xcc, 0xff, 0xff, 0x29, 0xcc, 0xff, 0xff,
    0x29, 0xcc, 0xff, 0xff, 0x29, 0xcc, 0xff, 0xff, 0x29, 0xcc, 0xff, 0xff,
    0x29, 0xcc, 0xff, 0xff, 0x29, 0xcc, 0xff, 0xff, 0x29, 0xcc, 0xff, 0xff,
    0x29, 0xcc, 0xff, 0xff, 0x29, 0xcc, 0xff, 0xff, 0x29, 0xcc, 0xff, 0xff,
    0x29, 0xcc, 0xff, 0xff, 0x29, 0xcc, 0xff, 0xff, 0x29, 0xcc, 0xff, 0xff,
    0x29, 0xcc, 0xff, 0xff, 0x29, 0xcc, 0xff, 0xff, 0x29, 0xcc, 0xff, 0xff,
    0x29, 0xcc, 0xff, 0xff, 0x29, 0xcc, 0xff, 0xff, 0x29, 0xcc, 0xff, 0xff,
    0x29, 0xcc, 0xff, 0xff, 0x29, 0xcc, 0xff, 0xff, 0x29, 0xcc, 0xff, 0xff,
    0x29, 0xcc, 0xff, 0xff, 0x29, 0xcc, 0xff, 0xff, 0x29, 0xcc, 0xff, 0xff,
    0x29, 0xcc, 0xff, 0xff, 0x29, 0xcc, 0xff, 0xff, 0x29, 0xcc, 0xff, 0xff,
    0x29, 0xcc, 0xff, 0xff, 0x29, 0xcc, 0xff, 0xff, 0x29, 0xcc, 0xff, 0xff,
    0x29, 0xcc, 0xff, 0xff, 0x29, 0xcb, 0xfe, 0xb9, 0x01, 0x01, 0x01, 0x01,
    0xff, 0xff, 0xff, 0x00, 0xff, 0xff, 0xff, 0x00, 0x28, 0xcc, 0xfe, 0xb0,
    0x29, 0xcc, 0xff, 0xff, 0x29, 0xcc, 0xff, 0xff, 0x29, 0xcc, 0xff, 0xff,
    0x29, 0xcc, 0xff, 0xff, 0x29, 0xcc, 0xff, 0xff, 0x29, 0xcc, 0xff, 0xff,
    0x29, 0xcc, 0xff, 0xff, 0x29, 0xcc, 0xff, 0xff, 0x29, 0xcc, 0xff, 0xff,
    0x29, 0xcc, 0xff, 0xff, 0x29, 0xcc, 0xff, 0xff, 0x29, 0xcc, 0xff, 0xff,
    0x29, 0xcc, 0xff, 0xff, 0x29, 0xcc, 0xff, 0xff, 0x29, 0xcc, 0xff, 0xff,
    0x29, 0xcc, 0xff, 0xff, 0x29, 0xcc, 0xff, 0xff, 0x29, 0xcc, 0xff, 0xff,
    0x29, 0xcc, 0xff, 0xff, 0x29, 0xcc, 0xff, 0xff, 0x29, 0xcc, 0xff, 0xff,
    0x29, 0xcc, 0xff, 0xff, 0x29, 0xcc, 0xff, 0xff, 0x29, 0xcc, 0xff, 0xff,
    0x29, 0xcc, 0xff, 0xff, 0x29, 0xcc, 0xff, 0xff, 0x29, 0xcc, 0xff, 0xff,
    0x29, 0xcc, 0xff, 0xff, 0x29, 0xcc, 0xff, 0xff, 0x29, 0xcc, 0xff, 0xff,
    0x29, 0xcc, 0xff, 0xff, 0x29, 0xcc, 0xff, 0xff, 0x29, 0xcc, 0xff, 0xff,
    0x29, 0xcc, 0xff, 0xff, 0x29, 0xcc, 0xff, 0xff, 0x29, 0xcc, 0xff, 0xff,
    0x29, 0xcc, 0xff, 0xff, 0x29, 0xcc, 0xff, 0xff, 0x29, 0xcc, 0xff, 0xff,
    0x29, 0xcc, 0xff, 0xff, 0x29, 0xcc, 0xff, 0xff, 0x29, 0xcc, 0xff, 0xff,
    0x29, 0xcc, 0xff, 0xff, 0x29, 0xcc, 0xff, 0xff, 0x29, 0xcc, 0xff, 0xff,
    0x29, 0xcc, 0xff, 0xff, 0x29, 0xcc, 0xff, 0xff, 0x29, 0xcc, 0xff, 0xff,
    0x29, 0xcc, 0xff, 0xff, 0x29, 0xcc, 0xff, 0xff, 0x29, 0xcc, 0xff, 0xff,
    0x29, 0xcc, 0xff, 0xff, 0x29, 0xcc, 0xff, 0xff, 0x29, 0xcc, 0xff, 0xff,
    0x29, 0xcc, 0xff, 0xff, 0x29, 0xcc, 0xff, 0xff, 0x29, 0xcc, 0xff, 0xff,
    0x29, 0xcc, 0xff, 0xff, 0x29, 0xcc, 0xff, 0xff, 0x29, 0xcc, 0xff, 0xff,
    0x29, 0xcc, 0xff, 0xff, 0x29, 0xcc, 0xff, 0xff, 0x29, 0xcc, 0xff, 0xff,
    0x29, 0xcc, 0xff, 0xff, 0x29, 0xcc, 0xff, 0xff, 0x29, 0xcc, 0xff, 0xff,
    0x29, 0xcc, 0xff, 0xff, 0x29, 0xcc, 0xff, 0xff, 0x29, 0xcc, 0xff, 0xff,
    0x29, 0xcc, 0xff, 0xff, 0x29, 0xcc, 0xff, 0xff, 0x29, 0xcc, 0xff, 0xff,
    0x29, 0xcc, 0xff, 0xff, 0x29, 0xcc, 0xff, 0xff, 0x29, 0xcc, 0xff, 0xff,
    0x29, 0xcc, 0xff, 0xff, 0x29, 0xcc, 0xff, 0xff, 0x29, 0xcc, 0xff, 0xff,
    0x29, 0xcc, 0xff, 0xff, 0x29, 0xcc, 0xff, 0xff, 0x29, 0xcc, 0xff, 0xff,
    0x29, 0xcc, 0xff, 0xff, 0x29, 0xcc, 0xff, 0xff, 0x29, 0xcc, 0xff, 0xff,
    0x29, 0xcc, 0xff, 0xff, 0x29, 0xcc, 0xff, 0xff, 0x29, 0xcc, 0xff, 0xff,
    0x29, 0xcc, 0xff, 0xff, 0x29, 0xcc, 0xff, 0xff, 0x29, 0xcc, 0xff, 0xff,
    0x29, 0xcc, 0xff, 0xff, 0x29, 0xcc, 0xff, 0xff, 0x29, 0xcc, 0xff, 0xff,
    0x29, 0xcc, 0xff, 0xff, 0x29, 0xcc, 0xff, 0xff, 0x29, 0xcc, 0xff, 0xff,
    0x29, 0xcc, 0xff, 0xff, 0x29, 0xcc, 0xff, 0xff, 0x29, 0xcc, 0xff, 0xff,
    0x29, 0xcc, 0xff, 0xff, 0x29, 0xcc, 0xff, 0xff, 0x29, 0xcc, 0xff, 0xff,
    0x29, 0xcc, 0xff, 0xff, 0x29, 0xcc, 0xff, 0xff, 0x29, 0xcc, 0xff, 0xff,
    0x29, 0xcc, 0xff, 0xff, 0x29, 0xcc, 0xff, 0xff, 0x29, 0xcc, 0xff, 0xff,
    0x29, 0xcc, 0xff, 0xff, 0x29, 0xcc, 0xff, 0xff, 0x29, 0xcc, 0xff, 0xff,
    0x29, 0xcc, 0xff, 0xff, 0x29, 0xcc, 0xff, 0xff, 0x29, 0xcc, 0xff, 0xff,
    0x29, 0xcc, 0xff, 0xff, 0x29, 0xcc, 0xff, 0xff, 0x29, 0xcc, 0xff, 0xff,
    0x29, 0xcc, 0xff, 0xff, 0x29, 0xcc, 0xff, 0xff, 0x29, 0xcc, 0xff, 0xff,
    0x29, 0xcc, 0xff, 0xff, 0x29, 0xcc, 0xff, 0xff, 0x29, 0xcc, 0xff, 0xff,
    0x29, 0xcc, 0xff, 0xff, 0x29, 0xcc, 0xff, 0xff, 0x29, 0xcc, 0xff, 0xff,
    0x29, 0xcc, 0xff, 0xff, 0x29, 0xcc, 0xff, 0xff, 0x29, 0xcc, 0xff, 0xff,
    0x29, 0xcc, 0xff, 0xff, 0x29, 0xcc, 0xff, 0xff, 0x29, 0xcc, 0xff, 0xff,
    0x29, 0xcc, 0xff, 0xff, 0x29, 0xcc, 0xff, 0xff, 0x29, 0xcc, 0xff, 0xff,
    0x29, 0xcc, 0xff, 0xff, 0x29, 0xcc, 0xff, 0xff, 0x29, 0xcc, 0xff, 0xff,
    0x29, 0xcc, 0xff, 0xff, 0x29, 0xcc, 0xff, 0xff, 0x29, 0xcc, 0xff, 0xff,
    0x29, 0xcc, 0xff, 0xff, 0x29, 0xcc, 0xff, 0xff, 0x29, 0xcc, 0xff, 0xff,
    0x29, 0xcc, 0xff, 0xff, 0x29, 0xcc, 0xff, 0xff, 0x29, 0xcc, 0xff, 0xff,
    0x28, 0xcb, 0xfd, 0x5c, 0xff, 0xff, 0xff, 0x00, 0x24, 0xc9, 0xf9, 0x25,
    0x29, 0xcc, 0xfe, 0xfe, 0x29, 0xcc, 0xff, 0xff, 0x29, 0xcc, 0xff, 0xff,
    0x29, 0xcc, 0xff, 0xff, 0x29, 0xcc, 0xff, 0xff, 0x29, 0xcc, 0xff, 0xff,
    0x29, 0xcc, 0xff, 0xff, 0x29, 0xcc, 0xff, 0xff, 0x29, 0xcc, 0xff, 0xff,
    0x29, 0xcc, 0xff, 0xff, 0x29, 0xcc, 0xff, 0xff, 0x29, 0xcc, 0xff, 0xff,
    0x29, 0xcc, 0xff, 0xff, 0x29, 0xcc, 0xff, 0xff, 0x29, 0xcc, 0xff, 0xff,
    0x29, 0xcc, 0xff, 0xff, 0x29, 0xcc, 0xff, 0xff, 0x29, 0xcc, 0xff, 0xff,
    0x29, 0xcc, 0xff, 0xff, 0x29, 0xcc, 0xff, 0xff, 0x29, 0xcc, 0xff, 0xff,
    0x29, 0xcc, 0xff, 0xff, 0x29, 0xcc, 0xff, 0xff, 0x29, 0xcc, 0xff, 0xff,
    0x29, 0xcc, 0xff, 0xff, 0x29, 0xcc, 0xff, 0xff, 0x29, 0xcc, 0xff, 0xff,
    0x29, 0xcc, 0xff, 0xff, 0x29, 0xcc, 0xff, 0xff, 0x29, 0xcc, 0xff, 0xff,
    0x29, 0xcc, 0xff, 0xff, 0x29, 0xcc, 0xff, 0xff, 0x29, 0xcc, 0xff, 0xff,
    0x29, 0xcc, 0xff, 0xff, 0x29, 0xcc, 0xff, 0xff, 0x29, 0xcc, 0xff, 0xff,
    0x29, 0xcc, 0xff, 0xff, 0x29, 0xcc, 0xff, 0xff, 0x29, 0xcc, 0xff, 0xff,
    0x29, 0xcc, 0xff, 0xff, 0x29, 0xcc, 0xff, 0xff, 0x29, 0xcc, 0xff, 0xff,
    0x29, 0xcc, 0xff, 0xff, 0x29, 0xcc, 0xff, 0xff, 0x29, 0xcc, 0xff, 0xff,
    0x29, 0xcc, 0xff, 0xff, 0x29, 0xcc, 0xff, 0xff, 0x29, 0xcc, 0xff, 0xff,
    0x29, 0xcc, 0xff, 0xff, 0x29, 0xcc, 0xff, 0xff, 0x29, 0xcc, 0xff, 0xff,
    0x29, 0xcc, 0xff, 0xff, 0x29, 0xcc, 0xff, 0xff, 0x29, 0xcc, 0xff, 0xff,
    0x29, 0xcc, 0xff, 0xff, 0x29, 0xcc, 0xff, 0xff, 0x29, 0xcc, 0xff, 0xff,
    0x29, 0xcc, 0xff, 0xff, 0x29, 0xcc, 0xff, 0xff, 0x29, 0xcc, 0xff, 0xff,
    0x29, 0xcc, 0xff, 0xff, 0x29, 0xcc, 0xff, 0xff, 0x29, 0xcc, 0xff, 0xff,
    0x29, 0xcc, 0xff, 0xff, 0x29, 0xcc, 0xff, 0xff, 0x29, 0xcc, 0xff, 0xff,
    0x29, 0xcc, 0xff, 0xff, 0x29, 0xcc, 0xff, 0xff, 0x29, 0xcc, 0xff, 0xff,
    0x29, 0xcc, 0xff, 0xff, 0x29, 0xcc, 0xff, 0xff, 0x29, 0xcc, 0xff, 0xff,
    0x29, 0xcc, 0xff, 0xff, 0x29, 0xcc, 0xff, 0xff, 0x29, 0xcc, 0xff, 0xff,
    0x29, 0xcc, 0xff, 0xff, 0x29, 0xcc, 0xff, 0xff, 0x29, 0xcc, 0xff, 0xff,
    0x29, 0xcc, 0xff, 0xff, 0x29, 0xcc, 0xff, 0xff, 0x29, 0xcc, 0xff, 0xff,
    0x29, 0xcc, 0xff, 0xff, 0x29, 0xcc, 0xff, 0xff, 0x29, 0xcc, 0xff, 0xff,
    0x29, 0xcc, 0xff, 0xff, 0x29, 0xcc, 0xff, 0xff, 0x29, 0xcc, 0xff, 0xff,
    0x29, 0xcc, 0xff, 0xff, 0x29, 0xcc, 0xff, 0xff, 0x29, 0xcc, 0xff, 0xff,
    0x29, 0xcc, 0xff, 0xff, 0x29, 0xcc, 0xff, 0xff, 0x29, 0xcc, 0xff, 0xff,
    0x29, 0xcc, 0xff, 0xff, 0x29, 0xcc, 0xff, 0xff, 0x29, 0xcc, 0xff, 0xff,
    0x29, 0xcc, 0xff, 0xff, 0x29, 0xcc, 0xff, 0xff, 0x29, 0xcc, 0xff, 0xff,
    0x29, 0xcc, 0xff, 0xff, 0x29, 0xcc, 0xff, 0xff, 0x29, 0xcc, 0xff, 0xff,
    0x29, 0xcc, 0xff, 0xff, 0x29, 0xcc, 0xff, 0xff, 0x29, 0xcc, 0xff, 0xff,
    0x29, 0xcc, 0xff, 0xff, 0x29, 0xcc, 0xff, 0xff, 0x29, 0xcc, 0xff, 0xff,
    0x29, 0xcc, 0xff, 0xff, 0x29, 0xcc, 0xff, 0xff, 0x29, 0xcc, 0xff, 0xff,
    0x29, 0xcc, 0xff, 0xff, 0x29, 0xcc, 0xff, 0xff, 0x29, 0xcc, 0xff, 0xff,
    0x29, 0xcc, 0xff, 0xff, 0x29, 0xcc, 0xff, 0xff, 0x29, 0xcc, 0xff, 0xff,
    0x29, 0xcc, 0xff, 0xff, 0x29, 0xcc, 0xff, 0xff, 0x29, 0xcc, 0xff, 0xff,
    0x29, 0xcc, 0xff, 0xff, 0x29, 0xcc, 0xff, 0xff, 0x29, 0xcc, 0xff, 0xff,
    0x29, 0xcc, 0xff, 0xff, 0x29, 0xcc, 0xff, 0xff, 0x29, 0xcc, 0xff, 0xff,
    0x29, 0xcc, 0xff, 0xff, 0x29, 0xcc, 0xff, 0xff, 0x29, 0xcc, 0xff, 0xff,
    0x29, 0xcc, 0xff, 0xff, 0x29, 0xcc, 0xff, 0xff, 0x29, 0xcc, 0xff, 0xff,
    0x29, 0xcc, 0xff, 0xff, 0x29, 0xcc, 0xff, 0xff, 0x29, 0xcc, 0xff, 0xff,
    0x29, 0xcc, 0xff, 0xff, 0x29, 0xcc, 0xff, 0xff, 0x29, 0xcc, 0xff, 0xff,
    0x29, 0xcc, 0xff, 0xff, 0x29, 0xcc, 0xff, 0xff, 0x29, 0xcc, 0xff, 0xff,
    0x29, 0xcc, 0xff, 0xff, 0x29, 0xcc, 0xff, 0xff, 0x29, 0xcc, 0xff, 0xff,
    0x29, 0xcc, 0xff, 0xff, 0x29, 0xcc, 0xff, 0xff, 0x29, 0xcc, 0xff, 0xff,
    0x29, 0xcc, 0xff, 0xff, 0x29, 0xcc, 0xfe, 0xcf, 0xff, 0xff, 0xff, 0x00,
    0x28, 0xcb, 0xfd, 0x70, 0x29, 0xcc, 0xff, 0xff, 0x29, 0xcc, 0xff, 0xff,
    0x29, 0xcc, 0xff, 0xff, 0x29, 0xcc, 0xff, 0xff, 0x29, 0xcc, 0xff, 0xff,
    0x29, 0xcc, 0xff, 0xff, 0x29, 0xcc, 0xff, 0xff, 0x29, 0xcc, 0xff, 0xff,
    0x29, 0xcc, 0xff, 0xff, 0x29, 0xcc, 0xff, 0xff, 0x29, 0xcc, 0xff, 0xff,
    0x29, 0xcc, 0xff, 0xff, 0x29, 0xcc, 0xff, 0xff, 0x29, 0xcc, 0xff, 0xff,
    0x29, 0xcc, 0xff, 0xff, 0x29, 0xcc, 0xff, 0xff, 0x29, 0xcc, 0xff, 0xff,
    0x29, 0xcc, 0xff, 0xff, 0x29, 0xcc, 0xff, 0xff, 0x29, 0xcc, 0xff, 0xff,
    0x29, 0xcc, 0xff, 0xff, 0x29, 0xcc, 0xff, 0xff, 0x29, 0xcc, 0xff, 0xff,
    0x29, 0xcc, 0xff, 0xff, 0x29, 0xcc, 0xff, 0xff, 0x29, 0xcc, 0xff, 0xff,
    0x29, 0xcc, 0xff, 0xff, 0x29, 0xcc, 0xff, 0xff, 0x29, 0xcc, 0xff, 0xff,
    0x29, 0xcc, 0xff, 0xff, 0x29, 0xcc, 0xff, 0xff, 0x29, 0xcc, 0xff, 0xff,
    0x29, 0xcc, 0xff, 0xff, 0x29, 0xcc, 0xff, 0xff, 0x29, 0xcc, 0xff, 0xff,
    0x29, 0xcc, 0xff, 0xff, 0x29, 0xcc, 0xff, 0xff, 0x29, 0xcc, 0xff, 0xff,
    0x29, 0xcc, 0xff, 0xff, 0x29, 0xcc, 0xff, 0xff, 0x29, 0xcc, 0xff, 0xff,
    0x29, 0xcc, 0xff, 0xff, 0x29, 0xcc, 0xff, 0xff, 0x29, 0xcc, 0xff, 0xff,
    0x29, 0xcc, 0xff, 0xff, 0x29, 0xcc, 0xff, 0xff, 0x29, 0xcc, 0xff, 0xff,
    0x29, 0xcc, 0xff, 0xff, 0x29, 0xcc, 0xff, 0xff, 0x29, 0xcc, 0xff, 0xff,
    0x29, 0xcc, 0xff, 0xff, 0x29, 0xcc, 0xff, 0xff, 0x29, 0xcc, 0xff, 0xff,
    0x29, 0xcc, 0xff, 0xff, 0x29, 0xcc, 0xff, 0xff, 0x29, 0xcc, 0xff, 0xff,
    0x29, 0xcc, 0xff, 0xff, 0x29, 0xcc, 0xff, 0xff, 0x29, 0xcc, 0xff, 0xff,
    0x29, 0xcc, 0xff, 0xff, 0x29, 0xcc, 0xff, 0xff, 0x29, 0xcc, 0xff, 0xff,
    0x29, 0xcc, 0xff, 0xff, 0x29, 0xcc, 0xff, 0xff, 0x29, 0xcc, 0xff, 0xff,
    0x29, 0xcc, 0xff, 0xff, 0x29, 0xcc, 0xff, 0xff, 0x29, 0xcc, 0xff, 0xff,
    0x29, 0xcc, 0xff, 0xff, 0x29, 0xcc, 0xff, 0xff, 0x29, 0xcc, 0xff, 0xff,
    0x29, 0xcc, 0xff, 0xff, 0x29, 0xcc, 0xff, 0xff, 0x29, 0xcc, 0xff, 0xff,
    0x29, 0xcc, 0xff, 0xff, 0x29, 0xcc, 0xff, 0xff, 0x29, 0xcc, 0xff, 0xff,
    0x29, 0xcc, 0xff, 0xff, 0x29, 0xcc, 0xff, 0xff, 0x29, 0xcc, 0xff, 0xff,
    0x29, 0xcc, 0xff, 0xff, 0x29, 0xcc, 0xff, 0xff, 0x29, 0xcc, 0xff, 0xff,
    0x29, 0xcc, 0xff, 0xff, 0x29, 0xcc, 0xff, 0xff, 0x29, 0xcc, 0xff, 0xff,
    0x29, 0xcc, 0xff, 0xff, 0x29, 0xcc, 0xff, 0xff, 0x29, 0xcc, 0xff, 0xff,
    0x29, 0xcc, 0xff, 0xff, 0x29, 0xcc, 0xff, 0xff, 0x29, 0xcc, 0xff, 0xff,
    0x29, 0xcc, 0xff, 0xff, 0x29, 0xcc, 0xff, 0xff, 0x29, 0xcc, 0xff, 0xff,
    0x29, 0xcc, 0xff, 0xff, 0x29, 0xcc, 0xff, 0xff, 0x29, 0xcc, 0xff, 0xff,
    0x29, 0xcc, 0xff, 0xff, 0x29, 0xcc, 0xff, 0xff, 0x29, 0xcc, 0xff, 0xff,
    0x29, 0xcc, 0xff, 0xff, 0x29, 0xcc, 0xff, 0xff, 0x29, 0xcc, 0xff, 0xff,
    0x29, 0xcc, 0xff, 0xff, 0x29, 0xcc, 0xff, 0xff, 0x29, 0xcc, 0xff, 0xff,
    0x29, 0xcc, 0xff, 0xff, 0x29, 0xcc, 0xff, 0xff, 0x29, 0xcc, 0xff, 0xff,
    0x29, 0xcc, 0xff, 0xff, 0x29, 0xcc, 0xff, 0xff, 0x29, 0xcc, 0xff, 0xff,
    0x29, 0xcc, 0xff, 0xff, 0x29, 0xcc, 0xff, 0xff, 0x29, 0xcc, 0xff, 0xff,
    0x29, 0xcc, 0xff, 0xff, 0x29, 0xcc, 0xff, 0xff, 0x29, 0xcc, 0xff, 0xff,
    0x29, 0xcc, 0xff, 0xff, 0x29, 0xcc, 0xff, 0xff, 0x29, 0xcc, 0xff, 0xff,
    0x29, 0xcc, 0xff, 0xff, 0x29, 0xcc, 0xff, 0xff, 0x29, 0xcc, 0xff, 0xff,
    0x29, 0xcc, 0xff, 0xff, 0x29, 0xcc, 0xff, 0xff, 0x29, 0xcc, 0xff, 0xff,
    0x29, 0xcc, 0xff, 0xff, 0x29, 0xcc, 0xff, 0xff, 0x29, 0xcc, 0xff, 0xff,
    0x29, 0xcc, 0xff, 0xff, 0x29, 0xcc, 0xff, 0xff, 0x29, 0xcc, 0xff, 0xff,
    0x29, 0xcc, 0xff, 0xff, 0x29, 0xcc, 0xff, 0xff, 0x29, 0xcc, 0xff, 0xff,
    0x29, 0xcc, 0xff, 0xff, 0x29, 0xcc, 0xff, 0xff, 0x29, 0xcc, 0xff, 0xff,
    0x29, 0xcc, 0xff, 0xff, 0x29, 0xcc, 0xff, 0xff, 0x29, 0xcc, 0xff, 0xff,
    0x29, 0xcc, 0xff, 0xff, 0x29, 0xcc, 0xff, 0xff, 0x29, 0xcc, 0xff, 0xff,
    0x29, 0xcc, 0xff, 0xff, 0x29, 0xcc, 0xff, 0xff, 0x29, 0xcc, 0xff, 0xff,
    0x26, 0xc9, 0xf6, 0x1c, 0x29, 0xcb, 0xfe, 0x9b, 0x29, 0xcc, 0xff, 0xff,
    0x29, 0xcc, 0xff, 0xff, 0x29, 0xcc, 0xff, 0xff, 0x29, 0xcc, 0xff, 0xff,
    0x29, 0xcc, 0xff, 0xff, 0x29, 0xcc, 0xff, 0xff, 0x29, 0xcc, 0xff, 0xff,
    0x29, 0xcc, 0xff, 0xff, 0x29, 0xcc, 0xff, 0xff, 0x29, 0xcc, 0xff, 0xff,
    0x29, 0xcc, 0xff, 0xff, 0x29, 0xcc, 0xff, 0xff, 0x29, 0xcc, 0xff, 0xff,
    0x29, 0xcc, 0xff, 0xff, 0x29, 0xcc, 0xff, 0xff, 0x29, 0xcc, 0xff, 0xff,
    0x29, 0xcc, 0xff, 0xff, 0x29, 0xcc, 0xff, 0xff, 0x29, 0xcc, 0xff, 0xff,
    0x29, 0xcc, 0xff, 0xff, 0x29, 0xcc, 0xff, 0xff, 0x29, 0xcc, 0xff, 0xff,
    0x29, 0xcc, 0xff, 0xff, 0x29, 0xcc, 0xff, 0xff, 0x29, 0xcc, 0xff, 0xff,
    0x29, 0xcc, 0xff, 0xff, 0x29, 0xcc, 0xff, 0xff, 0x29, 0xcc, 0xff, 0xff,
    0x29, 0xcc, 0xff, 0xff, 0x29, 0xcc, 0xff, 0xff, 0x29, 0xcc, 0xff, 0xff,
    0x29, 0xcc, 0xff, 0xff, 0x29, 0xcc, 0xff, 0xff, 0x29, 0xcc, 0xff, 0xff,
    0x29, 0xcc, 0xff, 0xff, 0x29, 0xcc, 0xff, 0xff, 0x29, 0xcc, 0xff, 0xff,
    0x29, 0xcc, 0xff, 0xff, 0x29, 0xcc, 0xff, 0xff, 0x29, 0xcc, 0xff, 0xff,
    0x29, 0xcc, 0xff, 0xff, 0x29, 0xcc, 0xff, 0xff, 0x29, 0xcc, 0xff, 0xff,
    0x29, 0xcc, 0xff, 0xff, 0x29, 0xcc, 0xff, 0xff, 0x29, 0xcc, 0xff, 0xff,
    0x29, 0xcc, 0xff, 0xff, 0x29, 0xcc, 0xff, 0xff, 0x29, 0xcc, 0xff, 0xff,
    0x29, 0xcc, 0xff, 0xff, 0x29, 0xcc, 0xff, 0xff, 0x29, 0xcc, 0xff, 0xff,
    0x29, 0xcc, 0xff, 0xff, 0x29, 0xcc, 0xff, 0xff, 0x29, 0xcc, 0xff, 0xff,
    0x29, 0xcc, 0xff, 0xff, 0x29, 0xcc, 0xff, 0xff, 0x29, 0xcc, 0xff, 0xff,
    0x29, 0xcc, 0xff, 0xff, 0x29, 0xcc, 0xff, 0xff, 0x29, 0xcc, 0xff, 0xff,
    0x29, 0xcc, 0xff, 0xff, 0x29, 0xcc, 0xff, 0xff, 0x29, 0xcc, 0xff, 0xff,
    0x29, 0xcc, 0xff, 0xff, 0x29, 0xcc, 0xff, 0xff, 0x29, 0xcc, 0xff, 0xff,
    0x29, 0xcc, 0xff, 0xff, 0x29, 0xcc, 0xff, 0xff, 0x29, 0xcc, 0xff, 0xff,
    0x29, 0xcc, 0xff, 0xff, 0x29, 0xcc, 0xff, 0xff, 0x29, 0xcc, 0xff, 0xff,
    0x29, 0xcc, 0xff, 0xff, 0x29, 0xcc, 0xff, 0xff, 0x29, 0xcc, 0xff, 0xff,
    0x29, 0xcc, 0xff, 0xff, 0x29, 0xcc, 0xff, 0xff, 0x29, 0xcc, 0xff, 0xff,
    0x29, 0xcc, 0xff, 0xff, 0x29, 0xcc, 0xff, 0xff, 0x29, 0xcc, 0xff, 0xff,
    0x29, 0xcc, 0xff, 0xff, 0x29, 0xcc, 0xff, 0xff, 0x29, 0xcc, 0xff, 0xff,
    0x29, 0xcc, 0xff, 0xff, 0x29, 0xcc, 0xff, 0xff, 0x29, 0xcc, 0xff, 0xff,
    0x29, 0xcc, 0xff, 0xff, 0x29, 0xcc, 0xff, 0xff, 0x29, 0xcc, 0xff, 0xff,
    0x29, 0xcc, 0xff, 0xff, 0x29, 0xcc, 0xff, 0xff, 0x29, 0xcc, 0xff, 0xff,
    0x29, 0xcc, 0xff, 0xff, 0x29, 0xcc, 0xff, 0xff, 0x29, 0xcc, 0xff, 0xff,
    0x29, 0xcc, 0xff, 0xff, 0x29, 0xcc, 0xff, 0xff, 0x29, 0xcc, 0xff, 0xff,
    0x29, 0xcc, 0xff, 0xff, 0x29, 0xcc, 0xff, 0xff, 0x29, 0xcc, 0xff, 0xff,
    0x29, 0xcc, 0xff, 0xff, 0x29, 0xcc, 0xff, 0xff, 0x29, 0xcc, 0xff, 0xff,
    0x29, 0xcc, 0xff, 0xff, 0x29, 0xcc, 0xff, 0xff, 0x29, 0xcc, 0xff, 0xff,
    0x29, 0xcc, 0xff, 0xff, 0x29, 0xcc, 0xff, 0xff, 0x29, 0xcc, 0xff, 0xff,
    0x29, 0xcc, 0xff, 0xff, 0x29, 0xcc, 0xff, 0xff, 0x29, 0xcc, 0xff, 0xff,
    0x29, 0xcc, 0xff, 0xff, 0x29, 0xcc, 0xff, 0xff, 0x29, 0xcc, 0xff, 0xff,
    0x29, 0xcc, 0xff, 0xff, 0x29, 0xcc, 0xff, 0xff, 0x29, 0xcc, 0xff, 0xff,
    0x29, 0xcc, 0xff, 0xff, 0x29, 0xcc, 0xff, 0xff, 0x29, 0xcc, 0xff, 0xff,
    0x29, 0xcc, 0xff, 0xff, 0x29, 0xcc, 0xff, 0xff, 0x29, 0xcc, 0xff, 0xff,
    0x29, 0xcc, 0xff, 0xff, 0x29, 0xcc, 0xff, 0xff, 0x29, 0xcc, 0xff, 0xff,
    0x29, 0xcc, 0xff, 0xff, 0x29, 0xcc, 0xff, 0xff, 0x29, 0xcc, 0xff, 0xff,
    0x29, 0xcc, 0xff, 0xff, 0x29, 0xcc, 0xff, 0xff, 0x29, 0xcc, 0xff, 0xff,
    0x29, 0xcc, 0xff, 0xff, 0x29, 0xcc, 0xff, 0xff, 0x29, 0xcc, 0xff, 0xff,
    0x29, 0xcc, 0xff, 0xff, 0x29, 0xcc, 0xff, 0xff, 0x29, 0xcc, 0xff, 0xff,
    0x29, 0xcc, 0xff, 0xff, 0x29, 0xcc, 0xff, 0xff, 0x29, 0xcc, 0xff, 0xff,
    0x29, 0xcc, 0xff, 0xff, 0x29, 0xcc, 0xff, 0xff, 0x29, 0xcc, 0xff, 0xff,
    0x29, 0xcc, 0xff, 0xff, 0x29, 0xc9, 0xfc, 0x46, 0x29, 0xcc, 0xfe, 0xa8,
    0x29, 0xcc, 0xff, 0xff, 0x29, 0xcc, 0xff, 0xff, 0x29, 0xcc, 0xff, 0xff,
    0x29, 0xcc, 0xff, 0xff, 0x29, 0xcc, 0xff, 0xff, 0x29, 0xcc, 0xff, 0xff,
    0x29, 0xcc, 0xff, 0xff, 0x29, 0xcc, 0xff, 0xff, 0x29, 0xcc, 0xff, 0xff,
    0x29, 0xcc, 0xff, 0xff, 0x29, 0xcc, 0xff, 0xff, 0x29, 0xcc, 0xff, 0xff,
    0x29, 0xcc, 0xff, 0xff, 0x29, 0xcc, 0xff, 0xff, 0x29, 0xcc, 0xff, 0xff,
    0x29, 0xcc, 0xff, 0xff, 0x29, 0xcc, 0xff, 0xff, 0x29, 0xcc, 0xff, 0xff,
    0x29, 0xcc, 0xff, 0xff, 0x29, 0xcc, 0xff, 0xff, 0x29, 0xcc, 0xff, 0xff,
    0x29, 0xcc, 0xff, 0xff, 0x29, 0xcc, 0xff, 0xff, 0x29, 0xcc, 0xff, 0xff,
    0x29, 0xcc, 0xff, 0xff, 0x29, 0xcc, 0xff, 0xff, 0x29, 0xcc, 0xff, 0xff,
    0x29, 0xcc, 0xff, 0xff, 0x29, 0xcc, 0xff, 0xff, 0x29, 0xcc, 0xff, 0xff,
    0x29, 0xcc, 0xff, 0xff, 0x29, 0xcc, 0xff, 0xff, 0x29, 0xcc, 0xff, 0xff,
    0x29, 0xcc, 0xff, 0xff, 0x29, 0xcc, 0xff, 0xff, 0x29, 0xcc, 0xff, 0xff,
    0x29, 0xcc, 0xff, 0xff, 0x29, 0xcc, 0xff, 0xff, 0x29, 0xcc, 0xff, 0xff,
    0x29, 0xcc, 0xff, 0xff, 0x29, 0xcc, 0xff, 0xff, 0x29, 0xcc, 0xff, 0xff,
    0x29, 0xcc, 0xff, 0xff, 0x29, 0xcc, 0xff, 0xff, 0x29, 0xcc, 0xff, 0xff,
    0x29, 0xcc, 0xff, 0xff, 0x29, 0xcc, 0xff, 0xff, 0x29, 0xcc, 0xff, 0xff,
    0x29, 0xcc, 0xff, 0xff, 0x29, 0xcc, 0xff, 0xff, 0x29, 0xcc, 0xff, 0xff,
    0x29, 0xcc, 0xff, 0xff, 0x29, 0xcc, 0xff, 0xff, 0x29, 0xcc, 0xff, 0xff,
    0x29, 0xcc, 0xff, 0xff, 0x29, 0xcc, 0xff, 0xff, 0x29, 0xcc, 0xff, 0xff,
    0x29, 0xcc, 0xff, 0xff, 0x29, 0xcc, 0xff, 0xff, 0x29, 0xcc, 0xff, 0xff,
    0x29, 0xcc, 0xff, 0xff, 0x29, 0xcc, 0xff, 0xff, 0x29, 0xcc, 0xff, 0xff,
    0x29, 0xcc, 0xff, 0xff, 0x29, 0xcc, 0xff, 0xff, 0x29, 0xcc, 0xff, 0xff,
    0x29, 0xcc, 0xff, 0xff, 0x29, 0xcc, 0xff, 0xff, 0x29, 0xcc, 0xff, 0xff,
    0x29, 0xcc, 0xff, 0xff, 0x29, 0xcc, 0xff, 0xff, 0x29, 0xcc, 0xff, 0xff,
    0x29, 0xcc, 0xff, 0xff, 0x29, 0xcc, 0xff, 0xff, 0x29, 0xcc, 0xff, 0xff,
    0x29, 0xcc, 0xff, 0xff, 0x29, 0xcc, 0xff, 0xff, 0x29, 0xcc, 0xff, 0xff,
    0x29, 0xcc, 0xff, 0xff, 0x29, 0xcc, 0xff, 0xff, 0x29, 0xcc, 0xff, 0xff,
    0x29, 0xcc, 0xff, 0xff, 0x29, 0xcc, 0xff, 0xff, 0x29, 0xcc, 0xff, 0xff,
    0x29, 0xcc, 0xff, 0xff, 0x29, 0xcc, 0xff, 0xff, 0x29, 0xcc, 0xff, 0xff,
    0x29, 0xcc, 0xff, 0xff, 0x29, 0xcc, 0xff, 0xff, 0x29, 0xcc, 0xff, 0xff,
    0x29, 0xcc, 0xff, 0xff, 0x29, 0xcc, 0xff, 0xff, 0x29, 0xcc, 0xff, 0xff,
    0x29, 0xcc, 0xff, 0xff, 0x29, 0xcc, 0xff, 0xff, 0x29, 0xcc, 0xff, 0xff,
    0x29, 0xcc, 0xff, 0xff, 0x29, 0xcc, 0xff, 0xff, 0x29, 0xcc, 0xff, 0xff,
    0x29, 0xcc, 0xff, 0xff, 0x29, 0xcc, 0xff, 0xff, 0x29, 0xcc, 0xff, 0xff,
    0x29, 0xcc, 0xff, 0xff, 0x29, 0xcc, 0xff, 0xff, 0x29, 0xcc, 0xff, 0xff,
    0x29, 0xcc, 0xff, 0xff, 0x29, 0xcc, 0xff, 0xff, 0x29, 0xcc, 0xff, 0xff,
    0x29, 0xcc, 0xff, 0xff, 0x29, 0xcc, 0xff, 0xff, 0x29, 0xcc, 0xff, 0xff,
    0x29, 0xcc, 0xff, 0xff, 0x29, 0xcc, 0xff, 0xff, 0x29, 0xcc, 0xff, 0xff,
    0x29, 0xcc, 0xff, 0xff, 0x29, 0xcc, 0xff, 0xff, 0x29, 0xcc, 0xff, 0xff,
    0x29, 0xcc, 0xff, 0xff, 0x29, 0xcc, 0xff, 0xff, 0x29, 0xcc, 0xff, 0xff,
    0x29, 0xcc, 0xff, 0xff, 0x29, 0xcc, 0xff, 0xff, 0x29, 0xcc, 0xff, 0xff,
    0x29, 0xcc, 0xff, 0xff, 0x29, 0xcc, 0xff, 0xff, 0x29, 0xcc, 0xff, 0xff,
    0x29, 0xcc, 0xff, 0xff, 0x29, 0xcc, 0xff, 0xff, 0x29, 0xcc, 0xff, 0xff,
    0x29, 0xcc, 0xff, 0xff, 0x29, 0xcc, 0xff, 0xff, 0x29, 0xcc, 0xff, 0xff,
    0x29, 0xcc, 0xff, 0xff, 0x29, 0xcc, 0xff, 0xff, 0x29, 0xcc, 0xff, 0xff,
    0x29, 0xcc, 0xff, 0xff, 0x29, 0xcc, 0xff, 0xff, 0x29, 0xcc, 0xff, 0xff,
    0x29, 0xcc, 0xff, 0xff, 0x29, 0xcc, 0xff, 0xff, 0x29, 0xcc, 0xff, 0xff,
    0x29, 0xcc, 0xff, 0xff, 0x29, 0xcc, 0xff, 0xff, 0x29, 0xcc, 0xff, 0xff,
    0x29, 0xcc, 0xff, 0xff, 0x29, 0xcc, 0xff, 0xff, 0x29, 0xcc, 0xff, 0xff,
    0x29, 0xcc, 0xff, 0xff, 0x29, 0xcc, 0xff, 0xff, 0x29, 0xcc, 0xfc, 0x54,
    0x29, 0xcc, 0xfe, 0xa9, 0x29, 0xcc, 0xff, 0xff, 0x29, 0xcc, 0xff, 0xff,
    0x29, 0xcc, 0xff, 0xff, 0x29, 0xcc, 0xff, 0xff, 0x29, 0xcc, 0xff, 0xff,
    0x29, 0xcc, 0xff, 0xff, 0x29, 0xcc, 0xff, 0xff, 0x29, 0xcc, 0xff, 0xff,
    0x29, 0xcc, 0xff, 0xff, 0x29, 0xcc, 0xff, 0xff, 0x29, 0xcc, 0xff, 0xff,
    0x29, 0xcc, 0xff, 0xff, 0x29, 0xcc, 0xff, 0xff, 0x29, 0xcc, 0xff, 0xff,
    0x29, 0xcc, 0xff, 0xff, 0x29, 0xcc, 0xff, 0xff, 0x29, 0xcc, 0xff, 0xff,
    0x29, 0xcc, 0xff, 0xff, 0x29, 0xcc, 0xff, 0xff, 0x29, 0xcc, 0xff, 0xff,
    0x29, 0xcc, 0xff, 0xff, 0x29, 0xcc, 0xff, 0xff, 0x29, 0xcc, 0xff, 0xff,
    0x29, 0xcc, 0xff, 0xff, 0x29, 0xcc, 0xff, 0xff, 0x29, 0xcc, 0xff, 0xff,
    0x29, 0xcc, 0xff, 0xff, 0x29, 0xcc, 0xff, 0xff, 0x29, 0xcc, 0xff, 0xff,
    0x29, 0xcc, 0xff, 0xff, 0x29, 0xcc, 0xff, 0xff, 0x29, 0xcc, 0xff, 0xff,
    0x29, 0xcc, 0xff, 0xff, 0x29, 0xcc, 0xff, 0xff, 0x29, 0xcc, 0xff, 0xff,
    0x29, 0xcc, 0xff, 0xff, 0x29, 0xcc, 0xff, 0xff, 0x29, 0xcc, 0xff, 0xff,
    0x29, 0xcc, 0xff, 0xff, 0x29, 0xcc, 0xff, 0xff, 0x29, 0xcc, 0xff, 0xff,
    0x29, 0xcc, 0xff, 0xff, 0x29, 0xcc, 0xff, 0xff, 0x29, 0xcc, 0xff, 0xff,
    0x29, 0xcc, 0xff, 0xff, 0x29, 0xcc, 0xff, 0xff, 0x29, 0xcc, 0xff, 0xff,
    0x29, 0xcc, 0xff, 0xff, 0x29, 0xcc, 0xff, 0xff, 0x29, 0xcc, 0xff, 0xff,
    0x29, 0xcc, 0xff, 0xff, 0x29, 0xcc, 0xff, 0xff, 0x29, 0xcc, 0xff, 0xff,
    0x29, 0xcc, 0xff, 0xff, 0x29, 0xcc, 0xff, 0xff, 0x29, 0xcc, 0xff, 0xff,
    0x29, 0xcc, 0xff, 0xff, 0x29, 0xcc, 0xff, 0xff, 0x29, 0xcc, 0xff, 0xff,
    0x29, 0xcc, 0xff, 0xff, 0x29, 0xcc, 0xff, 0xff, 0x29, 0xcc, 0xff, 0xff,
    0x29, 0xcc, 0xff, 0xff, 0x29, 0xcc, 0xff, 0xff, 0x29, 0xcc, 0xff, 0xff,
    0x29, 0xcc, 0xff, 0xff, 0x29, 0xcc, 0xff, 0xff, 0x29, 0xcc, 0xff, 0xff,
    0x29, 0xcc, 0xff, 0xff, 0x29, 0xcc, 0xff, 0xff, 0x29, 0xcc, 0xff, 0xff,
    0x29, 0xcc, 0xff, 0xff, 0x29, 0xcc, 0xff, 0xff, 0x29, 0xcc, 0xff, 0xff,
    0x29, 0xcc, 0xff, 0xff, 0x29, 0xcc, 0xff, 0xff, 0x29, 0xcc, 0xff, 0xff,
    0x29, 0xcc, 0xff, 0xff, 0x29, 0xcc, 0xff, 0xff, 0x29, 0xcc, 0xff, 0xff,
    0x29, 0xcc, 0xff, 0xff, 0x29, 0xcc, 0xff, 0xff, 0x29, 0xcc, 0xff, 0xff,
    0x29, 0xcc, 0xff, 0xff, 0x29, 0xcc, 0xff, 0xff, 0x29, 0xcc, 0xff, 0xff,
    0x29, 0xcc, 0xff, 0xff, 0x29, 0xcc, 0xff, 0xff, 0x29, 0xcc, 0xff, 0xff,
    0x29, 0xcc, 0xff, 0xff, 0x29, 0xcc, 0xff, 0xff, 0x29, 0xcc, 0xff, 0xff,
    0x29, 0xcc, 0xff, 0xff, 0x29, 0xcc, 0xff, 0xff, 0x29, 0xcc, 0xff, 0xff,
    0x29, 0xcc, 0xff, 0xff, 0x29, 0xcc, 0xff, 0xff, 0x29, 0xcc, 0xff, 0xff,
    0x29, 0xcc, 0xff, 0xff, 0x29, 0xcc, 0xff, 0xff, 0x29, 0xcc, 0xff, 0xff,
    0x29, 0xcc, 0xff, 0xff, 0x29, 0xcc, 0xff, 0xff, 0x29, 0xcc, 0xff, 0xff,
    0x29, 0xcc, 0xff, 0xff, 0x29, 0xcc, 0xff, 0xff, 0x29, 0xcc, 0xff, 0xff,
    0x29, 0xcc, 0xff, 0xff, 0x29, 0xcc, 0xff, 0xff, 0x29, 0xcc, 0xff, 0xff,
    0x29, 0xcc, 0xff, 0xff, 0x29, 0xcc, 0xff, 0xff, 0x29, 0xcc, 0xff, 0xff,
    0x29, 0xcc, 0xff, 0xff, 0x29, 0xcc, 0xff, 0xff, 0x29, 0xcc, 0xff, 0xff,
    0x29, 0xcc, 0xff, 0xff, 0x29, 0xcc, 0xff, 0xff, 0x29, 0xcc, 0xff, 0xff,
    0x29, 0xcc, 0xff, 0xff, 0x29, 0xcc, 0xff, 0xff, 0x29, 0xcc, 0xff, 0xff,
    0x29, 0xcc, 0xff, 0xff, 0x29, 0xcc, 0xff, 0xff, 0x29, 0xcc, 0xff, 0xff,
    0x29, 0xcc, 0xff, 0xff, 0x29, 0xcc, 0xff, 0xff, 0x29, 0xcc, 0xff, 0xff,
    0x29, 0xcc, 0xff, 0xff, 0x29, 0xcc, 0xff, 0xff, 0x29, 0xcc, 0xff, 0xff,
    0x29, 0xcc, 0xff, 0xff, 0x29, 0xcc, 0xff, 0xff, 0x29, 0xcc, 0xff, 0xff,
    0x29, 0xcc, 0xff, 0xff, 0x29, 0xcc, 0xff, 0xff, 0x29, 0xcc, 0xff, 0xff,
    0x29, 0xcc, 0xff, 0xff, 0x29, 0xcc, 0xff, 0xff, 0x29, 0xcc, 0xff, 0xff,
    0x29, 0xcc, 0xff, 0xff, 0x29, 0xcc, 0xff, 0xff, 0x29, 0xcc, 0xff, 0xff,
    0x29, 0xcc, 0xff, 0xff, 0x29, 0xcc, 0xff, 0xff, 0x29, 0xcc, 0xff, 0xff,
    0x29, 0xcc, 0xff, 0xff, 0x29, 0xcc, 0xff, 0xff, 0x29, 0xcc, 0xff, 0xff,
    0x28, 0xca, 0xfd, 0x55, 0x29, 0xcc, 0xfe, 0xa9, 0x29, 0xcc, 0xff, 0xff,
    0x29, 0xcc, 0xff, 0xff, 0x29, 0xcc, 0xff, 0xff, 0x29, 0xcc, 0xff, 0xff,
    0x29, 0xcc, 0xff, 0xff, 0x29, 0xcc, 0xff, 0xff, 0x29, 0xcc, 0xff, 0xff,
    0x29, 0xcc, 0xff, 0xff, 0x29, 0xcc, 0xff, 0xff, 0x29, 0xcc, 0xff, 0xff,
    0x29, 0xcc, 0xff, 0xff, 0x29, 0xcc, 0xff, 0xff, 0x29, 0xcc, 0xff, 0xff,
    0x29, 0xcc, 0xff, 0xff, 0x29, 0xcc, 0xff, 0xff, 0x29, 0xcc, 0xff, 0xff,
    0x29, 0xcc, 0xff, 0xff, 0x29, 0xcc, 0xff, 0xff, 0x29, 0xcc, 0xff, 0xff,
    0x29, 0xcc, 0xff, 0xff, 0x29, 0xcc, 0xff, 0xff, 0x29, 0xcc, 0xff, 0xff,
    0x29, 0xcc, 0xff, 0xff, 0x29, 0xcc, 0xff, 0xff, 0x29, 0xcc, 0xff, 0xff,
    0x29, 0xcc, 0xff, 0xff, 0x29, 0xcc, 0xff, 0xff, 0x29, 0xcc, 0xff, 0xff,
    0x29, 0xcc, 0xff, 0xff, 0x29, 0xcc, 0xff, 0xff, 0x29, 0xcc, 0xff, 0xff,
    0x29, 0xcc, 0xff, 0xff, 0x29, 0xcc, 0xff, 0xff, 0x29, 0xcc, 0xff, 0xff,
    0x29, 0xcc, 0xff, 0xff, 0x29, 0xcc, 0xff, 0xff, 0x29, 0xcc, 0xff, 0xff,
    0x29, 0xcc, 0xff, 0xff, 0x29, 0xcc, 0xff, 0xff, 0x29, 0xcc, 0xff, 0xff,
    0x29, 0xcc, 0xff, 0xff, 0x29, 0xcc, 0xff, 0xff, 0x29, 0xcc, 0xff, 0xff,
    0x29, 0xcc, 0xff, 0xff, 0x29, 0xcc, 0xff, 0xff, 0x29, 0xcc, 0xff, 0xff,
    0x29, 0xcc, 0xff, 0xff, 0x29, 0xcc, 0xff, 0xff, 0x29, 0xcc, 0xff, 0xff,
    0x29, 0xcc, 0xff, 0xff, 0x29, 0xcc, 0xff, 0xff, 0x29, 0xcc, 0xff, 0xff,
    0x29, 0xcc, 0xff, 0xff, 0x29, 0xcc, 0xff, 0xff, 0x29, 0xcc, 0xff, 0xff,
    0x29, 0xcc, 0xff, 0xff, 0x29, 0xcc, 0xff, 0xff, 0x29, 0xcc, 0xff, 0xff,
    0x29, 0xcc, 0xff, 0xff, 0x29, 0xcc, 0xff, 0xff, 0x29, 0xcc, 0xff, 0xff,
    0x29, 0xcc, 0xff, 0xff, 0x29, 0xcc, 0xff, 0xff, 0x29, 0xcc, 0xff, 0xff,
    0x29, 0xcc, 0xff, 0xff, 0x29, 0xcc, 0xff, 0xff, 0x29, 0xcc, 0xff, 0xff,
    0x29, 0xcc, 0xff, 0xff, 0x29, 0xcc, 0xff, 0xff, 0x29, 0xcc, 0xff, 0xff,
    0x29, 0xcc, 0xff, 0xff, 0x29, 0xcc, 0xff, 0xff, 0x29, 0xcc, 0xff, 0xff,
    0x29, 0xcc, 0xff, 0xff, 0x29, 0xcc, 0xff, 0xff, 0x29, 0xcc, 0xff, 0xff,
    0x29, 0xcc, 0xff, 0xff, 0x29, 0xcc, 0xff, 0xff, 0x29, 0xcc, 0xff, 0xff,
    0x29, 0xcc, 0xff, 0xff, 0x29, 0xcc, 0xff, 0xff, 0x29, 0xcc, 0xff, 0xff,
    0x29, 0xcc, 0xff, 0xff, 0x29, 0xcc, 0xff, 0xff, 0x29, 0xcc, 0xff, 0xff,
    0x29, 0xcc, 0xff, 0xff, 0x29, 0xcc, 0xff, 0xff, 0x29, 0xcc, 0xff, 0xff,
    0x29, 0xcc, 0xff, 0xff, 0x29, 0xcc, 0xff, 0xff, 0x29, 0xcc, 0xff, 0xff,
    0x29, 0xcc, 0xff, 0xff, 0x29, 0xcc, 0xff, 0xff, 0x29, 0xcc, 0xff, 0xff,
    0x29, 0xcc, 0xff, 0xff, 0x29, 0xcc, 0xff, 0xff, 0x29, 0xcc, 0xff, 0xff,
    0x29, 0xcc, 0xff, 0xff, 0x29, 0xcc, 0xff, 0xff, 0x29, 0xcc, 0xff, 0xff,
    0x29, 0xcc, 0xff, 0xff, 0x29, 0xcc, 0xff, 0xff, 0x29, 0xcc, 0xff, 0xff,
    0x29, 0xcc, 0xff, 0xff, 0x29, 0xcc, 0xff, 0xff, 0x29, 0xcc, 0xff, 0xff,
    0x29, 0xcc, 0xff, 0xff, 0x29, 0xcc, 0xff, 0xff, 0x29, 0xcc, 0xff, 0xff,
    0x29, 0xcc, 0xff, 0xff, 0x29, 0xcc, 0xff, 0xff, 0x29, 0xcc, 0xff, 0xff,
    0x29, 0xcc, 0xff, 0xff, 0x29, 0xcc, 0xff, 0xff, 0x29, 0xcc, 0xff, 0xff,
    0x29, 0xcc, 0xff, 0xff, 0x29, 0xcc, 0xff, 0xff, 0x29, 0xcc, 0xff, 0xff,
    0x29, 0xcc, 0xff, 0xff, 0x29, 0xcc, 0xff, 0xff, 0x29, 0xcc, 0xff, 0xff,
    0x29, 0xcc, 0xff, 0xff, 0x29, 0xcc, 0xff, 0xff, 0x29, 0xcc, 0xff, 0xff,
    0x29, 0xcc, 0xff, 0xff, 0x29, 0xcc, 0xff, 0xff, 0x29, 0xcc, 0xff, 0xff,
    0x29, 0xcc, 0xff, 0xff, 0x29, 0xcc, 0xff, 0xff, 0x29, 0xcc, 0xff, 0xff,
    0x29, 0xcc, 0xff, 0xff, 0x29, 0xcc, 0xff, 0xff, 0x29, 0xcc, 0xff, 0xff,
    0x29, 0xcc, 0xff, 0xff, 0x29, 0xcc, 0xff, 0xff, 0x29, 0xcc, 0xff, 0xff,
    0x29, 0xcc, 0xff, 0xff, 0x29, 0xcc, 0xff, 0xff, 0x29, 0xcc, 0xff, 0xff,
    0x29, 0xcc, 0xff, 0xff, 0x29, 0xcc, 0xff, 0xff, 0x29, 0xcc, 0xff, 0xff,
    0x29, 0xcc, 0xff, 0xff, 0x29, 0xcc, 0xff, 0xff, 0x29, 0xcc, 0xff, 0xff,
    0x29, 0xcc, 0xff, 0xff, 0x29, 0xcc, 0xff, 0xff, 0x29, 0xcc, 0xff, 0xff,
    0x29, 0xcc, 0xff, 0xff, 0x28, 0xca, 0xfd, 0x55, 0x29, 0xcc, 0xfe, 0xa9,
    0x29, 0xcc, 0xff, 0xff, 0x29, 0xcc, 0xff, 0xff, 0x29, 0xcc, 0xff, 0xff,
    0x29, 0xcc, 0xff, 0xff, 0x29, 0xcc, 0xff, 0xff, 0x29, 0xcc, 0xff, 0xff,
    0x29, 0xcc, 0xff, 0xff, 0x29, 0xcc, 0xff, 0xff, 0x29, 0xcc, 0xff, 0xff,
    0x29, 0xcc, 0xff, 0xff, 0x29, 0xcc, 0xff, 0xff, 0x29, 0xcc, 0xff, 0xff,
    0x29, 0xcc, 0xff, 0xff, 0x29, 0xcc, 0xff, 0xff, 0x29, 0xcc, 0xff, 0xff,
    0x29, 0xcc, 0xff, 0xff, 0x29, 0xcc, 0xff, 0xff, 0x29, 0xcc, 0xff, 0xff,
    0x29, 0xcc, 0xff, 0xff, 0x29, 0xcc, 0xff, 0xff, 0x29, 0xcc, 0xff, 0xff,
    0x29, 0xcc, 0xff, 0xff, 0x29, 0xcc, 0xff, 0xff, 0x29, 0xcc, 0xff, 0xff,
    0x29, 0xcc, 0xff, 0xff, 0x29, 0xcc, 0xff, 0xff, 0x29, 0xcc, 0xff, 0xff,
    0x29, 0xcc, 0xff, 0xff, 0x29, 0xcc, 0xff, 0xff, 0x29, 0xcc, 0xff, 0xff,
    0x29, 0xcc, 0xff, 0xff, 0x29, 0xcc, 0xff, 0xff, 0x29, 0xcc, 0xff, 0xff,
    0x29, 0xcc, 0xff, 0xff, 0x29, 0xcc, 0xff, 0xff, 0x29, 0xcc, 0xff, 0xff,
    0x29, 0xcc, 0xff, 0xff, 0x29, 0xcc, 0xff, 0xff, 0x29, 0xcc, 0xff, 0xff,
    0x29, 0xcc, 0xff, 0xff, 0x29, 0xcc, 0xff, 0xff, 0x29, 0xcc, 0xff, 0xff,
    0x29, 0xcc, 0xff, 0xff, 0x29, 0xcc, 0xff, 0xff, 0x29, 0xcc, 0xff, 0xff,
    0x29, 0xcc, 0xff, 0xff, 0x29, 0xcc, 0xff, 0xff, 0x29, 0xcc, 0xff, 0xff,
    0x29, 0xcc, 0xff, 0xff, 0x29, 0xcc, 0xff, 0xff, 0x29, 0xcc, 0xff, 0xff,
    0x29, 0xcc, 0xff, 0xff, 0x29, 0xcc, 0xff, 0xff, 0x29, 0xcc, 0xff, 0xff,
    0x29, 0xcc, 0xff, 0xff, 0x29, 0xcc, 0xff, 0xff, 0x29, 0xcc, 0xff, 0xff,
    0x29, 0xcc, 0xff, 0xff, 0x29, 0xcc, 0xff, 0xff, 0x29, 0xcc, 0xff, 0xff,
    0x29, 0xcc, 0xff, 0xff, 0x29, 0xcc, 0xff, 0xff, 0x29, 0xcc, 0xff, 0xff,
    0x29, 0xcc, 0xff, 0xff, 0x29, 0xcc, 0xff, 0xff, 0x29, 0xcc, 0xff, 0xff,
    0x29, 0xcc, 0xff, 0xff, 0x29, 0xcc, 0xff, 0xff, 0x29, 0xcc, 0xff, 0xff,
    0x29, 0xcc, 0xff, 0xff, 0x29, 0xcc, 0xff, 0xff, 0x29, 0xcc, 0xff, 0xff,
    0x29, 0xcc, 0xff, 0xff, 0x29, 0xcc, 0xff, 0xff, 0x29, 0xcc, 0xff, 0xff,
    0x29, 0xcc, 0xff, 0xff, 0x29, 0xcc, 0xff, 0xff, 0x29, 0xcc, 0xff, 0xff,
    0x29, 0xcc, 0xff, 0xff, 0x29, 0xcc, 0xff, 0xff, 0x29, 0xcc, 0xff, 0xff,
    0x29, 0xcc, 0xff, 0xff, 0x29, 0xcc, 0xff, 0xff, 0x29, 0xcc, 0xff, 0xff,
    0x29, 0xcc, 0xff, 0xff, 0x29, 0xcc, 0xff, 0xff, 0x29, 0xcc, 0xff, 0xff,
    0x29, 0xcc, 0xff, 0xff, 0x29, 0xcc, 0xff, 0xff, 0x29, 0xcc, 0xff, 0xff,
    0x29, 0xcc, 0xff, 0xff, 0x29, 0xcc, 0xff, 0xff, 0x29, 0xcc, 0xff, 0xff,
    0x29, 0xcc, 0xff, 0xff, 0x29, 0xcc, 0xff, 0xff, 0x29, 0xcc, 0xff, 0xff,
    0x29, 0xcc, 0xff, 0xff, 0x29, 0xcc, 0xff, 0xff, 0x29, 0xcc, 0xff, 0xff,
    0x29, 0xcc, 0xff, 0xff, 0x29, 0xcc, 0xff, 0xff, 0x29, 0xcc, 0xff, 0xff,
    0x29, 0xcc, 0xff, 0xff, 0x29, 0xcc, 0xff, 0xff, 0x29, 0xcc, 0xff, 0xff,
    0x29, 0xcc, 0xff, 0xff, 0x29, 0xcc, 0xff, 0xff, 0x29, 0xcc, 0xff, 0xff,
    0x29, 0xcc, 0xff, 0xff, 0x29, 0xcc, 0xff, 0xff, 0x29, 0xcc, 0xff, 0xff,
    0x29, 0xcc, 0xff, 0xff, 0x29, 0xcc, 0xff, 0xff, 0x29, 0xcc, 0xff, 0xff,
    0x29, 0xcc, 0xff, 0xff, 0x29, 0xcc, 0xff, 0xff, 0x29, 0xcc, 0xff, 0xff,
    0x29, 0xcc, 0xff, 0xff, 0x29, 0xcc, 0xff, 0xff, 0x29, 0xcc, 0xff, 0xff,
    0x29, 0xcc, 0xff, 0xff, 0x29, 0xcc, 0xff, 0xff, 0x29, 0xcc, 0xff, 0xff,
    0x29, 0xcc, 0xff, 0xff, 0x29, 0xcc, 0xff, 0xff, 0x29, 0xcc, 0xff, 0xff,
    0x29, 0xcc, 0xff, 0xff, 0x29, 0xcc, 0xff, 0xff, 0x29, 0xcc, 0xff, 0xff,
    0x29, 0xcc, 0xff, 0xff, 0x29, 0xcc, 0xff, 0xff, 0x29, 0xcc, 0xff, 0xff,
    0x29, 0xcc, 0xff, 0xff, 0x29, 0xcc, 0xff, 0xff, 0x29, 0xcc, 0xff, 0xff,
    0x29, 0xcc, 0xff, 0xff, 0x29, 0xcc, 0xff, 0xff, 0x29, 0xcc, 0xff, 0xff,
    0x29, 0xcc, 0xff, 0xff, 0x29, 0xcc, 0xff, 0xff, 0x29, 0xcc, 0xff, 0xff,
    0x29, 0xcc, 0xff, 0xff, 0x29, 0xcc, 0xff, 0xff, 0x29, 0xcc, 0xff, 0xff,
    0x29, 0xcc, 0xff, 0xff, 0x29, 0xcc, 0xff, 0xff, 0x29, 0xcc, 0xff, 0xff,
    0x29, 0xcc, 0xff, 0xff, 0x29, 0xcc, 0xff, 0xff, 0x28, 0xca, 0xfd, 0x55,
    0x29, 0xcc, 0xfe, 0xa9, 0x29, 0xcc, 0xff, 0xff, 0x29, 0xcc, 0xff, 0xff,
    0x29, 0xcc, 0xff, 0xff, 0x29, 0xcc, 0xff, 0xff, 0x29, 0xcc, 0xff, 0xff,
    0x29, 0xcc, 0xff, 0xff, 0x29, 0xcc, 0xff, 0xff, 0x29, 0xcc, 0xff, 0xff,
    0x29, 0xcc, 0xff, 0xff, 0x29, 0xcc, 0xff, 0xff, 0x29, 0xcc, 0xff, 0xff,
    0x29, 0xcc, 0xff, 0xff, 0x29, 0xcc, 0xff, 0xff, 0x29, 0xcc, 0xff, 0xff,
    0x29, 0xcc, 0xff, 0xff, 0x29, 0xcc, 0xff, 0xff, 0x29, 0xcc, 0xff, 0xff,
    0x29, 0xcc, 0xff, 0xff, 0x29, 0xcc, 0xff, 0xff, 0x29, 0xcc, 0xff, 0xff,
    0x29, 0xcc, 0xff, 0xff, 0x29, 0xcc, 0xff, 0xff, 0x29, 0xcc, 0xff, 0xff,
    0x29, 0xcc, 0xff, 0xff, 0x29, 0xcc, 0xff, 0xff, 0x29, 0xcc, 0xff, 0xff,
    0x29, 0xcc, 0xff, 0xff, 0x29, 0xcc, 0xff, 0xff, 0x29, 0xcc, 0xff, 0xff,
    0x29, 0xcc, 0xff, 0xff, 0x29, 0xcc, 0xff, 0xff, 0x29, 0xcc, 0xff, 0xff,
    0x29, 0xcc, 0xff, 0xff, 0x29, 0xcc, 0xff, 0xff, 0x29, 0xcc, 0xff, 0xff,
    0x29, 0xcc, 0xff, 0xff, 0x29, 0xcc, 0xff, 0xff, 0x29, 0xcc, 0xff, 0xff,
    0x29, 0xcc, 0xff, 0xff, 0x29, 0xcc, 0xff, 0xff, 0x29, 0xcc, 0xff, 0xff,
    0x29, 0xcc, 0xff, 0xff, 0x29, 0xcc, 0xff, 0xff, 0x29, 0xcc, 0xff, 0xff,
    0x29, 0xcc, 0xff, 0xff, 0x29, 0xcc, 0xff, 0xff, 0x29, 0xcc, 0xff, 0xff,
    0x29, 0xcc, 0xff, 0xff, 0x29, 0xcc, 0xff, 0xff, 0x29, 0xcc, 0xff, 0xff,
    0x29, 0xcc, 0xff, 0xff, 0x29, 0xcc, 0xff, 0xff, 0x29, 0xcc, 0xff, 0xff,
    0x29, 0xcc, 0xff, 0xff, 0x29, 0xcc, 0xff, 0xff, 0x29, 0xcc, 0xff, 0xff,
    0x29, 0xcc, 0xff, 0xff, 0x29, 0xcc, 0xff, 0xff, 0x29, 0xcc, 0xff, 0xff,
    0x29, 0xcc, 0xff, 0xff, 0x29, 0xcc, 0xff, 0xff, 0x29, 0xcc, 0xff, 0xff,
    0x29, 0xcc, 0xff, 0xff, 0x29, 0xcc, 0xff, 0xff, 0x29, 0xcc, 0xff, 0xff,
    0x29, 0xcc, 0xff, 0xff, 0x29, 0xcc, 0xff, 0xff, 0x29, 0xcc, 0xff, 0xff,
    0x29, 0xcc, 0xff, 0xff, 0x29, 0xcc, 0xff, 0xff, 0x29, 0xcc, 0xff, 0xff,
    0x29, 0xcc, 0xff, 0xff, 0x29, 0xcc, 0xff, 0xff, 0x29, 0xcc, 0xff, 0xff,
    0x29, 0xcc, 0xff, 0xff, 0x29, 0xcc, 0xff, 0xff, 0x29, 0xcc, 0xff, 0xff,
    0x29, 0xcc, 0xff, 0xff, 0x29, 0xcc, 0xff, 0xff, 0x29, 0xcc, 0xff, 0xff,
    0x29, 0xcc, 0xff, 0xff, 0x29, 0xcc, 0xff, 0xff, 0x29, 0xcc, 0xff, 0xff,
    0x29, 0xcc, 0xff, 0xff, 0x29, 0xcc, 0xff, 0xff, 0x29, 0xcc, 0xff, 0xff,
    0x29, 0xcc, 0xff, 0xff, 0x29, 0xcc, 0xff, 0xff, 0x29, 0xcc, 0xff, 0xff,
    0x29, 0xcc, 0xff, 0xff, 0x29, 0xcc, 0xff, 0xff, 0x29, 0xcc, 0xff, 0xff,
    0x29, 0xcc, 0xff, 0xff, 0x29, 0xcc, 0xff, 0xff, 0x29, 0xcc, 0xff, 0xff,
    0x29, 0xcc, 0xff, 0xff, 0x29, 0xcc, 0xff, 0xff, 0x29, 0xcc, 0xff, 0xff,
    0x29, 0xcc, 0xff, 0xff, 0x29, 0xcc, 0xff, 0xff, 0x29, 0xcc, 0xff, 0xff,
    0x29, 0xcc, 0xff, 0xff, 0x29, 0xcc, 0xff, 0xff, 0x29, 0xcc, 0xff, 0xff,
    0x29, 0xcc, 0xff, 0xff, 0x29, 0xcc, 0xff, 0xff, 0x29, 0xcc, 0xff, 0xff,
    0x29, 0xcc, 0xff, 0xff, 0x29, 0xcc, 0xff, 0xff, 0x29, 0xcc, 0xff, 0xff,
    0x29, 0xcc, 0xff, 0xff, 0x29, 0xcc, 0xff, 0xff, 0x29, 0xcc, 0xff, 0xff,
    0x29, 0xcc, 0xff, 0xff, 0x29, 0xcc, 0xff, 0xff, 0x29, 0xcc, 0xff, 0xff,
    0x29, 0xcc, 0xff, 0xff, 0x29, 0xcc, 0xff, 0xff, 0x29, 0xcc, 0xff, 0xff,
    0x29, 0xcc, 0xff, 0xff, 0x29, 0xcc, 0xff, 0xff, 0x29, 0xcc, 0xff, 0xff,
    0x29, 0xcc, 0xff, 0xff, 0x29, 0xcc, 0xff, 0xff, 0x29, 0xcc, 0xff, 0xff,
    0x29, 0xcc, 0xff, 0xff, 0x29, 0xcc, 0xff, 0xff, 0x29, 0xcc, 0xff, 0xff,
    0x29, 0xcc, 0xff, 0xff, 0x29, 0xcc, 0xff, 0xff, 0x29, 0xcc, 0xff, 0xff,
    0x29, 0xcc, 0xff, 0xff, 0x29, 0xcc, 0xff, 0xff, 0x29, 0xcc, 0xff, 0xff,
    0x29, 0xcc, 0xff, 0xff, 0x29, 0xcc, 0xff, 0xff, 0x29, 0xcc, 0xff, 0xff,
    0x29, 0xcc, 0xff, 0xff, 0x29, 0xcc, 0xff, 0xff, 0x29, 0xcc, 0xff, 0xff,
    0x29, 0xcc, 0xff, 0xff, 0x29, 0xcc, 0xff, 0xff, 0x29, 0xcc, 0xff, 0xff,
    0x29, 0xcc, 0xff, 0xff, 0x29, 0xcc, 0xff, 0xff, 0x29, 0xcc, 0xff, 0xff,
    0x29, 0xcc, 0xff, 0xff, 0x29, 0xcc, 0xff, 0xff, 0x29, 0xcc, 0xff, 0xff,
    0x28, 0xca, 0xfd, 0x55, 0x29, 0xcc, 0xfe, 0xa9, 0x29, 0xcc, 0xff, 0xff,
    0x29, 0xcc, 0xff, 0xff, 0x29, 0xcc, 0xff, 0xff, 0x29, 0xcc, 0xff, 0xff,
    0x29, 0xcc, 0xff, 0xff, 0x29, 0xcc, 0xff, 0xff, 0x29, 0xcc, 0xff, 0xff,
    0x29, 0xcc, 0xff, 0xff, 0x29, 0xcc, 0xff, 0xff, 0x29, 0xcc, 0xff, 0xff,
    0x29, 0xcc, 0xff, 0xff, 0x29, 0xcc, 0xff, 0xff, 0x29, 0xcc, 0xff, 0xff,
    0x29, 0xcc, 0xff, 0xff, 0x29, 0xcc, 0xff, 0xff, 0x29, 0xcc, 0xff, 0xff,
    0x29, 0xcc, 0xff, 0xff, 0x29, 0xcc, 0xff, 0xff, 0x29, 0xcc, 0xff, 0xff,
    0x29, 0xcc, 0xff, 0xff, 0x29, 0xcc, 0xff, 0xff, 0x29, 0xcc, 0xff, 0xff,
    0x29, 0xcc, 0xff, 0xff, 0x29, 0xcc, 0xff, 0xff, 0x29, 0xcc, 0xff, 0xff,
    0x29, 0xcc, 0xff, 0xff, 0x29, 0xcc, 0xff, 0xff, 0x29, 0xcc, 0xff, 0xff,
    0x29, 0xcc, 0xff, 0xff, 0x29, 0xcc, 0xff, 0xff, 0x29, 0xcc, 0xff, 0xff,
    0x29, 0xcc, 0xff, 0xff, 0x29, 0xcc, 0xff, 0xff, 0x29, 0xcc, 0xff, 0xff,
    0x29, 0xcc, 0xff, 0xff, 0x29, 0xcc, 0xff, 0xff, 0x29, 0xcc, 0xff, 0xff,
    0x29, 0xcc, 0xff, 0xff, 0x29, 0xcc, 0xff, 0xff, 0x29, 0xcc, 0xff, 0xff,
    0x29, 0xcc, 0xff, 0xff, 0x29, 0xcc, 0xff, 0xff, 0x29, 0xcc, 0xff, 0xff,
    0x29, 0xcc, 0xff, 0xff, 0x29, 0xcc, 0xff, 0xff, 0x29, 0xcc, 0xff, 0xff,
    0x29, 0xcc, 0xff, 0xff, 0x29, 0xcc, 0xff, 0xff, 0x29, 0xcc, 0xff, 0xff,
    0x29, 0xcc, 0xff, 0xff, 0x29, 0xcc, 0xff, 0xff, 0x29, 0xcc, 0xff, 0xff,
    0x29, 0xcc, 0xff, 0xff, 0x29, 0xcc, 0xff, 0xff, 0x29, 0xcc, 0xff, 0xff,
    0x29, 0xcc, 0xff, 0xff, 0x29, 0xcc, 0xff, 0xff, 0x29, 0xcc, 0xff, 0xff,
    0x29, 0xcc, 0xff, 0xff, 0x29, 0xcc, 0xff, 0xff, 0x29, 0xcc, 0xff, 0xff,
    0x29, 0xcc, 0xff, 0xff, 0x29, 0xcc, 0xff, 0xff, 0x29, 0xcc, 0xff, 0xff,
    0x29, 0xcc, 0xff, 0xff, 0x29, 0xcc, 0xff, 0xff, 0x29, 0xcc, 0xff, 0xff,
    0x29, 0xcc, 0xff, 0xff, 0x29, 0xcc, 0xff, 0xff, 0x29, 0xcc, 0xff, 0xff,
    0x29, 0xcc, 0xff, 0xff, 0x29, 0xcc, 0xff, 0xff, 0x29, 0xcc, 0xff, 0xff,
    0x29, 0xcc, 0xff, 0xff, 0x29, 0xcc, 0xff, 0xff, 0x29, 0xcc, 0xff, 0xff,
    0x29, 0xcc, 0xff, 0xff, 0x29, 0xcc, 0xff, 0xff, 0x29, 0xcc, 0xff, 0xff,
    0x29, 0xcc, 0xff, 0xff, 0x29, 0xcc, 0xff, 0xff, 0x29, 0xcc, 0xff, 0xff,
    0x29, 0xcc, 0xff, 0xff, 0x29, 0xcc, 0xff, 0xff, 0x29, 0xcc, 0xff, 0xff,
    0x29, 0xcc, 0xff, 0xff, 0x29, 0xcc, 0xff, 0xff, 0x29, 0xcc, 0xff, 0xff,
    0x29, 0xcc, 0xff, 0xff, 0x29, 0xcc, 0xff, 0xff, 0x29, 0xcc, 0xff, 0xff,
    0x29, 0xcc, 0xff, 0xff, 0x29, 0xcc, 0xff, 0xff, 0x29, 0xcc, 0xff, 0xff,
    0x29, 0xcc, 0xff, 0xff, 0x29, 0xcc, 0xff, 0xff, 0x29, 0xcc, 0xff, 0xff,
    0x29, 0xcc, 0xff, 0xff, 0x29, 0xcc, 0xff, 0xff, 0x29, 0xcc, 0xff, 0xff,
    0x29, 0xcc, 0xff, 0xff, 0x29, 0xcc, 0xff, 0xff, 0x29, 0xcc, 0xff, 0xff,
    0x29, 0xcc, 0xff, 0xff, 0x29, 0xcc, 0xff, 0xff, 0x29, 0xcc, 0xff, 0xff,
    0x29, 0xcc, 0xff, 0xff, 0x29, 0xcc, 0xff, 0xff, 0x29, 0xcc, 0xff, 0xff,
    0x29, 0xcc, 0xff, 0xff, 0x29, 0xcc, 0xff, 0xff, 0x29, 0xcc, 0xff, 0xff,
    0x29, 0xcc, 0xff, 0xff, 0x29, 0xcc, 0xff, 0xff, 0x29, 0xcc, 0xff, 0xff,
    0x29, 0xcc, 0xff, 0xff, 0x29, 0xcc, 0xff, 0xff, 0x29, 0xcc, 0xff, 0xff,
    0x29, 0xcc, 0xff, 0xff, 0x29, 0xcc, 0xff, 0xff, 0x29, 0xcc, 0xff, 0xff,
    0x29, 0xcc, 0xff, 0xff, 0x29, 0xcc, 0xff, 0xff, 0x29, 0xcc, 0xff, 0xff,
    0x29, 0xcc, 0xff, 0xff, 0x29, 0xcc, 0xff, 0xff, 0x29, 0xcc, 0xff, 0xff,
    0x29, 0xcc, 0xff, 0xff, 0x29, 0xcc, 0xff, 0xff, 0x29, 0xcc, 0xff, 0xff,
    0x29, 0xcc, 0xff, 0xff, 0x29, 0xcc, 0xff, 0xff, 0x29, 0xcc, 0xff, 0xff,
    0x29, 0xcc, 0xff, 0xff, 0x29, 0xcc, 0xff, 0xff, 0x29, 0xcc, 0xff, 0xff,
    0x29, 0xcc, 0xff, 0xff, 0x29, 0xcc, 0xff, 0xff, 0x29, 0xcc, 0xff, 0xff,
    0x29, 0xcc, 0xff, 0xff, 0x29, 0xcc, 0xff, 0xff, 0x29, 0xcc, 0xff, 0xff,
    0x29, 0xcc, 0xff, 0xff, 0x29, 0xcc, 0xff, 0xff, 0x29, 0xcc, 0xff, 0xff,
    0x29, 0xcc, 0xff, 0xff, 0x29, 0xcc, 0xff, 0xff, 0x29, 0xcc, 0xff, 0xff,
    0x29, 0xcc, 0xff, 0xff, 0x28, 0xca, 0xfd, 0x55, 0x29, 0xcc, 0xfe, 0xa9,
    0x29, 0xcc, 0xff, 0xff, 0x29, 0xcc, 0xff, 0xff, 0x29, 0xcc, 0xff, 0xff,
    0x29, 0xcc, 0xff, 0xff, 0x29, 0xcc, 0xff, 0xff, 0x29, 0xcc, 0xff, 0xff,
    0x29, 0xcc, 0xff, 0xff, 0x29, 0xcc, 0xff, 0xff, 0x29, 0xcc, 0xff, 0xff,
    0x29, 0xcc, 0xff, 0xff, 0x29, 0xcc, 0xff, 0xff, 0x29, 0xcc, 0xff, 0xff,
    0x29, 0xcc, 0xff, 0xff, 0x29, 0xcc, 0xff, 0xff, 0x29, 0xcc, 0xff, 0xff,
    0x29, 0xcc, 0xff, 0xff, 0x29, 0xcc, 0xff, 0xff, 0x29, 0xcc, 0xff, 0xff,
    0x29, 0xcc, 0xff, 0xff, 0x29, 0xcc, 0xff, 0xff, 0x29, 0xcc, 0xff, 0xff,
    0x29, 0xcc, 0xff, 0xff, 0x29, 0xcc, 0xff, 0xff, 0x29, 0xcc, 0xff, 0xff,
    0x29, 0xcc, 0xff, 0xff, 0x29, 0xcc, 0xff, 0xff, 0x29, 0xcc, 0xff, 0xff,
    0x29, 0xcc, 0xff, 0xff, 0x29, 0xcc, 0xff, 0xff, 0x29, 0xcc, 0xff, 0xff,
    0x29, 0xcc, 0xff, 0xff, 0x29, 0xcc, 0xff, 0xff, 0x29, 0xcc, 0xff, 0xff,
    0x29, 0xcc, 0xff, 0xff, 0x29, 0xcc, 0xff, 0xff, 0x29, 0xcc, 0xff, 0xff,
    0x29, 0xcc, 0xff, 0xff, 0x29, 0xcc, 0xff, 0xff, 0x29, 0xcc, 0xff, 0xff,
    0x29, 0xcc, 0xff, 0xff, 0x29, 0xcc, 0xff, 0xff, 0x29, 0xcc, 0xff, 0xff,
    0x29, 0xcc, 0xff, 0xff, 0x29, 0xcc, 0xff, 0xff, 0x29, 0xcc, 0xff, 0xff,
    0x29, 0xcc, 0xff, 0xff, 0x29, 0xcc, 0xff, 0xff, 0x29, 0xcc, 0xff, 0xff,
    0x29, 0xcc, 0xff, 0xff, 0x29, 0xcc, 0xff, 0xff, 0x29, 0xcc, 0xff, 0xff,
    0x29, 0xcc, 0xff, 0xff, 0x29, 0xcc, 0xff, 0xff, 0x29, 0xcc, 0xff, 0xff,
    0x29, 0xcc, 0xff, 0xff, 0x29, 0xcc, 0xff, 0xff, 0x29, 0xcc, 0xff, 0xff,
    0x29, 0xcc, 0xff, 0xff, 0x29, 0xcc, 0xff, 0xff, 0x29, 0xcc, 0xff, 0xff,
    0x29, 0xcc, 0xff, 0xff, 0x29, 0xcc, 0xff, 0xff, 0x29, 0xcc, 0xff, 0xff,
    0x29, 0xcc, 0xff, 0xff, 0x29, 0xcc, 0xff, 0xff, 0x29, 0xcc, 0xff, 0xff,
    0x29, 0xcc, 0xff, 0xff, 0x29, 0xcc, 0xff, 0xff, 0x29, 0xcc, 0xff, 0xff,
    0x29, 0xcc, 0xff, 0xff, 0x29, 0xcc, 0xff, 0xff, 0x29, 0xcc, 0xff, 0xff,
    0x29, 0xcc, 0xff, 0xff, 0x29, 0xcc, 0xff, 0xff, 0x29, 0xcc, 0xff, 0xff,
    0x29, 0xcc, 0xff, 0xff, 0x29, 0xcc, 0xff, 0xff, 0x29, 0xcc, 0xff, 0xff,
    0x29, 0xcc, 0xff, 0xff, 0x29, 0xcc, 0xff, 0xff, 0x29, 0xcc, 0xff, 0xff,
    0x29, 0xcc, 0xff, 0xff, 0x29, 0xcc, 0xff, 0xff, 0x29, 0xcc, 0xff, 0xff,
    0x29, 0xcc, 0xff, 0xff, 0x29, 0xcc, 0xff, 0xff, 0x29, 0xcc, 0xff, 0xff,
    0x29, 0xcc, 0xff, 0xff, 0x29, 0xcc, 0xff, 0xff, 0x29, 0xcc, 0xff, 0xff,
    0x29, 0xcc, 0xff, 0xff, 0x29, 0xcc, 0xff, 0xff, 0x29, 0xcc, 0xff, 0xff,
    0x29, 0xcc, 0xff, 0xff, 0x29, 0xcc, 0xff, 0xff, 0x29, 0xcc, 0xff, 0xff,
    0x29, 0xcc, 0xff, 0xff, 0x29, 0xcc, 0xff, 0xff, 0x29, 0xcc, 0xff, 0xff,
    0x29, 0xcc, 0xff, 0xff, 0x29, 0xcc, 0xff, 0xff, 0x29, 0xcc, 0xff, 0xff,
    0x29, 0xcc, 0xff, 0xff, 0x29, 0xcc, 0xff, 0xff, 0x29, 0xcc, 0xff, 0xff,
    0x29, 0xcc, 0xff, 0xff, 0x29, 0xcc, 0xff, 0xff, 0x29, 0xcc, 0xff, 0xff,
    0x29, 0xcc, 0xff, 0xff, 0x29, 0xcc, 0xff, 0xff, 0x29, 0xcc, 0xff, 0xff,
    0x29, 0xcc, 0xff, 0xff, 0x29, 0xcc, 0xff, 0xff, 0x29, 0xcc, 0xff, 0xff,
    0x29, 0xcc, 0xff, 0xff, 0x29, 0xcc, 0xff, 0xff, 0x29, 0xcc, 0xff, 0xff,
    0x29, 0xcc, 0xff, 0xff, 0x29, 0xcc, 0xff, 0xff, 0x29, 0xcc, 0xff, 0xff,
    0x29, 0xcc, 0xff, 0xff, 0x29, 0xcc, 0xff, 0xff, 0x29, 0xcc, 0xff, 0xff,
    0x29, 0xcc, 0xff, 0xff, 0x29, 0xcc, 0xff, 0xff, 0x29, 0xcc, 0xff, 0xff,
    0x29, 0xcc, 0xff, 0xff, 0x29, 0xcc, 0xff, 0xff, 0x29, 0xcc, 0xff, 0xff,
    0x29, 0xcc, 0xff, 0xff, 0x29, 0xcc, 0xff, 0xff, 0x29, 0xcc, 0xff, 0xff,
    0x29, 0xcc, 0xff, 0xff, 0x29, 0xcc, 0xff, 0xff, 0x29, 0xcc, 0xff, 0xff,
    0x29, 0xcc, 0xff, 0xff, 0x29, 0xcc, 0xff, 0xff, 0x29, 0xcc, 0xff, 0xff,
    0x29, 0xcc, 0xff, 0xff, 0x29, 0xcc, 0xff, 0xff, 0x29, 0xcc, 0xff, 0xff,
    0x29, 0xcc, 0xff, 0xff, 0x29, 0xcc, 0xff, 0xff, 0x29, 0xcc, 0xff, 0xff,
    0x29, 0xcc, 0xff, 0xff, 0x29, 0xcc, 0xff, 0xff, 0x29, 0xcc, 0xff, 0xff,
    0x29, 0xcc, 0xff, 0xff, 0x29, 0xcc, 0xff, 0xff, 0x28, 0xca, 0xfd, 0x55,
    0x29, 0xcc, 0xfe, 0xa9, 0x29, 0xcc, 0xff, 0xff, 0x29, 0xcc, 0xff, 0xff,
    0x29, 0xcc, 0xff, 0xff, 0x29, 0xcc, 0xff, 0xff, 0x29, 0xcc, 0xff, 0xff,
    0x29, 0xcc, 0xff, 0xff, 0x29, 0xcc, 0xff, 0xff, 0x29, 0xcc, 0xff, 0xff,
    0x29, 0xcc, 0xff, 0xff, 0x29, 0xcc, 0xff, 0xff, 0x29, 0xcc, 0xff, 0xff,
    0x29, 0xcc, 0xff, 0xff, 0x29, 0xcc, 0xff, 0xff, 0x29, 0xcc, 0xff, 0xff,
    0x29, 0xcc, 0xff, 0xff, 0x29, 0xcc, 0xff, 0xff, 0x29, 0xcc, 0xff, 0xff,
    0x29, 0xcc, 0xff, 0xff, 0x29, 0xcc, 0xff, 0xff, 0x29, 0xcc, 0xff, 0xff,
    0x29, 0xcc, 0xff, 0xff, 0x29, 0xcc, 0xff, 0xff, 0x29, 0xcc, 0xff, 0xff,
    0x29, 0xcc, 0xff, 0xff, 0x29, 0xcc, 0xff, 0xff, 0x29, 0xcc, 0xff, 0xff,
    0x29, 0xcc, 0xff, 0xff, 0x29, 0xcc, 0xff, 0xff, 0x29, 0xcc, 0xff, 0xff,
    0x29, 0xcc, 0xff, 0xff, 0x29, 0xcc, 0xff, 0xff, 0x29, 0xcc, 0xff, 0xff,
    0x29, 0xcc, 0xff, 0xff, 0x29, 0xcc, 0xff, 0xff, 0x29, 0xcc, 0xff, 0xff,
    0x29, 0xcc, 0xff, 0xff, 0x29, 0xcc, 0xff, 0xff, 0x29, 0xcc, 0xff, 0xff,
    0x29, 0xcc, 0xff, 0xff, 0x29, 0xcc, 0xff, 0xff, 0x29, 0xcc, 0xff, 0xff,
    0x29, 0xcc, 0xff, 0xff, 0x29, 0xcc, 0xff, 0xff, 0x29, 0xcc, 0xff, 0xff,
    0x29, 0xcc, 0xff, 0xff, 0x29, 0xcc, 0xff, 0xff, 0x29, 0xcc, 0xff, 0xff,
    0x29, 0xcc, 0xff, 0xff, 0x29, 0xcc, 0xff, 0xff, 0x29, 0xcc, 0xff, 0xff,
    0x29, 0xcc, 0xff, 0xff, 0x29, 0xcc, 0xff, 0xff, 0x29, 0xcc, 0xff, 0xff,
    0x29, 0xcc, 0xff, 0xff, 0x29, 0xcc, 0xff, 0xff, 0x29, 0xcc, 0xff, 0xff,
    0x29, 0xcc, 0xff, 0xff, 0x29, 0xcc, 0xff, 0xff, 0x29, 0xcc, 0xff, 0xff,
    0x29, 0xcc, 0xff, 0xff, 0x29, 0xcc, 0xff, 0xff, 0x29, 0xcc, 0xff, 0xff,
    0x29, 0xcc, 0xff, 0xff, 0x29, 0xcc, 0xff, 0xff, 0x29, 0xcc, 0xff, 0xff,
    0x29, 0xcc, 0xff, 0xff, 0x29, 0xcc, 0xff, 0xff, 0x29, 0xcc, 0xff, 0xff,
    0x29, 0xcc, 0xff, 0xff, 0x29, 0xcc, 0xff, 0xff, 0x29, 0xcc, 0xff, 0xff,
    0x29, 0xcc, 0xff, 0xff, 0x29, 0xcc, 0xff, 0xff, 0x29, 0xcc, 0xff, 0xff,
    0x29, 0xcc, 0xff, 0xff, 0x29, 0xcc, 0xff, 0xff, 0x29, 0xcc, 0xff, 0xff,
    0x29, 0xcc, 0xff, 0xff, 0x29, 0xcc, 0xff, 0xff, 0x29, 0xcc, 0xff, 0xff,
    0x29, 0xcc, 0xff, 0xff, 0x29, 0xcc, 0xff, 0xff, 0x29, 0xcc, 0xff, 0xff,
    0x29, 0xcc, 0xff, 0xff, 0x29, 0xcc, 0xff, 0xff, 0x29, 0xcc, 0xff, 0xff,
    0x29, 0xcc, 0xff, 0xff, 0x29, 0xcc, 0xff, 0xff, 0x29, 0xcc, 0xff, 0xff,
    0x29, 0xcc, 0xff, 0xff, 0x29, 0xcc, 0xff, 0xff, 0x29, 0xcc, 0xff, 0xff,
    0x29, 0xcc, 0xff, 0xff, 0x29, 0xcc, 0xff, 0xff, 0x29, 0xcc, 0xff, 0xff,
    0x29, 0xcc, 0xff, 0xff, 0x29, 0xcc, 0xff, 0xff, 0x29, 0xcc, 0xff, 0xff,
    0x29, 0xcc, 0xff, 0xff, 0x29, 0xcc, 0xff, 0xff, 0x29, 0xcc, 0xff, 0xff,
    0x29, 0xcc, 0xff, 0xff, 0x29, 0xcc, 0xff, 0xff, 0x29, 0xcc, 0xff, 0xff,
    0x29, 0xcc, 0xff, 0xff, 0x29, 0xcc, 0xff, 0xff, 0x29, 0xcc, 0xff, 0xff,
    0x29, 0xcc, 0xff, 0xff, 0x29, 0xcc, 0xff, 0xff, 0x29, 0xcc, 0xff, 0xff,
    0x29, 0xcc, 0xff, 0xff, 0x29, 0xcc, 0xff, 0xff, 0x29, 0xcc, 0xff, 0xff,
    0x29, 0xcc, 0xff, 0xff, 0x29, 0xcc, 0xff, 0xff, 0x29, 0xcc, 0xff, 0xff,
    0x29, 0xcc, 0xff, 0xff, 0x29, 0xcc, 0xff, 0xff, 0x29, 0xcc, 0xff, 0xff,
    0x29, 0xcc, 0xff, 0xff, 0x29, 0xcc, 0xff, 0xff, 0x29, 0xcc, 0xff, 0xff,
    0x29, 0xcc, 0xff, 0xff, 0x29, 0xcc, 0xff, 0xff, 0x29, 0xcc, 0xff, 0xff,
    0x29, 0xcc, 0xff, 0xff, 0x29, 0xcc, 0xff, 0xff, 0x29, 0xcc, 0xff, 0xff,
    0x29, 0xcc, 0xff, 0xff, 0x29, 0xcc, 0xff, 0xff, 0x29, 0xcc, 0xff, 0xff,
    0x29, 0xcc, 0xff, 0xff, 0x29, 0xcc, 0xff, 0xff, 0x29, 0xcc, 0xff, 0xff,
    0x29, 0xcc, 0xff, 0xff, 0x29, 0xcc, 0xff, 0xff, 0x29, 0xcc, 0xff, 0xff,
    0x29, 0xcc, 0xff, 0xff, 0x29, 0xcc, 0xff, 0xff, 0x29, 0xcc, 0xff, 0xff,
    0x29, 0xcc, 0xff, 0xff, 0x29, 0xcc, 0xff, 0xff, 0x29, 0xcc, 0xff, 0xff,
    0x29, 0xcc, 0xff, 0xff, 0x29, 0xcc, 0xff, 0xff, 0x29, 0xcc, 0xff, 0xff,
    0x29, 0xcc, 0xff, 0xff, 0x29, 0xcc, 0xff, 0xff, 0x29, 0xcc, 0xff, 0xff,
    0x28, 0xca, 0xfd, 0x55, 0x29, 0xcc, 0xfe, 0xa9, 0x29, 0xcc, 0xff, 0xff,
    0x29, 0xcc, 0xff, 0xff, 0x29, 0xcc, 0xff, 0xff, 0x29, 0xcc, 0xff, 0xff,
    0x29, 0xcc, 0xff, 0xff, 0x29, 0xcc, 0xff, 0xff, 0x29, 0xcc, 0xff, 0xff,
    0x29, 0xcc, 0xff, 0xff, 0x29, 0xcc, 0xff, 0xff, 0x29, 0xcc, 0xff, 0xff,
    0x29, 0xcc, 0xff, 0xff, 0x29, 0xcc, 0xff, 0xff, 0x29, 0xcc, 0xff, 0xff,
    0x29, 0xcc, 0xff, 0xff, 0x29, 0xcc, 0xff, 0xff, 0x29, 0xcc, 0xff, 0xff,
    0x29, 0xcc, 0xff, 0xff, 0x29, 0xcc, 0xff, 0xff, 0x29, 0xcc, 0xff, 0xff,
    0x29, 0xcc, 0xff, 0xff, 0x29, 0xcc, 0xff, 0xff, 0x29, 0xcc, 0xff, 0xff,
    0x29, 0xcc, 0xff, 0xff, 0x29, 0xcc, 0xff, 0xff, 0x29, 0xcc, 0xff, 0xff,
    0x29, 0xcc, 0xff, 0xff, 0x29, 0xcc, 0xff, 0xff, 0x29, 0xcc, 0xff, 0xff,
    0x29, 0xcc, 0xff, 0xff, 0x29, 0xcc, 0xff, 0xff, 0x29, 0xcc, 0xff, 0xff,
    0x29, 0xcc, 0xff, 0xff, 0x29, 0xcc, 0xff, 0xff, 0x29, 0xcc, 0xff, 0xff,
    0x29, 0xcc, 0xff, 0xff, 0x29, 0xcc, 0xff, 0xff, 0x29, 0xcc, 0xff, 0xff,
    0x29, 0xcc, 0xff, 0xff, 0x29, 0xcc, 0xff, 0xff, 0x29, 0xcc, 0xff, 0xff,
    0x29, 0xcc, 0xff, 0xff, 0x29, 0xcc, 0xff, 0xff, 0x29, 0xcc, 0xff, 0xff,
    0x29, 0xcc, 0xff, 0xff, 0x29, 0xcc, 0xff, 0xff, 0x29, 0xcc, 0xff, 0xff,
    0x29, 0xcc, 0xff, 0xff, 0x29, 0xcc, 0xff, 0xff, 0x29, 0xcc, 0xff, 0xff,
    0x29, 0xcc, 0xff, 0xff, 0x29, 0xcc, 0xff, 0xff, 0x29, 0xcc, 0xff, 0xff,
    0x29, 0xcc, 0xff, 0xff, 0x29, 0xcc, 0xff, 0xff, 0x29, 0xcc, 0xff, 0xff,
    0x29, 0xcc, 0xff, 0xff, 0x29, 0xcc, 0xff, 0xff, 0x29, 0xcc, 0xff, 0xff,
    0x29, 0xcc, 0xff, 0xff, 0x29, 0xcc, 0xff, 0xff, 0x29, 0xcc, 0xff, 0xff,
    0x29, 0xcc, 0xff, 0xff, 0x29, 0xcc, 0xff, 0xff, 0x29, 0xcc, 0xff, 0xff,
    0x29, 0xcc, 0xff, 0xff, 0x29, 0xcc, 0xff, 0xff, 0x29, 0xcc, 0xff, 0xff,
    0x29, 0xcc, 0xff, 0xff, 0x29, 0xcc, 0xff, 0xff, 0x29, 0xcc, 0xff, 0xff,
    0x29, 0xcc, 0xff, 0xff, 0x29, 0xcc, 0xff, 0xff, 0x29, 0xcc, 0xff, 0xff,
    0x29, 0xcc, 0xff, 0xff, 0x29, 0xcc, 0xff, 0xff, 0x29, 0xcc, 0xff, 0xff,
    0x29, 0xcc, 0xff, 0xff, 0x29, 0xcc, 0xff, 0xff, 0x29, 0xcc, 0xff, 0xff,
    0x29, 0xcc, 0xff, 0xff, 0x29, 0xcc, 0xff, 0xff, 0x29, 0xcc, 0xff, 0xff,
    0x29, 0xcc, 0xff, 0xff, 0x29, 0xcc, 0xff, 0xff, 0x29, 0xcc, 0xff, 0xff,
    0x29, 0xcc, 0xff, 0xff, 0x29, 0xcc, 0xff, 0xff, 0x29, 0xcc, 0xff, 0xff,
    0x29, 0xcc, 0xff, 0xff, 0x29, 0xcc, 0xff, 0xff, 0x29, 0xcc, 0xff, 0xff,
    0x29, 0xcc, 0xff, 0xff, 0x29, 0xcc, 0xff, 0xff, 0x29, 0xcc, 0xff, 0xff,
    0x29, 0xcc, 0xff, 0xff, 0x29, 0xcc, 0xff, 0xff, 0x29, 0xcc, 0xff, 0xff,
    0x29, 0xcc, 0xff, 0xff, 0x29, 0xcc, 0xff, 0xff, 0x29, 0xcc, 0xff, 0xff,
    0x29, 0xcc, 0xff, 0xff, 0x29, 0xcc, 0xff, 0xff, 0x29, 0xcc, 0xff, 0xff,
    0x29, 0xcc, 0xff, 0xff, 0x29, 0xcc, 0xff, 0xff, 0x29, 0xcc, 0xff, 0xff,
    0x29, 0xcc, 0xff, 0xff, 0x29, 0xcc, 0xff, 0xff, 0x29, 0xcc, 0xff, 0xff,
    0x29, 0xcc, 0xff, 0xff, 0x29, 0xcc, 0xff, 0xff, 0x29, 0xcc, 0xff, 0xff,
    0x29, 0xcc, 0xff, 0xff, 0x29, 0xcc, 0xff, 0xff, 0x29, 0xcc, 0xff, 0xff,
    0x29, 0xcc, 0xff, 0xff, 0x29, 0xcc, 0xff, 0xff, 0x29, 0xcc, 0xff, 0xff,
    0x29, 0xcc, 0xff, 0xff, 0x29, 0xcc, 0xff, 0xff, 0x29, 0xcc, 0xff, 0xff,
    0x29, 0xcc, 0xff, 0xff, 0x29, 0xcc, 0xff, 0xff, 0x29, 0xcc, 0xff, 0xff,
    0x29, 0xcc, 0xff, 0xff, 0x29, 0xcc, 0xff, 0xff, 0x29, 0xcc, 0xff, 0xff,
    0x29, 0xcc, 0xff, 0xff, 0x29, 0xcc, 0xff, 0xff, 0x29, 0xcc, 0xff, 0xff,
    0x29, 0xcc, 0xff, 0xff, 0x29, 0xcc, 0xff, 0xff, 0x29, 0xcc, 0xff, 0xff,
    0x29, 0xcc, 0xff, 0xff, 0x29, 0xcc, 0xff, 0xff, 0x29, 0xcc, 0xff, 0xff,
    0x29, 0xcc, 0xff, 0xff, 0x29, 0xcc, 0xff, 0xff, 0x29, 0xcc, 0xff, 0xff,
    0x29, 0xcc, 0xff, 0xff, 0x29, 0xcc, 0xff, 0xff, 0x29, 0xcc, 0xff, 0xff,
    0x29, 0xcc, 0xff, 0xff, 0x29, 0xcc, 0xff, 0xff, 0x29, 0xcc, 0xff, 0xff,
    0x29, 0xcc, 0xff, 0xff, 0x29, 0xcc, 0xff, 0xff, 0x29, 0xcc, 0xff, 0xff,
    0x29, 0xcc, 0xff, 0xff, 0x28, 0xca, 0xfd, 0x55, 0x29, 0xcc, 0xfe, 0xa9,
    0x29, 0xcc, 0xff, 0xff, 0x29, 0xcc, 0xff, 0xff, 0x29, 0xcc, 0xff, 0xff,
    0x29, 0xcc, 0xff, 0xff, 0x29, 0xcc, 0xff, 0xff, 0x29, 0xcc, 0xff, 0xff,
    0x29, 0xcc, 0xff, 0xff, 0x29, 0xcc, 0xff, 0xff, 0x29, 0xcc, 0xff, 0xff,
    0x29, 0xcc, 0xff, 0xff, 0x29, 0xcc, 0xff, 0xff, 0x29, 0xcc, 0xff, 0xff,
    0x29, 0xcc, 0xff, 0xff, 0x29, 0xcc, 0xff, 0xff, 0x29, 0xcc, 0xff, 0xff,
    0x29, 0xcc, 0xff, 0xff, 0x29, 0xcc, 0xff, 0xff, 0x29, 0xcc, 0xff, 0xff,
    0x29, 0xcc, 0xff, 0xff, 0x29, 0xcc, 0xff, 0xff, 0x29, 0xcc, 0xff, 0xff,
    0x29, 0xcc, 0xff, 0xff, 0x29, 0xcc, 0xff, 0xff, 0x29, 0xcc, 0xff, 0xff,
    0x29, 0xcc, 0xff, 0xff, 0x29, 0xcc, 0xff, 0xff, 0x29, 0xcc, 0xff, 0xff,
    0x29, 0xcc, 0xff, 0xff, 0x29, 0xcc, 0xff, 0xff, 0x29, 0xcc, 0xff, 0xff,
    0x29, 0xcc, 0xff, 0xff, 0x29, 0xcc, 0xff, 0xff, 0x29, 0xcc, 0xff, 0xff,
    0x29, 0xcc, 0xff, 0xff, 0x29, 0xcc, 0xff, 0xff, 0x29, 0xcc, 0xff, 0xff,
    0x29, 0xcc, 0xff, 0xff, 0x29, 0xcc, 0xff, 0xff, 0x29, 0xcc, 0xff, 0xff,
    0x29, 0xcc, 0xff, 0xff, 0x29, 0xcc, 0xff, 0xff, 0x29, 0xcc, 0xff, 0xff,
    0x29, 0xcc, 0xff, 0xff, 0x29, 0xcc, 0xff, 0xff, 0x29, 0xcc, 0xff, 0xff,
    0x29, 0xcc, 0xff, 0xff, 0x29, 0xcc, 0xff, 0xff, 0x29, 0xcc, 0xff, 0xff,
    0x29, 0xcc, 0xff, 0xff, 0x29, 0xcc, 0xff, 0xff, 0x29, 0xcc, 0xff, 0xff,
    0x29, 0xcc, 0xff, 0xff, 0x29, 0xcc, 0xff, 0xff, 0x29, 0xcc, 0xff, 0xff,
    0x29, 0xcc, 0xff, 0xff, 0x29, 0xcc, 0xff, 0xff, 0x29, 0xcc, 0xff, 0xff,
    0x29, 0xcc, 0xff, 0xff, 0x29, 0xcc, 0xff, 0xff, 0x29, 0xcc, 0xff, 0xff,
    0x29, 0xcc, 0xff, 0xff, 0x29, 0xcc, 0xff, 0xff, 0x29, 0xcc, 0xff, 0xff,
    0x29, 0xcc, 0xff, 0xff, 0x29, 0xcc, 0xff, 0xff, 0x29, 0xcc, 0xff, 0xff,
    0x29, 0xcc, 0xff, 0xff, 0x29, 0xcc, 0xff, 0xff, 0x29, 0xcc, 0xff, 0xff,
    0x29, 0xcc, 0xff, 0xff, 0x29, 0xcc, 0xff, 0xff, 0x29, 0xcc, 0xff, 0xff,
    0x29, 0xcc, 0xff, 0xff, 0x29, 0xcc, 0xff, 0xff, 0x29, 0xcc, 0xff, 0xff,
    0x29, 0xcc, 0xff, 0xff, 0x29, 0xcc, 0xff, 0xff, 0x29, 0xcc, 0xff, 0xff,
    0x29, 0xcc, 0xff, 0xff, 0x29, 0xcc, 0xff, 0xff, 0x29, 0xcc, 0xff, 0xff,
    0x29, 0xcc, 0xff, 0xff, 0x29, 0xcc, 0xff, 0xff, 0x29, 0xcc, 0xff, 0xff,
    0x29, 0xcc, 0xff, 0xff, 0x29, 0xcc, 0xff, 0xff, 0x29, 0xcc, 0xff, 0xff,
    0x29, 0xcc, 0xff, 0xff, 0x29, 0xcc, 0xff, 0xff, 0x29, 0xcc, 0xff, 0xff,
    0x29, 0xcc, 0xff, 0xff, 0x29, 0xcc, 0xff, 0xff, 0x29, 0xcc, 0xff, 0xff,
    0x29, 0xcc, 0xff, 0xff, 0x29, 0xcc, 0xff, 0xff, 0x29, 0xcc, 0xff, 0xff,
    0x29, 0xcc, 0xff, 0xff, 0x29, 0xcc, 0xff, 0xff, 0x29, 0xcc, 0xff, 0xff,
    0x29, 0xcc, 0xff, 0xff, 0x29, 0xcc, 0xff, 0xff, 0x29, 0xcc, 0xff, 0xff,
    0x29, 0xcc, 0xff, 0xff, 0x29, 0xcc, 0xff, 0xff, 0x29, 0xcc, 0xff, 0xff,
    0x29, 0xcc, 0xff, 0xff, 0x29, 0xcc, 0xff, 0xff, 0x29, 0xcc, 0xff, 0xff,
    0x29, 0xcc, 0xff, 0xff, 0x29, 0xcc, 0xff, 0xff, 0x29, 0xcc, 0xff, 0xff,
    0x29, 0xcc, 0xff, 0xff, 0x29, 0xcc, 0xff, 0xff, 0x29, 0xcc, 0xff, 0xff,
    0x29, 0xcc, 0xff, 0xff, 0x29, 0xcc, 0xff, 0xff, 0x29, 0xcc, 0xff, 0xff,
    0x29, 0xcc, 0xff, 0xff, 0x29, 0xcc, 0xff, 0xff, 0x29, 0xcc, 0xff, 0xff,
    0x29, 0xcc, 0xff, 0xff, 0x29, 0xcc, 0xff, 0xff, 0x29, 0xcc, 0xff, 0xff,
    0x29, 0xcc, 0xff, 0xff, 0x29, 0xcc, 0xff, 0xff, 0x29, 0xcc, 0xff, 0xff,
    0x29, 0xcc, 0xff, 0xff, 0x29, 0xcc, 0xff, 0xff, 0x29, 0xcc, 0xff, 0xff,
    0x29, 0xcc, 0xff, 0xff, 0x29, 0xcc, 0xff, 0xff, 0x29, 0xcc, 0xff, 0xff,
    0x29, 0xcc, 0xff, 0xff, 0x29, 0xcc, 0xff, 0xff, 0x29, 0xcc, 0xff, 0xff,
    0x29, 0xcc, 0xff, 0xff, 0x29, 0xcc, 0xff, 0xff, 0x29, 0xcc, 0xff, 0xff,
    0x29, 0xcc, 0xff, 0xff, 0x29, 0xcc, 0xff, 0xff, 0x29, 0xcc, 0xff, 0xff,
    0x29, 0xcc, 0xff, 0xff, 0x29, 0xcc, 0xff, 0xff, 0x29, 0xcc, 0xff, 0xff,
    0x29, 0xcc, 0xff, 0xff, 0x29, 0xcc, 0xff, 0xff, 0x29, 0xcc, 0xff, 0xff,
    0x29, 0xcc, 0xff, 0xff, 0x29, 0xcc, 0xff, 0xff, 0x28, 0xca, 0xfd, 0x55,
    0x29, 0xcc, 0xfe, 0xa9, 0x29, 0xcc, 0xff, 0xff, 0x29, 0xcc, 0xff, 0xff,
    0x29, 0xcc, 0xff, 0xff, 0x29, 0xcc, 0xff, 0xff, 0x29, 0xcc, 0xff, 0xff,
    0x29, 0xcc, 0xff, 0xff, 0x29, 0xcc, 0xff, 0xff, 0x29, 0xcc, 0xff, 0xff,
    0x29, 0xcc, 0xff, 0xff, 0x29, 0xcc, 0xff, 0xff, 0x29, 0xcc, 0xff, 0xff,
    0x29, 0xcc, 0xff, 0xff, 0x29, 0xcc, 0xff, 0xff, 0x29, 0xcc, 0xff, 0xff,
    0x29, 0xcc, 0xff, 0xff, 0x29, 0xcc, 0xff, 0xff, 0x29, 0xcc, 0xff, 0xff,
    0x29, 0xcc, 0xff, 0xff, 0x29, 0xcc, 0xff, 0xff, 0x29, 0xcc, 0xff, 0xff,
    0x29, 0xcc, 0xff, 0xff, 0x29, 0xcc, 0xff, 0xff, 0x29, 0xcc, 0xff, 0xff,
    0x29, 0xcc, 0xff, 0xff, 0x29, 0xcc, 0xff, 0xff, 0x29, 0xcc, 0xff, 0xff,
    0x29, 0xcc, 0xff, 0xff, 0x29, 0xcc, 0xff, 0xff, 0x29, 0xcc, 0xff, 0xff,
    0x29, 0xcc, 0xff, 0xff, 0x29, 0xcc, 0xff, 0xff, 0x29, 0xcc, 0xff, 0xff,
    0x29, 0xcc, 0xff, 0xff, 0x29, 0xcc, 0xff, 0xff, 0x29, 0xcc, 0xff, 0xff,
    0x29, 0xcc, 0xff, 0xff, 0x29, 0xcc, 0xff, 0xff, 0x29, 0xcc, 0xff, 0xff,
    0x29, 0xcc, 0xff, 0xff, 0x29, 0xcc, 0xff, 0xff, 0x29, 0xcc, 0xff, 0xff,
    0x29, 0xcc, 0xff, 0xff, 0x29, 0xcc, 0xff, 0xff, 0x29, 0xcc, 0xff, 0xff,
    0x29, 0xcc, 0xff, 0xff, 0x29, 0xcc, 0xff, 0xff, 0x29, 0xcc, 0xff, 0xff,
    0x29, 0xcc, 0xff, 0xff, 0x29, 0xcc, 0xff, 0xff, 0x29, 0xcc, 0xff, 0xff,
    0x29, 0xcc, 0xff, 0xff, 0x29, 0xcc, 0xff, 0xff, 0x29, 0xcc, 0xff, 0xff,
    0x29, 0xcc, 0xff, 0xff, 0x29, 0xcc, 0xff, 0xff, 0x29, 0xcc, 0xff, 0xff,
    0x29, 0xcc, 0xff, 0xff, 0x29, 0xcc, 0xff, 0xff, 0x29, 0xcc, 0xff, 0xff,
    0x29, 0xcc, 0xff, 0xff, 0x29, 0xcc, 0xff, 0xff, 0x29, 0xcc, 0xff, 0xff,
    0x29, 0xcc, 0xff, 0xff, 0x29, 0xcc, 0xff, 0xff, 0x29, 0xcc, 0xff, 0xff,
    0x29, 0xcc, 0xff, 0xff, 0x29, 0xcc, 0xff, 0xff, 0x29, 0xcc, 0xff, 0xff,
    0x29, 0xcc, 0xff, 0xff, 0x29, 0xcc, 0xff, 0xff, 0x29, 0xcc, 0xff, 0xff,
    0x29, 0xcc, 0xff, 0xff, 0x29, 0xcc, 0xff, 0xff, 0x29, 0xcc, 0xff, 0xff,
    0x29, 0xcc, 0xff, 0xff, 0x29, 0xcc, 0xff, 0xff, 0x29, 0xcc, 0xff, 0xff,
    0x29, 0xcc, 0xff, 0xff, 0x29, 0xcc, 0xff, 0xff, 0x29, 0xcc, 0xff, 0xff,
    0x29, 0xcc, 0xff, 0xff, 0x29, 0xcc, 0xff, 0xff, 0x29, 0xcc, 0xff, 0xff,
    0x29, 0xcc, 0xff, 0xff, 0x29, 0xcc, 0xff, 0xff, 0x29, 0xcc, 0xff, 0xff,
    0x29, 0xcc, 0xff, 0xff, 0x29, 0xcc, 0xff, 0xff, 0x29, 0xcc, 0xff, 0xff,
    0x29, 0xcc, 0xff, 0xff, 0x29, 0xcc, 0xff, 0xff, 0x29, 0xcc, 0xff, 0xff,
    0x29, 0xcc, 0xff, 0xff, 0x29, 0xcc, 0xff, 0xff, 0x29, 0xcc, 0xff, 0xff,
    0x29, 0xcc, 0xff, 0xff, 0x29, 0xcc, 0xff, 0xff, 0x29, 0xcc, 0xff, 0xff,
    0x29, 0xcc, 0xff, 0xff, 0x29, 0xcc, 0xff, 0xff, 0x29, 0xcc, 0xff, 0xff,
    0x29, 0xcc, 0xff, 0xff, 0x29, 0xcc, 0xff, 0xff, 0x29, 0xcc, 0xff, 0xff,
    0x29, 0xcc, 0xff, 0xff, 0x29, 0xcc, 0xff, 0xff, 0x29, 0xcc, 0xff, 0xff,
    0x29, 0xcc, 0xff, 0xff, 0x29, 0xcc, 0xff, 0xff, 0x29, 0xcc, 0xff, 0xff,
    0x29, 0xcc, 0xff, 0xff, 0x29, 0xcc, 0xff, 0xff, 0x29, 0xcc, 0xff, 0xff,
    0x29, 0xcc, 0xff, 0xff, 0x29, 0xcc, 0xff, 0xff, 0x29, 0xcc, 0xff, 0xff,
    0x29, 0xcc, 0xff, 0xff, 0x29, 0xcc, 0xff, 0xff, 0x29, 0xcc, 0xff, 0xff,
    0x29, 0xcc, 0xff, 0xff, 0x29, 0xcc, 0xff, 0xff, 0x29, 0xcc, 0xff, 0xff,
    0x29, 0xcc, 0xff, 0xff, 0x29, 0xcc, 0xff, 0xff, 0x29, 0xcc, 0xff, 0xff,
    0x29, 0xcc, 0xff, 0xff, 0x29, 0xcc, 0xff, 0xff, 0x29, 0xcc, 0xff, 0xff,
    0x29, 0xcc, 0xff, 0xff, 0x29, 0xcc, 0xff, 0xff, 0x29, 0xcc, 0xff, 0xff,
    0x29, 0xcc, 0xff, 0xff, 0x29, 0xcc, 0xff, 0xff, 0x29, 0xcc, 0xff, 0xff,
    0x29, 0xcc, 0xff, 0xff, 0x29, 0xcc, 0xff, 0xff, 0x29, 0xcc, 0xff, 0xff,
    0x29, 0xcc, 0xff, 0xff, 0x29, 0xcc, 0xff, 0xff, 0x29, 0xcc, 0xff, 0xff,
    0x29, 0xcc, 0xff, 0xff, 0x29, 0xcc, 0xff, 0xff, 0x29, 0xcc, 0xff, 0xff,
    0x29, 0xcc, 0xff, 0xff, 0x29, 0xcc, 0xff, 0xff, 0x29, 0xcc, 0xff, 0xff,
    0x29, 0xcc, 0xff, 0xff, 0x29, 0xcc, 0xff, 0xff, 0x29, 0xcc, 0xff, 0xff,
    0x28, 0xca, 0xfd, 0x55, 0x29, 0xcc, 0xfe, 0xa9, 0x29, 0xcc, 0xff, 0xff,
    0x29, 0xcc, 0xff, 0xff, 0x29, 0xcc, 0xff, 0xff, 0x29, 0xcc, 0xff, 0xff,
    0x29, 0xcc, 0xff, 0xff, 0x29, 0xcc, 0xff, 0xff, 0x29, 0xcc, 0xff, 0xff,
    0x29, 0xcc, 0xff, 0xff, 0x29, 0xcc, 0xff, 0xff, 0x29, 0xcc, 0xff, 0xff,
    0x29, 0xcc, 0xff, 0xff, 0x29, 0xcc, 0xff, 0xff, 0x29, 0xcc, 0xff, 0xff,
    0x29, 0xcc, 0xff, 0xff, 0x29, 0xcc, 0xff, 0xff, 0x29, 0xcc, 0xff, 0xff,
    0x29, 0xcc, 0xff, 0xff, 0x29, 0xcc, 0xff, 0xff, 0x29, 0xcc, 0xff, 0xff,
    0x29, 0xcc, 0xff, 0xff, 0x29, 0xcc, 0xff, 0xff, 0x29, 0xcc, 0xff, 0xff,
    0x29, 0xcc, 0xff, 0xff, 0x29, 0xcc, 0xff, 0xff, 0x29, 0xcc, 0xff, 0xff,
    0x29, 0xcc, 0xff, 0xff, 0x29, 0xcc, 0xff, 0xff, 0x29, 0xcc, 0xff, 0xff,
    0x29, 0xcc, 0xff, 0xff, 0x29, 0xcc, 0xff, 0xff, 0x29, 0xcc, 0xff, 0xff,
    0x29, 0xcc, 0xff, 0xff, 0x29, 0xcc, 0xff, 0xff, 0x29, 0xcc, 0xff, 0xff,
    0x29, 0xcc, 0xff, 0xff, 0x29, 0xcc, 0xff, 0xff, 0x29, 0xcc, 0xff, 0xff,
    0x29, 0xcc, 0xff, 0xff, 0x29, 0xcc, 0xff, 0xff, 0x29, 0xcc, 0xff, 0xff,
    0x29, 0xcc, 0xff, 0xff, 0x29, 0xcc, 0xff, 0xff, 0x29, 0xcc, 0xff, 0xff,
    0x29, 0xcc, 0xff, 0xff, 0x29, 0xcc, 0xff, 0xff, 0x29, 0xcc, 0xff, 0xff,
    0x29, 0xcc, 0xff, 0xff, 0x29, 0xcc, 0xff, 0xff, 0x29, 0xcc, 0xff, 0xff,
    0x29, 0xcc, 0xff, 0xff, 0x29, 0xcc, 0xff, 0xff, 0x29, 0xcc, 0xff, 0xff,
    0x29, 0xcc, 0xff, 0xff, 0x29, 0xcc, 0xff, 0xff, 0x29, 0xcc, 0xff, 0xff,
    0x29, 0xcc, 0xff, 0xff, 0x29, 0xcc, 0xff, 0xff, 0x29, 0xcc, 0xff, 0xff,
    0x29, 0xcc, 0xff, 0xff, 0x29, 0xcc, 0xff, 0xff, 0x29, 0xcc, 0xff, 0xff,
    0x29, 0xcc, 0xff, 0xff, 0x29, 0xcc, 0xff, 0xff, 0x29, 0xcc, 0xff, 0xff,
    0x29, 0xcc, 0xff, 0xff, 0x29, 0xcc, 0xff, 0xff, 0x29, 0xcc, 0xff, 0xff,
    0x29, 0xcc, 0xff, 0xff, 0x29, 0xcc, 0xff, 0xff, 0x29, 0xcc, 0xff, 0xff,
    0x29, 0xcc, 0xff, 0xff, 0x29, 0xcc, 0xff, 0xff, 0x29, 0xcc, 0xff, 0xff,
    0x29, 0xcc, 0xff, 0xff, 0x29, 0xcc, 0xff, 0xff, 0x29, 0xcc, 0xff, 0xff,
    0x29, 0xcc, 0xff, 0xff, 0x29, 0xcc, 0xff, 0xff, 0x29, 0xcc, 0xff, 0xff,
    0x29, 0xcc, 0xff, 0xff, 0x29, 0xcc, 0xff, 0xff, 0x29, 0xcc, 0xff, 0xff,
    0x29, 0xcc, 0xff, 0xff, 0x29, 0xcc, 0xff, 0xff, 0x29, 0xcc, 0xff, 0xff,
    0x29, 0xcc, 0xff, 0xff, 0x29, 0xcc, 0xff, 0xff, 0x29, 0xcc, 0xff, 0xff,
    0x29, 0xcc, 0xff, 0xff, 0x29, 0xcc, 0xff, 0xff, 0x29, 0xcc, 0xff, 0xff,
    0x29, 0xcc, 0xff, 0xff, 0x29, 0xcc, 0xff, 0xff, 0x29, 0xcc, 0xff, 0xff,
    0x29, 0xcc, 0xff, 0xff, 0x29, 0xcc, 0xff, 0xff, 0x29, 0xcc, 0xff, 0xff,
    0x29, 0xcc, 0xff, 0xff, 0x29, 0xcc, 0xff, 0xff, 0x29, 0xcc, 0xff, 0xff,
    0x29, 0xcc, 0xff, 0xff, 0x29, 0xcc, 0xff, 0xff, 0x29, 0xcc, 0xff, 0xff,
    0x29, 0xcc, 0xff, 0xff, 0x29, 0xcc, 0xff, 0xff, 0x29, 0xcc, 0xff, 0xff,
    0x29, 0xcc, 0xff, 0xff, 0x29, 0xcc, 0xff, 0xff, 0x29, 0xcc, 0xff, 0xff,
    0x29, 0xcc, 0xff, 0xff, 0x29, 0xcc, 0xff, 0xff, 0x29, 0xcc, 0xff, 0xff,
    0x29, 0xcc, 0xff, 0xff, 0x29, 0xcc, 0xff, 0xff, 0x29, 0xcc, 0xff, 0xff,
    0x29, 0xcc, 0xff, 0xff, 0x29, 0xcc, 0xff, 0xff, 0x29, 0xcc, 0xff, 0xff,
    0x29, 0xcc, 0xff, 0xff, 0x29, 0xcc, 0xff, 0xff, 0x29, 0xcc, 0xff, 0xff,
    0x29, 0xcc, 0xff, 0xff, 0x29, 0xcc, 0xff, 0xff, 0x29, 0xcc, 0xff, 0xff,
    0x29, 0xcc, 0xff, 0xff, 0x29, 0xcc, 0xff, 0xff, 0x29, 0xcc, 0xff, 0xff,
    0x29, 0xcc, 0xff, 0xff, 0x29, 0xcc, 0xff, 0xff, 0x29, 0xcc, 0xff, 0xff,
    0x29, 0xcc, 0xff, 0xff, 0x29, 0xcc, 0xff, 0xff, 0x29, 0xcc, 0xff, 0xff,
    0x29, 0xcc, 0xff, 0xff, 0x29, 0xcc, 0xff, 0xff, 0x29, 0xcc, 0xff, 0xff,
    0x29, 0xcc, 0xff, 0xff, 0x29, 0xcc, 0xff, 0xff, 0x29, 0xcc, 0xff, 0xff,
    0x29, 0xcc, 0xff, 0xff, 0x29, 0xcc, 0xff, 0xff, 0x29, 0xcc, 0xff, 0xff,
    0x29, 0xcc, 0xff, 0xff, 0x29, 0xcc, 0xff, 0xff, 0x29, 0xcc, 0xff, 0xff,
    0x29, 0xcc, 0xff, 0xff, 0x29, 0xcc, 0xff, 0xff, 0x29, 0xcc, 0xff, 0xff,
    0x29, 0xcc, 0xff, 0xff, 0x28, 0xca, 0xfd, 0x55, 0x29, 0xcc, 0xfe, 0xa9,
    0x29, 0xcc, 0xff, 0xff, 0x29, 0xcc, 0xff, 0xff, 0x29, 0xcc, 0xff, 0xff,
    0x29, 0xcc, 0xff, 0xff, 0x29, 0xcc, 0xff, 0xff, 0x29, 0xcc, 0xff, 0xff,
    0x29, 0xcc, 0xff, 0xff, 0x29, 0xcc, 0xff, 0xff, 0x29, 0xcc, 0xff, 0xff,
    0x29, 0xcc, 0xff, 0xff, 0x29, 0xcc, 0xff, 0xff, 0x29, 0xcc, 0xff, 0xff,
    0x29, 0xcc, 0xff, 0xff, 0x29, 0xcc, 0xff, 0xff, 0x29, 0xcc, 0xff, 0xff,
    0x29, 0xcc, 0xff, 0xff, 0x29, 0xcc, 0xff, 0xff, 0x29, 0xcc, 0xff, 0xff,
    0x29, 0xcc, 0xff, 0xff, 0x29, 0xcc, 0xff, 0xff, 0x29, 0xcc, 0xff, 0xff,
    0x29, 0xcc, 0xff, 0xff, 0x29, 0xcc, 0xff, 0xff, 0x29, 0xcc, 0xff, 0xff,
    0x29, 0xcc, 0xff, 0xff, 0x29, 0xcc, 0xff, 0xff, 0x29, 0xcc, 0xff, 0xff,
    0x29, 0xcc, 0xff, 0xff, 0x29, 0xcc, 0xff, 0xff, 0x29, 0xcc, 0xff, 0xff,
    0x29, 0xcc, 0xff, 0xff, 0x29, 0xcc, 0xff, 0xff, 0x29, 0xcc, 0xff, 0xff,
    0x29, 0xcc, 0xff, 0xff, 0x29, 0xcc, 0xff, 0xff, 0x29, 0xcc, 0xff, 0xff,
    0x29, 0xcc, 0xff, 0xff, 0x29, 0xcc, 0xff, 0xff, 0x29, 0xcc, 0xff, 0xff,
    0x29, 0xcc, 0xff, 0xff, 0x29, 0xcc, 0xff, 0xff, 0x29, 0xcc, 0xff, 0xff,
    0x29, 0xcc, 0xff, 0xff, 0x29, 0xcc, 0xff, 0xff, 0x29, 0xcc, 0xff, 0xff,
    0x29, 0xcc, 0xff, 0xff, 0x29, 0xcc, 0xff, 0xff, 0x29, 0xcc, 0xff, 0xff,
    0x29, 0xcc, 0xff, 0xff, 0x29, 0xcc, 0xff, 0xff, 0x29, 0xcc, 0xff, 0xff,
    0x29, 0xcc, 0xff, 0xff, 0x29, 0xcc, 0xff, 0xff, 0x29, 0xcc, 0xff, 0xff,
    0x29, 0xcc, 0xff, 0xff, 0x29, 0xcc, 0xff, 0xff, 0x29, 0xcc, 0xff, 0xff,
    0x29, 0xcc, 0xff, 0xff, 0x29, 0xcc, 0xff, 0xff, 0x29, 0xcc, 0xff, 0xff,
    0x29, 0xcc, 0xff, 0xff, 0x29, 0xcc, 0xff, 0xff, 0x29, 0xcc, 0xff, 0xff,
    0x29, 0xcc, 0xff, 0xff, 0x29, 0xcc, 0xff, 0xff, 0x29, 0xcc, 0xff, 0xff,
    0x29, 0xcc, 0xff, 0xff, 0x29, 0xcc, 0xff, 0xff, 0x29, 0xcc, 0xff, 0xff,
    0x29, 0xcc, 0xff, 0xff, 0x29, 0xcc, 0xff, 0xff, 0x29, 0xcc, 0xff, 0xff,
    0x29, 0xcc, 0xff, 0xff, 0x29, 0xcc, 0xff, 0xff, 0x29, 0xcc, 0xff, 0xff,
    0x29, 0xcc, 0xff, 0xff, 0x29, 0xcc, 0xff, 0xff, 0x29, 0xcc, 0xff, 0xff,
    0x29, 0xcc, 0xff, 0xff, 0x29, 0xcc, 0xff, 0xff, 0x29, 0xcc, 0xff, 0xff,
    0x29, 0xcc, 0xff, 0xff, 0x29, 0xcc, 0xff, 0xff, 0x29, 0xcc, 0xff, 0xff,
    0x29, 0xcc, 0xff, 0xff, 0x29, 0xcc, 0xff, 0xff, 0x29, 0xcc, 0xff, 0xff,
    0x29, 0xcc, 0xff, 0xff, 0x29, 0xcc, 0xff, 0xff, 0x29, 0xcc, 0xff, 0xff,
    0x29, 0xcc, 0xff, 0xff, 0x29, 0xcc, 0xff, 0xff, 0x29, 0xcc, 0xff, 0xff,
    0x29, 0xcc, 0xff, 0xff, 0x29, 0xcc, 0xff, 0xff, 0x29, 0xcc, 0xff, 0xff,
    0x29, 0xcc, 0xff, 0xff, 0x29, 0xcc, 0xff, 0xff, 0x29, 0xcc, 0xff, 0xff,
    0x29, 0xcc, 0xff, 0xff, 0x29, 0xcc, 0xff, 0xff, 0x29, 0xcc, 0xff, 0xff,
    0x29, 0xcc, 0xff, 0xff, 0x29, 0xcc, 0xff, 0xff, 0x29, 0xcc, 0xff, 0xff,
    0x29, 0xcc, 0xff, 0xff, 0x29, 0xcc, 0xff, 0xff, 0x29, 0xcc, 0xff, 0xff,
    0x29, 0xcc, 0xff, 0xff, 0x29, 0xcc, 0xff, 0xff, 0x29, 0xcc, 0xff, 0xff,
    0x29, 0xcc, 0xff, 0xff, 0x29, 0xcc, 0xff, 0xff, 0x29, 0xcc, 0xff, 0xff,
    0x29, 0xcc, 0xff, 0xff, 0x29, 0xcc, 0xff, 0xff, 0x29, 0xcc, 0xff, 0xff,
    0x29, 0xcc, 0xff, 0xff, 0x29, 0xcc, 0xff, 0xff, 0x29, 0xcc, 0xff, 0xff,
    0x29, 0xcc, 0xff, 0xff, 0x29, 0xcc, 0xff, 0xff, 0x29, 0xcc, 0xff, 0xff,
    0x29, 0xcc, 0xff, 0xff, 0x29, 0xcc, 0xff, 0xff, 0x29, 0xcc, 0xff, 0xff,
    0x29, 0xcc, 0xff, 0xff, 0x29, 0xcc, 0xff, 0xff, 0x29, 0xcc, 0xff, 0xff,
    0x29, 0xcc, 0xff, 0xff, 0x29, 0xcc, 0xff, 0xff, 0x29, 0xcc, 0xff, 0xff,
    0x29, 0xcc, 0xff, 0xff, 0x29, 0xcc, 0xff, 0xff, 0x29, 0xcc, 0xff, 0xff,
    0x29, 0xcc, 0xff, 0xff, 0x29, 0xcc, 0xff, 0xff, 0x29, 0xcc, 0xff, 0xff,
    0x29, 0xcc, 0xff, 0xff, 0x29, 0xcc, 0xff, 0xff, 0x29, 0xcc, 0xff, 0xff,
    0x29, 0xcc, 0xff, 0xff, 0x29, 0xcc, 0xff, 0xff, 0x29, 0xcc, 0xff, 0xff,
    0x29, 0xcc, 0xff, 0xff, 0x29, 0xcc, 0xff, 0xff, 0x29, 0xcc, 0xff, 0xff,
    0x29, 0xcc, 0xff, 0xff, 0x29, 0xcc, 0xff, 0xff, 0x28, 0xca, 0xfd, 0x55,
    0x29, 0xcc, 0xfe, 0xa9, 0x29, 0xcc, 0xff, 0xff, 0x29, 0xcc, 0xff, 0xff,
    0x29, 0xcc, 0xff, 0xff, 0x29, 0xcc, 0xff, 0xff, 0x29, 0xcc, 0xff, 0xff,
    0x29, 0xcc, 0xff, 0xff, 0x29, 0xcc, 0xff, 0xff, 0x29, 0xcc, 0xff, 0xff,
    0x29, 0xcc, 0xff, 0xff, 0x29, 0xcc, 0xff, 0xff, 0x29, 0xcc, 0xff, 0xff,
    0x29, 0xcc, 0xff, 0xff, 0x29, 0xcc, 0xff, 0xff, 0x29, 0xcc, 0xff, 0xff,
    0x29, 0xcc, 0xff, 0xff, 0x29, 0xcc, 0xff, 0xff, 0x29, 0xcc, 0xff, 0xff,
    0x29, 0xcc, 0xff, 0xff, 0x29, 0xcc, 0xff, 0xff, 0x29, 0xcc, 0xff, 0xff,
    0x29, 0xcc, 0xff, 0xff, 0x29, 0xcc, 0xff, 0xff, 0x29, 0xcc, 0xff, 0xff,
    0x29, 0xcc, 0xff, 0xff, 0x29, 0xcc, 0xff, 0xff, 0x29, 0xcc, 0xff, 0xff,
    0x29, 0xcc, 0xff, 0xff, 0x29, 0xcc, 0xff, 0xff, 0x29, 0xcc, 0xff, 0xff,
    0x29, 0xcc, 0xff, 0xff, 0x29, 0xcc, 0xff, 0xff, 0x29, 0xcc, 0xff, 0xff,
    0x29, 0xcc, 0xff, 0xff, 0x29, 0xcc, 0xff, 0xff, 0x29, 0xcc, 0xff, 0xff,
    0x29, 0xcc, 0xff, 0xff, 0x29, 0xcc, 0xff, 0xff, 0x29, 0xcc, 0xff, 0xff,
    0x29, 0xcc, 0xff, 0xff, 0x29, 0xcc, 0xff, 0xff, 0x29, 0xcc, 0xff, 0xff,
    0x29, 0xcc, 0xff, 0xff, 0x29, 0xcc, 0xff, 0xff, 0x29, 0xcc, 0xff, 0xff,
    0x29, 0xcc, 0xff, 0xff, 0x29, 0xcc, 0xff, 0xff, 0x29, 0xcc, 0xff, 0xff,
    0x29, 0xcc, 0xff, 0xff, 0x29, 0xcc, 0xff, 0xff, 0x29, 0xcc, 0xff, 0xff,
    0x29, 0xcc, 0xff, 0xff, 0x29, 0xcc, 0xff, 0xff, 0x29, 0xcc, 0xff, 0xff,
    0x29, 0xcc, 0xff, 0xff, 0x29, 0xcc, 0xff, 0xff, 0x29, 0xcc, 0xff, 0xff,
    0x29, 0xcc, 0xff, 0xff, 0x29, 0xcc, 0xff, 0xff, 0x29, 0xcc, 0xff, 0xff,
    0x29, 0xcc, 0xff, 0xff, 0x29, 0xcc, 0xff, 0xff, 0x29, 0xcc, 0xff, 0xff,
    0x29, 0xcc, 0xff, 0xff, 0x29, 0xcc, 0xff, 0xff, 0x29, 0xcc, 0xff, 0xff,
    0x29, 0xcc, 0xff, 0xff, 0x29, 0xcc, 0xff, 0xff, 0x29, 0xcc, 0xff, 0xff,
    0x29, 0xcc, 0xff, 0xff, 0x29, 0xcc, 0xff, 0xff, 0x29, 0xcc, 0xff, 0xff,
    0x29, 0xcc, 0xff, 0xff, 0x29, 0xcc, 0xff, 0xff, 0x29, 0xcc, 0xff, 0xff,
    0x29, 0xcc, 0xff, 0xff, 0x29, 0xcc, 0xff, 0xff, 0x29, 0xcc, 0xff, 0xff,
    0x29, 0xcc, 0xff, 0xff, 0x29, 0xcc, 0xff, 0xff, 0x29, 0xcc, 0xff, 0xff,
    0x29, 0xcc, 0xff, 0xff, 0x29, 0xcc, 0xff, 0xff, 0x29, 0xcc, 0xff, 0xff,
    0x29, 0xcc, 0xff, 0xff, 0x29, 0xcc, 0xff, 0xff, 0x29, 0xcc, 0xff, 0xff,
    0x29, 0xcc, 0xff, 0xff, 0x29, 0xcc, 0xff, 0xff, 0x29, 0xcc, 0xff, 0xff,
    0x29, 0xcc, 0xff, 0xff, 0x29, 0xcc, 0xff, 0xff, 0x29, 0xcc, 0xff, 0xff,
    0x29, 0xcc, 0xff, 0xff, 0x29, 0xcc, 0xff, 0xff, 0x29, 0xcc, 0xff, 0xff,
    0x29, 0xcc, 0xff, 0xff, 0x29, 0xcc, 0xff, 0xff, 0x29, 0xcc, 0xff, 0xff,
    0x29, 0xcc, 0xff, 0xff, 0x29, 0xcc, 0xff, 0xff, 0x29, 0xcc, 0xff, 0xff,
    0x29, 0xcc, 0xff, 0xff, 0x29, 0xcc, 0xff, 0xff, 0x29, 0xcc, 0xff, 0xff,
    0x29, 0xcc, 0xff, 0xff, 0x29, 0xcc, 0xff, 0xff, 0x29, 0xcc, 0xff, 0xff,
    0x29, 0xcc, 0xff, 0xff, 0x29, 0xcc, 0xff, 0xff, 0x29, 0xcc, 0xff, 0xff,
    0x29, 0xcc, 0xff, 0xff, 0x29, 0xcc, 0xff, 0xff, 0x29, 0xcc, 0xff, 0xff,
    0x29, 0xcc, 0xff, 0xff, 0x29, 0xcc, 0xff, 0xff, 0x29, 0xcc, 0xff, 0xff,
    0x29, 0xcc, 0xff, 0xff, 0x29, 0xcc, 0xff, 0xff, 0x29, 0xcc, 0xff, 0xff,
    0x29, 0xcc, 0xff, 0xff, 0x29, 0xcc, 0xff, 0xff, 0x29, 0xcc, 0xff, 0xff,
    0x29, 0xcc, 0xff, 0xff, 0x29, 0xcc, 0xff, 0xff, 0x29, 0xcc, 0xff, 0xff,
    0x29, 0xcc, 0xff, 0xff, 0x29, 0xcc, 0xff, 0xff, 0x29, 0xcc, 0xff, 0xff,
    0x29, 0xcc, 0xff, 0xff, 0x29, 0xcc, 0xff, 0xff, 0x29, 0xcc, 0xff, 0xff,
    0x29, 0xcc, 0xff, 0xff, 0x29, 0xcc, 0xff, 0xff, 0x29, 0xcc, 0xff, 0xff,
    0x29, 0xcc, 0xff, 0xff, 0x29, 0xcc, 0xff, 0xff, 0x29, 0xcc, 0xff, 0xff,
    0x29, 0xcc, 0xff, 0xff, 0x29, 0xcc, 0xff, 0xff, 0x29, 0xcc, 0xff, 0xff,
    0x29, 0xcc, 0xff, 0xff, 0x29, 0xcc, 0xff, 0xff, 0x29, 0xcc, 0xff, 0xff,
    0x29, 0xcc, 0xff, 0xff, 0x29, 0xcc, 0xff, 0xff, 0x29, 0xcc, 0xff, 0xff,
    0x29, 0xcc, 0xff, 0xff, 0x29, 0xcc, 0xff, 0xff, 0x29, 0xcc, 0xff, 0xff,
    0x28, 0xca, 0xfd, 0x55, 0x29, 0xcc, 0xfe, 0xa9, 0x29, 0xcc, 0xff, 0xff,
    0x29, 0xcc, 0xff, 0xff, 0x29, 0xcc, 0xff, 0xff, 0x29, 0xcc, 0xff, 0xff,
    0x29, 0xcc, 0xff, 0xff, 0x29, 0xcc, 0xff, 0xff, 0x29, 0xcc, 0xff, 0xff,
    0x29, 0xcc, 0xff, 0xff, 0x29, 0xcc, 0xff, 0xff, 0x29, 0xcc, 0xff, 0xff,
    0x29, 0xcc, 0xff, 0xff, 0x29, 0xcc, 0xff, 0xff, 0x29, 0xcc, 0xff, 0xff,
    0x29, 0xcc, 0xff, 0xff, 0x29, 0xcc, 0xff, 0xff, 0x29, 0xcc, 0xff, 0xff,
    0x29, 0xcc, 0xff, 0xff, 0x29, 0xcc, 0xff, 0xff, 0x29, 0xcc, 0xff, 0xff,
    0x29, 0xcc, 0xff, 0xff, 0x29, 0xcc, 0xff, 0xff, 0x29, 0xcc, 0xff, 0xff,
    0x29, 0xcc, 0xff, 0xff, 0x29, 0xcc, 0xff, 0xff, 0x29, 0xcc, 0xff, 0xff,
    0x29, 0xcc, 0xff, 0xff, 0x29, 0xcc, 0xff, 0xff, 0x29, 0xcc, 0xff, 0xff,
    0x29, 0xcc, 0xff, 0xff, 0x29, 0xcc, 0xff, 0xff, 0x29, 0xcc, 0xff, 0xff,
    0x29, 0xcc, 0xff, 0xff, 0x29, 0xcc, 0xff, 0xff, 0x29, 0xcc, 0xff, 0xff,
    0x29, 0xcc, 0xff, 0xff, 0x29, 0xcc, 0xff, 0xff, 0x29, 0xcc, 0xff, 0xff,
    0x29, 0xcc, 0xff, 0xff, 0x29, 0xcc, 0xff, 0xff, 0x29, 0xcc, 0xff, 0xff,
    0x29, 0xcc, 0xff, 0xff, 0x29, 0xcc, 0xff, 0xff, 0x29, 0xcc, 0xff, 0xff,
    0x29, 0xcc, 0xff, 0xff, 0x29, 0xcc, 0xff, 0xff, 0x29, 0xcc, 0xff, 0xff,
    0x29, 0xcc, 0xff, 0xff, 0x29, 0xcc, 0xff, 0xff, 0x29, 0xcc, 0xff, 0xff,
    0x29, 0xcc, 0xff, 0xff, 0x29, 0xcc, 0xff, 0xff, 0x29, 0xcc, 0xff, 0xff,
    0x29, 0xcc, 0xff, 0xff, 0x29, 0xcc, 0xff, 0xff, 0x29, 0xcc, 0xff, 0xff,
    0x29, 0xcc, 0xff, 0xff, 0x29, 0xcc, 0xff, 0xff, 0x29, 0xcc, 0xff, 0xff,
    0x29, 0xcc, 0xff, 0xff, 0x29, 0xcc, 0xff, 0xff, 0x29, 0xcc, 0xff, 0xff,
    0x29, 0xcc, 0xff, 0xff, 0x29, 0xcc, 0xff, 0xff, 0x29, 0xcc, 0xff, 0xff,
    0x29, 0xcc, 0xff, 0xff, 0x29, 0xcc, 0xff, 0xff, 0x29, 0xcc, 0xff, 0xff,
    0x29, 0xcc, 0xff, 0xff, 0x29, 0xcc, 0xff, 0xff, 0x29, 0xcc, 0xff, 0xff,
    0x29, 0xcc, 0xff, 0xff, 0x29, 0xcc, 0xff, 0xff, 0x29, 0xcc, 0xff, 0xff,
    0x29, 0xcc, 0xff, 0xff, 0x29, 0xcc, 0xff, 0xff, 0x29, 0xcc, 0xff, 0xff,
    0x29, 0xcc, 0xff, 0xff, 0x29, 0xcc, 0xff, 0xff, 0x29, 0xcc, 0xff, 0xff,
    0x29, 0xcc, 0xff, 0xff, 0x29, 0xcc, 0xff, 0xff, 0x29, 0xcc, 0xff, 0xff,
    0x29, 0xcc, 0xff, 0xff, 0x29, 0xcc, 0xff, 0xff, 0x29, 0xcc, 0xff, 0xff,
    0x29, 0xcc, 0xff, 0xff, 0x29, 0xcc, 0xff, 0xff, 0x29, 0xcc, 0xff, 0xff,
    0x29, 0xcc, 0xff, 0xff, 0x29, 0xcc, 0xff, 0xff, 0x29, 0xcc, 0xff, 0xff,
    0x29, 0xcc, 0xff, 0xff, 0x29, 0xcc, 0xff, 0xff, 0x29, 0xcc, 0xff, 0xff,
    0x29, 0xcc, 0xff, 0xff, 0x29, 0xcc, 0xff, 0xff, 0x29, 0xcc, 0xff, 0xff,
    0x29, 0xcc, 0xff, 0xff, 0x29, 0xcc, 0xff, 0xff, 0x29, 0xcc, 0xff, 0xff,
    0x29, 0xcc, 0xff, 0xff, 0x29, 0xcc, 0xff, 0xff, 0x29, 0xcc, 0xff, 0xff,
    0x29, 0xcc, 0xff, 0xff, 0x29, 0xcc, 0xff, 0xff, 0x29, 0xcc, 0xff, 0xff,
    0x29, 0xcc, 0xff, 0xff, 0x29, 0xcc, 0xff, 0xff, 0x29, 0xcc, 0xff, 0xff,
    0x29, 0xcc, 0xff, 0xff, 0x29, 0xcc, 0xff, 0xff, 0x29, 0xcc, 0xff, 0xff,
    0x29, 0xcc, 0xff, 0xff, 0x29, 0xcc, 0xff, 0xff, 0x29, 0xcc, 0xff, 0xff,
    0x29, 0xcc, 0xff, 0xff, 0x29, 0xcc, 0xff, 0xff, 0x29, 0xcc, 0xff, 0xff,
    0x29, 0xcc, 0xff, 0xff, 0x29, 0xcc, 0xff, 0xff, 0x29, 0xcc, 0xff, 0xff,
    0x29, 0xcc, 0xff, 0xff, 0x29, 0xcc, 0xff, 0xff, 0x29, 0xcc, 0xff, 0xff,
    0x29, 0xcc, 0xff, 0xff, 0x29, 0xcc, 0xff, 0xff, 0x29, 0xcc, 0xff, 0xff,
    0x29, 0xcc, 0xff, 0xff, 0x29, 0xcc, 0xff, 0xff, 0x29, 0xcc, 0xff, 0xff,
    0x29, 0xcc, 0xff, 0xff, 0x29, 0xcc, 0xff, 0xff, 0x29, 0xcc, 0xff, 0xff,
    0x29, 0xcc, 0xff, 0xff, 0x29, 0xcc, 0xff, 0xff, 0x29, 0xcc, 0xff, 0xff,
    0x29, 0xcc, 0xff, 0xff, 0x29, 0xcc, 0xff, 0xff, 0x29, 0xcc, 0xff, 0xff,
    0x29, 0xcc, 0xff, 0xff, 0x29, 0xcc, 0xff, 0xff, 0x29, 0xcc, 0xff, 0xff,
    0x29, 0xcc, 0xff, 0xff, 0x29, 0xcc, 0xff, 0xff, 0x29, 0xcc, 0xff, 0xff,
    0x29, 0xcc, 0xff, 0xff, 0x29, 0xcc, 0xff, 0xff, 0x29, 0xcc, 0xff, 0xff,
    0x29, 0xcc, 0xff, 0xff, 0x28, 0xca, 0xfd, 0x55, 0x29, 0xcc, 0xfe, 0xa9,
    0x29, 0xcc, 0xff, 0xff, 0x29, 0xcc, 0xff, 0xff, 0x29, 0xcc, 0xff, 0xff,
    0x29, 0xcc, 0xff, 0xff, 0x29, 0xcc, 0xff, 0xff, 0x29, 0xcc, 0xff, 0xff,
    0x29, 0xcc, 0xff, 0xff, 0x29, 0xcc, 0xff, 0xff, 0x29, 0xcc, 0xff, 0xff,
    0x29, 0xcc, 0xff, 0xff, 0x29, 0xcc, 0xff, 0xff, 0x29, 0xcc, 0xff, 0xff,
    0x29, 0xcc, 0xff, 0xff, 0x29, 0xcc, 0xff, 0xff, 0x29, 0xcc, 0xff, 0xff,
    0x29, 0xcc, 0xff, 0xff, 0x29, 0xcc, 0xff, 0xff, 0x29, 0xcc, 0xff, 0xff,
    0x29, 0xcc, 0xff, 0xff, 0x29, 0xcc, 0xff, 0xff, 0x29, 0xcc, 0xff, 0xff,
    0x29, 0xcc, 0xff, 0xff, 0x29, 0xcc, 0xff, 0xff, 0x29, 0xcc, 0xff, 0xff,
    0x29, 0xcc, 0xff, 0xff, 0x29, 0xcc, 0xff, 0xff, 0x29, 0xcc, 0xff, 0xff,
    0x29, 0xcc, 0xff, 0xff, 0x29, 0xcc, 0xff, 0xff, 0x29, 0xcc, 0xff, 0xff,
    0x29, 0xcc, 0xff, 0xff, 0x29, 0xcc, 0xff, 0xff, 0x29, 0xcc, 0xff, 0xff,
    0x29, 0xcc, 0xff, 0xff, 0x29, 0xcc, 0xff, 0xff, 0x29, 0xcc, 0xff, 0xff,
    0x29, 0xcc, 0xff, 0xff, 0x29, 0xcc, 0xff, 0xff, 0x29, 0xcc, 0xff, 0xff,
    0x29, 0xcc, 0xff, 0xff, 0x29, 0xcc, 0xff, 0xff, 0x29, 0xcc, 0xff, 0xff,
    0x29, 0xcc, 0xff, 0xff, 0x29, 0xcc, 0xff, 0xff, 0x29, 0xcc, 0xff, 0xff,
    0x29, 0xcc, 0xff, 0xff, 0x29, 0xcc, 0xff, 0xff, 0x29, 0xcc, 0xff, 0xff,
    0x29, 0xcc, 0xff, 0xff, 0x29, 0xcc, 0xff, 0xff, 0x29, 0xcc, 0xff, 0xff,
    0x29, 0xcc, 0xff, 0xff, 0x29, 0xcc, 0xff, 0xff, 0x29, 0xcc, 0xff, 0xff,
    0x29, 0xcc, 0xff, 0xff, 0x29, 0xcc, 0xff, 0xff, 0x29, 0xcc, 0xff, 0xff,
    0x29, 0xcc, 0xff, 0xff, 0x29, 0xcc, 0xff, 0xff, 0x29, 0xcc, 0xff, 0xff,
    0x29, 0xcc, 0xff, 0xff, 0x29, 0xcc, 0xff, 0xff, 0x29, 0xcc, 0xff, 0xff,
    0x29, 0xcc, 0xff, 0xff, 0x29, 0xcc, 0xff, 0xff, 0x29, 0xcc, 0xff, 0xff,
    0x29, 0xcc, 0xff, 0xff, 0x29, 0xcc, 0xff, 0xff, 0x29, 0xcc, 0xff, 0xff,
    0x29, 0xcc, 0xff, 0xff, 0x29, 0xcc, 0xff, 0xff, 0x29, 0xcc, 0xff, 0xff,
    0x29, 0xcc, 0xff, 0xff, 0x29, 0xcc, 0xff, 0xff, 0x29, 0xcc, 0xff, 0xff,
    0x29, 0xcc, 0xff, 0xff, 0x29, 0xcc, 0xff, 0xff, 0x29, 0xcc, 0xff, 0xff,
    0x29, 0xcc, 0xff, 0xff, 0x29, 0xcc, 0xff, 0xff, 0x29, 0xcc, 0xff, 0xff,
    0x29, 0xcc, 0xff, 0xff, 0x29, 0xcc, 0xff, 0xff, 0x29, 0xcc, 0xff, 0xff,
    0x29, 0xcc, 0xff, 0xff, 0x29, 0xcc, 0xff, 0xff, 0x29, 0xcc, 0xff, 0xff,
    0x29, 0xcc, 0xff, 0xff, 0x29, 0xcc, 0xff, 0xff, 0x29, 0xcc, 0xff, 0xff,
    0x29, 0xcc, 0xff, 0xff, 0x29, 0xcc, 0xff, 0xff, 0x29, 0xcc, 0xff, 0xff,
    0x29, 0xcc, 0xff, 0xff, 0x29, 0xcc, 0xff, 0xff, 0x29, 0xcc, 0xff, 0xff,
    0x29, 0xcc, 0xff, 0xff, 0x29, 0xcc, 0xff, 0xff, 0x29, 0xcc, 0xff, 0xff,
    0x29, 0xcc, 0xff, 0xff, 0x29, 0xcc, 0xff, 0xff, 0x29, 0xcc, 0xff, 0xff,
    0x29, 0xcc, 0xff, 0xff, 0x29, 0xcc, 0xff, 0xff, 0x29, 0xcc, 0xff, 0xff,
    0x29, 0xcc, 0xff, 0xff, 0x29, 0xcc, 0xff, 0xff, 0x29, 0xcc, 0xff, 0xff,
    0x29, 0xcc, 0xff, 0xff, 0x29, 0xcc, 0xff, 0xff, 0x29, 0xcc, 0xff, 0xff,
    0x29, 0xcc, 0xff, 0xff, 0x29, 0xcc, 0xff, 0xff, 0x29, 0xcc, 0xff, 0xff,
    0x29, 0xcc, 0xff, 0xff, 0x29, 0xcc, 0xff, 0xff, 0x29, 0xcc, 0xff, 0xff,
    0x29, 0xcc, 0xff, 0xff, 0x29, 0xcc, 0xff, 0xff, 0x29, 0xcc, 0xff, 0xff,
    0x29, 0xcc, 0xff, 0xff, 0x29, 0xcc, 0xff, 0xff, 0x29, 0xcc, 0xff, 0xff,
    0x29, 0xcc, 0xff, 0xff, 0x29, 0xcc, 0xff, 0xff, 0x29, 0xcc, 0xff, 0xff,
    0x29, 0xcc, 0xff, 0xff, 0x29, 0xcc, 0xff, 0xff, 0x29, 0xcc, 0xff, 0xff,
    0x29, 0xcc, 0xff, 0xff, 0x29, 0xcc, 0xff, 0xff, 0x29, 0xcc, 0xff, 0xff,
    0x29, 0xcc, 0xff, 0xff, 0x29, 0xcc, 0xff, 0xff, 0x29, 0xcc, 0xff, 0xff,
    0x29, 0xcc, 0xff, 0xff, 0x29, 0xcc, 0xff, 0xff, 0x29, 0xcc, 0xff, 0xff,
    0x29, 0xcc, 0xff, 0xff, 0x29, 0xcc, 0xff, 0xff, 0x29, 0xcc, 0xff, 0xff,
    0x29, 0xcc, 0xff, 0xff, 0x29, 0xcc, 0xff, 0xff, 0x29, 0xcc, 0xff, 0xff,
    0x29, 0xcc, 0xff, 0xff, 0x29, 0xcc, 0xff, 0xff, 0x29, 0xcc, 0xff, 0xff,
    0x29, 0xcc, 0xff, 0xff, 0x29, 0xcc, 0xff, 0xff, 0x28, 0xca, 0xfd, 0x55,
    0x29, 0xcc, 0xfe, 0xa9, 0x29, 0xcc, 0xff, 0xff, 0x29, 0xcc, 0xff, 0xff,
    0x29, 0xcc, 0xff, 0xff, 0x29, 0xcc, 0xff, 0xff, 0x29, 0xcc, 0xff, 0xff,
    0x29, 0xcc, 0xff, 0xff, 0x29, 0xcc, 0xff, 0xff, 0x29, 0xcc, 0xff, 0xff,
    0x29, 0xcc, 0xff, 0xff, 0x29, 0xcc, 0xff, 0xff, 0x29, 0xcc, 0xff, 0xff,
    0x29, 0xcc, 0xff, 0xff, 0x29, 0xcc, 0xff, 0xff, 0x29, 0xcc, 0xff, 0xff,
    0x29, 0xcc, 0xff, 0xff, 0x29, 0xcc, 0xff, 0xff, 0x29, 0xcc, 0xff, 0xff,
    0x29, 0xcc, 0xff, 0xff, 0x29, 0xcc, 0xff, 0xff, 0x29, 0xcc, 0xff, 0xff,
    0x29, 0xcc, 0xff, 0xff, 0x29, 0xcc, 0xff, 0xff, 0x29, 0xcc, 0xff, 0xff,
    0x29, 0xcc, 0xff, 0xff, 0x29, 0xcc, 0xff, 0xff, 0x29, 0xcc, 0xff, 0xff,
    0x29, 0xcc, 0xff, 0xff, 0x29, 0xcc, 0xff, 0xff, 0x29, 0xcc, 0xff, 0xff,
    0x29, 0xcc, 0xff, 0xff, 0x29, 0xcc, 0xff, 0xff, 0x29, 0xcc, 0xff, 0xff,
    0x29, 0xcc, 0xff, 0xff, 0x29, 0xcc, 0xff, 0xff, 0x29, 0xcc, 0xff, 0xff,
    0x29, 0xcc, 0xff, 0xff, 0x29, 0xcc, 0xff, 0xff, 0x29, 0xcc, 0xff, 0xff,
    0x29, 0xcc, 0xff, 0xff, 0x29, 0xcc, 0xff, 0xff, 0x29, 0xcc, 0xff, 0xff,
    0x29, 0xcc, 0xff, 0xff, 0x29, 0xcc, 0xff, 0xff, 0x29, 0xcc, 0xff, 0xff,
    0x29, 0xcc, 0xff, 0xff, 0x29, 0xcc, 0xff, 0xff, 0x29, 0xcc, 0xff, 0xff,
    0x29, 0xcc, 0xff, 0xff, 0x29, 0xcc, 0xff, 0xff, 0x29, 0xcc, 0xff, 0xff,
    0x29, 0xcc, 0xff, 0xff, 0x29, 0xcc, 0xff, 0xff, 0x29, 0xcc, 0xff, 0xff,
    0x29, 0xcc, 0xff, 0xff, 0x29, 0xcc, 0xff, 0xff, 0x29, 0xcc, 0xff, 0xff,
    0x29, 0xcc, 0xff, 0xff, 0x29, 0xcc, 0xff, 0xff, 0x29, 0xcc, 0xff, 0xff,
    0x29, 0xcc, 0xff, 0xff, 0x29, 0xcc, 0xff, 0xff, 0x29, 0xcc, 0xff, 0xff,
    0x29, 0xcc, 0xff, 0xff, 0x29, 0xcc, 0xff, 0xff, 0x29, 0xcc, 0xff, 0xff,
    0x29, 0xcc, 0xff, 0xff, 0x29, 0xcc, 0xff, 0xff, 0x29, 0xcc, 0xff, 0xff,
    0x29, 0xcc, 0xff, 0xff, 0x29, 0xcc, 0xff, 0xff, 0x29, 0xcc, 0xff, 0xff,
    0x29, 0xcc, 0xff, 0xff, 0x29, 0xcc, 0xff, 0xff, 0x29, 0xcc, 0xff, 0xff,
    0x29, 0xcc, 0xff, 0xff, 0x29, 0xcc, 0xff, 0xff, 0x29, 0xcc, 0xff, 0xff,
    0x29, 0xcc, 0xff, 0xff, 0x29, 0xcc, 0xff, 0xff, 0x29, 0xcc, 0xff, 0xff,
    0x29, 0xcc, 0xff, 0xff, 0x29, 0xcc, 0xff, 0xff, 0x29, 0xcc, 0xff, 0xff,
    0x29, 0xcc, 0xff, 0xff, 0x29, 0xcc, 0xff, 0xff, 0x29, 0xcc, 0xff, 0xff,
    0x29, 0xcc, 0xff, 0xff, 0x29, 0xcc, 0xff, 0xff, 0x29, 0xcc, 0xff, 0xff,
    0x29, 0xcc, 0xff, 0xff, 0x29, 0xcc, 0xff, 0xff, 0x29, 0xcc, 0xff, 0xff,
    0x29, 0xcc, 0xff, 0xff, 0x29, 0xcc, 0xff, 0xff, 0x29, 0xcc, 0xff, 0xff,
    0x29, 0xcc, 0xff, 0xff, 0x29, 0xcc, 0xff, 0xff, 0x29, 0xcc, 0xff, 0xff,
    0x29, 0xcc, 0xff, 0xff, 0x29, 0xcc, 0xff, 0xff, 0x29, 0xcc, 0xff, 0xff,
    0x29, 0xcc, 0xff, 0xff, 0x29, 0xcc, 0xff, 0xff, 0x29, 0xcc, 0xff, 0xff,
    0x29, 0xcc, 0xff, 0xff, 0x29, 0xcc, 0xff, 0xff, 0x29, 0xcc, 0xff, 0xff,
    0x29, 0xcc, 0xff, 0xff, 0x29, 0xcc, 0xff, 0xff, 0x29, 0xcc, 0xff, 0xff,
    0x29, 0xcc, 0xff, 0xff, 0x29, 0xcc, 0xff, 0xff, 0x29, 0xcc, 0xff, 0xff,
    0x29, 0xcc, 0xff, 0xff, 0x29, 0xcc, 0xff, 0xff, 0x29, 0xcc, 0xff, 0xff,
    0x29, 0xcc, 0xff, 0xff, 0x29, 0xcc, 0xff, 0xff, 0x29, 0xcc, 0xff, 0xff,
    0x29, 0xcc, 0xff, 0xff, 0x29, 0xcc, 0xff, 0xff, 0x29, 0xcc, 0xff, 0xff,
    0x29, 0xcc, 0xff, 0xff, 0x29, 0xcc, 0xff, 0xff, 0x29, 0xcc, 0xff, 0xff,
    0x29, 0xcc, 0xff, 0xff, 0x29, 0xcc, 0xff, 0xff, 0x29, 0xcc, 0xff, 0xff,
    0x29, 0xcc, 0xff, 0xff, 0x29, 0xcc, 0xff, 0xff, 0x29, 0xcc, 0xff, 0xff,
    0x29, 0xcc, 0xff, 0xff, 0x29, 0xcc, 0xff, 0xff, 0x29, 0xcc, 0xff, 0xff,
    0x29, 0xcc, 0xff, 0xff, 0x29, 0xcc, 0xff, 0xff, 0x29, 0xcc, 0xff, 0xff,
    0x29, 0xcc, 0xff, 0xff, 0x29, 0xcc, 0xff, 0xff, 0x29, 0xcc, 0xff, 0xff,
    0x29, 0xcc, 0xff, 0xff, 0x29, 0xcc, 0xff, 0xff, 0x29, 0xcc, 0xff, 0xff,
    0x29, 0xcc, 0xff, 0xff, 0x29, 0xcc, 0xff, 0xff, 0x29, 0xcc, 0xff, 0xff,
    0x29, 0xcc, 0xff, 0xff, 0x29, 0xcc, 0xff, 0xff, 0x29, 0xcc, 0xff, 0xff,
    0x28, 0xca, 0xfd, 0x55, 0x29, 0xcc, 0xfe, 0xa9, 0x29, 0xcc, 0xff, 0xff,
    0x29, 0xcc, 0xff, 0xff, 0x29, 0xcc, 0xff, 0xff, 0x29, 0xcc, 0xff, 0xff,
    0x29, 0xcc, 0xff, 0xff, 0x29, 0xcc, 0xff, 0xff, 0x29, 0xcc, 0xff, 0xff,
    0x29, 0xcc, 0xff, 0xff, 0x29, 0xcc, 0xff, 0xff, 0x29, 0xcc, 0xff, 0xff,
    0x29, 0xcc, 0xff, 0xff, 0x29, 0xcc, 0xff, 0xff, 0x29, 0xcc, 0xff, 0xff,
    0x29, 0xcc, 0xff, 0xff, 0x29, 0xcc, 0xff, 0xff, 0x29, 0xcc, 0xff, 0xff,
    0x29, 0xcc, 0xff, 0xff, 0x29, 0xcc, 0xff, 0xff, 0x29, 0xcc, 0xff, 0xff,
    0x29, 0xcc, 0xff, 0xff, 0x29, 0xcc, 0xff, 0xff, 0x29, 0xcc, 0xff, 0xff,
    0x29, 0xcc, 0xff, 0xff, 0x29, 0xcc, 0xff, 0xff, 0x29, 0xcc, 0xff, 0xff,
    0x29, 0xcc, 0xff, 0xff, 0x29, 0xcc, 0xff, 0xff, 0x29, 0xcc, 0xff, 0xff,
    0x29, 0xcc, 0xff, 0xff, 0x29, 0xcc, 0xff, 0xff, 0x29, 0xcc, 0xff, 0xff,
    0x29, 0xcc, 0xff, 0xff, 0x29, 0xcc, 0xff, 0xff, 0x29, 0xcc, 0xff, 0xff,
    0x29, 0xcc, 0xff, 0xff, 0x29, 0xcc, 0xff, 0xff, 0x29, 0xcc, 0xff, 0xff,
    0x29, 0xcc, 0xff, 0xff, 0x29, 0xcc, 0xff, 0xff, 0x29, 0xcc, 0xff, 0xff,
    0x29, 0xcc, 0xff, 0xff, 0x29, 0xcc, 0xff, 0xff, 0x29, 0xcc, 0xff, 0xff,
    0x29, 0xcc, 0xff, 0xff, 0x29, 0xcc, 0xff, 0xff, 0x29, 0xcc, 0xff, 0xff,
    0x29, 0xcc, 0xff, 0xff, 0x29, 0xcc, 0xff, 0xff, 0x29, 0xcc, 0xff, 0xff,
    0x29, 0xcc, 0xff, 0xff, 0x29, 0xcc, 0xff, 0xff, 0x29, 0xcc, 0xff, 0xff,
    0x29, 0xcc, 0xff, 0xff, 0x29, 0xcc, 0xff, 0xff, 0x29, 0xcc, 0xff, 0xff,
    0x29, 0xcc, 0xff, 0xff, 0x29, 0xcc, 0xff, 0xff, 0x29, 0xcc, 0xff, 0xff,
    0x29, 0xcc, 0xff, 0xff, 0x29, 0xcc, 0xff, 0xff, 0x29, 0xcc, 0xff, 0xff,
    0x29, 0xcc, 0xff, 0xff, 0x29, 0xcc, 0xff, 0xff, 0x29, 0xcc, 0xff, 0xff,
    0x29, 0xcc, 0xff, 0xff, 0x29, 0xcc, 0xff, 0xff, 0x29, 0xcc, 0xff, 0xff,
    0x29, 0xcc, 0xff, 0xff, 0x29, 0xcc, 0xff, 0xff, 0x29, 0xcc, 0xff, 0xff,
    0x29, 0xcc, 0xff, 0xff, 0x29, 0xcc, 0xff, 0xff, 0x29, 0xcc, 0xff, 0xff,
    0x29, 0xcc, 0xff, 0xff, 0x29, 0xcc, 0xff, 0xff, 0x29, 0xcc, 0xff, 0xff,
    0x29, 0xcc, 0xff, 0xff, 0x29, 0xcc, 0xff, 0xff, 0x29, 0xcc, 0xff, 0xff,
    0x29, 0xcc, 0xff, 0xff, 0x29, 0xcc, 0xff, 0xff, 0x29, 0xcc, 0xff, 0xff,
    0x29, 0xcc, 0xff, 0xff, 0x29, 0xcc, 0xff, 0xff, 0x29, 0xcc, 0xff, 0xff,
    0x29, 0xcc, 0xff, 0xff, 0x29, 0xcc, 0xff, 0xff, 0x29, 0xcc, 0xff, 0xff,
    0x29, 0xcc, 0xff, 0xff, 0x29, 0xcc, 0xff, 0xff, 0x29, 0xcc, 0xff, 0xff,
    0x29, 0xcc, 0xff, 0xff, 0x29, 0xcc, 0xff, 0xff, 0x29, 0xcc, 0xff, 0xff,
    0x29, 0xcc, 0xff, 0xff, 0x29, 0xcc, 0xff, 0xff, 0x29, 0xcc, 0xff, 0xff,
    0x29, 0xcc, 0xff, 0xff, 0x29, 0xcc, 0xff, 0xff, 0x29, 0xcc, 0xff, 0xff,
    0x29, 0xcc, 0xff, 0xff, 0x29, 0xcc, 0xff, 0xff, 0x29, 0xcc, 0xff, 0xff,
    0x29, 0xcc, 0xff, 0xff, 0x29, 0xcc, 0xff, 0xff, 0x29, 0xcc, 0xff, 0xff,
    0x29, 0xcc, 0xff, 0xff, 0x29, 0xcc, 0xff, 0xff, 0x29, 0xcc, 0xff, 0xff,
    0x29, 0xcc, 0xff, 0xff, 0x29, 0xcc, 0xff, 0xff, 0x29, 0xcc, 0xff, 0xff,
    0x29, 0xcc, 0xff, 0xff, 0x29, 0xcc, 0xff, 0xff, 0x29, 0xcc, 0xff, 0xff,
    0x29, 0xcc, 0xff, 0xff, 0x29, 0xcc, 0xff, 0xff, 0x29, 0xcc, 0xff, 0xff,
    0x29, 0xcc, 0xff, 0xff, 0x29, 0xcc, 0xff, 0xff, 0x29, 0xcc, 0xff, 0xff,
    0x29, 0xcc, 0xff, 0xff, 0x29, 0xcc, 0xff, 0xff, 0x29, 0xcc, 0xff, 0xff,
    0x29, 0xcc, 0xff, 0xff, 0x29, 0xcc, 0xff, 0xff, 0x29, 0xcc, 0xff, 0xff,
    0x29, 0xcc, 0xff, 0xff, 0x29, 0xcc, 0xff, 0xff, 0x29, 0xcc, 0xff, 0xff,
    0x29, 0xcc, 0xff, 0xff, 0x29, 0xcc, 0xff, 0xff, 0x29, 0xcc, 0xff, 0xff,
    0x29, 0xcc, 0xff, 0xff, 0x29, 0xcc, 0xff, 0xff, 0x29, 0xcc, 0xff, 0xff,
    0x29, 0xcc, 0xff, 0xff, 0x29, 0xcc, 0xff, 0xff, 0x29, 0xcc, 0xff, 0xff,
    0x29, 0xcc, 0xff, 0xff, 0x29, 0xcc, 0xff, 0xff, 0x29, 0xcc, 0xff, 0xff,
    0x29, 0xcc, 0xff, 0xff, 0x29, 0xcc, 0xff, 0xff, 0x29, 0xcc, 0xff, 0xff,
    0x29, 0xcc, 0xff, 0xff, 0x29, 0xcc, 0xff, 0xff, 0x29, 0xcc, 0xff, 0xff,
    0x29, 0xcc, 0xff, 0xff, 0x28, 0xca, 0xfd, 0x55, 0x29, 0xcc, 0xfe, 0xa9,
    0x29, 0xcc, 0xff, 0xff, 0x29, 0xcc, 0xff, 0xff, 0x29, 0xcc, 0xff, 0xff,
    0x29, 0xcc, 0xff, 0xff, 0x29, 0xcc, 0xff, 0xff, 0x29, 0xcc, 0xff, 0xff,
    0x29, 0xcc, 0xff, 0xff, 0x29, 0xcc, 0xff, 0xff, 0x29, 0xcc, 0xff, 0xff,
    0x29, 0xcc, 0xff, 0xff, 0x29, 0xcc, 0xff, 0xff, 0x29, 0xcc, 0xff, 0xff,
    0x29, 0xcc, 0xff, 0xff, 0x29, 0xcc, 0xff, 0xff, 0x29, 0xcc, 0xff, 0xff,
    0x29, 0xcc, 0xff, 0xff, 0x29, 0xcc, 0xff, 0xff, 0x29, 0xcc, 0xff, 0xff,
    0x29, 0xcc, 0xff, 0xff, 0x29, 0xcc, 0xff, 0xff, 0x29, 0xcc, 0xff, 0xff,
    0x29, 0xcc, 0xff, 0xff, 0x29, 0xcc, 0xff, 0xff, 0x29, 0xcc, 0xff, 0xff,
    0x29, 0xcc, 0xff, 0xff, 0x29, 0xcc, 0xff, 0xff, 0x29, 0xcc, 0xff, 0xff,
    0x29, 0xcc, 0xff, 0xff, 0x29, 0xcc, 0xff, 0xff, 0x29, 0xcc, 0xff, 0xff,
    0x29, 0xcc, 0xff, 0xff, 0x29, 0xcc, 0xff, 0xff, 0x29, 0xcc, 0xff, 0xff,
    0x29, 0xcc, 0xff, 0xff, 0x29, 0xcc, 0xff, 0xff, 0x29, 0xcc, 0xff, 0xff,
    0x29, 0xcc, 0xff, 0xff, 0x29, 0xcc, 0xff, 0xff, 0x29, 0xcc, 0xff, 0xff,
    0x29, 0xcc, 0xff, 0xff, 0x29, 0xcc, 0xff, 0xff, 0x29, 0xcc, 0xff, 0xff,
    0x29, 0xcc, 0xff, 0xff, 0x29, 0xcc, 0xff, 0xff, 0x29, 0xcc, 0xff, 0xff,
    0x29, 0xcc, 0xff, 0xff, 0x29, 0xcc, 0xff, 0xff, 0x29, 0xcc, 0xff, 0xff,
    0x29, 0xcc, 0xff, 0xff, 0x29, 0xcc, 0xff, 0xff, 0x29, 0xcc, 0xff, 0xff,
    0x29, 0xcc, 0xff, 0xff, 0x29, 0xcc, 0xff, 0xff, 0x29, 0xcc, 0xff, 0xff,
    0x29, 0xcc, 0xff, 0xff, 0x29, 0xcc, 0xff, 0xff, 0x29, 0xcc, 0xff, 0xff,
    0x29, 0xcc, 0xff, 0xff, 0x29, 0xcc, 0xff, 0xff, 0x29, 0xcc, 0xff, 0xff,
    0x29, 0xcc, 0xff, 0xff, 0x29, 0xcc, 0xff, 0xff, 0x29, 0xcc, 0xff, 0xff,
    0x29, 0xcc, 0xff, 0xff, 0x29, 0xcc, 0xff, 0xff, 0x29, 0xcc, 0xff, 0xff,
    0x29, 0xcc, 0xff, 0xff, 0x29, 0xcc, 0xff, 0xff, 0x29, 0xcc, 0xff, 0xff,
    0x29, 0xcc, 0xff, 0xff, 0x29, 0xcc, 0xff, 0xff, 0x29, 0xcc, 0xff, 0xff,
    0x29, 0xcc, 0xff, 0xff, 0x29, 0xcc, 0xff, 0xff, 0x29, 0xcc, 0xff, 0xff,
    0x29, 0xcc, 0xff, 0xff, 0x29, 0xcc, 0xff, 0xff, 0x29, 0xcc, 0xff, 0xff,
    0x29, 0xcc, 0xff, 0xff, 0x29, 0xcc, 0xff, 0xff, 0x29, 0xcc, 0xff, 0xff,
    0x29, 0xcc, 0xff, 0xff, 0x29, 0xcc, 0xff, 0xff, 0x29, 0xcc, 0xff, 0xff,
    0x29, 0xcc, 0xff, 0xff, 0x29, 0xcc, 0xff, 0xff, 0x29, 0xcc, 0xff, 0xff,
    0x29, 0xcc, 0xff, 0xff, 0x29, 0xcc, 0xff, 0xff, 0x29, 0xcc, 0xff, 0xff,
    0x29, 0xcc, 0xff, 0xff, 0x29, 0xcc, 0xff, 0xff, 0x29, 0xcc, 0xff, 0xff,
    0x29, 0xcc, 0xff, 0xff, 0x29, 0xcc, 0xff, 0xff, 0x29, 0xcc, 0xff, 0xff,
    0x29, 0xcc, 0xff, 0xff, 0x29, 0xcc, 0xff, 0xff, 0x29, 0xcc, 0xff, 0xff,
    0x29, 0xcc, 0xff, 0xff, 0x29, 0xcc, 0xff, 0xff, 0x29, 0xcc, 0xff, 0xff,
    0x29, 0xcc, 0xff, 0xff, 0x29, 0xcc, 0xff, 0xff, 0x29, 0xcc, 0xff, 0xff,
    0x29, 0xcc, 0xff, 0xff, 0x29, 0xcc, 0xff, 0xff, 0x29, 0xcc, 0xff, 0xff,
    0x29, 0xcc, 0xff, 0xff, 0x29, 0xcc, 0xff, 0xff, 0x29, 0xcc, 0xff, 0xff,
    0x29, 0xcc, 0xff, 0xff, 0x29, 0xcc, 0xff, 0xff, 0x29, 0xcc, 0xff, 0xff,
    0x29, 0xcc, 0xff, 0xff, 0x29, 0xcc, 0xff, 0xff, 0x29, 0xcc, 0xff, 0xff,
    0x29, 0xcc, 0xff, 0xff, 0x29, 0xcc, 0xff, 0xff, 0x29, 0xcc, 0xff, 0xff,
    0x29, 0xcc, 0xff, 0xff, 0x29, 0xcc, 0xff, 0xff, 0x29, 0xcc, 0xff, 0xff,
    0x29, 0xcc, 0xff, 0xff, 0x29, 0xcc, 0xff, 0xff, 0x29, 0xcc, 0xff, 0xff,
    0x29, 0xcc, 0xff, 0xff, 0x29, 0xcc, 0xff, 0xff, 0x29, 0xcc, 0xff, 0xff,
    0x29, 0xcc, 0xff, 0xff, 0x29, 0xcc, 0xff, 0xff, 0x29, 0xcc, 0xff, 0xff,
    0x29, 0xcc, 0xff, 0xff, 0x29, 0xcc, 0xff, 0xff, 0x29, 0xcc, 0xff, 0xff,
    0x29, 0xcc, 0xff, 0xff, 0x29, 0xcc, 0xff, 0xff, 0x29, 0xcc, 0xff, 0xff,
    0x29, 0xcc, 0xff, 0xff, 0x29, 0xcc, 0xff, 0xff, 0x29, 0xcc, 0xff, 0xff,
    0x29, 0xcc, 0xff, 0xff, 0x29, 0xcc, 0xff, 0xff, 0x29, 0xcc, 0xff, 0xff,
    0x29, 0xcc, 0xff, 0xff, 0x29, 0xcc, 0xff, 0xff, 0x29, 0xcc, 0xff, 0xff,
    0x29, 0xcc, 0xff, 0xff, 0x29, 0xcc, 0xff, 0xff, 0x28, 0xca, 0xfd, 0x55,
    0x29, 0xcc, 0xfe, 0xa9, 0x29, 0xcc, 0xff, 0xff, 0x29, 0xcc, 0xff, 0xff,
    0x29, 0xcc, 0xff, 0xff, 0x29, 0xcc, 0xff, 0xff, 0x29, 0xcc, 0xff, 0xff,
    0x29, 0xcc, 0xff, 0xff, 0x29, 0xcc, 0xff, 0xff, 0x29, 0xcc, 0xff, 0xff,
    0x29, 0xcc, 0xff, 0xff, 0x29, 0xcc, 0xff, 0xff, 0x29, 0xcc, 0xff, 0xff,
    0x29, 0xcc, 0xff, 0xff, 0x29, 0xcc, 0xff, 0xff, 0x29, 0xcc, 0xff, 0xff,
    0x29, 0xcc, 0xff, 0xff, 0x29, 0xcc, 0xff, 0xff, 0x29, 0xcc, 0xff, 0xff,
    0x29, 0xcc, 0xff, 0xff, 0x29, 0xcc, 0xff, 0xff, 0x29, 0xcc, 0xff, 0xff,
    0x29, 0xcc, 0xff, 0xff, 0x29, 0xcc, 0xff, 0xff, 0x29, 0xcc, 0xff, 0xff,
    0x29, 0xcc, 0xff, 0xff, 0x29, 0xcc, 0xff, 0xff, 0x29, 0xcc, 0xff, 0xff,
    0x29, 0xcc, 0xff, 0xff, 0x29, 0xcc, 0xff, 0xff, 0x29, 0xcc, 0xff, 0xff,
    0x29, 0xcc, 0xff, 0xff, 0x29, 0xcc, 0xff, 0xff, 0x29, 0xcc, 0xff, 0xff,
    0x29, 0xcc, 0xff, 0xff, 0x29, 0xcc, 0xff, 0xff, 0x29, 0xcc, 0xff, 0xff,
    0x29, 0xcc, 0xff, 0xff, 0x29, 0xcc, 0xff, 0xff, 0x29, 0xcc, 0xff, 0xff,
    0x29, 0xcc, 0xff, 0xff, 0x29, 0xcc, 0xff, 0xff, 0x29, 0xcc, 0xff, 0xff,
    0x29, 0xcc, 0xff, 0xff, 0x29, 0xcc, 0xff, 0xff, 0x29, 0xcc, 0xff, 0xff,
    0x29, 0xcc, 0xff, 0xff, 0x29, 0xcc, 0xff, 0xff, 0x29, 0xcc, 0xff, 0xff,
    0x29, 0xcc, 0xff, 0xff, 0x29, 0xcc, 0xff, 0xff, 0x29, 0xcc, 0xff, 0xff,
    0x29, 0xcc, 0xff, 0xff, 0x29, 0xcc, 0xff, 0xff, 0x29, 0xcc, 0xff, 0xff,
    0x29, 0xcc, 0xff, 0xff, 0x29, 0xcc, 0xff, 0xff, 0x29, 0xcc, 0xff, 0xff,
    0x29, 0xcc, 0xff, 0xff, 0x29, 0xcc, 0xff, 0xff, 0x29, 0xcc, 0xff, 0xff,
    0x29, 0xcc, 0xff, 0xff, 0x29, 0xcc, 0xff, 0xff, 0x29, 0xcc, 0xff, 0xff,
    0x29, 0xcc, 0xff, 0xff, 0x29, 0xcc, 0xff, 0xff, 0x29, 0xcc, 0xff, 0xff,
    0x29, 0xcc, 0xff, 0xff, 0x29, 0xcc, 0xff, 0xff, 0x29, 0xcc, 0xff, 0xff,
    0x29, 0xcc, 0xff, 0xff, 0x29, 0xcc, 0xff, 0xff, 0x29, 0xcc, 0xff, 0xff,
    0x29, 0xcc, 0xff, 0xff, 0x29, 0xcc, 0xff, 0xff, 0x29, 0xcc, 0xff, 0xff,
    0x29, 0xcc, 0xff, 0xff, 0x29, 0xcc, 0xff, 0xff, 0x29, 0xcc, 0xff, 0xff,
    0x29, 0xcc, 0xff, 0xff, 0x29, 0xcc, 0xff, 0xff, 0x29, 0xcc, 0xff, 0xff,
    0x29, 0xcc, 0xff, 0xff, 0x29, 0xcc, 0xff, 0xff, 0x29, 0xcc, 0xff, 0xff,
    0x29, 0xcc, 0xff, 0xff, 0x29, 0xcc, 0xff, 0xff, 0x29, 0xcc, 0xff, 0xff,
    0x29, 0xcc, 0xff, 0xff, 0x29, 0xcc, 0xff, 0xff, 0x29, 0xcc, 0xff, 0xff,
    0x29, 0xcc, 0xff, 0xff, 0x29, 0xcc, 0xff, 0xff, 0x29, 0xcc, 0xff, 0xff,
    0x29, 0xcc, 0xff, 0xff, 0x29, 0xcc, 0xff, 0xff, 0x29, 0xcc, 0xff, 0xff,
    0x29, 0xcc, 0xff, 0xff, 0x29, 0xcc, 0xff, 0xff, 0x29, 0xcc, 0xff, 0xff,
    0x29, 0xcc, 0xff, 0xff, 0x29, 0xcc, 0xff, 0xff, 0x29, 0xcc, 0xff, 0xff,
    0x29, 0xcc, 0xff, 0xff, 0x29, 0xcc, 0xff, 0xff, 0x29, 0xcc, 0xff, 0xff,
    0x29, 0xcc, 0xff, 0xff, 0x29, 0xcc, 0xff, 0xff, 0x29, 0xcc, 0xff, 0xff,
    0x29, 0xcc, 0xff, 0xff, 0x29, 0xcc, 0xff, 0xff, 0x29, 0xcc, 0xff, 0xff,
    0x29, 0xcc, 0xff, 0xff, 0x29, 0xcc, 0xff, 0xff, 0x29, 0xcc, 0xff, 0xff,
    0x29, 0xcc, 0xff, 0xff, 0x29, 0xcc, 0xff, 0xff, 0x29, 0xcc, 0xff, 0xff,
    0x29, 0xcc, 0xff, 0xff, 0x29, 0xcc, 0xff, 0xff, 0x29, 0xcc, 0xff, 0xff,
    0x29, 0xcc, 0xff, 0xff, 0x29, 0xcc, 0xff, 0xff, 0x29, 0xcc, 0xff, 0xff,
    0x29, 0xcc, 0xff, 0xff, 0x29, 0xcc, 0xff, 0xff, 0x29, 0xcc, 0xff, 0xff,
    0x29, 0xcc, 0xff, 0xff, 0x29, 0xcc, 0xff, 0xff, 0x29, 0xcc, 0xff, 0xff,
    0x29, 0xcc, 0xff, 0xff, 0x29, 0xcc, 0xff, 0xff, 0x29, 0xcc, 0xff, 0xff,
    0x29, 0xcc, 0xff, 0xff, 0x29, 0xcc, 0xff, 0xff, 0x29, 0xcc, 0xff, 0xff,
    0x29, 0xcc, 0xff, 0xff, 0x29, 0xcc, 0xff, 0xff, 0x29, 0xcc, 0xff, 0xff,
    0x29, 0xcc, 0xff, 0xff, 0x29, 0xcc, 0xff, 0xff, 0x29, 0xcc, 0xff, 0xff,
    0x29, 0xcc, 0xff, 0xff, 0x29, 0xcc, 0xff, 0xff, 0x29, 0xcc, 0xff, 0xff,
    0x29, 0xcc, 0xff, 0xff, 0x29, 0xcc, 0xff, 0xff, 0x29, 0xcc, 0xff, 0xff,
    0x29, 0xcc, 0xff, 0xff, 0x29, 0xcc, 0xff, 0xff, 0x29, 0xcc, 0xff, 0xff,
    0x28, 0xca, 0xfd, 0x55, 0x29, 0xcc, 0xfe, 0xa9, 0x29, 0xcc, 0xff, 0xff,
    0x29, 0xcc, 0xff, 0xff, 0x29, 0xcc, 0xff, 0xff, 0x29, 0xcc, 0xff, 0xff,
    0x29, 0xcc, 0xff, 0xff, 0x29, 0xcc, 0xff, 0xff, 0x29, 0xcc, 0xff, 0xff,
    0x29, 0xcc, 0xff, 0xff, 0x29, 0xcc, 0xff, 0xff, 0x29, 0xcc, 0xff, 0xff,
    0x29, 0xcc, 0xff, 0xff, 0x29, 0xcc, 0xff, 0xff, 0x29, 0xcc, 0xff, 0xff,
    0x29, 0xcc, 0xff, 0xff, 0x29, 0xcc, 0xff, 0xff, 0x29, 0xcc, 0xff, 0xff,
    0x29, 0xcc, 0xff, 0xff, 0x29, 0xcc, 0xff, 0xff, 0x29, 0xcc, 0xff, 0xff,
    0x29, 0xcc, 0xff, 0xff, 0x29, 0xcc, 0xff, 0xff, 0x29, 0xcc, 0xff, 0xff,
    0x29, 0xcc, 0xff, 0xff, 0x29, 0xcc, 0xff, 0xff, 0x29, 0xcc, 0xff, 0xff,
    0x29, 0xcc, 0xff, 0xff, 0x29, 0xcc, 0xff, 0xff, 0x29, 0xcc, 0xff, 0xff,
    0x29, 0xcc, 0xff, 0xff, 0x29, 0xcc, 0xff, 0xff, 0x29, 0xcc, 0xff, 0xff,
    0x29, 0xcc, 0xff, 0xff, 0x29, 0xcc, 0xff, 0xff, 0x29, 0xcc, 0xff, 0xff,
    0x29, 0xcc, 0xff, 0xff, 0x29, 0xcc, 0xff, 0xff, 0x29, 0xcc, 0xff, 0xff,
    0x29, 0xcc, 0xff, 0xff, 0x29, 0xcc, 0xff, 0xff, 0x29, 0xcc, 0xff, 0xff,
    0x29, 0xcc, 0xff, 0xff, 0x29, 0xcc, 0xff, 0xff, 0x29, 0xcc, 0xff, 0xff,
    0x29, 0xcc, 0xff, 0xff, 0x29, 0xcc, 0xff, 0xff, 0x29, 0xcc, 0xff, 0xff,
    0x29, 0xcc, 0xff, 0xff, 0x29, 0xcc, 0xff, 0xff, 0x29, 0xcc, 0xff, 0xff,
    0x29, 0xcc, 0xff, 0xff, 0x29, 0xcc, 0xff, 0xff, 0x29, 0xcc, 0xff, 0xff,
    0x29, 0xcc, 0xff, 0xff, 0x29, 0xcc, 0xff, 0xff, 0x29, 0xcc, 0xff, 0xff,
    0x29, 0xcc, 0xff, 0xff, 0x29, 0xcc, 0xff, 0xff, 0x29, 0xcc, 0xff, 0xff,
    0x29, 0xcc, 0xff, 0xff, 0x29, 0xcc, 0xff, 0xff, 0x29, 0xcc, 0xff, 0xff,
    0x29, 0xcc, 0xff, 0xff, 0x29, 0xcc, 0xff, 0xff, 0x29, 0xcc, 0xff, 0xff,
    0x29, 0xcc, 0xff, 0xff, 0x29, 0xcc, 0xff, 0xff, 0x29, 0xcc, 0xff, 0xff,
    0x29, 0xcc, 0xff, 0xff, 0x29, 0xcc, 0xff, 0xff, 0x29, 0xcc, 0xff, 0xff,
    0x29, 0xcc, 0xff, 0xff, 0x29, 0xcc, 0xff, 0xff, 0x29, 0xcc, 0xff, 0xff,
    0x29, 0xcc, 0xff, 0xff, 0x29, 0xcc, 0xff, 0xff, 0x29, 0xcc, 0xff, 0xff,
    0x29, 0xcc, 0xff, 0xff, 0x29, 0xcc, 0xff, 0xff, 0x29, 0xcc, 0xff, 0xff,
    0x29, 0xcc, 0xff, 0xff, 0x29, 0xcc, 0xff, 0xff, 0x29, 0xcc, 0xff, 0xff,
    0x29, 0xcc, 0xff, 0xff, 0x29, 0xcc, 0xff, 0xff, 0x29, 0xcc, 0xff, 0xff,
    0x29, 0xcc, 0xff, 0xff, 0x29, 0xcc, 0xff, 0xff, 0x29, 0xcc, 0xff, 0xff,
    0x29, 0xcc, 0xff, 0xff, 0x29, 0xcc, 0xff, 0xff, 0x29, 0xcc, 0xff, 0xff,
    0x29, 0xcc, 0xff, 0xff, 0x29, 0xcc, 0xff, 0xff, 0x29, 0xcc, 0xff, 0xff,
    0x29, 0xcc, 0xff, 0xff, 0x29, 0xcc, 0xff, 0xff, 0x29, 0xcc, 0xff, 0xff,
    0x29, 0xcc, 0xff, 0xff, 0x29, 0xcc, 0xff, 0xff, 0x29, 0xcc, 0xff, 0xff,
    0x29, 0xcc, 0xff, 0xff, 0x29, 0xcc, 0xff, 0xff, 0x29, 0xcc, 0xff, 0xff,
    0x29, 0xcc, 0xff, 0xff, 0x29, 0xcc, 0xff, 0xff, 0x29, 0xcc, 0xff, 0xff,
    0x29, 0xcc, 0xff, 0xff, 0x29, 0xcc, 0xff, 0xff, 0x29, 0xcc, 0xff, 0xff,
    0x29, 0xcc, 0xff, 0xff, 0x29, 0xcc, 0xff, 0xff, 0x29, 0xcc, 0xff, 0xff,
    0x29, 0xcc, 0xff, 0xff, 0x29, 0xcc, 0xff, 0xff, 0x29, 0xcc, 0xff, 0xff,
    0x29, 0xcc, 0xff, 0xff, 0x29, 0xcc, 0xff, 0xff, 0x29, 0xcc, 0xff, 0xff,
    0x29, 0xcc, 0xff, 0xff, 0x29, 0xcc, 0xff, 0xff, 0x29, 0xcc, 0xff, 0xff,
    0x29, 0xcc, 0xff, 0xff, 0x29, 0xcc, 0xff, 0xff, 0x29, 0xcc, 0xff, 0xff,
    0x29, 0xcc, 0xff, 0xff, 0x29, 0xcc, 0xff, 0xff, 0x29, 0xcc, 0xff, 0xff,
    0x29, 0xcc, 0xff, 0xff, 0x29, 0xcc, 0xff, 0xff, 0x29, 0xcc, 0xff, 0xff,
    0x29, 0xcc, 0xff, 0xff, 0x29, 0xcc, 0xff, 0xff, 0x29, 0xcc, 0xff, 0xff,
    0x29, 0xcc, 0xff, 0xff, 0x29, 0xcc, 0xff, 0xff, 0x29, 0xcc, 0xff, 0xff,
    0x29, 0xcc, 0xff, 0xff, 0x29, 0xcc, 0xff, 0xff, 0x29, 0xcc, 0xff, 0xff,
    0x29, 0xcc, 0xff, 0xff, 0x29, 0xcc, 0xff, 0xff, 0x29, 0xcc, 0xff, 0xff,
    0x29, 0xcc, 0xff, 0xff, 0x29, 0xcc, 0xff, 0xff, 0x29, 0xcc, 0xff, 0xff,
    0x29, 0xcc, 0xff, 0xff, 0x29, 0xcc, 0xff, 0xff, 0x29, 0xcc, 0xff, 0xff,
    0x29, 0xcc, 0xff, 0xff, 0x28, 0xca, 0xfd, 0x55, 0x29, 0xcc, 0xfe, 0xa9,
    0x29, 0xcc, 0xff, 0xff, 0x29, 0xcc, 0xff, 0xff, 0x29, 0xcc, 0xff, 0xff,
    0x29, 0xcc, 0xff, 0xff, 0x29, 0xcc, 0xff, 0xff, 0x29, 0xcc, 0xff, 0xff,
    0x29, 0xcc, 0xff, 0xff, 0x29, 0xcc, 0xff, 0xff, 0x29, 0xcc, 0xff, 0xff,
    0x29, 0xcc, 0xff, 0xff, 0x29, 0xcc, 0xff, 0xff, 0x29, 0xcc, 0xff, 0xff,
    0x29, 0xcc, 0xff, 0xff, 0x29, 0xcc, 0xff, 0xff, 0x29, 0xcc, 0xff, 0xff,
    0x29, 0xcc, 0xff, 0xff, 0x29, 0xcc, 0xff, 0xff, 0x29, 0xcc, 0xff, 0xff,
    0x29, 0xcc, 0xff, 0xff, 0x29, 0xcc, 0xff, 0xff, 0x29, 0xcc, 0xff, 0xff,
    0x29, 0xcc, 0xff, 0xff, 0x29, 0xcc, 0xff, 0xff, 0x29, 0xcc, 0xff, 0xff,
    0x29, 0xcc, 0xff, 0xff, 0x29, 0xcc, 0xff, 0xff, 0x29, 0xcc, 0xff, 0xff,
    0x29, 0xcc, 0xff, 0xff, 0x29, 0xcc, 0xff, 0xff, 0x29, 0xcc, 0xff, 0xff,
    0x29, 0xcc, 0xff, 0xff, 0x29, 0xcc, 0xff, 0xff, 0x29, 0xcc, 0xff, 0xff,
    0x29, 0xcc, 0xff, 0xff, 0x29, 0xcc, 0xff, 0xff, 0x29, 0xcc, 0xff, 0xff,
    0x29, 0xcc, 0xff, 0xff, 0x29, 0xcc, 0xff, 0xff, 0x29, 0xcc, 0xff, 0xff,
    0x29, 0xcc, 0xff, 0xff, 0x29, 0xcc, 0xff, 0xff, 0x29, 0xcc, 0xff, 0xff,
    0x29, 0xcc, 0xff, 0xff, 0x29, 0xcc, 0xff, 0xff, 0x29, 0xcc, 0xff, 0xff,
    0x29, 0xcc, 0xff, 0xff, 0x29, 0xcc, 0xff, 0xff, 0x29, 0xcc, 0xff, 0xff,
    0x29, 0xcc, 0xff, 0xff, 0x29, 0xcc, 0xff, 0xff, 0x29, 0xcc, 0xff, 0xff,
    0x29, 0xcc, 0xff, 0xff, 0x29, 0xcc, 0xff, 0xff, 0x29, 0xcc, 0xff, 0xff,
    0x29, 0xcc, 0xff, 0xff, 0x29, 0xcc, 0xff, 0xff, 0x29, 0xcc, 0xff, 0xff,
    0x29, 0xcc, 0xff, 0xff, 0x29, 0xcc, 0xff, 0xff, 0x29, 0xcc, 0xff, 0xff,
    0x29, 0xcc, 0xff, 0xff, 0x29, 0xcc, 0xff, 0xff, 0x29, 0xcc, 0xff, 0xff,
    0x29, 0xcc, 0xff, 0xff, 0x29, 0xcc, 0xff, 0xff, 0x29, 0xcc, 0xff, 0xff,
    0x29, 0xcc, 0xff, 0xff, 0x29, 0xcc, 0xff, 0xff, 0x29, 0xcc, 0xff, 0xff,
    0x29, 0xcc, 0xff, 0xff, 0x29, 0xcc, 0xff, 0xff, 0x29, 0xcc, 0xff, 0xff,
    0x29, 0xcc, 0xff, 0xff, 0x29, 0xcc, 0xff, 0xff, 0x29, 0xcc, 0xff, 0xff,
    0x29, 0xcc, 0xff, 0xff, 0x29, 0xcc, 0xff, 0xff, 0x29, 0xcc, 0xff, 0xff,
    0x29, 0xcc, 0xff, 0xff, 0x29, 0xcc, 0xff, 0xff, 0x29, 0xcc, 0xff, 0xff,
    0x29, 0xcc, 0xff, 0xff, 0x29, 0xcc, 0xff, 0xff, 0x29, 0xcc, 0xff, 0xff,
    0x29, 0xcc, 0xff, 0xff, 0x29, 0xcc, 0xff, 0xff, 0x29, 0xcc, 0xff, 0xff,
    0x29, 0xcc, 0xff, 0xff, 0x29, 0xcc, 0xff, 0xff, 0x29, 0xcc, 0xff, 0xff,
    0x29, 0xcc, 0xff, 0xff, 0x29, 0xcc, 0xff, 0xff, 0x29, 0xcc, 0xff, 0xff,
    0x29, 0xcc, 0xff, 0xff, 0x29, 0xcc, 0xff, 0xff, 0x29, 0xcc, 0xff, 0xff,
    0x29, 0xcc, 0xff, 0xff, 0x29, 0xcc, 0xff, 0xff, 0x29, 0xcc, 0xff, 0xff,
    0x29, 0xcc, 0xff, 0xff, 0x29, 0xcc, 0xff, 0xff, 0x29, 0xcc, 0xff, 0xff,
    0x29, 0xcc, 0xff, 0xff, 0x29, 0xcc, 0xff, 0xff, 0x29, 0xcc, 0xff, 0xff,
    0x29, 0xcc, 0xff, 0xff, 0x29, 0xcc, 0xff, 0xff, 0x29, 0xcc, 0xff, 0xff,
    0x29, 0xcc, 0xff, 0xff, 0x29, 0xcc, 0xff, 0xff, 0x29, 0xcc, 0xff, 0xff,
    0x29, 0xcc, 0xff, 0xff, 0x29, 0xcc, 0xff, 0xff, 0x29, 0xcc, 0xff, 0xff,
    0x29, 0xcc, 0xff, 0xff, 0x29, 0xcc, 0xff, 0xff, 0x29, 0xcc, 0xff, 0xff,
    0x29, 0xcc, 0xff, 0xff, 0x29, 0xcc, 0xff, 0xff, 0x29, 0xcc, 0xff, 0xff,
    0x29, 0xcc, 0xff, 0xff, 0x29, 0xcc, 0xff, 0xff, 0x29, 0xcc, 0xff, 0xff,
    0x29, 0xcc, 0xff, 0xff, 0x29, 0xcc, 0xff, 0xff, 0x29, 0xcc, 0xff, 0xff,
    0x29, 0xcc, 0xff, 0xff, 0x29, 0xcc, 0xff, 0xff, 0x29, 0xcc, 0xff, 0xff,
    0x29, 0xcc, 0xff, 0xff, 0x29, 0xcc, 0xff, 0xff, 0x29, 0xcc, 0xff, 0xff,
    0x29, 0xcc, 0xff, 0xff, 0x29, 0xcc, 0xff, 0xff, 0x29, 0xcc, 0xff, 0xff,
    0x29, 0xcc, 0xff, 0xff, 0x29, 0xcc, 0xff, 0xff, 0x29, 0xcc, 0xff, 0xff,
    0x29, 0xcc, 0xff, 0xff, 0x29, 0xcc, 0xff, 0xff, 0x29, 0xcc, 0xff, 0xff,
    0x29, 0xcc, 0xff, 0xff, 0x29, 0xcc, 0xff, 0xff, 0x29, 0xcc, 0xff, 0xff,
    0x29, 0xcc, 0xff, 0xff, 0x29, 0xcc, 0xff, 0xff, 0x29, 0xcc, 0xff, 0xff,
    0x29, 0xcc, 0xff, 0xff, 0x29, 0xcc, 0xff, 0xff, 0x28, 0xca, 0xfd, 0x55,
    0x29, 0xcc, 0xfe, 0xa9, 0x29, 0xcc, 0xff, 0xff, 0x29, 0xcc, 0xff, 0xff,
    0x29, 0xcc, 0xff, 0xff, 0x29, 0xcc, 0xff, 0xff, 0x29, 0xcc, 0xff, 0xff,
    0x29, 0xcc, 0xff, 0xff, 0x29, 0xcc, 0xff, 0xff, 0x29, 0xcc, 0xff, 0xff,
    0x29, 0xcc, 0xff, 0xff, 0x29, 0xcc, 0xff, 0xff, 0x29, 0xcc, 0xff, 0xff,
    0x29, 0xcc, 0xff, 0xff, 0x29, 0xcc, 0xff, 0xff, 0x29, 0xcc, 0xff, 0xff,
    0x29, 0xcc, 0xff, 0xff, 0x29, 0xcc, 0xff, 0xff, 0x29, 0xcc, 0xff, 0xff,
    0x29, 0xcc, 0xff, 0xff, 0x29, 0xcc, 0xff, 0xff, 0x29, 0xcc, 0xff, 0xff,
    0x29, 0xcc, 0xff, 0xff, 0x29, 0xcc, 0xff, 0xff, 0x29, 0xcc, 0xff, 0xff,
    0x29, 0xcc, 0xff, 0xff, 0x29, 0xcc, 0xff, 0xff, 0x29, 0xcc, 0xff, 0xff,
    0x29, 0xcc, 0xff, 0xff, 0x29, 0xcc, 0xff, 0xff, 0x29, 0xcc, 0xff, 0xff,
    0x29, 0xcc, 0xff, 0xff, 0x29, 0xcc, 0xff, 0xff, 0x29, 0xcc, 0xff, 0xff,
    0x29, 0xcc, 0xff, 0xff, 0x29, 0xcc, 0xff, 0xff, 0x29, 0xcc, 0xff, 0xff,
    0x29, 0xcc, 0xff, 0xff, 0x29, 0xcc, 0xff, 0xff, 0x29, 0xcc, 0xff, 0xff,
    0x29, 0xcc, 0xff, 0xff, 0x29, 0xcc, 0xff, 0xff, 0x29, 0xcc, 0xff, 0xff,
    0x29, 0xcc, 0xff, 0xff, 0x29, 0xcc, 0xff, 0xff, 0x29, 0xcc, 0xff, 0xff,
    0x29, 0xcc, 0xff, 0xff, 0x29, 0xcc, 0xff, 0xff, 0x29, 0xcc, 0xff, 0xff,
    0x29, 0xcc, 0xff, 0xff, 0x29, 0xcc, 0xff, 0xff, 0x29, 0xcc, 0xff, 0xff,
    0x29, 0xcc, 0xff, 0xff, 0x29, 0xcc, 0xff, 0xff, 0x29, 0xcc, 0xff, 0xff,
    0x29, 0xcc, 0xff, 0xff, 0x29, 0xcc, 0xff, 0xff, 0x29, 0xcc, 0xff, 0xff,
    0x29, 0xcc, 0xff, 0xff, 0x29, 0xcc, 0xff, 0xff, 0x29, 0xcc, 0xff, 0xff,
    0x29, 0xcc, 0xff, 0xff, 0x29, 0xcc, 0xff, 0xff, 0x29, 0xcc, 0xff, 0xff,
    0x29, 0xcc, 0xff, 0xff, 0x29, 0xcc, 0xff, 0xff, 0x29, 0xcc, 0xff, 0xff,
    0x29, 0xcc, 0xff, 0xff, 0x29, 0xcc, 0xff, 0xff, 0x29, 0xcc, 0xff, 0xff,
    0x29, 0xcc, 0xff, 0xff, 0x29, 0xcc, 0xff, 0xff, 0x29, 0xcc, 0xff, 0xff,
    0x29, 0xcc, 0xff, 0xff, 0x29, 0xcc, 0xff, 0xff, 0x29, 0xcc, 0xff, 0xff,
    0x29, 0xcc, 0xff, 0xff, 0x29, 0xcc, 0xff, 0xff, 0x29, 0xcc, 0xff, 0xff,
    0x29, 0xcc, 0xff, 0xff, 0x29, 0xcc, 0xff, 0xff, 0x29, 0xcc, 0xff, 0xff,
    0x29, 0xcc, 0xff, 0xff, 0x29, 0xcc, 0xff, 0xff, 0x29, 0xcc, 0xff, 0xff,
    0x29, 0xcc, 0xff, 0xff, 0x29, 0xcc, 0xff, 0xff, 0x29, 0xcc, 0xff, 0xff,
    0x29, 0xcc, 0xff, 0xff, 0x29, 0xcc, 0xff, 0xff, 0x29, 0xcc, 0xff, 0xff,
    0x29, 0xcc, 0xff, 0xff, 0x29, 0xcc, 0xff, 0xff, 0x29, 0xcc, 0xff, 0xff,
    0x29, 0xcc, 0xff, 0xff, 0x29, 0xcc, 0xff, 0xff, 0x29, 0xcc, 0xff, 0xff,
    0x29, 0xcc, 0xff, 0xff, 0x29, 0xcc, 0xff, 0xff, 0x29, 0xcc, 0xff, 0xff,
    0x29, 0xcc, 0xff, 0xff, 0x29, 0xcc, 0xff, 0xff, 0x29, 0xcc, 0xff, 0xff,
    0x29, 0xcc, 0xff, 0xff, 0x29, 0xcc, 0xff, 0xff, 0x29, 0xcc, 0xff, 0xff,
    0x29, 0xcc, 0xff, 0xff, 0x29, 0xcc, 0xff, 0xff, 0x29, 0xcc, 0xff, 0xff,
    0x29, 0xcc, 0xff, 0xff, 0x29, 0xcc, 0xff, 0xff, 0x29, 0xcc, 0xff, 0xff,
    0x29, 0xcc, 0xff, 0xff, 0x29, 0xcc, 0xff, 0xff, 0x29, 0xcc, 0xff, 0xff,
    0x29, 0xcc, 0xff, 0xff, 0x29, 0xcc, 0xff, 0xff, 0x29, 0xcc, 0xff, 0xff,
    0x29, 0xcc, 0xff, 0xff, 0x29, 0xcc, 0xff, 0xff, 0x29, 0xcc, 0xff, 0xff,
    0x29, 0xcc, 0xff, 0xff, 0x29, 0xcc, 0xff, 0xff, 0x29, 0xcc, 0xff, 0xff,
    0x29, 0xcc, 0xff, 0xff, 0x29, 0xcc, 0xff, 0xff, 0x29, 0xcc, 0xff, 0xff,
    0x29, 0xcc, 0xff, 0xff, 0x29, 0xcc, 0xff, 0xff, 0x29, 0xcc, 0xff, 0xff,
    0x29, 0xcc, 0xff, 0xff, 0x29, 0xcc, 0xff, 0xff, 0x29, 0xcc, 0xff, 0xff,
    0x29, 0xcc, 0xff, 0xff, 0x29, 0xcc, 0xff, 0xff, 0x29, 0xcc, 0xff, 0xff,
    0x29, 0xcc, 0xff, 0xff, 0x29, 0xcc, 0xff, 0xff, 0x29, 0xcc, 0xff, 0xff,
    0x29, 0xcc, 0xff, 0xff, 0x29, 0xcc, 0xff, 0xff, 0x29, 0xcc, 0xff, 0xff,
    0x29, 0xcc, 0xff, 0xff, 0x29, 0xcc, 0xff, 0xff, 0x29, 0xcc, 0xff, 0xff,
    0x29, 0xcc, 0xff, 0xff, 0x29, 0xcc, 0xff, 0xff, 0x29, 0xcc, 0xff, 0xff,
    0x29, 0xcc, 0xff, 0xff, 0x29, 0xcc, 0xff, 0xff, 0x29, 0xcc, 0xff, 0xff,
    0x28, 0xca, 0xfd, 0x55, 0x29, 0xcc, 0xfe, 0xa9, 0x29, 0xcc, 0xff, 0xff,
    0x29, 0xcc, 0xff, 0xff, 0x29, 0xcc, 0xff, 0xff, 0x29, 0xcc, 0xff, 0xff,
    0x29, 0xcc, 0xff, 0xff, 0x29, 0xcc, 0xff, 0xff, 0x29, 0xcc, 0xff, 0xff,
    0x29, 0xcc, 0xff, 0xff, 0x29, 0xcc, 0xff, 0xff, 0x29, 0xcc, 0xff, 0xff,
    0x29, 0xcc, 0xff, 0xff, 0x29, 0xcc, 0xff, 0xff, 0x29, 0xcc, 0xff, 0xff,
    0x29, 0xcc, 0xff, 0xff, 0x29, 0xcc, 0xff, 0xff, 0x29, 0xcc, 0xff, 0xff,
    0x29, 0xcc, 0xff, 0xff, 0x29, 0xcc, 0xff, 0xff, 0x29, 0xcc, 0xff, 0xff,
    0x29, 0xcc, 0xff, 0xff, 0x29, 0xcc, 0xff, 0xff, 0x29, 0xcc, 0xff, 0xff,
    0x29, 0xcc, 0xff, 0xff, 0x29, 0xcc, 0xff, 0xff, 0x29, 0xcc, 0xff, 0xff,
    0x29, 0xcc, 0xff, 0xff, 0x29, 0xcc, 0xff, 0xff, 0x29, 0xcc, 0xff, 0xff,
    0x29, 0xcc, 0xff, 0xff, 0x29, 0xcc, 0xff, 0xff, 0x29, 0xcc, 0xff, 0xff,
    0x29, 0xcc, 0xff, 0xff, 0x29, 0xcc, 0xff, 0xff, 0x29, 0xcc, 0xff, 0xff,
    0x29, 0xcc, 0xff, 0xff, 0x29, 0xcc, 0xff, 0xff, 0x29, 0xcc, 0xff, 0xff,
    0x29, 0xcc, 0xff, 0xff, 0x29, 0xcc, 0xff, 0xff, 0x29, 0xcc, 0xff, 0xff,
    0x29, 0xcc, 0xff, 0xff, 0x29, 0xcc, 0xff, 0xff, 0x29, 0xcc, 0xff, 0xff,
    0x29, 0xcc, 0xff, 0xff, 0x29, 0xcc, 0xff, 0xff, 0x29, 0xcc, 0xff, 0xff,
    0x29, 0xcc, 0xff, 0xff, 0x29, 0xcc, 0xff, 0xff, 0x29, 0xcc, 0xff, 0xff,
    0x29, 0xcc, 0xff, 0xff, 0x29, 0xcc, 0xff, 0xff, 0x29, 0xcc, 0xff, 0xff,
    0x29, 0xcc, 0xff, 0xff, 0x29, 0xcc, 0xff, 0xff, 0x29, 0xcc, 0xff, 0xff,
    0x29, 0xcc, 0xff, 0xff, 0x29, 0xcc, 0xff, 0xff, 0x29, 0xcc, 0xff, 0xff,
    0x29, 0xcc, 0xff, 0xff, 0x29, 0xcc, 0xff, 0xff, 0x29, 0xcc, 0xff, 0xff,
    0x29, 0xcc, 0xff, 0xff, 0x29, 0xcc, 0xff, 0xff, 0x29, 0xcc, 0xff, 0xff,
    0x29, 0xcc, 0xff, 0xff, 0x29, 0xcc, 0xff, 0xff, 0x29, 0xcc, 0xff, 0xff,
    0x29, 0xcc, 0xff, 0xff, 0x29, 0xcc, 0xff, 0xff, 0x29, 0xcc, 0xff, 0xff,
    0x29, 0xcc, 0xff, 0xff, 0x29, 0xcc, 0xff, 0xff, 0x29, 0xcc, 0xff, 0xff,
    0x29, 0xcc, 0xff, 0xff, 0x29, 0xcc, 0xff, 0xff, 0x29, 0xcc, 0xff, 0xff,
    0x29, 0xcc, 0xff, 0xff, 0x29, 0xcc, 0xff, 0xff, 0x29, 0xcc, 0xff, 0xff,
    0x29, 0xcc, 0xff, 0xff, 0x29, 0xcc, 0xff, 0xff, 0x29, 0xcc, 0xff, 0xff,
    0x29, 0xcc, 0xff, 0xff, 0x29, 0xcc, 0xff, 0xff, 0x29, 0xcc, 0xff, 0xff,
    0x29, 0xcc, 0xff, 0xff, 0x29, 0xcc, 0xff, 0xff, 0x29, 0xcc, 0xff, 0xff,
    0x29, 0xcc, 0xff, 0xff, 0x29, 0xcc, 0xff, 0xff, 0x29, 0xcc, 0xff, 0xff,
    0x29, 0xcc, 0xff, 0xff, 0x29, 0xcc, 0xff, 0xff, 0x29, 0xcc, 0xff, 0xff,
    0x29, 0xcc, 0xff, 0xff, 0x29, 0xcc, 0xff, 0xff, 0x29, 0xcc, 0xff, 0xff,
    0x29, 0xcc, 0xff, 0xff, 0x29, 0xcc, 0xff, 0xff, 0x29, 0xcc, 0xff, 0xff,
    0x29, 0xcc, 0xff, 0xff, 0x29, 0xcc, 0xff, 0xff, 0x29, 0xcc, 0xff, 0xff,
    0x29, 0xcc, 0xff, 0xff, 0x29, 0xcc, 0xff, 0xff, 0x29, 0xcc, 0xff, 0xff,
    0x29, 0xcc, 0xff, 0xff, 0x29, 0xcc, 0xff, 0xff, 0x29, 0xcc, 0xff, 0xff,
    0x29, 0xcc, 0xff, 0xff, 0x29, 0xcc, 0xff, 0xff, 0x29, 0xcc, 0xff, 0xff,
    0x29, 0xcc, 0xff, 0xff, 0x29, 0xcc, 0xff, 0xff, 0x29, 0xcc, 0xff, 0xff,
    0x29, 0xcc, 0xff, 0xff, 0x29, 0xcc, 0xff, 0xff, 0x29, 0xcc, 0xff, 0xff,
    0x29, 0xcc, 0xff, 0xff, 0x29, 0xcc, 0xff, 0xff, 0x29, 0xcc, 0xff, 0xff,
    0x29, 0xcc, 0xff, 0xff, 0x29, 0xcc, 0xff, 0xff, 0x29, 0xcc, 0xff, 0xff,
    0x29, 0xcc, 0xff, 0xff, 0x29, 0xcc, 0xff, 0xff, 0x29, 0xcc, 0xff, 0xff,
    0x29, 0xcc, 0xff, 0xff, 0x29, 0xcc, 0xff, 0xff, 0x29, 0xcc, 0xff, 0xff,
    0x29, 0xcc, 0xff, 0xff, 0x29, 0xcc, 0xff, 0xff, 0x29, 0xcc, 0xff, 0xff,
    0x29, 0xcc, 0xff, 0xff, 0x29, 0xcc, 0xff, 0xff, 0x29, 0xcc, 0xff, 0xff,
    0x29, 0xcc, 0xff, 0xff, 0x29, 0xcc, 0xff, 0xff, 0x29, 0xcc, 0xff, 0xff,
    0x29, 0xcc, 0xff, 0xff, 0x29, 0xcc, 0xff, 0xff, 0x29, 0xcc, 0xff, 0xff,
    0x29, 0xcc, 0xff, 0xff, 0x29, 0xcc, 0xff, 0xff, 0x29, 0xcc, 0xff, 0xff,
    0x29, 0xcc, 0xff, 0xff, 0x29, 0xcc, 0xff, 0xff, 0x29, 0xcc, 0xff, 0xff,
    0x29, 0xcc, 0xff, 0xff, 0x28, 0xca, 0xfd, 0x55, 0x29, 0xcc, 0xfe, 0xa9,
    0x29, 0xcc, 0xff, 0xff, 0x29, 0xcc, 0xff, 0xff, 0x29, 0xcc, 0xff, 0xff,
    0x29, 0xcc, 0xff, 0xff, 0x29, 0xcc, 0xff, 0xff, 0x29, 0xcc, 0xff, 0xff,
    0x29, 0xcc, 0xff, 0xff, 0x29, 0xcc, 0xff, 0xff, 0x29, 0xcc, 0xff, 0xff,
    0x29, 0xcc, 0xff, 0xff, 0x29, 0xcc, 0xff, 0xff, 0x29, 0xcc, 0xff, 0xff,
    0x29, 0xcc, 0xff, 0xff, 0x29, 0xcc, 0xff, 0xff, 0x29, 0xcc, 0xff, 0xff,
    0x29, 0xcc, 0xff, 0xff, 0x29, 0xcc, 0xff, 0xff, 0x29, 0xcc, 0xff, 0xff,
    0x29, 0xcc, 0xff, 0xff, 0x29, 0xcc, 0xff, 0xff, 0x29, 0xcc, 0xff, 0xff,
    0x29, 0xcc, 0xff, 0xff, 0x29, 0xcc, 0xff, 0xff, 0x29, 0xcc, 0xff, 0xff,
    0x29, 0xcc, 0xff, 0xff, 0x29, 0xcc, 0xff, 0xff, 0x29, 0xcc, 0xff, 0xff,
    0x29, 0xcc, 0xff, 0xff, 0x29, 0xcc, 0xff, 0xff, 0x29, 0xcc, 0xff, 0xff,
    0x29, 0xcc, 0xff, 0xff, 0x29, 0xcc, 0xff, 0xff, 0x29, 0xcc, 0xff, 0xff,
    0x29, 0xcc, 0xff, 0xff, 0x29, 0xcc, 0xff, 0xff, 0x29, 0xcc, 0xff, 0xff,
    0x29, 0xcc, 0xff, 0xff, 0x29, 0xcc, 0xff, 0xff, 0x29, 0xcc, 0xff, 0xff,
    0x29, 0xcc, 0xff, 0xff, 0x29, 0xcc, 0xff, 0xff, 0x29, 0xcc, 0xff, 0xff,
    0x29, 0xcc, 0xff, 0xff, 0x29, 0xcc, 0xff, 0xff, 0x29, 0xcc, 0xff, 0xff,
    0x29, 0xcc, 0xff, 0xff, 0x29, 0xcc, 0xff, 0xff, 0x29, 0xcc, 0xff, 0xff,
    0x29, 0xcc, 0xff, 0xff, 0x29, 0xcc, 0xff, 0xff, 0x29, 0xcc, 0xff, 0xff,
    0x29, 0xcc, 0xff, 0xff, 0x29, 0xcc, 0xff, 0xff, 0x29, 0xcc, 0xff, 0xff,
    0x29, 0xcc, 0xff, 0xff, 0x29, 0xcc, 0xff, 0xff, 0x29, 0xcc, 0xff, 0xff,
    0x29, 0xcc, 0xff, 0xff, 0x29, 0xcc, 0xff, 0xff, 0x29, 0xcc, 0xff, 0xff,
    0x29, 0xcc, 0xff, 0xff, 0x29, 0xcc, 0xff, 0xff, 0x29, 0xcc, 0xff, 0xff,
    0x29, 0xcc, 0xff, 0xff, 0x29, 0xcc, 0xff, 0xff, 0x29, 0xcc, 0xff, 0xff,
    0x29, 0xcc, 0xff, 0xff, 0x29, 0xcc, 0xff, 0xff, 0x29, 0xcc, 0xff, 0xff,
    0x29, 0xcc, 0xff, 0xff, 0x29, 0xcc, 0xff, 0xff, 0x29, 0xcc, 0xff, 0xff,
    0x29, 0xcc, 0xff, 0xff, 0x29, 0xcc, 0xff, 0xff, 0x29, 0xcc, 0xff, 0xff,
    0x29, 0xcc, 0xff, 0xff, 0x29, 0xcc, 0xff, 0xff, 0x29, 0xcc, 0xff, 0xff,
    0x29, 0xcc, 0xff, 0xff, 0x29, 0xcc, 0xff, 0xff, 0x29, 0xcc, 0xff, 0xff,
    0x29, 0xcc, 0xff, 0xff, 0x29, 0xcc, 0xff, 0xff, 0x29, 0xcc, 0xff, 0xff,
    0x29, 0xcc, 0xff, 0xff, 0x29, 0xcc, 0xff, 0xff, 0x29, 0xcc, 0xff, 0xff,
    0x29, 0xcc, 0xff, 0xff, 0x29, 0xcc, 0xff, 0xff, 0x29, 0xcc, 0xff, 0xff,
    0x29, 0xcc, 0xff, 0xff, 0x29, 0xcc, 0xff, 0xff, 0x29, 0xcc, 0xff, 0xff,
    0x29, 0xcc, 0xff, 0xff, 0x29, 0xcc, 0xff, 0xff, 0x29, 0xcc, 0xff, 0xff,
    0x29, 0xcc, 0xff, 0xff, 0x29, 0xcc, 0xff, 0xff, 0x29, 0xcc, 0xff, 0xff,
    0x29, 0xcc, 0xff, 0xff, 0x29, 0xcc, 0xff, 0xff, 0x29, 0xcc, 0xff, 0xff,
    0x29, 0xcc, 0xff, 0xff, 0x29, 0xcc, 0xff, 0xff, 0x29, 0xcc, 0xff, 0xff,
    0x29, 0xcc, 0xff, 0xff, 0x29, 0xcc, 0xff, 0xff, 0x29, 0xcc, 0xff, 0xff,
    0x29, 0xcc, 0xff, 0xff, 0x29, 0xcc, 0xff, 0xff, 0x29, 0xcc, 0xff, 0xff,
    0x29, 0xcc, 0xff, 0xff, 0x29, 0xcc, 0xff, 0xff, 0x29, 0xcc, 0xff, 0xff,
    0x29, 0xcc, 0xff, 0xff, 0x29, 0xcc, 0xff, 0xff, 0x29, 0xcc, 0xff, 0xff,
    0x29, 0xcc, 0xff, 0xff, 0x29, 0xcc, 0xff, 0xff, 0x29, 0xcc, 0xff, 0xff,
    0x29, 0xcc, 0xff, 0xff, 0x29, 0xcc, 0xff, 0xff, 0x29, 0xcc, 0xff, 0xff,
    0x29, 0xcc, 0xff, 0xff, 0x29, 0xcc, 0xff, 0xff, 0x29, 0xcc, 0xff, 0xff,
    0x29, 0xcc, 0xff, 0xff, 0x29, 0xcc, 0xff, 0xff, 0x29, 0xcc, 0xff, 0xff,
    0x29, 0xcc, 0xff, 0xff, 0x29, 0xcc, 0xff, 0xff, 0x29, 0xcc, 0xff, 0xff,
    0x29, 0xcc, 0xff, 0xff, 0x29, 0xcc, 0xff, 0xff, 0x29, 0xcc, 0xff, 0xff,
    0x29, 0xcc, 0xff, 0xff, 0x29, 0xcc, 0xff, 0xff, 0x29, 0xcc, 0xff, 0xff,
    0x29, 0xcc, 0xff, 0xff, 0x29, 0xcc, 0xff, 0xff, 0x29, 0xcc, 0xff, 0xff,
    0x29, 0xcc, 0xff, 0xff, 0x29, 0xcc, 0xff, 0xff, 0x29, 0xcc, 0xff, 0xff,
    0x29, 0xcc, 0xff, 0xff, 0x29, 0xcc, 0xff, 0xff, 0x29, 0xcc, 0xff, 0xff,
    0x29, 0xcc, 0xff, 0xff, 0x29, 0xcc, 0xff, 0xff, 0x28, 0xca, 0xfd, 0x55,
    0x29, 0xcc, 0xfe, 0xa9, 0x29, 0xcc, 0xff, 0xff, 0x29, 0xcc, 0xff, 0xff,
    0x29, 0xcc, 0xff, 0xff, 0x29, 0xcc, 0xff, 0xff, 0x29, 0xcc, 0xff, 0xff,
    0x29, 0xcc, 0xff, 0xff, 0x29, 0xcc, 0xff, 0xff, 0x29, 0xcc, 0xff, 0xff,
    0x29, 0xcc, 0xff, 0xff, 0x29, 0xcc, 0xff, 0xff, 0x29, 0xcc, 0xff, 0xff,
    0x29, 0xcc, 0xff, 0xff, 0x29, 0xcc, 0xff, 0xff, 0x29, 0xcc, 0xff, 0xff,
    0x29, 0xcc, 0xff, 0xff, 0x29, 0xcc, 0xff, 0xff, 0x29, 0xcc, 0xff, 0xff,
    0x29, 0xcc, 0xff, 0xff, 0x29, 0xcc, 0xff, 0xff, 0x29, 0xcc, 0xff, 0xff,
    0x29, 0xcc, 0xff, 0xff, 0x29, 0xcc, 0xff, 0xff, 0x29, 0xcc, 0xff, 0xff,
    0x29, 0xcc, 0xff, 0xff, 0x29, 0xcc, 0xff, 0xff, 0x29, 0xcc, 0xff, 0xff,
    0x29, 0xcc, 0xff, 0xff, 0x29, 0xcc, 0xff, 0xff, 0x29, 0xcc, 0xff, 0xff,
    0x29, 0xcc, 0xff, 0xff, 0x29, 0xcc, 0xff, 0xff, 0x29, 0xcc, 0xff, 0xff,
    0x29, 0xcc, 0xff, 0xff, 0x29, 0xcc, 0xff, 0xff, 0x29, 0xcc, 0xff, 0xff,
    0x29, 0xcc, 0xff, 0xff, 0x29, 0xcc, 0xff, 0xff, 0x29, 0xcc, 0xff, 0xff,
    0x29, 0xcc, 0xff, 0xff, 0x29, 0xcc, 0xff, 0xff, 0x29, 0xcc, 0xff, 0xff,
    0x29, 0xcc, 0xff, 0xff, 0x29, 0xcc, 0xff, 0xff, 0x29, 0xcc, 0xff, 0xff,
    0x29, 0xcc, 0xff, 0xff, 0x29, 0xcc, 0xff, 0xff, 0x29, 0xcc, 0xff, 0xff,
    0x29, 0xcc, 0xff, 0xff, 0x29, 0xcc, 0xff, 0xff, 0x29, 0xcc, 0xff, 0xff,
    0x29, 0xcc, 0xff, 0xff, 0x29, 0xcc, 0xff, 0xff, 0x29, 0xcc, 0xff, 0xff,
    0x29, 0xcc, 0xff, 0xff, 0x29, 0xcc, 0xff, 0xff, 0x29, 0xcc, 0xff, 0xff,
    0x29, 0xcc, 0xff, 0xff, 0x29, 0xcc, 0xff, 0xff, 0x29, 0xcc, 0xff, 0xff,
    0x29, 0xcc, 0xff, 0xff, 0x29, 0xcc, 0xff, 0xff, 0x29, 0xcc, 0xff, 0xff,
    0x29, 0xcc, 0xff, 0xff, 0x29, 0xcc, 0xff, 0xff, 0x29, 0xcc, 0xff, 0xff,
    0x29, 0xcc, 0xff, 0xff, 0x29, 0xcc, 0xff, 0xff, 0x29, 0xcc, 0xff, 0xff,
    0x29, 0xcc, 0xff, 0xff, 0x29, 0xcc, 0xff, 0xff, 0x29, 0xcc, 0xff, 0xff,
    0x29, 0xcc, 0xff, 0xff, 0x29, 0xcc, 0xff, 0xff, 0x29, 0xcc, 0xff, 0xff,
    0x29, 0xcc, 0xff, 0xff, 0x29, 0xcc, 0xff, 0xff, 0x29, 0xcc, 0xff, 0xff,
    0x29, 0xcc, 0xff, 0xff, 0x29, 0xcc, 0xff, 0xff, 0x29, 0xcc, 0xff, 0xff,
    0x29, 0xcc, 0xff, 0xff, 0x29, 0xcc, 0xff, 0xff, 0x29, 0xcc, 0xff, 0xff,
    0x29, 0xcc, 0xff, 0xff, 0x29, 0xcc, 0xff, 0xff, 0x29, 0xcc, 0xff, 0xff,
    0x29, 0xcc, 0xff, 0xff, 0x29, 0xcc, 0xff, 0xff, 0x29, 0xcc, 0xff, 0xff,
    0x29, 0xcc, 0xff, 0xff, 0x29, 0xcc, 0xff, 0xff, 0x29, 0xcc, 0xff, 0xff,
    0x29, 0xcc, 0xff, 0xff, 0x29, 0xcc, 0xff, 0xff, 0x29, 0xcc, 0xff, 0xff,
    0x29, 0xcc, 0xff, 0xff, 0x29, 0xcc, 0xff, 0xff, 0x29, 0xcc, 0xff, 0xff,
    0x29, 0xcc, 0xff, 0xff, 0x29, 0xcc, 0xff, 0xff, 0x29, 0xcc, 0xff, 0xff,
    0x29, 0xcc, 0xff, 0xff, 0x29, 0xcc, 0xff, 0xff, 0x29, 0xcc, 0xff, 0xff,
    0x29, 0xcc, 0xff, 0xff, 0x29, 0xcc, 0xff, 0xff, 0x29, 0xcc, 0xff, 0xff,
    0x29, 0xcc, 0xff, 0xff, 0x29, 0xcc, 0xff, 0xff, 0x29, 0xcc, 0xff, 0xff,
    0x29, 0xcc, 0xff, 0xff, 0x29, 0xcc, 0xff, 0xff, 0x29, 0xcc, 0xff, 0xff,
    0x29, 0xcc, 0xff, 0xff, 0x29, 0xcc, 0xff, 0xff, 0x29, 0xcc, 0xff, 0xff,
    0x29, 0xcc, 0xff, 0xff, 0x29, 0xcc, 0xff, 0xff, 0x29, 0xcc, 0xff, 0xff,
    0x29, 0xcc, 0xff, 0xff, 0x29, 0xcc, 0xff, 0xff, 0x29, 0xcc, 0xff, 0xff,
    0x29, 0xcc, 0xff, 0xff, 0x29, 0xcc, 0xff, 0xff, 0x29, 0xcc, 0xff, 0xff,
    0x29, 0xcc, 0xff, 0xff, 0x29, 0xcc, 0xff, 0xff, 0x29, 0xcc, 0xff, 0xff,
    0x29, 0xcc, 0xff, 0xff, 0x29, 0xcc, 0xff, 0xff, 0x29, 0xcc, 0xff, 0xff,
    0x29, 0xcc, 0xff, 0xff, 0x29, 0xcc, 0xff, 0xff, 0x29, 0xcc, 0xff, 0xff,
    0x29, 0xcc, 0xff, 0xff, 0x29, 0xcc, 0xff, 0xff, 0x29, 0xcc, 0xff, 0xff,
    0x29, 0xcc, 0xff, 0xff, 0x29, 0xcc, 0xff, 0xff, 0x29, 0xcc, 0xff, 0xff,
    0x29, 0xcc, 0xff, 0xff, 0x29, 0xcc, 0xff, 0xff, 0x29, 0xcc, 0xff, 0xff,
    0x29, 0xcc, 0xff, 0xff, 0x29, 0xcc, 0xff, 0xff, 0x29, 0xcc, 0xff, 0xff,
    0x29, 0xcc, 0xff, 0xff, 0x29, 0xcc, 0xff, 0xff, 0x29, 0xcc, 0xff, 0xff,
    0x28, 0xca, 0xfd, 0x55, 0x29, 0xcc, 0xfe, 0xa9, 0x29, 0xcc, 0xff, 0xff,
    0x29, 0xcc, 0xff, 0xff, 0x29, 0xcc, 0xff, 0xff, 0x29, 0xcc, 0xff, 0xff,
    0x29, 0xcc, 0xff, 0xff, 0x29, 0xcc, 0xff, 0xff, 0x29, 0xcc, 0xff, 0xff,
    0x29, 0xcc, 0xff, 0xff, 0x29, 0xcc, 0xff, 0xff, 0x29, 0xcc, 0xff, 0xff,
    0x29, 0xcc, 0xff, 0xff, 0x29, 0xcc, 0xff, 0xff, 0x29, 0xcc, 0xff, 0xff,
    0x29, 0xcc, 0xff, 0xff, 0x29, 0xcc, 0xff, 0xff, 0x29, 0xcc, 0xff, 0xff,
    0x29, 0xcc, 0xff, 0xff, 0x29, 0xcc, 0xff, 0xff, 0x29, 0xcc, 0xff, 0xff,
    0x29, 0xcc, 0xff, 0xff, 0x29, 0xcc, 0xff, 0xff, 0x29, 0xcc, 0xff, 0xff,
    0x29, 0xcc, 0xff, 0xff, 0x29, 0xcc, 0xff, 0xff, 0x29, 0xcc, 0xff, 0xff,
    0x29, 0xcc, 0xff, 0xff, 0x29, 0xcc, 0xff, 0xff, 0x29, 0xcc, 0xff, 0xff,
    0x29, 0xcc, 0xff, 0xff, 0x29, 0xcc, 0xff, 0xff, 0x29, 0xcc, 0xff, 0xff,
    0x29, 0xcc, 0xff, 0xff, 0x29, 0xcc, 0xff, 0xff, 0x29, 0xcc, 0xff, 0xff,
    0x29, 0xcc, 0xff, 0xff, 0x29, 0xcc, 0xff, 0xff, 0x29, 0xcc, 0xff, 0xff,
    0x29, 0xcc, 0xff, 0xff, 0x29, 0xcc, 0xff, 0xff, 0x29, 0xcc, 0xff, 0xff,
    0x29, 0xcc, 0xff, 0xff, 0x29, 0xcc, 0xff, 0xff, 0x29, 0xcc, 0xff, 0xff,
    0x29, 0xcc, 0xff, 0xff, 0x29, 0xcc, 0xff, 0xff, 0x29, 0xcc, 0xff, 0xff,
    0x29, 0xcc, 0xff, 0xff, 0x29, 0xcc, 0xff, 0xff, 0x29, 0xcc, 0xff, 0xff,
    0x29, 0xcc, 0xff, 0xff, 0x29, 0xcc, 0xff, 0xff, 0x29, 0xcc, 0xff, 0xff,
    0x29, 0xcc, 0xff, 0xff, 0x29, 0xcc, 0xff, 0xff, 0x29, 0xcc, 0xff, 0xff,
    0x29, 0xcc, 0xff, 0xff, 0x29, 0xcc, 0xff, 0xff, 0x29, 0xcc, 0xff, 0xff,
    0x29, 0xcc, 0xff, 0xff, 0x29, 0xcc, 0xff, 0xff, 0x29, 0xcc, 0xff, 0xff,
    0x29, 0xcc, 0xff, 0xff, 0x29, 0xcc, 0xff, 0xff, 0x29, 0xcc, 0xff, 0xff,
    0x29, 0xcc, 0xff, 0xff, 0x29, 0xcc, 0xff, 0xff, 0x29, 0xcc, 0xff, 0xff,
    0x29, 0xcc, 0xff, 0xff, 0x29, 0xcc, 0xff, 0xff, 0x29, 0xcc, 0xff, 0xff,
    0x29, 0xcc, 0xff, 0xff, 0x29, 0xcc, 0xff, 0xff, 0x29, 0xcc, 0xff, 0xff,
    0x29, 0xcc, 0xff, 0xff, 0x29, 0xcc, 0xff, 0xff, 0x29, 0xcc, 0xff, 0xff,
    0x29, 0xcc, 0xff, 0xff, 0x29, 0xcc, 0xff, 0xff, 0x29, 0xcc, 0xff, 0xff,
    0x29, 0xcc, 0xff, 0xff, 0x29, 0xcc, 0xff, 0xff, 0x29, 0xcc, 0xff, 0xff,
    0x29, 0xcc, 0xff, 0xff, 0x29, 0xcc, 0xff, 0xff, 0x29, 0xcc, 0xff, 0xff,
    0x29, 0xcc, 0xff, 0xff, 0x29, 0xcc, 0xff, 0xff, 0x29, 0xcc, 0xff, 0xff,
    0x29, 0xcc, 0xff, 0xff, 0x29, 0xcc, 0xff, 0xff, 0x29, 0xcc, 0xff, 0xff,
    0x29, 0xcc, 0xff, 0xff, 0x29, 0xcc, 0xff, 0xff, 0x29, 0xcc, 0xff, 0xff,
    0x29, 0xcc, 0xff, 0xff, 0x29, 0xcc, 0xff, 0xff, 0x29, 0xcc, 0xff, 0xff,
    0x29, 0xcc, 0xff, 0xff, 0x29, 0xcc, 0xff, 0xff, 0x29, 0xcc, 0xff, 0xff,
    0x29, 0xcc, 0xff, 0xff, 0x29, 0xcc, 0xff, 0xff, 0x29, 0xcc, 0xff, 0xff,
    0x29, 0xcc, 0xff, 0xff, 0x29, 0xcc, 0xff, 0xff, 0x29, 0xcc, 0xff, 0xff,
    0x29, 0xcc, 0xff, 0xff, 0x29, 0xcc, 0xff, 0xff, 0x29, 0xcc, 0xff, 0xff,
    0x29, 0xcc, 0xff, 0xff, 0x29, 0xcc, 0xff, 0xff, 0x29, 0xcc, 0xff, 0xff,
    0x29, 0xcc, 0xff, 0xff, 0x29, 0xcc, 0xff, 0xff, 0x29, 0xcc, 0xff, 0xff,
    0x29, 0xcc, 0xff, 0xff, 0x29, 0xcc, 0xff, 0xff, 0x29, 0xcc, 0xff, 0xff,
    0x29, 0xcc, 0xff, 0xff, 0x29, 0xcc, 0xff, 0xff, 0x29, 0xcc, 0xff, 0xff,
    0x29, 0xcc, 0xff, 0xff, 0x29, 0xcc, 0xff, 0xff, 0x29, 0xcc, 0xff, 0xff,
    0x29, 0xcc, 0xff, 0xff, 0x29, 0xcc, 0xff, 0xff, 0x29, 0xcc, 0xff, 0xff,
    0x29, 0xcc, 0xff, 0xff, 0x29, 0xcc, 0xff, 0xff, 0x29, 0xcc, 0xff, 0xff,
    0x29, 0xcc, 0xff, 0xff, 0x29, 0xcc, 0xff, 0xff, 0x29, 0xcc, 0xff, 0xff,
    0x29, 0xcc, 0xff, 0xff, 0x29, 0xcc, 0xff, 0xff, 0x29, 0xcc, 0xff, 0xff,
    0x29, 0xcc, 0xff, 0xff, 0x29, 0xcc, 0xff, 0xff, 0x29, 0xcc, 0xff, 0xff,
    0x29, 0xcc, 0xff, 0xff, 0x29, 0xcc, 0xff, 0xff, 0x29, 0xcc, 0xff, 0xff,
    0x29, 0xcc, 0xff, 0xff, 0x29, 0xcc, 0xff, 0xff, 0x29, 0xcc, 0xff, 0xff,
    0x29, 0xcc, 0xff, 0xff, 0x29, 0xcc, 0xff, 0xff, 0x29, 0xcc, 0xff, 0xff,
    0x29, 0xcc, 0xff, 0xff, 0x28, 0xca, 0xfd, 0x55, 0x29, 0xcc, 0xfe, 0xa9,
    0x29, 0xcc, 0xff, 0xff, 0x29, 0xcc, 0xff, 0xff, 0x29, 0xcc, 0xff, 0xff,
    0x29, 0xcc, 0xff, 0xff, 0x29, 0xcc, 0xff, 0xff, 0x29, 0xcc, 0xff, 0xff,
    0x29, 0xcc, 0xff, 0xff, 0x29, 0xcc, 0xff, 0xff, 0x29, 0xcc, 0xff, 0xff,
    0x29, 0xcc, 0xff, 0xff, 0x29, 0xcc, 0xff, 0xff, 0x29, 0xcc, 0xff, 0xff,
    0x29, 0xcc, 0xff, 0xff, 0x29, 0xcc, 0xff, 0xff, 0x29, 0xcc, 0xff, 0xff,
    0x29, 0xcc, 0xff, 0xff, 0x29, 0xcc, 0xff, 0xff, 0x29, 0xcc, 0xff, 0xff,
    0x29, 0xcc, 0xff, 0xff, 0x29, 0xcc, 0xff, 0xff, 0x29, 0xcc, 0xff, 0xff,
    0x29, 0xcc, 0xff, 0xff, 0x29, 0xcc, 0xff, 0xff, 0x29, 0xcc, 0xff, 0xff,
    0x29, 0xcc, 0xff, 0xff, 0x29, 0xcc, 0xff, 0xff, 0x29, 0xcc, 0xff, 0xff,
    0x29, 0xcc, 0xff, 0xff, 0x29, 0xcc, 0xff, 0xff, 0x29, 0xcc, 0xff, 0xff,
    0x29, 0xcc, 0xff, 0xff, 0x29, 0xcc, 0xff, 0xff, 0x29, 0xcc, 0xff, 0xff,
    0x29, 0xcc, 0xff, 0xff, 0x29, 0xcc, 0xff, 0xff, 0x29, 0xcc, 0xff, 0xff,
    0x29, 0xcc, 0xff, 0xff, 0x29, 0xcc, 0xff, 0xff, 0x29, 0xcc, 0xff, 0xff,
    0x29, 0xcc, 0xff, 0xff, 0x29, 0xcc, 0xff, 0xff, 0x29, 0xcc, 0xff, 0xff,
    0x29, 0xcc, 0xff, 0xff, 0x29, 0xcc, 0xff, 0xff, 0x29, 0xcc, 0xff, 0xff,
    0x29, 0xcc, 0xff, 0xff, 0x29, 0xcc, 0xff, 0xff, 0x29, 0xcc, 0xff, 0xff,
    0x29, 0xcc, 0xff, 0xff, 0x29, 0xcc, 0xff, 0xff, 0x29, 0xcc, 0xff, 0xff,
    0x29, 0xcc, 0xff, 0xff, 0x29, 0xcc, 0xff, 0xff, 0x29, 0xcc, 0xff, 0xff,
    0x29, 0xcc, 0xff, 0xff, 0x29, 0xcc, 0xff, 0xff, 0x29, 0xcc, 0xff, 0xff,
    0x29, 0xcc, 0xff, 0xff, 0x29, 0xcc, 0xff, 0xff, 0x29, 0xcc, 0xff, 0xff,
    0x29, 0xcc, 0xff, 0xff, 0x29, 0xcc, 0xff, 0xff, 0x29, 0xcc, 0xff, 0xff,
    0x29, 0xcc, 0xff, 0xff, 0x29, 0xcc, 0xff, 0xff, 0x29, 0xcc, 0xff, 0xff,
    0x29, 0xcc, 0xff, 0xff, 0x29, 0xcc, 0xff, 0xff, 0x29, 0xcc, 0xff, 0xff,
    0x29, 0xcc, 0xff, 0xff, 0x29, 0xcc, 0xff, 0xff, 0x29, 0xcc, 0xff, 0xff,
    0x29, 0xcc, 0xff, 0xff, 0x29, 0xcc, 0xff, 0xff, 0x29, 0xcc, 0xff, 0xff,
    0x29, 0xcc, 0xff, 0xff, 0x29, 0xcc, 0xff, 0xff, 0x29, 0xcc, 0xff, 0xff,
    0x29, 0xcc, 0xff, 0xff, 0x29, 0xcc, 0xff, 0xff, 0x29, 0xcc, 0xff, 0xff,
    0x29, 0xcc, 0xff, 0xff, 0x29, 0xcc, 0xff, 0xff, 0x29, 0xcc, 0xff, 0xff,
    0x29, 0xcc, 0xff, 0xff, 0x29, 0xcc, 0xff, 0xff, 0x29, 0xcc, 0xff, 0xff,
    0x29, 0xcc, 0xff, 0xff, 0x29, 0xcc, 0xff, 0xff, 0x29, 0xcc, 0xff, 0xff,
    0x29, 0xcc, 0xff, 0xff, 0x29, 0xcc, 0xff, 0xff, 0x29, 0xcc, 0xff, 0xff,
    0x29, 0xcc, 0xff, 0xff, 0x29, 0xcc, 0xff, 0xff, 0x29, 0xcc, 0xff, 0xff,
    0x29, 0xcc, 0xff, 0xff, 0x29, 0xcc, 0xff, 0xff, 0x29, 0xcc, 0xff, 0xff,
    0x29, 0xcc, 0xff, 0xff, 0x29, 0xcc, 0xff, 0xff, 0x29, 0xcc, 0xff, 0xff,
    0x29, 0xcc, 0xff, 0xff, 0x29, 0xcc, 0xff, 0xff, 0x29, 0xcc, 0xff, 0xff,
    0x29, 0xcc, 0xff, 0xff, 0x29, 0xcc, 0xff, 0xff, 0x29, 0xcc, 0xff, 0xff,
    0x29, 0xcc, 0xff, 0xff, 0x29, 0xcc, 0xff, 0xff, 0x29, 0xcc, 0xff, 0xff,
    0x29, 0xcc, 0xff, 0xff, 0x29, 0xcc, 0xff, 0xff, 0x29, 0xcc, 0xff, 0xff,
    0x29, 0xcc, 0xff, 0xff, 0x29, 0xcc, 0xff, 0xff, 0x29, 0xcc, 0xff, 0xff,
    0x29, 0xcc, 0xff, 0xff, 0x29, 0xcc, 0xff, 0xff, 0x29, 0xcc, 0xff, 0xff,
    0x29, 0xcc, 0xff, 0xff, 0x29, 0xcc, 0xff, 0xff, 0x29, 0xcc, 0xff, 0xff,
    0x29, 0xcc, 0xff, 0xff, 0x29, 0xcc, 0xff, 0xff, 0x29, 0xcc, 0xff, 0xff,
    0x29, 0xcc, 0xff, 0xff, 0x29, 0xcc, 0xff, 0xff, 0x29, 0xcc, 0xff, 0xff,
    0x29, 0xcc, 0xff, 0xff, 0x29, 0xcc, 0xff, 0xff, 0x29, 0xcc, 0xff, 0xff,
    0x29, 0xcc, 0xff, 0xff, 0x29, 0xcc, 0xff, 0xff, 0x29, 0xcc, 0xff, 0xff,
    0x29, 0xcc, 0xff, 0xff, 0x29, 0xcc, 0xff, 0xff, 0x29, 0xcc, 0xff, 0xff,
    0x29, 0xcc, 0xff, 0xff, 0x29, 0xcc, 0xff, 0xff, 0x29, 0xcc, 0xff, 0xff,
    0x29, 0xcc, 0xff, 0xff, 0x29, 0xcc, 0xff, 0xff, 0x29, 0xcc, 0xff, 0xff,
    0x29, 0xcc, 0xff, 0xff, 0x29, 0xcc, 0xff, 0xff, 0x29, 0xcc, 0xff, 0xff,
    0x29, 0xcc, 0xff, 0xff, 0x29, 0xcc, 0xff, 0xff, 0x28, 0xca, 0xfd, 0x55,
    0x29, 0xcc, 0xfe, 0xa9, 0x29, 0xcc, 0xff, 0xff, 0x29, 0xcc, 0xff, 0xff,
    0x29, 0xcc, 0xff, 0xff, 0x29, 0xcc, 0xff, 0xff, 0x29, 0xcc, 0xff, 0xff,
    0x29, 0xcc, 0xff, 0xff, 0x29, 0xcc, 0xff, 0xff, 0x29, 0xcc, 0xff, 0xff,
    0x29, 0xcc, 0xff, 0xff, 0x29, 0xcc, 0xff, 0xff, 0x29, 0xcc, 0xff, 0xff,
    0x29, 0xcc, 0xff, 0xff, 0x29, 0xcc, 0xff, 0xff, 0x29, 0xcc, 0xff, 0xff,
    0x29, 0xcc, 0xff, 0xff, 0x29, 0xcc, 0xff, 0xff, 0x29, 0xcc, 0xff, 0xff,
    0x29, 0xcc, 0xff, 0xff, 0x29, 0xcc, 0xff, 0xff, 0x29, 0xcc, 0xff, 0xff,
    0x29, 0xcc, 0xff, 0xff, 0x29, 0xcc, 0xff, 0xff, 0x29, 0xcc, 0xff, 0xff,
    0x29, 0xcc, 0xff, 0xff, 0x29, 0xcc, 0xff, 0xff, 0x29, 0xcc, 0xff, 0xff,
    0x29, 0xcc, 0xff, 0xff, 0x29, 0xcc, 0xff, 0xff, 0x29, 0xcc, 0xff, 0xff,
    0x29, 0xcc, 0xff, 0xff, 0x29, 0xcc, 0xff, 0xff, 0x29, 0xcc, 0xff, 0xff,
    0x29, 0xcc, 0xff, 0xff, 0x29, 0xcc, 0xff, 0xff, 0x29, 0xcc, 0xff, 0xff,
    0x29, 0xcc, 0xff, 0xff, 0x29, 0xcc, 0xff, 0xff, 0x29, 0xcc, 0xff, 0xff,
    0x29, 0xcc, 0xff, 0xff, 0x29, 0xcc, 0xff, 0xff, 0x29, 0xcc, 0xff, 0xff,
    0x29, 0xcc, 0xff, 0xff, 0x29, 0xcc, 0xff, 0xff, 0x29, 0xcc, 0xff, 0xff,
    0x29, 0xcc, 0xff, 0xff, 0x29, 0xcc, 0xff, 0xff, 0x29, 0xcc, 0xff, 0xff,
    0x29, 0xcc, 0xff, 0xff, 0x29, 0xcc, 0xff, 0xff, 0x29, 0xcc, 0xff, 0xff,
    0x29, 0xcc, 0xff, 0xff, 0x29, 0xcc, 0xff, 0xff, 0x29, 0xcc, 0xff, 0xff,
    0x29, 0xcc, 0xff, 0xff, 0x29, 0xcc, 0xff, 0xff, 0x29, 0xcc, 0xff, 0xff,
    0x29, 0xcc, 0xff, 0xff, 0x29, 0xcc, 0xff, 0xff, 0x29, 0xcc, 0xff, 0xff,
    0x29, 0xcc, 0xff, 0xff, 0x29, 0xcc, 0xff, 0xff, 0x29, 0xcc, 0xff, 0xff,
    0x29, 0xcc, 0xff, 0xff, 0x29, 0xcc, 0xff, 0xff, 0x29, 0xcc, 0xff, 0xff,
    0x29, 0xcc, 0xff, 0xff, 0x29, 0xcc, 0xff, 0xff, 0x29, 0xcc, 0xff, 0xff,
    0x29, 0xcc, 0xff, 0xff, 0x29, 0xcc, 0xff, 0xff, 0x29, 0xcc, 0xff, 0xff,
    0x29, 0xcc, 0xff, 0xff, 0x29, 0xcc, 0xff, 0xff, 0x29, 0xcc, 0xff, 0xff,
    0x29, 0xcc, 0xff, 0xff, 0x29, 0xcc, 0xff, 0xff, 0x29, 0xcc, 0xff, 0xff,
    0x29, 0xcc, 0xff, 0xff, 0x29, 0xcc, 0xff, 0xff, 0x29, 0xcc, 0xff, 0xff,
    0x29, 0xcc, 0xff, 0xff, 0x29, 0xcc, 0xff, 0xff, 0x29, 0xcc, 0xff, 0xff,
    0x29, 0xcc, 0xff, 0xff, 0x29, 0xcc, 0xff, 0xff, 0x29, 0xcc, 0xff, 0xff,
    0x29, 0xcc, 0xff, 0xff, 0x29, 0xcc, 0xff, 0xff, 0x29, 0xcc, 0xff, 0xff,
    0x29, 0xcc, 0xff, 0xff, 0x29, 0xcc, 0xff, 0xff, 0x29, 0xcc, 0xff, 0xff,
    0x29, 0xcc, 0xff, 0xff, 0x29, 0xcc, 0xff, 0xff, 0x29, 0xcc, 0xff, 0xff,
    0x29, 0xcc, 0xff, 0xff, 0x29, 0xcc, 0xff, 0xff, 0x29, 0xcc, 0xff, 0xff,
    0x29, 0xcc, 0xff, 0xff, 0x29, 0xcc, 0xff, 0xff, 0x29, 0xcc, 0xff, 0xff,
    0x29, 0xcc, 0xff, 0xff, 0x29, 0xcc, 0xff, 0xff, 0x29, 0xcc, 0xff, 0xff,
    0x29, 0xcc, 0xff, 0xff, 0x29, 0xcc, 0xff, 0xff, 0x29, 0xcc, 0xff, 0xff,
    0x29, 0xcc, 0xff, 0xff, 0x29, 0xcc, 0xff, 0xff, 0x29, 0xcc, 0xff, 0xff,
    0x29, 0xcc, 0xff, 0xff, 0x29, 0xcc, 0xff, 0xff, 0x29, 0xcc, 0xff, 0xff,
    0x29, 0xcc, 0xff, 0xff, 0x29, 0xcc, 0xff, 0xff, 0x29, 0xcc, 0xff, 0xff,
    0x29, 0xcc, 0xff, 0xff, 0x29, 0xcc, 0xff, 0xff, 0x29, 0xcc, 0xff, 0xff,
    0x29, 0xcc, 0xff, 0xff, 0x29, 0xcc, 0xff, 0xff, 0x29, 0xcc, 0xff, 0xff,
    0x29, 0xcc, 0xff, 0xff, 0x29, 0xcc, 0xff, 0xff, 0x29, 0xcc, 0xff, 0xff,
    0x29, 0xcc, 0xff, 0xff, 0x29, 0xcc, 0xff, 0xff, 0x29, 0xcc, 0xff, 0xff,
    0x29, 0xcc, 0xff, 0xff, 0x29, 0xcc, 0xff, 0xff, 0x29, 0xcc, 0xff, 0xff,
    0x29, 0xcc, 0xff, 0xff, 0x29, 0xcc, 0xff, 0xff, 0x29, 0xcc, 0xff, 0xff,
    0x29, 0xcc, 0xff, 0xff, 0x29, 0xcc, 0xff, 0xff, 0x29, 0xcc, 0xff, 0xff,
    0x29, 0xcc, 0xff, 0xff, 0x29, 0xcc, 0xff, 0xff, 0x29, 0xcc, 0xff, 0xff,
    0x29, 0xcc, 0xff, 0xff, 0x29, 0xcc, 0xff, 0xff, 0x29, 0xcc, 0xff, 0xff,
    0x29, 0xcc, 0xff, 0xff, 0x29, 0xcc, 0xff, 0xff, 0x29, 0xcc, 0xff, 0xff,
    0x29, 0xcc, 0xff, 0xff, 0x29, 0xcc, 0xff, 0xff, 0x29, 0xcc, 0xff, 0xff,
    0x28, 0xca, 0xfd, 0x55, 0x29, 0xcc, 0xfe, 0xa9, 0x29, 0xcc, 0xff, 0xff,
    0x29, 0xcc, 0xff, 0xff, 0x29, 0xcc, 0xff, 0xff, 0x29, 0xcc, 0xff, 0xff,
    0x29, 0xcc, 0xff, 0xff, 0x29, 0xcc, 0xff, 0xff, 0x29, 0xcc, 0xff, 0xff,
    0x29, 0xcc, 0xff, 0xff, 0x29, 0xcc, 0xff, 0xff, 0x29, 0xcc, 0xff, 0xff,
    0x29, 0xcc, 0xff, 0xff, 0x29, 0xcc, 0xff, 0xff, 0x29, 0xcc, 0xff, 0xff,
    0x29, 0xcc, 0xff, 0xff, 0x29, 0xcc, 0xff, 0xff, 0x29, 0xcc, 0xff, 0xff,
    0x29, 0xcc, 0xff, 0xff, 0x29, 0xcc, 0xff, 0xff, 0x29, 0xcc, 0xff, 0xff,
    0x29, 0xcc, 0xff, 0xff, 0x29, 0xcc, 0xff, 0xff, 0x29, 0xcc, 0xff, 0xff,
    0x29, 0xcc, 0xff, 0xff, 0x29, 0xcc, 0xff, 0xff, 0x29, 0xcc, 0xff, 0xff,
    0x29, 0xcc, 0xff, 0xff, 0x29, 0xcc, 0xff, 0xff, 0x29, 0xcc, 0xff, 0xff,
    0x29, 0xcc, 0xff, 0xff, 0x29, 0xcc, 0xff, 0xff, 0x29, 0xcc, 0xff, 0xff,
    0x29, 0xcc, 0xff, 0xff, 0x29, 0xcc, 0xff, 0xff, 0x29, 0xcc, 0xff, 0xff,
    0x29, 0xcc, 0xff, 0xff, 0x29, 0xcc, 0xff, 0xff, 0x29, 0xcc, 0xff, 0xff,
    0x29, 0xcc, 0xff, 0xff, 0x29, 0xcc, 0xff, 0xff, 0x29, 0xcc, 0xff, 0xff,
    0x29, 0xcc, 0xff, 0xff, 0x29, 0xcc, 0xff, 0xff, 0x29, 0xcc, 0xff, 0xff,
    0x29, 0xcc, 0xff, 0xff, 0x29, 0xcc, 0xff, 0xff, 0x29, 0xcc, 0xff, 0xff,
    0x29, 0xcc, 0xff, 0xff, 0x29, 0xcc, 0xff, 0xff, 0x29, 0xcc, 0xff, 0xff,
    0x29, 0xcc, 0xff, 0xff, 0x29, 0xcc, 0xff, 0xff, 0x29, 0xcc, 0xff, 0xff,
    0x29, 0xcc, 0xff, 0xff, 0x29, 0xcc, 0xff, 0xff, 0x29, 0xcc, 0xff, 0xff,
    0x29, 0xcc, 0xff, 0xff, 0x29, 0xcc, 0xff, 0xff, 0x29, 0xcc, 0xff, 0xff,
    0x29, 0xcc, 0xff, 0xff, 0x29, 0xcc, 0xff, 0xff, 0x29, 0xcc, 0xff, 0xff,
    0x29, 0xcc, 0xff, 0xff, 0x29, 0xcc, 0xff, 0xff, 0x29, 0xcc, 0xff, 0xff,
    0x29, 0xcc, 0xff, 0xff, 0x29, 0xcc, 0xff, 0xff, 0x29, 0xcc, 0xff, 0xff,
    0x29, 0xcc, 0xff, 0xff, 0x29, 0xcc, 0xff, 0xff, 0x29, 0xcc, 0xff, 0xff,
    0x29, 0xcc, 0xff, 0xff, 0x29, 0xcc, 0xff, 0xff, 0x29, 0xcc, 0xff, 0xff,
    0x29, 0xcc, 0xff, 0xff, 0x29, 0xcc, 0xff, 0xff, 0x29, 0xcc, 0xff, 0xff,
    0x29, 0xcc, 0xff, 0xff, 0x29, 0xcc, 0xff, 0xff, 0x29, 0xcc, 0xff, 0xff,
    0x29, 0xcc, 0xff, 0xff, 0x29, 0xcc, 0xff, 0xff, 0x29, 0xcc, 0xff, 0xff,
    0x29, 0xcc, 0xff, 0xff, 0x29, 0xcc, 0xff, 0xff, 0x29, 0xcc, 0xff, 0xff,
    0x29, 0xcc, 0xff, 0xff, 0x29, 0xcc, 0xff, 0xff, 0x29, 0xcc, 0xff, 0xff,
    0x29, 0xcc, 0xff, 0xff, 0x29, 0xcc, 0xff, 0xff, 0x29, 0xcc, 0xff, 0xff,
    0x29, 0xcc, 0xff, 0xff, 0x29, 0xcc, 0xff, 0xff, 0x29, 0xcc, 0xff, 0xff,
    0x29, 0xcc, 0xff, 0xff, 0x29, 0xcc, 0xff, 0xff, 0x29, 0xcc, 0xff, 0xff,
    0x29, 0xcc, 0xff, 0xff, 0x29, 0xcc, 0xff, 0xff, 0x29, 0xcc, 0xff, 0xff,
    0x29, 0xcc, 0xff, 0xff, 0x29, 0xcc, 0xff, 0xff, 0x29, 0xcc, 0xff, 0xff,
    0x29, 0xcc, 0xff, 0xff, 0x29, 0xcc, 0xff, 0xff, 0x29, 0xcc, 0xff, 0xff,
    0x29, 0xcc, 0xff, 0xff, 0x29, 0xcc, 0xff, 0xff, 0x29, 0xcc, 0xff, 0xff,
    0x29, 0xcc, 0xff, 0xff, 0x29, 0xcc, 0xff, 0xff, 0x29, 0xcc, 0xff, 0xff,
    0x29, 0xcc, 0xff, 0xff, 0x29, 0xcc, 0xff, 0xff, 0x29, 0xcc, 0xff, 0xff,
    0x29, 0xcc, 0xff, 0xff, 0x29, 0xcc, 0xff, 0xff, 0x29, 0xcc, 0xff, 0xff,
    0x29, 0xcc, 0xff, 0xff, 0x29, 0xcc, 0xff, 0xff, 0x29, 0xcc, 0xff, 0xff,
    0x29, 0xcc, 0xff, 0xff, 0x29, 0xcc, 0xff, 0xff, 0x29, 0xcc, 0xff, 0xff,
    0x29, 0xcc, 0xff, 0xff, 0x29, 0xcc, 0xff, 0xff, 0x29, 0xcc, 0xff, 0xff,
    0x29, 0xcc, 0xff, 0xff, 0x29, 0xcc, 0xff, 0xff, 0x29, 0xcc, 0xff, 0xff,
    0x29, 0xcc, 0xff, 0xff, 0x29, 0xcc, 0xff, 0xff, 0x29, 0xcc, 0xff, 0xff,
    0x29, 0xcc, 0xff, 0xff, 0x29, 0xcc, 0xff, 0xff, 0x29, 0xcc, 0xff, 0xff,
    0x29, 0xcc, 0xff, 0xff, 0x29, 0xcc, 0xff, 0xff, 0x29, 0xcc, 0xff, 0xff,
    0x29, 0xcc, 0xff, 0xff, 0x29, 0xcc, 0xff, 0xff, 0x29, 0xcc, 0xff, 0xff,
    0x29, 0xcc, 0xff, 0xff, 0x29, 0xcc, 0xff, 0xff, 0x29, 0xcc, 0xff, 0xff,
    0x29, 0xcc, 0xff, 0xff, 0x29, 0xcc, 0xff, 0xff, 0x29, 0xcc, 0xff, 0xff,
    0x29, 0xcc, 0xff, 0xff, 0x28, 0xca, 0xfd, 0x55, 0x29, 0xcc, 0xfe, 0xa9,
    0x29, 0xcc, 0xff, 0xff, 0x29, 0xcc, 0xff, 0xff, 0x29, 0xcc, 0xff, 0xff,
    0x29, 0xcc, 0xff, 0xff, 0x29, 0xcc, 0xff, 0xff, 0x29, 0xcc, 0xff, 0xff,
    0x29, 0xcc, 0xff, 0xff, 0x29, 0xcc, 0xff, 0xff, 0x29, 0xcc, 0xff, 0xff,
    0x29, 0xcc, 0xff, 0xff, 0x29, 0xcc, 0xff, 0xff, 0x29, 0xcc, 0xff, 0xff,
    0x29, 0xcc, 0xff, 0xff, 0x29, 0xcc, 0xff, 0xff, 0x29, 0xcc, 0xff, 0xff,
    0x29, 0xcc, 0xff, 0xff, 0x29, 0xcc, 0xff, 0xff, 0x29, 0xcc, 0xff, 0xff,
    0x29, 0xcc, 0xff, 0xff, 0x29, 0xcc, 0xff, 0xff, 0x29, 0xcc, 0xff, 0xff,
    0x29, 0xcc, 0xff, 0xff, 0x29, 0xcc, 0xff, 0xff, 0x29, 0xcc, 0xff, 0xff,
    0x29, 0xcc, 0xff, 0xff, 0x29, 0xcc, 0xff, 0xff, 0x29, 0xcc, 0xff, 0xff,
    0x29, 0xcc, 0xff, 0xff, 0x29, 0xcc, 0xff, 0xff, 0x29, 0xcc, 0xff, 0xff,
    0x29, 0xcc, 0xff, 0xff, 0x29, 0xcc, 0xff, 0xff, 0x29, 0xcc, 0xff, 0xff,
    0x29, 0xcc, 0xff, 0xff, 0x29, 0xcc, 0xff, 0xff, 0x29, 0xcc, 0xff, 0xff,
    0x29, 0xcc, 0xff, 0xff, 0x29, 0xcc, 0xff, 0xff, 0x29, 0xcc, 0xff, 0xff,
    0x29, 0xcc, 0xff, 0xff, 0x29, 0xcc, 0xff, 0xff, 0x29, 0xcc, 0xff, 0xff,
    0x29, 0xcc, 0xff, 0xff, 0x29, 0xcc, 0xff, 0xff, 0x29, 0xcc, 0xff, 0xff,
    0x29, 0xcc, 0xff, 0xff, 0x29, 0xcc, 0xff, 0xff, 0x29, 0xcc, 0xff, 0xff,
    0x29, 0xcc, 0xff, 0xff, 0x29, 0xcc, 0xff, 0xff, 0x29, 0xcc, 0xff, 0xff,
    0x29, 0xcc, 0xff, 0xff, 0x29, 0xcc, 0xff, 0xff, 0x29, 0xcc, 0xff, 0xff,
    0x29, 0xcc, 0xff, 0xff, 0x29, 0xcc, 0xff, 0xff, 0x29, 0xcc, 0xff, 0xff,
    0x29, 0xcc, 0xff, 0xff, 0x29, 0xcc, 0xff, 0xff, 0x29, 0xcc, 0xff, 0xff,
    0x29, 0xcc, 0xff, 0xff, 0x29, 0xcc, 0xff, 0xff, 0x29, 0xcc, 0xff, 0xff,
    0x29, 0xcc, 0xff, 0xff, 0x29, 0xcc, 0xff, 0xff, 0x29, 0xcc, 0xff, 0xff,
    0x29, 0xcc, 0xff, 0xff, 0x29, 0xcc, 0xff, 0xff, 0x29, 0xcc, 0xff, 0xff,
    0x29, 0xcc, 0xff, 0xff, 0x29, 0xcc, 0xff, 0xff, 0x29, 0xcc, 0xff, 0xff,
    0x29, 0xcc, 0xff, 0xff, 0x29, 0xcc, 0xff, 0xff, 0x29, 0xcc, 0xff, 0xff,
    0x29, 0xcc, 0xff, 0xff, 0x29, 0xcc, 0xff, 0xff, 0x29, 0xcc, 0xff, 0xff,
    0x29, 0xcc, 0xff, 0xff, 0x29, 0xcc, 0xff, 0xff, 0x29, 0xcc, 0xff, 0xff,
    0x29, 0xcc, 0xff, 0xff, 0x29, 0xcc, 0xff, 0xff, 0x29, 0xcc, 0xff, 0xff,
    0x29, 0xcc, 0xff, 0xff, 0x29, 0xcc, 0xff, 0xff, 0x29, 0xcc, 0xff, 0xff,
    0x29, 0xcc, 0xff, 0xff, 0x29, 0xcc, 0xff, 0xff, 0x29, 0xcc, 0xff, 0xff,
    0x29, 0xcc, 0xff, 0xff, 0x29, 0xcc, 0xff, 0xff, 0x29, 0xcc, 0xff, 0xff,
    0x29, 0xcc, 0xff, 0xff, 0x29, 0xcc, 0xff, 0xff, 0x29, 0xcc, 0xff, 0xff,
    0x29, 0xcc, 0xff, 0xff, 0x29, 0xcc, 0xff, 0xff, 0x29, 0xcc, 0xff, 0xff,
    0x29, 0xcc, 0xff, 0xff, 0x29, 0xcc, 0xff, 0xff, 0x29, 0xcc, 0xff, 0xff,
    0x29, 0xcc, 0xff, 0xff, 0x29, 0xcc, 0xff, 0xff, 0x29, 0xcc, 0xff, 0xff,
    0x29, 0xcc, 0xff, 0xff, 0x29, 0xcc, 0xff, 0xff, 0x29, 0xcc, 0xff, 0xff,
    0x29, 0xcc, 0xff, 0xff, 0x29, 0xcc, 0xff, 0xff, 0x29, 0xcc, 0xff, 0xff,
    0x29, 0xcc, 0xff, 0xff, 0x29, 0xcc, 0xff, 0xff, 0x29, 0xcc, 0xff, 0xff,
    0x29, 0xcc, 0xff, 0xff, 0x29, 0xcc, 0xff, 0xff, 0x29, 0xcc, 0xff, 0xff,
    0x29, 0xcc, 0xff, 0xff, 0x29, 0xcc, 0xff, 0xff, 0x29, 0xcc, 0xff, 0xff,
    0x29, 0xcc, 0xff, 0xff, 0x29, 0xcc, 0xff, 0xff, 0x29, 0xcc, 0xff, 0xff,
    0x29, 0xcc, 0xff, 0xff, 0x29, 0xcc, 0xff, 0xff, 0x29, 0xcc, 0xff, 0xff,
    0x29, 0xcc, 0xff, 0xff, 0x29, 0xcc, 0xff, 0xff, 0x29, 0xcc, 0xff, 0xff,
    0x29, 0xcc, 0xff, 0xff, 0x29, 0xcc, 0xff, 0xff, 0x29, 0xcc, 0xff, 0xff,
    0x29, 0xcc, 0xff, 0xff, 0x29, 0xcc, 0xff, 0xff, 0x29, 0xcc, 0xff, 0xff,
    0x29, 0xcc, 0xff, 0xff, 0x29, 0xcc, 0xff, 0xff, 0x29, 0xcc, 0xff, 0xff,
    0x29, 0xcc, 0xff, 0xff, 0x29, 0xcc, 0xff, 0xff, 0x29, 0xcc, 0xff, 0xff,
    0x29, 0xcc, 0xff, 0xff, 0x29, 0xcc, 0xff, 0xff, 0x29, 0xcc, 0xff, 0xff,
    0x29, 0xcc, 0xff, 0xff, 0x29, 0xcc, 0xff, 0xff, 0x29, 0xcc, 0xff, 0xff,
    0x29, 0xcc, 0xff, 0xff, 0x29, 0xcc, 0xff, 0xff, 0x28, 0xca, 0xfd, 0x55,
    0x29, 0xcc, 0xfe, 0xa9, 0x29, 0xcc, 0xff, 0xff, 0x29, 0xcc, 0xff, 0xff,
    0x29, 0xcc, 0xff, 0xff, 0x29, 0xcc, 0xff, 0xff, 0x29, 0xcc, 0xff, 0xff,
    0x29, 0xcc, 0xff, 0xff, 0x29, 0xcc, 0xff, 0xff, 0x29, 0xcc, 0xff, 0xff,
    0x29, 0xcc, 0xff, 0xff, 0x29, 0xcc, 0xff, 0xff, 0x29, 0xcc, 0xff, 0xff,
    0x29, 0xcc, 0xff, 0xff, 0x29, 0xcc, 0xff, 0xff, 0x29, 0xcc, 0xff, 0xff,
    0x29, 0xcc, 0xff, 0xff, 0x29, 0xcc, 0xff, 0xff, 0x29, 0xcc, 0xff, 0xff,
    0x29, 0xcc, 0xff, 0xff, 0x29, 0xcc, 0xff, 0xff, 0x29, 0xcc, 0xff, 0xff,
    0x29, 0xcc, 0xff, 0xff, 0x29, 0xcc, 0xff, 0xff, 0x29, 0xcc, 0xff, 0xff,
    0x29, 0xcc, 0xff, 0xff, 0x29, 0xcc, 0xff, 0xff, 0x29, 0xcc, 0xff, 0xff,
    0x29, 0xcc, 0xff, 0xff, 0x29, 0xcc, 0xff, 0xff, 0x29, 0xcc, 0xff, 0xff,
    0x29, 0xcc, 0xff, 0xff, 0x29, 0xcc, 0xff, 0xff, 0x29, 0xcc, 0xff, 0xff,
    0x29, 0xcc, 0xff, 0xff, 0x29, 0xcc, 0xff, 0xff, 0x29, 0xcc, 0xff, 0xff,
    0x29, 0xcc, 0xff, 0xff, 0x29, 0xcc, 0xff, 0xff, 0x29, 0xcc, 0xff, 0xff,
    0x29, 0xcc, 0xff, 0xff, 0x29, 0xcc, 0xff, 0xff, 0x29, 0xcc, 0xff, 0xff,
    0x29, 0xcc, 0xff, 0xff, 0x29, 0xcc, 0xff, 0xff, 0x29, 0xcc, 0xff, 0xff,
    0x29, 0xcc, 0xff, 0xff, 0x29, 0xcc, 0xff, 0xff, 0x29, 0xcc, 0xff, 0xff,
    0x29, 0xcc, 0xff, 0xff, 0x29, 0xcc, 0xff, 0xff, 0x29, 0xcc, 0xff, 0xff,
    0x29, 0xcc, 0xff, 0xff, 0x29, 0xcc, 0xff, 0xff, 0x29, 0xcc, 0xff, 0xff,
    0x29, 0xcc, 0xff, 0xff, 0x29, 0xcc, 0xff, 0xff, 0x29, 0xcc, 0xff, 0xff,
    0x29, 0xcc, 0xff, 0xff, 0x29, 0xcc, 0xff, 0xff, 0x29, 0xcc, 0xff, 0xff,
    0x29, 0xcc, 0xff, 0xff, 0x29, 0xcc, 0xff, 0xff, 0x29, 0xcc, 0xff, 0xff,
    0x29, 0xcc, 0xff, 0xff, 0x29, 0xcc, 0xff, 0xff, 0x29, 0xcc, 0xff, 0xff,
    0x29, 0xcc, 0xff, 0xff, 0x29, 0xcc, 0xff, 0xff, 0x29, 0xcc, 0xff, 0xff,
    0x29, 0xcc, 0xff, 0xff, 0x29, 0xcc, 0xff, 0xff, 0x29, 0xcc, 0xff, 0xff,
    0x29, 0xcc, 0xff, 0xff, 0x29, 0xcc, 0xff, 0xff, 0x29, 0xcc, 0xff, 0xff,
    0x29, 0xcc, 0xff, 0xff, 0x29, 0xcc, 0xff, 0xff, 0x29, 0xcc, 0xff, 0xff,
    0x29, 0xcc, 0xff, 0xff, 0x29, 0xcc, 0xff, 0xff, 0x29, 0xcc, 0xff, 0xff,
    0x29, 0xcc, 0xff, 0xff, 0x29, 0xcc, 0xff, 0xff, 0x29, 0xcc, 0xff, 0xff,
    0x29, 0xcc, 0xff, 0xff, 0x29, 0xcc, 0xff, 0xff, 0x29, 0xcc, 0xff, 0xff,
    0x29, 0xcc, 0xff, 0xff, 0x29, 0xcc, 0xff, 0xff, 0x29, 0xcc, 0xff, 0xff,
    0x29, 0xcc, 0xff, 0xff, 0x29, 0xcc, 0xff, 0xff, 0x29, 0xcc, 0xff, 0xff,
    0x29, 0xcc, 0xff, 0xff, 0x29, 0xcc, 0xff, 0xff, 0x29, 0xcc, 0xff, 0xff,
    0x29, 0xcc, 0xff, 0xff, 0x29, 0xcc, 0xff, 0xff, 0x29, 0xcc, 0xff, 0xff,
    0x29, 0xcc, 0xff, 0xff, 0x29, 0xcc, 0xff, 0xff, 0x29, 0xcc, 0xff, 0xff,
    0x29, 0xcc, 0xff, 0xff, 0x29, 0xcc, 0xff, 0xff, 0x29, 0xcc, 0xff, 0xff,
    0x29, 0xcc, 0xff, 0xff, 0x29, 0xcc, 0xff, 0xff, 0x29, 0xcc, 0xff, 0xff,
    0x29, 0xcc, 0xff, 0xff, 0x29, 0xcc, 0xff, 0xff, 0x29, 0xcc, 0xff, 0xff,
    0x29, 0xcc, 0xff, 0xff, 0x29, 0xcc, 0xff, 0xff, 0x29, 0xcc, 0xff, 0xff,
    0x29, 0xcc, 0xff, 0xff, 0x29, 0xcc, 0xff, 0xff, 0x29, 0xcc, 0xff, 0xff,
    0x29, 0xcc, 0xff, 0xff, 0x29, 0xcc, 0xff, 0xff, 0x29, 0xcc, 0xff, 0xff,
    0x29, 0xcc, 0xff, 0xff, 0x29, 0xcc, 0xff, 0xff, 0x29, 0xcc, 0xff, 0xff,
    0x29, 0xcc, 0xff, 0xff, 0x29, 0xcc, 0xff, 0xff, 0x29, 0xcc, 0xff, 0xff,
    0x29, 0xcc, 0xff, 0xff, 0x29, 0xcc, 0xff, 0xff, 0x29, 0xcc, 0xff, 0xff,
    0x29, 0xcc, 0xff, 0xff, 0x29, 0xcc, 0xff, 0xff, 0x29, 0xcc, 0xff, 0xff,
    0x29, 0xcc, 0xff, 0xff, 0x29, 0xcc, 0xff, 0xff, 0x29, 0xcc, 0xff, 0xff,
    0x29, 0xcc, 0xff, 0xff, 0x29, 0xcc, 0xff, 0xff, 0x29, 0xcc, 0xff, 0xff,
    0x29, 0xcc, 0xff, 0xff, 0x29, 0xcc, 0xff, 0xff, 0x29, 0xcc, 0xff, 0xff,
    0x29, 0xcc, 0xff, 0xff, 0x29, 0xcc, 0xff, 0xff, 0x29, 0xcc, 0xff, 0xff,
    0x29, 0xcc, 0xff, 0xff, 0x29, 0xcc, 0xff, 0xff, 0x29, 0xcc, 0xff, 0xff,
    0x29, 0xcc, 0xff, 0xff, 0x29, 0xcc, 0xff, 0xff, 0x29, 0xcc, 0xff, 0xff,
    0x28, 0xca, 0xfd, 0x55, 0x29, 0xcc, 0xfe, 0xa9, 0x29, 0xcc, 0xff, 0xff,
    0x29, 0xcc, 0xff, 0xff, 0x29, 0xcc, 0xff, 0xff, 0x29, 0xcc, 0xff, 0xff,
    0x29, 0xcc, 0xff, 0xff, 0x29, 0xcc, 0xff, 0xff, 0x29, 0xcc, 0xff, 0xff,
    0x29, 0xcc, 0xff, 0xff, 0x29, 0xcc, 0xff, 0xff, 0x29, 0xcc, 0xff, 0xff,
    0x29, 0xcc, 0xff, 0xff, 0x29, 0xcc, 0xff, 0xff, 0x29, 0xcc, 0xff, 0xff,
    0x29, 0xcc, 0xff, 0xff, 0x29, 0xcc, 0xff, 0xff, 0x29, 0xcc, 0xff, 0xff,
    0x29, 0xcc, 0xff, 0xff, 0x29, 0xcc, 0xff, 0xff, 0x29, 0xcc, 0xff, 0xff,
    0x29, 0xcc, 0xff, 0xff, 0x29, 0xcc, 0xff, 0xff, 0x29, 0xcc, 0xff, 0xff,
    0x29, 0xcc, 0xff, 0xff, 0x29, 0xcc, 0xff, 0xff, 0x29, 0xcc, 0xff, 0xff,
    0x29, 0xcc, 0xff, 0xff, 0x29, 0xcc, 0xff, 0xff, 0x29, 0xcc, 0xff, 0xff,
    0x29, 0xcc, 0xff, 0xff, 0x29, 0xcc, 0xff, 0xff, 0x29, 0xcc, 0xff, 0xff,
    0x29, 0xcc, 0xff, 0xff, 0x29, 0xcc, 0xff, 0xff, 0x29, 0xcc, 0xff, 0xff,
    0x29, 0xcc, 0xff, 0xff, 0x29, 0xcc, 0xff, 0xff, 0x29, 0xcc, 0xff, 0xff,
    0x29, 0xcc, 0xff, 0xff, 0x29, 0xcc, 0xff, 0xff, 0x29, 0xcc, 0xff, 0xff,
    0x29, 0xcc, 0xff, 0xff, 0x29, 0xcc, 0xff, 0xff, 0x29, 0xcc, 0xff, 0xff,
    0x29, 0xcc, 0xff, 0xff, 0x29, 0xcc, 0xff, 0xff, 0x29, 0xcc, 0xff, 0xff,
    0x29, 0xcc, 0xff, 0xff, 0x29, 0xcc, 0xff, 0xff, 0x29, 0xcc, 0xff, 0xff,
    0x29, 0xcc, 0xff, 0xff, 0x29, 0xcc, 0xff, 0xff, 0x29, 0xcc, 0xff, 0xff,
    0x29, 0xcc, 0xff, 0xff, 0x29, 0xcc, 0xff, 0xff, 0x29, 0xcc, 0xff, 0xff,
    0x29, 0xcc, 0xff, 0xff, 0x29, 0xcc, 0xff, 0xff, 0x29, 0xcc, 0xff, 0xff,
    0x29, 0xcc, 0xff, 0xff, 0x29, 0xcc, 0xff, 0xff, 0x29, 0xcc, 0xff, 0xff,
    0x29, 0xcc, 0xff, 0xff, 0x29, 0xcc, 0xff, 0xff, 0x29, 0xcc, 0xff, 0xff,
    0x29, 0xcc, 0xff, 0xff, 0x29, 0xcc, 0xff, 0xff, 0x29, 0xcc, 0xff, 0xff,
    0x29, 0xcc, 0xff, 0xff, 0x29, 0xcc, 0xff, 0xff, 0x29, 0xcc, 0xff, 0xff,
    0x29, 0xcc, 0xff, 0xff, 0x29, 0xcc, 0xff, 0xff, 0x29, 0xcc, 0xff, 0xff,
    0x29, 0xcc, 0xff, 0xff, 0x29, 0xcc, 0xff, 0xff, 0x29, 0xcc, 0xff, 0xff,
    0x29, 0xcc, 0xff, 0xff, 0x29, 0xcc, 0xff, 0xff, 0x29, 0xcc, 0xff, 0xff,
    0x29, 0xcc, 0xff, 0xff, 0x29, 0xcc, 0xff, 0xff, 0x29, 0xcc, 0xff, 0xff,
    0x29, 0xcc, 0xff, 0xff, 0x29, 0xcc, 0xff, 0xff, 0x29, 0xcc, 0xff, 0xff,
    0x29, 0xcc, 0xff, 0xff, 0x29, 0xcc, 0xff, 0xff, 0x29, 0xcc, 0xff, 0xff,
    0x29, 0xcc, 0xff, 0xff, 0x29, 0xcc, 0xff, 0xff, 0x29, 0xcc, 0xff, 0xff,
    0x29, 0xcc, 0xff, 0xff, 0x29, 0xcc, 0xff, 0xff, 0x29, 0xcc, 0xff, 0xff,
    0x29, 0xcc, 0xff, 0xff, 0x29, 0xcc, 0xff, 0xff, 0x29, 0xcc, 0xff, 0xff,
    0x29, 0xcc, 0xff, 0xff, 0x29, 0xcc, 0xff, 0xff, 0x29, 0xcc, 0xff, 0xff,
    0x29, 0xcc, 0xff, 0xff, 0x29, 0xcc, 0xff, 0xff, 0x29, 0xcc, 0xff, 0xff,
    0x29, 0xcc, 0xff, 0xff, 0x29, 0xcc, 0xff, 0xff, 0x29, 0xcc, 0xff, 0xff,
    0x29, 0xcc, 0xff, 0xff, 0x29, 0xcc, 0xff, 0xff, 0x29, 0xcc, 0xff, 0xff,
    0x29, 0xcc, 0xff, 0xff, 0x29, 0xcc, 0xff, 0xff, 0x29, 0xcc, 0xff, 0xff,
    0x29, 0xcc, 0xff, 0xff, 0x29, 0xcc, 0xff, 0xff, 0x29, 0xcc, 0xff, 0xff,
    0x29, 0xcc, 0xff, 0xff, 0x29, 0xcc, 0xff, 0xff, 0x29, 0xcc, 0xff, 0xff,
    0x29, 0xcc, 0xff, 0xff, 0x29, 0xcc, 0xff, 0xff, 0x29, 0xcc, 0xff, 0xff,
    0x29, 0xcc, 0xff, 0xff, 0x29, 0xcc, 0xff, 0xff, 0x29, 0xcc, 0xff, 0xff,
    0x29, 0xcc, 0xff, 0xff, 0x29, 0xcc, 0xff, 0xff, 0x29, 0xcc, 0xff, 0xff,
    0x29, 0xcc, 0xff, 0xff, 0x29, 0xcc, 0xff, 0xff, 0x29, 0xcc, 0xff, 0xff,
    0x29, 0xcc, 0xff, 0xff, 0x29, 0xcc, 0xff, 0xff, 0x29, 0xcc, 0xff, 0xff,
    0x29, 0xcc, 0xff, 0xff, 0x29, 0xcc, 0xff, 0xff, 0x29, 0xcc, 0xff, 0xff,
    0x29, 0xcc, 0xff, 0xff, 0x29, 0xcc, 0xff, 0xff, 0x29, 0xcc, 0xff, 0xff,
    0x29, 0xcc, 0xff, 0xff, 0x29, 0xcc, 0xff, 0xff, 0x29, 0xcc, 0xff, 0xff,
    0x29, 0xcc, 0xff, 0xff, 0x29, 0xcc, 0xff, 0xff, 0x29, 0xcc, 0xff, 0xff,
    0x29, 0xcc, 0xff, 0xff, 0x29, 0xcc, 0xff, 0xff, 0x29, 0xcc, 0xff, 0xff,
    0x29, 0xcc, 0xff, 0xff, 0x28, 0xca, 0xfd, 0x55, 0x29, 0xcc, 0xfe, 0xa9,
    0x29, 0xcc, 0xff, 0xff, 0x29, 0xcc, 0xff, 0xff, 0x29, 0xcc, 0xff, 0xff,
    0x29, 0xcc, 0xff, 0xff, 0x29, 0xcc, 0xff, 0xff, 0x29, 0xcc, 0xff, 0xff,
    0x29, 0xcc, 0xff, 0xff, 0x29, 0xcc, 0xff, 0xff, 0x29, 0xcc, 0xff, 0xff,
    0x29, 0xcc, 0xff, 0xff, 0x29, 0xcc, 0xff, 0xff, 0x29, 0xcc, 0xff, 0xff,
    0x29, 0xcc, 0xff, 0xff, 0x29, 0xcc, 0xff, 0xff, 0x29, 0xcc, 0xff, 0xff,
    0x29, 0xcc, 0xff, 0xff, 0x29, 0xcc, 0xff, 0xff, 0x29, 0xcc, 0xff, 0xff,
    0x29, 0xcc, 0xff, 0xff, 0x29, 0xcc, 0xff, 0xff, 0x29, 0xcc, 0xff, 0xff,
    0x29, 0xcc, 0xff, 0xff, 0x29, 0xcc, 0xff, 0xff, 0x29, 0xcc, 0xff, 0xff,
    0x29, 0xcc, 0xff, 0xff, 0x29, 0xcc, 0xff, 0xff, 0x29, 0xcc, 0xff, 0xff,
    0x29, 0xcc, 0xff, 0xff, 0x29, 0xcc, 0xff, 0xff, 0x29, 0xcc, 0xff, 0xff,
    0x29, 0xcc, 0xff, 0xff, 0x29, 0xcc, 0xff, 0xff, 0x29, 0xcc, 0xff, 0xff,
    0x29, 0xcc, 0xff, 0xff, 0x29, 0xcc, 0xff, 0xff, 0x29, 0xcc, 0xff, 0xff,
    0x29, 0xcc, 0xff, 0xff, 0x29, 0xcc, 0xff, 0xff, 0x29, 0xcc, 0xff, 0xff,
    0x29, 0xcc, 0xff, 0xff, 0x29, 0xcc, 0xff, 0xff, 0x29, 0xcc, 0xff, 0xff,
    0x29, 0xcc, 0xff, 0xff, 0x29, 0xcc, 0xff, 0xff, 0x29, 0xcc, 0xff, 0xff,
    0x29, 0xcc, 0xff, 0xff, 0x29, 0xcc, 0xff, 0xff, 0x29, 0xcc, 0xff, 0xff,
    0x29, 0xcc, 0xff, 0xff, 0x29, 0xcc, 0xff, 0xff, 0x29, 0xcc, 0xff, 0xff,
    0x29, 0xcc, 0xff, 0xff, 0x29, 0xcc, 0xff, 0xff, 0x29, 0xcc, 0xff, 0xff,
    0x29, 0xcc, 0xff, 0xff, 0x29, 0xcc, 0xff, 0xff, 0x29, 0xcc, 0xff, 0xff,
    0x29, 0xcc, 0xff, 0xff, 0x29, 0xcc, 0xff, 0xff, 0x29, 0xcc, 0xff, 0xff,
    0x29, 0xcc, 0xff, 0xff, 0x29, 0xcc, 0xff, 0xff, 0x29, 0xcc, 0xff, 0xff,
    0x29, 0xcc, 0xff, 0xff, 0x29, 0xcc, 0xff, 0xff, 0x29, 0xcc, 0xff, 0xff,
    0x29, 0xcc, 0xff, 0xff, 0x29, 0xcc, 0xff, 0xff, 0x29, 0xcc, 0xff, 0xff,
    0x29, 0xcc, 0xff, 0xff, 0x29, 0xcc, 0xff, 0xff, 0x29, 0xcc, 0xff, 0xff,
    0x29, 0xcc, 0xff, 0xff, 0x29, 0xcc, 0xff, 0xff, 0x29, 0xcc, 0xff, 0xff,
    0x29, 0xcc, 0xff, 0xff, 0x29, 0xcc, 0xff, 0xff, 0x29, 0xcc, 0xff, 0xff,
    0x29, 0xcc, 0xff, 0xff, 0x29, 0xcc, 0xff, 0xff, 0x29, 0xcc, 0xff, 0xff,
    0x29, 0xcc, 0xff, 0xff, 0x29, 0xcc, 0xff, 0xff, 0x29, 0xcc, 0xff, 0xff,
    0x29, 0xcc, 0xff, 0xff, 0x29, 0xcc, 0xff, 0xff, 0x29, 0xcc, 0xff, 0xff,
    0x29, 0xcc, 0xff, 0xff, 0x29, 0xcc, 0xff, 0xff, 0x29, 0xcc, 0xff, 0xff,
    0x29, 0xcc, 0xff, 0xff, 0x29, 0xcc, 0xff, 0xff, 0x29, 0xcc, 0xff, 0xff,
    0x29, 0xcc, 0xff, 0xff, 0x29, 0xcc, 0xff, 0xff, 0x29, 0xcc, 0xff, 0xff,
    0x29, 0xcc, 0xff, 0xff, 0x29, 0xcc, 0xff, 0xff, 0x29, 0xcc, 0xff, 0xff,
    0x29, 0xcc, 0xff, 0xff, 0x29, 0xcc, 0xff, 0xff, 0x29, 0xcc, 0xff, 0xff,
    0x29, 0xcc, 0xff, 0xff, 0x29, 0xcc, 0xff, 0xff, 0x29, 0xcc, 0xff, 0xff,
    0x29, 0xcc, 0xff, 0xff, 0x29, 0xcc, 0xff, 0xff, 0x29, 0xcc, 0xff, 0xff,
    0x29, 0xcc, 0xff, 0xff, 0x29, 0xcc, 0xff, 0xff, 0x29, 0xcc, 0xff, 0xff,
    0x29, 0xcc, 0xff, 0xff, 0x29, 0xcc, 0xff, 0xff, 0x29, 0xcc, 0xff, 0xff,
    0x29, 0xcc, 0xff, 0xff, 0x29, 0xcc, 0xff, 0xff, 0x29, 0xcc, 0xff, 0xff,
    0x29, 0xcc, 0xff, 0xff, 0x29, 0xcc, 0xff, 0xff, 0x29, 0xcc, 0xff, 0xff,
    0x29, 0xcc, 0xff, 0xff, 0x29, 0xcc, 0xff, 0xff, 0x29, 0xcc, 0xff, 0xff,
    0x29, 0xcc, 0xff, 0xff, 0x29, 0xcc, 0xff, 0xff, 0x29, 0xcc, 0xff, 0xff,
    0x29, 0xcc, 0xff, 0xff, 0x29, 0xcc, 0xff, 0xff, 0x29, 0xcc, 0xff, 0xff,
    0x29, 0xcc, 0xff, 0xff, 0x29, 0xcc, 0xff, 0xff, 0x29, 0xcc, 0xff, 0xff,
    0x29, 0xcc, 0xff, 0xff, 0x29, 0xcc, 0xff, 0xff, 0x29, 0xcc, 0xff, 0xff,
    0x29, 0xcc, 0xff, 0xff, 0x29, 0xcc, 0xff, 0xff, 0x29, 0xcc, 0xff, 0xff,
    0x29, 0xcc, 0xff, 0xff, 0x29, 0xcc, 0xff, 0xff, 0x29, 0xcc, 0xff, 0xff,
    0x29, 0xcc, 0xff, 0xff, 0x29, 0xcc, 0xff, 0xff, 0x29, 0xcc, 0xff, 0xff,
    0x29, 0xcc, 0xff, 0xff, 0x29, 0xcc, 0xff, 0xff, 0x29, 0xcc, 0xff, 0xff,
    0x29, 0xcc, 0xff, 0xff, 0x29, 0xcc, 0xff, 0xff, 0x28, 0xca, 0xfd, 0x55,
    0x29, 0xcc, 0xfe, 0x9f, 0x29, 0xcc, 0xff, 0xff, 0x29, 0xcc, 0xff, 0xff,
    0x29, 0xcc, 0xff, 0xff, 0x29, 0xcc, 0xff, 0xff, 0x29, 0xcc, 0xff, 0xff,
    0x29, 0xcc, 0xff, 0xff, 0x29, 0xcc, 0xff, 0xff, 0x29, 0xcc, 0xff, 0xff,
    0x29, 0xcc, 0xff, 0xff, 0x29, 0xcc, 0xff, 0xff, 0x29, 0xcc, 0xff, 0xff,
    0x29, 0xcc, 0xff, 0xff, 0x29, 0xcc, 0xff, 0xff, 0x29, 0xcc, 0xff, 0xff,
    0x29, 0xcc, 0xff, 0xff, 0x29, 0xcc, 0xff, 0xff, 0x29, 0xcc, 0xff, 0xff,
    0x29, 0xcc, 0xff, 0xff, 0x29, 0xcc, 0xff, 0xff, 0x29, 0xcc, 0xff, 0xff,
    0x29, 0xcc, 0xff, 0xff, 0x29, 0xcc, 0xff, 0xff, 0x29, 0xcc, 0xff, 0xff,
    0x29, 0xcc, 0xff, 0xff, 0x29, 0xcc, 0xff, 0xff, 0x29, 0xcc, 0xff, 0xff,
    0x29, 0xcc, 0xff, 0xff, 0x29, 0xcc, 0xff, 0xff, 0x29, 0xcc, 0xff, 0xff,
    0x29, 0xcc, 0xff, 0xff, 0x29, 0xcc, 0xff, 0xff, 0x29, 0xcc, 0xff, 0xff,
    0x29, 0xcc, 0xff, 0xff, 0x29, 0xcc, 0xff, 0xff, 0x29, 0xcc, 0xff, 0xff,
    0x29, 0xcc, 0xff, 0xff, 0x29, 0xcc, 0xff, 0xff, 0x29, 0xcc, 0xff, 0xff,
    0x29, 0xcc, 0xff, 0xff, 0x29, 0xcc, 0xff, 0xff, 0x29, 0xcc, 0xff, 0xff,
    0x29, 0xcc, 0xff, 0xff, 0x29, 0xcc, 0xff, 0xff, 0x29, 0xcc, 0xff, 0xff,
    0x29, 0xcc, 0xff, 0xff, 0x29, 0xcc, 0xff, 0xff, 0x29, 0xcc, 0xff, 0xff,
    0x29, 0xcc, 0xff, 0xff, 0x29, 0xcc, 0xff, 0xff, 0x29, 0xcc, 0xff, 0xff,
    0x29, 0xcc, 0xff, 0xff, 0x29, 0xcc, 0xff, 0xff, 0x29, 0xcc, 0xff, 0xff,
    0x29, 0xcc, 0xff, 0xff, 0x29, 0xcc, 0xff, 0xff, 0x29, 0xcc, 0xff, 0xff,
    0x29, 0xcc, 0xff, 0xff, 0x29, 0xcc, 0xff, 0xff, 0x29, 0xcc, 0xff, 0xff,
    0x29, 0xcc, 0xff, 0xff, 0x29, 0xcc, 0xff, 0xff, 0x29, 0xcc, 0xff, 0xff,
    0x29, 0xcc, 0xff, 0xff, 0x29, 0xcc, 0xff, 0xff, 0x29, 0xcc, 0xff, 0xff,
    0x29, 0xcc, 0xff, 0xff, 0x29, 0xcc, 0xff, 0xff, 0x29, 0xcc, 0xff, 0xff,
    0x29, 0xcc, 0xff, 0xff, 0x29, 0xcc, 0xff, 0xff, 0x29, 0xcc, 0xff, 0xff,
    0x29, 0xcc, 0xff, 0xff, 0x29, 0xcc, 0xff, 0xff, 0x29, 0xcc, 0xff, 0xff,
    0x29, 0xcc, 0xff, 0xff, 0x29, 0xcc, 0xff, 0xff, 0x29, 0xcc, 0xff, 0xff,
    0x29, 0xcc, 0xff, 0xff, 0x29, 0xcc, 0xff, 0xff, 0x29, 0xcc, 0xff, 0xff,
    0x29, 0xcc, 0xff, 0xff, 0x29, 0xcc, 0xff, 0xff, 0x29, 0xcc, 0xff, 0xff,
    0x29, 0xcc, 0xff, 0xff, 0x29, 0xcc, 0xff, 0xff, 0x29, 0xcc, 0xff, 0xff,
    0x29, 0xcc, 0xff, 0xff, 0x29, 0xcc, 0xff, 0xff, 0x29, 0xcc, 0xff, 0xff,
    0x29, 0xcc, 0xff, 0xff, 0x29, 0xcc, 0xff, 0xff, 0x29, 0xcc, 0xff, 0xff,
    0x29, 0xcc, 0xff, 0xff, 0x29, 0xcc, 0xff, 0xff, 0x29, 0xcc, 0xff, 0xff,
    0x29, 0xcc, 0xff, 0xff, 0x29, 0xcc, 0xff, 0xff, 0x29, 0xcc, 0xff, 0xff,
    0x29, 0xcc, 0xff, 0xff, 0x29, 0xcc, 0xff, 0xff, 0x29, 0xcc, 0xff, 0xff,
    0x29, 0xcc, 0xff, 0xff, 0x29, 0xcc, 0xff, 0xff, 0x29, 0xcc, 0xff, 0xff,
    0x29, 0xcc, 0xff, 0xff, 0x29, 0xcc, 0xff, 0xff, 0x29, 0xcc, 0xff, 0xff,
    0x29, 0xcc, 0xff, 0xff, 0x29, 0xcc, 0xff, 0xff, 0x29, 0xcc, 0xff, 0xff,
    0x29, 0xcc, 0xff, 0xff, 0x29, 0xcc, 0xff, 0xff, 0x29, 0xcc, 0xff, 0xff,
    0x29, 0xcc, 0xff, 0xff, 0x29, 0xcc, 0xff, 0xff, 0x29, 0xcc, 0xff, 0xff,
    0x29, 0xcc, 0xff, 0xff, 0x29, 0xcc, 0xff, 0xff, 0x29, 0xcc, 0xff, 0xff,
    0x29, 0xcc, 0xff, 0xff, 0x29, 0xcc, 0xff, 0xff, 0x29, 0xcc, 0xff, 0xff,
    0x29, 0xcc, 0xff, 0xff, 0x29, 0xcc, 0xff, 0xff, 0x29, 0xcc, 0xff, 0xff,
    0x29, 0xcc, 0xff, 0xff, 0x29, 0xcc, 0xff, 0xff, 0x29, 0xcc, 0xff, 0xff,
    0x29, 0xcc, 0xff, 0xff, 0x29, 0xcc, 0xff, 0xff, 0x29, 0xcc, 0xff, 0xff,
    0x29, 0xcc, 0xff, 0xff, 0x29, 0xcc, 0xff, 0xff, 0x29, 0xcc, 0xff, 0xff,
    0x29, 0xcc, 0xff, 0xff, 0x29, 0xcc, 0xff, 0xff, 0x29, 0xcc, 0xff, 0xff,
    0x29, 0xcc, 0xff, 0xff, 0x29, 0xcc, 0xff, 0xff, 0x29, 0xcc, 0xff, 0xff,
    0x29, 0xcc, 0xff, 0xff, 0x29, 0xcc, 0xff, 0xff, 0x29, 0xcc, 0xff, 0xff,
    0x29, 0xcc, 0xff, 0xff, 0x29, 0xcc, 0xff, 0xff, 0x29, 0xcc, 0xff, 0xff,
    0x29, 0xcc, 0xff, 0xff, 0x29, 0xcc, 0xff, 0xff, 0x29, 0xcc, 0xff, 0xff,
    0x27, 0xc9, 0xfc, 0x4b, 0x29, 0xcc, 0xfd, 0x7b, 0x29, 0xcc, 0xff, 0xff,
    0x29, 0xcc, 0xff, 0xff, 0x29, 0xcc, 0xff, 0xff, 0x29, 0xcc, 0xff, 0xff,
    0x29, 0xcc, 0xff, 0xff, 0x29, 0xcc, 0xff, 0xff, 0x29, 0xcc, 0xff, 0xff,
    0x29, 0xcc, 0xff, 0xff, 0x29, 0xcc, 0xff, 0xff, 0x29, 0xcc, 0xff, 0xff,
    0x29, 0xcc, 0xff, 0xff, 0x29, 0xcc, 0xff, 0xff, 0x29, 0xcc, 0xff, 0xff,
    0x29, 0xcc, 0xff, 0xff, 0x29, 0xcc, 0xff, 0xff, 0x29, 0xcc, 0xff, 0xff,
    0x29, 0xcc, 0xff, 0xff, 0x29, 0xcc, 0xff, 0xff, 0x29, 0xcc, 0xff, 0xff,
    0x29, 0xcc, 0xff, 0xff, 0x29, 0xcc, 0xff, 0xff, 0x29, 0xcc, 0xff, 0xff,
    0x29, 0xcc, 0xff, 0xff, 0x29, 0xcc, 0xff, 0xff, 0x29, 0xcc, 0xff, 0xff,
    0x29, 0xcc, 0xff, 0xff, 0x29, 0xcc, 0xff, 0xff, 0x29, 0xcc, 0xff, 0xff,
    0x29, 0xcc, 0xff, 0xff, 0x29, 0xcc, 0xff, 0xff, 0x29, 0xcc, 0xff, 0xff,
    0x29, 0xcc, 0xff, 0xff, 0x29, 0xcc, 0xff, 0xff, 0x29, 0xcc, 0xff, 0xff,
    0x29, 0xcc, 0xff, 0xff, 0x29, 0xcc, 0xff, 0xff, 0x29, 0xcc, 0xff, 0xff,
    0x29, 0xcc, 0xff, 0xff, 0x29, 0xcc, 0xff, 0xff, 0x29, 0xcc, 0xff, 0xff,
    0x29, 0xcc, 0xff, 0xff, 0x29, 0xcc, 0xff, 0xff, 0x29, 0xcc, 0xff, 0xff,
    0x29, 0xcc, 0xff, 0xff, 0x29, 0xcc, 0xff, 0xff, 0x29, 0xcc, 0xff, 0xff,
    0x29, 0xcc, 0xff, 0xff, 0x29, 0xcc, 0xff, 0xff, 0x29, 0xcc, 0xff, 0xff,
    0x29, 0xcc, 0xff, 0xff, 0x29, 0xcc, 0xff, 0xff, 0x29, 0xcc, 0xff, 0xff,
    0x29, 0xcc, 0xff, 0xff, 0x29, 0xcc, 0xff, 0xff, 0x29, 0xcc, 0xff, 0xff,
    0x29, 0xcc, 0xff, 0xff, 0x29, 0xcc, 0xff, 0xff, 0x29, 0xcc, 0xff, 0xff,
    0x29, 0xcc, 0xff, 0xff, 0x29, 0xcc, 0xff, 0xff, 0x29, 0xcc, 0xff, 0xff,
    0x29, 0xcc, 0xff, 0xff, 0x29, 0xcc, 0xff, 0xff, 0x29, 0xcc, 0xff, 0xff,
    0x29, 0xcc, 0xff, 0xff, 0x29, 0xcc, 0xff, 0xff, 0x29, 0xcc, 0xff, 0xff,
    0x29, 0xcc, 0xff, 0xff, 0x29, 0xcc, 0xff, 0xff, 0x29, 0xcc, 0xff, 0xff,
    0x29, 0xcc, 0xff, 0xff, 0x29, 0xcc, 0xff, 0xff, 0x29, 0xcc, 0xff, 0xff,
    0x29, 0xcc, 0xff, 0xff, 0x29, 0xcc, 0xff, 0xff, 0x29, 0xcc, 0xff, 0xff,
    0x29, 0xcc, 0xff, 0xff, 0x29, 0xcc, 0xff, 0xff, 0x29, 0xcc, 0xff, 0xff,
    0x29, 0xcc, 0xff, 0xff, 0x29, 0xcc, 0xff, 0xff, 0x29, 0xcc, 0xff, 0xff,
    0x29, 0xcc, 0xff, 0xff, 0x29, 0xcc, 0xff, 0xff, 0x29, 0xcc, 0xff, 0xff,
    0x29, 0xcc, 0xff, 0xff, 0x29, 0xcc, 0xff, 0xff, 0x29, 0xcc, 0xff, 0xff,
    0x29, 0xcc, 0xff, 0xff, 0x29, 0xcc, 0xff, 0xff, 0x29, 0xcc, 0xff, 0xff,
    0x29, 0xcc, 0xff, 0xff, 0x29, 0xcc, 0xff, 0xff, 0x29, 0xcc, 0xff, 0xff,
    0x29, 0xcc, 0xff, 0xff, 0x29, 0xcc, 0xff, 0xff, 0x29, 0xcc, 0xff, 0xff,
    0x29, 0xcc, 0xff, 0xff, 0x29, 0xcc, 0xff, 0xff, 0x29, 0xcc, 0xff, 0xff,
    0x29, 0xcc, 0xff, 0xff, 0x29, 0xcc, 0xff, 0xff, 0x29, 0xcc, 0xff, 0xff,
    0x29, 0xcc, 0xff, 0xff, 0x29, 0xcc, 0xff, 0xff, 0x29, 0xcc, 0xff, 0xff,
    0x29, 0xcc, 0xff, 0xff, 0x29, 0xcc, 0xff, 0xff, 0x29, 0xcc, 0xff, 0xff,
    0x29, 0xcc, 0xff, 0xff, 0x29, 0xcc, 0xff, 0xff, 0x29, 0xcc, 0xff, 0xff,
    0x29, 0xcc, 0xff, 0xff, 0x29, 0xcc, 0xff, 0xff, 0x29, 0xcc, 0xff, 0xff,
    0x29, 0xcc, 0xff, 0xff, 0x29, 0xcc, 0xff, 0xff, 0x29, 0xcc, 0xff, 0xff,
    0x29, 0xcc, 0xff, 0xff, 0x29, 0xcc, 0xff, 0xff, 0x29, 0xcc, 0xff, 0xff,
    0x29, 0xcc, 0xff, 0xff, 0x29, 0xcc, 0xff, 0xff, 0x29, 0xcc, 0xff, 0xff,
    0x29, 0xcc, 0xff, 0xff, 0x29, 0xcc, 0xff, 0xff, 0x29, 0xcc, 0xff, 0xff,
    0x29, 0xcc, 0xff, 0xff, 0x29, 0xcc, 0xff, 0xff, 0x29, 0xcc, 0xff, 0xff,
    0x29, 0xcc, 0xff, 0xff, 0x29, 0xcc, 0xff, 0xff, 0x29, 0xcc, 0xff, 0xff,
    0x29, 0xcc, 0xff, 0xff, 0x29, 0xcc, 0xff, 0xff, 0x29, 0xcc, 0xff, 0xff,
    0x29, 0xcc, 0xff, 0xff, 0x29, 0xcc, 0xff, 0xff, 0x29, 0xcc, 0xff, 0xff,
    0x29, 0xcc, 0xff, 0xff, 0x29, 0xcc, 0xff, 0xff, 0x29, 0xcc, 0xff, 0xff,
    0x29, 0xcc, 0xff, 0xff, 0x29, 0xcc, 0xff, 0xff, 0x29, 0xcc, 0xff, 0xff,
    0x29, 0xcc, 0xff, 0xff, 0x29, 0xcc, 0xff, 0xff, 0x29, 0xcc, 0xff, 0xff,
    0x29, 0xcc, 0xff, 0xff, 0x29, 0xcb, 0xf9, 0x27, 0x26, 0xc8, 0xfb, 0x37,
    0x29, 0xcc, 0xff, 0xff, 0x29, 0xcc, 0xff, 0xff, 0x29, 0xcc, 0xff, 0xff,
    0x29, 0xcc, 0xff, 0xff, 0x29, 0xcc, 0xff, 0xff, 0x29, 0xcc, 0xff, 0xff,
    0x29, 0xcc, 0xff, 0xff, 0x29, 0xcc, 0xff, 0xff, 0x29, 0xcc, 0xff, 0xff,
    0x29, 0xcc, 0xff, 0xff, 0x29, 0xcc, 0xff, 0xff, 0x29, 0xcc, 0xff, 0xff,
    0x29, 0xcc, 0xff, 0xff, 0x29, 0xcc, 0xff, 0xff, 0x29, 0xcc, 0xff, 0xff,
    0x29, 0xcc, 0xff, 0xff, 0x29, 0xcc, 0xff, 0xff, 0x29, 0xcc, 0xff, 0xff,
    0x29, 0xcc, 0xff, 0xff, 0x29, 0xcc, 0xff, 0xff, 0x29, 0xcc, 0xff, 0xff,
    0x29, 0xcc, 0xff, 0xff, 0x29, 0xcc, 0xff, 0xff, 0x29, 0xcc, 0xff, 0xff,
    0x29, 0xcc, 0xff, 0xff, 0x29, 0xcc, 0xff, 0xff, 0x29, 0xcc, 0xff, 0xff,
    0x29, 0xcc, 0xff, 0xff, 0x29, 0xcc, 0xff, 0xff, 0x29, 0xcc, 0xff, 0xff,
    0x29, 0xcc, 0xff, 0xff, 0x29, 0xcc, 0xff, 0xff, 0x29, 0xcc, 0xff, 0xff,
    0x29, 0xcc, 0xff, 0xff, 0x29, 0xcc, 0xff, 0xff, 0x29, 0xcc, 0xff, 0xff,
    0x29, 0xcc, 0xff, 0xff, 0x29, 0xcc, 0xff, 0xff, 0x29, 0xcc, 0xff, 0xff,
    0x29, 0xcc, 0xff, 0xff, 0x29, 0xcc, 0xff, 0xff, 0x29, 0xcc, 0xff, 0xff,
    0x29, 0xcc, 0xff, 0xff, 0x29, 0xcc, 0xff, 0xff, 0x29, 0xcc, 0xff, 0xff,
    0x29, 0xcc, 0xff, 0xff, 0x29, 0xcc, 0xff, 0xff, 0x29, 0xcc, 0xff, 0xff,
    0x29, 0xcc, 0xff, 0xff, 0x29, 0xcc, 0xff, 0xff, 0x29, 0xcc, 0xff, 0xff,
    0x29, 0xcc, 0xff, 0xff, 0x29, 0xcc, 0xff, 0xff, 0x29, 0xcc, 0xff, 0xff,
    0x29, 0xcc, 0xff, 0xff, 0x29, 0xcc, 0xff, 0xff, 0x29, 0xcc, 0xff, 0xff,
    0x29, 0xcc, 0xff, 0xff, 0x29, 0xcc, 0xff, 0xff, 0x29, 0xcc, 0xff, 0xff,
    0x29, 0xcc, 0xff, 0xff, 0x29, 0xcc, 0xff, 0xff, 0x29, 0xcc, 0xff, 0xff,
    0x29, 0xcc, 0xff, 0xff, 0x29, 0xcc, 0xff, 0xff, 0x29, 0xcc, 0xff, 0xff,
    0x29, 0xcc, 0xff, 0xff, 0x29, 0xcc, 0xff, 0xff, 0x29, 0xcc, 0xff, 0xff,
    0x29, 0xcc, 0xff, 0xff, 0x29, 0xcc, 0xff, 0xff, 0x29, 0xcc, 0xff, 0xff,
    0x29, 0xcc, 0xff, 0xff, 0x29, 0xcc, 0xff, 0xff, 0x29, 0xcc, 0xff, 0xff,
    0x29, 0xcc, 0xff, 0xff, 0x29, 0xcc, 0xff, 0xff, 0x29, 0xcc, 0xff, 0xff,
    0x29, 0xcc, 0xff, 0xff, 0x29, 0xcc, 0xff, 0xff, 0x29, 0xcc, 0xff, 0xff,
    0x29, 0xcc, 0xff, 0xff, 0x29, 0xcc, 0xff, 0xff, 0x29, 0xcc, 0xff, 0xff,
    0x29, 0xcc, 0xff, 0xff, 0x29, 0xcc, 0xff, 0xff, 0x29, 0xcc, 0xff, 0xff,
    0x29, 0xcc, 0xff, 0xff, 0x29, 0xcc, 0xff, 0xff, 0x29, 0xcc, 0xff, 0xff,
    0x29, 0xcc, 0xff, 0xff, 0x29, 0xcc, 0xff, 0xff, 0x29, 0xcc, 0xff, 0xff,
    0x29, 0xcc, 0xff, 0xff, 0x29, 0xcc, 0xff, 0xff, 0x29, 0xcc, 0xff, 0xff,
    0x29, 0xcc, 0xff, 0xff, 0x29, 0xcc, 0xff, 0xff, 0x29, 0xcc, 0xff, 0xff,
    0x29, 0xcc, 0xff, 0xff, 0x29, 0xcc, 0xff, 0xff, 0x29, 0xcc, 0xff, 0xff,
    0x29, 0xcc, 0xff, 0xff, 0x29, 0xcc, 0xff, 0xff, 0x29, 0xcc, 0xff, 0xff,
    0x29, 0xcc, 0xff, 0xff, 0x29, 0xcc, 0xff, 0xff, 0x29, 0xcc, 0xff, 0xff,
    0x29, 0xcc, 0xff, 0xff, 0x29, 0xcc, 0xff, 0xff, 0x29, 0xcc, 0xff, 0xff,
    0x29, 0xcc, 0xff, 0xff, 0x29, 0xcc, 0xff, 0xff, 0x29, 0xcc, 0xff, 0xff,
    0x29, 0xcc, 0xff, 0xff, 0x29, 0xcc, 0xff, 0xff, 0x29, 0xcc, 0xff, 0xff,
    0x29, 0xcc, 0xff, 0xff, 0x29, 0xcc, 0xff, 0xff, 0x29, 0xcc, 0xff, 0xff,
    0x29, 0xcc, 0xff, 0xff, 0x29, 0xcc, 0xff, 0xff, 0x29, 0xcc, 0xff, 0xff,
    0x29, 0xcc, 0xff, 0xff, 0x29, 0xcc, 0xff, 0xff, 0x29, 0xcc, 0xff, 0xff,
    0x29, 0xcc, 0xff, 0xff, 0x29, 0xcc, 0xff, 0xff, 0x29, 0xcc, 0xff, 0xff,
    0x29, 0xcc, 0xff, 0xff, 0x29, 0xcc, 0xff, 0xff, 0x29, 0xcc, 0xff, 0xff,
    0x29, 0xcc, 0xff, 0xff, 0x29, 0xcc, 0xff, 0xff, 0x29, 0xcc, 0xff, 0xff,
    0x29, 0xcc, 0xff, 0xff, 0x29, 0xcc, 0xff, 0xff, 0x29, 0xcc, 0xff, 0xff,
    0x29, 0xcc, 0xff, 0xff, 0x29, 0xcc, 0xff, 0xff, 0x29, 0xcc, 0xff, 0xff,
    0x29, 0xcc, 0xff, 0xff, 0x29, 0xcc, 0xff, 0xff, 0x29, 0xcc, 0xff, 0xff,
    0x29, 0xcc, 0xff, 0xff, 0x29, 0xcc, 0xff, 0xff, 0x29, 0xcc, 0xff, 0xff,
    0x29, 0xcc, 0xff, 0xff, 0x29, 0xcc, 0xfe, 0xe1, 0x01, 0x01, 0x01, 0x01,
    0xff, 0xff, 0xff, 0x00, 0x28, 0xcc, 0xfe, 0xcb, 0x29, 0xcc, 0xff, 0xff,
    0x29, 0xcc, 0xff, 0xff, 0x29, 0xcc, 0xff, 0xff, 0x29, 0xcc, 0xff, 0xff,
    0x29, 0xcc, 0xff, 0xff, 0x29, 0xcc, 0xff, 0xff, 0x29, 0xcc, 0xff, 0xff,
    0x29, 0xcc, 0xff, 0xff, 0x29, 0xcc, 0xff, 0xff, 0x29, 0xcc, 0xff, 0xff,
    0x29, 0xcc, 0xff, 0xff, 0x29, 0xcc, 0xff, 0xff, 0x29, 0xcc, 0xff, 0xff,
    0x29, 0xcc, 0xff, 0xff, 0x29, 0xcc, 0xff, 0xff, 0x29, 0xcc, 0xff, 0xff,
    0x29, 0xcc, 0xff, 0xff, 0x29, 0xcc, 0xff, 0xff, 0x29, 0xcc, 0xff, 0xff,
    0x29, 0xcc, 0xff, 0xff, 0x29, 0xcc, 0xff, 0xff, 0x29, 0xcc, 0xff, 0xff,
    0x29, 0xcc, 0xff, 0xff, 0x29, 0xcc, 0xff, 0xff, 0x29, 0xcc, 0xff, 0xff,
    0x29, 0xcc, 0xff, 0xff, 0x29, 0xcc, 0xff, 0xff, 0x29, 0xcc, 0xff, 0xff,
    0x29, 0xcc, 0xff, 0xff, 0x29, 0xcc, 0xff, 0xff, 0x29, 0xcc, 0xff, 0xff,
    0x29, 0xcc, 0xff, 0xff, 0x29, 0xcc, 0xff, 0xff, 0x29, 0xcc, 0xff, 0xff,
    0x29, 0xcc, 0xff, 0xff, 0x29, 0xcc, 0xff, 0xff, 0x29, 0xcc, 0xff, 0xff,
    0x29, 0xcc, 0xff, 0xff, 0x29, 0xcc, 0xff, 0xff, 0x29, 0xcc, 0xff, 0xff,
    0x29, 0xcc, 0xff, 0xff, 0x29, 0xcc, 0xff, 0xff, 0x29, 0xcc, 0xff, 0xff,
    0x29, 0xcc, 0xff, 0xff, 0x29, 0xcc, 0xff, 0xff, 0x29, 0xcc, 0xff, 0xff,
    0x29, 0xcc, 0xff, 0xff, 0x29, 0xcc, 0xff, 0xff, 0x29, 0xcc, 0xff, 0xff,
    0x29, 0xcc, 0xff, 0xff, 0x29, 0xcc, 0xff, 0xff, 0x29, 0xcc, 0xff, 0xff,
    0x29, 0xcc, 0xff, 0xff, 0x29, 0xcc, 0xff, 0xff, 0x29, 0xcc, 0xff, 0xff,
    0x29, 0xcc, 0xff, 0xff, 0x29, 0xcc, 0xff, 0xff, 0x29, 0xcc, 0xff, 0xff,
    0x29, 0xcc, 0xff, 0xff, 0x29, 0xcc, 0xff, 0xff, 0x29, 0xcc, 0xff, 0xff,
    0x29, 0xcc, 0xff, 0xff, 0x29, 0xcc, 0xff, 0xff, 0x29, 0xcc, 0xff, 0xff,
    0x29, 0xcc, 0xff, 0xff, 0x29, 0xcc, 0xff, 0xff, 0x29, 0xcc, 0xff, 0xff,
    0x29, 0xcc, 0xff, 0xff, 0x29, 0xcc, 0xff, 0xff, 0x29, 0xcc, 0xff, 0xff,
    0x29, 0xcc, 0xff, 0xff, 0x29, 0xcc, 0xff, 0xff, 0x29, 0xcc, 0xff, 0xff,
    0x29, 0xcc, 0xff, 0xff, 0x29, 0xcc, 0xff, 0xff, 0x29, 0xcc, 0xff, 0xff,
    0x29, 0xcc, 0xff, 0xff, 0x29, 0xcc, 0xff, 0xff, 0x29, 0xcc, 0xff, 0xff,
    0x29, 0xcc, 0xff, 0xff, 0x29, 0xcc, 0xff, 0xff, 0x29, 0xcc, 0xff, 0xff,
    0x29, 0xcc, 0xff, 0xff, 0x29, 0xcc, 0xff, 0xff, 0x29, 0xcc, 0xff, 0xff,
    0x29, 0xcc, 0xff, 0xff, 0x29, 0xcc, 0xff, 0xff, 0x29, 0xcc, 0xff, 0xff,
    0x29, 0xcc, 0xff, 0xff, 0x29, 0xcc, 0xff, 0xff, 0x29, 0xcc, 0xff, 0xff,
    0x29, 0xcc, 0xff, 0xff, 0x29, 0xcc, 0xff, 0xff, 0x29, 0xcc, 0xff, 0xff,
    0x29, 0xcc, 0xff, 0xff, 0x29, 0xcc, 0xff, 0xff, 0x29, 0xcc, 0xff, 0xff,
    0x29, 0xcc, 0xff, 0xff, 0x29, 0xcc, 0xff, 0xff, 0x29, 0xcc, 0xff, 0xff,
    0x29, 0xcc, 0xff, 0xff, 0x29, 0xcc, 0xff, 0xff, 0x29, 0xcc, 0xff, 0xff,
    0x29, 0xcc, 0xff, 0xff, 0x29, 0xcc, 0xff, 0xff, 0x29, 0xcc, 0xff, 0xff,
    0x29, 0xcc, 0xff, 0xff, 0x29, 0xcc, 0xff, 0xff, 0x29, 0xcc, 0xff, 0xff,
    0x29, 0xcc, 0xff, 0xff, 0x29, 0xcc, 0xff, 0xff, 0x29, 0xcc, 0xff, 0xff,
    0x29, 0xcc, 0xff, 0xff, 0x29, 0xcc, 0xff, 0xff, 0x29, 0xcc, 0xff, 0xff,
    0x29, 0xcc, 0xff, 0xff, 0x29, 0xcc, 0xff, 0xff, 0x29, 0xcc, 0xff, 0xff,
    0x29, 0xcc, 0xff, 0xff, 0x29, 0xcc, 0xff, 0xff, 0x29, 0xcc, 0xff, 0xff,
    0x29, 0xcc, 0xff, 0xff, 0x29, 0xcc, 0xff, 0xff, 0x29, 0xcc, 0xff, 0xff,
    0x29, 0xcc, 0xff, 0xff, 0x29, 0xcc, 0xff, 0xff, 0x29, 0xcc, 0xff, 0xff,
    0x29, 0xcc, 0xff, 0xff, 0x29, 0xcc, 0xff, 0xff, 0x29, 0xcc, 0xff, 0xff,
    0x29, 0xcc, 0xff, 0xff, 0x29, 0xcc, 0xff, 0xff, 0x29, 0xcc, 0xff, 0xff,
    0x29, 0xcc, 0xff, 0xff, 0x29, 0xcc, 0xff, 0xff, 0x29, 0xcc, 0xff, 0xff,
    0x29, 0xcc, 0xff, 0xff, 0x29, 0xcc, 0xff, 0xff, 0x29, 0xcc, 0xff, 0xff,
    0x29, 0xcc, 0xff, 0xff, 0x29, 0xcc, 0xff, 0xff, 0x29, 0xcc, 0xff, 0xff,
    0x29, 0xcc, 0xff, 0xff, 0x29, 0xcc, 0xff, 0xff, 0x29, 0xcc, 0xff, 0xff,
    0x29, 0xcc, 0xff, 0xff, 0x29, 0xcc, 0xff, 0xff, 0x28, 0xcc, 0xfd, 0x77,
    0xff, 0xff, 0xff, 0x00, 0xff, 0xff, 0xff, 0x00, 0x25, 0xca, 0xfb, 0x39,
    0x29, 0xcc, 0xfe, 0xfb, 0x29, 0xcc, 0xff, 0xff, 0x29, 0xcc, 0xff, 0xff,
    0x29, 0xcc, 0xff, 0xff, 0x29, 0xcc, 0xff, 0xff, 0x29, 0xcc, 0xff, 0xff,
    0x29, 0xcc, 0xff, 0xff, 0x29, 0xcc, 0xff, 0xff, 0x29, 0xcc, 0xff, 0xff,
    0x29, 0xcc, 0xff, 0xff, 0x29, 0xcc, 0xff, 0xff, 0x29, 0xcc, 0xff, 0xff,
    0x29, 0xcc, 0xff, 0xff, 0x29, 0xcc, 0xff, 0xff, 0x29, 0xcc, 0xff, 0xff,
    0x29, 0xcc, 0xff, 0xff, 0x29, 0xcc, 0xff, 0xff, 0x29, 0xcc, 0xff, 0xff,
    0x29, 0xcc, 0xff, 0xff, 0x29, 0xcc, 0xff, 0xff, 0x29, 0xcc, 0xff, 0xff,
    0x29, 0xcc, 0xff, 0xff, 0x29, 0xcc, 0xff, 0xff, 0x29, 0xcc, 0xff, 0xff,
    0x29, 0xcc, 0xff, 0xff, 0x29, 0xcc, 0xff, 0xff, 0x29, 0xcc, 0xff, 0xff,
    0x29, 0xcc, 0xff, 0xff, 0x29, 0xcc, 0xff, 0xff, 0x29, 0xcc, 0xff, 0xff,
    0x29, 0xcc, 0xff, 0xff, 0x29, 0xcc, 0xff, 0xff, 0x29, 0xcc, 0xff, 0xff,
    0x29, 0xcc, 0xff, 0xff, 0x29, 0xcc, 0xff, 0xff, 0x29, 0xcc, 0xff, 0xff,
    0x29, 0xcc, 0xff, 0xff, 0x29, 0xcc, 0xff, 0xff, 0x29, 0xcc, 0xff, 0xff,
    0x29, 0xcc, 0xff, 0xff, 0x29, 0xcc, 0xff, 0xff, 0x29, 0xcc, 0xff, 0xff,
    0x29, 0xcc, 0xff, 0xff, 0x29, 0xcc, 0xff, 0xff, 0x29, 0xcc, 0xff, 0xff,
    0x29, 0xcc, 0xff, 0xff, 0x29, 0xcc, 0xff, 0xff, 0x29, 0xcc, 0xff, 0xff,
    0x29, 0xcc, 0xff, 0xff, 0x29, 0xcc, 0xff, 0xff, 0x29, 0xcc, 0xff, 0xff,
    0x29, 0xcc, 0xff, 0xff, 0x29, 0xcc, 0xff, 0xff, 0x29, 0xcc, 0xff, 0xff,
    0x29, 0xcc, 0xff, 0xff, 0x29, 0xcc, 0xff, 0xff, 0x29, 0xcc, 0xff, 0xff,
    0x29, 0xcc, 0xff, 0xff, 0x29, 0xcc, 0xff, 0xff, 0x29, 0xcc, 0xff, 0xff,
    0x29, 0xcc, 0xff, 0xff, 0x29, 0xcc, 0xff, 0xff, 0x29, 0xcc, 0xff, 0xff,
    0x29, 0xcc, 0xff, 0xff, 0x29, 0xcc, 0xff, 0xff, 0x29, 0xcc, 0xff, 0xff,
    0x29, 0xcc, 0xff, 0xff, 0x29, 0xcc, 0xff, 0xff, 0x29, 0xcc, 0xff, 0xff,
    0x29, 0xcc, 0xff, 0xff, 0x29, 0xcc, 0xff, 0xff, 0x29, 0xcc, 0xff, 0xff,
    0x29, 0xcc, 0xff, 0xff, 0x29, 0xcc, 0xff, 0xff, 0x29, 0xcc, 0xff, 0xff,
    0x29, 0xcc, 0xff, 0xff, 0x29, 0xcc, 0xff, 0xff, 0x29, 0xcc, 0xff, 0xff,
    0x29, 0xcc, 0xff, 0xff, 0x29, 0xcc, 0xff, 0xff, 0x29, 0xcc, 0xff, 0xff,
    0x29, 0xcc, 0xff, 0xff, 0x29, 0xcc, 0xff, 0xff, 0x29, 0xcc, 0xff, 0xff,
    0x29, 0xcc, 0xff, 0xff, 0x29, 0xcc, 0xff, 0xff, 0x29, 0xcc, 0xff, 0xff,
    0x29, 0xcc, 0xff, 0xff, 0x29, 0xcc, 0xff, 0xff, 0x29, 0xcc, 0xff, 0xff,
    0x29, 0xcc, 0xff, 0xff, 0x29, 0xcc, 0xff, 0xff, 0x29, 0xcc, 0xff, 0xff,
    0x29, 0xcc, 0xff, 0xff, 0x29, 0xcc, 0xff, 0xff, 0x29, 0xcc, 0xff, 0xff,
    0x29, 0xcc, 0xff, 0xff, 0x29, 0xcc, 0xff, 0xff, 0x29, 0xcc, 0xff, 0xff,
    0x29, 0xcc, 0xff, 0xff, 0x29, 0xcc, 0xff, 0xff, 0x29, 0xcc, 0xff, 0xff,
    0x29, 0xcc, 0xff, 0xff, 0x29, 0xcc, 0xff, 0xff, 0x29, 0xcc, 0xff, 0xff,
    0x29, 0xcc, 0xff, 0xff, 0x29, 0xcc, 0xff, 0xff, 0x29, 0xcc, 0xff, 0xff,
    0x29, 0xcc, 0xff, 0xff, 0x29, 0xcc, 0xff, 0xff, 0x29, 0xcc, 0xff, 0xff,
    0x29, 0xcc, 0xff, 0xff, 0x29, 0xcc, 0xff, 0xff, 0x29, 0xcc, 0xff, 0xff,
    0x29, 0xcc, 0xff, 0xff, 0x29, 0xcc, 0xff, 0xff, 0x29, 0xcc, 0xff, 0xff,
    0x29, 0xcc, 0xff, 0xff, 0x29, 0xcc, 0xff, 0xff, 0x29, 0xcc, 0xff, 0xff,
    0x29, 0xcc, 0xff, 0xff, 0x29, 0xcc, 0xff, 0xff, 0x29, 0xcc, 0xff, 0xff,
    0x29, 0xcc, 0xff, 0xff, 0x29, 0xcc, 0xff, 0xff, 0x29, 0xcc, 0xff, 0xff,
    0x29, 0xcc, 0xff, 0xff, 0x29, 0xcc, 0xff, 0xff, 0x29, 0xcc, 0xff, 0xff,
    0x29, 0xcc, 0xff, 0xff, 0x29, 0xcc, 0xff, 0xff, 0x29, 0xcc, 0xff, 0xff,
    0x29, 0xcc, 0xff, 0xff, 0x29, 0xcc, 0xff, 0xff, 0x29, 0xcc, 0xff, 0xff,
    0x29, 0xcc, 0xff, 0xff, 0x29, 0xcc, 0xff, 0xff, 0x29, 0xcc, 0xff, 0xff,
    0x29, 0xcc, 0xff, 0xff, 0x29, 0xcc, 0xff, 0xff, 0x29, 0xcc, 0xff, 0xff,
    0x29, 0xcc, 0xff, 0xff, 0x29, 0xcc, 0xff, 0xff, 0x29, 0xcc, 0xff, 0xff,
    0x29, 0xcc, 0xff, 0xff, 0x29, 0xcc, 0xff, 0xff, 0x29, 0xcc, 0xfe, 0xd8,
    0x1e, 0xc7, 0xe3, 0x09, 0xff, 0xff, 0xff, 0x00, 0xff, 0xff, 0xff, 0x00,
    0xff, 0xff, 0xff, 0x00, 0x29, 0xcc, 0xfd, 0x67, 0x29, 0xcc, 0xfe, 0xfe,
    0x29, 0xcc, 0xff, 0xff, 0x29, 0xcc, 0xff, 0xff, 0x29, 0xcc, 0xff, 0xff,
    0x29, 0xcc, 0xff, 0xff, 0x29, 0xcc, 0xff, 0xff, 0x29, 0xcc, 0xff, 0xff,
    0x29, 0xcc, 0xff, 0xff, 0x29, 0xcc, 0xff, 0xff, 0x29, 0xcc, 0xff, 0xff,
    0x29, 0xcc, 0xff, 0xff, 0x29, 0xcc, 0xff, 0xff, 0x29, 0xcc, 0xff, 0xff,
    0x29, 0xcc, 0xff, 0xff, 0x29, 0xcc, 0xff, 0xff, 0x29, 0xcc, 0xff, 0xff,
    0x29, 0xcc, 0xff, 0xff, 0x29, 0xcc, 0xff, 0xff, 0x29, 0xcc, 0xff, 0xff,
    0x29, 0xcc, 0xff, 0xff, 0x29, 0xcc, 0xff, 0xff, 0x29, 0xcc, 0xff, 0xff,
    0x29, 0xcc, 0xff, 0xff, 0x29, 0xcc, 0xff, 0xff, 0x29, 0xcc, 0xff, 0xff,
    0x29, 0xcc, 0xff, 0xff, 0x29, 0xcc, 0xff, 0xff, 0x29, 0xcc, 0xff, 0xff,
    0x29, 0xcc, 0xff, 0xff, 0x29, 0xcc, 0xff, 0xff, 0x29, 0xcc, 0xff, 0xff,
    0x29, 0xcc, 0xff, 0xff, 0x29, 0xcc, 0xff, 0xff, 0x29, 0xcc, 0xff, 0xff,
    0x29, 0xcc, 0xff, 0xff, 0x29, 0xcc, 0xff, 0xff, 0x29, 0xcc, 0xff, 0xff,
    0x29, 0xcc, 0xff, 0xff, 0x29, 0xcc, 0xff, 0xff, 0x29, 0xcc, 0xff, 0xff,
    0x29, 0xcc, 0xff, 0xff, 0x29, 0xcc, 0xff, 0xff, 0x29, 0xcc, 0xff, 0xff,
    0x29, 0xcc, 0xff, 0xff, 0x29, 0xcc, 0xff, 0xff, 0x29, 0xcc, 0xff, 0xff,
    0x29, 0xcc, 0xff, 0xff, 0x29, 0xcc, 0xff, 0xff, 0x29, 0xcc, 0xff, 0xff,
    0x29, 0xcc, 0xff, 0xff, 0x29, 0xcc, 0xff, 0xff, 0x29, 0xcc, 0xff, 0xff,
    0x29, 0xcc, 0xff, 0xff, 0x29, 0xcc, 0xff, 0xff, 0x29, 0xcc, 0xff, 0xff,
    0x29, 0xcc, 0xff, 0xff, 0x29, 0xcc, 0xff, 0xff, 0x29, 0xcc, 0xff, 0xff,
    0x29, 0xcc, 0xff, 0xff, 0x29, 0xcc, 0xff, 0xff, 0x29, 0xcc, 0xff, 0xff,
    0x29, 0xcc, 0xff, 0xff, 0x29, 0xcc, 0xff, 0xff, 0x29, 0xcc, 0xff, 0xff,
    0x29, 0xcc, 0xff, 0xff, 0x29, 0xcc, 0xff, 0xff, 0x29, 0xcc, 0xff, 0xff,
    0x29, 0xcc, 0xff, 0xff, 0x29, 0xcc, 0xff, 0xff, 0x29, 0xcc, 0xff, 0xff,
    0x29, 0xcc, 0xff, 0xff, 0x29, 0xcc, 0xff, 0xff, 0x29, 0xcc, 0xff, 0xff,
    0x29, 0xcc, 0xff, 0xff, 0x29, 0xcc, 0xff, 0xff, 0x29, 0xcc, 0xff, 0xff,
    0x29, 0xcc, 0xff, 0xff, 0x29, 0xcc, 0xff, 0xff, 0x29, 0xcc, 0xff, 0xff,
    0x29, 0xcc, 0xff, 0xff, 0x29, 0xcc, 0xff, 0xff, 0x29, 0xcc, 0xff, 0xff,
    0x29, 0xcc, 0xff, 0xff, 0x29, 0xcc, 0xff, 0xff, 0x29, 0xcc, 0xff, 0xff,
    0x29, 0xcc, 0xff, 0xff, 0x29, 0xcc, 0xff, 0xff, 0x29, 0xcc, 0xff, 0xff,
    0x29, 0xcc, 0xff, 0xff, 0x29, 0xcc, 0xff, 0xff, 0x29, 0xcc, 0xff, 0xff,
    0x29, 0xcc, 0xff, 0xff, 0x29, 0xcc, 0xff, 0xff, 0x29, 0xcc, 0xff, 0xff,
    0x29, 0xcc, 0xff, 0xff, 0x29, 0xcc, 0xff, 0xff, 0x29, 0xcc, 0xff, 0xff,
    0x29, 0xcc, 0xff, 0xff, 0x29, 0xcc, 0xff, 0xff, 0x29, 0xcc, 0xff, 0xff,
    0x29, 0xcc, 0xff, 0xff, 0x29, 0xcc, 0xff, 0xff, 0x29, 0xcc, 0xff, 0xff,
    0x29, 0xcc, 0xff, 0xff, 0x29, 0xcc, 0xff, 0xff, 0x29, 0xcc, 0xff, 0xff,
    0x29, 0xcc, 0xff, 0xff, 0x29, 0xcc, 0xff, 0xff, 0x29, 0xcc, 0xff, 0xff,
    0x29, 0xcc, 0xff, 0xff, 0x29, 0xcc, 0xff, 0xff, 0x29, 0xcc, 0xff, 0xff,
    0x29, 0xcc, 0xff, 0xff, 0x29, 0xcc, 0xff, 0xff, 0x29, 0xcc, 0xff, 0xff,
    0x29, 0xcc, 0xff, 0xff, 0x29, 0xcc, 0xff, 0xff, 0x29, 0xcc, 0xff, 0xff,
    0x29, 0xcc, 0xff, 0xff, 0x29, 0xcc, 0xff, 0xff, 0x29, 0xcc, 0xff, 0xff,
    0x29, 0xcc, 0xff, 0xff, 0x29, 0xcc, 0xff, 0xff, 0x29, 0xcc, 0xff, 0xff,
    0x29, 0xcc, 0xff, 0xff, 0x29, 0xcc, 0xff, 0xff, 0x29, 0xcc, 0xff, 0xff,
    0x29, 0xcc, 0xff, 0xff, 0x29, 0xcc, 0xff, 0xff, 0x29, 0xcc, 0xff, 0xff,
    0x29, 0xcc, 0xff, 0xff, 0x29, 0xcc, 0xff, 0xff, 0x29, 0xcc, 0xff, 0xff,
    0x29, 0xcc, 0xff, 0xff, 0x29, 0xcc, 0xff, 0xff, 0x29, 0xcc, 0xff, 0xff,
    0x29, 0xcc, 0xff, 0xff, 0x29, 0xcc, 0xff, 0xff, 0x29, 0xcc, 0xff, 0xff,
    0x29, 0xcc, 0xff, 0xff, 0x29, 0xcc, 0xff, 0xff, 0x29, 0xcc, 0xff, 0xff,
    0x29, 0xcc, 0xff, 0xff, 0x29, 0xcc, 0xff, 0xff, 0x29, 0xcc, 0xfe, 0xe9,
    0x28, 0xc6, 0xf9, 0x28, 0xff, 0xff, 0xff, 0x00, 0xff, 0xff, 0xff, 0x00,
    0xff, 0xff, 0xff, 0x00, 0xff, 0xff, 0xff, 0x00, 0xff, 0xff, 0xff, 0x00,
    0x29, 0xcc, 0xfc, 0x54, 0x29, 0xcc, 0xfe, 0xed, 0x29, 0xcc, 0xff, 0xff,
    0x29, 0xcc, 0xff, 0xff, 0x29, 0xcc, 0xff, 0xff, 0x29, 0xcc, 0xff, 0xff,
    0x29, 0xcc, 0xff, 0xff, 0x29, 0xcc, 0xff, 0xff, 0x29, 0xcc, 0xff, 0xff,
    0x29, 0xcc, 0xff, 0xff, 0x29, 0xcc, 0xff, 0xff, 0x29, 0xcc, 0xff, 0xff,
    0x29, 0xcc, 0xff, 0xff, 0x29, 0xcc, 0xff, 0xff, 0x29, 0xcc, 0xff, 0xff,
    0x29, 0xcc, 0xff, 0xff, 0x29, 0xcc, 0xff, 0xff, 0x29, 0xcc, 0xff, 0xff,
    0x29, 0xcc, 0xff, 0xff, 0x29, 0xcc, 0xff, 0xff, 0x29, 0xcc, 0xff, 0xff,
    0x29, 0xcc, 0xff, 0xff, 0x29, 0xcc, 0xff, 0xff, 0x29, 0xcc, 0xff, 0xff,
    0x29, 0xcc, 0xff, 0xff, 0x29, 0xcc, 0xff, 0xff, 0x29, 0xcc, 0xff, 0xff,
    0x29, 0xcc, 0xff, 0xff, 0x29, 0xcc, 0xff, 0xff, 0x29, 0xcc, 0xff, 0xff,
    0x29, 0xcc, 0xff, 0xff, 0x29, 0xcc, 0xff, 0xff, 0x29, 0xcc, 0xff, 0xff,
    0x29, 0xcc, 0xff, 0xff, 0x29, 0xcc, 0xff, 0xff, 0x29, 0xcc, 0xff, 0xff,
    0x29, 0xcc, 0xff, 0xff, 0x29, 0xcc, 0xff, 0xff, 0x29, 0xcc, 0xff, 0xff,
    0x29, 0xcc, 0xff, 0xff, 0x29, 0xcc, 0xff, 0xff, 0x29, 0xcc, 0xff, 0xff,
    0x29, 0xcc, 0xff, 0xff, 0x29, 0xcc, 0xff, 0xff, 0x29, 0xcc, 0xff, 0xff,
    0x29, 0xcc, 0xff, 0xff, 0x29, 0xcc, 0xff, 0xff, 0x29, 0xcc, 0xff, 0xff,
    0x29, 0xcc, 0xff, 0xff, 0x29, 0xcc, 0xff, 0xff, 0x29, 0xcc, 0xff, 0xff,
    0x29, 0xcc, 0xff, 0xff, 0x29, 0xcc, 0xff, 0xff, 0x29, 0xcc, 0xff, 0xff,
    0x29, 0xcc, 0xff, 0xff, 0x29, 0xcc, 0xff, 0xff, 0x29, 0xcc, 0xff, 0xff,
    0x29, 0xcc, 0xff, 0xff, 0x29, 0xcc, 0xff, 0xff, 0x29, 0xcc, 0xff, 0xff,
    0x29, 0xcc, 0xff, 0xff, 0x29, 0xcc, 0xff, 0xff, 0x29, 0xcc, 0xff, 0xff,
    0x29, 0xcc, 0xff, 0xff, 0x29, 0xcc, 0xff, 0xff, 0x29, 0xcc, 0xff, 0xff,
    0x29, 0xcc, 0xff, 0xff, 0x29, 0xcc, 0xff, 0xff, 0x29, 0xcc, 0xff, 0xff,
    0x29, 0xcc, 0xff, 0xff, 0x29, 0xcc, 0xff, 0xff, 0x29, 0xcc, 0xff, 0xff,
    0x29, 0xcc, 0xff, 0xff, 0x29, 0xcc, 0xff, 0xff, 0x29, 0xcc, 0xff, 0xff,
    0x29, 0xcc, 0xff, 0xff, 0x29, 0xcc, 0xff, 0xff, 0x29, 0xcc, 0xff, 0xff,
    0x29, 0xcc, 0xff, 0xff, 0x29, 0xcc, 0xff, 0xff, 0x29, 0xcc, 0xff, 0xff,
    0x29, 0xcc, 0xff, 0xff, 0x29, 0xcc, 0xff, 0xff, 0x29, 0xcc, 0xff, 0xff,
    0x29, 0xcc, 0xff, 0xff, 0x29, 0xcc, 0xff, 0xff, 0x29, 0xcc, 0xff, 0xff,
    0x29, 0xcc, 0xff, 0xff, 0x29, 0xcc, 0xff, 0xff, 0x29, 0xcc, 0xff, 0xff,
    0x29, 0xcc, 0xff, 0xff, 0x29, 0xcc, 0xff, 0xff, 0x29, 0xcc, 0xff, 0xff,
    0x29, 0xcc, 0xff, 0xff, 0x29, 0xcc, 0xff, 0xff, 0x29, 0xcc, 0xff, 0xff,
    0x29, 0xcc, 0xff, 0xff, 0x29, 0xcc, 0xff, 0xff, 0x29, 0xcc, 0xff, 0xff,
    0x29, 0xcc, 0xff, 0xff, 0x29, 0xcc, 0xff, 0xff, 0x29, 0xcc, 0xff, 0xff,
    0x29, 0xcc, 0xff, 0xff, 0x29, 0xcc, 0xff, 0xff, 0x29, 0xcc, 0xff, 0xff,
    0x29, 0xcc, 0xff, 0xff, 0x29, 0xcc, 0xff, 0xff, 0x29, 0xcc, 0xff, 0xff,
    0x29, 0xcc, 0xff, 0xff, 0x29, 0xcc, 0xff, 0xff, 0x29, 0xcc, 0xff, 0xff,
    0x29, 0xcc, 0xff, 0xff, 0x29, 0xcc, 0xff, 0xff, 0x29, 0xcc, 0xff, 0xff,
    0x29, 0xcc, 0xff, 0xff, 0x29, 0xcc, 0xff, 0xff, 0x29, 0xcc, 0xff, 0xff,
    0x29, 0xcc, 0xff, 0xff, 0x29, 0xcc, 0xff, 0xff, 0x29, 0xcc, 0xff, 0xff,
    0x29, 0xcc, 0xff, 0xff, 0x29, 0xcc, 0xff, 0xff, 0x29, 0xcc, 0xff, 0xff,
    0x29, 0xcc, 0xff, 0xff, 0x29, 0xcc, 0xff, 0xff, 0x29, 0xcc, 0xff, 0xff,
    0x29, 0xcc, 0xff, 0xff, 0x29, 0xcc, 0xff, 0xff, 0x29, 0xcc, 0xff, 0xff,
    0x29, 0xcc, 0xff, 0xff, 0x29, 0xcc, 0xff, 0xff, 0x29, 0xcc, 0xff, 0xff,
    0x29, 0xcc, 0xff, 0xff, 0x29, 0xcc, 0xff, 0xff, 0x29, 0xcc, 0xff, 0xff,
    0x29, 0xcc, 0xff, 0xff, 0x29, 0xcc, 0xff, 0xff, 0x29, 0xcc, 0xff, 0xff,
    0x29, 0xcc, 0xff, 0xff, 0x29, 0xcc, 0xff, 0xff, 0x29, 0xcc, 0xff, 0xff,
    0x29, 0xcc, 0xff, 0xff, 0x29, 0xcc, 0xff, 0xff, 0x28, 0xcc, 0xfe, 0xca,
    0x26, 0xc5, 0xf8, 0x23, 0xff, 0xff, 0xff, 0x00, 0xff, 0xff, 0xff, 0x00,
    0xff, 0xff, 0xff, 0x00, 0xff, 0xff, 0xff, 0x00, 0xff, 0xff, 0xff, 0x00,
    0xff, 0xff, 0xff, 0x00, 0xff, 0xff, 0xff, 0x00, 0x28, 0xc0, 0xf3, 0x14,
    0x28, 0xcb, 0xfd, 0x7e, 0x29, 0xcc, 0xfe, 0xd3, 0x29, 0xcc, 0xfe, 0xfd,
    0x29, 0xcc, 0xff, 0xff, 0x29, 0xcc, 0xff, 0xff, 0x29, 0xcc, 0xff, 0xff,
    0x29, 0xcc, 0xff, 0xff, 0x29, 0xcc, 0xff, 0xff, 0x29, 0xcc, 0xff, 0xff,
    0x29, 0xcc, 0xff, 0xff, 0x29, 0xcc, 0xff, 0xff, 0x29, 0xcc, 0xff, 0xff,
    0x29, 0xcc, 0xff, 0xff, 0x29, 0xcc, 0xff, 0xff, 0x29, 0xcc, 0xff, 0xff,
    0x29, 0xcc, 0xff, 0xff, 0x29, 0xcc, 0xff, 0xff, 0x29, 0xcc, 0xff, 0xff,
    0x29, 0xcc, 0xff, 0xff, 0x29, 0xcc, 0xff, 0xff, 0x29, 0xcc, 0xff, 0xff,
    0x29, 0xcc, 0xff, 0xff, 0x29, 0xcc, 0xff, 0xff, 0x29, 0xcc, 0xff, 0xff,
    0x29, 0xcc, 0xff, 0xff, 0x29, 0xcc, 0xff, 0xff, 0x29, 0xcc, 0xff, 0xff,
    0x29, 0xcc, 0xff, 0xff, 0x29, 0xcc, 0xff, 0xff, 0x29, 0xcc, 0xff, 0xff,
    0x29, 0xcc, 0xff, 0xff, 0x29, 0xcc, 0xff, 0xff, 0x29, 0xcc, 0xff, 0xff,
    0x29, 0xcc, 0xff, 0xff, 0x29, 0xcc, 0xff, 0xff, 0x29, 0xcc, 0xff, 0xff,
    0x29, 0xcc, 0xff, 0xff, 0x29, 0xcc, 0xff, 0xff, 0x29, 0xcc, 0xff, 0xff,
    0x29, 0xcc, 0xff, 0xff, 0x29, 0xcc, 0xff, 0xff, 0x29, 0xcc, 0xff, 0xff,
    0x29, 0xcc, 0xff, 0xff, 0x29, 0xcc, 0xff, 0xff, 0x29, 0xcc, 0xff, 0xff,
    0x29, 0xcc, 0xff, 0xff, 0x29, 0xcc, 0xff, 0xff, 0x29, 0xcc, 0xff, 0xff,
    0x29, 0xcc, 0xff, 0xff, 0x29, 0xcc, 0xff, 0xff, 0x29, 0xcc, 0xff, 0xff,
    0x29, 0xcc, 0xff, 0xff, 0x29, 0xcc, 0xff, 0xff, 0x29, 0xcc, 0xff, 0xff,
    0x29, 0xcc, 0xff, 0xff, 0x29, 0xcc, 0xff, 0xff, 0x29, 0xcc, 0xff, 0xff,
    0x29, 0xcc, 0xff, 0xff, 0x29, 0xcc, 0xff, 0xff, 0x29, 0xcc, 0xff, 0xff,
    0x29, 0xcc, 0xff, 0xff, 0x29, 0xcc, 0xff, 0xff, 0x29, 0xcc, 0xff, 0xff,
    0x29, 0xcc, 0xff, 0xff, 0x29, 0xcc, 0xff, 0xff, 0x29, 0xcc, 0xff, 0xff,
    0x29, 0xcc, 0xff, 0xff, 0x29, 0xcc, 0xff, 0xff, 0x29, 0xcc, 0xff, 0xff,
    0x29, 0xcc, 0xff, 0xff, 0x29, 0xcc, 0xff, 0xff, 0x29, 0xcc, 0xff, 0xff,
    0x29, 0xcc, 0xff, 0xff, 0x29, 0xcc, 0xff, 0xff, 0x29, 0xcc, 0xff, 0xff,
    0x29, 0xcc, 0xff, 0xff, 0x29, 0xcc, 0xff, 0xff, 0x29, 0xcc, 0xff, 0xff,
    0x29, 0xcc, 0xff, 0xff, 0x29, 0xcc, 0xff, 0xff, 0x29, 0xcc, 0xff, 0xff,
    0x29, 0xcc, 0xff, 0xff, 0x29, 0xcc, 0xff, 0xff, 0x29, 0xcc, 0xff, 0xff,
    0x29, 0xcc, 0xff, 0xff, 0x29, 0xcc, 0xff, 0xff, 0x29, 0xcc, 0xff, 0xff,
    0x29, 0xcc, 0xff, 0xff, 0x29, 0xcc, 0xff, 0xff, 0x29, 0xcc, 0xff, 0xff,
    0x29, 0xcc, 0xff, 0xff, 0x29, 0xcc, 0xff, 0xff, 0x29, 0xcc, 0xff, 0xff,
    0x29, 0xcc, 0xff, 0xff, 0x29, 0xcc, 0xff, 0xff, 0x29, 0xcc, 0xff, 0xff,
    0x29, 0xcc, 0xff, 0xff, 0x29, 0xcc, 0xff, 0xff, 0x29, 0xcc, 0xff, 0xff,
    0x29, 0xcc, 0xff, 0xff, 0x29, 0xcc, 0xff, 0xff, 0x29, 0xcc, 0xff, 0xff,
    0x29, 0xcc, 0xff, 0xff, 0x29, 0xcc, 0xff, 0xff, 0x29, 0xcc, 0xff, 0xff,
    0x29, 0xcc, 0xff, 0xff, 0x29, 0xcc, 0xff, 0xff, 0x29, 0xcc, 0xff, 0xff,
    0x29, 0xcc, 0xff, 0xff, 0x29, 0xcc, 0xff, 0xff, 0x29, 0xcc, 0xff, 0xff,
    0x29, 0xcc, 0xff, 0xff, 0x29, 0xcc, 0xff, 0xff, 0x29, 0xcc, 0xff, 0xff,
    0x29, 0xcc, 0xff, 0xff, 0x29, 0xcc, 0xff, 0xff, 0x29, 0xcc, 0xff, 0xff,
    0x29, 0xcc, 0xff, 0xff, 0x29, 0xcc, 0xff, 0xff, 0x29, 0xcc, 0xff, 0xff,
    0x29, 0xcc, 0xff, 0xff, 0x29, 0xcc, 0xff, 0xff, 0x29, 0xcc, 0xff, 0xff,
    0x29, 0xcc, 0xff, 0xff, 0x29, 0xcc, 0xff, 0xff, 0x29, 0xcc, 0xff, 0xff,
    0x29, 0xcc, 0xff, 0xff, 0x29, 0xcc, 0xff, 0xff, 0x29, 0xcc, 0xff, 0xff,
    0x29, 0xcc, 0xff, 0xff, 0x29, 0xcc, 0xff, 0xff, 0x29, 0xcc, 0xff, 0xff,
    0x29, 0xcc, 0xff, 0xff, 0x29, 0xcc, 0xff, 0xff, 0x29, 0xcc, 0xff, 0xff,
    0x29, 0xcc, 0xff, 0xff, 0x29, 0xcc, 0xff, 0xff, 0x29, 0xcc, 0xff, 0xff,
    0x29, 0xcc, 0xfe, 0xf6, 0x29, 0xcc, 0xfe, 0xbb, 0x29, 0xcc, 0xfd, 0x59,
    0x01, 0xab, 0xab, 0x03, 0xff, 0xff, 0xff, 0x00, 0xff, 0xff, 0xff, 0x00,
    0xff, 0xff, 0xff, 0x00, 0xff, 0xff, 0xff, 0x00, 0xff, 0xff, 0xff, 0x00,
    0xff, 0xff, 0xff, 0x00, 0xff, 0xff, 0xff, 0x00, 0xff, 0xff, 0xff, 0x00,
    0xff, 0xff, 0xff, 0x00, 0xff, 0xff, 0xff, 0x00, 0xff, 0xff, 0xff, 0x00,
    0x21, 0xc0, 0xe0, 0x08, 0x29, 0xc5, 0xf6, 0x1a, 0x26, 0xc9, 0xf6, 0x1c,
    0x26, 0xc9, 0xf6, 0x1c, 0x26, 0xc9, 0xf6, 0x1c, 0x26, 0xc9, 0xf6, 0x1c,
    0x26, 0xc9, 0xf6, 0x1c, 0x26, 0xc9, 0xf6, 0x1c, 0x26, 0xc9, 0xf6, 0x1c,
    0x26, 0xc9, 0xf6, 0x1c, 0x26, 0xc9, 0xf6, 0x1c, 0x26, 0xc9, 0xf6, 0x1c,
    0x26, 0xc9, 0xf6, 0x1c, 0x26, 0xc9, 0xf6, 0x1c, 0x26, 0xc9, 0xf6, 0x1c,
    0x26, 0xc9, 0xf6, 0x1c, 0x26, 0xc9, 0xf6, 0x1c, 0x26, 0xc9, 0xf6, 0x1c,
    0x26, 0xc9, 0xf6, 0x1c, 0x26, 0xc9, 0xf6, 0x1c, 0x26, 0xc9, 0xf6, 0x1c,
    0x26, 0xc9, 0xf6, 0x1c, 0x26, 0xc9, 0xf6, 0x1c, 0x26, 0xc9, 0xf6, 0x1c,
    0x26, 0xc9, 0xf6, 0x1c, 0x26, 0xc9, 0xf6, 0x1c, 0x26, 0xc9, 0xf6, 0x1c,
    0x26, 0xc9, 0xf6, 0x1c, 0x26, 0xc9, 0xf6, 0x1c, 0x26, 0xc9, 0xf6, 0x1c,
    0x26, 0xc9, 0xf6, 0x1c, 0x26, 0xc9, 0xf6, 0x1c, 0x26, 0xc9, 0xf6, 0x1c,
    0x26, 0xc9, 0xf6, 0x1c, 0x26, 0xc9, 0xf6, 0x1c, 0x26, 0xc9, 0xf6, 0x1c,
    0x26, 0xc9, 0xf6, 0x1c, 0x26, 0xc9, 0xf6, 0x1c, 0x26, 0xc9, 0xf6, 0x1c,
    0x26, 0xc9, 0xf6, 0x1c, 0x26, 0xc9, 0xf6, 0x1c, 0x26, 0xc9, 0xf6, 0x1c,
    0x26, 0xc9, 0xf6, 0x1c, 0x26, 0xc9, 0xf6, 0x1c, 0x26, 0xc9, 0xf6, 0x1c,
    0x26, 0xc9, 0xf6, 0x1c, 0x26, 0xc9, 0xf6, 0x1c, 0x26, 0xc9, 0xf6, 0x1c,
    0x26, 0xc9, 0xf6, 0x1c, 0x26, 0xc9, 0xf6, 0x1c, 0x26, 0xc9, 0xf6, 0x1c,
    0x26, 0xc9, 0xf6, 0x1c, 0x26, 0xc9, 0xf6, 0x1c, 0x26, 0xc9, 0xf6, 0x1c,
    0x26, 0xc9, 0xf6, 0x1c, 0x26, 0xc9, 0xf6, 0x1c, 0x26, 0xc9, 0xf6, 0x1c,
    0x26, 0xc9, 0xf6, 0x1c, 0x26, 0xc9, 0xf6, 0x1c, 0x26, 0xc9, 0xf6, 0x1c,
    0x26, 0xc9, 0xf6, 0x1c, 0x26, 0xc9, 0xf6, 0x1c, 0x26, 0xc9, 0xf6, 0x1c,
    0x26, 0xc9, 0xf6, 0x1c, 0x26, 0xc9, 0xf6, 0x1c, 0x26, 0xc9, 0xf6, 0x1c,
    0x26, 0xc9, 0xf6, 0x1c, 0x26, 0xc9, 0xf6, 0x1c, 0x26, 0xc9, 0xf6, 0x1c,
    0x26, 0xc9, 0xf6, 0x1c, 0x26, 0xc9, 0xf6, 0x1c, 0x26, 0xc9, 0xf6, 0x1c,
    0x26, 0xc9, 0xf6, 0x1c, 0x26, 0xc9, 0xf6, 0x1c, 0x26, 0xc9, 0xf6, 0x1c,
    0x26, 0xc9, 0xf6, 0x1c, 0x26, 0xc9, 0xf6, 0x1c, 0x26, 0xc9, 0xf6, 0x1c,
    0x26, 0xc9, 0xf6, 0x1c, 0x26, 0xc9, 0xf6, 0x1c, 0x26, 0xc9, 0xf6, 0x1c,
    0x26, 0xc9, 0xf6, 0x1c, 0x26, 0xc9, 0xf6, 0x1c, 0x26, 0xc9, 0xf6, 0x1c,
    0x26, 0xc9, 0xf6, 0x1c, 0x26, 0xc9, 0xf6, 0x1c, 0x26, 0xc9, 0xf6, 0x1c,
    0x26, 0xc9, 0xf6, 0x1c, 0x26, 0xc9, 0xf6, 0x1c, 0x26, 0xc9, 0xf6, 0x1c,
    0x26, 0xc9, 0xf6, 0x1c, 0x26, 0xc9, 0xf6, 0x1c, 0x26, 0xc9, 0xf6, 0x1c,
    0x26, 0xc9, 0xf6, 0x1c, 0x26, 0xc9, 0xf6, 0x1c, 0x26, 0xc9, 0xf6, 0x1c,
    0x26, 0xc9, 0xf6, 0x1c, 0x26, 0xc9, 0xf6, 0x1c, 0x26, 0xc9, 0xf6, 0x1c,
    0x26, 0xc9, 0xf6, 0x1c, 0x26, 0xc9, 0xf6, 0x1c, 0x26, 0xc9, 0xf6, 0x1c,
    0x26, 0xc9, 0xf6, 0x1c, 0x26, 0xc9, 0xf6, 0x1c, 0x26, 0xc9, 0xf6, 0x1c,
    0x26, 0xc9, 0xf6, 0x1c, 0x26, 0xc9, 0xf6, 0x1c, 0x26, 0xc9, 0xf6, 0x1c,
    0x26, 0xc9, 0xf6, 0x1c, 0x26, 0xc9, 0xf6, 0x1c, 0x26, 0xc9, 0xf6, 0x1c,
    0x26, 0xc9, 0xf6, 0x1c, 0x26, 0xc9, 0xf6, 0x1c, 0x26, 0xc9, 0xf6, 0x1c,
    0x26, 0xc9, 0xf6, 0x1c, 0x26, 0xc9, 0xf6, 0x1c, 0x26, 0xc9, 0xf6, 0x1c,
    0x26, 0xc9, 0xf6, 0x1c, 0x26, 0xc9, 0xf6, 0x1c, 0x26, 0xc9, 0xf6, 0x1c,
    0x26, 0xc9, 0xf6, 0x1c, 0x26, 0xc9, 0xf6, 0x1c, 0x26, 0xc9, 0xf6, 0x1c,
    0x26, 0xc9, 0xf6, 0x1c, 0x26, 0xc9, 0xf6, 0x1c, 0x26, 0xc9, 0xf6, 0x1c,
    0x26, 0xc9, 0xf6, 0x1c, 0x26, 0xc9, 0xf6, 0x1c, 0x26, 0xc9, 0xf6, 0x1c,
    0x26, 0xc9, 0xf6, 0x1c, 0x26, 0xc9, 0xf6, 0x1c, 0x26, 0xc9, 0xf6, 0x1c,
    0x26, 0xc9, 0xf6, 0x1c, 0x26, 0xc9, 0xf6, 0x1c, 0x26, 0xc9, 0xf6, 0x1c,
    0x24, 0xc6, 0xf4, 0x16, 0x01, 0x80, 0x80, 0x02, 0xff, 0xff, 0xff, 0x00,
    0xff, 0xff, 0xff, 0x00, 0xff, 0xff, 0xff, 0x00, 0xff, 0xff, 0xff, 0x00,
    0xff, 0xff, 0xff, 0x00, 0xff, 0xff, 0xff, 0x00, 0xff, 0xff, 0xff, 0x00
};
