// 4.26.0 0xad1dca37 D2 AY R0 FARGB8888 U888 N0 SExtFlashSection
// Generated by imageconverter. Please, do not edit!

#include <touchgfx/hal/Config.hpp>

LOCATION_PRAGMA("ExtFlashSection")
KEEP extern const unsigned char image_butred1[] LOCATION_ATTRIBUTE("ExtFlashSection") = { // 67x69 ARGB8888 pixels.
    0xff, 0xff, 0xff, 0x00, 0xff, 0xff, 0xff, 0x00, 0xff, 0xff, 0xff, 0x00,
    0xff, 0xff, 0xff, 0x00, 0xff, 0xff, 0xff, 0x00, 0xff, 0xff, 0xff, 0x00,
    0xff, 0xff, 0xff, 0x00, 0xff, 0xff, 0xff, 0x00, 0xff, 0xff, 0xff, 0x00,
    0xff, 0xff, 0xff, 0x00, 0xff, 0xff, 0xff, 0x00, 0xff, 0xff, 0xff, 0x00,
    0xff, 0xff, 0xff, 0x00, 0x01, 0x01, 0x01, 0x01, 0x31, 0x31, 0xed, 0x1b,
    0x34, 0x2f, 0xeb, 0x32, 0x35, 0x31, 0xea, 0x3b, 0x34, 0x30, 0xea, 0x3c,
    0x34, 0x30, 0xea, 0x3c, 0x34, 0x30, 0xea, 0x3c, 0x34, 0x30, 0xea, 0x3c,
    0x34, 0x30, 0xea, 0x3c, 0x34, 0x30, 0xea, 0x3c, 0x34, 0x30, 0xea, 0x3c,
    0x34, 0x30, 0xea, 0x3c, 0x34, 0x30, 0xea, 0x3c, 0x34, 0x30, 0xea, 0x3c,
    0x34, 0x30, 0xea, 0x3c, 0x34, 0x30, 0xea, 0x3c, 0x34, 0x30, 0xea, 0x3c,
    0x34, 0x30, 0xea, 0x3c, 0x34, 0x30, 0xea, 0x3c, 0x34, 0x30, 0xea, 0x3c,
    0x34, 0x30, 0xea, 0x3c, 0x34, 0x30, 0xea, 0x3c, 0x34, 0x30, 0xea, 0x3c,
    0x34, 0x30, 0xea, 0x3c, 0x34, 0x30, 0xea, 0x3c, 0x34, 0x30, 0xea, 0x3c,
    0x34, 0x30, 0xea, 0x3c, 0x34, 0x30, 0xea, 0x3c, 0x34, 0x30, 0xea, 0x3c,
    0x34, 0x30, 0xea, 0x3c, 0x34, 0x30, 0xea, 0x3c, 0x34, 0x30, 0xea, 0x3c,
    0x34, 0x30, 0xea, 0x3c, 0x34, 0x30, 0xea, 0x3c, 0x34, 0x30, 0xea, 0x3c,
    0x34, 0x30, 0xea, 0x3c, 0x34, 0x30, 0xea, 0x3c, 0x35, 0x31, 0xea, 0x3b,
    0x34, 0x2f, 0xeb, 0x32, 0x34, 0x2d, 0xea, 0x23, 0x34, 0x01, 0xcd, 0x05,
    0xff, 0xff, 0xff, 0x00, 0xff, 0xff, 0xff, 0x00, 0xff, 0xff, 0xff, 0x00,
    0xff, 0xff, 0xff, 0x00, 0xff, 0xff, 0xff, 0x00, 0xff, 0xff, 0xff, 0x00,
    0xff, 0xff, 0xff, 0x00, 0xff, 0xff, 0xff, 0x00, 0xff, 0xff, 0xff, 0x00,
    0xff, 0xff, 0xff, 0x00, 0xff, 0xff, 0xff, 0x00, 0xff, 0xff, 0xff, 0x00,
    0xff, 0xff, 0xff, 0x00, 0xff, 0xff, 0xff, 0x00, 0xff, 0xff, 0xff, 0x00,
    0xff, 0xff, 0xff, 0x00, 0xff, 0xff, 0xff, 0x00, 0xff, 0xff, 0xff, 0x00,
    0xff, 0xff, 0xff, 0x00, 0xff, 0xff, 0xff, 0x00, 0xff, 0xff, 0xff, 0x00,
    0xff, 0xff, 0xff, 0x00, 0xff, 0xff, 0xff, 0x00, 0x30, 0x30, 0xe8, 0x16,
    0x37, 0x32, 0xed, 0x6e, 0x37, 0x32, 0xec, 0xb9, 0x37, 0x32, 0xed, 0xf3,
    0x37, 0x32, 0xed, 0xff, 0x37, 0x32, 0xed, 0xff, 0x37, 0x32, 0xed, 0xff,
    0x37, 0x32, 0xed, 0xff, 0x37, 0x32, 0xed, 0xff, 0x37, 0x32, 0xed, 0xff,
    0x37, 0x32, 0xed, 0xff, 0x37, 0x32, 0xed, 0xff, 0x37, 0x32, 0xed, 0xff,
    0x37, 0x32, 0xed, 0xff, 0x37, 0x32, 0xed, 0xff, 0x37, 0x32, 0xed, 0xff,
    0x37, 0x32, 0xed, 0xff, 0x37, 0x32, 0xed, 0xff, 0x37, 0x32, 0xed, 0xff,
    0x37, 0x32, 0xed, 0xff, 0x37, 0x32, 0xed, 0xff, 0x37, 0x32, 0xed, 0xff,
    0x37, 0x32, 0xed, 0xff, 0x37, 0x32, 0xed, 0xff, 0x37, 0x32, 0xed, 0xff,
    0x37, 0x32, 0xed, 0xff, 0x37, 0x32, 0xed, 0xff, 0x37, 0x32, 0xed, 0xff,
    0x37, 0x32, 0xed, 0xff, 0x37, 0x32, 0xed, 0xff, 0x37, 0x32, 0xed, 0xff,
    0x37, 0x32, 0xed, 0xff, 0x37, 0x32, 0xed, 0xff, 0x37, 0x32, 0xed, 0xff,
    0x37, 0x32, 0xed, 0xff, 0x37, 0x32, 0xed, 0xff, 0x37, 0x32, 0xed, 0xff,
    0x37, 0x32, 0xed, 0xff, 0x37, 0x32, 0xed, 0xff, 0x37, 0x32, 0xed, 0xff,
    0x37, 0x32, 0xed, 0xff, 0x37, 0x32, 0xed, 0xff, 0x37, 0x32, 0xed, 0xff,
    0x37, 0x32, 0xed, 0xfa, 0x36, 0x31, 0xed, 0xca, 0x36, 0x32, 0xec, 0x83,
    0x32, 0x32, 0xed, 0x2a, 0xff, 0xff, 0xff, 0x00, 0xff, 0xff, 0xff, 0x00,
    0xff, 0xff, 0xff, 0x00, 0xff, 0xff, 0xff, 0x00, 0xff, 0xff, 0xff, 0x00,
    0xff, 0xff, 0xff, 0x00, 0xff, 0xff, 0xff, 0x00, 0xff, 0xff, 0xff, 0x00,
    0xff, 0xff, 0xff, 0x00, 0xff, 0xff, 0xff, 0x00, 0xff, 0xff, 0xff, 0x00,
    0xff, 0xff, 0xff, 0x00, 0xff, 0xff, 0xff, 0x00, 0xff, 0xff, 0xff, 0x00,
    0xff, 0xff, 0xff, 0x00, 0xff, 0xff, 0xff, 0x00, 0xff, 0xff, 0xff, 0x00,
    0xff, 0xff, 0xff, 0x00, 0x31, 0x31, 0xe8, 0x20, 0x37, 0x32, 0xec, 0x9d,
    0x37, 0x32, 0xed, 0xfa, 0x37, 0x32, 0xed, 0xff, 0x37, 0x32, 0xed, 0xff,
    0x37, 0x32, 0xed, 0xff, 0x37, 0x32, 0xed, 0xff, 0x37, 0x32, 0xed, 0xff,
    0x37, 0x32, 0xed, 0xff, 0x37, 0x32, 0xed, 0xff, 0x37, 0x32, 0xed, 0xff,
    0x37, 0x32, 0xed, 0xff, 0x37, 0x32, 0xed, 0xff, 0x37, 0x32, 0xed, 0xff,
    0x37, 0x32, 0xed, 0xff, 0x37, 0x32, 0xed, 0xff, 0x37, 0x32, 0xed, 0xff,
    0x37, 0x32, 0xed, 0xff, 0x37, 0x32, 0xed, 0xff, 0x37, 0x32, 0xed, 0xff,
    0x37, 0x32, 0xed, 0xff, 0x37, 0x32, 0xed, 0xff, 0x37, 0x32, 0xed, 0xff,
    0x37, 0x32, 0xed, 0xff, 0x37, 0x32, 0xed, 0xff, 0x37, 0x32, 0xed, 0xff,
    0x37, 0x32, 0xed, 0xff, 0x37, 0x32, 0xed, 0xff, 0x37, 0x32, 0xed, 0xff,
    0x37, 0x32, 0xed, 0xff, 0x37, 0x32, 0xed, 0xff, 0x37, 0x32, 0xed, 0xff,
    0x37, 0x32, 0xed, 0xff, 0x37, 0x32, 0xed, 0xff, 0x37, 0x32, 0xed, 0xff,
    0x37, 0x32, 0xed, 0xff, 0x37, 0x32, 0xed, 0xff, 0x37, 0x32, 0xed, 0xff,
    0x37, 0x32, 0xed, 0xff, 0x37, 0x32, 0xed, 0xff, 0x37, 0x32, 0xed, 0xff,
    0x37, 0x32, 0xed, 0xff, 0x37, 0x32, 0xed, 0xff, 0x37, 0x32, 0xed, 0xff,
    0x37, 0x32, 0xed, 0xff, 0x37, 0x32, 0xed, 0xff, 0x37, 0x32, 0xed, 0xff,
    0x37, 0x32, 0xed, 0xff, 0x37, 0x32, 0xed, 0xff, 0x37, 0x32, 0xed, 0xbd,
    0x33, 0x2f, 0xeb, 0x3d, 0xff, 0xff, 0xff, 0x00, 0xff, 0xff, 0xff, 0x00,
    0xff, 0xff, 0xff, 0x00, 0xff, 0xff, 0xff, 0x00, 0xff, 0xff, 0xff, 0x00,
    0xff, 0xff, 0xff, 0x00, 0xff, 0xff, 0xff, 0x00, 0xff, 0xff, 0xff, 0x00,
    0xff, 0xff, 0xff, 0x00, 0xff, 0xff, 0xff, 0x00, 0xff, 0xff, 0xff, 0x00,
    0xff, 0xff, 0xff, 0x00, 0xff, 0xff, 0xff, 0x00, 0xff, 0xff, 0xff, 0x00,
    0x01, 0x01, 0x80, 0x02, 0x36, 0x31, 0xec, 0x75, 0x37, 0x32, 0xed, 0xf5,
    0x37, 0x32, 0xed, 0xff, 0x37, 0x32, 0xed, 0xff, 0x37, 0x32, 0xed, 0xff,
    0x37, 0x32, 0xed, 0xff, 0x37, 0x32, 0xed, 0xff, 0x37, 0x32, 0xed, 0xff,
    0x37, 0x32, 0xed, 0xff, 0x37, 0x32, 0xed, 0xff, 0x37, 0x32, 0xed, 0xff,
    0x37, 0x32, 0xed, 0xff, 0x37, 0x32, 0xed, 0xff, 0x37, 0x32, 0xed, 0xff,
    0x37, 0x32, 0xed, 0xff, 0x37, 0x32, 0xed, 0xff, 0x37, 0x32, 0xed, 0xff,
    0x37, 0x32, 0xed, 0xff, 0x37, 0x32, 0xed, 0xff, 0x37, 0x32, 0xed, 0xff,
    0x37, 0x32, 0xed, 0xff, 0x37, 0x32, 0xed, 0xff, 0x37, 0x32, 0xed, 0xff,
    0x37, 0x32, 0xed, 0xff, 0x37, 0x32, 0xed, 0xff, 0x37, 0x32, 0xed, 0xff,
    0x37, 0x32, 0xed, 0xff, 0x37, 0x32, 0xed, 0xff, 0x37, 0x32, 0xed, 0xff,
    0x37, 0x32, 0xed, 0xff, 0x37, 0x32, 0xed, 0xff, 0x37, 0x32, 0xed, 0xff,
    0x37, 0x32, 0xed, 0xff, 0x37, 0x32, 0xed, 0xff, 0x37, 0x32, 0xed, 0xff,
    0x37, 0x32, 0xed, 0xff, 0x37, 0x32, 0xed, 0xff, 0x37, 0x32, 0xed, 0xff,
    0x37, 0x32, 0xed, 0xff, 0x37, 0x32, 0xed, 0xff, 0x37, 0x32, 0xed, 0xff,
    0x37, 0x32, 0xed, 0xff, 0x37, 0x32, 0xed, 0xff, 0x37, 0x32, 0xed, 0xff,
    0x37, 0x32, 0xed, 0xff, 0x37, 0x32, 0xed, 0xff, 0x37, 0x32, 0xed, 0xff,
    0x37, 0x32, 0xed, 0xff, 0x37, 0x32, 0xed, 0xff, 0x37, 0x32, 0xed, 0xff,
    0x37, 0x32, 0xed, 0xff, 0x37, 0x32, 0xed, 0xfe, 0x36, 0x32, 0xed, 0xa3,
    0x34, 0x23, 0xde, 0x0f, 0xff, 0xff, 0xff, 0x00, 0xff, 0xff, 0xff, 0x00,
    0xff, 0xff, 0xff, 0x00, 0xff, 0xff, 0xff, 0x00, 0xff, 0xff, 0xff, 0x00,
    0xff, 0xff, 0xff, 0x00, 0xff, 0xff, 0xff, 0x00, 0xff, 0xff, 0xff, 0x00,
    0xff, 0xff, 0xff, 0x00, 0xff, 0xff, 0xff, 0x00, 0xff, 0xff, 0xff, 0x00,
    0x2c, 0x2c, 0xea, 0x0c, 0x37, 0x31, 0xed, 0xb5, 0x37, 0x32, 0xed, 0xff,
    0x37, 0x32, 0xed, 0xff, 0x37, 0x32, 0xed, 0xff, 0x37, 0x32, 0xed, 0xff,
    0x37, 0x32, 0xed, 0xff, 0x37, 0x32, 0xed, 0xff, 0x37, 0x32, 0xed, 0xff,
    0x37, 0x32, 0xed, 0xff, 0x37, 0x32, 0xed, 0xff, 0x37, 0x32, 0xed, 0xff,
    0x37, 0x32, 0xed, 0xff, 0x37, 0x32, 0xed, 0xff, 0x37, 0x32, 0xed, 0xff,
    0x37, 0x32, 0xed, 0xff, 0x37, 0x32, 0xed, 0xff, 0x37, 0x32, 0xed, 0xff,
    0x37, 0x32, 0xed, 0xff, 0x37, 0x32, 0xed, 0xff, 0x37, 0x32, 0xed, 0xff,
    0x37, 0x32, 0xed, 0xff, 0x37, 0x32, 0xed, 0xff, 0x37, 0x32, 0xed, 0xff,
    0x37, 0x32, 0xed, 0xff, 0x37, 0x32, 0xed, 0xff, 0x37, 0x32, 0xed, 0xff,
    0x37, 0x32, 0xed, 0xff, 0x37, 0x32, 0xed, 0xff, 0x37, 0x32, 0xed, 0xff,
    0x37, 0x32, 0xed, 0xff, 0x37, 0x32, 0xed, 0xff, 0x37, 0x32, 0xed, 0xff,
    0x37, 0x32, 0xed, 0xff, 0x37, 0x32, 0xed, 0xff, 0x37, 0x32, 0xed, 0xff,
    0x37, 0x32, 0xed, 0xff, 0x37, 0x32, 0xed, 0xff, 0x37, 0x32, 0xed, 0xff,
    0x37, 0x32, 0xed, 0xff, 0x37, 0x32, 0xed, 0xff, 0x37, 0x32, 0xed, 0xff,
    0x37, 0x32, 0xed, 0xff, 0x37, 0x32, 0xed, 0xff, 0x37, 0x32, 0xed, 0xff,
    0x37, 0x32, 0xed, 0xff, 0x37, 0x32, 0xed, 0xff, 0x37, 0x32, 0xed, 0xff,
    0x37, 0x32, 0xed, 0xff, 0x37, 0x32, 0xed, 0xff, 0x37, 0x32, 0xed, 0xff,
    0x37, 0x32, 0xed, 0xff, 0x37, 0x32, 0xed, 0xff, 0x37, 0x32, 0xed, 0xff,
    0x37, 0x32, 0xed, 0xff, 0x37, 0x32, 0xed, 0xdc, 0x34, 0x2e, 0xec, 0x28,
    0xff, 0xff, 0xff, 0x00, 0xff, 0xff, 0xff, 0x00, 0xff, 0xff, 0xff, 0x00,
    0xff, 0xff, 0xff, 0x00, 0xff, 0xff, 0xff, 0x00, 0xff, 0xff, 0xff, 0x00,
    0xff, 0xff, 0xff, 0x00, 0xff, 0xff, 0xff, 0x00, 0xff, 0xff, 0xff, 0x00,
    0x26, 0x26, 0xed, 0x0e, 0x37, 0x32, 0xed, 0xc9, 0x37, 0x32, 0xed, 0xff,
    0x37, 0x32, 0xed, 0xff, 0x37, 0x32, 0xed, 0xff, 0x37, 0x32, 0xed, 0xff,
    0x37, 0x32, 0xed, 0xff, 0x37, 0x32, 0xed, 0xff, 0x37, 0x32, 0xed, 0xff,
    0x37, 0x32, 0xed, 0xff, 0x37, 0x32, 0xed, 0xff, 0x37, 0x32, 0xed, 0xff,
    0x37, 0x32, 0xed, 0xff, 0x37, 0x32, 0xed, 0xff, 0x37, 0x32, 0xed, 0xff,
    0x37, 0x32, 0xed, 0xff, 0x37, 0x32, 0xed, 0xff, 0x37, 0x32, 0xed, 0xff,
    0x37, 0x32, 0xed, 0xff, 0x37, 0x32, 0xed, 0xff, 0x37, 0x32, 0xed, 0xff,
    0x37, 0x32, 0xed, 0xff, 0x37, 0x32, 0xed, 0xff, 0x37, 0x32, 0xed, 0xff,
    0x37, 0x32, 0xed, 0xff, 0x37, 0x32, 0xed, 0xff, 0x37, 0x32, 0xed, 0xff,
    0x37, 0x32, 0xed, 0xff, 0x37, 0x32, 0xed, 0xff, 0x37, 0x32, 0xed, 0xff,
    0x37, 0x32, 0xed, 0xff, 0x37, 0x32, 0xed, 0xff, 0x37, 0x32, 0xed, 0xff,
    0x37, 0x32, 0xed, 0xff, 0x37, 0x32, 0xed, 0xff, 0x37, 0x32, 0xed, 0xff,
    0x37, 0x32, 0xed, 0xff, 0x37, 0x32, 0xed, 0xff, 0x37, 0x32, 0xed, 0xff,
    0x37, 0x32, 0xed, 0xff, 0x37, 0x32, 0xed, 0xff, 0x37, 0x32, 0xed, 0xff,
    0x37, 0x32, 0xed, 0xff, 0x37, 0x32, 0xed, 0xff, 0x37, 0x32, 0xed, 0xff,
    0x37, 0x32, 0xed, 0xff, 0x37, 0x32, 0xed, 0xff, 0x37, 0x32, 0xed, 0xff,
    0x37, 0x32, 0xed, 0xff, 0x37, 0x32, 0xed, 0xff, 0x37, 0x32, 0xed, 0xff,
    0x37, 0x32, 0xed, 0xff, 0x37, 0x32, 0xed, 0xff, 0x37, 0x32, 0xed, 0xff,
    0x37, 0x32, 0xed, 0xff, 0x37, 0x32, 0xed, 0xff, 0x37, 0x32, 0xed, 0xff,
    0x36, 0x32, 0xed, 0xeb, 0x32, 0x32, 0xea, 0x2f, 0xff, 0xff, 0xff, 0x00,
    0xff, 0xff, 0xff, 0x00, 0xff, 0xff, 0xff, 0x00, 0xff, 0xff, 0xff, 0x00,
    0xff, 0xff, 0xff, 0x00, 0xff, 0xff, 0xff, 0x00, 0xff, 0xff, 0xff, 0x00,
    0x01, 0x01, 0xc0, 0x04, 0x36, 0x32, 0xed, 0xbc, 0x37, 0x32, 0xed, 0xff,
    0x37, 0x32, 0xed, 0xff, 0x37, 0x32, 0xed, 0xff, 0x37, 0x32, 0xed, 0xff,
    0x37, 0x32, 0xed, 0xff, 0x37, 0x32, 0xed, 0xff, 0x37, 0x32, 0xed, 0xff,
    0x37, 0x32, 0xed, 0xff, 0x37, 0x32, 0xed, 0xff, 0x37, 0x32, 0xed, 0xff,
    0x37, 0x32, 0xed, 0xff, 0x37, 0x32, 0xed, 0xff, 0x37, 0x32, 0xed, 0xff,
    0x37, 0x32, 0xed, 0xff, 0x37, 0x32, 0xed, 0xff, 0x37, 0x32, 0xed, 0xff,
    0x37, 0x32, 0xed, 0xff, 0x37, 0x32, 0xed, 0xff, 0x37, 0x32, 0xed, 0xff,
    0x37, 0x32, 0xed, 0xff, 0x37, 0x32, 0xed, 0xff, 0x37, 0x32, 0xed, 0xff,
    0x37, 0x32, 0xed, 0xff, 0x37, 0x32, 0xed, 0xff, 0x37, 0x32, 0xed, 0xff,
    0x37, 0x32, 0xed, 0xff, 0x37, 0x32, 0xed, 0xff, 0x37, 0x32, 0xed, 0xff,
    0x37, 0x32, 0xed, 0xff, 0x37, 0x32, 0xed, 0xff, 0x37, 0x32, 0xed, 0xff,
    0x37, 0x32, 0xed, 0xff, 0x37, 0x32, 0xed, 0xff, 0x37, 0x32, 0xed, 0xff,
    0x37, 0x32, 0xed, 0xff, 0x37, 0x32, 0xed, 0xff, 0x37, 0x32, 0xed, 0xff,
    0x37, 0x32, 0xed, 0xff, 0x37, 0x32, 0xed, 0xff, 0x37, 0x32, 0xed, 0xff,
    0x37, 0x32, 0xed, 0xff, 0x37, 0x32, 0xed, 0xff, 0x37, 0x32, 0xed, 0xff,
    0x37, 0x32, 0xed, 0xff, 0x37, 0x32, 0xed, 0xff, 0x37, 0x32, 0xed, 0xff,
    0x37, 0x32, 0xed, 0xff, 0x37, 0x32, 0xed, 0xff, 0x37, 0x32, 0xed, 0xff,
    0x37, 0x32, 0xed, 0xff, 0x37, 0x32, 0xed, 0xff, 0x37, 0x32, 0xed, 0xff,
    0x37, 0x32, 0xed, 0xff, 0x37, 0x32, 0xed, 0xff, 0x37, 0x32, 0xed, 0xff,
    0x37, 0x32, 0xed, 0xff, 0x37, 0x32, 0xed, 0xff, 0x37, 0x32, 0xed, 0xe6,
    0x36, 0x2d, 0xe5, 0x1d, 0xff, 0xff, 0xff, 0x00, 0xff, 0xff, 0xff, 0x00,
    0xff, 0xff, 0xff, 0x00, 0xff, 0xff, 0xff, 0x00, 0xff, 0xff, 0xff, 0x00,
    0xff, 0xff, 0xff, 0x00, 0x37, 0x31, 0xed, 0x86, 0x37, 0x32, 0xed, 0xff,
    0x37, 0x32, 0xed, 0xff, 0x37, 0x32, 0xed, 0xff, 0x37, 0x32, 0xed, 0xff,
    0x37, 0x32, 0xed, 0xff, 0x37, 0x32, 0xed, 0xff, 0x37, 0x32, 0xed, 0xff,
    0x37, 0x32, 0xed, 0xff, 0x37, 0x32, 0xed, 0xff, 0x37, 0x32, 0xed, 0xff,
    0x37, 0x32, 0xed, 0xff, 0x37, 0x32, 0xed, 0xff, 0x37, 0x32, 0xed, 0xff,
    0x37, 0x32, 0xed, 0xff, 0x37, 0x32, 0xed, 0xff, 0x37, 0x32, 0xed, 0xff,
    0x37, 0x32, 0xed, 0xff, 0x37, 0x32, 0xed, 0xff, 0x37, 0x32, 0xed, 0xff,
    0x37, 0x32, 0xed, 0xff, 0x37, 0x32, 0xed, 0xff, 0x37, 0x32, 0xed, 0xff,
    0x37, 0x32, 0xed, 0xff, 0x37, 0x32, 0xed, 0xff, 0x37, 0x32, 0xed, 0xff,
    0x37, 0x32, 0xed, 0xff, 0x37, 0x32, 0xed, 0xff, 0x37, 0x32, 0xed, 0xff,
    0x37, 0x32, 0xed, 0xff, 0x37, 0x32, 0xed, 0xff, 0x37, 0x32, 0xed, 0xff,
    0x37, 0x32, 0xed, 0xff, 0x37, 0x32, 0xed, 0xff, 0x37, 0x32, 0xed, 0xff,
    0x37, 0x32, 0xed, 0xff, 0x37, 0x32, 0xed, 0xff, 0x37, 0x32, 0xed, 0xff,
    0x37, 0x32, 0xed, 0xff, 0x37, 0x32, 0xed, 0xff, 0x37, 0x32, 0xed, 0xff,
    0x37, 0x32, 0xed, 0xff, 0x37, 0x32, 0xed, 0xff, 0x37, 0x32, 0xed, 0xff,
    0x37, 0x32, 0xed, 0xff, 0x37, 0x32, 0xed, 0xff, 0x37, 0x32, 0xed, 0xff,
    0x37, 0x32, 0xed, 0xff, 0x37, 0x32, 0xed, 0xff, 0x37, 0x32, 0xed, 0xff,
    0x37, 0x32, 0xed, 0xff, 0x37, 0x32, 0xed, 0xff, 0x37, 0x32, 0xed, 0xff,
    0x37, 0x32, 0xed, 0xff, 0x37, 0x32, 0xed, 0xff, 0x37, 0x32, 0xed, 0xff,
    0x37, 0x32, 0xed, 0xff, 0x37, 0x32, 0xed, 0xff, 0x37, 0x32, 0xed, 0xff,
    0x37, 0x32, 0xed, 0xff, 0x36, 0x32, 0xed, 0xc5, 0x01, 0x01, 0xc0, 0x04,
    0xff, 0xff, 0xff, 0x00, 0xff, 0xff, 0xff, 0x00, 0xff, 0xff, 0xff, 0x00,
    0xff, 0xff, 0xff, 0x00, 0x35, 0x30, 0xeb, 0x31, 0x37, 0x32, 0xed, 0xfc,
    0x37, 0x32, 0xed, 0xff, 0x37, 0x32, 0xed, 0xff, 0x37, 0x32, 0xed, 0xff,
    0x37, 0x32, 0xed, 0xff, 0x37, 0x32, 0xed, 0xff, 0x37, 0x32, 0xed, 0xff,
    0x37, 0x32, 0xed, 0xff, 0x37, 0x32, 0xed, 0xff, 0x37, 0x32, 0xed, 0xff,
    0x37, 0x32, 0xed, 0xff, 0x37, 0x32, 0xed, 0xff, 0x37, 0x32, 0xed, 0xff,
    0x37, 0x32, 0xed, 0xff, 0x37, 0x32, 0xed, 0xff, 0x37, 0x32, 0xed, 0xff,
    0x37, 0x32, 0xed, 0xff, 0x37, 0x32, 0xed, 0xff, 0x37, 0x32, 0xed, 0xff,
    0x37, 0x32, 0xed, 0xff, 0x37, 0x32, 0xed, 0xff, 0x37, 0x32, 0xed, 0xff,
    0x37, 0x32, 0xed, 0xff, 0x37, 0x32, 0xed, 0xff, 0x37, 0x32, 0xed, 0xff,
    0x37, 0x32, 0xed, 0xff, 0x37, 0x32, 0xed, 0xff, 0x37, 0x32, 0xed, 0xff,
    0x37, 0x32, 0xed, 0xff, 0x37, 0x32, 0xed, 0xff, 0x37, 0x32, 0xed, 0xff,
    0x37, 0x32, 0xed, 0xff, 0x37, 0x32, 0xed, 0xff, 0x37, 0x32, 0xed, 0xff,
    0x37, 0x32, 0xed, 0xff, 0x37, 0x32, 0xed, 0xff, 0x37, 0x32, 0xed, 0xff,
    0x37, 0x32, 0xed, 0xff, 0x37, 0x32, 0xed, 0xff, 0x37, 0x32, 0xed, 0xff,
    0x37, 0x32, 0xed, 0xff, 0x37, 0x32, 0xed, 0xff, 0x37, 0x32, 0xed, 0xff,
    0x37, 0x32, 0xed, 0xff, 0x37, 0x32, 0xed, 0xff, 0x37, 0x32, 0xed, 0xff,
    0x37, 0x32, 0xed, 0xff, 0x37, 0x32, 0xed, 0xff, 0x37, 0x32, 0xed, 0xff,
    0x37, 0x32, 0xed, 0xff, 0x37, 0x32, 0xed, 0xff, 0x37, 0x32, 0xed, 0xff,
    0x37, 0x32, 0xed, 0xff, 0x37, 0x32, 0xed, 0xff, 0x37, 0x32, 0xed, 0xff,
    0x37, 0x32, 0xed, 0xff, 0x37, 0x32, 0xed, 0xff, 0x37, 0x32, 0xed, 0xff,
    0x37, 0x32, 0xed, 0xff, 0x37, 0x32, 0xed, 0xff, 0x37, 0x32, 0xed, 0xff,
    0x37, 0x31, 0xeb, 0x71, 0xff, 0xff, 0xff, 0x00, 0xff, 0xff, 0xff, 0x00,
    0xff, 0xff, 0xff, 0x00, 0xff, 0xff, 0xff, 0x00, 0x37, 0x32, 0xed, 0xbd,
    0x37, 0x32, 0xed, 0xff, 0x37, 0x32, 0xed, 0xff, 0x37, 0x32, 0xed, 0xff,
    0x37, 0x32, 0xed, 0xff, 0x37, 0x32, 0xed, 0xff, 0x37, 0x32, 0xed, 0xff,
    0x37, 0x32, 0xed, 0xff, 0x37, 0x32, 0xed, 0xff, 0x37, 0x32, 0xed, 0xff,
    0x37, 0x32, 0xed, 0xff, 0x37, 0x32, 0xed, 0xff, 0x37, 0x32, 0xed, 0xff,
    0x37, 0x32, 0xed, 0xff, 0x37, 0x32, 0xed, 0xff, 0x37, 0x32, 0xed, 0xff,
    0x37, 0x32, 0xed, 0xff, 0x37, 0x32, 0xed, 0xff, 0x37, 0x32, 0xed, 0xff,
    0x37, 0x32, 0xed, 0xff, 0x37, 0x32, 0xed, 0xff, 0x37, 0x32, 0xed, 0xff,
    0x37, 0x32, 0xed, 0xff, 0x37, 0x32, 0xed, 0xff, 0x37, 0x32, 0xed, 0xff,
    0x37, 0x32, 0xed, 0xff, 0x37, 0x32, 0xed, 0xff, 0x37, 0x32, 0xed, 0xff,
    0x37, 0x32, 0xed, 0xff, 0x37, 0x32, 0xed, 0xff, 0x37, 0x32, 0xed, 0xff,
    0x37, 0x32, 0xed, 0xff, 0x37, 0x32, 0xed, 0xff, 0x37, 0x32, 0xed, 0xff,
    0x37, 0x32, 0xed, 0xff, 0x37, 0x32, 0xed, 0xff, 0x37, 0x32, 0xed, 0xff,
    0x37, 0x32, 0xed, 0xff, 0x37, 0x32, 0xed, 0xff, 0x37, 0x32, 0xed, 0xff,
    0x37, 0x32, 0xed, 0xff, 0x37, 0x32, 0xed, 0xff, 0x37, 0x32, 0xed, 0xff,
    0x37, 0x32, 0xed, 0xff, 0x37, 0x32, 0xed, 0xff, 0x37, 0x32, 0xed, 0xff,
    0x37, 0x32, 0xed, 0xff, 0x37, 0x32, 0xed, 0xff, 0x37, 0x32, 0xed, 0xff,
    0x37, 0x32, 0xed, 0xff, 0x37, 0x32, 0xed, 0xff, 0x37, 0x32, 0xed, 0xff,
    0x37, 0x32, 0xed, 0xff, 0x37, 0x32, 0xed, 0xff, 0x37, 0x32, 0xed, 0xff,
    0x37, 0x32, 0xed, 0xff, 0x37, 0x32, 0xed, 0xff, 0x37, 0x32, 0xed, 0xff,
    0x37, 0x32, 0xed, 0xff, 0x37, 0x32, 0xed, 0xff, 0x37, 0x32, 0xed, 0xff,
    0x37, 0x32, 0xed, 0xff, 0x37, 0x32, 0xec, 0xf0, 0x31, 0x31, 0xe0, 0x10,
    0xff, 0xff, 0xff, 0x00, 0xff, 0xff, 0xff, 0x00, 0x35, 0x31, 0xed, 0x36,
    0x37, 0x32, 0xed, 0xff, 0x37, 0x32, 0xed, 0xff, 0x37, 0x32, 0xed, 0xff,
    0x37, 0x32, 0xed, 0xff, 0x37, 0x32, 0xed, 0xff, 0x37, 0x32, 0xed, 0xff,
    0x37, 0x32, 0xed, 0xff, 0x37, 0x32, 0xed, 0xff, 0x37, 0x32, 0xed, 0xff,
    0x37, 0x32, 0xed, 0xff, 0x37, 0x32, 0xed, 0xff, 0x37, 0x32, 0xed, 0xff,
    0x37, 0x32, 0xed, 0xff, 0x37, 0x32, 0xed, 0xff, 0x37, 0x32, 0xed, 0xff,
    0x37, 0x32, 0xed, 0xff, 0x37, 0x32, 0xed, 0xff, 0x37, 0x32, 0xed, 0xff,
    0x37, 0x32, 0xed, 0xff, 0x37, 0x32, 0xed, 0xff, 0x37, 0x32, 0xed, 0xff,
    0x37, 0x32, 0xed, 0xff, 0x37, 0x32, 0xed, 0xff, 0x37, 0x32, 0xed, 0xff,
    0x37, 0x32, 0xed, 0xff, 0x37, 0x32, 0xed, 0xff, 0x37, 0x32, 0xed, 0xff,
    0x37, 0x32, 0xed, 0xff, 0x37, 0x32, 0xed, 0xff, 0x37, 0x32, 0xed, 0xff,
    0x37, 0x32, 0xed, 0xff, 0x37, 0x32, 0xed, 0xff, 0x37, 0x32, 0xed, 0xff,
    0x37, 0x32, 0xed, 0xff, 0x37, 0x32, 0xed, 0xff, 0x37, 0x32, 0xed, 0xff,
    0x37, 0x32, 0xed, 0xff, 0x37, 0x32, 0xed, 0xff, 0x37, 0x32, 0xed, 0xff,
    0x37, 0x32, 0xed, 0xff, 0x37, 0x32, 0xed, 0xff, 0x37, 0x32, 0xed, 0xff,
    0x37, 0x32, 0xed, 0xff, 0x37, 0x32, 0xed, 0xff, 0x37, 0x32, 0xed, 0xff,
    0x37, 0x32, 0xed, 0xff, 0x37, 0x32, 0xed, 0xff, 0x37, 0x32, 0xed, 0xff,
    0x37, 0x32, 0xed, 0xff, 0x37, 0x32, 0xed, 0xff, 0x37, 0x32, 0xed, 0xff,
    0x37, 0x32, 0xed, 0xff, 0x37, 0x32, 0xed, 0xff, 0x37, 0x32, 0xed, 0xff,
    0x37, 0x32, 0xed, 0xff, 0x37, 0x32, 0xed, 0xff, 0x37, 0x32, 0xed, 0xff,
    0x37, 0x32, 0xed, 0xff, 0x37, 0x32, 0xed, 0xff, 0x37, 0x32, 0xed, 0xff,
    0x37, 0x32, 0xed, 0xff, 0x37, 0x32, 0xed, 0xff, 0x37, 0x32, 0xed, 0xff,
    0x36, 0x31, 0xed, 0x7a, 0xff, 0xff, 0xff, 0x00, 0xff, 0xff, 0xff, 0x00,
    0x37, 0x32, 0xed, 0x98, 0x37, 0x32, 0xed, 0xff, 0x37, 0x32, 0xed, 0xff,
    0x37, 0x32, 0xed, 0xff, 0x37, 0x32, 0xed, 0xff, 0x37, 0x32, 0xed, 0xff,
    0x37, 0x32, 0xed, 0xff, 0x37, 0x32, 0xed, 0xff, 0x37, 0x32, 0xed, 0xff,
    0x37, 0x32, 0xed, 0xff, 0x37, 0x32, 0xed, 0xff, 0x37, 0x32, 0xed, 0xff,
    0x37, 0x32, 0xed, 0xff, 0x37, 0x32, 0xed, 0xff, 0x37, 0x32, 0xed, 0xff,
    0x37, 0x32, 0xed, 0xff, 0x37, 0x32, 0xed, 0xff, 0x37, 0x32, 0xed, 0xff,
    0x37, 0x32, 0xed, 0xff, 0x37, 0x32, 0xed, 0xff, 0x37, 0x32, 0xed, 0xff,
    0x37, 0x32, 0xed, 0xff, 0x37, 0x32, 0xed, 0xff, 0x37, 0x32, 0xed, 0xff,
    0x37, 0x32, 0xed, 0xff, 0x37, 0x32, 0xed, 0xff, 0x37, 0x32, 0xed, 0xff,
    0x37, 0x32, 0xed, 0xff, 0x37, 0x32, 0xed, 0xff, 0x37, 0x32, 0xed, 0xff,
    0x37, 0x32, 0xed, 0xff, 0x37, 0x32, 0xed, 0xff, 0x37, 0x32, 0xed, 0xff,
    0x37, 0x32, 0xed, 0xff, 0x37, 0x32, 0xed, 0xff, 0x37, 0x32, 0xed, 0xff,
    0x37, 0x32, 0xed, 0xff, 0x37, 0x32, 0xed, 0xff, 0x37, 0x32, 0xed, 0xff,
    0x37, 0x32, 0xed, 0xff, 0x37, 0x32, 0xed, 0xff, 0x37, 0x32, 0xed, 0xff,
    0x37, 0x32, 0xed, 0xff, 0x37, 0x32, 0xed, 0xff, 0x37, 0x32, 0xed, 0xff,
    0x37, 0x32, 0xed, 0xff, 0x37, 0x32, 0xed, 0xff, 0x37, 0x32, 0xed, 0xff,
    0x37, 0x32, 0xed, 0xff, 0x37, 0x32, 0xed, 0xff, 0x37, 0x32, 0xed, 0xff,
    0x37, 0x32, 0xed, 0xff, 0x37, 0x32, 0xed, 0xff, 0x37, 0x32, 0xed, 0xff,
    0x37, 0x32, 0xed, 0xff, 0x37, 0x32, 0xed, 0xff, 0x37, 0x32, 0xed, 0xff,
    0x37, 0x32, 0xed, 0xff, 0x37, 0x32, 0xed, 0xff, 0x37, 0x32, 0xed, 0xff,
    0x37, 0x32, 0xed, 0xff, 0x37, 0x32, 0xed, 0xff, 0x37, 0x32, 0xed, 0xff,
    0x37, 0x32, 0xed, 0xff, 0x37, 0x32, 0xed, 0xda, 0x01, 0x01, 0x01, 0x01,
    0x01, 0x01, 0x01, 0x01, 0x37, 0x32, 0xed, 0xe7, 0x37, 0x32, 0xed, 0xff,
    0x37, 0x32, 0xed, 0xff, 0x37, 0x32, 0xed, 0xff, 0x37, 0x32, 0xed, 0xff,
    0x37, 0x32, 0xed, 0xff, 0x37, 0x32, 0xed, 0xff, 0x37, 0x32, 0xed, 0xff,
    0x37, 0x32, 0xed, 0xff, 0x37, 0x32, 0xed, 0xff, 0x37, 0x32, 0xed, 0xff,
    0x37, 0x32, 0xed, 0xff, 0x37, 0x32, 0xed, 0xff, 0x37, 0x32, 0xed, 0xff,
    0x37, 0x32, 0xed, 0xff, 0x37, 0x32, 0xed, 0xff, 0x37, 0x32, 0xed, 0xff,
    0x37, 0x32, 0xed, 0xff, 0x37, 0x32, 0xed, 0xff, 0x37, 0x32, 0xed, 0xff,
    0x37, 0x32, 0xed, 0xff, 0x37, 0x32, 0xed, 0xff, 0x37, 0x32, 0xed, 0xff,
    0x37, 0x32, 0xed, 0xff, 0x37, 0x32, 0xed, 0xff, 0x37, 0x32, 0xed, 0xff,
    0x37, 0x32, 0xed, 0xff, 0x37, 0x32, 0xed, 0xff, 0x37, 0x32, 0xed, 0xff,
    0x37, 0x32, 0xed, 0xff, 0x37, 0x32, 0xed, 0xff, 0x37, 0x32, 0xed, 0xff,
    0x37, 0x32, 0xed, 0xff, 0x37, 0x32, 0xed, 0xff, 0x37, 0x32, 0xed, 0xff,
    0x37, 0x32, 0xed, 0xff, 0x37, 0x32, 0xed, 0xff, 0x37, 0x32, 0xed, 0xff,
    0x37, 0x32, 0xed, 0xff, 0x37, 0x32, 0xed, 0xff, 0x37, 0x32, 0xed, 0xff,
    0x37, 0x32, 0xed, 0xff, 0x37, 0x32, 0xed, 0xff, 0x37, 0x32, 0xed, 0xff,
    0x37, 0x32, 0xed, 0xff, 0x37, 0x32, 0xed, 0xff, 0x37, 0x32, 0xed, 0xff,
    0x37, 0x32, 0xed, 0xff, 0x37, 0x32, 0xed, 0xff, 0x37, 0x32, 0xed, 0xff,
    0x37, 0x32, 0xed, 0xff, 0x37, 0x32, 0xed, 0xff, 0x37, 0x32, 0xed, 0xff,
    0x37, 0x32, 0xed, 0xff, 0x37, 0x32, 0xed, 0xff, 0x37, 0x32, 0xed, 0xff,
    0x37, 0x32, 0xed, 0xff, 0x37, 0x32, 0xed, 0xff, 0x37, 0x32, 0xed, 0xff,
    0x37, 0x32, 0xed, 0xff, 0x37, 0x32, 0xed, 0xff, 0x37, 0x32, 0xed, 0xff,
    0x37, 0x32, 0xed, 0xff, 0x37, 0x32, 0xed, 0xff, 0x37, 0x32, 0xed, 0xff,
    0x35, 0x30, 0xe8, 0x2c, 0x36, 0x2f, 0xec, 0x27, 0x37, 0x32, 0xed, 0xff,
    0x37, 0x32, 0xed, 0xff, 0x37, 0x32, 0xed, 0xff, 0x37, 0x32, 0xed, 0xff,
    0x37, 0x32, 0xed, 0xff, 0x37, 0x32, 0xed, 0xff, 0x37, 0x32, 0xed, 0xff,
    0x37, 0x32, 0xed, 0xff, 0x37, 0x32, 0xed, 0xff, 0x37, 0x32, 0xed, 0xff,
    0x37, 0x32, 0xed, 0xff, 0x37, 0x32, 0xed, 0xff, 0x37, 0x32, 0xed, 0xff,
    0x37, 0x32, 0xed, 0xff, 0x37, 0x32, 0xed, 0xff, 0x37, 0x32, 0xed, 0xff,
    0x37, 0x32, 0xed, 0xff, 0x37, 0x32, 0xed, 0xff, 0x37, 0x32, 0xed, 0xff,
    0x37, 0x32, 0xed, 0xff, 0x37, 0x32, 0xed, 0xff, 0x37, 0x32, 0xed, 0xff,
    0x37, 0x32, 0xed, 0xff, 0x37, 0x32, 0xed, 0xff, 0x37, 0x32, 0xed, 0xff,
    0x37, 0x32, 0xed, 0xff, 0x37, 0x32, 0xed, 0xff, 0x37, 0x32, 0xed, 0xff,
    0x37, 0x32, 0xed, 0xff, 0x37, 0x32, 0xed, 0xff, 0x37, 0x32, 0xed, 0xff,
    0x37, 0x32, 0xed, 0xff, 0x37, 0x32, 0xed, 0xff, 0x37, 0x32, 0xed, 0xff,
    0x37, 0x32, 0xed, 0xff, 0x37, 0x32, 0xed, 0xff, 0x37, 0x32, 0xed, 0xff,
    0x37, 0x32, 0xed, 0xff, 0x37, 0x32, 0xed, 0xff, 0x37, 0x32, 0xed, 0xff,
    0x37, 0x32, 0xed, 0xff, 0x37, 0x32, 0xed, 0xff, 0x37, 0x32, 0xed, 0xff,
    0x37, 0x32, 0xed, 0xff, 0x37, 0x32, 0xed, 0xff, 0x37, 0x32, 0xed, 0xff,
    0x37, 0x32, 0xed, 0xff, 0x37, 0x32, 0xed, 0xff, 0x37, 0x32, 0xed, 0xff,
    0x37, 0x32, 0xed, 0xff, 0x37, 0x32, 0xed, 0xff, 0x37, 0x32, 0xed, 0xff,
    0x37, 0x32, 0xed, 0xff, 0x37, 0x32, 0xed, 0xff, 0x37, 0x32, 0xed, 0xff,
    0x37, 0x32, 0xed, 0xff, 0x37, 0x32, 0xed, 0xff, 0x37, 0x32, 0xed, 0xff,
    0x37, 0x32, 0xed, 0xff, 0x37, 0x32, 0xed, 0xff, 0x37, 0x32, 0xed, 0xff,
    0x37, 0x32, 0xed, 0xff, 0x37, 0x32, 0xed, 0xff, 0x37, 0x32, 0xed, 0xff,
    0x37, 0x32, 0xed, 0xff, 0x36, 0x31, 0xed, 0x6b, 0x36, 0x30, 0xed, 0x52,
    0x37, 0x32, 0xed, 0xff, 0x37, 0x32, 0xed, 0xff, 0x37, 0x32, 0xed, 0xff,
    0x37, 0x32, 0xed, 0xff, 0x37, 0x32, 0xed, 0xff, 0x37, 0x32, 0xed, 0xff,
    0x37, 0x32, 0xed, 0xff, 0x37, 0x32, 0xed, 0xff, 0x37, 0x32, 0xed, 0xff,
    0x37, 0x32, 0xed, 0xff, 0x37, 0x32, 0xed, 0xff, 0x37, 0x32, 0xed, 0xff,
    0x37, 0x32, 0xed, 0xff, 0x37, 0x32, 0xed, 0xff, 0x37, 0x32, 0xed, 0xff,
    0x37, 0x32, 0xed, 0xff, 0x37, 0x32, 0xed, 0xff, 0x37, 0x32, 0xed, 0xff,
    0x37, 0x32, 0xed, 0xff, 0x37, 0x32, 0xed, 0xff, 0x37, 0x32, 0xed, 0xff,
    0x37, 0x32, 0xed, 0xff, 0x37, 0x32, 0xed, 0xff, 0x37, 0x32, 0xed, 0xff,
    0x37, 0x32, 0xed, 0xff, 0x37, 0x32, 0xed, 0xff, 0x37, 0x32, 0xed, 0xff,
    0x37, 0x32, 0xed, 0xff, 0x37, 0x32, 0xed, 0xff, 0x37, 0x32, 0xed, 0xff,
    0x37, 0x32, 0xed, 0xff, 0x37, 0x32, 0xed, 0xff, 0x37, 0x32, 0xed, 0xff,
    0x37, 0x32, 0xed, 0xff, 0x37, 0x32, 0xed, 0xff, 0x37, 0x32, 0xed, 0xff,
    0x37, 0x32, 0xed, 0xff, 0x37, 0x32, 0xed, 0xff, 0x37, 0x32, 0xed, 0xff,
    0x37, 0x32, 0xed, 0xff, 0x37, 0x32, 0xed, 0xff, 0x37, 0x32, 0xed, 0xff,
    0x37, 0x32, 0xed, 0xff, 0x37, 0x32, 0xed, 0xff, 0x37, 0x32, 0xed, 0xff,
    0x37, 0x32, 0xed, 0xff, 0x37, 0x32, 0xed, 0xff, 0x37, 0x32, 0xed, 0xff,
    0x37, 0x32, 0xed, 0xff, 0x37, 0x32, 0xed, 0xff, 0x37, 0x32, 0xed, 0xff,
    0x37, 0x32, 0xed, 0xff, 0x37, 0x32, 0xed, 0xff, 0x37, 0x32, 0xed, 0xff,
    0x37, 0x32, 0xed, 0xff, 0x37, 0x32, 0xed, 0xff, 0x37, 0x32, 0xed, 0xff,
    0x37, 0x32, 0xed, 0xff, 0x37, 0x32, 0xed, 0xff, 0x37, 0x32, 0xed, 0xff,
    0x37, 0x32, 0xed, 0xff, 0x37, 0x32, 0xed, 0xff, 0x37, 0x32, 0xed, 0xff,
    0x37, 0x32, 0xed, 0xff, 0x37, 0x32, 0xed, 0xff, 0x36, 0x31, 0xed, 0x95,
    0x37, 0x32, 0xed, 0x6e, 0x37, 0x32, 0xed, 0xff, 0x37, 0x32, 0xed, 0xff,
    0x37, 0x32, 0xed, 0xff, 0x37, 0x32, 0xed, 0xff, 0x37, 0x32, 0xed, 0xff,
    0x37, 0x32, 0xed, 0xff, 0x37, 0x32, 0xed, 0xff, 0x37, 0x32, 0xed, 0xff,
    0x37, 0x32, 0xed, 0xff, 0x37, 0x32, 0xed, 0xff, 0x37, 0x32, 0xed, 0xff,
    0x37, 0x32, 0xed, 0xff, 0x37, 0x32, 0xed, 0xff, 0x37, 0x32, 0xed, 0xff,
    0x37, 0x32, 0xed, 0xff, 0x37, 0x32, 0xed, 0xff, 0x37, 0x32, 0xed, 0xff,
    0x37, 0x32, 0xed, 0xff, 0x37, 0x32, 0xed, 0xff, 0x37, 0x32, 0xed, 0xff,
    0x37, 0x32, 0xed, 0xff, 0x37, 0x32, 0xed, 0xff, 0x37, 0x32, 0xed, 0xff,
    0x37, 0x32, 0xed, 0xff, 0x37, 0x32, 0xed, 0xff, 0x37, 0x32, 0xed, 0xff,
    0x37, 0x32, 0xed, 0xff, 0x37, 0x32, 0xed, 0xff, 0x37, 0x32, 0xed, 0xff,
    0x37, 0x32, 0xed, 0xff, 0x37, 0x32, 0xed, 0xff, 0x37, 0x32, 0xed, 0xff,
    0x37, 0x32, 0xed, 0xff, 0x37, 0x32, 0xed, 0xff, 0x37, 0x32, 0xed, 0xff,
    0x37, 0x32, 0xed, 0xff, 0x37, 0x32, 0xed, 0xff, 0x37, 0x32, 0xed, 0xff,
    0x37, 0x32, 0xed, 0xff, 0x37, 0x32, 0xed, 0xff, 0x37, 0x32, 0xed, 0xff,
    0x37, 0x32, 0xed, 0xff, 0x37, 0x32, 0xed, 0xff, 0x37, 0x32, 0xed, 0xff,
    0x37, 0x32, 0xed, 0xff, 0x37, 0x32, 0xed, 0xff, 0x37, 0x32, 0xed, 0xff,
    0x37, 0x32, 0xed, 0xff, 0x37, 0x32, 0xed, 0xff, 0x37, 0x32, 0xed, 0xff,
    0x37, 0x32, 0xed, 0xff, 0x37, 0x32, 0xed, 0xff, 0x37, 0x32, 0xed, 0xff,
    0x37, 0x32, 0xed, 0xff, 0x37, 0x32, 0xed, 0xff, 0x37, 0x32, 0xed, 0xff,
    0x37, 0x32, 0xed, 0xff, 0x37, 0x32, 0xed, 0xff, 0x37, 0x32, 0xed, 0xff,
    0x37, 0x32, 0xed, 0xff, 0x37, 0x32, 0xed, 0xff, 0x37, 0x32, 0xed, 0xff,
    0x37, 0x32, 0xed, 0xff, 0x37, 0x32, 0xed, 0xff, 0x37, 0x32, 0xed, 0xff,
    0x37, 0x32, 0xed, 0xb1, 0x36, 0x31, 0xed, 0x7a, 0x37, 0x32, 0xed, 0xff,
    0x37, 0x32, 0xed, 0xff, 0x37, 0x32, 0xed, 0xff, 0x37, 0x32, 0xed, 0xff,
    0x37, 0x32, 0xed, 0xff, 0x37, 0x32, 0xed, 0xff, 0x37, 0x32, 0xed, 0xff,
    0x37, 0x32, 0xed, 0xff, 0x37, 0x32, 0xed, 0xff, 0x37, 0x32, 0xed, 0xff,
    0x37, 0x32, 0xed, 0xff, 0x37, 0x32, 0xed, 0xff, 0x37, 0x32, 0xed, 0xff,
    0x37, 0x32, 0xed, 0xff, 0x37, 0x32, 0xed, 0xff, 0x37, 0x32, 0xed, 0xff,
    0x37, 0x32, 0xed, 0xff, 0x37, 0x32, 0xed, 0xff, 0x37, 0x32, 0xed, 0xff,
    0x37, 0x32, 0xed, 0xff, 0x37, 0x32, 0xed, 0xff, 0x37, 0x32, 0xed, 0xff,
    0x37, 0x32, 0xed, 0xff, 0x37, 0x32, 0xed, 0xff, 0x37, 0x32, 0xed, 0xff,
    0x37, 0x32, 0xed, 0xff, 0x37, 0x32, 0xed, 0xff, 0x37, 0x32, 0xed, 0xff,
    0x37, 0x32, 0xed, 0xff, 0x37, 0x32, 0xed, 0xff, 0x37, 0x32, 0xed, 0xff,
    0x37, 0x32, 0xed, 0xff, 0x37, 0x32, 0xed, 0xff, 0x37, 0x32, 0xed, 0xff,
    0x37, 0x32, 0xed, 0xff, 0x37, 0x32, 0xed, 0xff, 0x37, 0x32, 0xed, 0xff,
    0x37, 0x32, 0xed, 0xff, 0x37, 0x32, 0xed, 0xff, 0x37, 0x32, 0xed, 0xff,
    0x37, 0x32, 0xed, 0xff, 0x37, 0x32, 0xed, 0xff, 0x37, 0x32, 0xed, 0xff,
    0x37, 0x32, 0xed, 0xff, 0x37, 0x32, 0xed, 0xff, 0x37, 0x32, 0xed, 0xff,
    0x37, 0x32, 0xed, 0xff, 0x37, 0x32, 0xed, 0xff, 0x37, 0x32, 0xed, 0xff,
    0x37, 0x32, 0xed, 0xff, 0x37, 0x32, 0xed, 0xff, 0x37, 0x32, 0xed, 0xff,
    0x37, 0x32, 0xed, 0xff, 0x37, 0x32, 0xed, 0xff, 0x37, 0x32, 0xed, 0xff,
    0x37, 0x32, 0xed, 0xff, 0x37, 0x32, 0xed, 0xff, 0x37, 0x32, 0xed, 0xff,
    0x37, 0x32, 0xed, 0xff, 0x37, 0x32, 0xed, 0xff, 0x37, 0x32, 0xed, 0xff,
    0x37, 0x32, 0xed, 0xff, 0x37, 0x32, 0xed, 0xff, 0x37, 0x32, 0xed, 0xff,
    0x37, 0x32, 0xed, 0xff, 0x37, 0x32, 0xed, 0xbe, 0x36, 0x32, 0xed, 0x7e,
    0x37, 0x32, 0xed, 0xff, 0x37, 0x32, 0xed, 0xff, 0x37, 0x32, 0xed, 0xff,
    0x37, 0x32, 0xed, 0xff, 0x37, 0x32, 0xed, 0xff, 0x37, 0x32, 0xed, 0xff,
    0x37, 0x32, 0xed, 0xff, 0x37, 0x32, 0xed, 0xff, 0x37, 0x32, 0xed, 0xff,
    0x37, 0x32, 0xed, 0xff, 0x37, 0x32, 0xed, 0xff, 0x37, 0x32, 0xed, 0xff,
    0x37, 0x32, 0xed, 0xff, 0x37, 0x32, 0xed, 0xff, 0x37, 0x32, 0xed, 0xff,
    0x37, 0x32, 0xed, 0xff, 0x37, 0x32, 0xed, 0xff, 0x37, 0x32, 0xed, 0xff,
    0x37, 0x32, 0xed, 0xff, 0x37, 0x32, 0xed, 0xff, 0x37, 0x32, 0xed, 0xff,
    0x37, 0x32, 0xed, 0xff, 0x37, 0x32, 0xed, 0xff, 0x37, 0x32, 0xed, 0xff,
    0x37, 0x32, 0xed, 0xff, 0x37, 0x32, 0xed, 0xff, 0x37, 0x32, 0xed, 0xff,
    0x37, 0x32, 0xed, 0xff, 0x37, 0x32, 0xed, 0xff, 0x37, 0x32, 0xed, 0xff,
    0x37, 0x32, 0xed, 0xff, 0x37, 0x32, 0xed, 0xff, 0x37, 0x32, 0xed, 0xff,
    0x37, 0x32, 0xed, 0xff, 0x37, 0x32, 0xed, 0xff, 0x37, 0x32, 0xed, 0xff,
    0x37, 0x32, 0xed, 0xff, 0x37, 0x32, 0xed, 0xff, 0x37, 0x32, 0xed, 0xff,
    0x37, 0x32, 0xed, 0xff, 0x37, 0x32, 0xed, 0xff, 0x37, 0x32, 0xed, 0xff,
    0x37, 0x32, 0xed, 0xff, 0x37, 0x32, 0xed, 0xff, 0x37, 0x32, 0xed, 0xff,
    0x37, 0x32, 0xed, 0xff, 0x37, 0x32, 0xed, 0xff, 0x37, 0x32, 0xed, 0xff,
    0x37, 0x32, 0xed, 0xff, 0x37, 0x32, 0xed, 0xff, 0x37, 0x32, 0xed, 0xff,
    0x37, 0x32, 0xed, 0xff, 0x37, 0x32, 0xed, 0xff, 0x37, 0x32, 0xed, 0xff,
    0x37, 0x32, 0xed, 0xff, 0x37, 0x32, 0xed, 0xff, 0x37, 0x32, 0xed, 0xff,
    0x37, 0x32, 0xed, 0xff, 0x37, 0x32, 0xed, 0xff, 0x37, 0x32, 0xed, 0xff,
    0x37, 0x32, 0xed, 0xff, 0x37, 0x32, 0xed, 0xff, 0x37, 0x32, 0xed, 0xff,
    0x37, 0x32, 0xed, 0xff, 0x37, 0x32, 0xed, 0xff, 0x37, 0x32, 0xed, 0xc1,
    0x36, 0x32, 0xed, 0x7e, 0x37, 0x32, 0xed, 0xff, 0x37, 0x32, 0xed, 0xff,
    0x37, 0x32, 0xed, 0xff, 0x37, 0x32, 0xed, 0xff, 0x37, 0x32, 0xed, 0xff,
    0x37, 0x32, 0xed, 0xff, 0x37, 0x32, 0xed, 0xff, 0x37, 0x32, 0xed, 0xff,
    0x37, 0x32, 0xed, 0xff, 0x37, 0x32, 0xed, 0xff, 0x37, 0x32, 0xed, 0xff,
    0x37, 0x32, 0xed, 0xff, 0x37, 0x32, 0xed, 0xff, 0x37, 0x32, 0xed, 0xff,
    0x37, 0x32, 0xed, 0xff, 0x37, 0x32, 0xed, 0xff, 0x37, 0x32, 0xed, 0xff,
    0x37, 0x32, 0xed, 0xff, 0x37, 0x32, 0xed, 0xff, 0x37, 0x32, 0xed, 0xff,
    0x37, 0x32, 0xed, 0xff, 0x37, 0x32, 0xed, 0xff, 0x37, 0x32, 0xed, 0xff,
    0x37, 0x32, 0xed, 0xff, 0x37, 0x32, 0xed, 0xff, 0x37, 0x32, 0xed, 0xff,
    0x37, 0x32, 0xed, 0xff, 0x37, 0x32, 0xed, 0xff, 0x37, 0x32, 0xed, 0xff,
    0x37, 0x32, 0xed, 0xff, 0x37, 0x32, 0xed, 0xff, 0x37, 0x32, 0xed, 0xff,
    0x37, 0x32, 0xed, 0xff, 0x37, 0x32, 0xed, 0xff, 0x37, 0x32, 0xed, 0xff,
    0x37, 0x32, 0xed, 0xff, 0x37, 0x32, 0xed, 0xff, 0x37, 0x32, 0xed, 0xff,
    0x37, 0x32, 0xed, 0xff, 0x37, 0x32, 0xed, 0xff, 0x37, 0x32, 0xed, 0xff,
    0x37, 0x32, 0xed, 0xff, 0x37, 0x32, 0xed, 0xff, 0x37, 0x32, 0xed, 0xff,
    0x37, 0x32, 0xed, 0xff, 0x37, 0x32, 0xed, 0xff, 0x37, 0x32, 0xed, 0xff,
    0x37, 0x32, 0xed, 0xff, 0x37, 0x32, 0xed, 0xff, 0x37, 0x32, 0xed, 0xff,
    0x37, 0x32, 0xed, 0xff, 0x37, 0x32, 0xed, 0xff, 0x37, 0x32, 0xed, 0xff,
    0x37, 0x32, 0xed, 0xff, 0x37, 0x32, 0xed, 0xff, 0x37, 0x32, 0xed, 0xff,
    0x37, 0x32, 0xed, 0xff, 0x37, 0x32, 0xed, 0xff, 0x37, 0x32, 0xed, 0xff,
    0x37, 0x32, 0xed, 0xff, 0x37, 0x32, 0xed, 0xff, 0x37, 0x32, 0xed, 0xff,
    0x37, 0x32, 0xed, 0xff, 0x37, 0x32, 0xed, 0xff, 0x37, 0x32, 0xed, 0xff,
    0x37, 0x32, 0xed, 0xc1, 0x36, 0x32, 0xed, 0x7e, 0x37, 0x32, 0xed, 0xff,
    0x37, 0x32, 0xed, 0xff, 0x37, 0x32, 0xed, 0xff, 0x37, 0x32, 0xed, 0xff,
    0x37, 0x32, 0xed, 0xff, 0x37, 0x32, 0xed, 0xff, 0x37, 0x32, 0xed, 0xff,
    0x37, 0x32, 0xed, 0xff, 0x37, 0x32, 0xed, 0xff, 0x37, 0x32, 0xed, 0xff,
    0x37, 0x32, 0xed, 0xff, 0x37, 0x32, 0xed, 0xff, 0x37, 0x32, 0xed, 0xff,
    0x37, 0x32, 0xed, 0xff, 0x37, 0x32, 0xed, 0xff, 0x37, 0x32, 0xed, 0xff,
    0x37, 0x32, 0xed, 0xff, 0x37, 0x32, 0xed, 0xff, 0x37, 0x32, 0xed, 0xff,
    0x37, 0x32, 0xed, 0xff, 0x37, 0x32, 0xed, 0xff, 0x37, 0x32, 0xed, 0xff,
    0x37, 0x32, 0xed, 0xff, 0x37, 0x32, 0xed, 0xff, 0x37, 0x32, 0xed, 0xff,
    0x37, 0x32, 0xed, 0xff, 0x37, 0x32, 0xed, 0xff, 0x37, 0x32, 0xed, 0xff,
    0x37, 0x32, 0xed, 0xff, 0x37, 0x32, 0xed, 0xff, 0x37, 0x32, 0xed, 0xff,
    0x37, 0x32, 0xed, 0xff, 0x37, 0x32, 0xed, 0xff, 0x37, 0x32, 0xed, 0xff,
    0x37, 0x32, 0xed, 0xff, 0x37, 0x32, 0xed, 0xff, 0x37, 0x32, 0xed, 0xff,
    0x37, 0x32, 0xed, 0xff, 0x37, 0x32, 0xed, 0xff, 0x37, 0x32, 0xed, 0xff,
    0x37, 0x32, 0xed, 0xff, 0x37, 0x32, 0xed, 0xff, 0x37, 0x32, 0xed, 0xff,
    0x37, 0x32, 0xed, 0xff, 0x37, 0x32, 0xed, 0xff, 0x37, 0x32, 0xed, 0xff,
    0x37, 0x32, 0xed, 0xff, 0x37, 0x32, 0xed, 0xff, 0x37, 0x32, 0xed, 0xff,
    0x37, 0x32, 0xed, 0xff, 0x37, 0x32, 0xed, 0xff, 0x37, 0x32, 0xed, 0xff,
    0x37, 0x32, 0xed, 0xff, 0x37, 0x32, 0xed, 0xff, 0x37, 0x32, 0xed, 0xff,
    0x37, 0x32, 0xed, 0xff, 0x37, 0x32, 0xed, 0xff, 0x37, 0x32, 0xed, 0xff,
    0x37, 0x32, 0xed, 0xff, 0x37, 0x32, 0xed, 0xff, 0x37, 0x32, 0xed, 0xff,
    0x37, 0x32, 0xed, 0xff, 0x37, 0x32, 0xed, 0xff, 0x37, 0x32, 0xed, 0xff,
    0x37, 0x32, 0xed, 0xff, 0x37, 0x32, 0xed, 0xc1, 0x36, 0x32, 0xed, 0x7e,
    0x37, 0x32, 0xed, 0xff, 0x37, 0x32, 0xed, 0xff, 0x37, 0x32, 0xed, 0xff,
    0x37, 0x32, 0xed, 0xff, 0x37, 0x32, 0xed, 0xff, 0x37, 0x32, 0xed, 0xff,
    0x37, 0x32, 0xed, 0xff, 0x37, 0x32, 0xed, 0xff, 0x37, 0x32, 0xed, 0xff,
    0x37, 0x32, 0xed, 0xff, 0x37, 0x32, 0xed, 0xff, 0x37, 0x32, 0xed, 0xff,
    0x37, 0x32, 0xed, 0xff, 0x37, 0x32, 0xed, 0xff, 0x37, 0x32, 0xed, 0xff,
    0x37, 0x32, 0xed, 0xff, 0x37, 0x32, 0xed, 0xff, 0x37, 0x32, 0xed, 0xff,
    0x37, 0x32, 0xed, 0xff, 0x37, 0x32, 0xed, 0xff, 0x37, 0x32, 0xed, 0xff,
    0x37, 0x32, 0xed, 0xff, 0x37, 0x32, 0xed, 0xff, 0x37, 0x32, 0xed, 0xff,
    0x37, 0x32, 0xed, 0xff, 0x37, 0x32, 0xed, 0xff, 0x37, 0x32, 0xed, 0xff,
    0x37, 0x32, 0xed, 0xff, 0x37, 0x32, 0xed, 0xff, 0x37, 0x32, 0xed, 0xff,
    0x37, 0x32, 0xed, 0xff, 0x37, 0x32, 0xed, 0xff, 0x37, 0x32, 0xed, 0xff,
    0x37, 0x32, 0xed, 0xff, 0x37, 0x32, 0xed, 0xff, 0x37, 0x32, 0xed, 0xff,
    0x37, 0x32, 0xed, 0xff, 0x37, 0x32, 0xed, 0xff, 0x37, 0x32, 0xed, 0xff,
    0x37, 0x32, 0xed, 0xff, 0x37, 0x32, 0xed, 0xff, 0x37, 0x32, 0xed, 0xff,
    0x37, 0x32, 0xed, 0xff, 0x37, 0x32, 0xed, 0xff, 0x37, 0x32, 0xed, 0xff,
    0x37, 0x32, 0xed, 0xff, 0x37, 0x32, 0xed, 0xff, 0x37, 0x32, 0xed, 0xff,
    0x37, 0x32, 0xed, 0xff, 0x37, 0x32, 0xed, 0xff, 0x37, 0x32, 0xed, 0xff,
    0x37, 0x32, 0xed, 0xff, 0x37, 0x32, 0xed, 0xff, 0x37, 0x32, 0xed, 0xff,
    0x37, 0x32, 0xed, 0xff, 0x37, 0x32, 0xed, 0xff, 0x37, 0x32, 0xed, 0xff,
    0x37, 0x32, 0xed, 0xff, 0x37, 0x32, 0xed, 0xff, 0x37, 0x32, 0xed, 0xff,
    0x37, 0x32, 0xed, 0xff, 0x37, 0x32, 0xed, 0xff, 0x37, 0x32, 0xed, 0xff,
    0x37, 0x32, 0xed, 0xff, 0x37, 0x32, 0xed, 0xff, 0x37, 0x32, 0xed, 0xc1,
    0x36, 0x32, 0xed, 0x7e, 0x37, 0x32, 0xed, 0xff, 0x37, 0x32, 0xed, 0xff,
    0x37, 0x32, 0xed, 0xff, 0x37, 0x32, 0xed, 0xff, 0x37, 0x32, 0xed, 0xff,
    0x37, 0x32, 0xed, 0xff, 0x37, 0x32, 0xed, 0xff, 0x37, 0x32, 0xed, 0xff,
    0x37, 0x32, 0xed, 0xff, 0x37, 0x32, 0xed, 0xff, 0x37, 0x32, 0xed, 0xff,
    0x37, 0x32, 0xed, 0xff, 0x37, 0x32, 0xed, 0xff, 0x37, 0x32, 0xed, 0xff,
    0x37, 0x32, 0xed, 0xff, 0x37, 0x32, 0xed, 0xff, 0x37, 0x32, 0xed, 0xff,
    0x37, 0x32, 0xed, 0xff, 0x37, 0x32, 0xed, 0xff, 0x37, 0x32, 0xed, 0xff,
    0x37, 0x32, 0xed, 0xff, 0x37, 0x32, 0xed, 0xff, 0x37, 0x32, 0xed, 0xff,
    0x37, 0x32, 0xed, 0xff, 0x37, 0x32, 0xed, 0xff, 0x37, 0x32, 0xed, 0xff,
    0x37, 0x32, 0xed, 0xff, 0x37, 0x32, 0xed, 0xff, 0x37, 0x32, 0xed, 0xff,
    0x37, 0x32, 0xed, 0xff, 0x37, 0x32, 0xed, 0xff, 0x37, 0x32, 0xed, 0xff,
    0x37, 0x32, 0xed, 0xff, 0x37, 0x32, 0xed, 0xff, 0x37, 0x32, 0xed, 0xff,
    0x37, 0x32, 0xed, 0xff, 0x37, 0x32, 0xed, 0xff, 0x37, 0x32, 0xed, 0xff,
    0x37, 0x32, 0xed, 0xff, 0x37, 0x32, 0xed, 0xff, 0x37, 0x32, 0xed, 0xff,
    0x37, 0x32, 0xed, 0xff, 0x37, 0x32, 0xed, 0xff, 0x37, 0x32, 0xed, 0xff,
    0x37, 0x32, 0xed, 0xff, 0x37, 0x32, 0xed, 0xff, 0x37, 0x32, 0xed, 0xff,
    0x37, 0x32, 0xed, 0xff, 0x37, 0x32, 0xed, 0xff, 0x37, 0x32, 0xed, 0xff,
    0x37, 0x32, 0xed, 0xff, 0x37, 0x32, 0xed, 0xff, 0x37, 0x32, 0xed, 0xff,
    0x37, 0x32, 0xed, 0xff, 0x37, 0x32, 0xed, 0xff, 0x37, 0x32, 0xed, 0xff,
    0x37, 0x32, 0xed, 0xff, 0x37, 0x32, 0xed, 0xff, 0x37, 0x32, 0xed, 0xff,
    0x37, 0x32, 0xed, 0xff, 0x37, 0x32, 0xed, 0xff, 0x37, 0x32, 0xed, 0xff,
    0x37, 0x32, 0xed, 0xff, 0x37, 0x32, 0xed, 0xff, 0x37, 0x32, 0xed, 0xff,
    0x37, 0x32, 0xed, 0xc1, 0x36, 0x32, 0xed, 0x7e, 0x37, 0x32, 0xed, 0xff,
    0x37, 0x32, 0xed, 0xff, 0x37, 0x32, 0xed, 0xff, 0x37, 0x32, 0xed, 0xff,
    0x37, 0x32, 0xed, 0xff, 0x37, 0x32, 0xed, 0xff, 0x37, 0x32, 0xed, 0xff,
    0x37, 0x32, 0xed, 0xff, 0x37, 0x32, 0xed, 0xff, 0x37, 0x32, 0xed, 0xff,
    0x37, 0x32, 0xed, 0xff, 0x37, 0x32, 0xed, 0xff, 0x37, 0x32, 0xed, 0xff,
    0x37, 0x32, 0xed, 0xff, 0x37, 0x32, 0xed, 0xff, 0x37, 0x32, 0xed, 0xff,
    0x37, 0x32, 0xed, 0xff, 0x37, 0x32, 0xed, 0xff, 0x37, 0x32, 0xed, 0xff,
    0x37, 0x32, 0xed, 0xff, 0x37, 0x32, 0xed, 0xff, 0x37, 0x32, 0xed, 0xff,
    0x37, 0x32, 0xed, 0xff, 0x37, 0x32, 0xed, 0xff, 0x37, 0x32, 0xed, 0xff,
    0x37, 0x32, 0xed, 0xff, 0x37, 0x32, 0xed, 0xff, 0x37, 0x32, 0xed, 0xff,
    0x37, 0x32, 0xed, 0xff, 0x37, 0x32, 0xed, 0xff, 0x37, 0x32, 0xed, 0xff,
    0x37, 0x32, 0xed, 0xff, 0x37, 0x32, 0xed, 0xff, 0x37, 0x32, 0xed, 0xff,
    0x37, 0x32, 0xed, 0xff, 0x37, 0x32, 0xed, 0xff, 0x37, 0x32, 0xed, 0xff,
    0x37, 0x32, 0xed, 0xff, 0x37, 0x32, 0xed, 0xff, 0x37, 0x32, 0xed, 0xff,
    0x37, 0x32, 0xed, 0xff, 0x37, 0x32, 0xed, 0xff, 0x37, 0x32, 0xed, 0xff,
    0x37, 0x32, 0xed, 0xff, 0x37, 0x32, 0xed, 0xff, 0x37, 0x32, 0xed, 0xff,
    0x37, 0x32, 0xed, 0xff, 0x37, 0x32, 0xed, 0xff, 0x37, 0x32, 0xed, 0xff,
    0x37, 0x32, 0xed, 0xff, 0x37, 0x32, 0xed, 0xff, 0x37, 0x32, 0xed, 0xff,
    0x37, 0x32, 0xed, 0xff, 0x37, 0x32, 0xed, 0xff, 0x37, 0x32, 0xed, 0xff,
    0x37, 0x32, 0xed, 0xff, 0x37, 0x32, 0xed, 0xff, 0x37, 0x32, 0xed, 0xff,
    0x37, 0x32, 0xed, 0xff, 0x37, 0x32, 0xed, 0xff, 0x37, 0x32, 0xed, 0xff,
    0x37, 0x32, 0xed, 0xff, 0x37, 0x32, 0xed, 0xff, 0x37, 0x32, 0xed, 0xff,
    0x37, 0x32, 0xed, 0xff, 0x37, 0x32, 0xed, 0xc1, 0x36, 0x32, 0xed, 0x7e,
    0x37, 0x32, 0xed, 0xff, 0x37, 0x32, 0xed, 0xff, 0x37, 0x32, 0xed, 0xff,
    0x37, 0x32, 0xed, 0xff, 0x37, 0x32, 0xed, 0xff, 0x37, 0x32, 0xed, 0xff,
    0x37, 0x32, 0xed, 0xff, 0x37, 0x32, 0xed, 0xff, 0x37, 0x32, 0xed, 0xff,
    0x37, 0x32, 0xed, 0xff, 0x37, 0x32, 0xed, 0xff, 0x37, 0x32, 0xed, 0xff,
    0x37, 0x32, 0xed, 0xff, 0x37, 0x32, 0xed, 0xff, 0x37, 0x32, 0xed, 0xff,
    0x37, 0x32, 0xed, 0xff, 0x37, 0x32, 0xed, 0xff, 0x37, 0x32, 0xed, 0xff,
    0x37, 0x32, 0xed, 0xff, 0x37, 0x32, 0xed, 0xff, 0x37, 0x32, 0xed, 0xff,
    0x37, 0x32, 0xed, 0xff, 0x37, 0x32, 0xed, 0xff, 0x37, 0x32, 0xed, 0xff,
    0x37, 0x32, 0xed, 0xff, 0x37, 0x32, 0xed, 0xff, 0x37, 0x32, 0xed, 0xff,
    0x37, 0x32, 0xed, 0xff, 0x37, 0x32, 0xed, 0xff, 0x37, 0x32, 0xed, 0xff,
    0x37, 0x32, 0xed, 0xff, 0x37, 0x32, 0xed, 0xff, 0x37, 0x32, 0xed, 0xff,
    0x37, 0x32, 0xed, 0xff, 0x37, 0x32, 0xed, 0xff, 0x37, 0x32, 0xed, 0xff,
    0x37, 0x32, 0xed, 0xff, 0x37, 0x32, 0xed, 0xff, 0x37, 0x32, 0xed, 0xff,
    0x37, 0x32, 0xed, 0xff, 0x37, 0x32, 0xed, 0xff, 0x37, 0x32, 0xed, 0xff,
    0x37, 0x32, 0xed, 0xff, 0x37, 0x32, 0xed, 0xff, 0x37, 0x32, 0xed, 0xff,
    0x37, 0x32, 0xed, 0xff, 0x37, 0x32, 0xed, 0xff, 0x37, 0x32, 0xed, 0xff,
    0x37, 0x32, 0xed, 0xff, 0x37, 0x32, 0xed, 0xff, 0x37, 0x32, 0xed, 0xff,
    0x37, 0x32, 0xed, 0xff, 0x37, 0x32, 0xed, 0xff, 0x37, 0x32, 0xed, 0xff,
    0x37, 0x32, 0xed, 0xff, 0x37, 0x32, 0xed, 0xff, 0x37, 0x32, 0xed, 0xff,
    0x37, 0x32, 0xed, 0xff, 0x37, 0x32, 0xed, 0xff, 0x37, 0x32, 0xed, 0xff,
    0x37, 0x32, 0xed, 0xff, 0x37, 0x32, 0xed, 0xff, 0x37, 0x32, 0xed, 0xff,
    0x37, 0x32, 0xed, 0xff, 0x37, 0x32, 0xed, 0xff, 0x37, 0x32, 0xed, 0xc1,
    0x36, 0x32, 0xed, 0x7e, 0x37, 0x32, 0xed, 0xff, 0x37, 0x32, 0xed, 0xff,
    0x37, 0x32, 0xed, 0xff, 0x37, 0x32, 0xed, 0xff, 0x37, 0x32, 0xed, 0xff,
    0x37, 0x32, 0xed, 0xff, 0x37, 0x32, 0xed, 0xff, 0x37, 0x32, 0xed, 0xff,
    0x37, 0x32, 0xed, 0xff, 0x37, 0x32, 0xed, 0xff, 0x37, 0x32, 0xed, 0xff,
    0x37, 0x32, 0xed, 0xff, 0x37, 0x32, 0xed, 0xff, 0x37, 0x32, 0xed, 0xff,
    0x37, 0x32, 0xed, 0xff, 0x37, 0x32, 0xed, 0xff, 0x37, 0x32, 0xed, 0xff,
    0x37, 0x32, 0xed, 0xff, 0x37, 0x32, 0xed, 0xff, 0x37, 0x32, 0xed, 0xff,
    0x37, 0x32, 0xed, 0xff, 0x37, 0x32, 0xed, 0xff, 0x37, 0x32, 0xed, 0xff,
    0x37, 0x32, 0xed, 0xff, 0x37, 0x32, 0xed, 0xff, 0x37, 0x32, 0xed, 0xff,
    0x37, 0x32, 0xed, 0xff, 0x37, 0x32, 0xed, 0xff, 0x37, 0x32, 0xed, 0xff,
    0x37, 0x32, 0xed, 0xff, 0x37, 0x32, 0xed, 0xff, 0x37, 0x32, 0xed, 0xff,
    0x37, 0x32, 0xed, 0xff, 0x37, 0x32, 0xed, 0xff, 0x37, 0x32, 0xed, 0xff,
    0x37, 0x32, 0xed, 0xff, 0x37, 0x32, 0xed, 0xff, 0x37, 0x32, 0xed, 0xff,
    0x37, 0x32, 0xed, 0xff, 0x37, 0x32, 0xed, 0xff, 0x37, 0x32, 0xed, 0xff,
    0x37, 0x32, 0xed, 0xff, 0x37, 0x32, 0xed, 0xff, 0x37, 0x32, 0xed, 0xff,
    0x37, 0x32, 0xed, 0xff, 0x37, 0x32, 0xed, 0xff, 0x37, 0x32, 0xed, 0xff,
    0x37, 0x32, 0xed, 0xff, 0x37, 0x32, 0xed, 0xff, 0x37, 0x32, 0xed, 0xff,
    0x37, 0x32, 0xed, 0xff, 0x37, 0x32, 0xed, 0xff, 0x37, 0x32, 0xed, 0xff,
    0x37, 0x32, 0xed, 0xff, 0x37, 0x32, 0xed, 0xff, 0x37, 0x32, 0xed, 0xff,
    0x37, 0x32, 0xed, 0xff, 0x37, 0x32, 0xed, 0xff, 0x37, 0x32, 0xed, 0xff,
    0x37, 0x32, 0xed, 0xff, 0x37, 0x32, 0xed, 0xff, 0x37, 0x32, 0xed, 0xff,
    0x37, 0x32, 0xed, 0xff, 0x37, 0x32, 0xed, 0xff, 0x37, 0x32, 0xed, 0xff,
    0x37, 0x32, 0xed, 0xc1, 0x36, 0x32, 0xed, 0x7e, 0x37, 0x32, 0xed, 0xff,
    0x37, 0x32, 0xed, 0xff, 0x37, 0x32, 0xed, 0xff, 0x37, 0x32, 0xed, 0xff,
    0x37, 0x32, 0xed, 0xff, 0x37, 0x32, 0xed, 0xff, 0x37, 0x32, 0xed, 0xff,
    0x37, 0x32, 0xed, 0xff, 0x37, 0x32, 0xed, 0xff, 0x37, 0x32, 0xed, 0xff,
    0x37, 0x32, 0xed, 0xff, 0x37, 0x32, 0xed, 0xff, 0x37, 0x32, 0xed, 0xff,
    0x37, 0x32, 0xed, 0xff, 0x37, 0x32, 0xed, 0xff, 0x37, 0x32, 0xed, 0xff,
    0x37, 0x32, 0xed, 0xff, 0x37, 0x32, 0xed, 0xff, 0x37, 0x32, 0xed, 0xff,
    0x37, 0x32, 0xed, 0xff, 0x37, 0x32, 0xed, 0xff, 0x37, 0x32, 0xed, 0xff,
    0x37, 0x32, 0xed, 0xff, 0x37, 0x32, 0xed, 0xff, 0x37, 0x32, 0xed, 0xff,
    0x37, 0x32, 0xed, 0xff, 0x37, 0x32, 0xed, 0xff, 0x37, 0x32, 0xed, 0xff,
    0x37, 0x32, 0xed, 0xff, 0x37, 0x32, 0xed, 0xff, 0x37, 0x32, 0xed, 0xff,
    0x37, 0x32, 0xed, 0xff, 0x37, 0x32, 0xed, 0xff, 0x37, 0x32, 0xed, 0xff,
    0x37, 0x32, 0xed, 0xff, 0x37, 0x32, 0xed, 0xff, 0x37, 0x32, 0xed, 0xff,
    0x37, 0x32, 0xed, 0xff, 0x37, 0x32, 0xed, 0xff, 0x37, 0x32, 0xed, 0xff,
    0x37, 0x32, 0xed, 0xff, 0x37, 0x32, 0xed, 0xff, 0x37, 0x32, 0xed, 0xff,
    0x37, 0x32, 0xed, 0xff, 0x37, 0x32, 0xed, 0xff, 0x37, 0x32, 0xed, 0xff,
    0x37, 0x32, 0xed, 0xff, 0x37, 0x32, 0xed, 0xff, 0x37, 0x32, 0xed, 0xff,
    0x37, 0x32, 0xed, 0xff, 0x37, 0x32, 0xed, 0xff, 0x37, 0x32, 0xed, 0xff,
    0x37, 0x32, 0xed, 0xff, 0x37, 0x32, 0xed, 0xff, 0x37, 0x32, 0xed, 0xff,
    0x37, 0x32, 0xed, 0xff, 0x37, 0x32, 0xed, 0xff, 0x37, 0x32, 0xed, 0xff,
    0x37, 0x32, 0xed, 0xff, 0x37, 0x32, 0xed, 0xff, 0x37, 0x32, 0xed, 0xff,
    0x37, 0x32, 0xed, 0xff, 0x37, 0x32, 0xed, 0xff, 0x37, 0x32, 0xed, 0xff,
    0x37, 0x32, 0xed, 0xff, 0x37, 0x32, 0xed, 0xc1, 0x36, 0x32, 0xed, 0x7e,
    0x37, 0x32, 0xed, 0xff, 0x37, 0x32, 0xed, 0xff, 0x37, 0x32, 0xed, 0xff,
    0x37, 0x32, 0xed, 0xff, 0x37, 0x32, 0xed, 0xff, 0x37, 0x32, 0xed, 0xff,
    0x37, 0x32, 0xed, 0xff, 0x37, 0x32, 0xed, 0xff, 0x37, 0x32, 0xed, 0xff,
    0x37, 0x32, 0xed, 0xff, 0x37, 0x32, 0xed, 0xff, 0x37, 0x32, 0xed, 0xff,
    0x37, 0x32, 0xed, 0xff, 0x37, 0x32, 0xed, 0xff, 0x37, 0x32, 0xed, 0xff,
    0x37, 0x32, 0xed, 0xff, 0x37, 0x32, 0xed, 0xff, 0x37, 0x32, 0xed, 0xff,
    0x37, 0x32, 0xed, 0xff, 0x37, 0x32, 0xed, 0xff, 0x37, 0x32, 0xed, 0xff,
    0x37, 0x32, 0xed, 0xff, 0x37, 0x32, 0xed, 0xff, 0x37, 0x32, 0xed, 0xff,
    0x37, 0x32, 0xed, 0xff, 0x37, 0x32, 0xed, 0xff, 0x37, 0x32, 0xed, 0xff,
    0x37, 0x32, 0xed, 0xff, 0x37, 0x32, 0xed, 0xff, 0x37, 0x32, 0xed, 0xff,
    0x37, 0x32, 0xed, 0xff, 0x37, 0x32, 0xed, 0xff, 0x37, 0x32, 0xed, 0xff,
    0x37, 0x32, 0xed, 0xff, 0x37, 0x32, 0xed, 0xff, 0x37, 0x32, 0xed, 0xff,
    0x37, 0x32, 0xed, 0xff, 0x37, 0x32, 0xed, 0xff, 0x37, 0x32, 0xed, 0xff,
    0x37, 0x32, 0xed, 0xff, 0x37, 0x32, 0xed, 0xff, 0x37, 0x32, 0xed, 0xff,
    0x37, 0x32, 0xed, 0xff, 0x37, 0x32, 0xed, 0xff, 0x37, 0x32, 0xed, 0xff,
    0x37, 0x32, 0xed, 0xff, 0x37, 0x32, 0xed, 0xff, 0x37, 0x32, 0xed, 0xff,
    0x37, 0x32, 0xed, 0xff, 0x37, 0x32, 0xed, 0xff, 0x37, 0x32, 0xed, 0xff,
    0x37, 0x32, 0xed, 0xff, 0x37, 0x32, 0xed, 0xff, 0x37, 0x32, 0xed, 0xff,
    0x37, 0x32, 0xed, 0xff, 0x37, 0x32, 0xed, 0xff, 0x37, 0x32, 0xed, 0xff,
    0x37, 0x32, 0xed, 0xff, 0x37, 0x32, 0xed, 0xff, 0x37, 0x32, 0xed, 0xff,
    0x37, 0x32, 0xed, 0xff, 0x37, 0x32, 0xed, 0xff, 0x37, 0x32, 0xed, 0xff,
    0x37, 0x32, 0xed, 0xff, 0x37, 0x32, 0xed, 0xff, 0x37, 0x32, 0xed, 0xc1,
    0x36, 0x32, 0xed, 0x7e, 0x37, 0x32, 0xed, 0xff, 0x37, 0x32, 0xed, 0xff,
    0x37, 0x32, 0xed, 0xff, 0x37, 0x32, 0xed, 0xff, 0x37, 0x32, 0xed, 0xff,
    0x37, 0x32, 0xed, 0xff, 0x37, 0x32, 0xed, 0xff, 0x37, 0x32, 0xed, 0xff,
    0x37, 0x32, 0xed, 0xff, 0x37, 0x32, 0xed, 0xff, 0x37, 0x32, 0xed, 0xff,
    0x37, 0x32, 0xed, 0xff, 0x37, 0x32, 0xed, 0xff, 0x37, 0x32, 0xed, 0xff,
    0x37, 0x32, 0xed, 0xff, 0x37, 0x32, 0xed, 0xff, 0x37, 0x32, 0xed, 0xff,
    0x37, 0x32, 0xed, 0xff, 0x37, 0x32, 0xed, 0xff, 0x37, 0x32, 0xed, 0xff,
    0x37, 0x32, 0xed, 0xff, 0x37, 0x32, 0xed, 0xff, 0x37, 0x32, 0xed, 0xff,
    0x37, 0x32, 0xed, 0xff, 0x37, 0x32, 0xed, 0xff, 0x37, 0x32, 0xed, 0xff,
    0x37, 0x32, 0xed, 0xff, 0x37, 0x32, 0xed, 0xff, 0x37, 0x32, 0xed, 0xff,
    0x37, 0x32, 0xed, 0xff, 0x37, 0x32, 0xed, 0xff, 0x37, 0x32, 0xed, 0xff,
    0x37, 0x32, 0xed, 0xff, 0x37, 0x32, 0xed, 0xff, 0x37, 0x32, 0xed, 0xff,
    0x37, 0x32, 0xed, 0xff, 0x37, 0x32, 0xed, 0xff, 0x37, 0x32, 0xed, 0xff,
    0x37, 0x32, 0xed, 0xff, 0x37, 0x32, 0xed, 0xff, 0x37, 0x32, 0xed, 0xff,
    0x37, 0x32, 0xed, 0xff, 0x37, 0x32, 0xed, 0xff, 0x37, 0x32, 0xed, 0xff,
    0x37, 0x32, 0xed, 0xff, 0x37, 0x32, 0xed, 0xff, 0x37, 0x32, 0xed, 0xff,
    0x37, 0x32, 0xed, 0xff, 0x37, 0x32, 0xed, 0xff, 0x37, 0x32, 0xed, 0xff,
    0x37, 0x32, 0xed, 0xff, 0x37, 0x32, 0xed, 0xff, 0x37, 0x32, 0xed, 0xff,
    0x37, 0x32, 0xed, 0xff, 0x37, 0x32, 0xed, 0xff, 0x37, 0x32, 0xed, 0xff,
    0x37, 0x32, 0xed, 0xff, 0x37, 0x32, 0xed, 0xff, 0x37, 0x32, 0xed, 0xff,
    0x37, 0x32, 0xed, 0xff, 0x37, 0x32, 0xed, 0xff, 0x37, 0x32, 0xed, 0xff,
    0x37, 0x32, 0xed, 0xff, 0x37, 0x32, 0xed, 0xff, 0x37, 0x32, 0xed, 0xff,
    0x37, 0x32, 0xed, 0xc1, 0x36, 0x32, 0xed, 0x7e, 0x37, 0x32, 0xed, 0xff,
    0x37, 0x32, 0xed, 0xff, 0x37, 0x32, 0xed, 0xff, 0x37, 0x32, 0xed, 0xff,
    0x37, 0x32, 0xed, 0xff, 0x37, 0x32, 0xed, 0xff, 0x37, 0x32, 0xed, 0xff,
    0x37, 0x32, 0xed, 0xff, 0x37, 0x32, 0xed, 0xff, 0x37, 0x32, 0xed, 0xff,
    0x37, 0x32, 0xed, 0xff, 0x37, 0x32, 0xed, 0xff, 0x37, 0x32, 0xed, 0xff,
    0x37, 0x32, 0xed, 0xff, 0x37, 0x32, 0xed, 0xff, 0x37, 0x32, 0xed, 0xff,
    0x37, 0x32, 0xed, 0xff, 0x37, 0x32, 0xed, 0xff, 0x37, 0x32, 0xed, 0xff,
    0x37, 0x32, 0xed, 0xff, 0x37, 0x32, 0xed, 0xff, 0x37, 0x32, 0xed, 0xff,
    0x37, 0x32, 0xed, 0xff, 0x37, 0x32, 0xed, 0xff, 0x37, 0x32, 0xed, 0xff,
    0x37, 0x32, 0xed, 0xff, 0x37, 0x32, 0xed, 0xff, 0x37, 0x32, 0xed, 0xff,
    0x37, 0x32, 0xed, 0xff, 0x37, 0x32, 0xed, 0xff, 0x37, 0x32, 0xed, 0xff,
    0x37, 0x32, 0xed, 0xff, 0x37, 0x32, 0xed, 0xff, 0x37, 0x32, 0xed, 0xff,
    0x37, 0x32, 0xed, 0xff, 0x37, 0x32, 0xed, 0xff, 0x37, 0x32, 0xed, 0xff,
    0x37, 0x32, 0xed, 0xff, 0x37, 0x32, 0xed, 0xff, 0x37, 0x32, 0xed, 0xff,
    0x37, 0x32, 0xed, 0xff, 0x37, 0x32, 0xed, 0xff, 0x37, 0x32, 0xed, 0xff,
    0x37, 0x32, 0xed, 0xff, 0x37, 0x32, 0xed, 0xff, 0x37, 0x32, 0xed, 0xff,
    0x37, 0x32, 0xed, 0xff, 0x37, 0x32, 0xed, 0xff, 0x37, 0x32, 0xed, 0xff,
    0x37, 0x32, 0xed, 0xff, 0x37, 0x32, 0xed, 0xff, 0x37, 0x32, 0xed, 0xff,
    0x37, 0x32, 0xed, 0xff, 0x37, 0x32, 0xed, 0xff, 0x37, 0x32, 0xed, 0xff,
    0x37, 0x32, 0xed, 0xff, 0x37, 0x32, 0xed, 0xff, 0x37, 0x32, 0xed, 0xff,
    0x37, 0x32, 0xed, 0xff, 0x37, 0x32, 0xed, 0xff, 0x37, 0x32, 0xed, 0xff,
    0x37, 0x32, 0xed, 0xff, 0x37, 0x32, 0xed, 0xff, 0x37, 0x32, 0xed, 0xff,
    0x37, 0x32, 0xed, 0xff, 0x37, 0x32, 0xed, 0xc1, 0x36, 0x32, 0xed, 0x7e,
    0x37, 0x32, 0xed, 0xff, 0x37, 0x32, 0xed, 0xff, 0x37, 0x32, 0xed, 0xff,
    0x37, 0x32, 0xed, 0xff, 0x37, 0x32, 0xed, 0xff, 0x37, 0x32, 0xed, 0xff,
    0x37, 0x32, 0xed, 0xff, 0x37, 0x32, 0xed, 0xff, 0x37, 0x32, 0xed, 0xff,
    0x37, 0x32, 0xed, 0xff, 0x37, 0x32, 0xed, 0xff, 0x37, 0x32, 0xed, 0xff,
    0x37, 0x32, 0xed, 0xff, 0x37, 0x32, 0xed, 0xff, 0x37, 0x32, 0xed, 0xff,
    0x37, 0x32, 0xed, 0xff, 0x37, 0x32, 0xed, 0xff, 0x37, 0x32, 0xed, 0xff,
    0x37, 0x32, 0xed, 0xff, 0x37, 0x32, 0xed, 0xff, 0x37, 0x32, 0xed, 0xff,
    0x37, 0x32, 0xed, 0xff, 0x37, 0x32, 0xed, 0xff, 0x37, 0x32, 0xed, 0xff,
    0x37, 0x32, 0xed, 0xff, 0x37, 0x32, 0xed, 0xff, 0x37, 0x32, 0xed, 0xff,
    0x37, 0x32, 0xed, 0xff, 0x37, 0x32, 0xed, 0xff, 0x37, 0x32, 0xed, 0xff,
    0x37, 0x32, 0xed, 0xff, 0x37, 0x32, 0xed, 0xff, 0x37, 0x32, 0xed, 0xff,
    0x37, 0x32, 0xed, 0xff, 0x37, 0x32, 0xed, 0xff, 0x37, 0x32, 0xed, 0xff,
    0x37, 0x32, 0xed, 0xff, 0x37, 0x32, 0xed, 0xff, 0x37, 0x32, 0xed, 0xff,
    0x37, 0x32, 0xed, 0xff, 0x37, 0x32, 0xed, 0xff, 0x37, 0x32, 0xed, 0xff,
    0x37, 0x32, 0xed, 0xff, 0x37, 0x32, 0xed, 0xff, 0x37, 0x32, 0xed, 0xff,
    0x37, 0x32, 0xed, 0xff, 0x37, 0x32, 0xed, 0xff, 0x37, 0x32, 0xed, 0xff,
    0x37, 0x32, 0xed, 0xff, 0x37, 0x32, 0xed, 0xff, 0x37, 0x32, 0xed, 0xff,
    0x37, 0x32, 0xed, 0xff, 0x37, 0x32, 0xed, 0xff, 0x37, 0x32, 0xed, 0xff,
    0x37, 0x32, 0xed, 0xff, 0x37, 0x32, 0xed, 0xff, 0x37, 0x32, 0xed, 0xff,
    0x37, 0x32, 0xed, 0xff, 0x37, 0x32, 0xed, 0xff, 0x37, 0x32, 0xed, 0xff,
    0x37, 0x32, 0xed, 0xff, 0x37, 0x32, 0xed, 0xff, 0x37, 0x32, 0xed, 0xff,
    0x37, 0x32, 0xed, 0xff, 0x37, 0x32, 0xed, 0xff, 0x37, 0x32, 0xed, 0xc1,
    0x36, 0x32, 0xed, 0x7e, 0x37, 0x32, 0xed, 0xff, 0x37, 0x32, 0xed, 0xff,
    0x37, 0x32, 0xed, 0xff, 0x37, 0x32, 0xed, 0xff, 0x37, 0x32, 0xed, 0xff,
    0x37, 0x32, 0xed, 0xff, 0x37, 0x32, 0xed, 0xff, 0x37, 0x32, 0xed, 0xff,
    0x37, 0x32, 0xed, 0xff, 0x37, 0x32, 0xed, 0xff, 0x37, 0x32, 0xed, 0xff,
    0x37, 0x32, 0xed, 0xff, 0x37, 0x32, 0xed, 0xff, 0x37, 0x32, 0xed, 0xff,
    0x37, 0x32, 0xed, 0xff, 0x37, 0x32, 0xed, 0xff, 0x37, 0x32, 0xed, 0xff,
    0x37, 0x32, 0xed, 0xff, 0x37, 0x32, 0xed, 0xff, 0x37, 0x32, 0xed, 0xff,
    0x37, 0x32, 0xed, 0xff, 0x37, 0x32, 0xed, 0xff, 0x37, 0x32, 0xed, 0xff,
    0x37, 0x32, 0xed, 0xff, 0x37, 0x32, 0xed, 0xff, 0x37, 0x32, 0xed, 0xff,
    0x37, 0x32, 0xed, 0xff, 0x37, 0x32, 0xed, 0xff, 0x37, 0x32, 0xed, 0xff,
    0x37, 0x32, 0xed, 0xff, 0x37, 0x32, 0xed, 0xff, 0x37, 0x32, 0xed, 0xff,
    0x37, 0x32, 0xed, 0xff, 0x37, 0x32, 0xed, 0xff, 0x37, 0x32, 0xed, 0xff,
    0x37, 0x32, 0xed, 0xff, 0x37, 0x32, 0xed, 0xff, 0x37, 0x32, 0xed, 0xff,
    0x37, 0x32, 0xed, 0xff, 0x37, 0x32, 0xed, 0xff, 0x37, 0x32, 0xed, 0xff,
    0x37, 0x32, 0xed, 0xff, 0x37, 0x32, 0xed, 0xff, 0x37, 0x32, 0xed, 0xff,
    0x37, 0x32, 0xed, 0xff, 0x37, 0x32, 0xed, 0xff, 0x37, 0x32, 0xed, 0xff,
    0x37, 0x32, 0xed, 0xff, 0x37, 0x32, 0xed, 0xff, 0x37, 0x32, 0xed, 0xff,
    0x37, 0x32, 0xed, 0xff, 0x37, 0x32, 0xed, 0xff, 0x37, 0x32, 0xed, 0xff,
    0x37, 0x32, 0xed, 0xff, 0x37, 0x32, 0xed, 0xff, 0x37, 0x32, 0xed, 0xff,
    0x37, 0x32, 0xed, 0xff, 0x37, 0x32, 0xed, 0xff, 0x37, 0x32, 0xed, 0xff,
    0x37, 0x32, 0xed, 0xff, 0x37, 0x32, 0xed, 0xff, 0x37, 0x32, 0xed, 0xff,
    0x37, 0x32, 0xed, 0xff, 0x37, 0x32, 0xed, 0xff, 0x37, 0x32, 0xed, 0xff,
    0x37, 0x32, 0xed, 0xc1, 0x36, 0x32, 0xed, 0x7e, 0x37, 0x32, 0xed, 0xff,
    0x37, 0x32, 0xed, 0xff, 0x37, 0x32, 0xed, 0xff, 0x37, 0x32, 0xed, 0xff,
    0x37, 0x32, 0xed, 0xff, 0x37, 0x32, 0xed, 0xff, 0x37, 0x32, 0xed, 0xff,
    0x37, 0x32, 0xed, 0xff, 0x37, 0x32, 0xed, 0xff, 0x37, 0x32, 0xed, 0xff,
    0x37, 0x32, 0xed, 0xff, 0x37, 0x32, 0xed, 0xff, 0x37, 0x32, 0xed, 0xff,
    0x37, 0x32, 0xed, 0xff, 0x37, 0x32, 0xed, 0xff, 0x37, 0x32, 0xed, 0xff,
    0x37, 0x32, 0xed, 0xff, 0x37, 0x32, 0xed, 0xff, 0x37, 0x32, 0xed, 0xff,
    0x37, 0x32, 0xed, 0xff, 0x37, 0x32, 0xed, 0xff, 0x37, 0x32, 0xed, 0xff,
    0x37, 0x32, 0xed, 0xff, 0x37, 0x32, 0xed, 0xff, 0x37, 0x32, 0xed, 0xff,
    0x37, 0x32, 0xed, 0xff, 0x37, 0x32, 0xed, 0xff, 0x37, 0x32, 0xed, 0xff,
    0x37, 0x32, 0xed, 0xff, 0x37, 0x32, 0xed, 0xff, 0x37, 0x32, 0xed, 0xff,
    0x37, 0x32, 0xed, 0xff, 0x37, 0x32, 0xed, 0xff, 0x37, 0x32, 0xed, 0xff,
    0x37, 0x32, 0xed, 0xff, 0x37, 0x32, 0xed, 0xff, 0x37, 0x32, 0xed, 0xff,
    0x37, 0x32, 0xed, 0xff, 0x37, 0x32, 0xed, 0xff, 0x37, 0x32, 0xed, 0xff,
    0x37, 0x32, 0xed, 0xff, 0x37, 0x32, 0xed, 0xff, 0x37, 0x32, 0xed, 0xff,
    0x37, 0x32, 0xed, 0xff, 0x37, 0x32, 0xed, 0xff, 0x37, 0x32, 0xed, 0xff,
    0x37, 0x32, 0xed, 0xff, 0x37, 0x32, 0xed, 0xff, 0x37, 0x32, 0xed, 0xff,
    0x37, 0x32, 0xed, 0xff, 0x37, 0x32, 0xed, 0xff, 0x37, 0x32, 0xed, 0xff,
    0x37, 0x32, 0xed, 0xff, 0x37, 0x32, 0xed, 0xff, 0x37, 0x32, 0xed, 0xff,
    0x37, 0x32, 0xed, 0xff, 0x37, 0x32, 0xed, 0xff, 0x37, 0x32, 0xed, 0xff,
    0x37, 0x32, 0xed, 0xff, 0x37, 0x32, 0xed, 0xff, 0x37, 0x32, 0xed, 0xff,
    0x37, 0x32, 0xed, 0xff, 0x37, 0x32, 0xed, 0xff, 0x37, 0x32, 0xed, 0xff,
    0x37, 0x32, 0xed, 0xff, 0x37, 0x32, 0xed, 0xc1, 0x36, 0x32, 0xed, 0x7e,
    0x37, 0x32, 0xed, 0xff, 0x37, 0x32, 0xed, 0xff, 0x37, 0x32, 0xed, 0xff,
    0x37, 0x32, 0xed, 0xff, 0x37, 0x32, 0xed, 0xff, 0x37, 0x32, 0xed, 0xff,
    0x37, 0x32, 0xed, 0xff, 0x37, 0x32, 0xed, 0xff, 0x37, 0x32, 0xed, 0xff,
    0x37, 0x32, 0xed, 0xff, 0x37, 0x32, 0xed, 0xff, 0x37, 0x32, 0xed, 0xff,
    0x37, 0x32, 0xed, 0xff, 0x37, 0x32, 0xed, 0xff, 0x37, 0x32, 0xed, 0xff,
    0x37, 0x32, 0xed, 0xff, 0x37, 0x32, 0xed, 0xff, 0x37, 0x32, 0xed, 0xff,
    0x37, 0x32, 0xed, 0xff, 0x37, 0x32, 0xed, 0xff, 0x37, 0x32, 0xed, 0xff,
    0x37, 0x32, 0xed, 0xff, 0x37, 0x32, 0xed, 0xff, 0x37, 0x32, 0xed, 0xff,
    0x37, 0x32, 0xed, 0xff, 0x37, 0x32, 0xed, 0xff, 0x37, 0x32, 0xed, 0xff,
    0x37, 0x32, 0xed, 0xff, 0x37, 0x32, 0xed, 0xff, 0x37, 0x32, 0xed, 0xff,
    0x37, 0x32, 0xed, 0xff, 0x37, 0x32, 0xed, 0xff, 0x37, 0x32, 0xed, 0xff,
    0x37, 0x32, 0xed, 0xff, 0x37, 0x32, 0xed, 0xff, 0x37, 0x32, 0xed, 0xff,
    0x37, 0x32, 0xed, 0xff, 0x37, 0x32, 0xed, 0xff, 0x37, 0x32, 0xed, 0xff,
    0x37, 0x32, 0xed, 0xff, 0x37, 0x32, 0xed, 0xff, 0x37, 0x32, 0xed, 0xff,
    0x37, 0x32, 0xed, 0xff, 0x37, 0x32, 0xed, 0xff, 0x37, 0x32, 0xed, 0xff,
    0x37, 0x32, 0xed, 0xff, 0x37, 0x32, 0xed, 0xff, 0x37, 0x32, 0xed, 0xff,
    0x37, 0x32, 0xed, 0xff, 0x37, 0x32, 0xed, 0xff, 0x37, 0x32, 0xed, 0xff,
    0x37, 0x32, 0xed, 0xff, 0x37, 0x32, 0xed, 0xff, 0x37, 0x32, 0xed, 0xff,
    0x37, 0x32, 0xed, 0xff, 0x37, 0x32, 0xed, 0xff, 0x37, 0x32, 0xed, 0xff,
    0x37, 0x32, 0xed, 0xff, 0x37, 0x32, 0xed, 0xff, 0x37, 0x32, 0xed, 0xff,
    0x37, 0x32, 0xed, 0xff, 0x37, 0x32, 0xed, 0xff, 0x37, 0x32, 0xed, 0xff,
    0x37, 0x32, 0xed, 0xff, 0x37, 0x32, 0xed, 0xff, 0x37, 0x32, 0xed, 0xc1,
    0x36, 0x32, 0xed, 0x7e, 0x37, 0x32, 0xed, 0xff, 0x37, 0x32, 0xed, 0xff,
    0x37, 0x32, 0xed, 0xff, 0x37, 0x32, 0xed, 0xff, 0x37, 0x32, 0xed, 0xff,
    0x37, 0x32, 0xed, 0xff, 0x37, 0x32, 0xed, 0xff, 0x37, 0x32, 0xed, 0xff,
    0x37, 0x32, 0xed, 0xff, 0x37, 0x32, 0xed, 0xff, 0x37, 0x32, 0xed, 0xff,
    0x37, 0x32, 0xed, 0xff, 0x37, 0x32, 0xed, 0xff, 0x37, 0x32, 0xed, 0xff,
    0x37, 0x32, 0xed, 0xff, 0x37, 0x32, 0xed, 0xff, 0x37, 0x32, 0xed, 0xff,
    0x37, 0x32, 0xed, 0xff, 0x37, 0x32, 0xed, 0xff, 0x37, 0x32, 0xed, 0xff,
    0x37, 0x32, 0xed, 0xff, 0x37, 0x32, 0xed, 0xff, 0x37, 0x32, 0xed, 0xff,
    0x37, 0x32, 0xed, 0xff, 0x37, 0x32, 0xed, 0xff, 0x37, 0x32, 0xed, 0xff,
    0x37, 0x32, 0xed, 0xff, 0x37, 0x32, 0xed, 0xff, 0x37, 0x32, 0xed, 0xff,
    0x37, 0x32, 0xed, 0xff, 0x37, 0x32, 0xed, 0xff, 0x37, 0x32, 0xed, 0xff,
    0x37, 0x32, 0xed, 0xff, 0x37, 0x32, 0xed, 0xff, 0x37, 0x32, 0xed, 0xff,
    0x37, 0x32, 0xed, 0xff, 0x37, 0x32, 0xed, 0xff, 0x37, 0x32, 0xed, 0xff,
    0x37, 0x32, 0xed, 0xff, 0x37, 0x32, 0xed, 0xff, 0x37, 0x32, 0xed, 0xff,
    0x37, 0x32, 0xed, 0xff, 0x37, 0x32, 0xed, 0xff, 0x37, 0x32, 0xed, 0xff,
    0x37, 0x32, 0xed, 0xff, 0x37, 0x32, 0xed, 0xff, 0x37, 0x32, 0xed, 0xff,
    0x37, 0x32, 0xed, 0xff, 0x37, 0x32, 0xed, 0xff, 0x37, 0x32, 0xed, 0xff,
    0x37, 0x32, 0xed, 0xff, 0x37, 0x32, 0xed, 0xff, 0x37, 0x32, 0xed, 0xff,
    0x37, 0x32, 0xed, 0xff, 0x37, 0x32, 0xed, 0xff, 0x37, 0x32, 0xed, 0xff,
    0x37, 0x32, 0xed, 0xff, 0x37, 0x32, 0xed, 0xff, 0x37, 0x32, 0xed, 0xff,
    0x37, 0x32, 0xed, 0xff, 0x37, 0x32, 0xed, 0xff, 0x37, 0x32, 0xed, 0xff,
    0x37, 0x32, 0xed, 0xff, 0x37, 0x32, 0xed, 0xff, 0x37, 0x32, 0xed, 0xff,
    0x37, 0x32, 0xed, 0xc1, 0x36, 0x32, 0xed, 0x7e, 0x37, 0x32, 0xed, 0xff,
    0x37, 0x32, 0xed, 0xff, 0x37, 0x32, 0xed, 0xff, 0x37, 0x32, 0xed, 0xff,
    0x37, 0x32, 0xed, 0xff, 0x37, 0x32, 0xed, 0xff, 0x37, 0x32, 0xed, 0xff,
    0x37, 0x32, 0xed, 0xff, 0x37, 0x32, 0xed, 0xff, 0x37, 0x32, 0xed, 0xff,
    0x37, 0x32, 0xed, 0xff, 0x37, 0x32, 0xed, 0xff, 0x37, 0x32, 0xed, 0xff,
    0x37, 0x32, 0xed, 0xff, 0x37, 0x32, 0xed, 0xff, 0x37, 0x32, 0xed, 0xff,
    0x37, 0x32, 0xed, 0xff, 0x37, 0x32, 0xed, 0xff, 0x37, 0x32, 0xed, 0xff,
    0x37, 0x32, 0xed, 0xff, 0x37, 0x32, 0xed, 0xff, 0x37, 0x32, 0xed, 0xff,
    0x37, 0x32, 0xed, 0xff, 0x37, 0x32, 0xed, 0xff, 0x37, 0x32, 0xed, 0xff,
    0x37, 0x32, 0xed, 0xff, 0x37, 0x32, 0xed, 0xff, 0x37, 0x32, 0xed, 0xff,
    0x37, 0x32, 0xed, 0xff, 0x37, 0x32, 0xed, 0xff, 0x37, 0x32, 0xed, 0xff,
    0x37, 0x32, 0xed, 0xff, 0x37, 0x32, 0xed, 0xff, 0x37, 0x32, 0xed, 0xff,
    0x37, 0x32, 0xed, 0xff, 0x37, 0x32, 0xed, 0xff, 0x37, 0x32, 0xed, 0xff,
    0x37, 0x32, 0xed, 0xff, 0x37, 0x32, 0xed, 0xff, 0x37, 0x32, 0xed, 0xff,
    0x37, 0x32, 0xed, 0xff, 0x37, 0x32, 0xed, 0xff, 0x37, 0x32, 0xed, 0xff,
    0x37, 0x32, 0xed, 0xff, 0x37, 0x32, 0xed, 0xff, 0x37, 0x32, 0xed, 0xff,
    0x37, 0x32, 0xed, 0xff, 0x37, 0x32, 0xed, 0xff, 0x37, 0x32, 0xed, 0xff,
    0x37, 0x32, 0xed, 0xff, 0x37, 0x32, 0xed, 0xff, 0x37, 0x32, 0xed, 0xff,
    0x37, 0x32, 0xed, 0xff, 0x37, 0x32, 0xed, 0xff, 0x37, 0x32, 0xed, 0xff,
    0x37, 0x32, 0xed, 0xff, 0x37, 0x32, 0xed, 0xff, 0x37, 0x32, 0xed, 0xff,
    0x37, 0x32, 0xed, 0xff, 0x37, 0x32, 0xed, 0xff, 0x37, 0x32, 0xed, 0xff,
    0x37, 0x32, 0xed, 0xff, 0x37, 0x32, 0xed, 0xff, 0x37, 0x32, 0xed, 0xff,
    0x37, 0x32, 0xed, 0xff, 0x37, 0x32, 0xed, 0xc1, 0x36, 0x32, 0xed, 0x7e,
    0x37, 0x32, 0xed, 0xff, 0x37, 0x32, 0xed, 0xff, 0x37, 0x32, 0xed, 0xff,
    0x37, 0x32, 0xed, 0xff, 0x37, 0x32, 0xed, 0xff, 0x37, 0x32, 0xed, 0xff,
    0x37, 0x32, 0xed, 0xff, 0x37, 0x32, 0xed, 0xff, 0x37, 0x32, 0xed, 0xff,
    0x37, 0x32, 0xed, 0xff, 0x37, 0x32, 0xed, 0xff, 0x37, 0x32, 0xed, 0xff,
    0x37, 0x32, 0xed, 0xff, 0x37, 0x32, 0xed, 0xff, 0x37, 0x32, 0xed, 0xff,
    0x37, 0x32, 0xed, 0xff, 0x37, 0x32, 0xed, 0xff, 0x37, 0x32, 0xed, 0xff,
    0x37, 0x32, 0xed, 0xff, 0x37, 0x32, 0xed, 0xff, 0x37, 0x32, 0xed, 0xff,
    0x37, 0x32, 0xed, 0xff, 0x37, 0x32, 0xed, 0xff, 0x37, 0x32, 0xed, 0xff,
    0x37, 0x32, 0xed, 0xff, 0x37, 0x32, 0xed, 0xff, 0x37, 0x32, 0xed, 0xff,
    0x37, 0x32, 0xed, 0xff, 0x37, 0x32, 0xed, 0xff, 0x37, 0x32, 0xed, 0xff,
    0x37, 0x32, 0xed, 0xff, 0x37, 0x32, 0xed, 0xff, 0x37, 0x32, 0xed, 0xff,
    0x37, 0x32, 0xed, 0xff, 0x37, 0x32, 0xed, 0xff, 0x37, 0x32, 0xed, 0xff,
    0x37, 0x32, 0xed, 0xff, 0x37, 0x32, 0xed, 0xff, 0x37, 0x32, 0xed, 0xff,
    0x37, 0x32, 0xed, 0xff, 0x37, 0x32, 0xed, 0xff, 0x37, 0x32, 0xed, 0xff,
    0x37, 0x32, 0xed, 0xff, 0x37, 0x32, 0xed, 0xff, 0x37, 0x32, 0xed, 0xff,
    0x37, 0x32, 0xed, 0xff, 0x37, 0x32, 0xed, 0xff, 0x37, 0x32, 0xed, 0xff,
    0x37, 0x32, 0xed, 0xff, 0x37, 0x32, 0xed, 0xff, 0x37, 0x32, 0xed, 0xff,
    0x37, 0x32, 0xed, 0xff, 0x37, 0x32, 0xed, 0xff, 0x37, 0x32, 0xed, 0xff,
    0x37, 0x32, 0xed, 0xff, 0x37, 0x32, 0xed, 0xff, 0x37, 0x32, 0xed, 0xff,
    0x37, 0x32, 0xed, 0xff, 0x37, 0x32, 0xed, 0xff, 0x37, 0x32, 0xed, 0xff,
    0x37, 0x32, 0xed, 0xff, 0x37, 0x32, 0xed, 0xff, 0x37, 0x32, 0xed, 0xff,
    0x37, 0x32, 0xed, 0xff, 0x37, 0x32, 0xed, 0xff, 0x37, 0x32, 0xed, 0xc1,
    0x36, 0x32, 0xed, 0x7e, 0x37, 0x32, 0xed, 0xff, 0x37, 0x32, 0xed, 0xff,
    0x37, 0x32, 0xed, 0xff, 0x37, 0x32, 0xed, 0xff, 0x37, 0x32, 0xed, 0xff,
    0x37, 0x32, 0xed, 0xff, 0x37, 0x32, 0xed, 0xff, 0x37, 0x32, 0xed, 0xff,
    0x37, 0x32, 0xed, 0xff, 0x37, 0x32, 0xed, 0xff, 0x37, 0x32, 0xed, 0xff,
    0x37, 0x32, 0xed, 0xff, 0x37, 0x32, 0xed, 0xff, 0x37, 0x32, 0xed, 0xff,
    0x37, 0x32, 0xed, 0xff, 0x37, 0x32, 0xed, 0xff, 0x37, 0x32, 0xed, 0xff,
    0x37, 0x32, 0xed, 0xff, 0x37, 0x32, 0xed, 0xff, 0x37, 0x32, 0xed, 0xff,
    0x37, 0x32, 0xed, 0xff, 0x37, 0x32, 0xed, 0xff, 0x37, 0x32, 0xed, 0xff,
    0x37, 0x32, 0xed, 0xff, 0x37, 0x32, 0xed, 0xff, 0x37, 0x32, 0xed, 0xff,
    0x37, 0x32, 0xed, 0xff, 0x37, 0x32, 0xed, 0xff, 0x37, 0x32, 0xed, 0xff,
    0x37, 0x32, 0xed, 0xff, 0x37, 0x32, 0xed, 0xff, 0x37, 0x32, 0xed, 0xff,
    0x37, 0x32, 0xed, 0xff, 0x37, 0x32, 0xed, 0xff, 0x37, 0x32, 0xed, 0xff,
    0x37, 0x32, 0xed, 0xff, 0x37, 0x32, 0xed, 0xff, 0x37, 0x32, 0xed, 0xff,
    0x37, 0x32, 0xed, 0xff, 0x37, 0x32, 0xed, 0xff, 0x37, 0x32, 0xed, 0xff,
    0x37, 0x32, 0xed, 0xff, 0x37, 0x32, 0xed, 0xff, 0x37, 0x32, 0xed, 0xff,
    0x37, 0x32, 0xed, 0xff, 0x37, 0x32, 0xed, 0xff, 0x37, 0x32, 0xed, 0xff,
    0x37, 0x32, 0xed, 0xff, 0x37, 0x32, 0xed, 0xff, 0x37, 0x32, 0xed, 0xff,
    0x37, 0x32, 0xed, 0xff, 0x37, 0x32, 0xed, 0xff, 0x37, 0x32, 0xed, 0xff,
    0x37, 0x32, 0xed, 0xff, 0x37, 0x32, 0xed, 0xff, 0x37, 0x32, 0xed, 0xff,
    0x37, 0x32, 0xed, 0xff, 0x37, 0x32, 0xed, 0xff, 0x37, 0x32, 0xed, 0xff,
    0x37, 0x32, 0xed, 0xff, 0x37, 0x32, 0xed, 0xff, 0x37, 0x32, 0xed, 0xff,
    0x37, 0x32, 0xed, 0xff, 0x37, 0x32, 0xed, 0xff, 0x37, 0x32, 0xed, 0xff,
    0x37, 0x32, 0xed, 0xc1, 0x36, 0x32, 0xed, 0x7e, 0x37, 0x32, 0xed, 0xff,
    0x37, 0x32, 0xed, 0xff, 0x37, 0x32, 0xed, 0xff, 0x37, 0x32, 0xed, 0xff,
    0x37, 0x32, 0xed, 0xff, 0x37, 0x32, 0xed, 0xff, 0x37, 0x32, 0xed, 0xff,
    0x37, 0x32, 0xed, 0xff, 0x37, 0x32, 0xed, 0xff, 0x37, 0x32, 0xed, 0xff,
    0x37, 0x32, 0xed, 0xff, 0x37, 0x32, 0xed, 0xff, 0x37, 0x32, 0xed, 0xff,
    0x37, 0x32, 0xed, 0xff, 0x37, 0x32, 0xed, 0xff, 0x37, 0x32, 0xed, 0xff,
    0x37, 0x32, 0xed, 0xff, 0x37, 0x32, 0xed, 0xff, 0x37, 0x32, 0xed, 0xff,
    0x37, 0x32, 0xed, 0xff, 0x37, 0x32, 0xed, 0xff, 0x37, 0x32, 0xed, 0xff,
    0x37, 0x32, 0xed, 0xff, 0x37, 0x32, 0xed, 0xff, 0x37, 0x32, 0xed, 0xff,
    0x37, 0x32, 0xed, 0xff, 0x37, 0x32, 0xed, 0xff, 0x37, 0x32, 0xed, 0xff,
    0x37, 0x32, 0xed, 0xff, 0x37, 0x32, 0xed, 0xff, 0x37, 0x32, 0xed, 0xff,
    0x37, 0x32, 0xed, 0xff, 0x37, 0x32, 0xed, 0xff, 0x37, 0x32, 0xed, 0xff,
    0x37, 0x32, 0xed, 0xff, 0x37, 0x32, 0xed, 0xff, 0x37, 0x32, 0xed, 0xff,
    0x37, 0x32, 0xed, 0xff, 0x37, 0x32, 0xed, 0xff, 0x37, 0x32, 0xed, 0xff,
    0x37, 0x32, 0xed, 0xff, 0x37, 0x32, 0xed, 0xff, 0x37, 0x32, 0xed, 0xff,
    0x37, 0x32, 0xed, 0xff, 0x37, 0x32, 0xed, 0xff, 0x37, 0x32, 0xed, 0xff,
    0x37, 0x32, 0xed, 0xff, 0x37, 0x32, 0xed, 0xff, 0x37, 0x32, 0xed, 0xff,
    0x37, 0x32, 0xed, 0xff, 0x37, 0x32, 0xed, 0xff, 0x37, 0x32, 0xed, 0xff,
    0x37, 0x32, 0xed, 0xff, 0x37, 0x32, 0xed, 0xff, 0x37, 0x32, 0xed, 0xff,
    0x37, 0x32, 0xed, 0xff, 0x37, 0x32, 0xed, 0xff, 0x37, 0x32, 0xed, 0xff,
    0x37, 0x32, 0xed, 0xff, 0x37, 0x32, 0xed, 0xff, 0x37, 0x32, 0xed, 0xff,
    0x37, 0x32, 0xed, 0xff, 0x37, 0x32, 0xed, 0xff, 0x37, 0x32, 0xed, 0xff,
    0x37, 0x32, 0xed, 0xff, 0x37, 0x32, 0xed, 0xc1, 0x36, 0x32, 0xed, 0x7e,
    0x37, 0x32, 0xed, 0xff, 0x37, 0x32, 0xed, 0xff, 0x37, 0x32, 0xed, 0xff,
    0x37, 0x32, 0xed, 0xff, 0x37, 0x32, 0xed, 0xff, 0x37, 0x32, 0xed, 0xff,
    0x37, 0x32, 0xed, 0xff, 0x37, 0x32, 0xed, 0xff, 0x37, 0x32, 0xed, 0xff,
    0x37, 0x32, 0xed, 0xff, 0x37, 0x32, 0xed, 0xff, 0x37, 0x32, 0xed, 0xff,
    0x37, 0x32, 0xed, 0xff, 0x37, 0x32, 0xed, 0xff, 0x37, 0x32, 0xed, 0xff,
    0x37, 0x32, 0xed, 0xff, 0x37, 0x32, 0xed, 0xff, 0x37, 0x32, 0xed, 0xff,
    0x37, 0x32, 0xed, 0xff, 0x37, 0x32, 0xed, 0xff, 0x37, 0x32, 0xed, 0xff,
    0x37, 0x32, 0xed, 0xff, 0x37, 0x32, 0xed, 0xff, 0x37, 0x32, 0xed, 0xff,
    0x37, 0x32, 0xed, 0xff, 0x37, 0x32, 0xed, 0xff, 0x37, 0x32, 0xed, 0xff,
    0x37, 0x32, 0xed, 0xff, 0x37, 0x32, 0xed, 0xff, 0x37, 0x32, 0xed, 0xff,
    0x37, 0x32, 0xed, 0xff, 0x37, 0x32, 0xed, 0xff, 0x37, 0x32, 0xed, 0xff,
    0x37, 0x32, 0xed, 0xff, 0x37, 0x32, 0xed, 0xff, 0x37, 0x32, 0xed, 0xff,
    0x37, 0x32, 0xed, 0xff, 0x37, 0x32, 0xed, 0xff, 0x37, 0x32, 0xed, 0xff,
    0x37, 0x32, 0xed, 0xff, 0x37, 0x32, 0xed, 0xff, 0x37, 0x32, 0xed, 0xff,
    0x37, 0x32, 0xed, 0xff, 0x37, 0x32, 0xed, 0xff, 0x37, 0x32, 0xed, 0xff,
    0x37, 0x32, 0xed, 0xff, 0x37, 0x32, 0xed, 0xff, 0x37, 0x32, 0xed, 0xff,
    0x37, 0x32, 0xed, 0xff, 0x37, 0x32, 0xed, 0xff, 0x37, 0x32, 0xed, 0xff,
    0x37, 0x32, 0xed, 0xff, 0x37, 0x32, 0xed, 0xff, 0x37, 0x32, 0xed, 0xff,
    0x37, 0x32, 0xed, 0xff, 0x37, 0x32, 0xed, 0xff, 0x37, 0x32, 0xed, 0xff,
    0x37, 0x32, 0xed, 0xff, 0x37, 0x32, 0xed, 0xff, 0x37, 0x32, 0xed, 0xff,
    0x37, 0x32, 0xed, 0xff, 0x37, 0x32, 0xed, 0xff, 0x37, 0x32, 0xed, 0xff,
    0x37, 0x32, 0xed, 0xff, 0x37, 0x32, 0xed, 0xff, 0x37, 0x32, 0xed, 0xc1,
    0x36, 0x32, 0xed, 0x7e, 0x37, 0x32, 0xed, 0xff, 0x37, 0x32, 0xed, 0xff,
    0x37, 0x32, 0xed, 0xff, 0x37, 0x32, 0xed, 0xff, 0x37, 0x32, 0xed, 0xff,
    0x37, 0x32, 0xed, 0xff, 0x37, 0x32, 0xed, 0xff, 0x37, 0x32, 0xed, 0xff,
    0x37, 0x32, 0xed, 0xff, 0x37, 0x32, 0xed, 0xff, 0x37, 0x32, 0xed, 0xff,
    0x37, 0x32, 0xed, 0xff, 0x37, 0x32, 0xed, 0xff, 0x37, 0x32, 0xed, 0xff,
    0x37, 0x32, 0xed, 0xff, 0x37, 0x32, 0xed, 0xff, 0x37, 0x32, 0xed, 0xff,
    0x37, 0x32, 0xed, 0xff, 0x37, 0x32, 0xed, 0xff, 0x37, 0x32, 0xed, 0xff,
    0x37, 0x32, 0xed, 0xff, 0x37, 0x32, 0xed, 0xff, 0x37, 0x32, 0xed, 0xff,
    0x37, 0x32, 0xed, 0xff, 0x37, 0x32, 0xed, 0xff, 0x37, 0x32, 0xed, 0xff,
    0x37, 0x32, 0xed, 0xff, 0x37, 0x32, 0xed, 0xff, 0x37, 0x32, 0xed, 0xff,
    0x37, 0x32, 0xed, 0xff, 0x37, 0x32, 0xed, 0xff, 0x37, 0x32, 0xed, 0xff,
    0x37, 0x32, 0xed, 0xff, 0x37, 0x32, 0xed, 0xff, 0x37, 0x32, 0xed, 0xff,
    0x37, 0x32, 0xed, 0xff, 0x37, 0x32, 0xed, 0xff, 0x37, 0x32, 0xed, 0xff,
    0x37, 0x32, 0xed, 0xff, 0x37, 0x32, 0xed, 0xff, 0x37, 0x32, 0xed, 0xff,
    0x37, 0x32, 0xed, 0xff, 0x37, 0x32, 0xed, 0xff, 0x37, 0x32, 0xed, 0xff,
    0x37, 0x32, 0xed, 0xff, 0x37, 0x32, 0xed, 0xff, 0x37, 0x32, 0xed, 0xff,
    0x37, 0x32, 0xed, 0xff, 0x37, 0x32, 0xed, 0xff, 0x37, 0x32, 0xed, 0xff,
    0x37, 0x32, 0xed, 0xff, 0x37, 0x32, 0xed, 0xff, 0x37, 0x32, 0xed, 0xff,
    0x37, 0x32, 0xed, 0xff, 0x37, 0x32, 0xed, 0xff, 0x37, 0x32, 0xed, 0xff,
    0x37, 0x32, 0xed, 0xff, 0x37, 0x32, 0xed, 0xff, 0x37, 0x32, 0xed, 0xff,
    0x37, 0x32, 0xed, 0xff, 0x37, 0x32, 0xed, 0xff, 0x37, 0x32, 0xed, 0xff,
    0x37, 0x32, 0xed, 0xff, 0x37, 0x32, 0xed, 0xff, 0x37, 0x32, 0xed, 0xff,
    0x37, 0x32, 0xed, 0xc1, 0x36, 0x32, 0xed, 0x7e, 0x37, 0x32, 0xed, 0xff,
    0x37, 0x32, 0xed, 0xff, 0x37, 0x32, 0xed, 0xff, 0x37, 0x32, 0xed, 0xff,
    0x37, 0x32, 0xed, 0xff, 0x37, 0x32, 0xed, 0xff, 0x37, 0x32, 0xed, 0xff,
    0x37, 0x32, 0xed, 0xff, 0x37, 0x32, 0xed, 0xff, 0x37, 0x32, 0xed, 0xff,
    0x37, 0x32, 0xed, 0xff, 0x37, 0x32, 0xed, 0xff, 0x37, 0x32, 0xed, 0xff,
    0x37, 0x32, 0xed, 0xff, 0x37, 0x32, 0xed, 0xff, 0x37, 0x32, 0xed, 0xff,
    0x37, 0x32, 0xed, 0xff, 0x37, 0x32, 0xed, 0xff, 0x37, 0x32, 0xed, 0xff,
    0x37, 0x32, 0xed, 0xff, 0x37, 0x32, 0xed, 0xff, 0x37, 0x32, 0xed, 0xff,
    0x37, 0x32, 0xed, 0xff, 0x37, 0x32, 0xed, 0xff, 0x37, 0x32, 0xed, 0xff,
    0x37, 0x32, 0xed, 0xff, 0x37, 0x32, 0xed, 0xff, 0x37, 0x32, 0xed, 0xff,
    0x37, 0x32, 0xed, 0xff, 0x37, 0x32, 0xed, 0xff, 0x37, 0x32, 0xed, 0xff,
    0x37, 0x32, 0xed, 0xff, 0x37, 0x32, 0xed, 0xff, 0x37, 0x32, 0xed, 0xff,
    0x37, 0x32, 0xed, 0xff, 0x37, 0x32, 0xed, 0xff, 0x37, 0x32, 0xed, 0xff,
    0x37, 0x32, 0xed, 0xff, 0x37, 0x32, 0xed, 0xff, 0x37, 0x32, 0xed, 0xff,
    0x37, 0x32, 0xed, 0xff, 0x37, 0x32, 0xed, 0xff, 0x37, 0x32, 0xed, 0xff,
    0x37, 0x32, 0xed, 0xff, 0x37, 0x32, 0xed, 0xff, 0x37, 0x32, 0xed, 0xff,
    0x37, 0x32, 0xed, 0xff, 0x37, 0x32, 0xed, 0xff, 0x37, 0x32, 0xed, 0xff,
    0x37, 0x32, 0xed, 0xff, 0x37, 0x32, 0xed, 0xff, 0x37, 0x32, 0xed, 0xff,
    0x37, 0x32, 0xed, 0xff, 0x37, 0x32, 0xed, 0xff, 0x37, 0x32, 0xed, 0xff,
    0x37, 0x32, 0xed, 0xff, 0x37, 0x32, 0xed, 0xff, 0x37, 0x32, 0xed, 0xff,
    0x37, 0x32, 0xed, 0xff, 0x37, 0x32, 0xed, 0xff, 0x37, 0x32, 0xed, 0xff,
    0x37, 0x32, 0xed, 0xff, 0x37, 0x32, 0xed, 0xff, 0x37, 0x32, 0xed, 0xff,
    0x37, 0x32, 0xed, 0xff, 0x37, 0x32, 0xed, 0xc1, 0x36, 0x32, 0xed, 0x7e,
    0x37, 0x32, 0xed, 0xff, 0x37, 0x32, 0xed, 0xff, 0x37, 0x32, 0xed, 0xff,
    0x37, 0x32, 0xed, 0xff, 0x37, 0x32, 0xed, 0xff, 0x37, 0x32, 0xed, 0xff,
    0x37, 0x32, 0xed, 0xff, 0x37, 0x32, 0xed, 0xff, 0x37, 0x32, 0xed, 0xff,
    0x37, 0x32, 0xed, 0xff, 0x37, 0x32, 0xed, 0xff, 0x37, 0x32, 0xed, 0xff,
    0x37, 0x32, 0xed, 0xff, 0x37, 0x32, 0xed, 0xff, 0x37, 0x32, 0xed, 0xff,
    0x37, 0x32, 0xed, 0xff, 0x37, 0x32, 0xed, 0xff, 0x37, 0x32, 0xed, 0xff,
    0x37, 0x32, 0xed, 0xff, 0x37, 0x32, 0xed, 0xff, 0x37, 0x32, 0xed, 0xff,
    0x37, 0x32, 0xed, 0xff, 0x37, 0x32, 0xed, 0xff, 0x37, 0x32, 0xed, 0xff,
    0x37, 0x32, 0xed, 0xff, 0x37, 0x32, 0xed, 0xff, 0x37, 0x32, 0xed, 0xff,
    0x37, 0x32, 0xed, 0xff, 0x37, 0x32, 0xed, 0xff, 0x37, 0x32, 0xed, 0xff,
    0x37, 0x32, 0xed, 0xff, 0x37, 0x32, 0xed, 0xff, 0x37, 0x32, 0xed, 0xff,
    0x37, 0x32, 0xed, 0xff, 0x37, 0x32, 0xed, 0xff, 0x37, 0x32, 0xed, 0xff,
    0x37, 0x32, 0xed, 0xff, 0x37, 0x32, 0xed, 0xff, 0x37, 0x32, 0xed, 0xff,
    0x37, 0x32, 0xed, 0xff, 0x37, 0x32, 0xed, 0xff, 0x37, 0x32, 0xed, 0xff,
    0x37, 0x32, 0xed, 0xff, 0x37, 0x32, 0xed, 0xff, 0x37, 0x32, 0xed, 0xff,
    0x37, 0x32, 0xed, 0xff, 0x37, 0x32, 0xed, 0xff, 0x37, 0x32, 0xed, 0xff,
    0x37, 0x32, 0xed, 0xff, 0x37, 0x32, 0xed, 0xff, 0x37, 0x32, 0xed, 0xff,
    0x37, 0x32, 0xed, 0xff, 0x37, 0x32, 0xed, 0xff, 0x37, 0x32, 0xed, 0xff,
    0x37, 0x32, 0xed, 0xff, 0x37, 0x32, 0xed, 0xff, 0x37, 0x32, 0xed, 0xff,
    0x37, 0x32, 0xed, 0xff, 0x37, 0x32, 0xed, 0xff, 0x37, 0x32, 0xed, 0xff,
    0x37, 0x32, 0xed, 0xff, 0x37, 0x32, 0xed, 0xff, 0x37, 0x32, 0xed, 0xff,
    0x37, 0x32, 0xed, 0xff, 0x37, 0x32, 0xed, 0xff, 0x37, 0x32, 0xed, 0xc1,
    0x36, 0x32, 0xed, 0x7e, 0x37, 0x32, 0xed, 0xff, 0x37, 0x32, 0xed, 0xff,
    0x37, 0x32, 0xed, 0xff, 0x37, 0x32, 0xed, 0xff, 0x37, 0x32, 0xed, 0xff,
    0x37, 0x32, 0xed, 0xff, 0x37, 0x32, 0xed, 0xff, 0x37, 0x32, 0xed, 0xff,
    0x37, 0x32, 0xed, 0xff, 0x37, 0x32, 0xed, 0xff, 0x37, 0x32, 0xed, 0xff,
    0x37, 0x32, 0xed, 0xff, 0x37, 0x32, 0xed, 0xff, 0x37, 0x32, 0xed, 0xff,
    0x37, 0x32, 0xed, 0xff, 0x37, 0x32, 0xed, 0xff, 0x37, 0x32, 0xed, 0xff,
    0x37, 0x32, 0xed, 0xff, 0x37, 0x32, 0xed, 0xff, 0x37, 0x32, 0xed, 0xff,
    0x37, 0x32, 0xed, 0xff, 0x37, 0x32, 0xed, 0xff, 0x37, 0x32, 0xed, 0xff,
    0x37, 0x32, 0xed, 0xff, 0x37, 0x32, 0xed, 0xff, 0x37, 0x32, 0xed, 0xff,
    0x37, 0x32, 0xed, 0xff, 0x37, 0x32, 0xed, 0xff, 0x37, 0x32, 0xed, 0xff,
    0x37, 0x32, 0xed, 0xff, 0x37, 0x32, 0xed, 0xff, 0x37, 0x32, 0xed, 0xff,
    0x37, 0x32, 0xed, 0xff, 0x37, 0x32, 0xed, 0xff, 0x37, 0x32, 0xed, 0xff,
    0x37, 0x32, 0xed, 0xff, 0x37, 0x32, 0xed, 0xff, 0x37, 0x32, 0xed, 0xff,
    0x37, 0x32, 0xed, 0xff, 0x37, 0x32, 0xed, 0xff, 0x37, 0x32, 0xed, 0xff,
    0x37, 0x32, 0xed, 0xff, 0x37, 0x32, 0xed, 0xff, 0x37, 0x32, 0xed, 0xff,
    0x37, 0x32, 0xed, 0xff, 0x37, 0x32, 0xed, 0xff, 0x37, 0x32, 0xed, 0xff,
    0x37, 0x32, 0xed, 0xff, 0x37, 0x32, 0xed, 0xff, 0x37, 0x32, 0xed, 0xff,
    0x37, 0x32, 0xed, 0xff, 0x37, 0x32, 0xed, 0xff, 0x37, 0x32, 0xed, 0xff,
    0x37, 0x32, 0xed, 0xff, 0x37, 0x32, 0xed, 0xff, 0x37, 0x32, 0xed, 0xff,
    0x37, 0x32, 0xed, 0xff, 0x37, 0x32, 0xed, 0xff, 0x37, 0x32, 0xed, 0xff,
    0x37, 0x32, 0xed, 0xff, 0x37, 0x32, 0xed, 0xff, 0x37, 0x32, 0xed, 0xff,
    0x37, 0x32, 0xed, 0xff, 0x37, 0x32, 0xed, 0xff, 0x37, 0x32, 0xed, 0xff,
    0x37, 0x32, 0xed, 0xc1, 0x36, 0x32, 0xed, 0x7e, 0x37, 0x32, 0xed, 0xff,
    0x37, 0x32, 0xed, 0xff, 0x37, 0x32, 0xed, 0xff, 0x37, 0x32, 0xed, 0xff,
    0x37, 0x32, 0xed, 0xff, 0x37, 0x32, 0xed, 0xff, 0x37, 0x32, 0xed, 0xff,
    0x37, 0x32, 0xed, 0xff, 0x37, 0x32, 0xed, 0xff, 0x37, 0x32, 0xed, 0xff,
    0x37, 0x32, 0xed, 0xff, 0x37, 0x32, 0xed, 0xff, 0x37, 0x32, 0xed, 0xff,
    0x37, 0x32, 0xed, 0xff, 0x37, 0x32, 0xed, 0xff, 0x37, 0x32, 0xed, 0xff,
    0x37, 0x32, 0xed, 0xff, 0x37, 0x32, 0xed, 0xff, 0x37, 0x32, 0xed, 0xff,
    0x37, 0x32, 0xed, 0xff, 0x37, 0x32, 0xed, 0xff, 0x37, 0x32, 0xed, 0xff,
    0x37, 0x32, 0xed, 0xff, 0x37, 0x32, 0xed, 0xff, 0x37, 0x32, 0xed, 0xff,
    0x37, 0x32, 0xed, 0xff, 0x37, 0x32, 0xed, 0xff, 0x37, 0x32, 0xed, 0xff,
    0x37, 0x32, 0xed, 0xff, 0x37, 0x32, 0xed, 0xff, 0x37, 0x32, 0xed, 0xff,
    0x37, 0x32, 0xed, 0xff, 0x37, 0x32, 0xed, 0xff, 0x37, 0x32, 0xed, 0xff,
    0x37, 0x32, 0xed, 0xff, 0x37, 0x32, 0xed, 0xff, 0x37, 0x32, 0xed, 0xff,
    0x37, 0x32, 0xed, 0xff, 0x37, 0x32, 0xed, 0xff, 0x37, 0x32, 0xed, 0xff,
    0x37, 0x32, 0xed, 0xff, 0x37, 0x32, 0xed, 0xff, 0x37, 0x32, 0xed, 0xff,
    0x37, 0x32, 0xed, 0xff, 0x37, 0x32, 0xed, 0xff, 0x37, 0x32, 0xed, 0xff,
    0x37, 0x32, 0xed, 0xff, 0x37, 0x32, 0xed, 0xff, 0x37, 0x32, 0xed, 0xff,
    0x37, 0x32, 0xed, 0xff, 0x37, 0x32, 0xed, 0xff, 0x37, 0x32, 0xed, 0xff,
    0x37, 0x32, 0xed, 0xff, 0x37, 0x32, 0xed, 0xff, 0x37, 0x32, 0xed, 0xff,
    0x37, 0x32, 0xed, 0xff, 0x37, 0x32, 0xed, 0xff, 0x37, 0x32, 0xed, 0xff,
    0x37, 0x32, 0xed, 0xff, 0x37, 0x32, 0xed, 0xff, 0x37, 0x32, 0xed, 0xff,
    0x37, 0x32, 0xed, 0xff, 0x37, 0x32, 0xed, 0xff, 0x37, 0x32, 0xed, 0xff,
    0x37, 0x32, 0xed, 0xff, 0x37, 0x32, 0xed, 0xc1, 0x36, 0x32, 0xed, 0x7e,
    0x37, 0x32, 0xed, 0xff, 0x37, 0x32, 0xed, 0xff, 0x37, 0x32, 0xed, 0xff,
    0x37, 0x32, 0xed, 0xff, 0x37, 0x32, 0xed, 0xff, 0x37, 0x32, 0xed, 0xff,
    0x37, 0x32, 0xed, 0xff, 0x37, 0x32, 0xed, 0xff, 0x37, 0x32, 0xed, 0xff,
    0x37, 0x32, 0xed, 0xff, 0x37, 0x32, 0xed, 0xff, 0x37, 0x32, 0xed, 0xff,
    0x37, 0x32, 0xed, 0xff, 0x37, 0x32, 0xed, 0xff, 0x37, 0x32, 0xed, 0xff,
    0x37, 0x32, 0xed, 0xff, 0x37, 0x32, 0xed, 0xff, 0x37, 0x32, 0xed, 0xff,
    0x37, 0x32, 0xed, 0xff, 0x37, 0x32, 0xed, 0xff, 0x37, 0x32, 0xed, 0xff,
    0x37, 0x32, 0xed, 0xff, 0x37, 0x32, 0xed, 0xff, 0x37, 0x32, 0xed, 0xff,
    0x37, 0x32, 0xed, 0xff, 0x37, 0x32, 0xed, 0xff, 0x37, 0x32, 0xed, 0xff,
    0x37, 0x32, 0xed, 0xff, 0x37, 0x32, 0xed, 0xff, 0x37, 0x32, 0xed, 0xff,
    0x37, 0x32, 0xed, 0xff, 0x37, 0x32, 0xed, 0xff, 0x37, 0x32, 0xed, 0xff,
    0x37, 0x32, 0xed, 0xff, 0x37, 0x32, 0xed, 0xff, 0x37, 0x32, 0xed, 0xff,
    0x37, 0x32, 0xed, 0xff, 0x37, 0x32, 0xed, 0xff, 0x37, 0x32, 0xed, 0xff,
    0x37, 0x32, 0xed, 0xff, 0x37, 0x32, 0xed, 0xff, 0x37, 0x32, 0xed, 0xff,
    0x37, 0x32, 0xed, 0xff, 0x37, 0x32, 0xed, 0xff, 0x37, 0x32, 0xed, 0xff,
    0x37, 0x32, 0xed, 0xff, 0x37, 0x32, 0xed, 0xff, 0x37, 0x32, 0xed, 0xff,
    0x37, 0x32, 0xed, 0xff, 0x37, 0x32, 0xed, 0xff, 0x37, 0x32, 0xed, 0xff,
    0x37, 0x32, 0xed, 0xff, 0x37, 0x32, 0xed, 0xff, 0x37, 0x32, 0xed, 0xff,
    0x37, 0x32, 0xed, 0xff, 0x37, 0x32, 0xed, 0xff, 0x37, 0x32, 0xed, 0xff,
    0x37, 0x32, 0xed, 0xff, 0x37, 0x32, 0xed, 0xff, 0x37, 0x32, 0xed, 0xff,
    0x37, 0x32, 0xed, 0xff, 0x37, 0x32, 0xed, 0xff, 0x37, 0x32, 0xed, 0xff,
    0x37, 0x32, 0xed, 0xff, 0x37, 0x32, 0xed, 0xff, 0x37, 0x32, 0xed, 0xc1,
    0x36, 0x32, 0xed, 0x7e, 0x37, 0x32, 0xed, 0xff, 0x37, 0x32, 0xed, 0xff,
    0x37, 0x32, 0xed, 0xff, 0x37, 0x32, 0xed, 0xff, 0x37, 0x32, 0xed, 0xff,
    0x37, 0x32, 0xed, 0xff, 0x37, 0x32, 0xed, 0xff, 0x37, 0x32, 0xed, 0xff,
    0x37, 0x32, 0xed, 0xff, 0x37, 0x32, 0xed, 0xff, 0x37, 0x32, 0xed, 0xff,
    0x37, 0x32, 0xed, 0xff, 0x37, 0x32, 0xed, 0xff, 0x37, 0x32, 0xed, 0xff,
    0x37, 0x32, 0xed, 0xff, 0x37, 0x32, 0xed, 0xff, 0x37, 0x32, 0xed, 0xff,
    0x37, 0x32, 0xed, 0xff, 0x37, 0x32, 0xed, 0xff, 0x37, 0x32, 0xed, 0xff,
    0x37, 0x32, 0xed, 0xff, 0x37, 0x32, 0xed, 0xff, 0x37, 0x32, 0xed, 0xff,
    0x37, 0x32, 0xed, 0xff, 0x37, 0x32, 0xed, 0xff, 0x37, 0x32, 0xed, 0xff,
    0x37, 0x32, 0xed, 0xff, 0x37, 0x32, 0xed, 0xff, 0x37, 0x32, 0xed, 0xff,
    0x37, 0x32, 0xed, 0xff, 0x37, 0x32, 0xed, 0xff, 0x37, 0x32, 0xed, 0xff,
    0x37, 0x32, 0xed, 0xff, 0x37, 0x32, 0xed, 0xff, 0x37, 0x32, 0xed, 0xff,
    0x37, 0x32, 0xed, 0xff, 0x37, 0x32, 0xed, 0xff, 0x37, 0x32, 0xed, 0xff,
    0x37, 0x32, 0xed, 0xff, 0x37, 0x32, 0xed, 0xff, 0x37, 0x32, 0xed, 0xff,
    0x37, 0x32, 0xed, 0xff, 0x37, 0x32, 0xed, 0xff, 0x37, 0x32, 0xed, 0xff,
    0x37, 0x32, 0xed, 0xff, 0x37, 0x32, 0xed, 0xff, 0x37, 0x32, 0xed, 0xff,
    0x37, 0x32, 0xed, 0xff, 0x37, 0x32, 0xed, 0xff, 0x37, 0x32, 0xed, 0xff,
    0x37, 0x32, 0xed, 0xff, 0x37, 0x32, 0xed, 0xff, 0x37, 0x32, 0xed, 0xff,
    0x37, 0x32, 0xed, 0xff, 0x37, 0x32, 0xed, 0xff, 0x37, 0x32, 0xed, 0xff,
    0x37, 0x32, 0xed, 0xff, 0x37, 0x32, 0xed, 0xff, 0x37, 0x32, 0xed, 0xff,
    0x37, 0x32, 0xed, 0xff, 0x37, 0x32, 0xed, 0xff, 0x37, 0x32, 0xed, 0xff,
    0x37, 0x32, 0xed, 0xff, 0x37, 0x32, 0xed, 0xff, 0x37, 0x32, 0xed, 0xff,
    0x37, 0x32, 0xed, 0xc1, 0x36, 0x32, 0xed, 0x7e, 0x37, 0x32, 0xed, 0xff,
    0x37, 0x32, 0xed, 0xff, 0x37, 0x32, 0xed, 0xff, 0x37, 0x32, 0xed, 0xff,
    0x37, 0x32, 0xed, 0xff, 0x37, 0x32, 0xed, 0xff, 0x37, 0x32, 0xed, 0xff,
    0x37, 0x32, 0xed, 0xff, 0x37, 0x32, 0xed, 0xff, 0x37, 0x32, 0xed, 0xff,
    0x37, 0x32, 0xed, 0xff, 0x37, 0x32, 0xed, 0xff, 0x37, 0x32, 0xed, 0xff,
    0x37, 0x32, 0xed, 0xff, 0x37, 0x32, 0xed, 0xff, 0x37, 0x32, 0xed, 0xff,
    0x37, 0x32, 0xed, 0xff, 0x37, 0x32, 0xed, 0xff, 0x37, 0x32, 0xed, 0xff,
    0x37, 0x32, 0xed, 0xff, 0x37, 0x32, 0xed, 0xff, 0x37, 0x32, 0xed, 0xff,
    0x37, 0x32, 0xed, 0xff, 0x37, 0x32, 0xed, 0xff, 0x37, 0x32, 0xed, 0xff,
    0x37, 0x32, 0xed, 0xff, 0x37, 0x32, 0xed, 0xff, 0x37, 0x32, 0xed, 0xff,
    0x37, 0x32, 0xed, 0xff, 0x37, 0x32, 0xed, 0xff, 0x37, 0x32, 0xed, 0xff,
    0x37, 0x32, 0xed, 0xff, 0x37, 0x32, 0xed, 0xff, 0x37, 0x32, 0xed, 0xff,
    0x37, 0x32, 0xed, 0xff, 0x37, 0x32, 0xed, 0xff, 0x37, 0x32, 0xed, 0xff,
    0x37, 0x32, 0xed, 0xff, 0x37, 0x32, 0xed, 0xff, 0x37, 0x32, 0xed, 0xff,
    0x37, 0x32, 0xed, 0xff, 0x37, 0x32, 0xed, 0xff, 0x37, 0x32, 0xed, 0xff,
    0x37, 0x32, 0xed, 0xff, 0x37, 0x32, 0xed, 0xff, 0x37, 0x32, 0xed, 0xff,
    0x37, 0x32, 0xed, 0xff, 0x37, 0x32, 0xed, 0xff, 0x37, 0x32, 0xed, 0xff,
    0x37, 0x32, 0xed, 0xff, 0x37, 0x32, 0xed, 0xff, 0x37, 0x32, 0xed, 0xff,
    0x37, 0x32, 0xed, 0xff, 0x37, 0x32, 0xed, 0xff, 0x37, 0x32, 0xed, 0xff,
    0x37, 0x32, 0xed, 0xff, 0x37, 0x32, 0xed, 0xff, 0x37, 0x32, 0xed, 0xff,
    0x37, 0x32, 0xed, 0xff, 0x37, 0x32, 0xed, 0xff, 0x37, 0x32, 0xed, 0xff,
    0x37, 0x32, 0xed, 0xff, 0x37, 0x32, 0xed, 0xff, 0x37, 0x32, 0xed, 0xff,
    0x37, 0x32, 0xed, 0xff, 0x37, 0x32, 0xed, 0xc1, 0x36, 0x32, 0xed, 0x7e,
    0x37, 0x32, 0xed, 0xff, 0x37, 0x32, 0xed, 0xff, 0x37, 0x32, 0xed, 0xff,
    0x37, 0x32, 0xed, 0xff, 0x37, 0x32, 0xed, 0xff, 0x37, 0x32, 0xed, 0xff,
    0x37, 0x32, 0xed, 0xff, 0x37, 0x32, 0xed, 0xff, 0x37, 0x32, 0xed, 0xff,
    0x37, 0x32, 0xed, 0xff, 0x37, 0x32, 0xed, 0xff, 0x37, 0x32, 0xed, 0xff,
    0x37, 0x32, 0xed, 0xff, 0x37, 0x32, 0xed, 0xff, 0x37, 0x32, 0xed, 0xff,
    0x37, 0x32, 0xed, 0xff, 0x37, 0x32, 0xed, 0xff, 0x37, 0x32, 0xed, 0xff,
    0x37, 0x32, 0xed, 0xff, 0x37, 0x32, 0xed, 0xff, 0x37, 0x32, 0xed, 0xff,
    0x37, 0x32, 0xed, 0xff, 0x37, 0x32, 0xed, 0xff, 0x37, 0x32, 0xed, 0xff,
    0x37, 0x32, 0xed, 0xff, 0x37, 0x32, 0xed, 0xff, 0x37, 0x32, 0xed, 0xff,
    0x37, 0x32, 0xed, 0xff, 0x37, 0x32, 0xed, 0xff, 0x37, 0x32, 0xed, 0xff,
    0x37, 0x32, 0xed, 0xff, 0x37, 0x32, 0xed, 0xff, 0x37, 0x32, 0xed, 0xff,
    0x37, 0x32, 0xed, 0xff, 0x37, 0x32, 0xed, 0xff, 0x37, 0x32, 0xed, 0xff,
    0x37, 0x32, 0xed, 0xff, 0x37, 0x32, 0xed, 0xff, 0x37, 0x32, 0xed, 0xff,
    0x37, 0x32, 0xed, 0xff, 0x37, 0x32, 0xed, 0xff, 0x37, 0x32, 0xed, 0xff,
    0x37, 0x32, 0xed, 0xff, 0x37, 0x32, 0xed, 0xff, 0x37, 0x32, 0xed, 0xff,
    0x37, 0x32, 0xed, 0xff, 0x37, 0x32, 0xed, 0xff, 0x37, 0x32, 0xed, 0xff,
    0x37, 0x32, 0xed, 0xff, 0x37, 0x32, 0xed, 0xff, 0x37, 0x32, 0xed, 0xff,
    0x37, 0x32, 0xed, 0xff, 0x37, 0x32, 0xed, 0xff, 0x37, 0x32, 0xed, 0xff,
    0x37, 0x32, 0xed, 0xff, 0x37, 0x32, 0xed, 0xff, 0x37, 0x32, 0xed, 0xff,
    0x37, 0x32, 0xed, 0xff, 0x37, 0x32, 0xed, 0xff, 0x37, 0x32, 0xed, 0xff,
    0x37, 0x32, 0xed, 0xff, 0x37, 0x32, 0xed, 0xff, 0x37, 0x32, 0xed, 0xff,
    0x37, 0x32, 0xed, 0xff, 0x37, 0x32, 0xed, 0xff, 0x37, 0x32, 0xed, 0xc1,
    0x36, 0x32, 0xed, 0x7e, 0x37, 0x32, 0xed, 0xff, 0x37, 0x32, 0xed, 0xff,
    0x37, 0x32, 0xed, 0xff, 0x37, 0x32, 0xed, 0xff, 0x37, 0x32, 0xed, 0xff,
    0x37, 0x32, 0xed, 0xff, 0x37, 0x32, 0xed, 0xff, 0x37, 0x32, 0xed, 0xff,
    0x37, 0x32, 0xed, 0xff, 0x37, 0x32, 0xed, 0xff, 0x37, 0x32, 0xed, 0xff,
    0x37, 0x32, 0xed, 0xff, 0x37, 0x32, 0xed, 0xff, 0x37, 0x32, 0xed, 0xff,
    0x37, 0x32, 0xed, 0xff, 0x37, 0x32, 0xed, 0xff, 0x37, 0x32, 0xed, 0xff,
    0x37, 0x32, 0xed, 0xff, 0x37, 0x32, 0xed, 0xff, 0x37, 0x32, 0xed, 0xff,
    0x37, 0x32, 0xed, 0xff, 0x37, 0x32, 0xed, 0xff, 0x37, 0x32, 0xed, 0xff,
    0x37, 0x32, 0xed, 0xff, 0x37, 0x32, 0xed, 0xff, 0x37, 0x32, 0xed, 0xff,
    0x37, 0x32, 0xed, 0xff, 0x37, 0x32, 0xed, 0xff, 0x37, 0x32, 0xed, 0xff,
    0x37, 0x32, 0xed, 0xff, 0x37, 0x32, 0xed, 0xff, 0x37, 0x32, 0xed, 0xff,
    0x37, 0x32, 0xed, 0xff, 0x37, 0x32, 0xed, 0xff, 0x37, 0x32, 0xed, 0xff,
    0x37, 0x32, 0xed, 0xff, 0x37, 0x32, 0xed, 0xff, 0x37, 0x32, 0xed, 0xff,
    0x37, 0x32, 0xed, 0xff, 0x37, 0x32, 0xed, 0xff, 0x37, 0x32, 0xed, 0xff,
    0x37, 0x32, 0xed, 0xff, 0x37, 0x32, 0xed, 0xff, 0x37, 0x32, 0xed, 0xff,
    0x37, 0x32, 0xed, 0xff, 0x37, 0x32, 0xed, 0xff, 0x37, 0x32, 0xed, 0xff,
    0x37, 0x32, 0xed, 0xff, 0x37, 0x32, 0xed, 0xff, 0x37, 0x32, 0xed, 0xff,
    0x37, 0x32, 0xed, 0xff, 0x37, 0x32, 0xed, 0xff, 0x37, 0x32, 0xed, 0xff,
    0x37, 0x32, 0xed, 0xff, 0x37, 0x32, 0xed, 0xff, 0x37, 0x32, 0xed, 0xff,
    0x37, 0x32, 0xed, 0xff, 0x37, 0x32, 0xed, 0xff, 0x37, 0x32, 0xed, 0xff,
    0x37, 0x32, 0xed, 0xff, 0x37, 0x32, 0xed, 0xff, 0x37, 0x32, 0xed, 0xff,
    0x37, 0x32, 0xed, 0xff, 0x37, 0x32, 0xed, 0xff, 0x37, 0x32, 0xed, 0xff,
    0x37, 0x32, 0xed, 0xc1, 0x36, 0x32, 0xed, 0x7e, 0x37, 0x32, 0xed, 0xff,
    0x37, 0x32, 0xed, 0xff, 0x37, 0x32, 0xed, 0xff, 0x37, 0x32, 0xed, 0xff,
    0x37, 0x32, 0xed, 0xff, 0x37, 0x32, 0xed, 0xff, 0x37, 0x32, 0xed, 0xff,
    0x37, 0x32, 0xed, 0xff, 0x37, 0x32, 0xed, 0xff, 0x37, 0x32, 0xed, 0xff,
    0x37, 0x32, 0xed, 0xff, 0x37, 0x32, 0xed, 0xff, 0x37, 0x32, 0xed, 0xff,
    0x37, 0x32, 0xed, 0xff, 0x37, 0x32, 0xed, 0xff, 0x37, 0x32, 0xed, 0xff,
    0x37, 0x32, 0xed, 0xff, 0x37, 0x32, 0xed, 0xff, 0x37, 0x32, 0xed, 0xff,
    0x37, 0x32, 0xed, 0xff, 0x37, 0x32, 0xed, 0xff, 0x37, 0x32, 0xed, 0xff,
    0x37, 0x32, 0xed, 0xff, 0x37, 0x32, 0xed, 0xff, 0x37, 0x32, 0xed, 0xff,
    0x37, 0x32, 0xed, 0xff, 0x37, 0x32, 0xed, 0xff, 0x37, 0x32, 0xed, 0xff,
    0x37, 0x32, 0xed, 0xff, 0x37, 0x32, 0xed, 0xff, 0x37, 0x32, 0xed, 0xff,
    0x37, 0x32, 0xed, 0xff, 0x37, 0x32, 0xed, 0xff, 0x37, 0x32, 0xed, 0xff,
    0x37, 0x32, 0xed, 0xff, 0x37, 0x32, 0xed, 0xff, 0x37, 0x32, 0xed, 0xff,
    0x37, 0x32, 0xed, 0xff, 0x37, 0x32, 0xed, 0xff, 0x37, 0x32, 0xed, 0xff,
    0x37, 0x32, 0xed, 0xff, 0x37, 0x32, 0xed, 0xff, 0x37, 0x32, 0xed, 0xff,
    0x37, 0x32, 0xed, 0xff, 0x37, 0x32, 0xed, 0xff, 0x37, 0x32, 0xed, 0xff,
    0x37, 0x32, 0xed, 0xff, 0x37, 0x32, 0xed, 0xff, 0x37, 0x32, 0xed, 0xff,
    0x37, 0x32, 0xed, 0xff, 0x37, 0x32, 0xed, 0xff, 0x37, 0x32, 0xed, 0xff,
    0x37, 0x32, 0xed, 0xff, 0x37, 0x32, 0xed, 0xff, 0x37, 0x32, 0xed, 0xff,
    0x37, 0x32, 0xed, 0xff, 0x37, 0x32, 0xed, 0xff, 0x37, 0x32, 0xed, 0xff,
    0x37, 0x32, 0xed, 0xff, 0x37, 0x32, 0xed, 0xff, 0x37, 0x32, 0xed, 0xff,
    0x37, 0x32, 0xed, 0xff, 0x37, 0x32, 0xed, 0xff, 0x37, 0x32, 0xed, 0xff,
    0x37, 0x32, 0xed, 0xff, 0x37, 0x32, 0xed, 0xc1, 0x36, 0x32, 0xed, 0x7e,
    0x37, 0x32, 0xed, 0xff, 0x37, 0x32, 0xed, 0xff, 0x37, 0x32, 0xed, 0xff,
    0x37, 0x32, 0xed, 0xff, 0x37, 0x32, 0xed, 0xff, 0x37, 0x32, 0xed, 0xff,
    0x37, 0x32, 0xed, 0xff, 0x37, 0x32, 0xed, 0xff, 0x37, 0x32, 0xed, 0xff,
    0x37, 0x32, 0xed, 0xff, 0x37, 0x32, 0xed, 0xff, 0x37, 0x32, 0xed, 0xff,
    0x37, 0x32, 0xed, 0xff, 0x37, 0x32, 0xed, 0xff, 0x37, 0x32, 0xed, 0xff,
    0x37, 0x32, 0xed, 0xff, 0x37, 0x32, 0xed, 0xff, 0x37, 0x32, 0xed, 0xff,
    0x37, 0x32, 0xed, 0xff, 0x37, 0x32, 0xed, 0xff, 0x37, 0x32, 0xed, 0xff,
    0x37, 0x32, 0xed, 0xff, 0x37, 0x32, 0xed, 0xff, 0x37, 0x32, 0xed, 0xff,
    0x37, 0x32, 0xed, 0xff, 0x37, 0x32, 0xed, 0xff, 0x37, 0x32, 0xed, 0xff,
    0x37, 0x32, 0xed, 0xff, 0x37, 0x32, 0xed, 0xff, 0x37, 0x32, 0xed, 0xff,
    0x37, 0x32, 0xed, 0xff, 0x37, 0x32, 0xed, 0xff, 0x37, 0x32, 0xed, 0xff,
    0x37, 0x32, 0xed, 0xff, 0x37, 0x32, 0xed, 0xff, 0x37, 0x32, 0xed, 0xff,
    0x37, 0x32, 0xed, 0xff, 0x37, 0x32, 0xed, 0xff, 0x37, 0x32, 0xed, 0xff,
    0x37, 0x32, 0xed, 0xff, 0x37, 0x32, 0xed, 0xff, 0x37, 0x32, 0xed, 0xff,
    0x37, 0x32, 0xed, 0xff, 0x37, 0x32, 0xed, 0xff, 0x37, 0x32, 0xed, 0xff,
    0x37, 0x32, 0xed, 0xff, 0x37, 0x32, 0xed, 0xff, 0x37, 0x32, 0xed, 0xff,
    0x37, 0x32, 0xed, 0xff, 0x37, 0x32, 0xed, 0xff, 0x37, 0x32, 0xed, 0xff,
    0x37, 0x32, 0xed, 0xff, 0x37, 0x32, 0xed, 0xff, 0x37, 0x32, 0xed, 0xff,
    0x37, 0x32, 0xed, 0xff, 0x37, 0x32, 0xed, 0xff, 0x37, 0x32, 0xed, 0xff,
    0x37, 0x32, 0xed, 0xff, 0x37, 0x32, 0xed, 0xff, 0x37, 0x32, 0xed, 0xff,
    0x37, 0x32, 0xed, 0xff, 0x37, 0x32, 0xed, 0xff, 0x37, 0x32, 0xed, 0xff,
    0x37, 0x32, 0xed, 0xff, 0x37, 0x32, 0xed, 0xff, 0x37, 0x32, 0xed, 0xc1,
    0x36, 0x32, 0xed, 0x7e, 0x37, 0x32, 0xed, 0xff, 0x37, 0x32, 0xed, 0xff,
    0x37, 0x32, 0xed, 0xff, 0x37, 0x32, 0xed, 0xff, 0x37, 0x32, 0xed, 0xff,
    0x37, 0x32, 0xed, 0xff, 0x37, 0x32, 0xed, 0xff, 0x37, 0x32, 0xed, 0xff,
    0x37, 0x32, 0xed, 0xff, 0x37, 0x32, 0xed, 0xff, 0x37, 0x32, 0xed, 0xff,
    0x37, 0x32, 0xed, 0xff, 0x37, 0x32, 0xed, 0xff, 0x37, 0x32, 0xed, 0xff,
    0x37, 0x32, 0xed, 0xff, 0x37, 0x32, 0xed, 0xff, 0x37, 0x32, 0xed, 0xff,
    0x37, 0x32, 0xed, 0xff, 0x37, 0x32, 0xed, 0xff, 0x37, 0x32, 0xed, 0xff,
    0x37, 0x32, 0xed, 0xff, 0x37, 0x32, 0xed, 0xff, 0x37, 0x32, 0xed, 0xff,
    0x37, 0x32, 0xed, 0xff, 0x37, 0x32, 0xed, 0xff, 0x37, 0x32, 0xed, 0xff,
    0x37, 0x32, 0xed, 0xff, 0x37, 0x32, 0xed, 0xff, 0x37, 0x32, 0xed, 0xff,
    0x37, 0x32, 0xed, 0xff, 0x37, 0x32, 0xed, 0xff, 0x37, 0x32, 0xed, 0xff,
    0x37, 0x32, 0xed, 0xff, 0x37, 0x32, 0xed, 0xff, 0x37, 0x32, 0xed, 0xff,
    0x37, 0x32, 0xed, 0xff, 0x37, 0x32, 0xed, 0xff, 0x37, 0x32, 0xed, 0xff,
    0x37, 0x32, 0xed, 0xff, 0x37, 0x32, 0xed, 0xff, 0x37, 0x32, 0xed, 0xff,
    0x37, 0x32, 0xed, 0xff, 0x37, 0x32, 0xed, 0xff, 0x37, 0x32, 0xed, 0xff,
    0x37, 0x32, 0xed, 0xff, 0x37, 0x32, 0xed, 0xff, 0x37, 0x32, 0xed, 0xff,
    0x37, 0x32, 0xed, 0xff, 0x37, 0x32, 0xed, 0xff, 0x37, 0x32, 0xed, 0xff,
    0x37, 0x32, 0xed, 0xff, 0x37, 0x32, 0xed, 0xff, 0x37, 0x32, 0xed, 0xff,
    0x37, 0x32, 0xed, 0xff, 0x37, 0x32, 0xed, 0xff, 0x37, 0x32, 0xed, 0xff,
    0x37, 0x32, 0xed, 0xff, 0x37, 0x32, 0xed, 0xff, 0x37, 0x32, 0xed, 0xff,
    0x37, 0x32, 0xed, 0xff, 0x37, 0x32, 0xed, 0xff, 0x37, 0x32, 0xed, 0xff,
    0x37, 0x32, 0xed, 0xff, 0x37, 0x32, 0xed, 0xff, 0x37, 0x32, 0xed, 0xff,
    0x37, 0x32, 0xed, 0xc1, 0x37, 0x31, 0xed, 0x7b, 0x37, 0x32, 0xed, 0xff,
    0x37, 0x32, 0xed, 0xff, 0x37, 0x32, 0xed, 0xff, 0x37, 0x32, 0xed, 0xff,
    0x37, 0x32, 0xed, 0xff, 0x37, 0x32, 0xed, 0xff, 0x37, 0x32, 0xed, 0xff,
    0x37, 0x32, 0xed, 0xff, 0x37, 0x32, 0xed, 0xff, 0x37, 0x32, 0xed, 0xff,
    0x37, 0x32, 0xed, 0xff, 0x37, 0x32, 0xed, 0xff, 0x37, 0x32, 0xed, 0xff,
    0x37, 0x32, 0xed, 0xff, 0x37, 0x32, 0xed, 0xff, 0x37, 0x32, 0xed, 0xff,
    0x37, 0x32, 0xed, 0xff, 0x37, 0x32, 0xed, 0xff, 0x37, 0x32, 0xed, 0xff,
    0x37, 0x32, 0xed, 0xff, 0x37, 0x32, 0xed, 0xff, 0x37, 0x32, 0xed, 0xff,
    0x37, 0x32, 0xed, 0xff, 0x37, 0x32, 0xed, 0xff, 0x37, 0x32, 0xed, 0xff,
    0x37, 0x32, 0xed, 0xff, 0x37, 0x32, 0xed, 0xff, 0x37, 0x32, 0xed, 0xff,
    0x37, 0x32, 0xed, 0xff, 0x37, 0x32, 0xed, 0xff, 0x37, 0x32, 0xed, 0xff,
    0x37, 0x32, 0xed, 0xff, 0x37, 0x32, 0xed, 0xff, 0x37, 0x32, 0xed, 0xff,
    0x37, 0x32, 0xed, 0xff, 0x37, 0x32, 0xed, 0xff, 0x37, 0x32, 0xed, 0xff,
    0x37, 0x32, 0xed, 0xff, 0x37, 0x32, 0xed, 0xff, 0x37, 0x32, 0xed, 0xff,
    0x37, 0x32, 0xed, 0xff, 0x37, 0x32, 0xed, 0xff, 0x37, 0x32, 0xed, 0xff,
    0x37, 0x32, 0xed, 0xff, 0x37, 0x32, 0xed, 0xff, 0x37, 0x32, 0xed, 0xff,
    0x37, 0x32, 0xed, 0xff, 0x37, 0x32, 0xed, 0xff, 0x37, 0x32, 0xed, 0xff,
    0x37, 0x32, 0xed, 0xff, 0x37, 0x32, 0xed, 0xff, 0x37, 0x32, 0xed, 0xff,
    0x37, 0x32, 0xed, 0xff, 0x37, 0x32, 0xed, 0xff, 0x37, 0x32, 0xed, 0xff,
    0x37, 0x32, 0xed, 0xff, 0x37, 0x32, 0xed, 0xff, 0x37, 0x32, 0xed, 0xff,
    0x37, 0x32, 0xed, 0xff, 0x37, 0x32, 0xed, 0xff, 0x37, 0x32, 0xed, 0xff,
    0x37, 0x32, 0xed, 0xff, 0x37, 0x32, 0xed, 0xff, 0x37, 0x32, 0xed, 0xff,
    0x37, 0x32, 0xed, 0xff, 0x37, 0x32, 0xed, 0xbe, 0x37, 0x32, 0xed, 0x6e,
    0x37, 0x32, 0xed, 0xff, 0x37, 0x32, 0xed, 0xff, 0x37, 0x32, 0xed, 0xff,
    0x37, 0x32, 0xed, 0xff, 0x37, 0x32, 0xed, 0xff, 0x37, 0x32, 0xed, 0xff,
    0x37, 0x32, 0xed, 0xff, 0x37, 0x32, 0xed, 0xff, 0x37, 0x32, 0xed, 0xff,
    0x37, 0x32, 0xed, 0xff, 0x37, 0x32, 0xed, 0xff, 0x37, 0x32, 0xed, 0xff,
    0x37, 0x32, 0xed, 0xff, 0x37, 0x32, 0xed, 0xff, 0x37, 0x32, 0xed, 0xff,
    0x37, 0x32, 0xed, 0xff, 0x37, 0x32, 0xed, 0xff, 0x37, 0x32, 0xed, 0xff,
    0x37, 0x32, 0xed, 0xff, 0x37, 0x32, 0xed, 0xff, 0x37, 0x32, 0xed, 0xff,
    0x37, 0x32, 0xed, 0xff, 0x37, 0x32, 0xed, 0xff, 0x37, 0x32, 0xed, 0xff,
    0x37, 0x32, 0xed, 0xff, 0x37, 0x32, 0xed, 0xff, 0x37, 0x32, 0xed, 0xff,
    0x37, 0x32, 0xed, 0xff, 0x37, 0x32, 0xed, 0xff, 0x37, 0x32, 0xed, 0xff,
    0x37, 0x32, 0xed, 0xff, 0x37, 0x32, 0xed, 0xff, 0x37, 0x32, 0xed, 0xff,
    0x37, 0x32, 0xed, 0xff, 0x37, 0x32, 0xed, 0xff, 0x37, 0x32, 0xed, 0xff,
    0x37, 0x32, 0xed, 0xff, 0x37, 0x32, 0xed, 0xff, 0x37, 0x32, 0xed, 0xff,
    0x37, 0x32, 0xed, 0xff, 0x37, 0x32, 0xed, 0xff, 0x37, 0x32, 0xed, 0xff,
    0x37, 0x32, 0xed, 0xff, 0x37, 0x32, 0xed, 0xff, 0x37, 0x32, 0xed, 0xff,
    0x37, 0x32, 0xed, 0xff, 0x37, 0x32, 0xed, 0xff, 0x37, 0x32, 0xed, 0xff,
    0x37, 0x32, 0xed, 0xff, 0x37, 0x32, 0xed, 0xff, 0x37, 0x32, 0xed, 0xff,
    0x37, 0x32, 0xed, 0xff, 0x37, 0x32, 0xed, 0xff, 0x37, 0x32, 0xed, 0xff,
    0x37, 0x32, 0xed, 0xff, 0x37, 0x32, 0xed, 0xff, 0x37, 0x32, 0xed, 0xff,
    0x37, 0x32, 0xed, 0xff, 0x37, 0x32, 0xed, 0xff, 0x37, 0x32, 0xed, 0xff,
    0x37, 0x32, 0xed, 0xff, 0x37, 0x32, 0xed, 0xff, 0x37, 0x32, 0xed, 0xff,
    0x37, 0x32, 0xed, 0xff, 0x37, 0x32, 0xed, 0xff, 0x36, 0x32, 0xed, 0xb2,
    0x36, 0x32, 0xed, 0x53, 0x37, 0x32, 0xed, 0xff, 0x37, 0x32, 0xed, 0xff,
    0x37, 0x32, 0xed, 0xff, 0x37, 0x32, 0xed, 0xff, 0x37, 0x32, 0xed, 0xff,
    0x37, 0x32, 0xed, 0xff, 0x37, 0x32, 0xed, 0xff, 0x37, 0x32, 0xed, 0xff,
    0x37, 0x32, 0xed, 0xff, 0x37, 0x32, 0xed, 0xff, 0x37, 0x32, 0xed, 0xff,
    0x37, 0x32, 0xed, 0xff, 0x37, 0x32, 0xed, 0xff, 0x37, 0x32, 0xed, 0xff,
    0x37, 0x32, 0xed, 0xff, 0x37, 0x32, 0xed, 0xff, 0x37, 0x32, 0xed, 0xff,
    0x37, 0x32, 0xed, 0xff, 0x37, 0x32, 0xed, 0xff, 0x37, 0x32, 0xed, 0xff,
    0x37, 0x32, 0xed, 0xff, 0x37, 0x32, 0xed, 0xff, 0x37, 0x32, 0xed, 0xff,
    0x37, 0x32, 0xed, 0xff, 0x37, 0x32, 0xed, 0xff, 0x37, 0x32, 0xed, 0xff,
    0x37, 0x32, 0xed, 0xff, 0x37, 0x32, 0xed, 0xff, 0x37, 0x32, 0xed, 0xff,
    0x37, 0x32, 0xed, 0xff, 0x37, 0x32, 0xed, 0xff, 0x37, 0x32, 0xed, 0xff,
    0x37, 0x32, 0xed, 0xff, 0x37, 0x32, 0xed, 0xff, 0x37, 0x32, 0xed, 0xff,
    0x37, 0x32, 0xed, 0xff, 0x37, 0x32, 0xed, 0xff, 0x37, 0x32, 0xed, 0xff,
    0x37, 0x32, 0xed, 0xff, 0x37, 0x32, 0xed, 0xff, 0x37, 0x32, 0xed, 0xff,
    0x37, 0x32, 0xed, 0xff, 0x37, 0x32, 0xed, 0xff, 0x37, 0x32, 0xed, 0xff,
    0x37, 0x32, 0xed, 0xff, 0x37, 0x32, 0xed, 0xff, 0x37, 0x32, 0xed, 0xff,
    0x37, 0x32, 0xed, 0xff, 0x37, 0x32, 0xed, 0xff, 0x37, 0x32, 0xed, 0xff,
    0x37, 0x32, 0xed, 0xff, 0x37, 0x32, 0xed, 0xff, 0x37, 0x32, 0xed, 0xff,
    0x37, 0x32, 0xed, 0xff, 0x37, 0x32, 0xed, 0xff, 0x37, 0x32, 0xed, 0xff,
    0x37, 0x32, 0xed, 0xff, 0x37, 0x32, 0xed, 0xff, 0x37, 0x32, 0xed, 0xff,
    0x37, 0x32, 0xed, 0xff, 0x37, 0x32, 0xed, 0xff, 0x37, 0x32, 0xed, 0xff,
    0x37, 0x32, 0xed, 0xff, 0x37, 0x32, 0xed, 0xff, 0x37, 0x32, 0xed, 0xff,
    0x36, 0x31, 0xed, 0x96, 0x34, 0x2e, 0xec, 0x28, 0x37, 0x32, 0xed, 0xff,
    0x37, 0x32, 0xed, 0xff, 0x37, 0x32, 0xed, 0xff, 0x37, 0x32, 0xed, 0xff,
    0x37, 0x32, 0xed, 0xff, 0x37, 0x32, 0xed, 0xff, 0x37, 0x32, 0xed, 0xff,
    0x37, 0x32, 0xed, 0xff, 0x37, 0x32, 0xed, 0xff, 0x37, 0x32, 0xed, 0xff,
    0x37, 0x32, 0xed, 0xff, 0x37, 0x32, 0xed, 0xff, 0x37, 0x32, 0xed, 0xff,
    0x37, 0x32, 0xed, 0xff, 0x37, 0x32, 0xed, 0xff, 0x37, 0x32, 0xed, 0xff,
    0x37, 0x32, 0xed, 0xff, 0x37, 0x32, 0xed, 0xff, 0x37, 0x32, 0xed, 0xff,
    0x37, 0x32, 0xed, 0xff, 0x37, 0x32, 0xed, 0xff, 0x37, 0x32, 0xed, 0xff,
    0x37, 0x32, 0xed, 0xff, 0x37, 0x32, 0xed, 0xff, 0x37, 0x32, 0xed, 0xff,
    0x37, 0x32, 0xed, 0xff, 0x37, 0x32, 0xed, 0xff, 0x37, 0x32, 0xed, 0xff,
    0x37, 0x32, 0xed, 0xff, 0x37, 0x32, 0xed, 0xff, 0x37, 0x32, 0xed, 0xff,
    0x37, 0x32, 0xed, 0xff, 0x37, 0x32, 0xed, 0xff, 0x37, 0x32, 0xed, 0xff,
    0x37, 0x32, 0xed, 0xff, 0x37, 0x32, 0xed, 0xff, 0x37, 0x32, 0xed, 0xff,
    0x37, 0x32, 0xed, 0xff, 0x37, 0x32, 0xed, 0xff, 0x37, 0x32, 0xed, 0xff,
    0x37, 0x32, 0xed, 0xff, 0x37, 0x32, 0xed, 0xff, 0x37, 0x32, 0xed, 0xff,
    0x37, 0x32, 0xed, 0xff, 0x37, 0x32, 0xed, 0xff, 0x37, 0x32, 0xed, 0xff,
    0x37, 0x32, 0xed, 0xff, 0x37, 0x32, 0xed, 0xff, 0x37, 0x32, 0xed, 0xff,
    0x37, 0x32, 0xed, 0xff, 0x37, 0x32, 0xed, 0xff, 0x37, 0x32, 0xed, 0xff,
    0x37, 0x32, 0xed, 0xff, 0x37, 0x32, 0xed, 0xff, 0x37, 0x32, 0xed, 0xff,
    0x37, 0x32, 0xed, 0xff, 0x37, 0x32, 0xed, 0xff, 0x37, 0x32, 0xed, 0xff,
    0x37, 0x32, 0xed, 0xff, 0x37, 0x32, 0xed, 0xff, 0x37, 0x32, 0xed, 0xff,
    0x37, 0x32, 0xed, 0xff, 0x37, 0x32, 0xed, 0xff, 0x37, 0x32, 0xed, 0xff,
    0x37, 0x32, 0xed, 0xff, 0x36, 0x31, 0xed, 0x6b, 0x01, 0x01, 0x01, 0x01,
    0x37, 0x32, 0xed, 0xe7, 0x37, 0x32, 0xed, 0xff, 0x37, 0x32, 0xed, 0xff,
    0x37, 0x32, 0xed, 0xff, 0x37, 0x32, 0xed, 0xff, 0x37, 0x32, 0xed, 0xff,
    0x37, 0x32, 0xed, 0xff, 0x37, 0x32, 0xed, 0xff, 0x37, 0x32, 0xed, 0xff,
    0x37, 0x32, 0xed, 0xff, 0x37, 0x32, 0xed, 0xff, 0x37, 0x32, 0xed, 0xff,
    0x37, 0x32, 0xed, 0xff, 0x37, 0x32, 0xed, 0xff, 0x37, 0x32, 0xed, 0xff,
    0x37, 0x32, 0xed, 0xff, 0x37, 0x32, 0xed, 0xff, 0x37, 0x32, 0xed, 0xff,
    0x37, 0x32, 0xed, 0xff, 0x37, 0x32, 0xed, 0xff, 0x37, 0x32, 0xed, 0xff,
    0x37, 0x32, 0xed, 0xff, 0x37, 0x32, 0xed, 0xff, 0x37, 0x32, 0xed, 0xff,
    0x37, 0x32, 0xed, 0xff, 0x37, 0x32, 0xed, 0xff, 0x37, 0x32, 0xed, 0xff,
    0x37, 0x32, 0xed, 0xff, 0x37, 0x32, 0xed, 0xff, 0x37, 0x32, 0xed, 0xff,
    0x37, 0x32, 0xed, 0xff, 0x37, 0x32, 0xed, 0xff, 0x37, 0x32, 0xed, 0xff,
    0x37, 0x32, 0xed, 0xff, 0x37, 0x32, 0xed, 0xff, 0x37, 0x32, 0xed, 0xff,
    0x37, 0x32, 0xed, 0xff, 0x37, 0x32, 0xed, 0xff, 0x37, 0x32, 0xed, 0xff,
    0x37, 0x32, 0xed, 0xff, 0x37, 0x32, 0xed, 0xff, 0x37, 0x32, 0xed, 0xff,
    0x37, 0x32, 0xed, 0xff, 0x37, 0x32, 0xed, 0xff, 0x37, 0x32, 0xed, 0xff,
    0x37, 0x32, 0xed, 0xff, 0x37, 0x32, 0xed, 0xff, 0x37, 0x32, 0xed, 0xff,
    0x37, 0x32, 0xed, 0xff, 0x37, 0x32, 0xed, 0xff, 0x37, 0x32, 0xed, 0xff,
    0x37, 0x32, 0xed, 0xff, 0x37, 0x32, 0xed, 0xff, 0x37, 0x32, 0xed, 0xff,
    0x37, 0x32, 0xed, 0xff, 0x37, 0x32, 0xed, 0xff, 0x37, 0x32, 0xed, 0xff,
    0x37, 0x32, 0xed, 0xff, 0x37, 0x32, 0xed, 0xff, 0x37, 0x32, 0xed, 0xff,
    0x37, 0x32, 0xed, 0xff, 0x37, 0x32, 0xed, 0xff, 0x37, 0x32, 0xed, 0xff,
    0x37, 0x32, 0xed, 0xff, 0x37, 0x32, 0xed, 0xff, 0x34, 0x2f, 0xe9, 0x2d,
    0xff, 0xff, 0xff, 0x00, 0x37, 0x32, 0xed, 0x99, 0x37, 0x32, 0xed, 0xff,
    0x37, 0x32, 0xed, 0xff, 0x37, 0x32, 0xed, 0xff, 0x37, 0x32, 0xed, 0xff,
    0x37, 0x32, 0xed, 0xff, 0x37, 0x32, 0xed, 0xff, 0x37, 0x32, 0xed, 0xff,
    0x37, 0x32, 0xed, 0xff, 0x37, 0x32, 0xed, 0xff, 0x37, 0x32, 0xed, 0xff,
    0x37, 0x32, 0xed, 0xff, 0x37, 0x32, 0xed, 0xff, 0x37, 0x32, 0xed, 0xff,
    0x37, 0x32, 0xed, 0xff, 0x37, 0x32, 0xed, 0xff, 0x37, 0x32, 0xed, 0xff,
    0x37, 0x32, 0xed, 0xff, 0x37, 0x32, 0xed, 0xff, 0x37, 0x32, 0xed, 0xff,
    0x37, 0x32, 0xed, 0xff, 0x37, 0x32, 0xed, 0xff, 0x37, 0x32, 0xed, 0xff,
    0x37, 0x32, 0xed, 0xff, 0x37, 0x32, 0xed, 0xff, 0x37, 0x32, 0xed, 0xff,
    0x37, 0x32, 0xed, 0xff, 0x37, 0x32, 0xed, 0xff, 0x37, 0x32, 0xed, 0xff,
    0x37, 0x32, 0xed, 0xff, 0x37, 0x32, 0xed, 0xff, 0x37, 0x32, 0xed, 0xff,
    0x37, 0x32, 0xed, 0xff, 0x37, 0x32, 0xed, 0xff, 0x37, 0x32, 0xed, 0xff,
    0x37, 0x32, 0xed, 0xff, 0x37, 0x32, 0xed, 0xff, 0x37, 0x32, 0xed, 0xff,
    0x37, 0x32, 0xed, 0xff, 0x37, 0x32, 0xed, 0xff, 0x37, 0x32, 0xed, 0xff,
    0x37, 0x32, 0xed, 0xff, 0x37, 0x32, 0xed, 0xff, 0x37, 0x32, 0xed, 0xff,
    0x37, 0x32, 0xed, 0xff, 0x37, 0x32, 0xed, 0xff, 0x37, 0x32, 0xed, 0xff,
    0x37, 0x32, 0xed, 0xff, 0x37, 0x32, 0xed, 0xff, 0x37, 0x32, 0xed, 0xff,
    0x37, 0x32, 0xed, 0xff, 0x37, 0x32, 0xed, 0xff, 0x37, 0x32, 0xed, 0xff,
    0x37, 0x32, 0xed, 0xff, 0x37, 0x32, 0xed, 0xff, 0x37, 0x32, 0xed, 0xff,
    0x37, 0x32, 0xed, 0xff, 0x37, 0x32, 0xed, 0xff, 0x37, 0x32, 0xed, 0xff,
    0x37, 0x32, 0xed, 0xff, 0x37, 0x32, 0xed, 0xff, 0x37, 0x32, 0xed, 0xff,
    0x37, 0x32, 0xed, 0xff, 0x37, 0x32, 0xed, 0xff, 0x37, 0x32, 0xed, 0xdc,
    0x01, 0x01, 0x01, 0x01, 0xff, 0xff, 0xff, 0x00, 0x33, 0x2f, 0xed, 0x38,
    0x37, 0x32, 0xed, 0xff, 0x37, 0x32, 0xed, 0xff, 0x37, 0x32, 0xed, 0xff,
    0x37, 0x32, 0xed, 0xff, 0x37, 0x32, 0xed, 0xff, 0x37, 0x32, 0xed, 0xff,
    0x37, 0x32, 0xed, 0xff, 0x37, 0x32, 0xed, 0xff, 0x37, 0x32, 0xed, 0xff,
    0x37, 0x32, 0xed, 0xff, 0x37, 0x32, 0xed, 0xff, 0x37, 0x32, 0xed, 0xff,
    0x37, 0x32, 0xed, 0xff, 0x37, 0x32, 0xed, 0xff, 0x37, 0x32, 0xed, 0xff,
    0x37, 0x32, 0xed, 0xff, 0x37, 0x32, 0xed, 0xff, 0x37, 0x32, 0xed, 0xff,
    0x37, 0x32, 0xed, 0xff, 0x37, 0x32, 0xed, 0xff, 0x37, 0x32, 0xed, 0xff,
    0x37, 0x32, 0xed, 0xff, 0x37, 0x32, 0xed, 0xff, 0x37, 0x32, 0xed, 0xff,
    0x37, 0x32, 0xed, 0xff, 0x37, 0x32, 0xed, 0xff, 0x37, 0x32, 0xed, 0xff,
    0x37, 0x32, 0xed, 0xff, 0x37, 0x32, 0xed, 0xff, 0x37, 0x32, 0xed, 0xff,
    0x37, 0x32, 0xed, 0xff, 0x37, 0x32, 0xed, 0xff, 0x37, 0x32, 0xed, 0xff,
    0x37, 0x32, 0xed, 0xff, 0x37, 0x32, 0xed, 0xff, 0x37, 0x32, 0xed, 0xff,
    0x37, 0x32, 0xed, 0xff, 0x37, 0x32, 0xed, 0xff, 0x37, 0x32, 0xed, 0xff,
    0x37, 0x32, 0xed, 0xff, 0x37, 0x32, 0xed, 0xff, 0x37, 0x32, 0xed, 0xff,
    0x37, 0x32, 0xed, 0xff, 0x37, 0x32, 0xed, 0xff, 0x37, 0x32, 0xed, 0xff,
    0x37, 0x32, 0xed, 0xff, 0x37, 0x32, 0xed, 0xff, 0x37, 0x32, 0xed, 0xff,
    0x37, 0x32, 0xed, 0xff, 0x37, 0x32, 0xed, 0xff, 0x37, 0x32, 0xed, 0xff,
    0x37, 0x32, 0xed, 0xff, 0x37, 0x32, 0xed, 0xff, 0x37, 0x32, 0xed, 0xff,
    0x37, 0x32, 0xed, 0xff, 0x37, 0x32, 0xed, 0xff, 0x37, 0x32, 0xed, 0xff,
    0x37, 0x32, 0xed, 0xff, 0x37, 0x32, 0xed, 0xff, 0x37, 0x32, 0xed, 0xff,
    0x37, 0x32, 0xed, 0xff, 0x37, 0x32, 0xed, 0xff, 0x37, 0x32, 0xed, 0xff,
    0x37, 0x31, 0xed, 0x7b, 0xff, 0xff, 0xff, 0x00, 0xff, 0xff, 0xff, 0x00,
    0xff, 0xff, 0xff, 0x00, 0x37, 0x31, 0xed, 0xbf, 0x37, 0x32, 0xed, 0xff,
    0x37, 0x32, 0xed, 0xff, 0x37, 0x32, 0xed, 0xff, 0x37, 0x32, 0xed, 0xff,
    0x37, 0x32, 0xed, 0xff, 0x37, 0x32, 0xed, 0xff, 0x37, 0x32, 0xed, 0xff,
    0x37, 0x32, 0xed, 0xff, 0x37, 0x32, 0xed, 0xff, 0x37, 0x32, 0xed, 0xff,
    0x37, 0x32, 0xed, 0xff, 0x37, 0x32, 0xed, 0xff, 0x37, 0x32, 0xed, 0xff,
    0x37, 0x32, 0xed, 0xff, 0x37, 0x32, 0xed, 0xff, 0x37, 0x32, 0xed, 0xff,
    0x37, 0x32, 0xed, 0xff, 0x37, 0x32, 0xed, 0xff, 0x37, 0x32, 0xed, 0xff,
    0x37, 0x32, 0xed, 0xff, 0x37, 0x32, 0xed, 0xff, 0x37, 0x32, 0xed, 0xff,
    0x37, 0x32, 0xed, 0xff, 0x37, 0x32, 0xed, 0xff, 0x37, 0x32, 0xed, 0xff,
    0x37, 0x32, 0xed, 0xff, 0x37, 0x32, 0xed, 0xff, 0x37, 0x32, 0xed, 0xff,
    0x37, 0x32, 0xed, 0xff, 0x37, 0x32, 0xed, 0xff, 0x37, 0x32, 0xed, 0xff,
    0x37, 0x32, 0xed, 0xff, 0x37, 0x32, 0xed, 0xff, 0x37, 0x32, 0xed, 0xff,
    0x37, 0x32, 0xed, 0xff, 0x37, 0x32, 0xed, 0xff, 0x37, 0x32, 0xed, 0xff,
    0x37, 0x32, 0xed, 0xff, 0x37, 0x32, 0xed, 0xff, 0x37, 0x32, 0xed, 0xff,
    0x37, 0x32, 0xed, 0xff, 0x37, 0x32, 0xed, 0xff, 0x37, 0x32, 0xed, 0xff,
    0x37, 0x32, 0xed, 0xff, 0x37, 0x32, 0xed, 0xff, 0x37, 0x32, 0xed, 0xff,
    0x37, 0x32, 0xed, 0xff, 0x37, 0x32, 0xed, 0xff, 0x37, 0x32, 0xed, 0xff,
    0x37, 0x32, 0xed, 0xff, 0x37, 0x32, 0xed, 0xff, 0x37, 0x32, 0xed, 0xff,
    0x37, 0x32, 0xed, 0xff, 0x37, 0x32, 0xed, 0xff, 0x37, 0x32, 0xed, 0xff,
    0x37, 0x32, 0xed, 0xff, 0x37, 0x32, 0xed, 0xff, 0x37, 0x32, 0xed, 0xff,
    0x37, 0x32, 0xed, 0xff, 0x37, 0x32, 0xed, 0xff, 0x37, 0x32, 0xed, 0xff,
    0x37, 0x32, 0xed, 0xf1, 0x2e, 0x2e, 0xe2, 0x11, 0xff, 0xff, 0xff, 0x00,
    0xff, 0xff, 0xff, 0x00, 0xff, 0xff, 0xff, 0x00, 0x33, 0x2e, 0xec, 0x33,
    0x37, 0x32, 0xed, 0xfc, 0x37, 0x32, 0xed, 0xff, 0x37, 0x32, 0xed, 0xff,
    0x37, 0x32, 0xed, 0xff, 0x37, 0x32, 0xed, 0xff, 0x37, 0x32, 0xed, 0xff,
    0x37, 0x32, 0xed, 0xff, 0x37, 0x32, 0xed, 0xff, 0x37, 0x32, 0xed, 0xff,
    0x37, 0x32, 0xed, 0xff, 0x37, 0x32, 0xed, 0xff, 0x37, 0x32, 0xed, 0xff,
    0x37, 0x32, 0xed, 0xff, 0x37, 0x32, 0xed, 0xff, 0x37, 0x32, 0xed, 0xff,
    0x37, 0x32, 0xed, 0xff, 0x37, 0x32, 0xed, 0xff, 0x37, 0x32, 0xed, 0xff,
    0x37, 0x32, 0xed, 0xff, 0x37, 0x32, 0xed, 0xff, 0x37, 0x32, 0xed, 0xff,
    0x37, 0x32, 0xed, 0xff, 0x37, 0x32, 0xed, 0xff, 0x37, 0x32, 0xed, 0xff,
    0x37, 0x32, 0xed, 0xff, 0x37, 0x32, 0xed, 0xff, 0x37, 0x32, 0xed, 0xff,
    0x37, 0x32, 0xed, 0xff, 0x37, 0x32, 0xed, 0xff, 0x37, 0x32, 0xed, 0xff,
    0x37, 0x32, 0xed, 0xff, 0x37, 0x32, 0xed, 0xff, 0x37, 0x32, 0xed, 0xff,
    0x37, 0x32, 0xed, 0xff, 0x37, 0x32, 0xed, 0xff, 0x37, 0x32, 0xed, 0xff,
    0x37, 0x32, 0xed, 0xff, 0x37, 0x32, 0xed, 0xff, 0x37, 0x32, 0xed, 0xff,
    0x37, 0x32, 0xed, 0xff, 0x37, 0x32, 0xed, 0xff, 0x37, 0x32, 0xed, 0xff,
    0x37, 0x32, 0xed, 0xff, 0x37, 0x32, 0xed, 0xff, 0x37, 0x32, 0xed, 0xff,
    0x37, 0x32, 0xed, 0xff, 0x37, 0x32, 0xed, 0xff, 0x37, 0x32, 0xed, 0xff,
    0x37, 0x32, 0xed, 0xff, 0x37, 0x32, 0xed, 0xff, 0x37, 0x32, 0xed, 0xff,
    0x37, 0x32, 0xed, 0xff, 0x37, 0x32, 0xed, 0xff, 0x37, 0x32, 0xed, 0xff,
    0x37, 0x32, 0xed, 0xff, 0x37, 0x32, 0xed, 0xff, 0x37, 0x32, 0xed, 0xff,
    0x37, 0x32, 0xed, 0xff, 0x37, 0x32, 0xed, 0xff, 0x37, 0x32, 0xed, 0xff,
    0x37, 0x32, 0xed, 0xff, 0x36, 0x32, 0xec, 0x74, 0xff, 0xff, 0xff, 0x00,
    0xff, 0xff, 0xff, 0x00, 0xff, 0xff, 0xff, 0x00, 0xff, 0xff, 0xff, 0x00,
    0xff, 0xff, 0xff, 0x00, 0x37, 0x32, 0xed, 0x89, 0x37, 0x32, 0xed, 0xff,
    0x37, 0x32, 0xed, 0xff, 0x37, 0x32, 0xed, 0xff, 0x37, 0x32, 0xed, 0xff,
    0x37, 0x32, 0xed, 0xff, 0x37, 0x32, 0xed, 0xff, 0x37, 0x32, 0xed, 0xff,
    0x37, 0x32, 0xed, 0xff, 0x37, 0x32, 0xed, 0xff, 0x37, 0x32, 0xed, 0xff,
    0x37, 0x32, 0xed, 0xff, 0x37, 0x32, 0xed, 0xff, 0x37, 0x32, 0xed, 0xff,
    0x37, 0x32, 0xed, 0xff, 0x37, 0x32, 0xed, 0xff, 0x37, 0x32, 0xed, 0xff,
    0x37, 0x32, 0xed, 0xff, 0x37, 0x32, 0xed, 0xff, 0x37, 0x32, 0xed, 0xff,
    0x37, 0x32, 0xed, 0xff, 0x37, 0x32, 0xed, 0xff, 0x37, 0x32, 0xed, 0xff,
    0x37, 0x32, 0xed, 0xff, 0x37, 0x32, 0xed, 0xff, 0x37, 0x32, 0xed, 0xff,
    0x37, 0x32, 0xed, 0xff, 0x37, 0x32, 0xed, 0xff, 0x37, 0x32, 0xed, 0xff,
    0x37, 0x32, 0xed, 0xff, 0x37, 0x32, 0xed, 0xff, 0x37, 0x32, 0xed, 0xff,
    0x37, 0x32, 0xed, 0xff, 0x37, 0x32, 0xed, 0xff, 0x37, 0x32, 0xed, 0xff,
    0x37, 0x32, 0xed, 0xff, 0x37, 0x32, 0xed, 0xff, 0x37, 0x32, 0xed, 0xff,
    0x37, 0x32, 0xed, 0xff, 0x37, 0x32, 0xed, 0xff, 0x37, 0x32, 0xed, 0xff,
    0x37, 0x32, 0xed, 0xff, 0x37, 0x32, 0xed, 0xff, 0x37, 0x32, 0xed, 0xff,
    0x37, 0x32, 0xed, 0xff, 0x37, 0x32, 0xed, 0xff, 0x37, 0x32, 0xed, 0xff,
    0x37, 0x32, 0xed, 0xff, 0x37, 0x32, 0xed, 0xff, 0x37, 0x32, 0xed, 0xff,
    0x37, 0x32, 0xed, 0xff, 0x37, 0x32, 0xed, 0xff, 0x37, 0x32, 0xed, 0xff,
    0x37, 0x32, 0xed, 0xff, 0x37, 0x32, 0xed, 0xff, 0x37, 0x32, 0xed, 0xff,
    0x37, 0x32, 0xed, 0xff, 0x37, 0x32, 0xed, 0xff, 0x37, 0x32, 0xed, 0xff,
    0x37, 0x32, 0xed, 0xff, 0x37, 0x32, 0xec, 0xc7, 0x34, 0x01, 0xcd, 0x05,
    0xff, 0xff, 0xff, 0x00, 0xff, 0xff, 0xff, 0x00, 0xff, 0xff, 0xff, 0x00,
    0xff, 0xff, 0xff, 0x00, 0xff, 0xff, 0xff, 0x00, 0x34, 0x01, 0xcd, 0x05,
    0x37, 0x31, 0xed, 0xbf, 0x37, 0x32, 0xed, 0xff, 0x37, 0x32, 0xed, 0xff,
    0x37, 0x32, 0xed, 0xff, 0x37, 0x32, 0xed, 0xff, 0x37, 0x32, 0xed, 0xff,
    0x37, 0x32, 0xed, 0xff, 0x37, 0x32, 0xed, 0xff, 0x37, 0x32, 0xed, 0xff,
    0x37, 0x32, 0xed, 0xff, 0x37, 0x32, 0xed, 0xff, 0x37, 0x32, 0xed, 0xff,
    0x37, 0x32, 0xed, 0xff, 0x37, 0x32, 0xed, 0xff, 0x37, 0x32, 0xed, 0xff,
    0x37, 0x32, 0xed, 0xff, 0x37, 0x32, 0xed, 0xff, 0x37, 0x32, 0xed, 0xff,
    0x37, 0x32, 0xed, 0xff, 0x37, 0x32, 0xed, 0xff, 0x37, 0x32, 0xed, 0xff,
    0x37, 0x32, 0xed, 0xff, 0x37, 0x32, 0xed, 0xff, 0x37, 0x32, 0xed, 0xff,
    0x37, 0x32, 0xed, 0xff, 0x37, 0x32, 0xed, 0xff, 0x37, 0x32, 0xed, 0xff,
    0x37, 0x32, 0xed, 0xff, 0x37, 0x32, 0xed, 0xff, 0x37, 0x32, 0xed, 0xff,
    0x37, 0x32, 0xed, 0xff, 0x37, 0x32, 0xed, 0xff, 0x37, 0x32, 0xed, 0xff,
    0x37, 0x32, 0xed, 0xff, 0x37, 0x32, 0xed, 0xff, 0x37, 0x32, 0xed, 0xff,
    0x37, 0x32, 0xed, 0xff, 0x37, 0x32, 0xed, 0xff, 0x37, 0x32, 0xed, 0xff,
    0x37, 0x32, 0xed, 0xff, 0x37, 0x32, 0xed, 0xff, 0x37, 0x32, 0xed, 0xff,
    0x37, 0x32, 0xed, 0xff, 0x37, 0x32, 0xed, 0xff, 0x37, 0x32, 0xed, 0xff,
    0x37, 0x32, 0xed, 0xff, 0x37, 0x32, 0xed, 0xff, 0x37, 0x32, 0xed, 0xff,
    0x37, 0x32, 0xed, 0xff, 0x37, 0x32, 0xed, 0xff, 0x37, 0x32, 0xed, 0xff,
    0x37, 0x32, 0xed, 0xff, 0x37, 0x32, 0xed, 0xff, 0x37, 0x32, 0xed, 0xff,
    0x37, 0x32, 0xed, 0xff, 0x37, 0x32, 0xed, 0xff, 0x37, 0x32, 0xed, 0xff,
    0x37, 0x32, 0xed, 0xff, 0x37, 0x32, 0xed, 0xe8, 0x33, 0x2a, 0xe7, 0x1f,
    0xff, 0xff, 0xff, 0x00, 0xff, 0xff, 0xff, 0x00, 0xff, 0xff, 0xff, 0x00,
    0xff, 0xff, 0xff, 0x00, 0xff, 0xff, 0xff, 0x00, 0xff, 0xff, 0xff, 0x00,
    0xff, 0xff, 0xff, 0x00, 0x34, 0x23, 0xde, 0x0f, 0x37, 0x32, 0xed, 0xcc,
    0x37, 0x32, 0xed, 0xff, 0x37, 0x32, 0xed, 0xff, 0x37, 0x32, 0xed, 0xff,
    0x37, 0x32, 0xed, 0xff, 0x37, 0x32, 0xed, 0xff, 0x37, 0x32, 0xed, 0xff,
    0x37, 0x32, 0xed, 0xff, 0x37, 0x32, 0xed, 0xff, 0x37, 0x32, 0xed, 0xff,
    0x37, 0x32, 0xed, 0xff, 0x37, 0x32, 0xed, 0xff, 0x37, 0x32, 0xed, 0xff,
    0x37, 0x32, 0xed, 0xff, 0x37, 0x32, 0xed, 0xff, 0x37, 0x32, 0xed, 0xff,
    0x37, 0x32, 0xed, 0xff, 0x37, 0x32, 0xed, 0xff, 0x37, 0x32, 0xed, 0xff,
    0x37, 0x32, 0xed, 0xff, 0x37, 0x32, 0xed, 0xff, 0x37, 0x32, 0xed, 0xff,
    0x37, 0x32, 0xed, 0xff, 0x37, 0x32, 0xed, 0xff, 0x37, 0x32, 0xed, 0xff,
    0x37, 0x32, 0xed, 0xff, 0x37, 0x32, 0xed, 0xff, 0x37, 0x32, 0xed, 0xff,
    0x37, 0x32, 0xed, 0xff, 0x37, 0x32, 0xed, 0xff, 0x37, 0x32, 0xed, 0xff,
    0x37, 0x32, 0xed, 0xff, 0x37, 0x32, 0xed, 0xff, 0x37, 0x32, 0xed, 0xff,
    0x37, 0x32, 0xed, 0xff, 0x37, 0x32, 0xed, 0xff, 0x37, 0x32, 0xed, 0xff,
    0x37, 0x32, 0xed, 0xff, 0x37, 0x32, 0xed, 0xff, 0x37, 0x32, 0xed, 0xff,
    0x37, 0x32, 0xed, 0xff, 0x37, 0x32, 0xed, 0xff, 0x37, 0x32, 0xed, 0xff,
    0x37, 0x32, 0xed, 0xff, 0x37, 0x32, 0xed, 0xff, 0x37, 0x32, 0xed, 0xff,
    0x37, 0x32, 0xed, 0xff, 0x37, 0x32, 0xed, 0xff, 0x37, 0x32, 0xed, 0xff,
    0x37, 0x32, 0xed, 0xff, 0x37, 0x32, 0xed, 0xff, 0x37, 0x32, 0xed, 0xff,
    0x37, 0x32, 0xed, 0xff, 0x37, 0x32, 0xed, 0xff, 0x37, 0x32, 0xed, 0xff,
    0x37, 0x32, 0xed, 0xff, 0x37, 0x32, 0xed, 0xed, 0x34, 0x2f, 0xeb, 0x32,
    0xff, 0xff, 0xff, 0x00, 0xff, 0xff, 0xff, 0x00, 0xff, 0xff, 0xff, 0x00,
    0xff, 0xff, 0xff, 0x00, 0xff, 0xff, 0xff, 0x00, 0xff, 0xff, 0xff, 0x00,
    0xff, 0xff, 0xff, 0x00, 0xff, 0xff, 0xff, 0x00, 0xff, 0xff, 0xff, 0x00,
    0x26, 0x26, 0xed, 0x0e, 0x37, 0x32, 0xec, 0xb8, 0x37, 0x32, 0xed, 0xff,
    0x37, 0x32, 0xed, 0xff, 0x37, 0x32, 0xed, 0xff, 0x37, 0x32, 0xed, 0xff,
    0x37, 0x32, 0xed, 0xff, 0x37, 0x32, 0xed, 0xff, 0x37, 0x32, 0xed, 0xff,
    0x37, 0x32, 0xed, 0xff, 0x37, 0x32, 0xed, 0xff, 0x37, 0x32, 0xed, 0xff,
    0x37, 0x32, 0xed, 0xff, 0x37, 0x32, 0xed, 0xff, 0x37, 0x32, 0xed, 0xff,
    0x37, 0x32, 0xed, 0xff, 0x37, 0x32, 0xed, 0xff, 0x37, 0x32, 0xed, 0xff,
    0x37, 0x32, 0xed, 0xff, 0x37, 0x32, 0xed, 0xff, 0x37, 0x32, 0xed, 0xff,
    0x37, 0x32, 0xed, 0xff, 0x37, 0x32, 0xed, 0xff, 0x37, 0x32, 0xed, 0xff,
    0x37, 0x32, 0xed, 0xff, 0x37, 0x32, 0xed, 0xff, 0x37, 0x32, 0xed, 0xff,
    0x37, 0x32, 0xed, 0xff, 0x37, 0x32, 0xed, 0xff, 0x37, 0x32, 0xed, 0xff,
    0x37, 0x32, 0xed, 0xff, 0x37, 0x32, 0xed, 0xff, 0x37, 0x32, 0xed, 0xff,
    0x37, 0x32, 0xed, 0xff, 0x37, 0x32, 0xed, 0xff, 0x37, 0x32, 0xed, 0xff,
    0x37, 0x32, 0xed, 0xff, 0x37, 0x32, 0xed, 0xff, 0x37, 0x32, 0xed, 0xff,
    0x37, 0x32, 0xed, 0xff, 0x37, 0x32, 0xed, 0xff, 0x37, 0x32, 0xed, 0xff,
    0x37, 0x32, 0xed, 0xff, 0x37, 0x32, 0xed, 0xff, 0x37, 0x32, 0xed, 0xff,
    0x37, 0x32, 0xed, 0xff, 0x37, 0x32, 0xed, 0xff, 0x37, 0x32, 0xed, 0xff,
    0x37, 0x32, 0xed, 0xff, 0x37, 0x32, 0xed, 0xff, 0x37, 0x32, 0xed, 0xff,
    0x37, 0x32, 0xed, 0xff, 0x37, 0x32, 0xed, 0xff, 0x37, 0x32, 0xed, 0xff,
    0x37, 0x32, 0xed, 0xff, 0x37, 0x32, 0xed, 0xde, 0x32, 0x32, 0xed, 0x2a,
    0xff, 0xff, 0xff, 0x00, 0xff, 0xff, 0xff, 0x00, 0xff, 0xff, 0xff, 0x00,
    0xff, 0xff, 0xff, 0x00, 0xff, 0xff, 0xff, 0x00, 0xff, 0xff, 0xff, 0x00,
    0xff, 0xff, 0xff, 0x00, 0xff, 0xff, 0xff, 0x00, 0xff, 0xff, 0xff, 0x00,
    0xff, 0xff, 0xff, 0x00, 0xff, 0xff, 0xff, 0x00, 0x01, 0x01, 0x80, 0x02,
    0x36, 0x32, 0xed, 0x79, 0x37, 0x32, 0xed, 0xf6, 0x37, 0x32, 0xed, 0xff,
    0x37, 0x32, 0xed, 0xff, 0x37, 0x32, 0xed, 0xff, 0x37, 0x32, 0xed, 0xff,
    0x37, 0x32, 0xed, 0xff, 0x37, 0x32, 0xed, 0xff, 0x37, 0x32, 0xed, 0xff,
    0x37, 0x32, 0xed, 0xff, 0x37, 0x32, 0xed, 0xff, 0x37, 0x32, 0xed, 0xff,
    0x37, 0x32, 0xed, 0xff, 0x37, 0x32, 0xed, 0xff, 0x37, 0x32, 0xed, 0xff,
    0x37, 0x32, 0xed, 0xff, 0x37, 0x32, 0xed, 0xff, 0x37, 0x32, 0xed, 0xff,
    0x37, 0x32, 0xed, 0xff, 0x37, 0x32, 0xed, 0xff, 0x37, 0x32, 0xed, 0xff,
    0x37, 0x32, 0xed, 0xff, 0x37, 0x32, 0xed, 0xff, 0x37, 0x32, 0xed, 0xff,
    0x37, 0x32, 0xed, 0xff, 0x37, 0x32, 0xed, 0xff, 0x37, 0x32, 0xed, 0xff,
    0x37, 0x32, 0xed, 0xff, 0x37, 0x32, 0xed, 0xff, 0x37, 0x32, 0xed, 0xff,
    0x37, 0x32, 0xed, 0xff, 0x37, 0x32, 0xed, 0xff, 0x37, 0x32, 0xed, 0xff,
    0x37, 0x32, 0xed, 0xff, 0x37, 0x32, 0xed, 0xff, 0x37, 0x32, 0xed, 0xff,
    0x37, 0x32, 0xed, 0xff, 0x37, 0x32, 0xed, 0xff, 0x37, 0x32, 0xed, 0xff,
    0x37, 0x32, 0xed, 0xff, 0x37, 0x32, 0xed, 0xff, 0x37, 0x32, 0xed, 0xff,
    0x37, 0x32, 0xed, 0xff, 0x37, 0x32, 0xed, 0xff, 0x37, 0x32, 0xed, 0xff,
    0x37, 0x32, 0xed, 0xff, 0x37, 0x32, 0xed, 0xff, 0x37, 0x32, 0xed, 0xff,
    0x37, 0x32, 0xed, 0xff, 0x37, 0x32, 0xed, 0xff, 0x37, 0x32, 0xed, 0xff,
    0x37, 0x32, 0xed, 0xff, 0x37, 0x32, 0xed, 0xa7, 0x2e, 0x2e, 0xe2, 0x11,
    0xff, 0xff, 0xff, 0x00, 0xff, 0xff, 0xff, 0x00, 0xff, 0xff, 0xff, 0x00,
    0xff, 0xff, 0xff, 0x00, 0xff, 0xff, 0xff, 0x00, 0xff, 0xff, 0xff, 0x00,
    0xff, 0xff, 0xff, 0x00, 0xff, 0xff, 0xff, 0x00, 0xff, 0xff, 0xff, 0x00,
    0xff, 0xff, 0xff, 0x00, 0xff, 0xff, 0xff, 0x00, 0xff, 0xff, 0xff, 0x00,
    0xff, 0xff, 0xff, 0x00, 0xff, 0xff, 0xff, 0x00, 0x34, 0x2d, 0xea, 0x23,
    0x37, 0x32, 0xed, 0xa1, 0x37, 0x32, 0xed, 0xfb, 0x37, 0x32, 0xed, 0xff,
    0x37, 0x32, 0xed, 0xff, 0x37, 0x32, 0xed, 0xff, 0x37, 0x32, 0xed, 0xff,
    0x37, 0x32, 0xed, 0xff, 0x37, 0x32, 0xed, 0xff, 0x37, 0x32, 0xed, 0xff,
    0x37, 0x32, 0xed, 0xff, 0x37, 0x32, 0xed, 0xff, 0x37, 0x32, 0xed, 0xff,
    0x37, 0x32, 0xed, 0xff, 0x37, 0x32, 0xed, 0xff, 0x37, 0x32, 0xed, 0xff,
    0x37, 0x32, 0xed, 0xff, 0x37, 0x32, 0xed, 0xff, 0x37, 0x32, 0xed, 0xff,
    0x37, 0x32, 0xed, 0xff, 0x37, 0x32, 0xed, 0xff, 0x37, 0x32, 0xed, 0xff,
    0x37, 0x32, 0xed, 0xff, 0x37, 0x32, 0xed, 0xff, 0x37, 0x32, 0xed, 0xff,
    0x37, 0x32, 0xed, 0xff, 0x37, 0x32, 0xed, 0xff, 0x37, 0x32, 0xed, 0xff,
    0x37, 0x32, 0xed, 0xff, 0x37, 0x32, 0xed, 0xff, 0x37, 0x32, 0xed, 0xff,
    0x37, 0x32, 0xed, 0xff, 0x37, 0x32, 0xed, 0xff, 0x37, 0x32, 0xed, 0xff,
    0x37, 0x32, 0xed, 0xff, 0x37, 0x32, 0xed, 0xff, 0x37, 0x32, 0xed, 0xff,
    0x37, 0x32, 0xed, 0xff, 0x37, 0x32, 0xed, 0xff, 0x37, 0x32, 0xed, 0xff,
    0x37, 0x32, 0xed, 0xff, 0x37, 0x32, 0xed, 0xff, 0x37, 0x32, 0xed, 0xff,
    0x37, 0x32, 0xed, 0xff, 0x37, 0x32, 0xed, 0xff, 0x37, 0x32, 0xed, 0xff,
    0x37, 0x32, 0xed, 0xff, 0x37, 0x32, 0xed, 0xff, 0x37, 0x32, 0xed, 0xff,
    0x37, 0x32, 0xed, 0xc1, 0x34, 0x30, 0xec, 0x41, 0xff, 0xff, 0xff, 0x00,
    0xff, 0xff, 0xff, 0x00, 0xff, 0xff, 0xff, 0x00, 0xff, 0xff, 0xff, 0x00,
    0xff, 0xff, 0xff, 0x00, 0xff, 0xff, 0xff, 0x00, 0xff, 0xff, 0xff, 0x00,
    0xff, 0xff, 0xff, 0x00, 0xff, 0xff, 0xff, 0x00, 0xff, 0xff, 0xff, 0x00,
    0xff, 0xff, 0xff, 0x00, 0xff, 0xff, 0xff, 0x00, 0xff, 0xff, 0xff, 0x00,
    0xff, 0xff, 0xff, 0x00, 0xff, 0xff, 0xff, 0x00, 0xff, 0xff, 0xff, 0x00,
    0xff, 0xff, 0xff, 0x00, 0xff, 0xff, 0xff, 0x00, 0x34, 0x2a, 0xeb, 0x19,
    0x37, 0x30, 0xeb, 0x72, 0x37, 0x32, 0xed, 0xbd, 0x37, 0x32, 0xed, 0xf6,
    0x37, 0x32, 0xed, 0xff, 0x37, 0x32, 0xed, 0xff, 0x37, 0x32, 0xed, 0xff,
    0x37, 0x32, 0xed, 0xff, 0x37, 0x32, 0xed, 0xff, 0x37, 0x32, 0xed, 0xff,
    0x37, 0x32, 0xed, 0xff, 0x37, 0x32, 0xed, 0xff, 0x37, 0x32, 0xed, 0xff,
    0x37, 0x32, 0xed, 0xff, 0x37, 0x32, 0xed, 0xff, 0x37, 0x32, 0xed, 0xff,
    0x37, 0x32, 0xed, 0xff, 0x37, 0x32, 0xed, 0xff, 0x37, 0x32, 0xed, 0xff,
    0x37, 0x32, 0xed, 0xff, 0x37, 0x32, 0xed, 0xff, 0x37, 0x32, 0xed, 0xff,
    0x37, 0x32, 0xed, 0xff, 0x37, 0x32, 0xed, 0xff, 0x37, 0x32, 0xed, 0xff,
    0x37, 0x32, 0xed, 0xff, 0x37, 0x32, 0xed, 0xff, 0x37, 0x32, 0xed, 0xff,
    0x37, 0x32, 0xed, 0xff, 0x37, 0x32, 0xed, 0xff, 0x37, 0x32, 0xed, 0xff,
    0x37, 0x32, 0xed, 0xff, 0x37, 0x32, 0xed, 0xff, 0x37, 0x32, 0xed, 0xff,
    0x37, 0x32, 0xed, 0xff, 0x37, 0x32, 0xed, 0xff, 0x37, 0x32, 0xed, 0xff,
    0x37, 0x32, 0xed, 0xff, 0x37, 0x32, 0xed, 0xff, 0x37, 0x32, 0xed, 0xff,
    0x37, 0x32, 0xed, 0xff, 0x37, 0x32, 0xed, 0xff, 0x37, 0x32, 0xed, 0xff,
    0x37, 0x32, 0xed, 0xfc, 0x37, 0x32, 0xed, 0xce, 0x36, 0x32, 0xed, 0x87,
    0x33, 0x2e, 0xe9, 0x2e, 0xff, 0xff, 0xff, 0x00, 0xff, 0xff, 0xff, 0x00,
    0xff, 0xff, 0xff, 0x00, 0xff, 0xff, 0xff, 0x00, 0xff, 0xff, 0xff, 0x00,
    0xff, 0xff, 0xff, 0x00, 0xff, 0xff, 0xff, 0x00, 0xff, 0xff, 0xff, 0x00,
    0xff, 0xff, 0xff, 0x00, 0xff, 0xff, 0xff, 0x00, 0xff, 0xff, 0xff, 0x00,
    0xff, 0xff, 0xff, 0x00, 0xff, 0xff, 0xff, 0x00, 0xff, 0xff, 0xff, 0x00,
    0xff, 0xff, 0xff, 0x00, 0xff, 0xff, 0xff, 0x00, 0xff, 0xff, 0xff, 0x00,
    0xff, 0xff, 0xff, 0x00, 0xff, 0xff, 0xff, 0x00, 0xff, 0xff, 0xff, 0x00,
    0xff, 0xff, 0xff, 0x00, 0xff, 0xff, 0xff, 0x00, 0xff, 0xff, 0xff, 0x00,
    0x01, 0x01, 0x80, 0x02, 0x33, 0x2a, 0xe7, 0x1f, 0x35, 0x31, 0xed, 0x36,
    0x36, 0x32, 0xeb, 0x3f, 0x35, 0x31, 0xec, 0x40, 0x35, 0x31, 0xec, 0x40,
    0x35, 0x31, 0xec, 0x40, 0x35, 0x31, 0xec, 0x40, 0x35, 0x31, 0xec, 0x40,
    0x35, 0x31, 0xec, 0x40, 0x35, 0x31, 0xec, 0x40, 0x35, 0x31, 0xec, 0x40,
    0x35, 0x31, 0xec, 0x40, 0x35, 0x31, 0xec, 0x40, 0x35, 0x31, 0xec, 0x40,
    0x35, 0x31, 0xec, 0x40, 0x35, 0x31, 0xec, 0x40, 0x35, 0x31, 0xec, 0x40,
    0x35, 0x31, 0xec, 0x40, 0x35, 0x31, 0xec, 0x40, 0x35, 0x31, 0xec, 0x40,
    0x35, 0x31, 0xec, 0x40, 0x35, 0x31, 0xec, 0x40, 0x35, 0x31, 0xec, 0x40,
    0x35, 0x31, 0xec, 0x40, 0x35, 0x31, 0xec, 0x40, 0x35, 0x31, 0xec, 0x40,
    0x35, 0x31, 0xec, 0x40, 0x35, 0x31, 0xec, 0x40, 0x35, 0x31, 0xec, 0x40,
    0x35, 0x31, 0xec, 0x40, 0x35, 0x31, 0xec, 0x40, 0x35, 0x31, 0xec, 0x40,
    0x35, 0x31, 0xec, 0x40, 0x35, 0x31, 0xec, 0x40, 0x35, 0x31, 0xec, 0x40,
    0x35, 0x31, 0xec, 0x40, 0x36, 0x32, 0xeb, 0x3f, 0x35, 0x31, 0xed, 0x36,
    0x36, 0x2f, 0xec, 0x27, 0x26, 0x26, 0xdb, 0x07, 0xff, 0xff, 0xff, 0x00,
    0xff, 0xff, 0xff, 0x00, 0xff, 0xff, 0xff, 0x00, 0xff, 0xff, 0xff, 0x00,
    0xff, 0xff, 0xff, 0x00, 0xff, 0xff, 0xff, 0x00, 0xff, 0xff, 0xff, 0x00,
    0xff, 0xff, 0xff, 0x00, 0xff, 0xff, 0xff, 0x00, 0xff, 0xff, 0xff, 0x00,
    0xff, 0xff, 0xff, 0x00, 0xff, 0xff, 0xff, 0x00, 0xff, 0xff, 0xff, 0x00
};
