// 4.26.0 0x3db85970 D2 AY R0 FARGB8888 U888 N0 SExtFlashSection
// Generated by imageconverter. Please, do not edit!

#include <touchgfx/hal/Config.hpp>

LOCATION_PRAGMA("ExtFlashSection")
KEEP extern const unsigned char image_bt250x52_b_n[] LOCATION_ATTRIBUTE("ExtFlashSection") = { // 247x51 ARGB8888 pixels.
    0xff, 0xff, 0xff, 0x00, 0xff, 0xff, 0xff, 0x00, 0xff, 0xff, 0xff, 0x00,
    0xff, 0xff, 0xff, 0x00, 0xff, 0xff, 0xff, 0x00, 0xff, 0xff, 0xff, 0x00,
    0xc6, 0x87, 0x0e, 0x28, 0xc1, 0x88, 0x1a, 0x71, 0xc0, 0x86, 0x1c, 0x88,
    0xc1, 0x88, 0x1b, 0x8a, 0xc1, 0x88, 0x1b, 0x8a, 0xc1, 0x88, 0x1b, 0x8a,
    0xc1, 0x88, 0x1b, 0x8a, 0xc1, 0x88, 0x1b, 0x8a, 0xc1, 0x88, 0x1b, 0x8a,
    0xc1, 0x88, 0x1b, 0x8a, 0xc1, 0x88, 0x1b, 0x8a, 0xc1, 0x88, 0x1b, 0x8a,
    0xc1, 0x88, 0x1b, 0x8a, 0xc1, 0x88, 0x1b, 0x8a, 0xc1, 0x88, 0x1b, 0x8a,
    0xc1, 0x88, 0x1b, 0x8a, 0xc1, 0x88, 0x1b, 0x8a, 0xc1, 0x88, 0x1b, 0x8a,
    0xc1, 0x88, 0x1b, 0x8a, 0xc1, 0x88, 0x1b, 0x8a, 0xc1, 0x88, 0x1b, 0x8a,
    0xc1, 0x88, 0x1b, 0x8a, 0xc1, 0x88, 0x1b, 0x8a, 0xc1, 0x88, 0x1b, 0x8a,
    0xc1, 0x88, 0x1b, 0x8a, 0xc1, 0x88, 0x1b, 0x8a, 0xc1, 0x88, 0x1b, 0x8a,
    0xc1, 0x88, 0x1b, 0x8a, 0xc1, 0x88, 0x1b, 0x8a, 0xc1, 0x88, 0x1b, 0x8a,
    0xc1, 0x88, 0x1b, 0x8a, 0xc1, 0x88, 0x1b, 0x8a, 0xc1, 0x88, 0x1b, 0x8a,
    0xc1, 0x88, 0x1b, 0x8a, 0xc1, 0x88, 0x1b, 0x8a, 0xc1, 0x88, 0x1b, 0x8a,
    0xc1, 0x88, 0x1b, 0x8a, 0xc1, 0x88, 0x1b, 0x8a, 0xc1, 0x88, 0x1b, 0x8a,
    0xc1, 0x88, 0x1b, 0x8a, 0xc1, 0x88, 0x1b, 0x8a, 0xc1, 0x88, 0x1b, 0x8a,
    0xc1, 0x88, 0x1b, 0x8a, 0xc1, 0x88, 0x1b, 0x8a, 0xc1, 0x88, 0x1b, 0x8a,
    0xc1, 0x88, 0x1b, 0x8a, 0xc1, 0x88, 0x1b, 0x8a, 0xc1, 0x88, 0x1b, 0x8a,
    0xc1, 0x88, 0x1b, 0x8a, 0xc1, 0x88, 0x1b, 0x8a, 0xc1, 0x88, 0x1b, 0x8a,
    0xc1, 0x88, 0x1b, 0x8a, 0xc1, 0x88, 0x1b, 0x8a, 0xc1, 0x88, 0x1b, 0x8a,
    0xc1, 0x88, 0x1b, 0x8a, 0xc1, 0x88, 0x1b, 0x8a, 0xc1, 0x88, 0x1b, 0x8a,
    0xc1, 0x88, 0x1b, 0x8a, 0xc1, 0x88, 0x1b, 0x8a, 0xc1, 0x88, 0x1b, 0x8a,
    0xc1, 0x88, 0x1b, 0x8a, 0xc1, 0x88, 0x1b, 0x8a, 0xc1, 0x88, 0x1b, 0x8a,
    0xc1, 0x88, 0x1b, 0x8a, 0xc1, 0x88, 0x1b, 0x8a, 0xc1, 0x88, 0x1b, 0x8a,
    0xc1, 0x88, 0x1b, 0x8a, 0xc1, 0x88, 0x1b, 0x8a, 0xc1, 0x88, 0x1b, 0x8a,
    0xc1, 0x88, 0x1b, 0x8a, 0xc1, 0x88, 0x1b, 0x8a, 0xc1, 0x88, 0x1b, 0x8a,
    0xc1, 0x88, 0x1b, 0x8a, 0xc1, 0x88, 0x1b, 0x8a, 0xc1, 0x88, 0x1b, 0x8a,
    0xc1, 0x88, 0x1b, 0x8a, 0xc1, 0x88, 0x1b, 0x8a, 0xc1, 0x88, 0x1b, 0x8a,
    0xc1, 0x88, 0x1b, 0x8a, 0xc1, 0x88, 0x1b, 0x8a, 0xc1, 0x88, 0x1b, 0x8a,
    0xc1, 0x88, 0x1b, 0x8a, 0xc1, 0x88, 0x1b, 0x8a, 0xc1, 0x88, 0x1b, 0x8a,
    0xc1, 0x88, 0x1b, 0x8a, 0xc1, 0x88, 0x1b, 0x8a, 0xc1, 0x88, 0x1b, 0x8a,
    0xc1, 0x88, 0x1b, 0x8a, 0xc1, 0x88, 0x1b, 0x8a, 0xc1, 0x88, 0x1b, 0x8a,
    0xc1, 0x88, 0x1b, 0x8a, 0xc1, 0x88, 0x1b, 0x8a, 0xc1, 0x88, 0x1b, 0x8a,
    0xc1, 0x88, 0x1b, 0x8a, 0xc1, 0x88, 0x1b, 0x8a, 0xc1, 0x88, 0x1b, 0x8a,
    0xc1, 0x88, 0x1b, 0x8a, 0xc1, 0x88, 0x1b, 0x8a, 0xc1, 0x88, 0x1b, 0x8a,
    0xc1, 0x88, 0x1b, 0x8a, 0xc1, 0x88, 0x1b, 0x8a, 0xc1, 0x88, 0x1b, 0x8a,
    0xc1, 0x88, 0x1b, 0x8a, 0xc1, 0x88, 0x1b, 0x8a, 0xc1, 0x88, 0x1b, 0x8a,
    0xc1, 0x88, 0x1b, 0x8a, 0xc1, 0x88, 0x1b, 0x8a, 0xc1, 0x88, 0x1b, 0x8a,
    0xc1, 0x88, 0x1b, 0x8a, 0xc1, 0x88, 0x1b, 0x8a, 0xc1, 0x88, 0x1b, 0x8a,
    0xc1, 0x88, 0x1b, 0x8a, 0xc1, 0x88, 0x1b, 0x8a, 0xc1, 0x88, 0x1b, 0x8a,
    0xc1, 0x88, 0x1b, 0x8a, 0xc1, 0x88, 0x1b, 0x8a, 0xc1, 0x88, 0x1b, 0x8a,
    0xc1, 0x88, 0x1b, 0x8a, 0xc1, 0x88, 0x1b, 0x8a, 0xc1, 0x88, 0x1b, 0x8a,
    0xc1, 0x88, 0x1b, 0x8a, 0xc1, 0x88, 0x1b, 0x8a, 0xc1, 0x88, 0x1b, 0x8a,
    0xc1, 0x88, 0x1b, 0x8a, 0xc1, 0x88, 0x1b, 0x8a, 0xc1, 0x88, 0x1b, 0x8a,
    0xc1, 0x88, 0x1b, 0x8a, 0xc1, 0x88, 0x1b, 0x8a, 0xc1, 0x88, 0x1b, 0x8a,
    0xc1, 0x88, 0x1b, 0x8a, 0xc1, 0x88, 0x1b, 0x8a, 0xc1, 0x88, 0x1b, 0x8a,
    0xc1, 0x88, 0x1b, 0x8a, 0xc1, 0x88, 0x1b, 0x8a, 0xc1, 0x88, 0x1b, 0x8a,
    0xc1, 0x88, 0x1b, 0x8a, 0xc1, 0x88, 0x1b, 0x8a, 0xc1, 0x88, 0x1b, 0x8a,
    0xc1, 0x88, 0x1b, 0x8a, 0xc1, 0x88, 0x1b, 0x8a, 0xc1, 0x88, 0x1b, 0x8a,
    0xc1, 0x88, 0x1b, 0x8a, 0xc1, 0x88, 0x1b, 0x8a, 0xc1, 0x88, 0x1b, 0x8a,
    0xc1, 0x88, 0x1b, 0x8a, 0xc1, 0x88, 0x1b, 0x8a, 0xc1, 0x88, 0x1b, 0x8a,
    0xc1, 0x88, 0x1b, 0x8a, 0xc1, 0x88, 0x1b, 0x8a, 0xc1, 0x88, 0x1b, 0x8a,
    0xc1, 0x88, 0x1b, 0x8a, 0xc1, 0x88, 0x1b, 0x8a, 0xc1, 0x88, 0x1b, 0x8a,
    0xc1, 0x88, 0x1b, 0x8a, 0xc1, 0x88, 0x1b, 0x8a, 0xc1, 0x88, 0x1b, 0x8a,
    0xc1, 0x88, 0x1b, 0x8a, 0xc1, 0x88, 0x1b, 0x8a, 0xc1, 0x88, 0x1b, 0x8a,
    0xc1, 0x88, 0x1b, 0x8a, 0xc1, 0x88, 0x1b, 0x8a, 0xc1, 0x88, 0x1b, 0x8a,
    0xc1, 0x88, 0x1b, 0x8a, 0xc1, 0x88, 0x1b, 0x8a, 0xc1, 0x88, 0x1b, 0x8a,
    0xc1, 0x88, 0x1b, 0x8a, 0xc1, 0x88, 0x1b, 0x8a, 0xc1, 0x88, 0x1b, 0x8a,
    0xc1, 0x88, 0x1b, 0x8a, 0xc1, 0x88, 0x1b, 0x8a, 0xc1, 0x88, 0x1b, 0x8a,
    0xc1, 0x88, 0x1b, 0x8a, 0xc1, 0x88, 0x1b, 0x8a, 0xc1, 0x88, 0x1b, 0x8a,
    0xc1, 0x88, 0x1b, 0x8a, 0xc1, 0x88, 0x1b, 0x8a, 0xc1, 0x88, 0x1b, 0x8a,
    0xc1, 0x88, 0x1b, 0x8a, 0xc1, 0x88, 0x1b, 0x8a, 0xc1, 0x88, 0x1b, 0x8a,
    0xc1, 0x88, 0x1b, 0x8a, 0xc1, 0x88, 0x1b, 0x8a, 0xc1, 0x88, 0x1b, 0x8a,
    0xc1, 0x88, 0x1b, 0x8a, 0xc1, 0x88, 0x1b, 0x8a, 0xc1, 0x88, 0x1b, 0x8a,
    0xc1, 0x88, 0x1b, 0x8a, 0xc1, 0x88, 0x1b, 0x8a, 0xc1, 0x88, 0x1b, 0x8a,
    0xc1, 0x88, 0x1b, 0x8a, 0xc1, 0x88, 0x1b, 0x8a, 0xc1, 0x88, 0x1b, 0x8a,
    0xc1, 0x88, 0x1b, 0x8a, 0xc1, 0x88, 0x1b, 0x8a, 0xc1, 0x88, 0x1b, 0x8a,
    0xc1, 0x88, 0x1b, 0x8a, 0xc1, 0x88, 0x1b, 0x8a, 0xc1, 0x88, 0x1b, 0x8a,
    0xc1, 0x88, 0x1b, 0x8a, 0xc1, 0x88, 0x1b, 0x8a, 0xc1, 0x88, 0x1b, 0x8a,
    0xc1, 0x88, 0x1b, 0x8a, 0xc1, 0x88, 0x1b, 0x8a, 0xc1, 0x88, 0x1b, 0x8a,
    0xc1, 0x88, 0x1b, 0x8a, 0xc1, 0x88, 0x1b, 0x8a, 0xc1, 0x88, 0x1b, 0x8a,
    0xc1, 0x88, 0x1b, 0x8a, 0xc1, 0x88, 0x1b, 0x8a, 0xc1, 0x88, 0x1b, 0x8a,
    0xc1, 0x88, 0x1b, 0x8a, 0xc1, 0x88, 0x1b, 0x8a, 0xc1, 0x88, 0x1b, 0x8a,
    0xc1, 0x88, 0x1b, 0x8a, 0xc1, 0x88, 0x1b, 0x8a, 0xc1, 0x88, 0x1b, 0x8a,
    0xc1, 0x88, 0x1b, 0x8a, 0xc1, 0x88, 0x1b, 0x8a, 0xc1, 0x88, 0x1b, 0x8a,
    0xc1, 0x88, 0x1b, 0x8a, 0xc1, 0x88, 0x1b, 0x8a, 0xc1, 0x88, 0x1b, 0x8a,
    0xc1, 0x88, 0x1b, 0x8a, 0xc1, 0x88, 0x1b, 0x8a, 0xc1, 0x88, 0x1b, 0x8a,
    0xc1, 0x88, 0x1b, 0x8a, 0xc1, 0x88, 0x1b, 0x8a, 0xc1, 0x88, 0x1b, 0x8a,
    0xc0, 0x86, 0x1c, 0x88, 0xb8, 0x82, 0x21, 0x79, 0x9c, 0x6e, 0x41, 0x54,
    0x8b, 0x64, 0x4f, 0x48, 0x8c, 0x62, 0x52, 0x42, 0x88, 0x64, 0x4f, 0x24,
    0x01, 0x01, 0x01, 0x01, 0xff, 0xff, 0xff, 0x00, 0xff, 0xff, 0xff, 0x00,
    0xff, 0xff, 0xff, 0x00, 0xff, 0xff, 0xff, 0x00, 0xff, 0xff, 0xff, 0x00,
    0xff, 0xff, 0xff, 0x00, 0xff, 0xff, 0xff, 0x00, 0xff, 0xff, 0xff, 0x00,
    0xff, 0xff, 0xff, 0x00, 0xff, 0xff, 0xff, 0x00, 0xc1, 0x89, 0x1b, 0x76,
    0xcf, 0x91, 0x0c, 0xf0, 0xda, 0x98, 0x00, 0xff, 0xda, 0x98, 0x00, 0xff,
    0xda, 0x98, 0x00, 0xff, 0xda, 0x98, 0x00, 0xff, 0xda, 0x98, 0x00, 0xff,
    0xda, 0x98, 0x00, 0xff, 0xda, 0x98, 0x00, 0xff, 0xda, 0x98, 0x00, 0xff,
    0xda, 0x98, 0x00, 0xff, 0xda, 0x98, 0x00, 0xff, 0xda, 0x98, 0x00, 0xff,
    0xda, 0x98, 0x00, 0xff, 0xda, 0x98, 0x00, 0xff, 0xda, 0x98, 0x00, 0xff,
    0xda, 0x98, 0x00, 0xff, 0xda, 0x98, 0x00, 0xff, 0xda, 0x98, 0x00, 0xff,
    0xda, 0x98, 0x00, 0xff, 0xda, 0x98, 0x00, 0xff, 0xda, 0x98, 0x00, 0xff,
    0xda, 0x98, 0x00, 0xff, 0xda, 0x98, 0x00, 0xff, 0xda, 0x98, 0x00, 0xff,
    0xda, 0x98, 0x00, 0xff, 0xda, 0x98, 0x00, 0xff, 0xda, 0x98, 0x00, 0xff,
    0xda, 0x98, 0x00, 0xff, 0xda, 0x98, 0x00, 0xff, 0xda, 0x98, 0x00, 0xff,
    0xda, 0x98, 0x00, 0xff, 0xda, 0x98, 0x00, 0xff, 0xda, 0x98, 0x00, 0xff,
    0xda, 0x98, 0x00, 0xff, 0xda, 0x98, 0x00, 0xff, 0xda, 0x98, 0x00, 0xff,
    0xda, 0x98, 0x00, 0xff, 0xda, 0x98, 0x00, 0xff, 0xda, 0x98, 0x00, 0xff,
    0xda, 0x98, 0x00, 0xff, 0xda, 0x98, 0x00, 0xff, 0xda, 0x98, 0x00, 0xff,
    0xda, 0x98, 0x00, 0xff, 0xda, 0x98, 0x00, 0xff, 0xda, 0x98, 0x00, 0xff,
    0xda, 0x98, 0x00, 0xff, 0xda, 0x98, 0x00, 0xff, 0xda, 0x98, 0x00, 0xff,
    0xda, 0x98, 0x00, 0xff, 0xda, 0x98, 0x00, 0xff, 0xda, 0x98, 0x00, 0xff,
    0xda, 0x98, 0x00, 0xff, 0xda, 0x98, 0x00, 0xff, 0xda, 0x98, 0x00, 0xff,
    0xda, 0x98, 0x00, 0xff, 0xda, 0x98, 0x00, 0xff, 0xda, 0x98, 0x00, 0xff,
    0xda, 0x98, 0x00, 0xff, 0xda, 0x98, 0x00, 0xff, 0xda, 0x98, 0x00, 0xff,
    0xda, 0x98, 0x00, 0xff, 0xda, 0x98, 0x00, 0xff, 0xda, 0x98, 0x00, 0xff,
    0xda, 0x98, 0x00, 0xff, 0xda, 0x98, 0x00, 0xff, 0xda, 0x98, 0x00, 0xff,
    0xda, 0x98, 0x00, 0xff, 0xda, 0x98, 0x00, 0xff, 0xda, 0x98, 0x00, 0xff,
    0xda, 0x98, 0x00, 0xff, 0xda, 0x98, 0x00, 0xff, 0xda, 0x98, 0x00, 0xff,
    0xda, 0x98, 0x00, 0xff, 0xda, 0x98, 0x00, 0xff, 0xda, 0x98, 0x00, 0xff,
    0xda, 0x98, 0x00, 0xff, 0xda, 0x98, 0x00, 0xff, 0xda, 0x98, 0x00, 0xff,
    0xda, 0x98, 0x00, 0xff, 0xda, 0x98, 0x00, 0xff, 0xda, 0x98, 0x00, 0xff,
    0xda, 0x98, 0x00, 0xff, 0xda, 0x98, 0x00, 0xff, 0xda, 0x98, 0x00, 0xff,
    0xda, 0x98, 0x00, 0xff, 0xda, 0x98, 0x00, 0xff, 0xda, 0x98, 0x00, 0xff,
    0xda, 0x98, 0x00, 0xff, 0xda, 0x98, 0x00, 0xff, 0xda, 0x98, 0x00, 0xff,
    0xda, 0x98, 0x00, 0xff, 0xda, 0x98, 0x00, 0xff, 0xda, 0x98, 0x00, 0xff,
    0xda, 0x98, 0x00, 0xff, 0xda, 0x98, 0x00, 0xff, 0xda, 0x98, 0x00, 0xff,
    0xda, 0x98, 0x00, 0xff, 0xda, 0x98, 0x00, 0xff, 0xda, 0x98, 0x00, 0xff,
    0xda, 0x98, 0x00, 0xff, 0xda, 0x98, 0x00, 0xff, 0xda, 0x98, 0x00, 0xff,
    0xda, 0x98, 0x00, 0xff, 0xda, 0x98, 0x00, 0xff, 0xda, 0x98, 0x00, 0xff,
    0xda, 0x98, 0x00, 0xff, 0xda, 0x98, 0x00, 0xff, 0xda, 0x98, 0x00, 0xff,
    0xda, 0x98, 0x00, 0xff, 0xda, 0x98, 0x00, 0xff, 0xda, 0x98, 0x00, 0xff,
    0xda, 0x98, 0x00, 0xff, 0xda, 0x98, 0x00, 0xff, 0xda, 0x98, 0x00, 0xff,
    0xda, 0x98, 0x00, 0xff, 0xda, 0x98, 0x00, 0xff, 0xda, 0x98, 0x00, 0xff,
    0xda, 0x98, 0x00, 0xff, 0xda, 0x98, 0x00, 0xff, 0xda, 0x98, 0x00, 0xff,
    0xda, 0x98, 0x00, 0xff, 0xda, 0x98, 0x00, 0xff, 0xda, 0x98, 0x00, 0xff,
    0xda, 0x98, 0x00, 0xff, 0xda, 0x98, 0x00, 0xff, 0xda, 0x98, 0x00, 0xff,
    0xda, 0x98, 0x00, 0xff, 0xda, 0x98, 0x00, 0xff, 0xda, 0x98, 0x00, 0xff,
    0xda, 0x98, 0x00, 0xff, 0xda, 0x98, 0x00, 0xff, 0xda, 0x98, 0x00, 0xff,
    0xda, 0x98, 0x00, 0xff, 0xda, 0x98, 0x00, 0xff, 0xda, 0x98, 0x00, 0xff,
    0xda, 0x98, 0x00, 0xff, 0xda, 0x98, 0x00, 0xff, 0xda, 0x98, 0x00, 0xff,
    0xda, 0x98, 0x00, 0xff, 0xda, 0x98, 0x00, 0xff, 0xda, 0x98, 0x00, 0xff,
    0xda, 0x98, 0x00, 0xff, 0xda, 0x98, 0x00, 0xff, 0xda, 0x98, 0x00, 0xff,
    0xda, 0x98, 0x00, 0xff, 0xda, 0x98, 0x00, 0xff, 0xda, 0x98, 0x00, 0xff,
    0xda, 0x98, 0x00, 0xff, 0xda, 0x98, 0x00, 0xff, 0xda, 0x98, 0x00, 0xff,
    0xda, 0x98, 0x00, 0xff, 0xda, 0x98, 0x00, 0xff, 0xda, 0x98, 0x00, 0xff,
    0xda, 0x98, 0x00, 0xff, 0xda, 0x98, 0x00, 0xff, 0xda, 0x98, 0x00, 0xff,
    0xda, 0x98, 0x00, 0xff, 0xda, 0x98, 0x00, 0xff, 0xda, 0x98, 0x00, 0xff,
    0xda, 0x98, 0x00, 0xff, 0xda, 0x98, 0x00, 0xff, 0xda, 0x98, 0x00, 0xff,
    0xda, 0x98, 0x00, 0xff, 0xda, 0x98, 0x00, 0xff, 0xda, 0x98, 0x00, 0xff,
    0xda, 0x98, 0x00, 0xff, 0xda, 0x98, 0x00, 0xff, 0xda, 0x98, 0x00, 0xff,
    0xda, 0x98, 0x00, 0xff, 0xda, 0x98, 0x00, 0xff, 0xda, 0x98, 0x00, 0xff,
    0xda, 0x98, 0x00, 0xff, 0xda, 0x98, 0x00, 0xff, 0xda, 0x98, 0x00, 0xff,
    0xda, 0x98, 0x00, 0xff, 0xda, 0x98, 0x00, 0xff, 0xda, 0x98, 0x00, 0xff,
    0xda, 0x98, 0x00, 0xff, 0xda, 0x98, 0x00, 0xff, 0xda, 0x98, 0x00, 0xff,
    0xda, 0x98, 0x00, 0xff, 0xda, 0x98, 0x00, 0xff, 0xda, 0x98, 0x00, 0xff,
    0xda, 0x98, 0x00, 0xff, 0xda, 0x98, 0x00, 0xff, 0xda, 0x98, 0x00, 0xff,
    0xda, 0x98, 0x00, 0xff, 0xda, 0x98, 0x00, 0xff, 0xda, 0x98, 0x00, 0xff,
    0xda, 0x98, 0x00, 0xff, 0xda, 0x98, 0x00, 0xff, 0xda, 0x98, 0x00, 0xff,
    0xda, 0x98, 0x00, 0xff, 0xda, 0x98, 0x00, 0xff, 0xda, 0x98, 0x00, 0xff,
    0xda, 0x98, 0x00, 0xff, 0xda, 0x98, 0x00, 0xff, 0xda, 0x98, 0x00, 0xff,
    0xda, 0x98, 0x00, 0xff, 0xda, 0x98, 0x00, 0xff, 0xda, 0x98, 0x00, 0xff,
    0xda, 0x98, 0x00, 0xff, 0xda, 0x98, 0x00, 0xff, 0xda, 0x98, 0x00, 0xff,
    0xda, 0x98, 0x00, 0xff, 0xda, 0x98, 0x00, 0xff, 0xda, 0x98, 0x00, 0xff,
    0xda, 0x98, 0x00, 0xff, 0xda, 0x98, 0x00, 0xff, 0xda, 0x98, 0x00, 0xff,
    0xda, 0x98, 0x00, 0xff, 0xda, 0x98, 0x00, 0xff, 0xda, 0x98, 0x00, 0xff,
    0xda, 0x98, 0x00, 0xff, 0xda, 0x98, 0x00, 0xff, 0xda, 0x98, 0x00, 0xff,
    0xda, 0x98, 0x00, 0xff, 0xda, 0x98, 0x00, 0xff, 0xda, 0x98, 0x00, 0xff,
    0xda, 0x98, 0x00, 0xff, 0xda, 0x98, 0x00, 0xff, 0xda, 0x98, 0x00, 0xff,
    0xda, 0x98, 0x00, 0xff, 0xda, 0x98, 0x00, 0xff, 0xda, 0x98, 0x00, 0xff,
    0xda, 0x98, 0x00, 0xff, 0xda, 0x98, 0x00, 0xff, 0xda, 0x98, 0x00, 0xff,
    0xda, 0x98, 0x00, 0xff, 0xda, 0x98, 0x00, 0xff, 0xda, 0x98, 0x00, 0xff,
    0xd9, 0x97, 0x01, 0xff, 0xc2, 0x88, 0x19, 0xff, 0x9a, 0x6e, 0x44, 0xff,
    0x8c, 0x65, 0x52, 0xff, 0x8c, 0x65, 0x52, 0xe5, 0x8c, 0x64, 0x52, 0x84,
    0x88, 0x5b, 0x4c, 0x11, 0xff, 0xff, 0xff, 0x00, 0xff, 0xff, 0xff, 0x00,
    0xff, 0xff, 0xff, 0x00, 0xff, 0xff, 0xff, 0x00, 0xff, 0xff, 0xff, 0x00,
    0xff, 0xff, 0xff, 0x00, 0xcd, 0x67, 0x00, 0x05, 0xc7, 0x8b, 0x14, 0xd2,
    0xda, 0x98, 0x00, 0xff, 0xda, 0x98, 0x00, 0xff, 0xda, 0x98, 0x00, 0xff,
    0xda, 0x98, 0x00, 0xff, 0xda, 0x98, 0x00, 0xff, 0xda, 0x98, 0x00, 0xff,
    0xda, 0x98, 0x00, 0xff, 0xda, 0x98, 0x00, 0xff, 0xda, 0x98, 0x00, 0xff,
    0xda, 0x98, 0x00, 0xff, 0xda, 0x98, 0x00, 0xff, 0xda, 0x98, 0x00, 0xff,
    0xda, 0x98, 0x00, 0xff, 0xda, 0x98, 0x00, 0xff, 0xda, 0x98, 0x00, 0xff,
    0xda, 0x98, 0x00, 0xff, 0xda, 0x98, 0x00, 0xff, 0xda, 0x98, 0x00, 0xff,
    0xda, 0x98, 0x00, 0xff, 0xda, 0x98, 0x00, 0xff, 0xda, 0x98, 0x00, 0xff,
    0xda, 0x98, 0x00, 0xff, 0xda, 0x98, 0x00, 0xff, 0xda, 0x98, 0x00, 0xff,
    0xda, 0x98, 0x00, 0xff, 0xda, 0x98, 0x00, 0xff, 0xda, 0x98, 0x00, 0xff,
    0xda, 0x98, 0x00, 0xff, 0xda, 0x98, 0x00, 0xff, 0xda, 0x98, 0x00, 0xff,
    0xda, 0x98, 0x00, 0xff, 0xda, 0x98, 0x00, 0xff, 0xda, 0x98, 0x00, 0xff,
    0xda, 0x98, 0x00, 0xff, 0xda, 0x98, 0x00, 0xff, 0xda, 0x98, 0x00, 0xff,
    0xda, 0x98, 0x00, 0xff, 0xda, 0x98, 0x00, 0xff, 0xda, 0x98, 0x00, 0xff,
    0xda, 0x98, 0x00, 0xff, 0xda, 0x98, 0x00, 0xff, 0xda, 0x98, 0x00, 0xff,
    0xda, 0x98, 0x00, 0xff, 0xda, 0x98, 0x00, 0xff, 0xda, 0x98, 0x00, 0xff,
    0xda, 0x98, 0x00, 0xff, 0xda, 0x98, 0x00, 0xff, 0xda, 0x98, 0x00, 0xff,
    0xda, 0x98, 0x00, 0xff, 0xda, 0x98, 0x00, 0xff, 0xda, 0x98, 0x00, 0xff,
    0xda, 0x98, 0x00, 0xff, 0xda, 0x98, 0x00, 0xff, 0xda, 0x98, 0x00, 0xff,
    0xda, 0x98, 0x00, 0xff, 0xda, 0x98, 0x00, 0xff, 0xda, 0x98, 0x00, 0xff,
    0xda, 0x98, 0x00, 0xff, 0xda, 0x98, 0x00, 0xff, 0xda, 0x98, 0x00, 0xff,
    0xda, 0x98, 0x00, 0xff, 0xda, 0x98, 0x00, 0xff, 0xda, 0x98, 0x00, 0xff,
    0xda, 0x98, 0x00, 0xff, 0xda, 0x98, 0x00, 0xff, 0xda, 0x98, 0x00, 0xff,
    0xda, 0x98, 0x00, 0xff, 0xda, 0x98, 0x00, 0xff, 0xda, 0x98, 0x00, 0xff,
    0xda, 0x98, 0x00, 0xff, 0xda, 0x98, 0x00, 0xff, 0xda, 0x98, 0x00, 0xff,
    0xda, 0x98, 0x00, 0xff, 0xda, 0x98, 0x00, 0xff, 0xda, 0x98, 0x00, 0xff,
    0xda, 0x98, 0x00, 0xff, 0xda, 0x98, 0x00, 0xff, 0xda, 0x98, 0x00, 0xff,
    0xda, 0x98, 0x00, 0xff, 0xda, 0x98, 0x00, 0xff, 0xda, 0x98, 0x00, 0xff,
    0xda, 0x98, 0x00, 0xff, 0xda, 0x98, 0x00, 0xff, 0xda, 0x98, 0x00, 0xff,
    0xda, 0x98, 0x00, 0xff, 0xda, 0x98, 0x00, 0xff, 0xda, 0x98, 0x00, 0xff,
    0xda, 0x98, 0x00, 0xff, 0xda, 0x98, 0x00, 0xff, 0xda, 0x98, 0x00, 0xff,
    0xda, 0x98, 0x00, 0xff, 0xda, 0x98, 0x00, 0xff, 0xda, 0x98, 0x00, 0xff,
    0xda, 0x98, 0x00, 0xff, 0xda, 0x98, 0x00, 0xff, 0xda, 0x98, 0x00, 0xff,
    0xda, 0x98, 0x00, 0xff, 0xda, 0x98, 0x00, 0xff, 0xda, 0x98, 0x00, 0xff,
    0xda, 0x98, 0x00, 0xff, 0xda, 0x98, 0x00, 0xff, 0xda, 0x98, 0x00, 0xff,
    0xda, 0x98, 0x00, 0xff, 0xda, 0x98, 0x00, 0xff, 0xda, 0x98, 0x00, 0xff,
    0xda, 0x98, 0x00, 0xff, 0xda, 0x98, 0x00, 0xff, 0xda, 0x98, 0x00, 0xff,
    0xda, 0x98, 0x00, 0xff, 0xda, 0x98, 0x00, 0xff, 0xda, 0x98, 0x00, 0xff,
    0xda, 0x98, 0x00, 0xff, 0xda, 0x98, 0x00, 0xff, 0xda, 0x98, 0x00, 0xff,
    0xda, 0x98, 0x00, 0xff, 0xda, 0x98, 0x00, 0xff, 0xda, 0x98, 0x00, 0xff,
    0xda, 0x98, 0x00, 0xff, 0xda, 0x98, 0x00, 0xff, 0xda, 0x98, 0x00, 0xff,
    0xda, 0x98, 0x00, 0xff, 0xda, 0x98, 0x00, 0xff, 0xda, 0x98, 0x00, 0xff,
    0xda, 0x98, 0x00, 0xff, 0xda, 0x98, 0x00, 0xff, 0xda, 0x98, 0x00, 0xff,
    0xda, 0x98, 0x00, 0xff, 0xda, 0x98, 0x00, 0xff, 0xda, 0x98, 0x00, 0xff,
    0xda, 0x98, 0x00, 0xff, 0xda, 0x98, 0x00, 0xff, 0xda, 0x98, 0x00, 0xff,
    0xda, 0x98, 0x00, 0xff, 0xda, 0x98, 0x00, 0xff, 0xda, 0x98, 0x00, 0xff,
    0xda, 0x98, 0x00, 0xff, 0xda, 0x98, 0x00, 0xff, 0xda, 0x98, 0x00, 0xff,
    0xda, 0x98, 0x00, 0xff, 0xda, 0x98, 0x00, 0xff, 0xda, 0x98, 0x00, 0xff,
    0xda, 0x98, 0x00, 0xff, 0xda, 0x98, 0x00, 0xff, 0xda, 0x98, 0x00, 0xff,
    0xda, 0x98, 0x00, 0xff, 0xda, 0x98, 0x00, 0xff, 0xda, 0x98, 0x00, 0xff,
    0xda, 0x98, 0x00, 0xff, 0xda, 0x98, 0x00, 0xff, 0xda, 0x98, 0x00, 0xff,
    0xda, 0x98, 0x00, 0xff, 0xda, 0x98, 0x00, 0xff, 0xda, 0x98, 0x00, 0xff,
    0xda, 0x98, 0x00, 0xff, 0xda, 0x98, 0x00, 0xff, 0xda, 0x98, 0x00, 0xff,
    0xda, 0x98, 0x00, 0xff, 0xda, 0x98, 0x00, 0xff, 0xda, 0x98, 0x00, 0xff,
    0xda, 0x98, 0x00, 0xff, 0xda, 0x98, 0x00, 0xff, 0xda, 0x98, 0x00, 0xff,
    0xda, 0x98, 0x00, 0xff, 0xda, 0x98, 0x00, 0xff, 0xda, 0x98, 0x00, 0xff,
    0xda, 0x98, 0x00, 0xff, 0xda, 0x98, 0x00, 0xff, 0xda, 0x98, 0x00, 0xff,
    0xda, 0x98, 0x00, 0xff, 0xda, 0x98, 0x00, 0xff, 0xda, 0x98, 0x00, 0xff,
    0xda, 0x98, 0x00, 0xff, 0xda, 0x98, 0x00, 0xff, 0xda, 0x98, 0x00, 0xff,
    0xda, 0x98, 0x00, 0xff, 0xda, 0x98, 0x00, 0xff, 0xda, 0x98, 0x00, 0xff,
    0xda, 0x98, 0x00, 0xff, 0xda, 0x98, 0x00, 0xff, 0xda, 0x98, 0x00, 0xff,
    0xda, 0x98, 0x00, 0xff, 0xda, 0x98, 0x00, 0xff, 0xda, 0x98, 0x00, 0xff,
    0xda, 0x98, 0x00, 0xff, 0xda, 0x98, 0x00, 0xff, 0xda, 0x98, 0x00, 0xff,
    0xda, 0x98, 0x00, 0xff, 0xda, 0x98, 0x00, 0xff, 0xda, 0x98, 0x00, 0xff,
    0xda, 0x98, 0x00, 0xff, 0xda, 0x98, 0x00, 0xff, 0xda, 0x98, 0x00, 0xff,
    0xda, 0x98, 0x00, 0xff, 0xda, 0x98, 0x00, 0xff, 0xda, 0x98, 0x00, 0xff,
    0xda, 0x98, 0x00, 0xff, 0xda, 0x98, 0x00, 0xff, 0xda, 0x98, 0x00, 0xff,
    0xda, 0x98, 0x00, 0xff, 0xda, 0x98, 0x00, 0xff, 0xda, 0x98, 0x00, 0xff,
    0xda, 0x98, 0x00, 0xff, 0xda, 0x98, 0x00, 0xff, 0xda, 0x98, 0x00, 0xff,
    0xda, 0x98, 0x00, 0xff, 0xda, 0x98, 0x00, 0xff, 0xda, 0x98, 0x00, 0xff,
    0xda, 0x98, 0x00, 0xff, 0xda, 0x98, 0x00, 0xff, 0xda, 0x98, 0x00, 0xff,
    0xda, 0x98, 0x00, 0xff, 0xda, 0x98, 0x00, 0xff, 0xda, 0x98, 0x00, 0xff,
    0xda, 0x98, 0x00, 0xff, 0xda, 0x98, 0x00, 0xff, 0xda, 0x98, 0x00, 0xff,
    0xda, 0x98, 0x00, 0xff, 0xda, 0x98, 0x00, 0xff, 0xda, 0x98, 0x00, 0xff,
    0xda, 0x98, 0x00, 0xff, 0xda, 0x98, 0x00, 0xff, 0xda, 0x98, 0x00, 0xff,
    0xda, 0x98, 0x00, 0xff, 0xda, 0x98, 0x00, 0xff, 0xda, 0x98, 0x00, 0xff,
    0xda, 0x98, 0x00, 0xff, 0xda, 0x98, 0x00, 0xff, 0xda, 0x98, 0x00, 0xff,
    0xda, 0x98, 0x00, 0xff, 0xda, 0x98, 0x00, 0xff, 0xda, 0x98, 0x00, 0xff,
    0xda, 0x98, 0x00, 0xff, 0xda, 0x98, 0x00, 0xff, 0xda, 0x98, 0x00, 0xff,
    0xd9, 0x97, 0x01, 0xff, 0xaa, 0x79, 0x32, 0xff, 0x8c, 0x65, 0x52, 0xff,
    0x8c, 0x65, 0x52, 0xff, 0x8b, 0x65, 0x51, 0xe8, 0x8b, 0x62, 0x52, 0x3f,
    0xff, 0xff, 0xff, 0x00, 0xff, 0xff, 0xff, 0x00, 0xff, 0xff, 0xff, 0x00,
    0xff, 0xff, 0xff, 0x00, 0xff, 0xff, 0xff, 0x00, 0xc3, 0x89, 0x18, 0xd7,
    0xda, 0x98, 0x00, 0xff, 0xda, 0x98, 0x00, 0xff, 0xda, 0x98, 0x00, 0xff,
    0xda, 0x98, 0x00, 0xff, 0xda, 0x98, 0x00, 0xff, 0xda, 0x98, 0x00, 0xff,
    0xda, 0x98, 0x00, 0xff, 0xda, 0x98, 0x00, 0xff, 0xda, 0x98, 0x00, 0xff,
    0xda, 0x98, 0x00, 0xff, 0xda, 0x98, 0x00, 0xff, 0xda, 0x98, 0x00, 0xff,
    0xda, 0x98, 0x00, 0xff, 0xda, 0x98, 0x00, 0xff, 0xda, 0x98, 0x00, 0xff,
    0xda, 0x98, 0x00, 0xff, 0xda, 0x98, 0x00, 0xff, 0xda, 0x98, 0x00, 0xff,
    0xda, 0x98, 0x00, 0xff, 0xda, 0x98, 0x00, 0xff, 0xda, 0x98, 0x00, 0xff,
    0xda, 0x98, 0x00, 0xff, 0xda, 0x98, 0x00, 0xff, 0xda, 0x98, 0x00, 0xff,
    0xda, 0x98, 0x00, 0xff, 0xda, 0x98, 0x00, 0xff, 0xda, 0x98, 0x00, 0xff,
    0xda, 0x98, 0x00, 0xff, 0xda, 0x98, 0x00, 0xff, 0xda, 0x98, 0x00, 0xff,
    0xda, 0x98, 0x00, 0xff, 0xda, 0x98, 0x00, 0xff, 0xda, 0x98, 0x00, 0xff,
    0xda, 0x98, 0x00, 0xff, 0xda, 0x98, 0x00, 0xff, 0xda, 0x98, 0x00, 0xff,
    0xda, 0x98, 0x00, 0xff, 0xda, 0x98, 0x00, 0xff, 0xda, 0x98, 0x00, 0xff,
    0xda, 0x98, 0x00, 0xff, 0xda, 0x98, 0x00, 0xff, 0xda, 0x98, 0x00, 0xff,
    0xda, 0x98, 0x00, 0xff, 0xda, 0x98, 0x00, 0xff, 0xda, 0x98, 0x00, 0xff,
    0xda, 0x98, 0x00, 0xff, 0xda, 0x98, 0x00, 0xff, 0xda, 0x98, 0x00, 0xff,
    0xda, 0x98, 0x00, 0xff, 0xda, 0x98, 0x00, 0xff, 0xda, 0x98, 0x00, 0xff,
    0xda, 0x98, 0x00, 0xff, 0xda, 0x98, 0x00, 0xff, 0xda, 0x98, 0x00, 0xff,
    0xda, 0x98, 0x00, 0xff, 0xda, 0x98, 0x00, 0xff, 0xda, 0x98, 0x00, 0xff,
    0xda, 0x98, 0x00, 0xff, 0xda, 0x98, 0x00, 0xff, 0xda, 0x98, 0x00, 0xff,
    0xda, 0x98, 0x00, 0xff, 0xda, 0x98, 0x00, 0xff, 0xda, 0x98, 0x00, 0xff,
    0xda, 0x98, 0x00, 0xff, 0xda, 0x98, 0x00, 0xff, 0xda, 0x98, 0x00, 0xff,
    0xda, 0x98, 0x00, 0xff, 0xda, 0x98, 0x00, 0xff, 0xda, 0x98, 0x00, 0xff,
    0xda, 0x98, 0x00, 0xff, 0xda, 0x98, 0x00, 0xff, 0xda, 0x98, 0x00, 0xff,
    0xda, 0x98, 0x00, 0xff, 0xda, 0x98, 0x00, 0xff, 0xda, 0x98, 0x00, 0xff,
    0xda, 0x98, 0x00, 0xff, 0xda, 0x98, 0x00, 0xff, 0xda, 0x98, 0x00, 0xff,
    0xda, 0x98, 0x00, 0xff, 0xda, 0x98, 0x00, 0xff, 0xda, 0x98, 0x00, 0xff,
    0xda, 0x98, 0x00, 0xff, 0xda, 0x98, 0x00, 0xff, 0xda, 0x98, 0x00, 0xff,
    0xda, 0x98, 0x00, 0xff, 0xda, 0x98, 0x00, 0xff, 0xda, 0x98, 0x00, 0xff,
    0xda, 0x98, 0x00, 0xff, 0xda, 0x98, 0x00, 0xff, 0xda, 0x98, 0x00, 0xff,
    0xda, 0x98, 0x00, 0xff, 0xda, 0x98, 0x00, 0xff, 0xda, 0x98, 0x00, 0xff,
    0xda, 0x98, 0x00, 0xff, 0xda, 0x98, 0x00, 0xff, 0xda, 0x98, 0x00, 0xff,
    0xda, 0x98, 0x00, 0xff, 0xda, 0x98, 0x00, 0xff, 0xda, 0x98, 0x00, 0xff,
    0xda, 0x98, 0x00, 0xff, 0xda, 0x98, 0x00, 0xff, 0xda, 0x98, 0x00, 0xff,
    0xda, 0x98, 0x00, 0xff, 0xda, 0x98, 0x00, 0xff, 0xda, 0x98, 0x00, 0xff,
    0xda, 0x98, 0x00, 0xff, 0xda, 0x98, 0x00, 0xff, 0xda, 0x98, 0x00, 0xff,
    0xda, 0x98, 0x00, 0xff, 0xda, 0x98, 0x00, 0xff, 0xda, 0x98, 0x00, 0xff,
    0xda, 0x98, 0x00, 0xff, 0xda, 0x98, 0x00, 0xff, 0xda, 0x98, 0x00, 0xff,
    0xda, 0x98, 0x00, 0xff, 0xda, 0x98, 0x00, 0xff, 0xda, 0x98, 0x00, 0xff,
    0xda, 0x98, 0x00, 0xff, 0xda, 0x98, 0x00, 0xff, 0xda, 0x98, 0x00, 0xff,
    0xda, 0x98, 0x00, 0xff, 0xda, 0x98, 0x00, 0xff, 0xda, 0x98, 0x00, 0xff,
    0xda, 0x98, 0x00, 0xff, 0xda, 0x98, 0x00, 0xff, 0xda, 0x98, 0x00, 0xff,
    0xda, 0x98, 0x00, 0xff, 0xda, 0x98, 0x00, 0xff, 0xda, 0x98, 0x00, 0xff,
    0xda, 0x98, 0x00, 0xff, 0xda, 0x98, 0x00, 0xff, 0xda, 0x98, 0x00, 0xff,
    0xda, 0x98, 0x00, 0xff, 0xda, 0x98, 0x00, 0xff, 0xda, 0x98, 0x00, 0xff,
    0xda, 0x98, 0x00, 0xff, 0xda, 0x98, 0x00, 0xff, 0xda, 0x98, 0x00, 0xff,
    0xda, 0x98, 0x00, 0xff, 0xda, 0x98, 0x00, 0xff, 0xda, 0x98, 0x00, 0xff,
    0xda, 0x98, 0x00, 0xff, 0xda, 0x98, 0x00, 0xff, 0xda, 0x98, 0x00, 0xff,
    0xda, 0x98, 0x00, 0xff, 0xda, 0x98, 0x00, 0xff, 0xda, 0x98, 0x00, 0xff,
    0xda, 0x98, 0x00, 0xff, 0xda, 0x98, 0x00, 0xff, 0xda, 0x98, 0x00, 0xff,
    0xda, 0x98, 0x00, 0xff, 0xda, 0x98, 0x00, 0xff, 0xda, 0x98, 0x00, 0xff,
    0xda, 0x98, 0x00, 0xff, 0xda, 0x98, 0x00, 0xff, 0xda, 0x98, 0x00, 0xff,
    0xda, 0x98, 0x00, 0xff, 0xda, 0x98, 0x00, 0xff, 0xda, 0x98, 0x00, 0xff,
    0xda, 0x98, 0x00, 0xff, 0xda, 0x98, 0x00, 0xff, 0xda, 0x98, 0x00, 0xff,
    0xda, 0x98, 0x00, 0xff, 0xda, 0x98, 0x00, 0xff, 0xda, 0x98, 0x00, 0xff,
    0xda, 0x98, 0x00, 0xff, 0xda, 0x98, 0x00, 0xff, 0xda, 0x98, 0x00, 0xff,
    0xda, 0x98, 0x00, 0xff, 0xda, 0x98, 0x00, 0xff, 0xda, 0x98, 0x00, 0xff,
    0xda, 0x98, 0x00, 0xff, 0xda, 0x98, 0x00, 0xff, 0xda, 0x98, 0x00, 0xff,
    0xda, 0x98, 0x00, 0xff, 0xda, 0x98, 0x00, 0xff, 0xda, 0x98, 0x00, 0xff,
    0xda, 0x98, 0x00, 0xff, 0xda, 0x98, 0x00, 0xff, 0xda, 0x98, 0x00, 0xff,
    0xda, 0x98, 0x00, 0xff, 0xda, 0x98, 0x00, 0xff, 0xda, 0x98, 0x00, 0xff,
    0xda, 0x98, 0x00, 0xff, 0xda, 0x98, 0x00, 0xff, 0xda, 0x98, 0x00, 0xff,
    0xda, 0x98, 0x00, 0xff, 0xda, 0x98, 0x00, 0xff, 0xda, 0x98, 0x00, 0xff,
    0xda, 0x98, 0x00, 0xff, 0xda, 0x98, 0x00, 0xff, 0xda, 0x98, 0x00, 0xff,
    0xda, 0x98, 0x00, 0xff, 0xda, 0x98, 0x00, 0xff, 0xda, 0x98, 0x00, 0xff,
    0xda, 0x98, 0x00, 0xff, 0xda, 0x98, 0x00, 0xff, 0xda, 0x98, 0x00, 0xff,
    0xda, 0x98, 0x00, 0xff, 0xda, 0x98, 0x00, 0xff, 0xda, 0x98, 0x00, 0xff,
    0xda, 0x98, 0x00, 0xff, 0xda, 0x98, 0x00, 0xff, 0xda, 0x98, 0x00, 0xff,
    0xda, 0x98, 0x00, 0xff, 0xda, 0x98, 0x00, 0xff, 0xda, 0x98, 0x00, 0xff,
    0xda, 0x98, 0x00, 0xff, 0xda, 0x98, 0x00, 0xff, 0xda, 0x98, 0x00, 0xff,
    0xda, 0x98, 0x00, 0xff, 0xda, 0x98, 0x00, 0xff, 0xda, 0x98, 0x00, 0xff,
    0xda, 0x98, 0x00, 0xff, 0xda, 0x98, 0x00, 0xff, 0xda, 0x98, 0x00, 0xff,
    0xda, 0x98, 0x00, 0xff, 0xda, 0x98, 0x00, 0xff, 0xda, 0x98, 0x00, 0xff,
    0xda, 0x98, 0x00, 0xff, 0xda, 0x98, 0x00, 0xff, 0xda, 0x98, 0x00, 0xff,
    0xda, 0x98, 0x00, 0xff, 0xda, 0x98, 0x00, 0xff, 0xda, 0x98, 0x00, 0xff,
    0xda, 0x98, 0x00, 0xff, 0xda, 0x98, 0x00, 0xff, 0xda, 0x98, 0x00, 0xff,
    0xda, 0x98, 0x00, 0xff, 0xda, 0x98, 0x00, 0xff, 0xda, 0x98, 0x00, 0xff,
    0xda, 0x98, 0x00, 0xff, 0xda, 0x98, 0x00, 0xff, 0xda, 0x98, 0x00, 0xff,
    0xda, 0x98, 0x00, 0xff, 0xda, 0x98, 0x00, 0xff, 0xda, 0x98, 0x00, 0xff,
    0xa6, 0x76, 0x37, 0xff, 0x8c, 0x65, 0x52, 0xff, 0x8c, 0x65, 0x52, 0xff,
    0x8c, 0x65, 0x52, 0xf7, 0x8a, 0x63, 0x50, 0x41, 0xff, 0xff, 0xff, 0x00,
    0xff, 0xff, 0xff, 0x00, 0xff, 0xff, 0xff, 0x00, 0xb4, 0x80, 0x27, 0x8d,
    0xda, 0x98, 0x00, 0xff, 0xda, 0x98, 0x00, 0xff, 0xda, 0x98, 0x00, 0xff,
    0xda, 0x98, 0x00, 0xff, 0xda, 0x98, 0x00, 0xff, 0xda, 0x98, 0x00, 0xff,
    0xda, 0x98, 0x00, 0xff, 0xda, 0x98, 0x00, 0xff, 0xda, 0x98, 0x00, 0xff,
    0xda, 0x98, 0x00, 0xff, 0xda, 0x98, 0x00, 0xff, 0xda, 0x98, 0x00, 0xff,
    0xda, 0x98, 0x00, 0xff, 0xda, 0x98, 0x00, 0xff, 0xda, 0x98, 0x00, 0xff,
    0xda, 0x98, 0x00, 0xff, 0xda, 0x98, 0x00, 0xff, 0xda, 0x98, 0x00, 0xff,
    0xda, 0x98, 0x00, 0xff, 0xda, 0x98, 0x00, 0xff, 0xda, 0x98, 0x00, 0xff,
    0xda, 0x98, 0x00, 0xff, 0xda, 0x98, 0x00, 0xff, 0xda, 0x98, 0x00, 0xff,
    0xda, 0x98, 0x00, 0xff, 0xda, 0x98, 0x00, 0xff, 0xda, 0x98, 0x00, 0xff,
    0xda, 0x98, 0x00, 0xff, 0xda, 0x98, 0x00, 0xff, 0xda, 0x98, 0x00, 0xff,
    0xda, 0x98, 0x00, 0xff, 0xda, 0x98, 0x00, 0xff, 0xda, 0x98, 0x00, 0xff,
    0xda, 0x98, 0x00, 0xff, 0xda, 0x98, 0x00, 0xff, 0xda, 0x98, 0x00, 0xff,
    0xda, 0x98, 0x00, 0xff, 0xda, 0x98, 0x00, 0xff, 0xda, 0x98, 0x00, 0xff,
    0xda, 0x98, 0x00, 0xff, 0xda, 0x98, 0x00, 0xff, 0xda, 0x98, 0x00, 0xff,
    0xda, 0x98, 0x00, 0xff, 0xda, 0x98, 0x00, 0xff, 0xda, 0x98, 0x00, 0xff,
    0xda, 0x98, 0x00, 0xff, 0xda, 0x98, 0x00, 0xff, 0xda, 0x98, 0x00, 0xff,
    0xda, 0x98, 0x00, 0xff, 0xda, 0x98, 0x00, 0xff, 0xda, 0x98, 0x00, 0xff,
    0xda, 0x98, 0x00, 0xff, 0xda, 0x98, 0x00, 0xff, 0xda, 0x98, 0x00, 0xff,
    0xda, 0x98, 0x00, 0xff, 0xda, 0x98, 0x00, 0xff, 0xda, 0x98, 0x00, 0xff,
    0xda, 0x98, 0x00, 0xff, 0xda, 0x98, 0x00, 0xff, 0xda, 0x98, 0x00, 0xff,
    0xda, 0x98, 0x00, 0xff, 0xda, 0x98, 0x00, 0xff, 0xda, 0x98, 0x00, 0xff,
    0xda, 0x98, 0x00, 0xff, 0xda, 0x98, 0x00, 0xff, 0xda, 0x98, 0x00, 0xff,
    0xda, 0x98, 0x00, 0xff, 0xda, 0x98, 0x00, 0xff, 0xda, 0x98, 0x00, 0xff,
    0xda, 0x98, 0x00, 0xff, 0xda, 0x98, 0x00, 0xff, 0xda, 0x98, 0x00, 0xff,
    0xda, 0x98, 0x00, 0xff, 0xda, 0x98, 0x00, 0xff, 0xda, 0x98, 0x00, 0xff,
    0xda, 0x98, 0x00, 0xff, 0xda, 0x98, 0x00, 0xff, 0xda, 0x98, 0x00, 0xff,
    0xda, 0x98, 0x00, 0xff, 0xda, 0x98, 0x00, 0xff, 0xda, 0x98, 0x00, 0xff,
    0xda, 0x98, 0x00, 0xff, 0xda, 0x98, 0x00, 0xff, 0xda, 0x98, 0x00, 0xff,
    0xda, 0x98, 0x00, 0xff, 0xda, 0x98, 0x00, 0xff, 0xda, 0x98, 0x00, 0xff,
    0xda, 0x98, 0x00, 0xff, 0xda, 0x98, 0x00, 0xff, 0xda, 0x98, 0x00, 0xff,
    0xda, 0x98, 0x00, 0xff, 0xda, 0x98, 0x00, 0xff, 0xda, 0x98, 0x00, 0xff,
    0xda, 0x98, 0x00, 0xff, 0xda, 0x98, 0x00, 0xff, 0xda, 0x98, 0x00, 0xff,
    0xda, 0x98, 0x00, 0xff, 0xda, 0x98, 0x00, 0xff, 0xda, 0x98, 0x00, 0xff,
    0xda, 0x98, 0x00, 0xff, 0xda, 0x98, 0x00, 0xff, 0xda, 0x98, 0x00, 0xff,
    0xda, 0x98, 0x00, 0xff, 0xda, 0x98, 0x00, 0xff, 0xda, 0x98, 0x00, 0xff,
    0xda, 0x98, 0x00, 0xff, 0xda, 0x98, 0x00, 0xff, 0xda, 0x98, 0x00, 0xff,
    0xda, 0x98, 0x00, 0xff, 0xda, 0x98, 0x00, 0xff, 0xda, 0x98, 0x00, 0xff,
    0xda, 0x98, 0x00, 0xff, 0xda, 0x98, 0x00, 0xff, 0xda, 0x98, 0x00, 0xff,
    0xda, 0x98, 0x00, 0xff, 0xda, 0x98, 0x00, 0xff, 0xda, 0x98, 0x00, 0xff,
    0xda, 0x98, 0x00, 0xff, 0xda, 0x98, 0x00, 0xff, 0xda, 0x98, 0x00, 0xff,
    0xda, 0x98, 0x00, 0xff, 0xda, 0x98, 0x00, 0xff, 0xda, 0x98, 0x00, 0xff,
    0xda, 0x98, 0x00, 0xff, 0xda, 0x98, 0x00, 0xff, 0xda, 0x98, 0x00, 0xff,
    0xda, 0x98, 0x00, 0xff, 0xda, 0x98, 0x00, 0xff, 0xda, 0x98, 0x00, 0xff,
    0xda, 0x98, 0x00, 0xff, 0xda, 0x98, 0x00, 0xff, 0xda, 0x98, 0x00, 0xff,
    0xda, 0x98, 0x00, 0xff, 0xda, 0x98, 0x00, 0xff, 0xda, 0x98, 0x00, 0xff,
    0xda, 0x98, 0x00, 0xff, 0xda, 0x98, 0x00, 0xff, 0xda, 0x98, 0x00, 0xff,
    0xda, 0x98, 0x00, 0xff, 0xda, 0x98, 0x00, 0xff, 0xda, 0x98, 0x00, 0xff,
    0xda, 0x98, 0x00, 0xff, 0xda, 0x98, 0x00, 0xff, 0xda, 0x98, 0x00, 0xff,
    0xda, 0x98, 0x00, 0xff, 0xda, 0x98, 0x00, 0xff, 0xda, 0x98, 0x00, 0xff,
    0xda, 0x98, 0x00, 0xff, 0xda, 0x98, 0x00, 0xff, 0xda, 0x98, 0x00, 0xff,
    0xda, 0x98, 0x00, 0xff, 0xda, 0x98, 0x00, 0xff, 0xda, 0x98, 0x00, 0xff,
    0xda, 0x98, 0x00, 0xff, 0xda, 0x98, 0x00, 0xff, 0xda, 0x98, 0x00, 0xff,
    0xda, 0x98, 0x00, 0xff, 0xda, 0x98, 0x00, 0xff, 0xda, 0x98, 0x00, 0xff,
    0xda, 0x98, 0x00, 0xff, 0xda, 0x98, 0x00, 0xff, 0xda, 0x98, 0x00, 0xff,
    0xda, 0x98, 0x00, 0xff, 0xda, 0x98, 0x00, 0xff, 0xda, 0x98, 0x00, 0xff,
    0xda, 0x98, 0x00, 0xff, 0xda, 0x98, 0x00, 0xff, 0xda, 0x98, 0x00, 0xff,
    0xda, 0x98, 0x00, 0xff, 0xda, 0x98, 0x00, 0xff, 0xda, 0x98, 0x00, 0xff,
    0xda, 0x98, 0x00, 0xff, 0xda, 0x98, 0x00, 0xff, 0xda, 0x98, 0x00, 0xff,
    0xda, 0x98, 0x00, 0xff, 0xda, 0x98, 0x00, 0xff, 0xda, 0x98, 0x00, 0xff,
    0xda, 0x98, 0x00, 0xff, 0xda, 0x98, 0x00, 0xff, 0xda, 0x98, 0x00, 0xff,
    0xda, 0x98, 0x00, 0xff, 0xda, 0x98, 0x00, 0xff, 0xda, 0x98, 0x00, 0xff,
    0xda, 0x98, 0x00, 0xff, 0xda, 0x98, 0x00, 0xff, 0xda, 0x98, 0x00, 0xff,
    0xda, 0x98, 0x00, 0xff, 0xda, 0x98, 0x00, 0xff, 0xda, 0x98, 0x00, 0xff,
    0xda, 0x98, 0x00, 0xff, 0xda, 0x98, 0x00, 0xff, 0xda, 0x98, 0x00, 0xff,
    0xda, 0x98, 0x00, 0xff, 0xda, 0x98, 0x00, 0xff, 0xda, 0x98, 0x00, 0xff,
    0xda, 0x98, 0x00, 0xff, 0xda, 0x98, 0x00, 0xff, 0xda, 0x98, 0x00, 0xff,
    0xda, 0x98, 0x00, 0xff, 0xda, 0x98, 0x00, 0xff, 0xda, 0x98, 0x00, 0xff,
    0xda, 0x98, 0x00, 0xff, 0xda, 0x98, 0x00, 0xff, 0xda, 0x98, 0x00, 0xff,
    0xda, 0x98, 0x00, 0xff, 0xda, 0x98, 0x00, 0xff, 0xda, 0x98, 0x00, 0xff,
    0xda, 0x98, 0x00, 0xff, 0xda, 0x98, 0x00, 0xff, 0xda, 0x98, 0x00, 0xff,
    0xda, 0x98, 0x00, 0xff, 0xda, 0x98, 0x00, 0xff, 0xda, 0x98, 0x00, 0xff,
    0xda, 0x98, 0x00, 0xff, 0xda, 0x98, 0x00, 0xff, 0xda, 0x98, 0x00, 0xff,
    0xda, 0x98, 0x00, 0xff, 0xda, 0x98, 0x00, 0xff, 0xda, 0x98, 0x00, 0xff,
    0xda, 0x98, 0x00, 0xff, 0xda, 0x98, 0x00, 0xff, 0xda, 0x98, 0x00, 0xff,
    0xda, 0x98, 0x00, 0xff, 0xda, 0x98, 0x00, 0xff, 0xda, 0x98, 0x00, 0xff,
    0xda, 0x98, 0x00, 0xff, 0xda, 0x98, 0x00, 0xff, 0xda, 0x98, 0x00, 0xff,
    0xda, 0x98, 0x00, 0xff, 0xda, 0x98, 0x00, 0xff, 0xda, 0x98, 0x00, 0xff,
    0xda, 0x98, 0x00, 0xff, 0xda, 0x98, 0x00, 0xff, 0xda, 0x98, 0x00, 0xff,
    0xda, 0x98, 0x00, 0xff, 0xda, 0x98, 0x00, 0xff, 0xda, 0x98, 0x00, 0xff,
    0xda, 0x98, 0x00, 0xff, 0xd5, 0x95, 0x05, 0xff, 0x92, 0x69, 0x4b, 0xff,
    0x8c, 0x65, 0x52, 0xff, 0x8c, 0x65, 0x52, 0xff, 0x8c, 0x65, 0x52, 0xe9,
    0x80, 0x5a, 0x4e, 0x14, 0xff, 0xff, 0xff, 0x00, 0x6e, 0x4a, 0x4a, 0x07,
    0xca, 0x8e, 0x13, 0xfa, 0xda, 0x98, 0x00, 0xff, 0xda, 0x98, 0x00, 0xff,
    0xda, 0x98, 0x00, 0xff, 0xda, 0x98, 0x00, 0xff, 0xda, 0x98, 0x00, 0xff,
    0xda, 0x98, 0x00, 0xff, 0xda, 0x98, 0x00, 0xff, 0xda, 0x98, 0x00, 0xff,
    0xda, 0x98, 0x00, 0xff, 0xda, 0x98, 0x00, 0xff, 0xda, 0x98, 0x00, 0xff,
    0xda, 0x98, 0x00, 0xff, 0xda, 0x98, 0x00, 0xff, 0xda, 0x98, 0x00, 0xff,
    0xda, 0x98, 0x00, 0xff, 0xda, 0x98, 0x00, 0xff, 0xda, 0x98, 0x00, 0xff,
    0xda, 0x98, 0x00, 0xff, 0xda, 0x98, 0x00, 0xff, 0xda, 0x98, 0x00, 0xff,
    0xda, 0x98, 0x00, 0xff, 0xda, 0x98, 0x00, 0xff, 0xda, 0x98, 0x00, 0xff,
    0xda, 0x98, 0x00, 0xff, 0xda, 0x98, 0x00, 0xff, 0xda, 0x98, 0x00, 0xff,
    0xda, 0x98, 0x00, 0xff, 0xda, 0x98, 0x00, 0xff, 0xda, 0x98, 0x00, 0xff,
    0xda, 0x98, 0x00, 0xff, 0xda, 0x98, 0x00, 0xff, 0xda, 0x98, 0x00, 0xff,
    0xda, 0x98, 0x00, 0xff, 0xda, 0x98, 0x00, 0xff, 0xda, 0x98, 0x00, 0xff,
    0xda, 0x98, 0x00, 0xff, 0xda, 0x98, 0x00, 0xff, 0xda, 0x98, 0x00, 0xff,
    0xda, 0x98, 0x00, 0xff, 0xda, 0x98, 0x00, 0xff, 0xda, 0x98, 0x00, 0xff,
    0xda, 0x98, 0x00, 0xff, 0xda, 0x98, 0x00, 0xff, 0xda, 0x98, 0x00, 0xff,
    0xda, 0x98, 0x00, 0xff, 0xda, 0x98, 0x00, 0xff, 0xda, 0x98, 0x00, 0xff,
    0xda, 0x98, 0x00, 0xff, 0xda, 0x98, 0x00, 0xff, 0xda, 0x98, 0x00, 0xff,
    0xda, 0x98, 0x00, 0xff, 0xda, 0x98, 0x00, 0xff, 0xda, 0x98, 0x00, 0xff,
    0xda, 0x98, 0x00, 0xff, 0xda, 0x98, 0x00, 0xff, 0xda, 0x98, 0x00, 0xff,
    0xda, 0x98, 0x00, 0xff, 0xda, 0x98, 0x00, 0xff, 0xda, 0x98, 0x00, 0xff,
    0xda, 0x98, 0x00, 0xff, 0xda, 0x98, 0x00, 0xff, 0xda, 0x98, 0x00, 0xff,
    0xda, 0x98, 0x00, 0xff, 0xda, 0x98, 0x00, 0xff, 0xda, 0x98, 0x00, 0xff,
    0xda, 0x98, 0x00, 0xff, 0xda, 0x98, 0x00, 0xff, 0xda, 0x98, 0x00, 0xff,
    0xda, 0x98, 0x00, 0xff, 0xda, 0x98, 0x00, 0xff, 0xda, 0x98, 0x00, 0xff,
    0xda, 0x98, 0x00, 0xff, 0xda, 0x98, 0x00, 0xff, 0xda, 0x98, 0x00, 0xff,
    0xda, 0x98, 0x00, 0xff, 0xda, 0x98, 0x00, 0xff, 0xda, 0x98, 0x00, 0xff,
    0xda, 0x98, 0x00, 0xff, 0xda, 0x98, 0x00, 0xff, 0xda, 0x98, 0x00, 0xff,
    0xda, 0x98, 0x00, 0xff, 0xda, 0x98, 0x00, 0xff, 0xda, 0x98, 0x00, 0xff,
    0xda, 0x98, 0x00, 0xff, 0xda, 0x98, 0x00, 0xff, 0xda, 0x98, 0x00, 0xff,
    0xda, 0x98, 0x00, 0xff, 0xda, 0x98, 0x00, 0xff, 0xda, 0x98, 0x00, 0xff,
    0xda, 0x98, 0x00, 0xff, 0xda, 0x98, 0x00, 0xff, 0xda, 0x98, 0x00, 0xff,
    0xda, 0x98, 0x00, 0xff, 0xda, 0x98, 0x00, 0xff, 0xda, 0x98, 0x00, 0xff,
    0xda, 0x98, 0x00, 0xff, 0xda, 0x98, 0x00, 0xff, 0xda, 0x98, 0x00, 0xff,
    0xda, 0x98, 0x00, 0xff, 0xda, 0x98, 0x00, 0xff, 0xda, 0x98, 0x00, 0xff,
    0xda, 0x98, 0x00, 0xff, 0xda, 0x98, 0x00, 0xff, 0xda, 0x98, 0x00, 0xff,
    0xda, 0x98, 0x00, 0xff, 0xda, 0x98, 0x00, 0xff, 0xda, 0x98, 0x00, 0xff,
    0xda, 0x98, 0x00, 0xff, 0xda, 0x98, 0x00, 0xff, 0xda, 0x98, 0x00, 0xff,
    0xda, 0x98, 0x00, 0xff, 0xda, 0x98, 0x00, 0xff, 0xda, 0x98, 0x00, 0xff,
    0xda, 0x98, 0x00, 0xff, 0xda, 0x98, 0x00, 0xff, 0xda, 0x98, 0x00, 0xff,
    0xda, 0x98, 0x00, 0xff, 0xda, 0x98, 0x00, 0xff, 0xda, 0x98, 0x00, 0xff,
    0xda, 0x98, 0x00, 0xff, 0xda, 0x98, 0x00, 0xff, 0xda, 0x98, 0x00, 0xff,
    0xda, 0x98, 0x00, 0xff, 0xda, 0x98, 0x00, 0xff, 0xda, 0x98, 0x00, 0xff,
    0xda, 0x98, 0x00, 0xff, 0xda, 0x98, 0x00, 0xff, 0xda, 0x98, 0x00, 0xff,
    0xda, 0x98, 0x00, 0xff, 0xda, 0x98, 0x00, 0xff, 0xda, 0x98, 0x00, 0xff,
    0xda, 0x98, 0x00, 0xff, 0xda, 0x98, 0x00, 0xff, 0xda, 0x98, 0x00, 0xff,
    0xda, 0x98, 0x00, 0xff, 0xda, 0x98, 0x00, 0xff, 0xda, 0x98, 0x00, 0xff,
    0xda, 0x98, 0x00, 0xff, 0xda, 0x98, 0x00, 0xff, 0xda, 0x98, 0x00, 0xff,
    0xda, 0x98, 0x00, 0xff, 0xda, 0x98, 0x00, 0xff, 0xda, 0x98, 0x00, 0xff,
    0xda, 0x98, 0x00, 0xff, 0xda, 0x98, 0x00, 0xff, 0xda, 0x98, 0x00, 0xff,
    0xda, 0x98, 0x00, 0xff, 0xda, 0x98, 0x00, 0xff, 0xda, 0x98, 0x00, 0xff,
    0xda, 0x98, 0x00, 0xff, 0xda, 0x98, 0x00, 0xff, 0xda, 0x98, 0x00, 0xff,
    0xda, 0x98, 0x00, 0xff, 0xda, 0x98, 0x00, 0xff, 0xda, 0x98, 0x00, 0xff,
    0xda, 0x98, 0x00, 0xff, 0xda, 0x98, 0x00, 0xff, 0xda, 0x98, 0x00, 0xff,
    0xda, 0x98, 0x00, 0xff, 0xda, 0x98, 0x00, 0xff, 0xda, 0x98, 0x00, 0xff,
    0xda, 0x98, 0x00, 0xff, 0xda, 0x98, 0x00, 0xff, 0xda, 0x98, 0x00, 0xff,
    0xda, 0x98, 0x00, 0xff, 0xda, 0x98, 0x00, 0xff, 0xda, 0x98, 0x00, 0xff,
    0xda, 0x98, 0x00, 0xff, 0xda, 0x98, 0x00, 0xff, 0xda, 0x98, 0x00, 0xff,
    0xda, 0x98, 0x00, 0xff, 0xda, 0x98, 0x00, 0xff, 0xda, 0x98, 0x00, 0xff,
    0xda, 0x98, 0x00, 0xff, 0xda, 0x98, 0x00, 0xff, 0xda, 0x98, 0x00, 0xff,
    0xda, 0x98, 0x00, 0xff, 0xda, 0x98, 0x00, 0xff, 0xda, 0x98, 0x00, 0xff,
    0xda, 0x98, 0x00, 0xff, 0xda, 0x98, 0x00, 0xff, 0xda, 0x98, 0x00, 0xff,
    0xda, 0x98, 0x00, 0xff, 0xda, 0x98, 0x00, 0xff, 0xda, 0x98, 0x00, 0xff,
    0xda, 0x98, 0x00, 0xff, 0xda, 0x98, 0x00, 0xff, 0xda, 0x98, 0x00, 0xff,
    0xda, 0x98, 0x00, 0xff, 0xda, 0x98, 0x00, 0xff, 0xda, 0x98, 0x00, 0xff,
    0xda, 0x98, 0x00, 0xff, 0xda, 0x98, 0x00, 0xff, 0xda, 0x98, 0x00, 0xff,
    0xda, 0x98, 0x00, 0xff, 0xda, 0x98, 0x00, 0xff, 0xda, 0x98, 0x00, 0xff,
    0xda, 0x98, 0x00, 0xff, 0xda, 0x98, 0x00, 0xff, 0xda, 0x98, 0x00, 0xff,
    0xda, 0x98, 0x00, 0xff, 0xda, 0x98, 0x00, 0xff, 0xda, 0x98, 0x00, 0xff,
    0xda, 0x98, 0x00, 0xff, 0xda, 0x98, 0x00, 0xff, 0xda, 0x98, 0x00, 0xff,
    0xda, 0x98, 0x00, 0xff, 0xda, 0x98, 0x00, 0xff, 0xda, 0x98, 0x00, 0xff,
    0xda, 0x98, 0x00, 0xff, 0xda, 0x98, 0x00, 0xff, 0xda, 0x98, 0x00, 0xff,
    0xda, 0x98, 0x00, 0xff, 0xda, 0x98, 0x00, 0xff, 0xda, 0x98, 0x00, 0xff,
    0xda, 0x98, 0x00, 0xff, 0xda, 0x98, 0x00, 0xff, 0xda, 0x98, 0x00, 0xff,
    0xda, 0x98, 0x00, 0xff, 0xda, 0x98, 0x00, 0xff, 0xda, 0x98, 0x00, 0xff,
    0xda, 0x98, 0x00, 0xff, 0xda, 0x98, 0x00, 0xff, 0xda, 0x98, 0x00, 0xff,
    0xda, 0x98, 0x00, 0xff, 0xda, 0x98, 0x00, 0xff, 0xda, 0x98, 0x00, 0xff,
    0xda, 0x98, 0x00, 0xff, 0xda, 0x98, 0x00, 0xff, 0xda, 0x98, 0x00, 0xff,
    0xda, 0x98, 0x00, 0xff, 0xda, 0x98, 0x00, 0xff, 0xda, 0x98, 0x00, 0xff,
    0xda, 0x98, 0x00, 0xff, 0xda, 0x98, 0x00, 0xff, 0xda, 0x98, 0x00, 0xff,
    0xda, 0x98, 0x00, 0xff, 0xda, 0x98, 0x00, 0xff, 0xda, 0x98, 0x00, 0xff,
    0xb2, 0x7e, 0x29, 0xff, 0x8c, 0x65, 0x52, 0xff, 0x8c, 0x65, 0x52, 0xff,
    0x8c, 0x65, 0x52, 0xff, 0x8b, 0x65, 0x51, 0x8c, 0xff, 0xff, 0xff, 0x00,
    0x9e, 0x71, 0x3e, 0x60, 0xda, 0x98, 0x00, 0xff, 0xda, 0x98, 0x00, 0xff,
    0xda, 0x98, 0x00, 0xff, 0xda, 0x98, 0x00, 0xff, 0xda, 0x98, 0x00, 0xff,
    0xda, 0x98, 0x00, 0xff, 0xda, 0x98, 0x00, 0xff, 0xda, 0x98, 0x00, 0xff,
    0xda, 0x98, 0x00, 0xff, 0xda, 0x98, 0x00, 0xff, 0xda, 0x98, 0x00, 0xff,
    0xda, 0x98, 0x00, 0xff, 0xda, 0x98, 0x00, 0xff, 0xda, 0x98, 0x00, 0xff,
    0xda, 0x98, 0x00, 0xff, 0xda, 0x98, 0x00, 0xff, 0xda, 0x98, 0x00, 0xff,
    0xda, 0x98, 0x00, 0xff, 0xda, 0x98, 0x00, 0xff, 0xda, 0x98, 0x00, 0xff,
    0xda, 0x98, 0x00, 0xff, 0xda, 0x98, 0x00, 0xff, 0xda, 0x98, 0x00, 0xff,
    0xda, 0x98, 0x00, 0xff, 0xda, 0x98, 0x00, 0xff, 0xda, 0x98, 0x00, 0xff,
    0xda, 0x98, 0x00, 0xff, 0xda, 0x98, 0x00, 0xff, 0xda, 0x98, 0x00, 0xff,
    0xda, 0x98, 0x00, 0xff, 0xda, 0x98, 0x00, 0xff, 0xda, 0x98, 0x00, 0xff,
    0xda, 0x98, 0x00, 0xff, 0xda, 0x98, 0x00, 0xff, 0xda, 0x98, 0x00, 0xff,
    0xda, 0x98, 0x00, 0xff, 0xda, 0x98, 0x00, 0xff, 0xda, 0x98, 0x00, 0xff,
    0xda, 0x98, 0x00, 0xff, 0xda, 0x98, 0x00, 0xff, 0xda, 0x98, 0x00, 0xff,
    0xda, 0x98, 0x00, 0xff, 0xda, 0x98, 0x00, 0xff, 0xda, 0x98, 0x00, 0xff,
    0xda, 0x98, 0x00, 0xff, 0xda, 0x98, 0x00, 0xff, 0xda, 0x98, 0x00, 0xff,
    0xda, 0x98, 0x00, 0xff, 0xda, 0x98, 0x00, 0xff, 0xda, 0x98, 0x00, 0xff,
    0xda, 0x98, 0x00, 0xff, 0xda, 0x98, 0x00, 0xff, 0xda, 0x98, 0x00, 0xff,
    0xda, 0x98, 0x00, 0xff, 0xda, 0x98, 0x00, 0xff, 0xda, 0x98, 0x00, 0xff,
    0xda, 0x98, 0x00, 0xff, 0xda, 0x98, 0x00, 0xff, 0xda, 0x98, 0x00, 0xff,
    0xda, 0x98, 0x00, 0xff, 0xda, 0x98, 0x00, 0xff, 0xda, 0x98, 0x00, 0xff,
    0xda, 0x98, 0x00, 0xff, 0xda, 0x98, 0x00, 0xff, 0xda, 0x98, 0x00, 0xff,
    0xda, 0x98, 0x00, 0xff, 0xda, 0x98, 0x00, 0xff, 0xda, 0x98, 0x00, 0xff,
    0xda, 0x98, 0x00, 0xff, 0xda, 0x98, 0x00, 0xff, 0xda, 0x98, 0x00, 0xff,
    0xda, 0x98, 0x00, 0xff, 0xda, 0x98, 0x00, 0xff, 0xda, 0x98, 0x00, 0xff,
    0xda, 0x98, 0x00, 0xff, 0xda, 0x98, 0x00, 0xff, 0xda, 0x98, 0x00, 0xff,
    0xda, 0x98, 0x00, 0xff, 0xda, 0x98, 0x00, 0xff, 0xda, 0x98, 0x00, 0xff,
    0xda, 0x98, 0x00, 0xff, 0xda, 0x98, 0x00, 0xff, 0xda, 0x98, 0x00, 0xff,
    0xda, 0x98, 0x00, 0xff, 0xda, 0x98, 0x00, 0xff, 0xda, 0x98, 0x00, 0xff,
    0xda, 0x98, 0x00, 0xff, 0xda, 0x98, 0x00, 0xff, 0xda, 0x98, 0x00, 0xff,
    0xda, 0x98, 0x00, 0xff, 0xda, 0x98, 0x00, 0xff, 0xda, 0x98, 0x00, 0xff,
    0xda, 0x98, 0x00, 0xff, 0xda, 0x98, 0x00, 0xff, 0xda, 0x98, 0x00, 0xff,
    0xda, 0x98, 0x00, 0xff, 0xda, 0x98, 0x00, 0xff, 0xda, 0x98, 0x00, 0xff,
    0xda, 0x98, 0x00, 0xff, 0xda, 0x98, 0x00, 0xff, 0xda, 0x98, 0x00, 0xff,
    0xda, 0x98, 0x00, 0xff, 0xda, 0x98, 0x00, 0xff, 0xda, 0x98, 0x00, 0xff,
    0xda, 0x98, 0x00, 0xff, 0xda, 0x98, 0x00, 0xff, 0xda, 0x98, 0x00, 0xff,
    0xda, 0x98, 0x00, 0xff, 0xda, 0x98, 0x00, 0xff, 0xda, 0x98, 0x00, 0xff,
    0xda, 0x98, 0x00, 0xff, 0xda, 0x98, 0x00, 0xff, 0xda, 0x98, 0x00, 0xff,
    0xda, 0x98, 0x00, 0xff, 0xda, 0x98, 0x00, 0xff, 0xda, 0x98, 0x00, 0xff,
    0xda, 0x98, 0x00, 0xff, 0xda, 0x98, 0x00, 0xff, 0xda, 0x98, 0x00, 0xff,
    0xda, 0x98, 0x00, 0xff, 0xda, 0x98, 0x00, 0xff, 0xda, 0x98, 0x00, 0xff,
    0xda, 0x98, 0x00, 0xff, 0xda, 0x98, 0x00, 0xff, 0xda, 0x98, 0x00, 0xff,
    0xda, 0x98, 0x00, 0xff, 0xda, 0x98, 0x00, 0xff, 0xda, 0x98, 0x00, 0xff,
    0xda, 0x98, 0x00, 0xff, 0xda, 0x98, 0x00, 0xff, 0xda, 0x98, 0x00, 0xff,
    0xda, 0x98, 0x00, 0xff, 0xda, 0x98, 0x00, 0xff, 0xda, 0x98, 0x00, 0xff,
    0xda, 0x98, 0x00, 0xff, 0xda, 0x98, 0x00, 0xff, 0xda, 0x98, 0x00, 0xff,
    0xda, 0x98, 0x00, 0xff, 0xda, 0x98, 0x00, 0xff, 0xda, 0x98, 0x00, 0xff,
    0xda, 0x98, 0x00, 0xff, 0xda, 0x98, 0x00, 0xff, 0xda, 0x98, 0x00, 0xff,
    0xda, 0x98, 0x00, 0xff, 0xda, 0x98, 0x00, 0xff, 0xda, 0x98, 0x00, 0xff,
    0xda, 0x98, 0x00, 0xff, 0xda, 0x98, 0x00, 0xff, 0xda, 0x98, 0x00, 0xff,
    0xda, 0x98, 0x00, 0xff, 0xda, 0x98, 0x00, 0xff, 0xda, 0x98, 0x00, 0xff,
    0xda, 0x98, 0x00, 0xff, 0xda, 0x98, 0x00, 0xff, 0xda, 0x98, 0x00, 0xff,
    0xda, 0x98, 0x00, 0xff, 0xda, 0x98, 0x00, 0xff, 0xda, 0x98, 0x00, 0xff,
    0xda, 0x98, 0x00, 0xff, 0xda, 0x98, 0x00, 0xff, 0xda, 0x98, 0x00, 0xff,
    0xda, 0x98, 0x00, 0xff, 0xda, 0x98, 0x00, 0xff, 0xda, 0x98, 0x00, 0xff,
    0xda, 0x98, 0x00, 0xff, 0xda, 0x98, 0x00, 0xff, 0xda, 0x98, 0x00, 0xff,
    0xda, 0x98, 0x00, 0xff, 0xda, 0x98, 0x00, 0xff, 0xda, 0x98, 0x00, 0xff,
    0xda, 0x98, 0x00, 0xff, 0xda, 0x98, 0x00, 0xff, 0xda, 0x98, 0x00, 0xff,
    0xda, 0x98, 0x00, 0xff, 0xda, 0x98, 0x00, 0xff, 0xda, 0x98, 0x00, 0xff,
    0xda, 0x98, 0x00, 0xff, 0xda, 0x98, 0x00, 0xff, 0xda, 0x98, 0x00, 0xff,
    0xda, 0x98, 0x00, 0xff, 0xda, 0x98, 0x00, 0xff, 0xda, 0x98, 0x00, 0xff,
    0xda, 0x98, 0x00, 0xff, 0xda, 0x98, 0x00, 0xff, 0xda, 0x98, 0x00, 0xff,
    0xda, 0x98, 0x00, 0xff, 0xda, 0x98, 0x00, 0xff, 0xda, 0x98, 0x00, 0xff,
    0xda, 0x98, 0x00, 0xff, 0xda, 0x98, 0x00, 0xff, 0xda, 0x98, 0x00, 0xff,
    0xda, 0x98, 0x00, 0xff, 0xda, 0x98, 0x00, 0xff, 0xda, 0x98, 0x00, 0xff,
    0xda, 0x98, 0x00, 0xff, 0xda, 0x98, 0x00, 0xff, 0xda, 0x98, 0x00, 0xff,
    0xda, 0x98, 0x00, 0xff, 0xda, 0x98, 0x00, 0xff, 0xda, 0x98, 0x00, 0xff,
    0xda, 0x98, 0x00, 0xff, 0xda, 0x98, 0x00, 0xff, 0xda, 0x98, 0x00, 0xff,
    0xda, 0x98, 0x00, 0xff, 0xda, 0x98, 0x00, 0xff, 0xda, 0x98, 0x00, 0xff,
    0xda, 0x98, 0x00, 0xff, 0xda, 0x98, 0x00, 0xff, 0xda, 0x98, 0x00, 0xff,
    0xda, 0x98, 0x00, 0xff, 0xda, 0x98, 0x00, 0xff, 0xda, 0x98, 0x00, 0xff,
    0xda, 0x98, 0x00, 0xff, 0xda, 0x98, 0x00, 0xff, 0xda, 0x98, 0x00, 0xff,
    0xda, 0x98, 0x00, 0xff, 0xda, 0x98, 0x00, 0xff, 0xda, 0x98, 0x00, 0xff,
    0xda, 0x98, 0x00, 0xff, 0xda, 0x98, 0x00, 0xff, 0xda, 0x98, 0x00, 0xff,
    0xda, 0x98, 0x00, 0xff, 0xda, 0x98, 0x00, 0xff, 0xda, 0x98, 0x00, 0xff,
    0xda, 0x98, 0x00, 0xff, 0xda, 0x98, 0x00, 0xff, 0xda, 0x98, 0x00, 0xff,
    0xda, 0x98, 0x00, 0xff, 0xda, 0x98, 0x00, 0xff, 0xda, 0x98, 0x00, 0xff,
    0xda, 0x98, 0x00, 0xff, 0xda, 0x98, 0x00, 0xff, 0xda, 0x98, 0x00, 0xff,
    0xda, 0x98, 0x00, 0xff, 0xda, 0x98, 0x00, 0xff, 0xda, 0x98, 0x00, 0xff,
    0xda, 0x98, 0x00, 0xff, 0xda, 0x98, 0x00, 0xff, 0xda, 0x98, 0x00, 0xff,
    0xda, 0x98, 0x00, 0xff, 0xcb, 0x8e, 0x0f, 0xff, 0x8c, 0x65, 0x52, 0xff,
    0x8c, 0x65, 0x52, 0xff, 0x8c, 0x65, 0x52, 0xff, 0x8c, 0x65, 0x51, 0xeb,
    0x56, 0x56, 0x01, 0x03, 0xa8, 0x78, 0x34, 0xac, 0xda, 0x98, 0x00, 0xff,
    0xda, 0x98, 0x00, 0xff, 0xda, 0x98, 0x00, 0xff, 0xda, 0x98, 0x00, 0xff,
    0xda, 0x98, 0x00, 0xff, 0xda, 0x98, 0x00, 0xff, 0xda, 0x98, 0x00, 0xff,
    0xda, 0x98, 0x00, 0xff, 0xda, 0x98, 0x00, 0xff, 0xda, 0x98, 0x00, 0xff,
    0xda, 0x98, 0x00, 0xff, 0xda, 0x98, 0x00, 0xff, 0xda, 0x98, 0x00, 0xff,
    0xda, 0x98, 0x00, 0xff, 0xda, 0x98, 0x00, 0xff, 0xda, 0x98, 0x00, 0xff,
    0xda, 0x98, 0x00, 0xff, 0xda, 0x98, 0x00, 0xff, 0xda, 0x98, 0x00, 0xff,
    0xda, 0x98, 0x00, 0xff, 0xda, 0x98, 0x00, 0xff, 0xda, 0x98, 0x00, 0xff,
    0xda, 0x98, 0x00, 0xff, 0xda, 0x98, 0x00, 0xff, 0xda, 0x98, 0x00, 0xff,
    0xda, 0x98, 0x00, 0xff, 0xda, 0x98, 0x00, 0xff, 0xda, 0x98, 0x00, 0xff,
    0xda, 0x98, 0x00, 0xff, 0xda, 0x98, 0x00, 0xff, 0xda, 0x98, 0x00, 0xff,
    0xda, 0x98, 0x00, 0xff, 0xda, 0x98, 0x00, 0xff, 0xda, 0x98, 0x00, 0xff,
    0xda, 0x98, 0x00, 0xff, 0xda, 0x98, 0x00, 0xff, 0xda, 0x98, 0x00, 0xff,
    0xda, 0x98, 0x00, 0xff, 0xda, 0x98, 0x00, 0xff, 0xda, 0x98, 0x00, 0xff,
    0xda, 0x98, 0x00, 0xff, 0xda, 0x98, 0x00, 0xff, 0xda, 0x98, 0x00, 0xff,
    0xda, 0x98, 0x00, 0xff, 0xda, 0x98, 0x00, 0xff, 0xda, 0x98, 0x00, 0xff,
    0xda, 0x98, 0x00, 0xff, 0xda, 0x98, 0x00, 0xff, 0xda, 0x98, 0x00, 0xff,
    0xda, 0x98, 0x00, 0xff, 0xda, 0x98, 0x00, 0xff, 0xda, 0x98, 0x00, 0xff,
    0xda, 0x98, 0x00, 0xff, 0xda, 0x98, 0x00, 0xff, 0xda, 0x98, 0x00, 0xff,
    0xda, 0x98, 0x00, 0xff, 0xda, 0x98, 0x00, 0xff, 0xda, 0x98, 0x00, 0xff,
    0xda, 0x98, 0x00, 0xff, 0xda, 0x98, 0x00, 0xff, 0xda, 0x98, 0x00, 0xff,
    0xda, 0x98, 0x00, 0xff, 0xda, 0x98, 0x00, 0xff, 0xda, 0x98, 0x00, 0xff,
    0xda, 0x98, 0x00, 0xff, 0xda, 0x98, 0x00, 0xff, 0xda, 0x98, 0x00, 0xff,
    0xda, 0x98, 0x00, 0xff, 0xda, 0x98, 0x00, 0xff, 0xda, 0x98, 0x00, 0xff,
    0xda, 0x98, 0x00, 0xff, 0xda, 0x98, 0x00, 0xff, 0xda, 0x98, 0x00, 0xff,
    0xda, 0x98, 0x00, 0xff, 0xda, 0x98, 0x00, 0xff, 0xda, 0x98, 0x00, 0xff,
    0xda, 0x98, 0x00, 0xff, 0xda, 0x98, 0x00, 0xff, 0xda, 0x98, 0x00, 0xff,
    0xda, 0x98, 0x00, 0xff, 0xda, 0x98, 0x00, 0xff, 0xda, 0x98, 0x00, 0xff,
    0xda, 0x98, 0x00, 0xff, 0xda, 0x98, 0x00, 0xff, 0xda, 0x98, 0x00, 0xff,
    0xda, 0x98, 0x00, 0xff, 0xda, 0x98, 0x00, 0xff, 0xda, 0x98, 0x00, 0xff,
    0xda, 0x98, 0x00, 0xff, 0xda, 0x98, 0x00, 0xff, 0xda, 0x98, 0x00, 0xff,
    0xda, 0x98, 0x00, 0xff, 0xda, 0x98, 0x00, 0xff, 0xda, 0x98, 0x00, 0xff,
    0xda, 0x98, 0x00, 0xff, 0xda, 0x98, 0x00, 0xff, 0xda, 0x98, 0x00, 0xff,
    0xda, 0x98, 0x00, 0xff, 0xda, 0x98, 0x00, 0xff, 0xda, 0x98, 0x00, 0xff,
    0xda, 0x98, 0x00, 0xff, 0xda, 0x98, 0x00, 0xff, 0xda, 0x98, 0x00, 0xff,
    0xda, 0x98, 0x00, 0xff, 0xda, 0x98, 0x00, 0xff, 0xda, 0x98, 0x00, 0xff,
    0xda, 0x98, 0x00, 0xff, 0xda, 0x98, 0x00, 0xff, 0xda, 0x98, 0x00, 0xff,
    0xda, 0x98, 0x00, 0xff, 0xda, 0x98, 0x00, 0xff, 0xda, 0x98, 0x00, 0xff,
    0xda, 0x98, 0x00, 0xff, 0xda, 0x98, 0x00, 0xff, 0xda, 0x98, 0x00, 0xff,
    0xda, 0x98, 0x00, 0xff, 0xda, 0x98, 0x00, 0xff, 0xda, 0x98, 0x00, 0xff,
    0xda, 0x98, 0x00, 0xff, 0xda, 0x98, 0x00, 0xff, 0xda, 0x98, 0x00, 0xff,
    0xda, 0x98, 0x00, 0xff, 0xda, 0x98, 0x00, 0xff, 0xda, 0x98, 0x00, 0xff,
    0xda, 0x98, 0x00, 0xff, 0xda, 0x98, 0x00, 0xff, 0xda, 0x98, 0x00, 0xff,
    0xda, 0x98, 0x00, 0xff, 0xda, 0x98, 0x00, 0xff, 0xda, 0x98, 0x00, 0xff,
    0xda, 0x98, 0x00, 0xff, 0xda, 0x98, 0x00, 0xff, 0xda, 0x98, 0x00, 0xff,
    0xda, 0x98, 0x00, 0xff, 0xda, 0x98, 0x00, 0xff, 0xda, 0x98, 0x00, 0xff,
    0xda, 0x98, 0x00, 0xff, 0xda, 0x98, 0x00, 0xff, 0xda, 0x98, 0x00, 0xff,
    0xda, 0x98, 0x00, 0xff, 0xda, 0x98, 0x00, 0xff, 0xda, 0x98, 0x00, 0xff,
    0xda, 0x98, 0x00, 0xff, 0xda, 0x98, 0x00, 0xff, 0xda, 0x98, 0x00, 0xff,
    0xda, 0x98, 0x00, 0xff, 0xda, 0x98, 0x00, 0xff, 0xda, 0x98, 0x00, 0xff,
    0xda, 0x98, 0x00, 0xff, 0xda, 0x98, 0x00, 0xff, 0xda, 0x98, 0x00, 0xff,
    0xda, 0x98, 0x00, 0xff, 0xda, 0x98, 0x00, 0xff, 0xda, 0x98, 0x00, 0xff,
    0xda, 0x98, 0x00, 0xff, 0xda, 0x98, 0x00, 0xff, 0xda, 0x98, 0x00, 0xff,
    0xda, 0x98, 0x00, 0xff, 0xda, 0x98, 0x00, 0xff, 0xda, 0x98, 0x00, 0xff,
    0xda, 0x98, 0x00, 0xff, 0xda, 0x98, 0x00, 0xff, 0xda, 0x98, 0x00, 0xff,
    0xda, 0x98, 0x00, 0xff, 0xda, 0x98, 0x00, 0xff, 0xda, 0x98, 0x00, 0xff,
    0xda, 0x98, 0x00, 0xff, 0xda, 0x98, 0x00, 0xff, 0xda, 0x98, 0x00, 0xff,
    0xda, 0x98, 0x00, 0xff, 0xda, 0x98, 0x00, 0xff, 0xda, 0x98, 0x00, 0xff,
    0xda, 0x98, 0x00, 0xff, 0xda, 0x98, 0x00, 0xff, 0xda, 0x98, 0x00, 0xff,
    0xda, 0x98, 0x00, 0xff, 0xda, 0x98, 0x00, 0xff, 0xda, 0x98, 0x00, 0xff,
    0xda, 0x98, 0x00, 0xff, 0xda, 0x98, 0x00, 0xff, 0xda, 0x98, 0x00, 0xff,
    0xda, 0x98, 0x00, 0xff, 0xda, 0x98, 0x00, 0xff, 0xda, 0x98, 0x00, 0xff,
    0xda, 0x98, 0x00, 0xff, 0xda, 0x98, 0x00, 0xff, 0xda, 0x98, 0x00, 0xff,
    0xda, 0x98, 0x00, 0xff, 0xda, 0x98, 0x00, 0xff, 0xda, 0x98, 0x00, 0xff,
    0xda, 0x98, 0x00, 0xff, 0xda, 0x98, 0x00, 0xff, 0xda, 0x98, 0x00, 0xff,
    0xda, 0x98, 0x00, 0xff, 0xda, 0x98, 0x00, 0xff, 0xda, 0x98, 0x00, 0xff,
    0xda, 0x98, 0x00, 0xff, 0xda, 0x98, 0x00, 0xff, 0xda, 0x98, 0x00, 0xff,
    0xda, 0x98, 0x00, 0xff, 0xda, 0x98, 0x00, 0xff, 0xda, 0x98, 0x00, 0xff,
    0xda, 0x98, 0x00, 0xff, 0xda, 0x98, 0x00, 0xff, 0xda, 0x98, 0x00, 0xff,
    0xda, 0x98, 0x00, 0xff, 0xda, 0x98, 0x00, 0xff, 0xda, 0x98, 0x00, 0xff,
    0xda, 0x98, 0x00, 0xff, 0xda, 0x98, 0x00, 0xff, 0xda, 0x98, 0x00, 0xff,
    0xda, 0x98, 0x00, 0xff, 0xda, 0x98, 0x00, 0xff, 0xda, 0x98, 0x00, 0xff,
    0xda, 0x98, 0x00, 0xff, 0xda, 0x98, 0x00, 0xff, 0xda, 0x98, 0x00, 0xff,
    0xda, 0x98, 0x00, 0xff, 0xda, 0x98, 0x00, 0xff, 0xda, 0x98, 0x00, 0xff,
    0xda, 0x98, 0x00, 0xff, 0xda, 0x98, 0x00, 0xff, 0xda, 0x98, 0x00, 0xff,
    0xda, 0x98, 0x00, 0xff, 0xda, 0x98, 0x00, 0xff, 0xda, 0x98, 0x00, 0xff,
    0xda, 0x98, 0x00, 0xff, 0xda, 0x98, 0x00, 0xff, 0xda, 0x98, 0x00, 0xff,
    0xda, 0x98, 0x00, 0xff, 0xda, 0x98, 0x00, 0xff, 0xda, 0x98, 0x00, 0xff,
    0xda, 0x98, 0x00, 0xff, 0xda, 0x98, 0x00, 0xff, 0xda, 0x98, 0x00, 0xff,
    0xda, 0x98, 0x00, 0xff, 0xda, 0x98, 0x00, 0xff, 0xda, 0x98, 0x00, 0xff,
    0xda, 0x98, 0x00, 0xff, 0xda, 0x98, 0x00, 0xff, 0xd8, 0x97, 0x02, 0xff,
    0x8c, 0x65, 0x52, 0xff, 0x8c, 0x65, 0x52, 0xff, 0x8c, 0x65, 0x52, 0xff,
    0x8c, 0x65, 0x52, 0xff, 0x8c, 0x65, 0x4f, 0x2e, 0xaa, 0x79, 0x32, 0xc6,
    0xda, 0x98, 0x00, 0xff, 0xda, 0x98, 0x00, 0xff, 0xda, 0x98, 0x00, 0xff,
    0xda, 0x98, 0x00, 0xff, 0xda, 0x98, 0x00, 0xff, 0xda, 0x98, 0x00, 0xff,
    0xda, 0x98, 0x00, 0xff, 0xda, 0x98, 0x00, 0xff, 0xda, 0x98, 0x00, 0xff,
    0xda, 0x98, 0x00, 0xff, 0xda, 0x98, 0x00, 0xff, 0xda, 0x98, 0x00, 0xff,
    0xda, 0x98, 0x00, 0xff, 0xda, 0x98, 0x00, 0xff, 0xda, 0x98, 0x00, 0xff,
    0xda, 0x98, 0x00, 0xff, 0xda, 0x98, 0x00, 0xff, 0xda, 0x98, 0x00, 0xff,
    0xda, 0x98, 0x00, 0xff, 0xda, 0x98, 0x00, 0xff, 0xda, 0x98, 0x00, 0xff,
    0xda, 0x98, 0x00, 0xff, 0xda, 0x98, 0x00, 0xff, 0xda, 0x98, 0x00, 0xff,
    0xda, 0x98, 0x00, 0xff, 0xda, 0x98, 0x00, 0xff, 0xda, 0x98, 0x00, 0xff,
    0xda, 0x98, 0x00, 0xff, 0xda, 0x98, 0x00, 0xff, 0xda, 0x98, 0x00, 0xff,
    0xda, 0x98, 0x00, 0xff, 0xda, 0x98, 0x00, 0xff, 0xda, 0x98, 0x00, 0xff,
    0xda, 0x98, 0x00, 0xff, 0xda, 0x98, 0x00, 0xff, 0xda, 0x98, 0x00, 0xff,
    0xda, 0x98, 0x00, 0xff, 0xda, 0x98, 0x00, 0xff, 0xda, 0x98, 0x00, 0xff,
    0xda, 0x98, 0x00, 0xff, 0xda, 0x98, 0x00, 0xff, 0xda, 0x98, 0x00, 0xff,
    0xda, 0x98, 0x00, 0xff, 0xda, 0x98, 0x00, 0xff, 0xda, 0x98, 0x00, 0xff,
    0xda, 0x98, 0x00, 0xff, 0xda, 0x98, 0x00, 0xff, 0xda, 0x98, 0x00, 0xff,
    0xda, 0x98, 0x00, 0xff, 0xda, 0x98, 0x00, 0xff, 0xda, 0x98, 0x00, 0xff,
    0xda, 0x98, 0x00, 0xff, 0xda, 0x98, 0x00, 0xff, 0xda, 0x98, 0x00, 0xff,
    0xda, 0x98, 0x00, 0xff, 0xda, 0x98, 0x00, 0xff, 0xda, 0x98, 0x00, 0xff,
    0xda, 0x98, 0x00, 0xff, 0xda, 0x98, 0x00, 0xff, 0xda, 0x98, 0x00, 0xff,
    0xda, 0x98, 0x00, 0xff, 0xda, 0x98, 0x00, 0xff, 0xda, 0x98, 0x00, 0xff,
    0xda, 0x98, 0x00, 0xff, 0xda, 0x98, 0x00, 0xff, 0xda, 0x98, 0x00, 0xff,
    0xda, 0x98, 0x00, 0xff, 0xda, 0x98, 0x00, 0xff, 0xda, 0x98, 0x00, 0xff,
    0xda, 0x98, 0x00, 0xff, 0xda, 0x98, 0x00, 0xff, 0xda, 0x98, 0x00, 0xff,
    0xda, 0x98, 0x00, 0xff, 0xda, 0x98, 0x00, 0xff, 0xda, 0x98, 0x00, 0xff,
    0xda, 0x98, 0x00, 0xff, 0xda, 0x98, 0x00, 0xff, 0xda, 0x98, 0x00, 0xff,
    0xda, 0x98, 0x00, 0xff, 0xda, 0x98, 0x00, 0xff, 0xda, 0x98, 0x00, 0xff,
    0xda, 0x98, 0x00, 0xff, 0xda, 0x98, 0x00, 0xff, 0xda, 0x98, 0x00, 0xff,
    0xda, 0x98, 0x00, 0xff, 0xda, 0x98, 0x00, 0xff, 0xda, 0x98, 0x00, 0xff,
    0xda, 0x98, 0x00, 0xff, 0xda, 0x98, 0x00, 0xff, 0xda, 0x98, 0x00, 0xff,
    0xda, 0x98, 0x00, 0xff, 0xda, 0x98, 0x00, 0xff, 0xda, 0x98, 0x00, 0xff,
    0xda, 0x98, 0x00, 0xff, 0xda, 0x98, 0x00, 0xff, 0xda, 0x98, 0x00, 0xff,
    0xda, 0x98, 0x00, 0xff, 0xda, 0x98, 0x00, 0xff, 0xda, 0x98, 0x00, 0xff,
    0xda, 0x98, 0x00, 0xff, 0xda, 0x98, 0x00, 0xff, 0xda, 0x98, 0x00, 0xff,
    0xda, 0x98, 0x00, 0xff, 0xda, 0x98, 0x00, 0xff, 0xda, 0x98, 0x00, 0xff,
    0xda, 0x98, 0x00, 0xff, 0xda, 0x98, 0x00, 0xff, 0xda, 0x98, 0x00, 0xff,
    0xda, 0x98, 0x00, 0xff, 0xda, 0x98, 0x00, 0xff, 0xda, 0x98, 0x00, 0xff,
    0xda, 0x98, 0x00, 0xff, 0xda, 0x98, 0x00, 0xff, 0xda, 0x98, 0x00, 0xff,
    0xda, 0x98, 0x00, 0xff, 0xda, 0x98, 0x00, 0xff, 0xda, 0x98, 0x00, 0xff,
    0xda, 0x98, 0x00, 0xff, 0xda, 0x98, 0x00, 0xff, 0xda, 0x98, 0x00, 0xff,
    0xda, 0x98, 0x00, 0xff, 0xda, 0x98, 0x00, 0xff, 0xda, 0x98, 0x00, 0xff,
    0xda, 0x98, 0x00, 0xff, 0xda, 0x98, 0x00, 0xff, 0xda, 0x98, 0x00, 0xff,
    0xda, 0x98, 0x00, 0xff, 0xda, 0x98, 0x00, 0xff, 0xda, 0x98, 0x00, 0xff,
    0xda, 0x98, 0x00, 0xff, 0xda, 0x98, 0x00, 0xff, 0xda, 0x98, 0x00, 0xff,
    0xda, 0x98, 0x00, 0xff, 0xda, 0x98, 0x00, 0xff, 0xda, 0x98, 0x00, 0xff,
    0xda, 0x98, 0x00, 0xff, 0xda, 0x98, 0x00, 0xff, 0xda, 0x98, 0x00, 0xff,
    0xda, 0x98, 0x00, 0xff, 0xda, 0x98, 0x00, 0xff, 0xda, 0x98, 0x00, 0xff,
    0xda, 0x98, 0x00, 0xff, 0xda, 0x98, 0x00, 0xff, 0xda, 0x98, 0x00, 0xff,
    0xda, 0x98, 0x00, 0xff, 0xda, 0x98, 0x00, 0xff, 0xda, 0x98, 0x00, 0xff,
    0xda, 0x98, 0x00, 0xff, 0xda, 0x98, 0x00, 0xff, 0xda, 0x98, 0x00, 0xff,
    0xda, 0x98, 0x00, 0xff, 0xda, 0x98, 0x00, 0xff, 0xda, 0x98, 0x00, 0xff,
    0xda, 0x98, 0x00, 0xff, 0xda, 0x98, 0x00, 0xff, 0xda, 0x98, 0x00, 0xff,
    0xda, 0x98, 0x00, 0xff, 0xda, 0x98, 0x00, 0xff, 0xda, 0x98, 0x00, 0xff,
    0xda, 0x98, 0x00, 0xff, 0xda, 0x98, 0x00, 0xff, 0xda, 0x98, 0x00, 0xff,
    0xda, 0x98, 0x00, 0xff, 0xda, 0x98, 0x00, 0xff, 0xda, 0x98, 0x00, 0xff,
    0xda, 0x98, 0x00, 0xff, 0xda, 0x98, 0x00, 0xff, 0xda, 0x98, 0x00, 0xff,
    0xda, 0x98, 0x00, 0xff, 0xda, 0x98, 0x00, 0xff, 0xda, 0x98, 0x00, 0xff,
    0xda, 0x98, 0x00, 0xff, 0xda, 0x98, 0x00, 0xff, 0xda, 0x98, 0x00, 0xff,
    0xda, 0x98, 0x00, 0xff, 0xda, 0x98, 0x00, 0xff, 0xda, 0x98, 0x00, 0xff,
    0xda, 0x98, 0x00, 0xff, 0xda, 0x98, 0x00, 0xff, 0xda, 0x98, 0x00, 0xff,
    0xda, 0x98, 0x00, 0xff, 0xda, 0x98, 0x00, 0xff, 0xda, 0x98, 0x00, 0xff,
    0xda, 0x98, 0x00, 0xff, 0xda, 0x98, 0x00, 0xff, 0xda, 0x98, 0x00, 0xff,
    0xda, 0x98, 0x00, 0xff, 0xda, 0x98, 0x00, 0xff, 0xda, 0x98, 0x00, 0xff,
    0xda, 0x98, 0x00, 0xff, 0xda, 0x98, 0x00, 0xff, 0xda, 0x98, 0x00, 0xff,
    0xda, 0x98, 0x00, 0xff, 0xda, 0x98, 0x00, 0xff, 0xda, 0x98, 0x00, 0xff,
    0xda, 0x98, 0x00, 0xff, 0xda, 0x98, 0x00, 0xff, 0xda, 0x98, 0x00, 0xff,
    0xda, 0x98, 0x00, 0xff, 0xda, 0x98, 0x00, 0xff, 0xda, 0x98, 0x00, 0xff,
    0xda, 0x98, 0x00, 0xff, 0xda, 0x98, 0x00, 0xff, 0xda, 0x98, 0x00, 0xff,
    0xda, 0x98, 0x00, 0xff, 0xda, 0x98, 0x00, 0xff, 0xda, 0x98, 0x00, 0xff,
    0xda, 0x98, 0x00, 0xff, 0xda, 0x98, 0x00, 0xff, 0xda, 0x98, 0x00, 0xff,
    0xda, 0x98, 0x00, 0xff, 0xda, 0x98, 0x00, 0xff, 0xda, 0x98, 0x00, 0xff,
    0xda, 0x98, 0x00, 0xff, 0xda, 0x98, 0x00, 0xff, 0xda, 0x98, 0x00, 0xff,
    0xda, 0x98, 0x00, 0xff, 0xda, 0x98, 0x00, 0xff, 0xda, 0x98, 0x00, 0xff,
    0xda, 0x98, 0x00, 0xff, 0xda, 0x98, 0x00, 0xff, 0xda, 0x98, 0x00, 0xff,
    0xda, 0x98, 0x00, 0xff, 0xda, 0x98, 0x00, 0xff, 0xda, 0x98, 0x00, 0xff,
    0xda, 0x98, 0x00, 0xff, 0xda, 0x98, 0x00, 0xff, 0xda, 0x98, 0x00, 0xff,
    0xda, 0x98, 0x00, 0xff, 0xda, 0x98, 0x00, 0xff, 0xda, 0x98, 0x00, 0xff,
    0xda, 0x98, 0x00, 0xff, 0xda, 0x98, 0x00, 0xff, 0xda, 0x98, 0x00, 0xff,
    0xda, 0x98, 0x00, 0xff, 0xda, 0x98, 0x00, 0xff, 0xda, 0x98, 0x00, 0xff,
    0xda, 0x98, 0x00, 0xff, 0xda, 0x98, 0x00, 0xff, 0xda, 0x98, 0x00, 0xff,
    0xda, 0x98, 0x00, 0xff, 0x8e, 0x66, 0x50, 0xff, 0x8c, 0x65, 0x52, 0xff,
    0x8c, 0x65, 0x52, 0xff, 0x8c, 0x65, 0x52, 0xff, 0x8b, 0x62, 0x52, 0x4c,
    0xa9, 0x78, 0x34, 0xcb, 0xda, 0x98, 0x00, 0xff, 0xda, 0x98, 0x00, 0xff,
    0xda, 0x98, 0x00, 0xff, 0xda, 0x98, 0x00, 0xff, 0xda, 0x98, 0x00, 0xff,
    0xda, 0x98, 0x00, 0xff, 0xda, 0x98, 0x00, 0xff, 0xda, 0x98, 0x00, 0xff,
    0xda, 0x98, 0x00, 0xff, 0xda, 0x98, 0x00, 0xff, 0xda, 0x98, 0x00, 0xff,
    0xda, 0x98, 0x00, 0xff, 0xda, 0x98, 0x00, 0xff, 0xda, 0x98, 0x00, 0xff,
    0xda, 0x98, 0x00, 0xff, 0xda, 0x98, 0x00, 0xff, 0xda, 0x98, 0x00, 0xff,
    0xda, 0x98, 0x00, 0xff, 0xda, 0x98, 0x00, 0xff, 0xda, 0x98, 0x00, 0xff,
    0xda, 0x98, 0x00, 0xff, 0xda, 0x98, 0x00, 0xff, 0xda, 0x98, 0x00, 0xff,
    0xda, 0x98, 0x00, 0xff, 0xda, 0x98, 0x00, 0xff, 0xda, 0x98, 0x00, 0xff,
    0xda, 0x98, 0x00, 0xff, 0xda, 0x98, 0x00, 0xff, 0xda, 0x98, 0x00, 0xff,
    0xda, 0x98, 0x00, 0xff, 0xda, 0x98, 0x00, 0xff, 0xda, 0x98, 0x00, 0xff,
    0xda, 0x98, 0x00, 0xff, 0xda, 0x98, 0x00, 0xff, 0xda, 0x98, 0x00, 0xff,
    0xda, 0x98, 0x00, 0xff, 0xda, 0x98, 0x00, 0xff, 0xda, 0x98, 0x00, 0xff,
    0xda, 0x98, 0x00, 0xff, 0xda, 0x98, 0x00, 0xff, 0xda, 0x98, 0x00, 0xff,
    0xda, 0x98, 0x00, 0xff, 0xda, 0x98, 0x00, 0xff, 0xda, 0x98, 0x00, 0xff,
    0xda, 0x98, 0x00, 0xff, 0xda, 0x98, 0x00, 0xff, 0xda, 0x98, 0x00, 0xff,
    0xda, 0x98, 0x00, 0xff, 0xda, 0x98, 0x00, 0xff, 0xda, 0x98, 0x00, 0xff,
    0xda, 0x98, 0x00, 0xff, 0xda, 0x98, 0x00, 0xff, 0xda, 0x98, 0x00, 0xff,
    0xda, 0x98, 0x00, 0xff, 0xda, 0x98, 0x00, 0xff, 0xda, 0x98, 0x00, 0xff,
    0xda, 0x98, 0x00, 0xff, 0xda, 0x98, 0x00, 0xff, 0xda, 0x98, 0x00, 0xff,
    0xda, 0x98, 0x00, 0xff, 0xda, 0x98, 0x00, 0xff, 0xda, 0x98, 0x00, 0xff,
    0xda, 0x98, 0x00, 0xff, 0xda, 0x98, 0x00, 0xff, 0xda, 0x98, 0x00, 0xff,
    0xda, 0x98, 0x00, 0xff, 0xda, 0x98, 0x00, 0xff, 0xda, 0x98, 0x00, 0xff,
    0xda, 0x98, 0x00, 0xff, 0xda, 0x98, 0x00, 0xff, 0xda, 0x98, 0x00, 0xff,
    0xda, 0x98, 0x00, 0xff, 0xda, 0x98, 0x00, 0xff, 0xda, 0x98, 0x00, 0xff,
    0xda, 0x98, 0x00, 0xff, 0xda, 0x98, 0x00, 0xff, 0xda, 0x98, 0x00, 0xff,
    0xda, 0x98, 0x00, 0xff, 0xda, 0x98, 0x00, 0xff, 0xda, 0x98, 0x00, 0xff,
    0xda, 0x98, 0x00, 0xff, 0xda, 0x98, 0x00, 0xff, 0xda, 0x98, 0x00, 0xff,
    0xda, 0x98, 0x00, 0xff, 0xda, 0x98, 0x00, 0xff, 0xda, 0x98, 0x00, 0xff,
    0xda, 0x98, 0x00, 0xff, 0xda, 0x98, 0x00, 0xff, 0xda, 0x98, 0x00, 0xff,
    0xda, 0x98, 0x00, 0xff, 0xda, 0x98, 0x00, 0xff, 0xda, 0x98, 0x00, 0xff,
    0xda, 0x98, 0x00, 0xff, 0xda, 0x98, 0x00, 0xff, 0xda, 0x98, 0x00, 0xff,
    0xda, 0x98, 0x00, 0xff, 0xda, 0x98, 0x00, 0xff, 0xda, 0x98, 0x00, 0xff,
    0xda, 0x98, 0x00, 0xff, 0xda, 0x98, 0x00, 0xff, 0xda, 0x98, 0x00, 0xff,
    0xda, 0x98, 0x00, 0xff, 0xda, 0x98, 0x00, 0xff, 0xda, 0x98, 0x00, 0xff,
    0xda, 0x98, 0x00, 0xff, 0xda, 0x98, 0x00, 0xff, 0xda, 0x98, 0x00, 0xff,
    0xda, 0x98, 0x00, 0xff, 0xda, 0x98, 0x00, 0xff, 0xda, 0x98, 0x00, 0xff,
    0xda, 0x98, 0x00, 0xff, 0xda, 0x98, 0x00, 0xff, 0xda, 0x98, 0x00, 0xff,
    0xda, 0x98, 0x00, 0xff, 0xda, 0x98, 0x00, 0xff, 0xda, 0x98, 0x00, 0xff,
    0xda, 0x98, 0x00, 0xff, 0xda, 0x98, 0x00, 0xff, 0xda, 0x98, 0x00, 0xff,
    0xda, 0x98, 0x00, 0xff, 0xda, 0x98, 0x00, 0xff, 0xda, 0x98, 0x00, 0xff,
    0xda, 0x98, 0x00, 0xff, 0xda, 0x98, 0x00, 0xff, 0xda, 0x98, 0x00, 0xff,
    0xda, 0x98, 0x00, 0xff, 0xda, 0x98, 0x00, 0xff, 0xda, 0x98, 0x00, 0xff,
    0xda, 0x98, 0x00, 0xff, 0xda, 0x98, 0x00, 0xff, 0xda, 0x98, 0x00, 0xff,
    0xda, 0x98, 0x00, 0xff, 0xda, 0x98, 0x00, 0xff, 0xda, 0x98, 0x00, 0xff,
    0xda, 0x98, 0x00, 0xff, 0xda, 0x98, 0x00, 0xff, 0xda, 0x98, 0x00, 0xff,
    0xda, 0x98, 0x00, 0xff, 0xda, 0x98, 0x00, 0xff, 0xda, 0x98, 0x00, 0xff,
    0xda, 0x98, 0x00, 0xff, 0xda, 0x98, 0x00, 0xff, 0xda, 0x98, 0x00, 0xff,
    0xda, 0x98, 0x00, 0xff, 0xda, 0x98, 0x00, 0xff, 0xda, 0x98, 0x00, 0xff,
    0xda, 0x98, 0x00, 0xff, 0xda, 0x98, 0x00, 0xff, 0xda, 0x98, 0x00, 0xff,
    0xda, 0x98, 0x00, 0xff, 0xda, 0x98, 0x00, 0xff, 0xda, 0x98, 0x00, 0xff,
    0xda, 0x98, 0x00, 0xff, 0xda, 0x98, 0x00, 0xff, 0xda, 0x98, 0x00, 0xff,
    0xda, 0x98, 0x00, 0xff, 0xda, 0x98, 0x00, 0xff, 0xda, 0x98, 0x00, 0xff,
    0xda, 0x98, 0x00, 0xff, 0xda, 0x98, 0x00, 0xff, 0xda, 0x98, 0x00, 0xff,
    0xda, 0x98, 0x00, 0xff, 0xda, 0x98, 0x00, 0xff, 0xda, 0x98, 0x00, 0xff,
    0xda, 0x98, 0x00, 0xff, 0xda, 0x98, 0x00, 0xff, 0xda, 0x98, 0x00, 0xff,
    0xda, 0x98, 0x00, 0xff, 0xda, 0x98, 0x00, 0xff, 0xda, 0x98, 0x00, 0xff,
    0xda, 0x98, 0x00, 0xff, 0xda, 0x98, 0x00, 0xff, 0xda, 0x98, 0x00, 0xff,
    0xda, 0x98, 0x00, 0xff, 0xda, 0x98, 0x00, 0xff, 0xda, 0x98, 0x00, 0xff,
    0xda, 0x98, 0x00, 0xff, 0xda, 0x98, 0x00, 0xff, 0xda, 0x98, 0x00, 0xff,
    0xda, 0x98, 0x00, 0xff, 0xda, 0x98, 0x00, 0xff, 0xda, 0x98, 0x00, 0xff,
    0xda, 0x98, 0x00, 0xff, 0xda, 0x98, 0x00, 0xff, 0xda, 0x98, 0x00, 0xff,
    0xda, 0x98, 0x00, 0xff, 0xda, 0x98, 0x00, 0xff, 0xda, 0x98, 0x00, 0xff,
    0xda, 0x98, 0x00, 0xff, 0xda, 0x98, 0x00, 0xff, 0xda, 0x98, 0x00, 0xff,
    0xda, 0x98, 0x00, 0xff, 0xda, 0x98, 0x00, 0xff, 0xda, 0x98, 0x00, 0xff,
    0xda, 0x98, 0x00, 0xff, 0xda, 0x98, 0x00, 0xff, 0xda, 0x98, 0x00, 0xff,
    0xda, 0x98, 0x00, 0xff, 0xda, 0x98, 0x00, 0xff, 0xda, 0x98, 0x00, 0xff,
    0xda, 0x98, 0x00, 0xff, 0xda, 0x98, 0x00, 0xff, 0xda, 0x98, 0x00, 0xff,
    0xda, 0x98, 0x00, 0xff, 0xda, 0x98, 0x00, 0xff, 0xda, 0x98, 0x00, 0xff,
    0xda, 0x98, 0x00, 0xff, 0xda, 0x98, 0x00, 0xff, 0xda, 0x98, 0x00, 0xff,
    0xda, 0x98, 0x00, 0xff, 0xda, 0x98, 0x00, 0xff, 0xda, 0x98, 0x00, 0xff,
    0xda, 0x98, 0x00, 0xff, 0xda, 0x98, 0x00, 0xff, 0xda, 0x98, 0x00, 0xff,
    0xda, 0x98, 0x00, 0xff, 0xda, 0x98, 0x00, 0xff, 0xda, 0x98, 0x00, 0xff,
    0xda, 0x98, 0x00, 0xff, 0xda, 0x98, 0x00, 0xff, 0xda, 0x98, 0x00, 0xff,
    0xda, 0x98, 0x00, 0xff, 0xda, 0x98, 0x00, 0xff, 0xda, 0x98, 0x00, 0xff,
    0xda, 0x98, 0x00, 0xff, 0xda, 0x98, 0x00, 0xff, 0xda, 0x98, 0x00, 0xff,
    0xda, 0x98, 0x00, 0xff, 0xda, 0x98, 0x00, 0xff, 0xda, 0x98, 0x00, 0xff,
    0xda, 0x98, 0x00, 0xff, 0xda, 0x98, 0x00, 0xff, 0xda, 0x98, 0x00, 0xff,
    0xda, 0x98, 0x00, 0xff, 0xda, 0x98, 0x00, 0xff, 0xda, 0x98, 0x00, 0xff,
    0xda, 0x98, 0x00, 0xff, 0xda, 0x98, 0x00, 0xff, 0xda, 0x98, 0x00, 0xff,
    0xda, 0x98, 0x00, 0xff, 0xda, 0x98, 0x00, 0xff, 0x8e, 0x66, 0x50, 0xff,
    0x8c, 0x65, 0x52, 0xff, 0x8c, 0x65, 0x52, 0xff, 0x8c, 0x65, 0x52, 0xff,
    0x8a, 0x65, 0x52, 0x52, 0xa9, 0x78, 0x34, 0xcb, 0xda, 0x98, 0x00, 0xff,
    0xda, 0x98, 0x00, 0xff, 0xda, 0x98, 0x00, 0xff, 0xda, 0x98, 0x00, 0xff,
    0xda, 0x98, 0x00, 0xff, 0xda, 0x98, 0x00, 0xff, 0xda, 0x98, 0x00, 0xff,
    0xda, 0x98, 0x00, 0xff, 0xda, 0x98, 0x00, 0xff, 0xda, 0x98, 0x00, 0xff,
    0xda, 0x98, 0x00, 0xff, 0xda, 0x98, 0x00, 0xff, 0xda, 0x98, 0x00, 0xff,
    0xda, 0x98, 0x00, 0xff, 0xda, 0x98, 0x00, 0xff, 0xda, 0x98, 0x00, 0xff,
    0xda, 0x98, 0x00, 0xff, 0xda, 0x98, 0x00, 0xff, 0xda, 0x98, 0x00, 0xff,
    0xda, 0x98, 0x00, 0xff, 0xda, 0x98, 0x00, 0xff, 0xda, 0x98, 0x00, 0xff,
    0xda, 0x98, 0x00, 0xff, 0xda, 0x98, 0x00, 0xff, 0xda, 0x98, 0x00, 0xff,
    0xda, 0x98, 0x00, 0xff, 0xda, 0x98, 0x00, 0xff, 0xda, 0x98, 0x00, 0xff,
    0xda, 0x98, 0x00, 0xff, 0xda, 0x98, 0x00, 0xff, 0xda, 0x98, 0x00, 0xff,
    0xda, 0x98, 0x00, 0xff, 0xda, 0x98, 0x00, 0xff, 0xda, 0x98, 0x00, 0xff,
    0xda, 0x98, 0x00, 0xff, 0xda, 0x98, 0x00, 0xff, 0xda, 0x98, 0x00, 0xff,
    0xda, 0x98, 0x00, 0xff, 0xda, 0x98, 0x00, 0xff, 0xda, 0x98, 0x00, 0xff,
    0xda, 0x98, 0x00, 0xff, 0xda, 0x98, 0x00, 0xff, 0xda, 0x98, 0x00, 0xff,
    0xda, 0x98, 0x00, 0xff, 0xda, 0x98, 0x00, 0xff, 0xda, 0x98, 0x00, 0xff,
    0xda, 0x98, 0x00, 0xff, 0xda, 0x98, 0x00, 0xff, 0xda, 0x98, 0x00, 0xff,
    0xda, 0x98, 0x00, 0xff, 0xda, 0x98, 0x00, 0xff, 0xda, 0x98, 0x00, 0xff,
    0xda, 0x98, 0x00, 0xff, 0xda, 0x98, 0x00, 0xff, 0xda, 0x98, 0x00, 0xff,
    0xda, 0x98, 0x00, 0xff, 0xda, 0x98, 0x00, 0xff, 0xda, 0x98, 0x00, 0xff,
    0xda, 0x98, 0x00, 0xff, 0xda, 0x98, 0x00, 0xff, 0xda, 0x98, 0x00, 0xff,
    0xda, 0x98, 0x00, 0xff, 0xda, 0x98, 0x00, 0xff, 0xda, 0x98, 0x00, 0xff,
    0xda, 0x98, 0x00, 0xff, 0xda, 0x98, 0x00, 0xff, 0xda, 0x98, 0x00, 0xff,
    0xda, 0x98, 0x00, 0xff, 0xda, 0x98, 0x00, 0xff, 0xda, 0x98, 0x00, 0xff,
    0xda, 0x98, 0x00, 0xff, 0xda, 0x98, 0x00, 0xff, 0xda, 0x98, 0x00, 0xff,
    0xda, 0x98, 0x00, 0xff, 0xda, 0x98, 0x00, 0xff, 0xda, 0x98, 0x00, 0xff,
    0xda, 0x98, 0x00, 0xff, 0xda, 0x98, 0x00, 0xff, 0xda, 0x98, 0x00, 0xff,
    0xda, 0x98, 0x00, 0xff, 0xda, 0x98, 0x00, 0xff, 0xda, 0x98, 0x00, 0xff,
    0xda, 0x98, 0x00, 0xff, 0xda, 0x98, 0x00, 0xff, 0xda, 0x98, 0x00, 0xff,
    0xda, 0x98, 0x00, 0xff, 0xda, 0x98, 0x00, 0xff, 0xda, 0x98, 0x00, 0xff,
    0xda, 0x98, 0x00, 0xff, 0xda, 0x98, 0x00, 0xff, 0xda, 0x98, 0x00, 0xff,
    0xda, 0x98, 0x00, 0xff, 0xda, 0x98, 0x00, 0xff, 0xda, 0x98, 0x00, 0xff,
    0xda, 0x98, 0x00, 0xff, 0xda, 0x98, 0x00, 0xff, 0xda, 0x98, 0x00, 0xff,
    0xda, 0x98, 0x00, 0xff, 0xda, 0x98, 0x00, 0xff, 0xda, 0x98, 0x00, 0xff,
    0xda, 0x98, 0x00, 0xff, 0xda, 0x98, 0x00, 0xff, 0xda, 0x98, 0x00, 0xff,
    0xda, 0x98, 0x00, 0xff, 0xda, 0x98, 0x00, 0xff, 0xda, 0x98, 0x00, 0xff,
    0xda, 0x98, 0x00, 0xff, 0xda, 0x98, 0x00, 0xff, 0xda, 0x98, 0x00, 0xff,
    0xda, 0x98, 0x00, 0xff, 0xda, 0x98, 0x00, 0xff, 0xda, 0x98, 0x00, 0xff,
    0xda, 0x98, 0x00, 0xff, 0xda, 0x98, 0x00, 0xff, 0xda, 0x98, 0x00, 0xff,
    0xda, 0x98, 0x00, 0xff, 0xda, 0x98, 0x00, 0xff, 0xda, 0x98, 0x00, 0xff,
    0xda, 0x98, 0x00, 0xff, 0xda, 0x98, 0x00, 0xff, 0xda, 0x98, 0x00, 0xff,
    0xda, 0x98, 0x00, 0xff, 0xda, 0x98, 0x00, 0xff, 0xda, 0x98, 0x00, 0xff,
    0xda, 0x98, 0x00, 0xff, 0xda, 0x98, 0x00, 0xff, 0xda, 0x98, 0x00, 0xff,
    0xda, 0x98, 0x00, 0xff, 0xda, 0x98, 0x00, 0xff, 0xda, 0x98, 0x00, 0xff,
    0xda, 0x98, 0x00, 0xff, 0xda, 0x98, 0x00, 0xff, 0xda, 0x98, 0x00, 0xff,
    0xda, 0x98, 0x00, 0xff, 0xda, 0x98, 0x00, 0xff, 0xda, 0x98, 0x00, 0xff,
    0xda, 0x98, 0x00, 0xff, 0xda, 0x98, 0x00, 0xff, 0xda, 0x98, 0x00, 0xff,
    0xda, 0x98, 0x00, 0xff, 0xda, 0x98, 0x00, 0xff, 0xda, 0x98, 0x00, 0xff,
    0xda, 0x98, 0x00, 0xff, 0xda, 0x98, 0x00, 0xff, 0xda, 0x98, 0x00, 0xff,
    0xda, 0x98, 0x00, 0xff, 0xda, 0x98, 0x00, 0xff, 0xda, 0x98, 0x00, 0xff,
    0xda, 0x98, 0x00, 0xff, 0xda, 0x98, 0x00, 0xff, 0xda, 0x98, 0x00, 0xff,
    0xda, 0x98, 0x00, 0xff, 0xda, 0x98, 0x00, 0xff, 0xda, 0x98, 0x00, 0xff,
    0xda, 0x98, 0x00, 0xff, 0xda, 0x98, 0x00, 0xff, 0xda, 0x98, 0x00, 0xff,
    0xda, 0x98, 0x00, 0xff, 0xda, 0x98, 0x00, 0xff, 0xda, 0x98, 0x00, 0xff,
    0xda, 0x98, 0x00, 0xff, 0xda, 0x98, 0x00, 0xff, 0xda, 0x98, 0x00, 0xff,
    0xda, 0x98, 0x00, 0xff, 0xda, 0x98, 0x00, 0xff, 0xda, 0x98, 0x00, 0xff,
    0xda, 0x98, 0x00, 0xff, 0xda, 0x98, 0x00, 0xff, 0xda, 0x98, 0x00, 0xff,
    0xda, 0x98, 0x00, 0xff, 0xda, 0x98, 0x00, 0xff, 0xda, 0x98, 0x00, 0xff,
    0xda, 0x98, 0x00, 0xff, 0xda, 0x98, 0x00, 0xff, 0xda, 0x98, 0x00, 0xff,
    0xda, 0x98, 0x00, 0xff, 0xda, 0x98, 0x00, 0xff, 0xda, 0x98, 0x00, 0xff,
    0xda, 0x98, 0x00, 0xff, 0xda, 0x98, 0x00, 0xff, 0xda, 0x98, 0x00, 0xff,
    0xda, 0x98, 0x00, 0xff, 0xda, 0x98, 0x00, 0xff, 0xda, 0x98, 0x00, 0xff,
    0xda, 0x98, 0x00, 0xff, 0xda, 0x98, 0x00, 0xff, 0xda, 0x98, 0x00, 0xff,
    0xda, 0x98, 0x00, 0xff, 0xda, 0x98, 0x00, 0xff, 0xda, 0x98, 0x00, 0xff,
    0xda, 0x98, 0x00, 0xff, 0xda, 0x98, 0x00, 0xff, 0xda, 0x98, 0x00, 0xff,
    0xda, 0x98, 0x00, 0xff, 0xda, 0x98, 0x00, 0xff, 0xda, 0x98, 0x00, 0xff,
    0xda, 0x98, 0x00, 0xff, 0xda, 0x98, 0x00, 0xff, 0xda, 0x98, 0x00, 0xff,
    0xda, 0x98, 0x00, 0xff, 0xda, 0x98, 0x00, 0xff, 0xda, 0x98, 0x00, 0xff,
    0xda, 0x98, 0x00, 0xff, 0xda, 0x98, 0x00, 0xff, 0xda, 0x98, 0x00, 0xff,
    0xda, 0x98, 0x00, 0xff, 0xda, 0x98, 0x00, 0xff, 0xda, 0x98, 0x00, 0xff,
    0xda, 0x98, 0x00, 0xff, 0xda, 0x98, 0x00, 0xff, 0xda, 0x98, 0x00, 0xff,
    0xda, 0x98, 0x00, 0xff, 0xda, 0x98, 0x00, 0xff, 0xda, 0x98, 0x00, 0xff,
    0xda, 0x98, 0x00, 0xff, 0xda, 0x98, 0x00, 0xff, 0xda, 0x98, 0x00, 0xff,
    0xda, 0x98, 0x00, 0xff, 0xda, 0x98, 0x00, 0xff, 0xda, 0x98, 0x00, 0xff,
    0xda, 0x98, 0x00, 0xff, 0xda, 0x98, 0x00, 0xff, 0xda, 0x98, 0x00, 0xff,
    0xda, 0x98, 0x00, 0xff, 0xda, 0x98, 0x00, 0xff, 0xda, 0x98, 0x00, 0xff,
    0xda, 0x98, 0x00, 0xff, 0xda, 0x98, 0x00, 0xff, 0xda, 0x98, 0x00, 0xff,
    0xda, 0x98, 0x00, 0xff, 0xda, 0x98, 0x00, 0xff, 0xda, 0x98, 0x00, 0xff,
    0xda, 0x98, 0x00, 0xff, 0xda, 0x98, 0x00, 0xff, 0xda, 0x98, 0x00, 0xff,
    0xda, 0x98, 0x00, 0xff, 0xda, 0x98, 0x00, 0xff, 0xda, 0x98, 0x00, 0xff,
    0xda, 0x98, 0x00, 0xff, 0xda, 0x98, 0x00, 0xff, 0xda, 0x98, 0x00, 0xff,
    0x8e, 0x66, 0x50, 0xff, 0x8c, 0x65, 0x52, 0xff, 0x8c, 0x65, 0x52, 0xff,
    0x8c, 0x65, 0x52, 0xff, 0x8a, 0x65, 0x52, 0x52, 0xa9, 0x78, 0x34, 0xcb,
    0xda, 0x98, 0x00, 0xff, 0xda, 0x98, 0x00, 0xff, 0xda, 0x98, 0x00, 0xff,
    0xda, 0x98, 0x00, 0xff, 0xda, 0x98, 0x00, 0xff, 0xda, 0x98, 0x00, 0xff,
    0xda, 0x98, 0x00, 0xff, 0xda, 0x98, 0x00, 0xff, 0xda, 0x98, 0x00, 0xff,
    0xda, 0x98, 0x00, 0xff, 0xda, 0x98, 0x00, 0xff, 0xda, 0x98, 0x00, 0xff,
    0xda, 0x98, 0x00, 0xff, 0xda, 0x98, 0x00, 0xff, 0xda, 0x98, 0x00, 0xff,
    0xda, 0x98, 0x00, 0xff, 0xda, 0x98, 0x00, 0xff, 0xda, 0x98, 0x00, 0xff,
    0xda, 0x98, 0x00, 0xff, 0xda, 0x98, 0x00, 0xff, 0xda, 0x98, 0x00, 0xff,
    0xda, 0x98, 0x00, 0xff, 0xda, 0x98, 0x00, 0xff, 0xda, 0x98, 0x00, 0xff,
    0xda, 0x98, 0x00, 0xff, 0xda, 0x98, 0x00, 0xff, 0xda, 0x98, 0x00, 0xff,
    0xda, 0x98, 0x00, 0xff, 0xda, 0x98, 0x00, 0xff, 0xda, 0x98, 0x00, 0xff,
    0xda, 0x98, 0x00, 0xff, 0xda, 0x98, 0x00, 0xff, 0xda, 0x98, 0x00, 0xff,
    0xda, 0x98, 0x00, 0xff, 0xda, 0x98, 0x00, 0xff, 0xda, 0x98, 0x00, 0xff,
    0xda, 0x98, 0x00, 0xff, 0xda, 0x98, 0x00, 0xff, 0xda, 0x98, 0x00, 0xff,
    0xda, 0x98, 0x00, 0xff, 0xda, 0x98, 0x00, 0xff, 0xda, 0x98, 0x00, 0xff,
    0xda, 0x98, 0x00, 0xff, 0xda, 0x98, 0x00, 0xff, 0xda, 0x98, 0x00, 0xff,
    0xda, 0x98, 0x00, 0xff, 0xda, 0x98, 0x00, 0xff, 0xda, 0x98, 0x00, 0xff,
    0xda, 0x98, 0x00, 0xff, 0xda, 0x98, 0x00, 0xff, 0xda, 0x98, 0x00, 0xff,
    0xda, 0x98, 0x00, 0xff, 0xda, 0x98, 0x00, 0xff, 0xda, 0x98, 0x00, 0xff,
    0xda, 0x98, 0x00, 0xff, 0xda, 0x98, 0x00, 0xff, 0xda, 0x98, 0x00, 0xff,
    0xda, 0x98, 0x00, 0xff, 0xda, 0x98, 0x00, 0xff, 0xda, 0x98, 0x00, 0xff,
    0xda, 0x98, 0x00, 0xff, 0xda, 0x98, 0x00, 0xff, 0xda, 0x98, 0x00, 0xff,
    0xda, 0x98, 0x00, 0xff, 0xda, 0x98, 0x00, 0xff, 0xda, 0x98, 0x00, 0xff,
    0xda, 0x98, 0x00, 0xff, 0xda, 0x98, 0x00, 0xff, 0xda, 0x98, 0x00, 0xff,
    0xda, 0x98, 0x00, 0xff, 0xda, 0x98, 0x00, 0xff, 0xda, 0x98, 0x00, 0xff,
    0xda, 0x98, 0x00, 0xff, 0xda, 0x98, 0x00, 0xff, 0xda, 0x98, 0x00, 0xff,
    0xda, 0x98, 0x00, 0xff, 0xda, 0x98, 0x00, 0xff, 0xda, 0x98, 0x00, 0xff,
    0xda, 0x98, 0x00, 0xff, 0xda, 0x98, 0x00, 0xff, 0xda, 0x98, 0x00, 0xff,
    0xda, 0x98, 0x00, 0xff, 0xda, 0x98, 0x00, 0xff, 0xda, 0x98, 0x00, 0xff,
    0xda, 0x98, 0x00, 0xff, 0xda, 0x98, 0x00, 0xff, 0xda, 0x98, 0x00, 0xff,
    0xda, 0x98, 0x00, 0xff, 0xda, 0x98, 0x00, 0xff, 0xda, 0x98, 0x00, 0xff,
    0xda, 0x98, 0x00, 0xff, 0xda, 0x98, 0x00, 0xff, 0xda, 0x98, 0x00, 0xff,
    0xda, 0x98, 0x00, 0xff, 0xda, 0x98, 0x00, 0xff, 0xda, 0x98, 0x00, 0xff,
    0xda, 0x98, 0x00, 0xff, 0xda, 0x98, 0x00, 0xff, 0xda, 0x98, 0x00, 0xff,
    0xda, 0x98, 0x00, 0xff, 0xda, 0x98, 0x00, 0xff, 0xda, 0x98, 0x00, 0xff,
    0xda, 0x98, 0x00, 0xff, 0xda, 0x98, 0x00, 0xff, 0xda, 0x98, 0x00, 0xff,
    0xda, 0x98, 0x00, 0xff, 0xda, 0x98, 0x00, 0xff, 0xda, 0x98, 0x00, 0xff,
    0xda, 0x98, 0x00, 0xff, 0xda, 0x98, 0x00, 0xff, 0xda, 0x98, 0x00, 0xff,
    0xda, 0x98, 0x00, 0xff, 0xda, 0x98, 0x00, 0xff, 0xda, 0x98, 0x00, 0xff,
    0xda, 0x98, 0x00, 0xff, 0xda, 0x98, 0x00, 0xff, 0xda, 0x98, 0x00, 0xff,
    0xda, 0x98, 0x00, 0xff, 0xda, 0x98, 0x00, 0xff, 0xda, 0x98, 0x00, 0xff,
    0xda, 0x98, 0x00, 0xff, 0xda, 0x98, 0x00, 0xff, 0xda, 0x98, 0x00, 0xff,
    0xda, 0x98, 0x00, 0xff, 0xda, 0x98, 0x00, 0xff, 0xda, 0x98, 0x00, 0xff,
    0xda, 0x98, 0x00, 0xff, 0xda, 0x98, 0x00, 0xff, 0xda, 0x98, 0x00, 0xff,
    0xda, 0x98, 0x00, 0xff, 0xda, 0x98, 0x00, 0xff, 0xda, 0x98, 0x00, 0xff,
    0xda, 0x98, 0x00, 0xff, 0xda, 0x98, 0x00, 0xff, 0xda, 0x98, 0x00, 0xff,
    0xda, 0x98, 0x00, 0xff, 0xda, 0x98, 0x00, 0xff, 0xda, 0x98, 0x00, 0xff,
    0xda, 0x98, 0x00, 0xff, 0xda, 0x98, 0x00, 0xff, 0xda, 0x98, 0x00, 0xff,
    0xda, 0x98, 0x00, 0xff, 0xda, 0x98, 0x00, 0xff, 0xda, 0x98, 0x00, 0xff,
    0xda, 0x98, 0x00, 0xff, 0xda, 0x98, 0x00, 0xff, 0xda, 0x98, 0x00, 0xff,
    0xda, 0x98, 0x00, 0xff, 0xda, 0x98, 0x00, 0xff, 0xda, 0x98, 0x00, 0xff,
    0xda, 0x98, 0x00, 0xff, 0xda, 0x98, 0x00, 0xff, 0xda, 0x98, 0x00, 0xff,
    0xda, 0x98, 0x00, 0xff, 0xda, 0x98, 0x00, 0xff, 0xda, 0x98, 0x00, 0xff,
    0xda, 0x98, 0x00, 0xff, 0xda, 0x98, 0x00, 0xff, 0xda, 0x98, 0x00, 0xff,
    0xda, 0x98, 0x00, 0xff, 0xda, 0x98, 0x00, 0xff, 0xda, 0x98, 0x00, 0xff,
    0xda, 0x98, 0x00, 0xff, 0xda, 0x98, 0x00, 0xff, 0xda, 0x98, 0x00, 0xff,
    0xda, 0x98, 0x00, 0xff, 0xda, 0x98, 0x00, 0xff, 0xda, 0x98, 0x00, 0xff,
    0xda, 0x98, 0x00, 0xff, 0xda, 0x98, 0x00, 0xff, 0xda, 0x98, 0x00, 0xff,
    0xda, 0x98, 0x00, 0xff, 0xda, 0x98, 0x00, 0xff, 0xda, 0x98, 0x00, 0xff,
    0xda, 0x98, 0x00, 0xff, 0xda, 0x98, 0x00, 0xff, 0xda, 0x98, 0x00, 0xff,
    0xda, 0x98, 0x00, 0xff, 0xda, 0x98, 0x00, 0xff, 0xda, 0x98, 0x00, 0xff,
    0xda, 0x98, 0x00, 0xff, 0xda, 0x98, 0x00, 0xff, 0xda, 0x98, 0x00, 0xff,
    0xda, 0x98, 0x00, 0xff, 0xda, 0x98, 0x00, 0xff, 0xda, 0x98, 0x00, 0xff,
    0xda, 0x98, 0x00, 0xff, 0xda, 0x98, 0x00, 0xff, 0xda, 0x98, 0x00, 0xff,
    0xda, 0x98, 0x00, 0xff, 0xda, 0x98, 0x00, 0xff, 0xda, 0x98, 0x00, 0xff,
    0xda, 0x98, 0x00, 0xff, 0xda, 0x98, 0x00, 0xff, 0xda, 0x98, 0x00, 0xff,
    0xda, 0x98, 0x00, 0xff, 0xda, 0x98, 0x00, 0xff, 0xda, 0x98, 0x00, 0xff,
    0xda, 0x98, 0x00, 0xff, 0xda, 0x98, 0x00, 0xff, 0xda, 0x98, 0x00, 0xff,
    0xda, 0x98, 0x00, 0xff, 0xda, 0x98, 0x00, 0xff, 0xda, 0x98, 0x00, 0xff,
    0xda, 0x98, 0x00, 0xff, 0xda, 0x98, 0x00, 0xff, 0xda, 0x98, 0x00, 0xff,
    0xda, 0x98, 0x00, 0xff, 0xda, 0x98, 0x00, 0xff, 0xda, 0x98, 0x00, 0xff,
    0xda, 0x98, 0x00, 0xff, 0xda, 0x98, 0x00, 0xff, 0xda, 0x98, 0x00, 0xff,
    0xda, 0x98, 0x00, 0xff, 0xda, 0x98, 0x00, 0xff, 0xda, 0x98, 0x00, 0xff,
    0xda, 0x98, 0x00, 0xff, 0xda, 0x98, 0x00, 0xff, 0xda, 0x98, 0x00, 0xff,
    0xda, 0x98, 0x00, 0xff, 0xda, 0x98, 0x00, 0xff, 0xda, 0x98, 0x00, 0xff,
    0xda, 0x98, 0x00, 0xff, 0xda, 0x98, 0x00, 0xff, 0xda, 0x98, 0x00, 0xff,
    0xda, 0x98, 0x00, 0xff, 0xda, 0x98, 0x00, 0xff, 0xda, 0x98, 0x00, 0xff,
    0xda, 0x98, 0x00, 0xff, 0xda, 0x98, 0x00, 0xff, 0xda, 0x98, 0x00, 0xff,
    0xda, 0x98, 0x00, 0xff, 0xda, 0x98, 0x00, 0xff, 0xda, 0x98, 0x00, 0xff,
    0xda, 0x98, 0x00, 0xff, 0xda, 0x98, 0x00, 0xff, 0xda, 0x98, 0x00, 0xff,
    0xda, 0x98, 0x00, 0xff, 0xda, 0x98, 0x00, 0xff, 0xda, 0x98, 0x00, 0xff,
    0xda, 0x98, 0x00, 0xff, 0x8e, 0x66, 0x50, 0xff, 0x8c, 0x65, 0x52, 0xff,
    0x8c, 0x65, 0x52, 0xff, 0x8c, 0x65, 0x52, 0xff, 0x8a, 0x65, 0x52, 0x52,
    0xa9, 0x78, 0x34, 0xcb, 0xda, 0x98, 0x00, 0xff, 0xda, 0x98, 0x00, 0xff,
    0xda, 0x98, 0x00, 0xff, 0xda, 0x98, 0x00, 0xff, 0xda, 0x98, 0x00, 0xff,
    0xda, 0x98, 0x00, 0xff, 0xda, 0x98, 0x00, 0xff, 0xda, 0x98, 0x00, 0xff,
    0xda, 0x98, 0x00, 0xff, 0xda, 0x98, 0x00, 0xff, 0xda, 0x98, 0x00, 0xff,
    0xda, 0x98, 0x00, 0xff, 0xda, 0x98, 0x00, 0xff, 0xda, 0x98, 0x00, 0xff,
    0xda, 0x98, 0x00, 0xff, 0xda, 0x98, 0x00, 0xff, 0xda, 0x98, 0x00, 0xff,
    0xda, 0x98, 0x00, 0xff, 0xda, 0x98, 0x00, 0xff, 0xda, 0x98, 0x00, 0xff,
    0xda, 0x98, 0x00, 0xff, 0xda, 0x98, 0x00, 0xff, 0xda, 0x98, 0x00, 0xff,
    0xda, 0x98, 0x00, 0xff, 0xda, 0x98, 0x00, 0xff, 0xda, 0x98, 0x00, 0xff,
    0xda, 0x98, 0x00, 0xff, 0xda, 0x98, 0x00, 0xff, 0xda, 0x98, 0x00, 0xff,
    0xda, 0x98, 0x00, 0xff, 0xda, 0x98, 0x00, 0xff, 0xda, 0x98, 0x00, 0xff,
    0xda, 0x98, 0x00, 0xff, 0xda, 0x98, 0x00, 0xff, 0xda, 0x98, 0x00, 0xff,
    0xda, 0x98, 0x00, 0xff, 0xda, 0x98, 0x00, 0xff, 0xda, 0x98, 0x00, 0xff,
    0xda, 0x98, 0x00, 0xff, 0xda, 0x98, 0x00, 0xff, 0xda, 0x98, 0x00, 0xff,
    0xda, 0x98, 0x00, 0xff, 0xda, 0x98, 0x00, 0xff, 0xda, 0x98, 0x00, 0xff,
    0xda, 0x98, 0x00, 0xff, 0xda, 0x98, 0x00, 0xff, 0xda, 0x98, 0x00, 0xff,
    0xda, 0x98, 0x00, 0xff, 0xda, 0x98, 0x00, 0xff, 0xda, 0x98, 0x00, 0xff,
    0xda, 0x98, 0x00, 0xff, 0xda, 0x98, 0x00, 0xff, 0xda, 0x98, 0x00, 0xff,
    0xda, 0x98, 0x00, 0xff, 0xda, 0x98, 0x00, 0xff, 0xda, 0x98, 0x00, 0xff,
    0xda, 0x98, 0x00, 0xff, 0xda, 0x98, 0x00, 0xff, 0xda, 0x98, 0x00, 0xff,
    0xda, 0x98, 0x00, 0xff, 0xda, 0x98, 0x00, 0xff, 0xda, 0x98, 0x00, 0xff,
    0xda, 0x98, 0x00, 0xff, 0xda, 0x98, 0x00, 0xff, 0xda, 0x98, 0x00, 0xff,
    0xda, 0x98, 0x00, 0xff, 0xda, 0x98, 0x00, 0xff, 0xda, 0x98, 0x00, 0xff,
    0xda, 0x98, 0x00, 0xff, 0xda, 0x98, 0x00, 0xff, 0xda, 0x98, 0x00, 0xff,
    0xda, 0x98, 0x00, 0xff, 0xda, 0x98, 0x00, 0xff, 0xda, 0x98, 0x00, 0xff,
    0xda, 0x98, 0x00, 0xff, 0xda, 0x98, 0x00, 0xff, 0xda, 0x98, 0x00, 0xff,
    0xda, 0x98, 0x00, 0xff, 0xda, 0x98, 0x00, 0xff, 0xda, 0x98, 0x00, 0xff,
    0xda, 0x98, 0x00, 0xff, 0xda, 0x98, 0x00, 0xff, 0xda, 0x98, 0x00, 0xff,
    0xda, 0x98, 0x00, 0xff, 0xda, 0x98, 0x00, 0xff, 0xda, 0x98, 0x00, 0xff,
    0xda, 0x98, 0x00, 0xff, 0xda, 0x98, 0x00, 0xff, 0xda, 0x98, 0x00, 0xff,
    0xda, 0x98, 0x00, 0xff, 0xda, 0x98, 0x00, 0xff, 0xda, 0x98, 0x00, 0xff,
    0xda, 0x98, 0x00, 0xff, 0xda, 0x98, 0x00, 0xff, 0xda, 0x98, 0x00, 0xff,
    0xda, 0x98, 0x00, 0xff, 0xda, 0x98, 0x00, 0xff, 0xda, 0x98, 0x00, 0xff,
    0xda, 0x98, 0x00, 0xff, 0xda, 0x98, 0x00, 0xff, 0xda, 0x98, 0x00, 0xff,
    0xda, 0x98, 0x00, 0xff, 0xda, 0x98, 0x00, 0xff, 0xda, 0x98, 0x00, 0xff,
    0xda, 0x98, 0x00, 0xff, 0xda, 0x98, 0x00, 0xff, 0xda, 0x98, 0x00, 0xff,
    0xda, 0x98, 0x00, 0xff, 0xda, 0x98, 0x00, 0xff, 0xda, 0x98, 0x00, 0xff,
    0xda, 0x98, 0x00, 0xff, 0xda, 0x98, 0x00, 0xff, 0xda, 0x98, 0x00, 0xff,
    0xda, 0x98, 0x00, 0xff, 0xda, 0x98, 0x00, 0xff, 0xda, 0x98, 0x00, 0xff,
    0xda, 0x98, 0x00, 0xff, 0xda, 0x98, 0x00, 0xff, 0xda, 0x98, 0x00, 0xff,
    0xda, 0x98, 0x00, 0xff, 0xda, 0x98, 0x00, 0xff, 0xda, 0x98, 0x00, 0xff,
    0xda, 0x98, 0x00, 0xff, 0xda, 0x98, 0x00, 0xff, 0xda, 0x98, 0x00, 0xff,
    0xda, 0x98, 0x00, 0xff, 0xda, 0x98, 0x00, 0xff, 0xda, 0x98, 0x00, 0xff,
    0xda, 0x98, 0x00, 0xff, 0xda, 0x98, 0x00, 0xff, 0xda, 0x98, 0x00, 0xff,
    0xda, 0x98, 0x00, 0xff, 0xda, 0x98, 0x00, 0xff, 0xda, 0x98, 0x00, 0xff,
    0xda, 0x98, 0x00, 0xff, 0xda, 0x98, 0x00, 0xff, 0xda, 0x98, 0x00, 0xff,
    0xda, 0x98, 0x00, 0xff, 0xda, 0x98, 0x00, 0xff, 0xda, 0x98, 0x00, 0xff,
    0xda, 0x98, 0x00, 0xff, 0xda, 0x98, 0x00, 0xff, 0xda, 0x98, 0x00, 0xff,
    0xda, 0x98, 0x00, 0xff, 0xda, 0x98, 0x00, 0xff, 0xda, 0x98, 0x00, 0xff,
    0xda, 0x98, 0x00, 0xff, 0xda, 0x98, 0x00, 0xff, 0xda, 0x98, 0x00, 0xff,
    0xda, 0x98, 0x00, 0xff, 0xda, 0x98, 0x00, 0xff, 0xda, 0x98, 0x00, 0xff,
    0xda, 0x98, 0x00, 0xff, 0xda, 0x98, 0x00, 0xff, 0xda, 0x98, 0x00, 0xff,
    0xda, 0x98, 0x00, 0xff, 0xda, 0x98, 0x00, 0xff, 0xda, 0x98, 0x00, 0xff,
    0xda, 0x98, 0x00, 0xff, 0xda, 0x98, 0x00, 0xff, 0xda, 0x98, 0x00, 0xff,
    0xda, 0x98, 0x00, 0xff, 0xda, 0x98, 0x00, 0xff, 0xda, 0x98, 0x00, 0xff,
    0xda, 0x98, 0x00, 0xff, 0xda, 0x98, 0x00, 0xff, 0xda, 0x98, 0x00, 0xff,
    0xda, 0x98, 0x00, 0xff, 0xda, 0x98, 0x00, 0xff, 0xda, 0x98, 0x00, 0xff,
    0xda, 0x98, 0x00, 0xff, 0xda, 0x98, 0x00, 0xff, 0xda, 0x98, 0x00, 0xff,
    0xda, 0x98, 0x00, 0xff, 0xda, 0x98, 0x00, 0xff, 0xda, 0x98, 0x00, 0xff,
    0xda, 0x98, 0x00, 0xff, 0xda, 0x98, 0x00, 0xff, 0xda, 0x98, 0x00, 0xff,
    0xda, 0x98, 0x00, 0xff, 0xda, 0x98, 0x00, 0xff, 0xda, 0x98, 0x00, 0xff,
    0xda, 0x98, 0x00, 0xff, 0xda, 0x98, 0x00, 0xff, 0xda, 0x98, 0x00, 0xff,
    0xda, 0x98, 0x00, 0xff, 0xda, 0x98, 0x00, 0xff, 0xda, 0x98, 0x00, 0xff,
    0xda, 0x98, 0x00, 0xff, 0xda, 0x98, 0x00, 0xff, 0xda, 0x98, 0x00, 0xff,
    0xda, 0x98, 0x00, 0xff, 0xda, 0x98, 0x00, 0xff, 0xda, 0x98, 0x00, 0xff,
    0xda, 0x98, 0x00, 0xff, 0xda, 0x98, 0x00, 0xff, 0xda, 0x98, 0x00, 0xff,
    0xda, 0x98, 0x00, 0xff, 0xda, 0x98, 0x00, 0xff, 0xda, 0x98, 0x00, 0xff,
    0xda, 0x98, 0x00, 0xff, 0xda, 0x98, 0x00, 0xff, 0xda, 0x98, 0x00, 0xff,
    0xda, 0x98, 0x00, 0xff, 0xda, 0x98, 0x00, 0xff, 0xda, 0x98, 0x00, 0xff,
    0xda, 0x98, 0x00, 0xff, 0xda, 0x98, 0x00, 0xff, 0xda, 0x98, 0x00, 0xff,
    0xda, 0x98, 0x00, 0xff, 0xda, 0x98, 0x00, 0xff, 0xda, 0x98, 0x00, 0xff,
    0xda, 0x98, 0x00, 0xff, 0xda, 0x98, 0x00, 0xff, 0xda, 0x98, 0x00, 0xff,
    0xda, 0x98, 0x00, 0xff, 0xda, 0x98, 0x00, 0xff, 0xda, 0x98, 0x00, 0xff,
    0xda, 0x98, 0x00, 0xff, 0xda, 0x98, 0x00, 0xff, 0xda, 0x98, 0x00, 0xff,
    0xda, 0x98, 0x00, 0xff, 0xda, 0x98, 0x00, 0xff, 0xda, 0x98, 0x00, 0xff,
    0xda, 0x98, 0x00, 0xff, 0xda, 0x98, 0x00, 0xff, 0xda, 0x98, 0x00, 0xff,
    0xda, 0x98, 0x00, 0xff, 0xda, 0x98, 0x00, 0xff, 0xda, 0x98, 0x00, 0xff,
    0xda, 0x98, 0x00, 0xff, 0xda, 0x98, 0x00, 0xff, 0xda, 0x98, 0x00, 0xff,
    0xda, 0x98, 0x00, 0xff, 0xda, 0x98, 0x00, 0xff, 0xda, 0x98, 0x00, 0xff,
    0xda, 0x98, 0x00, 0xff, 0xda, 0x98, 0x00, 0xff, 0xda, 0x98, 0x00, 0xff,
    0xda, 0x98, 0x00, 0xff, 0xda, 0x98, 0x00, 0xff, 0x8e, 0x66, 0x50, 0xff,
    0x8c, 0x65, 0x52, 0xff, 0x8c, 0x65, 0x52, 0xff, 0x8c, 0x65, 0x52, 0xff,
    0x8a, 0x65, 0x52, 0x52, 0xa9, 0x78, 0x34, 0xcb, 0xda, 0x98, 0x00, 0xff,
    0xda, 0x98, 0x00, 0xff, 0xda, 0x98, 0x00, 0xff, 0xda, 0x98, 0x00, 0xff,
    0xda, 0x98, 0x00, 0xff, 0xda, 0x98, 0x00, 0xff, 0xda, 0x98, 0x00, 0xff,
    0xda, 0x98, 0x00, 0xff, 0xda, 0x98, 0x00, 0xff, 0xda, 0x98, 0x00, 0xff,
    0xda, 0x98, 0x00, 0xff, 0xda, 0x98, 0x00, 0xff, 0xda, 0x98, 0x00, 0xff,
    0xda, 0x98, 0x00, 0xff, 0xda, 0x98, 0x00, 0xff, 0xda, 0x98, 0x00, 0xff,
    0xda, 0x98, 0x00, 0xff, 0xda, 0x98, 0x00, 0xff, 0xda, 0x98, 0x00, 0xff,
    0xda, 0x98, 0x00, 0xff, 0xda, 0x98, 0x00, 0xff, 0xda, 0x98, 0x00, 0xff,
    0xda, 0x98, 0x00, 0xff, 0xda, 0x98, 0x00, 0xff, 0xda, 0x98, 0x00, 0xff,
    0xda, 0x98, 0x00, 0xff, 0xda, 0x98, 0x00, 0xff, 0xda, 0x98, 0x00, 0xff,
    0xda, 0x98, 0x00, 0xff, 0xda, 0x98, 0x00, 0xff, 0xda, 0x98, 0x00, 0xff,
    0xda, 0x98, 0x00, 0xff, 0xda, 0x98, 0x00, 0xff, 0xda, 0x98, 0x00, 0xff,
    0xda, 0x98, 0x00, 0xff, 0xda, 0x98, 0x00, 0xff, 0xda, 0x98, 0x00, 0xff,
    0xda, 0x98, 0x00, 0xff, 0xda, 0x98, 0x00, 0xff, 0xda, 0x98, 0x00, 0xff,
    0xda, 0x98, 0x00, 0xff, 0xda, 0x98, 0x00, 0xff, 0xda, 0x98, 0x00, 0xff,
    0xda, 0x98, 0x00, 0xff, 0xda, 0x98, 0x00, 0xff, 0xda, 0x98, 0x00, 0xff,
    0xda, 0x98, 0x00, 0xff, 0xda, 0x98, 0x00, 0xff, 0xda, 0x98, 0x00, 0xff,
    0xda, 0x98, 0x00, 0xff, 0xda, 0x98, 0x00, 0xff, 0xda, 0x98, 0x00, 0xff,
    0xda, 0x98, 0x00, 0xff, 0xda, 0x98, 0x00, 0xff, 0xda, 0x98, 0x00, 0xff,
    0xda, 0x98, 0x00, 0xff, 0xda, 0x98, 0x00, 0xff, 0xda, 0x98, 0x00, 0xff,
    0xda, 0x98, 0x00, 0xff, 0xda, 0x98, 0x00, 0xff, 0xda, 0x98, 0x00, 0xff,
    0xda, 0x98, 0x00, 0xff, 0xda, 0x98, 0x00, 0xff, 0xda, 0x98, 0x00, 0xff,
    0xda, 0x98, 0x00, 0xff, 0xda, 0x98, 0x00, 0xff, 0xda, 0x98, 0x00, 0xff,
    0xda, 0x98, 0x00, 0xff, 0xda, 0x98, 0x00, 0xff, 0xda, 0x98, 0x00, 0xff,
    0xda, 0x98, 0x00, 0xff, 0xda, 0x98, 0x00, 0xff, 0xda, 0x98, 0x00, 0xff,
    0xda, 0x98, 0x00, 0xff, 0xda, 0x98, 0x00, 0xff, 0xda, 0x98, 0x00, 0xff,
    0xda, 0x98, 0x00, 0xff, 0xda, 0x98, 0x00, 0xff, 0xda, 0x98, 0x00, 0xff,
    0xda, 0x98, 0x00, 0xff, 0xda, 0x98, 0x00, 0xff, 0xda, 0x98, 0x00, 0xff,
    0xda, 0x98, 0x00, 0xff, 0xda, 0x98, 0x00, 0xff, 0xda, 0x98, 0x00, 0xff,
    0xda, 0x98, 0x00, 0xff, 0xda, 0x98, 0x00, 0xff, 0xda, 0x98, 0x00, 0xff,
    0xda, 0x98, 0x00, 0xff, 0xda, 0x98, 0x00, 0xff, 0xda, 0x98, 0x00, 0xff,
    0xda, 0x98, 0x00, 0xff, 0xda, 0x98, 0x00, 0xff, 0xda, 0x98, 0x00, 0xff,
    0xda, 0x98, 0x00, 0xff, 0xda, 0x98, 0x00, 0xff, 0xda, 0x98, 0x00, 0xff,
    0xda, 0x98, 0x00, 0xff, 0xda, 0x98, 0x00, 0xff, 0xda, 0x98, 0x00, 0xff,
    0xda, 0x98, 0x00, 0xff, 0xda, 0x98, 0x00, 0xff, 0xda, 0x98, 0x00, 0xff,
    0xda, 0x98, 0x00, 0xff, 0xda, 0x98, 0x00, 0xff, 0xda, 0x98, 0x00, 0xff,
    0xda, 0x98, 0x00, 0xff, 0xda, 0x98, 0x00, 0xff, 0xda, 0x98, 0x00, 0xff,
    0xda, 0x98, 0x00, 0xff, 0xda, 0x98, 0x00, 0xff, 0xda, 0x98, 0x00, 0xff,
    0xda, 0x98, 0x00, 0xff, 0xda, 0x98, 0x00, 0xff, 0xda, 0x98, 0x00, 0xff,
    0xda, 0x98, 0x00, 0xff, 0xda, 0x98, 0x00, 0xff, 0xda, 0x98, 0x00, 0xff,
    0xda, 0x98, 0x00, 0xff, 0xda, 0x98, 0x00, 0xff, 0xda, 0x98, 0x00, 0xff,
    0xda, 0x98, 0x00, 0xff, 0xda, 0x98, 0x00, 0xff, 0xda, 0x98, 0x00, 0xff,
    0xda, 0x98, 0x00, 0xff, 0xda, 0x98, 0x00, 0xff, 0xda, 0x98, 0x00, 0xff,
    0xda, 0x98, 0x00, 0xff, 0xda, 0x98, 0x00, 0xff, 0xda, 0x98, 0x00, 0xff,
    0xda, 0x98, 0x00, 0xff, 0xda, 0x98, 0x00, 0xff, 0xda, 0x98, 0x00, 0xff,
    0xda, 0x98, 0x00, 0xff, 0xda, 0x98, 0x00, 0xff, 0xda, 0x98, 0x00, 0xff,
    0xda, 0x98, 0x00, 0xff, 0xda, 0x98, 0x00, 0xff, 0xda, 0x98, 0x00, 0xff,
    0xda, 0x98, 0x00, 0xff, 0xda, 0x98, 0x00, 0xff, 0xda, 0x98, 0x00, 0xff,
    0xda, 0x98, 0x00, 0xff, 0xda, 0x98, 0x00, 0xff, 0xda, 0x98, 0x00, 0xff,
    0xda, 0x98, 0x00, 0xff, 0xda, 0x98, 0x00, 0xff, 0xda, 0x98, 0x00, 0xff,
    0xda, 0x98, 0x00, 0xff, 0xda, 0x98, 0x00, 0xff, 0xda, 0x98, 0x00, 0xff,
    0xda, 0x98, 0x00, 0xff, 0xda, 0x98, 0x00, 0xff, 0xda, 0x98, 0x00, 0xff,
    0xda, 0x98, 0x00, 0xff, 0xda, 0x98, 0x00, 0xff, 0xda, 0x98, 0x00, 0xff,
    0xda, 0x98, 0x00, 0xff, 0xda, 0x98, 0x00, 0xff, 0xda, 0x98, 0x00, 0xff,
    0xda, 0x98, 0x00, 0xff, 0xda, 0x98, 0x00, 0xff, 0xda, 0x98, 0x00, 0xff,
    0xda, 0x98, 0x00, 0xff, 0xda, 0x98, 0x00, 0xff, 0xda, 0x98, 0x00, 0xff,
    0xda, 0x98, 0x00, 0xff, 0xda, 0x98, 0x00, 0xff, 0xda, 0x98, 0x00, 0xff,
    0xda, 0x98, 0x00, 0xff, 0xda, 0x98, 0x00, 0xff, 0xda, 0x98, 0x00, 0xff,
    0xda, 0x98, 0x00, 0xff, 0xda, 0x98, 0x00, 0xff, 0xda, 0x98, 0x00, 0xff,
    0xda, 0x98, 0x00, 0xff, 0xda, 0x98, 0x00, 0xff, 0xda, 0x98, 0x00, 0xff,
    0xda, 0x98, 0x00, 0xff, 0xda, 0x98, 0x00, 0xff, 0xda, 0x98, 0x00, 0xff,
    0xda, 0x98, 0x00, 0xff, 0xda, 0x98, 0x00, 0xff, 0xda, 0x98, 0x00, 0xff,
    0xda, 0x98, 0x00, 0xff, 0xda, 0x98, 0x00, 0xff, 0xda, 0x98, 0x00, 0xff,
    0xda, 0x98, 0x00, 0xff, 0xda, 0x98, 0x00, 0xff, 0xda, 0x98, 0x00, 0xff,
    0xda, 0x98, 0x00, 0xff, 0xda, 0x98, 0x00, 0xff, 0xda, 0x98, 0x00, 0xff,
    0xda, 0x98, 0x00, 0xff, 0xda, 0x98, 0x00, 0xff, 0xda, 0x98, 0x00, 0xff,
    0xda, 0x98, 0x00, 0xff, 0xda, 0x98, 0x00, 0xff, 0xda, 0x98, 0x00, 0xff,
    0xda, 0x98, 0x00, 0xff, 0xda, 0x98, 0x00, 0xff, 0xda, 0x98, 0x00, 0xff,
    0xda, 0x98, 0x00, 0xff, 0xda, 0x98, 0x00, 0xff, 0xda, 0x98, 0x00, 0xff,
    0xda, 0x98, 0x00, 0xff, 0xda, 0x98, 0x00, 0xff, 0xda, 0x98, 0x00, 0xff,
    0xda, 0x98, 0x00, 0xff, 0xda, 0x98, 0x00, 0xff, 0xda, 0x98, 0x00, 0xff,
    0xda, 0x98, 0x00, 0xff, 0xda, 0x98, 0x00, 0xff, 0xda, 0x98, 0x00, 0xff,
    0xda, 0x98, 0x00, 0xff, 0xda, 0x98, 0x00, 0xff, 0xda, 0x98, 0x00, 0xff,
    0xda, 0x98, 0x00, 0xff, 0xda, 0x98, 0x00, 0xff, 0xda, 0x98, 0x00, 0xff,
    0xda, 0x98, 0x00, 0xff, 0xda, 0x98, 0x00, 0xff, 0xda, 0x98, 0x00, 0xff,
    0xda, 0x98, 0x00, 0xff, 0xda, 0x98, 0x00, 0xff, 0xda, 0x98, 0x00, 0xff,
    0xda, 0x98, 0x00, 0xff, 0xda, 0x98, 0x00, 0xff, 0xda, 0x98, 0x00, 0xff,
    0xda, 0x98, 0x00, 0xff, 0xda, 0x98, 0x00, 0xff, 0xda, 0x98, 0x00, 0xff,
    0xda, 0x98, 0x00, 0xff, 0xda, 0x98, 0x00, 0xff, 0xda, 0x98, 0x00, 0xff,
    0xda, 0x98, 0x00, 0xff, 0xda, 0x98, 0x00, 0xff, 0xda, 0x98, 0x00, 0xff,
    0xda, 0x98, 0x00, 0xff, 0xda, 0x98, 0x00, 0xff, 0xda, 0x98, 0x00, 0xff,
    0x8e, 0x66, 0x50, 0xff, 0x8c, 0x65, 0x52, 0xff, 0x8c, 0x65, 0x52, 0xff,
    0x8c, 0x65, 0x52, 0xff, 0x8a, 0x65, 0x52, 0x52, 0xa9, 0x78, 0x34, 0xcb,
    0xda, 0x98, 0x00, 0xff, 0xda, 0x98, 0x00, 0xff, 0xda, 0x98, 0x00, 0xff,
    0xda, 0x98, 0x00, 0xff, 0xda, 0x98, 0x00, 0xff, 0xda, 0x98, 0x00, 0xff,
    0xda, 0x98, 0x00, 0xff, 0xda, 0x98, 0x00, 0xff, 0xda, 0x98, 0x00, 0xff,
    0xda, 0x98, 0x00, 0xff, 0xda, 0x98, 0x00, 0xff, 0xda, 0x98, 0x00, 0xff,
    0xda, 0x98, 0x00, 0xff, 0xda, 0x98, 0x00, 0xff, 0xda, 0x98, 0x00, 0xff,
    0xda, 0x98, 0x00, 0xff, 0xda, 0x98, 0x00, 0xff, 0xda, 0x98, 0x00, 0xff,
    0xda, 0x98, 0x00, 0xff, 0xda, 0x98, 0x00, 0xff, 0xda, 0x98, 0x00, 0xff,
    0xda, 0x98, 0x00, 0xff, 0xda, 0x98, 0x00, 0xff, 0xda, 0x98, 0x00, 0xff,
    0xda, 0x98, 0x00, 0xff, 0xda, 0x98, 0x00, 0xff, 0xda, 0x98, 0x00, 0xff,
    0xda, 0x98, 0x00, 0xff, 0xda, 0x98, 0x00, 0xff, 0xda, 0x98, 0x00, 0xff,
    0xda, 0x98, 0x00, 0xff, 0xda, 0x98, 0x00, 0xff, 0xda, 0x98, 0x00, 0xff,
    0xda, 0x98, 0x00, 0xff, 0xda, 0x98, 0x00, 0xff, 0xda, 0x98, 0x00, 0xff,
    0xda, 0x98, 0x00, 0xff, 0xda, 0x98, 0x00, 0xff, 0xda, 0x98, 0x00, 0xff,
    0xda, 0x98, 0x00, 0xff, 0xda, 0x98, 0x00, 0xff, 0xda, 0x98, 0x00, 0xff,
    0xda, 0x98, 0x00, 0xff, 0xda, 0x98, 0x00, 0xff, 0xda, 0x98, 0x00, 0xff,
    0xda, 0x98, 0x00, 0xff, 0xda, 0x98, 0x00, 0xff, 0xda, 0x98, 0x00, 0xff,
    0xda, 0x98, 0x00, 0xff, 0xda, 0x98, 0x00, 0xff, 0xda, 0x98, 0x00, 0xff,
    0xda, 0x98, 0x00, 0xff, 0xda, 0x98, 0x00, 0xff, 0xda, 0x98, 0x00, 0xff,
    0xda, 0x98, 0x00, 0xff, 0xda, 0x98, 0x00, 0xff, 0xda, 0x98, 0x00, 0xff,
    0xda, 0x98, 0x00, 0xff, 0xda, 0x98, 0x00, 0xff, 0xda, 0x98, 0x00, 0xff,
    0xda, 0x98, 0x00, 0xff, 0xda, 0x98, 0x00, 0xff, 0xda, 0x98, 0x00, 0xff,
    0xda, 0x98, 0x00, 0xff, 0xda, 0x98, 0x00, 0xff, 0xda, 0x98, 0x00, 0xff,
    0xda, 0x98, 0x00, 0xff, 0xda, 0x98, 0x00, 0xff, 0xda, 0x98, 0x00, 0xff,
    0xda, 0x98, 0x00, 0xff, 0xda, 0x98, 0x00, 0xff, 0xda, 0x98, 0x00, 0xff,
    0xda, 0x98, 0x00, 0xff, 0xda, 0x98, 0x00, 0xff, 0xda, 0x98, 0x00, 0xff,
    0xda, 0x98, 0x00, 0xff, 0xda, 0x98, 0x00, 0xff, 0xda, 0x98, 0x00, 0xff,
    0xda, 0x98, 0x00, 0xff, 0xda, 0x98, 0x00, 0xff, 0xda, 0x98, 0x00, 0xff,
    0xda, 0x98, 0x00, 0xff, 0xda, 0x98, 0x00, 0xff, 0xda, 0x98, 0x00, 0xff,
    0xda, 0x98, 0x00, 0xff, 0xda, 0x98, 0x00, 0xff, 0xda, 0x98, 0x00, 0xff,
    0xda, 0x98, 0x00, 0xff, 0xda, 0x98, 0x00, 0xff, 0xda, 0x98, 0x00, 0xff,
    0xda, 0x98, 0x00, 0xff, 0xda, 0x98, 0x00, 0xff, 0xda, 0x98, 0x00, 0xff,
    0xda, 0x98, 0x00, 0xff, 0xda, 0x98, 0x00, 0xff, 0xda, 0x98, 0x00, 0xff,
    0xda, 0x98, 0x00, 0xff, 0xda, 0x98, 0x00, 0xff, 0xda, 0x98, 0x00, 0xff,
    0xda, 0x98, 0x00, 0xff, 0xda, 0x98, 0x00, 0xff, 0xda, 0x98, 0x00, 0xff,
    0xda, 0x98, 0x00, 0xff, 0xda, 0x98, 0x00, 0xff, 0xda, 0x98, 0x00, 0xff,
    0xda, 0x98, 0x00, 0xff, 0xda, 0x98, 0x00, 0xff, 0xda, 0x98, 0x00, 0xff,
    0xda, 0x98, 0x00, 0xff, 0xda, 0x98, 0x00, 0xff, 0xda, 0x98, 0x00, 0xff,
    0xda, 0x98, 0x00, 0xff, 0xda, 0x98, 0x00, 0xff, 0xda, 0x98, 0x00, 0xff,
    0xda, 0x98, 0x00, 0xff, 0xda, 0x98, 0x00, 0xff, 0xda, 0x98, 0x00, 0xff,
    0xda, 0x98, 0x00, 0xff, 0xda, 0x98, 0x00, 0xff, 0xda, 0x98, 0x00, 0xff,
    0xda, 0x98, 0x00, 0xff, 0xda, 0x98, 0x00, 0xff, 0xda, 0x98, 0x00, 0xff,
    0xda, 0x98, 0x00, 0xff, 0xda, 0x98, 0x00, 0xff, 0xda, 0x98, 0x00, 0xff,
    0xda, 0x98, 0x00, 0xff, 0xda, 0x98, 0x00, 0xff, 0xda, 0x98, 0x00, 0xff,
    0xda, 0x98, 0x00, 0xff, 0xda, 0x98, 0x00, 0xff, 0xda, 0x98, 0x00, 0xff,
    0xda, 0x98, 0x00, 0xff, 0xda, 0x98, 0x00, 0xff, 0xda, 0x98, 0x00, 0xff,
    0xda, 0x98, 0x00, 0xff, 0xda, 0x98, 0x00, 0xff, 0xda, 0x98, 0x00, 0xff,
    0xda, 0x98, 0x00, 0xff, 0xda, 0x98, 0x00, 0xff, 0xda, 0x98, 0x00, 0xff,
    0xda, 0x98, 0x00, 0xff, 0xda, 0x98, 0x00, 0xff, 0xda, 0x98, 0x00, 0xff,
    0xda, 0x98, 0x00, 0xff, 0xda, 0x98, 0x00, 0xff, 0xda, 0x98, 0x00, 0xff,
    0xda, 0x98, 0x00, 0xff, 0xda, 0x98, 0x00, 0xff, 0xda, 0x98, 0x00, 0xff,
    0xda, 0x98, 0x00, 0xff, 0xda, 0x98, 0x00, 0xff, 0xda, 0x98, 0x00, 0xff,
    0xda, 0x98, 0x00, 0xff, 0xda, 0x98, 0x00, 0xff, 0xda, 0x98, 0x00, 0xff,
    0xda, 0x98, 0x00, 0xff, 0xda, 0x98, 0x00, 0xff, 0xda, 0x98, 0x00, 0xff,
    0xda, 0x98, 0x00, 0xff, 0xda, 0x98, 0x00, 0xff, 0xda, 0x98, 0x00, 0xff,
    0xda, 0x98, 0x00, 0xff, 0xda, 0x98, 0x00, 0xff, 0xda, 0x98, 0x00, 0xff,
    0xda, 0x98, 0x00, 0xff, 0xda, 0x98, 0x00, 0xff, 0xda, 0x98, 0x00, 0xff,
    0xda, 0x98, 0x00, 0xff, 0xda, 0x98, 0x00, 0xff, 0xda, 0x98, 0x00, 0xff,
    0xda, 0x98, 0x00, 0xff, 0xda, 0x98, 0x00, 0xff, 0xda, 0x98, 0x00, 0xff,
    0xda, 0x98, 0x00, 0xff, 0xda, 0x98, 0x00, 0xff, 0xda, 0x98, 0x00, 0xff,
    0xda, 0x98, 0x00, 0xff, 0xda, 0x98, 0x00, 0xff, 0xda, 0x98, 0x00, 0xff,
    0xda, 0x98, 0x00, 0xff, 0xda, 0x98, 0x00, 0xff, 0xda, 0x98, 0x00, 0xff,
    0xda, 0x98, 0x00, 0xff, 0xda, 0x98, 0x00, 0xff, 0xda, 0x98, 0x00, 0xff,
    0xda, 0x98, 0x00, 0xff, 0xda, 0x98, 0x00, 0xff, 0xda, 0x98, 0x00, 0xff,
    0xda, 0x98, 0x00, 0xff, 0xda, 0x98, 0x00, 0xff, 0xda, 0x98, 0x00, 0xff,
    0xda, 0x98, 0x00, 0xff, 0xda, 0x98, 0x00, 0xff, 0xda, 0x98, 0x00, 0xff,
    0xda, 0x98, 0x00, 0xff, 0xda, 0x98, 0x00, 0xff, 0xda, 0x98, 0x00, 0xff,
    0xda, 0x98, 0x00, 0xff, 0xda, 0x98, 0x00, 0xff, 0xda, 0x98, 0x00, 0xff,
    0xda, 0x98, 0x00, 0xff, 0xda, 0x98, 0x00, 0xff, 0xda, 0x98, 0x00, 0xff,
    0xda, 0x98, 0x00, 0xff, 0xda, 0x98, 0x00, 0xff, 0xda, 0x98, 0x00, 0xff,
    0xda, 0x98, 0x00, 0xff, 0xda, 0x98, 0x00, 0xff, 0xda, 0x98, 0x00, 0xff,
    0xda, 0x98, 0x00, 0xff, 0xda, 0x98, 0x00, 0xff, 0xda, 0x98, 0x00, 0xff,
    0xda, 0x98, 0x00, 0xff, 0xda, 0x98, 0x00, 0xff, 0xda, 0x98, 0x00, 0xff,
    0xda, 0x98, 0x00, 0xff, 0xda, 0x98, 0x00, 0xff, 0xda, 0x98, 0x00, 0xff,
    0xda, 0x98, 0x00, 0xff, 0xda, 0x98, 0x00, 0xff, 0xda, 0x98, 0x00, 0xff,
    0xda, 0x98, 0x00, 0xff, 0xda, 0x98, 0x00, 0xff, 0xda, 0x98, 0x00, 0xff,
    0xda, 0x98, 0x00, 0xff, 0xda, 0x98, 0x00, 0xff, 0xda, 0x98, 0x00, 0xff,
    0xda, 0x98, 0x00, 0xff, 0xda, 0x98, 0x00, 0xff, 0xda, 0x98, 0x00, 0xff,
    0xda, 0x98, 0x00, 0xff, 0xda, 0x98, 0x00, 0xff, 0xda, 0x98, 0x00, 0xff,
    0xda, 0x98, 0x00, 0xff, 0xda, 0x98, 0x00, 0xff, 0xda, 0x98, 0x00, 0xff,
    0xda, 0x98, 0x00, 0xff, 0xda, 0x98, 0x00, 0xff, 0xda, 0x98, 0x00, 0xff,
    0xda, 0x98, 0x00, 0xff, 0x8e, 0x66, 0x50, 0xff, 0x8c, 0x65, 0x52, 0xff,
    0x8c, 0x65, 0x52, 0xff, 0x8c, 0x65, 0x52, 0xff, 0x8a, 0x65, 0x52, 0x52,
    0xa9, 0x78, 0x34, 0xcb, 0xda, 0x98, 0x00, 0xff, 0xda, 0x98, 0x00, 0xff,
    0xda, 0x98, 0x00, 0xff, 0xda, 0x98, 0x00, 0xff, 0xda, 0x98, 0x00, 0xff,
    0xda, 0x98, 0x00, 0xff, 0xda, 0x98, 0x00, 0xff, 0xda, 0x98, 0x00, 0xff,
    0xda, 0x98, 0x00, 0xff, 0xda, 0x98, 0x00, 0xff, 0xda, 0x98, 0x00, 0xff,
    0xda, 0x98, 0x00, 0xff, 0xda, 0x98, 0x00, 0xff, 0xda, 0x98, 0x00, 0xff,
    0xda, 0x98, 0x00, 0xff, 0xda, 0x98, 0x00, 0xff, 0xda, 0x98, 0x00, 0xff,
    0xda, 0x98, 0x00, 0xff, 0xda, 0x98, 0x00, 0xff, 0xda, 0x98, 0x00, 0xff,
    0xda, 0x98, 0x00, 0xff, 0xda, 0x98, 0x00, 0xff, 0xda, 0x98, 0x00, 0xff,
    0xda, 0x98, 0x00, 0xff, 0xda, 0x98, 0x00, 0xff, 0xda, 0x98, 0x00, 0xff,
    0xda, 0x98, 0x00, 0xff, 0xda, 0x98, 0x00, 0xff, 0xda, 0x98, 0x00, 0xff,
    0xda, 0x98, 0x00, 0xff, 0xda, 0x98, 0x00, 0xff, 0xda, 0x98, 0x00, 0xff,
    0xda, 0x98, 0x00, 0xff, 0xda, 0x98, 0x00, 0xff, 0xda, 0x98, 0x00, 0xff,
    0xda, 0x98, 0x00, 0xff, 0xda, 0x98, 0x00, 0xff, 0xda, 0x98, 0x00, 0xff,
    0xda, 0x98, 0x00, 0xff, 0xda, 0x98, 0x00, 0xff, 0xda, 0x98, 0x00, 0xff,
    0xda, 0x98, 0x00, 0xff, 0xda, 0x98, 0x00, 0xff, 0xda, 0x98, 0x00, 0xff,
    0xda, 0x98, 0x00, 0xff, 0xda, 0x98, 0x00, 0xff, 0xda, 0x98, 0x00, 0xff,
    0xda, 0x98, 0x00, 0xff, 0xda, 0x98, 0x00, 0xff, 0xda, 0x98, 0x00, 0xff,
    0xda, 0x98, 0x00, 0xff, 0xda, 0x98, 0x00, 0xff, 0xda, 0x98, 0x00, 0xff,
    0xda, 0x98, 0x00, 0xff, 0xda, 0x98, 0x00, 0xff, 0xda, 0x98, 0x00, 0xff,
    0xda, 0x98, 0x00, 0xff, 0xda, 0x98, 0x00, 0xff, 0xda, 0x98, 0x00, 0xff,
    0xda, 0x98, 0x00, 0xff, 0xda, 0x98, 0x00, 0xff, 0xda, 0x98, 0x00, 0xff,
    0xda, 0x98, 0x00, 0xff, 0xda, 0x98, 0x00, 0xff, 0xda, 0x98, 0x00, 0xff,
    0xda, 0x98, 0x00, 0xff, 0xda, 0x98, 0x00, 0xff, 0xda, 0x98, 0x00, 0xff,
    0xda, 0x98, 0x00, 0xff, 0xda, 0x98, 0x00, 0xff, 0xda, 0x98, 0x00, 0xff,
    0xda, 0x98, 0x00, 0xff, 0xda, 0x98, 0x00, 0xff, 0xda, 0x98, 0x00, 0xff,
    0xda, 0x98, 0x00, 0xff, 0xda, 0x98, 0x00, 0xff, 0xda, 0x98, 0x00, 0xff,
    0xda, 0x98, 0x00, 0xff, 0xda, 0x98, 0x00, 0xff, 0xda, 0x98, 0x00, 0xff,
    0xda, 0x98, 0x00, 0xff, 0xda, 0x98, 0x00, 0xff, 0xda, 0x98, 0x00, 0xff,
    0xda, 0x98, 0x00, 0xff, 0xda, 0x98, 0x00, 0xff, 0xda, 0x98, 0x00, 0xff,
    0xda, 0x98, 0x00, 0xff, 0xda, 0x98, 0x00, 0xff, 0xda, 0x98, 0x00, 0xff,
    0xda, 0x98, 0x00, 0xff, 0xda, 0x98, 0x00, 0xff, 0xda, 0x98, 0x00, 0xff,
    0xda, 0x98, 0x00, 0xff, 0xda, 0x98, 0x00, 0xff, 0xda, 0x98, 0x00, 0xff,
    0xda, 0x98, 0x00, 0xff, 0xda, 0x98, 0x00, 0xff, 0xda, 0x98, 0x00, 0xff,
    0xda, 0x98, 0x00, 0xff, 0xda, 0x98, 0x00, 0xff, 0xda, 0x98, 0x00, 0xff,
    0xda, 0x98, 0x00, 0xff, 0xda, 0x98, 0x00, 0xff, 0xda, 0x98, 0x00, 0xff,
    0xda, 0x98, 0x00, 0xff, 0xda, 0x98, 0x00, 0xff, 0xda, 0x98, 0x00, 0xff,
    0xda, 0x98, 0x00, 0xff, 0xda, 0x98, 0x00, 0xff, 0xda, 0x98, 0x00, 0xff,
    0xda, 0x98, 0x00, 0xff, 0xda, 0x98, 0x00, 0xff, 0xda, 0x98, 0x00, 0xff,
    0xda, 0x98, 0x00, 0xff, 0xda, 0x98, 0x00, 0xff, 0xda, 0x98, 0x00, 0xff,
    0xda, 0x98, 0x00, 0xff, 0xda, 0x98, 0x00, 0xff, 0xda, 0x98, 0x00, 0xff,
    0xda, 0x98, 0x00, 0xff, 0xda, 0x98, 0x00, 0xff, 0xda, 0x98, 0x00, 0xff,
    0xda, 0x98, 0x00, 0xff, 0xda, 0x98, 0x00, 0xff, 0xda, 0x98, 0x00, 0xff,
    0xda, 0x98, 0x00, 0xff, 0xda, 0x98, 0x00, 0xff, 0xda, 0x98, 0x00, 0xff,
    0xda, 0x98, 0x00, 0xff, 0xda, 0x98, 0x00, 0xff, 0xda, 0x98, 0x00, 0xff,
    0xda, 0x98, 0x00, 0xff, 0xda, 0x98, 0x00, 0xff, 0xda, 0x98, 0x00, 0xff,
    0xda, 0x98, 0x00, 0xff, 0xda, 0x98, 0x00, 0xff, 0xda, 0x98, 0x00, 0xff,
    0xda, 0x98, 0x00, 0xff, 0xda, 0x98, 0x00, 0xff, 0xda, 0x98, 0x00, 0xff,
    0xda, 0x98, 0x00, 0xff, 0xda, 0x98, 0x00, 0xff, 0xda, 0x98, 0x00, 0xff,
    0xda, 0x98, 0x00, 0xff, 0xda, 0x98, 0x00, 0xff, 0xda, 0x98, 0x00, 0xff,
    0xda, 0x98, 0x00, 0xff, 0xda, 0x98, 0x00, 0xff, 0xda, 0x98, 0x00, 0xff,
    0xda, 0x98, 0x00, 0xff, 0xda, 0x98, 0x00, 0xff, 0xda, 0x98, 0x00, 0xff,
    0xda, 0x98, 0x00, 0xff, 0xda, 0x98, 0x00, 0xff, 0xda, 0x98, 0x00, 0xff,
    0xda, 0x98, 0x00, 0xff, 0xda, 0x98, 0x00, 0xff, 0xda, 0x98, 0x00, 0xff,
    0xda, 0x98, 0x00, 0xff, 0xda, 0x98, 0x00, 0xff, 0xda, 0x98, 0x00, 0xff,
    0xda, 0x98, 0x00, 0xff, 0xda, 0x98, 0x00, 0xff, 0xda, 0x98, 0x00, 0xff,
    0xda, 0x98, 0x00, 0xff, 0xda, 0x98, 0x00, 0xff, 0xda, 0x98, 0x00, 0xff,
    0xda, 0x98, 0x00, 0xff, 0xda, 0x98, 0x00, 0xff, 0xda, 0x98, 0x00, 0xff,
    0xda, 0x98, 0x00, 0xff, 0xda, 0x98, 0x00, 0xff, 0xda, 0x98, 0x00, 0xff,
    0xda, 0x98, 0x00, 0xff, 0xda, 0x98, 0x00, 0xff, 0xda, 0x98, 0x00, 0xff,
    0xda, 0x98, 0x00, 0xff, 0xda, 0x98, 0x00, 0xff, 0xda, 0x98, 0x00, 0xff,
    0xda, 0x98, 0x00, 0xff, 0xda, 0x98, 0x00, 0xff, 0xda, 0x98, 0x00, 0xff,
    0xda, 0x98, 0x00, 0xff, 0xda, 0x98, 0x00, 0xff, 0xda, 0x98, 0x00, 0xff,
    0xda, 0x98, 0x00, 0xff, 0xda, 0x98, 0x00, 0xff, 0xda, 0x98, 0x00, 0xff,
    0xda, 0x98, 0x00, 0xff, 0xda, 0x98, 0x00, 0xff, 0xda, 0x98, 0x00, 0xff,
    0xda, 0x98, 0x00, 0xff, 0xda, 0x98, 0x00, 0xff, 0xda, 0x98, 0x00, 0xff,
    0xda, 0x98, 0x00, 0xff, 0xda, 0x98, 0x00, 0xff, 0xda, 0x98, 0x00, 0xff,
    0xda, 0x98, 0x00, 0xff, 0xda, 0x98, 0x00, 0xff, 0xda, 0x98, 0x00, 0xff,
    0xda, 0x98, 0x00, 0xff, 0xda, 0x98, 0x00, 0xff, 0xda, 0x98, 0x00, 0xff,
    0xda, 0x98, 0x00, 0xff, 0xda, 0x98, 0x00, 0xff, 0xda, 0x98, 0x00, 0xff,
    0xda, 0x98, 0x00, 0xff, 0xda, 0x98, 0x00, 0xff, 0xda, 0x98, 0x00, 0xff,
    0xda, 0x98, 0x00, 0xff, 0xda, 0x98, 0x00, 0xff, 0xda, 0x98, 0x00, 0xff,
    0xda, 0x98, 0x00, 0xff, 0xda, 0x98, 0x00, 0xff, 0xda, 0x98, 0x00, 0xff,
    0xda, 0x98, 0x00, 0xff, 0xda, 0x98, 0x00, 0xff, 0xda, 0x98, 0x00, 0xff,
    0xda, 0x98, 0x00, 0xff, 0xda, 0x98, 0x00, 0xff, 0xda, 0x98, 0x00, 0xff,
    0xda, 0x98, 0x00, 0xff, 0xda, 0x98, 0x00, 0xff, 0xda, 0x98, 0x00, 0xff,
    0xda, 0x98, 0x00, 0xff, 0xda, 0x98, 0x00, 0xff, 0xda, 0x98, 0x00, 0xff,
    0xda, 0x98, 0x00, 0xff, 0xda, 0x98, 0x00, 0xff, 0xda, 0x98, 0x00, 0xff,
    0xda, 0x98, 0x00, 0xff, 0xda, 0x98, 0x00, 0xff, 0xda, 0x98, 0x00, 0xff,
    0xda, 0x98, 0x00, 0xff, 0xda, 0x98, 0x00, 0xff, 0xda, 0x98, 0x00, 0xff,
    0xda, 0x98, 0x00, 0xff, 0xda, 0x98, 0x00, 0xff, 0xda, 0x98, 0x00, 0xff,
    0xda, 0x98, 0x00, 0xff, 0xda, 0x98, 0x00, 0xff, 0x8e, 0x66, 0x50, 0xff,
    0x8c, 0x65, 0x52, 0xff, 0x8c, 0x65, 0x52, 0xff, 0x8c, 0x65, 0x52, 0xff,
    0x8a, 0x65, 0x52, 0x52, 0xa9, 0x78, 0x34, 0xcb, 0xda, 0x98, 0x00, 0xff,
    0xda, 0x98, 0x00, 0xff, 0xda, 0x98, 0x00, 0xff, 0xda, 0x98, 0x00, 0xff,
    0xda, 0x98, 0x00, 0xff, 0xda, 0x98, 0x00, 0xff, 0xda, 0x98, 0x00, 0xff,
    0xda, 0x98, 0x00, 0xff, 0xda, 0x98, 0x00, 0xff, 0xda, 0x98, 0x00, 0xff,
    0xda, 0x98, 0x00, 0xff, 0xda, 0x98, 0x00, 0xff, 0xda, 0x98, 0x00, 0xff,
    0xda, 0x98, 0x00, 0xff, 0xda, 0x98, 0x00, 0xff, 0xda, 0x98, 0x00, 0xff,
    0xda, 0x98, 0x00, 0xff, 0xda, 0x98, 0x00, 0xff, 0xda, 0x98, 0x00, 0xff,
    0xda, 0x98, 0x00, 0xff, 0xda, 0x98, 0x00, 0xff, 0xda, 0x98, 0x00, 0xff,
    0xda, 0x98, 0x00, 0xff, 0xda, 0x98, 0x00, 0xff, 0xda, 0x98, 0x00, 0xff,
    0xda, 0x98, 0x00, 0xff, 0xda, 0x98, 0x00, 0xff, 0xda, 0x98, 0x00, 0xff,
    0xda, 0x98, 0x00, 0xff, 0xda, 0x98, 0x00, 0xff, 0xda, 0x98, 0x00, 0xff,
    0xda, 0x98, 0x00, 0xff, 0xda, 0x98, 0x00, 0xff, 0xda, 0x98, 0x00, 0xff,
    0xda, 0x98, 0x00, 0xff, 0xda, 0x98, 0x00, 0xff, 0xda, 0x98, 0x00, 0xff,
    0xda, 0x98, 0x00, 0xff, 0xda, 0x98, 0x00, 0xff, 0xda, 0x98, 0x00, 0xff,
    0xda, 0x98, 0x00, 0xff, 0xda, 0x98, 0x00, 0xff, 0xda, 0x98, 0x00, 0xff,
    0xda, 0x98, 0x00, 0xff, 0xda, 0x98, 0x00, 0xff, 0xda, 0x98, 0x00, 0xff,
    0xda, 0x98, 0x00, 0xff, 0xda, 0x98, 0x00, 0xff, 0xda, 0x98, 0x00, 0xff,
    0xda, 0x98, 0x00, 0xff, 0xda, 0x98, 0x00, 0xff, 0xda, 0x98, 0x00, 0xff,
    0xda, 0x98, 0x00, 0xff, 0xda, 0x98, 0x00, 0xff, 0xda, 0x98, 0x00, 0xff,
    0xda, 0x98, 0x00, 0xff, 0xda, 0x98, 0x00, 0xff, 0xda, 0x98, 0x00, 0xff,
    0xda, 0x98, 0x00, 0xff, 0xda, 0x98, 0x00, 0xff, 0xda, 0x98, 0x00, 0xff,
    0xda, 0x98, 0x00, 0xff, 0xda, 0x98, 0x00, 0xff, 0xda, 0x98, 0x00, 0xff,
    0xda, 0x98, 0x00, 0xff, 0xda, 0x98, 0x00, 0xff, 0xda, 0x98, 0x00, 0xff,
    0xda, 0x98, 0x00, 0xff, 0xda, 0x98, 0x00, 0xff, 0xda, 0x98, 0x00, 0xff,
    0xda, 0x98, 0x00, 0xff, 0xda, 0x98, 0x00, 0xff, 0xda, 0x98, 0x00, 0xff,
    0xda, 0x98, 0x00, 0xff, 0xda, 0x98, 0x00, 0xff, 0xda, 0x98, 0x00, 0xff,
    0xda, 0x98, 0x00, 0xff, 0xda, 0x98, 0x00, 0xff, 0xda, 0x98, 0x00, 0xff,
    0xda, 0x98, 0x00, 0xff, 0xda, 0x98, 0x00, 0xff, 0xda, 0x98, 0x00, 0xff,
    0xda, 0x98, 0x00, 0xff, 0xda, 0x98, 0x00, 0xff, 0xda, 0x98, 0x00, 0xff,
    0xda, 0x98, 0x00, 0xff, 0xda, 0x98, 0x00, 0xff, 0xda, 0x98, 0x00, 0xff,
    0xda, 0x98, 0x00, 0xff, 0xda, 0x98, 0x00, 0xff, 0xda, 0x98, 0x00, 0xff,
    0xda, 0x98, 0x00, 0xff, 0xda, 0x98, 0x00, 0xff, 0xda, 0x98, 0x00, 0xff,
    0xda, 0x98, 0x00, 0xff, 0xda, 0x98, 0x00, 0xff, 0xda, 0x98, 0x00, 0xff,
    0xda, 0x98, 0x00, 0xff, 0xda, 0x98, 0x00, 0xff, 0xda, 0x98, 0x00, 0xff,
    0xda, 0x98, 0x00, 0xff, 0xda, 0x98, 0x00, 0xff, 0xda, 0x98, 0x00, 0xff,
    0xda, 0x98, 0x00, 0xff, 0xda, 0x98, 0x00, 0xff, 0xda, 0x98, 0x00, 0xff,
    0xda, 0x98, 0x00, 0xff, 0xda, 0x98, 0x00, 0xff, 0xda, 0x98, 0x00, 0xff,
    0xda, 0x98, 0x00, 0xff, 0xda, 0x98, 0x00, 0xff, 0xda, 0x98, 0x00, 0xff,
    0xda, 0x98, 0x00, 0xff, 0xda, 0x98, 0x00, 0xff, 0xda, 0x98, 0x00, 0xff,
    0xda, 0x98, 0x00, 0xff, 0xda, 0x98, 0x00, 0xff, 0xda, 0x98, 0x00, 0xff,
    0xda, 0x98, 0x00, 0xff, 0xda, 0x98, 0x00, 0xff, 0xda, 0x98, 0x00, 0xff,
    0xda, 0x98, 0x00, 0xff, 0xda, 0x98, 0x00, 0xff, 0xda, 0x98, 0x00, 0xff,
    0xda, 0x98, 0x00, 0xff, 0xda, 0x98, 0x00, 0xff, 0xda, 0x98, 0x00, 0xff,
    0xda, 0x98, 0x00, 0xff, 0xda, 0x98, 0x00, 0xff, 0xda, 0x98, 0x00, 0xff,
    0xda, 0x98, 0x00, 0xff, 0xda, 0x98, 0x00, 0xff, 0xda, 0x98, 0x00, 0xff,
    0xda, 0x98, 0x00, 0xff, 0xda, 0x98, 0x00, 0xff, 0xda, 0x98, 0x00, 0xff,
    0xda, 0x98, 0x00, 0xff, 0xda, 0x98, 0x00, 0xff, 0xda, 0x98, 0x00, 0xff,
    0xda, 0x98, 0x00, 0xff, 0xda, 0x98, 0x00, 0xff, 0xda, 0x98, 0x00, 0xff,
    0xda, 0x98, 0x00, 0xff, 0xda, 0x98, 0x00, 0xff, 0xda, 0x98, 0x00, 0xff,
    0xda, 0x98, 0x00, 0xff, 0xda, 0x98, 0x00, 0xff, 0xda, 0x98, 0x00, 0xff,
    0xda, 0x98, 0x00, 0xff, 0xda, 0x98, 0x00, 0xff, 0xda, 0x98, 0x00, 0xff,
    0xda, 0x98, 0x00, 0xff, 0xda, 0x98, 0x00, 0xff, 0xda, 0x98, 0x00, 0xff,
    0xda, 0x98, 0x00, 0xff, 0xda, 0x98, 0x00, 0xff, 0xda, 0x98, 0x00, 0xff,
    0xda, 0x98, 0x00, 0xff, 0xda, 0x98, 0x00, 0xff, 0xda, 0x98, 0x00, 0xff,
    0xda, 0x98, 0x00, 0xff, 0xda, 0x98, 0x00, 0xff, 0xda, 0x98, 0x00, 0xff,
    0xda, 0x98, 0x00, 0xff, 0xda, 0x98, 0x00, 0xff, 0xda, 0x98, 0x00, 0xff,
    0xda, 0x98, 0x00, 0xff, 0xda, 0x98, 0x00, 0xff, 0xda, 0x98, 0x00, 0xff,
    0xda, 0x98, 0x00, 0xff, 0xda, 0x98, 0x00, 0xff, 0xda, 0x98, 0x00, 0xff,
    0xda, 0x98, 0x00, 0xff, 0xda, 0x98, 0x00, 0xff, 0xda, 0x98, 0x00, 0xff,
    0xda, 0x98, 0x00, 0xff, 0xda, 0x98, 0x00, 0xff, 0xda, 0x98, 0x00, 0xff,
    0xda, 0x98, 0x00, 0xff, 0xda, 0x98, 0x00, 0xff, 0xda, 0x98, 0x00, 0xff,
    0xda, 0x98, 0x00, 0xff, 0xda, 0x98, 0x00, 0xff, 0xda, 0x98, 0x00, 0xff,
    0xda, 0x98, 0x00, 0xff, 0xda, 0x98, 0x00, 0xff, 0xda, 0x98, 0x00, 0xff,
    0xda, 0x98, 0x00, 0xff, 0xda, 0x98, 0x00, 0xff, 0xda, 0x98, 0x00, 0xff,
    0xda, 0x98, 0x00, 0xff, 0xda, 0x98, 0x00, 0xff, 0xda, 0x98, 0x00, 0xff,
    0xda, 0x98, 0x00, 0xff, 0xda, 0x98, 0x00, 0xff, 0xda, 0x98, 0x00, 0xff,
    0xda, 0x98, 0x00, 0xff, 0xda, 0x98, 0x00, 0xff, 0xda, 0x98, 0x00, 0xff,
    0xda, 0x98, 0x00, 0xff, 0xda, 0x98, 0x00, 0xff, 0xda, 0x98, 0x00, 0xff,
    0xda, 0x98, 0x00, 0xff, 0xda, 0x98, 0x00, 0xff, 0xda, 0x98, 0x00, 0xff,
    0xda, 0x98, 0x00, 0xff, 0xda, 0x98, 0x00, 0xff, 0xda, 0x98, 0x00, 0xff,
    0xda, 0x98, 0x00, 0xff, 0xda, 0x98, 0x00, 0xff, 0xda, 0x98, 0x00, 0xff,
    0xda, 0x98, 0x00, 0xff, 0xda, 0x98, 0x00, 0xff, 0xda, 0x98, 0x00, 0xff,
    0xda, 0x98, 0x00, 0xff, 0xda, 0x98, 0x00, 0xff, 0xda, 0x98, 0x00, 0xff,
    0xda, 0x98, 0x00, 0xff, 0xda, 0x98, 0x00, 0xff, 0xda, 0x98, 0x00, 0xff,
    0xda, 0x98, 0x00, 0xff, 0xda, 0x98, 0x00, 0xff, 0xda, 0x98, 0x00, 0xff,
    0xda, 0x98, 0x00, 0xff, 0xda, 0x98, 0x00, 0xff, 0xda, 0x98, 0x00, 0xff,
    0xda, 0x98, 0x00, 0xff, 0xda, 0x98, 0x00, 0xff, 0xda, 0x98, 0x00, 0xff,
    0xda, 0x98, 0x00, 0xff, 0xda, 0x98, 0x00, 0xff, 0xda, 0x98, 0x00, 0xff,
    0xda, 0x98, 0x00, 0xff, 0xda, 0x98, 0x00, 0xff, 0xda, 0x98, 0x00, 0xff,
    0xda, 0x98, 0x00, 0xff, 0xda, 0x98, 0x00, 0xff, 0xda, 0x98, 0x00, 0xff,
    0xda, 0x98, 0x00, 0xff, 0xda, 0x98, 0x00, 0xff, 0xda, 0x98, 0x00, 0xff,
    0x8e, 0x66, 0x50, 0xff, 0x8c, 0x65, 0x52, 0xff, 0x8c, 0x65, 0x52, 0xff,
    0x8c, 0x65, 0x52, 0xff, 0x8a, 0x65, 0x52, 0x52, 0xa9, 0x78, 0x34, 0xcb,
    0xda, 0x98, 0x00, 0xff, 0xda, 0x98, 0x00, 0xff, 0xda, 0x98, 0x00, 0xff,
    0xda, 0x98, 0x00, 0xff, 0xda, 0x98, 0x00, 0xff, 0xda, 0x98, 0x00, 0xff,
    0xda, 0x98, 0x00, 0xff, 0xda, 0x98, 0x00, 0xff, 0xda, 0x98, 0x00, 0xff,
    0xda, 0x98, 0x00, 0xff, 0xda, 0x98, 0x00, 0xff, 0xda, 0x98, 0x00, 0xff,
    0xda, 0x98, 0x00, 0xff, 0xda, 0x98, 0x00, 0xff, 0xda, 0x98, 0x00, 0xff,
    0xda, 0x98, 0x00, 0xff, 0xda, 0x98, 0x00, 0xff, 0xda, 0x98, 0x00, 0xff,
    0xda, 0x98, 0x00, 0xff, 0xda, 0x98, 0x00, 0xff, 0xda, 0x98, 0x00, 0xff,
    0xda, 0x98, 0x00, 0xff, 0xda, 0x98, 0x00, 0xff, 0xda, 0x98, 0x00, 0xff,
    0xda, 0x98, 0x00, 0xff, 0xda, 0x98, 0x00, 0xff, 0xda, 0x98, 0x00, 0xff,
    0xda, 0x98, 0x00, 0xff, 0xda, 0x98, 0x00, 0xff, 0xda, 0x98, 0x00, 0xff,
    0xda, 0x98, 0x00, 0xff, 0xda, 0x98, 0x00, 0xff, 0xda, 0x98, 0x00, 0xff,
    0xda, 0x98, 0x00, 0xff, 0xda, 0x98, 0x00, 0xff, 0xda, 0x98, 0x00, 0xff,
    0xda, 0x98, 0x00, 0xff, 0xda, 0x98, 0x00, 0xff, 0xda, 0x98, 0x00, 0xff,
    0xda, 0x98, 0x00, 0xff, 0xda, 0x98, 0x00, 0xff, 0xda, 0x98, 0x00, 0xff,
    0xda, 0x98, 0x00, 0xff, 0xda, 0x98, 0x00, 0xff, 0xda, 0x98, 0x00, 0xff,
    0xda, 0x98, 0x00, 0xff, 0xda, 0x98, 0x00, 0xff, 0xda, 0x98, 0x00, 0xff,
    0xda, 0x98, 0x00, 0xff, 0xda, 0x98, 0x00, 0xff, 0xda, 0x98, 0x00, 0xff,
    0xda, 0x98, 0x00, 0xff, 0xda, 0x98, 0x00, 0xff, 0xda, 0x98, 0x00, 0xff,
    0xda, 0x98, 0x00, 0xff, 0xda, 0x98, 0x00, 0xff, 0xda, 0x98, 0x00, 0xff,
    0xda, 0x98, 0x00, 0xff, 0xda, 0x98, 0x00, 0xff, 0xda, 0x98, 0x00, 0xff,
    0xda, 0x98, 0x00, 0xff, 0xda, 0x98, 0x00, 0xff, 0xda, 0x98, 0x00, 0xff,
    0xda, 0x98, 0x00, 0xff, 0xda, 0x98, 0x00, 0xff, 0xda, 0x98, 0x00, 0xff,
    0xda, 0x98, 0x00, 0xff, 0xda, 0x98, 0x00, 0xff, 0xda, 0x98, 0x00, 0xff,
    0xda, 0x98, 0x00, 0xff, 0xda, 0x98, 0x00, 0xff, 0xda, 0x98, 0x00, 0xff,
    0xda, 0x98, 0x00, 0xff, 0xda, 0x98, 0x00, 0xff, 0xda, 0x98, 0x00, 0xff,
    0xda, 0x98, 0x00, 0xff, 0xda, 0x98, 0x00, 0xff, 0xda, 0x98, 0x00, 0xff,
    0xda, 0x98, 0x00, 0xff, 0xda, 0x98, 0x00, 0xff, 0xda, 0x98, 0x00, 0xff,
    0xda, 0x98, 0x00, 0xff, 0xda, 0x98, 0x00, 0xff, 0xda, 0x98, 0x00, 0xff,
    0xda, 0x98, 0x00, 0xff, 0xda, 0x98, 0x00, 0xff, 0xda, 0x98, 0x00, 0xff,
    0xda, 0x98, 0x00, 0xff, 0xda, 0x98, 0x00, 0xff, 0xda, 0x98, 0x00, 0xff,
    0xda, 0x98, 0x00, 0xff, 0xda, 0x98, 0x00, 0xff, 0xda, 0x98, 0x00, 0xff,
    0xda, 0x98, 0x00, 0xff, 0xda, 0x98, 0x00, 0xff, 0xda, 0x98, 0x00, 0xff,
    0xda, 0x98, 0x00, 0xff, 0xda, 0x98, 0x00, 0xff, 0xda, 0x98, 0x00, 0xff,
    0xda, 0x98, 0x00, 0xff, 0xda, 0x98, 0x00, 0xff, 0xda, 0x98, 0x00, 0xff,
    0xda, 0x98, 0x00, 0xff, 0xda, 0x98, 0x00, 0xff, 0xda, 0x98, 0x00, 0xff,
    0xda, 0x98, 0x00, 0xff, 0xda, 0x98, 0x00, 0xff, 0xda, 0x98, 0x00, 0xff,
    0xda, 0x98, 0x00, 0xff, 0xda, 0x98, 0x00, 0xff, 0xda, 0x98, 0x00, 0xff,
    0xda, 0x98, 0x00, 0xff, 0xda, 0x98, 0x00, 0xff, 0xda, 0x98, 0x00, 0xff,
    0xda, 0x98, 0x00, 0xff, 0xda, 0x98, 0x00, 0xff, 0xda, 0x98, 0x00, 0xff,
    0xda, 0x98, 0x00, 0xff, 0xda, 0x98, 0x00, 0xff, 0xda, 0x98, 0x00, 0xff,
    0xda, 0x98, 0x00, 0xff, 0xda, 0x98, 0x00, 0xff, 0xda, 0x98, 0x00, 0xff,
    0xda, 0x98, 0x00, 0xff, 0xda, 0x98, 0x00, 0xff, 0xda, 0x98, 0x00, 0xff,
    0xda, 0x98, 0x00, 0xff, 0xda, 0x98, 0x00, 0xff, 0xda, 0x98, 0x00, 0xff,
    0xda, 0x98, 0x00, 0xff, 0xda, 0x98, 0x00, 0xff, 0xda, 0x98, 0x00, 0xff,
    0xda, 0x98, 0x00, 0xff, 0xda, 0x98, 0x00, 0xff, 0xda, 0x98, 0x00, 0xff,
    0xda, 0x98, 0x00, 0xff, 0xda, 0x98, 0x00, 0xff, 0xda, 0x98, 0x00, 0xff,
    0xda, 0x98, 0x00, 0xff, 0xda, 0x98, 0x00, 0xff, 0xda, 0x98, 0x00, 0xff,
    0xda, 0x98, 0x00, 0xff, 0xda, 0x98, 0x00, 0xff, 0xda, 0x98, 0x00, 0xff,
    0xda, 0x98, 0x00, 0xff, 0xda, 0x98, 0x00, 0xff, 0xda, 0x98, 0x00, 0xff,
    0xda, 0x98, 0x00, 0xff, 0xda, 0x98, 0x00, 0xff, 0xda, 0x98, 0x00, 0xff,
    0xda, 0x98, 0x00, 0xff, 0xda, 0x98, 0x00, 0xff, 0xda, 0x98, 0x00, 0xff,
    0xda, 0x98, 0x00, 0xff, 0xda, 0x98, 0x00, 0xff, 0xda, 0x98, 0x00, 0xff,
    0xda, 0x98, 0x00, 0xff, 0xda, 0x98, 0x00, 0xff, 0xda, 0x98, 0x00, 0xff,
    0xda, 0x98, 0x00, 0xff, 0xda, 0x98, 0x00, 0xff, 0xda, 0x98, 0x00, 0xff,
    0xda, 0x98, 0x00, 0xff, 0xda, 0x98, 0x00, 0xff, 0xda, 0x98, 0x00, 0xff,
    0xda, 0x98, 0x00, 0xff, 0xda, 0x98, 0x00, 0xff, 0xda, 0x98, 0x00, 0xff,
    0xda, 0x98, 0x00, 0xff, 0xda, 0x98, 0x00, 0xff, 0xda, 0x98, 0x00, 0xff,
    0xda, 0x98, 0x00, 0xff, 0xda, 0x98, 0x00, 0xff, 0xda, 0x98, 0x00, 0xff,
    0xda, 0x98, 0x00, 0xff, 0xda, 0x98, 0x00, 0xff, 0xda, 0x98, 0x00, 0xff,
    0xda, 0x98, 0x00, 0xff, 0xda, 0x98, 0x00, 0xff, 0xda, 0x98, 0x00, 0xff,
    0xda, 0x98, 0x00, 0xff, 0xda, 0x98, 0x00, 0xff, 0xda, 0x98, 0x00, 0xff,
    0xda, 0x98, 0x00, 0xff, 0xda, 0x98, 0x00, 0xff, 0xda, 0x98, 0x00, 0xff,
    0xda, 0x98, 0x00, 0xff, 0xda, 0x98, 0x00, 0xff, 0xda, 0x98, 0x00, 0xff,
    0xda, 0x98, 0x00, 0xff, 0xda, 0x98, 0x00, 0xff, 0xda, 0x98, 0x00, 0xff,
    0xda, 0x98, 0x00, 0xff, 0xda, 0x98, 0x00, 0xff, 0xda, 0x98, 0x00, 0xff,
    0xda, 0x98, 0x00, 0xff, 0xda, 0x98, 0x00, 0xff, 0xda, 0x98, 0x00, 0xff,
    0xda, 0x98, 0x00, 0xff, 0xda, 0x98, 0x00, 0xff, 0xda, 0x98, 0x00, 0xff,
    0xda, 0x98, 0x00, 0xff, 0xda, 0x98, 0x00, 0xff, 0xda, 0x98, 0x00, 0xff,
    0xda, 0x98, 0x00, 0xff, 0xda, 0x98, 0x00, 0xff, 0xda, 0x98, 0x00, 0xff,
    0xda, 0x98, 0x00, 0xff, 0xda, 0x98, 0x00, 0xff, 0xda, 0x98, 0x00, 0xff,
    0xda, 0x98, 0x00, 0xff, 0xda, 0x98, 0x00, 0xff, 0xda, 0x98, 0x00, 0xff,
    0xda, 0x98, 0x00, 0xff, 0xda, 0x98, 0x00, 0xff, 0xda, 0x98, 0x00, 0xff,
    0xda, 0x98, 0x00, 0xff, 0xda, 0x98, 0x00, 0xff, 0xda, 0x98, 0x00, 0xff,
    0xda, 0x98, 0x00, 0xff, 0xda, 0x98, 0x00, 0xff, 0xda, 0x98, 0x00, 0xff,
    0xda, 0x98, 0x00, 0xff, 0xda, 0x98, 0x00, 0xff, 0xda, 0x98, 0x00, 0xff,
    0xda, 0x98, 0x00, 0xff, 0xda, 0x98, 0x00, 0xff, 0xda, 0x98, 0x00, 0xff,
    0xda, 0x98, 0x00, 0xff, 0xda, 0x98, 0x00, 0xff, 0xda, 0x98, 0x00, 0xff,
    0xda, 0x98, 0x00, 0xff, 0xda, 0x98, 0x00, 0xff, 0xda, 0x98, 0x00, 0xff,
    0xda, 0x98, 0x00, 0xff, 0xda, 0x98, 0x00, 0xff, 0xda, 0x98, 0x00, 0xff,
    0xda, 0x98, 0x00, 0xff, 0xda, 0x98, 0x00, 0xff, 0xda, 0x98, 0x00, 0xff,
    0xda, 0x98, 0x00, 0xff, 0x8e, 0x66, 0x50, 0xff, 0x8c, 0x65, 0x52, 0xff,
    0x8c, 0x65, 0x52, 0xff, 0x8c, 0x65, 0x52, 0xff, 0x8a, 0x65, 0x52, 0x52,
    0xa9, 0x78, 0x34, 0xcb, 0xda, 0x98, 0x00, 0xff, 0xda, 0x98, 0x00, 0xff,
    0xda, 0x98, 0x00, 0xff, 0xda, 0x98, 0x00, 0xff, 0xda, 0x98, 0x00, 0xff,
    0xda, 0x98, 0x00, 0xff, 0xda, 0x98, 0x00, 0xff, 0xda, 0x98, 0x00, 0xff,
    0xda, 0x98, 0x00, 0xff, 0xda, 0x98, 0x00, 0xff, 0xda, 0x98, 0x00, 0xff,
    0xda, 0x98, 0x00, 0xff, 0xda, 0x98, 0x00, 0xff, 0xda, 0x98, 0x00, 0xff,
    0xda, 0x98, 0x00, 0xff, 0xda, 0x98, 0x00, 0xff, 0xda, 0x98, 0x00, 0xff,
    0xda, 0x98, 0x00, 0xff, 0xda, 0x98, 0x00, 0xff, 0xda, 0x98, 0x00, 0xff,
    0xda, 0x98, 0x00, 0xff, 0xda, 0x98, 0x00, 0xff, 0xda, 0x98, 0x00, 0xff,
    0xda, 0x98, 0x00, 0xff, 0xda, 0x98, 0x00, 0xff, 0xda, 0x98, 0x00, 0xff,
    0xda, 0x98, 0x00, 0xff, 0xda, 0x98, 0x00, 0xff, 0xda, 0x98, 0x00, 0xff,
    0xda, 0x98, 0x00, 0xff, 0xda, 0x98, 0x00, 0xff, 0xda, 0x98, 0x00, 0xff,
    0xda, 0x98, 0x00, 0xff, 0xda, 0x98, 0x00, 0xff, 0xda, 0x98, 0x00, 0xff,
    0xda, 0x98, 0x00, 0xff, 0xda, 0x98, 0x00, 0xff, 0xda, 0x98, 0x00, 0xff,
    0xda, 0x98, 0x00, 0xff, 0xda, 0x98, 0x00, 0xff, 0xda, 0x98, 0x00, 0xff,
    0xda, 0x98, 0x00, 0xff, 0xda, 0x98, 0x00, 0xff, 0xda, 0x98, 0x00, 0xff,
    0xda, 0x98, 0x00, 0xff, 0xda, 0x98, 0x00, 0xff, 0xda, 0x98, 0x00, 0xff,
    0xda, 0x98, 0x00, 0xff, 0xda, 0x98, 0x00, 0xff, 0xda, 0x98, 0x00, 0xff,
    0xda, 0x98, 0x00, 0xff, 0xda, 0x98, 0x00, 0xff, 0xda, 0x98, 0x00, 0xff,
    0xda, 0x98, 0x00, 0xff, 0xda, 0x98, 0x00, 0xff, 0xda, 0x98, 0x00, 0xff,
    0xda, 0x98, 0x00, 0xff, 0xda, 0x98, 0x00, 0xff, 0xda, 0x98, 0x00, 0xff,
    0xda, 0x98, 0x00, 0xff, 0xda, 0x98, 0x00, 0xff, 0xda, 0x98, 0x00, 0xff,
    0xda, 0x98, 0x00, 0xff, 0xda, 0x98, 0x00, 0xff, 0xda, 0x98, 0x00, 0xff,
    0xda, 0x98, 0x00, 0xff, 0xda, 0x98, 0x00, 0xff, 0xda, 0x98, 0x00, 0xff,
    0xda, 0x98, 0x00, 0xff, 0xda, 0x98, 0x00, 0xff, 0xda, 0x98, 0x00, 0xff,
    0xda, 0x98, 0x00, 0xff, 0xda, 0x98, 0x00, 0xff, 0xda, 0x98, 0x00, 0xff,
    0xda, 0x98, 0x00, 0xff, 0xda, 0x98, 0x00, 0xff, 0xda, 0x98, 0x00, 0xff,
    0xda, 0x98, 0x00, 0xff, 0xda, 0x98, 0x00, 0xff, 0xda, 0x98, 0x00, 0xff,
    0xda, 0x98, 0x00, 0xff, 0xda, 0x98, 0x00, 0xff, 0xda, 0x98, 0x00, 0xff,
    0xda, 0x98, 0x00, 0xff, 0xda, 0x98, 0x00, 0xff, 0xda, 0x98, 0x00, 0xff,
    0xda, 0x98, 0x00, 0xff, 0xda, 0x98, 0x00, 0xff, 0xda, 0x98, 0x00, 0xff,
    0xda, 0x98, 0x00, 0xff, 0xda, 0x98, 0x00, 0xff, 0xda, 0x98, 0x00, 0xff,
    0xda, 0x98, 0x00, 0xff, 0xda, 0x98, 0x00, 0xff, 0xda, 0x98, 0x00, 0xff,
    0xda, 0x98, 0x00, 0xff, 0xda, 0x98, 0x00, 0xff, 0xda, 0x98, 0x00, 0xff,
    0xda, 0x98, 0x00, 0xff, 0xda, 0x98, 0x00, 0xff, 0xda, 0x98, 0x00, 0xff,
    0xda, 0x98, 0x00, 0xff, 0xda, 0x98, 0x00, 0xff, 0xda, 0x98, 0x00, 0xff,
    0xda, 0x98, 0x00, 0xff, 0xda, 0x98, 0x00, 0xff, 0xda, 0x98, 0x00, 0xff,
    0xda, 0x98, 0x00, 0xff, 0xda, 0x98, 0x00, 0xff, 0xda, 0x98, 0x00, 0xff,
    0xda, 0x98, 0x00, 0xff, 0xda, 0x98, 0x00, 0xff, 0xda, 0x98, 0x00, 0xff,
    0xda, 0x98, 0x00, 0xff, 0xda, 0x98, 0x00, 0xff, 0xda, 0x98, 0x00, 0xff,
    0xda, 0x98, 0x00, 0xff, 0xda, 0x98, 0x00, 0xff, 0xda, 0x98, 0x00, 0xff,
    0xda, 0x98, 0x00, 0xff, 0xda, 0x98, 0x00, 0xff, 0xda, 0x98, 0x00, 0xff,
    0xda, 0x98, 0x00, 0xff, 0xda, 0x98, 0x00, 0xff, 0xda, 0x98, 0x00, 0xff,
    0xda, 0x98, 0x00, 0xff, 0xda, 0x98, 0x00, 0xff, 0xda, 0x98, 0x00, 0xff,
    0xda, 0x98, 0x00, 0xff, 0xda, 0x98, 0x00, 0xff, 0xda, 0x98, 0x00, 0xff,
    0xda, 0x98, 0x00, 0xff, 0xda, 0x98, 0x00, 0xff, 0xda, 0x98, 0x00, 0xff,
    0xda, 0x98, 0x00, 0xff, 0xda, 0x98, 0x00, 0xff, 0xda, 0x98, 0x00, 0xff,
    0xda, 0x98, 0x00, 0xff, 0xda, 0x98, 0x00, 0xff, 0xda, 0x98, 0x00, 0xff,
    0xda, 0x98, 0x00, 0xff, 0xda, 0x98, 0x00, 0xff, 0xda, 0x98, 0x00, 0xff,
    0xda, 0x98, 0x00, 0xff, 0xda, 0x98, 0x00, 0xff, 0xda, 0x98, 0x00, 0xff,
    0xda, 0x98, 0x00, 0xff, 0xda, 0x98, 0x00, 0xff, 0xda, 0x98, 0x00, 0xff,
    0xda, 0x98, 0x00, 0xff, 0xda, 0x98, 0x00, 0xff, 0xda, 0x98, 0x00, 0xff,
    0xda, 0x98, 0x00, 0xff, 0xda, 0x98, 0x00, 0xff, 0xda, 0x98, 0x00, 0xff,
    0xda, 0x98, 0x00, 0xff, 0xda, 0x98, 0x00, 0xff, 0xda, 0x98, 0x00, 0xff,
    0xda, 0x98, 0x00, 0xff, 0xda, 0x98, 0x00, 0xff, 0xda, 0x98, 0x00, 0xff,
    0xda, 0x98, 0x00, 0xff, 0xda, 0x98, 0x00, 0xff, 0xda, 0x98, 0x00, 0xff,
    0xda, 0x98, 0x00, 0xff, 0xda, 0x98, 0x00, 0xff, 0xda, 0x98, 0x00, 0xff,
    0xda, 0x98, 0x00, 0xff, 0xda, 0x98, 0x00, 0xff, 0xda, 0x98, 0x00, 0xff,
    0xda, 0x98, 0x00, 0xff, 0xda, 0x98, 0x00, 0xff, 0xda, 0x98, 0x00, 0xff,
    0xda, 0x98, 0x00, 0xff, 0xda, 0x98, 0x00, 0xff, 0xda, 0x98, 0x00, 0xff,
    0xda, 0x98, 0x00, 0xff, 0xda, 0x98, 0x00, 0xff, 0xda, 0x98, 0x00, 0xff,
    0xda, 0x98, 0x00, 0xff, 0xda, 0x98, 0x00, 0xff, 0xda, 0x98, 0x00, 0xff,
    0xda, 0x98, 0x00, 0xff, 0xda, 0x98, 0x00, 0xff, 0xda, 0x98, 0x00, 0xff,
    0xda, 0x98, 0x00, 0xff, 0xda, 0x98, 0x00, 0xff, 0xda, 0x98, 0x00, 0xff,
    0xda, 0x98, 0x00, 0xff, 0xda, 0x98, 0x00, 0xff, 0xda, 0x98, 0x00, 0xff,
    0xda, 0x98, 0x00, 0xff, 0xda, 0x98, 0x00, 0xff, 0xda, 0x98, 0x00, 0xff,
    0xda, 0x98, 0x00, 0xff, 0xda, 0x98, 0x00, 0xff, 0xda, 0x98, 0x00, 0xff,
    0xda, 0x98, 0x00, 0xff, 0xda, 0x98, 0x00, 0xff, 0xda, 0x98, 0x00, 0xff,
    0xda, 0x98, 0x00, 0xff, 0xda, 0x98, 0x00, 0xff, 0xda, 0x98, 0x00, 0xff,
    0xda, 0x98, 0x00, 0xff, 0xda, 0x98, 0x00, 0xff, 0xda, 0x98, 0x00, 0xff,
    0xda, 0x98, 0x00, 0xff, 0xda, 0x98, 0x00, 0xff, 0xda, 0x98, 0x00, 0xff,
    0xda, 0x98, 0x00, 0xff, 0xda, 0x98, 0x00, 0xff, 0xda, 0x98, 0x00, 0xff,
    0xda, 0x98, 0x00, 0xff, 0xda, 0x98, 0x00, 0xff, 0xda, 0x98, 0x00, 0xff,
    0xda, 0x98, 0x00, 0xff, 0xda, 0x98, 0x00, 0xff, 0xda, 0x98, 0x00, 0xff,
    0xda, 0x98, 0x00, 0xff, 0xda, 0x98, 0x00, 0xff, 0xda, 0x98, 0x00, 0xff,
    0xda, 0x98, 0x00, 0xff, 0xda, 0x98, 0x00, 0xff, 0xda, 0x98, 0x00, 0xff,
    0xda, 0x98, 0x00, 0xff, 0xda, 0x98, 0x00, 0xff, 0xda, 0x98, 0x00, 0xff,
    0xda, 0x98, 0x00, 0xff, 0xda, 0x98, 0x00, 0xff, 0xda, 0x98, 0x00, 0xff,
    0xda, 0x98, 0x00, 0xff, 0xda, 0x98, 0x00, 0xff, 0xda, 0x98, 0x00, 0xff,
    0xda, 0x98, 0x00, 0xff, 0xda, 0x98, 0x00, 0xff, 0xda, 0x98, 0x00, 0xff,
    0xda, 0x98, 0x00, 0xff, 0xda, 0x98, 0x00, 0xff, 0xda, 0x98, 0x00, 0xff,
    0xda, 0x98, 0x00, 0xff, 0xda, 0x98, 0x00, 0xff, 0x8e, 0x66, 0x50, 0xff,
    0x8c, 0x65, 0x52, 0xff, 0x8c, 0x65, 0x52, 0xff, 0x8c, 0x65, 0x52, 0xff,
    0x8a, 0x65, 0x52, 0x52, 0xa9, 0x78, 0x34, 0xcb, 0xda, 0x98, 0x00, 0xff,
    0xda, 0x98, 0x00, 0xff, 0xda, 0x98, 0x00, 0xff, 0xda, 0x98, 0x00, 0xff,
    0xda, 0x98, 0x00, 0xff, 0xda, 0x98, 0x00, 0xff, 0xda, 0x98, 0x00, 0xff,
    0xda, 0x98, 0x00, 0xff, 0xda, 0x98, 0x00, 0xff, 0xda, 0x98, 0x00, 0xff,
    0xda, 0x98, 0x00, 0xff, 0xda, 0x98, 0x00, 0xff, 0xda, 0x98, 0x00, 0xff,
    0xda, 0x98, 0x00, 0xff, 0xda, 0x98, 0x00, 0xff, 0xda, 0x98, 0x00, 0xff,
    0xda, 0x98, 0x00, 0xff, 0xda, 0x98, 0x00, 0xff, 0xda, 0x98, 0x00, 0xff,
    0xda, 0x98, 0x00, 0xff, 0xda, 0x98, 0x00, 0xff, 0xda, 0x98, 0x00, 0xff,
    0xda, 0x98, 0x00, 0xff, 0xda, 0x98, 0x00, 0xff, 0xda, 0x98, 0x00, 0xff,
    0xda, 0x98, 0x00, 0xff, 0xda, 0x98, 0x00, 0xff, 0xda, 0x98, 0x00, 0xff,
    0xda, 0x98, 0x00, 0xff, 0xda, 0x98, 0x00, 0xff, 0xda, 0x98, 0x00, 0xff,
    0xda, 0x98, 0x00, 0xff, 0xda, 0x98, 0x00, 0xff, 0xda, 0x98, 0x00, 0xff,
    0xda, 0x98, 0x00, 0xff, 0xda, 0x98, 0x00, 0xff, 0xda, 0x98, 0x00, 0xff,
    0xda, 0x98, 0x00, 0xff, 0xda, 0x98, 0x00, 0xff, 0xda, 0x98, 0x00, 0xff,
    0xda, 0x98, 0x00, 0xff, 0xda, 0x98, 0x00, 0xff, 0xda, 0x98, 0x00, 0xff,
    0xda, 0x98, 0x00, 0xff, 0xda, 0x98, 0x00, 0xff, 0xda, 0x98, 0x00, 0xff,
    0xda, 0x98, 0x00, 0xff, 0xda, 0x98, 0x00, 0xff, 0xda, 0x98, 0x00, 0xff,
    0xda, 0x98, 0x00, 0xff, 0xda, 0x98, 0x00, 0xff, 0xda, 0x98, 0x00, 0xff,
    0xda, 0x98, 0x00, 0xff, 0xda, 0x98, 0x00, 0xff, 0xda, 0x98, 0x00, 0xff,
    0xda, 0x98, 0x00, 0xff, 0xda, 0x98, 0x00, 0xff, 0xda, 0x98, 0x00, 0xff,
    0xda, 0x98, 0x00, 0xff, 0xda, 0x98, 0x00, 0xff, 0xda, 0x98, 0x00, 0xff,
    0xda, 0x98, 0x00, 0xff, 0xda, 0x98, 0x00, 0xff, 0xda, 0x98, 0x00, 0xff,
    0xda, 0x98, 0x00, 0xff, 0xda, 0x98, 0x00, 0xff, 0xda, 0x98, 0x00, 0xff,
    0xda, 0x98, 0x00, 0xff, 0xda, 0x98, 0x00, 0xff, 0xda, 0x98, 0x00, 0xff,
    0xda, 0x98, 0x00, 0xff, 0xda, 0x98, 0x00, 0xff, 0xda, 0x98, 0x00, 0xff,
    0xda, 0x98, 0x00, 0xff, 0xda, 0x98, 0x00, 0xff, 0xda, 0x98, 0x00, 0xff,
    0xda, 0x98, 0x00, 0xff, 0xda, 0x98, 0x00, 0xff, 0xda, 0x98, 0x00, 0xff,
    0xda, 0x98, 0x00, 0xff, 0xda, 0x98, 0x00, 0xff, 0xda, 0x98, 0x00, 0xff,
    0xda, 0x98, 0x00, 0xff, 0xda, 0x98, 0x00, 0xff, 0xda, 0x98, 0x00, 0xff,
    0xda, 0x98, 0x00, 0xff, 0xda, 0x98, 0x00, 0xff, 0xda, 0x98, 0x00, 0xff,
    0xda, 0x98, 0x00, 0xff, 0xda, 0x98, 0x00, 0xff, 0xda, 0x98, 0x00, 0xff,
    0xda, 0x98, 0x00, 0xff, 0xda, 0x98, 0x00, 0xff, 0xda, 0x98, 0x00, 0xff,
    0xda, 0x98, 0x00, 0xff, 0xda, 0x98, 0x00, 0xff, 0xda, 0x98, 0x00, 0xff,
    0xda, 0x98, 0x00, 0xff, 0xda, 0x98, 0x00, 0xff, 0xda, 0x98, 0x00, 0xff,
    0xda, 0x98, 0x00, 0xff, 0xda, 0x98, 0x00, 0xff, 0xda, 0x98, 0x00, 0xff,
    0xda, 0x98, 0x00, 0xff, 0xda, 0x98, 0x00, 0xff, 0xda, 0x98, 0x00, 0xff,
    0xda, 0x98, 0x00, 0xff, 0xda, 0x98, 0x00, 0xff, 0xda, 0x98, 0x00, 0xff,
    0xda, 0x98, 0x00, 0xff, 0xda, 0x98, 0x00, 0xff, 0xda, 0x98, 0x00, 0xff,
    0xda, 0x98, 0x00, 0xff, 0xda, 0x98, 0x00, 0xff, 0xda, 0x98, 0x00, 0xff,
    0xda, 0x98, 0x00, 0xff, 0xda, 0x98, 0x00, 0xff, 0xda, 0x98, 0x00, 0xff,
    0xda, 0x98, 0x00, 0xff, 0xda, 0x98, 0x00, 0xff, 0xda, 0x98, 0x00, 0xff,
    0xda, 0x98, 0x00, 0xff, 0xda, 0x98, 0x00, 0xff, 0xda, 0x98, 0x00, 0xff,
    0xda, 0x98, 0x00, 0xff, 0xda, 0x98, 0x00, 0xff, 0xda, 0x98, 0x00, 0xff,
    0xda, 0x98, 0x00, 0xff, 0xda, 0x98, 0x00, 0xff, 0xda, 0x98, 0x00, 0xff,
    0xda, 0x98, 0x00, 0xff, 0xda, 0x98, 0x00, 0xff, 0xda, 0x98, 0x00, 0xff,
    0xda, 0x98, 0x00, 0xff, 0xda, 0x98, 0x00, 0xff, 0xda, 0x98, 0x00, 0xff,
    0xda, 0x98, 0x00, 0xff, 0xda, 0x98, 0x00, 0xff, 0xda, 0x98, 0x00, 0xff,
    0xda, 0x98, 0x00, 0xff, 0xda, 0x98, 0x00, 0xff, 0xda, 0x98, 0x00, 0xff,
    0xda, 0x98, 0x00, 0xff, 0xda, 0x98, 0x00, 0xff, 0xda, 0x98, 0x00, 0xff,
    0xda, 0x98, 0x00, 0xff, 0xda, 0x98, 0x00, 0xff, 0xda, 0x98, 0x00, 0xff,
    0xda, 0x98, 0x00, 0xff, 0xda, 0x98, 0x00, 0xff, 0xda, 0x98, 0x00, 0xff,
    0xda, 0x98, 0x00, 0xff, 0xda, 0x98, 0x00, 0xff, 0xda, 0x98, 0x00, 0xff,
    0xda, 0x98, 0x00, 0xff, 0xda, 0x98, 0x00, 0xff, 0xda, 0x98, 0x00, 0xff,
    0xda, 0x98, 0x00, 0xff, 0xda, 0x98, 0x00, 0xff, 0xda, 0x98, 0x00, 0xff,
    0xda, 0x98, 0x00, 0xff, 0xda, 0x98, 0x00, 0xff, 0xda, 0x98, 0x00, 0xff,
    0xda, 0x98, 0x00, 0xff, 0xda, 0x98, 0x00, 0xff, 0xda, 0x98, 0x00, 0xff,
    0xda, 0x98, 0x00, 0xff, 0xda, 0x98, 0x00, 0xff, 0xda, 0x98, 0x00, 0xff,
    0xda, 0x98, 0x00, 0xff, 0xda, 0x98, 0x00, 0xff, 0xda, 0x98, 0x00, 0xff,
    0xda, 0x98, 0x00, 0xff, 0xda, 0x98, 0x00, 0xff, 0xda, 0x98, 0x00, 0xff,
    0xda, 0x98, 0x00, 0xff, 0xda, 0x98, 0x00, 0xff, 0xda, 0x98, 0x00, 0xff,
    0xda, 0x98, 0x00, 0xff, 0xda, 0x98, 0x00, 0xff, 0xda, 0x98, 0x00, 0xff,
    0xda, 0x98, 0x00, 0xff, 0xda, 0x98, 0x00, 0xff, 0xda, 0x98, 0x00, 0xff,
    0xda, 0x98, 0x00, 0xff, 0xda, 0x98, 0x00, 0xff, 0xda, 0x98, 0x00, 0xff,
    0xda, 0x98, 0x00, 0xff, 0xda, 0x98, 0x00, 0xff, 0xda, 0x98, 0x00, 0xff,
    0xda, 0x98, 0x00, 0xff, 0xda, 0x98, 0x00, 0xff, 0xda, 0x98, 0x00, 0xff,
    0xda, 0x98, 0x00, 0xff, 0xda, 0x98, 0x00, 0xff, 0xda, 0x98, 0x00, 0xff,
    0xda, 0x98, 0x00, 0xff, 0xda, 0x98, 0x00, 0xff, 0xda, 0x98, 0x00, 0xff,
    0xda, 0x98, 0x00, 0xff, 0xda, 0x98, 0x00, 0xff, 0xda, 0x98, 0x00, 0xff,
    0xda, 0x98, 0x00, 0xff, 0xda, 0x98, 0x00, 0xff, 0xda, 0x98, 0x00, 0xff,
    0xda, 0x98, 0x00, 0xff, 0xda, 0x98, 0x00, 0xff, 0xda, 0x98, 0x00, 0xff,
    0xda, 0x98, 0x00, 0xff, 0xda, 0x98, 0x00, 0xff, 0xda, 0x98, 0x00, 0xff,
    0xda, 0x98, 0x00, 0xff, 0xda, 0x98, 0x00, 0xff, 0xda, 0x98, 0x00, 0xff,
    0xda, 0x98, 0x00, 0xff, 0xda, 0x98, 0x00, 0xff, 0xda, 0x98, 0x00, 0xff,
    0xda, 0x98, 0x00, 0xff, 0xda, 0x98, 0x00, 0xff, 0xda, 0x98, 0x00, 0xff,
    0xda, 0x98, 0x00, 0xff, 0xda, 0x98, 0x00, 0xff, 0xda, 0x98, 0x00, 0xff,
    0xda, 0x98, 0x00, 0xff, 0xda, 0x98, 0x00, 0xff, 0xda, 0x98, 0x00, 0xff,
    0xda, 0x98, 0x00, 0xff, 0xda, 0x98, 0x00, 0xff, 0xda, 0x98, 0x00, 0xff,
    0xda, 0x98, 0x00, 0xff, 0xda, 0x98, 0x00, 0xff, 0xda, 0x98, 0x00, 0xff,
    0xda, 0x98, 0x00, 0xff, 0xda, 0x98, 0x00, 0xff, 0xda, 0x98, 0x00, 0xff,
    0xda, 0x98, 0x00, 0xff, 0xda, 0x98, 0x00, 0xff, 0xda, 0x98, 0x00, 0xff,
    0xda, 0x98, 0x00, 0xff, 0xda, 0x98, 0x00, 0xff, 0xda, 0x98, 0x00, 0xff,
    0x8e, 0x66, 0x50, 0xff, 0x8c, 0x65, 0x52, 0xff, 0x8c, 0x65, 0x52, 0xff,
    0x8c, 0x65, 0x52, 0xff, 0x8a, 0x65, 0x52, 0x52, 0xa9, 0x78, 0x34, 0xcb,
    0xda, 0x98, 0x00, 0xff, 0xda, 0x98, 0x00, 0xff, 0xda, 0x98, 0x00, 0xff,
    0xda, 0x98, 0x00, 0xff, 0xda, 0x98, 0x00, 0xff, 0xda, 0x98, 0x00, 0xff,
    0xda, 0x98, 0x00, 0xff, 0xda, 0x98, 0x00, 0xff, 0xda, 0x98, 0x00, 0xff,
    0xda, 0x98, 0x00, 0xff, 0xda, 0x98, 0x00, 0xff, 0xda, 0x98, 0x00, 0xff,
    0xda, 0x98, 0x00, 0xff, 0xda, 0x98, 0x00, 0xff, 0xda, 0x98, 0x00, 0xff,
    0xda, 0x98, 0x00, 0xff, 0xda, 0x98, 0x00, 0xff, 0xda, 0x98, 0x00, 0xff,
    0xda, 0x98, 0x00, 0xff, 0xda, 0x98, 0x00, 0xff, 0xda, 0x98, 0x00, 0xff,
    0xda, 0x98, 0x00, 0xff, 0xda, 0x98, 0x00, 0xff, 0xda, 0x98, 0x00, 0xff,
    0xda, 0x98, 0x00, 0xff, 0xda, 0x98, 0x00, 0xff, 0xda, 0x98, 0x00, 0xff,
    0xda, 0x98, 0x00, 0xff, 0xda, 0x98, 0x00, 0xff, 0xda, 0x98, 0x00, 0xff,
    0xda, 0x98, 0x00, 0xff, 0xda, 0x98, 0x00, 0xff, 0xda, 0x98, 0x00, 0xff,
    0xda, 0x98, 0x00, 0xff, 0xda, 0x98, 0x00, 0xff, 0xda, 0x98, 0x00, 0xff,
    0xda, 0x98, 0x00, 0xff, 0xda, 0x98, 0x00, 0xff, 0xda, 0x98, 0x00, 0xff,
    0xda, 0x98, 0x00, 0xff, 0xda, 0x98, 0x00, 0xff, 0xda, 0x98, 0x00, 0xff,
    0xda, 0x98, 0x00, 0xff, 0xda, 0x98, 0x00, 0xff, 0xda, 0x98, 0x00, 0xff,
    0xda, 0x98, 0x00, 0xff, 0xda, 0x98, 0x00, 0xff, 0xda, 0x98, 0x00, 0xff,
    0xda, 0x98, 0x00, 0xff, 0xda, 0x98, 0x00, 0xff, 0xda, 0x98, 0x00, 0xff,
    0xda, 0x98, 0x00, 0xff, 0xda, 0x98, 0x00, 0xff, 0xda, 0x98, 0x00, 0xff,
    0xda, 0x98, 0x00, 0xff, 0xda, 0x98, 0x00, 0xff, 0xda, 0x98, 0x00, 0xff,
    0xda, 0x98, 0x00, 0xff, 0xda, 0x98, 0x00, 0xff, 0xda, 0x98, 0x00, 0xff,
    0xda, 0x98, 0x00, 0xff, 0xda, 0x98, 0x00, 0xff, 0xda, 0x98, 0x00, 0xff,
    0xda, 0x98, 0x00, 0xff, 0xda, 0x98, 0x00, 0xff, 0xda, 0x98, 0x00, 0xff,
    0xda, 0x98, 0x00, 0xff, 0xda, 0x98, 0x00, 0xff, 0xda, 0x98, 0x00, 0xff,
    0xda, 0x98, 0x00, 0xff, 0xda, 0x98, 0x00, 0xff, 0xda, 0x98, 0x00, 0xff,
    0xda, 0x98, 0x00, 0xff, 0xda, 0x98, 0x00, 0xff, 0xda, 0x98, 0x00, 0xff,
    0xda, 0x98, 0x00, 0xff, 0xda, 0x98, 0x00, 0xff, 0xda, 0x98, 0x00, 0xff,
    0xda, 0x98, 0x00, 0xff, 0xda, 0x98, 0x00, 0xff, 0xda, 0x98, 0x00, 0xff,
    0xda, 0x98, 0x00, 0xff, 0xda, 0x98, 0x00, 0xff, 0xda, 0x98, 0x00, 0xff,
    0xda, 0x98, 0x00, 0xff, 0xda, 0x98, 0x00, 0xff, 0xda, 0x98, 0x00, 0xff,
    0xda, 0x98, 0x00, 0xff, 0xda, 0x98, 0x00, 0xff, 0xda, 0x98, 0x00, 0xff,
    0xda, 0x98, 0x00, 0xff, 0xda, 0x98, 0x00, 0xff, 0xda, 0x98, 0x00, 0xff,
    0xda, 0x98, 0x00, 0xff, 0xda, 0x98, 0x00, 0xff, 0xda, 0x98, 0x00, 0xff,
    0xda, 0x98, 0x00, 0xff, 0xda, 0x98, 0x00, 0xff, 0xda, 0x98, 0x00, 0xff,
    0xda, 0x98, 0x00, 0xff, 0xda, 0x98, 0x00, 0xff, 0xda, 0x98, 0x00, 0xff,
    0xda, 0x98, 0x00, 0xff, 0xda, 0x98, 0x00, 0xff, 0xda, 0x98, 0x00, 0xff,
    0xda, 0x98, 0x00, 0xff, 0xda, 0x98, 0x00, 0xff, 0xda, 0x98, 0x00, 0xff,
    0xda, 0x98, 0x00, 0xff, 0xda, 0x98, 0x00, 0xff, 0xda, 0x98, 0x00, 0xff,
    0xda, 0x98, 0x00, 0xff, 0xda, 0x98, 0x00, 0xff, 0xda, 0x98, 0x00, 0xff,
    0xda, 0x98, 0x00, 0xff, 0xda, 0x98, 0x00, 0xff, 0xda, 0x98, 0x00, 0xff,
    0xda, 0x98, 0x00, 0xff, 0xda, 0x98, 0x00, 0xff, 0xda, 0x98, 0x00, 0xff,
    0xda, 0x98, 0x00, 0xff, 0xda, 0x98, 0x00, 0xff, 0xda, 0x98, 0x00, 0xff,
    0xda, 0x98, 0x00, 0xff, 0xda, 0x98, 0x00, 0xff, 0xda, 0x98, 0x00, 0xff,
    0xda, 0x98, 0x00, 0xff, 0xda, 0x98, 0x00, 0xff, 0xda, 0x98, 0x00, 0xff,
    0xda, 0x98, 0x00, 0xff, 0xda, 0x98, 0x00, 0xff, 0xda, 0x98, 0x00, 0xff,
    0xda, 0x98, 0x00, 0xff, 0xda, 0x98, 0x00, 0xff, 0xda, 0x98, 0x00, 0xff,
    0xda, 0x98, 0x00, 0xff, 0xda, 0x98, 0x00, 0xff, 0xda, 0x98, 0x00, 0xff,
    0xda, 0x98, 0x00, 0xff, 0xda, 0x98, 0x00, 0xff, 0xda, 0x98, 0x00, 0xff,
    0xda, 0x98, 0x00, 0xff, 0xda, 0x98, 0x00, 0xff, 0xda, 0x98, 0x00, 0xff,
    0xda, 0x98, 0x00, 0xff, 0xda, 0x98, 0x00, 0xff, 0xda, 0x98, 0x00, 0xff,
    0xda, 0x98, 0x00, 0xff, 0xda, 0x98, 0x00, 0xff, 0xda, 0x98, 0x00, 0xff,
    0xda, 0x98, 0x00, 0xff, 0xda, 0x98, 0x00, 0xff, 0xda, 0x98, 0x00, 0xff,
    0xda, 0x98, 0x00, 0xff, 0xda, 0x98, 0x00, 0xff, 0xda, 0x98, 0x00, 0xff,
    0xda, 0x98, 0x00, 0xff, 0xda, 0x98, 0x00, 0xff, 0xda, 0x98, 0x00, 0xff,
    0xda, 0x98, 0x00, 0xff, 0xda, 0x98, 0x00, 0xff, 0xda, 0x98, 0x00, 0xff,
    0xda, 0x98, 0x00, 0xff, 0xda, 0x98, 0x00, 0xff, 0xda, 0x98, 0x00, 0xff,
    0xda, 0x98, 0x00, 0xff, 0xda, 0x98, 0x00, 0xff, 0xda, 0x98, 0x00, 0xff,
    0xda, 0x98, 0x00, 0xff, 0xda, 0x98, 0x00, 0xff, 0xda, 0x98, 0x00, 0xff,
    0xda, 0x98, 0x00, 0xff, 0xda, 0x98, 0x00, 0xff, 0xda, 0x98, 0x00, 0xff,
    0xda, 0x98, 0x00, 0xff, 0xda, 0x98, 0x00, 0xff, 0xda, 0x98, 0x00, 0xff,
    0xda, 0x98, 0x00, 0xff, 0xda, 0x98, 0x00, 0xff, 0xda, 0x98, 0x00, 0xff,
    0xda, 0x98, 0x00, 0xff, 0xda, 0x98, 0x00, 0xff, 0xda, 0x98, 0x00, 0xff,
    0xda, 0x98, 0x00, 0xff, 0xda, 0x98, 0x00, 0xff, 0xda, 0x98, 0x00, 0xff,
    0xda, 0x98, 0x00, 0xff, 0xda, 0x98, 0x00, 0xff, 0xda, 0x98, 0x00, 0xff,
    0xda, 0x98, 0x00, 0xff, 0xda, 0x98, 0x00, 0xff, 0xda, 0x98, 0x00, 0xff,
    0xda, 0x98, 0x00, 0xff, 0xda, 0x98, 0x00, 0xff, 0xda, 0x98, 0x00, 0xff,
    0xda, 0x98, 0x00, 0xff, 0xda, 0x98, 0x00, 0xff, 0xda, 0x98, 0x00, 0xff,
    0xda, 0x98, 0x00, 0xff, 0xda, 0x98, 0x00, 0xff, 0xda, 0x98, 0x00, 0xff,
    0xda, 0x98, 0x00, 0xff, 0xda, 0x98, 0x00, 0xff, 0xda, 0x98, 0x00, 0xff,
    0xda, 0x98, 0x00, 0xff, 0xda, 0x98, 0x00, 0xff, 0xda, 0x98, 0x00, 0xff,
    0xda, 0x98, 0x00, 0xff, 0xda, 0x98, 0x00, 0xff, 0xda, 0x98, 0x00, 0xff,
    0xda, 0x98, 0x00, 0xff, 0xda, 0x98, 0x00, 0xff, 0xda, 0x98, 0x00, 0xff,
    0xda, 0x98, 0x00, 0xff, 0xda, 0x98, 0x00, 0xff, 0xda, 0x98, 0x00, 0xff,
    0xda, 0x98, 0x00, 0xff, 0xda, 0x98, 0x00, 0xff, 0xda, 0x98, 0x00, 0xff,
    0xda, 0x98, 0x00, 0xff, 0xda, 0x98, 0x00, 0xff, 0xda, 0x98, 0x00, 0xff,
    0xda, 0x98, 0x00, 0xff, 0xda, 0x98, 0x00, 0xff, 0xda, 0x98, 0x00, 0xff,
    0xda, 0x98, 0x00, 0xff, 0xda, 0x98, 0x00, 0xff, 0xda, 0x98, 0x00, 0xff,
    0xda, 0x98, 0x00, 0xff, 0xda, 0x98, 0x00, 0xff, 0xda, 0x98, 0x00, 0xff,
    0xda, 0x98, 0x00, 0xff, 0xda, 0x98, 0x00, 0xff, 0xda, 0x98, 0x00, 0xff,
    0xda, 0x98, 0x00, 0xff, 0xda, 0x98, 0x00, 0xff, 0xda, 0x98, 0x00, 0xff,
    0xda, 0x98, 0x00, 0xff, 0xda, 0x98, 0x00, 0xff, 0xda, 0x98, 0x00, 0xff,
    0xda, 0x98, 0x00, 0xff, 0x8e, 0x66, 0x50, 0xff, 0x8c, 0x65, 0x52, 0xff,
    0x8c, 0x65, 0x52, 0xff, 0x8c, 0x65, 0x52, 0xff, 0x8a, 0x65, 0x52, 0x52,
    0xa9, 0x78, 0x34, 0xcb, 0xda, 0x98, 0x00, 0xff, 0xda, 0x98, 0x00, 0xff,
    0xda, 0x98, 0x00, 0xff, 0xda, 0x98, 0x00, 0xff, 0xda, 0x98, 0x00, 0xff,
    0xda, 0x98, 0x00, 0xff, 0xda, 0x98, 0x00, 0xff, 0xda, 0x98, 0x00, 0xff,
    0xda, 0x98, 0x00, 0xff, 0xda, 0x98, 0x00, 0xff, 0xda, 0x98, 0x00, 0xff,
    0xda, 0x98, 0x00, 0xff, 0xda, 0x98, 0x00, 0xff, 0xda, 0x98, 0x00, 0xff,
    0xda, 0x98, 0x00, 0xff, 0xda, 0x98, 0x00, 0xff, 0xda, 0x98, 0x00, 0xff,
    0xda, 0x98, 0x00, 0xff, 0xda, 0x98, 0x00, 0xff, 0xda, 0x98, 0x00, 0xff,
    0xda, 0x98, 0x00, 0xff, 0xda, 0x98, 0x00, 0xff, 0xda, 0x98, 0x00, 0xff,
    0xda, 0x98, 0x00, 0xff, 0xda, 0x98, 0x00, 0xff, 0xda, 0x98, 0x00, 0xff,
    0xda, 0x98, 0x00, 0xff, 0xda, 0x98, 0x00, 0xff, 0xda, 0x98, 0x00, 0xff,
    0xda, 0x98, 0x00, 0xff, 0xda, 0x98, 0x00, 0xff, 0xda, 0x98, 0x00, 0xff,
    0xda, 0x98, 0x00, 0xff, 0xda, 0x98, 0x00, 0xff, 0xda, 0x98, 0x00, 0xff,
    0xda, 0x98, 0x00, 0xff, 0xda, 0x98, 0x00, 0xff, 0xda, 0x98, 0x00, 0xff,
    0xda, 0x98, 0x00, 0xff, 0xda, 0x98, 0x00, 0xff, 0xda, 0x98, 0x00, 0xff,
    0xda, 0x98, 0x00, 0xff, 0xda, 0x98, 0x00, 0xff, 0xda, 0x98, 0x00, 0xff,
    0xda, 0x98, 0x00, 0xff, 0xda, 0x98, 0x00, 0xff, 0xda, 0x98, 0x00, 0xff,
    0xda, 0x98, 0x00, 0xff, 0xda, 0x98, 0x00, 0xff, 0xda, 0x98, 0x00, 0xff,
    0xda, 0x98, 0x00, 0xff, 0xda, 0x98, 0x00, 0xff, 0xda, 0x98, 0x00, 0xff,
    0xda, 0x98, 0x00, 0xff, 0xda, 0x98, 0x00, 0xff, 0xda, 0x98, 0x00, 0xff,
    0xda, 0x98, 0x00, 0xff, 0xda, 0x98, 0x00, 0xff, 0xda, 0x98, 0x00, 0xff,
    0xda, 0x98, 0x00, 0xff, 0xda, 0x98, 0x00, 0xff, 0xda, 0x98, 0x00, 0xff,
    0xda, 0x98, 0x00, 0xff, 0xda, 0x98, 0x00, 0xff, 0xda, 0x98, 0x00, 0xff,
    0xda, 0x98, 0x00, 0xff, 0xda, 0x98, 0x00, 0xff, 0xda, 0x98, 0x00, 0xff,
    0xda, 0x98, 0x00, 0xff, 0xda, 0x98, 0x00, 0xff, 0xda, 0x98, 0x00, 0xff,
    0xda, 0x98, 0x00, 0xff, 0xda, 0x98, 0x00, 0xff, 0xda, 0x98, 0x00, 0xff,
    0xda, 0x98, 0x00, 0xff, 0xda, 0x98, 0x00, 0xff, 0xda, 0x98, 0x00, 0xff,
    0xda, 0x98, 0x00, 0xff, 0xda, 0x98, 0x00, 0xff, 0xda, 0x98, 0x00, 0xff,
    0xda, 0x98, 0x00, 0xff, 0xda, 0x98, 0x00, 0xff, 0xda, 0x98, 0x00, 0xff,
    0xda, 0x98, 0x00, 0xff, 0xda, 0x98, 0x00, 0xff, 0xda, 0x98, 0x00, 0xff,
    0xda, 0x98, 0x00, 0xff, 0xda, 0x98, 0x00, 0xff, 0xda, 0x98, 0x00, 0xff,
    0xda, 0x98, 0x00, 0xff, 0xda, 0x98, 0x00, 0xff, 0xda, 0x98, 0x00, 0xff,
    0xda, 0x98, 0x00, 0xff, 0xda, 0x98, 0x00, 0xff, 0xda, 0x98, 0x00, 0xff,
    0xda, 0x98, 0x00, 0xff, 0xda, 0x98, 0x00, 0xff, 0xda, 0x98, 0x00, 0xff,
    0xda, 0x98, 0x00, 0xff, 0xda, 0x98, 0x00, 0xff, 0xda, 0x98, 0x00, 0xff,
    0xda, 0x98, 0x00, 0xff, 0xda, 0x98, 0x00, 0xff, 0xda, 0x98, 0x00, 0xff,
    0xda, 0x98, 0x00, 0xff, 0xda, 0x98, 0x00, 0xff, 0xda, 0x98, 0x00, 0xff,
    0xda, 0x98, 0x00, 0xff, 0xda, 0x98, 0x00, 0xff, 0xda, 0x98, 0x00, 0xff,
    0xda, 0x98, 0x00, 0xff, 0xda, 0x98, 0x00, 0xff, 0xda, 0x98, 0x00, 0xff,
    0xda, 0x98, 0x00, 0xff, 0xda, 0x98, 0x00, 0xff, 0xda, 0x98, 0x00, 0xff,
    0xda, 0x98, 0x00, 0xff, 0xda, 0x98, 0x00, 0xff, 0xda, 0x98, 0x00, 0xff,
    0xda, 0x98, 0x00, 0xff, 0xda, 0x98, 0x00, 0xff, 0xda, 0x98, 0x00, 0xff,
    0xda, 0x98, 0x00, 0xff, 0xda, 0x98, 0x00, 0xff, 0xda, 0x98, 0x00, 0xff,
    0xda, 0x98, 0x00, 0xff, 0xda, 0x98, 0x00, 0xff, 0xda, 0x98, 0x00, 0xff,
    0xda, 0x98, 0x00, 0xff, 0xda, 0x98, 0x00, 0xff, 0xda, 0x98, 0x00, 0xff,
    0xda, 0x98, 0x00, 0xff, 0xda, 0x98, 0x00, 0xff, 0xda, 0x98, 0x00, 0xff,
    0xda, 0x98, 0x00, 0xff, 0xda, 0x98, 0x00, 0xff, 0xda, 0x98, 0x00, 0xff,
    0xda, 0x98, 0x00, 0xff, 0xda, 0x98, 0x00, 0xff, 0xda, 0x98, 0x00, 0xff,
    0xda, 0x98, 0x00, 0xff, 0xda, 0x98, 0x00, 0xff, 0xda, 0x98, 0x00, 0xff,
    0xda, 0x98, 0x00, 0xff, 0xda, 0x98, 0x00, 0xff, 0xda, 0x98, 0x00, 0xff,
    0xda, 0x98, 0x00, 0xff, 0xda, 0x98, 0x00, 0xff, 0xda, 0x98, 0x00, 0xff,
    0xda, 0x98, 0x00, 0xff, 0xda, 0x98, 0x00, 0xff, 0xda, 0x98, 0x00, 0xff,
    0xda, 0x98, 0x00, 0xff, 0xda, 0x98, 0x00, 0xff, 0xda, 0x98, 0x00, 0xff,
    0xda, 0x98, 0x00, 0xff, 0xda, 0x98, 0x00, 0xff, 0xda, 0x98, 0x00, 0xff,
    0xda, 0x98, 0x00, 0xff, 0xda, 0x98, 0x00, 0xff, 0xda, 0x98, 0x00, 0xff,
    0xda, 0x98, 0x00, 0xff, 0xda, 0x98, 0x00, 0xff, 0xda, 0x98, 0x00, 0xff,
    0xda, 0x98, 0x00, 0xff, 0xda, 0x98, 0x00, 0xff, 0xda, 0x98, 0x00, 0xff,
    0xda, 0x98, 0x00, 0xff, 0xda, 0x98, 0x00, 0xff, 0xda, 0x98, 0x00, 0xff,
    0xda, 0x98, 0x00, 0xff, 0xda, 0x98, 0x00, 0xff, 0xda, 0x98, 0x00, 0xff,
    0xda, 0x98, 0x00, 0xff, 0xda, 0x98, 0x00, 0xff, 0xda, 0x98, 0x00, 0xff,
    0xda, 0x98, 0x00, 0xff, 0xda, 0x98, 0x00, 0xff, 0xda, 0x98, 0x00, 0xff,
    0xda, 0x98, 0x00, 0xff, 0xda, 0x98, 0x00, 0xff, 0xda, 0x98, 0x00, 0xff,
    0xda, 0x98, 0x00, 0xff, 0xda, 0x98, 0x00, 0xff, 0xda, 0x98, 0x00, 0xff,
    0xda, 0x98, 0x00, 0xff, 0xda, 0x98, 0x00, 0xff, 0xda, 0x98, 0x00, 0xff,
    0xda, 0x98, 0x00, 0xff, 0xda, 0x98, 0x00, 0xff, 0xda, 0x98, 0x00, 0xff,
    0xda, 0x98, 0x00, 0xff, 0xda, 0x98, 0x00, 0xff, 0xda, 0x98, 0x00, 0xff,
    0xda, 0x98, 0x00, 0xff, 0xda, 0x98, 0x00, 0xff, 0xda, 0x98, 0x00, 0xff,
    0xda, 0x98, 0x00, 0xff, 0xda, 0x98, 0x00, 0xff, 0xda, 0x98, 0x00, 0xff,
    0xda, 0x98, 0x00, 0xff, 0xda, 0x98, 0x00, 0xff, 0xda, 0x98, 0x00, 0xff,
    0xda, 0x98, 0x00, 0xff, 0xda, 0x98, 0x00, 0xff, 0xda, 0x98, 0x00, 0xff,
    0xda, 0x98, 0x00, 0xff, 0xda, 0x98, 0x00, 0xff, 0xda, 0x98, 0x00, 0xff,
    0xda, 0x98, 0x00, 0xff, 0xda, 0x98, 0x00, 0xff, 0xda, 0x98, 0x00, 0xff,
    0xda, 0x98, 0x00, 0xff, 0xda, 0x98, 0x00, 0xff, 0xda, 0x98, 0x00, 0xff,
    0xda, 0x98, 0x00, 0xff, 0xda, 0x98, 0x00, 0xff, 0xda, 0x98, 0x00, 0xff,
    0xda, 0x98, 0x00, 0xff, 0xda, 0x98, 0x00, 0xff, 0xda, 0x98, 0x00, 0xff,
    0xda, 0x98, 0x00, 0xff, 0xda, 0x98, 0x00, 0xff, 0xda, 0x98, 0x00, 0xff,
    0xda, 0x98, 0x00, 0xff, 0xda, 0x98, 0x00, 0xff, 0xda, 0x98, 0x00, 0xff,
    0xda, 0x98, 0x00, 0xff, 0xda, 0x98, 0x00, 0xff, 0xda, 0x98, 0x00, 0xff,
    0xda, 0x98, 0x00, 0xff, 0xda, 0x98, 0x00, 0xff, 0xda, 0x98, 0x00, 0xff,
    0xda, 0x98, 0x00, 0xff, 0xda, 0x98, 0x00, 0xff, 0xda, 0x98, 0x00, 0xff,
    0xda, 0x98, 0x00, 0xff, 0xda, 0x98, 0x00, 0xff, 0xda, 0x98, 0x00, 0xff,
    0xda, 0x98, 0x00, 0xff, 0xda, 0x98, 0x00, 0xff, 0x8e, 0x66, 0x50, 0xff,
    0x8c, 0x65, 0x52, 0xff, 0x8c, 0x65, 0x52, 0xff, 0x8c, 0x65, 0x52, 0xff,
    0x8a, 0x65, 0x52, 0x52, 0xa9, 0x78, 0x34, 0xcb, 0xda, 0x98, 0x00, 0xff,
    0xda, 0x98, 0x00, 0xff, 0xda, 0x98, 0x00, 0xff, 0xda, 0x98, 0x00, 0xff,
    0xda, 0x98, 0x00, 0xff, 0xda, 0x98, 0x00, 0xff, 0xda, 0x98, 0x00, 0xff,
    0xda, 0x98, 0x00, 0xff, 0xda, 0x98, 0x00, 0xff, 0xda, 0x98, 0x00, 0xff,
    0xda, 0x98, 0x00, 0xff, 0xda, 0x98, 0x00, 0xff, 0xda, 0x98, 0x00, 0xff,
    0xda, 0x98, 0x00, 0xff, 0xda, 0x98, 0x00, 0xff, 0xda, 0x98, 0x00, 0xff,
    0xda, 0x98, 0x00, 0xff, 0xda, 0x98, 0x00, 0xff, 0xda, 0x98, 0x00, 0xff,
    0xda, 0x98, 0x00, 0xff, 0xda, 0x98, 0x00, 0xff, 0xda, 0x98, 0x00, 0xff,
    0xda, 0x98, 0x00, 0xff, 0xda, 0x98, 0x00, 0xff, 0xda, 0x98, 0x00, 0xff,
    0xda, 0x98, 0x00, 0xff, 0xda, 0x98, 0x00, 0xff, 0xda, 0x98, 0x00, 0xff,
    0xda, 0x98, 0x00, 0xff, 0xda, 0x98, 0x00, 0xff, 0xda, 0x98, 0x00, 0xff,
    0xda, 0x98, 0x00, 0xff, 0xda, 0x98, 0x00, 0xff, 0xda, 0x98, 0x00, 0xff,
    0xda, 0x98, 0x00, 0xff, 0xda, 0x98, 0x00, 0xff, 0xda, 0x98, 0x00, 0xff,
    0xda, 0x98, 0x00, 0xff, 0xda, 0x98, 0x00, 0xff, 0xda, 0x98, 0x00, 0xff,
    0xda, 0x98, 0x00, 0xff, 0xda, 0x98, 0x00, 0xff, 0xda, 0x98, 0x00, 0xff,
    0xda, 0x98, 0x00, 0xff, 0xda, 0x98, 0x00, 0xff, 0xda, 0x98, 0x00, 0xff,
    0xda, 0x98, 0x00, 0xff, 0xda, 0x98, 0x00, 0xff, 0xda, 0x98, 0x00, 0xff,
    0xda, 0x98, 0x00, 0xff, 0xda, 0x98, 0x00, 0xff, 0xda, 0x98, 0x00, 0xff,
    0xda, 0x98, 0x00, 0xff, 0xda, 0x98, 0x00, 0xff, 0xda, 0x98, 0x00, 0xff,
    0xda, 0x98, 0x00, 0xff, 0xda, 0x98, 0x00, 0xff, 0xda, 0x98, 0x00, 0xff,
    0xda, 0x98, 0x00, 0xff, 0xda, 0x98, 0x00, 0xff, 0xda, 0x98, 0x00, 0xff,
    0xda, 0x98, 0x00, 0xff, 0xda, 0x98, 0x00, 0xff, 0xda, 0x98, 0x00, 0xff,
    0xda, 0x98, 0x00, 0xff, 0xda, 0x98, 0x00, 0xff, 0xda, 0x98, 0x00, 0xff,
    0xda, 0x98, 0x00, 0xff, 0xda, 0x98, 0x00, 0xff, 0xda, 0x98, 0x00, 0xff,
    0xda, 0x98, 0x00, 0xff, 0xda, 0x98, 0x00, 0xff, 0xda, 0x98, 0x00, 0xff,
    0xda, 0x98, 0x00, 0xff, 0xda, 0x98, 0x00, 0xff, 0xda, 0x98, 0x00, 0xff,
    0xda, 0x98, 0x00, 0xff, 0xda, 0x98, 0x00, 0xff, 0xda, 0x98, 0x00, 0xff,
    0xda, 0x98, 0x00, 0xff, 0xda, 0x98, 0x00, 0xff, 0xda, 0x98, 0x00, 0xff,
    0xda, 0x98, 0x00, 0xff, 0xda, 0x98, 0x00, 0xff, 0xda, 0x98, 0x00, 0xff,
    0xda, 0x98, 0x00, 0xff, 0xda, 0x98, 0x00, 0xff, 0xda, 0x98, 0x00, 0xff,
    0xda, 0x98, 0x00, 0xff, 0xda, 0x98, 0x00, 0xff, 0xda, 0x98, 0x00, 0xff,
    0xda, 0x98, 0x00, 0xff, 0xda, 0x98, 0x00, 0xff, 0xda, 0x98, 0x00, 0xff,
    0xda, 0x98, 0x00, 0xff, 0xda, 0x98, 0x00, 0xff, 0xda, 0x98, 0x00, 0xff,
    0xda, 0x98, 0x00, 0xff, 0xda, 0x98, 0x00, 0xff, 0xda, 0x98, 0x00, 0xff,
    0xda, 0x98, 0x00, 0xff, 0xda, 0x98, 0x00, 0xff, 0xda, 0x98, 0x00, 0xff,
    0xda, 0x98, 0x00, 0xff, 0xda, 0x98, 0x00, 0xff, 0xda, 0x98, 0x00, 0xff,
    0xda, 0x98, 0x00, 0xff, 0xda, 0x98, 0x00, 0xff, 0xda, 0x98, 0x00, 0xff,
    0xda, 0x98, 0x00, 0xff, 0xda, 0x98, 0x00, 0xff, 0xda, 0x98, 0x00, 0xff,
    0xda, 0x98, 0x00, 0xff, 0xda, 0x98, 0x00, 0xff, 0xda, 0x98, 0x00, 0xff,
    0xda, 0x98, 0x00, 0xff, 0xda, 0x98, 0x00, 0xff, 0xda, 0x98, 0x00, 0xff,
    0xda, 0x98, 0x00, 0xff, 0xda, 0x98, 0x00, 0xff, 0xda, 0x98, 0x00, 0xff,
    0xda, 0x98, 0x00, 0xff, 0xda, 0x98, 0x00, 0xff, 0xda, 0x98, 0x00, 0xff,
    0xda, 0x98, 0x00, 0xff, 0xda, 0x98, 0x00, 0xff, 0xda, 0x98, 0x00, 0xff,
    0xda, 0x98, 0x00, 0xff, 0xda, 0x98, 0x00, 0xff, 0xda, 0x98, 0x00, 0xff,
    0xda, 0x98, 0x00, 0xff, 0xda, 0x98, 0x00, 0xff, 0xda, 0x98, 0x00, 0xff,
    0xda, 0x98, 0x00, 0xff, 0xda, 0x98, 0x00, 0xff, 0xda, 0x98, 0x00, 0xff,
    0xda, 0x98, 0x00, 0xff, 0xda, 0x98, 0x00, 0xff, 0xda, 0x98, 0x00, 0xff,
    0xda, 0x98, 0x00, 0xff, 0xda, 0x98, 0x00, 0xff, 0xda, 0x98, 0x00, 0xff,
    0xda, 0x98, 0x00, 0xff, 0xda, 0x98, 0x00, 0xff, 0xda, 0x98, 0x00, 0xff,
    0xda, 0x98, 0x00, 0xff, 0xda, 0x98, 0x00, 0xff, 0xda, 0x98, 0x00, 0xff,
    0xda, 0x98, 0x00, 0xff, 0xda, 0x98, 0x00, 0xff, 0xda, 0x98, 0x00, 0xff,
    0xda, 0x98, 0x00, 0xff, 0xda, 0x98, 0x00, 0xff, 0xda, 0x98, 0x00, 0xff,
    0xda, 0x98, 0x00, 0xff, 0xda, 0x98, 0x00, 0xff, 0xda, 0x98, 0x00, 0xff,
    0xda, 0x98, 0x00, 0xff, 0xda, 0x98, 0x00, 0xff, 0xda, 0x98, 0x00, 0xff,
    0xda, 0x98, 0x00, 0xff, 0xda, 0x98, 0x00, 0xff, 0xda, 0x98, 0x00, 0xff,
    0xda, 0x98, 0x00, 0xff, 0xda, 0x98, 0x00, 0xff, 0xda, 0x98, 0x00, 0xff,
    0xda, 0x98, 0x00, 0xff, 0xda, 0x98, 0x00, 0xff, 0xda, 0x98, 0x00, 0xff,
    0xda, 0x98, 0x00, 0xff, 0xda, 0x98, 0x00, 0xff, 0xda, 0x98, 0x00, 0xff,
    0xda, 0x98, 0x00, 0xff, 0xda, 0x98, 0x00, 0xff, 0xda, 0x98, 0x00, 0xff,
    0xda, 0x98, 0x00, 0xff, 0xda, 0x98, 0x00, 0xff, 0xda, 0x98, 0x00, 0xff,
    0xda, 0x98, 0x00, 0xff, 0xda, 0x98, 0x00, 0xff, 0xda, 0x98, 0x00, 0xff,
    0xda, 0x98, 0x00, 0xff, 0xda, 0x98, 0x00, 0xff, 0xda, 0x98, 0x00, 0xff,
    0xda, 0x98, 0x00, 0xff, 0xda, 0x98, 0x00, 0xff, 0xda, 0x98, 0x00, 0xff,
    0xda, 0x98, 0x00, 0xff, 0xda, 0x98, 0x00, 0xff, 0xda, 0x98, 0x00, 0xff,
    0xda, 0x98, 0x00, 0xff, 0xda, 0x98, 0x00, 0xff, 0xda, 0x98, 0x00, 0xff,
    0xda, 0x98, 0x00, 0xff, 0xda, 0x98, 0x00, 0xff, 0xda, 0x98, 0x00, 0xff,
    0xda, 0x98, 0x00, 0xff, 0xda, 0x98, 0x00, 0xff, 0xda, 0x98, 0x00, 0xff,
    0xda, 0x98, 0x00, 0xff, 0xda, 0x98, 0x00, 0xff, 0xda, 0x98, 0x00, 0xff,
    0xda, 0x98, 0x00, 0xff, 0xda, 0x98, 0x00, 0xff, 0xda, 0x98, 0x00, 0xff,
    0xda, 0x98, 0x00, 0xff, 0xda, 0x98, 0x00, 0xff, 0xda, 0x98, 0x00, 0xff,
    0xda, 0x98, 0x00, 0xff, 0xda, 0x98, 0x00, 0xff, 0xda, 0x98, 0x00, 0xff,
    0xda, 0x98, 0x00, 0xff, 0xda, 0x98, 0x00, 0xff, 0xda, 0x98, 0x00, 0xff,
    0xda, 0x98, 0x00, 0xff, 0xda, 0x98, 0x00, 0xff, 0xda, 0x98, 0x00, 0xff,
    0xda, 0x98, 0x00, 0xff, 0xda, 0x98, 0x00, 0xff, 0xda, 0x98, 0x00, 0xff,
    0xda, 0x98, 0x00, 0xff, 0xda, 0x98, 0x00, 0xff, 0xda, 0x98, 0x00, 0xff,
    0xda, 0x98, 0x00, 0xff, 0xda, 0x98, 0x00, 0xff, 0xda, 0x98, 0x00, 0xff,
    0xda, 0x98, 0x00, 0xff, 0xda, 0x98, 0x00, 0xff, 0xda, 0x98, 0x00, 0xff,
    0xda, 0x98, 0x00, 0xff, 0xda, 0x98, 0x00, 0xff, 0xda, 0x98, 0x00, 0xff,
    0xda, 0x98, 0x00, 0xff, 0xda, 0x98, 0x00, 0xff, 0xda, 0x98, 0x00, 0xff,
    0xda, 0x98, 0x00, 0xff, 0xda, 0x98, 0x00, 0xff, 0xda, 0x98, 0x00, 0xff,
    0xda, 0x98, 0x00, 0xff, 0xda, 0x98, 0x00, 0xff, 0xda, 0x98, 0x00, 0xff,
    0x8e, 0x66, 0x50, 0xff, 0x8c, 0x65, 0x52, 0xff, 0x8c, 0x65, 0x52, 0xff,
    0x8c, 0x65, 0x52, 0xff, 0x8a, 0x65, 0x52, 0x52, 0xa9, 0x78, 0x34, 0xcb,
    0xda, 0x98, 0x00, 0xff, 0xda, 0x98, 0x00, 0xff, 0xda, 0x98, 0x00, 0xff,
    0xda, 0x98, 0x00, 0xff, 0xda, 0x98, 0x00, 0xff, 0xda, 0x98, 0x00, 0xff,
    0xda, 0x98, 0x00, 0xff, 0xda, 0x98, 0x00, 0xff, 0xda, 0x98, 0x00, 0xff,
    0xda, 0x98, 0x00, 0xff, 0xda, 0x98, 0x00, 0xff, 0xda, 0x98, 0x00, 0xff,
    0xda, 0x98, 0x00, 0xff, 0xda, 0x98, 0x00, 0xff, 0xda, 0x98, 0x00, 0xff,
    0xda, 0x98, 0x00, 0xff, 0xda, 0x98, 0x00, 0xff, 0xda, 0x98, 0x00, 0xff,
    0xda, 0x98, 0x00, 0xff, 0xda, 0x98, 0x00, 0xff, 0xda, 0x98, 0x00, 0xff,
    0xda, 0x98, 0x00, 0xff, 0xda, 0x98, 0x00, 0xff, 0xda, 0x98, 0x00, 0xff,
    0xda, 0x98, 0x00, 0xff, 0xda, 0x98, 0x00, 0xff, 0xda, 0x98, 0x00, 0xff,
    0xda, 0x98, 0x00, 0xff, 0xda, 0x98, 0x00, 0xff, 0xda, 0x98, 0x00, 0xff,
    0xda, 0x98, 0x00, 0xff, 0xda, 0x98, 0x00, 0xff, 0xda, 0x98, 0x00, 0xff,
    0xda, 0x98, 0x00, 0xff, 0xda, 0x98, 0x00, 0xff, 0xda, 0x98, 0x00, 0xff,
    0xda, 0x98, 0x00, 0xff, 0xda, 0x98, 0x00, 0xff, 0xda, 0x98, 0x00, 0xff,
    0xda, 0x98, 0x00, 0xff, 0xda, 0x98, 0x00, 0xff, 0xda, 0x98, 0x00, 0xff,
    0xda, 0x98, 0x00, 0xff, 0xda, 0x98, 0x00, 0xff, 0xda, 0x98, 0x00, 0xff,
    0xda, 0x98, 0x00, 0xff, 0xda, 0x98, 0x00, 0xff, 0xda, 0x98, 0x00, 0xff,
    0xda, 0x98, 0x00, 0xff, 0xda, 0x98, 0x00, 0xff, 0xda, 0x98, 0x00, 0xff,
    0xda, 0x98, 0x00, 0xff, 0xda, 0x98, 0x00, 0xff, 0xda, 0x98, 0x00, 0xff,
    0xda, 0x98, 0x00, 0xff, 0xda, 0x98, 0x00, 0xff, 0xda, 0x98, 0x00, 0xff,
    0xda, 0x98, 0x00, 0xff, 0xda, 0x98, 0x00, 0xff, 0xda, 0x98, 0x00, 0xff,
    0xda, 0x98, 0x00, 0xff, 0xda, 0x98, 0x00, 0xff, 0xda, 0x98, 0x00, 0xff,
    0xda, 0x98, 0x00, 0xff, 0xda, 0x98, 0x00, 0xff, 0xda, 0x98, 0x00, 0xff,
    0xda, 0x98, 0x00, 0xff, 0xda, 0x98, 0x00, 0xff, 0xda, 0x98, 0x00, 0xff,
    0xda, 0x98, 0x00, 0xff, 0xda, 0x98, 0x00, 0xff, 0xda, 0x98, 0x00, 0xff,
    0xda, 0x98, 0x00, 0xff, 0xda, 0x98, 0x00, 0xff, 0xda, 0x98, 0x00, 0xff,
    0xda, 0x98, 0x00, 0xff, 0xda, 0x98, 0x00, 0xff, 0xda, 0x98, 0x00, 0xff,
    0xda, 0x98, 0x00, 0xff, 0xda, 0x98, 0x00, 0xff, 0xda, 0x98, 0x00, 0xff,
    0xda, 0x98, 0x00, 0xff, 0xda, 0x98, 0x00, 0xff, 0xda, 0x98, 0x00, 0xff,
    0xda, 0x98, 0x00, 0xff, 0xda, 0x98, 0x00, 0xff, 0xda, 0x98, 0x00, 0xff,
    0xda, 0x98, 0x00, 0xff, 0xda, 0x98, 0x00, 0xff, 0xda, 0x98, 0x00, 0xff,
    0xda, 0x98, 0x00, 0xff, 0xda, 0x98, 0x00, 0xff, 0xda, 0x98, 0x00, 0xff,
    0xda, 0x98, 0x00, 0xff, 0xda, 0x98, 0x00, 0xff, 0xda, 0x98, 0x00, 0xff,
    0xda, 0x98, 0x00, 0xff, 0xda, 0x98, 0x00, 0xff, 0xda, 0x98, 0x00, 0xff,
    0xda, 0x98, 0x00, 0xff, 0xda, 0x98, 0x00, 0xff, 0xda, 0x98, 0x00, 0xff,
    0xda, 0x98, 0x00, 0xff, 0xda, 0x98, 0x00, 0xff, 0xda, 0x98, 0x00, 0xff,
    0xda, 0x98, 0x00, 0xff, 0xda, 0x98, 0x00, 0xff, 0xda, 0x98, 0x00, 0xff,
    0xda, 0x98, 0x00, 0xff, 0xda, 0x98, 0x00, 0xff, 0xda, 0x98, 0x00, 0xff,
    0xda, 0x98, 0x00, 0xff, 0xda, 0x98, 0x00, 0xff, 0xda, 0x98, 0x00, 0xff,
    0xda, 0x98, 0x00, 0xff, 0xda, 0x98, 0x00, 0xff, 0xda, 0x98, 0x00, 0xff,
    0xda, 0x98, 0x00, 0xff, 0xda, 0x98, 0x00, 0xff, 0xda, 0x98, 0x00, 0xff,
    0xda, 0x98, 0x00, 0xff, 0xda, 0x98, 0x00, 0xff, 0xda, 0x98, 0x00, 0xff,
    0xda, 0x98, 0x00, 0xff, 0xda, 0x98, 0x00, 0xff, 0xda, 0x98, 0x00, 0xff,
    0xda, 0x98, 0x00, 0xff, 0xda, 0x98, 0x00, 0xff, 0xda, 0x98, 0x00, 0xff,
    0xda, 0x98, 0x00, 0xff, 0xda, 0x98, 0x00, 0xff, 0xda, 0x98, 0x00, 0xff,
    0xda, 0x98, 0x00, 0xff, 0xda, 0x98, 0x00, 0xff, 0xda, 0x98, 0x00, 0xff,
    0xda, 0x98, 0x00, 0xff, 0xda, 0x98, 0x00, 0xff, 0xda, 0x98, 0x00, 0xff,
    0xda, 0x98, 0x00, 0xff, 0xda, 0x98, 0x00, 0xff, 0xda, 0x98, 0x00, 0xff,
    0xda, 0x98, 0x00, 0xff, 0xda, 0x98, 0x00, 0xff, 0xda, 0x98, 0x00, 0xff,
    0xda, 0x98, 0x00, 0xff, 0xda, 0x98, 0x00, 0xff, 0xda, 0x98, 0x00, 0xff,
    0xda, 0x98, 0x00, 0xff, 0xda, 0x98, 0x00, 0xff, 0xda, 0x98, 0x00, 0xff,
    0xda, 0x98, 0x00, 0xff, 0xda, 0x98, 0x00, 0xff, 0xda, 0x98, 0x00, 0xff,
    0xda, 0x98, 0x00, 0xff, 0xda, 0x98, 0x00, 0xff, 0xda, 0x98, 0x00, 0xff,
    0xda, 0x98, 0x00, 0xff, 0xda, 0x98, 0x00, 0xff, 0xda, 0x98, 0x00, 0xff,
    0xda, 0x98, 0x00, 0xff, 0xda, 0x98, 0x00, 0xff, 0xda, 0x98, 0x00, 0xff,
    0xda, 0x98, 0x00, 0xff, 0xda, 0x98, 0x00, 0xff, 0xda, 0x98, 0x00, 0xff,
    0xda, 0x98, 0x00, 0xff, 0xda, 0x98, 0x00, 0xff, 0xda, 0x98, 0x00, 0xff,
    0xda, 0x98, 0x00, 0xff, 0xda, 0x98, 0x00, 0xff, 0xda, 0x98, 0x00, 0xff,
    0xda, 0x98, 0x00, 0xff, 0xda, 0x98, 0x00, 0xff, 0xda, 0x98, 0x00, 0xff,
    0xda, 0x98, 0x00, 0xff, 0xda, 0x98, 0x00, 0xff, 0xda, 0x98, 0x00, 0xff,
    0xda, 0x98, 0x00, 0xff, 0xda, 0x98, 0x00, 0xff, 0xda, 0x98, 0x00, 0xff,
    0xda, 0x98, 0x00, 0xff, 0xda, 0x98, 0x00, 0xff, 0xda, 0x98, 0x00, 0xff,
    0xda, 0x98, 0x00, 0xff, 0xda, 0x98, 0x00, 0xff, 0xda, 0x98, 0x00, 0xff,
    0xda, 0x98, 0x00, 0xff, 0xda, 0x98, 0x00, 0xff, 0xda, 0x98, 0x00, 0xff,
    0xda, 0x98, 0x00, 0xff, 0xda, 0x98, 0x00, 0xff, 0xda, 0x98, 0x00, 0xff,
    0xda, 0x98, 0x00, 0xff, 0xda, 0x98, 0x00, 0xff, 0xda, 0x98, 0x00, 0xff,
    0xda, 0x98, 0x00, 0xff, 0xda, 0x98, 0x00, 0xff, 0xda, 0x98, 0x00, 0xff,
    0xda, 0x98, 0x00, 0xff, 0xda, 0x98, 0x00, 0xff, 0xda, 0x98, 0x00, 0xff,
    0xda, 0x98, 0x00, 0xff, 0xda, 0x98, 0x00, 0xff, 0xda, 0x98, 0x00, 0xff,
    0xda, 0x98, 0x00, 0xff, 0xda, 0x98, 0x00, 0xff, 0xda, 0x98, 0x00, 0xff,
    0xda, 0x98, 0x00, 0xff, 0xda, 0x98, 0x00, 0xff, 0xda, 0x98, 0x00, 0xff,
    0xda, 0x98, 0x00, 0xff, 0xda, 0x98, 0x00, 0xff, 0xda, 0x98, 0x00, 0xff,
    0xda, 0x98, 0x00, 0xff, 0xda, 0x98, 0x00, 0xff, 0xda, 0x98, 0x00, 0xff,
    0xda, 0x98, 0x00, 0xff, 0xda, 0x98, 0x00, 0xff, 0xda, 0x98, 0x00, 0xff,
    0xda, 0x98, 0x00, 0xff, 0xda, 0x98, 0x00, 0xff, 0xda, 0x98, 0x00, 0xff,
    0xda, 0x98, 0x00, 0xff, 0xda, 0x98, 0x00, 0xff, 0xda, 0x98, 0x00, 0xff,
    0xda, 0x98, 0x00, 0xff, 0xda, 0x98, 0x00, 0xff, 0xda, 0x98, 0x00, 0xff,
    0xda, 0x98, 0x00, 0xff, 0xda, 0x98, 0x00, 0xff, 0xda, 0x98, 0x00, 0xff,
    0xda, 0x98, 0x00, 0xff, 0xda, 0x98, 0x00, 0xff, 0xda, 0x98, 0x00, 0xff,
    0xda, 0x98, 0x00, 0xff, 0xda, 0x98, 0x00, 0xff, 0xda, 0x98, 0x00, 0xff,
    0xda, 0x98, 0x00, 0xff, 0xda, 0x98, 0x00, 0xff, 0xda, 0x98, 0x00, 0xff,
    0xda, 0x98, 0x00, 0xff, 0x8e, 0x66, 0x50, 0xff, 0x8c, 0x65, 0x52, 0xff,
    0x8c, 0x65, 0x52, 0xff, 0x8c, 0x65, 0x52, 0xff, 0x8a, 0x65, 0x52, 0x52,
    0xa9, 0x78, 0x34, 0xcb, 0xda, 0x98, 0x00, 0xff, 0xda, 0x98, 0x00, 0xff,
    0xda, 0x98, 0x00, 0xff, 0xda, 0x98, 0x00, 0xff, 0xda, 0x98, 0x00, 0xff,
    0xda, 0x98, 0x00, 0xff, 0xda, 0x98, 0x00, 0xff, 0xda, 0x98, 0x00, 0xff,
    0xda, 0x98, 0x00, 0xff, 0xda, 0x98, 0x00, 0xff, 0xda, 0x98, 0x00, 0xff,
    0xda, 0x98, 0x00, 0xff, 0xda, 0x98, 0x00, 0xff, 0xda, 0x98, 0x00, 0xff,
    0xda, 0x98, 0x00, 0xff, 0xda, 0x98, 0x00, 0xff, 0xda, 0x98, 0x00, 0xff,
    0xda, 0x98, 0x00, 0xff, 0xda, 0x98, 0x00, 0xff, 0xda, 0x98, 0x00, 0xff,
    0xda, 0x98, 0x00, 0xff, 0xda, 0x98, 0x00, 0xff, 0xda, 0x98, 0x00, 0xff,
    0xda, 0x98, 0x00, 0xff, 0xda, 0x98, 0x00, 0xff, 0xda, 0x98, 0x00, 0xff,
    0xda, 0x98, 0x00, 0xff, 0xda, 0x98, 0x00, 0xff, 0xda, 0x98, 0x00, 0xff,
    0xda, 0x98, 0x00, 0xff, 0xda, 0x98, 0x00, 0xff, 0xda, 0x98, 0x00, 0xff,
    0xda, 0x98, 0x00, 0xff, 0xda, 0x98, 0x00, 0xff, 0xda, 0x98, 0x00, 0xff,
    0xda, 0x98, 0x00, 0xff, 0xda, 0x98, 0x00, 0xff, 0xda, 0x98, 0x00, 0xff,
    0xda, 0x98, 0x00, 0xff, 0xda, 0x98, 0x00, 0xff, 0xda, 0x98, 0x00, 0xff,
    0xda, 0x98, 0x00, 0xff, 0xda, 0x98, 0x00, 0xff, 0xda, 0x98, 0x00, 0xff,
    0xda, 0x98, 0x00, 0xff, 0xda, 0x98, 0x00, 0xff, 0xda, 0x98, 0x00, 0xff,
    0xda, 0x98, 0x00, 0xff, 0xda, 0x98, 0x00, 0xff, 0xda, 0x98, 0x00, 0xff,
    0xda, 0x98, 0x00, 0xff, 0xda, 0x98, 0x00, 0xff, 0xda, 0x98, 0x00, 0xff,
    0xda, 0x98, 0x00, 0xff, 0xda, 0x98, 0x00, 0xff, 0xda, 0x98, 0x00, 0xff,
    0xda, 0x98, 0x00, 0xff, 0xda, 0x98, 0x00, 0xff, 0xda, 0x98, 0x00, 0xff,
    0xda, 0x98, 0x00, 0xff, 0xda, 0x98, 0x00, 0xff, 0xda, 0x98, 0x00, 0xff,
    0xda, 0x98, 0x00, 0xff, 0xda, 0x98, 0x00, 0xff, 0xda, 0x98, 0x00, 0xff,
    0xda, 0x98, 0x00, 0xff, 0xda, 0x98, 0x00, 0xff, 0xda, 0x98, 0x00, 0xff,
    0xda, 0x98, 0x00, 0xff, 0xda, 0x98, 0x00, 0xff, 0xda, 0x98, 0x00, 0xff,
    0xda, 0x98, 0x00, 0xff, 0xda, 0x98, 0x00, 0xff, 0xda, 0x98, 0x00, 0xff,
    0xda, 0x98, 0x00, 0xff, 0xda, 0x98, 0x00, 0xff, 0xda, 0x98, 0x00, 0xff,
    0xda, 0x98, 0x00, 0xff, 0xda, 0x98, 0x00, 0xff, 0xda, 0x98, 0x00, 0xff,
    0xda, 0x98, 0x00, 0xff, 0xda, 0x98, 0x00, 0xff, 0xda, 0x98, 0x00, 0xff,
    0xda, 0x98, 0x00, 0xff, 0xda, 0x98, 0x00, 0xff, 0xda, 0x98, 0x00, 0xff,
    0xda, 0x98, 0x00, 0xff, 0xda, 0x98, 0x00, 0xff, 0xda, 0x98, 0x00, 0xff,
    0xda, 0x98, 0x00, 0xff, 0xda, 0x98, 0x00, 0xff, 0xda, 0x98, 0x00, 0xff,
    0xda, 0x98, 0x00, 0xff, 0xda, 0x98, 0x00, 0xff, 0xda, 0x98, 0x00, 0xff,
    0xda, 0x98, 0x00, 0xff, 0xda, 0x98, 0x00, 0xff, 0xda, 0x98, 0x00, 0xff,
    0xda, 0x98, 0x00, 0xff, 0xda, 0x98, 0x00, 0xff, 0xda, 0x98, 0x00, 0xff,
    0xda, 0x98, 0x00, 0xff, 0xda, 0x98, 0x00, 0xff, 0xda, 0x98, 0x00, 0xff,
    0xda, 0x98, 0x00, 0xff, 0xda, 0x98, 0x00, 0xff, 0xda, 0x98, 0x00, 0xff,
    0xda, 0x98, 0x00, 0xff, 0xda, 0x98, 0x00, 0xff, 0xda, 0x98, 0x00, 0xff,
    0xda, 0x98, 0x00, 0xff, 0xda, 0x98, 0x00, 0xff, 0xda, 0x98, 0x00, 0xff,
    0xda, 0x98, 0x00, 0xff, 0xda, 0x98, 0x00, 0xff, 0xda, 0x98, 0x00, 0xff,
    0xda, 0x98, 0x00, 0xff, 0xda, 0x98, 0x00, 0xff, 0xda, 0x98, 0x00, 0xff,
    0xda, 0x98, 0x00, 0xff, 0xda, 0x98, 0x00, 0xff, 0xda, 0x98, 0x00, 0xff,
    0xda, 0x98, 0x00, 0xff, 0xda, 0x98, 0x00, 0xff, 0xda, 0x98, 0x00, 0xff,
    0xda, 0x98, 0x00, 0xff, 0xda, 0x98, 0x00, 0xff, 0xda, 0x98, 0x00, 0xff,
    0xda, 0x98, 0x00, 0xff, 0xda, 0x98, 0x00, 0xff, 0xda, 0x98, 0x00, 0xff,
    0xda, 0x98, 0x00, 0xff, 0xda, 0x98, 0x00, 0xff, 0xda, 0x98, 0x00, 0xff,
    0xda, 0x98, 0x00, 0xff, 0xda, 0x98, 0x00, 0xff, 0xda, 0x98, 0x00, 0xff,
    0xda, 0x98, 0x00, 0xff, 0xda, 0x98, 0x00, 0xff, 0xda, 0x98, 0x00, 0xff,
    0xda, 0x98, 0x00, 0xff, 0xda, 0x98, 0x00, 0xff, 0xda, 0x98, 0x00, 0xff,
    0xda, 0x98, 0x00, 0xff, 0xda, 0x98, 0x00, 0xff, 0xda, 0x98, 0x00, 0xff,
    0xda, 0x98, 0x00, 0xff, 0xda, 0x98, 0x00, 0xff, 0xda, 0x98, 0x00, 0xff,
    0xda, 0x98, 0x00, 0xff, 0xda, 0x98, 0x00, 0xff, 0xda, 0x98, 0x00, 0xff,
    0xda, 0x98, 0x00, 0xff, 0xda, 0x98, 0x00, 0xff, 0xda, 0x98, 0x00, 0xff,
    0xda, 0x98, 0x00, 0xff, 0xda, 0x98, 0x00, 0xff, 0xda, 0x98, 0x00, 0xff,
    0xda, 0x98, 0x00, 0xff, 0xda, 0x98, 0x00, 0xff, 0xda, 0x98, 0x00, 0xff,
    0xda, 0x98, 0x00, 0xff, 0xda, 0x98, 0x00, 0xff, 0xda, 0x98, 0x00, 0xff,
    0xda, 0x98, 0x00, 0xff, 0xda, 0x98, 0x00, 0xff, 0xda, 0x98, 0x00, 0xff,
    0xda, 0x98, 0x00, 0xff, 0xda, 0x98, 0x00, 0xff, 0xda, 0x98, 0x00, 0xff,
    0xda, 0x98, 0x00, 0xff, 0xda, 0x98, 0x00, 0xff, 0xda, 0x98, 0x00, 0xff,
    0xda, 0x98, 0x00, 0xff, 0xda, 0x98, 0x00, 0xff, 0xda, 0x98, 0x00, 0xff,
    0xda, 0x98, 0x00, 0xff, 0xda, 0x98, 0x00, 0xff, 0xda, 0x98, 0x00, 0xff,
    0xda, 0x98, 0x00, 0xff, 0xda, 0x98, 0x00, 0xff, 0xda, 0x98, 0x00, 0xff,
    0xda, 0x98, 0x00, 0xff, 0xda, 0x98, 0x00, 0xff, 0xda, 0x98, 0x00, 0xff,
    0xda, 0x98, 0x00, 0xff, 0xda, 0x98, 0x00, 0xff, 0xda, 0x98, 0x00, 0xff,
    0xda, 0x98, 0x00, 0xff, 0xda, 0x98, 0x00, 0xff, 0xda, 0x98, 0x00, 0xff,
    0xda, 0x98, 0x00, 0xff, 0xda, 0x98, 0x00, 0xff, 0xda, 0x98, 0x00, 0xff,
    0xda, 0x98, 0x00, 0xff, 0xda, 0x98, 0x00, 0xff, 0xda, 0x98, 0x00, 0xff,
    0xda, 0x98, 0x00, 0xff, 0xda, 0x98, 0x00, 0xff, 0xda, 0x98, 0x00, 0xff,
    0xda, 0x98, 0x00, 0xff, 0xda, 0x98, 0x00, 0xff, 0xda, 0x98, 0x00, 0xff,
    0xda, 0x98, 0x00, 0xff, 0xda, 0x98, 0x00, 0xff, 0xda, 0x98, 0x00, 0xff,
    0xda, 0x98, 0x00, 0xff, 0xda, 0x98, 0x00, 0xff, 0xda, 0x98, 0x00, 0xff,
    0xda, 0x98, 0x00, 0xff, 0xda, 0x98, 0x00, 0xff, 0xda, 0x98, 0x00, 0xff,
    0xda, 0x98, 0x00, 0xff, 0xda, 0x98, 0x00, 0xff, 0xda, 0x98, 0x00, 0xff,
    0xda, 0x98, 0x00, 0xff, 0xda, 0x98, 0x00, 0xff, 0xda, 0x98, 0x00, 0xff,
    0xda, 0x98, 0x00, 0xff, 0xda, 0x98, 0x00, 0xff, 0xda, 0x98, 0x00, 0xff,
    0xda, 0x98, 0x00, 0xff, 0xda, 0x98, 0x00, 0xff, 0xda, 0x98, 0x00, 0xff,
    0xda, 0x98, 0x00, 0xff, 0xda, 0x98, 0x00, 0xff, 0xda, 0x98, 0x00, 0xff,
    0xda, 0x98, 0x00, 0xff, 0xda, 0x98, 0x00, 0xff, 0xda, 0x98, 0x00, 0xff,
    0xda, 0x98, 0x00, 0xff, 0xda, 0x98, 0x00, 0xff, 0xda, 0x98, 0x00, 0xff,
    0xda, 0x98, 0x00, 0xff, 0xda, 0x98, 0x00, 0xff, 0xda, 0x98, 0x00, 0xff,
    0xda, 0x98, 0x00, 0xff, 0xda, 0x98, 0x00, 0xff, 0xda, 0x98, 0x00, 0xff,
    0xda, 0x98, 0x00, 0xff, 0xda, 0x98, 0x00, 0xff, 0x8e, 0x66, 0x50, 0xff,
    0x8c, 0x65, 0x52, 0xff, 0x8c, 0x65, 0x52, 0xff, 0x8c, 0x65, 0x52, 0xff,
    0x8a, 0x65, 0x52, 0x52, 0xa9, 0x78, 0x34, 0xcb, 0xda, 0x98, 0x00, 0xff,
    0xda, 0x98, 0x00, 0xff, 0xda, 0x98, 0x00, 0xff, 0xda, 0x98, 0x00, 0xff,
    0xda, 0x98, 0x00, 0xff, 0xda, 0x98, 0x00, 0xff, 0xda, 0x98, 0x00, 0xff,
    0xda, 0x98, 0x00, 0xff, 0xda, 0x98, 0x00, 0xff, 0xda, 0x98, 0x00, 0xff,
    0xda, 0x98, 0x00, 0xff, 0xda, 0x98, 0x00, 0xff, 0xda, 0x98, 0x00, 0xff,
    0xda, 0x98, 0x00, 0xff, 0xda, 0x98, 0x00, 0xff, 0xda, 0x98, 0x00, 0xff,
    0xda, 0x98, 0x00, 0xff, 0xda, 0x98, 0x00, 0xff, 0xda, 0x98, 0x00, 0xff,
    0xda, 0x98, 0x00, 0xff, 0xda, 0x98, 0x00, 0xff, 0xda, 0x98, 0x00, 0xff,
    0xda, 0x98, 0x00, 0xff, 0xda, 0x98, 0x00, 0xff, 0xda, 0x98, 0x00, 0xff,
    0xda, 0x98, 0x00, 0xff, 0xda, 0x98, 0x00, 0xff, 0xda, 0x98, 0x00, 0xff,
    0xda, 0x98, 0x00, 0xff, 0xda, 0x98, 0x00, 0xff, 0xda, 0x98, 0x00, 0xff,
    0xda, 0x98, 0x00, 0xff, 0xda, 0x98, 0x00, 0xff, 0xda, 0x98, 0x00, 0xff,
    0xda, 0x98, 0x00, 0xff, 0xda, 0x98, 0x00, 0xff, 0xda, 0x98, 0x00, 0xff,
    0xda, 0x98, 0x00, 0xff, 0xda, 0x98, 0x00, 0xff, 0xda, 0x98, 0x00, 0xff,
    0xda, 0x98, 0x00, 0xff, 0xda, 0x98, 0x00, 0xff, 0xda, 0x98, 0x00, 0xff,
    0xda, 0x98, 0x00, 0xff, 0xda, 0x98, 0x00, 0xff, 0xda, 0x98, 0x00, 0xff,
    0xda, 0x98, 0x00, 0xff, 0xda, 0x98, 0x00, 0xff, 0xda, 0x98, 0x00, 0xff,
    0xda, 0x98, 0x00, 0xff, 0xda, 0x98, 0x00, 0xff, 0xda, 0x98, 0x00, 0xff,
    0xda, 0x98, 0x00, 0xff, 0xda, 0x98, 0x00, 0xff, 0xda, 0x98, 0x00, 0xff,
    0xda, 0x98, 0x00, 0xff, 0xda, 0x98, 0x00, 0xff, 0xda, 0x98, 0x00, 0xff,
    0xda, 0x98, 0x00, 0xff, 0xda, 0x98, 0x00, 0xff, 0xda, 0x98, 0x00, 0xff,
    0xda, 0x98, 0x00, 0xff, 0xda, 0x98, 0x00, 0xff, 0xda, 0x98, 0x00, 0xff,
    0xda, 0x98, 0x00, 0xff, 0xda, 0x98, 0x00, 0xff, 0xda, 0x98, 0x00, 0xff,
    0xda, 0x98, 0x00, 0xff, 0xda, 0x98, 0x00, 0xff, 0xda, 0x98, 0x00, 0xff,
    0xda, 0x98, 0x00, 0xff, 0xda, 0x98, 0x00, 0xff, 0xda, 0x98, 0x00, 0xff,
    0xda, 0x98, 0x00, 0xff, 0xda, 0x98, 0x00, 0xff, 0xda, 0x98, 0x00, 0xff,
    0xda, 0x98, 0x00, 0xff, 0xda, 0x98, 0x00, 0xff, 0xda, 0x98, 0x00, 0xff,
    0xda, 0x98, 0x00, 0xff, 0xda, 0x98, 0x00, 0xff, 0xda, 0x98, 0x00, 0xff,
    0xda, 0x98, 0x00, 0xff, 0xda, 0x98, 0x00, 0xff, 0xda, 0x98, 0x00, 0xff,
    0xda, 0x98, 0x00, 0xff, 0xda, 0x98, 0x00, 0xff, 0xda, 0x98, 0x00, 0xff,
    0xda, 0x98, 0x00, 0xff, 0xda, 0x98, 0x00, 0xff, 0xda, 0x98, 0x00, 0xff,
    0xda, 0x98, 0x00, 0xff, 0xda, 0x98, 0x00, 0xff, 0xda, 0x98, 0x00, 0xff,
    0xda, 0x98, 0x00, 0xff, 0xda, 0x98, 0x00, 0xff, 0xda, 0x98, 0x00, 0xff,
    0xda, 0x98, 0x00, 0xff, 0xda, 0x98, 0x00, 0xff, 0xda, 0x98, 0x00, 0xff,
    0xda, 0x98, 0x00, 0xff, 0xda, 0x98, 0x00, 0xff, 0xda, 0x98, 0x00, 0xff,
    0xda, 0x98, 0x00, 0xff, 0xda, 0x98, 0x00, 0xff, 0xda, 0x98, 0x00, 0xff,
    0xda, 0x98, 0x00, 0xff, 0xda, 0x98, 0x00, 0xff, 0xda, 0x98, 0x00, 0xff,
    0xda, 0x98, 0x00, 0xff, 0xda, 0x98, 0x00, 0xff, 0xda, 0x98, 0x00, 0xff,
    0xda, 0x98, 0x00, 0xff, 0xda, 0x98, 0x00, 0xff, 0xda, 0x98, 0x00, 0xff,
    0xda, 0x98, 0x00, 0xff, 0xda, 0x98, 0x00, 0xff, 0xda, 0x98, 0x00, 0xff,
    0xda, 0x98, 0x00, 0xff, 0xda, 0x98, 0x00, 0xff, 0xda, 0x98, 0x00, 0xff,
    0xda, 0x98, 0x00, 0xff, 0xda, 0x98, 0x00, 0xff, 0xda, 0x98, 0x00, 0xff,
    0xda, 0x98, 0x00, 0xff, 0xda, 0x98, 0x00, 0xff, 0xda, 0x98, 0x00, 0xff,
    0xda, 0x98, 0x00, 0xff, 0xda, 0x98, 0x00, 0xff, 0xda, 0x98, 0x00, 0xff,
    0xda, 0x98, 0x00, 0xff, 0xda, 0x98, 0x00, 0xff, 0xda, 0x98, 0x00, 0xff,
    0xda, 0x98, 0x00, 0xff, 0xda, 0x98, 0x00, 0xff, 0xda, 0x98, 0x00, 0xff,
    0xda, 0x98, 0x00, 0xff, 0xda, 0x98, 0x00, 0xff, 0xda, 0x98, 0x00, 0xff,
    0xda, 0x98, 0x00, 0xff, 0xda, 0x98, 0x00, 0xff, 0xda, 0x98, 0x00, 0xff,
    0xda, 0x98, 0x00, 0xff, 0xda, 0x98, 0x00, 0xff, 0xda, 0x98, 0x00, 0xff,
    0xda, 0x98, 0x00, 0xff, 0xda, 0x98, 0x00, 0xff, 0xda, 0x98, 0x00, 0xff,
    0xda, 0x98, 0x00, 0xff, 0xda, 0x98, 0x00, 0xff, 0xda, 0x98, 0x00, 0xff,
    0xda, 0x98, 0x00, 0xff, 0xda, 0x98, 0x00, 0xff, 0xda, 0x98, 0x00, 0xff,
    0xda, 0x98, 0x00, 0xff, 0xda, 0x98, 0x00, 0xff, 0xda, 0x98, 0x00, 0xff,
    0xda, 0x98, 0x00, 0xff, 0xda, 0x98, 0x00, 0xff, 0xda, 0x98, 0x00, 0xff,
    0xda, 0x98, 0x00, 0xff, 0xda, 0x98, 0x00, 0xff, 0xda, 0x98, 0x00, 0xff,
    0xda, 0x98, 0x00, 0xff, 0xda, 0x98, 0x00, 0xff, 0xda, 0x98, 0x00, 0xff,
    0xda, 0x98, 0x00, 0xff, 0xda, 0x98, 0x00, 0xff, 0xda, 0x98, 0x00, 0xff,
    0xda, 0x98, 0x00, 0xff, 0xda, 0x98, 0x00, 0xff, 0xda, 0x98, 0x00, 0xff,
    0xda, 0x98, 0x00, 0xff, 0xda, 0x98, 0x00, 0xff, 0xda, 0x98, 0x00, 0xff,
    0xda, 0x98, 0x00, 0xff, 0xda, 0x98, 0x00, 0xff, 0xda, 0x98, 0x00, 0xff,
    0xda, 0x98, 0x00, 0xff, 0xda, 0x98, 0x00, 0xff, 0xda, 0x98, 0x00, 0xff,
    0xda, 0x98, 0x00, 0xff, 0xda, 0x98, 0x00, 0xff, 0xda, 0x98, 0x00, 0xff,
    0xda, 0x98, 0x00, 0xff, 0xda, 0x98, 0x00, 0xff, 0xda, 0x98, 0x00, 0xff,
    0xda, 0x98, 0x00, 0xff, 0xda, 0x98, 0x00, 0xff, 0xda, 0x98, 0x00, 0xff,
    0xda, 0x98, 0x00, 0xff, 0xda, 0x98, 0x00, 0xff, 0xda, 0x98, 0x00, 0xff,
    0xda, 0x98, 0x00, 0xff, 0xda, 0x98, 0x00, 0xff, 0xda, 0x98, 0x00, 0xff,
    0xda, 0x98, 0x00, 0xff, 0xda, 0x98, 0x00, 0xff, 0xda, 0x98, 0x00, 0xff,
    0xda, 0x98, 0x00, 0xff, 0xda, 0x98, 0x00, 0xff, 0xda, 0x98, 0x00, 0xff,
    0xda, 0x98, 0x00, 0xff, 0xda, 0x98, 0x00, 0xff, 0xda, 0x98, 0x00, 0xff,
    0xda, 0x98, 0x00, 0xff, 0xda, 0x98, 0x00, 0xff, 0xda, 0x98, 0x00, 0xff,
    0xda, 0x98, 0x00, 0xff, 0xda, 0x98, 0x00, 0xff, 0xda, 0x98, 0x00, 0xff,
    0xda, 0x98, 0x00, 0xff, 0xda, 0x98, 0x00, 0xff, 0xda, 0x98, 0x00, 0xff,
    0xda, 0x98, 0x00, 0xff, 0xda, 0x98, 0x00, 0xff, 0xda, 0x98, 0x00, 0xff,
    0xda, 0x98, 0x00, 0xff, 0xda, 0x98, 0x00, 0xff, 0xda, 0x98, 0x00, 0xff,
    0xda, 0x98, 0x00, 0xff, 0xda, 0x98, 0x00, 0xff, 0xda, 0x98, 0x00, 0xff,
    0xda, 0x98, 0x00, 0xff, 0xda, 0x98, 0x00, 0xff, 0xda, 0x98, 0x00, 0xff,
    0xda, 0x98, 0x00, 0xff, 0xda, 0x98, 0x00, 0xff, 0xda, 0x98, 0x00, 0xff,
    0xda, 0x98, 0x00, 0xff, 0xda, 0x98, 0x00, 0xff, 0xda, 0x98, 0x00, 0xff,
    0xda, 0x98, 0x00, 0xff, 0xda, 0x98, 0x00, 0xff, 0xda, 0x98, 0x00, 0xff,
    0xda, 0x98, 0x00, 0xff, 0xda, 0x98, 0x00, 0xff, 0xda, 0x98, 0x00, 0xff,
    0xda, 0x98, 0x00, 0xff, 0xda, 0x98, 0x00, 0xff, 0xda, 0x98, 0x00, 0xff,
    0x8e, 0x66, 0x50, 0xff, 0x8c, 0x65, 0x52, 0xff, 0x8c, 0x65, 0x52, 0xff,
    0x8c, 0x65, 0x52, 0xff, 0x8a, 0x65, 0x52, 0x52, 0xa9, 0x78, 0x34, 0xcb,
    0xda, 0x98, 0x00, 0xff, 0xda, 0x98, 0x00, 0xff, 0xda, 0x98, 0x00, 0xff,
    0xda, 0x98, 0x00, 0xff, 0xda, 0x98, 0x00, 0xff, 0xda, 0x98, 0x00, 0xff,
    0xda, 0x98, 0x00, 0xff, 0xda, 0x98, 0x00, 0xff, 0xda, 0x98, 0x00, 0xff,
    0xda, 0x98, 0x00, 0xff, 0xda, 0x98, 0x00, 0xff, 0xda, 0x98, 0x00, 0xff,
    0xda, 0x98, 0x00, 0xff, 0xda, 0x98, 0x00, 0xff, 0xda, 0x98, 0x00, 0xff,
    0xda, 0x98, 0x00, 0xff, 0xda, 0x98, 0x00, 0xff, 0xda, 0x98, 0x00, 0xff,
    0xda, 0x98, 0x00, 0xff, 0xda, 0x98, 0x00, 0xff, 0xda, 0x98, 0x00, 0xff,
    0xda, 0x98, 0x00, 0xff, 0xda, 0x98, 0x00, 0xff, 0xda, 0x98, 0x00, 0xff,
    0xda, 0x98, 0x00, 0xff, 0xda, 0x98, 0x00, 0xff, 0xda, 0x98, 0x00, 0xff,
    0xda, 0x98, 0x00, 0xff, 0xda, 0x98, 0x00, 0xff, 0xda, 0x98, 0x00, 0xff,
    0xda, 0x98, 0x00, 0xff, 0xda, 0x98, 0x00, 0xff, 0xda, 0x98, 0x00, 0xff,
    0xda, 0x98, 0x00, 0xff, 0xda, 0x98, 0x00, 0xff, 0xda, 0x98, 0x00, 0xff,
    0xda, 0x98, 0x00, 0xff, 0xda, 0x98, 0x00, 0xff, 0xda, 0x98, 0x00, 0xff,
    0xda, 0x98, 0x00, 0xff, 0xda, 0x98, 0x00, 0xff, 0xda, 0x98, 0x00, 0xff,
    0xda, 0x98, 0x00, 0xff, 0xda, 0x98, 0x00, 0xff, 0xda, 0x98, 0x00, 0xff,
    0xda, 0x98, 0x00, 0xff, 0xda, 0x98, 0x00, 0xff, 0xda, 0x98, 0x00, 0xff,
    0xda, 0x98, 0x00, 0xff, 0xda, 0x98, 0x00, 0xff, 0xda, 0x98, 0x00, 0xff,
    0xda, 0x98, 0x00, 0xff, 0xda, 0x98, 0x00, 0xff, 0xda, 0x98, 0x00, 0xff,
    0xda, 0x98, 0x00, 0xff, 0xda, 0x98, 0x00, 0xff, 0xda, 0x98, 0x00, 0xff,
    0xda, 0x98, 0x00, 0xff, 0xda, 0x98, 0x00, 0xff, 0xda, 0x98, 0x00, 0xff,
    0xda, 0x98, 0x00, 0xff, 0xda, 0x98, 0x00, 0xff, 0xda, 0x98, 0x00, 0xff,
    0xda, 0x98, 0x00, 0xff, 0xda, 0x98, 0x00, 0xff, 0xda, 0x98, 0x00, 0xff,
    0xda, 0x98, 0x00, 0xff, 0xda, 0x98, 0x00, 0xff, 0xda, 0x98, 0x00, 0xff,
    0xda, 0x98, 0x00, 0xff, 0xda, 0x98, 0x00, 0xff, 0xda, 0x98, 0x00, 0xff,
    0xda, 0x98, 0x00, 0xff, 0xda, 0x98, 0x00, 0xff, 0xda, 0x98, 0x00, 0xff,
    0xda, 0x98, 0x00, 0xff, 0xda, 0x98, 0x00, 0xff, 0xda, 0x98, 0x00, 0xff,
    0xda, 0x98, 0x00, 0xff, 0xda, 0x98, 0x00, 0xff, 0xda, 0x98, 0x00, 0xff,
    0xda, 0x98, 0x00, 0xff, 0xda, 0x98, 0x00, 0xff, 0xda, 0x98, 0x00, 0xff,
    0xda, 0x98, 0x00, 0xff, 0xda, 0x98, 0x00, 0xff, 0xda, 0x98, 0x00, 0xff,
    0xda, 0x98, 0x00, 0xff, 0xda, 0x98, 0x00, 0xff, 0xda, 0x98, 0x00, 0xff,
    0xda, 0x98, 0x00, 0xff, 0xda, 0x98, 0x00, 0xff, 0xda, 0x98, 0x00, 0xff,
    0xda, 0x98, 0x00, 0xff, 0xda, 0x98, 0x00, 0xff, 0xda, 0x98, 0x00, 0xff,
    0xda, 0x98, 0x00, 0xff, 0xda, 0x98, 0x00, 0xff, 0xda, 0x98, 0x00, 0xff,
    0xda, 0x98, 0x00, 0xff, 0xda, 0x98, 0x00, 0xff, 0xda, 0x98, 0x00, 0xff,
    0xda, 0x98, 0x00, 0xff, 0xda, 0x98, 0x00, 0xff, 0xda, 0x98, 0x00, 0xff,
    0xda, 0x98, 0x00, 0xff, 0xda, 0x98, 0x00, 0xff, 0xda, 0x98, 0x00, 0xff,
    0xda, 0x98, 0x00, 0xff, 0xda, 0x98, 0x00, 0xff, 0xda, 0x98, 0x00, 0xff,
    0xda, 0x98, 0x00, 0xff, 0xda, 0x98, 0x00, 0xff, 0xda, 0x98, 0x00, 0xff,
    0xda, 0x98, 0x00, 0xff, 0xda, 0x98, 0x00, 0xff, 0xda, 0x98, 0x00, 0xff,
    0xda, 0x98, 0x00, 0xff, 0xda, 0x98, 0x00, 0xff, 0xda, 0x98, 0x00, 0xff,
    0xda, 0x98, 0x00, 0xff, 0xda, 0x98, 0x00, 0xff, 0xda, 0x98, 0x00, 0xff,
    0xda, 0x98, 0x00, 0xff, 0xda, 0x98, 0x00, 0xff, 0xda, 0x98, 0x00, 0xff,
    0xda, 0x98, 0x00, 0xff, 0xda, 0x98, 0x00, 0xff, 0xda, 0x98, 0x00, 0xff,
    0xda, 0x98, 0x00, 0xff, 0xda, 0x98, 0x00, 0xff, 0xda, 0x98, 0x00, 0xff,
    0xda, 0x98, 0x00, 0xff, 0xda, 0x98, 0x00, 0xff, 0xda, 0x98, 0x00, 0xff,
    0xda, 0x98, 0x00, 0xff, 0xda, 0x98, 0x00, 0xff, 0xda, 0x98, 0x00, 0xff,
    0xda, 0x98, 0x00, 0xff, 0xda, 0x98, 0x00, 0xff, 0xda, 0x98, 0x00, 0xff,
    0xda, 0x98, 0x00, 0xff, 0xda, 0x98, 0x00, 0xff, 0xda, 0x98, 0x00, 0xff,
    0xda, 0x98, 0x00, 0xff, 0xda, 0x98, 0x00, 0xff, 0xda, 0x98, 0x00, 0xff,
    0xda, 0x98, 0x00, 0xff, 0xda, 0x98, 0x00, 0xff, 0xda, 0x98, 0x00, 0xff,
    0xda, 0x98, 0x00, 0xff, 0xda, 0x98, 0x00, 0xff, 0xda, 0x98, 0x00, 0xff,
    0xda, 0x98, 0x00, 0xff, 0xda, 0x98, 0x00, 0xff, 0xda, 0x98, 0x00, 0xff,
    0xda, 0x98, 0x00, 0xff, 0xda, 0x98, 0x00, 0xff, 0xda, 0x98, 0x00, 0xff,
    0xda, 0x98, 0x00, 0xff, 0xda, 0x98, 0x00, 0xff, 0xda, 0x98, 0x00, 0xff,
    0xda, 0x98, 0x00, 0xff, 0xda, 0x98, 0x00, 0xff, 0xda, 0x98, 0x00, 0xff,
    0xda, 0x98, 0x00, 0xff, 0xda, 0x98, 0x00, 0xff, 0xda, 0x98, 0x00, 0xff,
    0xda, 0x98, 0x00, 0xff, 0xda, 0x98, 0x00, 0xff, 0xda, 0x98, 0x00, 0xff,
    0xda, 0x98, 0x00, 0xff, 0xda, 0x98, 0x00, 0xff, 0xda, 0x98, 0x00, 0xff,
    0xda, 0x98, 0x00, 0xff, 0xda, 0x98, 0x00, 0xff, 0xda, 0x98, 0x00, 0xff,
    0xda, 0x98, 0x00, 0xff, 0xda, 0x98, 0x00, 0xff, 0xda, 0x98, 0x00, 0xff,
    0xda, 0x98, 0x00, 0xff, 0xda, 0x98, 0x00, 0xff, 0xda, 0x98, 0x00, 0xff,
    0xda, 0x98, 0x00, 0xff, 0xda, 0x98, 0x00, 0xff, 0xda, 0x98, 0x00, 0xff,
    0xda, 0x98, 0x00, 0xff, 0xda, 0x98, 0x00, 0xff, 0xda, 0x98, 0x00, 0xff,
    0xda, 0x98, 0x00, 0xff, 0xda, 0x98, 0x00, 0xff, 0xda, 0x98, 0x00, 0xff,
    0xda, 0x98, 0x00, 0xff, 0xda, 0x98, 0x00, 0xff, 0xda, 0x98, 0x00, 0xff,
    0xda, 0x98, 0x00, 0xff, 0xda, 0x98, 0x00, 0xff, 0xda, 0x98, 0x00, 0xff,
    0xda, 0x98, 0x00, 0xff, 0xda, 0x98, 0x00, 0xff, 0xda, 0x98, 0x00, 0xff,
    0xda, 0x98, 0x00, 0xff, 0xda, 0x98, 0x00, 0xff, 0xda, 0x98, 0x00, 0xff,
    0xda, 0x98, 0x00, 0xff, 0xda, 0x98, 0x00, 0xff, 0xda, 0x98, 0x00, 0xff,
    0xda, 0x98, 0x00, 0xff, 0xda, 0x98, 0x00, 0xff, 0xda, 0x98, 0x00, 0xff,
    0xda, 0x98, 0x00, 0xff, 0xda, 0x98, 0x00, 0xff, 0xda, 0x98, 0x00, 0xff,
    0xda, 0x98, 0x00, 0xff, 0xda, 0x98, 0x00, 0xff, 0xda, 0x98, 0x00, 0xff,
    0xda, 0x98, 0x00, 0xff, 0xda, 0x98, 0x00, 0xff, 0xda, 0x98, 0x00, 0xff,
    0xda, 0x98, 0x00, 0xff, 0xda, 0x98, 0x00, 0xff, 0xda, 0x98, 0x00, 0xff,
    0xda, 0x98, 0x00, 0xff, 0xda, 0x98, 0x00, 0xff, 0xda, 0x98, 0x00, 0xff,
    0xda, 0x98, 0x00, 0xff, 0xda, 0x98, 0x00, 0xff, 0xda, 0x98, 0x00, 0xff,
    0xda, 0x98, 0x00, 0xff, 0xda, 0x98, 0x00, 0xff, 0xda, 0x98, 0x00, 0xff,
    0xda, 0x98, 0x00, 0xff, 0xda, 0x98, 0x00, 0xff, 0xda, 0x98, 0x00, 0xff,
    0xda, 0x98, 0x00, 0xff, 0xda, 0x98, 0x00, 0xff, 0xda, 0x98, 0x00, 0xff,
    0xda, 0x98, 0x00, 0xff, 0xda, 0x98, 0x00, 0xff, 0xda, 0x98, 0x00, 0xff,
    0xda, 0x98, 0x00, 0xff, 0x8e, 0x66, 0x50, 0xff, 0x8c, 0x65, 0x52, 0xff,
    0x8c, 0x65, 0x52, 0xff, 0x8c, 0x65, 0x52, 0xff, 0x8a, 0x65, 0x52, 0x52,
    0xa9, 0x78, 0x34, 0xcb, 0xda, 0x98, 0x00, 0xff, 0xda, 0x98, 0x00, 0xff,
    0xda, 0x98, 0x00, 0xff, 0xda, 0x98, 0x00, 0xff, 0xda, 0x98, 0x00, 0xff,
    0xda, 0x98, 0x00, 0xff, 0xda, 0x98, 0x00, 0xff, 0xda, 0x98, 0x00, 0xff,
    0xda, 0x98, 0x00, 0xff, 0xda, 0x98, 0x00, 0xff, 0xda, 0x98, 0x00, 0xff,
    0xda, 0x98, 0x00, 0xff, 0xda, 0x98, 0x00, 0xff, 0xda, 0x98, 0x00, 0xff,
    0xda, 0x98, 0x00, 0xff, 0xda, 0x98, 0x00, 0xff, 0xda, 0x98, 0x00, 0xff,
    0xda, 0x98, 0x00, 0xff, 0xda, 0x98, 0x00, 0xff, 0xda, 0x98, 0x00, 0xff,
    0xda, 0x98, 0x00, 0xff, 0xda, 0x98, 0x00, 0xff, 0xda, 0x98, 0x00, 0xff,
    0xda, 0x98, 0x00, 0xff, 0xda, 0x98, 0x00, 0xff, 0xda, 0x98, 0x00, 0xff,
    0xda, 0x98, 0x00, 0xff, 0xda, 0x98, 0x00, 0xff, 0xda, 0x98, 0x00, 0xff,
    0xda, 0x98, 0x00, 0xff, 0xda, 0x98, 0x00, 0xff, 0xda, 0x98, 0x00, 0xff,
    0xda, 0x98, 0x00, 0xff, 0xda, 0x98, 0x00, 0xff, 0xda, 0x98, 0x00, 0xff,
    0xda, 0x98, 0x00, 0xff, 0xda, 0x98, 0x00, 0xff, 0xda, 0x98, 0x00, 0xff,
    0xda, 0x98, 0x00, 0xff, 0xda, 0x98, 0x00, 0xff, 0xda, 0x98, 0x00, 0xff,
    0xda, 0x98, 0x00, 0xff, 0xda, 0x98, 0x00, 0xff, 0xda, 0x98, 0x00, 0xff,
    0xda, 0x98, 0x00, 0xff, 0xda, 0x98, 0x00, 0xff, 0xda, 0x98, 0x00, 0xff,
    0xda, 0x98, 0x00, 0xff, 0xda, 0x98, 0x00, 0xff, 0xda, 0x98, 0x00, 0xff,
    0xda, 0x98, 0x00, 0xff, 0xda, 0x98, 0x00, 0xff, 0xda, 0x98, 0x00, 0xff,
    0xda, 0x98, 0x00, 0xff, 0xda, 0x98, 0x00, 0xff, 0xda, 0x98, 0x00, 0xff,
    0xda, 0x98, 0x00, 0xff, 0xda, 0x98, 0x00, 0xff, 0xda, 0x98, 0x00, 0xff,
    0xda, 0x98, 0x00, 0xff, 0xda, 0x98, 0x00, 0xff, 0xda, 0x98, 0x00, 0xff,
    0xda, 0x98, 0x00, 0xff, 0xda, 0x98, 0x00, 0xff, 0xda, 0x98, 0x00, 0xff,
    0xda, 0x98, 0x00, 0xff, 0xda, 0x98, 0x00, 0xff, 0xda, 0x98, 0x00, 0xff,
    0xda, 0x98, 0x00, 0xff, 0xda, 0x98, 0x00, 0xff, 0xda, 0x98, 0x00, 0xff,
    0xda, 0x98, 0x00, 0xff, 0xda, 0x98, 0x00, 0xff, 0xda, 0x98, 0x00, 0xff,
    0xda, 0x98, 0x00, 0xff, 0xda, 0x98, 0x00, 0xff, 0xda, 0x98, 0x00, 0xff,
    0xda, 0x98, 0x00, 0xff, 0xda, 0x98, 0x00, 0xff, 0xda, 0x98, 0x00, 0xff,
    0xda, 0x98, 0x00, 0xff, 0xda, 0x98, 0x00, 0xff, 0xda, 0x98, 0x00, 0xff,
    0xda, 0x98, 0x00, 0xff, 0xda, 0x98, 0x00, 0xff, 0xda, 0x98, 0x00, 0xff,
    0xda, 0x98, 0x00, 0xff, 0xda, 0x98, 0x00, 0xff, 0xda, 0x98, 0x00, 0xff,
    0xda, 0x98, 0x00, 0xff, 0xda, 0x98, 0x00, 0xff, 0xda, 0x98, 0x00, 0xff,
    0xda, 0x98, 0x00, 0xff, 0xda, 0x98, 0x00, 0xff, 0xda, 0x98, 0x00, 0xff,
    0xda, 0x98, 0x00, 0xff, 0xda, 0x98, 0x00, 0xff, 0xda, 0x98, 0x00, 0xff,
    0xda, 0x98, 0x00, 0xff, 0xda, 0x98, 0x00, 0xff, 0xda, 0x98, 0x00, 0xff,
    0xda, 0x98, 0x00, 0xff, 0xda, 0x98, 0x00, 0xff, 0xda, 0x98, 0x00, 0xff,
    0xda, 0x98, 0x00, 0xff, 0xda, 0x98, 0x00, 0xff, 0xda, 0x98, 0x00, 0xff,
    0xda, 0x98, 0x00, 0xff, 0xda, 0x98, 0x00, 0xff, 0xda, 0x98, 0x00, 0xff,
    0xda, 0x98, 0x00, 0xff, 0xda, 0x98, 0x00, 0xff, 0xda, 0x98, 0x00, 0xff,
    0xda, 0x98, 0x00, 0xff, 0xda, 0x98, 0x00, 0xff, 0xda, 0x98, 0x00, 0xff,
    0xda, 0x98, 0x00, 0xff, 0xda, 0x98, 0x00, 0xff, 0xda, 0x98, 0x00, 0xff,
    0xda, 0x98, 0x00, 0xff, 0xda, 0x98, 0x00, 0xff, 0xda, 0x98, 0x00, 0xff,
    0xda, 0x98, 0x00, 0xff, 0xda, 0x98, 0x00, 0xff, 0xda, 0x98, 0x00, 0xff,
    0xda, 0x98, 0x00, 0xff, 0xda, 0x98, 0x00, 0xff, 0xda, 0x98, 0x00, 0xff,
    0xda, 0x98, 0x00, 0xff, 0xda, 0x98, 0x00, 0xff, 0xda, 0x98, 0x00, 0xff,
    0xda, 0x98, 0x00, 0xff, 0xda, 0x98, 0x00, 0xff, 0xda, 0x98, 0x00, 0xff,
    0xda, 0x98, 0x00, 0xff, 0xda, 0x98, 0x00, 0xff, 0xda, 0x98, 0x00, 0xff,
    0xda, 0x98, 0x00, 0xff, 0xda, 0x98, 0x00, 0xff, 0xda, 0x98, 0x00, 0xff,
    0xda, 0x98, 0x00, 0xff, 0xda, 0x98, 0x00, 0xff, 0xda, 0x98, 0x00, 0xff,
    0xda, 0x98, 0x00, 0xff, 0xda, 0x98, 0x00, 0xff, 0xda, 0x98, 0x00, 0xff,
    0xda, 0x98, 0x00, 0xff, 0xda, 0x98, 0x00, 0xff, 0xda, 0x98, 0x00, 0xff,
    0xda, 0x98, 0x00, 0xff, 0xda, 0x98, 0x00, 0xff, 0xda, 0x98, 0x00, 0xff,
    0xda, 0x98, 0x00, 0xff, 0xda, 0x98, 0x00, 0xff, 0xda, 0x98, 0x00, 0xff,
    0xda, 0x98, 0x00, 0xff, 0xda, 0x98, 0x00, 0xff, 0xda, 0x98, 0x00, 0xff,
    0xda, 0x98, 0x00, 0xff, 0xda, 0x98, 0x00, 0xff, 0xda, 0x98, 0x00, 0xff,
    0xda, 0x98, 0x00, 0xff, 0xda, 0x98, 0x00, 0xff, 0xda, 0x98, 0x00, 0xff,
    0xda, 0x98, 0x00, 0xff, 0xda, 0x98, 0x00, 0xff, 0xda, 0x98, 0x00, 0xff,
    0xda, 0x98, 0x00, 0xff, 0xda, 0x98, 0x00, 0xff, 0xda, 0x98, 0x00, 0xff,
    0xda, 0x98, 0x00, 0xff, 0xda, 0x98, 0x00, 0xff, 0xda, 0x98, 0x00, 0xff,
    0xda, 0x98, 0x00, 0xff, 0xda, 0x98, 0x00, 0xff, 0xda, 0x98, 0x00, 0xff,
    0xda, 0x98, 0x00, 0xff, 0xda, 0x98, 0x00, 0xff, 0xda, 0x98, 0x00, 0xff,
    0xda, 0x98, 0x00, 0xff, 0xda, 0x98, 0x00, 0xff, 0xda, 0x98, 0x00, 0xff,
    0xda, 0x98, 0x00, 0xff, 0xda, 0x98, 0x00, 0xff, 0xda, 0x98, 0x00, 0xff,
    0xda, 0x98, 0x00, 0xff, 0xda, 0x98, 0x00, 0xff, 0xda, 0x98, 0x00, 0xff,
    0xda, 0x98, 0x00, 0xff, 0xda, 0x98, 0x00, 0xff, 0xda, 0x98, 0x00, 0xff,
    0xda, 0x98, 0x00, 0xff, 0xda, 0x98, 0x00, 0xff, 0xda, 0x98, 0x00, 0xff,
    0xda, 0x98, 0x00, 0xff, 0xda, 0x98, 0x00, 0xff, 0xda, 0x98, 0x00, 0xff,
    0xda, 0x98, 0x00, 0xff, 0xda, 0x98, 0x00, 0xff, 0xda, 0x98, 0x00, 0xff,
    0xda, 0x98, 0x00, 0xff, 0xda, 0x98, 0x00, 0xff, 0xda, 0x98, 0x00, 0xff,
    0xda, 0x98, 0x00, 0xff, 0xda, 0x98, 0x00, 0xff, 0xda, 0x98, 0x00, 0xff,
    0xda, 0x98, 0x00, 0xff, 0xda, 0x98, 0x00, 0xff, 0xda, 0x98, 0x00, 0xff,
    0xda, 0x98, 0x00, 0xff, 0xda, 0x98, 0x00, 0xff, 0xda, 0x98, 0x00, 0xff,
    0xda, 0x98, 0x00, 0xff, 0xda, 0x98, 0x00, 0xff, 0xda, 0x98, 0x00, 0xff,
    0xda, 0x98, 0x00, 0xff, 0xda, 0x98, 0x00, 0xff, 0xda, 0x98, 0x00, 0xff,
    0xda, 0x98, 0x00, 0xff, 0xda, 0x98, 0x00, 0xff, 0xda, 0x98, 0x00, 0xff,
    0xda, 0x98, 0x00, 0xff, 0xda, 0x98, 0x00, 0xff, 0xda, 0x98, 0x00, 0xff,
    0xda, 0x98, 0x00, 0xff, 0xda, 0x98, 0x00, 0xff, 0xda, 0x98, 0x00, 0xff,
    0xda, 0x98, 0x00, 0xff, 0xda, 0x98, 0x00, 0xff, 0xda, 0x98, 0x00, 0xff,
    0xda, 0x98, 0x00, 0xff, 0xda, 0x98, 0x00, 0xff, 0xda, 0x98, 0x00, 0xff,
    0xda, 0x98, 0x00, 0xff, 0xda, 0x98, 0x00, 0xff, 0xda, 0x98, 0x00, 0xff,
    0xda, 0x98, 0x00, 0xff, 0xda, 0x98, 0x00, 0xff, 0xda, 0x98, 0x00, 0xff,
    0xda, 0x98, 0x00, 0xff, 0xda, 0x98, 0x00, 0xff, 0x8e, 0x66, 0x50, 0xff,
    0x8c, 0x65, 0x52, 0xff, 0x8c, 0x65, 0x52, 0xff, 0x8c, 0x65, 0x52, 0xff,
    0x8a, 0x65, 0x52, 0x52, 0xa9, 0x78, 0x34, 0xcb, 0xda, 0x98, 0x00, 0xff,
    0xda, 0x98, 0x00, 0xff, 0xda, 0x98, 0x00, 0xff, 0xda, 0x98, 0x00, 0xff,
    0xda, 0x98, 0x00, 0xff, 0xda, 0x98, 0x00, 0xff, 0xda, 0x98, 0x00, 0xff,
    0xda, 0x98, 0x00, 0xff, 0xda, 0x98, 0x00, 0xff, 0xda, 0x98, 0x00, 0xff,
    0xda, 0x98, 0x00, 0xff, 0xda, 0x98, 0x00, 0xff, 0xda, 0x98, 0x00, 0xff,
    0xda, 0x98, 0x00, 0xff, 0xda, 0x98, 0x00, 0xff, 0xda, 0x98, 0x00, 0xff,
    0xda, 0x98, 0x00, 0xff, 0xda, 0x98, 0x00, 0xff, 0xda, 0x98, 0x00, 0xff,
    0xda, 0x98, 0x00, 0xff, 0xda, 0x98, 0x00, 0xff, 0xda, 0x98, 0x00, 0xff,
    0xda, 0x98, 0x00, 0xff, 0xda, 0x98, 0x00, 0xff, 0xda, 0x98, 0x00, 0xff,
    0xda, 0x98, 0x00, 0xff, 0xda, 0x98, 0x00, 0xff, 0xda, 0x98, 0x00, 0xff,
    0xda, 0x98, 0x00, 0xff, 0xda, 0x98, 0x00, 0xff, 0xda, 0x98, 0x00, 0xff,
    0xda, 0x98, 0x00, 0xff, 0xda, 0x98, 0x00, 0xff, 0xda, 0x98, 0x00, 0xff,
    0xda, 0x98, 0x00, 0xff, 0xda, 0x98, 0x00, 0xff, 0xda, 0x98, 0x00, 0xff,
    0xda, 0x98, 0x00, 0xff, 0xda, 0x98, 0x00, 0xff, 0xda, 0x98, 0x00, 0xff,
    0xda, 0x98, 0x00, 0xff, 0xda, 0x98, 0x00, 0xff, 0xda, 0x98, 0x00, 0xff,
    0xda, 0x98, 0x00, 0xff, 0xda, 0x98, 0x00, 0xff, 0xda, 0x98, 0x00, 0xff,
    0xda, 0x98, 0x00, 0xff, 0xda, 0x98, 0x00, 0xff, 0xda, 0x98, 0x00, 0xff,
    0xda, 0x98, 0x00, 0xff, 0xda, 0x98, 0x00, 0xff, 0xda, 0x98, 0x00, 0xff,
    0xda, 0x98, 0x00, 0xff, 0xda, 0x98, 0x00, 0xff, 0xda, 0x98, 0x00, 0xff,
    0xda, 0x98, 0x00, 0xff, 0xda, 0x98, 0x00, 0xff, 0xda, 0x98, 0x00, 0xff,
    0xda, 0x98, 0x00, 0xff, 0xda, 0x98, 0x00, 0xff, 0xda, 0x98, 0x00, 0xff,
    0xda, 0x98, 0x00, 0xff, 0xda, 0x98, 0x00, 0xff, 0xda, 0x98, 0x00, 0xff,
    0xda, 0x98, 0x00, 0xff, 0xda, 0x98, 0x00, 0xff, 0xda, 0x98, 0x00, 0xff,
    0xda, 0x98, 0x00, 0xff, 0xda, 0x98, 0x00, 0xff, 0xda, 0x98, 0x00, 0xff,
    0xda, 0x98, 0x00, 0xff, 0xda, 0x98, 0x00, 0xff, 0xda, 0x98, 0x00, 0xff,
    0xda, 0x98, 0x00, 0xff, 0xda, 0x98, 0x00, 0xff, 0xda, 0x98, 0x00, 0xff,
    0xda, 0x98, 0x00, 0xff, 0xda, 0x98, 0x00, 0xff, 0xda, 0x98, 0x00, 0xff,
    0xda, 0x98, 0x00, 0xff, 0xda, 0x98, 0x00, 0xff, 0xda, 0x98, 0x00, 0xff,
    0xda, 0x98, 0x00, 0xff, 0xda, 0x98, 0x00, 0xff, 0xda, 0x98, 0x00, 0xff,
    0xda, 0x98, 0x00, 0xff, 0xda, 0x98, 0x00, 0xff, 0xda, 0x98, 0x00, 0xff,
    0xda, 0x98, 0x00, 0xff, 0xda, 0x98, 0x00, 0xff, 0xda, 0x98, 0x00, 0xff,
    0xda, 0x98, 0x00, 0xff, 0xda, 0x98, 0x00, 0xff, 0xda, 0x98, 0x00, 0xff,
    0xda, 0x98, 0x00, 0xff, 0xda, 0x98, 0x00, 0xff, 0xda, 0x98, 0x00, 0xff,
    0xda, 0x98, 0x00, 0xff, 0xda, 0x98, 0x00, 0xff, 0xda, 0x98, 0x00, 0xff,
    0xda, 0x98, 0x00, 0xff, 0xda, 0x98, 0x00, 0xff, 0xda, 0x98, 0x00, 0xff,
    0xda, 0x98, 0x00, 0xff, 0xda, 0x98, 0x00, 0xff, 0xda, 0x98, 0x00, 0xff,
    0xda, 0x98, 0x00, 0xff, 0xda, 0x98, 0x00, 0xff, 0xda, 0x98, 0x00, 0xff,
    0xda, 0x98, 0x00, 0xff, 0xda, 0x98, 0x00, 0xff, 0xda, 0x98, 0x00, 0xff,
    0xda, 0x98, 0x00, 0xff, 0xda, 0x98, 0x00, 0xff, 0xda, 0x98, 0x00, 0xff,
    0xda, 0x98, 0x00, 0xff, 0xda, 0x98, 0x00, 0xff, 0xda, 0x98, 0x00, 0xff,
    0xda, 0x98, 0x00, 0xff, 0xda, 0x98, 0x00, 0xff, 0xda, 0x98, 0x00, 0xff,
    0xda, 0x98, 0x00, 0xff, 0xda, 0x98, 0x00, 0xff, 0xda, 0x98, 0x00, 0xff,
    0xda, 0x98, 0x00, 0xff, 0xda, 0x98, 0x00, 0xff, 0xda, 0x98, 0x00, 0xff,
    0xda, 0x98, 0x00, 0xff, 0xda, 0x98, 0x00, 0xff, 0xda, 0x98, 0x00, 0xff,
    0xda, 0x98, 0x00, 0xff, 0xda, 0x98, 0x00, 0xff, 0xda, 0x98, 0x00, 0xff,
    0xda, 0x98, 0x00, 0xff, 0xda, 0x98, 0x00, 0xff, 0xda, 0x98, 0x00, 0xff,
    0xda, 0x98, 0x00, 0xff, 0xda, 0x98, 0x00, 0xff, 0xda, 0x98, 0x00, 0xff,
    0xda, 0x98, 0x00, 0xff, 0xda, 0x98, 0x00, 0xff, 0xda, 0x98, 0x00, 0xff,
    0xda, 0x98, 0x00, 0xff, 0xda, 0x98, 0x00, 0xff, 0xda, 0x98, 0x00, 0xff,
    0xda, 0x98, 0x00, 0xff, 0xda, 0x98, 0x00, 0xff, 0xda, 0x98, 0x00, 0xff,
    0xda, 0x98, 0x00, 0xff, 0xda, 0x98, 0x00, 0xff, 0xda, 0x98, 0x00, 0xff,
    0xda, 0x98, 0x00, 0xff, 0xda, 0x98, 0x00, 0xff, 0xda, 0x98, 0x00, 0xff,
    0xda, 0x98, 0x00, 0xff, 0xda, 0x98, 0x00, 0xff, 0xda, 0x98, 0x00, 0xff,
    0xda, 0x98, 0x00, 0xff, 0xda, 0x98, 0x00, 0xff, 0xda, 0x98, 0x00, 0xff,
    0xda, 0x98, 0x00, 0xff, 0xda, 0x98, 0x00, 0xff, 0xda, 0x98, 0x00, 0xff,
    0xda, 0x98, 0x00, 0xff, 0xda, 0x98, 0x00, 0xff, 0xda, 0x98, 0x00, 0xff,
    0xda, 0x98, 0x00, 0xff, 0xda, 0x98, 0x00, 0xff, 0xda, 0x98, 0x00, 0xff,
    0xda, 0x98, 0x00, 0xff, 0xda, 0x98, 0x00, 0xff, 0xda, 0x98, 0x00, 0xff,
    0xda, 0x98, 0x00, 0xff, 0xda, 0x98, 0x00, 0xff, 0xda, 0x98, 0x00, 0xff,
    0xda, 0x98, 0x00, 0xff, 0xda, 0x98, 0x00, 0xff, 0xda, 0x98, 0x00, 0xff,
    0xda, 0x98, 0x00, 0xff, 0xda, 0x98, 0x00, 0xff, 0xda, 0x98, 0x00, 0xff,
    0xda, 0x98, 0x00, 0xff, 0xda, 0x98, 0x00, 0xff, 0xda, 0x98, 0x00, 0xff,
    0xda, 0x98, 0x00, 0xff, 0xda, 0x98, 0x00, 0xff, 0xda, 0x98, 0x00, 0xff,
    0xda, 0x98, 0x00, 0xff, 0xda, 0x98, 0x00, 0xff, 0xda, 0x98, 0x00, 0xff,
    0xda, 0x98, 0x00, 0xff, 0xda, 0x98, 0x00, 0xff, 0xda, 0x98, 0x00, 0xff,
    0xda, 0x98, 0x00, 0xff, 0xda, 0x98, 0x00, 0xff, 0xda, 0x98, 0x00, 0xff,
    0xda, 0x98, 0x00, 0xff, 0xda, 0x98, 0x00, 0xff, 0xda, 0x98, 0x00, 0xff,
    0xda, 0x98, 0x00, 0xff, 0xda, 0x98, 0x00, 0xff, 0xda, 0x98, 0x00, 0xff,
    0xda, 0x98, 0x00, 0xff, 0xda, 0x98, 0x00, 0xff, 0xda, 0x98, 0x00, 0xff,
    0xda, 0x98, 0x00, 0xff, 0xda, 0x98, 0x00, 0xff, 0xda, 0x98, 0x00, 0xff,
    0xda, 0x98, 0x00, 0xff, 0xda, 0x98, 0x00, 0xff, 0xda, 0x98, 0x00, 0xff,
    0xda, 0x98, 0x00, 0xff, 0xda, 0x98, 0x00, 0xff, 0xda, 0x98, 0x00, 0xff,
    0xda, 0x98, 0x00, 0xff, 0xda, 0x98, 0x00, 0xff, 0xda, 0x98, 0x00, 0xff,
    0xda, 0x98, 0x00, 0xff, 0xda, 0x98, 0x00, 0xff, 0xda, 0x98, 0x00, 0xff,
    0xda, 0x98, 0x00, 0xff, 0xda, 0x98, 0x00, 0xff, 0xda, 0x98, 0x00, 0xff,
    0xda, 0x98, 0x00, 0xff, 0xda, 0x98, 0x00, 0xff, 0xda, 0x98, 0x00, 0xff,
    0xda, 0x98, 0x00, 0xff, 0xda, 0x98, 0x00, 0xff, 0xda, 0x98, 0x00, 0xff,
    0xda, 0x98, 0x00, 0xff, 0xda, 0x98, 0x00, 0xff, 0xda, 0x98, 0x00, 0xff,
    0xda, 0x98, 0x00, 0xff, 0xda, 0x98, 0x00, 0xff, 0xda, 0x98, 0x00, 0xff,
    0xda, 0x98, 0x00, 0xff, 0xda, 0x98, 0x00, 0xff, 0xda, 0x98, 0x00, 0xff,
    0xda, 0x98, 0x00, 0xff, 0xda, 0x98, 0x00, 0xff, 0xda, 0x98, 0x00, 0xff,
    0x8e, 0x66, 0x50, 0xff, 0x8c, 0x65, 0x52, 0xff, 0x8c, 0x65, 0x52, 0xff,
    0x8c, 0x65, 0x52, 0xff, 0x8a, 0x65, 0x52, 0x52, 0xa9, 0x78, 0x34, 0xcb,
    0xda, 0x98, 0x00, 0xff, 0xda, 0x98, 0x00, 0xff, 0xda, 0x98, 0x00, 0xff,
    0xda, 0x98, 0x00, 0xff, 0xda, 0x98, 0x00, 0xff, 0xda, 0x98, 0x00, 0xff,
    0xda, 0x98, 0x00, 0xff, 0xda, 0x98, 0x00, 0xff, 0xda, 0x98, 0x00, 0xff,
    0xda, 0x98, 0x00, 0xff, 0xda, 0x98, 0x00, 0xff, 0xda, 0x98, 0x00, 0xff,
    0xda, 0x98, 0x00, 0xff, 0xda, 0x98, 0x00, 0xff, 0xda, 0x98, 0x00, 0xff,
    0xda, 0x98, 0x00, 0xff, 0xda, 0x98, 0x00, 0xff, 0xda, 0x98, 0x00, 0xff,
    0xda, 0x98, 0x00, 0xff, 0xda, 0x98, 0x00, 0xff, 0xda, 0x98, 0x00, 0xff,
    0xda, 0x98, 0x00, 0xff, 0xda, 0x98, 0x00, 0xff, 0xda, 0x98, 0x00, 0xff,
    0xda, 0x98, 0x00, 0xff, 0xda, 0x98, 0x00, 0xff, 0xda, 0x98, 0x00, 0xff,
    0xda, 0x98, 0x00, 0xff, 0xda, 0x98, 0x00, 0xff, 0xda, 0x98, 0x00, 0xff,
    0xda, 0x98, 0x00, 0xff, 0xda, 0x98, 0x00, 0xff, 0xda, 0x98, 0x00, 0xff,
    0xda, 0x98, 0x00, 0xff, 0xda, 0x98, 0x00, 0xff, 0xda, 0x98, 0x00, 0xff,
    0xda, 0x98, 0x00, 0xff, 0xda, 0x98, 0x00, 0xff, 0xda, 0x98, 0x00, 0xff,
    0xda, 0x98, 0x00, 0xff, 0xda, 0x98, 0x00, 0xff, 0xda, 0x98, 0x00, 0xff,
    0xda, 0x98, 0x00, 0xff, 0xda, 0x98, 0x00, 0xff, 0xda, 0x98, 0x00, 0xff,
    0xda, 0x98, 0x00, 0xff, 0xda, 0x98, 0x00, 0xff, 0xda, 0x98, 0x00, 0xff,
    0xda, 0x98, 0x00, 0xff, 0xda, 0x98, 0x00, 0xff, 0xda, 0x98, 0x00, 0xff,
    0xda, 0x98, 0x00, 0xff, 0xda, 0x98, 0x00, 0xff, 0xda, 0x98, 0x00, 0xff,
    0xda, 0x98, 0x00, 0xff, 0xda, 0x98, 0x00, 0xff, 0xda, 0x98, 0x00, 0xff,
    0xda, 0x98, 0x00, 0xff, 0xda, 0x98, 0x00, 0xff, 0xda, 0x98, 0x00, 0xff,
    0xda, 0x98, 0x00, 0xff, 0xda, 0x98, 0x00, 0xff, 0xda, 0x98, 0x00, 0xff,
    0xda, 0x98, 0x00, 0xff, 0xda, 0x98, 0x00, 0xff, 0xda, 0x98, 0x00, 0xff,
    0xda, 0x98, 0x00, 0xff, 0xda, 0x98, 0x00, 0xff, 0xda, 0x98, 0x00, 0xff,
    0xda, 0x98, 0x00, 0xff, 0xda, 0x98, 0x00, 0xff, 0xda, 0x98, 0x00, 0xff,
    0xda, 0x98, 0x00, 0xff, 0xda, 0x98, 0x00, 0xff, 0xda, 0x98, 0x00, 0xff,
    0xda, 0x98, 0x00, 0xff, 0xda, 0x98, 0x00, 0xff, 0xda, 0x98, 0x00, 0xff,
    0xda, 0x98, 0x00, 0xff, 0xda, 0x98, 0x00, 0xff, 0xda, 0x98, 0x00, 0xff,
    0xda, 0x98, 0x00, 0xff, 0xda, 0x98, 0x00, 0xff, 0xda, 0x98, 0x00, 0xff,
    0xda, 0x98, 0x00, 0xff, 0xda, 0x98, 0x00, 0xff, 0xda, 0x98, 0x00, 0xff,
    0xda, 0x98, 0x00, 0xff, 0xda, 0x98, 0x00, 0xff, 0xda, 0x98, 0x00, 0xff,
    0xda, 0x98, 0x00, 0xff, 0xda, 0x98, 0x00, 0xff, 0xda, 0x98, 0x00, 0xff,
    0xda, 0x98, 0x00, 0xff, 0xda, 0x98, 0x00, 0xff, 0xda, 0x98, 0x00, 0xff,
    0xda, 0x98, 0x00, 0xff, 0xda, 0x98, 0x00, 0xff, 0xda, 0x98, 0x00, 0xff,
    0xda, 0x98, 0x00, 0xff, 0xda, 0x98, 0x00, 0xff, 0xda, 0x98, 0x00, 0xff,
    0xda, 0x98, 0x00, 0xff, 0xda, 0x98, 0x00, 0xff, 0xda, 0x98, 0x00, 0xff,
    0xda, 0x98, 0x00, 0xff, 0xda, 0x98, 0x00, 0xff, 0xda, 0x98, 0x00, 0xff,
    0xda, 0x98, 0x00, 0xff, 0xda, 0x98, 0x00, 0xff, 0xda, 0x98, 0x00, 0xff,
    0xda, 0x98, 0x00, 0xff, 0xda, 0x98, 0x00, 0xff, 0xda, 0x98, 0x00, 0xff,
    0xda, 0x98, 0x00, 0xff, 0xda, 0x98, 0x00, 0xff, 0xda, 0x98, 0x00, 0xff,
    0xda, 0x98, 0x00, 0xff, 0xda, 0x98, 0x00, 0xff, 0xda, 0x98, 0x00, 0xff,
    0xda, 0x98, 0x00, 0xff, 0xda, 0x98, 0x00, 0xff, 0xda, 0x98, 0x00, 0xff,
    0xda, 0x98, 0x00, 0xff, 0xda, 0x98, 0x00, 0xff, 0xda, 0x98, 0x00, 0xff,
    0xda, 0x98, 0x00, 0xff, 0xda, 0x98, 0x00, 0xff, 0xda, 0x98, 0x00, 0xff,
    0xda, 0x98, 0x00, 0xff, 0xda, 0x98, 0x00, 0xff, 0xda, 0x98, 0x00, 0xff,
    0xda, 0x98, 0x00, 0xff, 0xda, 0x98, 0x00, 0xff, 0xda, 0x98, 0x00, 0xff,
    0xda, 0x98, 0x00, 0xff, 0xda, 0x98, 0x00, 0xff, 0xda, 0x98, 0x00, 0xff,
    0xda, 0x98, 0x00, 0xff, 0xda, 0x98, 0x00, 0xff, 0xda, 0x98, 0x00, 0xff,
    0xda, 0x98, 0x00, 0xff, 0xda, 0x98, 0x00, 0xff, 0xda, 0x98, 0x00, 0xff,
    0xda, 0x98, 0x00, 0xff, 0xda, 0x98, 0x00, 0xff, 0xda, 0x98, 0x00, 0xff,
    0xda, 0x98, 0x00, 0xff, 0xda, 0x98, 0x00, 0xff, 0xda, 0x98, 0x00, 0xff,
    0xda, 0x98, 0x00, 0xff, 0xda, 0x98, 0x00, 0xff, 0xda, 0x98, 0x00, 0xff,
    0xda, 0x98, 0x00, 0xff, 0xda, 0x98, 0x00, 0xff, 0xda, 0x98, 0x00, 0xff,
    0xda, 0x98, 0x00, 0xff, 0xda, 0x98, 0x00, 0xff, 0xda, 0x98, 0x00, 0xff,
    0xda, 0x98, 0x00, 0xff, 0xda, 0x98, 0x00, 0xff, 0xda, 0x98, 0x00, 0xff,
    0xda, 0x98, 0x00, 0xff, 0xda, 0x98, 0x00, 0xff, 0xda, 0x98, 0x00, 0xff,
    0xda, 0x98, 0x00, 0xff, 0xda, 0x98, 0x00, 0xff, 0xda, 0x98, 0x00, 0xff,
    0xda, 0x98, 0x00, 0xff, 0xda, 0x98, 0x00, 0xff, 0xda, 0x98, 0x00, 0xff,
    0xda, 0x98, 0x00, 0xff, 0xda, 0x98, 0x00, 0xff, 0xda, 0x98, 0x00, 0xff,
    0xda, 0x98, 0x00, 0xff, 0xda, 0x98, 0x00, 0xff, 0xda, 0x98, 0x00, 0xff,
    0xda, 0x98, 0x00, 0xff, 0xda, 0x98, 0x00, 0xff, 0xda, 0x98, 0x00, 0xff,
    0xda, 0x98, 0x00, 0xff, 0xda, 0x98, 0x00, 0xff, 0xda, 0x98, 0x00, 0xff,
    0xda, 0x98, 0x00, 0xff, 0xda, 0x98, 0x00, 0xff, 0xda, 0x98, 0x00, 0xff,
    0xda, 0x98, 0x00, 0xff, 0xda, 0x98, 0x00, 0xff, 0xda, 0x98, 0x00, 0xff,
    0xda, 0x98, 0x00, 0xff, 0xda, 0x98, 0x00, 0xff, 0xda, 0x98, 0x00, 0xff,
    0xda, 0x98, 0x00, 0xff, 0xda, 0x98, 0x00, 0xff, 0xda, 0x98, 0x00, 0xff,
    0xda, 0x98, 0x00, 0xff, 0xda, 0x98, 0x00, 0xff, 0xda, 0x98, 0x00, 0xff,
    0xda, 0x98, 0x00, 0xff, 0xda, 0x98, 0x00, 0xff, 0xda, 0x98, 0x00, 0xff,
    0xda, 0x98, 0x00, 0xff, 0xda, 0x98, 0x00, 0xff, 0xda, 0x98, 0x00, 0xff,
    0xda, 0x98, 0x00, 0xff, 0xda, 0x98, 0x00, 0xff, 0xda, 0x98, 0x00, 0xff,
    0xda, 0x98, 0x00, 0xff, 0xda, 0x98, 0x00, 0xff, 0xda, 0x98, 0x00, 0xff,
    0xda, 0x98, 0x00, 0xff, 0xda, 0x98, 0x00, 0xff, 0xda, 0x98, 0x00, 0xff,
    0xda, 0x98, 0x00, 0xff, 0xda, 0x98, 0x00, 0xff, 0xda, 0x98, 0x00, 0xff,
    0xda, 0x98, 0x00, 0xff, 0xda, 0x98, 0x00, 0xff, 0xda, 0x98, 0x00, 0xff,
    0xda, 0x98, 0x00, 0xff, 0xda, 0x98, 0x00, 0xff, 0xda, 0x98, 0x00, 0xff,
    0xda, 0x98, 0x00, 0xff, 0xda, 0x98, 0x00, 0xff, 0xda, 0x98, 0x00, 0xff,
    0xda, 0x98, 0x00, 0xff, 0xda, 0x98, 0x00, 0xff, 0xda, 0x98, 0x00, 0xff,
    0xda, 0x98, 0x00, 0xff, 0xda, 0x98, 0x00, 0xff, 0xda, 0x98, 0x00, 0xff,
    0xda, 0x98, 0x00, 0xff, 0xda, 0x98, 0x00, 0xff, 0xda, 0x98, 0x00, 0xff,
    0xda, 0x98, 0x00, 0xff, 0xda, 0x98, 0x00, 0xff, 0xda, 0x98, 0x00, 0xff,
    0xda, 0x98, 0x00, 0xff, 0xda, 0x98, 0x00, 0xff, 0xda, 0x98, 0x00, 0xff,
    0xda, 0x98, 0x00, 0xff, 0x8e, 0x66, 0x50, 0xff, 0x8c, 0x65, 0x52, 0xff,
    0x8c, 0x65, 0x52, 0xff, 0x8c, 0x65, 0x52, 0xff, 0x8a, 0x65, 0x52, 0x52,
    0xa9, 0x78, 0x34, 0xcb, 0xda, 0x98, 0x00, 0xff, 0xda, 0x98, 0x00, 0xff,
    0xda, 0x98, 0x00, 0xff, 0xda, 0x98, 0x00, 0xff, 0xda, 0x98, 0x00, 0xff,
    0xda, 0x98, 0x00, 0xff, 0xda, 0x98, 0x00, 0xff, 0xda, 0x98, 0x00, 0xff,
    0xda, 0x98, 0x00, 0xff, 0xda, 0x98, 0x00, 0xff, 0xda, 0x98, 0x00, 0xff,
    0xda, 0x98, 0x00, 0xff, 0xda, 0x98, 0x00, 0xff, 0xda, 0x98, 0x00, 0xff,
    0xda, 0x98, 0x00, 0xff, 0xda, 0x98, 0x00, 0xff, 0xda, 0x98, 0x00, 0xff,
    0xda, 0x98, 0x00, 0xff, 0xda, 0x98, 0x00, 0xff, 0xda, 0x98, 0x00, 0xff,
    0xda, 0x98, 0x00, 0xff, 0xda, 0x98, 0x00, 0xff, 0xda, 0x98, 0x00, 0xff,
    0xda, 0x98, 0x00, 0xff, 0xda, 0x98, 0x00, 0xff, 0xda, 0x98, 0x00, 0xff,
    0xda, 0x98, 0x00, 0xff, 0xda, 0x98, 0x00, 0xff, 0xda, 0x98, 0x00, 0xff,
    0xda, 0x98, 0x00, 0xff, 0xda, 0x98, 0x00, 0xff, 0xda, 0x98, 0x00, 0xff,
    0xda, 0x98, 0x00, 0xff, 0xda, 0x98, 0x00, 0xff, 0xda, 0x98, 0x00, 0xff,
    0xda, 0x98, 0x00, 0xff, 0xda, 0x98, 0x00, 0xff, 0xda, 0x98, 0x00, 0xff,
    0xda, 0x98, 0x00, 0xff, 0xda, 0x98, 0x00, 0xff, 0xda, 0x98, 0x00, 0xff,
    0xda, 0x98, 0x00, 0xff, 0xda, 0x98, 0x00, 0xff, 0xda, 0x98, 0x00, 0xff,
    0xda, 0x98, 0x00, 0xff, 0xda, 0x98, 0x00, 0xff, 0xda, 0x98, 0x00, 0xff,
    0xda, 0x98, 0x00, 0xff, 0xda, 0x98, 0x00, 0xff, 0xda, 0x98, 0x00, 0xff,
    0xda, 0x98, 0x00, 0xff, 0xda, 0x98, 0x00, 0xff, 0xda, 0x98, 0x00, 0xff,
    0xda, 0x98, 0x00, 0xff, 0xda, 0x98, 0x00, 0xff, 0xda, 0x98, 0x00, 0xff,
    0xda, 0x98, 0x00, 0xff, 0xda, 0x98, 0x00, 0xff, 0xda, 0x98, 0x00, 0xff,
    0xda, 0x98, 0x00, 0xff, 0xda, 0x98, 0x00, 0xff, 0xda, 0x98, 0x00, 0xff,
    0xda, 0x98, 0x00, 0xff, 0xda, 0x98, 0x00, 0xff, 0xda, 0x98, 0x00, 0xff,
    0xda, 0x98, 0x00, 0xff, 0xda, 0x98, 0x00, 0xff, 0xda, 0x98, 0x00, 0xff,
    0xda, 0x98, 0x00, 0xff, 0xda, 0x98, 0x00, 0xff, 0xda, 0x98, 0x00, 0xff,
    0xda, 0x98, 0x00, 0xff, 0xda, 0x98, 0x00, 0xff, 0xda, 0x98, 0x00, 0xff,
    0xda, 0x98, 0x00, 0xff, 0xda, 0x98, 0x00, 0xff, 0xda, 0x98, 0x00, 0xff,
    0xda, 0x98, 0x00, 0xff, 0xda, 0x98, 0x00, 0xff, 0xda, 0x98, 0x00, 0xff,
    0xda, 0x98, 0x00, 0xff, 0xda, 0x98, 0x00, 0xff, 0xda, 0x98, 0x00, 0xff,
    0xda, 0x98, 0x00, 0xff, 0xda, 0x98, 0x00, 0xff, 0xda, 0x98, 0x00, 0xff,
    0xda, 0x98, 0x00, 0xff, 0xda, 0x98, 0x00, 0xff, 0xda, 0x98, 0x00, 0xff,
    0xda, 0x98, 0x00, 0xff, 0xda, 0x98, 0x00, 0xff, 0xda, 0x98, 0x00, 0xff,
    0xda, 0x98, 0x00, 0xff, 0xda, 0x98, 0x00, 0xff, 0xda, 0x98, 0x00, 0xff,
    0xda, 0x98, 0x00, 0xff, 0xda, 0x98, 0x00, 0xff, 0xda, 0x98, 0x00, 0xff,
    0xda, 0x98, 0x00, 0xff, 0xda, 0x98, 0x00, 0xff, 0xda, 0x98, 0x00, 0xff,
    0xda, 0x98, 0x00, 0xff, 0xda, 0x98, 0x00, 0xff, 0xda, 0x98, 0x00, 0xff,
    0xda, 0x98, 0x00, 0xff, 0xda, 0x98, 0x00, 0xff, 0xda, 0x98, 0x00, 0xff,
    0xda, 0x98, 0x00, 0xff, 0xda, 0x98, 0x00, 0xff, 0xda, 0x98, 0x00, 0xff,
    0xda, 0x98, 0x00, 0xff, 0xda, 0x98, 0x00, 0xff, 0xda, 0x98, 0x00, 0xff,
    0xda, 0x98, 0x00, 0xff, 0xda, 0x98, 0x00, 0xff, 0xda, 0x98, 0x00, 0xff,
    0xda, 0x98, 0x00, 0xff, 0xda, 0x98, 0x00, 0xff, 0xda, 0x98, 0x00, 0xff,
    0xda, 0x98, 0x00, 0xff, 0xda, 0x98, 0x00, 0xff, 0xda, 0x98, 0x00, 0xff,
    0xda, 0x98, 0x00, 0xff, 0xda, 0x98, 0x00, 0xff, 0xda, 0x98, 0x00, 0xff,
    0xda, 0x98, 0x00, 0xff, 0xda, 0x98, 0x00, 0xff, 0xda, 0x98, 0x00, 0xff,
    0xda, 0x98, 0x00, 0xff, 0xda, 0x98, 0x00, 0xff, 0xda, 0x98, 0x00, 0xff,
    0xda, 0x98, 0x00, 0xff, 0xda, 0x98, 0x00, 0xff, 0xda, 0x98, 0x00, 0xff,
    0xda, 0x98, 0x00, 0xff, 0xda, 0x98, 0x00, 0xff, 0xda, 0x98, 0x00, 0xff,
    0xda, 0x98, 0x00, 0xff, 0xda, 0x98, 0x00, 0xff, 0xda, 0x98, 0x00, 0xff,
    0xda, 0x98, 0x00, 0xff, 0xda, 0x98, 0x00, 0xff, 0xda, 0x98, 0x00, 0xff,
    0xda, 0x98, 0x00, 0xff, 0xda, 0x98, 0x00, 0xff, 0xda, 0x98, 0x00, 0xff,
    0xda, 0x98, 0x00, 0xff, 0xda, 0x98, 0x00, 0xff, 0xda, 0x98, 0x00, 0xff,
    0xda, 0x98, 0x00, 0xff, 0xda, 0x98, 0x00, 0xff, 0xda, 0x98, 0x00, 0xff,
    0xda, 0x98, 0x00, 0xff, 0xda, 0x98, 0x00, 0xff, 0xda, 0x98, 0x00, 0xff,
    0xda, 0x98, 0x00, 0xff, 0xda, 0x98, 0x00, 0xff, 0xda, 0x98, 0x00, 0xff,
    0xda, 0x98, 0x00, 0xff, 0xda, 0x98, 0x00, 0xff, 0xda, 0x98, 0x00, 0xff,
    0xda, 0x98, 0x00, 0xff, 0xda, 0x98, 0x00, 0xff, 0xda, 0x98, 0x00, 0xff,
    0xda, 0x98, 0x00, 0xff, 0xda, 0x98, 0x00, 0xff, 0xda, 0x98, 0x00, 0xff,
    0xda, 0x98, 0x00, 0xff, 0xda, 0x98, 0x00, 0xff, 0xda, 0x98, 0x00, 0xff,
    0xda, 0x98, 0x00, 0xff, 0xda, 0x98, 0x00, 0xff, 0xda, 0x98, 0x00, 0xff,
    0xda, 0x98, 0x00, 0xff, 0xda, 0x98, 0x00, 0xff, 0xda, 0x98, 0x00, 0xff,
    0xda, 0x98, 0x00, 0xff, 0xda, 0x98, 0x00, 0xff, 0xda, 0x98, 0x00, 0xff,
    0xda, 0x98, 0x00, 0xff, 0xda, 0x98, 0x00, 0xff, 0xda, 0x98, 0x00, 0xff,
    0xda, 0x98, 0x00, 0xff, 0xda, 0x98, 0x00, 0xff, 0xda, 0x98, 0x00, 0xff,
    0xda, 0x98, 0x00, 0xff, 0xda, 0x98, 0x00, 0xff, 0xda, 0x98, 0x00, 0xff,
    0xda, 0x98, 0x00, 0xff, 0xda, 0x98, 0x00, 0xff, 0xda, 0x98, 0x00, 0xff,
    0xda, 0x98, 0x00, 0xff, 0xda, 0x98, 0x00, 0xff, 0xda, 0x98, 0x00, 0xff,
    0xda, 0x98, 0x00, 0xff, 0xda, 0x98, 0x00, 0xff, 0xda, 0x98, 0x00, 0xff,
    0xda, 0x98, 0x00, 0xff, 0xda, 0x98, 0x00, 0xff, 0xda, 0x98, 0x00, 0xff,
    0xda, 0x98, 0x00, 0xff, 0xda, 0x98, 0x00, 0xff, 0xda, 0x98, 0x00, 0xff,
    0xda, 0x98, 0x00, 0xff, 0xda, 0x98, 0x00, 0xff, 0xda, 0x98, 0x00, 0xff,
    0xda, 0x98, 0x00, 0xff, 0xda, 0x98, 0x00, 0xff, 0xda, 0x98, 0x00, 0xff,
    0xda, 0x98, 0x00, 0xff, 0xda, 0x98, 0x00, 0xff, 0xda, 0x98, 0x00, 0xff,
    0xda, 0x98, 0x00, 0xff, 0xda, 0x98, 0x00, 0xff, 0xda, 0x98, 0x00, 0xff,
    0xda, 0x98, 0x00, 0xff, 0xda, 0x98, 0x00, 0xff, 0xda, 0x98, 0x00, 0xff,
    0xda, 0x98, 0x00, 0xff, 0xda, 0x98, 0x00, 0xff, 0xda, 0x98, 0x00, 0xff,
    0xda, 0x98, 0x00, 0xff, 0xda, 0x98, 0x00, 0xff, 0xda, 0x98, 0x00, 0xff,
    0xda, 0x98, 0x00, 0xff, 0xda, 0x98, 0x00, 0xff, 0xda, 0x98, 0x00, 0xff,
    0xda, 0x98, 0x00, 0xff, 0xda, 0x98, 0x00, 0xff, 0xda, 0x98, 0x00, 0xff,
    0xda, 0x98, 0x00, 0xff, 0xda, 0x98, 0x00, 0xff, 0xda, 0x98, 0x00, 0xff,
    0xda, 0x98, 0x00, 0xff, 0xda, 0x98, 0x00, 0xff, 0xda, 0x98, 0x00, 0xff,
    0xda, 0x98, 0x00, 0xff, 0xda, 0x98, 0x00, 0xff, 0xda, 0x98, 0x00, 0xff,
    0xda, 0x98, 0x00, 0xff, 0xda, 0x98, 0x00, 0xff, 0x8e, 0x66, 0x50, 0xff,
    0x8c, 0x65, 0x52, 0xff, 0x8c, 0x65, 0x52, 0xff, 0x8c, 0x65, 0x52, 0xff,
    0x8a, 0x65, 0x52, 0x52, 0xa9, 0x78, 0x34, 0xcb, 0xda, 0x98, 0x00, 0xff,
    0xda, 0x98, 0x00, 0xff, 0xda, 0x98, 0x00, 0xff, 0xda, 0x98, 0x00, 0xff,
    0xda, 0x98, 0x00, 0xff, 0xda, 0x98, 0x00, 0xff, 0xda, 0x98, 0x00, 0xff,
    0xda, 0x98, 0x00, 0xff, 0xda, 0x98, 0x00, 0xff, 0xda, 0x98, 0x00, 0xff,
    0xda, 0x98, 0x00, 0xff, 0xda, 0x98, 0x00, 0xff, 0xda, 0x98, 0x00, 0xff,
    0xda, 0x98, 0x00, 0xff, 0xda, 0x98, 0x00, 0xff, 0xda, 0x98, 0x00, 0xff,
    0xda, 0x98, 0x00, 0xff, 0xda, 0x98, 0x00, 0xff, 0xda, 0x98, 0x00, 0xff,
    0xda, 0x98, 0x00, 0xff, 0xda, 0x98, 0x00, 0xff, 0xda, 0x98, 0x00, 0xff,
    0xda, 0x98, 0x00, 0xff, 0xda, 0x98, 0x00, 0xff, 0xda, 0x98, 0x00, 0xff,
    0xda, 0x98, 0x00, 0xff, 0xda, 0x98, 0x00, 0xff, 0xda, 0x98, 0x00, 0xff,
    0xda, 0x98, 0x00, 0xff, 0xda, 0x98, 0x00, 0xff, 0xda, 0x98, 0x00, 0xff,
    0xda, 0x98, 0x00, 0xff, 0xda, 0x98, 0x00, 0xff, 0xda, 0x98, 0x00, 0xff,
    0xda, 0x98, 0x00, 0xff, 0xda, 0x98, 0x00, 0xff, 0xda, 0x98, 0x00, 0xff,
    0xda, 0x98, 0x00, 0xff, 0xda, 0x98, 0x00, 0xff, 0xda, 0x98, 0x00, 0xff,
    0xda, 0x98, 0x00, 0xff, 0xda, 0x98, 0x00, 0xff, 0xda, 0x98, 0x00, 0xff,
    0xda, 0x98, 0x00, 0xff, 0xda, 0x98, 0x00, 0xff, 0xda, 0x98, 0x00, 0xff,
    0xda, 0x98, 0x00, 0xff, 0xda, 0x98, 0x00, 0xff, 0xda, 0x98, 0x00, 0xff,
    0xda, 0x98, 0x00, 0xff, 0xda, 0x98, 0x00, 0xff, 0xda, 0x98, 0x00, 0xff,
    0xda, 0x98, 0x00, 0xff, 0xda, 0x98, 0x00, 0xff, 0xda, 0x98, 0x00, 0xff,
    0xda, 0x98, 0x00, 0xff, 0xda, 0x98, 0x00, 0xff, 0xda, 0x98, 0x00, 0xff,
    0xda, 0x98, 0x00, 0xff, 0xda, 0x98, 0x00, 0xff, 0xda, 0x98, 0x00, 0xff,
    0xda, 0x98, 0x00, 0xff, 0xda, 0x98, 0x00, 0xff, 0xda, 0x98, 0x00, 0xff,
    0xda, 0x98, 0x00, 0xff, 0xda, 0x98, 0x00, 0xff, 0xda, 0x98, 0x00, 0xff,
    0xda, 0x98, 0x00, 0xff, 0xda, 0x98, 0x00, 0xff, 0xda, 0x98, 0x00, 0xff,
    0xda, 0x98, 0x00, 0xff, 0xda, 0x98, 0x00, 0xff, 0xda, 0x98, 0x00, 0xff,
    0xda, 0x98, 0x00, 0xff, 0xda, 0x98, 0x00, 0xff, 0xda, 0x98, 0x00, 0xff,
    0xda, 0x98, 0x00, 0xff, 0xda, 0x98, 0x00, 0xff, 0xda, 0x98, 0x00, 0xff,
    0xda, 0x98, 0x00, 0xff, 0xda, 0x98, 0x00, 0xff, 0xda, 0x98, 0x00, 0xff,
    0xda, 0x98, 0x00, 0xff, 0xda, 0x98, 0x00, 0xff, 0xda, 0x98, 0x00, 0xff,
    0xda, 0x98, 0x00, 0xff, 0xda, 0x98, 0x00, 0xff, 0xda, 0x98, 0x00, 0xff,
    0xda, 0x98, 0x00, 0xff, 0xda, 0x98, 0x00, 0xff, 0xda, 0x98, 0x00, 0xff,
    0xda, 0x98, 0x00, 0xff, 0xda, 0x98, 0x00, 0xff, 0xda, 0x98, 0x00, 0xff,
    0xda, 0x98, 0x00, 0xff, 0xda, 0x98, 0x00, 0xff, 0xda, 0x98, 0x00, 0xff,
    0xda, 0x98, 0x00, 0xff, 0xda, 0x98, 0x00, 0xff, 0xda, 0x98, 0x00, 0xff,
    0xda, 0x98, 0x00, 0xff, 0xda, 0x98, 0x00, 0xff, 0xda, 0x98, 0x00, 0xff,
    0xda, 0x98, 0x00, 0xff, 0xda, 0x98, 0x00, 0xff, 0xda, 0x98, 0x00, 0xff,
    0xda, 0x98, 0x00, 0xff, 0xda, 0x98, 0x00, 0xff, 0xda, 0x98, 0x00, 0xff,
    0xda, 0x98, 0x00, 0xff, 0xda, 0x98, 0x00, 0xff, 0xda, 0x98, 0x00, 0xff,
    0xda, 0x98, 0x00, 0xff, 0xda, 0x98, 0x00, 0xff, 0xda, 0x98, 0x00, 0xff,
    0xda, 0x98, 0x00, 0xff, 0xda, 0x98, 0x00, 0xff, 0xda, 0x98, 0x00, 0xff,
    0xda, 0x98, 0x00, 0xff, 0xda, 0x98, 0x00, 0xff, 0xda, 0x98, 0x00, 0xff,
    0xda, 0x98, 0x00, 0xff, 0xda, 0x98, 0x00, 0xff, 0xda, 0x98, 0x00, 0xff,
    0xda, 0x98, 0x00, 0xff, 0xda, 0x98, 0x00, 0xff, 0xda, 0x98, 0x00, 0xff,
    0xda, 0x98, 0x00, 0xff, 0xda, 0x98, 0x00, 0xff, 0xda, 0x98, 0x00, 0xff,
    0xda, 0x98, 0x00, 0xff, 0xda, 0x98, 0x00, 0xff, 0xda, 0x98, 0x00, 0xff,
    0xda, 0x98, 0x00, 0xff, 0xda, 0x98, 0x00, 0xff, 0xda, 0x98, 0x00, 0xff,
    0xda, 0x98, 0x00, 0xff, 0xda, 0x98, 0x00, 0xff, 0xda, 0x98, 0x00, 0xff,
    0xda, 0x98, 0x00, 0xff, 0xda, 0x98, 0x00, 0xff, 0xda, 0x98, 0x00, 0xff,
    0xda, 0x98, 0x00, 0xff, 0xda, 0x98, 0x00, 0xff, 0xda, 0x98, 0x00, 0xff,
    0xda, 0x98, 0x00, 0xff, 0xda, 0x98, 0x00, 0xff, 0xda, 0x98, 0x00, 0xff,
    0xda, 0x98, 0x00, 0xff, 0xda, 0x98, 0x00, 0xff, 0xda, 0x98, 0x00, 0xff,
    0xda, 0x98, 0x00, 0xff, 0xda, 0x98, 0x00, 0xff, 0xda, 0x98, 0x00, 0xff,
    0xda, 0x98, 0x00, 0xff, 0xda, 0x98, 0x00, 0xff, 0xda, 0x98, 0x00, 0xff,
    0xda, 0x98, 0x00, 0xff, 0xda, 0x98, 0x00, 0xff, 0xda, 0x98, 0x00, 0xff,
    0xda, 0x98, 0x00, 0xff, 0xda, 0x98, 0x00, 0xff, 0xda, 0x98, 0x00, 0xff,
    0xda, 0x98, 0x00, 0xff, 0xda, 0x98, 0x00, 0xff, 0xda, 0x98, 0x00, 0xff,
    0xda, 0x98, 0x00, 0xff, 0xda, 0x98, 0x00, 0xff, 0xda, 0x98, 0x00, 0xff,
    0xda, 0x98, 0x00, 0xff, 0xda, 0x98, 0x00, 0xff, 0xda, 0x98, 0x00, 0xff,
    0xda, 0x98, 0x00, 0xff, 0xda, 0x98, 0x00, 0xff, 0xda, 0x98, 0x00, 0xff,
    0xda, 0x98, 0x00, 0xff, 0xda, 0x98, 0x00, 0xff, 0xda, 0x98, 0x00, 0xff,
    0xda, 0x98, 0x00, 0xff, 0xda, 0x98, 0x00, 0xff, 0xda, 0x98, 0x00, 0xff,
    0xda, 0x98, 0x00, 0xff, 0xda, 0x98, 0x00, 0xff, 0xda, 0x98, 0x00, 0xff,
    0xda, 0x98, 0x00, 0xff, 0xda, 0x98, 0x00, 0xff, 0xda, 0x98, 0x00, 0xff,
    0xda, 0x98, 0x00, 0xff, 0xda, 0x98, 0x00, 0xff, 0xda, 0x98, 0x00, 0xff,
    0xda, 0x98, 0x00, 0xff, 0xda, 0x98, 0x00, 0xff, 0xda, 0x98, 0x00, 0xff,
    0xda, 0x98, 0x00, 0xff, 0xda, 0x98, 0x00, 0xff, 0xda, 0x98, 0x00, 0xff,
    0xda, 0x98, 0x00, 0xff, 0xda, 0x98, 0x00, 0xff, 0xda, 0x98, 0x00, 0xff,
    0xda, 0x98, 0x00, 0xff, 0xda, 0x98, 0x00, 0xff, 0xda, 0x98, 0x00, 0xff,
    0xda, 0x98, 0x00, 0xff, 0xda, 0x98, 0x00, 0xff, 0xda, 0x98, 0x00, 0xff,
    0xda, 0x98, 0x00, 0xff, 0xda, 0x98, 0x00, 0xff, 0xda, 0x98, 0x00, 0xff,
    0xda, 0x98, 0x00, 0xff, 0xda, 0x98, 0x00, 0xff, 0xda, 0x98, 0x00, 0xff,
    0xda, 0x98, 0x00, 0xff, 0xda, 0x98, 0x00, 0xff, 0xda, 0x98, 0x00, 0xff,
    0xda, 0x98, 0x00, 0xff, 0xda, 0x98, 0x00, 0xff, 0xda, 0x98, 0x00, 0xff,
    0xda, 0x98, 0x00, 0xff, 0xda, 0x98, 0x00, 0xff, 0xda, 0x98, 0x00, 0xff,
    0xda, 0x98, 0x00, 0xff, 0xda, 0x98, 0x00, 0xff, 0xda, 0x98, 0x00, 0xff,
    0xda, 0x98, 0x00, 0xff, 0xda, 0x98, 0x00, 0xff, 0xda, 0x98, 0x00, 0xff,
    0xda, 0x98, 0x00, 0xff, 0xda, 0x98, 0x00, 0xff, 0xda, 0x98, 0x00, 0xff,
    0xda, 0x98, 0x00, 0xff, 0xda, 0x98, 0x00, 0xff, 0xda, 0x98, 0x00, 0xff,
    0xda, 0x98, 0x00, 0xff, 0xda, 0x98, 0x00, 0xff, 0xda, 0x98, 0x00, 0xff,
    0xda, 0x98, 0x00, 0xff, 0xda, 0x98, 0x00, 0xff, 0xda, 0x98, 0x00, 0xff,
    0xda, 0x98, 0x00, 0xff, 0xda, 0x98, 0x00, 0xff, 0xda, 0x98, 0x00, 0xff,
    0x8e, 0x66, 0x50, 0xff, 0x8c, 0x65, 0x52, 0xff, 0x8c, 0x65, 0x52, 0xff,
    0x8c, 0x65, 0x52, 0xff, 0x8a, 0x65, 0x52, 0x52, 0xa9, 0x78, 0x34, 0xcb,
    0xda, 0x98, 0x00, 0xff, 0xda, 0x98, 0x00, 0xff, 0xda, 0x98, 0x00, 0xff,
    0xda, 0x98, 0x00, 0xff, 0xda, 0x98, 0x00, 0xff, 0xda, 0x98, 0x00, 0xff,
    0xda, 0x98, 0x00, 0xff, 0xda, 0x98, 0x00, 0xff, 0xda, 0x98, 0x00, 0xff,
    0xda, 0x98, 0x00, 0xff, 0xda, 0x98, 0x00, 0xff, 0xda, 0x98, 0x00, 0xff,
    0xda, 0x98, 0x00, 0xff, 0xda, 0x98, 0x00, 0xff, 0xda, 0x98, 0x00, 0xff,
    0xda, 0x98, 0x00, 0xff, 0xda, 0x98, 0x00, 0xff, 0xda, 0x98, 0x00, 0xff,
    0xda, 0x98, 0x00, 0xff, 0xda, 0x98, 0x00, 0xff, 0xda, 0x98, 0x00, 0xff,
    0xda, 0x98, 0x00, 0xff, 0xda, 0x98, 0x00, 0xff, 0xda, 0x98, 0x00, 0xff,
    0xda, 0x98, 0x00, 0xff, 0xda, 0x98, 0x00, 0xff, 0xda, 0x98, 0x00, 0xff,
    0xda, 0x98, 0x00, 0xff, 0xda, 0x98, 0x00, 0xff, 0xda, 0x98, 0x00, 0xff,
    0xda, 0x98, 0x00, 0xff, 0xda, 0x98, 0x00, 0xff, 0xda, 0x98, 0x00, 0xff,
    0xda, 0x98, 0x00, 0xff, 0xda, 0x98, 0x00, 0xff, 0xda, 0x98, 0x00, 0xff,
    0xda, 0x98, 0x00, 0xff, 0xda, 0x98, 0x00, 0xff, 0xda, 0x98, 0x00, 0xff,
    0xda, 0x98, 0x00, 0xff, 0xda, 0x98, 0x00, 0xff, 0xda, 0x98, 0x00, 0xff,
    0xda, 0x98, 0x00, 0xff, 0xda, 0x98, 0x00, 0xff, 0xda, 0x98, 0x00, 0xff,
    0xda, 0x98, 0x00, 0xff, 0xda, 0x98, 0x00, 0xff, 0xda, 0x98, 0x00, 0xff,
    0xda, 0x98, 0x00, 0xff, 0xda, 0x98, 0x00, 0xff, 0xda, 0x98, 0x00, 0xff,
    0xda, 0x98, 0x00, 0xff, 0xda, 0x98, 0x00, 0xff, 0xda, 0x98, 0x00, 0xff,
    0xda, 0x98, 0x00, 0xff, 0xda, 0x98, 0x00, 0xff, 0xda, 0x98, 0x00, 0xff,
    0xda, 0x98, 0x00, 0xff, 0xda, 0x98, 0x00, 0xff, 0xda, 0x98, 0x00, 0xff,
    0xda, 0x98, 0x00, 0xff, 0xda, 0x98, 0x00, 0xff, 0xda, 0x98, 0x00, 0xff,
    0xda, 0x98, 0x00, 0xff, 0xda, 0x98, 0x00, 0xff, 0xda, 0x98, 0x00, 0xff,
    0xda, 0x98, 0x00, 0xff, 0xda, 0x98, 0x00, 0xff, 0xda, 0x98, 0x00, 0xff,
    0xda, 0x98, 0x00, 0xff, 0xda, 0x98, 0x00, 0xff, 0xda, 0x98, 0x00, 0xff,
    0xda, 0x98, 0x00, 0xff, 0xda, 0x98, 0x00, 0xff, 0xda, 0x98, 0x00, 0xff,
    0xda, 0x98, 0x00, 0xff, 0xda, 0x98, 0x00, 0xff, 0xda, 0x98, 0x00, 0xff,
    0xda, 0x98, 0x00, 0xff, 0xda, 0x98, 0x00, 0xff, 0xda, 0x98, 0x00, 0xff,
    0xda, 0x98, 0x00, 0xff, 0xda, 0x98, 0x00, 0xff, 0xda, 0x98, 0x00, 0xff,
    0xda, 0x98, 0x00, 0xff, 0xda, 0x98, 0x00, 0xff, 0xda, 0x98, 0x00, 0xff,
    0xda, 0x98, 0x00, 0xff, 0xda, 0x98, 0x00, 0xff, 0xda, 0x98, 0x00, 0xff,
    0xda, 0x98, 0x00, 0xff, 0xda, 0x98, 0x00, 0xff, 0xda, 0x98, 0x00, 0xff,
    0xda, 0x98, 0x00, 0xff, 0xda, 0x98, 0x00, 0xff, 0xda, 0x98, 0x00, 0xff,
    0xda, 0x98, 0x00, 0xff, 0xda, 0x98, 0x00, 0xff, 0xda, 0x98, 0x00, 0xff,
    0xda, 0x98, 0x00, 0xff, 0xda, 0x98, 0x00, 0xff, 0xda, 0x98, 0x00, 0xff,
    0xda, 0x98, 0x00, 0xff, 0xda, 0x98, 0x00, 0xff, 0xda, 0x98, 0x00, 0xff,
    0xda, 0x98, 0x00, 0xff, 0xda, 0x98, 0x00, 0xff, 0xda, 0x98, 0x00, 0xff,
    0xda, 0x98, 0x00, 0xff, 0xda, 0x98, 0x00, 0xff, 0xda, 0x98, 0x00, 0xff,
    0xda, 0x98, 0x00, 0xff, 0xda, 0x98, 0x00, 0xff, 0xda, 0x98, 0x00, 0xff,
    0xda, 0x98, 0x00, 0xff, 0xda, 0x98, 0x00, 0xff, 0xda, 0x98, 0x00, 0xff,
    0xda, 0x98, 0x00, 0xff, 0xda, 0x98, 0x00, 0xff, 0xda, 0x98, 0x00, 0xff,
    0xda, 0x98, 0x00, 0xff, 0xda, 0x98, 0x00, 0xff, 0xda, 0x98, 0x00, 0xff,
    0xda, 0x98, 0x00, 0xff, 0xda, 0x98, 0x00, 0xff, 0xda, 0x98, 0x00, 0xff,
    0xda, 0x98, 0x00, 0xff, 0xda, 0x98, 0x00, 0xff, 0xda, 0x98, 0x00, 0xff,
    0xda, 0x98, 0x00, 0xff, 0xda, 0x98, 0x00, 0xff, 0xda, 0x98, 0x00, 0xff,
    0xda, 0x98, 0x00, 0xff, 0xda, 0x98, 0x00, 0xff, 0xda, 0x98, 0x00, 0xff,
    0xda, 0x98, 0x00, 0xff, 0xda, 0x98, 0x00, 0xff, 0xda, 0x98, 0x00, 0xff,
    0xda, 0x98, 0x00, 0xff, 0xda, 0x98, 0x00, 0xff, 0xda, 0x98, 0x00, 0xff,
    0xda, 0x98, 0x00, 0xff, 0xda, 0x98, 0x00, 0xff, 0xda, 0x98, 0x00, 0xff,
    0xda, 0x98, 0x00, 0xff, 0xda, 0x98, 0x00, 0xff, 0xda, 0x98, 0x00, 0xff,
    0xda, 0x98, 0x00, 0xff, 0xda, 0x98, 0x00, 0xff, 0xda, 0x98, 0x00, 0xff,
    0xda, 0x98, 0x00, 0xff, 0xda, 0x98, 0x00, 0xff, 0xda, 0x98, 0x00, 0xff,
    0xda, 0x98, 0x00, 0xff, 0xda, 0x98, 0x00, 0xff, 0xda, 0x98, 0x00, 0xff,
    0xda, 0x98, 0x00, 0xff, 0xda, 0x98, 0x00, 0xff, 0xda, 0x98, 0x00, 0xff,
    0xda, 0x98, 0x00, 0xff, 0xda, 0x98, 0x00, 0xff, 0xda, 0x98, 0x00, 0xff,
    0xda, 0x98, 0x00, 0xff, 0xda, 0x98, 0x00, 0xff, 0xda, 0x98, 0x00, 0xff,
    0xda, 0x98, 0x00, 0xff, 0xda, 0x98, 0x00, 0xff, 0xda, 0x98, 0x00, 0xff,
    0xda, 0x98, 0x00, 0xff, 0xda, 0x98, 0x00, 0xff, 0xda, 0x98, 0x00, 0xff,
    0xda, 0x98, 0x00, 0xff, 0xda, 0x98, 0x00, 0xff, 0xda, 0x98, 0x00, 0xff,
    0xda, 0x98, 0x00, 0xff, 0xda, 0x98, 0x00, 0xff, 0xda, 0x98, 0x00, 0xff,
    0xda, 0x98, 0x00, 0xff, 0xda, 0x98, 0x00, 0xff, 0xda, 0x98, 0x00, 0xff,
    0xda, 0x98, 0x00, 0xff, 0xda, 0x98, 0x00, 0xff, 0xda, 0x98, 0x00, 0xff,
    0xda, 0x98, 0x00, 0xff, 0xda, 0x98, 0x00, 0xff, 0xda, 0x98, 0x00, 0xff,
    0xda, 0x98, 0x00, 0xff, 0xda, 0x98, 0x00, 0xff, 0xda, 0x98, 0x00, 0xff,
    0xda, 0x98, 0x00, 0xff, 0xda, 0x98, 0x00, 0xff, 0xda, 0x98, 0x00, 0xff,
    0xda, 0x98, 0x00, 0xff, 0xda, 0x98, 0x00, 0xff, 0xda, 0x98, 0x00, 0xff,
    0xda, 0x98, 0x00, 0xff, 0xda, 0x98, 0x00, 0xff, 0xda, 0x98, 0x00, 0xff,
    0xda, 0x98, 0x00, 0xff, 0xda, 0x98, 0x00, 0xff, 0xda, 0x98, 0x00, 0xff,
    0xda, 0x98, 0x00, 0xff, 0xda, 0x98, 0x00, 0xff, 0xda, 0x98, 0x00, 0xff,
    0xda, 0x98, 0x00, 0xff, 0xda, 0x98, 0x00, 0xff, 0xda, 0x98, 0x00, 0xff,
    0xda, 0x98, 0x00, 0xff, 0xda, 0x98, 0x00, 0xff, 0xda, 0x98, 0x00, 0xff,
    0xda, 0x98, 0x00, 0xff, 0xda, 0x98, 0x00, 0xff, 0xda, 0x98, 0x00, 0xff,
    0xda, 0x98, 0x00, 0xff, 0xda, 0x98, 0x00, 0xff, 0xda, 0x98, 0x00, 0xff,
    0xda, 0x98, 0x00, 0xff, 0xda, 0x98, 0x00, 0xff, 0xda, 0x98, 0x00, 0xff,
    0xda, 0x98, 0x00, 0xff, 0xda, 0x98, 0x00, 0xff, 0xda, 0x98, 0x00, 0xff,
    0xda, 0x98, 0x00, 0xff, 0xda, 0x98, 0x00, 0xff, 0xda, 0x98, 0x00, 0xff,
    0xda, 0x98, 0x00, 0xff, 0xda, 0x98, 0x00, 0xff, 0xda, 0x98, 0x00, 0xff,
    0xda, 0x98, 0x00, 0xff, 0xda, 0x98, 0x00, 0xff, 0xda, 0x98, 0x00, 0xff,
    0xda, 0x98, 0x00, 0xff, 0xda, 0x98, 0x00, 0xff, 0xda, 0x98, 0x00, 0xff,
    0xda, 0x98, 0x00, 0xff, 0xda, 0x98, 0x00, 0xff, 0xda, 0x98, 0x00, 0xff,
    0xda, 0x98, 0x00, 0xff, 0xda, 0x98, 0x00, 0xff, 0xda, 0x98, 0x00, 0xff,
    0xda, 0x98, 0x00, 0xff, 0x8e, 0x66, 0x50, 0xff, 0x8c, 0x65, 0x52, 0xff,
    0x8c, 0x65, 0x52, 0xff, 0x8c, 0x65, 0x52, 0xff, 0x8a, 0x65, 0x52, 0x52,
    0xa9, 0x78, 0x34, 0xcb, 0xda, 0x98, 0x00, 0xff, 0xda, 0x98, 0x00, 0xff,
    0xda, 0x98, 0x00, 0xff, 0xda, 0x98, 0x00, 0xff, 0xda, 0x98, 0x00, 0xff,
    0xda, 0x98, 0x00, 0xff, 0xda, 0x98, 0x00, 0xff, 0xda, 0x98, 0x00, 0xff,
    0xda, 0x98, 0x00, 0xff, 0xda, 0x98, 0x00, 0xff, 0xda, 0x98, 0x00, 0xff,
    0xda, 0x98, 0x00, 0xff, 0xda, 0x98, 0x00, 0xff, 0xda, 0x98, 0x00, 0xff,
    0xda, 0x98, 0x00, 0xff, 0xda, 0x98, 0x00, 0xff, 0xda, 0x98, 0x00, 0xff,
    0xda, 0x98, 0x00, 0xff, 0xda, 0x98, 0x00, 0xff, 0xda, 0x98, 0x00, 0xff,
    0xda, 0x98, 0x00, 0xff, 0xda, 0x98, 0x00, 0xff, 0xda, 0x98, 0x00, 0xff,
    0xda, 0x98, 0x00, 0xff, 0xda, 0x98, 0x00, 0xff, 0xda, 0x98, 0x00, 0xff,
    0xda, 0x98, 0x00, 0xff, 0xda, 0x98, 0x00, 0xff, 0xda, 0x98, 0x00, 0xff,
    0xda, 0x98, 0x00, 0xff, 0xda, 0x98, 0x00, 0xff, 0xda, 0x98, 0x00, 0xff,
    0xda, 0x98, 0x00, 0xff, 0xda, 0x98, 0x00, 0xff, 0xda, 0x98, 0x00, 0xff,
    0xda, 0x98, 0x00, 0xff, 0xda, 0x98, 0x00, 0xff, 0xda, 0x98, 0x00, 0xff,
    0xda, 0x98, 0x00, 0xff, 0xda, 0x98, 0x00, 0xff, 0xda, 0x98, 0x00, 0xff,
    0xda, 0x98, 0x00, 0xff, 0xda, 0x98, 0x00, 0xff, 0xda, 0x98, 0x00, 0xff,
    0xda, 0x98, 0x00, 0xff, 0xda, 0x98, 0x00, 0xff, 0xda, 0x98, 0x00, 0xff,
    0xda, 0x98, 0x00, 0xff, 0xda, 0x98, 0x00, 0xff, 0xda, 0x98, 0x00, 0xff,
    0xda, 0x98, 0x00, 0xff, 0xda, 0x98, 0x00, 0xff, 0xda, 0x98, 0x00, 0xff,
    0xda, 0x98, 0x00, 0xff, 0xda, 0x98, 0x00, 0xff, 0xda, 0x98, 0x00, 0xff,
    0xda, 0x98, 0x00, 0xff, 0xda, 0x98, 0x00, 0xff, 0xda, 0x98, 0x00, 0xff,
    0xda, 0x98, 0x00, 0xff, 0xda, 0x98, 0x00, 0xff, 0xda, 0x98, 0x00, 0xff,
    0xda, 0x98, 0x00, 0xff, 0xda, 0x98, 0x00, 0xff, 0xda, 0x98, 0x00, 0xff,
    0xda, 0x98, 0x00, 0xff, 0xda, 0x98, 0x00, 0xff, 0xda, 0x98, 0x00, 0xff,
    0xda, 0x98, 0x00, 0xff, 0xda, 0x98, 0x00, 0xff, 0xda, 0x98, 0x00, 0xff,
    0xda, 0x98, 0x00, 0xff, 0xda, 0x98, 0x00, 0xff, 0xda, 0x98, 0x00, 0xff,
    0xda, 0x98, 0x00, 0xff, 0xda, 0x98, 0x00, 0xff, 0xda, 0x98, 0x00, 0xff,
    0xda, 0x98, 0x00, 0xff, 0xda, 0x98, 0x00, 0xff, 0xda, 0x98, 0x00, 0xff,
    0xda, 0x98, 0x00, 0xff, 0xda, 0x98, 0x00, 0xff, 0xda, 0x98, 0x00, 0xff,
    0xda, 0x98, 0x00, 0xff, 0xda, 0x98, 0x00, 0xff, 0xda, 0x98, 0x00, 0xff,
    0xda, 0x98, 0x00, 0xff, 0xda, 0x98, 0x00, 0xff, 0xda, 0x98, 0x00, 0xff,
    0xda, 0x98, 0x00, 0xff, 0xda, 0x98, 0x00, 0xff, 0xda, 0x98, 0x00, 0xff,
    0xda, 0x98, 0x00, 0xff, 0xda, 0x98, 0x00, 0xff, 0xda, 0x98, 0x00, 0xff,
    0xda, 0x98, 0x00, 0xff, 0xda, 0x98, 0x00, 0xff, 0xda, 0x98, 0x00, 0xff,
    0xda, 0x98, 0x00, 0xff, 0xda, 0x98, 0x00, 0xff, 0xda, 0x98, 0x00, 0xff,
    0xda, 0x98, 0x00, 0xff, 0xda, 0x98, 0x00, 0xff, 0xda, 0x98, 0x00, 0xff,
    0xda, 0x98, 0x00, 0xff, 0xda, 0x98, 0x00, 0xff, 0xda, 0x98, 0x00, 0xff,
    0xda, 0x98, 0x00, 0xff, 0xda, 0x98, 0x00, 0xff, 0xda, 0x98, 0x00, 0xff,
    0xda, 0x98, 0x00, 0xff, 0xda, 0x98, 0x00, 0xff, 0xda, 0x98, 0x00, 0xff,
    0xda, 0x98, 0x00, 0xff, 0xda, 0x98, 0x00, 0xff, 0xda, 0x98, 0x00, 0xff,
    0xda, 0x98, 0x00, 0xff, 0xda, 0x98, 0x00, 0xff, 0xda, 0x98, 0x00, 0xff,
    0xda, 0x98, 0x00, 0xff, 0xda, 0x98, 0x00, 0xff, 0xda, 0x98, 0x00, 0xff,
    0xda, 0x98, 0x00, 0xff, 0xda, 0x98, 0x00, 0xff, 0xda, 0x98, 0x00, 0xff,
    0xda, 0x98, 0x00, 0xff, 0xda, 0x98, 0x00, 0xff, 0xda, 0x98, 0x00, 0xff,
    0xda, 0x98, 0x00, 0xff, 0xda, 0x98, 0x00, 0xff, 0xda, 0x98, 0x00, 0xff,
    0xda, 0x98, 0x00, 0xff, 0xda, 0x98, 0x00, 0xff, 0xda, 0x98, 0x00, 0xff,
    0xda, 0x98, 0x00, 0xff, 0xda, 0x98, 0x00, 0xff, 0xda, 0x98, 0x00, 0xff,
    0xda, 0x98, 0x00, 0xff, 0xda, 0x98, 0x00, 0xff, 0xda, 0x98, 0x00, 0xff,
    0xda, 0x98, 0x00, 0xff, 0xda, 0x98, 0x00, 0xff, 0xda, 0x98, 0x00, 0xff,
    0xda, 0x98, 0x00, 0xff, 0xda, 0x98, 0x00, 0xff, 0xda, 0x98, 0x00, 0xff,
    0xda, 0x98, 0x00, 0xff, 0xda, 0x98, 0x00, 0xff, 0xda, 0x98, 0x00, 0xff,
    0xda, 0x98, 0x00, 0xff, 0xda, 0x98, 0x00, 0xff, 0xda, 0x98, 0x00, 0xff,
    0xda, 0x98, 0x00, 0xff, 0xda, 0x98, 0x00, 0xff, 0xda, 0x98, 0x00, 0xff,
    0xda, 0x98, 0x00, 0xff, 0xda, 0x98, 0x00, 0xff, 0xda, 0x98, 0x00, 0xff,
    0xda, 0x98, 0x00, 0xff, 0xda, 0x98, 0x00, 0xff, 0xda, 0x98, 0x00, 0xff,
    0xda, 0x98, 0x00, 0xff, 0xda, 0x98, 0x00, 0xff, 0xda, 0x98, 0x00, 0xff,
    0xda, 0x98, 0x00, 0xff, 0xda, 0x98, 0x00, 0xff, 0xda, 0x98, 0x00, 0xff,
    0xda, 0x98, 0x00, 0xff, 0xda, 0x98, 0x00, 0xff, 0xda, 0x98, 0x00, 0xff,
    0xda, 0x98, 0x00, 0xff, 0xda, 0x98, 0x00, 0xff, 0xda, 0x98, 0x00, 0xff,
    0xda, 0x98, 0x00, 0xff, 0xda, 0x98, 0x00, 0xff, 0xda, 0x98, 0x00, 0xff,
    0xda, 0x98, 0x00, 0xff, 0xda, 0x98, 0x00, 0xff, 0xda, 0x98, 0x00, 0xff,
    0xda, 0x98, 0x00, 0xff, 0xda, 0x98, 0x00, 0xff, 0xda, 0x98, 0x00, 0xff,
    0xda, 0x98, 0x00, 0xff, 0xda, 0x98, 0x00, 0xff, 0xda, 0x98, 0x00, 0xff,
    0xda, 0x98, 0x00, 0xff, 0xda, 0x98, 0x00, 0xff, 0xda, 0x98, 0x00, 0xff,
    0xda, 0x98, 0x00, 0xff, 0xda, 0x98, 0x00, 0xff, 0xda, 0x98, 0x00, 0xff,
    0xda, 0x98, 0x00, 0xff, 0xda, 0x98, 0x00, 0xff, 0xda, 0x98, 0x00, 0xff,
    0xda, 0x98, 0x00, 0xff, 0xda, 0x98, 0x00, 0xff, 0xda, 0x98, 0x00, 0xff,
    0xda, 0x98, 0x00, 0xff, 0xda, 0x98, 0x00, 0xff, 0xda, 0x98, 0x00, 0xff,
    0xda, 0x98, 0x00, 0xff, 0xda, 0x98, 0x00, 0xff, 0xda, 0x98, 0x00, 0xff,
    0xda, 0x98, 0x00, 0xff, 0xda, 0x98, 0x00, 0xff, 0xda, 0x98, 0x00, 0xff,
    0xda, 0x98, 0x00, 0xff, 0xda, 0x98, 0x00, 0xff, 0xda, 0x98, 0x00, 0xff,
    0xda, 0x98, 0x00, 0xff, 0xda, 0x98, 0x00, 0xff, 0xda, 0x98, 0x00, 0xff,
    0xda, 0x98, 0x00, 0xff, 0xda, 0x98, 0x00, 0xff, 0xda, 0x98, 0x00, 0xff,
    0xda, 0x98, 0x00, 0xff, 0xda, 0x98, 0x00, 0xff, 0xda, 0x98, 0x00, 0xff,
    0xda, 0x98, 0x00, 0xff, 0xda, 0x98, 0x00, 0xff, 0xda, 0x98, 0x00, 0xff,
    0xda, 0x98, 0x00, 0xff, 0xda, 0x98, 0x00, 0xff, 0xda, 0x98, 0x00, 0xff,
    0xda, 0x98, 0x00, 0xff, 0xda, 0x98, 0x00, 0xff, 0xda, 0x98, 0x00, 0xff,
    0xda, 0x98, 0x00, 0xff, 0xda, 0x98, 0x00, 0xff, 0xda, 0x98, 0x00, 0xff,
    0xda, 0x98, 0x00, 0xff, 0xda, 0x98, 0x00, 0xff, 0xda, 0x98, 0x00, 0xff,
    0xda, 0x98, 0x00, 0xff, 0xda, 0x98, 0x00, 0xff, 0xda, 0x98, 0x00, 0xff,
    0xda, 0x98, 0x00, 0xff, 0xda, 0x98, 0x00, 0xff, 0xda, 0x98, 0x00, 0xff,
    0xda, 0x98, 0x00, 0xff, 0xda, 0x98, 0x00, 0xff, 0x8e, 0x66, 0x50, 0xff,
    0x8c, 0x65, 0x52, 0xff, 0x8c, 0x65, 0x52, 0xff, 0x8c, 0x65, 0x52, 0xff,
    0x8a, 0x65, 0x52, 0x52, 0xa9, 0x78, 0x34, 0xcb, 0xda, 0x98, 0x00, 0xff,
    0xda, 0x98, 0x00, 0xff, 0xda, 0x98, 0x00, 0xff, 0xda, 0x98, 0x00, 0xff,
    0xda, 0x98, 0x00, 0xff, 0xda, 0x98, 0x00, 0xff, 0xda, 0x98, 0x00, 0xff,
    0xda, 0x98, 0x00, 0xff, 0xda, 0x98, 0x00, 0xff, 0xda, 0x98, 0x00, 0xff,
    0xda, 0x98, 0x00, 0xff, 0xda, 0x98, 0x00, 0xff, 0xda, 0x98, 0x00, 0xff,
    0xda, 0x98, 0x00, 0xff, 0xda, 0x98, 0x00, 0xff, 0xda, 0x98, 0x00, 0xff,
    0xda, 0x98, 0x00, 0xff, 0xda, 0x98, 0x00, 0xff, 0xda, 0x98, 0x00, 0xff,
    0xda, 0x98, 0x00, 0xff, 0xda, 0x98, 0x00, 0xff, 0xda, 0x98, 0x00, 0xff,
    0xda, 0x98, 0x00, 0xff, 0xda, 0x98, 0x00, 0xff, 0xda, 0x98, 0x00, 0xff,
    0xda, 0x98, 0x00, 0xff, 0xda, 0x98, 0x00, 0xff, 0xda, 0x98, 0x00, 0xff,
    0xda, 0x98, 0x00, 0xff, 0xda, 0x98, 0x00, 0xff, 0xda, 0x98, 0x00, 0xff,
    0xda, 0x98, 0x00, 0xff, 0xda, 0x98, 0x00, 0xff, 0xda, 0x98, 0x00, 0xff,
    0xda, 0x98, 0x00, 0xff, 0xda, 0x98, 0x00, 0xff, 0xda, 0x98, 0x00, 0xff,
    0xda, 0x98, 0x00, 0xff, 0xda, 0x98, 0x00, 0xff, 0xda, 0x98, 0x00, 0xff,
    0xda, 0x98, 0x00, 0xff, 0xda, 0x98, 0x00, 0xff, 0xda, 0x98, 0x00, 0xff,
    0xda, 0x98, 0x00, 0xff, 0xda, 0x98, 0x00, 0xff, 0xda, 0x98, 0x00, 0xff,
    0xda, 0x98, 0x00, 0xff, 0xda, 0x98, 0x00, 0xff, 0xda, 0x98, 0x00, 0xff,
    0xda, 0x98, 0x00, 0xff, 0xda, 0x98, 0x00, 0xff, 0xda, 0x98, 0x00, 0xff,
    0xda, 0x98, 0x00, 0xff, 0xda, 0x98, 0x00, 0xff, 0xda, 0x98, 0x00, 0xff,
    0xda, 0x98, 0x00, 0xff, 0xda, 0x98, 0x00, 0xff, 0xda, 0x98, 0x00, 0xff,
    0xda, 0x98, 0x00, 0xff, 0xda, 0x98, 0x00, 0xff, 0xda, 0x98, 0x00, 0xff,
    0xda, 0x98, 0x00, 0xff, 0xda, 0x98, 0x00, 0xff, 0xda, 0x98, 0x00, 0xff,
    0xda, 0x98, 0x00, 0xff, 0xda, 0x98, 0x00, 0xff, 0xda, 0x98, 0x00, 0xff,
    0xda, 0x98, 0x00, 0xff, 0xda, 0x98, 0x00, 0xff, 0xda, 0x98, 0x00, 0xff,
    0xda, 0x98, 0x00, 0xff, 0xda, 0x98, 0x00, 0xff, 0xda, 0x98, 0x00, 0xff,
    0xda, 0x98, 0x00, 0xff, 0xda, 0x98, 0x00, 0xff, 0xda, 0x98, 0x00, 0xff,
    0xda, 0x98, 0x00, 0xff, 0xda, 0x98, 0x00, 0xff, 0xda, 0x98, 0x00, 0xff,
    0xda, 0x98, 0x00, 0xff, 0xda, 0x98, 0x00, 0xff, 0xda, 0x98, 0x00, 0xff,
    0xda, 0x98, 0x00, 0xff, 0xda, 0x98, 0x00, 0xff, 0xda, 0x98, 0x00, 0xff,
    0xda, 0x98, 0x00, 0xff, 0xda, 0x98, 0x00, 0xff, 0xda, 0x98, 0x00, 0xff,
    0xda, 0x98, 0x00, 0xff, 0xda, 0x98, 0x00, 0xff, 0xda, 0x98, 0x00, 0xff,
    0xda, 0x98, 0x00, 0xff, 0xda, 0x98, 0x00, 0xff, 0xda, 0x98, 0x00, 0xff,
    0xda, 0x98, 0x00, 0xff, 0xda, 0x98, 0x00, 0xff, 0xda, 0x98, 0x00, 0xff,
    0xda, 0x98, 0x00, 0xff, 0xda, 0x98, 0x00, 0xff, 0xda, 0x98, 0x00, 0xff,
    0xda, 0x98, 0x00, 0xff, 0xda, 0x98, 0x00, 0xff, 0xda, 0x98, 0x00, 0xff,
    0xda, 0x98, 0x00, 0xff, 0xda, 0x98, 0x00, 0xff, 0xda, 0x98, 0x00, 0xff,
    0xda, 0x98, 0x00, 0xff, 0xda, 0x98, 0x00, 0xff, 0xda, 0x98, 0x00, 0xff,
    0xda, 0x98, 0x00, 0xff, 0xda, 0x98, 0x00, 0xff, 0xda, 0x98, 0x00, 0xff,
    0xda, 0x98, 0x00, 0xff, 0xda, 0x98, 0x00, 0xff, 0xda, 0x98, 0x00, 0xff,
    0xda, 0x98, 0x00, 0xff, 0xda, 0x98, 0x00, 0xff, 0xda, 0x98, 0x00, 0xff,
    0xda, 0x98, 0x00, 0xff, 0xda, 0x98, 0x00, 0xff, 0xda, 0x98, 0x00, 0xff,
    0xda, 0x98, 0x00, 0xff, 0xda, 0x98, 0x00, 0xff, 0xda, 0x98, 0x00, 0xff,
    0xda, 0x98, 0x00, 0xff, 0xda, 0x98, 0x00, 0xff, 0xda, 0x98, 0x00, 0xff,
    0xda, 0x98, 0x00, 0xff, 0xda, 0x98, 0x00, 0xff, 0xda, 0x98, 0x00, 0xff,
    0xda, 0x98, 0x00, 0xff, 0xda, 0x98, 0x00, 0xff, 0xda, 0x98, 0x00, 0xff,
    0xda, 0x98, 0x00, 0xff, 0xda, 0x98, 0x00, 0xff, 0xda, 0x98, 0x00, 0xff,
    0xda, 0x98, 0x00, 0xff, 0xda, 0x98, 0x00, 0xff, 0xda, 0x98, 0x00, 0xff,
    0xda, 0x98, 0x00, 0xff, 0xda, 0x98, 0x00, 0xff, 0xda, 0x98, 0x00, 0xff,
    0xda, 0x98, 0x00, 0xff, 0xda, 0x98, 0x00, 0xff, 0xda, 0x98, 0x00, 0xff,
    0xda, 0x98, 0x00, 0xff, 0xda, 0x98, 0x00, 0xff, 0xda, 0x98, 0x00, 0xff,
    0xda, 0x98, 0x00, 0xff, 0xda, 0x98, 0x00, 0xff, 0xda, 0x98, 0x00, 0xff,
    0xda, 0x98, 0x00, 0xff, 0xda, 0x98, 0x00, 0xff, 0xda, 0x98, 0x00, 0xff,
    0xda, 0x98, 0x00, 0xff, 0xda, 0x98, 0x00, 0xff, 0xda, 0x98, 0x00, 0xff,
    0xda, 0x98, 0x00, 0xff, 0xda, 0x98, 0x00, 0xff, 0xda, 0x98, 0x00, 0xff,
    0xda, 0x98, 0x00, 0xff, 0xda, 0x98, 0x00, 0xff, 0xda, 0x98, 0x00, 0xff,
    0xda, 0x98, 0x00, 0xff, 0xda, 0x98, 0x00, 0xff, 0xda, 0x98, 0x00, 0xff,
    0xda, 0x98, 0x00, 0xff, 0xda, 0x98, 0x00, 0xff, 0xda, 0x98, 0x00, 0xff,
    0xda, 0x98, 0x00, 0xff, 0xda, 0x98, 0x00, 0xff, 0xda, 0x98, 0x00, 0xff,
    0xda, 0x98, 0x00, 0xff, 0xda, 0x98, 0x00, 0xff, 0xda, 0x98, 0x00, 0xff,
    0xda, 0x98, 0x00, 0xff, 0xda, 0x98, 0x00, 0xff, 0xda, 0x98, 0x00, 0xff,
    0xda, 0x98, 0x00, 0xff, 0xda, 0x98, 0x00, 0xff, 0xda, 0x98, 0x00, 0xff,
    0xda, 0x98, 0x00, 0xff, 0xda, 0x98, 0x00, 0xff, 0xda, 0x98, 0x00, 0xff,
    0xda, 0x98, 0x00, 0xff, 0xda, 0x98, 0x00, 0xff, 0xda, 0x98, 0x00, 0xff,
    0xda, 0x98, 0x00, 0xff, 0xda, 0x98, 0x00, 0xff, 0xda, 0x98, 0x00, 0xff,
    0xda, 0x98, 0x00, 0xff, 0xda, 0x98, 0x00, 0xff, 0xda, 0x98, 0x00, 0xff,
    0xda, 0x98, 0x00, 0xff, 0xda, 0x98, 0x00, 0xff, 0xda, 0x98, 0x00, 0xff,
    0xda, 0x98, 0x00, 0xff, 0xda, 0x98, 0x00, 0xff, 0xda, 0x98, 0x00, 0xff,
    0xda, 0x98, 0x00, 0xff, 0xda, 0x98, 0x00, 0xff, 0xda, 0x98, 0x00, 0xff,
    0xda, 0x98, 0x00, 0xff, 0xda, 0x98, 0x00, 0xff, 0xda, 0x98, 0x00, 0xff,
    0xda, 0x98, 0x00, 0xff, 0xda, 0x98, 0x00, 0xff, 0xda, 0x98, 0x00, 0xff,
    0xda, 0x98, 0x00, 0xff, 0xda, 0x98, 0x00, 0xff, 0xda, 0x98, 0x00, 0xff,
    0xda, 0x98, 0x00, 0xff, 0xda, 0x98, 0x00, 0xff, 0xda, 0x98, 0x00, 0xff,
    0xda, 0x98, 0x00, 0xff, 0xda, 0x98, 0x00, 0xff, 0xda, 0x98, 0x00, 0xff,
    0xda, 0x98, 0x00, 0xff, 0xda, 0x98, 0x00, 0xff, 0xda, 0x98, 0x00, 0xff,
    0xda, 0x98, 0x00, 0xff, 0xda, 0x98, 0x00, 0xff, 0xda, 0x98, 0x00, 0xff,
    0xda, 0x98, 0x00, 0xff, 0xda, 0x98, 0x00, 0xff, 0xda, 0x98, 0x00, 0xff,
    0xda, 0x98, 0x00, 0xff, 0xda, 0x98, 0x00, 0xff, 0xda, 0x98, 0x00, 0xff,
    0xda, 0x98, 0x00, 0xff, 0xda, 0x98, 0x00, 0xff, 0xda, 0x98, 0x00, 0xff,
    0xda, 0x98, 0x00, 0xff, 0xda, 0x98, 0x00, 0xff, 0xda, 0x98, 0x00, 0xff,
    0xda, 0x98, 0x00, 0xff, 0xda, 0x98, 0x00, 0xff, 0xda, 0x98, 0x00, 0xff,
    0xda, 0x98, 0x00, 0xff, 0xda, 0x98, 0x00, 0xff, 0xda, 0x98, 0x00, 0xff,
    0x8e, 0x66, 0x50, 0xff, 0x8c, 0x65, 0x52, 0xff, 0x8c, 0x65, 0x52, 0xff,
    0x8c, 0x65, 0x52, 0xff, 0x8a, 0x65, 0x52, 0x52, 0xa9, 0x78, 0x34, 0xcb,
    0xda, 0x98, 0x00, 0xff, 0xda, 0x98, 0x00, 0xff, 0xda, 0x98, 0x00, 0xff,
    0xda, 0x98, 0x00, 0xff, 0xda, 0x98, 0x00, 0xff, 0xda, 0x98, 0x00, 0xff,
    0xda, 0x98, 0x00, 0xff, 0xda, 0x98, 0x00, 0xff, 0xda, 0x98, 0x00, 0xff,
    0xda, 0x98, 0x00, 0xff, 0xda, 0x98, 0x00, 0xff, 0xda, 0x98, 0x00, 0xff,
    0xda, 0x98, 0x00, 0xff, 0xda, 0x98, 0x00, 0xff, 0xda, 0x98, 0x00, 0xff,
    0xda, 0x98, 0x00, 0xff, 0xda, 0x98, 0x00, 0xff, 0xda, 0x98, 0x00, 0xff,
    0xda, 0x98, 0x00, 0xff, 0xda, 0x98, 0x00, 0xff, 0xda, 0x98, 0x00, 0xff,
    0xda, 0x98, 0x00, 0xff, 0xda, 0x98, 0x00, 0xff, 0xda, 0x98, 0x00, 0xff,
    0xda, 0x98, 0x00, 0xff, 0xda, 0x98, 0x00, 0xff, 0xda, 0x98, 0x00, 0xff,
    0xda, 0x98, 0x00, 0xff, 0xda, 0x98, 0x00, 0xff, 0xda, 0x98, 0x00, 0xff,
    0xda, 0x98, 0x00, 0xff, 0xda, 0x98, 0x00, 0xff, 0xda, 0x98, 0x00, 0xff,
    0xda, 0x98, 0x00, 0xff, 0xda, 0x98, 0x00, 0xff, 0xda, 0x98, 0x00, 0xff,
    0xda, 0x98, 0x00, 0xff, 0xda, 0x98, 0x00, 0xff, 0xda, 0x98, 0x00, 0xff,
    0xda, 0x98, 0x00, 0xff, 0xda, 0x98, 0x00, 0xff, 0xda, 0x98, 0x00, 0xff,
    0xda, 0x98, 0x00, 0xff, 0xda, 0x98, 0x00, 0xff, 0xda, 0x98, 0x00, 0xff,
    0xda, 0x98, 0x00, 0xff, 0xda, 0x98, 0x00, 0xff, 0xda, 0x98, 0x00, 0xff,
    0xda, 0x98, 0x00, 0xff, 0xda, 0x98, 0x00, 0xff, 0xda, 0x98, 0x00, 0xff,
    0xda, 0x98, 0x00, 0xff, 0xda, 0x98, 0x00, 0xff, 0xda, 0x98, 0x00, 0xff,
    0xda, 0x98, 0x00, 0xff, 0xda, 0x98, 0x00, 0xff, 0xda, 0x98, 0x00, 0xff,
    0xda, 0x98, 0x00, 0xff, 0xda, 0x98, 0x00, 0xff, 0xda, 0x98, 0x00, 0xff,
    0xda, 0x98, 0x00, 0xff, 0xda, 0x98, 0x00, 0xff, 0xda, 0x98, 0x00, 0xff,
    0xda, 0x98, 0x00, 0xff, 0xda, 0x98, 0x00, 0xff, 0xda, 0x98, 0x00, 0xff,
    0xda, 0x98, 0x00, 0xff, 0xda, 0x98, 0x00, 0xff, 0xda, 0x98, 0x00, 0xff,
    0xda, 0x98, 0x00, 0xff, 0xda, 0x98, 0x00, 0xff, 0xda, 0x98, 0x00, 0xff,
    0xda, 0x98, 0x00, 0xff, 0xda, 0x98, 0x00, 0xff, 0xda, 0x98, 0x00, 0xff,
    0xda, 0x98, 0x00, 0xff, 0xda, 0x98, 0x00, 0xff, 0xda, 0x98, 0x00, 0xff,
    0xda, 0x98, 0x00, 0xff, 0xda, 0x98, 0x00, 0xff, 0xda, 0x98, 0x00, 0xff,
    0xda, 0x98, 0x00, 0xff, 0xda, 0x98, 0x00, 0xff, 0xda, 0x98, 0x00, 0xff,
    0xda, 0x98, 0x00, 0xff, 0xda, 0x98, 0x00, 0xff, 0xda, 0x98, 0x00, 0xff,
    0xda, 0x98, 0x00, 0xff, 0xda, 0x98, 0x00, 0xff, 0xda, 0x98, 0x00, 0xff,
    0xda, 0x98, 0x00, 0xff, 0xda, 0x98, 0x00, 0xff, 0xda, 0x98, 0x00, 0xff,
    0xda, 0x98, 0x00, 0xff, 0xda, 0x98, 0x00, 0xff, 0xda, 0x98, 0x00, 0xff,
    0xda, 0x98, 0x00, 0xff, 0xda, 0x98, 0x00, 0xff, 0xda, 0x98, 0x00, 0xff,
    0xda, 0x98, 0x00, 0xff, 0xda, 0x98, 0x00, 0xff, 0xda, 0x98, 0x00, 0xff,
    0xda, 0x98, 0x00, 0xff, 0xda, 0x98, 0x00, 0xff, 0xda, 0x98, 0x00, 0xff,
    0xda, 0x98, 0x00, 0xff, 0xda, 0x98, 0x00, 0xff, 0xda, 0x98, 0x00, 0xff,
    0xda, 0x98, 0x00, 0xff, 0xda, 0x98, 0x00, 0xff, 0xda, 0x98, 0x00, 0xff,
    0xda, 0x98, 0x00, 0xff, 0xda, 0x98, 0x00, 0xff, 0xda, 0x98, 0x00, 0xff,
    0xda, 0x98, 0x00, 0xff, 0xda, 0x98, 0x00, 0xff, 0xda, 0x98, 0x00, 0xff,
    0xda, 0x98, 0x00, 0xff, 0xda, 0x98, 0x00, 0xff, 0xda, 0x98, 0x00, 0xff,
    0xda, 0x98, 0x00, 0xff, 0xda, 0x98, 0x00, 0xff, 0xda, 0x98, 0x00, 0xff,
    0xda, 0x98, 0x00, 0xff, 0xda, 0x98, 0x00, 0xff, 0xda, 0x98, 0x00, 0xff,
    0xda, 0x98, 0x00, 0xff, 0xda, 0x98, 0x00, 0xff, 0xda, 0x98, 0x00, 0xff,
    0xda, 0x98, 0x00, 0xff, 0xda, 0x98, 0x00, 0xff, 0xda, 0x98, 0x00, 0xff,
    0xda, 0x98, 0x00, 0xff, 0xda, 0x98, 0x00, 0xff, 0xda, 0x98, 0x00, 0xff,
    0xda, 0x98, 0x00, 0xff, 0xda, 0x98, 0x00, 0xff, 0xda, 0x98, 0x00, 0xff,
    0xda, 0x98, 0x00, 0xff, 0xda, 0x98, 0x00, 0xff, 0xda, 0x98, 0x00, 0xff,
    0xda, 0x98, 0x00, 0xff, 0xda, 0x98, 0x00, 0xff, 0xda, 0x98, 0x00, 0xff,
    0xda, 0x98, 0x00, 0xff, 0xda, 0x98, 0x00, 0xff, 0xda, 0x98, 0x00, 0xff,
    0xda, 0x98, 0x00, 0xff, 0xda, 0x98, 0x00, 0xff, 0xda, 0x98, 0x00, 0xff,
    0xda, 0x98, 0x00, 0xff, 0xda, 0x98, 0x00, 0xff, 0xda, 0x98, 0x00, 0xff,
    0xda, 0x98, 0x00, 0xff, 0xda, 0x98, 0x00, 0xff, 0xda, 0x98, 0x00, 0xff,
    0xda, 0x98, 0x00, 0xff, 0xda, 0x98, 0x00, 0xff, 0xda, 0x98, 0x00, 0xff,
    0xda, 0x98, 0x00, 0xff, 0xda, 0x98, 0x00, 0xff, 0xda, 0x98, 0x00, 0xff,
    0xda, 0x98, 0x00, 0xff, 0xda, 0x98, 0x00, 0xff, 0xda, 0x98, 0x00, 0xff,
    0xda, 0x98, 0x00, 0xff, 0xda, 0x98, 0x00, 0xff, 0xda, 0x98, 0x00, 0xff,
    0xda, 0x98, 0x00, 0xff, 0xda, 0x98, 0x00, 0xff, 0xda, 0x98, 0x00, 0xff,
    0xda, 0x98, 0x00, 0xff, 0xda, 0x98, 0x00, 0xff, 0xda, 0x98, 0x00, 0xff,
    0xda, 0x98, 0x00, 0xff, 0xda, 0x98, 0x00, 0xff, 0xda, 0x98, 0x00, 0xff,
    0xda, 0x98, 0x00, 0xff, 0xda, 0x98, 0x00, 0xff, 0xda, 0x98, 0x00, 0xff,
    0xda, 0x98, 0x00, 0xff, 0xda, 0x98, 0x00, 0xff, 0xda, 0x98, 0x00, 0xff,
    0xda, 0x98, 0x00, 0xff, 0xda, 0x98, 0x00, 0xff, 0xda, 0x98, 0x00, 0xff,
    0xda, 0x98, 0x00, 0xff, 0xda, 0x98, 0x00, 0xff, 0xda, 0x98, 0x00, 0xff,
    0xda, 0x98, 0x00, 0xff, 0xda, 0x98, 0x00, 0xff, 0xda, 0x98, 0x00, 0xff,
    0xda, 0x98, 0x00, 0xff, 0xda, 0x98, 0x00, 0xff, 0xda, 0x98, 0x00, 0xff,
    0xda, 0x98, 0x00, 0xff, 0xda, 0x98, 0x00, 0xff, 0xda, 0x98, 0x00, 0xff,
    0xda, 0x98, 0x00, 0xff, 0xda, 0x98, 0x00, 0xff, 0xda, 0x98, 0x00, 0xff,
    0xda, 0x98, 0x00, 0xff, 0xda, 0x98, 0x00, 0xff, 0xda, 0x98, 0x00, 0xff,
    0xda, 0x98, 0x00, 0xff, 0xda, 0x98, 0x00, 0xff, 0xda, 0x98, 0x00, 0xff,
    0xda, 0x98, 0x00, 0xff, 0xda, 0x98, 0x00, 0xff, 0xda, 0x98, 0x00, 0xff,
    0xda, 0x98, 0x00, 0xff, 0xda, 0x98, 0x00, 0xff, 0xda, 0x98, 0x00, 0xff,
    0xda, 0x98, 0x00, 0xff, 0xda, 0x98, 0x00, 0xff, 0xda, 0x98, 0x00, 0xff,
    0xda, 0x98, 0x00, 0xff, 0xda, 0x98, 0x00, 0xff, 0xda, 0x98, 0x00, 0xff,
    0xda, 0x98, 0x00, 0xff, 0xda, 0x98, 0x00, 0xff, 0xda, 0x98, 0x00, 0xff,
    0xda, 0x98, 0x00, 0xff, 0xda, 0x98, 0x00, 0xff, 0xda, 0x98, 0x00, 0xff,
    0xda, 0x98, 0x00, 0xff, 0xda, 0x98, 0x00, 0xff, 0xda, 0x98, 0x00, 0xff,
    0xda, 0x98, 0x00, 0xff, 0xda, 0x98, 0x00, 0xff, 0xda, 0x98, 0x00, 0xff,
    0xda, 0x98, 0x00, 0xff, 0xda, 0x98, 0x00, 0xff, 0xda, 0x98, 0x00, 0xff,
    0xda, 0x98, 0x00, 0xff, 0xda, 0x98, 0x00, 0xff, 0xda, 0x98, 0x00, 0xff,
    0xda, 0x98, 0x00, 0xff, 0xda, 0x98, 0x00, 0xff, 0xda, 0x98, 0x00, 0xff,
    0xda, 0x98, 0x00, 0xff, 0x8e, 0x66, 0x50, 0xff, 0x8c, 0x65, 0x52, 0xff,
    0x8c, 0x65, 0x52, 0xff, 0x8c, 0x65, 0x52, 0xff, 0x8a, 0x65, 0x52, 0x52,
    0xa9, 0x78, 0x34, 0xcb, 0xda, 0x98, 0x00, 0xff, 0xda, 0x98, 0x00, 0xff,
    0xda, 0x98, 0x00, 0xff, 0xda, 0x98, 0x00, 0xff, 0xda, 0x98, 0x00, 0xff,
    0xda, 0x98, 0x00, 0xff, 0xda, 0x98, 0x00, 0xff, 0xda, 0x98, 0x00, 0xff,
    0xda, 0x98, 0x00, 0xff, 0xda, 0x98, 0x00, 0xff, 0xda, 0x98, 0x00, 0xff,
    0xda, 0x98, 0x00, 0xff, 0xda, 0x98, 0x00, 0xff, 0xda, 0x98, 0x00, 0xff,
    0xda, 0x98, 0x00, 0xff, 0xda, 0x98, 0x00, 0xff, 0xda, 0x98, 0x00, 0xff,
    0xda, 0x98, 0x00, 0xff, 0xda, 0x98, 0x00, 0xff, 0xda, 0x98, 0x00, 0xff,
    0xda, 0x98, 0x00, 0xff, 0xda, 0x98, 0x00, 0xff, 0xda, 0x98, 0x00, 0xff,
    0xda, 0x98, 0x00, 0xff, 0xda, 0x98, 0x00, 0xff, 0xda, 0x98, 0x00, 0xff,
    0xda, 0x98, 0x00, 0xff, 0xda, 0x98, 0x00, 0xff, 0xda, 0x98, 0x00, 0xff,
    0xda, 0x98, 0x00, 0xff, 0xda, 0x98, 0x00, 0xff, 0xda, 0x98, 0x00, 0xff,
    0xda, 0x98, 0x00, 0xff, 0xda, 0x98, 0x00, 0xff, 0xda, 0x98, 0x00, 0xff,
    0xda, 0x98, 0x00, 0xff, 0xda, 0x98, 0x00, 0xff, 0xda, 0x98, 0x00, 0xff,
    0xda, 0x98, 0x00, 0xff, 0xda, 0x98, 0x00, 0xff, 0xda, 0x98, 0x00, 0xff,
    0xda, 0x98, 0x00, 0xff, 0xda, 0x98, 0x00, 0xff, 0xda, 0x98, 0x00, 0xff,
    0xda, 0x98, 0x00, 0xff, 0xda, 0x98, 0x00, 0xff, 0xda, 0x98, 0x00, 0xff,
    0xda, 0x98, 0x00, 0xff, 0xda, 0x98, 0x00, 0xff, 0xda, 0x98, 0x00, 0xff,
    0xda, 0x98, 0x00, 0xff, 0xda, 0x98, 0x00, 0xff, 0xda, 0x98, 0x00, 0xff,
    0xda, 0x98, 0x00, 0xff, 0xda, 0x98, 0x00, 0xff, 0xda, 0x98, 0x00, 0xff,
    0xda, 0x98, 0x00, 0xff, 0xda, 0x98, 0x00, 0xff, 0xda, 0x98, 0x00, 0xff,
    0xda, 0x98, 0x00, 0xff, 0xda, 0x98, 0x00, 0xff, 0xda, 0x98, 0x00, 0xff,
    0xda, 0x98, 0x00, 0xff, 0xda, 0x98, 0x00, 0xff, 0xda, 0x98, 0x00, 0xff,
    0xda, 0x98, 0x00, 0xff, 0xda, 0x98, 0x00, 0xff, 0xda, 0x98, 0x00, 0xff,
    0xda, 0x98, 0x00, 0xff, 0xda, 0x98, 0x00, 0xff, 0xda, 0x98, 0x00, 0xff,
    0xda, 0x98, 0x00, 0xff, 0xda, 0x98, 0x00, 0xff, 0xda, 0x98, 0x00, 0xff,
    0xda, 0x98, 0x00, 0xff, 0xda, 0x98, 0x00, 0xff, 0xda, 0x98, 0x00, 0xff,
    0xda, 0x98, 0x00, 0xff, 0xda, 0x98, 0x00, 0xff, 0xda, 0x98, 0x00, 0xff,
    0xda, 0x98, 0x00, 0xff, 0xda, 0x98, 0x00, 0xff, 0xda, 0x98, 0x00, 0xff,
    0xda, 0x98, 0x00, 0xff, 0xda, 0x98, 0x00, 0xff, 0xda, 0x98, 0x00, 0xff,
    0xda, 0x98, 0x00, 0xff, 0xda, 0x98, 0x00, 0xff, 0xda, 0x98, 0x00, 0xff,
    0xda, 0x98, 0x00, 0xff, 0xda, 0x98, 0x00, 0xff, 0xda, 0x98, 0x00, 0xff,
    0xda, 0x98, 0x00, 0xff, 0xda, 0x98, 0x00, 0xff, 0xda, 0x98, 0x00, 0xff,
    0xda, 0x98, 0x00, 0xff, 0xda, 0x98, 0x00, 0xff, 0xda, 0x98, 0x00, 0xff,
    0xda, 0x98, 0x00, 0xff, 0xda, 0x98, 0x00, 0xff, 0xda, 0x98, 0x00, 0xff,
    0xda, 0x98, 0x00, 0xff, 0xda, 0x98, 0x00, 0xff, 0xda, 0x98, 0x00, 0xff,
    0xda, 0x98, 0x00, 0xff, 0xda, 0x98, 0x00, 0xff, 0xda, 0x98, 0x00, 0xff,
    0xda, 0x98, 0x00, 0xff, 0xda, 0x98, 0x00, 0xff, 0xda, 0x98, 0x00, 0xff,
    0xda, 0x98, 0x00, 0xff, 0xda, 0x98, 0x00, 0xff, 0xda, 0x98, 0x00, 0xff,
    0xda, 0x98, 0x00, 0xff, 0xda, 0x98, 0x00, 0xff, 0xda, 0x98, 0x00, 0xff,
    0xda, 0x98, 0x00, 0xff, 0xda, 0x98, 0x00, 0xff, 0xda, 0x98, 0x00, 0xff,
    0xda, 0x98, 0x00, 0xff, 0xda, 0x98, 0x00, 0xff, 0xda, 0x98, 0x00, 0xff,
    0xda, 0x98, 0x00, 0xff, 0xda, 0x98, 0x00, 0xff, 0xda, 0x98, 0x00, 0xff,
    0xda, 0x98, 0x00, 0xff, 0xda, 0x98, 0x00, 0xff, 0xda, 0x98, 0x00, 0xff,
    0xda, 0x98, 0x00, 0xff, 0xda, 0x98, 0x00, 0xff, 0xda, 0x98, 0x00, 0xff,
    0xda, 0x98, 0x00, 0xff, 0xda, 0x98, 0x00, 0xff, 0xda, 0x98, 0x00, 0xff,
    0xda, 0x98, 0x00, 0xff, 0xda, 0x98, 0x00, 0xff, 0xda, 0x98, 0x00, 0xff,
    0xda, 0x98, 0x00, 0xff, 0xda, 0x98, 0x00, 0xff, 0xda, 0x98, 0x00, 0xff,
    0xda, 0x98, 0x00, 0xff, 0xda, 0x98, 0x00, 0xff, 0xda, 0x98, 0x00, 0xff,
    0xda, 0x98, 0x00, 0xff, 0xda, 0x98, 0x00, 0xff, 0xda, 0x98, 0x00, 0xff,
    0xda, 0x98, 0x00, 0xff, 0xda, 0x98, 0x00, 0xff, 0xda, 0x98, 0x00, 0xff,
    0xda, 0x98, 0x00, 0xff, 0xda, 0x98, 0x00, 0xff, 0xda, 0x98, 0x00, 0xff,
    0xda, 0x98, 0x00, 0xff, 0xda, 0x98, 0x00, 0xff, 0xda, 0x98, 0x00, 0xff,
    0xda, 0x98, 0x00, 0xff, 0xda, 0x98, 0x00, 0xff, 0xda, 0x98, 0x00, 0xff,
    0xda, 0x98, 0x00, 0xff, 0xda, 0x98, 0x00, 0xff, 0xda, 0x98, 0x00, 0xff,
    0xda, 0x98, 0x00, 0xff, 0xda, 0x98, 0x00, 0xff, 0xda, 0x98, 0x00, 0xff,
    0xda, 0x98, 0x00, 0xff, 0xda, 0x98, 0x00, 0xff, 0xda, 0x98, 0x00, 0xff,
    0xda, 0x98, 0x00, 0xff, 0xda, 0x98, 0x00, 0xff, 0xda, 0x98, 0x00, 0xff,
    0xda, 0x98, 0x00, 0xff, 0xda, 0x98, 0x00, 0xff, 0xda, 0x98, 0x00, 0xff,
    0xda, 0x98, 0x00, 0xff, 0xda, 0x98, 0x00, 0xff, 0xda, 0x98, 0x00, 0xff,
    0xda, 0x98, 0x00, 0xff, 0xda, 0x98, 0x00, 0xff, 0xda, 0x98, 0x00, 0xff,
    0xda, 0x98, 0x00, 0xff, 0xda, 0x98, 0x00, 0xff, 0xda, 0x98, 0x00, 0xff,
    0xda, 0x98, 0x00, 0xff, 0xda, 0x98, 0x00, 0xff, 0xda, 0x98, 0x00, 0xff,
    0xda, 0x98, 0x00, 0xff, 0xda, 0x98, 0x00, 0xff, 0xda, 0x98, 0x00, 0xff,
    0xda, 0x98, 0x00, 0xff, 0xda, 0x98, 0x00, 0xff, 0xda, 0x98, 0x00, 0xff,
    0xda, 0x98, 0x00, 0xff, 0xda, 0x98, 0x00, 0xff, 0xda, 0x98, 0x00, 0xff,
    0xda, 0x98, 0x00, 0xff, 0xda, 0x98, 0x00, 0xff, 0xda, 0x98, 0x00, 0xff,
    0xda, 0x98, 0x00, 0xff, 0xda, 0x98, 0x00, 0xff, 0xda, 0x98, 0x00, 0xff,
    0xda, 0x98, 0x00, 0xff, 0xda, 0x98, 0x00, 0xff, 0xda, 0x98, 0x00, 0xff,
    0xda, 0x98, 0x00, 0xff, 0xda, 0x98, 0x00, 0xff, 0xda, 0x98, 0x00, 0xff,
    0xda, 0x98, 0x00, 0xff, 0xda, 0x98, 0x00, 0xff, 0xda, 0x98, 0x00, 0xff,
    0xda, 0x98, 0x00, 0xff, 0xda, 0x98, 0x00, 0xff, 0xda, 0x98, 0x00, 0xff,
    0xda, 0x98, 0x00, 0xff, 0xda, 0x98, 0x00, 0xff, 0xda, 0x98, 0x00, 0xff,
    0xda, 0x98, 0x00, 0xff, 0xda, 0x98, 0x00, 0xff, 0xda, 0x98, 0x00, 0xff,
    0xda, 0x98, 0x00, 0xff, 0xda, 0x98, 0x00, 0xff, 0xda, 0x98, 0x00, 0xff,
    0xda, 0x98, 0x00, 0xff, 0xda, 0x98, 0x00, 0xff, 0xda, 0x98, 0x00, 0xff,
    0xda, 0x98, 0x00, 0xff, 0xda, 0x98, 0x00, 0xff, 0xda, 0x98, 0x00, 0xff,
    0xda, 0x98, 0x00, 0xff, 0xda, 0x98, 0x00, 0xff, 0xda, 0x98, 0x00, 0xff,
    0xda, 0x98, 0x00, 0xff, 0xda, 0x98, 0x00, 0xff, 0xda, 0x98, 0x00, 0xff,
    0xda, 0x98, 0x00, 0xff, 0xda, 0x98, 0x00, 0xff, 0xda, 0x98, 0x00, 0xff,
    0xda, 0x98, 0x00, 0xff, 0xda, 0x98, 0x00, 0xff, 0xda, 0x98, 0x00, 0xff,
    0xda, 0x98, 0x00, 0xff, 0xda, 0x98, 0x00, 0xff, 0x8e, 0x66, 0x50, 0xff,
    0x8c, 0x65, 0x52, 0xff, 0x8c, 0x65, 0x52, 0xff, 0x8c, 0x65, 0x52, 0xff,
    0x8a, 0x65, 0x52, 0x52, 0xa9, 0x78, 0x34, 0xcb, 0xda, 0x98, 0x00, 0xff,
    0xda, 0x98, 0x00, 0xff, 0xda, 0x98, 0x00, 0xff, 0xda, 0x98, 0x00, 0xff,
    0xda, 0x98, 0x00, 0xff, 0xda, 0x98, 0x00, 0xff, 0xda, 0x98, 0x00, 0xff,
    0xda, 0x98, 0x00, 0xff, 0xda, 0x98, 0x00, 0xff, 0xda, 0x98, 0x00, 0xff,
    0xda, 0x98, 0x00, 0xff, 0xda, 0x98, 0x00, 0xff, 0xda, 0x98, 0x00, 0xff,
    0xda, 0x98, 0x00, 0xff, 0xda, 0x98, 0x00, 0xff, 0xda, 0x98, 0x00, 0xff,
    0xda, 0x98, 0x00, 0xff, 0xda, 0x98, 0x00, 0xff, 0xda, 0x98, 0x00, 0xff,
    0xda, 0x98, 0x00, 0xff, 0xda, 0x98, 0x00, 0xff, 0xda, 0x98, 0x00, 0xff,
    0xda, 0x98, 0x00, 0xff, 0xda, 0x98, 0x00, 0xff, 0xda, 0x98, 0x00, 0xff,
    0xda, 0x98, 0x00, 0xff, 0xda, 0x98, 0x00, 0xff, 0xda, 0x98, 0x00, 0xff,
    0xda, 0x98, 0x00, 0xff, 0xda, 0x98, 0x00, 0xff, 0xda, 0x98, 0x00, 0xff,
    0xda, 0x98, 0x00, 0xff, 0xda, 0x98, 0x00, 0xff, 0xda, 0x98, 0x00, 0xff,
    0xda, 0x98, 0x00, 0xff, 0xda, 0x98, 0x00, 0xff, 0xda, 0x98, 0x00, 0xff,
    0xda, 0x98, 0x00, 0xff, 0xda, 0x98, 0x00, 0xff, 0xda, 0x98, 0x00, 0xff,
    0xda, 0x98, 0x00, 0xff, 0xda, 0x98, 0x00, 0xff, 0xda, 0x98, 0x00, 0xff,
    0xda, 0x98, 0x00, 0xff, 0xda, 0x98, 0x00, 0xff, 0xda, 0x98, 0x00, 0xff,
    0xda, 0x98, 0x00, 0xff, 0xda, 0x98, 0x00, 0xff, 0xda, 0x98, 0x00, 0xff,
    0xda, 0x98, 0x00, 0xff, 0xda, 0x98, 0x00, 0xff, 0xda, 0x98, 0x00, 0xff,
    0xda, 0x98, 0x00, 0xff, 0xda, 0x98, 0x00, 0xff, 0xda, 0x98, 0x00, 0xff,
    0xda, 0x98, 0x00, 0xff, 0xda, 0x98, 0x00, 0xff, 0xda, 0x98, 0x00, 0xff,
    0xda, 0x98, 0x00, 0xff, 0xda, 0x98, 0x00, 0xff, 0xda, 0x98, 0x00, 0xff,
    0xda, 0x98, 0x00, 0xff, 0xda, 0x98, 0x00, 0xff, 0xda, 0x98, 0x00, 0xff,
    0xda, 0x98, 0x00, 0xff, 0xda, 0x98, 0x00, 0xff, 0xda, 0x98, 0x00, 0xff,
    0xda, 0x98, 0x00, 0xff, 0xda, 0x98, 0x00, 0xff, 0xda, 0x98, 0x00, 0xff,
    0xda, 0x98, 0x00, 0xff, 0xda, 0x98, 0x00, 0xff, 0xda, 0x98, 0x00, 0xff,
    0xda, 0x98, 0x00, 0xff, 0xda, 0x98, 0x00, 0xff, 0xda, 0x98, 0x00, 0xff,
    0xda, 0x98, 0x00, 0xff, 0xda, 0x98, 0x00, 0xff, 0xda, 0x98, 0x00, 0xff,
    0xda, 0x98, 0x00, 0xff, 0xda, 0x98, 0x00, 0xff, 0xda, 0x98, 0x00, 0xff,
    0xda, 0x98, 0x00, 0xff, 0xda, 0x98, 0x00, 0xff, 0xda, 0x98, 0x00, 0xff,
    0xda, 0x98, 0x00, 0xff, 0xda, 0x98, 0x00, 0xff, 0xda, 0x98, 0x00, 0xff,
    0xda, 0x98, 0x00, 0xff, 0xda, 0x98, 0x00, 0xff, 0xda, 0x98, 0x00, 0xff,
    0xda, 0x98, 0x00, 0xff, 0xda, 0x98, 0x00, 0xff, 0xda, 0x98, 0x00, 0xff,
    0xda, 0x98, 0x00, 0xff, 0xda, 0x98, 0x00, 0xff, 0xda, 0x98, 0x00, 0xff,
    0xda, 0x98, 0x00, 0xff, 0xda, 0x98, 0x00, 0xff, 0xda, 0x98, 0x00, 0xff,
    0xda, 0x98, 0x00, 0xff, 0xda, 0x98, 0x00, 0xff, 0xda, 0x98, 0x00, 0xff,
    0xda, 0x98, 0x00, 0xff, 0xda, 0x98, 0x00, 0xff, 0xda, 0x98, 0x00, 0xff,
    0xda, 0x98, 0x00, 0xff, 0xda, 0x98, 0x00, 0xff, 0xda, 0x98, 0x00, 0xff,
    0xda, 0x98, 0x00, 0xff, 0xda, 0x98, 0x00, 0xff, 0xda, 0x98, 0x00, 0xff,
    0xda, 0x98, 0x00, 0xff, 0xda, 0x98, 0x00, 0xff, 0xda, 0x98, 0x00, 0xff,
    0xda, 0x98, 0x00, 0xff, 0xda, 0x98, 0x00, 0xff, 0xda, 0x98, 0x00, 0xff,
    0xda, 0x98, 0x00, 0xff, 0xda, 0x98, 0x00, 0xff, 0xda, 0x98, 0x00, 0xff,
    0xda, 0x98, 0x00, 0xff, 0xda, 0x98, 0x00, 0xff, 0xda, 0x98, 0x00, 0xff,
    0xda, 0x98, 0x00, 0xff, 0xda, 0x98, 0x00, 0xff, 0xda, 0x98, 0x00, 0xff,
    0xda, 0x98, 0x00, 0xff, 0xda, 0x98, 0x00, 0xff, 0xda, 0x98, 0x00, 0xff,
    0xda, 0x98, 0x00, 0xff, 0xda, 0x98, 0x00, 0xff, 0xda, 0x98, 0x00, 0xff,
    0xda, 0x98, 0x00, 0xff, 0xda, 0x98, 0x00, 0xff, 0xda, 0x98, 0x00, 0xff,
    0xda, 0x98, 0x00, 0xff, 0xda, 0x98, 0x00, 0xff, 0xda, 0x98, 0x00, 0xff,
    0xda, 0x98, 0x00, 0xff, 0xda, 0x98, 0x00, 0xff, 0xda, 0x98, 0x00, 0xff,
    0xda, 0x98, 0x00, 0xff, 0xda, 0x98, 0x00, 0xff, 0xda, 0x98, 0x00, 0xff,
    0xda, 0x98, 0x00, 0xff, 0xda, 0x98, 0x00, 0xff, 0xda, 0x98, 0x00, 0xff,
    0xda, 0x98, 0x00, 0xff, 0xda, 0x98, 0x00, 0xff, 0xda, 0x98, 0x00, 0xff,
    0xda, 0x98, 0x00, 0xff, 0xda, 0x98, 0x00, 0xff, 0xda, 0x98, 0x00, 0xff,
    0xda, 0x98, 0x00, 0xff, 0xda, 0x98, 0x00, 0xff, 0xda, 0x98, 0x00, 0xff,
    0xda, 0x98, 0x00, 0xff, 0xda, 0x98, 0x00, 0xff, 0xda, 0x98, 0x00, 0xff,
    0xda, 0x98, 0x00, 0xff, 0xda, 0x98, 0x00, 0xff, 0xda, 0x98, 0x00, 0xff,
    0xda, 0x98, 0x00, 0xff, 0xda, 0x98, 0x00, 0xff, 0xda, 0x98, 0x00, 0xff,
    0xda, 0x98, 0x00, 0xff, 0xda, 0x98, 0x00, 0xff, 0xda, 0x98, 0x00, 0xff,
    0xda, 0x98, 0x00, 0xff, 0xda, 0x98, 0x00, 0xff, 0xda, 0x98, 0x00, 0xff,
    0xda, 0x98, 0x00, 0xff, 0xda, 0x98, 0x00, 0xff, 0xda, 0x98, 0x00, 0xff,
    0xda, 0x98, 0x00, 0xff, 0xda, 0x98, 0x00, 0xff, 0xda, 0x98, 0x00, 0xff,
    0xda, 0x98, 0x00, 0xff, 0xda, 0x98, 0x00, 0xff, 0xda, 0x98, 0x00, 0xff,
    0xda, 0x98, 0x00, 0xff, 0xda, 0x98, 0x00, 0xff, 0xda, 0x98, 0x00, 0xff,
    0xda, 0x98, 0x00, 0xff, 0xda, 0x98, 0x00, 0xff, 0xda, 0x98, 0x00, 0xff,
    0xda, 0x98, 0x00, 0xff, 0xda, 0x98, 0x00, 0xff, 0xda, 0x98, 0x00, 0xff,
    0xda, 0x98, 0x00, 0xff, 0xda, 0x98, 0x00, 0xff, 0xda, 0x98, 0x00, 0xff,
    0xda, 0x98, 0x00, 0xff, 0xda, 0x98, 0x00, 0xff, 0xda, 0x98, 0x00, 0xff,
    0xda, 0x98, 0x00, 0xff, 0xda, 0x98, 0x00, 0xff, 0xda, 0x98, 0x00, 0xff,
    0xda, 0x98, 0x00, 0xff, 0xda, 0x98, 0x00, 0xff, 0xda, 0x98, 0x00, 0xff,
    0xda, 0x98, 0x00, 0xff, 0xda, 0x98, 0x00, 0xff, 0xda, 0x98, 0x00, 0xff,
    0xda, 0x98, 0x00, 0xff, 0xda, 0x98, 0x00, 0xff, 0xda, 0x98, 0x00, 0xff,
    0xda, 0x98, 0x00, 0xff, 0xda, 0x98, 0x00, 0xff, 0xda, 0x98, 0x00, 0xff,
    0xda, 0x98, 0x00, 0xff, 0xda, 0x98, 0x00, 0xff, 0xda, 0x98, 0x00, 0xff,
    0xda, 0x98, 0x00, 0xff, 0xda, 0x98, 0x00, 0xff, 0xda, 0x98, 0x00, 0xff,
    0xda, 0x98, 0x00, 0xff, 0xda, 0x98, 0x00, 0xff, 0xda, 0x98, 0x00, 0xff,
    0xda, 0x98, 0x00, 0xff, 0xda, 0x98, 0x00, 0xff, 0xda, 0x98, 0x00, 0xff,
    0xda, 0x98, 0x00, 0xff, 0xda, 0x98, 0x00, 0xff, 0xda, 0x98, 0x00, 0xff,
    0xda, 0x98, 0x00, 0xff, 0xda, 0x98, 0x00, 0xff, 0xda, 0x98, 0x00, 0xff,
    0xda, 0x98, 0x00, 0xff, 0xda, 0x98, 0x00, 0xff, 0xda, 0x98, 0x00, 0xff,
    0xda, 0x98, 0x00, 0xff, 0xda, 0x98, 0x00, 0xff, 0xda, 0x98, 0x00, 0xff,
    0xda, 0x98, 0x00, 0xff, 0xda, 0x98, 0x00, 0xff, 0xda, 0x98, 0x00, 0xff,
    0xda, 0x98, 0x00, 0xff, 0xda, 0x98, 0x00, 0xff, 0xda, 0x98, 0x00, 0xff,
    0x8e, 0x66, 0x50, 0xff, 0x8c, 0x65, 0x52, 0xff, 0x8c, 0x65, 0x52, 0xff,
    0x8c, 0x65, 0x52, 0xff, 0x8a, 0x65, 0x52, 0x52, 0xa9, 0x78, 0x34, 0xcb,
    0xda, 0x98, 0x00, 0xff, 0xda, 0x98, 0x00, 0xff, 0xda, 0x98, 0x00, 0xff,
    0xda, 0x98, 0x00, 0xff, 0xda, 0x98, 0x00, 0xff, 0xda, 0x98, 0x00, 0xff,
    0xda, 0x98, 0x00, 0xff, 0xda, 0x98, 0x00, 0xff, 0xda, 0x98, 0x00, 0xff,
    0xda, 0x98, 0x00, 0xff, 0xda, 0x98, 0x00, 0xff, 0xda, 0x98, 0x00, 0xff,
    0xda, 0x98, 0x00, 0xff, 0xda, 0x98, 0x00, 0xff, 0xda, 0x98, 0x00, 0xff,
    0xda, 0x98, 0x00, 0xff, 0xda, 0x98, 0x00, 0xff, 0xda, 0x98, 0x00, 0xff,
    0xda, 0x98, 0x00, 0xff, 0xda, 0x98, 0x00, 0xff, 0xda, 0x98, 0x00, 0xff,
    0xda, 0x98, 0x00, 0xff, 0xda, 0x98, 0x00, 0xff, 0xda, 0x98, 0x00, 0xff,
    0xda, 0x98, 0x00, 0xff, 0xda, 0x98, 0x00, 0xff, 0xda, 0x98, 0x00, 0xff,
    0xda, 0x98, 0x00, 0xff, 0xda, 0x98, 0x00, 0xff, 0xda, 0x98, 0x00, 0xff,
    0xda, 0x98, 0x00, 0xff, 0xda, 0x98, 0x00, 0xff, 0xda, 0x98, 0x00, 0xff,
    0xda, 0x98, 0x00, 0xff, 0xda, 0x98, 0x00, 0xff, 0xda, 0x98, 0x00, 0xff,
    0xda, 0x98, 0x00, 0xff, 0xda, 0x98, 0x00, 0xff, 0xda, 0x98, 0x00, 0xff,
    0xda, 0x98, 0x00, 0xff, 0xda, 0x98, 0x00, 0xff, 0xda, 0x98, 0x00, 0xff,
    0xda, 0x98, 0x00, 0xff, 0xda, 0x98, 0x00, 0xff, 0xda, 0x98, 0x00, 0xff,
    0xda, 0x98, 0x00, 0xff, 0xda, 0x98, 0x00, 0xff, 0xda, 0x98, 0x00, 0xff,
    0xda, 0x98, 0x00, 0xff, 0xda, 0x98, 0x00, 0xff, 0xda, 0x98, 0x00, 0xff,
    0xda, 0x98, 0x00, 0xff, 0xda, 0x98, 0x00, 0xff, 0xda, 0x98, 0x00, 0xff,
    0xda, 0x98, 0x00, 0xff, 0xda, 0x98, 0x00, 0xff, 0xda, 0x98, 0x00, 0xff,
    0xda, 0x98, 0x00, 0xff, 0xda, 0x98, 0x00, 0xff, 0xda, 0x98, 0x00, 0xff,
    0xda, 0x98, 0x00, 0xff, 0xda, 0x98, 0x00, 0xff, 0xda, 0x98, 0x00, 0xff,
    0xda, 0x98, 0x00, 0xff, 0xda, 0x98, 0x00, 0xff, 0xda, 0x98, 0x00, 0xff,
    0xda, 0x98, 0x00, 0xff, 0xda, 0x98, 0x00, 0xff, 0xda, 0x98, 0x00, 0xff,
    0xda, 0x98, 0x00, 0xff, 0xda, 0x98, 0x00, 0xff, 0xda, 0x98, 0x00, 0xff,
    0xda, 0x98, 0x00, 0xff, 0xda, 0x98, 0x00, 0xff, 0xda, 0x98, 0x00, 0xff,
    0xda, 0x98, 0x00, 0xff, 0xda, 0x98, 0x00, 0xff, 0xda, 0x98, 0x00, 0xff,
    0xda, 0x98, 0x00, 0xff, 0xda, 0x98, 0x00, 0xff, 0xda, 0x98, 0x00, 0xff,
    0xda, 0x98, 0x00, 0xff, 0xda, 0x98, 0x00, 0xff, 0xda, 0x98, 0x00, 0xff,
    0xda, 0x98, 0x00, 0xff, 0xda, 0x98, 0x00, 0xff, 0xda, 0x98, 0x00, 0xff,
    0xda, 0x98, 0x00, 0xff, 0xda, 0x98, 0x00, 0xff, 0xda, 0x98, 0x00, 0xff,
    0xda, 0x98, 0x00, 0xff, 0xda, 0x98, 0x00, 0xff, 0xda, 0x98, 0x00, 0xff,
    0xda, 0x98, 0x00, 0xff, 0xda, 0x98, 0x00, 0xff, 0xda, 0x98, 0x00, 0xff,
    0xda, 0x98, 0x00, 0xff, 0xda, 0x98, 0x00, 0xff, 0xda, 0x98, 0x00, 0xff,
    0xda, 0x98, 0x00, 0xff, 0xda, 0x98, 0x00, 0xff, 0xda, 0x98, 0x00, 0xff,
    0xda, 0x98, 0x00, 0xff, 0xda, 0x98, 0x00, 0xff, 0xda, 0x98, 0x00, 0xff,
    0xda, 0x98, 0x00, 0xff, 0xda, 0x98, 0x00, 0xff, 0xda, 0x98, 0x00, 0xff,
    0xda, 0x98, 0x00, 0xff, 0xda, 0x98, 0x00, 0xff, 0xda, 0x98, 0x00, 0xff,
    0xda, 0x98, 0x00, 0xff, 0xda, 0x98, 0x00, 0xff, 0xda, 0x98, 0x00, 0xff,
    0xda, 0x98, 0x00, 0xff, 0xda, 0x98, 0x00, 0xff, 0xda, 0x98, 0x00, 0xff,
    0xda, 0x98, 0x00, 0xff, 0xda, 0x98, 0x00, 0xff, 0xda, 0x98, 0x00, 0xff,
    0xda, 0x98, 0x00, 0xff, 0xda, 0x98, 0x00, 0xff, 0xda, 0x98, 0x00, 0xff,
    0xda, 0x98, 0x00, 0xff, 0xda, 0x98, 0x00, 0xff, 0xda, 0x98, 0x00, 0xff,
    0xda, 0x98, 0x00, 0xff, 0xda, 0x98, 0x00, 0xff, 0xda, 0x98, 0x00, 0xff,
    0xda, 0x98, 0x00, 0xff, 0xda, 0x98, 0x00, 0xff, 0xda, 0x98, 0x00, 0xff,
    0xda, 0x98, 0x00, 0xff, 0xda, 0x98, 0x00, 0xff, 0xda, 0x98, 0x00, 0xff,
    0xda, 0x98, 0x00, 0xff, 0xda, 0x98, 0x00, 0xff, 0xda, 0x98, 0x00, 0xff,
    0xda, 0x98, 0x00, 0xff, 0xda, 0x98, 0x00, 0xff, 0xda, 0x98, 0x00, 0xff,
    0xda, 0x98, 0x00, 0xff, 0xda, 0x98, 0x00, 0xff, 0xda, 0x98, 0x00, 0xff,
    0xda, 0x98, 0x00, 0xff, 0xda, 0x98, 0x00, 0xff, 0xda, 0x98, 0x00, 0xff,
    0xda, 0x98, 0x00, 0xff, 0xda, 0x98, 0x00, 0xff, 0xda, 0x98, 0x00, 0xff,
    0xda, 0x98, 0x00, 0xff, 0xda, 0x98, 0x00, 0xff, 0xda, 0x98, 0x00, 0xff,
    0xda, 0x98, 0x00, 0xff, 0xda, 0x98, 0x00, 0xff, 0xda, 0x98, 0x00, 0xff,
    0xda, 0x98, 0x00, 0xff, 0xda, 0x98, 0x00, 0xff, 0xda, 0x98, 0x00, 0xff,
    0xda, 0x98, 0x00, 0xff, 0xda, 0x98, 0x00, 0xff, 0xda, 0x98, 0x00, 0xff,
    0xda, 0x98, 0x00, 0xff, 0xda, 0x98, 0x00, 0xff, 0xda, 0x98, 0x00, 0xff,
    0xda, 0x98, 0x00, 0xff, 0xda, 0x98, 0x00, 0xff, 0xda, 0x98, 0x00, 0xff,
    0xda, 0x98, 0x00, 0xff, 0xda, 0x98, 0x00, 0xff, 0xda, 0x98, 0x00, 0xff,
    0xda, 0x98, 0x00, 0xff, 0xda, 0x98, 0x00, 0xff, 0xda, 0x98, 0x00, 0xff,
    0xda, 0x98, 0x00, 0xff, 0xda, 0x98, 0x00, 0xff, 0xda, 0x98, 0x00, 0xff,
    0xda, 0x98, 0x00, 0xff, 0xda, 0x98, 0x00, 0xff, 0xda, 0x98, 0x00, 0xff,
    0xda, 0x98, 0x00, 0xff, 0xda, 0x98, 0x00, 0xff, 0xda, 0x98, 0x00, 0xff,
    0xda, 0x98, 0x00, 0xff, 0xda, 0x98, 0x00, 0xff, 0xda, 0x98, 0x00, 0xff,
    0xda, 0x98, 0x00, 0xff, 0xda, 0x98, 0x00, 0xff, 0xda, 0x98, 0x00, 0xff,
    0xda, 0x98, 0x00, 0xff, 0xda, 0x98, 0x00, 0xff, 0xda, 0x98, 0x00, 0xff,
    0xda, 0x98, 0x00, 0xff, 0xda, 0x98, 0x00, 0xff, 0xda, 0x98, 0x00, 0xff,
    0xda, 0x98, 0x00, 0xff, 0xda, 0x98, 0x00, 0xff, 0xda, 0x98, 0x00, 0xff,
    0xda, 0x98, 0x00, 0xff, 0xda, 0x98, 0x00, 0xff, 0xda, 0x98, 0x00, 0xff,
    0xda, 0x98, 0x00, 0xff, 0xda, 0x98, 0x00, 0xff, 0xda, 0x98, 0x00, 0xff,
    0xda, 0x98, 0x00, 0xff, 0xda, 0x98, 0x00, 0xff, 0xda, 0x98, 0x00, 0xff,
    0xda, 0x98, 0x00, 0xff, 0xda, 0x98, 0x00, 0xff, 0xda, 0x98, 0x00, 0xff,
    0xda, 0x98, 0x00, 0xff, 0xda, 0x98, 0x00, 0xff, 0xda, 0x98, 0x00, 0xff,
    0xda, 0x98, 0x00, 0xff, 0xda, 0x98, 0x00, 0xff, 0xda, 0x98, 0x00, 0xff,
    0xda, 0x98, 0x00, 0xff, 0xda, 0x98, 0x00, 0xff, 0xda, 0x98, 0x00, 0xff,
    0xda, 0x98, 0x00, 0xff, 0xda, 0x98, 0x00, 0xff, 0xda, 0x98, 0x00, 0xff,
    0xda, 0x98, 0x00, 0xff, 0xda, 0x98, 0x00, 0xff, 0xda, 0x98, 0x00, 0xff,
    0xda, 0x98, 0x00, 0xff, 0xda, 0x98, 0x00, 0xff, 0xda, 0x98, 0x00, 0xff,
    0xda, 0x98, 0x00, 0xff, 0xda, 0x98, 0x00, 0xff, 0xda, 0x98, 0x00, 0xff,
    0xda, 0x98, 0x00, 0xff, 0xda, 0x98, 0x00, 0xff, 0xda, 0x98, 0x00, 0xff,
    0xda, 0x98, 0x00, 0xff, 0xda, 0x98, 0x00, 0xff, 0xda, 0x98, 0x00, 0xff,
    0xda, 0x98, 0x00, 0xff, 0xda, 0x98, 0x00, 0xff, 0xda, 0x98, 0x00, 0xff,
    0xda, 0x98, 0x00, 0xff, 0x8e, 0x66, 0x50, 0xff, 0x8c, 0x65, 0x52, 0xff,
    0x8c, 0x65, 0x52, 0xff, 0x8c, 0x65, 0x52, 0xff, 0x8a, 0x65, 0x52, 0x52,
    0xa9, 0x78, 0x35, 0xca, 0xda, 0x98, 0x00, 0xff, 0xda, 0x98, 0x00, 0xff,
    0xda, 0x98, 0x00, 0xff, 0xda, 0x98, 0x00, 0xff, 0xda, 0x98, 0x00, 0xff,
    0xda, 0x98, 0x00, 0xff, 0xda, 0x98, 0x00, 0xff, 0xda, 0x98, 0x00, 0xff,
    0xda, 0x98, 0x00, 0xff, 0xda, 0x98, 0x00, 0xff, 0xda, 0x98, 0x00, 0xff,
    0xda, 0x98, 0x00, 0xff, 0xda, 0x98, 0x00, 0xff, 0xda, 0x98, 0x00, 0xff,
    0xda, 0x98, 0x00, 0xff, 0xda, 0x98, 0x00, 0xff, 0xda, 0x98, 0x00, 0xff,
    0xda, 0x98, 0x00, 0xff, 0xda, 0x98, 0x00, 0xff, 0xda, 0x98, 0x00, 0xff,
    0xda, 0x98, 0x00, 0xff, 0xda, 0x98, 0x00, 0xff, 0xda, 0x98, 0x00, 0xff,
    0xda, 0x98, 0x00, 0xff, 0xda, 0x98, 0x00, 0xff, 0xda, 0x98, 0x00, 0xff,
    0xda, 0x98, 0x00, 0xff, 0xda, 0x98, 0x00, 0xff, 0xda, 0x98, 0x00, 0xff,
    0xda, 0x98, 0x00, 0xff, 0xda, 0x98, 0x00, 0xff, 0xda, 0x98, 0x00, 0xff,
    0xda, 0x98, 0x00, 0xff, 0xda, 0x98, 0x00, 0xff, 0xda, 0x98, 0x00, 0xff,
    0xda, 0x98, 0x00, 0xff, 0xda, 0x98, 0x00, 0xff, 0xda, 0x98, 0x00, 0xff,
    0xda, 0x98, 0x00, 0xff, 0xda, 0x98, 0x00, 0xff, 0xda, 0x98, 0x00, 0xff,
    0xda, 0x98, 0x00, 0xff, 0xda, 0x98, 0x00, 0xff, 0xda, 0x98, 0x00, 0xff,
    0xda, 0x98, 0x00, 0xff, 0xda, 0x98, 0x00, 0xff, 0xda, 0x98, 0x00, 0xff,
    0xda, 0x98, 0x00, 0xff, 0xda, 0x98, 0x00, 0xff, 0xda, 0x98, 0x00, 0xff,
    0xda, 0x98, 0x00, 0xff, 0xda, 0x98, 0x00, 0xff, 0xda, 0x98, 0x00, 0xff,
    0xda, 0x98, 0x00, 0xff, 0xda, 0x98, 0x00, 0xff, 0xda, 0x98, 0x00, 0xff,
    0xda, 0x98, 0x00, 0xff, 0xda, 0x98, 0x00, 0xff, 0xda, 0x98, 0x00, 0xff,
    0xda, 0x98, 0x00, 0xff, 0xda, 0x98, 0x00, 0xff, 0xda, 0x98, 0x00, 0xff,
    0xda, 0x98, 0x00, 0xff, 0xda, 0x98, 0x00, 0xff, 0xda, 0x98, 0x00, 0xff,
    0xda, 0x98, 0x00, 0xff, 0xda, 0x98, 0x00, 0xff, 0xda, 0x98, 0x00, 0xff,
    0xda, 0x98, 0x00, 0xff, 0xda, 0x98, 0x00, 0xff, 0xda, 0x98, 0x00, 0xff,
    0xda, 0x98, 0x00, 0xff, 0xda, 0x98, 0x00, 0xff, 0xda, 0x98, 0x00, 0xff,
    0xda, 0x98, 0x00, 0xff, 0xda, 0x98, 0x00, 0xff, 0xda, 0x98, 0x00, 0xff,
    0xda, 0x98, 0x00, 0xff, 0xda, 0x98, 0x00, 0xff, 0xda, 0x98, 0x00, 0xff,
    0xda, 0x98, 0x00, 0xff, 0xda, 0x98, 0x00, 0xff, 0xda, 0x98, 0x00, 0xff,
    0xda, 0x98, 0x00, 0xff, 0xda, 0x98, 0x00, 0xff, 0xda, 0x98, 0x00, 0xff,
    0xda, 0x98, 0x00, 0xff, 0xda, 0x98, 0x00, 0xff, 0xda, 0x98, 0x00, 0xff,
    0xda, 0x98, 0x00, 0xff, 0xda, 0x98, 0x00, 0xff, 0xda, 0x98, 0x00, 0xff,
    0xda, 0x98, 0x00, 0xff, 0xda, 0x98, 0x00, 0xff, 0xda, 0x98, 0x00, 0xff,
    0xda, 0x98, 0x00, 0xff, 0xda, 0x98, 0x00, 0xff, 0xda, 0x98, 0x00, 0xff,
    0xda, 0x98, 0x00, 0xff, 0xda, 0x98, 0x00, 0xff, 0xda, 0x98, 0x00, 0xff,
    0xda, 0x98, 0x00, 0xff, 0xda, 0x98, 0x00, 0xff, 0xda, 0x98, 0x00, 0xff,
    0xda, 0x98, 0x00, 0xff, 0xda, 0x98, 0x00, 0xff, 0xda, 0x98, 0x00, 0xff,
    0xda, 0x98, 0x00, 0xff, 0xda, 0x98, 0x00, 0xff, 0xda, 0x98, 0x00, 0xff,
    0xda, 0x98, 0x00, 0xff, 0xda, 0x98, 0x00, 0xff, 0xda, 0x98, 0x00, 0xff,
    0xda, 0x98, 0x00, 0xff, 0xda, 0x98, 0x00, 0xff, 0xda, 0x98, 0x00, 0xff,
    0xda, 0x98, 0x00, 0xff, 0xda, 0x98, 0x00, 0xff, 0xda, 0x98, 0x00, 0xff,
    0xda, 0x98, 0x00, 0xff, 0xda, 0x98, 0x00, 0xff, 0xda, 0x98, 0x00, 0xff,
    0xda, 0x98, 0x00, 0xff, 0xda, 0x98, 0x00, 0xff, 0xda, 0x98, 0x00, 0xff,
    0xda, 0x98, 0x00, 0xff, 0xda, 0x98, 0x00, 0xff, 0xda, 0x98, 0x00, 0xff,
    0xda, 0x98, 0x00, 0xff, 0xda, 0x98, 0x00, 0xff, 0xda, 0x98, 0x00, 0xff,
    0xda, 0x98, 0x00, 0xff, 0xda, 0x98, 0x00, 0xff, 0xda, 0x98, 0x00, 0xff,
    0xda, 0x98, 0x00, 0xff, 0xda, 0x98, 0x00, 0xff, 0xda, 0x98, 0x00, 0xff,
    0xda, 0x98, 0x00, 0xff, 0xda, 0x98, 0x00, 0xff, 0xda, 0x98, 0x00, 0xff,
    0xda, 0x98, 0x00, 0xff, 0xda, 0x98, 0x00, 0xff, 0xda, 0x98, 0x00, 0xff,
    0xda, 0x98, 0x00, 0xff, 0xda, 0x98, 0x00, 0xff, 0xda, 0x98, 0x00, 0xff,
    0xda, 0x98, 0x00, 0xff, 0xda, 0x98, 0x00, 0xff, 0xda, 0x98, 0x00, 0xff,
    0xda, 0x98, 0x00, 0xff, 0xda, 0x98, 0x00, 0xff, 0xda, 0x98, 0x00, 0xff,
    0xda, 0x98, 0x00, 0xff, 0xda, 0x98, 0x00, 0xff, 0xda, 0x98, 0x00, 0xff,
    0xda, 0x98, 0x00, 0xff, 0xda, 0x98, 0x00, 0xff, 0xda, 0x98, 0x00, 0xff,
    0xda, 0x98, 0x00, 0xff, 0xda, 0x98, 0x00, 0xff, 0xda, 0x98, 0x00, 0xff,
    0xda, 0x98, 0x00, 0xff, 0xda, 0x98, 0x00, 0xff, 0xda, 0x98, 0x00, 0xff,
    0xda, 0x98, 0x00, 0xff, 0xda, 0x98, 0x00, 0xff, 0xda, 0x98, 0x00, 0xff,
    0xda, 0x98, 0x00, 0xff, 0xda, 0x98, 0x00, 0xff, 0xda, 0x98, 0x00, 0xff,
    0xda, 0x98, 0x00, 0xff, 0xda, 0x98, 0x00, 0xff, 0xda, 0x98, 0x00, 0xff,
    0xda, 0x98, 0x00, 0xff, 0xda, 0x98, 0x00, 0xff, 0xda, 0x98, 0x00, 0xff,
    0xda, 0x98, 0x00, 0xff, 0xda, 0x98, 0x00, 0xff, 0xda, 0x98, 0x00, 0xff,
    0xda, 0x98, 0x00, 0xff, 0xda, 0x98, 0x00, 0xff, 0xda, 0x98, 0x00, 0xff,
    0xda, 0x98, 0x00, 0xff, 0xda, 0x98, 0x00, 0xff, 0xda, 0x98, 0x00, 0xff,
    0xda, 0x98, 0x00, 0xff, 0xda, 0x98, 0x00, 0xff, 0xda, 0x98, 0x00, 0xff,
    0xda, 0x98, 0x00, 0xff, 0xda, 0x98, 0x00, 0xff, 0xda, 0x98, 0x00, 0xff,
    0xda, 0x98, 0x00, 0xff, 0xda, 0x98, 0x00, 0xff, 0xda, 0x98, 0x00, 0xff,
    0xda, 0x98, 0x00, 0xff, 0xda, 0x98, 0x00, 0xff, 0xda, 0x98, 0x00, 0xff,
    0xda, 0x98, 0x00, 0xff, 0xda, 0x98, 0x00, 0xff, 0xda, 0x98, 0x00, 0xff,
    0xda, 0x98, 0x00, 0xff, 0xda, 0x98, 0x00, 0xff, 0xda, 0x98, 0x00, 0xff,
    0xda, 0x98, 0x00, 0xff, 0xda, 0x98, 0x00, 0xff, 0xda, 0x98, 0x00, 0xff,
    0xda, 0x98, 0x00, 0xff, 0xda, 0x98, 0x00, 0xff, 0xda, 0x98, 0x00, 0xff,
    0xda, 0x98, 0x00, 0xff, 0xda, 0x98, 0x00, 0xff, 0xda, 0x98, 0x00, 0xff,
    0xda, 0x98, 0x00, 0xff, 0xda, 0x98, 0x00, 0xff, 0xda, 0x98, 0x00, 0xff,
    0xda, 0x98, 0x00, 0xff, 0xda, 0x98, 0x00, 0xff, 0xda, 0x98, 0x00, 0xff,
    0xda, 0x98, 0x00, 0xff, 0xda, 0x98, 0x00, 0xff, 0xda, 0x98, 0x00, 0xff,
    0xda, 0x98, 0x00, 0xff, 0xda, 0x98, 0x00, 0xff, 0xda, 0x98, 0x00, 0xff,
    0xda, 0x98, 0x00, 0xff, 0xda, 0x98, 0x00, 0xff, 0xda, 0x98, 0x00, 0xff,
    0xda, 0x98, 0x00, 0xff, 0xda, 0x98, 0x00, 0xff, 0xda, 0x98, 0x00, 0xff,
    0xda, 0x98, 0x00, 0xff, 0xda, 0x98, 0x00, 0xff, 0xda, 0x98, 0x00, 0xff,
    0xda, 0x98, 0x00, 0xff, 0xda, 0x98, 0x00, 0xff, 0xda, 0x98, 0x00, 0xff,
    0xda, 0x98, 0x00, 0xff, 0xda, 0x98, 0x00, 0xff, 0xda, 0x98, 0x00, 0xff,
    0xda, 0x98, 0x00, 0xff, 0xda, 0x98, 0x00, 0xff, 0x8d, 0x65, 0x51, 0xff,
    0x8c, 0x65, 0x52, 0xff, 0x8c, 0x65, 0x52, 0xff, 0x8c, 0x65, 0x52, 0xff,
    0x8a, 0x65, 0x52, 0x52, 0x9f, 0x71, 0x3e, 0xc2, 0xda, 0x98, 0x00, 0xff,
    0xda, 0x98, 0x00, 0xff, 0xda, 0x98, 0x00, 0xff, 0xda, 0x98, 0x00, 0xff,
    0xda, 0x98, 0x00, 0xff, 0xda, 0x98, 0x00, 0xff, 0xda, 0x98, 0x00, 0xff,
    0xda, 0x98, 0x00, 0xff, 0xda, 0x98, 0x00, 0xff, 0xda, 0x98, 0x00, 0xff,
    0xda, 0x98, 0x00, 0xff, 0xda, 0x98, 0x00, 0xff, 0xda, 0x98, 0x00, 0xff,
    0xda, 0x98, 0x00, 0xff, 0xda, 0x98, 0x00, 0xff, 0xda, 0x98, 0x00, 0xff,
    0xda, 0x98, 0x00, 0xff, 0xda, 0x98, 0x00, 0xff, 0xda, 0x98, 0x00, 0xff,
    0xda, 0x98, 0x00, 0xff, 0xda, 0x98, 0x00, 0xff, 0xda, 0x98, 0x00, 0xff,
    0xda, 0x98, 0x00, 0xff, 0xda, 0x98, 0x00, 0xff, 0xda, 0x98, 0x00, 0xff,
    0xda, 0x98, 0x00, 0xff, 0xda, 0x98, 0x00, 0xff, 0xda, 0x98, 0x00, 0xff,
    0xda, 0x98, 0x00, 0xff, 0xda, 0x98, 0x00, 0xff, 0xda, 0x98, 0x00, 0xff,
    0xda, 0x98, 0x00, 0xff, 0xda, 0x98, 0x00, 0xff, 0xda, 0x98, 0x00, 0xff,
    0xda, 0x98, 0x00, 0xff, 0xda, 0x98, 0x00, 0xff, 0xda, 0x98, 0x00, 0xff,
    0xda, 0x98, 0x00, 0xff, 0xda, 0x98, 0x00, 0xff, 0xda, 0x98, 0x00, 0xff,
    0xda, 0x98, 0x00, 0xff, 0xda, 0x98, 0x00, 0xff, 0xda, 0x98, 0x00, 0xff,
    0xda, 0x98, 0x00, 0xff, 0xda, 0x98, 0x00, 0xff, 0xda, 0x98, 0x00, 0xff,
    0xda, 0x98, 0x00, 0xff, 0xda, 0x98, 0x00, 0xff, 0xda, 0x98, 0x00, 0xff,
    0xda, 0x98, 0x00, 0xff, 0xda, 0x98, 0x00, 0xff, 0xda, 0x98, 0x00, 0xff,
    0xda, 0x98, 0x00, 0xff, 0xda, 0x98, 0x00, 0xff, 0xda, 0x98, 0x00, 0xff,
    0xda, 0x98, 0x00, 0xff, 0xda, 0x98, 0x00, 0xff, 0xda, 0x98, 0x00, 0xff,
    0xda, 0x98, 0x00, 0xff, 0xda, 0x98, 0x00, 0xff, 0xda, 0x98, 0x00, 0xff,
    0xda, 0x98, 0x00, 0xff, 0xda, 0x98, 0x00, 0xff, 0xda, 0x98, 0x00, 0xff,
    0xda, 0x98, 0x00, 0xff, 0xda, 0x98, 0x00, 0xff, 0xda, 0x98, 0x00, 0xff,
    0xda, 0x98, 0x00, 0xff, 0xda, 0x98, 0x00, 0xff, 0xda, 0x98, 0x00, 0xff,
    0xda, 0x98, 0x00, 0xff, 0xda, 0x98, 0x00, 0xff, 0xda, 0x98, 0x00, 0xff,
    0xda, 0x98, 0x00, 0xff, 0xda, 0x98, 0x00, 0xff, 0xda, 0x98, 0x00, 0xff,
    0xda, 0x98, 0x00, 0xff, 0xda, 0x98, 0x00, 0xff, 0xda, 0x98, 0x00, 0xff,
    0xda, 0x98, 0x00, 0xff, 0xda, 0x98, 0x00, 0xff, 0xda, 0x98, 0x00, 0xff,
    0xda, 0x98, 0x00, 0xff, 0xda, 0x98, 0x00, 0xff, 0xda, 0x98, 0x00, 0xff,
    0xda, 0x98, 0x00, 0xff, 0xda, 0x98, 0x00, 0xff, 0xda, 0x98, 0x00, 0xff,
    0xda, 0x98, 0x00, 0xff, 0xda, 0x98, 0x00, 0xff, 0xda, 0x98, 0x00, 0xff,
    0xda, 0x98, 0x00, 0xff, 0xda, 0x98, 0x00, 0xff, 0xda, 0x98, 0x00, 0xff,
    0xda, 0x98, 0x00, 0xff, 0xda, 0x98, 0x00, 0xff, 0xda, 0x98, 0x00, 0xff,
    0xda, 0x98, 0x00, 0xff, 0xda, 0x98, 0x00, 0xff, 0xda, 0x98, 0x00, 0xff,
    0xda, 0x98, 0x00, 0xff, 0xda, 0x98, 0x00, 0xff, 0xda, 0x98, 0x00, 0xff,
    0xda, 0x98, 0x00, 0xff, 0xda, 0x98, 0x00, 0xff, 0xda, 0x98, 0x00, 0xff,
    0xda, 0x98, 0x00, 0xff, 0xda, 0x98, 0x00, 0xff, 0xda, 0x98, 0x00, 0xff,
    0xda, 0x98, 0x00, 0xff, 0xda, 0x98, 0x00, 0xff, 0xda, 0x98, 0x00, 0xff,
    0xda, 0x98, 0x00, 0xff, 0xda, 0x98, 0x00, 0xff, 0xda, 0x98, 0x00, 0xff,
    0xda, 0x98, 0x00, 0xff, 0xda, 0x98, 0x00, 0xff, 0xda, 0x98, 0x00, 0xff,
    0xda, 0x98, 0x00, 0xff, 0xda, 0x98, 0x00, 0xff, 0xda, 0x98, 0x00, 0xff,
    0xda, 0x98, 0x00, 0xff, 0xda, 0x98, 0x00, 0xff, 0xda, 0x98, 0x00, 0xff,
    0xda, 0x98, 0x00, 0xff, 0xda, 0x98, 0x00, 0xff, 0xda, 0x98, 0x00, 0xff,
    0xda, 0x98, 0x00, 0xff, 0xda, 0x98, 0x00, 0xff, 0xda, 0x98, 0x00, 0xff,
    0xda, 0x98, 0x00, 0xff, 0xda, 0x98, 0x00, 0xff, 0xda, 0x98, 0x00, 0xff,
    0xda, 0x98, 0x00, 0xff, 0xda, 0x98, 0x00, 0xff, 0xda, 0x98, 0x00, 0xff,
    0xda, 0x98, 0x00, 0xff, 0xda, 0x98, 0x00, 0xff, 0xda, 0x98, 0x00, 0xff,
    0xda, 0x98, 0x00, 0xff, 0xda, 0x98, 0x00, 0xff, 0xda, 0x98, 0x00, 0xff,
    0xda, 0x98, 0x00, 0xff, 0xda, 0x98, 0x00, 0xff, 0xda, 0x98, 0x00, 0xff,
    0xda, 0x98, 0x00, 0xff, 0xda, 0x98, 0x00, 0xff, 0xda, 0x98, 0x00, 0xff,
    0xda, 0x98, 0x00, 0xff, 0xda, 0x98, 0x00, 0xff, 0xda, 0x98, 0x00, 0xff,
    0xda, 0x98, 0x00, 0xff, 0xda, 0x98, 0x00, 0xff, 0xda, 0x98, 0x00, 0xff,
    0xda, 0x98, 0x00, 0xff, 0xda, 0x98, 0x00, 0xff, 0xda, 0x98, 0x00, 0xff,
    0xda, 0x98, 0x00, 0xff, 0xda, 0x98, 0x00, 0xff, 0xda, 0x98, 0x00, 0xff,
    0xda, 0x98, 0x00, 0xff, 0xda, 0x98, 0x00, 0xff, 0xda, 0x98, 0x00, 0xff,
    0xda, 0x98, 0x00, 0xff, 0xda, 0x98, 0x00, 0xff, 0xda, 0x98, 0x00, 0xff,
    0xda, 0x98, 0x00, 0xff, 0xda, 0x98, 0x00, 0xff, 0xda, 0x98, 0x00, 0xff,
    0xda, 0x98, 0x00, 0xff, 0xda, 0x98, 0x00, 0xff, 0xda, 0x98, 0x00, 0xff,
    0xda, 0x98, 0x00, 0xff, 0xda, 0x98, 0x00, 0xff, 0xda, 0x98, 0x00, 0xff,
    0xda, 0x98, 0x00, 0xff, 0xda, 0x98, 0x00, 0xff, 0xda, 0x98, 0x00, 0xff,
    0xda, 0x98, 0x00, 0xff, 0xda, 0x98, 0x00, 0xff, 0xda, 0x98, 0x00, 0xff,
    0xda, 0x98, 0x00, 0xff, 0xda, 0x98, 0x00, 0xff, 0xda, 0x98, 0x00, 0xff,
    0xda, 0x98, 0x00, 0xff, 0xda, 0x98, 0x00, 0xff, 0xda, 0x98, 0x00, 0xff,
    0xda, 0x98, 0x00, 0xff, 0xda, 0x98, 0x00, 0xff, 0xda, 0x98, 0x00, 0xff,
    0xda, 0x98, 0x00, 0xff, 0xda, 0x98, 0x00, 0xff, 0xda, 0x98, 0x00, 0xff,
    0xda, 0x98, 0x00, 0xff, 0xda, 0x98, 0x00, 0xff, 0xda, 0x98, 0x00, 0xff,
    0xda, 0x98, 0x00, 0xff, 0xda, 0x98, 0x00, 0xff, 0xda, 0x98, 0x00, 0xff,
    0xda, 0x98, 0x00, 0xff, 0xda, 0x98, 0x00, 0xff, 0xda, 0x98, 0x00, 0xff,
    0xda, 0x98, 0x00, 0xff, 0xda, 0x98, 0x00, 0xff, 0xda, 0x98, 0x00, 0xff,
    0xda, 0x98, 0x00, 0xff, 0xda, 0x98, 0x00, 0xff, 0xda, 0x98, 0x00, 0xff,
    0xda, 0x98, 0x00, 0xff, 0xda, 0x98, 0x00, 0xff, 0xda, 0x98, 0x00, 0xff,
    0xda, 0x98, 0x00, 0xff, 0xda, 0x98, 0x00, 0xff, 0xda, 0x98, 0x00, 0xff,
    0xda, 0x98, 0x00, 0xff, 0xda, 0x98, 0x00, 0xff, 0xda, 0x98, 0x00, 0xff,
    0xda, 0x98, 0x00, 0xff, 0xda, 0x98, 0x00, 0xff, 0xda, 0x98, 0x00, 0xff,
    0xda, 0x98, 0x00, 0xff, 0xda, 0x98, 0x00, 0xff, 0xda, 0x98, 0x00, 0xff,
    0xda, 0x98, 0x00, 0xff, 0xda, 0x98, 0x00, 0xff, 0xda, 0x98, 0x00, 0xff,
    0xda, 0x98, 0x00, 0xff, 0xda, 0x98, 0x00, 0xff, 0xda, 0x98, 0x00, 0xff,
    0xda, 0x98, 0x00, 0xff, 0xda, 0x98, 0x00, 0xff, 0xda, 0x98, 0x00, 0xff,
    0xda, 0x98, 0x00, 0xff, 0xda, 0x98, 0x00, 0xff, 0xda, 0x98, 0x00, 0xff,
    0xda, 0x98, 0x00, 0xff, 0xda, 0x98, 0x00, 0xff, 0xda, 0x98, 0x00, 0xff,
    0xda, 0x98, 0x00, 0xff, 0xda, 0x98, 0x00, 0xff, 0xd4, 0x94, 0x07, 0xff,
    0x8c, 0x65, 0x52, 0xff, 0x8c, 0x65, 0x52, 0xff, 0x8c, 0x65, 0x52, 0xff,
    0x8c, 0x65, 0x52, 0xff, 0x8a, 0x65, 0x52, 0x52, 0x8e, 0x65, 0x50, 0xb5,
    0xd5, 0x95, 0x05, 0xff, 0xda, 0x98, 0x00, 0xff, 0xda, 0x98, 0x00, 0xff,
    0xda, 0x98, 0x00, 0xff, 0xda, 0x98, 0x00, 0xff, 0xda, 0x98, 0x00, 0xff,
    0xda, 0x98, 0x00, 0xff, 0xda, 0x98, 0x00, 0xff, 0xda, 0x98, 0x00, 0xff,
    0xda, 0x98, 0x00, 0xff, 0xda, 0x98, 0x00, 0xff, 0xda, 0x98, 0x00, 0xff,
    0xda, 0x98, 0x00, 0xff, 0xda, 0x98, 0x00, 0xff, 0xda, 0x98, 0x00, 0xff,
    0xda, 0x98, 0x00, 0xff, 0xda, 0x98, 0x00, 0xff, 0xda, 0x98, 0x00, 0xff,
    0xda, 0x98, 0x00, 0xff, 0xda, 0x98, 0x00, 0xff, 0xda, 0x98, 0x00, 0xff,
    0xda, 0x98, 0x00, 0xff, 0xda, 0x98, 0x00, 0xff, 0xda, 0x98, 0x00, 0xff,
    0xda, 0x98, 0x00, 0xff, 0xda, 0x98, 0x00, 0xff, 0xda, 0x98, 0x00, 0xff,
    0xda, 0x98, 0x00, 0xff, 0xda, 0x98, 0x00, 0xff, 0xda, 0x98, 0x00, 0xff,
    0xda, 0x98, 0x00, 0xff, 0xda, 0x98, 0x00, 0xff, 0xda, 0x98, 0x00, 0xff,
    0xda, 0x98, 0x00, 0xff, 0xda, 0x98, 0x00, 0xff, 0xda, 0x98, 0x00, 0xff,
    0xda, 0x98, 0x00, 0xff, 0xda, 0x98, 0x00, 0xff, 0xda, 0x98, 0x00, 0xff,
    0xda, 0x98, 0x00, 0xff, 0xda, 0x98, 0x00, 0xff, 0xda, 0x98, 0x00, 0xff,
    0xda, 0x98, 0x00, 0xff, 0xda, 0x98, 0x00, 0xff, 0xda, 0x98, 0x00, 0xff,
    0xda, 0x98, 0x00, 0xff, 0xda, 0x98, 0x00, 0xff, 0xda, 0x98, 0x00, 0xff,
    0xda, 0x98, 0x00, 0xff, 0xda, 0x98, 0x00, 0xff, 0xda, 0x98, 0x00, 0xff,
    0xda, 0x98, 0x00, 0xff, 0xda, 0x98, 0x00, 0xff, 0xda, 0x98, 0x00, 0xff,
    0xda, 0x98, 0x00, 0xff, 0xda, 0x98, 0x00, 0xff, 0xda, 0x98, 0x00, 0xff,
    0xda, 0x98, 0x00, 0xff, 0xda, 0x98, 0x00, 0xff, 0xda, 0x98, 0x00, 0xff,
    0xda, 0x98, 0x00, 0xff, 0xda, 0x98, 0x00, 0xff, 0xda, 0x98, 0x00, 0xff,
    0xda, 0x98, 0x00, 0xff, 0xda, 0x98, 0x00, 0xff, 0xda, 0x98, 0x00, 0xff,
    0xda, 0x98, 0x00, 0xff, 0xda, 0x98, 0x00, 0xff, 0xda, 0x98, 0x00, 0xff,
    0xda, 0x98, 0x00, 0xff, 0xda, 0x98, 0x00, 0xff, 0xda, 0x98, 0x00, 0xff,
    0xda, 0x98, 0x00, 0xff, 0xda, 0x98, 0x00, 0xff, 0xda, 0x98, 0x00, 0xff,
    0xda, 0x98, 0x00, 0xff, 0xda, 0x98, 0x00, 0xff, 0xda, 0x98, 0x00, 0xff,
    0xda, 0x98, 0x00, 0xff, 0xda, 0x98, 0x00, 0xff, 0xda, 0x98, 0x00, 0xff,
    0xda, 0x98, 0x00, 0xff, 0xda, 0x98, 0x00, 0xff, 0xda, 0x98, 0x00, 0xff,
    0xda, 0x98, 0x00, 0xff, 0xda, 0x98, 0x00, 0xff, 0xda, 0x98, 0x00, 0xff,
    0xda, 0x98, 0x00, 0xff, 0xda, 0x98, 0x00, 0xff, 0xda, 0x98, 0x00, 0xff,
    0xda, 0x98, 0x00, 0xff, 0xda, 0x98, 0x00, 0xff, 0xda, 0x98, 0x00, 0xff,
    0xda, 0x98, 0x00, 0xff, 0xda, 0x98, 0x00, 0xff, 0xda, 0x98, 0x00, 0xff,
    0xda, 0x98, 0x00, 0xff, 0xda, 0x98, 0x00, 0xff, 0xda, 0x98, 0x00, 0xff,
    0xda, 0x98, 0x00, 0xff, 0xda, 0x98, 0x00, 0xff, 0xda, 0x98, 0x00, 0xff,
    0xda, 0x98, 0x00, 0xff, 0xda, 0x98, 0x00, 0xff, 0xda, 0x98, 0x00, 0xff,
    0xda, 0x98, 0x00, 0xff, 0xda, 0x98, 0x00, 0xff, 0xda, 0x98, 0x00, 0xff,
    0xda, 0x98, 0x00, 0xff, 0xda, 0x98, 0x00, 0xff, 0xda, 0x98, 0x00, 0xff,
    0xda, 0x98, 0x00, 0xff, 0xda, 0x98, 0x00, 0xff, 0xda, 0x98, 0x00, 0xff,
    0xda, 0x98, 0x00, 0xff, 0xda, 0x98, 0x00, 0xff, 0xda, 0x98, 0x00, 0xff,
    0xda, 0x98, 0x00, 0xff, 0xda, 0x98, 0x00, 0xff, 0xda, 0x98, 0x00, 0xff,
    0xda, 0x98, 0x00, 0xff, 0xda, 0x98, 0x00, 0xff, 0xda, 0x98, 0x00, 0xff,
    0xda, 0x98, 0x00, 0xff, 0xda, 0x98, 0x00, 0xff, 0xda, 0x98, 0x00, 0xff,
    0xda, 0x98, 0x00, 0xff, 0xda, 0x98, 0x00, 0xff, 0xda, 0x98, 0x00, 0xff,
    0xda, 0x98, 0x00, 0xff, 0xda, 0x98, 0x00, 0xff, 0xda, 0x98, 0x00, 0xff,
    0xda, 0x98, 0x00, 0xff, 0xda, 0x98, 0x00, 0xff, 0xda, 0x98, 0x00, 0xff,
    0xda, 0x98, 0x00, 0xff, 0xda, 0x98, 0x00, 0xff, 0xda, 0x98, 0x00, 0xff,
    0xda, 0x98, 0x00, 0xff, 0xda, 0x98, 0x00, 0xff, 0xda, 0x98, 0x00, 0xff,
    0xda, 0x98, 0x00, 0xff, 0xda, 0x98, 0x00, 0xff, 0xda, 0x98, 0x00, 0xff,
    0xda, 0x98, 0x00, 0xff, 0xda, 0x98, 0x00, 0xff, 0xda, 0x98, 0x00, 0xff,
    0xda, 0x98, 0x00, 0xff, 0xda, 0x98, 0x00, 0xff, 0xda, 0x98, 0x00, 0xff,
    0xda, 0x98, 0x00, 0xff, 0xda, 0x98, 0x00, 0xff, 0xda, 0x98, 0x00, 0xff,
    0xda, 0x98, 0x00, 0xff, 0xda, 0x98, 0x00, 0xff, 0xda, 0x98, 0x00, 0xff,
    0xda, 0x98, 0x00, 0xff, 0xda, 0x98, 0x00, 0xff, 0xda, 0x98, 0x00, 0xff,
    0xda, 0x98, 0x00, 0xff, 0xda, 0x98, 0x00, 0xff, 0xda, 0x98, 0x00, 0xff,
    0xda, 0x98, 0x00, 0xff, 0xda, 0x98, 0x00, 0xff, 0xda, 0x98, 0x00, 0xff,
    0xda, 0x98, 0x00, 0xff, 0xda, 0x98, 0x00, 0xff, 0xda, 0x98, 0x00, 0xff,
    0xda, 0x98, 0x00, 0xff, 0xda, 0x98, 0x00, 0xff, 0xda, 0x98, 0x00, 0xff,
    0xda, 0x98, 0x00, 0xff, 0xda, 0x98, 0x00, 0xff, 0xda, 0x98, 0x00, 0xff,
    0xda, 0x98, 0x00, 0xff, 0xda, 0x98, 0x00, 0xff, 0xda, 0x98, 0x00, 0xff,
    0xda, 0x98, 0x00, 0xff, 0xda, 0x98, 0x00, 0xff, 0xda, 0x98, 0x00, 0xff,
    0xda, 0x98, 0x00, 0xff, 0xda, 0x98, 0x00, 0xff, 0xda, 0x98, 0x00, 0xff,
    0xda, 0x98, 0x00, 0xff, 0xda, 0x98, 0x00, 0xff, 0xda, 0x98, 0x00, 0xff,
    0xda, 0x98, 0x00, 0xff, 0xda, 0x98, 0x00, 0xff, 0xda, 0x98, 0x00, 0xff,
    0xda, 0x98, 0x00, 0xff, 0xda, 0x98, 0x00, 0xff, 0xda, 0x98, 0x00, 0xff,
    0xda, 0x98, 0x00, 0xff, 0xda, 0x98, 0x00, 0xff, 0xda, 0x98, 0x00, 0xff,
    0xda, 0x98, 0x00, 0xff, 0xda, 0x98, 0x00, 0xff, 0xda, 0x98, 0x00, 0xff,
    0xda, 0x98, 0x00, 0xff, 0xda, 0x98, 0x00, 0xff, 0xda, 0x98, 0x00, 0xff,
    0xda, 0x98, 0x00, 0xff, 0xda, 0x98, 0x00, 0xff, 0xda, 0x98, 0x00, 0xff,
    0xda, 0x98, 0x00, 0xff, 0xda, 0x98, 0x00, 0xff, 0xda, 0x98, 0x00, 0xff,
    0xda, 0x98, 0x00, 0xff, 0xda, 0x98, 0x00, 0xff, 0xda, 0x98, 0x00, 0xff,
    0xda, 0x98, 0x00, 0xff, 0xda, 0x98, 0x00, 0xff, 0xda, 0x98, 0x00, 0xff,
    0xda, 0x98, 0x00, 0xff, 0xda, 0x98, 0x00, 0xff, 0xda, 0x98, 0x00, 0xff,
    0xda, 0x98, 0x00, 0xff, 0xda, 0x98, 0x00, 0xff, 0xda, 0x98, 0x00, 0xff,
    0xda, 0x98, 0x00, 0xff, 0xda, 0x98, 0x00, 0xff, 0xda, 0x98, 0x00, 0xff,
    0xda, 0x98, 0x00, 0xff, 0xda, 0x98, 0x00, 0xff, 0xda, 0x98, 0x00, 0xff,
    0xda, 0x98, 0x00, 0xff, 0xda, 0x98, 0x00, 0xff, 0xda, 0x98, 0x00, 0xff,
    0xda, 0x98, 0x00, 0xff, 0xda, 0x98, 0x00, 0xff, 0xda, 0x98, 0x00, 0xff,
    0xda, 0x98, 0x00, 0xff, 0xda, 0x98, 0x00, 0xff, 0xda, 0x98, 0x00, 0xff,
    0xda, 0x98, 0x00, 0xff, 0xda, 0x98, 0x00, 0xff, 0xda, 0x98, 0x00, 0xff,
    0xda, 0x98, 0x00, 0xff, 0xda, 0x98, 0x00, 0xff, 0xda, 0x98, 0x00, 0xff,
    0xc1, 0x87, 0x1a, 0xff, 0x8c, 0x65, 0x52, 0xff, 0x8c, 0x65, 0x52, 0xff,
    0x8c, 0x65, 0x52, 0xff, 0x8c, 0x65, 0x52, 0xff, 0x8a, 0x65, 0x52, 0x52,
    0x8c, 0x65, 0x51, 0xb2, 0xb8, 0x82, 0x23, 0xff, 0xda, 0x98, 0x00, 0xff,
    0xda, 0x98, 0x00, 0xff, 0xda, 0x98, 0x00, 0xff, 0xda, 0x98, 0x00, 0xff,
    0xda, 0x98, 0x00, 0xff, 0xda, 0x98, 0x00, 0xff, 0xda, 0x98, 0x00, 0xff,
    0xda, 0x98, 0x00, 0xff, 0xda, 0x98, 0x00, 0xff, 0xda, 0x98, 0x00, 0xff,
    0xda, 0x98, 0x00, 0xff, 0xda, 0x98, 0x00, 0xff, 0xda, 0x98, 0x00, 0xff,
    0xda, 0x98, 0x00, 0xff, 0xda, 0x98, 0x00, 0xff, 0xda, 0x98, 0x00, 0xff,
    0xda, 0x98, 0x00, 0xff, 0xda, 0x98, 0x00, 0xff, 0xda, 0x98, 0x00, 0xff,
    0xda, 0x98, 0x00, 0xff, 0xda, 0x98, 0x00, 0xff, 0xda, 0x98, 0x00, 0xff,
    0xda, 0x98, 0x00, 0xff, 0xda, 0x98, 0x00, 0xff, 0xda, 0x98, 0x00, 0xff,
    0xda, 0x98, 0x00, 0xff, 0xda, 0x98, 0x00, 0xff, 0xda, 0x98, 0x00, 0xff,
    0xda, 0x98, 0x00, 0xff, 0xda, 0x98, 0x00, 0xff, 0xda, 0x98, 0x00, 0xff,
    0xda, 0x98, 0x00, 0xff, 0xda, 0x98, 0x00, 0xff, 0xda, 0x98, 0x00, 0xff,
    0xda, 0x98, 0x00, 0xff, 0xda, 0x98, 0x00, 0xff, 0xda, 0x98, 0x00, 0xff,
    0xda, 0x98, 0x00, 0xff, 0xda, 0x98, 0x00, 0xff, 0xda, 0x98, 0x00, 0xff,
    0xda, 0x98, 0x00, 0xff, 0xda, 0x98, 0x00, 0xff, 0xda, 0x98, 0x00, 0xff,
    0xda, 0x98, 0x00, 0xff, 0xda, 0x98, 0x00, 0xff, 0xda, 0x98, 0x00, 0xff,
    0xda, 0x98, 0x00, 0xff, 0xda, 0x98, 0x00, 0xff, 0xda, 0x98, 0x00, 0xff,
    0xda, 0x98, 0x00, 0xff, 0xda, 0x98, 0x00, 0xff, 0xda, 0x98, 0x00, 0xff,
    0xda, 0x98, 0x00, 0xff, 0xda, 0x98, 0x00, 0xff, 0xda, 0x98, 0x00, 0xff,
    0xda, 0x98, 0x00, 0xff, 0xda, 0x98, 0x00, 0xff, 0xda, 0x98, 0x00, 0xff,
    0xda, 0x98, 0x00, 0xff, 0xda, 0x98, 0x00, 0xff, 0xda, 0x98, 0x00, 0xff,
    0xda, 0x98, 0x00, 0xff, 0xda, 0x98, 0x00, 0xff, 0xda, 0x98, 0x00, 0xff,
    0xda, 0x98, 0x00, 0xff, 0xda, 0x98, 0x00, 0xff, 0xda, 0x98, 0x00, 0xff,
    0xda, 0x98, 0x00, 0xff, 0xda, 0x98, 0x00, 0xff, 0xda, 0x98, 0x00, 0xff,
    0xda, 0x98, 0x00, 0xff, 0xda, 0x98, 0x00, 0xff, 0xda, 0x98, 0x00, 0xff,
    0xda, 0x98, 0x00, 0xff, 0xda, 0x98, 0x00, 0xff, 0xda, 0x98, 0x00, 0xff,
    0xda, 0x98, 0x00, 0xff, 0xda, 0x98, 0x00, 0xff, 0xda, 0x98, 0x00, 0xff,
    0xda, 0x98, 0x00, 0xff, 0xda, 0x98, 0x00, 0xff, 0xda, 0x98, 0x00, 0xff,
    0xda, 0x98, 0x00, 0xff, 0xda, 0x98, 0x00, 0xff, 0xda, 0x98, 0x00, 0xff,
    0xda, 0x98, 0x00, 0xff, 0xda, 0x98, 0x00, 0xff, 0xda, 0x98, 0x00, 0xff,
    0xda, 0x98, 0x00, 0xff, 0xda, 0x98, 0x00, 0xff, 0xda, 0x98, 0x00, 0xff,
    0xda, 0x98, 0x00, 0xff, 0xda, 0x98, 0x00, 0xff, 0xda, 0x98, 0x00, 0xff,
    0xda, 0x98, 0x00, 0xff, 0xda, 0x98, 0x00, 0xff, 0xda, 0x98, 0x00, 0xff,
    0xda, 0x98, 0x00, 0xff, 0xda, 0x98, 0x00, 0xff, 0xda, 0x98, 0x00, 0xff,
    0xda, 0x98, 0x00, 0xff, 0xda, 0x98, 0x00, 0xff, 0xda, 0x98, 0x00, 0xff,
    0xda, 0x98, 0x00, 0xff, 0xda, 0x98, 0x00, 0xff, 0xda, 0x98, 0x00, 0xff,
    0xda, 0x98, 0x00, 0xff, 0xda, 0x98, 0x00, 0xff, 0xda, 0x98, 0x00, 0xff,
    0xda, 0x98, 0x00, 0xff, 0xda, 0x98, 0x00, 0xff, 0xda, 0x98, 0x00, 0xff,
    0xda, 0x98, 0x00, 0xff, 0xda, 0x98, 0x00, 0xff, 0xda, 0x98, 0x00, 0xff,
    0xda, 0x98, 0x00, 0xff, 0xda, 0x98, 0x00, 0xff, 0xda, 0x98, 0x00, 0xff,
    0xda, 0x98, 0x00, 0xff, 0xda, 0x98, 0x00, 0xff, 0xda, 0x98, 0x00, 0xff,
    0xda, 0x98, 0x00, 0xff, 0xda, 0x98, 0x00, 0xff, 0xda, 0x98, 0x00, 0xff,
    0xda, 0x98, 0x00, 0xff, 0xda, 0x98, 0x00, 0xff, 0xda, 0x98, 0x00, 0xff,
    0xda, 0x98, 0x00, 0xff, 0xda, 0x98, 0x00, 0xff, 0xda, 0x98, 0x00, 0xff,
    0xda, 0x98, 0x00, 0xff, 0xda, 0x98, 0x00, 0xff, 0xda, 0x98, 0x00, 0xff,
    0xda, 0x98, 0x00, 0xff, 0xda, 0x98, 0x00, 0xff, 0xda, 0x98, 0x00, 0xff,
    0xda, 0x98, 0x00, 0xff, 0xda, 0x98, 0x00, 0xff, 0xda, 0x98, 0x00, 0xff,
    0xda, 0x98, 0x00, 0xff, 0xda, 0x98, 0x00, 0xff, 0xda, 0x98, 0x00, 0xff,
    0xda, 0x98, 0x00, 0xff, 0xda, 0x98, 0x00, 0xff, 0xda, 0x98, 0x00, 0xff,
    0xda, 0x98, 0x00, 0xff, 0xda, 0x98, 0x00, 0xff, 0xda, 0x98, 0x00, 0xff,
    0xda, 0x98, 0x00, 0xff, 0xda, 0x98, 0x00, 0xff, 0xda, 0x98, 0x00, 0xff,
    0xda, 0x98, 0x00, 0xff, 0xda, 0x98, 0x00, 0xff, 0xda, 0x98, 0x00, 0xff,
    0xda, 0x98, 0x00, 0xff, 0xda, 0x98, 0x00, 0xff, 0xda, 0x98, 0x00, 0xff,
    0xda, 0x98, 0x00, 0xff, 0xda, 0x98, 0x00, 0xff, 0xda, 0x98, 0x00, 0xff,
    0xda, 0x98, 0x00, 0xff, 0xda, 0x98, 0x00, 0xff, 0xda, 0x98, 0x00, 0xff,
    0xda, 0x98, 0x00, 0xff, 0xda, 0x98, 0x00, 0xff, 0xda, 0x98, 0x00, 0xff,
    0xda, 0x98, 0x00, 0xff, 0xda, 0x98, 0x00, 0xff, 0xda, 0x98, 0x00, 0xff,
    0xda, 0x98, 0x00, 0xff, 0xda, 0x98, 0x00, 0xff, 0xda, 0x98, 0x00, 0xff,
    0xda, 0x98, 0x00, 0xff, 0xda, 0x98, 0x00, 0xff, 0xda, 0x98, 0x00, 0xff,
    0xda, 0x98, 0x00, 0xff, 0xda, 0x98, 0x00, 0xff, 0xda, 0x98, 0x00, 0xff,
    0xda, 0x98, 0x00, 0xff, 0xda, 0x98, 0x00, 0xff, 0xda, 0x98, 0x00, 0xff,
    0xda, 0x98, 0x00, 0xff, 0xda, 0x98, 0x00, 0xff, 0xda, 0x98, 0x00, 0xff,
    0xda, 0x98, 0x00, 0xff, 0xda, 0x98, 0x00, 0xff, 0xda, 0x98, 0x00, 0xff,
    0xda, 0x98, 0x00, 0xff, 0xda, 0x98, 0x00, 0xff, 0xda, 0x98, 0x00, 0xff,
    0xda, 0x98, 0x00, 0xff, 0xda, 0x98, 0x00, 0xff, 0xda, 0x98, 0x00, 0xff,
    0xda, 0x98, 0x00, 0xff, 0xda, 0x98, 0x00, 0xff, 0xda, 0x98, 0x00, 0xff,
    0xda, 0x98, 0x00, 0xff, 0xda, 0x98, 0x00, 0xff, 0xda, 0x98, 0x00, 0xff,
    0xda, 0x98, 0x00, 0xff, 0xda, 0x98, 0x00, 0xff, 0xda, 0x98, 0x00, 0xff,
    0xda, 0x98, 0x00, 0xff, 0xda, 0x98, 0x00, 0xff, 0xda, 0x98, 0x00, 0xff,
    0xda, 0x98, 0x00, 0xff, 0xda, 0x98, 0x00, 0xff, 0xda, 0x98, 0x00, 0xff,
    0xda, 0x98, 0x00, 0xff, 0xda, 0x98, 0x00, 0xff, 0xda, 0x98, 0x00, 0xff,
    0xda, 0x98, 0x00, 0xff, 0xda, 0x98, 0x00, 0xff, 0xda, 0x98, 0x00, 0xff,
    0xda, 0x98, 0x00, 0xff, 0xda, 0x98, 0x00, 0xff, 0xda, 0x98, 0x00, 0xff,
    0xda, 0x98, 0x00, 0xff, 0xda, 0x98, 0x00, 0xff, 0xda, 0x98, 0x00, 0xff,
    0xda, 0x98, 0x00, 0xff, 0xda, 0x98, 0x00, 0xff, 0xda, 0x98, 0x00, 0xff,
    0xda, 0x98, 0x00, 0xff, 0xda, 0x98, 0x00, 0xff, 0xda, 0x98, 0x00, 0xff,
    0xda, 0x98, 0x00, 0xff, 0xda, 0x98, 0x00, 0xff, 0xda, 0x98, 0x00, 0xff,
    0xda, 0x98, 0x00, 0xff, 0xda, 0x98, 0x00, 0xff, 0xda, 0x98, 0x00, 0xff,
    0xda, 0x98, 0x00, 0xff, 0xda, 0x98, 0x00, 0xff, 0xda, 0x98, 0x00, 0xff,
    0xda, 0x98, 0x00, 0xff, 0xda, 0x98, 0x00, 0xff, 0xda, 0x98, 0x00, 0xff,
    0xda, 0x98, 0x00, 0xff, 0xa3, 0x74, 0x3a, 0xff, 0x8c, 0x65, 0x52, 0xff,
    0x8c, 0x65, 0x52, 0xff, 0x8c, 0x65, 0x52, 0xff, 0x8c, 0x65, 0x52, 0xff,
    0x8b, 0x63, 0x50, 0x51, 0x8c, 0x65, 0x52, 0xa1, 0x92, 0x69, 0x4b, 0xff,
    0xd4, 0x94, 0x07, 0xff, 0xda, 0x98, 0x00, 0xff, 0xda, 0x98, 0x00, 0xff,
    0xda, 0x98, 0x00, 0xff, 0xda, 0x98, 0x00, 0xff, 0xda, 0x98, 0x00, 0xff,
    0xda, 0x98, 0x00, 0xff, 0xda, 0x98, 0x00, 0xff, 0xda, 0x98, 0x00, 0xff,
    0xda, 0x98, 0x00, 0xff, 0xda, 0x98, 0x00, 0xff, 0xda, 0x98, 0x00, 0xff,
    0xda, 0x98, 0x00, 0xff, 0xda, 0x98, 0x00, 0xff, 0xda, 0x98, 0x00, 0xff,
    0xda, 0x98, 0x00, 0xff, 0xda, 0x98, 0x00, 0xff, 0xda, 0x98, 0x00, 0xff,
    0xda, 0x98, 0x00, 0xff, 0xda, 0x98, 0x00, 0xff, 0xda, 0x98, 0x00, 0xff,
    0xda, 0x98, 0x00, 0xff, 0xda, 0x98, 0x00, 0xff, 0xda, 0x98, 0x00, 0xff,
    0xda, 0x98, 0x00, 0xff, 0xda, 0x98, 0x00, 0xff, 0xda, 0x98, 0x00, 0xff,
    0xda, 0x98, 0x00, 0xff, 0xda, 0x98, 0x00, 0xff, 0xda, 0x98, 0x00, 0xff,
    0xda, 0x98, 0x00, 0xff, 0xda, 0x98, 0x00, 0xff, 0xda, 0x98, 0x00, 0xff,
    0xda, 0x98, 0x00, 0xff, 0xda, 0x98, 0x00, 0xff, 0xda, 0x98, 0x00, 0xff,
    0xda, 0x98, 0x00, 0xff, 0xda, 0x98, 0x00, 0xff, 0xda, 0x98, 0x00, 0xff,
    0xda, 0x98, 0x00, 0xff, 0xda, 0x98, 0x00, 0xff, 0xda, 0x98, 0x00, 0xff,
    0xda, 0x98, 0x00, 0xff, 0xda, 0x98, 0x00, 0xff, 0xda, 0x98, 0x00, 0xff,
    0xda, 0x98, 0x00, 0xff, 0xda, 0x98, 0x00, 0xff, 0xda, 0x98, 0x00, 0xff,
    0xda, 0x98, 0x00, 0xff, 0xda, 0x98, 0x00, 0xff, 0xda, 0x98, 0x00, 0xff,
    0xda, 0x98, 0x00, 0xff, 0xda, 0x98, 0x00, 0xff, 0xda, 0x98, 0x00, 0xff,
    0xda, 0x98, 0x00, 0xff, 0xda, 0x98, 0x00, 0xff, 0xda, 0x98, 0x00, 0xff,
    0xda, 0x98, 0x00, 0xff, 0xda, 0x98, 0x00, 0xff, 0xda, 0x98, 0x00, 0xff,
    0xda, 0x98, 0x00, 0xff, 0xda, 0x98, 0x00, 0xff, 0xda, 0x98, 0x00, 0xff,
    0xda, 0x98, 0x00, 0xff, 0xda, 0x98, 0x00, 0xff, 0xda, 0x98, 0x00, 0xff,
    0xda, 0x98, 0x00, 0xff, 0xda, 0x98, 0x00, 0xff, 0xda, 0x98, 0x00, 0xff,
    0xda, 0x98, 0x00, 0xff, 0xda, 0x98, 0x00, 0xff, 0xda, 0x98, 0x00, 0xff,
    0xda, 0x98, 0x00, 0xff, 0xda, 0x98, 0x00, 0xff, 0xda, 0x98, 0x00, 0xff,
    0xda, 0x98, 0x00, 0xff, 0xda, 0x98, 0x00, 0xff, 0xda, 0x98, 0x00, 0xff,
    0xda, 0x98, 0x00, 0xff, 0xda, 0x98, 0x00, 0xff, 0xda, 0x98, 0x00, 0xff,
    0xda, 0x98, 0x00, 0xff, 0xda, 0x98, 0x00, 0xff, 0xda, 0x98, 0x00, 0xff,
    0xda, 0x98, 0x00, 0xff, 0xda, 0x98, 0x00, 0xff, 0xda, 0x98, 0x00, 0xff,
    0xda, 0x98, 0x00, 0xff, 0xda, 0x98, 0x00, 0xff, 0xda, 0x98, 0x00, 0xff,
    0xda, 0x98, 0x00, 0xff, 0xda, 0x98, 0x00, 0xff, 0xda, 0x98, 0x00, 0xff,
    0xda, 0x98, 0x00, 0xff, 0xda, 0x98, 0x00, 0xff, 0xda, 0x98, 0x00, 0xff,
    0xda, 0x98, 0x00, 0xff, 0xda, 0x98, 0x00, 0xff, 0xda, 0x98, 0x00, 0xff,
    0xda, 0x98, 0x00, 0xff, 0xda, 0x98, 0x00, 0xff, 0xda, 0x98, 0x00, 0xff,
    0xda, 0x98, 0x00, 0xff, 0xda, 0x98, 0x00, 0xff, 0xda, 0x98, 0x00, 0xff,
    0xda, 0x98, 0x00, 0xff, 0xda, 0x98, 0x00, 0xff, 0xda, 0x98, 0x00, 0xff,
    0xda, 0x98, 0x00, 0xff, 0xda, 0x98, 0x00, 0xff, 0xda, 0x98, 0x00, 0xff,
    0xda, 0x98, 0x00, 0xff, 0xda, 0x98, 0x00, 0xff, 0xda, 0x98, 0x00, 0xff,
    0xda, 0x98, 0x00, 0xff, 0xda, 0x98, 0x00, 0xff, 0xda, 0x98, 0x00, 0xff,
    0xda, 0x98, 0x00, 0xff, 0xda, 0x98, 0x00, 0xff, 0xda, 0x98, 0x00, 0xff,
    0xda, 0x98, 0x00, 0xff, 0xda, 0x98, 0x00, 0xff, 0xda, 0x98, 0x00, 0xff,
    0xda, 0x98, 0x00, 0xff, 0xda, 0x98, 0x00, 0xff, 0xda, 0x98, 0x00, 0xff,
    0xda, 0x98, 0x00, 0xff, 0xda, 0x98, 0x00, 0xff, 0xda, 0x98, 0x00, 0xff,
    0xda, 0x98, 0x00, 0xff, 0xda, 0x98, 0x00, 0xff, 0xda, 0x98, 0x00, 0xff,
    0xda, 0x98, 0x00, 0xff, 0xda, 0x98, 0x00, 0xff, 0xda, 0x98, 0x00, 0xff,
    0xda, 0x98, 0x00, 0xff, 0xda, 0x98, 0x00, 0xff, 0xda, 0x98, 0x00, 0xff,
    0xda, 0x98, 0x00, 0xff, 0xda, 0x98, 0x00, 0xff, 0xda, 0x98, 0x00, 0xff,
    0xda, 0x98, 0x00, 0xff, 0xda, 0x98, 0x00, 0xff, 0xda, 0x98, 0x00, 0xff,
    0xda, 0x98, 0x00, 0xff, 0xda, 0x98, 0x00, 0xff, 0xda, 0x98, 0x00, 0xff,
    0xda, 0x98, 0x00, 0xff, 0xda, 0x98, 0x00, 0xff, 0xda, 0x98, 0x00, 0xff,
    0xda, 0x98, 0x00, 0xff, 0xda, 0x98, 0x00, 0xff, 0xda, 0x98, 0x00, 0xff,
    0xda, 0x98, 0x00, 0xff, 0xda, 0x98, 0x00, 0xff, 0xda, 0x98, 0x00, 0xff,
    0xda, 0x98, 0x00, 0xff, 0xda, 0x98, 0x00, 0xff, 0xda, 0x98, 0x00, 0xff,
    0xda, 0x98, 0x00, 0xff, 0xda, 0x98, 0x00, 0xff, 0xda, 0x98, 0x00, 0xff,
    0xda, 0x98, 0x00, 0xff, 0xda, 0x98, 0x00, 0xff, 0xda, 0x98, 0x00, 0xff,
    0xda, 0x98, 0x00, 0xff, 0xda, 0x98, 0x00, 0xff, 0xda, 0x98, 0x00, 0xff,
    0xda, 0x98, 0x00, 0xff, 0xda, 0x98, 0x00, 0xff, 0xda, 0x98, 0x00, 0xff,
    0xda, 0x98, 0x00, 0xff, 0xda, 0x98, 0x00, 0xff, 0xda, 0x98, 0x00, 0xff,
    0xda, 0x98, 0x00, 0xff, 0xda, 0x98, 0x00, 0xff, 0xda, 0x98, 0x00, 0xff,
    0xda, 0x98, 0x00, 0xff, 0xda, 0x98, 0x00, 0xff, 0xda, 0x98, 0x00, 0xff,
    0xda, 0x98, 0x00, 0xff, 0xda, 0x98, 0x00, 0xff, 0xda, 0x98, 0x00, 0xff,
    0xda, 0x98, 0x00, 0xff, 0xda, 0x98, 0x00, 0xff, 0xda, 0x98, 0x00, 0xff,
    0xda, 0x98, 0x00, 0xff, 0xda, 0x98, 0x00, 0xff, 0xda, 0x98, 0x00, 0xff,
    0xda, 0x98, 0x00, 0xff, 0xda, 0x98, 0x00, 0xff, 0xda, 0x98, 0x00, 0xff,
    0xda, 0x98, 0x00, 0xff, 0xda, 0x98, 0x00, 0xff, 0xda, 0x98, 0x00, 0xff,
    0xda, 0x98, 0x00, 0xff, 0xda, 0x98, 0x00, 0xff, 0xda, 0x98, 0x00, 0xff,
    0xda, 0x98, 0x00, 0xff, 0xda, 0x98, 0x00, 0xff, 0xda, 0x98, 0x00, 0xff,
    0xda, 0x98, 0x00, 0xff, 0xda, 0x98, 0x00, 0xff, 0xda, 0x98, 0x00, 0xff,
    0xda, 0x98, 0x00, 0xff, 0xda, 0x98, 0x00, 0xff, 0xda, 0x98, 0x00, 0xff,
    0xda, 0x98, 0x00, 0xff, 0xda, 0x98, 0x00, 0xff, 0xda, 0x98, 0x00, 0xff,
    0xda, 0x98, 0x00, 0xff, 0xda, 0x98, 0x00, 0xff, 0xda, 0x98, 0x00, 0xff,
    0xda, 0x98, 0x00, 0xff, 0xda, 0x98, 0x00, 0xff, 0xda, 0x98, 0x00, 0xff,
    0xda, 0x98, 0x00, 0xff, 0xda, 0x98, 0x00, 0xff, 0xda, 0x98, 0x00, 0xff,
    0xda, 0x98, 0x00, 0xff, 0xda, 0x98, 0x00, 0xff, 0xda, 0x98, 0x00, 0xff,
    0xda, 0x98, 0x00, 0xff, 0xda, 0x98, 0x00, 0xff, 0xda, 0x98, 0x00, 0xff,
    0xda, 0x98, 0x00, 0xff, 0xda, 0x98, 0x00, 0xff, 0xda, 0x98, 0x00, 0xff,
    0xda, 0x98, 0x00, 0xff, 0xda, 0x98, 0x00, 0xff, 0xda, 0x98, 0x00, 0xff,
    0xda, 0x98, 0x00, 0xff, 0xda, 0x98, 0x00, 0xff, 0xda, 0x98, 0x00, 0xff,
    0xda, 0x98, 0x00, 0xff, 0xda, 0x98, 0x00, 0xff, 0xda, 0x98, 0x00, 0xff,
    0xda, 0x98, 0x00, 0xff, 0xc4, 0x8a, 0x17, 0xff, 0x8c, 0x65, 0x52, 0xff,
    0x8c, 0x65, 0x52, 0xff, 0x8c, 0x65, 0x52, 0xff, 0x8c, 0x65, 0x52, 0xff,
    0x8c, 0x65, 0x52, 0xff, 0x8b, 0x62, 0x52, 0x3f, 0x8b, 0x64, 0x52, 0x71,
    0x8c, 0x65, 0x52, 0xff, 0x9e, 0x71, 0x3e, 0xff, 0xd7, 0x96, 0x03, 0xff,
    0xda, 0x98, 0x00, 0xff, 0xda, 0x98, 0x00, 0xff, 0xda, 0x98, 0x00, 0xff,
    0xda, 0x98, 0x00, 0xff, 0xda, 0x98, 0x00, 0xff, 0xda, 0x98, 0x00, 0xff,
    0xda, 0x98, 0x00, 0xff, 0xda, 0x98, 0x00, 0xff, 0xda, 0x98, 0x00, 0xff,
    0xda, 0x98, 0x00, 0xff, 0xda, 0x98, 0x00, 0xff, 0xda, 0x98, 0x00, 0xff,
    0xda, 0x98, 0x00, 0xff, 0xda, 0x98, 0x00, 0xff, 0xda, 0x98, 0x00, 0xff,
    0xda, 0x98, 0x00, 0xff, 0xda, 0x98, 0x00, 0xff, 0xda, 0x98, 0x00, 0xff,
    0xda, 0x98, 0x00, 0xff, 0xda, 0x98, 0x00, 0xff, 0xda, 0x98, 0x00, 0xff,
    0xda, 0x98, 0x00, 0xff, 0xda, 0x98, 0x00, 0xff, 0xda, 0x98, 0x00, 0xff,
    0xda, 0x98, 0x00, 0xff, 0xda, 0x98, 0x00, 0xff, 0xda, 0x98, 0x00, 0xff,
    0xda, 0x98, 0x00, 0xff, 0xda, 0x98, 0x00, 0xff, 0xda, 0x98, 0x00, 0xff,
    0xda, 0x98, 0x00, 0xff, 0xda, 0x98, 0x00, 0xff, 0xda, 0x98, 0x00, 0xff,
    0xda, 0x98, 0x00, 0xff, 0xda, 0x98, 0x00, 0xff, 0xda, 0x98, 0x00, 0xff,
    0xda, 0x98, 0x00, 0xff, 0xda, 0x98, 0x00, 0xff, 0xda, 0x98, 0x00, 0xff,
    0xda, 0x98, 0x00, 0xff, 0xda, 0x98, 0x00, 0xff, 0xda, 0x98, 0x00, 0xff,
    0xda, 0x98, 0x00, 0xff, 0xda, 0x98, 0x00, 0xff, 0xda, 0x98, 0x00, 0xff,
    0xda, 0x98, 0x00, 0xff, 0xda, 0x98, 0x00, 0xff, 0xda, 0x98, 0x00, 0xff,
    0xda, 0x98, 0x00, 0xff, 0xda, 0x98, 0x00, 0xff, 0xda, 0x98, 0x00, 0xff,
    0xda, 0x98, 0x00, 0xff, 0xda, 0x98, 0x00, 0xff, 0xda, 0x98, 0x00, 0xff,
    0xda, 0x98, 0x00, 0xff, 0xda, 0x98, 0x00, 0xff, 0xda, 0x98, 0x00, 0xff,
    0xda, 0x98, 0x00, 0xff, 0xda, 0x98, 0x00, 0xff, 0xda, 0x98, 0x00, 0xff,
    0xda, 0x98, 0x00, 0xff, 0xda, 0x98, 0x00, 0xff, 0xda, 0x98, 0x00, 0xff,
    0xda, 0x98, 0x00, 0xff, 0xda, 0x98, 0x00, 0xff, 0xda, 0x98, 0x00, 0xff,
    0xda, 0x98, 0x00, 0xff, 0xda, 0x98, 0x00, 0xff, 0xda, 0x98, 0x00, 0xff,
    0xda, 0x98, 0x00, 0xff, 0xda, 0x98, 0x00, 0xff, 0xda, 0x98, 0x00, 0xff,
    0xda, 0x98, 0x00, 0xff, 0xda, 0x98, 0x00, 0xff, 0xda, 0x98, 0x00, 0xff,
    0xda, 0x98, 0x00, 0xff, 0xda, 0x98, 0x00, 0xff, 0xda, 0x98, 0x00, 0xff,
    0xda, 0x98, 0x00, 0xff, 0xda, 0x98, 0x00, 0xff, 0xda, 0x98, 0x00, 0xff,
    0xda, 0x98, 0x00, 0xff, 0xda, 0x98, 0x00, 0xff, 0xda, 0x98, 0x00, 0xff,
    0xda, 0x98, 0x00, 0xff, 0xda, 0x98, 0x00, 0xff, 0xda, 0x98, 0x00, 0xff,
    0xda, 0x98, 0x00, 0xff, 0xda, 0x98, 0x00, 0xff, 0xda, 0x98, 0x00, 0xff,
    0xda, 0x98, 0x00, 0xff, 0xda, 0x98, 0x00, 0xff, 0xda, 0x98, 0x00, 0xff,
    0xda, 0x98, 0x00, 0xff, 0xda, 0x98, 0x00, 0xff, 0xda, 0x98, 0x00, 0xff,
    0xda, 0x98, 0x00, 0xff, 0xda, 0x98, 0x00, 0xff, 0xda, 0x98, 0x00, 0xff,
    0xda, 0x98, 0x00, 0xff, 0xda, 0x98, 0x00, 0xff, 0xda, 0x98, 0x00, 0xff,
    0xda, 0x98, 0x00, 0xff, 0xda, 0x98, 0x00, 0xff, 0xda, 0x98, 0x00, 0xff,
    0xda, 0x98, 0x00, 0xff, 0xda, 0x98, 0x00, 0xff, 0xda, 0x98, 0x00, 0xff,
    0xda, 0x98, 0x00, 0xff, 0xda, 0x98, 0x00, 0xff, 0xda, 0x98, 0x00, 0xff,
    0xda, 0x98, 0x00, 0xff, 0xda, 0x98, 0x00, 0xff, 0xda, 0x98, 0x00, 0xff,
    0xda, 0x98, 0x00, 0xff, 0xda, 0x98, 0x00, 0xff, 0xda, 0x98, 0x00, 0xff,
    0xda, 0x98, 0x00, 0xff, 0xda, 0x98, 0x00, 0xff, 0xda, 0x98, 0x00, 0xff,
    0xda, 0x98, 0x00, 0xff, 0xda, 0x98, 0x00, 0xff, 0xda, 0x98, 0x00, 0xff,
    0xda, 0x98, 0x00, 0xff, 0xda, 0x98, 0x00, 0xff, 0xda, 0x98, 0x00, 0xff,
    0xda, 0x98, 0x00, 0xff, 0xda, 0x98, 0x00, 0xff, 0xda, 0x98, 0x00, 0xff,
    0xda, 0x98, 0x00, 0xff, 0xda, 0x98, 0x00, 0xff, 0xda, 0x98, 0x00, 0xff,
    0xda, 0x98, 0x00, 0xff, 0xda, 0x98, 0x00, 0xff, 0xda, 0x98, 0x00, 0xff,
    0xda, 0x98, 0x00, 0xff, 0xda, 0x98, 0x00, 0xff, 0xda, 0x98, 0x00, 0xff,
    0xda, 0x98, 0x00, 0xff, 0xda, 0x98, 0x00, 0xff, 0xda, 0x98, 0x00, 0xff,
    0xda, 0x98, 0x00, 0xff, 0xda, 0x98, 0x00, 0xff, 0xda, 0x98, 0x00, 0xff,
    0xda, 0x98, 0x00, 0xff, 0xda, 0x98, 0x00, 0xff, 0xda, 0x98, 0x00, 0xff,
    0xda, 0x98, 0x00, 0xff, 0xda, 0x98, 0x00, 0xff, 0xda, 0x98, 0x00, 0xff,
    0xda, 0x98, 0x00, 0xff, 0xda, 0x98, 0x00, 0xff, 0xda, 0x98, 0x00, 0xff,
    0xda, 0x98, 0x00, 0xff, 0xda, 0x98, 0x00, 0xff, 0xda, 0x98, 0x00, 0xff,
    0xda, 0x98, 0x00, 0xff, 0xda, 0x98, 0x00, 0xff, 0xda, 0x98, 0x00, 0xff,
    0xda, 0x98, 0x00, 0xff, 0xda, 0x98, 0x00, 0xff, 0xda, 0x98, 0x00, 0xff,
    0xda, 0x98, 0x00, 0xff, 0xda, 0x98, 0x00, 0xff, 0xda, 0x98, 0x00, 0xff,
    0xda, 0x98, 0x00, 0xff, 0xda, 0x98, 0x00, 0xff, 0xda, 0x98, 0x00, 0xff,
    0xda, 0x98, 0x00, 0xff, 0xda, 0x98, 0x00, 0xff, 0xda, 0x98, 0x00, 0xff,
    0xda, 0x98, 0x00, 0xff, 0xda, 0x98, 0x00, 0xff, 0xda, 0x98, 0x00, 0xff,
    0xda, 0x98, 0x00, 0xff, 0xda, 0x98, 0x00, 0xff, 0xda, 0x98, 0x00, 0xff,
    0xda, 0x98, 0x00, 0xff, 0xda, 0x98, 0x00, 0xff, 0xda, 0x98, 0x00, 0xff,
    0xda, 0x98, 0x00, 0xff, 0xda, 0x98, 0x00, 0xff, 0xda, 0x98, 0x00, 0xff,
    0xda, 0x98, 0x00, 0xff, 0xda, 0x98, 0x00, 0xff, 0xda, 0x98, 0x00, 0xff,
    0xda, 0x98, 0x00, 0xff, 0xda, 0x98, 0x00, 0xff, 0xda, 0x98, 0x00, 0xff,
    0xda, 0x98, 0x00, 0xff, 0xda, 0x98, 0x00, 0xff, 0xda, 0x98, 0x00, 0xff,
    0xda, 0x98, 0x00, 0xff, 0xda, 0x98, 0x00, 0xff, 0xda, 0x98, 0x00, 0xff,
    0xda, 0x98, 0x00, 0xff, 0xda, 0x98, 0x00, 0xff, 0xda, 0x98, 0x00, 0xff,
    0xda, 0x98, 0x00, 0xff, 0xda, 0x98, 0x00, 0xff, 0xda, 0x98, 0x00, 0xff,
    0xda, 0x98, 0x00, 0xff, 0xda, 0x98, 0x00, 0xff, 0xda, 0x98, 0x00, 0xff,
    0xda, 0x98, 0x00, 0xff, 0xda, 0x98, 0x00, 0xff, 0xda, 0x98, 0x00, 0xff,
    0xda, 0x98, 0x00, 0xff, 0xda, 0x98, 0x00, 0xff, 0xda, 0x98, 0x00, 0xff,
    0xda, 0x98, 0x00, 0xff, 0xda, 0x98, 0x00, 0xff, 0xda, 0x98, 0x00, 0xff,
    0xda, 0x98, 0x00, 0xff, 0xda, 0x98, 0x00, 0xff, 0xda, 0x98, 0x00, 0xff,
    0xda, 0x98, 0x00, 0xff, 0xda, 0x98, 0x00, 0xff, 0xda, 0x98, 0x00, 0xff,
    0xda, 0x98, 0x00, 0xff, 0xda, 0x98, 0x00, 0xff, 0xda, 0x98, 0x00, 0xff,
    0xda, 0x98, 0x00, 0xff, 0xda, 0x98, 0x00, 0xff, 0xda, 0x98, 0x00, 0xff,
    0xda, 0x98, 0x00, 0xff, 0xda, 0x98, 0x00, 0xff, 0xda, 0x98, 0x00, 0xff,
    0xda, 0x98, 0x00, 0xff, 0xda, 0x98, 0x00, 0xff, 0xda, 0x98, 0x00, 0xff,
    0xda, 0x98, 0x00, 0xff, 0xda, 0x98, 0x00, 0xff, 0xda, 0x98, 0x00, 0xff,
    0xda, 0x98, 0x00, 0xff, 0xcd, 0x90, 0x0d, 0xff, 0x92, 0x69, 0x4b, 0xff,
    0x8c, 0x65, 0x52, 0xff, 0x8c, 0x65, 0x52, 0xff, 0x8c, 0x65, 0x52, 0xff,
    0x8c, 0x65, 0x52, 0xff, 0x8c, 0x65, 0x52, 0xfd, 0x80, 0x64, 0x48, 0x12,
    0x88, 0x61, 0x51, 0x20, 0x8c, 0x65, 0x52, 0xfc, 0x8c, 0x65, 0x52, 0xff,
    0x9b, 0x6f, 0x42, 0xff, 0xcd, 0x8f, 0x0d, 0xff, 0xda, 0x98, 0x00, 0xff,
    0xda, 0x98, 0x00, 0xff, 0xda, 0x98, 0x00, 0xff, 0xda, 0x98, 0x00, 0xff,
    0xda, 0x98, 0x00, 0xff, 0xda, 0x98, 0x00, 0xff, 0xda, 0x98, 0x00, 0xff,
    0xda, 0x98, 0x00, 0xff, 0xda, 0x98, 0x00, 0xff, 0xda, 0x98, 0x00, 0xff,
    0xda, 0x98, 0x00, 0xff, 0xda, 0x98, 0x00, 0xff, 0xda, 0x98, 0x00, 0xff,
    0xda, 0x98, 0x00, 0xff, 0xda, 0x98, 0x00, 0xff, 0xda, 0x98, 0x00, 0xff,
    0xda, 0x98, 0x00, 0xff, 0xda, 0x98, 0x00, 0xff, 0xda, 0x98, 0x00, 0xff,
    0xda, 0x98, 0x00, 0xff, 0xda, 0x98, 0x00, 0xff, 0xda, 0x98, 0x00, 0xff,
    0xda, 0x98, 0x00, 0xff, 0xda, 0x98, 0x00, 0xff, 0xda, 0x98, 0x00, 0xff,
    0xda, 0x98, 0x00, 0xff, 0xda, 0x98, 0x00, 0xff, 0xda, 0x98, 0x00, 0xff,
    0xda, 0x98, 0x00, 0xff, 0xda, 0x98, 0x00, 0xff, 0xda, 0x98, 0x00, 0xff,
    0xda, 0x98, 0x00, 0xff, 0xda, 0x98, 0x00, 0xff, 0xda, 0x98, 0x00, 0xff,
    0xda, 0x98, 0x00, 0xff, 0xda, 0x98, 0x00, 0xff, 0xda, 0x98, 0x00, 0xff,
    0xda, 0x98, 0x00, 0xff, 0xda, 0x98, 0x00, 0xff, 0xda, 0x98, 0x00, 0xff,
    0xda, 0x98, 0x00, 0xff, 0xda, 0x98, 0x00, 0xff, 0xda, 0x98, 0x00, 0xff,
    0xda, 0x98, 0x00, 0xff, 0xda, 0x98, 0x00, 0xff, 0xda, 0x98, 0x00, 0xff,
    0xda, 0x98, 0x00, 0xff, 0xda, 0x98, 0x00, 0xff, 0xda, 0x98, 0x00, 0xff,
    0xda, 0x98, 0x00, 0xff, 0xda, 0x98, 0x00, 0xff, 0xda, 0x98, 0x00, 0xff,
    0xda, 0x98, 0x00, 0xff, 0xda, 0x98, 0x00, 0xff, 0xda, 0x98, 0x00, 0xff,
    0xda, 0x98, 0x00, 0xff, 0xda, 0x98, 0x00, 0xff, 0xda, 0x98, 0x00, 0xff,
    0xda, 0x98, 0x00, 0xff, 0xda, 0x98, 0x00, 0xff, 0xda, 0x98, 0x00, 0xff,
    0xda, 0x98, 0x00, 0xff, 0xda, 0x98, 0x00, 0xff, 0xda, 0x98, 0x00, 0xff,
    0xda, 0x98, 0x00, 0xff, 0xda, 0x98, 0x00, 0xff, 0xda, 0x98, 0x00, 0xff,
    0xda, 0x98, 0x00, 0xff, 0xda, 0x98, 0x00, 0xff, 0xda, 0x98, 0x00, 0xff,
    0xda, 0x98, 0x00, 0xff, 0xda, 0x98, 0x00, 0xff, 0xda, 0x98, 0x00, 0xff,
    0xda, 0x98, 0x00, 0xff, 0xda, 0x98, 0x00, 0xff, 0xda, 0x98, 0x00, 0xff,
    0xda, 0x98, 0x00, 0xff, 0xda, 0x98, 0x00, 0xff, 0xda, 0x98, 0x00, 0xff,
    0xda, 0x98, 0x00, 0xff, 0xda, 0x98, 0x00, 0xff, 0xda, 0x98, 0x00, 0xff,
    0xda, 0x98, 0x00, 0xff, 0xda, 0x98, 0x00, 0xff, 0xda, 0x98, 0x00, 0xff,
    0xda, 0x98, 0x00, 0xff, 0xda, 0x98, 0x00, 0xff, 0xda, 0x98, 0x00, 0xff,
    0xda, 0x98, 0x00, 0xff, 0xda, 0x98, 0x00, 0xff, 0xda, 0x98, 0x00, 0xff,
    0xda, 0x98, 0x00, 0xff, 0xda, 0x98, 0x00, 0xff, 0xda, 0x98, 0x00, 0xff,
    0xda, 0x98, 0x00, 0xff, 0xda, 0x98, 0x00, 0xff, 0xda, 0x98, 0x00, 0xff,
    0xda, 0x98, 0x00, 0xff, 0xda, 0x98, 0x00, 0xff, 0xda, 0x98, 0x00, 0xff,
    0xda, 0x98, 0x00, 0xff, 0xda, 0x98, 0x00, 0xff, 0xda, 0x98, 0x00, 0xff,
    0xda, 0x98, 0x00, 0xff, 0xda, 0x98, 0x00, 0xff, 0xda, 0x98, 0x00, 0xff,
    0xda, 0x98, 0x00, 0xff, 0xda, 0x98, 0x00, 0xff, 0xda, 0x98, 0x00, 0xff,
    0xda, 0x98, 0x00, 0xff, 0xda, 0x98, 0x00, 0xff, 0xda, 0x98, 0x00, 0xff,
    0xda, 0x98, 0x00, 0xff, 0xda, 0x98, 0x00, 0xff, 0xda, 0x98, 0x00, 0xff,
    0xda, 0x98, 0x00, 0xff, 0xda, 0x98, 0x00, 0xff, 0xda, 0x98, 0x00, 0xff,
    0xda, 0x98, 0x00, 0xff, 0xda, 0x98, 0x00, 0xff, 0xda, 0x98, 0x00, 0xff,
    0xda, 0x98, 0x00, 0xff, 0xda, 0x98, 0x00, 0xff, 0xda, 0x98, 0x00, 0xff,
    0xda, 0x98, 0x00, 0xff, 0xda, 0x98, 0x00, 0xff, 0xda, 0x98, 0x00, 0xff,
    0xda, 0x98, 0x00, 0xff, 0xda, 0x98, 0x00, 0xff, 0xda, 0x98, 0x00, 0xff,
    0xda, 0x98, 0x00, 0xff, 0xda, 0x98, 0x00, 0xff, 0xda, 0x98, 0x00, 0xff,
    0xda, 0x98, 0x00, 0xff, 0xda, 0x98, 0x00, 0xff, 0xda, 0x98, 0x00, 0xff,
    0xda, 0x98, 0x00, 0xff, 0xda, 0x98, 0x00, 0xff, 0xda, 0x98, 0x00, 0xff,
    0xda, 0x98, 0x00, 0xff, 0xda, 0x98, 0x00, 0xff, 0xda, 0x98, 0x00, 0xff,
    0xda, 0x98, 0x00, 0xff, 0xda, 0x98, 0x00, 0xff, 0xda, 0x98, 0x00, 0xff,
    0xda, 0x98, 0x00, 0xff, 0xda, 0x98, 0x00, 0xff, 0xda, 0x98, 0x00, 0xff,
    0xda, 0x98, 0x00, 0xff, 0xda, 0x98, 0x00, 0xff, 0xda, 0x98, 0x00, 0xff,
    0xda, 0x98, 0x00, 0xff, 0xda, 0x98, 0x00, 0xff, 0xda, 0x98, 0x00, 0xff,
    0xda, 0x98, 0x00, 0xff, 0xda, 0x98, 0x00, 0xff, 0xda, 0x98, 0x00, 0xff,
    0xda, 0x98, 0x00, 0xff, 0xda, 0x98, 0x00, 0xff, 0xda, 0x98, 0x00, 0xff,
    0xda, 0x98, 0x00, 0xff, 0xda, 0x98, 0x00, 0xff, 0xda, 0x98, 0x00, 0xff,
    0xda, 0x98, 0x00, 0xff, 0xda, 0x98, 0x00, 0xff, 0xda, 0x98, 0x00, 0xff,
    0xda, 0x98, 0x00, 0xff, 0xda, 0x98, 0x00, 0xff, 0xda, 0x98, 0x00, 0xff,
    0xda, 0x98, 0x00, 0xff, 0xda, 0x98, 0x00, 0xff, 0xda, 0x98, 0x00, 0xff,
    0xda, 0x98, 0x00, 0xff, 0xda, 0x98, 0x00, 0xff, 0xda, 0x98, 0x00, 0xff,
    0xda, 0x98, 0x00, 0xff, 0xda, 0x98, 0x00, 0xff, 0xda, 0x98, 0x00, 0xff,
    0xda, 0x98, 0x00, 0xff, 0xda, 0x98, 0x00, 0xff, 0xda, 0x98, 0x00, 0xff,
    0xda, 0x98, 0x00, 0xff, 0xda, 0x98, 0x00, 0xff, 0xda, 0x98, 0x00, 0xff,
    0xda, 0x98, 0x00, 0xff, 0xda, 0x98, 0x00, 0xff, 0xda, 0x98, 0x00, 0xff,
    0xda, 0x98, 0x00, 0xff, 0xda, 0x98, 0x00, 0xff, 0xda, 0x98, 0x00, 0xff,
    0xda, 0x98, 0x00, 0xff, 0xda, 0x98, 0x00, 0xff, 0xda, 0x98, 0x00, 0xff,
    0xda, 0x98, 0x00, 0xff, 0xda, 0x98, 0x00, 0xff, 0xda, 0x98, 0x00, 0xff,
    0xda, 0x98, 0x00, 0xff, 0xda, 0x98, 0x00, 0xff, 0xda, 0x98, 0x00, 0xff,
    0xda, 0x98, 0x00, 0xff, 0xda, 0x98, 0x00, 0xff, 0xda, 0x98, 0x00, 0xff,
    0xda, 0x98, 0x00, 0xff, 0xda, 0x98, 0x00, 0xff, 0xda, 0x98, 0x00, 0xff,
    0xda, 0x98, 0x00, 0xff, 0xda, 0x98, 0x00, 0xff, 0xda, 0x98, 0x00, 0xff,
    0xda, 0x98, 0x00, 0xff, 0xda, 0x98, 0x00, 0xff, 0xda, 0x98, 0x00, 0xff,
    0xda, 0x98, 0x00, 0xff, 0xda, 0x98, 0x00, 0xff, 0xda, 0x98, 0x00, 0xff,
    0xda, 0x98, 0x00, 0xff, 0xda, 0x98, 0x00, 0xff, 0xda, 0x98, 0x00, 0xff,
    0xda, 0x98, 0x00, 0xff, 0xda, 0x98, 0x00, 0xff, 0xda, 0x98, 0x00, 0xff,
    0xda, 0x98, 0x00, 0xff, 0xda, 0x98, 0x00, 0xff, 0xda, 0x98, 0x00, 0xff,
    0xda, 0x98, 0x00, 0xff, 0xda, 0x98, 0x00, 0xff, 0xda, 0x98, 0x00, 0xff,
    0xda, 0x98, 0x00, 0xff, 0xda, 0x98, 0x00, 0xff, 0xda, 0x98, 0x00, 0xff,
    0xda, 0x98, 0x00, 0xff, 0xda, 0x98, 0x00, 0xff, 0xda, 0x98, 0x00, 0xff,
    0xda, 0x98, 0x00, 0xff, 0xc1, 0x88, 0x1a, 0xff, 0x92, 0x69, 0x4c, 0xff,
    0x8c, 0x65, 0x52, 0xff, 0x8c, 0x65, 0x52, 0xff, 0x8c, 0x65, 0x52, 0xff,
    0x8c, 0x65, 0x52, 0xff, 0x8c, 0x65, 0x52, 0xff, 0x8b, 0x65, 0x52, 0xba,
    0xff, 0xff, 0xff, 0x00, 0xff, 0xff, 0xff, 0x00, 0x8c, 0x65, 0x51, 0xa3,
    0x8c, 0x65, 0x52, 0xff, 0x8c, 0x65, 0x52, 0xff, 0x8d, 0x66, 0x51, 0xff,
    0xa7, 0x76, 0x36, 0xff, 0xc0, 0x87, 0x1c, 0xff, 0xce, 0x90, 0x0d, 0xff,
    0xd1, 0x92, 0x09, 0xff, 0xd2, 0x92, 0x09, 0xff, 0xd2, 0x92, 0x09, 0xff,
    0xd2, 0x92, 0x09, 0xff, 0xd2, 0x92, 0x09, 0xff, 0xd2, 0x92, 0x09, 0xff,
    0xd2, 0x92, 0x09, 0xff, 0xd2, 0x92, 0x09, 0xff, 0xd2, 0x92, 0x09, 0xff,
    0xd2, 0x92, 0x09, 0xff, 0xd2, 0x92, 0x09, 0xff, 0xd2, 0x92, 0x09, 0xff,
    0xd2, 0x92, 0x09, 0xff, 0xd2, 0x92, 0x09, 0xff, 0xd2, 0x92, 0x09, 0xff,
    0xd2, 0x92, 0x09, 0xff, 0xd2, 0x92, 0x09, 0xff, 0xd2, 0x92, 0x09, 0xff,
    0xd2, 0x92, 0x09, 0xff, 0xd2, 0x92, 0x09, 0xff, 0xd2, 0x92, 0x09, 0xff,
    0xd2, 0x92, 0x09, 0xff, 0xd2, 0x92, 0x09, 0xff, 0xd2, 0x92, 0x09, 0xff,
    0xd2, 0x92, 0x09, 0xff, 0xd2, 0x92, 0x09, 0xff, 0xd2, 0x92, 0x09, 0xff,
    0xd2, 0x92, 0x09, 0xff, 0xd2, 0x92, 0x09, 0xff, 0xd2, 0x92, 0x09, 0xff,
    0xd2, 0x92, 0x09, 0xff, 0xd2, 0x92, 0x09, 0xff, 0xd2, 0x92, 0x09, 0xff,
    0xd2, 0x92, 0x09, 0xff, 0xd2, 0x92, 0x09, 0xff, 0xd2, 0x92, 0x09, 0xff,
    0xd2, 0x92, 0x09, 0xff, 0xd2, 0x92, 0x09, 0xff, 0xd2, 0x92, 0x09, 0xff,
    0xd2, 0x92, 0x09, 0xff, 0xd2, 0x92, 0x09, 0xff, 0xd2, 0x92, 0x09, 0xff,
    0xd2, 0x92, 0x09, 0xff, 0xd2, 0x92, 0x09, 0xff, 0xd2, 0x92, 0x09, 0xff,
    0xd2, 0x92, 0x09, 0xff, 0xd2, 0x92, 0x09, 0xff, 0xd2, 0x92, 0x09, 0xff,
    0xd2, 0x92, 0x09, 0xff, 0xd2, 0x92, 0x09, 0xff, 0xd2, 0x92, 0x09, 0xff,
    0xd2, 0x92, 0x09, 0xff, 0xd2, 0x92, 0x09, 0xff, 0xd2, 0x92, 0x09, 0xff,
    0xd2, 0x92, 0x09, 0xff, 0xd2, 0x92, 0x09, 0xff, 0xd2, 0x92, 0x09, 0xff,
    0xd2, 0x92, 0x09, 0xff, 0xd2, 0x92, 0x09, 0xff, 0xd2, 0x92, 0x09, 0xff,
    0xd2, 0x92, 0x09, 0xff, 0xd2, 0x92, 0x09, 0xff, 0xd2, 0x92, 0x09, 0xff,
    0xd2, 0x92, 0x09, 0xff, 0xd2, 0x92, 0x09, 0xff, 0xd2, 0x92, 0x09, 0xff,
    0xd2, 0x92, 0x09, 0xff, 0xd2, 0x92, 0x09, 0xff, 0xd2, 0x92, 0x09, 0xff,
    0xd2, 0x92, 0x09, 0xff, 0xd2, 0x92, 0x09, 0xff, 0xd2, 0x92, 0x09, 0xff,
    0xd2, 0x92, 0x09, 0xff, 0xd2, 0x92, 0x09, 0xff, 0xd2, 0x92, 0x09, 0xff,
    0xd2, 0x92, 0x09, 0xff, 0xd2, 0x92, 0x09, 0xff, 0xd2, 0x92, 0x09, 0xff,
    0xd2, 0x92, 0x09, 0xff, 0xd2, 0x92, 0x09, 0xff, 0xd2, 0x92, 0x09, 0xff,
    0xd2, 0x92, 0x09, 0xff, 0xd2, 0x92, 0x09, 0xff, 0xd2, 0x92, 0x09, 0xff,
    0xd2, 0x92, 0x09, 0xff, 0xd2, 0x92, 0x09, 0xff, 0xd2, 0x92, 0x09, 0xff,
    0xd2, 0x92, 0x09, 0xff, 0xd2, 0x92, 0x09, 0xff, 0xd2, 0x92, 0x09, 0xff,
    0xd2, 0x92, 0x09, 0xff, 0xd2, 0x92, 0x09, 0xff, 0xd2, 0x92, 0x09, 0xff,
    0xd2, 0x92, 0x09, 0xff, 0xd2, 0x92, 0x09, 0xff, 0xd2, 0x92, 0x09, 0xff,
    0xd2, 0x92, 0x09, 0xff, 0xd2, 0x92, 0x09, 0xff, 0xd2, 0x92, 0x09, 0xff,
    0xd2, 0x92, 0x09, 0xff, 0xd2, 0x92, 0x09, 0xff, 0xd2, 0x92, 0x09, 0xff,
    0xd2, 0x92, 0x09, 0xff, 0xd2, 0x92, 0x09, 0xff, 0xd2, 0x92, 0x09, 0xff,
    0xd2, 0x92, 0x09, 0xff, 0xd2, 0x92, 0x09, 0xff, 0xd2, 0x92, 0x09, 0xff,
    0xd2, 0x92, 0x09, 0xff, 0xd2, 0x92, 0x09, 0xff, 0xd2, 0x92, 0x09, 0xff,
    0xd2, 0x92, 0x09, 0xff, 0xd2, 0x92, 0x09, 0xff, 0xd2, 0x92, 0x09, 0xff,
    0xd2, 0x92, 0x09, 0xff, 0xd2, 0x92, 0x09, 0xff, 0xd2, 0x92, 0x09, 0xff,
    0xd2, 0x92, 0x09, 0xff, 0xd2, 0x92, 0x09, 0xff, 0xd2, 0x92, 0x09, 0xff,
    0xd2, 0x92, 0x09, 0xff, 0xd2, 0x92, 0x09, 0xff, 0xd2, 0x92, 0x09, 0xff,
    0xd2, 0x92, 0x09, 0xff, 0xd2, 0x92, 0x09, 0xff, 0xd2, 0x92, 0x09, 0xff,
    0xd2, 0x92, 0x09, 0xff, 0xd2, 0x92, 0x09, 0xff, 0xd2, 0x92, 0x09, 0xff,
    0xd2, 0x92, 0x09, 0xff, 0xd2, 0x92, 0x09, 0xff, 0xd2, 0x92, 0x09, 0xff,
    0xd2, 0x92, 0x09, 0xff, 0xd2, 0x92, 0x09, 0xff, 0xd2, 0x92, 0x09, 0xff,
    0xd2, 0x92, 0x09, 0xff, 0xd2, 0x92, 0x09, 0xff, 0xd2, 0x92, 0x09, 0xff,
    0xd2, 0x92, 0x09, 0xff, 0xd2, 0x92, 0x09, 0xff, 0xd2, 0x92, 0x09, 0xff,
    0xd2, 0x92, 0x09, 0xff, 0xd2, 0x92, 0x09, 0xff, 0xd2, 0x92, 0x09, 0xff,
    0xd2, 0x92, 0x09, 0xff, 0xd2, 0x92, 0x09, 0xff, 0xd2, 0x92, 0x09, 0xff,
    0xd2, 0x92, 0x09, 0xff, 0xd2, 0x92, 0x09, 0xff, 0xd2, 0x92, 0x09, 0xff,
    0xd2, 0x92, 0x09, 0xff, 0xd2, 0x92, 0x09, 0xff, 0xd2, 0x92, 0x09, 0xff,
    0xd2, 0x92, 0x09, 0xff, 0xd2, 0x92, 0x09, 0xff, 0xd2, 0x92, 0x09, 0xff,
    0xd2, 0x92, 0x09, 0xff, 0xd2, 0x92, 0x09, 0xff, 0xd2, 0x92, 0x09, 0xff,
    0xd2, 0x92, 0x09, 0xff, 0xd2, 0x92, 0x09, 0xff, 0xd2, 0x92, 0x09, 0xff,
    0xd2, 0x92, 0x09, 0xff, 0xd2, 0x92, 0x09, 0xff, 0xd2, 0x92, 0x09, 0xff,
    0xd2, 0x92, 0x09, 0xff, 0xd2, 0x92, 0x09, 0xff, 0xd2, 0x92, 0x09, 0xff,
    0xd2, 0x92, 0x09, 0xff, 0xd2, 0x92, 0x09, 0xff, 0xd2, 0x92, 0x09, 0xff,
    0xd2, 0x92, 0x09, 0xff, 0xd2, 0x92, 0x09, 0xff, 0xd2, 0x92, 0x09, 0xff,
    0xd2, 0x92, 0x09, 0xff, 0xd2, 0x92, 0x09, 0xff, 0xd2, 0x92, 0x09, 0xff,
    0xd2, 0x92, 0x09, 0xff, 0xd2, 0x92, 0x09, 0xff, 0xd2, 0x92, 0x09, 0xff,
    0xd2, 0x92, 0x09, 0xff, 0xd2, 0x92, 0x09, 0xff, 0xd2, 0x92, 0x09, 0xff,
    0xd2, 0x92, 0x09, 0xff, 0xd2, 0x92, 0x09, 0xff, 0xd2, 0x92, 0x09, 0xff,
    0xd2, 0x92, 0x09, 0xff, 0xd2, 0x92, 0x09, 0xff, 0xd2, 0x92, 0x09, 0xff,
    0xd2, 0x92, 0x09, 0xff, 0xd2, 0x92, 0x09, 0xff, 0xd2, 0x92, 0x09, 0xff,
    0xd2, 0x92, 0x09, 0xff, 0xd2, 0x92, 0x09, 0xff, 0xd2, 0x92, 0x09, 0xff,
    0xd2, 0x92, 0x09, 0xff, 0xd2, 0x92, 0x09, 0xff, 0xd2, 0x92, 0x09, 0xff,
    0xd2, 0x92, 0x09, 0xff, 0xd2, 0x92, 0x09, 0xff, 0xd2, 0x92, 0x09, 0xff,
    0xd2, 0x92, 0x09, 0xff, 0xd2, 0x92, 0x09, 0xff, 0xd2, 0x92, 0x09, 0xff,
    0xd2, 0x92, 0x09, 0xff, 0xd2, 0x92, 0x09, 0xff, 0xd2, 0x92, 0x09, 0xff,
    0xd2, 0x92, 0x09, 0xff, 0xd2, 0x92, 0x09, 0xff, 0xd2, 0x92, 0x09, 0xff,
    0xd2, 0x92, 0x09, 0xff, 0xd2, 0x92, 0x09, 0xff, 0xd2, 0x92, 0x09, 0xff,
    0xd2, 0x92, 0x09, 0xff, 0xd2, 0x92, 0x09, 0xff, 0xd2, 0x92, 0x09, 0xff,
    0xd2, 0x92, 0x09, 0xff, 0xd2, 0x92, 0x09, 0xff, 0xd2, 0x92, 0x09, 0xff,
    0xd2, 0x92, 0x09, 0xff, 0xd2, 0x92, 0x09, 0xff, 0xd2, 0x92, 0x09, 0xff,
    0xd2, 0x92, 0x09, 0xff, 0xd2, 0x92, 0x09, 0xff, 0xd2, 0x92, 0x09, 0xff,
    0xd2, 0x92, 0x09, 0xff, 0xd1, 0x92, 0x09, 0xff, 0xcb, 0x8e, 0x10, 0xff,
    0xba, 0x83, 0x22, 0xff, 0x9d, 0x70, 0x40, 0xff, 0x8c, 0x65, 0x52, 0xff,
    0x8c, 0x65, 0x52, 0xff, 0x8c, 0x65, 0x52, 0xff, 0x8c, 0x65, 0x52, 0xff,
    0x8c, 0x65, 0x52, 0xff, 0x8c, 0x65, 0x52, 0xff, 0x8c, 0x65, 0x52, 0xff,
    0x8c, 0x62, 0x52, 0x42, 0xff, 0xff, 0xff, 0x00, 0xff, 0xff, 0xff, 0x00,
    0x87, 0x62, 0x4a, 0x15, 0x8c, 0x65, 0x52, 0xe3, 0x8c, 0x65, 0x52, 0xff,
    0x8c, 0x65, 0x52, 0xff, 0x8c, 0x65, 0x52, 0xff, 0x8c, 0x65, 0x52, 0xff,
    0x8c, 0x65, 0x52, 0xff, 0x8c, 0x65, 0x52, 0xff, 0x8c, 0x65, 0x52, 0xff,
    0x8c, 0x65, 0x52, 0xff, 0x8c, 0x65, 0x52, 0xff, 0x8c, 0x65, 0x52, 0xff,
    0x8c, 0x65, 0x52, 0xff, 0x8c, 0x65, 0x52, 0xff, 0x8c, 0x65, 0x52, 0xff,
    0x8c, 0x65, 0x52, 0xff, 0x8c, 0x65, 0x52, 0xff, 0x8c, 0x65, 0x52, 0xff,
    0x8c, 0x65, 0x52, 0xff, 0x8c, 0x65, 0x52, 0xff, 0x8c, 0x65, 0x52, 0xff,
    0x8c, 0x65, 0x52, 0xff, 0x8c, 0x65, 0x52, 0xff, 0x8c, 0x65, 0x52, 0xff,
    0x8c, 0x65, 0x52, 0xff, 0x8c, 0x65, 0x52, 0xff, 0x8c, 0x65, 0x52, 0xff,
    0x8c, 0x65, 0x52, 0xff, 0x8c, 0x65, 0x52, 0xff, 0x8c, 0x65, 0x52, 0xff,
    0x8c, 0x65, 0x52, 0xff, 0x8c, 0x65, 0x52, 0xff, 0x8c, 0x65, 0x52, 0xff,
    0x8c, 0x65, 0x52, 0xff, 0x8c, 0x65, 0x52, 0xff, 0x8c, 0x65, 0x52, 0xff,
    0x8c, 0x65, 0x52, 0xff, 0x8c, 0x65, 0x52, 0xff, 0x8c, 0x65, 0x52, 0xff,
    0x8c, 0x65, 0x52, 0xff, 0x8c, 0x65, 0x52, 0xff, 0x8c, 0x65, 0x52, 0xff,
    0x8c, 0x65, 0x52, 0xff, 0x8c, 0x65, 0x52, 0xff, 0x8c, 0x65, 0x52, 0xff,
    0x8c, 0x65, 0x52, 0xff, 0x8c, 0x65, 0x52, 0xff, 0x8c, 0x65, 0x52, 0xff,
    0x8c, 0x65, 0x52, 0xff, 0x8c, 0x65, 0x52, 0xff, 0x8c, 0x65, 0x52, 0xff,
    0x8c, 0x65, 0x52, 0xff, 0x8c, 0x65, 0x52, 0xff, 0x8c, 0x65, 0x52, 0xff,
    0x8c, 0x65, 0x52, 0xff, 0x8c, 0x65, 0x52, 0xff, 0x8c, 0x65, 0x52, 0xff,
    0x8c, 0x65, 0x52, 0xff, 0x8c, 0x65, 0x52, 0xff, 0x8c, 0x65, 0x52, 0xff,
    0x8c, 0x65, 0x52, 0xff, 0x8c, 0x65, 0x52, 0xff, 0x8c, 0x65, 0x52, 0xff,
    0x8c, 0x65, 0x52, 0xff, 0x8c, 0x65, 0x52, 0xff, 0x8c, 0x65, 0x52, 0xff,
    0x8c, 0x65, 0x52, 0xff, 0x8c, 0x65, 0x52, 0xff, 0x8c, 0x65, 0x52, 0xff,
    0x8c, 0x65, 0x52, 0xff, 0x8c, 0x65, 0x52, 0xff, 0x8c, 0x65, 0x52, 0xff,
    0x8c, 0x65, 0x52, 0xff, 0x8c, 0x65, 0x52, 0xff, 0x8c, 0x65, 0x52, 0xff,
    0x8c, 0x65, 0x52, 0xff, 0x8c, 0x65, 0x52, 0xff, 0x8c, 0x65, 0x52, 0xff,
    0x8c, 0x65, 0x52, 0xff, 0x8c, 0x65, 0x52, 0xff, 0x8c, 0x65, 0x52, 0xff,
    0x8c, 0x65, 0x52, 0xff, 0x8c, 0x65, 0x52, 0xff, 0x8c, 0x65, 0x52, 0xff,
    0x8c, 0x65, 0x52, 0xff, 0x8c, 0x65, 0x52, 0xff, 0x8c, 0x65, 0x52, 0xff,
    0x8c, 0x65, 0x52, 0xff, 0x8c, 0x65, 0x52, 0xff, 0x8c, 0x65, 0x52, 0xff,
    0x8c, 0x65, 0x52, 0xff, 0x8c, 0x65, 0x52, 0xff, 0x8c, 0x65, 0x52, 0xff,
    0x8c, 0x65, 0x52, 0xff, 0x8c, 0x65, 0x52, 0xff, 0x8c, 0x65, 0x52, 0xff,
    0x8c, 0x65, 0x52, 0xff, 0x8c, 0x65, 0x52, 0xff, 0x8c, 0x65, 0x52, 0xff,
    0x8c, 0x65, 0x52, 0xff, 0x8c, 0x65, 0x52, 0xff, 0x8c, 0x65, 0x52, 0xff,
    0x8c, 0x65, 0x52, 0xff, 0x8c, 0x65, 0x52, 0xff, 0x8c, 0x65, 0x52, 0xff,
    0x8c, 0x65, 0x52, 0xff, 0x8c, 0x65, 0x52, 0xff, 0x8c, 0x65, 0x52, 0xff,
    0x8c, 0x65, 0x52, 0xff, 0x8c, 0x65, 0x52, 0xff, 0x8c, 0x65, 0x52, 0xff,
    0x8c, 0x65, 0x52, 0xff, 0x8c, 0x65, 0x52, 0xff, 0x8c, 0x65, 0x52, 0xff,
    0x8c, 0x65, 0x52, 0xff, 0x8c, 0x65, 0x52, 0xff, 0x8c, 0x65, 0x52, 0xff,
    0x8c, 0x65, 0x52, 0xff, 0x8c, 0x65, 0x52, 0xff, 0x8c, 0x65, 0x52, 0xff,
    0x8c, 0x65, 0x52, 0xff, 0x8c, 0x65, 0x52, 0xff, 0x8c, 0x65, 0x52, 0xff,
    0x8c, 0x65, 0x52, 0xff, 0x8c, 0x65, 0x52, 0xff, 0x8c, 0x65, 0x52, 0xff,
    0x8c, 0x65, 0x52, 0xff, 0x8c, 0x65, 0x52, 0xff, 0x8c, 0x65, 0x52, 0xff,
    0x8c, 0x65, 0x52, 0xff, 0x8c, 0x65, 0x52, 0xff, 0x8c, 0x65, 0x52, 0xff,
    0x8c, 0x65, 0x52, 0xff, 0x8c, 0x65, 0x52, 0xff, 0x8c, 0x65, 0x52, 0xff,
    0x8c, 0x65, 0x52, 0xff, 0x8c, 0x65, 0x52, 0xff, 0x8c, 0x65, 0x52, 0xff,
    0x8c, 0x65, 0x52, 0xff, 0x8c, 0x65, 0x52, 0xff, 0x8c, 0x65, 0x52, 0xff,
    0x8c, 0x65, 0x52, 0xff, 0x8c, 0x65, 0x52, 0xff, 0x8c, 0x65, 0x52, 0xff,
    0x8c, 0x65, 0x52, 0xff, 0x8c, 0x65, 0x52, 0xff, 0x8c, 0x65, 0x52, 0xff,
    0x8c, 0x65, 0x52, 0xff, 0x8c, 0x65, 0x52, 0xff, 0x8c, 0x65, 0x52, 0xff,
    0x8c, 0x65, 0x52, 0xff, 0x8c, 0x65, 0x52, 0xff, 0x8c, 0x65, 0x52, 0xff,
    0x8c, 0x65, 0x52, 0xff, 0x8c, 0x65, 0x52, 0xff, 0x8c, 0x65, 0x52, 0xff,
    0x8c, 0x65, 0x52, 0xff, 0x8c, 0x65, 0x52, 0xff, 0x8c, 0x65, 0x52, 0xff,
    0x8c, 0x65, 0x52, 0xff, 0x8c, 0x65, 0x52, 0xff, 0x8c, 0x65, 0x52, 0xff,
    0x8c, 0x65, 0x52, 0xff, 0x8c, 0x65, 0x52, 0xff, 0x8c, 0x65, 0x52, 0xff,
    0x8c, 0x65, 0x52, 0xff, 0x8c, 0x65, 0x52, 0xff, 0x8c, 0x65, 0x52, 0xff,
    0x8c, 0x65, 0x52, 0xff, 0x8c, 0x65, 0x52, 0xff, 0x8c, 0x65, 0x52, 0xff,
    0x8c, 0x65, 0x52, 0xff, 0x8c, 0x65, 0x52, 0xff, 0x8c, 0x65, 0x52, 0xff,
    0x8c, 0x65, 0x52, 0xff, 0x8c, 0x65, 0x52, 0xff, 0x8c, 0x65, 0x52, 0xff,
    0x8c, 0x65, 0x52, 0xff, 0x8c, 0x65, 0x52, 0xff, 0x8c, 0x65, 0x52, 0xff,
    0x8c, 0x65, 0x52, 0xff, 0x8c, 0x65, 0x52, 0xff, 0x8c, 0x65, 0x52, 0xff,
    0x8c, 0x65, 0x52, 0xff, 0x8c, 0x65, 0x52, 0xff, 0x8c, 0x65, 0x52, 0xff,
    0x8c, 0x65, 0x52, 0xff, 0x8c, 0x65, 0x52, 0xff, 0x8c, 0x65, 0x52, 0xff,
    0x8c, 0x65, 0x52, 0xff, 0x8c, 0x65, 0x52, 0xff, 0x8c, 0x65, 0x52, 0xff,
    0x8c, 0x65, 0x52, 0xff, 0x8c, 0x65, 0x52, 0xff, 0x8c, 0x65, 0x52, 0xff,
    0x8c, 0x65, 0x52, 0xff, 0x8c, 0x65, 0x52, 0xff, 0x8c, 0x65, 0x52, 0xff,
    0x8c, 0x65, 0x52, 0xff, 0x8c, 0x65, 0x52, 0xff, 0x8c, 0x65, 0x52, 0xff,
    0x8c, 0x65, 0x52, 0xff, 0x8c, 0x65, 0x52, 0xff, 0x8c, 0x65, 0x52, 0xff,
    0x8c, 0x65, 0x52, 0xff, 0x8c, 0x65, 0x52, 0xff, 0x8c, 0x65, 0x52, 0xff,
    0x8c, 0x65, 0x52, 0xff, 0x8c, 0x65, 0x52, 0xff, 0x8c, 0x65, 0x52, 0xff,
    0x8c, 0x65, 0x52, 0xff, 0x8c, 0x65, 0x52, 0xff, 0x8c, 0x65, 0x52, 0xff,
    0x8c, 0x65, 0x52, 0xff, 0x8c, 0x65, 0x52, 0xff, 0x8c, 0x65, 0x52, 0xff,
    0x8c, 0x65, 0x52, 0xff, 0x8c, 0x65, 0x52, 0xff, 0x8c, 0x65, 0x52, 0xff,
    0x8c, 0x65, 0x52, 0xff, 0x8c, 0x65, 0x52, 0xff, 0x8c, 0x65, 0x52, 0xff,
    0x8c, 0x65, 0x52, 0xff, 0x8c, 0x65, 0x52, 0xff, 0x8c, 0x65, 0x52, 0xff,
    0x8c, 0x65, 0x52, 0xff, 0x8c, 0x65, 0x52, 0xff, 0x8c, 0x65, 0x52, 0xff,
    0x8c, 0x65, 0x52, 0xff, 0x8c, 0x65, 0x52, 0xff, 0x8c, 0x65, 0x52, 0xff,
    0x8c, 0x65, 0x52, 0xff, 0x8c, 0x65, 0x52, 0xff, 0x8c, 0x65, 0x52, 0xff,
    0x8c, 0x65, 0x52, 0xff, 0x8c, 0x65, 0x52, 0xff, 0x8c, 0x65, 0x52, 0xff,
    0x8c, 0x65, 0x52, 0xff, 0x8c, 0x65, 0x52, 0xff, 0x8c, 0x65, 0x52, 0xff,
    0x8c, 0x65, 0x52, 0xff, 0x8c, 0x65, 0x52, 0xff, 0x8c, 0x65, 0x52, 0xff,
    0x8b, 0x65, 0x52, 0x97, 0xff, 0xff, 0xff, 0x00, 0xff, 0xff, 0xff, 0x00,
    0xff, 0xff, 0xff, 0x00, 0xff, 0xff, 0xff, 0x00, 0x87, 0x62, 0x50, 0x2a,
    0x8c, 0x65, 0x52, 0xe3, 0x8c, 0x65, 0x52, 0xff, 0x8c, 0x65, 0x52, 0xff,
    0x8c, 0x65, 0x52, 0xff, 0x8c, 0x65, 0x52, 0xff, 0x8c, 0x65, 0x52, 0xff,
    0x8c, 0x65, 0x52, 0xff, 0x8c, 0x65, 0x52, 0xff, 0x8c, 0x65, 0x52, 0xff,
    0x8c, 0x65, 0x52, 0xff, 0x8c, 0x65, 0x52, 0xff, 0x8c, 0x65, 0x52, 0xff,
    0x8c, 0x65, 0x52, 0xff, 0x8c, 0x65, 0x52, 0xff, 0x8c, 0x65, 0x52, 0xff,
    0x8c, 0x65, 0x52, 0xff, 0x8c, 0x65, 0x52, 0xff, 0x8c, 0x65, 0x52, 0xff,
    0x8c, 0x65, 0x52, 0xff, 0x8c, 0x65, 0x52, 0xff, 0x8c, 0x65, 0x52, 0xff,
    0x8c, 0x65, 0x52, 0xff, 0x8c, 0x65, 0x52, 0xff, 0x8c, 0x65, 0x52, 0xff,
    0x8c, 0x65, 0x52, 0xff, 0x8c, 0x65, 0x52, 0xff, 0x8c, 0x65, 0x52, 0xff,
    0x8c, 0x65, 0x52, 0xff, 0x8c, 0x65, 0x52, 0xff, 0x8c, 0x65, 0x52, 0xff,
    0x8c, 0x65, 0x52, 0xff, 0x8c, 0x65, 0x52, 0xff, 0x8c, 0x65, 0x52, 0xff,
    0x8c, 0x65, 0x52, 0xff, 0x8c, 0x65, 0x52, 0xff, 0x8c, 0x65, 0x52, 0xff,
    0x8c, 0x65, 0x52, 0xff, 0x8c, 0x65, 0x52, 0xff, 0x8c, 0x65, 0x52, 0xff,
    0x8c, 0x65, 0x52, 0xff, 0x8c, 0x65, 0x52, 0xff, 0x8c, 0x65, 0x52, 0xff,
    0x8c, 0x65, 0x52, 0xff, 0x8c, 0x65, 0x52, 0xff, 0x8c, 0x65, 0x52, 0xff,
    0x8c, 0x65, 0x52, 0xff, 0x8c, 0x65, 0x52, 0xff, 0x8c, 0x65, 0x52, 0xff,
    0x8c, 0x65, 0x52, 0xff, 0x8c, 0x65, 0x52, 0xff, 0x8c, 0x65, 0x52, 0xff,
    0x8c, 0x65, 0x52, 0xff, 0x8c, 0x65, 0x52, 0xff, 0x8c, 0x65, 0x52, 0xff,
    0x8c, 0x65, 0x52, 0xff, 0x8c, 0x65, 0x52, 0xff, 0x8c, 0x65, 0x52, 0xff,
    0x8c, 0x65, 0x52, 0xff, 0x8c, 0x65, 0x52, 0xff, 0x8c, 0x65, 0x52, 0xff,
    0x8c, 0x65, 0x52, 0xff, 0x8c, 0x65, 0x52, 0xff, 0x8c, 0x65, 0x52, 0xff,
    0x8c, 0x65, 0x52, 0xff, 0x8c, 0x65, 0x52, 0xff, 0x8c, 0x65, 0x52, 0xff,
    0x8c, 0x65, 0x52, 0xff, 0x8c, 0x65, 0x52, 0xff, 0x8c, 0x65, 0x52, 0xff,
    0x8c, 0x65, 0x52, 0xff, 0x8c, 0x65, 0x52, 0xff, 0x8c, 0x65, 0x52, 0xff,
    0x8c, 0x65, 0x52, 0xff, 0x8c, 0x65, 0x52, 0xff, 0x8c, 0x65, 0x52, 0xff,
    0x8c, 0x65, 0x52, 0xff, 0x8c, 0x65, 0x52, 0xff, 0x8c, 0x65, 0x52, 0xff,
    0x8c, 0x65, 0x52, 0xff, 0x8c, 0x65, 0x52, 0xff, 0x8c, 0x65, 0x52, 0xff,
    0x8c, 0x65, 0x52, 0xff, 0x8c, 0x65, 0x52, 0xff, 0x8c, 0x65, 0x52, 0xff,
    0x8c, 0x65, 0x52, 0xff, 0x8c, 0x65, 0x52, 0xff, 0x8c, 0x65, 0x52, 0xff,
    0x8c, 0x65, 0x52, 0xff, 0x8c, 0x65, 0x52, 0xff, 0x8c, 0x65, 0x52, 0xff,
    0x8c, 0x65, 0x52, 0xff, 0x8c, 0x65, 0x52, 0xff, 0x8c, 0x65, 0x52, 0xff,
    0x8c, 0x65, 0x52, 0xff, 0x8c, 0x65, 0x52, 0xff, 0x8c, 0x65, 0x52, 0xff,
    0x8c, 0x65, 0x52, 0xff, 0x8c, 0x65, 0x52, 0xff, 0x8c, 0x65, 0x52, 0xff,
    0x8c, 0x65, 0x52, 0xff, 0x8c, 0x65, 0x52, 0xff, 0x8c, 0x65, 0x52, 0xff,
    0x8c, 0x65, 0x52, 0xff, 0x8c, 0x65, 0x52, 0xff, 0x8c, 0x65, 0x52, 0xff,
    0x8c, 0x65, 0x52, 0xff, 0x8c, 0x65, 0x52, 0xff, 0x8c, 0x65, 0x52, 0xff,
    0x8c, 0x65, 0x52, 0xff, 0x8c, 0x65, 0x52, 0xff, 0x8c, 0x65, 0x52, 0xff,
    0x8c, 0x65, 0x52, 0xff, 0x8c, 0x65, 0x52, 0xff, 0x8c, 0x65, 0x52, 0xff,
    0x8c, 0x65, 0x52, 0xff, 0x8c, 0x65, 0x52, 0xff, 0x8c, 0x65, 0x52, 0xff,
    0x8c, 0x65, 0x52, 0xff, 0x8c, 0x65, 0x52, 0xff, 0x8c, 0x65, 0x52, 0xff,
    0x8c, 0x65, 0x52, 0xff, 0x8c, 0x65, 0x52, 0xff, 0x8c, 0x65, 0x52, 0xff,
    0x8c, 0x65, 0x52, 0xff, 0x8c, 0x65, 0x52, 0xff, 0x8c, 0x65, 0x52, 0xff,
    0x8c, 0x65, 0x52, 0xff, 0x8c, 0x65, 0x52, 0xff, 0x8c, 0x65, 0x52, 0xff,
    0x8c, 0x65, 0x52, 0xff, 0x8c, 0x65, 0x52, 0xff, 0x8c, 0x65, 0x52, 0xff,
    0x8c, 0x65, 0x52, 0xff, 0x8c, 0x65, 0x52, 0xff, 0x8c, 0x65, 0x52, 0xff,
    0x8c, 0x65, 0x52, 0xff, 0x8c, 0x65, 0x52, 0xff, 0x8c, 0x65, 0x52, 0xff,
    0x8c, 0x65, 0x52, 0xff, 0x8c, 0x65, 0x52, 0xff, 0x8c, 0x65, 0x52, 0xff,
    0x8c, 0x65, 0x52, 0xff, 0x8c, 0x65, 0x52, 0xff, 0x8c, 0x65, 0x52, 0xff,
    0x8c, 0x65, 0x52, 0xff, 0x8c, 0x65, 0x52, 0xff, 0x8c, 0x65, 0x52, 0xff,
    0x8c, 0x65, 0x52, 0xff, 0x8c, 0x65, 0x52, 0xff, 0x8c, 0x65, 0x52, 0xff,
    0x8c, 0x65, 0x52, 0xff, 0x8c, 0x65, 0x52, 0xff, 0x8c, 0x65, 0x52, 0xff,
    0x8c, 0x65, 0x52, 0xff, 0x8c, 0x65, 0x52, 0xff, 0x8c, 0x65, 0x52, 0xff,
    0x8c, 0x65, 0x52, 0xff, 0x8c, 0x65, 0x52, 0xff, 0x8c, 0x65, 0x52, 0xff,
    0x8c, 0x65, 0x52, 0xff, 0x8c, 0x65, 0x52, 0xff, 0x8c, 0x65, 0x52, 0xff,
    0x8c, 0x65, 0x52, 0xff, 0x8c, 0x65, 0x52, 0xff, 0x8c, 0x65, 0x52, 0xff,
    0x8c, 0x65, 0x52, 0xff, 0x8c, 0x65, 0x52, 0xff, 0x8c, 0x65, 0x52, 0xff,
    0x8c, 0x65, 0x52, 0xff, 0x8c, 0x65, 0x52, 0xff, 0x8c, 0x65, 0x52, 0xff,
    0x8c, 0x65, 0x52, 0xff, 0x8c, 0x65, 0x52, 0xff, 0x8c, 0x65, 0x52, 0xff,
    0x8c, 0x65, 0x52, 0xff, 0x8c, 0x65, 0x52, 0xff, 0x8c, 0x65, 0x52, 0xff,
    0x8c, 0x65, 0x52, 0xff, 0x8c, 0x65, 0x52, 0xff, 0x8c, 0x65, 0x52, 0xff,
    0x8c, 0x65, 0x52, 0xff, 0x8c, 0x65, 0x52, 0xff, 0x8c, 0x65, 0x52, 0xff,
    0x8c, 0x65, 0x52, 0xff, 0x8c, 0x65, 0x52, 0xff, 0x8c, 0x65, 0x52, 0xff,
    0x8c, 0x65, 0x52, 0xff, 0x8c, 0x65, 0x52, 0xff, 0x8c, 0x65, 0x52, 0xff,
    0x8c, 0x65, 0x52, 0xff, 0x8c, 0x65, 0x52, 0xff, 0x8c, 0x65, 0x52, 0xff,
    0x8c, 0x65, 0x52, 0xff, 0x8c, 0x65, 0x52, 0xff, 0x8c, 0x65, 0x52, 0xff,
    0x8c, 0x65, 0x52, 0xff, 0x8c, 0x65, 0x52, 0xff, 0x8c, 0x65, 0x52, 0xff,
    0x8c, 0x65, 0x52, 0xff, 0x8c, 0x65, 0x52, 0xff, 0x8c, 0x65, 0x52, 0xff,
    0x8c, 0x65, 0x52, 0xff, 0x8c, 0x65, 0x52, 0xff, 0x8c, 0x65, 0x52, 0xff,
    0x8c, 0x65, 0x52, 0xff, 0x8c, 0x65, 0x52, 0xff, 0x8c, 0x65, 0x52, 0xff,
    0x8c, 0x65, 0x52, 0xff, 0x8c, 0x65, 0x52, 0xff, 0x8c, 0x65, 0x52, 0xff,
    0x8c, 0x65, 0x52, 0xff, 0x8c, 0x65, 0x52, 0xff, 0x8c, 0x65, 0x52, 0xff,
    0x8c, 0x65, 0x52, 0xff, 0x8c, 0x65, 0x52, 0xff, 0x8c, 0x65, 0x52, 0xff,
    0x8c, 0x65, 0x52, 0xff, 0x8c, 0x65, 0x52, 0xff, 0x8c, 0x65, 0x52, 0xff,
    0x8c, 0x65, 0x52, 0xff, 0x8c, 0x65, 0x52, 0xff, 0x8c, 0x65, 0x52, 0xff,
    0x8c, 0x65, 0x52, 0xff, 0x8c, 0x65, 0x52, 0xff, 0x8c, 0x65, 0x52, 0xff,
    0x8c, 0x65, 0x52, 0xff, 0x8c, 0x65, 0x52, 0xff, 0x8c, 0x65, 0x52, 0xff,
    0x8c, 0x65, 0x52, 0xff, 0x8c, 0x65, 0x52, 0xff, 0x8c, 0x65, 0x52, 0xff,
    0x8c, 0x65, 0x52, 0xff, 0x8c, 0x65, 0x52, 0xff, 0x8c, 0x65, 0x52, 0xff,
    0x8c, 0x65, 0x52, 0xff, 0x8c, 0x65, 0x52, 0xff, 0x8c, 0x65, 0x52, 0xff,
    0x8c, 0x65, 0x52, 0xff, 0x8c, 0x65, 0x52, 0xff, 0x8c, 0x65, 0x52, 0xff,
    0x8b, 0x65, 0x51, 0xa6, 0x80, 0x41, 0x41, 0x04, 0xff, 0xff, 0xff, 0x00,
    0xff, 0xff, 0xff, 0x00, 0xff, 0xff, 0xff, 0x00, 0xff, 0xff, 0xff, 0x00,
    0xff, 0xff, 0xff, 0x00, 0x8c, 0x5e, 0x52, 0x16, 0x8c, 0x64, 0x52, 0xa5,
    0x8c, 0x65, 0x52, 0xfd, 0x8c, 0x65, 0x52, 0xff, 0x8c, 0x65, 0x52, 0xff,
    0x8c, 0x65, 0x52, 0xff, 0x8c, 0x65, 0x52, 0xff, 0x8c, 0x65, 0x52, 0xff,
    0x8c, 0x65, 0x52, 0xff, 0x8c, 0x65, 0x52, 0xff, 0x8c, 0x65, 0x52, 0xff,
    0x8c, 0x65, 0x52, 0xff, 0x8c, 0x65, 0x52, 0xff, 0x8c, 0x65, 0x52, 0xff,
    0x8c, 0x65, 0x52, 0xff, 0x8c, 0x65, 0x52, 0xff, 0x8c, 0x65, 0x52, 0xff,
    0x8c, 0x65, 0x52, 0xff, 0x8c, 0x65, 0x52, 0xff, 0x8c, 0x65, 0x52, 0xff,
    0x8c, 0x65, 0x52, 0xff, 0x8c, 0x65, 0x52, 0xff, 0x8c, 0x65, 0x52, 0xff,
    0x8c, 0x65, 0x52, 0xff, 0x8c, 0x65, 0x52, 0xff, 0x8c, 0x65, 0x52, 0xff,
    0x8c, 0x65, 0x52, 0xff, 0x8c, 0x65, 0x52, 0xff, 0x8c, 0x65, 0x52, 0xff,
    0x8c, 0x65, 0x52, 0xff, 0x8c, 0x65, 0x52, 0xff, 0x8c, 0x65, 0x52, 0xff,
    0x8c, 0x65, 0x52, 0xff, 0x8c, 0x65, 0x52, 0xff, 0x8c, 0x65, 0x52, 0xff,
    0x8c, 0x65, 0x52, 0xff, 0x8c, 0x65, 0x52, 0xff, 0x8c, 0x65, 0x52, 0xff,
    0x8c, 0x65, 0x52, 0xff, 0x8c, 0x65, 0x52, 0xff, 0x8c, 0x65, 0x52, 0xff,
    0x8c, 0x65, 0x52, 0xff, 0x8c, 0x65, 0x52, 0xff, 0x8c, 0x65, 0x52, 0xff,
    0x8c, 0x65, 0x52, 0xff, 0x8c, 0x65, 0x52, 0xff, 0x8c, 0x65, 0x52, 0xff,
    0x8c, 0x65, 0x52, 0xff, 0x8c, 0x65, 0x52, 0xff, 0x8c, 0x65, 0x52, 0xff,
    0x8c, 0x65, 0x52, 0xff, 0x8c, 0x65, 0x52, 0xff, 0x8c, 0x65, 0x52, 0xff,
    0x8c, 0x65, 0x52, 0xff, 0x8c, 0x65, 0x52, 0xff, 0x8c, 0x65, 0x52, 0xff,
    0x8c, 0x65, 0x52, 0xff, 0x8c, 0x65, 0x52, 0xff, 0x8c, 0x65, 0x52, 0xff,
    0x8c, 0x65, 0x52, 0xff, 0x8c, 0x65, 0x52, 0xff, 0x8c, 0x65, 0x52, 0xff,
    0x8c, 0x65, 0x52, 0xff, 0x8c, 0x65, 0x52, 0xff, 0x8c, 0x65, 0x52, 0xff,
    0x8c, 0x65, 0x52, 0xff, 0x8c, 0x65, 0x52, 0xff, 0x8c, 0x65, 0x52, 0xff,
    0x8c, 0x65, 0x52, 0xff, 0x8c, 0x65, 0x52, 0xff, 0x8c, 0x65, 0x52, 0xff,
    0x8c, 0x65, 0x52, 0xff, 0x8c, 0x65, 0x52, 0xff, 0x8c, 0x65, 0x52, 0xff,
    0x8c, 0x65, 0x52, 0xff, 0x8c, 0x65, 0x52, 0xff, 0x8c, 0x65, 0x52, 0xff,
    0x8c, 0x65, 0x52, 0xff, 0x8c, 0x65, 0x52, 0xff, 0x8c, 0x65, 0x52, 0xff,
    0x8c, 0x65, 0x52, 0xff, 0x8c, 0x65, 0x52, 0xff, 0x8c, 0x65, 0x52, 0xff,
    0x8c, 0x65, 0x52, 0xff, 0x8c, 0x65, 0x52, 0xff, 0x8c, 0x65, 0x52, 0xff,
    0x8c, 0x65, 0x52, 0xff, 0x8c, 0x65, 0x52, 0xff, 0x8c, 0x65, 0x52, 0xff,
    0x8c, 0x65, 0x52, 0xff, 0x8c, 0x65, 0x52, 0xff, 0x8c, 0x65, 0x52, 0xff,
    0x8c, 0x65, 0x52, 0xff, 0x8c, 0x65, 0x52, 0xff, 0x8c, 0x65, 0x52, 0xff,
    0x8c, 0x65, 0x52, 0xff, 0x8c, 0x65, 0x52, 0xff, 0x8c, 0x65, 0x52, 0xff,
    0x8c, 0x65, 0x52, 0xff, 0x8c, 0x65, 0x52, 0xff, 0x8c, 0x65, 0x52, 0xff,
    0x8c, 0x65, 0x52, 0xff, 0x8c, 0x65, 0x52, 0xff, 0x8c, 0x65, 0x52, 0xff,
    0x8c, 0x65, 0x52, 0xff, 0x8c, 0x65, 0x52, 0xff, 0x8c, 0x65, 0x52, 0xff,
    0x8c, 0x65, 0x52, 0xff, 0x8c, 0x65, 0x52, 0xff, 0x8c, 0x65, 0x52, 0xff,
    0x8c, 0x65, 0x52, 0xff, 0x8c, 0x65, 0x52, 0xff, 0x8c, 0x65, 0x52, 0xff,
    0x8c, 0x65, 0x52, 0xff, 0x8c, 0x65, 0x52, 0xff, 0x8c, 0x65, 0x52, 0xff,
    0x8c, 0x65, 0x52, 0xff, 0x8c, 0x65, 0x52, 0xff, 0x8c, 0x65, 0x52, 0xff,
    0x8c, 0x65, 0x52, 0xff, 0x8c, 0x65, 0x52, 0xff, 0x8c, 0x65, 0x52, 0xff,
    0x8c, 0x65, 0x52, 0xff, 0x8c, 0x65, 0x52, 0xff, 0x8c, 0x65, 0x52, 0xff,
    0x8c, 0x65, 0x52, 0xff, 0x8c, 0x65, 0x52, 0xff, 0x8c, 0x65, 0x52, 0xff,
    0x8c, 0x65, 0x52, 0xff, 0x8c, 0x65, 0x52, 0xff, 0x8c, 0x65, 0x52, 0xff,
    0x8c, 0x65, 0x52, 0xff, 0x8c, 0x65, 0x52, 0xff, 0x8c, 0x65, 0x52, 0xff,
    0x8c, 0x65, 0x52, 0xff, 0x8c, 0x65, 0x52, 0xff, 0x8c, 0x65, 0x52, 0xff,
    0x8c, 0x65, 0x52, 0xff, 0x8c, 0x65, 0x52, 0xff, 0x8c, 0x65, 0x52, 0xff,
    0x8c, 0x65, 0x52, 0xff, 0x8c, 0x65, 0x52, 0xff, 0x8c, 0x65, 0x52, 0xff,
    0x8c, 0x65, 0x52, 0xff, 0x8c, 0x65, 0x52, 0xff, 0x8c, 0x65, 0x52, 0xff,
    0x8c, 0x65, 0x52, 0xff, 0x8c, 0x65, 0x52, 0xff, 0x8c, 0x65, 0x52, 0xff,
    0x8c, 0x65, 0x52, 0xff, 0x8c, 0x65, 0x52, 0xff, 0x8c, 0x65, 0x52, 0xff,
    0x8c, 0x65, 0x52, 0xff, 0x8c, 0x65, 0x52, 0xff, 0x8c, 0x65, 0x52, 0xff,
    0x8c, 0x65, 0x52, 0xff, 0x8c, 0x65, 0x52, 0xff, 0x8c, 0x65, 0x52, 0xff,
    0x8c, 0x65, 0x52, 0xff, 0x8c, 0x65, 0x52, 0xff, 0x8c, 0x65, 0x52, 0xff,
    0x8c, 0x65, 0x52, 0xff, 0x8c, 0x65, 0x52, 0xff, 0x8c, 0x65, 0x52, 0xff,
    0x8c, 0x65, 0x52, 0xff, 0x8c, 0x65, 0x52, 0xff, 0x8c, 0x65, 0x52, 0xff,
    0x8c, 0x65, 0x52, 0xff, 0x8c, 0x65, 0x52, 0xff, 0x8c, 0x65, 0x52, 0xff,
    0x8c, 0x65, 0x52, 0xff, 0x8c, 0x65, 0x52, 0xff, 0x8c, 0x65, 0x52, 0xff,
    0x8c, 0x65, 0x52, 0xff, 0x8c, 0x65, 0x52, 0xff, 0x8c, 0x65, 0x52, 0xff,
    0x8c, 0x65, 0x52, 0xff, 0x8c, 0x65, 0x52, 0xff, 0x8c, 0x65, 0x52, 0xff,
    0x8c, 0x65, 0x52, 0xff, 0x8c, 0x65, 0x52, 0xff, 0x8c, 0x65, 0x52, 0xff,
    0x8c, 0x65, 0x52, 0xff, 0x8c, 0x65, 0x52, 0xff, 0x8c, 0x65, 0x52, 0xff,
    0x8c, 0x65, 0x52, 0xff, 0x8c, 0x65, 0x52, 0xff, 0x8c, 0x65, 0x52, 0xff,
    0x8c, 0x65, 0x52, 0xff, 0x8c, 0x65, 0x52, 0xff, 0x8c, 0x65, 0x52, 0xff,
    0x8c, 0x65, 0x52, 0xff, 0x8c, 0x65, 0x52, 0xff, 0x8c, 0x65, 0x52, 0xff,
    0x8c, 0x65, 0x52, 0xff, 0x8c, 0x65, 0x52, 0xff, 0x8c, 0x65, 0x52, 0xff,
    0x8c, 0x65, 0x52, 0xff, 0x8c, 0x65, 0x52, 0xff, 0x8c, 0x65, 0x52, 0xff,
    0x8c, 0x65, 0x52, 0xff, 0x8c, 0x65, 0x52, 0xff, 0x8c, 0x65, 0x52, 0xff,
    0x8c, 0x65, 0x52, 0xff, 0x8c, 0x65, 0x52, 0xff, 0x8c, 0x65, 0x52, 0xff,
    0x8c, 0x65, 0x52, 0xff, 0x8c, 0x65, 0x52, 0xff, 0x8c, 0x65, 0x52, 0xff,
    0x8c, 0x65, 0x52, 0xff, 0x8c, 0x65, 0x52, 0xff, 0x8c, 0x65, 0x52, 0xff,
    0x8c, 0x65, 0x52, 0xff, 0x8c, 0x65, 0x52, 0xff, 0x8c, 0x65, 0x52, 0xff,
    0x8c, 0x65, 0x52, 0xff, 0x8c, 0x65, 0x52, 0xff, 0x8c, 0x65, 0x52, 0xff,
    0x8c, 0x65, 0x52, 0xff, 0x8c, 0x65, 0x52, 0xff, 0x8c, 0x65, 0x52, 0xff,
    0x8c, 0x65, 0x52, 0xff, 0x8c, 0x65, 0x52, 0xff, 0x8c, 0x65, 0x52, 0xff,
    0x8c, 0x65, 0x52, 0xff, 0x8c, 0x65, 0x52, 0xff, 0x8c, 0x65, 0x52, 0xff,
    0x8c, 0x65, 0x52, 0xff, 0x8c, 0x65, 0x52, 0xff, 0x8c, 0x65, 0x52, 0xff,
    0x8c, 0x65, 0x52, 0xff, 0x8c, 0x65, 0x52, 0xff, 0x8c, 0x65, 0x52, 0xff,
    0x8c, 0x65, 0x52, 0xff, 0x8c, 0x65, 0x52, 0xff, 0x8c, 0x65, 0x52, 0xff,
    0x8c, 0x65, 0x52, 0xff, 0x8c, 0x65, 0x52, 0xff, 0x8c, 0x65, 0x52, 0xea,
    0x8c, 0x64, 0x51, 0x6a, 0x01, 0x01, 0x01, 0x01, 0xff, 0xff, 0xff, 0x00,
    0xff, 0xff, 0xff, 0x00, 0xff, 0xff, 0xff, 0x00, 0xff, 0xff, 0xff, 0x00,
    0xff, 0xff, 0xff, 0x00, 0xff, 0xff, 0xff, 0x00, 0xff, 0xff, 0xff, 0x00,
    0xff, 0xff, 0xff, 0x00, 0x8c, 0x5e, 0x4e, 0x21, 0x8c, 0x64, 0x52, 0x72,
    0x8b, 0x64, 0x51, 0xa2, 0x8c, 0x65, 0x51, 0xb5, 0x8c, 0x65, 0x52, 0xb7,
    0x8c, 0x65, 0x52, 0xb7, 0x8c, 0x65, 0x52, 0xb7, 0x8c, 0x65, 0x52, 0xb7,
    0x8c, 0x65, 0x52, 0xb7, 0x8c, 0x65, 0x52, 0xb7, 0x8c, 0x65, 0x52, 0xb7,
    0x8c, 0x65, 0x52, 0xb7, 0x8c, 0x65, 0x52, 0xb7, 0x8c, 0x65, 0x52, 0xb7,
    0x8c, 0x65, 0x52, 0xb7, 0x8c, 0x65, 0x52, 0xb7, 0x8c, 0x65, 0x52, 0xb7,
    0x8c, 0x65, 0x52, 0xb7, 0x8c, 0x65, 0x52, 0xb7, 0x8c, 0x65, 0x52, 0xb7,
    0x8c, 0x65, 0x52, 0xb7, 0x8c, 0x65, 0x52, 0xb7, 0x8c, 0x65, 0x52, 0xb7,
    0x8c, 0x65, 0x52, 0xb7, 0x8c, 0x65, 0x52, 0xb7, 0x8c, 0x65, 0x52, 0xb7,
    0x8c, 0x65, 0x52, 0xb7, 0x8c, 0x65, 0x52, 0xb7, 0x8c, 0x65, 0x52, 0xb7,
    0x8c, 0x65, 0x52, 0xb7, 0x8c, 0x65, 0x52, 0xb7, 0x8c, 0x65, 0x52, 0xb7,
    0x8c, 0x65, 0x52, 0xb7, 0x8c, 0x65, 0x52, 0xb7, 0x8c, 0x65, 0x52, 0xb7,
    0x8c, 0x65, 0x52, 0xb7, 0x8c, 0x65, 0x52, 0xb7, 0x8c, 0x65, 0x52, 0xb7,
    0x8c, 0x65, 0x52, 0xb7, 0x8c, 0x65, 0x52, 0xb7, 0x8c, 0x65, 0x52, 0xb7,
    0x8c, 0x65, 0x52, 0xb7, 0x8c, 0x65, 0x52, 0xb7, 0x8c, 0x65, 0x52, 0xb7,
    0x8c, 0x65, 0x52, 0xb7, 0x8c, 0x65, 0x52, 0xb7, 0x8c, 0x65, 0x52, 0xb7,
    0x8c, 0x65, 0x52, 0xb7, 0x8c, 0x65, 0x52, 0xb7, 0x8c, 0x65, 0x52, 0xb7,
    0x8c, 0x65, 0x52, 0xb7, 0x8c, 0x65, 0x52, 0xb7, 0x8c, 0x65, 0x52, 0xb7,
    0x8c, 0x65, 0x52, 0xb7, 0x8c, 0x65, 0x52, 0xb7, 0x8c, 0x65, 0x52, 0xb7,
    0x8c, 0x65, 0x52, 0xb7, 0x8c, 0x65, 0x52, 0xb7, 0x8c, 0x65, 0x52, 0xb7,
    0x8c, 0x65, 0x52, 0xb7, 0x8c, 0x65, 0x52, 0xb7, 0x8c, 0x65, 0x52, 0xb7,
    0x8c, 0x65, 0x52, 0xb7, 0x8c, 0x65, 0x52, 0xb7, 0x8c, 0x65, 0x52, 0xb7,
    0x8c, 0x65, 0x52, 0xb7, 0x8c, 0x65, 0x52, 0xb7, 0x8c, 0x65, 0x52, 0xb7,
    0x8c, 0x65, 0x52, 0xb7, 0x8c, 0x65, 0x52, 0xb7, 0x8c, 0x65, 0x52, 0xb7,
    0x8c, 0x65, 0x52, 0xb7, 0x8c, 0x65, 0x52, 0xb7, 0x8c, 0x65, 0x52, 0xb7,
    0x8c, 0x65, 0x52, 0xb7, 0x8c, 0x65, 0x52, 0xb7, 0x8c, 0x65, 0x52, 0xb7,
    0x8c, 0x65, 0x52, 0xb7, 0x8c, 0x65, 0x52, 0xb7, 0x8c, 0x65, 0x52, 0xb7,
    0x8c, 0x65, 0x52, 0xb7, 0x8c, 0x65, 0x52, 0xb7, 0x8c, 0x65, 0x52, 0xb7,
    0x8c, 0x65, 0x52, 0xb7, 0x8c, 0x65, 0x52, 0xb7, 0x8c, 0x65, 0x52, 0xb7,
    0x8c, 0x65, 0x52, 0xb7, 0x8c, 0x65, 0x52, 0xb7, 0x8c, 0x65, 0x52, 0xb7,
    0x8c, 0x65, 0x52, 0xb7, 0x8c, 0x65, 0x52, 0xb7, 0x8c, 0x65, 0x52, 0xb7,
    0x8c, 0x65, 0x52, 0xb7, 0x8c, 0x65, 0x52, 0xb7, 0x8c, 0x65, 0x52, 0xb7,
    0x8c, 0x65, 0x52, 0xb7, 0x8c, 0x65, 0x52, 0xb7, 0x8c, 0x65, 0x52, 0xb7,
    0x8c, 0x65, 0x52, 0xb7, 0x8c, 0x65, 0x52, 0xb7, 0x8c, 0x65, 0x52, 0xb7,
    0x8c, 0x65, 0x52, 0xb7, 0x8c, 0x65, 0x52, 0xb7, 0x8c, 0x65, 0x52, 0xb7,
    0x8c, 0x65, 0x52, 0xb7, 0x8c, 0x65, 0x52, 0xb7, 0x8c, 0x65, 0x52, 0xb7,
    0x8c, 0x65, 0x52, 0xb7, 0x8c, 0x65, 0x52, 0xb7, 0x8c, 0x65, 0x52, 0xb7,
    0x8c, 0x65, 0x52, 0xb7, 0x8c, 0x65, 0x52, 0xb7, 0x8c, 0x65, 0x52, 0xb7,
    0x8c, 0x65, 0x52, 0xb7, 0x8c, 0x65, 0x52, 0xb7, 0x8c, 0x65, 0x52, 0xb7,
    0x8c, 0x65, 0x52, 0xb7, 0x8c, 0x65, 0x52, 0xb7, 0x8c, 0x65, 0x52, 0xb7,
    0x8c, 0x65, 0x52, 0xb7, 0x8c, 0x65, 0x52, 0xb7, 0x8c, 0x65, 0x52, 0xb7,
    0x8c, 0x65, 0x52, 0xb7, 0x8c, 0x65, 0x52, 0xb7, 0x8c, 0x65, 0x52, 0xb7,
    0x8c, 0x65, 0x52, 0xb7, 0x8c, 0x65, 0x52, 0xb7, 0x8c, 0x65, 0x52, 0xb7,
    0x8c, 0x65, 0x52, 0xb7, 0x8c, 0x65, 0x52, 0xb7, 0x8c, 0x65, 0x52, 0xb7,
    0x8c, 0x65, 0x52, 0xb7, 0x8c, 0x65, 0x52, 0xb7, 0x8c, 0x65, 0x52, 0xb7,
    0x8c, 0x65, 0x52, 0xb7, 0x8c, 0x65, 0x52, 0xb7, 0x8c, 0x65, 0x52, 0xb7,
    0x8c, 0x65, 0x52, 0xb7, 0x8c, 0x65, 0x52, 0xb7, 0x8c, 0x65, 0x52, 0xb7,
    0x8c, 0x65, 0x52, 0xb7, 0x8c, 0x65, 0x52, 0xb7, 0x8c, 0x65, 0x52, 0xb7,
    0x8c, 0x65, 0x52, 0xb7, 0x8c, 0x65, 0x52, 0xb7, 0x8c, 0x65, 0x52, 0xb7,
    0x8c, 0x65, 0x52, 0xb7, 0x8c, 0x65, 0x52, 0xb7, 0x8c, 0x65, 0x52, 0xb7,
    0x8c, 0x65, 0x52, 0xb7, 0x8c, 0x65, 0x52, 0xb7, 0x8c, 0x65, 0x52, 0xb7,
    0x8c, 0x65, 0x52, 0xb7, 0x8c, 0x65, 0x52, 0xb7, 0x8c, 0x65, 0x52, 0xb7,
    0x8c, 0x65, 0x52, 0xb7, 0x8c, 0x65, 0x52, 0xb7, 0x8c, 0x65, 0x52, 0xb7,
    0x8c, 0x65, 0x52, 0xb7, 0x8c, 0x65, 0x52, 0xb7, 0x8c, 0x65, 0x52, 0xb7,
    0x8c, 0x65, 0x52, 0xb7, 0x8c, 0x65, 0x52, 0xb7, 0x8c, 0x65, 0x52, 0xb7,
    0x8c, 0x65, 0x52, 0xb7, 0x8c, 0x65, 0x52, 0xb7, 0x8c, 0x65, 0x52, 0xb7,
    0x8c, 0x65, 0x52, 0xb7, 0x8c, 0x65, 0x52, 0xb7, 0x8c, 0x65, 0x52, 0xb7,
    0x8c, 0x65, 0x52, 0xb7, 0x8c, 0x65, 0x52, 0xb7, 0x8c, 0x65, 0x52, 0xb7,
    0x8c, 0x65, 0x52, 0xb7, 0x8c, 0x65, 0x52, 0xb7, 0x8c, 0x65, 0x52, 0xb7,
    0x8c, 0x65, 0x52, 0xb7, 0x8c, 0x65, 0x52, 0xb7, 0x8c, 0x65, 0x52, 0xb7,
    0x8c, 0x65, 0x52, 0xb7, 0x8c, 0x65, 0x52, 0xb7, 0x8c, 0x65, 0x52, 0xb7,
    0x8c, 0x65, 0x52, 0xb7, 0x8c, 0x65, 0x52, 0xb7, 0x8c, 0x65, 0x52, 0xb7,
    0x8c, 0x65, 0x52, 0xb7, 0x8c, 0x65, 0x52, 0xb7, 0x8c, 0x65, 0x52, 0xb7,
    0x8c, 0x65, 0x52, 0xb7, 0x8c, 0x65, 0x52, 0xb7, 0x8c, 0x65, 0x52, 0xb7,
    0x8c, 0x65, 0x52, 0xb7, 0x8c, 0x65, 0x52, 0xb7, 0x8c, 0x65, 0x52, 0xb7,
    0x8c, 0x65, 0x52, 0xb7, 0x8c, 0x65, 0x52, 0xb7, 0x8c, 0x65, 0x52, 0xb7,
    0x8c, 0x65, 0x52, 0xb7, 0x8c, 0x65, 0x52, 0xb7, 0x8c, 0x65, 0x52, 0xb7,
    0x8c, 0x65, 0x52, 0xb7, 0x8c, 0x65, 0x52, 0xb7, 0x8c, 0x65, 0x52, 0xb7,
    0x8c, 0x65, 0x52, 0xb7, 0x8c, 0x65, 0x52, 0xb7, 0x8c, 0x65, 0x52, 0xb7,
    0x8c, 0x65, 0x52, 0xb7, 0x8c, 0x65, 0x52, 0xb7, 0x8c, 0x65, 0x52, 0xb7,
    0x8c, 0x65, 0x52, 0xb7, 0x8c, 0x65, 0x52, 0xb7, 0x8c, 0x65, 0x52, 0xb7,
    0x8c, 0x65, 0x52, 0xb7, 0x8c, 0x65, 0x52, 0xb7, 0x8c, 0x65, 0x52, 0xb7,
    0x8c, 0x65, 0x52, 0xb7, 0x8c, 0x65, 0x52, 0xb7, 0x8c, 0x65, 0x52, 0xb7,
    0x8c, 0x65, 0x52, 0xb7, 0x8c, 0x65, 0x52, 0xb7, 0x8c, 0x65, 0x52, 0xb7,
    0x8c, 0x65, 0x52, 0xb7, 0x8c, 0x65, 0x52, 0xb7, 0x8c, 0x65, 0x52, 0xb7,
    0x8c, 0x65, 0x52, 0xb7, 0x8c, 0x65, 0x52, 0xb7, 0x8c, 0x65, 0x52, 0xb7,
    0x8c, 0x65, 0x52, 0xb7, 0x8c, 0x65, 0x52, 0xb7, 0x8c, 0x65, 0x52, 0xb7,
    0x8c, 0x65, 0x52, 0xb7, 0x8c, 0x65, 0x52, 0xb7, 0x8c, 0x65, 0x52, 0xb7,
    0x8b, 0x65, 0x52, 0xb1, 0x8b, 0x65, 0x52, 0x94, 0x8b, 0x65, 0x50, 0x57,
    0x80, 0x4e, 0x4e, 0x0a, 0xff, 0xff, 0xff, 0x00, 0xff, 0xff, 0xff, 0x00,
    0xff, 0xff, 0xff, 0x00, 0xff, 0xff, 0xff, 0x00, 0xff, 0xff, 0xff, 0x00
};
