// 4.26.0 0x9756244f D2 AY R0 FARGB8888 U888 N0 SExtFlashSection
// Generated by imageconverter. Please, do not edit!

#include <touchgfx/hal/Config.hpp>

LOCATION_PRAGMA("ExtFlashSection")
KEEP extern const unsigned char image_bot1_on[] LOCATION_ATTRIBUTE("ExtFlashSection") = { // 139x46 ARGB8888 pixels.
    0xff, 0xff, 0xff, 0x00, 0xff, 0xff, 0xff, 0x00, 0xff, 0xff, 0xff, 0x00,
    0xff, 0xff, 0xff, 0x00, 0xff, 0xff, 0xff, 0x00, 0xff, 0xff, 0xff, 0x00,
    0xff, 0xff, 0xff, 0x00, 0xff, 0xff, 0xff, 0x00, 0xff, 0xff, 0xff, 0x00,
    0xff, 0xff, 0xff, 0x00, 0x01, 0x01, 0x01, 0x01, 0x0b, 0xec, 0xf6, 0x1a,
    0x0d, 0xee, 0xfa, 0x2b, 0x11, 0xf0, 0xfa, 0x30, 0x11, 0xf0, 0xfa, 0x30,
    0x11, 0xf0, 0xfa, 0x30, 0x11, 0xf0, 0xfa, 0x30, 0x11, 0xf0, 0xfa, 0x30,
    0x11, 0xf0, 0xfa, 0x30, 0x11, 0xf0, 0xfa, 0x30, 0x11, 0xf0, 0xfa, 0x30,
    0x11, 0xf0, 0xfa, 0x30, 0x11, 0xf0, 0xfa, 0x30, 0x11, 0xf0, 0xfa, 0x30,
    0x11, 0xf0, 0xfa, 0x30, 0x11, 0xf0, 0xfa, 0x30, 0x11, 0xf0, 0xfa, 0x30,
    0x11, 0xf0, 0xfa, 0x30, 0x11, 0xf0, 0xfa, 0x30, 0x11, 0xf0, 0xfa, 0x30,
    0x11, 0xf0, 0xfa, 0x30, 0x11, 0xf0, 0xfa, 0x30, 0x11, 0xf0, 0xfa, 0x30,
    0x11, 0xf0, 0xfa, 0x30, 0x11, 0xf0, 0xfa, 0x30, 0x11, 0xf0, 0xfa, 0x30,
    0x11, 0xf0, 0xfa, 0x30, 0x11, 0xf0, 0xfa, 0x30, 0x11, 0xf0, 0xfa, 0x30,
    0x11, 0xf0, 0xfa, 0x30, 0x11, 0xf0, 0xfa, 0x30, 0x11, 0xf0, 0xfa, 0x30,
    0x11, 0xf0, 0xfa, 0x30, 0x11, 0xf0, 0xfa, 0x30, 0x11, 0xf0, 0xfa, 0x30,
    0x11, 0xf0, 0xfa, 0x30, 0x11, 0xf0, 0xfa, 0x30, 0x11, 0xf0, 0xfa, 0x30,
    0x11, 0xf0, 0xfa, 0x30, 0x11, 0xf0, 0xfa, 0x30, 0x11, 0xf0, 0xfa, 0x30,
    0x11, 0xf0, 0xfa, 0x30, 0x11, 0xf0, 0xfa, 0x30, 0x11, 0xf0, 0xfa, 0x30,
    0x11, 0xf0, 0xfa, 0x30, 0x11, 0xf0, 0xfa, 0x30, 0x11, 0xf0, 0xfa, 0x30,
    0x11, 0xf0, 0xfa, 0x30, 0x11, 0xf0, 0xfa, 0x30, 0x11, 0xf0, 0xfa, 0x30,
    0x11, 0xf0, 0xfa, 0x30, 0x11, 0xf0, 0xfa, 0x30, 0x11, 0xf0, 0xfa, 0x30,
    0x11, 0xf0, 0xfa, 0x30, 0x11, 0xf0, 0xfa, 0x30, 0x11, 0xf0, 0xfa, 0x30,
    0x11, 0xf0, 0xfa, 0x30, 0x11, 0xf0, 0xfa, 0x30, 0x11, 0xf0, 0xfa, 0x30,
    0x11, 0xf0, 0xfa, 0x30, 0x11, 0xf0, 0xfa, 0x30, 0x11, 0xf0, 0xfa, 0x30,
    0x11, 0xf0, 0xfa, 0x30, 0x11, 0xf0, 0xfa, 0x30, 0x11, 0xf0, 0xfa, 0x30,
    0x11, 0xf0, 0xfa, 0x30, 0x11, 0xf0, 0xfa, 0x30, 0x11, 0xf0, 0xfa, 0x30,
    0x11, 0xf0, 0xfa, 0x30, 0x11, 0xf0, 0xfa, 0x30, 0x11, 0xf0, 0xfa, 0x30,
    0x11, 0xf0, 0xfa, 0x30, 0x11, 0xf0, 0xfa, 0x30, 0x11, 0xf0, 0xfa, 0x30,
    0x11, 0xf0, 0xfa, 0x30, 0x11, 0xf0, 0xfa, 0x30, 0x11, 0xf0, 0xfa, 0x30,
    0x11, 0xf0, 0xfa, 0x30, 0x11, 0xf0, 0xfa, 0x30, 0x11, 0xf0, 0xfa, 0x30,
    0x11, 0xf0, 0xfa, 0x30, 0x11, 0xf0, 0xfa, 0x30, 0x11, 0xf0, 0xfa, 0x30,
    0x11, 0xf0, 0xfa, 0x30, 0x11, 0xf0, 0xfa, 0x30, 0x11, 0xf0, 0xfa, 0x30,
    0x11, 0xf0, 0xfa, 0x30, 0x11, 0xf0, 0xfa, 0x30, 0x11, 0xf0, 0xfa, 0x30,
    0x11, 0xf0, 0xfa, 0x30, 0x11, 0xf0, 0xfa, 0x30, 0x11, 0xf0, 0xfa, 0x30,
    0x11, 0xf0, 0xfa, 0x30, 0x11, 0xf0, 0xfa, 0x30, 0x11, 0xf0, 0xfa, 0x30,
    0x11, 0xf0, 0xfa, 0x30, 0x11, 0xf0, 0xfa, 0x30, 0x11, 0xf0, 0xfa, 0x30,
    0x11, 0xf0, 0xfa, 0x30, 0x11, 0xf0, 0xfa, 0x30, 0x11, 0xf0, 0xfa, 0x30,
    0x11, 0xf0, 0xfa, 0x30, 0x11, 0xf0, 0xfa, 0x30, 0x11, 0xf0, 0xfa, 0x30,
    0x11, 0xf0, 0xfa, 0x30, 0x11, 0xf0, 0xfa, 0x30, 0x11, 0xf0, 0xfa, 0x30,
    0x11, 0xf0, 0xfa, 0x30, 0x11, 0xf0, 0xfa, 0x30, 0x11, 0xf0, 0xfa, 0x30,
    0x11, 0xf0, 0xfa, 0x30, 0x11, 0xf0, 0xfa, 0x30, 0x11, 0xf0, 0xfa, 0x30,
    0x11, 0xf0, 0xfa, 0x30, 0x0d, 0xee, 0xfa, 0x2b, 0x0b, 0xec, 0xf6, 0x1a,
    0x01, 0x01, 0x01, 0x01, 0xff, 0xff, 0xff, 0x00, 0xff, 0xff, 0xff, 0x00,
    0xff, 0xff, 0xff, 0x00, 0xff, 0xff, 0xff, 0x00, 0xff, 0xff, 0xff, 0x00,
    0xff, 0xff, 0xff, 0x00, 0xff, 0xff, 0xff, 0x00, 0xff, 0xff, 0xff, 0x00,
    0xff, 0xff, 0xff, 0x00, 0xff, 0xff, 0xff, 0x00, 0xff, 0xff, 0xff, 0x00,
    0xff, 0xff, 0xff, 0x00, 0xff, 0xff, 0xff, 0x00, 0xff, 0xff, 0xff, 0x00,
    0xff, 0xff, 0xff, 0x00, 0xff, 0xff, 0xff, 0x00, 0xff, 0xff, 0xff, 0x00,
    0xff, 0xff, 0xff, 0x00, 0xff, 0xff, 0xff, 0x00, 0x01, 0xe0, 0xe0, 0x08,
    0x12, 0xf2, 0xfd, 0x5f, 0x12, 0xf2, 0xfe, 0xb6, 0x12, 0xf2, 0xfe, 0xf1,
    0x12, 0xf2, 0xff, 0xff, 0x12, 0xf2, 0xff, 0xff, 0x12, 0xf2, 0xff, 0xff,
    0x12, 0xf2, 0xff, 0xff, 0x12, 0xf2, 0xff, 0xff, 0x12, 0xf2, 0xff, 0xff,
    0x12, 0xf2, 0xff, 0xff, 0x12, 0xf2, 0xff, 0xff, 0x12, 0xf2, 0xff, 0xff,
    0x12, 0xf2, 0xff, 0xff, 0x12, 0xf2, 0xff, 0xff, 0x12, 0xf2, 0xff, 0xff,
    0x12, 0xf2, 0xff, 0xff, 0x12, 0xf2, 0xff, 0xff, 0x12, 0xf2, 0xff, 0xff,
    0x12, 0xf2, 0xff, 0xff, 0x12, 0xf2, 0xff, 0xff, 0x12, 0xf2, 0xff, 0xff,
    0x12, 0xf2, 0xff, 0xff, 0x12, 0xf2, 0xff, 0xff, 0x12, 0xf2, 0xff, 0xff,
    0x12, 0xf2, 0xff, 0xff, 0x12, 0xf2, 0xff, 0xff, 0x12, 0xf2, 0xff, 0xff,
    0x12, 0xf2, 0xff, 0xff, 0x12, 0xf2, 0xff, 0xff, 0x12, 0xf2, 0xff, 0xff,
    0x12, 0xf2, 0xff, 0xff, 0x12, 0xf2, 0xff, 0xff, 0x12, 0xf2, 0xff, 0xff,
    0x12, 0xf2, 0xff, 0xff, 0x12, 0xf2, 0xff, 0xff, 0x12, 0xf2, 0xff, 0xff,
    0x12, 0xf2, 0xff, 0xff, 0x12, 0xf2, 0xff, 0xff, 0x12, 0xf2, 0xff, 0xff,
    0x12, 0xf2, 0xff, 0xff, 0x12, 0xf2, 0xff, 0xff, 0x12, 0xf2, 0xff, 0xff,
    0x12, 0xf2, 0xff, 0xff, 0x12, 0xf2, 0xff, 0xff, 0x12, 0xf2, 0xff, 0xff,
    0x12, 0xf2, 0xff, 0xff, 0x12, 0xf2, 0xff, 0xff, 0x12, 0xf2, 0xff, 0xff,
    0x12, 0xf2, 0xff, 0xff, 0x12, 0xf2, 0xff, 0xff, 0x12, 0xf2, 0xff, 0xff,
    0x12, 0xf2, 0xff, 0xff, 0x12, 0xf2, 0xff, 0xff, 0x12, 0xf2, 0xff, 0xff,
    0x12, 0xf2, 0xff, 0xff, 0x12, 0xf2, 0xff, 0xff, 0x12, 0xf2, 0xff, 0xff,
    0x12, 0xf2, 0xff, 0xff, 0x12, 0xf2, 0xff, 0xff, 0x12, 0xf2, 0xff, 0xff,
    0x12, 0xf2, 0xff, 0xff, 0x12, 0xf2, 0xff, 0xff, 0x12, 0xf2, 0xff, 0xff,
    0x12, 0xf2, 0xff, 0xff, 0x12, 0xf2, 0xff, 0xff, 0x12, 0xf2, 0xff, 0xff,
    0x12, 0xf2, 0xff, 0xff, 0x12, 0xf2, 0xff, 0xff, 0x12, 0xf2, 0xff, 0xff,
    0x12, 0xf2, 0xff, 0xff, 0x12, 0xf2, 0xff, 0xff, 0x12, 0xf2, 0xff, 0xff,
    0x12, 0xf2, 0xff, 0xff, 0x12, 0xf2, 0xff, 0xff, 0x12, 0xf2, 0xff, 0xff,
    0x12, 0xf2, 0xff, 0xff, 0x12, 0xf2, 0xff, 0xff, 0x12, 0xf2, 0xff, 0xff,
    0x12, 0xf2, 0xff, 0xff, 0x12, 0xf2, 0xff, 0xff, 0x12, 0xf2, 0xff, 0xff,
    0x12, 0xf2, 0xff, 0xff, 0x12, 0xf2, 0xff, 0xff, 0x12, 0xf2, 0xff, 0xff,
    0x12, 0xf2, 0xff, 0xff, 0x12, 0xf2, 0xff, 0xff, 0x12, 0xf2, 0xff, 0xff,
    0x12, 0xf2, 0xff, 0xff, 0x12, 0xf2, 0xff, 0xff, 0x12, 0xf2, 0xff, 0xff,
    0x12, 0xf2, 0xff, 0xff, 0x12, 0xf2, 0xff, 0xff, 0x12, 0xf2, 0xff, 0xff,
    0x12, 0xf2, 0xff, 0xff, 0x12, 0xf2, 0xff, 0xff, 0x12, 0xf2, 0xff, 0xff,
    0x12, 0xf2, 0xff, 0xff, 0x12, 0xf2, 0xff, 0xff, 0x12, 0xf2, 0xff, 0xff,
    0x12, 0xf2, 0xff, 0xff, 0x12, 0xf2, 0xff, 0xff, 0x12, 0xf2, 0xff, 0xff,
    0x12, 0xf2, 0xff, 0xff, 0x12, 0xf2, 0xff, 0xff, 0x12, 0xf2, 0xff, 0xff,
    0x12, 0xf2, 0xff, 0xff, 0x12, 0xf2, 0xff, 0xff, 0x12, 0xf2, 0xff, 0xff,
    0x12, 0xf2, 0xff, 0xff, 0x12, 0xf2, 0xff, 0xff, 0x12, 0xf2, 0xff, 0xff,
    0x12, 0xf2, 0xff, 0xff, 0x12, 0xf2, 0xff, 0xff, 0x12, 0xf2, 0xff, 0xff,
    0x12, 0xf2, 0xff, 0xff, 0x12, 0xf2, 0xff, 0xff, 0x12, 0xf2, 0xff, 0xff,
    0x12, 0xf2, 0xff, 0xff, 0x12, 0xf2, 0xfe, 0xf2, 0x12, 0xf2, 0xfe, 0xb7,
    0x11, 0xf0, 0xfd, 0x63, 0x01, 0xe3, 0xe3, 0x09, 0xff, 0xff, 0xff, 0x00,
    0xff, 0xff, 0xff, 0x00, 0xff, 0xff, 0xff, 0x00, 0xff, 0xff, 0xff, 0x00,
    0xff, 0xff, 0xff, 0x00, 0xff, 0xff, 0xff, 0x00, 0xff, 0xff, 0xff, 0x00,
    0xff, 0xff, 0xff, 0x00, 0xff, 0xff, 0xff, 0x00, 0xff, 0xff, 0xff, 0x00,
    0xff, 0xff, 0xff, 0x00, 0xff, 0xff, 0xff, 0x00, 0xff, 0xff, 0xff, 0x00,
    0xff, 0xff, 0xff, 0x00, 0x01, 0x01, 0x01, 0x01, 0x11, 0xf0, 0xfd, 0x62,
    0x12, 0xf2, 0xfe, 0xe6, 0x12, 0xf2, 0xff, 0xff, 0x12, 0xf2, 0xff, 0xff,
    0x12, 0xf2, 0xff, 0xff, 0x12, 0xf2, 0xff, 0xff, 0x12, 0xf2, 0xff, 0xff,
    0x12, 0xf2, 0xff, 0xff, 0x12, 0xf2, 0xff, 0xff, 0x12, 0xf2, 0xff, 0xff,
    0x12, 0xf2, 0xff, 0xff, 0x12, 0xf2, 0xff, 0xff, 0x12, 0xf2, 0xff, 0xff,
    0x12, 0xf2, 0xff, 0xff, 0x12, 0xf2, 0xff, 0xff, 0x12, 0xf2, 0xff, 0xff,
    0x12, 0xf2, 0xff, 0xff, 0x12, 0xf2, 0xff, 0xff, 0x12, 0xf2, 0xff, 0xff,
    0x12, 0xf2, 0xff, 0xff, 0x12, 0xf2, 0xff, 0xff, 0x12, 0xf2, 0xff, 0xff,
    0x12, 0xf2, 0xff, 0xff, 0x12, 0xf2, 0xff, 0xff, 0x12, 0xf2, 0xff, 0xff,
    0x12, 0xf2, 0xff, 0xff, 0x12, 0xf2, 0xff, 0xff, 0x12, 0xf2, 0xff, 0xff,
    0x12, 0xf2, 0xff, 0xff, 0x12, 0xf2, 0xff, 0xff, 0x12, 0xf2, 0xff, 0xff,
    0x12, 0xf2, 0xff, 0xff, 0x12, 0xf2, 0xff, 0xff, 0x12, 0xf2, 0xff, 0xff,
    0x12, 0xf2, 0xff, 0xff, 0x12, 0xf2, 0xff, 0xff, 0x12, 0xf2, 0xff, 0xff,
    0x12, 0xf2, 0xff, 0xff, 0x12, 0xf2, 0xff, 0xff, 0x12, 0xf2, 0xff, 0xff,
    0x12, 0xf2, 0xff, 0xff, 0x12, 0xf2, 0xff, 0xff, 0x12, 0xf2, 0xff, 0xff,
    0x12, 0xf2, 0xff, 0xff, 0x12, 0xf2, 0xff, 0xff, 0x12, 0xf2, 0xff, 0xff,
    0x12, 0xf2, 0xff, 0xff, 0x12, 0xf2, 0xff, 0xff, 0x12, 0xf2, 0xff, 0xff,
    0x12, 0xf2, 0xff, 0xff, 0x12, 0xf2, 0xff, 0xff, 0x12, 0xf2, 0xff, 0xff,
    0x12, 0xf2, 0xff, 0xff, 0x12, 0xf2, 0xff, 0xff, 0x12, 0xf2, 0xff, 0xff,
    0x12, 0xf2, 0xff, 0xff, 0x12, 0xf2, 0xff, 0xff, 0x12, 0xf2, 0xff, 0xff,
    0x12, 0xf2, 0xff, 0xff, 0x12, 0xf2, 0xff, 0xff, 0x12, 0xf2, 0xff, 0xff,
    0x12, 0xf2, 0xff, 0xff, 0x12, 0xf2, 0xff, 0xff, 0x12, 0xf2, 0xff, 0xff,
    0x12, 0xf2, 0xff, 0xff, 0x12, 0xf2, 0xff, 0xff, 0x12, 0xf2, 0xff, 0xff,
    0x12, 0xf2, 0xff, 0xff, 0x12, 0xf2, 0xff, 0xff, 0x12, 0xf2, 0xff, 0xff,
    0x12, 0xf2, 0xff, 0xff, 0x12, 0xf2, 0xff, 0xff, 0x12, 0xf2, 0xff, 0xff,
    0x12, 0xf2, 0xff, 0xff, 0x12, 0xf2, 0xff, 0xff, 0x12, 0xf2, 0xff, 0xff,
    0x12, 0xf2, 0xff, 0xff, 0x12, 0xf2, 0xff, 0xff, 0x12, 0xf2, 0xff, 0xff,
    0x12, 0xf2, 0xff, 0xff, 0x12, 0xf2, 0xff, 0xff, 0x12, 0xf2, 0xff, 0xff,
    0x12, 0xf2, 0xff, 0xff, 0x12, 0xf2, 0xff, 0xff, 0x12, 0xf2, 0xff, 0xff,
    0x12, 0xf2, 0xff, 0xff, 0x12, 0xf2, 0xff, 0xff, 0x12, 0xf2, 0xff, 0xff,
    0x12, 0xf2, 0xff, 0xff, 0x12, 0xf2, 0xff, 0xff, 0x12, 0xf2, 0xff, 0xff,
    0x12, 0xf2, 0xff, 0xff, 0x12, 0xf2, 0xff, 0xff, 0x12, 0xf2, 0xff, 0xff,
    0x12, 0xf2, 0xff, 0xff, 0x12, 0xf2, 0xff, 0xff, 0x12, 0xf2, 0xff, 0xff,
    0x12, 0xf2, 0xff, 0xff, 0x12, 0xf2, 0xff, 0xff, 0x12, 0xf2, 0xff, 0xff,
    0x12, 0xf2, 0xff, 0xff, 0x12, 0xf2, 0xff, 0xff, 0x12, 0xf2, 0xff, 0xff,
    0x12, 0xf2, 0xff, 0xff, 0x12, 0xf2, 0xff, 0xff, 0x12, 0xf2, 0xff, 0xff,
    0x12, 0xf2, 0xff, 0xff, 0x12, 0xf2, 0xff, 0xff, 0x12, 0xf2, 0xff, 0xff,
    0x12, 0xf2, 0xff, 0xff, 0x12, 0xf2, 0xff, 0xff, 0x12, 0xf2, 0xff, 0xff,
    0x12, 0xf2, 0xff, 0xff, 0x12, 0xf2, 0xff, 0xff, 0x12, 0xf2, 0xff, 0xff,
    0x12, 0xf2, 0xff, 0xff, 0x12, 0xf2, 0xff, 0xff, 0x12, 0xf2, 0xff, 0xff,
    0x12, 0xf2, 0xff, 0xff, 0x12, 0xf2, 0xff, 0xff, 0x12, 0xf2, 0xff, 0xff,
    0x12, 0xf2, 0xff, 0xff, 0x12, 0xf2, 0xff, 0xff, 0x12, 0xf2, 0xfe, 0xe8,
    0x10, 0xf1, 0xfd, 0x68, 0x01, 0x80, 0x80, 0x02, 0xff, 0xff, 0xff, 0x00,
    0xff, 0xff, 0xff, 0x00, 0xff, 0xff, 0xff, 0x00, 0xff, 0xff, 0xff, 0x00,
    0xff, 0xff, 0xff, 0x00, 0xff, 0xff, 0xff, 0x00, 0xff, 0xff, 0xff, 0x00,
    0xff, 0xff, 0xff, 0x00, 0xff, 0xff, 0xff, 0x00, 0xff, 0xff, 0xff, 0x00,
    0xff, 0xff, 0xff, 0x00, 0x12, 0xef, 0xef, 0x0f, 0x12, 0xf1, 0xfe, 0xb4,
    0x12, 0xf2, 0xff, 0xff, 0x12, 0xf2, 0xff, 0xff, 0x12, 0xf2, 0xff, 0xff,
    0x12, 0xf2, 0xff, 0xff, 0x12, 0xf2, 0xff, 0xff, 0x12, 0xf2, 0xff, 0xff,
    0x12, 0xf2, 0xff, 0xff, 0x12, 0xf2, 0xff, 0xff, 0x12, 0xf2, 0xff, 0xff,
    0x12, 0xf2, 0xff, 0xff, 0x12, 0xf2, 0xff, 0xff, 0x12, 0xf2, 0xff, 0xff,
    0x12, 0xf2, 0xff, 0xff, 0x12, 0xf2, 0xff, 0xff, 0x12, 0xf2, 0xff, 0xff,
    0x12, 0xf2, 0xff, 0xff, 0x12, 0xf2, 0xff, 0xff, 0x12, 0xf2, 0xff, 0xff,
    0x12, 0xf2, 0xff, 0xff, 0x12, 0xf2, 0xff, 0xff, 0x12, 0xf2, 0xff, 0xff,
    0x12, 0xf2, 0xff, 0xff, 0x12, 0xf2, 0xff, 0xff, 0x12, 0xf2, 0xff, 0xff,
    0x12, 0xf2, 0xff, 0xff, 0x12, 0xf2, 0xff, 0xff, 0x12, 0xf2, 0xff, 0xff,
    0x12, 0xf2, 0xff, 0xff, 0x12, 0xf2, 0xff, 0xff, 0x12, 0xf2, 0xff, 0xff,
    0x12, 0xf2, 0xff, 0xff, 0x12, 0xf2, 0xff, 0xff, 0x12, 0xf2, 0xff, 0xff,
    0x12, 0xf2, 0xff, 0xff, 0x12, 0xf2, 0xff, 0xff, 0x12, 0xf2, 0xff, 0xff,
    0x12, 0xf2, 0xff, 0xff, 0x12, 0xf2, 0xff, 0xff, 0x12, 0xf2, 0xff, 0xff,
    0x12, 0xf2, 0xff, 0xff, 0x12, 0xf2, 0xff, 0xff, 0x12, 0xf2, 0xff, 0xff,
    0x12, 0xf2, 0xff, 0xff, 0x12, 0xf2, 0xff, 0xff, 0x12, 0xf2, 0xff, 0xff,
    0x12, 0xf2, 0xff, 0xff, 0x12, 0xf2, 0xff, 0xff, 0x12, 0xf2, 0xff, 0xff,
    0x12, 0xf2, 0xff, 0xff, 0x12, 0xf2, 0xff, 0xff, 0x12, 0xf2, 0xff, 0xff,
    0x12, 0xf2, 0xff, 0xff, 0x12, 0xf2, 0xff, 0xff, 0x12, 0xf2, 0xff, 0xff,
    0x12, 0xf2, 0xff, 0xff, 0x12, 0xf2, 0xff, 0xff, 0x12, 0xf2, 0xff, 0xff,
    0x12, 0xf2, 0xff, 0xff, 0x12, 0xf2, 0xff, 0xff, 0x12, 0xf2, 0xff, 0xff,
    0x12, 0xf2, 0xff, 0xff, 0x12, 0xf2, 0xff, 0xff, 0x12, 0xf2, 0xff, 0xff,
    0x12, 0xf2, 0xff, 0xff, 0x12, 0xf2, 0xff, 0xff, 0x12, 0xf2, 0xff, 0xff,
    0x12, 0xf2, 0xff, 0xff, 0x12, 0xf2, 0xff, 0xff, 0x12, 0xf2, 0xff, 0xff,
    0x12, 0xf2, 0xff, 0xff, 0x12, 0xf2, 0xff, 0xff, 0x12, 0xf2, 0xff, 0xff,
    0x12, 0xf2, 0xff, 0xff, 0x12, 0xf2, 0xff, 0xff, 0x12, 0xf2, 0xff, 0xff,
    0x12, 0xf2, 0xff, 0xff, 0x12, 0xf2, 0xff, 0xff, 0x12, 0xf2, 0xff, 0xff,
    0x12, 0xf2, 0xff, 0xff, 0x12, 0xf2, 0xff, 0xff, 0x12, 0xf2, 0xff, 0xff,
    0x12, 0xf2, 0xff, 0xff, 0x12, 0xf2, 0xff, 0xff, 0x12, 0xf2, 0xff, 0xff,
    0x12, 0xf2, 0xff, 0xff, 0x12, 0xf2, 0xff, 0xff, 0x12, 0xf2, 0xff, 0xff,
    0x12, 0xf2, 0xff, 0xff, 0x12, 0xf2, 0xff, 0xff, 0x12, 0xf2, 0xff, 0xff,
    0x12, 0xf2, 0xff, 0xff, 0x12, 0xf2, 0xff, 0xff, 0x12, 0xf2, 0xff, 0xff,
    0x12, 0xf2, 0xff, 0xff, 0x12, 0xf2, 0xff, 0xff, 0x12, 0xf2, 0xff, 0xff,
    0x12, 0xf2, 0xff, 0xff, 0x12, 0xf2, 0xff, 0xff, 0x12, 0xf2, 0xff, 0xff,
    0x12, 0xf2, 0xff, 0xff, 0x12, 0xf2, 0xff, 0xff, 0x12, 0xf2, 0xff, 0xff,
    0x12, 0xf2, 0xff, 0xff, 0x12, 0xf2, 0xff, 0xff, 0x12, 0xf2, 0xff, 0xff,
    0x12, 0xf2, 0xff, 0xff, 0x12, 0xf2, 0xff, 0xff, 0x12, 0xf2, 0xff, 0xff,
    0x12, 0xf2, 0xff, 0xff, 0x12, 0xf2, 0xff, 0xff, 0x12, 0xf2, 0xff, 0xff,
    0x12, 0xf2, 0xff, 0xff, 0x12, 0xf2, 0xff, 0xff, 0x12, 0xf2, 0xff, 0xff,
    0x12, 0xf2, 0xff, 0xff, 0x12, 0xf2, 0xff, 0xff, 0x12, 0xf2, 0xff, 0xff,
    0x12, 0xf2, 0xff, 0xff, 0x12, 0xf2, 0xff, 0xff, 0x12, 0xf2, 0xff, 0xff,
    0x12, 0xf2, 0xff, 0xff, 0x12, 0xf2, 0xff, 0xff, 0x12, 0xf2, 0xff, 0xff,
    0x12, 0xf2, 0xff, 0xff, 0x12, 0xf2, 0xff, 0xff, 0x15, 0xec, 0xfe, 0xc6,
    0x10, 0xf1, 0xf1, 0x12, 0xff, 0xff, 0xff, 0x00, 0xff, 0xff, 0xff, 0x00,
    0xff, 0xff, 0xff, 0x00, 0xff, 0xff, 0xff, 0x00, 0xff, 0xff, 0xff, 0x00,
    0xff, 0xff, 0xff, 0x00, 0xff, 0xff, 0xff, 0x00, 0xff, 0xff, 0xff, 0x00,
    0xff, 0xff, 0xff, 0x00, 0x11, 0xf0, 0xf0, 0x10, 0x12, 0xf2, 0xfe, 0xcd,
    0x12, 0xf2, 0xff, 0xff, 0x12, 0xf2, 0xff, 0xff, 0x12, 0xf2, 0xff, 0xff,
    0x12, 0xf2, 0xff, 0xff, 0x12, 0xf2, 0xff, 0xff, 0x12, 0xf2, 0xff, 0xff,
    0x12, 0xf2, 0xff, 0xff, 0x12, 0xf2, 0xff, 0xff, 0x12, 0xf2, 0xff, 0xff,
    0x12, 0xf2, 0xff, 0xff, 0x12, 0xf2, 0xff, 0xff, 0x12, 0xf2, 0xff, 0xff,
    0x12, 0xf2, 0xff, 0xff, 0x12, 0xf2, 0xff, 0xff, 0x12, 0xf2, 0xff, 0xff,
    0x12, 0xf2, 0xff, 0xff, 0x12, 0xf2, 0xff, 0xff, 0x12, 0xf2, 0xff, 0xff,
    0x12, 0xf2, 0xff, 0xff, 0x12, 0xf2, 0xff, 0xff, 0x12, 0xf2, 0xff, 0xff,
    0x12, 0xf2, 0xff, 0xff, 0x12, 0xf2, 0xff, 0xff, 0x12, 0xf2, 0xff, 0xff,
    0x12, 0xf2, 0xff, 0xff, 0x12, 0xf2, 0xff, 0xff, 0x12, 0xf2, 0xff, 0xff,
    0x12, 0xf2, 0xff, 0xff, 0x12, 0xf2, 0xff, 0xff, 0x12, 0xf2, 0xff, 0xff,
    0x12, 0xf2, 0xff, 0xff, 0x12, 0xf2, 0xff, 0xff, 0x12, 0xf2, 0xff, 0xff,
    0x12, 0xf2, 0xff, 0xff, 0x12, 0xf2, 0xff, 0xff, 0x12, 0xf2, 0xff, 0xff,
    0x12, 0xf2, 0xff, 0xff, 0x12, 0xf2, 0xff, 0xff, 0x12, 0xf2, 0xff, 0xff,
    0x12, 0xf2, 0xff, 0xff, 0x12, 0xf2, 0xff, 0xff, 0x12, 0xf2, 0xff, 0xff,
    0x12, 0xf2, 0xff, 0xff, 0x12, 0xf2, 0xff, 0xff, 0x12, 0xf2, 0xff, 0xff,
    0x12, 0xf2, 0xff, 0xff, 0x12, 0xf2, 0xff, 0xff, 0x12, 0xf2, 0xff, 0xff,
    0x12, 0xf2, 0xff, 0xff, 0x12, 0xf2, 0xff, 0xff, 0x12, 0xf2, 0xff, 0xff,
    0x12, 0xf2, 0xff, 0xff, 0x12, 0xf2, 0xff, 0xff, 0x12, 0xf2, 0xff, 0xff,
    0x12, 0xf2, 0xff, 0xff, 0x12, 0xf2, 0xff, 0xff, 0x12, 0xf2, 0xff, 0xff,
    0x12, 0xf2, 0xff, 0xff, 0x12, 0xf2, 0xff, 0xff, 0x12, 0xf2, 0xff, 0xff,
    0x12, 0xf2, 0xff, 0xff, 0x12, 0xf2, 0xff, 0xff, 0x12, 0xf2, 0xff, 0xff,
    0x12, 0xf2, 0xff, 0xff, 0x12, 0xf2, 0xff, 0xff, 0x12, 0xf2, 0xff, 0xff,
    0x12, 0xf2, 0xff, 0xff, 0x12, 0xf2, 0xff, 0xff, 0x12, 0xf2, 0xff, 0xff,
    0x12, 0xf2, 0xff, 0xff, 0x12, 0xf2, 0xff, 0xff, 0x12, 0xf2, 0xff, 0xff,
    0x12, 0xf2, 0xff, 0xff, 0x12, 0xf2, 0xff, 0xff, 0x12, 0xf2, 0xff, 0xff,
    0x12, 0xf2, 0xff, 0xff, 0x12, 0xf2, 0xff, 0xff, 0x12, 0xf2, 0xff, 0xff,
    0x12, 0xf2, 0xff, 0xff, 0x12, 0xf2, 0xff, 0xff, 0x12, 0xf2, 0xff, 0xff,
    0x12, 0xf2, 0xff, 0xff, 0x12, 0xf2, 0xff, 0xff, 0x12, 0xf2, 0xff, 0xff,
    0x12, 0xf2, 0xff, 0xff, 0x12, 0xf2, 0xff, 0xff, 0x12, 0xf2, 0xff, 0xff,
    0x12, 0xf2, 0xff, 0xff, 0x12, 0xf2, 0xff, 0xff, 0x12, 0xf2, 0xff, 0xff,
    0x12, 0xf2, 0xff, 0xff, 0x12, 0xf2, 0xff, 0xff, 0x12, 0xf2, 0xff, 0xff,
    0x12, 0xf2, 0xff, 0xff, 0x12, 0xf2, 0xff, 0xff, 0x12, 0xf2, 0xff, 0xff,
    0x12, 0xf2, 0xff, 0xff, 0x12, 0xf2, 0xff, 0xff, 0x12, 0xf2, 0xff, 0xff,
    0x12, 0xf2, 0xff, 0xff, 0x12, 0xf2, 0xff, 0xff, 0x12, 0xf2, 0xff, 0xff,
    0x12, 0xf2, 0xff, 0xff, 0x12, 0xf2, 0xff, 0xff, 0x12, 0xf2, 0xff, 0xff,
    0x12, 0xf2, 0xff, 0xff, 0x12, 0xf2, 0xff, 0xff, 0x12, 0xf2, 0xff, 0xff,
    0x12, 0xf2, 0xff, 0xff, 0x12, 0xf2, 0xff, 0xff, 0x12, 0xf2, 0xff, 0xff,
    0x12, 0xf2, 0xff, 0xff, 0x12, 0xf2, 0xff, 0xff, 0x12, 0xf2, 0xff, 0xff,
    0x12, 0xf2, 0xff, 0xff, 0x12, 0xf2, 0xff, 0xff, 0x12, 0xf2, 0xff, 0xff,
    0x12, 0xf2, 0xff, 0xff, 0x12, 0xf2, 0xff, 0xff, 0x12, 0xf2, 0xff, 0xff,
    0x12, 0xf2, 0xff, 0xff, 0x12, 0xf2, 0xff, 0xff, 0x12, 0xf2, 0xff, 0xff,
    0x12, 0xf2, 0xff, 0xff, 0x12, 0xf2, 0xff, 0xff, 0x12, 0xf2, 0xff, 0xff,
    0x12, 0xf2, 0xff, 0xff, 0x17, 0xe5, 0xfd, 0xf0, 0x21, 0xba, 0xf9, 0x28,
    0xff, 0xff, 0xff, 0x00, 0xff, 0xff, 0xff, 0x00, 0xff, 0xff, 0xff, 0x00,
    0xff, 0xff, 0xff, 0x00, 0xff, 0xff, 0xff, 0x00, 0xff, 0xff, 0xff, 0x00,
    0xff, 0xff, 0xff, 0x00, 0x01, 0xab, 0xab, 0x03, 0x12, 0xf2, 0xfe, 0xbc,
    0x12, 0xf2, 0xff, 0xff, 0x12, 0xf2, 0xff, 0xff, 0x12, 0xf2, 0xff, 0xff,
    0x12, 0xf2, 0xff, 0xff, 0x12, 0xf2, 0xff, 0xff, 0x12, 0xf2, 0xff, 0xff,
    0x12, 0xf2, 0xff, 0xff, 0x12, 0xf2, 0xff, 0xff, 0x12, 0xf2, 0xff, 0xff,
    0x12, 0xf2, 0xff, 0xff, 0x12, 0xf2, 0xff, 0xff, 0x12, 0xf2, 0xff, 0xff,
    0x12, 0xf2, 0xff, 0xff, 0x12, 0xf2, 0xff, 0xff, 0x12, 0xf2, 0xff, 0xff,
    0x12, 0xf2, 0xff, 0xff, 0x12, 0xf2, 0xff, 0xff, 0x12, 0xf2, 0xff, 0xff,
    0x12, 0xf2, 0xff, 0xff, 0x12, 0xf2, 0xff, 0xff, 0x12, 0xf2, 0xff, 0xff,
    0x12, 0xf2, 0xff, 0xff, 0x12, 0xf2, 0xff, 0xff, 0x12, 0xf2, 0xff, 0xff,
    0x12, 0xf2, 0xff, 0xff, 0x12, 0xf2, 0xff, 0xff, 0x12, 0xf2, 0xff, 0xff,
    0x12, 0xf2, 0xff, 0xff, 0x12, 0xf2, 0xff, 0xff, 0x12, 0xf2, 0xff, 0xff,
    0x12, 0xf2, 0xff, 0xff, 0x12, 0xf2, 0xff, 0xff, 0x12, 0xf2, 0xff, 0xff,
    0x12, 0xf2, 0xff, 0xff, 0x12, 0xf2, 0xff, 0xff, 0x12, 0xf2, 0xff, 0xff,
    0x12, 0xf2, 0xff, 0xff, 0x12, 0xf2, 0xff, 0xff, 0x12, 0xf2, 0xff, 0xff,
    0x12, 0xf2, 0xff, 0xff, 0x12, 0xf2, 0xff, 0xff, 0x12, 0xf2, 0xff, 0xff,
    0x12, 0xf2, 0xff, 0xff, 0x12, 0xf2, 0xff, 0xff, 0x12, 0xf2, 0xff, 0xff,
    0x12, 0xf2, 0xff, 0xff, 0x12, 0xf2, 0xff, 0xff, 0x12, 0xf2, 0xff, 0xff,
    0x12, 0xf2, 0xff, 0xff, 0x12, 0xf2, 0xff, 0xff, 0x12, 0xf2, 0xff, 0xff,
    0x12, 0xf2, 0xff, 0xff, 0x12, 0xf2, 0xff, 0xff, 0x12, 0xf2, 0xff, 0xff,
    0x12, 0xf2, 0xff, 0xff, 0x12, 0xf2, 0xff, 0xff, 0x12, 0xf2, 0xff, 0xff,
    0x12, 0xf2, 0xff, 0xff, 0x12, 0xf2, 0xff, 0xff, 0x12, 0xf2, 0xff, 0xff,
    0x12, 0xf2, 0xff, 0xff, 0x12, 0xf2, 0xff, 0xff, 0x12, 0xf2, 0xff, 0xff,
    0x12, 0xf2, 0xff, 0xff, 0x12, 0xf2, 0xff, 0xff, 0x12, 0xf2, 0xff, 0xff,
    0x12, 0xf2, 0xff, 0xff, 0x12, 0xf2, 0xff, 0xff, 0x12, 0xf2, 0xff, 0xff,
    0x12, 0xf2, 0xff, 0xff, 0x12, 0xf2, 0xff, 0xff, 0x12, 0xf2, 0xff, 0xff,
    0x12, 0xf2, 0xff, 0xff, 0x12, 0xf2, 0xff, 0xff, 0x12, 0xf2, 0xff, 0xff,
    0x12, 0xf2, 0xff, 0xff, 0x12, 0xf2, 0xff, 0xff, 0x12, 0xf2, 0xff, 0xff,
    0x12, 0xf2, 0xff, 0xff, 0x12, 0xf2, 0xff, 0xff, 0x12, 0xf2, 0xff, 0xff,
    0x12, 0xf2, 0xff, 0xff, 0x12, 0xf2, 0xff, 0xff, 0x12, 0xf2, 0xff, 0xff,
    0x12, 0xf2, 0xff, 0xff, 0x12, 0xf2, 0xff, 0xff, 0x12, 0xf2, 0xff, 0xff,
    0x12, 0xf2, 0xff, 0xff, 0x12, 0xf2, 0xff, 0xff, 0x12, 0xf2, 0xff, 0xff,
    0x12, 0xf2, 0xff, 0xff, 0x12, 0xf2, 0xff, 0xff, 0x12, 0xf2, 0xff, 0xff,
    0x12, 0xf2, 0xff, 0xff, 0x12, 0xf2, 0xff, 0xff, 0x12, 0xf2, 0xff, 0xff,
    0x12, 0xf2, 0xff, 0xff, 0x12, 0xf2, 0xff, 0xff, 0x12, 0xf2, 0xff, 0xff,
    0x12, 0xf2, 0xff, 0xff, 0x12, 0xf2, 0xff, 0xff, 0x12, 0xf2, 0xff, 0xff,
    0x12, 0xf2, 0xff, 0xff, 0x12, 0xf2, 0xff, 0xff, 0x12, 0xf2, 0xff, 0xff,
    0x12, 0xf2, 0xff, 0xff, 0x12, 0xf2, 0xff, 0xff, 0x12, 0xf2, 0xff, 0xff,
    0x12, 0xf2, 0xff, 0xff, 0x12, 0xf2, 0xff, 0xff, 0x12, 0xf2, 0xff, 0xff,
    0x12, 0xf2, 0xff, 0xff, 0x12, 0xf2, 0xff, 0xff, 0x12, 0xf2, 0xff, 0xff,
    0x12, 0xf2, 0xff, 0xff, 0x12, 0xf2, 0xff, 0xff, 0x12, 0xf2, 0xff, 0xff,
    0x12, 0xf2, 0xff, 0xff, 0x12, 0xf2, 0xff, 0xff, 0x12, 0xf2, 0xff, 0xff,
    0x12, 0xf2, 0xff, 0xff, 0x12, 0xf2, 0xff, 0xff, 0x12, 0xf2, 0xff, 0xff,
    0x12, 0xf2, 0xff, 0xff, 0x12, 0xf2, 0xff, 0xff, 0x12, 0xf2, 0xff, 0xff,
    0x12, 0xf2, 0xff, 0xff, 0x12, 0xf2, 0xff, 0xff, 0x12, 0xf2, 0xff, 0xff,
    0x1a, 0xdb, 0xfc, 0xfa, 0x32, 0x8f, 0xf7, 0x3f, 0xff, 0xff, 0xff, 0x00,
    0xff, 0xff, 0xff, 0x00, 0xff, 0xff, 0xff, 0x00, 0xff, 0xff, 0xff, 0x00,
    0xff, 0xff, 0xff, 0x00, 0xff, 0xff, 0xff, 0x00, 0x10, 0xf1, 0xfd, 0x77,
    0x12, 0xf2, 0xff, 0xff, 0x12, 0xf2, 0xff, 0xff, 0x12, 0xf2, 0xff, 0xff,
    0x12, 0xf2, 0xff, 0xff, 0x12, 0xf2, 0xff, 0xff, 0x12, 0xf2, 0xff, 0xff,
    0x12, 0xf2, 0xff, 0xff, 0x12, 0xf2, 0xff, 0xff, 0x12, 0xf2, 0xff, 0xff,
    0x12, 0xf2, 0xff, 0xff, 0x12, 0xf2, 0xff, 0xff, 0x12, 0xf2, 0xff, 0xff,
    0x12, 0xf2, 0xff, 0xff, 0x12, 0xf2, 0xff, 0xff, 0x12, 0xf2, 0xff, 0xff,
    0x12, 0xf2, 0xff, 0xff, 0x12, 0xf2, 0xff, 0xff, 0x12, 0xf2, 0xff, 0xff,
    0x12, 0xf2, 0xff, 0xff, 0x12, 0xf2, 0xff, 0xff, 0x12, 0xf2, 0xff, 0xff,
    0x12, 0xf2, 0xff, 0xff, 0x12, 0xf2, 0xff, 0xff, 0x12, 0xf2, 0xff, 0xff,
    0x12, 0xf2, 0xff, 0xff, 0x12, 0xf2, 0xff, 0xff, 0x12, 0xf2, 0xff, 0xff,
    0x12, 0xf2, 0xff, 0xff, 0x12, 0xf2, 0xff, 0xff, 0x12, 0xf2, 0xff, 0xff,
    0x12, 0xf2, 0xff, 0xff, 0x12, 0xf2, 0xff, 0xff, 0x12, 0xf2, 0xff, 0xff,
    0x12, 0xf2, 0xff, 0xff, 0x12, 0xf2, 0xff, 0xff, 0x12, 0xf2, 0xff, 0xff,
    0x12, 0xf2, 0xff, 0xff, 0x12, 0xf2, 0xff, 0xff, 0x12, 0xf2, 0xff, 0xff,
    0x12, 0xf2, 0xff, 0xff, 0x12, 0xf2, 0xff, 0xff, 0x12, 0xf2, 0xff, 0xff,
    0x12, 0xf2, 0xff, 0xff, 0x12, 0xf2, 0xff, 0xff, 0x12, 0xf2, 0xff, 0xff,
    0x12, 0xf2, 0xff, 0xff, 0x12, 0xf2, 0xff, 0xff, 0x12, 0xf2, 0xff, 0xff,
    0x12, 0xf2, 0xff, 0xff, 0x12, 0xf2, 0xff, 0xff, 0x12, 0xf2, 0xff, 0xff,
    0x12, 0xf2, 0xff, 0xff, 0x12, 0xf2, 0xff, 0xff, 0x12, 0xf2, 0xff, 0xff,
    0x12, 0xf2, 0xff, 0xff, 0x12, 0xf2, 0xff, 0xff, 0x12, 0xf2, 0xff, 0xff,
    0x12, 0xf2, 0xff, 0xff, 0x12, 0xf2, 0xff, 0xff, 0x12, 0xf2, 0xff, 0xff,
    0x12, 0xf2, 0xff, 0xff, 0x12, 0xf2, 0xff, 0xff, 0x12, 0xf2, 0xff, 0xff,
    0x12, 0xf2, 0xff, 0xff, 0x12, 0xf2, 0xff, 0xff, 0x12, 0xf2, 0xff, 0xff,
    0x12, 0xf2, 0xff, 0xff, 0x12, 0xf2, 0xff, 0xff, 0x12, 0xf2, 0xff, 0xff,
    0x12, 0xf2, 0xff, 0xff, 0x12, 0xf2, 0xff, 0xff, 0x12, 0xf2, 0xff, 0xff,
    0x12, 0xf2, 0xff, 0xff, 0x12, 0xf2, 0xff, 0xff, 0x12, 0xf2, 0xff, 0xff,
    0x12, 0xf2, 0xff, 0xff, 0x12, 0xf2, 0xff, 0xff, 0x12, 0xf2, 0xff, 0xff,
    0x12, 0xf2, 0xff, 0xff, 0x12, 0xf2, 0xff, 0xff, 0x12, 0xf2, 0xff, 0xff,
    0x12, 0xf2, 0xff, 0xff, 0x12, 0xf2, 0xff, 0xff, 0x12, 0xf2, 0xff, 0xff,
    0x12, 0xf2, 0xff, 0xff, 0x12, 0xf2, 0xff, 0xff, 0x12, 0xf2, 0xff, 0xff,
    0x12, 0xf2, 0xff, 0xff, 0x12, 0xf2, 0xff, 0xff, 0x12, 0xf2, 0xff, 0xff,
    0x12, 0xf2, 0xff, 0xff, 0x12, 0xf2, 0xff, 0xff, 0x12, 0xf2, 0xff, 0xff,
    0x12, 0xf2, 0xff, 0xff, 0x12, 0xf2, 0xff, 0xff, 0x12, 0xf2, 0xff, 0xff,
    0x12, 0xf2, 0xff, 0xff, 0x12, 0xf2, 0xff, 0xff, 0x12, 0xf2, 0xff, 0xff,
    0x12, 0xf2, 0xff, 0xff, 0x12, 0xf2, 0xff, 0xff, 0x12, 0xf2, 0xff, 0xff,
    0x12, 0xf2, 0xff, 0xff, 0x12, 0xf2, 0xff, 0xff, 0x12, 0xf2, 0xff, 0xff,
    0x12, 0xf2, 0xff, 0xff, 0x12, 0xf2, 0xff, 0xff, 0x12, 0xf2, 0xff, 0xff,
    0x12, 0xf2, 0xff, 0xff, 0x12, 0xf2, 0xff, 0xff, 0x12, 0xf2, 0xff, 0xff,
    0x12, 0xf2, 0xff, 0xff, 0x12, 0xf2, 0xff, 0xff, 0x12, 0xf2, 0xff, 0xff,
    0x12, 0xf2, 0xff, 0xff, 0x12, 0xf2, 0xff, 0xff, 0x12, 0xf2, 0xff, 0xff,
    0x12, 0xf2, 0xff, 0xff, 0x12, 0xf2, 0xff, 0xff, 0x12, 0xf2, 0xff, 0xff,
    0x12, 0xf2, 0xff, 0xff, 0x12, 0xf2, 0xff, 0xff, 0x12, 0xf2, 0xff, 0xff,
    0x12, 0xf2, 0xff, 0xff, 0x12, 0xf2, 0xff, 0xff, 0x12, 0xf2, 0xff, 0xff,
    0x12, 0xf2, 0xff, 0xff, 0x12, 0xf2, 0xff, 0xff, 0x12, 0xf2, 0xff, 0xff,
    0x12, 0xf2, 0xff, 0xff, 0x12, 0xf2, 0xff, 0xff, 0x24, 0xbe, 0xfa, 0xfb,
    0x32, 0x83, 0xf3, 0x3f, 0xff, 0xff, 0xff, 0x00, 0xff, 0xff, 0xff, 0x00,
    0xff, 0xff, 0xff, 0x00, 0xff, 0xff, 0xff, 0x00, 0x0d, 0xe8, 0xf4, 0x16,
    0x12, 0xf2, 0xfe, 0xf4, 0x12, 0xf2, 0xff, 0xff, 0x12, 0xf2, 0xff, 0xff,
    0x12, 0xf2, 0xff, 0xff, 0x12, 0xf2, 0xff, 0xff, 0x12, 0xf2, 0xff, 0xff,
    0x12, 0xf2, 0xff, 0xff, 0x12, 0xf2, 0xff, 0xff, 0x12, 0xf2, 0xff, 0xff,
    0x12, 0xf2, 0xff, 0xff, 0x12, 0xf2, 0xff, 0xff, 0x12, 0xf2, 0xff, 0xff,
    0x12, 0xf2, 0xff, 0xff, 0x12, 0xf2, 0xff, 0xff, 0x12, 0xf2, 0xff, 0xff,
    0x12, 0xf2, 0xff, 0xff, 0x12, 0xf2, 0xff, 0xff, 0x12, 0xf2, 0xff, 0xff,
    0x12, 0xf2, 0xff, 0xff, 0x12, 0xf2, 0xff, 0xff, 0x12, 0xf2, 0xff, 0xff,
    0x12, 0xf2, 0xff, 0xff, 0x12, 0xf2, 0xff, 0xff, 0x12, 0xf2, 0xff, 0xff,
    0x12, 0xf2, 0xff, 0xff, 0x12, 0xf2, 0xff, 0xff, 0x12, 0xf2, 0xff, 0xff,
    0x12, 0xf2, 0xff, 0xff, 0x12, 0xf2, 0xff, 0xff, 0x12, 0xf2, 0xff, 0xff,
    0x12, 0xf2, 0xff, 0xff, 0x12, 0xf2, 0xff, 0xff, 0x12, 0xf2, 0xff, 0xff,
    0x12, 0xf2, 0xff, 0xff, 0x12, 0xf2, 0xff, 0xff, 0x12, 0xf2, 0xff, 0xff,
    0x12, 0xf2, 0xff, 0xff, 0x12, 0xf2, 0xff, 0xff, 0x12, 0xf2, 0xff, 0xff,
    0x12, 0xf2, 0xff, 0xff, 0x12, 0xf2, 0xff, 0xff, 0x12, 0xf2, 0xff, 0xff,
    0x12, 0xf2, 0xff, 0xff, 0x12, 0xf2, 0xff, 0xff, 0x12, 0xf2, 0xff, 0xff,
    0x12, 0xf2, 0xff, 0xff, 0x12, 0xf2, 0xff, 0xff, 0x12, 0xf2, 0xff, 0xff,
    0x12, 0xf2, 0xff, 0xff, 0x12, 0xf2, 0xff, 0xff, 0x12, 0xf2, 0xff, 0xff,
    0x12, 0xf2, 0xff, 0xff, 0x12, 0xf2, 0xff, 0xff, 0x12, 0xf2, 0xff, 0xff,
    0x12, 0xf2, 0xff, 0xff, 0x12, 0xf2, 0xff, 0xff, 0x12, 0xf2, 0xff, 0xff,
    0x12, 0xf2, 0xff, 0xff, 0x12, 0xf2, 0xff, 0xff, 0x12, 0xf2, 0xff, 0xff,
    0x12, 0xf2, 0xff, 0xff, 0x12, 0xf2, 0xff, 0xff, 0x12, 0xf2, 0xff, 0xff,
    0x12, 0xf2, 0xff, 0xff, 0x12, 0xf2, 0xff, 0xff, 0x12, 0xf2, 0xff, 0xff,
    0x12, 0xf2, 0xff, 0xff, 0x12, 0xf2, 0xff, 0xff, 0x12, 0xf2, 0xff, 0xff,
    0x12, 0xf2, 0xff, 0xff, 0x12, 0xf2, 0xff, 0xff, 0x12, 0xf2, 0xff, 0xff,
    0x12, 0xf2, 0xff, 0xff, 0x12, 0xf2, 0xff, 0xff, 0x12, 0xf2, 0xff, 0xff,
    0x12, 0xf2, 0xff, 0xff, 0x12, 0xf2, 0xff, 0xff, 0x12, 0xf2, 0xff, 0xff,
    0x12, 0xf2, 0xff, 0xff, 0x12, 0xf2, 0xff, 0xff, 0x12, 0xf2, 0xff, 0xff,
    0x12, 0xf2, 0xff, 0xff, 0x12, 0xf2, 0xff, 0xff, 0x12, 0xf2, 0xff, 0xff,
    0x12, 0xf2, 0xff, 0xff, 0x12, 0xf2, 0xff, 0xff, 0x12, 0xf2, 0xff, 0xff,
    0x12, 0xf2, 0xff, 0xff, 0x12, 0xf2, 0xff, 0xff, 0x12, 0xf2, 0xff, 0xff,
    0x12, 0xf2, 0xff, 0xff, 0x12, 0xf2, 0xff, 0xff, 0x12, 0xf2, 0xff, 0xff,
    0x12, 0xf2, 0xff, 0xff, 0x12, 0xf2, 0xff, 0xff, 0x12, 0xf2, 0xff, 0xff,
    0x12, 0xf2, 0xff, 0xff, 0x12, 0xf2, 0xff, 0xff, 0x12, 0xf2, 0xff, 0xff,
    0x12, 0xf2, 0xff, 0xff, 0x12, 0xf2, 0xff, 0xff, 0x12, 0xf2, 0xff, 0xff,
    0x12, 0xf2, 0xff, 0xff, 0x12, 0xf2, 0xff, 0xff, 0x12, 0xf2, 0xff, 0xff,
    0x12, 0xf2, 0xff, 0xff, 0x12, 0xf2, 0xff, 0xff, 0x12, 0xf2, 0xff, 0xff,
    0x12, 0xf2, 0xff, 0xff, 0x12, 0xf2, 0xff, 0xff, 0x12, 0xf2, 0xff, 0xff,
    0x12, 0xf2, 0xff, 0xff, 0x12, 0xf2, 0xff, 0xff, 0x12, 0xf2, 0xff, 0xff,
    0x12, 0xf2, 0xff, 0xff, 0x12, 0xf2, 0xff, 0xff, 0x12, 0xf2, 0xff, 0xff,
    0x12, 0xf2, 0xff, 0xff, 0x12, 0xf2, 0xff, 0xff, 0x12, 0xf2, 0xff, 0xff,
    0x12, 0xf2, 0xff, 0xff, 0x12, 0xf2, 0xff, 0xff, 0x12, 0xf2, 0xff, 0xff,
    0x12, 0xf2, 0xff, 0xff, 0x12, 0xf2, 0xff, 0xff, 0x12, 0xf2, 0xff, 0xff,
    0x12, 0xf2, 0xff, 0xff, 0x12, 0xf2, 0xff, 0xff, 0x12, 0xf2, 0xff, 0xff,
    0x12, 0xf2, 0xff, 0xff, 0x12, 0xf2, 0xff, 0xff, 0x12, 0xf2, 0xff, 0xff,
    0x13, 0xef, 0xff, 0xff, 0x30, 0x93, 0xf6, 0xf1, 0x2e, 0x80, 0xf1, 0x22,
    0xff, 0xff, 0xff, 0x00, 0xff, 0xff, 0xff, 0x00, 0xff, 0xff, 0xff, 0x00,
    0x11, 0xf1, 0xfd, 0x7f, 0x12, 0xf2, 0xff, 0xff, 0x12, 0xf2, 0xff, 0xff,
    0x12, 0xf2, 0xff, 0xff, 0x12, 0xf2, 0xff, 0xff, 0x12, 0xf2, 0xff, 0xff,
    0x12, 0xf2, 0xff, 0xff, 0x12, 0xf2, 0xff, 0xff, 0x12, 0xf2, 0xff, 0xff,
    0x12, 0xf2, 0xff, 0xff, 0x12, 0xf2, 0xff, 0xff, 0x12, 0xf2, 0xff, 0xff,
    0x12, 0xf2, 0xff, 0xff, 0x12, 0xf2, 0xff, 0xff, 0x12, 0xf2, 0xff, 0xff,
    0x12, 0xf2, 0xff, 0xff, 0x12, 0xf2, 0xff, 0xff, 0x12, 0xf2, 0xff, 0xff,
    0x12, 0xf2, 0xff, 0xff, 0x12, 0xf2, 0xff, 0xff, 0x12, 0xf2, 0xff, 0xff,
    0x12, 0xf2, 0xff, 0xff, 0x12, 0xf2, 0xff, 0xff, 0x12, 0xf2, 0xff, 0xff,
    0x12, 0xf2, 0xff, 0xff, 0x12, 0xf2, 0xff, 0xff, 0x12, 0xf2, 0xff, 0xff,
    0x12, 0xf2, 0xff, 0xff, 0x12, 0xf2, 0xff, 0xff, 0x12, 0xf2, 0xff, 0xff,
    0x12, 0xf2, 0xff, 0xff, 0x12, 0xf2, 0xff, 0xff, 0x12, 0xf2, 0xff, 0xff,
    0x12, 0xf2, 0xff, 0xff, 0x12, 0xf2, 0xff, 0xff, 0x12, 0xf2, 0xff, 0xff,
    0x12, 0xf2, 0xff, 0xff, 0x12, 0xf2, 0xff, 0xff, 0x12, 0xf2, 0xff, 0xff,
    0x12, 0xf2, 0xff, 0xff, 0x12, 0xf2, 0xff, 0xff, 0x12, 0xf2, 0xff, 0xff,
    0x12, 0xf2, 0xff, 0xff, 0x12, 0xf2, 0xff, 0xff, 0x12, 0xf2, 0xff, 0xff,
    0x12, 0xf2, 0xff, 0xff, 0x12, 0xf2, 0xff, 0xff, 0x12, 0xf2, 0xff, 0xff,
    0x12, 0xf2, 0xff, 0xff, 0x12, 0xf2, 0xff, 0xff, 0x12, 0xf2, 0xff, 0xff,
    0x12, 0xf2, 0xff, 0xff, 0x12, 0xf2, 0xff, 0xff, 0x12, 0xf2, 0xff, 0xff,
    0x12, 0xf2, 0xff, 0xff, 0x12, 0xf2, 0xff, 0xff, 0x12, 0xf2, 0xff, 0xff,
    0x12, 0xf2, 0xff, 0xff, 0x12, 0xf2, 0xff, 0xff, 0x12, 0xf2, 0xff, 0xff,
    0x12, 0xf2, 0xff, 0xff, 0x12, 0xf2, 0xff, 0xff, 0x12, 0xf2, 0xff, 0xff,
    0x12, 0xf2, 0xff, 0xff, 0x12, 0xf2, 0xff, 0xff, 0x12, 0xf2, 0xff, 0xff,
    0x12, 0xf2, 0xff, 0xff, 0x12, 0xf2, 0xff, 0xff, 0x12, 0xf2, 0xff, 0xff,
    0x12, 0xf2, 0xff, 0xff, 0x12, 0xf2, 0xff, 0xff, 0x12, 0xf2, 0xff, 0xff,
    0x12, 0xf2, 0xff, 0xff, 0x12, 0xf2, 0xff, 0xff, 0x12, 0xf2, 0xff, 0xff,
    0x12, 0xf2, 0xff, 0xff, 0x12, 0xf2, 0xff, 0xff, 0x12, 0xf2, 0xff, 0xff,
    0x12, 0xf2, 0xff, 0xff, 0x12, 0xf2, 0xff, 0xff, 0x12, 0xf2, 0xff, 0xff,
    0x12, 0xf2, 0xff, 0xff, 0x12, 0xf2, 0xff, 0xff, 0x12, 0xf2, 0xff, 0xff,
    0x12, 0xf2, 0xff, 0xff, 0x12, 0xf2, 0xff, 0xff, 0x12, 0xf2, 0xff, 0xff,
    0x12, 0xf2, 0xff, 0xff, 0x12, 0xf2, 0xff, 0xff, 0x12, 0xf2, 0xff, 0xff,
    0x12, 0xf2, 0xff, 0xff, 0x12, 0xf2, 0xff, 0xff, 0x12, 0xf2, 0xff, 0xff,
    0x12, 0xf2, 0xff, 0xff, 0x12, 0xf2, 0xff, 0xff, 0x12, 0xf2, 0xff, 0xff,
    0x12, 0xf2, 0xff, 0xff, 0x12, 0xf2, 0xff, 0xff, 0x12, 0xf2, 0xff, 0xff,
    0x12, 0xf2, 0xff, 0xff, 0x12, 0xf2, 0xff, 0xff, 0x12, 0xf2, 0xff, 0xff,
    0x12, 0xf2, 0xff, 0xff, 0x12, 0xf2, 0xff, 0xff, 0x12, 0xf2, 0xff, 0xff,
    0x12, 0xf2, 0xff, 0xff, 0x12, 0xf2, 0xff, 0xff, 0x12, 0xf2, 0xff, 0xff,
    0x12, 0xf2, 0xff, 0xff, 0x12, 0xf2, 0xff, 0xff, 0x12, 0xf2, 0xff, 0xff,
    0x12, 0xf2, 0xff, 0xff, 0x12, 0xf2, 0xff, 0xff, 0x12, 0xf2, 0xff, 0xff,
    0x12, 0xf2, 0xff, 0xff, 0x12, 0xf2, 0xff, 0xff, 0x12, 0xf2, 0xff, 0xff,
    0x12, 0xf2, 0xff, 0xff, 0x12, 0xf2, 0xff, 0xff, 0x12, 0xf2, 0xff, 0xff,
    0x12, 0xf2, 0xff, 0xff, 0x12, 0xf2, 0xff, 0xff, 0x12, 0xf2, 0xff, 0xff,
    0x12, 0xf2, 0xff, 0xff, 0x12, 0xf2, 0xff, 0xff, 0x12, 0xf2, 0xff, 0xff,
    0x12, 0xf2, 0xff, 0xff, 0x12, 0xf2, 0xff, 0xff, 0x12, 0xf2, 0xff, 0xff,
    0x12, 0xf2, 0xff, 0xff, 0x12, 0xf2, 0xff, 0xff, 0x12, 0xf2, 0xff, 0xff,
    0x12, 0xf2, 0xff, 0xff, 0x12, 0xf2, 0xff, 0xff, 0x21, 0xc0, 0xfb, 0xff,
    0x34, 0x86, 0xf5, 0xc3, 0x01, 0x01, 0x01, 0x01, 0xff, 0xff, 0xff, 0x00,
    0xff, 0xff, 0xff, 0x00, 0x12, 0xf1, 0xfe, 0xd9, 0x12, 0xf2, 0xff, 0xff,
    0x12, 0xf2, 0xff, 0xff, 0x12, 0xf2, 0xff, 0xff, 0x12, 0xf2, 0xff, 0xff,
    0x12, 0xf2, 0xff, 0xff, 0x12, 0xf2, 0xff, 0xff, 0x12, 0xf2, 0xff, 0xff,
    0x12, 0xf2, 0xff, 0xff, 0x12, 0xf2, 0xff, 0xff, 0x12, 0xf2, 0xff, 0xff,
    0x12, 0xf2, 0xff, 0xff, 0x12, 0xf2, 0xff, 0xff, 0x12, 0xf2, 0xff, 0xff,
    0x12, 0xf2, 0xff, 0xff, 0x12, 0xf2, 0xff, 0xff, 0x12, 0xf2, 0xff, 0xff,
    0x12, 0xf2, 0xff, 0xff, 0x12, 0xf2, 0xff, 0xff, 0x12, 0xf2, 0xff, 0xff,
    0x12, 0xf2, 0xff, 0xff, 0x12, 0xf2, 0xff, 0xff, 0x12, 0xf2, 0xff, 0xff,
    0x12, 0xf2, 0xff, 0xff, 0x12, 0xf2, 0xff, 0xff, 0x12, 0xf2, 0xff, 0xff,
    0x12, 0xf2, 0xff, 0xff, 0x12, 0xf2, 0xff, 0xff, 0x12, 0xf2, 0xff, 0xff,
    0x12, 0xf2, 0xff, 0xff, 0x12, 0xf2, 0xff, 0xff, 0x12, 0xf2, 0xff, 0xff,
    0x12, 0xf2, 0xff, 0xff, 0x12, 0xf2, 0xff, 0xff, 0x12, 0xf2, 0xff, 0xff,
    0x12, 0xf2, 0xff, 0xff, 0x12, 0xf2, 0xff, 0xff, 0x12, 0xf2, 0xff, 0xff,
    0x12, 0xf2, 0xff, 0xff, 0x12, 0xf2, 0xff, 0xff, 0x12, 0xf2, 0xff, 0xff,
    0x12, 0xf2, 0xff, 0xff, 0x12, 0xf2, 0xff, 0xff, 0x12, 0xf2, 0xff, 0xff,
    0x12, 0xf2, 0xff, 0xff, 0x12, 0xf2, 0xff, 0xff, 0x12, 0xf2, 0xff, 0xff,
    0x12, 0xf2, 0xff, 0xff, 0x12, 0xf2, 0xff, 0xff, 0x12, 0xf2, 0xff, 0xff,
    0x12, 0xf2, 0xff, 0xff, 0x12, 0xf2, 0xff, 0xff, 0x12, 0xf2, 0xff, 0xff,
    0x12, 0xf2, 0xff, 0xff, 0x12, 0xf2, 0xff, 0xff, 0x12, 0xf2, 0xff, 0xff,
    0x12, 0xf2, 0xff, 0xff, 0x12, 0xf2, 0xff, 0xff, 0x12, 0xf2, 0xff, 0xff,
    0x12, 0xf2, 0xff, 0xff, 0x12, 0xf2, 0xff, 0xff, 0x12, 0xf2, 0xff, 0xff,
    0x12, 0xf2, 0xff, 0xff, 0x12, 0xf2, 0xff, 0xff, 0x12, 0xf2, 0xff, 0xff,
    0x12, 0xf2, 0xff, 0xff, 0x12, 0xf2, 0xff, 0xff, 0x12, 0xf2, 0xff, 0xff,
    0x12, 0xf2, 0xff, 0xff, 0x12, 0xf2, 0xff, 0xff, 0x12, 0xf2, 0xff, 0xff,
    0x12, 0xf2, 0xff, 0xff, 0x12, 0xf2, 0xff, 0xff, 0x12, 0xf2, 0xff, 0xff,
    0x12, 0xf2, 0xff, 0xff, 0x12, 0xf2, 0xff, 0xff, 0x12, 0xf2, 0xff, 0xff,
    0x12, 0xf2, 0xff, 0xff, 0x12, 0xf2, 0xff, 0xff, 0x12, 0xf2, 0xff, 0xff,
    0x12, 0xf2, 0xff, 0xff, 0x12, 0xf2, 0xff, 0xff, 0x12, 0xf2, 0xff, 0xff,
    0x12, 0xf2, 0xff, 0xff, 0x12, 0xf2, 0xff, 0xff, 0x12, 0xf2, 0xff, 0xff,
    0x12, 0xf2, 0xff, 0xff, 0x12, 0xf2, 0xff, 0xff, 0x12, 0xf2, 0xff, 0xff,
    0x12, 0xf2, 0xff, 0xff, 0x12, 0xf2, 0xff, 0xff, 0x12, 0xf2, 0xff, 0xff,
    0x12, 0xf2, 0xff, 0xff, 0x12, 0xf2, 0xff, 0xff, 0x12, 0xf2, 0xff, 0xff,
    0x12, 0xf2, 0xff, 0xff, 0x12, 0xf2, 0xff, 0xff, 0x12, 0xf2, 0xff, 0xff,
    0x12, 0xf2, 0xff, 0xff, 0x12, 0xf2, 0xff, 0xff, 0x12, 0xf2, 0xff, 0xff,
    0x12, 0xf2, 0xff, 0xff, 0x12, 0xf2, 0xff, 0xff, 0x12, 0xf2, 0xff, 0xff,
    0x12, 0xf2, 0xff, 0xff, 0x12, 0xf2, 0xff, 0xff, 0x12, 0xf2, 0xff, 0xff,
    0x12, 0xf2, 0xff, 0xff, 0x12, 0xf2, 0xff, 0xff, 0x12, 0xf2, 0xff, 0xff,
    0x12, 0xf2, 0xff, 0xff, 0x12, 0xf2, 0xff, 0xff, 0x12, 0xf2, 0xff, 0xff,
    0x12, 0xf2, 0xff, 0xff, 0x12, 0xf2, 0xff, 0xff, 0x12, 0xf2, 0xff, 0xff,
    0x12, 0xf2, 0xff, 0xff, 0x12, 0xf2, 0xff, 0xff, 0x12, 0xf2, 0xff, 0xff,
    0x12, 0xf2, 0xff, 0xff, 0x12, 0xf2, 0xff, 0xff, 0x12, 0xf2, 0xff, 0xff,
    0x12, 0xf2, 0xff, 0xff, 0x12, 0xf2, 0xff, 0xff, 0x12, 0xf2, 0xff, 0xff,
    0x12, 0xf2, 0xff, 0xff, 0x12, 0xf2, 0xff, 0xff, 0x12, 0xf2, 0xff, 0xff,
    0x12, 0xf2, 0xff, 0xff, 0x12, 0xf2, 0xff, 0xff, 0x12, 0xf2, 0xff, 0xff,
    0x12, 0xf2, 0xff, 0xff, 0x12, 0xf2, 0xff, 0xff, 0x12, 0xf2, 0xff, 0xff,
    0x15, 0xe6, 0xfe, 0xff, 0x34, 0x86, 0xf5, 0xff, 0x32, 0x85, 0xf3, 0x53,
    0xff, 0xff, 0xff, 0x00, 0x0b, 0xed, 0xf6, 0x1c, 0x12, 0xf2, 0xff, 0xff,
    0x12, 0xf2, 0xff, 0xff, 0x12, 0xf2, 0xff, 0xff, 0x12, 0xf2, 0xff, 0xff,
    0x12, 0xf2, 0xff, 0xff, 0x12, 0xf2, 0xff, 0xff, 0x12, 0xf2, 0xff, 0xff,
    0x12, 0xf2, 0xff, 0xff, 0x12, 0xf2, 0xff, 0xff, 0x12, 0xf2, 0xff, 0xff,
    0x12, 0xf2, 0xff, 0xff, 0x12, 0xf2, 0xff, 0xff, 0x12, 0xf2, 0xff, 0xff,
    0x12, 0xf2, 0xff, 0xff, 0x12, 0xf2, 0xff, 0xff, 0x12, 0xf2, 0xff, 0xff,
    0x12, 0xf2, 0xff, 0xff, 0x12, 0xf2, 0xff, 0xff, 0x12, 0xf2, 0xff, 0xff,
    0x12, 0xf2, 0xff, 0xff, 0x12, 0xf2, 0xff, 0xff, 0x12, 0xf2, 0xff, 0xff,
    0x12, 0xf2, 0xff, 0xff, 0x12, 0xf2, 0xff, 0xff, 0x12, 0xf2, 0xff, 0xff,
    0x12, 0xf2, 0xff, 0xff, 0x12, 0xf2, 0xff, 0xff, 0x12, 0xf2, 0xff, 0xff,
    0x12, 0xf2, 0xff, 0xff, 0x12, 0xf2, 0xff, 0xff, 0x12, 0xf2, 0xff, 0xff,
    0x12, 0xf2, 0xff, 0xff, 0x12, 0xf2, 0xff, 0xff, 0x12, 0xf2, 0xff, 0xff,
    0x12, 0xf2, 0xff, 0xff, 0x12, 0xf2, 0xff, 0xff, 0x12, 0xf2, 0xff, 0xff,
    0x12, 0xf2, 0xff, 0xff, 0x12, 0xf2, 0xff, 0xff, 0x12, 0xf2, 0xff, 0xff,
    0x12, 0xf2, 0xff, 0xff, 0x12, 0xf2, 0xff, 0xff, 0x12, 0xf2, 0xff, 0xff,
    0x12, 0xf2, 0xff, 0xff, 0x12, 0xf2, 0xff, 0xff, 0x12, 0xf2, 0xff, 0xff,
    0x12, 0xf2, 0xff, 0xff, 0x12, 0xf2, 0xff, 0xff, 0x12, 0xf2, 0xff, 0xff,
    0x12, 0xf2, 0xff, 0xff, 0x12, 0xf2, 0xff, 0xff, 0x12, 0xf2, 0xff, 0xff,
    0x12, 0xf2, 0xff, 0xff, 0x12, 0xf2, 0xff, 0xff, 0x12, 0xf2, 0xff, 0xff,
    0x12, 0xf2, 0xff, 0xff, 0x12, 0xf2, 0xff, 0xff, 0x12, 0xf2, 0xff, 0xff,
    0x12, 0xf2, 0xff, 0xff, 0x12, 0xf2, 0xff, 0xff, 0x12, 0xf2, 0xff, 0xff,
    0x12, 0xf2, 0xff, 0xff, 0x12, 0xf2, 0xff, 0xff, 0x12, 0xf2, 0xff, 0xff,
    0x12, 0xf2, 0xff, 0xff, 0x12, 0xf2, 0xff, 0xff, 0x12, 0xf2, 0xff, 0xff,
    0x12, 0xf2, 0xff, 0xff, 0x12, 0xf2, 0xff, 0xff, 0x12, 0xf2, 0xff, 0xff,
    0x12, 0xf2, 0xff, 0xff, 0x12, 0xf2, 0xff, 0xff, 0x12, 0xf2, 0xff, 0xff,
    0x12, 0xf2, 0xff, 0xff, 0x12, 0xf2, 0xff, 0xff, 0x12, 0xf2, 0xff, 0xff,
    0x12, 0xf2, 0xff, 0xff, 0x12, 0xf2, 0xff, 0xff, 0x12, 0xf2, 0xff, 0xff,
    0x12, 0xf2, 0xff, 0xff, 0x12, 0xf2, 0xff, 0xff, 0x12, 0xf2, 0xff, 0xff,
    0x12, 0xf2, 0xff, 0xff, 0x12, 0xf2, 0xff, 0xff, 0x12, 0xf2, 0xff, 0xff,
    0x12, 0xf2, 0xff, 0xff, 0x12, 0xf2, 0xff, 0xff, 0x12, 0xf2, 0xff, 0xff,
    0x12, 0xf2, 0xff, 0xff, 0x12, 0xf2, 0xff, 0xff, 0x12, 0xf2, 0xff, 0xff,
    0x12, 0xf2, 0xff, 0xff, 0x12, 0xf2, 0xff, 0xff, 0x12, 0xf2, 0xff, 0xff,
    0x12, 0xf2, 0xff, 0xff, 0x12, 0xf2, 0xff, 0xff, 0x12, 0xf2, 0xff, 0xff,
    0x12, 0xf2, 0xff, 0xff, 0x12, 0xf2, 0xff, 0xff, 0x12, 0xf2, 0xff, 0xff,
    0x12, 0xf2, 0xff, 0xff, 0x12, 0xf2, 0xff, 0xff, 0x12, 0xf2, 0xff, 0xff,
    0x12, 0xf2, 0xff, 0xff, 0x12, 0xf2, 0xff, 0xff, 0x12, 0xf2, 0xff, 0xff,
    0x12, 0xf2, 0xff, 0xff, 0x12, 0xf2, 0xff, 0xff, 0x12, 0xf2, 0xff, 0xff,
    0x12, 0xf2, 0xff, 0xff, 0x12, 0xf2, 0xff, 0xff, 0x12, 0xf2, 0xff, 0xff,
    0x12, 0xf2, 0xff, 0xff, 0x12, 0xf2, 0xff, 0xff, 0x12, 0xf2, 0xff, 0xff,
    0x12, 0xf2, 0xff, 0xff, 0x12, 0xf2, 0xff, 0xff, 0x12, 0xf2, 0xff, 0xff,
    0x12, 0xf2, 0xff, 0xff, 0x12, 0xf2, 0xff, 0xff, 0x12, 0xf2, 0xff, 0xff,
    0x12, 0xf2, 0xff, 0xff, 0x12, 0xf2, 0xff, 0xff, 0x12, 0xf2, 0xff, 0xff,
    0x12, 0xf2, 0xff, 0xff, 0x12, 0xf2, 0xff, 0xff, 0x12, 0xf2, 0xff, 0xff,
    0x12, 0xf2, 0xff, 0xff, 0x12, 0xf2, 0xff, 0xff, 0x12, 0xf2, 0xff, 0xff,
    0x12, 0xf2, 0xff, 0xff, 0x12, 0xf2, 0xff, 0xff, 0x12, 0xf2, 0xff, 0xff,
    0x12, 0xf2, 0xff, 0xff, 0x12, 0xf2, 0xff, 0xff, 0x2f, 0x96, 0xf7, 0xff,
    0x34, 0x86, 0xf5, 0xc4, 0xff, 0xff, 0xff, 0x00, 0x10, 0xf1, 0xfc, 0x48,
    0x12, 0xf2, 0xff, 0xff, 0x12, 0xf2, 0xff, 0xff, 0x12, 0xf2, 0xff, 0xff,
    0x12, 0xf2, 0xff, 0xff, 0x12, 0xf2, 0xff, 0xff, 0x12, 0xf2, 0xff, 0xff,
    0x12, 0xf2, 0xff, 0xff, 0x12, 0xf2, 0xff, 0xff, 0x12, 0xf2, 0xff, 0xff,
    0x12, 0xf2, 0xff, 0xff, 0x12, 0xf2, 0xff, 0xff, 0x12, 0xf2, 0xff, 0xff,
    0x12, 0xf2, 0xff, 0xff, 0x12, 0xf2, 0xff, 0xff, 0x12, 0xf2, 0xff, 0xff,
    0x12, 0xf2, 0xff, 0xff, 0x12, 0xf2, 0xff, 0xff, 0x12, 0xf2, 0xff, 0xff,
    0x12, 0xf2, 0xff, 0xff, 0x12, 0xf2, 0xff, 0xff, 0x12, 0xf2, 0xff, 0xff,
    0x12, 0xf2, 0xff, 0xff, 0x12, 0xf2, 0xff, 0xff, 0x12, 0xf2, 0xff, 0xff,
    0x12, 0xf2, 0xff, 0xff, 0x12, 0xf2, 0xff, 0xff, 0x12, 0xf2, 0xff, 0xff,
    0x12, 0xf2, 0xff, 0xff, 0x12, 0xf2, 0xff, 0xff, 0x12, 0xf2, 0xff, 0xff,
    0x12, 0xf2, 0xff, 0xff, 0x12, 0xf2, 0xff, 0xff, 0x12, 0xf2, 0xff, 0xff,
    0x12, 0xf2, 0xff, 0xff, 0x12, 0xf2, 0xff, 0xff, 0x12, 0xf2, 0xff, 0xff,
    0x12, 0xf2, 0xff, 0xff, 0x12, 0xf2, 0xff, 0xff, 0x12, 0xf2, 0xff, 0xff,
    0x12, 0xf2, 0xff, 0xff, 0x12, 0xf2, 0xff, 0xff, 0x12, 0xf2, 0xff, 0xff,
    0x12, 0xf2, 0xff, 0xff, 0x12, 0xf2, 0xff, 0xff, 0x12, 0xf2, 0xff, 0xff,
    0x12, 0xf2, 0xff, 0xff, 0x12, 0xf2, 0xff, 0xff, 0x12, 0xf2, 0xff, 0xff,
    0x12, 0xf2, 0xff, 0xff, 0x12, 0xf2, 0xff, 0xff, 0x12, 0xf2, 0xff, 0xff,
    0x12, 0xf2, 0xff, 0xff, 0x12, 0xf2, 0xff, 0xff, 0x12, 0xf2, 0xff, 0xff,
    0x12, 0xf2, 0xff, 0xff, 0x12, 0xf2, 0xff, 0xff, 0x12, 0xf2, 0xff, 0xff,
    0x12, 0xf2, 0xff, 0xff, 0x12, 0xf2, 0xff, 0xff, 0x12, 0xf2, 0xff, 0xff,
    0x12, 0xf2, 0xff, 0xff, 0x12, 0xf2, 0xff, 0xff, 0x12, 0xf2, 0xff, 0xff,
    0x12, 0xf2, 0xff, 0xff, 0x12, 0xf2, 0xff, 0xff, 0x12, 0xf2, 0xff, 0xff,
    0x12, 0xf2, 0xff, 0xff, 0x12, 0xf2, 0xff, 0xff, 0x12, 0xf2, 0xff, 0xff,
    0x12, 0xf2, 0xff, 0xff, 0x12, 0xf2, 0xff, 0xff, 0x12, 0xf2, 0xff, 0xff,
    0x12, 0xf2, 0xff, 0xff, 0x12, 0xf2, 0xff, 0xff, 0x12, 0xf2, 0xff, 0xff,
    0x12, 0xf2, 0xff, 0xff, 0x12, 0xf2, 0xff, 0xff, 0x12, 0xf2, 0xff, 0xff,
    0x12, 0xf2, 0xff, 0xff, 0x12, 0xf2, 0xff, 0xff, 0x12, 0xf2, 0xff, 0xff,
    0x12, 0xf2, 0xff, 0xff, 0x12, 0xf2, 0xff, 0xff, 0x12, 0xf2, 0xff, 0xff,
    0x12, 0xf2, 0xff, 0xff, 0x12, 0xf2, 0xff, 0xff, 0x12, 0xf2, 0xff, 0xff,
    0x12, 0xf2, 0xff, 0xff, 0x12, 0xf2, 0xff, 0xff, 0x12, 0xf2, 0xff, 0xff,
    0x12, 0xf2, 0xff, 0xff, 0x12, 0xf2, 0xff, 0xff, 0x12, 0xf2, 0xff, 0xff,
    0x12, 0xf2, 0xff, 0xff, 0x12, 0xf2, 0xff, 0xff, 0x12, 0xf2, 0xff, 0xff,
    0x12, 0xf2, 0xff, 0xff, 0x12, 0xf2, 0xff, 0xff, 0x12, 0xf2, 0xff, 0xff,
    0x12, 0xf2, 0xff, 0xff, 0x12, 0xf2, 0xff, 0xff, 0x12, 0xf2, 0xff, 0xff,
    0x12, 0xf2, 0xff, 0xff, 0x12, 0xf2, 0xff, 0xff, 0x12, 0xf2, 0xff, 0xff,
    0x12, 0xf2, 0xff, 0xff, 0x12, 0xf2, 0xff, 0xff, 0x12, 0xf2, 0xff, 0xff,
    0x12, 0xf2, 0xff, 0xff, 0x12, 0xf2, 0xff, 0xff, 0x12, 0xf2, 0xff, 0xff,
    0x12, 0xf2, 0xff, 0xff, 0x12, 0xf2, 0xff, 0xff, 0x12, 0xf2, 0xff, 0xff,
    0x12, 0xf2, 0xff, 0xff, 0x12, 0xf2, 0xff, 0xff, 0x12, 0xf2, 0xff, 0xff,
    0x12, 0xf2, 0xff, 0xff, 0x12, 0xf2, 0xff, 0xff, 0x12, 0xf2, 0xff, 0xff,
    0x12, 0xf2, 0xff, 0xff, 0x12, 0xf2, 0xff, 0xff, 0x12, 0xf2, 0xff, 0xff,
    0x12, 0xf2, 0xff, 0xff, 0x12, 0xf2, 0xff, 0xff, 0x12, 0xf2, 0xff, 0xff,
    0x12, 0xf2, 0xff, 0xff, 0x12, 0xf2, 0xff, 0xff, 0x12, 0xf2, 0xff, 0xff,
    0x12, 0xf2, 0xff, 0xff, 0x12, 0xf2, 0xff, 0xff, 0x12, 0xf2, 0xff, 0xff,
    0x12, 0xf2, 0xff, 0xff, 0x12, 0xf2, 0xff, 0xff, 0x12, 0xf2, 0xff, 0xff,
    0x29, 0xa8, 0xf9, 0xff, 0x34, 0x86, 0xf5, 0xfe, 0x2d, 0x85, 0xee, 0x1d,
    0x12, 0xf2, 0xfd, 0x5d, 0x12, 0xf2, 0xff, 0xff, 0x12, 0xf2, 0xff, 0xff,
    0x12, 0xf2, 0xff, 0xff, 0x12, 0xf2, 0xff, 0xff, 0x12, 0xf2, 0xff, 0xff,
    0x12, 0xf2, 0xff, 0xff, 0x12, 0xf2, 0xff, 0xff, 0x12, 0xf2, 0xff, 0xff,
    0x12, 0xf2, 0xff, 0xff, 0x12, 0xf2, 0xff, 0xff, 0x12, 0xf2, 0xff, 0xff,
    0x12, 0xf2, 0xff, 0xff, 0x12, 0xf2, 0xff, 0xff, 0x12, 0xf2, 0xff, 0xff,
    0x12, 0xf2, 0xff, 0xff, 0x12, 0xf2, 0xff, 0xff, 0x12, 0xf2, 0xff, 0xff,
    0x12, 0xf2, 0xff, 0xff, 0x12, 0xf2, 0xff, 0xff, 0x12, 0xf2, 0xff, 0xff,
    0x12, 0xf2, 0xff, 0xff, 0x12, 0xf2, 0xff, 0xff, 0x23, 0x98, 0xf7, 0xff,
    0x23, 0x98, 0xf7, 0xff, 0x23, 0x98, 0xf7, 0xff, 0x23, 0x98, 0xf7, 0xff,
    0x23, 0x98, 0xf7, 0xff, 0x23, 0x98, 0xf7, 0xff, 0x23, 0x98, 0xf7, 0xff,
    0x23, 0x98, 0xf7, 0xff, 0x23, 0x98, 0xf7, 0xff, 0x23, 0x98, 0xf7, 0xff,
    0x23, 0x98, 0xf7, 0xff, 0x23, 0x98, 0xf7, 0xff, 0x23, 0x98, 0xf7, 0xff,
    0x23, 0x98, 0xf7, 0xff, 0x12, 0xf1, 0xff, 0xff, 0x12, 0xf2, 0xff, 0xff,
    0x12, 0xf2, 0xff, 0xff, 0x12, 0xf2, 0xff, 0xff, 0x12, 0xf2, 0xff, 0xff,
    0x12, 0xf2, 0xff, 0xff, 0x12, 0xf2, 0xff, 0xff, 0x12, 0xf2, 0xff, 0xff,
    0x12, 0xf2, 0xff, 0xff, 0x12, 0xf2, 0xff, 0xff, 0x12, 0xf2, 0xff, 0xff,
    0x12, 0xf2, 0xff, 0xff, 0x12, 0xf2, 0xff, 0xff, 0x12, 0xf2, 0xff, 0xff,
    0x12, 0xf2, 0xff, 0xff, 0x12, 0xf2, 0xff, 0xff, 0x12, 0xf2, 0xff, 0xff,
    0x12, 0xf2, 0xff, 0xff, 0x12, 0xf2, 0xff, 0xff, 0x12, 0xf2, 0xff, 0xff,
    0x12, 0xf2, 0xff, 0xff, 0x12, 0xf2, 0xff, 0xff, 0x12, 0xf2, 0xff, 0xff,
    0x12, 0xf2, 0xff, 0xff, 0x12, 0xf2, 0xff, 0xff, 0x12, 0xf2, 0xff, 0xff,
    0x12, 0xf2, 0xff, 0xff, 0x12, 0xf2, 0xff, 0xff, 0x12, 0xf2, 0xff, 0xff,
    0x12, 0xf2, 0xff, 0xff, 0x12, 0xf2, 0xff, 0xff, 0x12, 0xf2, 0xff, 0xff,
    0x12, 0xf2, 0xff, 0xff, 0x12, 0xf2, 0xff, 0xff, 0x12, 0xf2, 0xff, 0xff,
    0x12, 0xf2, 0xff, 0xff, 0x12, 0xf2, 0xff, 0xff, 0x12, 0xf2, 0xff, 0xff,
    0x12, 0xf2, 0xff, 0xff, 0x12, 0xf2, 0xff, 0xff, 0x12, 0xf2, 0xff, 0xff,
    0x12, 0xf2, 0xff, 0xff, 0x12, 0xf2, 0xff, 0xff, 0x12, 0xf2, 0xff, 0xff,
    0x12, 0xf2, 0xff, 0xff, 0x12, 0xf2, 0xff, 0xff, 0x12, 0xf2, 0xff, 0xff,
    0x12, 0xf2, 0xff, 0xff, 0x12, 0xf2, 0xff, 0xff, 0x12, 0xf2, 0xff, 0xff,
    0x12, 0xf2, 0xff, 0xff, 0x12, 0xf2, 0xff, 0xff, 0x12, 0xf2, 0xff, 0xff,
    0x12, 0xf2, 0xff, 0xff, 0x12, 0xf2, 0xff, 0xff, 0x12, 0xf2, 0xff, 0xff,
    0x12, 0xf2, 0xff, 0xff, 0x12, 0xf2, 0xff, 0xff, 0x12, 0xf2, 0xff, 0xff,
    0x12, 0xf2, 0xff, 0xff, 0x12, 0xf2, 0xff, 0xff, 0x12, 0xf2, 0xff, 0xff,
    0x12, 0xf2, 0xff, 0xff, 0x12, 0xf2, 0xff, 0xff, 0x12, 0xf2, 0xff, 0xff,
    0x12, 0xf2, 0xff, 0xff, 0x1f, 0xab, 0xf9, 0xff, 0x23, 0x98, 0xf7, 0xff,
    0x1c, 0xbb, 0xfa, 0xff, 0x12, 0xf2, 0xff, 0xff, 0x12, 0xf2, 0xff, 0xff,
    0x12, 0xf2, 0xff, 0xff, 0x19, 0xcc, 0xfc, 0xff, 0x23, 0x98, 0xf7, 0xff,
    0x22, 0x9b, 0xf7, 0xff, 0x12, 0xf2, 0xff, 0xff, 0x12, 0xf2, 0xff, 0xff,
    0x12, 0xf2, 0xff, 0xff, 0x12, 0xf2, 0xff, 0xff, 0x12, 0xf2, 0xff, 0xff,
    0x12, 0xf2, 0xff, 0xff, 0x12, 0xf2, 0xff, 0xff, 0x12, 0xf2, 0xff, 0xff,
    0x12, 0xf2, 0xff, 0xff, 0x12, 0xf2, 0xff, 0xff, 0x12, 0xf2, 0xff, 0xff,
    0x12, 0xf2, 0xff, 0xff, 0x12, 0xf2, 0xff, 0xff, 0x12, 0xf2, 0xff, 0xff,
    0x12, 0xf2, 0xff, 0xff, 0x12, 0xf2, 0xff, 0xff, 0x12, 0xf2, 0xff, 0xff,
    0x12, 0xf2, 0xff, 0xff, 0x12, 0xf2, 0xff, 0xff, 0x12, 0xf2, 0xff, 0xff,
    0x12, 0xf2, 0xff, 0xff, 0x12, 0xf2, 0xff, 0xff, 0x12, 0xf2, 0xff, 0xff,
    0x12, 0xf2, 0xff, 0xff, 0x26, 0xb1, 0xf9, 0xff, 0x34, 0x86, 0xf5, 0xff,
    0x33, 0x86, 0xf4, 0x5c, 0x11, 0xf0, 0xfd, 0x64, 0x12, 0xf2, 0xff, 0xff,
    0x12, 0xf2, 0xff, 0xff, 0x12, 0xf2, 0xff, 0xff, 0x12, 0xf2, 0xff, 0xff,
    0x12, 0xf2, 0xff, 0xff, 0x12, 0xf2, 0xff, 0xff, 0x12, 0xf2, 0xff, 0xff,
    0x12, 0xf2, 0xff, 0xff, 0x12, 0xf2, 0xff, 0xff, 0x12, 0xf2, 0xff, 0xff,
    0x12, 0xf2, 0xff, 0xff, 0x12, 0xf2, 0xff, 0xff, 0x12, 0xf2, 0xff, 0xff,
    0x12, 0xf2, 0xff, 0xff, 0x12, 0xf2, 0xff, 0xff, 0x12, 0xf2, 0xff, 0xff,
    0x12, 0xf2, 0xff, 0xff, 0x12, 0xf2, 0xff, 0xff, 0x12, 0xf2, 0xff, 0xff,
    0x12, 0xf2, 0xff, 0xff, 0x12, 0xf2, 0xff, 0xff, 0x12, 0xf1, 0xff, 0xff,
    0x37, 0x32, 0xed, 0xff, 0x37, 0x32, 0xed, 0xff, 0x37, 0x32, 0xed, 0xff,
    0x37, 0x32, 0xed, 0xff, 0x37, 0x32, 0xed, 0xff, 0x37, 0x32, 0xed, 0xff,
    0x37, 0x32, 0xed, 0xff, 0x37, 0x32, 0xed, 0xff, 0x37, 0x32, 0xed, 0xff,
    0x37, 0x32, 0xed, 0xff, 0x37, 0x32, 0xed, 0xff, 0x37, 0x32, 0xed, 0xff,
    0x37, 0x32, 0xed, 0xff, 0x37, 0x32, 0xed, 0xff, 0x12, 0xef, 0xff, 0xff,
    0x12, 0xf2, 0xff, 0xff, 0x12, 0xf2, 0xff, 0xff, 0x12, 0xf2, 0xff, 0xff,
    0x12, 0xf2, 0xff, 0xff, 0x12, 0xf2, 0xff, 0xff, 0x12, 0xf2, 0xff, 0xff,
    0x12, 0xf2, 0xff, 0xff, 0x12, 0xf2, 0xff, 0xff, 0x12, 0xf2, 0xff, 0xff,
    0x12, 0xf2, 0xff, 0xff, 0x12, 0xf2, 0xff, 0xff, 0x12, 0xf2, 0xff, 0xff,
    0x12, 0xf2, 0xff, 0xff, 0x12, 0xf2, 0xff, 0xff, 0x12, 0xf2, 0xff, 0xff,
    0x12, 0xf2, 0xff, 0xff, 0x12, 0xf2, 0xff, 0xff, 0x12, 0xf2, 0xff, 0xff,
    0x12, 0xf2, 0xff, 0xff, 0x18, 0xd3, 0xfd, 0xff, 0x2c, 0x69, 0xf3, 0xff,
    0x12, 0xf2, 0xff, 0xff, 0x12, 0xf2, 0xff, 0xff, 0x12, 0xf2, 0xff, 0xff,
    0x12, 0xf2, 0xff, 0xff, 0x12, 0xf2, 0xff, 0xff, 0x12, 0xf2, 0xff, 0xff,
    0x12, 0xf2, 0xff, 0xff, 0x12, 0xf2, 0xff, 0xff, 0x12, 0xf2, 0xff, 0xff,
    0x12, 0xf2, 0xff, 0xff, 0x12, 0xf2, 0xff, 0xff, 0x12, 0xf2, 0xff, 0xff,
    0x12, 0xf2, 0xff, 0xff, 0x12, 0xf2, 0xff, 0xff, 0x12, 0xf2, 0xff, 0xff,
    0x12, 0xf2, 0xff, 0xff, 0x12, 0xf2, 0xff, 0xff, 0x12, 0xf2, 0xff, 0xff,
    0x12, 0xf2, 0xff, 0xff, 0x12, 0xf2, 0xff, 0xff, 0x12, 0xf2, 0xff, 0xff,
    0x12, 0xf2, 0xff, 0xff, 0x12, 0xf2, 0xff, 0xff, 0x12, 0xf2, 0xff, 0xff,
    0x12, 0xf2, 0xff, 0xff, 0x12, 0xf2, 0xff, 0xff, 0x12, 0xf2, 0xff, 0xff,
    0x12, 0xf2, 0xff, 0xff, 0x12, 0xf2, 0xff, 0xff, 0x12, 0xf2, 0xff, 0xff,
    0x12, 0xf2, 0xff, 0xff, 0x12, 0xf2, 0xff, 0xff, 0x12, 0xf2, 0xff, 0xff,
    0x12, 0xf2, 0xff, 0xff, 0x12, 0xf2, 0xff, 0xff, 0x12, 0xf2, 0xff, 0xff,
    0x12, 0xf2, 0xff, 0xff, 0x12, 0xf2, 0xff, 0xff, 0x12, 0xf2, 0xff, 0xff,
    0x12, 0xf2, 0xff, 0xff, 0x12, 0xf2, 0xff, 0xff, 0x12, 0xf2, 0xff, 0xff,
    0x12, 0xf2, 0xff, 0xff, 0x12, 0xf2, 0xff, 0xff, 0x2f, 0x5b, 0xf1, 0xff,
    0x37, 0x32, 0xed, 0xff, 0x28, 0x7d, 0xf4, 0xff, 0x12, 0xf2, 0xff, 0xff,
    0x12, 0xf2, 0xff, 0xff, 0x12, 0xf2, 0xff, 0xff, 0x21, 0xa1, 0xf8, 0xff,
    0x37, 0x32, 0xed, 0xff, 0x36, 0x38, 0xee, 0xff, 0x12, 0xf2, 0xff, 0xff,
    0x12, 0xf2, 0xff, 0xff, 0x12, 0xf2, 0xff, 0xff, 0x12, 0xf2, 0xff, 0xff,
    0x12, 0xf2, 0xff, 0xff, 0x12, 0xf2, 0xff, 0xff, 0x12, 0xf2, 0xff, 0xff,
    0x12, 0xf2, 0xff, 0xff, 0x12, 0xf2, 0xff, 0xff, 0x12, 0xf2, 0xff, 0xff,
    0x12, 0xf2, 0xff, 0xff, 0x12, 0xf2, 0xff, 0xff, 0x12, 0xf2, 0xff, 0xff,
    0x12, 0xf2, 0xff, 0xff, 0x12, 0xf2, 0xff, 0xff, 0x12, 0xf2, 0xff, 0xff,
    0x12, 0xf2, 0xff, 0xff, 0x12, 0xf2, 0xff, 0xff, 0x12, 0xf2, 0xff, 0xff,
    0x12, 0xf2, 0xff, 0xff, 0x12, 0xf2, 0xff, 0xff, 0x12, 0xf2, 0xff, 0xff,
    0x12, 0xf2, 0xff, 0xff, 0x12, 0xf2, 0xff, 0xff, 0x25, 0xb4, 0xfa, 0xff,
    0x34, 0x86, 0xf5, 0xff, 0x33, 0x85, 0xf4, 0x85, 0x11, 0xf0, 0xfd, 0x64,
    0x12, 0xf2, 0xff, 0xff, 0x12, 0xf2, 0xff, 0xff, 0x12, 0xf2, 0xff, 0xff,
    0x12, 0xf2, 0xff, 0xff, 0x12, 0xf2, 0xff, 0xff, 0x12, 0xf2, 0xff, 0xff,
    0x12, 0xf2, 0xff, 0xff, 0x12, 0xf2, 0xff, 0xff, 0x12, 0xf2, 0xff, 0xff,
    0x12, 0xf2, 0xff, 0xff, 0x12, 0xf2, 0xff, 0xff, 0x12, 0xf2, 0xff, 0xff,
    0x12, 0xf2, 0xff, 0xff, 0x12, 0xf2, 0xff, 0xff, 0x12, 0xf2, 0xff, 0xff,
    0x12, 0xf2, 0xff, 0xff, 0x12, 0xf2, 0xff, 0xff, 0x12, 0xf2, 0xff, 0xff,
    0x12, 0xf2, 0xff, 0xff, 0x12, 0xf2, 0xff, 0xff, 0x12, 0xf2, 0xff, 0xff,
    0x12, 0xf1, 0xff, 0xff, 0x37, 0x32, 0xed, 0xff, 0x37, 0x32, 0xed, 0xff,
    0x34, 0x3f, 0xef, 0xff, 0x31, 0x50, 0xf0, 0xff, 0x31, 0x50, 0xf0, 0xff,
    0x31, 0x50, 0xf0, 0xff, 0x31, 0x50, 0xf0, 0xff, 0x31, 0x50, 0xf0, 0xff,
    0x31, 0x50, 0xf0, 0xff, 0x31, 0x50, 0xf0, 0xff, 0x31, 0x50, 0xf0, 0xff,
    0x31, 0x50, 0xf0, 0xff, 0x31, 0x50, 0xf0, 0xff, 0x31, 0x50, 0xf0, 0xff,
    0x12, 0xef, 0xff, 0xff, 0x12, 0xf2, 0xff, 0xff, 0x12, 0xf2, 0xff, 0xff,
    0x12, 0xf2, 0xff, 0xff, 0x12, 0xf2, 0xff, 0xff, 0x12, 0xf2, 0xff, 0xff,
    0x12, 0xf2, 0xff, 0xff, 0x12, 0xf2, 0xff, 0xff, 0x12, 0xf2, 0xff, 0xff,
    0x12, 0xf2, 0xff, 0xff, 0x12, 0xf2, 0xff, 0xff, 0x12, 0xf2, 0xff, 0xff,
    0x12, 0xf2, 0xff, 0xff, 0x12, 0xf2, 0xff, 0xff, 0x12, 0xf2, 0xff, 0xff,
    0x12, 0xf2, 0xff, 0xff, 0x12, 0xf2, 0xff, 0xff, 0x12, 0xf2, 0xff, 0xff,
    0x12, 0xf2, 0xff, 0xff, 0x1d, 0xb9, 0xfa, 0xff, 0x36, 0x35, 0xee, 0xff,
    0x36, 0x35, 0xee, 0xff, 0x12, 0xf2, 0xff, 0xff, 0x12, 0xf2, 0xff, 0xff,
    0x12, 0xf2, 0xff, 0xff, 0x12, 0xf2, 0xff, 0xff, 0x12, 0xf2, 0xff, 0xff,
    0x12, 0xf2, 0xff, 0xff, 0x12, 0xf2, 0xff, 0xff, 0x12, 0xf2, 0xff, 0xff,
    0x12, 0xf2, 0xff, 0xff, 0x12, 0xf2, 0xff, 0xff, 0x12, 0xf2, 0xff, 0xff,
    0x12, 0xf2, 0xff, 0xff, 0x12, 0xf2, 0xff, 0xff, 0x12, 0xf2, 0xff, 0xff,
    0x12, 0xf2, 0xff, 0xff, 0x12, 0xf2, 0xff, 0xff, 0x12, 0xf2, 0xff, 0xff,
    0x12, 0xf2, 0xff, 0xff, 0x12, 0xf2, 0xff, 0xff, 0x12, 0xf2, 0xff, 0xff,
    0x12, 0xf2, 0xff, 0xff, 0x12, 0xf2, 0xff, 0xff, 0x12, 0xf2, 0xff, 0xff,
    0x12, 0xf2, 0xff, 0xff, 0x12, 0xf2, 0xff, 0xff, 0x12, 0xf2, 0xff, 0xff,
    0x12, 0xf2, 0xff, 0xff, 0x12, 0xf2, 0xff, 0xff, 0x12, 0xf2, 0xff, 0xff,
    0x12, 0xf2, 0xff, 0xff, 0x12, 0xf2, 0xff, 0xff, 0x12, 0xf2, 0xff, 0xff,
    0x12, 0xf2, 0xff, 0xff, 0x12, 0xf2, 0xff, 0xff, 0x12, 0xf2, 0xff, 0xff,
    0x12, 0xf2, 0xff, 0xff, 0x12, 0xf2, 0xff, 0xff, 0x12, 0xf2, 0xff, 0xff,
    0x12, 0xf2, 0xff, 0xff, 0x12, 0xf2, 0xff, 0xff, 0x12, 0xf2, 0xff, 0xff,
    0x12, 0xf2, 0xff, 0xff, 0x12, 0xf2, 0xff, 0xff, 0x12, 0xf2, 0xff, 0xff,
    0x2f, 0x5b, 0xf1, 0xff, 0x37, 0x32, 0xed, 0xff, 0x28, 0x7d, 0xf4, 0xff,
    0x12, 0xf2, 0xff, 0xff, 0x12, 0xf2, 0xff, 0xff, 0x12, 0xf2, 0xff, 0xff,
    0x21, 0xa1, 0xf8, 0xff, 0x37, 0x32, 0xed, 0xff, 0x36, 0x38, 0xee, 0xff,
    0x12, 0xf2, 0xff, 0xff, 0x12, 0xf2, 0xff, 0xff, 0x12, 0xf2, 0xff, 0xff,
    0x12, 0xf2, 0xff, 0xff, 0x12, 0xf2, 0xff, 0xff, 0x12, 0xf2, 0xff, 0xff,
    0x12, 0xf2, 0xff, 0xff, 0x12, 0xf2, 0xff, 0xff, 0x12, 0xf2, 0xff, 0xff,
    0x12, 0xf2, 0xff, 0xff, 0x12, 0xf2, 0xff, 0xff, 0x12, 0xf2, 0xff, 0xff,
    0x12, 0xf2, 0xff, 0xff, 0x12, 0xf2, 0xff, 0xff, 0x12, 0xf2, 0xff, 0xff,
    0x12, 0xf2, 0xff, 0xff, 0x12, 0xf2, 0xff, 0xff, 0x12, 0xf2, 0xff, 0xff,
    0x12, 0xf2, 0xff, 0xff, 0x12, 0xf2, 0xff, 0xff, 0x12, 0xf2, 0xff, 0xff,
    0x12, 0xf2, 0xff, 0xff, 0x12, 0xf2, 0xff, 0xff, 0x12, 0xf2, 0xff, 0xff,
    0x25, 0xb4, 0xfa, 0xff, 0x34, 0x86, 0xf5, 0xff, 0x34, 0x86, 0xf5, 0x97,
    0x11, 0xf0, 0xfd, 0x64, 0x12, 0xf2, 0xff, 0xff, 0x12, 0xf2, 0xff, 0xff,
    0x12, 0xf2, 0xff, 0xff, 0x12, 0xf2, 0xff, 0xff, 0x12, 0xf2, 0xff, 0xff,
    0x12, 0xf2, 0xff, 0xff, 0x12, 0xf2, 0xff, 0xff, 0x12, 0xf2, 0xff, 0xff,
    0x12, 0xf2, 0xff, 0xff, 0x12, 0xf2, 0xff, 0xff, 0x12, 0xf2, 0xff, 0xff,
    0x12, 0xf2, 0xff, 0xff, 0x12, 0xf2, 0xff, 0xff, 0x12, 0xf2, 0xff, 0xff,
    0x12, 0xf2, 0xff, 0xff, 0x12, 0xf2, 0xff, 0xff, 0x12, 0xf2, 0xff, 0xff,
    0x12, 0xf2, 0xff, 0xff, 0x12, 0xf2, 0xff, 0xff, 0x12, 0xf2, 0xff, 0xff,
    0x12, 0xf2, 0xff, 0xff, 0x12, 0xf1, 0xff, 0xff, 0x37, 0x32, 0xed, 0xff,
    0x37, 0x32, 0xed, 0xff, 0x26, 0x87, 0xf5, 0xff, 0x12, 0xf2, 0xff, 0xff,
    0x12, 0xf2, 0xff, 0xff, 0x12, 0xf2, 0xff, 0xff, 0x12, 0xf2, 0xff, 0xff,
    0x12, 0xf2, 0xff, 0xff, 0x12, 0xf2, 0xff, 0xff, 0x12, 0xf2, 0xff, 0xff,
    0x12, 0xf2, 0xff, 0xff, 0x12, 0xf2, 0xff, 0xff, 0x12, 0xf2, 0xff, 0xff,
    0x12, 0xf2, 0xff, 0xff, 0x12, 0xf2, 0xff, 0xff, 0x12, 0xf2, 0xff, 0xff,
    0x12, 0xf2, 0xff, 0xff, 0x12, 0xf2, 0xff, 0xff, 0x12, 0xf2, 0xff, 0xff,
    0x12, 0xf2, 0xff, 0xff, 0x12, 0xf2, 0xff, 0xff, 0x12, 0xf2, 0xff, 0xff,
    0x12, 0xf2, 0xff, 0xff, 0x12, 0xf2, 0xff, 0xff, 0x12, 0xf2, 0xff, 0xff,
    0x12, 0xf2, 0xff, 0xff, 0x12, 0xf2, 0xff, 0xff, 0x12, 0xf2, 0xff, 0xff,
    0x12, 0xf2, 0xff, 0xff, 0x12, 0xf2, 0xff, 0xff, 0x12, 0xf2, 0xff, 0xff,
    0x12, 0xf2, 0xff, 0xff, 0x12, 0xf2, 0xff, 0xff, 0x21, 0xa3, 0xf8, 0xff,
    0x37, 0x32, 0xed, 0xff, 0x36, 0x35, 0xee, 0xff, 0x12, 0xf2, 0xff, 0xff,
    0x12, 0xf2, 0xff, 0xff, 0x12, 0xf2, 0xff, 0xff, 0x12, 0xf2, 0xff, 0xff,
    0x12, 0xf2, 0xff, 0xff, 0x12, 0xf2, 0xff, 0xff, 0x12, 0xf2, 0xff, 0xff,
    0x12, 0xf2, 0xff, 0xff, 0x12, 0xf2, 0xff, 0xff, 0x12, 0xf2, 0xff, 0xff,
    0x12, 0xf2, 0xff, 0xff, 0x12, 0xf2, 0xff, 0xff, 0x12, 0xf2, 0xff, 0xff,
    0x12, 0xf2, 0xff, 0xff, 0x12, 0xf2, 0xff, 0xff, 0x12, 0xf2, 0xff, 0xff,
    0x12, 0xf2, 0xff, 0xff, 0x12, 0xf2, 0xff, 0xff, 0x12, 0xf2, 0xff, 0xff,
    0x12, 0xf2, 0xff, 0xff, 0x12, 0xf2, 0xff, 0xff, 0x12, 0xf2, 0xff, 0xff,
    0x12, 0xf2, 0xff, 0xff, 0x12, 0xf2, 0xff, 0xff, 0x12, 0xf2, 0xff, 0xff,
    0x12, 0xf2, 0xff, 0xff, 0x12, 0xf2, 0xff, 0xff, 0x12, 0xf2, 0xff, 0xff,
    0x12, 0xf2, 0xff, 0xff, 0x12, 0xf2, 0xff, 0xff, 0x12, 0xf2, 0xff, 0xff,
    0x12, 0xf2, 0xff, 0xff, 0x12, 0xf2, 0xff, 0xff, 0x12, 0xf2, 0xff, 0xff,
    0x12, 0xf2, 0xff, 0xff, 0x12, 0xf2, 0xff, 0xff, 0x12, 0xf2, 0xff, 0xff,
    0x12, 0xf2, 0xff, 0xff, 0x12, 0xf2, 0xff, 0xff, 0x12, 0xf2, 0xff, 0xff,
    0x12, 0xf2, 0xff, 0xff, 0x12, 0xf2, 0xff, 0xff, 0x12, 0xf2, 0xff, 0xff,
    0x12, 0xf2, 0xff, 0xff, 0x2f, 0x5b, 0xf1, 0xff, 0x37, 0x32, 0xed, 0xff,
    0x28, 0x7d, 0xf4, 0xff, 0x12, 0xf2, 0xff, 0xff, 0x12, 0xf2, 0xff, 0xff,
    0x12, 0xf2, 0xff, 0xff, 0x16, 0xde, 0xfe, 0xff, 0x1b, 0xc2, 0xfb, 0xff,
    0x1b, 0xc4, 0xfb, 0xff, 0x12, 0xf2, 0xff, 0xff, 0x12, 0xf2, 0xff, 0xff,
    0x12, 0xf2, 0xff, 0xff, 0x12, 0xf2, 0xff, 0xff, 0x12, 0xf2, 0xff, 0xff,
    0x12, 0xf2, 0xff, 0xff, 0x12, 0xf2, 0xff, 0xff, 0x12, 0xf2, 0xff, 0xff,
    0x12, 0xf2, 0xff, 0xff, 0x12, 0xf2, 0xff, 0xff, 0x12, 0xf2, 0xff, 0xff,
    0x12, 0xf2, 0xff, 0xff, 0x12, 0xf2, 0xff, 0xff, 0x12, 0xf2, 0xff, 0xff,
    0x12, 0xf2, 0xff, 0xff, 0x12, 0xf2, 0xff, 0xff, 0x12, 0xf2, 0xff, 0xff,
    0x12, 0xf2, 0xff, 0xff, 0x12, 0xf2, 0xff, 0xff, 0x12, 0xf2, 0xff, 0xff,
    0x12, 0xf2, 0xff, 0xff, 0x12, 0xf2, 0xff, 0xff, 0x12, 0xf2, 0xff, 0xff,
    0x12, 0xf2, 0xff, 0xff, 0x25, 0xb4, 0xfa, 0xff, 0x34, 0x86, 0xf5, 0xff,
    0x34, 0x86, 0xf4, 0x9d, 0x11, 0xf0, 0xfd, 0x64, 0x12, 0xf2, 0xff, 0xff,
    0x12, 0xf2, 0xff, 0xff, 0x12, 0xf2, 0xff, 0xff, 0x12, 0xf2, 0xff, 0xff,
    0x12, 0xf2, 0xff, 0xff, 0x12, 0xf2, 0xff, 0xff, 0x12, 0xf2, 0xff, 0xff,
    0x12, 0xf2, 0xff, 0xff, 0x12, 0xf2, 0xff, 0xff, 0x12, 0xf2, 0xff, 0xff,
    0x12, 0xf2, 0xff, 0xff, 0x12, 0xf2, 0xff, 0xff, 0x12, 0xf2, 0xff, 0xff,
    0x12, 0xf2, 0xff, 0xff, 0x12, 0xf2, 0xff, 0xff, 0x12, 0xf2, 0xff, 0xff,
    0x12, 0xf2, 0xff, 0xff, 0x12, 0xf2, 0xff, 0xff, 0x12, 0xf2, 0xff, 0xff,
    0x12, 0xf2, 0xff, 0xff, 0x12, 0xf2, 0xff, 0xff, 0x12, 0xf1, 0xff, 0xff,
    0x37, 0x32, 0xed, 0xff, 0x37, 0x32, 0xed, 0xff, 0x26, 0x87, 0xf5, 0xff,
    0x12, 0xf2, 0xff, 0xff, 0x12, 0xf2, 0xff, 0xff, 0x12, 0xf2, 0xff, 0xff,
    0x12, 0xf2, 0xff, 0xff, 0x12, 0xf2, 0xff, 0xff, 0x12, 0xf2, 0xff, 0xff,
    0x12, 0xf2, 0xff, 0xff, 0x12, 0xf2, 0xff, 0xff, 0x12, 0xf2, 0xff, 0xff,
    0x12, 0xf2, 0xff, 0xff, 0x12, 0xf2, 0xff, 0xff, 0x12, 0xf2, 0xff, 0xff,
    0x12, 0xf2, 0xff, 0xff, 0x12, 0xf2, 0xff, 0xff, 0x12, 0xf2, 0xff, 0xff,
    0x12, 0xf2, 0xff, 0xff, 0x12, 0xf2, 0xff, 0xff, 0x12, 0xf2, 0xff, 0xff,
    0x12, 0xf2, 0xff, 0xff, 0x12, 0xf2, 0xff, 0xff, 0x12, 0xf2, 0xff, 0xff,
    0x12, 0xf2, 0xff, 0xff, 0x12, 0xf2, 0xff, 0xff, 0x12, 0xf2, 0xff, 0xff,
    0x12, 0xf2, 0xff, 0xff, 0x12, 0xf2, 0xff, 0xff, 0x12, 0xf2, 0xff, 0xff,
    0x12, 0xf2, 0xff, 0xff, 0x12, 0xf2, 0xff, 0xff, 0x12, 0xf2, 0xff, 0xff,
    0x21, 0xa3, 0xf8, 0xff, 0x37, 0x32, 0xed, 0xff, 0x36, 0x35, 0xee, 0xff,
    0x12, 0xf2, 0xff, 0xff, 0x12, 0xf2, 0xff, 0xff, 0x12, 0xf2, 0xff, 0xff,
    0x12, 0xf2, 0xff, 0xff, 0x12, 0xf2, 0xff, 0xff, 0x12, 0xf2, 0xff, 0xff,
    0x12, 0xf2, 0xff, 0xff, 0x12, 0xf2, 0xff, 0xff, 0x12, 0xf2, 0xff, 0xff,
    0x12, 0xf2, 0xff, 0xff, 0x12, 0xf2, 0xff, 0xff, 0x12, 0xf2, 0xff, 0xff,
    0x12, 0xf2, 0xff, 0xff, 0x12, 0xf2, 0xff, 0xff, 0x12, 0xf2, 0xff, 0xff,
    0x12, 0xf2, 0xff, 0xff, 0x12, 0xf2, 0xff, 0xff, 0x12, 0xf2, 0xff, 0xff,
    0x12, 0xf2, 0xff, 0xff, 0x12, 0xf2, 0xff, 0xff, 0x12, 0xf2, 0xff, 0xff,
    0x12, 0xf2, 0xff, 0xff, 0x12, 0xf2, 0xff, 0xff, 0x12, 0xf2, 0xff, 0xff,
    0x12, 0xf2, 0xff, 0xff, 0x12, 0xf2, 0xff, 0xff, 0x12, 0xf2, 0xff, 0xff,
    0x12, 0xf2, 0xff, 0xff, 0x12, 0xf2, 0xff, 0xff, 0x12, 0xf2, 0xff, 0xff,
    0x12, 0xf2, 0xff, 0xff, 0x12, 0xf2, 0xff, 0xff, 0x12, 0xf2, 0xff, 0xff,
    0x12, 0xf2, 0xff, 0xff, 0x12, 0xf2, 0xff, 0xff, 0x12, 0xf2, 0xff, 0xff,
    0x12, 0xf2, 0xff, 0xff, 0x12, 0xf2, 0xff, 0xff, 0x12, 0xf2, 0xff, 0xff,
    0x12, 0xf2, 0xff, 0xff, 0x12, 0xf2, 0xff, 0xff, 0x12, 0xf2, 0xff, 0xff,
    0x12, 0xf2, 0xff, 0xff, 0x12, 0xf2, 0xff, 0xff, 0x2f, 0x5b, 0xf1, 0xff,
    0x37, 0x32, 0xed, 0xff, 0x28, 0x7d, 0xf4, 0xff, 0x12, 0xf2, 0xff, 0xff,
    0x12, 0xf2, 0xff, 0xff, 0x12, 0xf2, 0xff, 0xff, 0x12, 0xf2, 0xff, 0xff,
    0x12, 0xf2, 0xff, 0xff, 0x12, 0xf2, 0xff, 0xff, 0x12, 0xf2, 0xff, 0xff,
    0x12, 0xf2, 0xff, 0xff, 0x12, 0xf2, 0xff, 0xff, 0x12, 0xf2, 0xff, 0xff,
    0x12, 0xf2, 0xff, 0xff, 0x12, 0xf2, 0xff, 0xff, 0x12, 0xf2, 0xff, 0xff,
    0x12, 0xf2, 0xff, 0xff, 0x12, 0xf2, 0xff, 0xff, 0x12, 0xf2, 0xff, 0xff,
    0x12, 0xf2, 0xff, 0xff, 0x12, 0xf2, 0xff, 0xff, 0x12, 0xf2, 0xff, 0xff,
    0x12, 0xf2, 0xff, 0xff, 0x12, 0xf2, 0xff, 0xff, 0x12, 0xf2, 0xff, 0xff,
    0x12, 0xf2, 0xff, 0xff, 0x12, 0xf2, 0xff, 0xff, 0x12, 0xf2, 0xff, 0xff,
    0x12, 0xf2, 0xff, 0xff, 0x12, 0xf2, 0xff, 0xff, 0x12, 0xf2, 0xff, 0xff,
    0x12, 0xf2, 0xff, 0xff, 0x12, 0xf2, 0xff, 0xff, 0x25, 0xb4, 0xfa, 0xff,
    0x34, 0x86, 0xf5, 0xff, 0x34, 0x86, 0xf4, 0x9d, 0x11, 0xf0, 0xfd, 0x64,
    0x12, 0xf2, 0xff, 0xff, 0x12, 0xf2, 0xff, 0xff, 0x12, 0xf2, 0xff, 0xff,
    0x12, 0xf2, 0xff, 0xff, 0x12, 0xf2, 0xff, 0xff, 0x12, 0xf2, 0xff, 0xff,
    0x12, 0xf2, 0xff, 0xff, 0x12, 0xf2, 0xff, 0xff, 0x12, 0xf2, 0xff, 0xff,
    0x12, 0xf2, 0xff, 0xff, 0x12, 0xf2, 0xff, 0xff, 0x12, 0xf2, 0xff, 0xff,
    0x12, 0xf2, 0xff, 0xff, 0x12, 0xf2, 0xff, 0xff, 0x12, 0xf2, 0xff, 0xff,
    0x12, 0xf2, 0xff, 0xff, 0x12, 0xf2, 0xff, 0xff, 0x12, 0xf2, 0xff, 0xff,
    0x12, 0xf2, 0xff, 0xff, 0x12, 0xf2, 0xff, 0xff, 0x12, 0xf2, 0xff, 0xff,
    0x12, 0xf1, 0xff, 0xff, 0x37, 0x32, 0xed, 0xff, 0x37, 0x32, 0xed, 0xff,
    0x26, 0x87, 0xf5, 0xff, 0x12, 0xf2, 0xff, 0xff, 0x12, 0xf2, 0xff, 0xff,
    0x12, 0xf2, 0xff, 0xff, 0x12, 0xf2, 0xff, 0xff, 0x12, 0xf2, 0xff, 0xff,
    0x12, 0xf2, 0xff, 0xff, 0x12, 0xf2, 0xff, 0xff, 0x12, 0xf2, 0xff, 0xff,
    0x12, 0xf2, 0xff, 0xff, 0x12, 0xf2, 0xff, 0xff, 0x12, 0xf2, 0xff, 0xff,
    0x12, 0xf2, 0xff, 0xff, 0x12, 0xf2, 0xff, 0xff, 0x12, 0xf2, 0xff, 0xff,
    0x12, 0xf1, 0xff, 0xff, 0x15, 0xe0, 0xfe, 0xff, 0x15, 0xe0, 0xfe, 0xff,
    0x12, 0xf1, 0xff, 0xff, 0x12, 0xf2, 0xff, 0xff, 0x15, 0xe2, 0xfe, 0xff,
    0x1e, 0xb2, 0xf9, 0xff, 0x21, 0xa5, 0xf8, 0xff, 0x1e, 0xb4, 0xfa, 0xff,
    0x15, 0xe1, 0xfe, 0xff, 0x12, 0xf2, 0xff, 0xff, 0x12, 0xf2, 0xff, 0xff,
    0x12, 0xf2, 0xff, 0xff, 0x12, 0xf2, 0xff, 0xff, 0x12, 0xef, 0xff, 0xff,
    0x15, 0xe0, 0xfe, 0xff, 0x23, 0x98, 0xf7, 0xff, 0x37, 0x32, 0xed, 0xff,
    0x36, 0x35, 0xee, 0xff, 0x15, 0xe0, 0xfe, 0xff, 0x15, 0xe0, 0xfe, 0xff,
    0x13, 0xec, 0xff, 0xff, 0x12, 0xf2, 0xff, 0xff, 0x12, 0xf2, 0xff, 0xff,
    0x12, 0xf2, 0xff, 0xff, 0x12, 0xf2, 0xff, 0xff, 0x12, 0xf2, 0xff, 0xff,
    0x16, 0xdc, 0xfd, 0xff, 0x1e, 0xb1, 0xf9, 0xff, 0x21, 0xa4, 0xf8, 0xff,
    0x1f, 0xae, 0xf9, 0xff, 0x17, 0xd5, 0xfd, 0xff, 0x12, 0xf2, 0xff, 0xff,
    0x12, 0xf2, 0xff, 0xff, 0x12, 0xf2, 0xff, 0xff, 0x12, 0xf2, 0xff, 0xff,
    0x12, 0xf2, 0xff, 0xff, 0x12, 0xf2, 0xff, 0xff, 0x12, 0xf2, 0xff, 0xff,
    0x15, 0xe1, 0xfe, 0xff, 0x15, 0xe0, 0xfe, 0xff, 0x12, 0xef, 0xff, 0xff,
    0x12, 0xf2, 0xff, 0xff, 0x14, 0xe8, 0xff, 0xff, 0x1d, 0xb7, 0xfa, 0xff,
    0x21, 0xa4, 0xf8, 0xff, 0x1e, 0xb0, 0xf9, 0xff, 0x16, 0xda, 0xfd, 0xff,
    0x12, 0xf2, 0xff, 0xff, 0x12, 0xf2, 0xff, 0xff, 0x12, 0xf2, 0xff, 0xff,
    0x12, 0xf2, 0xff, 0xff, 0x12, 0xf2, 0xff, 0xff, 0x12, 0xf2, 0xff, 0xff,
    0x12, 0xf2, 0xff, 0xff, 0x12, 0xf2, 0xff, 0xff, 0x12, 0xf2, 0xff, 0xff,
    0x16, 0xdd, 0xfd, 0xff, 0x1e, 0xb1, 0xf9, 0xff, 0x21, 0xa5, 0xf8, 0xff,
    0x1c, 0xbd, 0xfa, 0xff, 0x12, 0xee, 0xff, 0xff, 0x12, 0xf2, 0xff, 0xff,
    0x2f, 0x5b, 0xf1, 0xff, 0x37, 0x32, 0xed, 0xff, 0x28, 0x7d, 0xf4, 0xff,
    0x12, 0xf2, 0xff, 0xff, 0x12, 0xf2, 0xff, 0xff, 0x12, 0xf2, 0xff, 0xff,
    0x13, 0xeb, 0xff, 0xff, 0x15, 0xe0, 0xfe, 0xff, 0x15, 0xe1, 0xfe, 0xff,
    0x12, 0xf2, 0xff, 0xff, 0x12, 0xf2, 0xff, 0xff, 0x12, 0xf2, 0xff, 0xff,
    0x12, 0xf2, 0xff, 0xff, 0x12, 0xf2, 0xff, 0xff, 0x12, 0xf2, 0xff, 0xff,
    0x12, 0xf2, 0xff, 0xff, 0x12, 0xf2, 0xff, 0xff, 0x12, 0xf2, 0xff, 0xff,
    0x12, 0xf2, 0xff, 0xff, 0x12, 0xf2, 0xff, 0xff, 0x12, 0xf2, 0xff, 0xff,
    0x12, 0xf2, 0xff, 0xff, 0x12, 0xf2, 0xff, 0xff, 0x12, 0xf2, 0xff, 0xff,
    0x12, 0xf2, 0xff, 0xff, 0x12, 0xf2, 0xff, 0xff, 0x12, 0xf2, 0xff, 0xff,
    0x12, 0xf2, 0xff, 0xff, 0x12, 0xf2, 0xff, 0xff, 0x12, 0xf2, 0xff, 0xff,
    0x12, 0xf2, 0xff, 0xff, 0x12, 0xf2, 0xff, 0xff, 0x12, 0xf2, 0xff, 0xff,
    0x25, 0xb4, 0xfa, 0xff, 0x34, 0x86, 0xf5, 0xff, 0x34, 0x86, 0xf4, 0x9d,
    0x11, 0xf0, 0xfd, 0x64, 0x12, 0xf2, 0xff, 0xff, 0x12, 0xf2, 0xff, 0xff,
    0x12, 0xf2, 0xff, 0xff, 0x12, 0xf2, 0xff, 0xff, 0x12, 0xf2, 0xff, 0xff,
    0x12, 0xf2, 0xff, 0xff, 0x12, 0xf2, 0xff, 0xff, 0x12, 0xf2, 0xff, 0xff,
    0x12, 0xf2, 0xff, 0xff, 0x12, 0xf2, 0xff, 0xff, 0x12, 0xf2, 0xff, 0xff,
    0x12, 0xf2, 0xff, 0xff, 0x12, 0xf2, 0xff, 0xff, 0x12, 0xf2, 0xff, 0xff,
    0x12, 0xf2, 0xff, 0xff, 0x12, 0xf2, 0xff, 0xff, 0x12, 0xf2, 0xff, 0xff,
    0x12, 0xf2, 0xff, 0xff, 0x12, 0xf2, 0xff, 0xff, 0x12, 0xf2, 0xff, 0xff,
    0x12, 0xf2, 0xff, 0xff, 0x12, 0xf1, 0xff, 0xff, 0x37, 0x32, 0xed, 0xff,
    0x37, 0x32, 0xed, 0xff, 0x26, 0x87, 0xf5, 0xff, 0x12, 0xf2, 0xff, 0xff,
    0x12, 0xf2, 0xff, 0xff, 0x12, 0xf2, 0xff, 0xff, 0x12, 0xf2, 0xff, 0xff,
    0x12, 0xf2, 0xff, 0xff, 0x12, 0xf2, 0xff, 0xff, 0x12, 0xf2, 0xff, 0xff,
    0x12, 0xf2, 0xff, 0xff, 0x12, 0xf2, 0xff, 0xff, 0x12, 0xf2, 0xff, 0xff,
    0x12, 0xf2, 0xff, 0xff, 0x12, 0xf2, 0xff, 0xff, 0x12, 0xf2, 0xff, 0xff,
    0x12, 0xf2, 0xff, 0xff, 0x15, 0xe3, 0xfe, 0xff, 0x37, 0x32, 0xed, 0xff,
    0x37, 0x32, 0xed, 0xff, 0x15, 0xe3, 0xfe, 0xff, 0x26, 0x8a, 0xf6, 0xff,
    0x36, 0x36, 0xee, 0xff, 0x37, 0x32, 0xed, 0xff, 0x37, 0x32, 0xed, 0xff,
    0x37, 0x32, 0xed, 0xff, 0x36, 0x33, 0xee, 0xff, 0x29, 0x7a, 0xf4, 0xff,
    0x13, 0xeb, 0xff, 0xff, 0x12, 0xf2, 0xff, 0xff, 0x12, 0xf2, 0xff, 0xff,
    0x18, 0xd1, 0xfc, 0xff, 0x37, 0x32, 0xed, 0xff, 0x37, 0x32, 0xed, 0xff,
    0x37, 0x32, 0xed, 0xff, 0x37, 0x32, 0xed, 0xff, 0x37, 0x32, 0xed, 0xff,
    0x37, 0x32, 0xed, 0xff, 0x20, 0xaa, 0xf9, 0xff, 0x12, 0xf2, 0xff, 0xff,
    0x12, 0xf2, 0xff, 0xff, 0x12, 0xf2, 0xff, 0xff, 0x16, 0xda, 0xfd, 0xff,
    0x2c, 0x6a, 0xf3, 0xff, 0x37, 0x32, 0xee, 0xff, 0x37, 0x32, 0xed, 0xff,
    0x37, 0x32, 0xed, 0xff, 0x37, 0x32, 0xed, 0xff, 0x37, 0x32, 0xed, 0xff,
    0x2e, 0x61, 0xf2, 0xff, 0x18, 0xd3, 0xfd, 0xff, 0x12, 0xf2, 0xff, 0xff,
    0x12, 0xf2, 0xff, 0xff, 0x12, 0xf2, 0xff, 0xff, 0x12, 0xf2, 0xff, 0xff,
    0x12, 0xf2, 0xff, 0xff, 0x35, 0x3a, 0xee, 0xff, 0x37, 0x32, 0xed, 0xff,
    0x19, 0xcd, 0xfc, 0xff, 0x22, 0x9c, 0xf7, 0xff, 0x35, 0x3b, 0xee, 0xff,
    0x37, 0x32, 0xed, 0xff, 0x37, 0x32, 0xed, 0xff, 0x37, 0x32, 0xed, 0xff,
    0x37, 0x32, 0xed, 0xff, 0x2c, 0x6a, 0xf3, 0xff, 0x15, 0xe3, 0xfe, 0xff,
    0x12, 0xf2, 0xff, 0xff, 0x12, 0xf2, 0xff, 0xff, 0x12, 0xf2, 0xff, 0xff,
    0x12, 0xf2, 0xff, 0xff, 0x12, 0xf2, 0xff, 0xff, 0x14, 0xe5, 0xfe, 0xff,
    0x2a, 0x74, 0xf4, 0xff, 0x36, 0x33, 0xee, 0xff, 0x37, 0x32, 0xed, 0xff,
    0x37, 0x32, 0xed, 0xff, 0x37, 0x32, 0xed, 0xff, 0x32, 0x48, 0xf0, 0xff,
    0x1b, 0xc2, 0xfb, 0xff, 0x2f, 0x5b, 0xf1, 0xff, 0x37, 0x32, 0xed, 0xff,
    0x28, 0x7d, 0xf4, 0xff, 0x12, 0xf2, 0xff, 0xff, 0x12, 0xf2, 0xff, 0xff,
    0x12, 0xf2, 0xff, 0xff, 0x21, 0xa1, 0xf8, 0xff, 0x37, 0x32, 0xed, 0xff,
    0x36, 0x38, 0xee, 0xff, 0x12, 0xf2, 0xff, 0xff, 0x12, 0xf2, 0xff, 0xff,
    0x12, 0xf2, 0xff, 0xff, 0x12, 0xf2, 0xff, 0xff, 0x12, 0xf2, 0xff, 0xff,
    0x12, 0xf2, 0xff, 0xff, 0x12, 0xf2, 0xff, 0xff, 0x12, 0xf2, 0xff, 0xff,
    0x12, 0xf2, 0xff, 0xff, 0x12, 0xf2, 0xff, 0xff, 0x12, 0xf2, 0xff, 0xff,
    0x12, 0xf2, 0xff, 0xff, 0x12, 0xf2, 0xff, 0xff, 0x12, 0xf2, 0xff, 0xff,
    0x12, 0xf2, 0xff, 0xff, 0x12, 0xf2, 0xff, 0xff, 0x12, 0xf2, 0xff, 0xff,
    0x12, 0xf2, 0xff, 0xff, 0x12, 0xf2, 0xff, 0xff, 0x12, 0xf2, 0xff, 0xff,
    0x12, 0xf2, 0xff, 0xff, 0x12, 0xf2, 0xff, 0xff, 0x12, 0xf2, 0xff, 0xff,
    0x12, 0xf2, 0xff, 0xff, 0x25, 0xb4, 0xfa, 0xff, 0x34, 0x86, 0xf5, 0xff,
    0x34, 0x86, 0xf4, 0x9d, 0x11, 0xf0, 0xfd, 0x64, 0x12, 0xf2, 0xff, 0xff,
    0x12, 0xf2, 0xff, 0xff, 0x12, 0xf2, 0xff, 0xff, 0x12, 0xf2, 0xff, 0xff,
    0x12, 0xf2, 0xff, 0xff, 0x12, 0xf2, 0xff, 0xff, 0x12, 0xf2, 0xff, 0xff,
    0x12, 0xf2, 0xff, 0xff, 0x12, 0xf2, 0xff, 0xff, 0x12, 0xf2, 0xff, 0xff,
    0x12, 0xf2, 0xff, 0xff, 0x12, 0xf2, 0xff, 0xff, 0x12, 0xf2, 0xff, 0xff,
    0x12, 0xf2, 0xff, 0xff, 0x12, 0xf2, 0xff, 0xff, 0x12, 0xf2, 0xff, 0xff,
    0x12, 0xf2, 0xff, 0xff, 0x12, 0xf2, 0xff, 0xff, 0x12, 0xf2, 0xff, 0xff,
    0x12, 0xf2, 0xff, 0xff, 0x12, 0xf2, 0xff, 0xff, 0x12, 0xf1, 0xff, 0xff,
    0x37, 0x32, 0xed, 0xff, 0x37, 0x32, 0xed, 0xff, 0x26, 0x87, 0xf5, 0xff,
    0x12, 0xf2, 0xff, 0xff, 0x12, 0xf2, 0xff, 0xff, 0x12, 0xf2, 0xff, 0xff,
    0x12, 0xf2, 0xff, 0xff, 0x12, 0xf2, 0xff, 0xff, 0x12, 0xf2, 0xff, 0xff,
    0x12, 0xf2, 0xff, 0xff, 0x12, 0xf2, 0xff, 0xff, 0x12, 0xf2, 0xff, 0xff,
    0x12, 0xf2, 0xff, 0xff, 0x12, 0xf2, 0xff, 0xff, 0x12, 0xf2, 0xff, 0xff,
    0x12, 0xf2, 0xff, 0xff, 0x12, 0xf2, 0xff, 0xff, 0x15, 0xe3, 0xfe, 0xff,
    0x37, 0x32, 0xed, 0xff, 0x37, 0x32, 0xed, 0xff, 0x2b, 0x70, 0xf3, 0xff,
    0x37, 0x32, 0xed, 0xff, 0x34, 0x3f, 0xef, 0xff, 0x2c, 0x6a, 0xf3, 0xff,
    0x2c, 0x69, 0xf3, 0xff, 0x35, 0x3b, 0xee, 0xff, 0x37, 0x32, 0xed, 0xff,
    0x37, 0x32, 0xed, 0xff, 0x29, 0x7b, 0xf4, 0xff, 0x12, 0xf2, 0xff, 0xff,
    0x12, 0xf2, 0xff, 0xff, 0x17, 0xd9, 0xfd, 0xff, 0x2e, 0x5f, 0xf2, 0xff,
    0x32, 0x4c, 0xf0, 0xff, 0x37, 0x32, 0xed, 0xff, 0x37, 0x32, 0xee, 0xff,
    0x2e, 0x5f, 0xf2, 0xff, 0x2e, 0x5f, 0xf2, 0xff, 0x1c, 0xbb, 0xfa, 0xff,
    0x12, 0xf2, 0xff, 0xff, 0x12, 0xf2, 0xff, 0xff, 0x18, 0xd1, 0xfc, 0xff,
    0x34, 0x40, 0xef, 0xff, 0x37, 0x32, 0xed, 0xff, 0x36, 0x36, 0xee, 0xff,
    0x2b, 0x6c, 0xf3, 0xff, 0x26, 0x86, 0xf5, 0xff, 0x2a, 0x72, 0xf3, 0xff,
    0x35, 0x3a, 0xee, 0xff, 0x37, 0x32, 0xed, 0xff, 0x35, 0x3c, 0xee, 0xff,
    0x19, 0xcb, 0xfc, 0xff, 0x12, 0xf2, 0xff, 0xff, 0x12, 0xf2, 0xff, 0xff,
    0x12, 0xf2, 0xff, 0xff, 0x12, 0xf2, 0xff, 0xff, 0x35, 0x3a, 0xee, 0xff,
    0x37, 0x32, 0xed, 0xff, 0x2b, 0x70, 0xf3, 0xff, 0x37, 0x32, 0xed, 0xff,
    0x35, 0x39, 0xee, 0xff, 0x2d, 0x65, 0xf2, 0xff, 0x2c, 0x6b, 0xf3, 0xff,
    0x34, 0x41, 0xef, 0xff, 0x37, 0x32, 0xed, 0xff, 0x37, 0x32, 0xed, 0xff,
    0x2d, 0x64, 0xf2, 0xff, 0x12, 0xf2, 0xff, 0xff, 0x12, 0xf2, 0xff, 0xff,
    0x12, 0xf2, 0xff, 0xff, 0x12, 0xf2, 0xff, 0xff, 0x14, 0xe8, 0xff, 0xff,
    0x31, 0x51, 0xf0, 0xff, 0x37, 0x32, 0xed, 0xff, 0x37, 0x32, 0xed, 0xff,
    0x2e, 0x5f, 0xf2, 0xff, 0x28, 0x80, 0xf5, 0xff, 0x2c, 0x69, 0xf3, 0xff,
    0x36, 0x35, 0xee, 0xff, 0x35, 0x39, 0xee, 0xff, 0x33, 0x43, 0xef, 0xff,
    0x37, 0x32, 0xed, 0xff, 0x28, 0x7d, 0xf4, 0xff, 0x12, 0xf2, 0xff, 0xff,
    0x12, 0xf2, 0xff, 0xff, 0x12, 0xf2, 0xff, 0xff, 0x21, 0xa1, 0xf8, 0xff,
    0x37, 0x32, 0xed, 0xff, 0x36, 0x38, 0xee, 0xff, 0x12, 0xf2, 0xff, 0xff,
    0x12, 0xf2, 0xff, 0xff, 0x12, 0xf2, 0xff, 0xff, 0x12, 0xf2, 0xff, 0xff,
    0x12, 0xf2, 0xff, 0xff, 0x12, 0xf2, 0xff, 0xff, 0x12, 0xf2, 0xff, 0xff,
    0x12, 0xf2, 0xff, 0xff, 0x12, 0xf2, 0xff, 0xff, 0x12, 0xf2, 0xff, 0xff,
    0x12, 0xf2, 0xff, 0xff, 0x12, 0xf2, 0xff, 0xff, 0x12, 0xf2, 0xff, 0xff,
    0x12, 0xf2, 0xff, 0xff, 0x12, 0xf2, 0xff, 0xff, 0x12, 0xf2, 0xff, 0xff,
    0x12, 0xf2, 0xff, 0xff, 0x12, 0xf2, 0xff, 0xff, 0x12, 0xf2, 0xff, 0xff,
    0x12, 0xf2, 0xff, 0xff, 0x12, 0xf2, 0xff, 0xff, 0x12, 0xf2, 0xff, 0xff,
    0x12, 0xf2, 0xff, 0xff, 0x12, 0xf2, 0xff, 0xff, 0x25, 0xb4, 0xfa, 0xff,
    0x34, 0x86, 0xf5, 0xff, 0x34, 0x86, 0xf4, 0x9d, 0x11, 0xf0, 0xfd, 0x64,
    0x12, 0xf2, 0xff, 0xff, 0x12, 0xf2, 0xff, 0xff, 0x12, 0xf2, 0xff, 0xff,
    0x12, 0xf2, 0xff, 0xff, 0x12, 0xf2, 0xff, 0xff, 0x12, 0xf2, 0xff, 0xff,
    0x12, 0xf2, 0xff, 0xff, 0x12, 0xf2, 0xff, 0xff, 0x12, 0xf2, 0xff, 0xff,
    0x12, 0xf2, 0xff, 0xff, 0x12, 0xf2, 0xff, 0xff, 0x12, 0xf2, 0xff, 0xff,
    0x12, 0xf2, 0xff, 0xff, 0x12, 0xf2, 0xff, 0xff, 0x12, 0xf2, 0xff, 0xff,
    0x12, 0xf2, 0xff, 0xff, 0x12, 0xf2, 0xff, 0xff, 0x12, 0xf2, 0xff, 0xff,
    0x12, 0xf2, 0xff, 0xff, 0x12, 0xf2, 0xff, 0xff, 0x12, 0xf2, 0xff, 0xff,
    0x12, 0xf1, 0xff, 0xff, 0x37, 0x32, 0xed, 0xff, 0x37, 0x32, 0xed, 0xff,
    0x2a, 0x74, 0xf4, 0xff, 0x1a, 0xc8, 0xfc, 0xff, 0x1a, 0xc8, 0xfc, 0xff,
    0x1a, 0xc8, 0xfc, 0xff, 0x1a, 0xc8, 0xfc, 0xff, 0x1a, 0xc8, 0xfc, 0xff,
    0x1a, 0xc8, 0xfc, 0xff, 0x1a, 0xc8, 0xfc, 0xff, 0x1a, 0xc8, 0xfc, 0xff,
    0x1a, 0xc8, 0xfc, 0xff, 0x1a, 0xc8, 0xfc, 0xff, 0x14, 0xe6, 0xfe, 0xff,
    0x12, 0xf2, 0xff, 0xff, 0x12, 0xf2, 0xff, 0xff, 0x12, 0xf2, 0xff, 0xff,
    0x15, 0xe3, 0xfe, 0xff, 0x37, 0x32, 0xed, 0xff, 0x37, 0x32, 0xed, 0xff,
    0x37, 0x32, 0xed, 0xff, 0x28, 0x7f, 0xf5, 0xff, 0x13, 0xea, 0xff, 0xff,
    0x12, 0xf2, 0xff, 0xff, 0x12, 0xf2, 0xff, 0xff, 0x14, 0xe5, 0xfe, 0xff,
    0x2f, 0x5c, 0xf1, 0xff, 0x37, 0x32, 0xed, 0xff, 0x36, 0x34, 0xee, 0xff,
    0x14, 0xe3, 0xfe, 0xff, 0x12, 0xf2, 0xff, 0xff, 0x12, 0xf2, 0xff, 0xff,
    0x12, 0xf2, 0xff, 0xff, 0x21, 0xa3, 0xf8, 0xff, 0x37, 0x32, 0xed, 0xff,
    0x36, 0x35, 0xee, 0xff, 0x12, 0xf2, 0xff, 0xff, 0x12, 0xf2, 0xff, 0xff,
    0x12, 0xf2, 0xff, 0xff, 0x12, 0xf2, 0xff, 0xff, 0x12, 0xee, 0xff, 0xff,
    0x31, 0x4f, 0xf0, 0xff, 0x37, 0x32, 0xed, 0xff, 0x32, 0x4b, 0xf0, 0xff,
    0x17, 0xd4, 0xfd, 0xff, 0x12, 0xf2, 0xff, 0xff, 0x12, 0xf2, 0xff, 0xff,
    0x12, 0xf2, 0xff, 0xff, 0x16, 0xde, 0xfe, 0xff, 0x30, 0x56, 0xf1, 0xff,
    0x37, 0x32, 0xed, 0xff, 0x32, 0x4b, 0xf0, 0xff, 0x13, 0xec, 0xff, 0xff,
    0x12, 0xf2, 0xff, 0xff, 0x12, 0xf2, 0xff, 0xff, 0x12, 0xf2, 0xff, 0xff,
    0x35, 0x3a, 0xee, 0xff, 0x37, 0x32, 0xed, 0xff, 0x37, 0x32, 0xed, 0xff,
    0x2b, 0x6d, 0xf3, 0xff, 0x14, 0xe4, 0xfe, 0xff, 0x12, 0xf2, 0xff, 0xff,
    0x12, 0xf2, 0xff, 0xff, 0x13, 0xeb, 0xff, 0xff, 0x2b, 0x6e, 0xf3, 0xff,
    0x37, 0x32, 0xed, 0xff, 0x37, 0x32, 0xed, 0xff, 0x19, 0xcd, 0xfc, 0xff,
    0x12, 0xf2, 0xff, 0xff, 0x12, 0xf2, 0xff, 0xff, 0x12, 0xf2, 0xff, 0xff,
    0x27, 0x86, 0xf5, 0xff, 0x37, 0x32, 0xed, 0xff, 0x36, 0x35, 0xee, 0xff,
    0x1e, 0xb1, 0xf9, 0xff, 0x12, 0xf2, 0xff, 0xff, 0x12, 0xf2, 0xff, 0xff,
    0x12, 0xf2, 0xff, 0xff, 0x19, 0xcd, 0xfc, 0xff, 0x33, 0x43, 0xef, 0xff,
    0x37, 0x32, 0xed, 0xff, 0x37, 0x32, 0xed, 0xff, 0x28, 0x7d, 0xf4, 0xff,
    0x12, 0xf2, 0xff, 0xff, 0x12, 0xf2, 0xff, 0xff, 0x12, 0xf2, 0xff, 0xff,
    0x21, 0xa1, 0xf8, 0xff, 0x37, 0x32, 0xed, 0xff, 0x36, 0x38, 0xee, 0xff,
    0x12, 0xf2, 0xff, 0xff, 0x12, 0xf2, 0xff, 0xff, 0x12, 0xf2, 0xff, 0xff,
    0x12, 0xf2, 0xff, 0xff, 0x12, 0xf2, 0xff, 0xff, 0x12, 0xf2, 0xff, 0xff,
    0x12, 0xf2, 0xff, 0xff, 0x12, 0xf2, 0xff, 0xff, 0x12, 0xf2, 0xff, 0xff,
    0x12, 0xf2, 0xff, 0xff, 0x12, 0xf2, 0xff, 0xff, 0x12, 0xf2, 0xff, 0xff,
    0x12, 0xf2, 0xff, 0xff, 0x12, 0xf2, 0xff, 0xff, 0x12, 0xf2, 0xff, 0xff,
    0x12, 0xf2, 0xff, 0xff, 0x12, 0xf2, 0xff, 0xff, 0x12, 0xf2, 0xff, 0xff,
    0x12, 0xf2, 0xff, 0xff, 0x12, 0xf2, 0xff, 0xff, 0x12, 0xf2, 0xff, 0xff,
    0x12, 0xf2, 0xff, 0xff, 0x12, 0xf2, 0xff, 0xff, 0x12, 0xf2, 0xff, 0xff,
    0x25, 0xb4, 0xfa, 0xff, 0x34, 0x86, 0xf5, 0xff, 0x34, 0x86, 0xf4, 0x9d,
    0x11, 0xf0, 0xfd, 0x64, 0x12, 0xf2, 0xff, 0xff, 0x12, 0xf2, 0xff, 0xff,
    0x12, 0xf2, 0xff, 0xff, 0x12, 0xf2, 0xff, 0xff, 0x12, 0xf2, 0xff, 0xff,
    0x12, 0xf2, 0xff, 0xff, 0x12, 0xf2, 0xff, 0xff, 0x12, 0xf2, 0xff, 0xff,
    0x12, 0xf2, 0xff, 0xff, 0x12, 0xf2, 0xff, 0xff, 0x12, 0xf2, 0xff, 0xff,
    0x12, 0xf2, 0xff, 0xff, 0x12, 0xf2, 0xff, 0xff, 0x12, 0xf2, 0xff, 0xff,
    0x12, 0xf2, 0xff, 0xff, 0x12, 0xf2, 0xff, 0xff, 0x12, 0xf2, 0xff, 0xff,
    0x12, 0xf2, 0xff, 0xff, 0x12, 0xf2, 0xff, 0xff, 0x12, 0xf2, 0xff, 0xff,
    0x12, 0xf2, 0xff, 0xff, 0x12, 0xf1, 0xff, 0xff, 0x37, 0x32, 0xed, 0xff,
    0x37, 0x32, 0xed, 0xff, 0x37, 0x32, 0xed, 0xff, 0x37, 0x32, 0xed, 0xff,
    0x37, 0x32, 0xed, 0xff, 0x37, 0x32, 0xed, 0xff, 0x37, 0x32, 0xed, 0xff,
    0x37, 0x32, 0xed, 0xff, 0x37, 0x32, 0xed, 0xff, 0x37, 0x32, 0xed, 0xff,
    0x37, 0x32, 0xed, 0xff, 0x37, 0x32, 0xed, 0xff, 0x37, 0x32, 0xed, 0xff,
    0x1c, 0xbb, 0xfa, 0xff, 0x12, 0xf2, 0xff, 0xff, 0x12, 0xf2, 0xff, 0xff,
    0x12, 0xf2, 0xff, 0xff, 0x15, 0xe3, 0xfe, 0xff, 0x37, 0x32, 0xed, 0xff,
    0x37, 0x32, 0xed, 0xff, 0x30, 0x55, 0xf1, 0xff, 0x12, 0xf1, 0xff, 0xff,
    0x12, 0xf2, 0xff, 0xff, 0x12, 0xf2, 0xff, 0xff, 0x12, 0xf2, 0xff, 0xff,
    0x12, 0xf2, 0xff, 0xff, 0x1b, 0xbf, 0xfb, 0xff, 0x37, 0x32, 0xed, 0xff,
    0x37, 0x32, 0xed, 0xff, 0x1c, 0xbe, 0xfb, 0xff, 0x12, 0xf2, 0xff, 0xff,
    0x12, 0xf2, 0xff, 0xff, 0x12, 0xf2, 0xff, 0xff, 0x21, 0xa3, 0xf8, 0xff,
    0x37, 0x32, 0xed, 0xff, 0x36, 0x35, 0xee, 0xff, 0x12, 0xf2, 0xff, 0xff,
    0x12, 0xf2, 0xff, 0xff, 0x12, 0xf2, 0xff, 0xff, 0x12, 0xf2, 0xff, 0xff,
    0x1f, 0xab, 0xf9, 0xff, 0x37, 0x32, 0xed, 0xff, 0x36, 0x33, 0xee, 0xff,
    0x19, 0xcd, 0xfc, 0xff, 0x12, 0xf2, 0xff, 0xff, 0x12, 0xf2, 0xff, 0xff,
    0x12, 0xf2, 0xff, 0xff, 0x12, 0xf2, 0xff, 0xff, 0x12, 0xf2, 0xff, 0xff,
    0x16, 0xda, 0xfd, 0xff, 0x36, 0x35, 0xee, 0xff, 0x37, 0x32, 0xed, 0xff,
    0x20, 0xa8, 0xf9, 0xff, 0x12, 0xf2, 0xff, 0xff, 0x12, 0xf2, 0xff, 0xff,
    0x12, 0xf2, 0xff, 0xff, 0x35, 0x3a, 0xee, 0xff, 0x37, 0x32, 0xed, 0xff,
    0x34, 0x42, 0xef, 0xff, 0x13, 0xec, 0xff, 0xff, 0x12, 0xf2, 0xff, 0xff,
    0x12, 0xf2, 0xff, 0xff, 0x12, 0xf2, 0xff, 0xff, 0x12, 0xf2, 0xff, 0xff,
    0x17, 0xd7, 0xfd, 0xff, 0x37, 0x32, 0xed, 0xff, 0x37, 0x32, 0xed, 0xff,
    0x20, 0xa5, 0xf8, 0xff, 0x12, 0xf2, 0xff, 0xff, 0x12, 0xf2, 0xff, 0xff,
    0x13, 0xe9, 0xff, 0xff, 0x35, 0x39, 0xee, 0xff, 0x37, 0x32, 0xed, 0xff,
    0x26, 0x88, 0xf6, 0xff, 0x12, 0xf2, 0xff, 0xff, 0x12, 0xf2, 0xff, 0xff,
    0x12, 0xf2, 0xff, 0xff, 0x12, 0xf2, 0xff, 0xff, 0x12, 0xf2, 0xff, 0xff,
    0x1d, 0xb9, 0xfa, 0xff, 0x37, 0x32, 0xed, 0xff, 0x37, 0x32, 0xed, 0xff,
    0x28, 0x7d, 0xf4, 0xff, 0x12, 0xf2, 0xff, 0xff, 0x12, 0xf2, 0xff, 0xff,
    0x12, 0xf2, 0xff, 0xff, 0x21, 0xa1, 0xf8, 0xff, 0x37, 0x32, 0xed, 0xff,
    0x36, 0x38, 0xee, 0xff, 0x12, 0xf2, 0xff, 0xff, 0x12, 0xf2, 0xff, 0xff,
    0x12, 0xf2, 0xff, 0xff, 0x12, 0xf2, 0xff, 0xff, 0x12, 0xf2, 0xff, 0xff,
    0x12, 0xf2, 0xff, 0xff, 0x12, 0xf2, 0xff, 0xff, 0x12, 0xf2, 0xff, 0xff,
    0x12, 0xf2, 0xff, 0xff, 0x12, 0xf2, 0xff, 0xff, 0x12, 0xf2, 0xff, 0xff,
    0x12, 0xf2, 0xff, 0xff, 0x12, 0xf2, 0xff, 0xff, 0x12, 0xf2, 0xff, 0xff,
    0x12, 0xf2, 0xff, 0xff, 0x12, 0xf2, 0xff, 0xff, 0x12, 0xf2, 0xff, 0xff,
    0x12, 0xf2, 0xff, 0xff, 0x12, 0xf2, 0xff, 0xff, 0x12, 0xf2, 0xff, 0xff,
    0x12, 0xf2, 0xff, 0xff, 0x12, 0xf2, 0xff, 0xff, 0x12, 0xf2, 0xff, 0xff,
    0x12, 0xf2, 0xff, 0xff, 0x25, 0xb4, 0xfa, 0xff, 0x34, 0x86, 0xf5, 0xff,
    0x34, 0x86, 0xf4, 0x9d, 0x11, 0xf0, 0xfd, 0x64, 0x12, 0xf2, 0xff, 0xff,
    0x12, 0xf2, 0xff, 0xff, 0x12, 0xf2, 0xff, 0xff, 0x12, 0xf2, 0xff, 0xff,
    0x12, 0xf2, 0xff, 0xff, 0x12, 0xf2, 0xff, 0xff, 0x12, 0xf2, 0xff, 0xff,
    0x12, 0xf2, 0xff, 0xff, 0x12, 0xf2, 0xff, 0xff, 0x12, 0xf2, 0xff, 0xff,
    0x12, 0xf2, 0xff, 0xff, 0x12, 0xf2, 0xff, 0xff, 0x12, 0xf2, 0xff, 0xff,
    0x12, 0xf2, 0xff, 0xff, 0x12, 0xf2, 0xff, 0xff, 0x12, 0xf2, 0xff, 0xff,
    0x12, 0xf2, 0xff, 0xff, 0x12, 0xf2, 0xff, 0xff, 0x12, 0xf2, 0xff, 0xff,
    0x12, 0xf2, 0xff, 0xff, 0x12, 0xf2, 0xff, 0xff, 0x12, 0xf1, 0xff, 0xff,
    0x37, 0x32, 0xed, 0xff, 0x37, 0x32, 0xed, 0xff, 0x37, 0x32, 0xed, 0xff,
    0x37, 0x32, 0xed, 0xff, 0x37, 0x32, 0xed, 0xff, 0x37, 0x32, 0xed, 0xff,
    0x37, 0x32, 0xed, 0xff, 0x37, 0x32, 0xed, 0xff, 0x37, 0x32, 0xed, 0xff,
    0x37, 0x32, 0xed, 0xff, 0x37, 0x32, 0xed, 0xff, 0x37, 0x32, 0xed, 0xff,
    0x37, 0x32, 0xed, 0xff, 0x1c, 0xbb, 0xfa, 0xff, 0x12, 0xf2, 0xff, 0xff,
    0x12, 0xf2, 0xff, 0xff, 0x12, 0xf2, 0xff, 0xff, 0x15, 0xe3, 0xfe, 0xff,
    0x37, 0x32, 0xed, 0xff, 0x37, 0x32, 0xed, 0xff, 0x24, 0x93, 0xf7, 0xff,
    0x12, 0xf2, 0xff, 0xff, 0x12, 0xf2, 0xff, 0xff, 0x12, 0xf2, 0xff, 0xff,
    0x12, 0xf2, 0xff, 0xff, 0x12, 0xf2, 0xff, 0xff, 0x15, 0xe0, 0xfe, 0xff,
    0x37, 0x32, 0xed, 0xff, 0x37, 0x32, 0xed, 0xff, 0x1e, 0xb2, 0xf9, 0xff,
    0x12, 0xf2, 0xff, 0xff, 0x12, 0xf2, 0xff, 0xff, 0x12, 0xf2, 0xff, 0xff,
    0x21, 0xa3, 0xf8, 0xff, 0x37, 0x32, 0xed, 0xff, 0x36, 0x35, 0xee, 0xff,
    0x12, 0xf2, 0xff, 0xff, 0x12, 0xf2, 0xff, 0xff, 0x12, 0xf2, 0xff, 0xff,
    0x12, 0xf2, 0xff, 0xff, 0x2b, 0x6d, 0xf3, 0xff, 0x37, 0x32, 0xed, 0xff,
    0x2e, 0x5e, 0xf2, 0xff, 0x12, 0xf2, 0xff, 0xff, 0x12, 0xf2, 0xff, 0xff,
    0x12, 0xf2, 0xff, 0xff, 0x12, 0xf2, 0xff, 0xff, 0x12, 0xf2, 0xff, 0xff,
    0x12, 0xf2, 0xff, 0xff, 0x12, 0xf2, 0xff, 0xff, 0x2d, 0x63, 0xf2, 0xff,
    0x37, 0x32, 0xed, 0xff, 0x2a, 0x72, 0xf3, 0xff, 0x12, 0xf2, 0xff, 0xff,
    0x12, 0xf2, 0xff, 0xff, 0x12, 0xf2, 0xff, 0xff, 0x35, 0x3a, 0xee, 0xff,
    0x37, 0x32, 0xed, 0xff, 0x29, 0x7b, 0xf4, 0xff, 0x12, 0xf2, 0xff, 0xff,
    0x12, 0xf2, 0xff, 0xff, 0x12, 0xf2, 0xff, 0xff, 0x12, 0xf2, 0xff, 0xff,
    0x12, 0xf2, 0xff, 0xff, 0x12, 0xf2, 0xff, 0xff, 0x35, 0x38, 0xee, 0xff,
    0x37, 0x32, 0xed, 0xff, 0x23, 0x9a, 0xf7, 0xff, 0x12, 0xf2, 0xff, 0xff,
    0x12, 0xf2, 0xff, 0xff, 0x1d, 0xb8, 0xfa, 0xff, 0x37, 0x32, 0xed, 0xff,
    0x37, 0x32, 0xed, 0xff, 0x18, 0xd3, 0xfd, 0xff, 0x12, 0xf2, 0xff, 0xff,
    0x12, 0xf2, 0xff, 0xff, 0x12, 0xf2, 0xff, 0xff, 0x12, 0xf2, 0xff, 0xff,
    0x12, 0xf2, 0xff, 0xff, 0x12, 0xf2, 0xff, 0xff, 0x32, 0x48, 0xf0, 0xff,
    0x37, 0x32, 0xed, 0xff, 0x28, 0x7d, 0xf4, 0xff, 0x12, 0xf2, 0xff, 0xff,
    0x12, 0xf2, 0xff, 0xff, 0x12, 0xf2, 0xff, 0xff, 0x21, 0xa1, 0xf8, 0xff,
    0x37, 0x32, 0xed, 0xff, 0x36, 0x38, 0xee, 0xff, 0x12, 0xf2, 0xff, 0xff,
    0x12, 0xf2, 0xff, 0xff, 0x12, 0xf2, 0xff, 0xff, 0x12, 0xf2, 0xff, 0xff,
    0x12, 0xf2, 0xff, 0xff, 0x12, 0xf2, 0xff, 0xff, 0x12, 0xf2, 0xff, 0xff,
    0x12, 0xf2, 0xff, 0xff, 0x12, 0xf2, 0xff, 0xff, 0x12, 0xf2, 0xff, 0xff,
    0x12, 0xf2, 0xff, 0xff, 0x12, 0xf2, 0xff, 0xff, 0x12, 0xf2, 0xff, 0xff,
    0x12, 0xf2, 0xff, 0xff, 0x12, 0xf2, 0xff, 0xff, 0x12, 0xf2, 0xff, 0xff,
    0x12, 0xf2, 0xff, 0xff, 0x12, 0xf2, 0xff, 0xff, 0x12, 0xf2, 0xff, 0xff,
    0x12, 0xf2, 0xff, 0xff, 0x12, 0xf2, 0xff, 0xff, 0x12, 0xf2, 0xff, 0xff,
    0x12, 0xf2, 0xff, 0xff, 0x12, 0xf2, 0xff, 0xff, 0x25, 0xb4, 0xfa, 0xff,
    0x34, 0x86, 0xf5, 0xff, 0x34, 0x86, 0xf4, 0x9d, 0x11, 0xf0, 0xfd, 0x64,
    0x12, 0xf2, 0xff, 0xff, 0x12, 0xf2, 0xff, 0xff, 0x12, 0xf2, 0xff, 0xff,
    0x12, 0xf2, 0xff, 0xff, 0x12, 0xf2, 0xff, 0xff, 0x12, 0xf2, 0xff, 0xff,
    0x12, 0xf2, 0xff, 0xff, 0x12, 0xf2, 0xff, 0xff, 0x12, 0xf2, 0xff, 0xff,
    0x12, 0xf2, 0xff, 0xff, 0x12, 0xf2, 0xff, 0xff, 0x12, 0xf2, 0xff, 0xff,
    0x12, 0xf2, 0xff, 0xff, 0x12, 0xf2, 0xff, 0xff, 0x12, 0xf2, 0xff, 0xff,
    0x12, 0xf2, 0xff, 0xff, 0x12, 0xf2, 0xff, 0xff, 0x12, 0xf2, 0xff, 0xff,
    0x12, 0xf2, 0xff, 0xff, 0x12, 0xf2, 0xff, 0xff, 0x12, 0xf2, 0xff, 0xff,
    0x12, 0xf1, 0xff, 0xff, 0x37, 0x32, 0xed, 0xff, 0x37, 0x32, 0xed, 0xff,
    0x28, 0x7f, 0xf5, 0xff, 0x15, 0xe0, 0xfe, 0xff, 0x15, 0xe0, 0xfe, 0xff,
    0x15, 0xe0, 0xfe, 0xff, 0x15, 0xe0, 0xfe, 0xff, 0x15, 0xe0, 0xfe, 0xff,
    0x15, 0xe0, 0xfe, 0xff, 0x15, 0xe0, 0xfe, 0xff, 0x15, 0xe0, 0xfe, 0xff,
    0x15, 0xe0, 0xfe, 0xff, 0x15, 0xe0, 0xfe, 0xff, 0x13, 0xed, 0xff, 0xff,
    0x12, 0xf2, 0xff, 0xff, 0x12, 0xf2, 0xff, 0xff, 0x12, 0xf2, 0xff, 0xff,
    0x15, 0xe3, 0xfe, 0xff, 0x37, 0x32, 0xed, 0xff, 0x37, 0x32, 0xed, 0xff,
    0x1f, 0xae, 0xf9, 0xff, 0x12, 0xf2, 0xff, 0xff, 0x12, 0xf2, 0xff, 0xff,
    0x12, 0xf2, 0xff, 0xff, 0x12, 0xf2, 0xff, 0xff, 0x12, 0xf2, 0xff, 0xff,
    0x13, 0xe9, 0xff, 0xff, 0x37, 0x32, 0xed, 0xff, 0x37, 0x32, 0xed, 0xff,
    0x1f, 0xae, 0xf9, 0xff, 0x12, 0xf2, 0xff, 0xff, 0x12, 0xf2, 0xff, 0xff,
    0x12, 0xf2, 0xff, 0xff, 0x21, 0xa3, 0xf8, 0xff, 0x37, 0x32, 0xed, 0xff,
    0x36, 0x35, 0xee, 0xff, 0x12, 0xf2, 0xff, 0xff, 0x12, 0xf2, 0xff, 0xff,
    0x12, 0xf2, 0xff, 0xff, 0x12, 0xf2, 0xff, 0xff, 0x32, 0x48, 0xf0, 0xff,
    0x37, 0x32, 0xed, 0xff, 0x2e, 0x5f, 0xf2, 0xff, 0x20, 0xa7, 0xf8, 0xff,
    0x20, 0xa7, 0xf8, 0xff, 0x20, 0xa7, 0xf8, 0xff, 0x20, 0xa7, 0xf8, 0xff,
    0x20, 0xa7, 0xf8, 0xff, 0x20, 0xa7, 0xf8, 0xff, 0x20, 0xa7, 0xf8, 0xff,
    0x2e, 0x61, 0xf2, 0xff, 0x37, 0x32, 0xed, 0xff, 0x31, 0x4e, 0xf0, 0xff,
    0x12, 0xf2, 0xff, 0xff, 0x12, 0xf2, 0xff, 0xff, 0x12, 0xf2, 0xff, 0xff,
    0x35, 0x3a, 0xee, 0xff, 0x37, 0x32, 0xed, 0xff, 0x23, 0x95, 0xf7, 0xff,
    0x12, 0xf2, 0xff, 0xff, 0x12, 0xf2, 0xff, 0xff, 0x12, 0xf2, 0xff, 0xff,
    0x12, 0xf2, 0xff, 0xff, 0x12, 0xf2, 0xff, 0xff, 0x12, 0xf2, 0xff, 0xff,
    0x34, 0x41, 0xef, 0xff, 0x37, 0x32, 0xed, 0xff, 0x23, 0x96, 0xf7, 0xff,
    0x12, 0xf2, 0xff, 0xff, 0x12, 0xf2, 0xff, 0xff, 0x23, 0x96, 0xf7, 0xff,
    0x37, 0x32, 0xed, 0xff, 0x35, 0x3a, 0xee, 0xff, 0x12, 0xf1, 0xff, 0xff,
    0x12, 0xf2, 0xff, 0xff, 0x12, 0xf2, 0xff, 0xff, 0x12, 0xf2, 0xff, 0xff,
    0x12, 0xf2, 0xff, 0xff, 0x12, 0xf2, 0xff, 0xff, 0x12, 0xf2, 0xff, 0xff,
    0x2a, 0x72, 0xf3, 0xff, 0x37, 0x32, 0xed, 0xff, 0x28, 0x7d, 0xf4, 0xff,
    0x12, 0xf2, 0xff, 0xff, 0x12, 0xf2, 0xff, 0xff, 0x12, 0xf2, 0xff, 0xff,
    0x21, 0xa1, 0xf8, 0xff, 0x37, 0x32, 0xed, 0xff, 0x36, 0x38, 0xee, 0xff,
    0x12, 0xf2, 0xff, 0xff, 0x12, 0xf2, 0xff, 0xff, 0x12, 0xf2, 0xff, 0xff,
    0x12, 0xf2, 0xff, 0xff, 0x12, 0xf2, 0xff, 0xff, 0x12, 0xf2, 0xff, 0xff,
    0x12, 0xf2, 0xff, 0xff, 0x12, 0xf2, 0xff, 0xff, 0x12, 0xf2, 0xff, 0xff,
    0x12, 0xf2, 0xff, 0xff, 0x12, 0xf2, 0xff, 0xff, 0x12, 0xf2, 0xff, 0xff,
    0x12, 0xf2, 0xff, 0xff, 0x12, 0xf2, 0xff, 0xff, 0x12, 0xf2, 0xff, 0xff,
    0x12, 0xf2, 0xff, 0xff, 0x12, 0xf2, 0xff, 0xff, 0x12, 0xf2, 0xff, 0xff,
    0x12, 0xf2, 0xff, 0xff, 0x12, 0xf2, 0xff, 0xff, 0x12, 0xf2, 0xff, 0xff,
    0x12, 0xf2, 0xff, 0xff, 0x12, 0xf2, 0xff, 0xff, 0x12, 0xf2, 0xff, 0xff,
    0x25, 0xb4, 0xfa, 0xff, 0x34, 0x86, 0xf5, 0xff, 0x34, 0x86, 0xf4, 0x9d,
    0x11, 0xf0, 0xfd, 0x64, 0x12, 0xf2, 0xff, 0xff, 0x12, 0xf2, 0xff, 0xff,
    0x12, 0xf2, 0xff, 0xff, 0x12, 0xf2, 0xff, 0xff, 0x12, 0xf2, 0xff, 0xff,
    0x12, 0xf2, 0xff, 0xff, 0x12, 0xf2, 0xff, 0xff, 0x12, 0xf2, 0xff, 0xff,
    0x12, 0xf2, 0xff, 0xff, 0x12, 0xf2, 0xff, 0xff, 0x12, 0xf2, 0xff, 0xff,
    0x12, 0xf2, 0xff, 0xff, 0x12, 0xf2, 0xff, 0xff, 0x12, 0xf2, 0xff, 0xff,
    0x12, 0xf2, 0xff, 0xff, 0x12, 0xf2, 0xff, 0xff, 0x12, 0xf2, 0xff, 0xff,
    0x12, 0xf2, 0xff, 0xff, 0x12, 0xf2, 0xff, 0xff, 0x12, 0xf2, 0xff, 0xff,
    0x12, 0xf2, 0xff, 0xff, 0x12, 0xf1, 0xff, 0xff, 0x37, 0x32, 0xed, 0xff,
    0x37, 0x32, 0xed, 0xff, 0x26, 0x87, 0xf5, 0xff, 0x12, 0xf2, 0xff, 0xff,
    0x12, 0xf2, 0xff, 0xff, 0x12, 0xf2, 0xff, 0xff, 0x12, 0xf2, 0xff, 0xff,
    0x12, 0xf2, 0xff, 0xff, 0x12, 0xf2, 0xff, 0xff, 0x12, 0xf2, 0xff, 0xff,
    0x12, 0xf2, 0xff, 0xff, 0x12, 0xf2, 0xff, 0xff, 0x12, 0xf2, 0xff, 0xff,
    0x12, 0xf2, 0xff, 0xff, 0x12, 0xf2, 0xff, 0xff, 0x12, 0xf2, 0xff, 0xff,
    0x12, 0xf2, 0xff, 0xff, 0x15, 0xe3, 0xfe, 0xff, 0x37, 0x32, 0xed, 0xff,
    0x37, 0x32, 0xed, 0xff, 0x1d, 0xb6, 0xfa, 0xff, 0x12, 0xf2, 0xff, 0xff,
    0x12, 0xf2, 0xff, 0xff, 0x12, 0xf2, 0xff, 0xff, 0x12, 0xf2, 0xff, 0xff,
    0x12, 0xf2, 0xff, 0xff, 0x13, 0xea, 0xff, 0xff, 0x37, 0x32, 0xed, 0xff,
    0x37, 0x32, 0xed, 0xff, 0x1f, 0xae, 0xf9, 0xff, 0x12, 0xf2, 0xff, 0xff,
    0x12, 0xf2, 0xff, 0xff, 0x12, 0xf2, 0xff, 0xff, 0x21, 0xa3, 0xf8, 0xff,
    0x37, 0x32, 0xed, 0xff, 0x36, 0x35, 0xee, 0xff, 0x12, 0xf2, 0xff, 0xff,
    0x12, 0xf2, 0xff, 0xff, 0x12, 0xf2, 0xff, 0xff, 0x12, 0xf2, 0xff, 0xff,
    0x36, 0x37, 0xee, 0xff, 0x37, 0x32, 0xed, 0xff, 0x37, 0x32, 0xed, 0xff,
    0x37, 0x32, 0xed, 0xff, 0x37, 0x32, 0xed, 0xff, 0x37, 0x32, 0xed, 0xff,
    0x37, 0x32, 0xed, 0xff, 0x37, 0x32, 0xed, 0xff, 0x37, 0x32, 0xed, 0xff,
    0x37, 0x32, 0xed, 0xff, 0x37, 0x32, 0xed, 0xff, 0x37, 0x32, 0xed, 0xff,
    0x34, 0x3f, 0xef, 0xff, 0x12, 0xf2, 0xff, 0xff, 0x12, 0xf2, 0xff, 0xff,
    0x12, 0xf2, 0xff, 0xff, 0x35, 0x3a, 0xee, 0xff, 0x37, 0x32, 0xed, 0xff,
    0x22, 0x9e, 0xf8, 0xff, 0x12, 0xf2, 0xff, 0xff, 0x12, 0xf2, 0xff, 0xff,
    0x12, 0xf2, 0xff, 0xff, 0x12, 0xf2, 0xff, 0xff, 0x12, 0xf2, 0xff, 0xff,
    0x12, 0xf2, 0xff, 0xff, 0x34, 0x42, 0xef, 0xff, 0x37, 0x32, 0xed, 0xff,
    0x23, 0x96, 0xf7, 0xff, 0x12, 0xf2, 0xff, 0xff, 0x12, 0xf2, 0xff, 0xff,
    0x26, 0x86, 0xf5, 0xff, 0x37, 0x32, 0xed, 0xff, 0x32, 0x48, 0xef, 0xff,
    0x12, 0xf2, 0xff, 0xff, 0x12, 0xf2, 0xff, 0xff, 0x12, 0xf2, 0xff, 0xff,
    0x12, 0xf2, 0xff, 0xff, 0x12, 0xf2, 0xff, 0xff, 0x12, 0xf2, 0xff, 0xff,
    0x12, 0xf2, 0xff, 0xff, 0x27, 0x84, 0xf5, 0xff, 0x37, 0x32, 0xed, 0xff,
    0x28, 0x7d, 0xf4, 0xff, 0x12, 0xf2, 0xff, 0xff, 0x12, 0xf2, 0xff, 0xff,
    0x12, 0xf2, 0xff, 0xff, 0x21, 0xa1, 0xf8, 0xff, 0x37, 0x32, 0xed, 0xff,
    0x36, 0x38, 0xee, 0xff, 0x12, 0xf2, 0xff, 0xff, 0x12, 0xf2, 0xff, 0xff,
    0x12, 0xf2, 0xff, 0xff, 0x12, 0xf2, 0xff, 0xff, 0x12, 0xf2, 0xff, 0xff,
    0x12, 0xf2, 0xff, 0xff, 0x12, 0xf2, 0xff, 0xff, 0x12, 0xf2, 0xff, 0xff,
    0x12, 0xf2, 0xff, 0xff, 0x12, 0xf2, 0xff, 0xff, 0x12, 0xf2, 0xff, 0xff,
    0x12, 0xf2, 0xff, 0xff, 0x12, 0xf2, 0xff, 0xff, 0x12, 0xf2, 0xff, 0xff,
    0x12, 0xf2, 0xff, 0xff, 0x12, 0xf2, 0xff, 0xff, 0x12, 0xf2, 0xff, 0xff,
    0x12, 0xf2, 0xff, 0xff, 0x12, 0xf2, 0xff, 0xff, 0x12, 0xf2, 0xff, 0xff,
    0x12, 0xf2, 0xff, 0xff, 0x12, 0xf2, 0xff, 0xff, 0x12, 0xf2, 0xff, 0xff,
    0x12, 0xf2, 0xff, 0xff, 0x25, 0xb4, 0xfa, 0xff, 0x34, 0x86, 0xf5, 0xff,
    0x34, 0x86, 0xf4, 0x9d, 0x11, 0xf0, 0xfd, 0x64, 0x12, 0xf2, 0xff, 0xff,
    0x12, 0xf2, 0xff, 0xff, 0x12, 0xf2, 0xff, 0xff, 0x12, 0xf2, 0xff, 0xff,
    0x12, 0xf2, 0xff, 0xff, 0x12, 0xf2, 0xff, 0xff, 0x12, 0xf2, 0xff, 0xff,
    0x12, 0xf2, 0xff, 0xff, 0x12, 0xf2, 0xff, 0xff, 0x12, 0xf2, 0xff, 0xff,
    0x12, 0xf2, 0xff, 0xff, 0x12, 0xf2, 0xff, 0xff, 0x12, 0xf2, 0xff, 0xff,
    0x12, 0xf2, 0xff, 0xff, 0x12, 0xf2, 0xff, 0xff, 0x12, 0xf2, 0xff, 0xff,
    0x12, 0xf2, 0xff, 0xff, 0x12, 0xf2, 0xff, 0xff, 0x12, 0xf2, 0xff, 0xff,
    0x12, 0xf2, 0xff, 0xff, 0x12, 0xf2, 0xff, 0xff, 0x12, 0xf1, 0xff, 0xff,
    0x37, 0x32, 0xed, 0xff, 0x37, 0x32, 0xed, 0xff, 0x26, 0x87, 0xf5, 0xff,
    0x12, 0xf2, 0xff, 0xff, 0x12, 0xf2, 0xff, 0xff, 0x12, 0xf2, 0xff, 0xff,
    0x12, 0xf2, 0xff, 0xff, 0x12, 0xf2, 0xff, 0xff, 0x12, 0xf2, 0xff, 0xff,
    0x12, 0xf2, 0xff, 0xff, 0x12, 0xf2, 0xff, 0xff, 0x12, 0xf2, 0xff, 0xff,
    0x12, 0xf2, 0xff, 0xff, 0x12, 0xf2, 0xff, 0xff, 0x12, 0xf2, 0xff, 0xff,
    0x12, 0xf2, 0xff, 0xff, 0x12, 0xf2, 0xff, 0xff, 0x15, 0xe3, 0xfe, 0xff,
    0x37, 0x32, 0xed, 0xff, 0x37, 0x32, 0xed, 0xff, 0x1d, 0xb7, 0xfa, 0xff,
    0x12, 0xf2, 0xff, 0xff, 0x12, 0xf2, 0xff, 0xff, 0x12, 0xf2, 0xff, 0xff,
    0x12, 0xf2, 0xff, 0xff, 0x12, 0xf2, 0xff, 0xff, 0x13, 0xea, 0xff, 0xff,
    0x37, 0x32, 0xed, 0xff, 0x37, 0x32, 0xed, 0xff, 0x1f, 0xae, 0xf9, 0xff,
    0x12, 0xf2, 0xff, 0xff, 0x12, 0xf2, 0xff, 0xff, 0x12, 0xf2, 0xff, 0xff,
    0x21, 0xa3, 0xf8, 0xff, 0x37, 0x32, 0xed, 0xff, 0x36, 0x35, 0xee, 0xff,
    0x12, 0xf2, 0xff, 0xff, 0x12, 0xf2, 0xff, 0xff, 0x12, 0xf2, 0xff, 0xff,
    0x12, 0xf2, 0xff, 0xff, 0x36, 0x36, 0xee, 0xff, 0x37, 0x32, 0xed, 0xff,
    0x2e, 0x5e, 0xf2, 0xff, 0x26, 0x86, 0xf5, 0xff, 0x26, 0x86, 0xf5, 0xff,
    0x26, 0x86, 0xf5, 0xff, 0x26, 0x86, 0xf5, 0xff, 0x26, 0x86, 0xf5, 0xff,
    0x26, 0x86, 0xf5, 0xff, 0x26, 0x86, 0xf5, 0xff, 0x26, 0x86, 0xf5, 0xff,
    0x26, 0x86, 0xf5, 0xff, 0x26, 0x8b, 0xf6, 0xff, 0x12, 0xf2, 0xff, 0xff,
    0x12, 0xf2, 0xff, 0xff, 0x12, 0xf2, 0xff, 0xff, 0x35, 0x3a, 0xee, 0xff,
    0x37, 0x32, 0xed, 0xff, 0x22, 0x9f, 0xf8, 0xff, 0x12, 0xf2, 0xff, 0xff,
    0x12, 0xf2, 0xff, 0xff, 0x12, 0xf2, 0xff, 0xff, 0x12, 0xf2, 0xff, 0xff,
    0x12, 0xf2, 0xff, 0xff, 0x12, 0xf2, 0xff, 0xff, 0x34, 0x42, 0xef, 0xff,
    0x37, 0x32, 0xed, 0xff, 0x23, 0x96, 0xf7, 0xff, 0x12, 0xf2, 0xff, 0xff,
    0x12, 0xf2, 0xff, 0xff, 0x26, 0x87, 0xf5, 0xff, 0x37, 0x32, 0xed, 0xff,
    0x33, 0x47, 0xef, 0xff, 0x12, 0xf2, 0xff, 0xff, 0x12, 0xf2, 0xff, 0xff,
    0x12, 0xf2, 0xff, 0xff, 0x12, 0xf2, 0xff, 0xff, 0x12, 0xf2, 0xff, 0xff,
    0x12, 0xf2, 0xff, 0xff, 0x12, 0xf2, 0xff, 0xff, 0x26, 0x86, 0xf5, 0xff,
    0x37, 0x32, 0xed, 0xff, 0x28, 0x7d, 0xf4, 0xff, 0x12, 0xf2, 0xff, 0xff,
    0x12, 0xf2, 0xff, 0xff, 0x12, 0xf2, 0xff, 0xff, 0x21, 0xa1, 0xf8, 0xff,
    0x37, 0x32, 0xed, 0xff, 0x36, 0x38, 0xee, 0xff, 0x12, 0xf2, 0xff, 0xff,
    0x12, 0xf2, 0xff, 0xff, 0x12, 0xf2, 0xff, 0xff, 0x12, 0xf2, 0xff, 0xff,
    0x12, 0xf2, 0xff, 0xff, 0x12, 0xf2, 0xff, 0xff, 0x12, 0xf2, 0xff, 0xff,
    0x12, 0xf2, 0xff, 0xff, 0x12, 0xf2, 0xff, 0xff, 0x12, 0xf2, 0xff, 0xff,
    0x12, 0xf2, 0xff, 0xff, 0x12, 0xf2, 0xff, 0xff, 0x12, 0xf2, 0xff, 0xff,
    0x12, 0xf2, 0xff, 0xff, 0x12, 0xf2, 0xff, 0xff, 0x12, 0xf2, 0xff, 0xff,
    0x12, 0xf2, 0xff, 0xff, 0x12, 0xf2, 0xff, 0xff, 0x12, 0xf2, 0xff, 0xff,
    0x12, 0xf2, 0xff, 0xff, 0x12, 0xf2, 0xff, 0xff, 0x12, 0xf2, 0xff, 0xff,
    0x12, 0xf2, 0xff, 0xff, 0x12, 0xf2, 0xff, 0xff, 0x25, 0xb4, 0xfa, 0xff,
    0x34, 0x86, 0xf5, 0xff, 0x34, 0x86, 0xf4, 0x9d, 0x11, 0xf0, 0xfd, 0x64,
    0x12, 0xf2, 0xff, 0xff, 0x12, 0xf2, 0xff, 0xff, 0x12, 0xf2, 0xff, 0xff,
    0x12, 0xf2, 0xff, 0xff, 0x12, 0xf2, 0xff, 0xff, 0x12, 0xf2, 0xff, 0xff,
    0x12, 0xf2, 0xff, 0xff, 0x12, 0xf2, 0xff, 0xff, 0x12, 0xf2, 0xff, 0xff,
    0x12, 0xf2, 0xff, 0xff, 0x12, 0xf2, 0xff, 0xff, 0x12, 0xf2, 0xff, 0xff,
    0x12, 0xf2, 0xff, 0xff, 0x12, 0xf2, 0xff, 0xff, 0x12, 0xf2, 0xff, 0xff,
    0x12, 0xf2, 0xff, 0xff, 0x12, 0xf2, 0xff, 0xff, 0x12, 0xf2, 0xff, 0xff,
    0x12, 0xf2, 0xff, 0xff, 0x12, 0xf2, 0xff, 0xff, 0x12, 0xf2, 0xff, 0xff,
    0x12, 0xf1, 0xff, 0xff, 0x37, 0x32, 0xed, 0xff, 0x37, 0x32, 0xed, 0xff,
    0x26, 0x87, 0xf5, 0xff, 0x12, 0xf2, 0xff, 0xff, 0x12, 0xf2, 0xff, 0xff,
    0x12, 0xf2, 0xff, 0xff, 0x12, 0xf2, 0xff, 0xff, 0x12, 0xf2, 0xff, 0xff,
    0x12, 0xf2, 0xff, 0xff, 0x12, 0xf2, 0xff, 0xff, 0x12, 0xf2, 0xff, 0xff,
    0x12, 0xf2, 0xff, 0xff, 0x12, 0xf2, 0xff, 0xff, 0x12, 0xf2, 0xff, 0xff,
    0x12, 0xf2, 0xff, 0xff, 0x12, 0xf2, 0xff, 0xff, 0x12, 0xf2, 0xff, 0xff,
    0x15, 0xe3, 0xfe, 0xff, 0x37, 0x32, 0xed, 0xff, 0x37, 0x32, 0xed, 0xff,
    0x1d, 0xb7, 0xfa, 0xff, 0x12, 0xf2, 0xff, 0xff, 0x12, 0xf2, 0xff, 0xff,
    0x12, 0xf2, 0xff, 0xff, 0x12, 0xf2, 0xff, 0xff, 0x12, 0xf2, 0xff, 0xff,
    0x13, 0xea, 0xff, 0xff, 0x37, 0x32, 0xed, 0xff, 0x37, 0x32, 0xed, 0xff,
    0x1f, 0xae, 0xf9, 0xff, 0x12, 0xf2, 0xff, 0xff, 0x12, 0xf2, 0xff, 0xff,
    0x12, 0xf2, 0xff, 0xff, 0x21, 0xa3, 0xf8, 0xff, 0x37, 0x32, 0xed, 0xff,
    0x36, 0x35, 0xee, 0xff, 0x12, 0xf2, 0xff, 0xff, 0x12, 0xf2, 0xff, 0xff,
    0x12, 0xf2, 0xff, 0xff, 0x12, 0xf2, 0xff, 0xff, 0x33, 0x45, 0xef, 0xff,
    0x37, 0x32, 0xed, 0xff, 0x27, 0x84, 0xf5, 0xff, 0x12, 0xf2, 0xff, 0xff,
    0x12, 0xf2, 0xff, 0xff, 0x12, 0xf2, 0xff, 0xff, 0x12, 0xf2, 0xff, 0xff,
    0x12, 0xf2, 0xff, 0xff, 0x12, 0xf2, 0xff, 0xff, 0x12, 0xf2, 0xff, 0xff,
    0x12, 0xf2, 0xff, 0xff, 0x12, 0xf2, 0xff, 0xff, 0x12, 0xf2, 0xff, 0xff,
    0x12, 0xf2, 0xff, 0xff, 0x12, 0xf2, 0xff, 0xff, 0x12, 0xf2, 0xff, 0xff,
    0x35, 0x3a, 0xee, 0xff, 0x37, 0x32, 0xed, 0xff, 0x22, 0x9f, 0xf8, 0xff,
    0x12, 0xf2, 0xff, 0xff, 0x12, 0xf2, 0xff, 0xff, 0x12, 0xf2, 0xff, 0xff,
    0x12, 0xf2, 0xff, 0xff, 0x12, 0xf2, 0xff, 0xff, 0x12, 0xf2, 0xff, 0xff,
    0x34, 0x42, 0xef, 0xff, 0x37, 0x32, 0xed, 0xff, 0x23, 0x96, 0xf7, 0xff,
    0x12, 0xf2, 0xff, 0xff, 0x12, 0xf2, 0xff, 0xff, 0x23, 0x99, 0xf7, 0xff,
    0x37, 0x32, 0xed, 0xff, 0x36, 0x37, 0xee, 0xff, 0x12, 0xef, 0xff, 0xff,
    0x12, 0xf2, 0xff, 0xff, 0x12, 0xf2, 0xff, 0xff, 0x12, 0xf2, 0xff, 0xff,
    0x12, 0xf2, 0xff, 0xff, 0x12, 0xf2, 0xff, 0xff, 0x12, 0xf2, 0xff, 0xff,
    0x29, 0x77, 0xf4, 0xff, 0x37, 0x32, 0xed, 0xff, 0x28, 0x7d, 0xf4, 0xff,
    0x12, 0xf2, 0xff, 0xff, 0x12, 0xf2, 0xff, 0xff, 0x12, 0xf2, 0xff, 0xff,
    0x21, 0xa1, 0xf8, 0xff, 0x37, 0x32, 0xed, 0xff, 0x36, 0x38, 0xee, 0xff,
    0x12, 0xf2, 0xff, 0xff, 0x12, 0xf2, 0xff, 0xff, 0x12, 0xf2, 0xff, 0xff,
    0x12, 0xf2, 0xff, 0xff, 0x12, 0xf2, 0xff, 0xff, 0x12, 0xf2, 0xff, 0xff,
    0x12, 0xf2, 0xff, 0xff, 0x12, 0xf2, 0xff, 0xff, 0x12, 0xf2, 0xff, 0xff,
    0x12, 0xf2, 0xff, 0xff, 0x12, 0xf2, 0xff, 0xff, 0x12, 0xf2, 0xff, 0xff,
    0x12, 0xf2, 0xff, 0xff, 0x12, 0xf2, 0xff, 0xff, 0x12, 0xf2, 0xff, 0xff,
    0x12, 0xf2, 0xff, 0xff, 0x12, 0xf2, 0xff, 0xff, 0x12, 0xf2, 0xff, 0xff,
    0x12, 0xf2, 0xff, 0xff, 0x12, 0xf2, 0xff, 0xff, 0x12, 0xf2, 0xff, 0xff,
    0x12, 0xf2, 0xff, 0xff, 0x12, 0xf2, 0xff, 0xff, 0x12, 0xf2, 0xff, 0xff,
    0x25, 0xb4, 0xfa, 0xff, 0x34, 0x86, 0xf5, 0xff, 0x34, 0x86, 0xf4, 0x9d,
    0x11, 0xf0, 0xfd, 0x64, 0x12, 0xf2, 0xff, 0xff, 0x12, 0xf2, 0xff, 0xff,
    0x12, 0xf2, 0xff, 0xff, 0x12, 0xf2, 0xff, 0xff, 0x12, 0xf2, 0xff, 0xff,
    0x12, 0xf2, 0xff, 0xff, 0x12, 0xf2, 0xff, 0xff, 0x12, 0xf2, 0xff, 0xff,
    0x12, 0xf2, 0xff, 0xff, 0x12, 0xf2, 0xff, 0xff, 0x12, 0xf2, 0xff, 0xff,
    0x12, 0xf2, 0xff, 0xff, 0x12, 0xf2, 0xff, 0xff, 0x12, 0xf2, 0xff, 0xff,
    0x12, 0xf2, 0xff, 0xff, 0x12, 0xf2, 0xff, 0xff, 0x12, 0xf2, 0xff, 0xff,
    0x12, 0xf2, 0xff, 0xff, 0x12, 0xf2, 0xff, 0xff, 0x12, 0xf2, 0xff, 0xff,
    0x12, 0xf2, 0xff, 0xff, 0x12, 0xf1, 0xff, 0xff, 0x37, 0x32, 0xed, 0xff,
    0x37, 0x32, 0xed, 0xff, 0x26, 0x87, 0xf5, 0xff, 0x12, 0xf2, 0xff, 0xff,
    0x12, 0xf2, 0xff, 0xff, 0x12, 0xf2, 0xff, 0xff, 0x12, 0xf2, 0xff, 0xff,
    0x12, 0xf2, 0xff, 0xff, 0x12, 0xf2, 0xff, 0xff, 0x12, 0xf2, 0xff, 0xff,
    0x12, 0xf2, 0xff, 0xff, 0x12, 0xf2, 0xff, 0xff, 0x12, 0xf2, 0xff, 0xff,
    0x12, 0xf2, 0xff, 0xff, 0x12, 0xf2, 0xff, 0xff, 0x12, 0xf2, 0xff, 0xff,
    0x12, 0xf2, 0xff, 0xff, 0x15, 0xe3, 0xfe, 0xff, 0x37, 0x32, 0xed, 0xff,
    0x37, 0x32, 0xed, 0xff, 0x1d, 0xb7, 0xfa, 0xff, 0x12, 0xf2, 0xff, 0xff,
    0x12, 0xf2, 0xff, 0xff, 0x12, 0xf2, 0xff, 0xff, 0x12, 0xf2, 0xff, 0xff,
    0x12, 0xf2, 0xff, 0xff, 0x13, 0xea, 0xff, 0xff, 0x37, 0x32, 0xed, 0xff,
    0x37, 0x32, 0xed, 0xff, 0x1f, 0xae, 0xf9, 0xff, 0x12, 0xf2, 0xff, 0xff,
    0x12, 0xf2, 0xff, 0xff, 0x12, 0xf2, 0xff, 0xff, 0x21, 0xa3, 0xf8, 0xff,
    0x37, 0x32, 0xed, 0xff, 0x36, 0x35, 0xee, 0xff, 0x12, 0xf2, 0xff, 0xff,
    0x12, 0xf2, 0xff, 0xff, 0x12, 0xf2, 0xff, 0xff, 0x12, 0xf2, 0xff, 0xff,
    0x2c, 0x6a, 0xf3, 0xff, 0x37, 0x32, 0xed, 0xff, 0x30, 0x52, 0xf0, 0xff,
    0x12, 0xf2, 0xff, 0xff, 0x12, 0xf2, 0xff, 0xff, 0x12, 0xf2, 0xff, 0xff,
    0x12, 0xf2, 0xff, 0xff, 0x12, 0xf2, 0xff, 0xff, 0x12, 0xf2, 0xff, 0xff,
    0x12, 0xf2, 0xff, 0xff, 0x1f, 0xad, 0xf9, 0xff, 0x21, 0xa4, 0xf8, 0xff,
    0x1b, 0xc3, 0xfb, 0xff, 0x12, 0xf2, 0xff, 0xff, 0x12, 0xf2, 0xff, 0xff,
    0x12, 0xf2, 0xff, 0xff, 0x35, 0x3a, 0xee, 0xff, 0x37, 0x32, 0xed, 0xff,
    0x22, 0x9f, 0xf8, 0xff, 0x12, 0xf2, 0xff, 0xff, 0x12, 0xf2, 0xff, 0xff,
    0x12, 0xf2, 0xff, 0xff, 0x12, 0xf2, 0xff, 0xff, 0x12, 0xf2, 0xff, 0xff,
    0x12, 0xf2, 0xff, 0xff, 0x34, 0x42, 0xef, 0xff, 0x37, 0x32, 0xed, 0xff,
    0x23, 0x96, 0xf7, 0xff, 0x12, 0xf2, 0xff, 0xff, 0x12, 0xf2, 0xff, 0xff,
    0x1b, 0xc1, 0xfb, 0xff, 0x37, 0x32, 0xed, 0xff, 0x37, 0x32, 0xed, 0xff,
    0x1a, 0xc7, 0xfb, 0xff, 0x12, 0xf2, 0xff, 0xff, 0x12, 0xf2, 0xff, 0xff,
    0x12, 0xf2, 0xff, 0xff, 0x12, 0xf2, 0xff, 0xff, 0x12, 0xf2, 0xff, 0xff,
    0x12, 0xf2, 0xff, 0xff, 0x31, 0x4e, 0xf0, 0xff, 0x37, 0x32, 0xed, 0xff,
    0x28, 0x7d, 0xf4, 0xff, 0x12, 0xf2, 0xff, 0xff, 0x12, 0xf2, 0xff, 0xff,
    0x12, 0xf2, 0xff, 0xff, 0x21, 0xa1, 0xf8, 0xff, 0x37, 0x32, 0xed, 0xff,
    0x36, 0x38, 0xee, 0xff, 0x12, 0xf2, 0xff, 0xff, 0x12, 0xf2, 0xff, 0xff,
    0x12, 0xf2, 0xff, 0xff, 0x12, 0xf2, 0xff, 0xff, 0x12, 0xf2, 0xff, 0xff,
    0x12, 0xf2, 0xff, 0xff, 0x12, 0xf2, 0xff, 0xff, 0x12, 0xf2, 0xff, 0xff,
    0x12, 0xf2, 0xff, 0xff, 0x12, 0xf2, 0xff, 0xff, 0x12, 0xf2, 0xff, 0xff,
    0x12, 0xf2, 0xff, 0xff, 0x12, 0xf2, 0xff, 0xff, 0x12, 0xf2, 0xff, 0xff,
    0x12, 0xf2, 0xff, 0xff, 0x12, 0xf2, 0xff, 0xff, 0x12, 0xf2, 0xff, 0xff,
    0x12, 0xf2, 0xff, 0xff, 0x12, 0xf2, 0xff, 0xff, 0x12, 0xf2, 0xff, 0xff,
    0x12, 0xf2, 0xff, 0xff, 0x12, 0xf2, 0xff, 0xff, 0x12, 0xf2, 0xff, 0xff,
    0x12, 0xf2, 0xff, 0xff, 0x25, 0xb4, 0xfa, 0xff, 0x34, 0x86, 0xf5, 0xff,
    0x34, 0x86, 0xf4, 0x9d, 0x11, 0xf0, 0xfd, 0x64, 0x12, 0xf2, 0xff, 0xff,
    0x12, 0xf2, 0xff, 0xff, 0x12, 0xf2, 0xff, 0xff, 0x12, 0xf2, 0xff, 0xff,
    0x12, 0xf2, 0xff, 0xff, 0x12, 0xf2, 0xff, 0xff, 0x12, 0xf2, 0xff, 0xff,
    0x12, 0xf2, 0xff, 0xff, 0x12, 0xf2, 0xff, 0xff, 0x12, 0xf2, 0xff, 0xff,
    0x12, 0xf2, 0xff, 0xff, 0x12, 0xf2, 0xff, 0xff, 0x12, 0xf2, 0xff, 0xff,
    0x12, 0xf2, 0xff, 0xff, 0x12, 0xf2, 0xff, 0xff, 0x12, 0xf2, 0xff, 0xff,
    0x12, 0xf2, 0xff, 0xff, 0x12, 0xf2, 0xff, 0xff, 0x12, 0xf2, 0xff, 0xff,
    0x12, 0xf2, 0xff, 0xff, 0x12, 0xf2, 0xff, 0xff, 0x12, 0xf1, 0xff, 0xff,
    0x37, 0x32, 0xed, 0xff, 0x37, 0x32, 0xed, 0xff, 0x26, 0x87, 0xf5, 0xff,
    0x12, 0xf2, 0xff, 0xff, 0x12, 0xf2, 0xff, 0xff, 0x12, 0xf2, 0xff, 0xff,
    0x12, 0xf2, 0xff, 0xff, 0x12, 0xf2, 0xff, 0xff, 0x12, 0xf2, 0xff, 0xff,
    0x12, 0xf2, 0xff, 0xff, 0x12, 0xf2, 0xff, 0xff, 0x12, 0xf2, 0xff, 0xff,
    0x12, 0xf2, 0xff, 0xff, 0x12, 0xf2, 0xff, 0xff, 0x12, 0xf2, 0xff, 0xff,
    0x12, 0xf2, 0xff, 0xff, 0x12, 0xf2, 0xff, 0xff, 0x15, 0xe3, 0xfe, 0xff,
    0x37, 0x32, 0xed, 0xff, 0x37, 0x32, 0xed, 0xff, 0x1d, 0xb7, 0xfa, 0xff,
    0x12, 0xf2, 0xff, 0xff, 0x12, 0xf2, 0xff, 0xff, 0x12, 0xf2, 0xff, 0xff,
    0x12, 0xf2, 0xff, 0xff, 0x12, 0xf2, 0xff, 0xff, 0x13, 0xea, 0xff, 0xff,
    0x37, 0x32, 0xed, 0xff, 0x37, 0x32, 0xed, 0xff, 0x1f, 0xae, 0xf9, 0xff,
    0x12, 0xf2, 0xff, 0xff, 0x12, 0xf2, 0xff, 0xff, 0x12, 0xf2, 0xff, 0xff,
    0x20, 0xa8, 0xf8, 0xff, 0x37, 0x32, 0xed, 0xff, 0x37, 0x32, 0xee, 0xff,
    0x12, 0xf2, 0xff, 0xff, 0x12, 0xf2, 0xff, 0xff, 0x12, 0xf2, 0xff, 0xff,
    0x12, 0xf2, 0xff, 0xff, 0x20, 0xa8, 0xf8, 0xff, 0x37, 0x32, 0xed, 0xff,
    0x37, 0x32, 0xed, 0xff, 0x1d, 0xb6, 0xfa, 0xff, 0x12, 0xf2, 0xff, 0xff,
    0x12, 0xf2, 0xff, 0xff, 0x12, 0xf2, 0xff, 0xff, 0x12, 0xf2, 0xff, 0xff,
    0x12, 0xf2, 0xff, 0xff, 0x16, 0xdc, 0xfd, 0xff, 0x35, 0x38, 0xee, 0xff,
    0x37, 0x32, 0xed, 0xff, 0x29, 0x7b, 0xf4, 0xff, 0x12, 0xf2, 0xff, 0xff,
    0x12, 0xf2, 0xff, 0xff, 0x12, 0xf2, 0xff, 0xff, 0x35, 0x3a, 0xee, 0xff,
    0x37, 0x32, 0xed, 0xff, 0x22, 0x9f, 0xf8, 0xff, 0x12, 0xf2, 0xff, 0xff,
    0x12, 0xf2, 0xff, 0xff, 0x12, 0xf2, 0xff, 0xff, 0x12, 0xf2, 0xff, 0xff,
    0x12, 0xf2, 0xff, 0xff, 0x12, 0xf2, 0xff, 0xff, 0x34, 0x42, 0xef, 0xff,
    0x37, 0x32, 0xed, 0xff, 0x23, 0x96, 0xf7, 0xff, 0x12, 0xf2, 0xff, 0xff,
    0x12, 0xf2, 0xff, 0xff, 0x12, 0xef, 0xff, 0xff, 0x33, 0x45, 0xef, 0xff,
    0x37, 0x32, 0xed, 0xff, 0x2a, 0x71, 0xf3, 0xff, 0x12, 0xf2, 0xff, 0xff,
    0x12, 0xf2, 0xff, 0xff, 0x12, 0xf2, 0xff, 0xff, 0x12, 0xf2, 0xff, 0xff,
    0x12, 0xf2, 0xff, 0xff, 0x1c, 0xbe, 0xfb, 0xff, 0x37, 0x32, 0xed, 0xff,
    0x37, 0x32, 0xed, 0xff, 0x28, 0x7d, 0xf4, 0xff, 0x12, 0xf2, 0xff, 0xff,
    0x12, 0xf2, 0xff, 0xff, 0x12, 0xf2, 0xff, 0xff, 0x21, 0xa1, 0xf8, 0xff,
    0x37, 0x32, 0xed, 0xff, 0x36, 0x38, 0xee, 0xff, 0x12, 0xf2, 0xff, 0xff,
    0x12, 0xf2, 0xff, 0xff, 0x12, 0xf2, 0xff, 0xff, 0x12, 0xf2, 0xff, 0xff,
    0x12, 0xf2, 0xff, 0xff, 0x12, 0xf2, 0xff, 0xff, 0x12, 0xf2, 0xff, 0xff,
    0x12, 0xf2, 0xff, 0xff, 0x12, 0xf2, 0xff, 0xff, 0x12, 0xf2, 0xff, 0xff,
    0x12, 0xf2, 0xff, 0xff, 0x12, 0xf2, 0xff, 0xff, 0x12, 0xf2, 0xff, 0xff,
    0x12, 0xf2, 0xff, 0xff, 0x12, 0xf2, 0xff, 0xff, 0x12, 0xf2, 0xff, 0xff,
    0x12, 0xf2, 0xff, 0xff, 0x12, 0xf2, 0xff, 0xff, 0x12, 0xf2, 0xff, 0xff,
    0x12, 0xf2, 0xff, 0xff, 0x12, 0xf2, 0xff, 0xff, 0x12, 0xf2, 0xff, 0xff,
    0x12, 0xf2, 0xff, 0xff, 0x12, 0xf2, 0xff, 0xff, 0x25, 0xb4, 0xfa, 0xff,
    0x34, 0x86, 0xf5, 0xff, 0x34, 0x86, 0xf4, 0x9d, 0x11, 0xf0, 0xfd, 0x64,
    0x12, 0xf2, 0xff, 0xff, 0x12, 0xf2, 0xff, 0xff, 0x12, 0xf2, 0xff, 0xff,
    0x12, 0xf2, 0xff, 0xff, 0x12, 0xf2, 0xff, 0xff, 0x12, 0xf2, 0xff, 0xff,
    0x12, 0xf2, 0xff, 0xff, 0x12, 0xf2, 0xff, 0xff, 0x12, 0xf2, 0xff, 0xff,
    0x12, 0xf2, 0xff, 0xff, 0x12, 0xf2, 0xff, 0xff, 0x12, 0xf2, 0xff, 0xff,
    0x12, 0xf2, 0xff, 0xff, 0x12, 0xf2, 0xff, 0xff, 0x12, 0xf2, 0xff, 0xff,
    0x12, 0xf2, 0xff, 0xff, 0x12, 0xf2, 0xff, 0xff, 0x12, 0xf2, 0xff, 0xff,
    0x12, 0xf2, 0xff, 0xff, 0x12, 0xf2, 0xff, 0xff, 0x12, 0xf2, 0xff, 0xff,
    0x12, 0xf1, 0xff, 0xff, 0x37, 0x32, 0xed, 0xff, 0x37, 0x32, 0xed, 0xff,
    0x2b, 0x6e, 0xf3, 0xff, 0x1d, 0xb9, 0xfa, 0xff, 0x1d, 0xb9, 0xfa, 0xff,
    0x1d, 0xb9, 0xfa, 0xff, 0x1d, 0xb9, 0xfa, 0xff, 0x1d, 0xb9, 0xfa, 0xff,
    0x1d, 0xb9, 0xfa, 0xff, 0x1d, 0xb9, 0xfa, 0xff, 0x1d, 0xb9, 0xfa, 0xff,
    0x1d, 0xb9, 0xfa, 0xff, 0x1d, 0xb9, 0xfa, 0xff, 0x1d, 0xb9, 0xfa, 0xff,
    0x17, 0xd8, 0xfd, 0xff, 0x12, 0xf2, 0xff, 0xff, 0x12, 0xf2, 0xff, 0xff,
    0x15, 0xe3, 0xfe, 0xff, 0x37, 0x32, 0xed, 0xff, 0x37, 0x32, 0xed, 0xff,
    0x1d, 0xb7, 0xfa, 0xff, 0x12, 0xf2, 0xff, 0xff, 0x12, 0xf2, 0xff, 0xff,
    0x12, 0xf2, 0xff, 0xff, 0x12, 0xf2, 0xff, 0xff, 0x12, 0xf2, 0xff, 0xff,
    0x13, 0xea, 0xff, 0xff, 0x37, 0x32, 0xed, 0xff, 0x37, 0x32, 0xed, 0xff,
    0x1f, 0xae, 0xf9, 0xff, 0x12, 0xf2, 0xff, 0xff, 0x12, 0xf2, 0xff, 0xff,
    0x12, 0xf2, 0xff, 0xff, 0x1e, 0xb1, 0xf9, 0xff, 0x37, 0x32, 0xed, 0xff,
    0x37, 0x32, 0xed, 0xff, 0x1d, 0xb5, 0xfa, 0xff, 0x13, 0xe9, 0xff, 0xff,
    0x13, 0xeb, 0xff, 0xff, 0x12, 0xf2, 0xff, 0xff, 0x13, 0xed, 0xff, 0xff,
    0x31, 0x4f, 0xf0, 0xff, 0x37, 0x32, 0xed, 0xff, 0x35, 0x3d, 0xee, 0xff,
    0x1c, 0xba, 0xfa, 0xff, 0x12, 0xf2, 0xff, 0xff, 0x12, 0xf2, 0xff, 0xff,
    0x12, 0xf2, 0xff, 0xff, 0x16, 0xdd, 0xfe, 0xff, 0x2f, 0x58, 0xf1, 0xff,
    0x37, 0x32, 0xed, 0xff, 0x36, 0x36, 0xee, 0xff, 0x18, 0xd3, 0xfd, 0xff,
    0x12, 0xf2, 0xff, 0xff, 0x12, 0xf2, 0xff, 0xff, 0x12, 0xf2, 0xff, 0xff,
    0x35, 0x3a, 0xee, 0xff, 0x37, 0x32, 0xed, 0xff, 0x22, 0x9f, 0xf8, 0xff,
    0x12, 0xf2, 0xff, 0xff, 0x12, 0xf2, 0xff, 0xff, 0x12, 0xf2, 0xff, 0xff,
    0x12, 0xf2, 0xff, 0xff, 0x12, 0xf2, 0xff, 0xff, 0x12, 0xf2, 0xff, 0xff,
    0x34, 0x42, 0xef, 0xff, 0x37, 0x32, 0xed, 0xff, 0x23, 0x96, 0xf7, 0xff,
    0x12, 0xf2, 0xff, 0xff, 0x12, 0xf2, 0xff, 0xff, 0x12, 0xf2, 0xff, 0xff,
    0x21, 0xa4, 0xf8, 0xff, 0x37, 0x32, 0xed, 0xff, 0x37, 0x32, 0xed, 0xff,
    0x25, 0x8f, 0xf6, 0xff, 0x12, 0xf0, 0xff, 0xff, 0x12, 0xf2, 0xff, 0xff,
    0x12, 0xf2, 0xff, 0xff, 0x19, 0xcc, 0xfc, 0xff, 0x33, 0x45, 0xef, 0xff,
    0x37, 0x32, 0xed, 0xff, 0x37, 0x32, 0xed, 0xff, 0x28, 0x7d, 0xf4, 0xff,
    0x12, 0xf2, 0xff, 0xff, 0x12, 0xf2, 0xff, 0xff, 0x12, 0xf2, 0xff, 0xff,
    0x21, 0xa1, 0xf8, 0xff, 0x37, 0x32, 0xed, 0xff, 0x36, 0x38, 0xee, 0xff,
    0x12, 0xf2, 0xff, 0xff, 0x12, 0xf2, 0xff, 0xff, 0x12, 0xf2, 0xff, 0xff,
    0x12, 0xf2, 0xff, 0xff, 0x12, 0xf2, 0xff, 0xff, 0x12, 0xf2, 0xff, 0xff,
    0x12, 0xf2, 0xff, 0xff, 0x12, 0xf2, 0xff, 0xff, 0x12, 0xf2, 0xff, 0xff,
    0x12, 0xf2, 0xff, 0xff, 0x12, 0xf2, 0xff, 0xff, 0x12, 0xf2, 0xff, 0xff,
    0x12, 0xf2, 0xff, 0xff, 0x12, 0xf2, 0xff, 0xff, 0x12, 0xf2, 0xff, 0xff,
    0x12, 0xf2, 0xff, 0xff, 0x12, 0xf2, 0xff, 0xff, 0x12, 0xf2, 0xff, 0xff,
    0x12, 0xf2, 0xff, 0xff, 0x12, 0xf2, 0xff, 0xff, 0x12, 0xf2, 0xff, 0xff,
    0x12, 0xf2, 0xff, 0xff, 0x12, 0xf2, 0xff, 0xff, 0x12, 0xf2, 0xff, 0xff,
    0x25, 0xb4, 0xfa, 0xff, 0x34, 0x86, 0xf5, 0xff, 0x34, 0x86, 0xf4, 0x9d,
    0x11, 0xf0, 0xfd, 0x64, 0x12, 0xf2, 0xff, 0xff, 0x12, 0xf2, 0xff, 0xff,
    0x12, 0xf2, 0xff, 0xff, 0x12, 0xf2, 0xff, 0xff, 0x12, 0xf2, 0xff, 0xff,
    0x12, 0xf2, 0xff, 0xff, 0x12, 0xf2, 0xff, 0xff, 0x12, 0xf2, 0xff, 0xff,
    0x12, 0xf2, 0xff, 0xff, 0x12, 0xf2, 0xff, 0xff, 0x12, 0xf2, 0xff, 0xff,
    0x12, 0xf2, 0xff, 0xff, 0x12, 0xf2, 0xff, 0xff, 0x12, 0xf2, 0xff, 0xff,
    0x12, 0xf2, 0xff, 0xff, 0x12, 0xf2, 0xff, 0xff, 0x12, 0xf2, 0xff, 0xff,
    0x12, 0xf2, 0xff, 0xff, 0x12, 0xf2, 0xff, 0xff, 0x12, 0xf2, 0xff, 0xff,
    0x12, 0xf2, 0xff, 0xff, 0x12, 0xf1, 0xff, 0xff, 0x37, 0x32, 0xed, 0xff,
    0x37, 0x32, 0xed, 0xff, 0x37, 0x32, 0xed, 0xff, 0x37, 0x32, 0xed, 0xff,
    0x37, 0x32, 0xed, 0xff, 0x37, 0x32, 0xed, 0xff, 0x37, 0x32, 0xed, 0xff,
    0x37, 0x32, 0xed, 0xff, 0x37, 0x32, 0xed, 0xff, 0x37, 0x32, 0xed, 0xff,
    0x37, 0x32, 0xed, 0xff, 0x37, 0x32, 0xed, 0xff, 0x37, 0x32, 0xed, 0xff,
    0x37, 0x32, 0xed, 0xff, 0x23, 0x9a, 0xf7, 0xff, 0x12, 0xf2, 0xff, 0xff,
    0x12, 0xf2, 0xff, 0xff, 0x15, 0xe3, 0xfe, 0xff, 0x37, 0x32, 0xed, 0xff,
    0x37, 0x32, 0xed, 0xff, 0x1d, 0xb7, 0xfa, 0xff, 0x12, 0xf2, 0xff, 0xff,
    0x12, 0xf2, 0xff, 0xff, 0x12, 0xf2, 0xff, 0xff, 0x12, 0xf2, 0xff, 0xff,
    0x12, 0xf2, 0xff, 0xff, 0x13, 0xea, 0xff, 0xff, 0x37, 0x32, 0xed, 0xff,
    0x37, 0x32, 0xed, 0xff, 0x1f, 0xae, 0xf9, 0xff, 0x12, 0xf2, 0xff, 0xff,
    0x12, 0xf2, 0xff, 0xff, 0x12, 0xf2, 0xff, 0xff, 0x17, 0xd6, 0xfd, 0xff,
    0x37, 0x32, 0xee, 0xff, 0x37, 0x32, 0xed, 0xff, 0x37, 0x32, 0xed, 0xff,
    0x37, 0x32, 0xed, 0xff, 0x23, 0x98, 0xf7, 0xff, 0x12, 0xf2, 0xff, 0xff,
    0x12, 0xf2, 0xff, 0xff, 0x18, 0xd3, 0xfd, 0xff, 0x33, 0x44, 0xef, 0xff,
    0x37, 0x32, 0xed, 0xff, 0x37, 0x32, 0xed, 0xff, 0x30, 0x52, 0xf0, 0xff,
    0x2a, 0x72, 0xf3, 0xff, 0x2d, 0x66, 0xf2, 0xff, 0x36, 0x38, 0xee, 0xff,
    0x37, 0x32, 0xed, 0xff, 0x36, 0x33, 0xee, 0xff, 0x20, 0xa8, 0xf9, 0xff,
    0x12, 0xf2, 0xff, 0xff, 0x12, 0xf2, 0xff, 0xff, 0x12, 0xf2, 0xff, 0xff,
    0x12, 0xf2, 0xff, 0xff, 0x35, 0x3a, 0xee, 0xff, 0x37, 0x32, 0xed, 0xff,
    0x22, 0x9f, 0xf8, 0xff, 0x12, 0xf2, 0xff, 0xff, 0x12, 0xf2, 0xff, 0xff,
    0x12, 0xf2, 0xff, 0xff, 0x12, 0xf2, 0xff, 0xff, 0x12, 0xf2, 0xff, 0xff,
    0x12, 0xf2, 0xff, 0xff, 0x34, 0x42, 0xef, 0xff, 0x37, 0x32, 0xed, 0xff,
    0x23, 0x96, 0xf7, 0xff, 0x12, 0xf2, 0xff, 0xff, 0x12, 0xf2, 0xff, 0xff,
    0x12, 0xf2, 0xff, 0xff, 0x12, 0xf2, 0xff, 0xff, 0x29, 0x76, 0xf4, 0xff,
    0x37, 0x32, 0xed, 0xff, 0x37, 0x32, 0xed, 0xff, 0x32, 0x4a, 0xf0, 0xff,
    0x2b, 0x70, 0xf3, 0xff, 0x2e, 0x60, 0xf2, 0xff, 0x36, 0x34, 0xee, 0xff,
    0x36, 0x37, 0xee, 0xff, 0x2f, 0x57, 0xf1, 0xff, 0x37, 0x32, 0xed, 0xff,
    0x28, 0x7d, 0xf4, 0xff, 0x12, 0xf2, 0xff, 0xff, 0x12, 0xf2, 0xff, 0xff,
    0x12, 0xf2, 0xff, 0xff, 0x21, 0xa1, 0xf8, 0xff, 0x37, 0x32, 0xed, 0xff,
    0x36, 0x38, 0xee, 0xff, 0x12, 0xf2, 0xff, 0xff, 0x12, 0xf2, 0xff, 0xff,
    0x12, 0xf2, 0xff, 0xff, 0x12, 0xf2, 0xff, 0xff, 0x12, 0xf2, 0xff, 0xff,
    0x12, 0xf2, 0xff, 0xff, 0x12, 0xf2, 0xff, 0xff, 0x12, 0xf2, 0xff, 0xff,
    0x12, 0xf2, 0xff, 0xff, 0x12, 0xf2, 0xff, 0xff, 0x12, 0xf2, 0xff, 0xff,
    0x12, 0xf2, 0xff, 0xff, 0x12, 0xf2, 0xff, 0xff, 0x12, 0xf2, 0xff, 0xff,
    0x12, 0xf2, 0xff, 0xff, 0x12, 0xf2, 0xff, 0xff, 0x12, 0xf2, 0xff, 0xff,
    0x12, 0xf2, 0xff, 0xff, 0x12, 0xf2, 0xff, 0xff, 0x12, 0xf2, 0xff, 0xff,
    0x12, 0xf2, 0xff, 0xff, 0x12, 0xf2, 0xff, 0xff, 0x12, 0xf2, 0xff, 0xff,
    0x12, 0xf2, 0xff, 0xff, 0x25, 0xb4, 0xfa, 0xff, 0x34, 0x86, 0xf5, 0xff,
    0x34, 0x86, 0xf4, 0x9d, 0x11, 0xf0, 0xfd, 0x64, 0x12, 0xf2, 0xff, 0xff,
    0x12, 0xf2, 0xff, 0xff, 0x12, 0xf2, 0xff, 0xff, 0x12, 0xf2, 0xff, 0xff,
    0x12, 0xf2, 0xff, 0xff, 0x12, 0xf2, 0xff, 0xff, 0x12, 0xf2, 0xff, 0xff,
    0x12, 0xf2, 0xff, 0xff, 0x12, 0xf2, 0xff, 0xff, 0x12, 0xf2, 0xff, 0xff,
    0x12, 0xf2, 0xff, 0xff, 0x12, 0xf2, 0xff, 0xff, 0x12, 0xf2, 0xff, 0xff,
    0x12, 0xf2, 0xff, 0xff, 0x12, 0xf2, 0xff, 0xff, 0x12, 0xf2, 0xff, 0xff,
    0x12, 0xf2, 0xff, 0xff, 0x12, 0xf2, 0xff, 0xff, 0x12, 0xf2, 0xff, 0xff,
    0x12, 0xf2, 0xff, 0xff, 0x12, 0xf2, 0xff, 0xff, 0x12, 0xf1, 0xff, 0xff,
    0x37, 0x32, 0xed, 0xff, 0x37, 0x32, 0xed, 0xff, 0x37, 0x32, 0xed, 0xff,
    0x37, 0x32, 0xed, 0xff, 0x37, 0x32, 0xed, 0xff, 0x37, 0x32, 0xed, 0xff,
    0x37, 0x32, 0xed, 0xff, 0x37, 0x32, 0xed, 0xff, 0x37, 0x32, 0xed, 0xff,
    0x37, 0x32, 0xed, 0xff, 0x37, 0x32, 0xed, 0xff, 0x37, 0x32, 0xed, 0xff,
    0x37, 0x32, 0xed, 0xff, 0x37, 0x32, 0xed, 0xff, 0x23, 0x9a, 0xf7, 0xff,
    0x12, 0xf2, 0xff, 0xff, 0x12, 0xf2, 0xff, 0xff, 0x15, 0xe3, 0xfe, 0xff,
    0x37, 0x32, 0xed, 0xff, 0x37, 0x32, 0xed, 0xff, 0x1d, 0xb7, 0xfa, 0xff,
    0x12, 0xf2, 0xff, 0xff, 0x12, 0xf2, 0xff, 0xff, 0x12, 0xf2, 0xff, 0xff,
    0x12, 0xf2, 0xff, 0xff, 0x12, 0xf2, 0xff, 0xff, 0x13, 0xea, 0xff, 0xff,
    0x37, 0x32, 0xed, 0xff, 0x37, 0x32, 0xed, 0xff, 0x1f, 0xae, 0xf9, 0xff,
    0x12, 0xf2, 0xff, 0xff, 0x12, 0xf2, 0xff, 0xff, 0x12, 0xf2, 0xff, 0xff,
    0x12, 0xf2, 0xff, 0xff, 0x23, 0x9a, 0xf7, 0xff, 0x36, 0x38, 0xee, 0xff,
    0x37, 0x32, 0xed, 0xff, 0x37, 0x32, 0xed, 0xff, 0x29, 0x7a, 0xf4, 0xff,
    0x12, 0xf2, 0xff, 0xff, 0x12, 0xf2, 0xff, 0xff, 0x12, 0xf2, 0xff, 0xff,
    0x16, 0xde, 0xfe, 0xff, 0x29, 0x77, 0xf4, 0xff, 0x36, 0x38, 0xee, 0xff,
    0x37, 0x32, 0xed, 0xff, 0x37, 0x32, 0xed, 0xff, 0x37, 0x32, 0xed, 0xff,
    0x37, 0x32, 0xed, 0xff, 0x2f, 0x5b, 0xf1, 0xff, 0x1b, 0xc1, 0xfb, 0xff,
    0x12, 0xf2, 0xff, 0xff, 0x12, 0xf2, 0xff, 0xff, 0x12, 0xf2, 0xff, 0xff,
    0x12, 0xf2, 0xff, 0xff, 0x12, 0xf2, 0xff, 0xff, 0x35, 0x3a, 0xee, 0xff,
    0x37, 0x32, 0xed, 0xff, 0x22, 0x9f, 0xf8, 0xff, 0x12, 0xf2, 0xff, 0xff,
    0x12, 0xf2, 0xff, 0xff, 0x12, 0xf2, 0xff, 0xff, 0x12, 0xf2, 0xff, 0xff,
    0x12, 0xf2, 0xff, 0xff, 0x12, 0xf2, 0xff, 0xff, 0x34, 0x42, 0xef, 0xff,
    0x37, 0x32, 0xed, 0xff, 0x23, 0x96, 0xf7, 0xff, 0x12, 0xf2, 0xff, 0xff,
    0x12, 0xf2, 0xff, 0xff, 0x12, 0xf2, 0xff, 0xff, 0x12, 0xf2, 0xff, 0xff,
    0x12, 0xf1, 0xff, 0xff, 0x22, 0x9c, 0xf7, 0xff, 0x34, 0x41, 0xef, 0xff,
    0x37, 0x32, 0xed, 0xff, 0x37, 0x32, 0xed, 0xff, 0x37, 0x32, 0xed, 0xff,
    0x32, 0x4a, 0xf0, 0xff, 0x1b, 0xbf, 0xfb, 0xff, 0x28, 0x7d, 0xf4, 0xff,
    0x37, 0x32, 0xed, 0xff, 0x28, 0x7d, 0xf4, 0xff, 0x12, 0xf2, 0xff, 0xff,
    0x12, 0xf2, 0xff, 0xff, 0x12, 0xf2, 0xff, 0xff, 0x21, 0xa1, 0xf8, 0xff,
    0x37, 0x32, 0xed, 0xff, 0x36, 0x38, 0xee, 0xff, 0x12, 0xf2, 0xff, 0xff,
    0x12, 0xf2, 0xff, 0xff, 0x12, 0xf2, 0xff, 0xff, 0x12, 0xf2, 0xff, 0xff,
    0x12, 0xf2, 0xff, 0xff, 0x12, 0xf2, 0xff, 0xff, 0x12, 0xf2, 0xff, 0xff,
    0x12, 0xf2, 0xff, 0xff, 0x12, 0xf2, 0xff, 0xff, 0x12, 0xf2, 0xff, 0xff,
    0x12, 0xf2, 0xff, 0xff, 0x12, 0xf2, 0xff, 0xff, 0x12, 0xf2, 0xff, 0xff,
    0x12, 0xf2, 0xff, 0xff, 0x12, 0xf2, 0xff, 0xff, 0x12, 0xf2, 0xff, 0xff,
    0x12, 0xf2, 0xff, 0xff, 0x12, 0xf2, 0xff, 0xff, 0x12, 0xf2, 0xff, 0xff,
    0x12, 0xf2, 0xff, 0xff, 0x12, 0xf2, 0xff, 0xff, 0x12, 0xf2, 0xff, 0xff,
    0x12, 0xf2, 0xff, 0xff, 0x12, 0xf2, 0xff, 0xff, 0x25, 0xb4, 0xfa, 0xff,
    0x34, 0x86, 0xf5, 0xff, 0x34, 0x86, 0xf4, 0x9d, 0x12, 0xf1, 0xfd, 0x5a,
    0x12, 0xf2, 0xff, 0xff, 0x12, 0xf2, 0xff, 0xff, 0x12, 0xf2, 0xff, 0xff,
    0x12, 0xf2, 0xff, 0xff, 0x12, 0xf2, 0xff, 0xff, 0x12, 0xf2, 0xff, 0xff,
    0x12, 0xf2, 0xff, 0xff, 0x12, 0xf2, 0xff, 0xff, 0x12, 0xf2, 0xff, 0xff,
    0x12, 0xf2, 0xff, 0xff, 0x12, 0xf2, 0xff, 0xff, 0x12, 0xf2, 0xff, 0xff,
    0x12, 0xf2, 0xff, 0xff, 0x12, 0xf2, 0xff, 0xff, 0x12, 0xf2, 0xff, 0xff,
    0x12, 0xf2, 0xff, 0xff, 0x12, 0xf2, 0xff, 0xff, 0x12, 0xf2, 0xff, 0xff,
    0x12, 0xf2, 0xff, 0xff, 0x12, 0xf2, 0xff, 0xff, 0x12, 0xf2, 0xff, 0xff,
    0x12, 0xf2, 0xff, 0xff, 0x12, 0xf2, 0xff, 0xff, 0x12, 0xf2, 0xff, 0xff,
    0x12, 0xf2, 0xff, 0xff, 0x12, 0xf2, 0xff, 0xff, 0x12, 0xf2, 0xff, 0xff,
    0x12, 0xf2, 0xff, 0xff, 0x12, 0xf2, 0xff, 0xff, 0x12, 0xf2, 0xff, 0xff,
    0x12, 0xf2, 0xff, 0xff, 0x12, 0xf2, 0xff, 0xff, 0x12, 0xf2, 0xff, 0xff,
    0x12, 0xf2, 0xff, 0xff, 0x12, 0xf2, 0xff, 0xff, 0x12, 0xf2, 0xff, 0xff,
    0x12, 0xf2, 0xff, 0xff, 0x12, 0xf2, 0xff, 0xff, 0x12, 0xf2, 0xff, 0xff,
    0x12, 0xf2, 0xff, 0xff, 0x12, 0xf2, 0xff, 0xff, 0x12, 0xf2, 0xff, 0xff,
    0x12, 0xf2, 0xff, 0xff, 0x12, 0xf2, 0xff, 0xff, 0x12, 0xf2, 0xff, 0xff,
    0x12, 0xf2, 0xff, 0xff, 0x12, 0xf2, 0xff, 0xff, 0x12, 0xf2, 0xff, 0xff,
    0x12, 0xf2, 0xff, 0xff, 0x12, 0xf2, 0xff, 0xff, 0x12, 0xf2, 0xff, 0xff,
    0x12, 0xf2, 0xff, 0xff, 0x12, 0xf2, 0xff, 0xff, 0x12, 0xf2, 0xff, 0xff,
    0x12, 0xf2, 0xff, 0xff, 0x12, 0xf2, 0xff, 0xff, 0x12, 0xf2, 0xff, 0xff,
    0x13, 0xea, 0xff, 0xff, 0x18, 0xd1, 0xfc, 0xff, 0x17, 0xd5, 0xfd, 0xff,
    0x13, 0xed, 0xff, 0xff, 0x12, 0xf2, 0xff, 0xff, 0x12, 0xf2, 0xff, 0xff,
    0x12, 0xf2, 0xff, 0xff, 0x12, 0xf2, 0xff, 0xff, 0x12, 0xf2, 0xff, 0xff,
    0x13, 0xea, 0xff, 0xff, 0x1a, 0xc7, 0xfb, 0xff, 0x1d, 0xb9, 0xfa, 0xff,
    0x1b, 0xbf, 0xfb, 0xff, 0x16, 0xdd, 0xfe, 0xff, 0x12, 0xf2, 0xff, 0xff,
    0x12, 0xf2, 0xff, 0xff, 0x12, 0xf2, 0xff, 0xff, 0x12, 0xf2, 0xff, 0xff,
    0x12, 0xf2, 0xff, 0xff, 0x12, 0xf2, 0xff, 0xff, 0x12, 0xf2, 0xff, 0xff,
    0x12, 0xf2, 0xff, 0xff, 0x12, 0xf2, 0xff, 0xff, 0x12, 0xf2, 0xff, 0xff,
    0x12, 0xf2, 0xff, 0xff, 0x12, 0xf2, 0xff, 0xff, 0x12, 0xf2, 0xff, 0xff,
    0x12, 0xf2, 0xff, 0xff, 0x12, 0xf2, 0xff, 0xff, 0x12, 0xf2, 0xff, 0xff,
    0x12, 0xf2, 0xff, 0xff, 0x12, 0xf2, 0xff, 0xff, 0x12, 0xf2, 0xff, 0xff,
    0x12, 0xf2, 0xff, 0xff, 0x12, 0xf2, 0xff, 0xff, 0x12, 0xf2, 0xff, 0xff,
    0x12, 0xf2, 0xff, 0xff, 0x12, 0xf2, 0xff, 0xff, 0x12, 0xf2, 0xff, 0xff,
    0x12, 0xee, 0xff, 0xff, 0x1a, 0xc8, 0xfc, 0xff, 0x1d, 0xb9, 0xfa, 0xff,
    0x19, 0xca, 0xfc, 0xff, 0x12, 0xf0, 0xff, 0xff, 0x12, 0xf2, 0xff, 0xff,
    0x12, 0xf2, 0xff, 0xff, 0x12, 0xf2, 0xff, 0xff, 0x12, 0xf2, 0xff, 0xff,
    0x12, 0xf2, 0xff, 0xff, 0x12, 0xf2, 0xff, 0xff, 0x12, 0xf2, 0xff, 0xff,
    0x12, 0xf2, 0xff, 0xff, 0x12, 0xf2, 0xff, 0xff, 0x12, 0xf2, 0xff, 0xff,
    0x12, 0xf2, 0xff, 0xff, 0x12, 0xf2, 0xff, 0xff, 0x12, 0xf2, 0xff, 0xff,
    0x12, 0xf2, 0xff, 0xff, 0x12, 0xf2, 0xff, 0xff, 0x12, 0xf2, 0xff, 0xff,
    0x12, 0xf2, 0xff, 0xff, 0x12, 0xf2, 0xff, 0xff, 0x12, 0xf2, 0xff, 0xff,
    0x12, 0xf2, 0xff, 0xff, 0x12, 0xf2, 0xff, 0xff, 0x12, 0xf2, 0xff, 0xff,
    0x12, 0xf2, 0xff, 0xff, 0x12, 0xf2, 0xff, 0xff, 0x12, 0xf2, 0xff, 0xff,
    0x12, 0xf2, 0xff, 0xff, 0x12, 0xf2, 0xff, 0xff, 0x12, 0xf2, 0xff, 0xff,
    0x12, 0xf2, 0xff, 0xff, 0x12, 0xf2, 0xff, 0xff, 0x12, 0xf2, 0xff, 0xff,
    0x12, 0xf2, 0xff, 0xff, 0x12, 0xf2, 0xff, 0xff, 0x12, 0xf2, 0xff, 0xff,
    0x26, 0xb0, 0xf9, 0xff, 0x34, 0x86, 0xf5, 0xff, 0x34, 0x86, 0xf4, 0x9d,
    0x12, 0xef, 0xfb, 0x3e, 0x12, 0xf2, 0xff, 0xff, 0x12, 0xf2, 0xff, 0xff,
    0x12, 0xf2, 0xff, 0xff, 0x12, 0xf2, 0xff, 0xff, 0x12, 0xf2, 0xff, 0xff,
    0x12, 0xf2, 0xff, 0xff, 0x12, 0xf2, 0xff, 0xff, 0x12, 0xf2, 0xff, 0xff,
    0x12, 0xf2, 0xff, 0xff, 0x12, 0xf2, 0xff, 0xff, 0x12, 0xf2, 0xff, 0xff,
    0x12, 0xf2, 0xff, 0xff, 0x12, 0xf2, 0xff, 0xff, 0x12, 0xf2, 0xff, 0xff,
    0x12, 0xf2, 0xff, 0xff, 0x12, 0xf2, 0xff, 0xff, 0x12, 0xf2, 0xff, 0xff,
    0x12, 0xf2, 0xff, 0xff, 0x12, 0xf2, 0xff, 0xff, 0x12, 0xf2, 0xff, 0xff,
    0x12, 0xf2, 0xff, 0xff, 0x12, 0xf2, 0xff, 0xff, 0x12, 0xf2, 0xff, 0xff,
    0x12, 0xf2, 0xff, 0xff, 0x12, 0xf2, 0xff, 0xff, 0x12, 0xf2, 0xff, 0xff,
    0x12, 0xf2, 0xff, 0xff, 0x12, 0xf2, 0xff, 0xff, 0x12, 0xf2, 0xff, 0xff,
    0x12, 0xf2, 0xff, 0xff, 0x12, 0xf2, 0xff, 0xff, 0x12, 0xf2, 0xff, 0xff,
    0x12, 0xf2, 0xff, 0xff, 0x12, 0xf2, 0xff, 0xff, 0x12, 0xf2, 0xff, 0xff,
    0x12, 0xf2, 0xff, 0xff, 0x12, 0xf2, 0xff, 0xff, 0x12, 0xf2, 0xff, 0xff,
    0x12, 0xf2, 0xff, 0xff, 0x12, 0xf2, 0xff, 0xff, 0x12, 0xf2, 0xff, 0xff,
    0x12, 0xf2, 0xff, 0xff, 0x12, 0xf2, 0xff, 0xff, 0x12, 0xf2, 0xff, 0xff,
    0x12, 0xf2, 0xff, 0xff, 0x12, 0xf2, 0xff, 0xff, 0x12, 0xf2, 0xff, 0xff,
    0x12, 0xf2, 0xff, 0xff, 0x12, 0xf2, 0xff, 0xff, 0x12, 0xf2, 0xff, 0xff,
    0x12, 0xf2, 0xff, 0xff, 0x12, 0xf2, 0xff, 0xff, 0x12, 0xf2, 0xff, 0xff,
    0x12, 0xf2, 0xff, 0xff, 0x12, 0xf2, 0xff, 0xff, 0x12, 0xf2, 0xff, 0xff,
    0x12, 0xf2, 0xff, 0xff, 0x12, 0xf2, 0xff, 0xff, 0x12, 0xf2, 0xff, 0xff,
    0x12, 0xf2, 0xff, 0xff, 0x12, 0xf2, 0xff, 0xff, 0x12, 0xf2, 0xff, 0xff,
    0x12, 0xf2, 0xff, 0xff, 0x12, 0xf2, 0xff, 0xff, 0x12, 0xf2, 0xff, 0xff,
    0x12, 0xf2, 0xff, 0xff, 0x12, 0xf2, 0xff, 0xff, 0x12, 0xf2, 0xff, 0xff,
    0x12, 0xf2, 0xff, 0xff, 0x12, 0xf2, 0xff, 0xff, 0x12, 0xf2, 0xff, 0xff,
    0x12, 0xf2, 0xff, 0xff, 0x12, 0xf2, 0xff, 0xff, 0x12, 0xf2, 0xff, 0xff,
    0x12, 0xf2, 0xff, 0xff, 0x12, 0xf2, 0xff, 0xff, 0x12, 0xf2, 0xff, 0xff,
    0x12, 0xf2, 0xff, 0xff, 0x12, 0xf2, 0xff, 0xff, 0x12, 0xf2, 0xff, 0xff,
    0x12, 0xf2, 0xff, 0xff, 0x12, 0xf2, 0xff, 0xff, 0x12, 0xf2, 0xff, 0xff,
    0x12, 0xf2, 0xff, 0xff, 0x12, 0xf2, 0xff, 0xff, 0x12, 0xf2, 0xff, 0xff,
    0x12, 0xf2, 0xff, 0xff, 0x12, 0xf2, 0xff, 0xff, 0x12, 0xf2, 0xff, 0xff,
    0x12, 0xf2, 0xff, 0xff, 0x12, 0xf2, 0xff, 0xff, 0x12, 0xf2, 0xff, 0xff,
    0x12, 0xf2, 0xff, 0xff, 0x12, 0xf2, 0xff, 0xff, 0x12, 0xf2, 0xff, 0xff,
    0x12, 0xf2, 0xff, 0xff, 0x12, 0xf2, 0xff, 0xff, 0x12, 0xf2, 0xff, 0xff,
    0x12, 0xf2, 0xff, 0xff, 0x12, 0xf2, 0xff, 0xff, 0x12, 0xf2, 0xff, 0xff,
    0x12, 0xf2, 0xff, 0xff, 0x12, 0xf2, 0xff, 0xff, 0x12, 0xf2, 0xff, 0xff,
    0x12, 0xf2, 0xff, 0xff, 0x12, 0xf2, 0xff, 0xff, 0x12, 0xf2, 0xff, 0xff,
    0x12, 0xf2, 0xff, 0xff, 0x12, 0xf2, 0xff, 0xff, 0x12, 0xf2, 0xff, 0xff,
    0x12, 0xf2, 0xff, 0xff, 0x12, 0xf2, 0xff, 0xff, 0x12, 0xf2, 0xff, 0xff,
    0x12, 0xf2, 0xff, 0xff, 0x12, 0xf2, 0xff, 0xff, 0x12, 0xf2, 0xff, 0xff,
    0x12, 0xf2, 0xff, 0xff, 0x12, 0xf2, 0xff, 0xff, 0x12, 0xf2, 0xff, 0xff,
    0x12, 0xf2, 0xff, 0xff, 0x12, 0xf2, 0xff, 0xff, 0x12, 0xf2, 0xff, 0xff,
    0x12, 0xf2, 0xff, 0xff, 0x12, 0xf2, 0xff, 0xff, 0x12, 0xf2, 0xff, 0xff,
    0x12, 0xf2, 0xff, 0xff, 0x12, 0xf2, 0xff, 0xff, 0x12, 0xf2, 0xff, 0xff,
    0x12, 0xf2, 0xff, 0xff, 0x12, 0xf2, 0xff, 0xff, 0x12, 0xf2, 0xff, 0xff,
    0x12, 0xf2, 0xff, 0xff, 0x12, 0xf2, 0xff, 0xff, 0x12, 0xf2, 0xff, 0xff,
    0x12, 0xf2, 0xff, 0xff, 0x2a, 0xa4, 0xf8, 0xff, 0x34, 0x86, 0xf5, 0xff,
    0x34, 0x85, 0xf4, 0x9c, 0x11, 0xf0, 0xf0, 0x10, 0x12, 0xf2, 0xfe, 0xfc,
    0x12, 0xf2, 0xff, 0xff, 0x12, 0xf2, 0xff, 0xff, 0x12, 0xf2, 0xff, 0xff,
    0x12, 0xf2, 0xff, 0xff, 0x12, 0xf2, 0xff, 0xff, 0x12, 0xf2, 0xff, 0xff,
    0x12, 0xf2, 0xff, 0xff, 0x12, 0xf2, 0xff, 0xff, 0x12, 0xf2, 0xff, 0xff,
    0x12, 0xf2, 0xff, 0xff, 0x12, 0xf2, 0xff, 0xff, 0x12, 0xf2, 0xff, 0xff,
    0x12, 0xf2, 0xff, 0xff, 0x12, 0xf2, 0xff, 0xff, 0x12, 0xf2, 0xff, 0xff,
    0x12, 0xf2, 0xff, 0xff, 0x12, 0xf2, 0xff, 0xff, 0x12, 0xf2, 0xff, 0xff,
    0x12, 0xf2, 0xff, 0xff, 0x12, 0xf2, 0xff, 0xff, 0x12, 0xf2, 0xff, 0xff,
    0x12, 0xf2, 0xff, 0xff, 0x12, 0xf2, 0xff, 0xff, 0x12, 0xf2, 0xff, 0xff,
    0x12, 0xf2, 0xff, 0xff, 0x12, 0xf2, 0xff, 0xff, 0x12, 0xf2, 0xff, 0xff,
    0x12, 0xf2, 0xff, 0xff, 0x12, 0xf2, 0xff, 0xff, 0x12, 0xf2, 0xff, 0xff,
    0x12, 0xf2, 0xff, 0xff, 0x12, 0xf2, 0xff, 0xff, 0x12, 0xf2, 0xff, 0xff,
    0x12, 0xf2, 0xff, 0xff, 0x12, 0xf2, 0xff, 0xff, 0x12, 0xf2, 0xff, 0xff,
    0x12, 0xf2, 0xff, 0xff, 0x12, 0xf2, 0xff, 0xff, 0x12, 0xf2, 0xff, 0xff,
    0x12, 0xf2, 0xff, 0xff, 0x12, 0xf2, 0xff, 0xff, 0x12, 0xf2, 0xff, 0xff,
    0x12, 0xf2, 0xff, 0xff, 0x12, 0xf2, 0xff, 0xff, 0x12, 0xf2, 0xff, 0xff,
    0x12, 0xf2, 0xff, 0xff, 0x12, 0xf2, 0xff, 0xff, 0x12, 0xf2, 0xff, 0xff,
    0x12, 0xf2, 0xff, 0xff, 0x12, 0xf2, 0xff, 0xff, 0x12, 0xf2, 0xff, 0xff,
    0x12, 0xf2, 0xff, 0xff, 0x12, 0xf2, 0xff, 0xff, 0x12, 0xf2, 0xff, 0xff,
    0x12, 0xf2, 0xff, 0xff, 0x12, 0xf2, 0xff, 0xff, 0x12, 0xf2, 0xff, 0xff,
    0x12, 0xf2, 0xff, 0xff, 0x12, 0xf2, 0xff, 0xff, 0x12, 0xf2, 0xff, 0xff,
    0x12, 0xf2, 0xff, 0xff, 0x12, 0xf2, 0xff, 0xff, 0x12, 0xf2, 0xff, 0xff,
    0x12, 0xf2, 0xff, 0xff, 0x12, 0xf2, 0xff, 0xff, 0x12, 0xf2, 0xff, 0xff,
    0x12, 0xf2, 0xff, 0xff, 0x12, 0xf2, 0xff, 0xff, 0x12, 0xf2, 0xff, 0xff,
    0x12, 0xf2, 0xff, 0xff, 0x12, 0xf2, 0xff, 0xff, 0x12, 0xf2, 0xff, 0xff,
    0x12, 0xf2, 0xff, 0xff, 0x12, 0xf2, 0xff, 0xff, 0x12, 0xf2, 0xff, 0xff,
    0x12, 0xf2, 0xff, 0xff, 0x12, 0xf2, 0xff, 0xff, 0x12, 0xf2, 0xff, 0xff,
    0x12, 0xf2, 0xff, 0xff, 0x12, 0xf2, 0xff, 0xff, 0x12, 0xf2, 0xff, 0xff,
    0x12, 0xf2, 0xff, 0xff, 0x12, 0xf2, 0xff, 0xff, 0x12, 0xf2, 0xff, 0xff,
    0x12, 0xf2, 0xff, 0xff, 0x12, 0xf2, 0xff, 0xff, 0x12, 0xf2, 0xff, 0xff,
    0x12, 0xf2, 0xff, 0xff, 0x12, 0xf2, 0xff, 0xff, 0x12, 0xf2, 0xff, 0xff,
    0x12, 0xf2, 0xff, 0xff, 0x12, 0xf2, 0xff, 0xff, 0x12, 0xf2, 0xff, 0xff,
    0x12, 0xf2, 0xff, 0xff, 0x12, 0xf2, 0xff, 0xff, 0x12, 0xf2, 0xff, 0xff,
    0x12, 0xf2, 0xff, 0xff, 0x12, 0xf2, 0xff, 0xff, 0x12, 0xf2, 0xff, 0xff,
    0x12, 0xf2, 0xff, 0xff, 0x12, 0xf2, 0xff, 0xff, 0x12, 0xf2, 0xff, 0xff,
    0x12, 0xf2, 0xff, 0xff, 0x12, 0xf2, 0xff, 0xff, 0x12, 0xf2, 0xff, 0xff,
    0x12, 0xf2, 0xff, 0xff, 0x12, 0xf2, 0xff, 0xff, 0x12, 0xf2, 0xff, 0xff,
    0x12, 0xf2, 0xff, 0xff, 0x12, 0xf2, 0xff, 0xff, 0x12, 0xf2, 0xff, 0xff,
    0x12, 0xf2, 0xff, 0xff, 0x12, 0xf2, 0xff, 0xff, 0x12, 0xf2, 0xff, 0xff,
    0x12, 0xf2, 0xff, 0xff, 0x12, 0xf2, 0xff, 0xff, 0x12, 0xf2, 0xff, 0xff,
    0x12, 0xf2, 0xff, 0xff, 0x12, 0xf2, 0xff, 0xff, 0x12, 0xf2, 0xff, 0xff,
    0x12, 0xf2, 0xff, 0xff, 0x12, 0xf2, 0xff, 0xff, 0x12, 0xf2, 0xff, 0xff,
    0x12, 0xf2, 0xff, 0xff, 0x12, 0xf2, 0xff, 0xff, 0x12, 0xf2, 0xff, 0xff,
    0x12, 0xf2, 0xff, 0xff, 0x12, 0xf2, 0xff, 0xff, 0x12, 0xf2, 0xff, 0xff,
    0x12, 0xf2, 0xff, 0xff, 0x12, 0xf2, 0xff, 0xff, 0x12, 0xf2, 0xff, 0xff,
    0x12, 0xf2, 0xff, 0xff, 0x12, 0xf2, 0xff, 0xff, 0x31, 0x90, 0xf6, 0xff,
    0x34, 0x86, 0xf5, 0xff, 0x33, 0x86, 0xf5, 0x90, 0xff, 0xff, 0xff, 0x00,
    0x12, 0xf1, 0xfe, 0xc5, 0x12, 0xf2, 0xff, 0xff, 0x12, 0xf2, 0xff, 0xff,
    0x12, 0xf2, 0xff, 0xff, 0x12, 0xf2, 0xff, 0xff, 0x12, 0xf2, 0xff, 0xff,
    0x12, 0xf2, 0xff, 0xff, 0x12, 0xf2, 0xff, 0xff, 0x12, 0xf2, 0xff, 0xff,
    0x12, 0xf2, 0xff, 0xff, 0x12, 0xf2, 0xff, 0xff, 0x12, 0xf2, 0xff, 0xff,
    0x12, 0xf2, 0xff, 0xff, 0x12, 0xf2, 0xff, 0xff, 0x12, 0xf2, 0xff, 0xff,
    0x12, 0xf2, 0xff, 0xff, 0x12, 0xf2, 0xff, 0xff, 0x12, 0xf2, 0xff, 0xff,
    0x12, 0xf2, 0xff, 0xff, 0x12, 0xf2, 0xff, 0xff, 0x12, 0xf2, 0xff, 0xff,
    0x12, 0xf2, 0xff, 0xff, 0x12, 0xf2, 0xff, 0xff, 0x12, 0xf2, 0xff, 0xff,
    0x12, 0xf2, 0xff, 0xff, 0x12, 0xf2, 0xff, 0xff, 0x12, 0xf2, 0xff, 0xff,
    0x12, 0xf2, 0xff, 0xff, 0x12, 0xf2, 0xff, 0xff, 0x12, 0xf2, 0xff, 0xff,
    0x12, 0xf2, 0xff, 0xff, 0x12, 0xf2, 0xff, 0xff, 0x12, 0xf2, 0xff, 0xff,
    0x12, 0xf2, 0xff, 0xff, 0x12, 0xf2, 0xff, 0xff, 0x12, 0xf2, 0xff, 0xff,
    0x12, 0xf2, 0xff, 0xff, 0x12, 0xf2, 0xff, 0xff, 0x12, 0xf2, 0xff, 0xff,
    0x12, 0xf2, 0xff, 0xff, 0x12, 0xf2, 0xff, 0xff, 0x12, 0xf2, 0xff, 0xff,
    0x12, 0xf2, 0xff, 0xff, 0x12, 0xf2, 0xff, 0xff, 0x12, 0xf2, 0xff, 0xff,
    0x12, 0xf2, 0xff, 0xff, 0x12, 0xf2, 0xff, 0xff, 0x12, 0xf2, 0xff, 0xff,
    0x12, 0xf2, 0xff, 0xff, 0x12, 0xf2, 0xff, 0xff, 0x12, 0xf2, 0xff, 0xff,
    0x12, 0xf2, 0xff, 0xff, 0x12, 0xf2, 0xff, 0xff, 0x12, 0xf2, 0xff, 0xff,
    0x12, 0xf2, 0xff, 0xff, 0x12, 0xf2, 0xff, 0xff, 0x12, 0xf2, 0xff, 0xff,
    0x12, 0xf2, 0xff, 0xff, 0x12, 0xf2, 0xff, 0xff, 0x12, 0xf2, 0xff, 0xff,
    0x12, 0xf2, 0xff, 0xff, 0x12, 0xf2, 0xff, 0xff, 0x12, 0xf2, 0xff, 0xff,
    0x12, 0xf2, 0xff, 0xff, 0x12, 0xf2, 0xff, 0xff, 0x12, 0xf2, 0xff, 0xff,
    0x12, 0xf2, 0xff, 0xff, 0x12, 0xf2, 0xff, 0xff, 0x12, 0xf2, 0xff, 0xff,
    0x12, 0xf2, 0xff, 0xff, 0x12, 0xf2, 0xff, 0xff, 0x12, 0xf2, 0xff, 0xff,
    0x12, 0xf2, 0xff, 0xff, 0x12, 0xf2, 0xff, 0xff, 0x12, 0xf2, 0xff, 0xff,
    0x12, 0xf2, 0xff, 0xff, 0x12, 0xf2, 0xff, 0xff, 0x12, 0xf2, 0xff, 0xff,
    0x12, 0xf2, 0xff, 0xff, 0x12, 0xf2, 0xff, 0xff, 0x12, 0xf2, 0xff, 0xff,
    0x12, 0xf2, 0xff, 0xff, 0x12, 0xf2, 0xff, 0xff, 0x12, 0xf2, 0xff, 0xff,
    0x12, 0xf2, 0xff, 0xff, 0x12, 0xf2, 0xff, 0xff, 0x12, 0xf2, 0xff, 0xff,
    0x12, 0xf2, 0xff, 0xff, 0x12, 0xf2, 0xff, 0xff, 0x12, 0xf2, 0xff, 0xff,
    0x12, 0xf2, 0xff, 0xff, 0x12, 0xf2, 0xff, 0xff, 0x12, 0xf2, 0xff, 0xff,
    0x12, 0xf2, 0xff, 0xff, 0x12, 0xf2, 0xff, 0xff, 0x12, 0xf2, 0xff, 0xff,
    0x12, 0xf2, 0xff, 0xff, 0x12, 0xf2, 0xff, 0xff, 0x12, 0xf2, 0xff, 0xff,
    0x12, 0xf2, 0xff, 0xff, 0x12, 0xf2, 0xff, 0xff, 0x12, 0xf2, 0xff, 0xff,
    0x12, 0xf2, 0xff, 0xff, 0x12, 0xf2, 0xff, 0xff, 0x12, 0xf2, 0xff, 0xff,
    0x12, 0xf2, 0xff, 0xff, 0x12, 0xf2, 0xff, 0xff, 0x12, 0xf2, 0xff, 0xff,
    0x12, 0xf2, 0xff, 0xff, 0x12, 0xf2, 0xff, 0xff, 0x12, 0xf2, 0xff, 0xff,
    0x12, 0xf2, 0xff, 0xff, 0x12, 0xf2, 0xff, 0xff, 0x12, 0xf2, 0xff, 0xff,
    0x12, 0xf2, 0xff, 0xff, 0x12, 0xf2, 0xff, 0xff, 0x12, 0xf2, 0xff, 0xff,
    0x12, 0xf2, 0xff, 0xff, 0x12, 0xf2, 0xff, 0xff, 0x12, 0xf2, 0xff, 0xff,
    0x12, 0xf2, 0xff, 0xff, 0x12, 0xf2, 0xff, 0xff, 0x12, 0xf2, 0xff, 0xff,
    0x12, 0xf2, 0xff, 0xff, 0x12, 0xf2, 0xff, 0xff, 0x12, 0xf2, 0xff, 0xff,
    0x12, 0xf2, 0xff, 0xff, 0x12, 0xf2, 0xff, 0xff, 0x12, 0xf2, 0xff, 0xff,
    0x12, 0xf2, 0xff, 0xff, 0x12, 0xf2, 0xff, 0xff, 0x12, 0xf2, 0xff, 0xff,
    0x12, 0xf2, 0xff, 0xff, 0x12, 0xf2, 0xff, 0xff, 0x18, 0xde, 0xfe, 0xff,
    0x34, 0x86, 0xf5, 0xff, 0x34, 0x86, 0xf5, 0xff, 0x33, 0x85, 0xf4, 0x72,
    0xff, 0xff, 0xff, 0x00, 0x11, 0xf0, 0xfd, 0x64, 0x12, 0xf2, 0xff, 0xff,
    0x12, 0xf2, 0xff, 0xff, 0x12, 0xf2, 0xff, 0xff, 0x12, 0xf2, 0xff, 0xff,
    0x12, 0xf2, 0xff, 0xff, 0x12, 0xf2, 0xff, 0xff, 0x12, 0xf2, 0xff, 0xff,
    0x12, 0xf2, 0xff, 0xff, 0x12, 0xf2, 0xff, 0xff, 0x12, 0xf2, 0xff, 0xff,
    0x12, 0xf2, 0xff, 0xff, 0x12, 0xf2, 0xff, 0xff, 0x12, 0xf2, 0xff, 0xff,
    0x12, 0xf2, 0xff, 0xff, 0x12, 0xf2, 0xff, 0xff, 0x12, 0xf2, 0xff, 0xff,
    0x12, 0xf2, 0xff, 0xff, 0x12, 0xf2, 0xff, 0xff, 0x12, 0xf2, 0xff, 0xff,
    0x12, 0xf2, 0xff, 0xff, 0x12, 0xf2, 0xff, 0xff, 0x12, 0xf2, 0xff, 0xff,
    0x12, 0xf2, 0xff, 0xff, 0x12, 0xf2, 0xff, 0xff, 0x12, 0xf2, 0xff, 0xff,
    0x12, 0xf2, 0xff, 0xff, 0x12, 0xf2, 0xff, 0xff, 0x12, 0xf2, 0xff, 0xff,
    0x12, 0xf2, 0xff, 0xff, 0x12, 0xf2, 0xff, 0xff, 0x12, 0xf2, 0xff, 0xff,
    0x12, 0xf2, 0xff, 0xff, 0x12, 0xf2, 0xff, 0xff, 0x12, 0xf2, 0xff, 0xff,
    0x12, 0xf2, 0xff, 0xff, 0x12, 0xf2, 0xff, 0xff, 0x12, 0xf2, 0xff, 0xff,
    0x12, 0xf2, 0xff, 0xff, 0x12, 0xf2, 0xff, 0xff, 0x12, 0xf2, 0xff, 0xff,
    0x12, 0xf2, 0xff, 0xff, 0x12, 0xf2, 0xff, 0xff, 0x12, 0xf2, 0xff, 0xff,
    0x12, 0xf2, 0xff, 0xff, 0x12, 0xf2, 0xff, 0xff, 0x12, 0xf2, 0xff, 0xff,
    0x12, 0xf2, 0xff, 0xff, 0x12, 0xf2, 0xff, 0xff, 0x12, 0xf2, 0xff, 0xff,
    0x12, 0xf2, 0xff, 0xff, 0x12, 0xf2, 0xff, 0xff, 0x12, 0xf2, 0xff, 0xff,
    0x12, 0xf2, 0xff, 0xff, 0x12, 0xf2, 0xff, 0xff, 0x12, 0xf2, 0xff, 0xff,
    0x12, 0xf2, 0xff, 0xff, 0x12, 0xf2, 0xff, 0xff, 0x12, 0xf2, 0xff, 0xff,
    0x12, 0xf2, 0xff, 0xff, 0x12, 0xf2, 0xff, 0xff, 0x12, 0xf2, 0xff, 0xff,
    0x12, 0xf2, 0xff, 0xff, 0x12, 0xf2, 0xff, 0xff, 0x12, 0xf2, 0xff, 0xff,
    0x12, 0xf2, 0xff, 0xff, 0x12, 0xf2, 0xff, 0xff, 0x12, 0xf2, 0xff, 0xff,
    0x12, 0xf2, 0xff, 0xff, 0x12, 0xf2, 0xff, 0xff, 0x12, 0xf2, 0xff, 0xff,
    0x12, 0xf2, 0xff, 0xff, 0x12, 0xf2, 0xff, 0xff, 0x12, 0xf2, 0xff, 0xff,
    0x12, 0xf2, 0xff, 0xff, 0x12, 0xf2, 0xff, 0xff, 0x12, 0xf2, 0xff, 0xff,
    0x12, 0xf2, 0xff, 0xff, 0x12, 0xf2, 0xff, 0xff, 0x12, 0xf2, 0xff, 0xff,
    0x12, 0xf2, 0xff, 0xff, 0x12, 0xf2, 0xff, 0xff, 0x12, 0xf2, 0xff, 0xff,
    0x12, 0xf2, 0xff, 0xff, 0x12, 0xf2, 0xff, 0xff, 0x12, 0xf2, 0xff, 0xff,
    0x12, 0xf2, 0xff, 0xff, 0x12, 0xf2, 0xff, 0xff, 0x12, 0xf2, 0xff, 0xff,
    0x12, 0xf2, 0xff, 0xff, 0x12, 0xf2, 0xff, 0xff, 0x12, 0xf2, 0xff, 0xff,
    0x12, 0xf2, 0xff, 0xff, 0x12, 0xf2, 0xff, 0xff, 0x12, 0xf2, 0xff, 0xff,
    0x12, 0xf2, 0xff, 0xff, 0x12, 0xf2, 0xff, 0xff, 0x12, 0xf2, 0xff, 0xff,
    0x12, 0xf2, 0xff, 0xff, 0x12, 0xf2, 0xff, 0xff, 0x12, 0xf2, 0xff, 0xff,
    0x12, 0xf2, 0xff, 0xff, 0x12, 0xf2, 0xff, 0xff, 0x12, 0xf2, 0xff, 0xff,
    0x12, 0xf2, 0xff, 0xff, 0x12, 0xf2, 0xff, 0xff, 0x12, 0xf2, 0xff, 0xff,
    0x12, 0xf2, 0xff, 0xff, 0x12, 0xf2, 0xff, 0xff, 0x12, 0xf2, 0xff, 0xff,
    0x12, 0xf2, 0xff, 0xff, 0x12, 0xf2, 0xff, 0xff, 0x12, 0xf2, 0xff, 0xff,
    0x12, 0xf2, 0xff, 0xff, 0x12, 0xf2, 0xff, 0xff, 0x12, 0xf2, 0xff, 0xff,
    0x12, 0xf2, 0xff, 0xff, 0x12, 0xf2, 0xff, 0xff, 0x12, 0xf2, 0xff, 0xff,
    0x12, 0xf2, 0xff, 0xff, 0x12, 0xf2, 0xff, 0xff, 0x12, 0xf2, 0xff, 0xff,
    0x12, 0xf2, 0xff, 0xff, 0x12, 0xf2, 0xff, 0xff, 0x12, 0xf2, 0xff, 0xff,
    0x12, 0xf2, 0xff, 0xff, 0x12, 0xf2, 0xff, 0xff, 0x12, 0xf2, 0xff, 0xff,
    0x12, 0xf2, 0xff, 0xff, 0x12, 0xf2, 0xff, 0xff, 0x12, 0xf2, 0xff, 0xff,
    0x12, 0xf2, 0xff, 0xff, 0x12, 0xf2, 0xff, 0xff, 0x12, 0xf2, 0xff, 0xff,
    0x25, 0xb4, 0xfa, 0xff, 0x34, 0x86, 0xf5, 0xff, 0x34, 0x86, 0xf5, 0xff,
    0x33, 0x85, 0xf3, 0x3e, 0xff, 0xff, 0xff, 0x00, 0x01, 0xdb, 0xdb, 0x07,
    0x11, 0xf2, 0xfe, 0xe0, 0x12, 0xf2, 0xff, 0xff, 0x12, 0xf2, 0xff, 0xff,
    0x12, 0xf2, 0xff, 0xff, 0x12, 0xf2, 0xff, 0xff, 0x12, 0xf2, 0xff, 0xff,
    0x12, 0xf2, 0xff, 0xff, 0x12, 0xf2, 0xff, 0xff, 0x12, 0xf2, 0xff, 0xff,
    0x12, 0xf2, 0xff, 0xff, 0x12, 0xf2, 0xff, 0xff, 0x12, 0xf2, 0xff, 0xff,
    0x12, 0xf2, 0xff, 0xff, 0x12, 0xf2, 0xff, 0xff, 0x12, 0xf2, 0xff, 0xff,
    0x12, 0xf2, 0xff, 0xff, 0x12, 0xf2, 0xff, 0xff, 0x12, 0xf2, 0xff, 0xff,
    0x12, 0xf2, 0xff, 0xff, 0x12, 0xf2, 0xff, 0xff, 0x12, 0xf2, 0xff, 0xff,
    0x12, 0xf2, 0xff, 0xff, 0x12, 0xf2, 0xff, 0xff, 0x12, 0xf2, 0xff, 0xff,
    0x12, 0xf2, 0xff, 0xff, 0x12, 0xf2, 0xff, 0xff, 0x12, 0xf2, 0xff, 0xff,
    0x12, 0xf2, 0xff, 0xff, 0x12, 0xf2, 0xff, 0xff, 0x12, 0xf2, 0xff, 0xff,
    0x12, 0xf2, 0xff, 0xff, 0x12, 0xf2, 0xff, 0xff, 0x12, 0xf2, 0xff, 0xff,
    0x12, 0xf2, 0xff, 0xff, 0x12, 0xf2, 0xff, 0xff, 0x12, 0xf2, 0xff, 0xff,
    0x12, 0xf2, 0xff, 0xff, 0x12, 0xf2, 0xff, 0xff, 0x12, 0xf2, 0xff, 0xff,
    0x12, 0xf2, 0xff, 0xff, 0x12, 0xf2, 0xff, 0xff, 0x12, 0xf2, 0xff, 0xff,
    0x12, 0xf2, 0xff, 0xff, 0x12, 0xf2, 0xff, 0xff, 0x12, 0xf2, 0xff, 0xff,
    0x12, 0xf2, 0xff, 0xff, 0x12, 0xf2, 0xff, 0xff, 0x12, 0xf2, 0xff, 0xff,
    0x12, 0xf2, 0xff, 0xff, 0x12, 0xf2, 0xff, 0xff, 0x12, 0xf2, 0xff, 0xff,
    0x12, 0xf2, 0xff, 0xff, 0x12, 0xf2, 0xff, 0xff, 0x12, 0xf2, 0xff, 0xff,
    0x12, 0xf2, 0xff, 0xff, 0x12, 0xf2, 0xff, 0xff, 0x12, 0xf2, 0xff, 0xff,
    0x12, 0xf2, 0xff, 0xff, 0x12, 0xf2, 0xff, 0xff, 0x12, 0xf2, 0xff, 0xff,
    0x12, 0xf2, 0xff, 0xff, 0x12, 0xf2, 0xff, 0xff, 0x12, 0xf2, 0xff, 0xff,
    0x12, 0xf2, 0xff, 0xff, 0x12, 0xf2, 0xff, 0xff, 0x12, 0xf2, 0xff, 0xff,
    0x12, 0xf2, 0xff, 0xff, 0x12, 0xf2, 0xff, 0xff, 0x12, 0xf2, 0xff, 0xff,
    0x12, 0xf2, 0xff, 0xff, 0x12, 0xf2, 0xff, 0xff, 0x12, 0xf2, 0xff, 0xff,
    0x12, 0xf2, 0xff, 0xff, 0x12, 0xf2, 0xff, 0xff, 0x12, 0xf2, 0xff, 0xff,
    0x12, 0xf2, 0xff, 0xff, 0x12, 0xf2, 0xff, 0xff, 0x12, 0xf2, 0xff, 0xff,
    0x12, 0xf2, 0xff, 0xff, 0x12, 0xf2, 0xff, 0xff, 0x12, 0xf2, 0xff, 0xff,
    0x12, 0xf2, 0xff, 0xff, 0x12, 0xf2, 0xff, 0xff, 0x12, 0xf2, 0xff, 0xff,
    0x12, 0xf2, 0xff, 0xff, 0x12, 0xf2, 0xff, 0xff, 0x12, 0xf2, 0xff, 0xff,
    0x12, 0xf2, 0xff, 0xff, 0x12, 0xf2, 0xff, 0xff, 0x12, 0xf2, 0xff, 0xff,
    0x12, 0xf2, 0xff, 0xff, 0x12, 0xf2, 0xff, 0xff, 0x12, 0xf2, 0xff, 0xff,
    0x12, 0xf2, 0xff, 0xff, 0x12, 0xf2, 0xff, 0xff, 0x12, 0xf2, 0xff, 0xff,
    0x12, 0xf2, 0xff, 0xff, 0x12, 0xf2, 0xff, 0xff, 0x12, 0xf2, 0xff, 0xff,
    0x12, 0xf2, 0xff, 0xff, 0x12, 0xf2, 0xff, 0xff, 0x12, 0xf2, 0xff, 0xff,
    0x12, 0xf2, 0xff, 0xff, 0x12, 0xf2, 0xff, 0xff, 0x12, 0xf2, 0xff, 0xff,
    0x12, 0xf2, 0xff, 0xff, 0x12, 0xf2, 0xff, 0xff, 0x12, 0xf2, 0xff, 0xff,
    0x12, 0xf2, 0xff, 0xff, 0x12, 0xf2, 0xff, 0xff, 0x12, 0xf2, 0xff, 0xff,
    0x12, 0xf2, 0xff, 0xff, 0x12, 0xf2, 0xff, 0xff, 0x12, 0xf2, 0xff, 0xff,
    0x12, 0xf2, 0xff, 0xff, 0x12, 0xf2, 0xff, 0xff, 0x12, 0xf2, 0xff, 0xff,
    0x12, 0xf2, 0xff, 0xff, 0x12, 0xf2, 0xff, 0xff, 0x12, 0xf2, 0xff, 0xff,
    0x12, 0xf2, 0xff, 0xff, 0x12, 0xf2, 0xff, 0xff, 0x12, 0xf2, 0xff, 0xff,
    0x12, 0xf2, 0xff, 0xff, 0x12, 0xf2, 0xff, 0xff, 0x12, 0xf2, 0xff, 0xff,
    0x12, 0xf2, 0xff, 0xff, 0x12, 0xf2, 0xff, 0xff, 0x12, 0xf2, 0xff, 0xff,
    0x12, 0xf2, 0xff, 0xff, 0x12, 0xf2, 0xff, 0xff, 0x12, 0xf2, 0xff, 0xff,
    0x15, 0xe7, 0xfe, 0xff, 0x32, 0x8a, 0xf6, 0xff, 0x34, 0x86, 0xf5, 0xff,
    0x34, 0x86, 0xf5, 0xed, 0x2c, 0x80, 0xd5, 0x06, 0xff, 0xff, 0xff, 0x00,
    0xff, 0xff, 0xff, 0x00, 0x12, 0xf2, 0xfc, 0x4d, 0x12, 0xf2, 0xff, 0xff,
    0x12, 0xf2, 0xff, 0xff, 0x12, 0xf2, 0xff, 0xff, 0x12, 0xf2, 0xff, 0xff,
    0x12, 0xf2, 0xff, 0xff, 0x12, 0xf2, 0xff, 0xff, 0x12, 0xf2, 0xff, 0xff,
    0x12, 0xf2, 0xff, 0xff, 0x12, 0xf2, 0xff, 0xff, 0x12, 0xf2, 0xff, 0xff,
    0x12, 0xf2, 0xff, 0xff, 0x12, 0xf2, 0xff, 0xff, 0x12, 0xf2, 0xff, 0xff,
    0x12, 0xf2, 0xff, 0xff, 0x12, 0xf2, 0xff, 0xff, 0x12, 0xf2, 0xff, 0xff,
    0x12, 0xf2, 0xff, 0xff, 0x12, 0xf2, 0xff, 0xff, 0x12, 0xf2, 0xff, 0xff,
    0x12, 0xf2, 0xff, 0xff, 0x12, 0xf2, 0xff, 0xff, 0x12, 0xf2, 0xff, 0xff,
    0x12, 0xf2, 0xff, 0xff, 0x12, 0xf2, 0xff, 0xff, 0x12, 0xf2, 0xff, 0xff,
    0x12, 0xf2, 0xff, 0xff, 0x12, 0xf2, 0xff, 0xff, 0x12, 0xf2, 0xff, 0xff,
    0x12, 0xf2, 0xff, 0xff, 0x12, 0xf2, 0xff, 0xff, 0x12, 0xf2, 0xff, 0xff,
    0x12, 0xf2, 0xff, 0xff, 0x12, 0xf2, 0xff, 0xff, 0x12, 0xf2, 0xff, 0xff,
    0x12, 0xf2, 0xff, 0xff, 0x12, 0xf2, 0xff, 0xff, 0x12, 0xf2, 0xff, 0xff,
    0x12, 0xf2, 0xff, 0xff, 0x12, 0xf2, 0xff, 0xff, 0x12, 0xf2, 0xff, 0xff,
    0x12, 0xf2, 0xff, 0xff, 0x12, 0xf2, 0xff, 0xff, 0x12, 0xf2, 0xff, 0xff,
    0x12, 0xf2, 0xff, 0xff, 0x12, 0xf2, 0xff, 0xff, 0x12, 0xf2, 0xff, 0xff,
    0x12, 0xf2, 0xff, 0xff, 0x12, 0xf2, 0xff, 0xff, 0x12, 0xf2, 0xff, 0xff,
    0x12, 0xf2, 0xff, 0xff, 0x12, 0xf2, 0xff, 0xff, 0x12, 0xf2, 0xff, 0xff,
    0x12, 0xf2, 0xff, 0xff, 0x12, 0xf2, 0xff, 0xff, 0x12, 0xf2, 0xff, 0xff,
    0x12, 0xf2, 0xff, 0xff, 0x12, 0xf2, 0xff, 0xff, 0x12, 0xf2, 0xff, 0xff,
    0x12, 0xf2, 0xff, 0xff, 0x12, 0xf2, 0xff, 0xff, 0x12, 0xf2, 0xff, 0xff,
    0x12, 0xf2, 0xff, 0xff, 0x12, 0xf2, 0xff, 0xff, 0x12, 0xf2, 0xff, 0xff,
    0x12, 0xf2, 0xff, 0xff, 0x12, 0xf2, 0xff, 0xff, 0x12, 0xf2, 0xff, 0xff,
    0x12, 0xf2, 0xff, 0xff, 0x12, 0xf2, 0xff, 0xff, 0x12, 0xf2, 0xff, 0xff,
    0x12, 0xf2, 0xff, 0xff, 0x12, 0xf2, 0xff, 0xff, 0x12, 0xf2, 0xff, 0xff,
    0x12, 0xf2, 0xff, 0xff, 0x12, 0xf2, 0xff, 0xff, 0x12, 0xf2, 0xff, 0xff,
    0x12, 0xf2, 0xff, 0xff, 0x12, 0xf2, 0xff, 0xff, 0x12, 0xf2, 0xff, 0xff,
    0x12, 0xf2, 0xff, 0xff, 0x12, 0xf2, 0xff, 0xff, 0x12, 0xf2, 0xff, 0xff,
    0x12, 0xf2, 0xff, 0xff, 0x12, 0xf2, 0xff, 0xff, 0x12, 0xf2, 0xff, 0xff,
    0x12, 0xf2, 0xff, 0xff, 0x12, 0xf2, 0xff, 0xff, 0x12, 0xf2, 0xff, 0xff,
    0x12, 0xf2, 0xff, 0xff, 0x12, 0xf2, 0xff, 0xff, 0x12, 0xf2, 0xff, 0xff,
    0x12, 0xf2, 0xff, 0xff, 0x12, 0xf2, 0xff, 0xff, 0x12, 0xf2, 0xff, 0xff,
    0x12, 0xf2, 0xff, 0xff, 0x12, 0xf2, 0xff, 0xff, 0x12, 0xf2, 0xff, 0xff,
    0x12, 0xf2, 0xff, 0xff, 0x12, 0xf2, 0xff, 0xff, 0x12, 0xf2, 0xff, 0xff,
    0x12, 0xf2, 0xff, 0xff, 0x12, 0xf2, 0xff, 0xff, 0x12, 0xf2, 0xff, 0xff,
    0x12, 0xf2, 0xff, 0xff, 0x12, 0xf2, 0xff, 0xff, 0x12, 0xf2, 0xff, 0xff,
    0x12, 0xf2, 0xff, 0xff, 0x12, 0xf2, 0xff, 0xff, 0x12, 0xf2, 0xff, 0xff,
    0x12, 0xf2, 0xff, 0xff, 0x12, 0xf2, 0xff, 0xff, 0x12, 0xf2, 0xff, 0xff,
    0x12, 0xf2, 0xff, 0xff, 0x12, 0xf2, 0xff, 0xff, 0x12, 0xf2, 0xff, 0xff,
    0x12, 0xf2, 0xff, 0xff, 0x12, 0xf2, 0xff, 0xff, 0x12, 0xf2, 0xff, 0xff,
    0x12, 0xf2, 0xff, 0xff, 0x12, 0xf2, 0xff, 0xff, 0x12, 0xf2, 0xff, 0xff,
    0x12, 0xf2, 0xff, 0xff, 0x12, 0xf2, 0xff, 0xff, 0x12, 0xf2, 0xff, 0xff,
    0x12, 0xf2, 0xff, 0xff, 0x12, 0xf2, 0xff, 0xff, 0x12, 0xf2, 0xff, 0xff,
    0x12, 0xf2, 0xff, 0xff, 0x12, 0xf2, 0xff, 0xff, 0x12, 0xf2, 0xff, 0xff,
    0x12, 0xf2, 0xff, 0xff, 0x28, 0xaa, 0xf9, 0xff, 0x34, 0x86, 0xf5, 0xff,
    0x34, 0x86, 0xf5, 0xff, 0x33, 0x85, 0xf5, 0x8f, 0xff, 0xff, 0xff, 0x00,
    0xff, 0xff, 0xff, 0x00, 0xff, 0xff, 0xff, 0x00, 0xff, 0xff, 0xff, 0x00,
    0x12, 0xf1, 0xfe, 0x8b, 0x12, 0xf2, 0xff, 0xff, 0x12, 0xf2, 0xff, 0xff,
    0x12, 0xf2, 0xff, 0xff, 0x12, 0xf2, 0xff, 0xff, 0x12, 0xf2, 0xff, 0xff,
    0x12, 0xf2, 0xff, 0xff, 0x12, 0xf2, 0xff, 0xff, 0x12, 0xf2, 0xff, 0xff,
    0x12, 0xf2, 0xff, 0xff, 0x12, 0xf2, 0xff, 0xff, 0x12, 0xf2, 0xff, 0xff,
    0x12, 0xf2, 0xff, 0xff, 0x12, 0xf2, 0xff, 0xff, 0x12, 0xf2, 0xff, 0xff,
    0x12, 0xf2, 0xff, 0xff, 0x12, 0xf2, 0xff, 0xff, 0x12, 0xf2, 0xff, 0xff,
    0x12, 0xf2, 0xff, 0xff, 0x12, 0xf2, 0xff, 0xff, 0x12, 0xf2, 0xff, 0xff,
    0x12, 0xf2, 0xff, 0xff, 0x12, 0xf2, 0xff, 0xff, 0x12, 0xf2, 0xff, 0xff,
    0x12, 0xf2, 0xff, 0xff, 0x12, 0xf2, 0xff, 0xff, 0x12, 0xf2, 0xff, 0xff,
    0x12, 0xf2, 0xff, 0xff, 0x12, 0xf2, 0xff, 0xff, 0x12, 0xf2, 0xff, 0xff,
    0x12, 0xf2, 0xff, 0xff, 0x12, 0xf2, 0xff, 0xff, 0x12, 0xf2, 0xff, 0xff,
    0x12, 0xf2, 0xff, 0xff, 0x12, 0xf2, 0xff, 0xff, 0x12, 0xf2, 0xff, 0xff,
    0x12, 0xf2, 0xff, 0xff, 0x12, 0xf2, 0xff, 0xff, 0x12, 0xf2, 0xff, 0xff,
    0x12, 0xf2, 0xff, 0xff, 0x12, 0xf2, 0xff, 0xff, 0x12, 0xf2, 0xff, 0xff,
    0x12, 0xf2, 0xff, 0xff, 0x12, 0xf2, 0xff, 0xff, 0x12, 0xf2, 0xff, 0xff,
    0x12, 0xf2, 0xff, 0xff, 0x12, 0xf2, 0xff, 0xff, 0x12, 0xf2, 0xff, 0xff,
    0x12, 0xf2, 0xff, 0xff, 0x12, 0xf2, 0xff, 0xff, 0x12, 0xf2, 0xff, 0xff,
    0x12, 0xf2, 0xff, 0xff, 0x12, 0xf2, 0xff, 0xff, 0x12, 0xf2, 0xff, 0xff,
    0x12, 0xf2, 0xff, 0xff, 0x12, 0xf2, 0xff, 0xff, 0x12, 0xf2, 0xff, 0xff,
    0x12, 0xf2, 0xff, 0xff, 0x12, 0xf2, 0xff, 0xff, 0x12, 0xf2, 0xff, 0xff,
    0x12, 0xf2, 0xff, 0xff, 0x12, 0xf2, 0xff, 0xff, 0x12, 0xf2, 0xff, 0xff,
    0x12, 0xf2, 0xff, 0xff, 0x12, 0xf2, 0xff, 0xff, 0x12, 0xf2, 0xff, 0xff,
    0x12, 0xf2, 0xff, 0xff, 0x12, 0xf2, 0xff, 0xff, 0x12, 0xf2, 0xff, 0xff,
    0x12, 0xf2, 0xff, 0xff, 0x12, 0xf2, 0xff, 0xff, 0x12, 0xf2, 0xff, 0xff,
    0x12, 0xf2, 0xff, 0xff, 0x12, 0xf2, 0xff, 0xff, 0x12, 0xf2, 0xff, 0xff,
    0x12, 0xf2, 0xff, 0xff, 0x12, 0xf2, 0xff, 0xff, 0x12, 0xf2, 0xff, 0xff,
    0x12, 0xf2, 0xff, 0xff, 0x12, 0xf2, 0xff, 0xff, 0x12, 0xf2, 0xff, 0xff,
    0x12, 0xf2, 0xff, 0xff, 0x12, 0xf2, 0xff, 0xff, 0x12, 0xf2, 0xff, 0xff,
    0x12, 0xf2, 0xff, 0xff, 0x12, 0xf2, 0xff, 0xff, 0x12, 0xf2, 0xff, 0xff,
    0x12, 0xf2, 0xff, 0xff, 0x12, 0xf2, 0xff, 0xff, 0x12, 0xf2, 0xff, 0xff,
    0x12, 0xf2, 0xff, 0xff, 0x12, 0xf2, 0xff, 0xff, 0x12, 0xf2, 0xff, 0xff,
    0x12, 0xf2, 0xff, 0xff, 0x12, 0xf2, 0xff, 0xff, 0x12, 0xf2, 0xff, 0xff,
    0x12, 0xf2, 0xff, 0xff, 0x12, 0xf2, 0xff, 0xff, 0x12, 0xf2, 0xff, 0xff,
    0x12, 0xf2, 0xff, 0xff, 0x12, 0xf2, 0xff, 0xff, 0x12, 0xf2, 0xff, 0xff,
    0x12, 0xf2, 0xff, 0xff, 0x12, 0xf2, 0xff, 0xff, 0x12, 0xf2, 0xff, 0xff,
    0x12, 0xf2, 0xff, 0xff, 0x12, 0xf2, 0xff, 0xff, 0x12, 0xf2, 0xff, 0xff,
    0x12, 0xf2, 0xff, 0xff, 0x12, 0xf2, 0xff, 0xff, 0x12, 0xf2, 0xff, 0xff,
    0x12, 0xf2, 0xff, 0xff, 0x12, 0xf2, 0xff, 0xff, 0x12, 0xf2, 0xff, 0xff,
    0x12, 0xf2, 0xff, 0xff, 0x12, 0xf2, 0xff, 0xff, 0x12, 0xf2, 0xff, 0xff,
    0x12, 0xf2, 0xff, 0xff, 0x12, 0xf2, 0xff, 0xff, 0x12, 0xf2, 0xff, 0xff,
    0x12, 0xf2, 0xff, 0xff, 0x12, 0xf2, 0xff, 0xff, 0x12, 0xf2, 0xff, 0xff,
    0x12, 0xf2, 0xff, 0xff, 0x12, 0xf2, 0xff, 0xff, 0x12, 0xf2, 0xff, 0xff,
    0x12, 0xf2, 0xff, 0xff, 0x12, 0xf2, 0xff, 0xff, 0x12, 0xf2, 0xff, 0xff,
    0x12, 0xf2, 0xff, 0xff, 0x20, 0xc5, 0xfb, 0xff, 0x34, 0x86, 0xf5, 0xff,
    0x34, 0x86, 0xf5, 0xff, 0x34, 0x86, 0xf5, 0xf3, 0x32, 0x80, 0xec, 0x1a,
    0xff, 0xff, 0xff, 0x00, 0xff, 0xff, 0xff, 0x00, 0xff, 0xff, 0xff, 0x00,
    0xff, 0xff, 0xff, 0x00, 0x01, 0x80, 0x80, 0x02, 0x14, 0xeb, 0xfe, 0xa4,
    0x12, 0xf2, 0xff, 0xff, 0x12, 0xf2, 0xff, 0xff, 0x12, 0xf2, 0xff, 0xff,
    0x12, 0xf2, 0xff, 0xff, 0x12, 0xf2, 0xff, 0xff, 0x12, 0xf2, 0xff, 0xff,
    0x12, 0xf2, 0xff, 0xff, 0x12, 0xf2, 0xff, 0xff, 0x12, 0xf2, 0xff, 0xff,
    0x12, 0xf2, 0xff, 0xff, 0x12, 0xf2, 0xff, 0xff, 0x12, 0xf2, 0xff, 0xff,
    0x12, 0xf2, 0xff, 0xff, 0x12, 0xf2, 0xff, 0xff, 0x12, 0xf2, 0xff, 0xff,
    0x12, 0xf2, 0xff, 0xff, 0x12, 0xf2, 0xff, 0xff, 0x12, 0xf2, 0xff, 0xff,
    0x12, 0xf2, 0xff, 0xff, 0x12, 0xf2, 0xff, 0xff, 0x12, 0xf2, 0xff, 0xff,
    0x12, 0xf2, 0xff, 0xff, 0x12, 0xf2, 0xff, 0xff, 0x12, 0xf2, 0xff, 0xff,
    0x12, 0xf2, 0xff, 0xff, 0x12, 0xf2, 0xff, 0xff, 0x12, 0xf2, 0xff, 0xff,
    0x12, 0xf2, 0xff, 0xff, 0x12, 0xf2, 0xff, 0xff, 0x12, 0xf2, 0xff, 0xff,
    0x12, 0xf2, 0xff, 0xff, 0x12, 0xf2, 0xff, 0xff, 0x12, 0xf2, 0xff, 0xff,
    0x12, 0xf2, 0xff, 0xff, 0x12, 0xf2, 0xff, 0xff, 0x12, 0xf2, 0xff, 0xff,
    0x12, 0xf2, 0xff, 0xff, 0x12, 0xf2, 0xff, 0xff, 0x12, 0xf2, 0xff, 0xff,
    0x12, 0xf2, 0xff, 0xff, 0x12, 0xf2, 0xff, 0xff, 0x12, 0xf2, 0xff, 0xff,
    0x12, 0xf2, 0xff, 0xff, 0x12, 0xf2, 0xff, 0xff, 0x12, 0xf2, 0xff, 0xff,
    0x12, 0xf2, 0xff, 0xff, 0x12, 0xf2, 0xff, 0xff, 0x12, 0xf2, 0xff, 0xff,
    0x12, 0xf2, 0xff, 0xff, 0x12, 0xf2, 0xff, 0xff, 0x12, 0xf2, 0xff, 0xff,
    0x12, 0xf2, 0xff, 0xff, 0x12, 0xf2, 0xff, 0xff, 0x12, 0xf2, 0xff, 0xff,
    0x12, 0xf2, 0xff, 0xff, 0x12, 0xf2, 0xff, 0xff, 0x12, 0xf2, 0xff, 0xff,
    0x12, 0xf2, 0xff, 0xff, 0x12, 0xf2, 0xff, 0xff, 0x12, 0xf2, 0xff, 0xff,
    0x12, 0xf2, 0xff, 0xff, 0x12, 0xf2, 0xff, 0xff, 0x12, 0xf2, 0xff, 0xff,
    0x12, 0xf2, 0xff, 0xff, 0x12, 0xf2, 0xff, 0xff, 0x12, 0xf2, 0xff, 0xff,
    0x12, 0xf2, 0xff, 0xff, 0x12, 0xf2, 0xff, 0xff, 0x12, 0xf2, 0xff, 0xff,
    0x12, 0xf2, 0xff, 0xff, 0x12, 0xf2, 0xff, 0xff, 0x12, 0xf2, 0xff, 0xff,
    0x12, 0xf2, 0xff, 0xff, 0x12, 0xf2, 0xff, 0xff, 0x12, 0xf2, 0xff, 0xff,
    0x12, 0xf2, 0xff, 0xff, 0x12, 0xf2, 0xff, 0xff, 0x12, 0xf2, 0xff, 0xff,
    0x12, 0xf2, 0xff, 0xff, 0x12, 0xf2, 0xff, 0xff, 0x12, 0xf2, 0xff, 0xff,
    0x12, 0xf2, 0xff, 0xff, 0x12, 0xf2, 0xff, 0xff, 0x12, 0xf2, 0xff, 0xff,
    0x12, 0xf2, 0xff, 0xff, 0x12, 0xf2, 0xff, 0xff, 0x12, 0xf2, 0xff, 0xff,
    0x12, 0xf2, 0xff, 0xff, 0x12, 0xf2, 0xff, 0xff, 0x12, 0xf2, 0xff, 0xff,
    0x12, 0xf2, 0xff, 0xff, 0x12, 0xf2, 0xff, 0xff, 0x12, 0xf2, 0xff, 0xff,
    0x12, 0xf2, 0xff, 0xff, 0x12, 0xf2, 0xff, 0xff, 0x12, 0xf2, 0xff, 0xff,
    0x12, 0xf2, 0xff, 0xff, 0x12, 0xf2, 0xff, 0xff, 0x12, 0xf2, 0xff, 0xff,
    0x12, 0xf2, 0xff, 0xff, 0x12, 0xf2, 0xff, 0xff, 0x12, 0xf2, 0xff, 0xff,
    0x12, 0xf2, 0xff, 0xff, 0x12, 0xf2, 0xff, 0xff, 0x12, 0xf2, 0xff, 0xff,
    0x12, 0xf2, 0xff, 0xff, 0x12, 0xf2, 0xff, 0xff, 0x12, 0xf2, 0xff, 0xff,
    0x12, 0xf2, 0xff, 0xff, 0x12, 0xf2, 0xff, 0xff, 0x12, 0xf2, 0xff, 0xff,
    0x12, 0xf2, 0xff, 0xff, 0x12, 0xf2, 0xff, 0xff, 0x12, 0xf2, 0xff, 0xff,
    0x12, 0xf2, 0xff, 0xff, 0x12, 0xf2, 0xff, 0xff, 0x12, 0xf2, 0xff, 0xff,
    0x12, 0xf2, 0xff, 0xff, 0x12, 0xf2, 0xff, 0xff, 0x12, 0xf2, 0xff, 0xff,
    0x12, 0xf2, 0xff, 0xff, 0x12, 0xf2, 0xff, 0xff, 0x12, 0xf2, 0xff, 0xff,
    0x12, 0xf2, 0xff, 0xff, 0x12, 0xf2, 0xff, 0xff, 0x12, 0xf2, 0xff, 0xff,
    0x12, 0xf2, 0xff, 0xff, 0x1e, 0xcb, 0xfc, 0xff, 0x33, 0x87, 0xf6, 0xff,
    0x34, 0x86, 0xf5, 0xff, 0x34, 0x86, 0xf5, 0xff, 0x34, 0x86, 0xf4, 0x6f,
    0xff, 0xff, 0xff, 0x00, 0xff, 0xff, 0xff, 0x00, 0xff, 0xff, 0xff, 0x00,
    0xff, 0xff, 0xff, 0x00, 0xff, 0xff, 0xff, 0x00, 0xff, 0xff, 0xff, 0x00,
    0x01, 0x01, 0x01, 0x01, 0x1a, 0xd8, 0xfc, 0x99, 0x12, 0xf0, 0xff, 0xff,
    0x12, 0xf2, 0xff, 0xff, 0x12, 0xf2, 0xff, 0xff, 0x12, 0xf2, 0xff, 0xff,
    0x12, 0xf2, 0xff, 0xff, 0x12, 0xf2, 0xff, 0xff, 0x12, 0xf2, 0xff, 0xff,
    0x12, 0xf2, 0xff, 0xff, 0x12, 0xf2, 0xff, 0xff, 0x12, 0xf2, 0xff, 0xff,
    0x12, 0xf2, 0xff, 0xff, 0x12, 0xf2, 0xff, 0xff, 0x12, 0xf2, 0xff, 0xff,
    0x12, 0xf2, 0xff, 0xff, 0x12, 0xf2, 0xff, 0xff, 0x12, 0xf2, 0xff, 0xff,
    0x12, 0xf2, 0xff, 0xff, 0x12, 0xf2, 0xff, 0xff, 0x12, 0xf2, 0xff, 0xff,
    0x12, 0xf2, 0xff, 0xff, 0x12, 0xf2, 0xff, 0xff, 0x12, 0xf2, 0xff, 0xff,
    0x12, 0xf2, 0xff, 0xff, 0x12, 0xf2, 0xff, 0xff, 0x12, 0xf2, 0xff, 0xff,
    0x12, 0xf2, 0xff, 0xff, 0x12, 0xf2, 0xff, 0xff, 0x12, 0xf2, 0xff, 0xff,
    0x12, 0xf2, 0xff, 0xff, 0x12, 0xf2, 0xff, 0xff, 0x12, 0xf2, 0xff, 0xff,
    0x12, 0xf2, 0xff, 0xff, 0x12, 0xf2, 0xff, 0xff, 0x12, 0xf2, 0xff, 0xff,
    0x12, 0xf2, 0xff, 0xff, 0x12, 0xf2, 0xff, 0xff, 0x12, 0xf2, 0xff, 0xff,
    0x12, 0xf2, 0xff, 0xff, 0x12, 0xf2, 0xff, 0xff, 0x12, 0xf2, 0xff, 0xff,
    0x12, 0xf2, 0xff, 0xff, 0x12, 0xf2, 0xff, 0xff, 0x12, 0xf2, 0xff, 0xff,
    0x12, 0xf2, 0xff, 0xff, 0x12, 0xf2, 0xff, 0xff, 0x12, 0xf2, 0xff, 0xff,
    0x12, 0xf2, 0xff, 0xff, 0x12, 0xf2, 0xff, 0xff, 0x12, 0xf2, 0xff, 0xff,
    0x12, 0xf2, 0xff, 0xff, 0x12, 0xf2, 0xff, 0xff, 0x12, 0xf2, 0xff, 0xff,
    0x12, 0xf2, 0xff, 0xff, 0x12, 0xf2, 0xff, 0xff, 0x12, 0xf2, 0xff, 0xff,
    0x12, 0xf2, 0xff, 0xff, 0x12, 0xf2, 0xff, 0xff, 0x12, 0xf2, 0xff, 0xff,
    0x12, 0xf2, 0xff, 0xff, 0x12, 0xf2, 0xff, 0xff, 0x12, 0xf2, 0xff, 0xff,
    0x12, 0xf2, 0xff, 0xff, 0x12, 0xf2, 0xff, 0xff, 0x12, 0xf2, 0xff, 0xff,
    0x12, 0xf2, 0xff, 0xff, 0x12, 0xf2, 0xff, 0xff, 0x12, 0xf2, 0xff, 0xff,
    0x12, 0xf2, 0xff, 0xff, 0x12, 0xf2, 0xff, 0xff, 0x12, 0xf2, 0xff, 0xff,
    0x12, 0xf2, 0xff, 0xff, 0x12, 0xf2, 0xff, 0xff, 0x12, 0xf2, 0xff, 0xff,
    0x12, 0xf2, 0xff, 0xff, 0x12, 0xf2, 0xff, 0xff, 0x12, 0xf2, 0xff, 0xff,
    0x12, 0xf2, 0xff, 0xff, 0x12, 0xf2, 0xff, 0xff, 0x12, 0xf2, 0xff, 0xff,
    0x12, 0xf2, 0xff, 0xff, 0x12, 0xf2, 0xff, 0xff, 0x12, 0xf2, 0xff, 0xff,
    0x12, 0xf2, 0xff, 0xff, 0x12, 0xf2, 0xff, 0xff, 0x12, 0xf2, 0xff, 0xff,
    0x12, 0xf2, 0xff, 0xff, 0x12, 0xf2, 0xff, 0xff, 0x12, 0xf2, 0xff, 0xff,
    0x12, 0xf2, 0xff, 0xff, 0x12, 0xf2, 0xff, 0xff, 0x12, 0xf2, 0xff, 0xff,
    0x12, 0xf2, 0xff, 0xff, 0x12, 0xf2, 0xff, 0xff, 0x12, 0xf2, 0xff, 0xff,
    0x12, 0xf2, 0xff, 0xff, 0x12, 0xf2, 0xff, 0xff, 0x12, 0xf2, 0xff, 0xff,
    0x12, 0xf2, 0xff, 0xff, 0x12, 0xf2, 0xff, 0xff, 0x12, 0xf2, 0xff, 0xff,
    0x12, 0xf2, 0xff, 0xff, 0x12, 0xf2, 0xff, 0xff, 0x12, 0xf2, 0xff, 0xff,
    0x12, 0xf2, 0xff, 0xff, 0x12, 0xf2, 0xff, 0xff, 0x12, 0xf2, 0xff, 0xff,
    0x12, 0xf2, 0xff, 0xff, 0x12, 0xf2, 0xff, 0xff, 0x12, 0xf2, 0xff, 0xff,
    0x12, 0xf2, 0xff, 0xff, 0x12, 0xf2, 0xff, 0xff, 0x12, 0xf2, 0xff, 0xff,
    0x12, 0xf2, 0xff, 0xff, 0x12, 0xf2, 0xff, 0xff, 0x12, 0xf2, 0xff, 0xff,
    0x12, 0xf2, 0xff, 0xff, 0x12, 0xf2, 0xff, 0xff, 0x12, 0xf2, 0xff, 0xff,
    0x12, 0xf2, 0xff, 0xff, 0x12, 0xf2, 0xff, 0xff, 0x12, 0xf2, 0xff, 0xff,
    0x12, 0xf2, 0xff, 0xff, 0x12, 0xf2, 0xff, 0xff, 0x12, 0xf2, 0xff, 0xff,
    0x12, 0xf1, 0xff, 0xff, 0x23, 0xba, 0xfa, 0xff, 0x34, 0x86, 0xf6, 0xff,
    0x34, 0x86, 0xf5, 0xff, 0x34, 0x86, 0xf5, 0xff, 0x33, 0x85, 0xf5, 0xa8,
    0x01, 0x01, 0x01, 0x01, 0xff, 0xff, 0xff, 0x00, 0xff, 0xff, 0xff, 0x00,
    0xff, 0xff, 0xff, 0x00, 0xff, 0xff, 0xff, 0x00, 0xff, 0xff, 0xff, 0x00,
    0xff, 0xff, 0xff, 0x00, 0xff, 0xff, 0xff, 0x00, 0xff, 0xff, 0xff, 0x00,
    0x26, 0xaf, 0xf9, 0x6e, 0x1d, 0xd0, 0xfc, 0xfd, 0x12, 0xf2, 0xff, 0xff,
    0x12, 0xf2, 0xff, 0xff, 0x12, 0xf2, 0xff, 0xff, 0x12, 0xf2, 0xff, 0xff,
    0x12, 0xf2, 0xff, 0xff, 0x12, 0xf2, 0xff, 0xff, 0x12, 0xf2, 0xff, 0xff,
    0x12, 0xf2, 0xff, 0xff, 0x12, 0xf2, 0xff, 0xff, 0x12, 0xf2, 0xff, 0xff,
    0x12, 0xf2, 0xff, 0xff, 0x12, 0xf2, 0xff, 0xff, 0x12, 0xf2, 0xff, 0xff,
    0x12, 0xf2, 0xff, 0xff, 0x12, 0xf2, 0xff, 0xff, 0x12, 0xf2, 0xff, 0xff,
    0x12, 0xf2, 0xff, 0xff, 0x12, 0xf2, 0xff, 0xff, 0x12, 0xf2, 0xff, 0xff,
    0x12, 0xf2, 0xff, 0xff, 0x12, 0xf2, 0xff, 0xff, 0x12, 0xf2, 0xff, 0xff,
    0x12, 0xf2, 0xff, 0xff, 0x12, 0xf2, 0xff, 0xff, 0x12, 0xf2, 0xff, 0xff,
    0x12, 0xf2, 0xff, 0xff, 0x12, 0xf2, 0xff, 0xff, 0x12, 0xf2, 0xff, 0xff,
    0x12, 0xf2, 0xff, 0xff, 0x12, 0xf2, 0xff, 0xff, 0x12, 0xf2, 0xff, 0xff,
    0x12, 0xf2, 0xff, 0xff, 0x12, 0xf2, 0xff, 0xff, 0x12, 0xf2, 0xff, 0xff,
    0x12, 0xf2, 0xff, 0xff, 0x12, 0xf2, 0xff, 0xff, 0x12, 0xf2, 0xff, 0xff,
    0x12, 0xf2, 0xff, 0xff, 0x12, 0xf2, 0xff, 0xff, 0x12, 0xf2, 0xff, 0xff,
    0x12, 0xf2, 0xff, 0xff, 0x12, 0xf2, 0xff, 0xff, 0x12, 0xf2, 0xff, 0xff,
    0x12, 0xf2, 0xff, 0xff, 0x12, 0xf2, 0xff, 0xff, 0x12, 0xf2, 0xff, 0xff,
    0x12, 0xf2, 0xff, 0xff, 0x12, 0xf2, 0xff, 0xff, 0x12, 0xf2, 0xff, 0xff,
    0x12, 0xf2, 0xff, 0xff, 0x12, 0xf2, 0xff, 0xff, 0x12, 0xf2, 0xff, 0xff,
    0x12, 0xf2, 0xff, 0xff, 0x12, 0xf2, 0xff, 0xff, 0x12, 0xf2, 0xff, 0xff,
    0x12, 0xf2, 0xff, 0xff, 0x12, 0xf2, 0xff, 0xff, 0x12, 0xf2, 0xff, 0xff,
    0x12, 0xf2, 0xff, 0xff, 0x12, 0xf2, 0xff, 0xff, 0x12, 0xf2, 0xff, 0xff,
    0x12, 0xf2, 0xff, 0xff, 0x12, 0xf2, 0xff, 0xff, 0x12, 0xf2, 0xff, 0xff,
    0x12, 0xf2, 0xff, 0xff, 0x12, 0xf2, 0xff, 0xff, 0x12, 0xf2, 0xff, 0xff,
    0x12, 0xf2, 0xff, 0xff, 0x12, 0xf2, 0xff, 0xff, 0x12, 0xf2, 0xff, 0xff,
    0x12, 0xf2, 0xff, 0xff, 0x12, 0xf2, 0xff, 0xff, 0x12, 0xf2, 0xff, 0xff,
    0x12, 0xf2, 0xff, 0xff, 0x12, 0xf2, 0xff, 0xff, 0x12, 0xf2, 0xff, 0xff,
    0x12, 0xf2, 0xff, 0xff, 0x12, 0xf2, 0xff, 0xff, 0x12, 0xf2, 0xff, 0xff,
    0x12, 0xf2, 0xff, 0xff, 0x12, 0xf2, 0xff, 0xff, 0x12, 0xf2, 0xff, 0xff,
    0x12, 0xf2, 0xff, 0xff, 0x12, 0xf2, 0xff, 0xff, 0x12, 0xf2, 0xff, 0xff,
    0x12, 0xf2, 0xff, 0xff, 0x12, 0xf2, 0xff, 0xff, 0x12, 0xf2, 0xff, 0xff,
    0x12, 0xf2, 0xff, 0xff, 0x12, 0xf2, 0xff, 0xff, 0x12, 0xf2, 0xff, 0xff,
    0x12, 0xf2, 0xff, 0xff, 0x12, 0xf2, 0xff, 0xff, 0x12, 0xf2, 0xff, 0xff,
    0x12, 0xf2, 0xff, 0xff, 0x12, 0xf2, 0xff, 0xff, 0x12, 0xf2, 0xff, 0xff,
    0x12, 0xf2, 0xff, 0xff, 0x12, 0xf2, 0xff, 0xff, 0x12, 0xf2, 0xff, 0xff,
    0x12, 0xf2, 0xff, 0xff, 0x12, 0xf2, 0xff, 0xff, 0x12, 0xf2, 0xff, 0xff,
    0x12, 0xf2, 0xff, 0xff, 0x12, 0xf2, 0xff, 0xff, 0x12, 0xf2, 0xff, 0xff,
    0x12, 0xf2, 0xff, 0xff, 0x12, 0xf2, 0xff, 0xff, 0x12, 0xf2, 0xff, 0xff,
    0x12, 0xf2, 0xff, 0xff, 0x12, 0xf2, 0xff, 0xff, 0x12, 0xf2, 0xff, 0xff,
    0x12, 0xf2, 0xff, 0xff, 0x12, 0xf2, 0xff, 0xff, 0x12, 0xf2, 0xff, 0xff,
    0x12, 0xf2, 0xff, 0xff, 0x12, 0xf2, 0xff, 0xff, 0x12, 0xf2, 0xff, 0xff,
    0x12, 0xf2, 0xff, 0xff, 0x12, 0xf2, 0xff, 0xff, 0x12, 0xf2, 0xff, 0xff,
    0x1c, 0xd1, 0xfc, 0xff, 0x2e, 0x99, 0xf7, 0xff, 0x34, 0x86, 0xf5, 0xff,
    0x34, 0x86, 0xf5, 0xff, 0x34, 0x86, 0xf5, 0xff, 0x34, 0x86, 0xf5, 0xac,
    0x26, 0x6e, 0xdb, 0x07, 0xff, 0xff, 0xff, 0x00, 0xff, 0xff, 0xff, 0x00,
    0xff, 0xff, 0xff, 0x00, 0xff, 0xff, 0xff, 0x00, 0xff, 0xff, 0xff, 0x00,
    0xff, 0xff, 0xff, 0x00, 0xff, 0xff, 0xff, 0x00, 0xff, 0xff, 0xff, 0x00,
    0xff, 0xff, 0xff, 0x00, 0xff, 0xff, 0xff, 0x00, 0x31, 0x83, 0xf1, 0x35,
    0x30, 0x95, 0xf6, 0xe1, 0x24, 0xb6, 0xfa, 0xff, 0x1c, 0xd1, 0xfc, 0xff,
    0x17, 0xe2, 0xfe, 0xff, 0x14, 0xea, 0xff, 0xff, 0x14, 0xec, 0xff, 0xff,
    0x14, 0xec, 0xff, 0xff, 0x14, 0xec, 0xff, 0xff, 0x14, 0xec, 0xff, 0xff,
    0x14, 0xec, 0xff, 0xff, 0x14, 0xec, 0xff, 0xff, 0x14, 0xec, 0xff, 0xff,
    0x14, 0xec, 0xff, 0xff, 0x14, 0xec, 0xff, 0xff, 0x14, 0xec, 0xff, 0xff,
    0x14, 0xec, 0xff, 0xff, 0x14, 0xec, 0xff, 0xff, 0x14, 0xec, 0xff, 0xff,
    0x14, 0xec, 0xff, 0xff, 0x14, 0xec, 0xff, 0xff, 0x14, 0xec, 0xff, 0xff,
    0x14, 0xec, 0xff, 0xff, 0x14, 0xec, 0xff, 0xff, 0x14, 0xec, 0xff, 0xff,
    0x14, 0xec, 0xff, 0xff, 0x14, 0xec, 0xff, 0xff, 0x14, 0xec, 0xff, 0xff,
    0x14, 0xec, 0xff, 0xff, 0x14, 0xec, 0xff, 0xff, 0x14, 0xec, 0xff, 0xff,
    0x14, 0xec, 0xff, 0xff, 0x14, 0xec, 0xff, 0xff, 0x14, 0xec, 0xff, 0xff,
    0x14, 0xec, 0xff, 0xff, 0x14, 0xec, 0xff, 0xff, 0x14, 0xec, 0xff, 0xff,
    0x14, 0xec, 0xff, 0xff, 0x14, 0xec, 0xff, 0xff, 0x14, 0xec, 0xff, 0xff,
    0x14, 0xec, 0xff, 0xff, 0x14, 0xec, 0xff, 0xff, 0x14, 0xec, 0xff, 0xff,
    0x14, 0xec, 0xff, 0xff, 0x14, 0xec, 0xff, 0xff, 0x14, 0xec, 0xff, 0xff,
    0x14, 0xec, 0xff, 0xff, 0x14, 0xec, 0xff, 0xff, 0x14, 0xec, 0xff, 0xff,
    0x14, 0xec, 0xff, 0xff, 0x14, 0xec, 0xff, 0xff, 0x14, 0xec, 0xff, 0xff,
    0x14, 0xec, 0xff, 0xff, 0x14, 0xec, 0xff, 0xff, 0x14, 0xec, 0xff, 0xff,
    0x14, 0xec, 0xff, 0xff, 0x14, 0xec, 0xff, 0xff, 0x14, 0xec, 0xff, 0xff,
    0x14, 0xec, 0xff, 0xff, 0x14, 0xec, 0xff, 0xff, 0x14, 0xec, 0xff, 0xff,
    0x14, 0xec, 0xff, 0xff, 0x14, 0xec, 0xff, 0xff, 0x14, 0xec, 0xff, 0xff,
    0x14, 0xec, 0xff, 0xff, 0x14, 0xec, 0xff, 0xff, 0x14, 0xec, 0xff, 0xff,
    0x14, 0xec, 0xff, 0xff, 0x14, 0xec, 0xff, 0xff, 0x14, 0xec, 0xff, 0xff,
    0x14, 0xec, 0xff, 0xff, 0x14, 0xec, 0xff, 0xff, 0x14, 0xec, 0xff, 0xff,
    0x14, 0xec, 0xff, 0xff, 0x14, 0xec, 0xff, 0xff, 0x14, 0xec, 0xff, 0xff,
    0x14, 0xec, 0xff, 0xff, 0x14, 0xec, 0xff, 0xff, 0x14, 0xec, 0xff, 0xff,
    0x14, 0xec, 0xff, 0xff, 0x14, 0xec, 0xff, 0xff, 0x14, 0xec, 0xff, 0xff,
    0x14, 0xec, 0xff, 0xff, 0x14, 0xec, 0xff, 0xff, 0x14, 0xec, 0xff, 0xff,
    0x14, 0xec, 0xff, 0xff, 0x14, 0xec, 0xff, 0xff, 0x14, 0xec, 0xff, 0xff,
    0x14, 0xec, 0xff, 0xff, 0x14, 0xec, 0xff, 0xff, 0x14, 0xec, 0xff, 0xff,
    0x14, 0xec, 0xff, 0xff, 0x14, 0xec, 0xff, 0xff, 0x14, 0xec, 0xff, 0xff,
    0x14, 0xec, 0xff, 0xff, 0x14, 0xec, 0xff, 0xff, 0x14, 0xec, 0xff, 0xff,
    0x14, 0xec, 0xff, 0xff, 0x14, 0xec, 0xff, 0xff, 0x14, 0xec, 0xff, 0xff,
    0x14, 0xec, 0xff, 0xff, 0x14, 0xec, 0xff, 0xff, 0x14, 0xec, 0xff, 0xff,
    0x14, 0xec, 0xff, 0xff, 0x14, 0xec, 0xff, 0xff, 0x14, 0xec, 0xff, 0xff,
    0x14, 0xec, 0xff, 0xff, 0x14, 0xec, 0xff, 0xff, 0x14, 0xec, 0xff, 0xff,
    0x14, 0xec, 0xff, 0xff, 0x14, 0xec, 0xff, 0xff, 0x14, 0xec, 0xff, 0xff,
    0x14, 0xec, 0xff, 0xff, 0x14, 0xec, 0xff, 0xff, 0x14, 0xec, 0xff, 0xff,
    0x14, 0xec, 0xff, 0xff, 0x14, 0xec, 0xff, 0xff, 0x14, 0xea, 0xff, 0xff,
    0x17, 0xe2, 0xfe, 0xff, 0x1c, 0xd2, 0xfd, 0xff, 0x24, 0xb8, 0xfa, 0xff,
    0x2f, 0x94, 0xf7, 0xff, 0x34, 0x86, 0xf5, 0xff, 0x34, 0x86, 0xf5, 0xff,
    0x34, 0x86, 0xf5, 0xff, 0x34, 0x86, 0xf5, 0xfa, 0x34, 0x86, 0xf5, 0x7d,
    0x01, 0x80, 0x80, 0x02, 0xff, 0xff, 0xff, 0x00, 0xff, 0xff, 0xff, 0x00,
    0xff, 0xff, 0xff, 0x00, 0xff, 0xff, 0xff, 0x00, 0xff, 0xff, 0xff, 0x00,
    0xff, 0xff, 0xff, 0x00, 0xff, 0xff, 0xff, 0x00, 0xff, 0xff, 0xff, 0x00,
    0xff, 0xff, 0xff, 0x00, 0xff, 0xff, 0xff, 0x00, 0xff, 0xff, 0xff, 0x00,
    0xff, 0xff, 0xff, 0x00, 0x1e, 0x72, 0xe3, 0x09, 0x33, 0x85, 0xf5, 0x76,
    0x34, 0x86, 0xf4, 0xe6, 0x34, 0x86, 0xf5, 0xff, 0x34, 0x86, 0xf5, 0xff,
    0x34, 0x86, 0xf5, 0xff, 0x34, 0x86, 0xf5, 0xff, 0x34, 0x86, 0xf5, 0xff,
    0x34, 0x86, 0xf5, 0xff, 0x34, 0x86, 0xf5, 0xff, 0x34, 0x86, 0xf5, 0xff,
    0x34, 0x86, 0xf5, 0xff, 0x34, 0x86, 0xf5, 0xff, 0x34, 0x86, 0xf5, 0xff,
    0x34, 0x86, 0xf5, 0xff, 0x34, 0x86, 0xf5, 0xff, 0x34, 0x86, 0xf5, 0xff,
    0x34, 0x86, 0xf5, 0xff, 0x34, 0x86, 0xf5, 0xff, 0x34, 0x86, 0xf5, 0xff,
    0x34, 0x86, 0xf5, 0xff, 0x34, 0x86, 0xf5, 0xff, 0x34, 0x86, 0xf5, 0xff,
    0x34, 0x86, 0xf5, 0xff, 0x34, 0x86, 0xf5, 0xff, 0x34, 0x86, 0xf5, 0xff,
    0x34, 0x86, 0xf5, 0xff, 0x34, 0x86, 0xf5, 0xff, 0x34, 0x86, 0xf5, 0xff,
    0x34, 0x86, 0xf5, 0xff, 0x34, 0x86, 0xf5, 0xff, 0x34, 0x86, 0xf5, 0xff,
    0x34, 0x86, 0xf5, 0xff, 0x34, 0x86, 0xf5, 0xff, 0x34, 0x86, 0xf5, 0xff,
    0x34, 0x86, 0xf5, 0xff, 0x34, 0x86, 0xf5, 0xff, 0x34, 0x86, 0xf5, 0xff,
    0x34, 0x86, 0xf5, 0xff, 0x34, 0x86, 0xf5, 0xff, 0x34, 0x86, 0xf5, 0xff,
    0x34, 0x86, 0xf5, 0xff, 0x34, 0x86, 0xf5, 0xff, 0x34, 0x86, 0xf5, 0xff,
    0x34, 0x86, 0xf5, 0xff, 0x34, 0x86, 0xf5, 0xff, 0x34, 0x86, 0xf5, 0xff,
    0x34, 0x86, 0xf5, 0xff, 0x34, 0x86, 0xf5, 0xff, 0x34, 0x86, 0xf5, 0xff,
    0x34, 0x86, 0xf5, 0xff, 0x34, 0x86, 0xf5, 0xff, 0x34, 0x86, 0xf5, 0xff,
    0x34, 0x86, 0xf5, 0xff, 0x34, 0x86, 0xf5, 0xff, 0x34, 0x86, 0xf5, 0xff,
    0x34, 0x86, 0xf5, 0xff, 0x34, 0x86, 0xf5, 0xff, 0x34, 0x86, 0xf5, 0xff,
    0x34, 0x86, 0xf5, 0xff, 0x34, 0x86, 0xf5, 0xff, 0x34, 0x86, 0xf5, 0xff,
    0x34, 0x86, 0xf5, 0xff, 0x34, 0x86, 0xf5, 0xff, 0x34, 0x86, 0xf5, 0xff,
    0x34, 0x86, 0xf5, 0xff, 0x34, 0x86, 0xf5, 0xff, 0x34, 0x86, 0xf5, 0xff,
    0x34, 0x86, 0xf5, 0xff, 0x34, 0x86, 0xf5, 0xff, 0x34, 0x86, 0xf5, 0xff,
    0x34, 0x86, 0xf5, 0xff, 0x34, 0x86, 0xf5, 0xff, 0x34, 0x86, 0xf5, 0xff,
    0x34, 0x86, 0xf5, 0xff, 0x34, 0x86, 0xf5, 0xff, 0x34, 0x86, 0xf5, 0xff,
    0x34, 0x86, 0xf5, 0xff, 0x34, 0x86, 0xf5, 0xff, 0x34, 0x86, 0xf5, 0xff,
    0x34, 0x86, 0xf5, 0xff, 0x34, 0x86, 0xf5, 0xff, 0x34, 0x86, 0xf5, 0xff,
    0x34, 0x86, 0xf5, 0xff, 0x34, 0x86, 0xf5, 0xff, 0x34, 0x86, 0xf5, 0xff,
    0x34, 0x86, 0xf5, 0xff, 0x34, 0x86, 0xf5, 0xff, 0x34, 0x86, 0xf5, 0xff,
    0x34, 0x86, 0xf5, 0xff, 0x34, 0x86, 0xf5, 0xff, 0x34, 0x86, 0xf5, 0xff,
    0x34, 0x86, 0xf5, 0xff, 0x34, 0x86, 0xf5, 0xff, 0x34, 0x86, 0xf5, 0xff,
    0x34, 0x86, 0xf5, 0xff, 0x34, 0x86, 0xf5, 0xff, 0x34, 0x86, 0xf5, 0xff,
    0x34, 0x86, 0xf5, 0xff, 0x34, 0x86, 0xf5, 0xff, 0x34, 0x86, 0xf5, 0xff,
    0x34, 0x86, 0xf5, 0xff, 0x34, 0x86, 0xf5, 0xff, 0x34, 0x86, 0xf5, 0xff,
    0x34, 0x86, 0xf5, 0xff, 0x34, 0x86, 0xf5, 0xff, 0x34, 0x86, 0xf5, 0xff,
    0x34, 0x86, 0xf5, 0xff, 0x34, 0x86, 0xf5, 0xff, 0x34, 0x86, 0xf5, 0xff,
    0x34, 0x86, 0xf5, 0xff, 0x34, 0x86, 0xf5, 0xff, 0x34, 0x86, 0xf5, 0xff,
    0x34, 0x86, 0xf5, 0xff, 0x34, 0x86, 0xf5, 0xff, 0x34, 0x86, 0xf5, 0xff,
    0x34, 0x86, 0xf5, 0xff, 0x34, 0x86, 0xf5, 0xff, 0x34, 0x86, 0xf5, 0xff,
    0x34, 0x86, 0xf5, 0xff, 0x34, 0x86, 0xf5, 0xff, 0x34, 0x86, 0xf5, 0xff,
    0x34, 0x86, 0xf5, 0xfb, 0x33, 0x86, 0xf5, 0xa9, 0x32, 0x80, 0xf3, 0x2a,
    0xff, 0xff, 0xff, 0x00, 0xff, 0xff, 0xff, 0x00, 0xff, 0xff, 0xff, 0x00,
    0xff, 0xff, 0xff, 0x00, 0xff, 0xff, 0xff, 0x00, 0xff, 0xff, 0xff, 0x00,
    0xff, 0xff, 0xff, 0x00, 0xff, 0xff, 0xff, 0x00, 0xff, 0xff, 0xff, 0x00,
    0xff, 0xff, 0xff, 0x00, 0xff, 0xff, 0xff, 0x00, 0xff, 0xff, 0xff, 0x00,
    0xff, 0xff, 0xff, 0x00, 0xff, 0xff, 0xff, 0x00, 0xff, 0xff, 0xff, 0x00,
    0xff, 0xff, 0xff, 0x00, 0x01, 0x80, 0xc0, 0x04, 0x32, 0x84, 0xf4, 0x44,
    0x34, 0x85, 0xf4, 0x87, 0x33, 0x85, 0xf4, 0xb3, 0x34, 0x86, 0xf5, 0xc9,
    0x34, 0x86, 0xf4, 0xcf, 0x34, 0x86, 0xf4, 0xcf, 0x34, 0x86, 0xf4, 0xcf,
    0x34, 0x86, 0xf4, 0xcf, 0x34, 0x86, 0xf4, 0xcf, 0x34, 0x86, 0xf4, 0xcf,
    0x34, 0x86, 0xf4, 0xcf, 0x34, 0x86, 0xf4, 0xcf, 0x34, 0x86, 0xf4, 0xcf,
    0x34, 0x86, 0xf4, 0xcf, 0x34, 0x86, 0xf4, 0xcf, 0x34, 0x86, 0xf4, 0xcf,
    0x34, 0x86, 0xf4, 0xcf, 0x34, 0x86, 0xf4, 0xcf, 0x34, 0x86, 0xf4, 0xcf,
    0x34, 0x86, 0xf4, 0xcf, 0x34, 0x86, 0xf4, 0xcf, 0x34, 0x86, 0xf4, 0xcf,
    0x34, 0x86, 0xf4, 0xcf, 0x34, 0x86, 0xf4, 0xcf, 0x34, 0x86, 0xf4, 0xcf,
    0x34, 0x86, 0xf4, 0xcf, 0x34, 0x86, 0xf4, 0xcf, 0x34, 0x86, 0xf4, 0xcf,
    0x34, 0x86, 0xf4, 0xcf, 0x34, 0x86, 0xf4, 0xcf, 0x34, 0x86, 0xf4, 0xcf,
    0x34, 0x86, 0xf4, 0xcf, 0x34, 0x86, 0xf4, 0xcf, 0x34, 0x86, 0xf4, 0xcf,
    0x34, 0x86, 0xf4, 0xcf, 0x34, 0x86, 0xf4, 0xcf, 0x34, 0x86, 0xf4, 0xcf,
    0x34, 0x86, 0xf4, 0xcf, 0x34, 0x86, 0xf4, 0xcf, 0x34, 0x86, 0xf4, 0xcf,
    0x34, 0x86, 0xf4, 0xcf, 0x34, 0x86, 0xf4, 0xcf, 0x34, 0x86, 0xf4, 0xcf,
    0x34, 0x86, 0xf4, 0xcf, 0x34, 0x86, 0xf4, 0xcf, 0x34, 0x86, 0xf4, 0xcf,
    0x34, 0x86, 0xf4, 0xcf, 0x34, 0x86, 0xf4, 0xcf, 0x34, 0x86, 0xf4, 0xcf,
    0x34, 0x86, 0xf4, 0xcf, 0x34, 0x86, 0xf4, 0xcf, 0x34, 0x86, 0xf4, 0xcf,
    0x34, 0x86, 0xf4, 0xcf, 0x34, 0x86, 0xf4, 0xcf, 0x34, 0x86, 0xf4, 0xcf,
    0x34, 0x86, 0xf4, 0xcf, 0x34, 0x86, 0xf4, 0xcf, 0x34, 0x86, 0xf4, 0xcf,
    0x34, 0x86, 0xf4, 0xcf, 0x34, 0x86, 0xf4, 0xcf, 0x34, 0x86, 0xf4, 0xcf,
    0x34, 0x86, 0xf4, 0xcf, 0x34, 0x86, 0xf4, 0xcf, 0x34, 0x86, 0xf4, 0xcf,
    0x34, 0x86, 0xf4, 0xcf, 0x34, 0x86, 0xf4, 0xcf, 0x34, 0x86, 0xf4, 0xcf,
    0x34, 0x86, 0xf4, 0xcf, 0x34, 0x86, 0xf4, 0xcf, 0x34, 0x86, 0xf4, 0xcf,
    0x34, 0x86, 0xf4, 0xcf, 0x34, 0x86, 0xf4, 0xcf, 0x34, 0x86, 0xf4, 0xcf,
    0x34, 0x86, 0xf4, 0xcf, 0x34, 0x86, 0xf4, 0xcf, 0x34, 0x86, 0xf4, 0xcf,
    0x34, 0x86, 0xf4, 0xcf, 0x34, 0x86, 0xf4, 0xcf, 0x34, 0x86, 0xf4, 0xcf,
    0x34, 0x86, 0xf4, 0xcf, 0x34, 0x86, 0xf4, 0xcf, 0x34, 0x86, 0xf4, 0xcf,
    0x34, 0x86, 0xf4, 0xcf, 0x34, 0x86, 0xf4, 0xcf, 0x34, 0x86, 0xf4, 0xcf,
    0x34, 0x86, 0xf4, 0xcf, 0x34, 0x86, 0xf4, 0xcf, 0x34, 0x86, 0xf4, 0xcf,
    0x34, 0x86, 0xf4, 0xcf, 0x34, 0x86, 0xf4, 0xcf, 0x34, 0x86, 0xf4, 0xcf,
    0x34, 0x86, 0xf4, 0xcf, 0x34, 0x86, 0xf4, 0xcf, 0x34, 0x86, 0xf4, 0xcf,
    0x34, 0x86, 0xf4, 0xcf, 0x34, 0x86, 0xf4, 0xcf, 0x34, 0x86, 0xf4, 0xcf,
    0x34, 0x86, 0xf4, 0xcf, 0x34, 0x86, 0xf4, 0xcf, 0x34, 0x86, 0xf4, 0xcf,
    0x34, 0x86, 0xf4, 0xcf, 0x34, 0x86, 0xf4, 0xcf, 0x34, 0x86, 0xf4, 0xcf,
    0x34, 0x86, 0xf4, 0xcf, 0x34, 0x86, 0xf4, 0xcf, 0x34, 0x86, 0xf4, 0xcf,
    0x34, 0x86, 0xf4, 0xcf, 0x34, 0x86, 0xf4, 0xcf, 0x34, 0x86, 0xf4, 0xcf,
    0x34, 0x86, 0xf4, 0xcf, 0x34, 0x86, 0xf4, 0xcf, 0x34, 0x86, 0xf4, 0xcf,
    0x34, 0x86, 0xf4, 0xcf, 0x34, 0x86, 0xf4, 0xcf, 0x34, 0x86, 0xf4, 0xcf,
    0x34, 0x86, 0xf4, 0xcd, 0x34, 0x86, 0xf5, 0xbf, 0x34, 0x85, 0xf4, 0x9c,
    0x33, 0x86, 0xf5, 0x62, 0x30, 0x80, 0xf4, 0x16, 0xff, 0xff, 0xff, 0x00,
    0xff, 0xff, 0xff, 0x00, 0xff, 0xff, 0xff, 0x00, 0xff, 0xff, 0xff, 0x00,
    0xff, 0xff, 0xff, 0x00, 0xff, 0xff, 0xff, 0x00, 0xff, 0xff, 0xff, 0x00,
    0xff, 0xff, 0xff, 0x00
};
