// 4.26.0 0x66429a22 D2 AY R0 FARGB8888 U888 N0 SExtFlashSection
// Generated by imageconverter. Please, do not edit!

#include <touchgfx/hal/Config.hpp>

LOCATION_PRAGMA("ExtFlashSection")
KEEP extern const unsigned char image_bot150x50_tec_b[] LOCATION_ATTRIBUTE("ExtFlashSection") = { // 151x51 ARGB8888 pixels.
    0xff, 0xff, 0xff, 0x00, 0xff, 0xff, 0xff, 0x00, 0xff, 0xff, 0xff, 0x00,
    0xff, 0xff, 0xff, 0x00, 0xff, 0xff, 0xff, 0x00, 0xff, 0xff, 0xff, 0x00,
    0x80, 0x64, 0x48, 0x12, 0x8b, 0x64, 0x4f, 0x48, 0x8b, 0x63, 0x51, 0x60,
    0x8b, 0x65, 0x50, 0x64, 0x8b, 0x65, 0x50, 0x64, 0x8b, 0x65, 0x50, 0x64,
    0x8b, 0x65, 0x50, 0x64, 0x8b, 0x65, 0x50, 0x64, 0x8b, 0x65, 0x50, 0x64,
    0x8b, 0x65, 0x50, 0x64, 0x8b, 0x65, 0x50, 0x64, 0x8b, 0x65, 0x50, 0x64,
    0x8b, 0x65, 0x50, 0x64, 0x8b, 0x65, 0x50, 0x64, 0x8b, 0x65, 0x50, 0x64,
    0x8b, 0x65, 0x50, 0x64, 0x8b, 0x65, 0x50, 0x64, 0x8b, 0x65, 0x50, 0x64,
    0x8b, 0x65, 0x50, 0x64, 0x8b, 0x65, 0x50, 0x64, 0x8b, 0x65, 0x50, 0x64,
    0x8b, 0x65, 0x50, 0x64, 0x8b, 0x65, 0x50, 0x64, 0x8b, 0x65, 0x50, 0x64,
    0x8b, 0x65, 0x50, 0x64, 0x8b, 0x65, 0x50, 0x64, 0x8b, 0x65, 0x50, 0x64,
    0x8b, 0x65, 0x50, 0x64, 0x8b, 0x65, 0x50, 0x64, 0x8b, 0x65, 0x50, 0x64,
    0x8b, 0x65, 0x50, 0x64, 0x8b, 0x65, 0x50, 0x64, 0x8b, 0x65, 0x50, 0x64,
    0x8b, 0x65, 0x50, 0x64, 0x8b, 0x65, 0x50, 0x64, 0x8b, 0x65, 0x50, 0x64,
    0x8b, 0x65, 0x50, 0x64, 0x8b, 0x65, 0x50, 0x64, 0x8b, 0x65, 0x50, 0x64,
    0x8b, 0x65, 0x50, 0x64, 0x8b, 0x65, 0x50, 0x64, 0x8b, 0x65, 0x50, 0x64,
    0x8b, 0x65, 0x50, 0x64, 0x8b, 0x65, 0x50, 0x64, 0x8b, 0x65, 0x50, 0x64,
    0x8b, 0x65, 0x50, 0x64, 0x8b, 0x65, 0x50, 0x64, 0x8b, 0x65, 0x50, 0x64,
    0x8b, 0x65, 0x50, 0x64, 0x8b, 0x65, 0x50, 0x64, 0x8b, 0x65, 0x50, 0x64,
    0x8b, 0x65, 0x50, 0x64, 0x8b, 0x65, 0x50, 0x64, 0x8b, 0x65, 0x50, 0x64,
    0x8b, 0x65, 0x50, 0x64, 0x8b, 0x65, 0x50, 0x64, 0x8b, 0x65, 0x50, 0x64,
    0x8b, 0x65, 0x50, 0x64, 0x8b, 0x65, 0x50, 0x64, 0x8b, 0x65, 0x50, 0x64,
    0x8b, 0x65, 0x50, 0x64, 0x8b, 0x65, 0x50, 0x64, 0x8b, 0x65, 0x50, 0x64,
    0x8b, 0x65, 0x50, 0x64, 0x8b, 0x65, 0x50, 0x64, 0x8b, 0x65, 0x50, 0x64,
    0x8b, 0x65, 0x50, 0x64, 0x8b, 0x65, 0x50, 0x64, 0x8b, 0x65, 0x50, 0x64,
    0x8b, 0x65, 0x50, 0x64, 0x8b, 0x65, 0x50, 0x64, 0x8b, 0x65, 0x50, 0x64,
    0x8b, 0x65, 0x50, 0x64, 0x8b, 0x65, 0x50, 0x64, 0x8b, 0x65, 0x50, 0x64,
    0x8b, 0x65, 0x50, 0x64, 0x8b, 0x65, 0x50, 0x64, 0x8b, 0x65, 0x50, 0x64,
    0x8b, 0x65, 0x50, 0x64, 0x8b, 0x65, 0x50, 0x64, 0x8b, 0x65, 0x50, 0x64,
    0x8b, 0x65, 0x50, 0x64, 0x8b, 0x65, 0x50, 0x64, 0x8b, 0x65, 0x50, 0x64,
    0x8b, 0x65, 0x50, 0x64, 0x8b, 0x65, 0x50, 0x64, 0x8b, 0x65, 0x50, 0x64,
    0x8b, 0x65, 0x50, 0x64, 0x8b, 0x65, 0x50, 0x64, 0x8b, 0x65, 0x50, 0x64,
    0x8b, 0x65, 0x50, 0x64, 0x8b, 0x65, 0x50, 0x64, 0x8b, 0x65, 0x50, 0x64,
    0x8b, 0x65, 0x50, 0x64, 0x8b, 0x65, 0x50, 0x64, 0x8b, 0x65, 0x50, 0x64,
    0x8b, 0x65, 0x50, 0x64, 0x8b, 0x65, 0x50, 0x64, 0x8b, 0x65, 0x50, 0x64,
    0x8b, 0x65, 0x50, 0x64, 0x8b, 0x65, 0x50, 0x64, 0x8b, 0x65, 0x50, 0x64,
    0x8b, 0x65, 0x50, 0x64, 0x8b, 0x65, 0x50, 0x64, 0x8b, 0x65, 0x50, 0x64,
    0x8b, 0x65, 0x50, 0x64, 0x8b, 0x65, 0x50, 0x64, 0x8b, 0x65, 0x50, 0x64,
    0x8b, 0x65, 0x50, 0x64, 0x8b, 0x65, 0x50, 0x64, 0x8b, 0x65, 0x50, 0x64,
    0x8b, 0x65, 0x50, 0x64, 0x8b, 0x65, 0x50, 0x64, 0x8b, 0x65, 0x50, 0x64,
    0x8b, 0x65, 0x50, 0x64, 0x8b, 0x65, 0x50, 0x64, 0x8b, 0x65, 0x50, 0x64,
    0x8b, 0x65, 0x50, 0x64, 0x8b, 0x65, 0x50, 0x64, 0x8b, 0x65, 0x50, 0x64,
    0x8b, 0x65, 0x50, 0x64, 0x8b, 0x65, 0x50, 0x64, 0x8b, 0x65, 0x50, 0x64,
    0x8b, 0x65, 0x50, 0x64, 0x8b, 0x65, 0x50, 0x64, 0x8b, 0x65, 0x50, 0x64,
    0x8b, 0x65, 0x50, 0x64, 0x8b, 0x65, 0x50, 0x64, 0x8b, 0x65, 0x50, 0x64,
    0x8b, 0x65, 0x50, 0x64, 0x8b, 0x65, 0x50, 0x64, 0x8b, 0x65, 0x50, 0x64,
    0x8b, 0x65, 0x50, 0x64, 0x8b, 0x65, 0x50, 0x64, 0x8b, 0x65, 0x50, 0x64,
    0x8b, 0x65, 0x50, 0x64, 0x8c, 0x65, 0x50, 0x61, 0x8c, 0x65, 0x52, 0x4f,
    0x85, 0x60, 0x4d, 0x1b, 0xff, 0xff, 0xff, 0x00, 0xff, 0xff, 0xff, 0x00,
    0xff, 0xff, 0xff, 0x00, 0xff, 0xff, 0xff, 0x00, 0xff, 0xff, 0xff, 0x00,
    0xff, 0xff, 0xff, 0x00, 0xff, 0xff, 0xff, 0x00, 0xff, 0xff, 0xff, 0x00,
    0xff, 0xff, 0xff, 0x00, 0xff, 0xff, 0xff, 0x00, 0x87, 0x62, 0x50, 0x2a,
    0x8c, 0x65, 0x52, 0xad, 0x8c, 0x65, 0x52, 0xfb, 0x8c, 0x65, 0x52, 0xff,
    0x8c, 0x65, 0x52, 0xff, 0x8c, 0x65, 0x52, 0xff, 0x8c, 0x65, 0x52, 0xff,
    0x8c, 0x65, 0x52, 0xff, 0x8c, 0x65, 0x52, 0xff, 0x8c, 0x65, 0x52, 0xff,
    0x8c, 0x65, 0x52, 0xff, 0x8c, 0x65, 0x52, 0xff, 0x8c, 0x65, 0x52, 0xff,
    0x8c, 0x65, 0x52, 0xff, 0x8c, 0x65, 0x52, 0xff, 0x8c, 0x65, 0x52, 0xff,
    0x8c, 0x65, 0x52, 0xff, 0x8c, 0x65, 0x52, 0xff, 0x8c, 0x65, 0x52, 0xff,
    0x8c, 0x65, 0x52, 0xff, 0x8c, 0x65, 0x52, 0xff, 0x8c, 0x65, 0x52, 0xff,
    0x8c, 0x65, 0x52, 0xff, 0x8c, 0x65, 0x52, 0xff, 0x8c, 0x65, 0x52, 0xff,
    0x8c, 0x65, 0x52, 0xff, 0x8c, 0x65, 0x52, 0xff, 0x8c, 0x65, 0x52, 0xff,
    0x8c, 0x65, 0x52, 0xff, 0x8c, 0x65, 0x52, 0xff, 0x8c, 0x65, 0x52, 0xff,
    0x8c, 0x65, 0x52, 0xff, 0x8c, 0x65, 0x52, 0xff, 0x8c, 0x65, 0x52, 0xff,
    0x8c, 0x65, 0x52, 0xff, 0x8c, 0x65, 0x52, 0xff, 0x8c, 0x65, 0x52, 0xff,
    0x8c, 0x65, 0x52, 0xff, 0x8c, 0x65, 0x52, 0xff, 0x8c, 0x65, 0x52, 0xff,
    0x8c, 0x65, 0x52, 0xff, 0x8c, 0x65, 0x52, 0xff, 0x8c, 0x65, 0x52, 0xff,
    0x8c, 0x65, 0x52, 0xff, 0x8c, 0x65, 0x52, 0xff, 0x8c, 0x65, 0x52, 0xff,
    0x8c, 0x65, 0x52, 0xff, 0x8c, 0x65, 0x52, 0xff, 0x8c, 0x65, 0x52, 0xff,
    0x8c, 0x65, 0x52, 0xff, 0x8c, 0x65, 0x52, 0xff, 0x8c, 0x65, 0x52, 0xff,
    0x8c, 0x65, 0x52, 0xff, 0x8c, 0x65, 0x52, 0xff, 0x8c, 0x65, 0x52, 0xff,
    0x8c, 0x65, 0x52, 0xff, 0x8c, 0x65, 0x52, 0xff, 0x8c, 0x65, 0x52, 0xff,
    0x8c, 0x65, 0x52, 0xff, 0x8c, 0x65, 0x52, 0xff, 0x8c, 0x65, 0x52, 0xff,
    0x8c, 0x65, 0x52, 0xff, 0x8c, 0x65, 0x52, 0xff, 0x8c, 0x65, 0x52, 0xff,
    0x8c, 0x65, 0x52, 0xff, 0x8c, 0x65, 0x52, 0xff, 0x8c, 0x65, 0x52, 0xff,
    0x8c, 0x65, 0x52, 0xff, 0x8c, 0x65, 0x52, 0xff, 0x8c, 0x65, 0x52, 0xff,
    0x8c, 0x65, 0x52, 0xff, 0x8c, 0x65, 0x52, 0xff, 0x8c, 0x65, 0x52, 0xff,
    0x8c, 0x65, 0x52, 0xff, 0x8c, 0x65, 0x52, 0xff, 0x8c, 0x65, 0x52, 0xff,
    0x8c, 0x65, 0x52, 0xff, 0x8c, 0x65, 0x52, 0xff, 0x8c, 0x65, 0x52, 0xff,
    0x8c, 0x65, 0x52, 0xff, 0x8c, 0x65, 0x52, 0xff, 0x8c, 0x65, 0x52, 0xff,
    0x8c, 0x65, 0x52, 0xff, 0x8c, 0x65, 0x52, 0xff, 0x8c, 0x65, 0x52, 0xff,
    0x8c, 0x65, 0x52, 0xff, 0x8c, 0x65, 0x52, 0xff, 0x8c, 0x65, 0x52, 0xff,
    0x8c, 0x65, 0x52, 0xff, 0x8c, 0x65, 0x52, 0xff, 0x8c, 0x65, 0x52, 0xff,
    0x8c, 0x65, 0x52, 0xff, 0x8c, 0x65, 0x52, 0xff, 0x8c, 0x65, 0x52, 0xff,
    0x8c, 0x65, 0x52, 0xff, 0x8c, 0x65, 0x52, 0xff, 0x8c, 0x65, 0x52, 0xff,
    0x8c, 0x65, 0x52, 0xff, 0x8c, 0x65, 0x52, 0xff, 0x8c, 0x65, 0x52, 0xff,
    0x8c, 0x65, 0x52, 0xff, 0x8c, 0x65, 0x52, 0xff, 0x8c, 0x65, 0x52, 0xff,
    0x8c, 0x65, 0x52, 0xff, 0x8c, 0x65, 0x52, 0xff, 0x8c, 0x65, 0x52, 0xff,
    0x8c, 0x65, 0x52, 0xff, 0x8c, 0x65, 0x52, 0xff, 0x8c, 0x65, 0x52, 0xff,
    0x8c, 0x65, 0x52, 0xff, 0x8c, 0x65, 0x52, 0xff, 0x8c, 0x65, 0x52, 0xff,
    0x8c, 0x65, 0x52, 0xff, 0x8c, 0x65, 0x52, 0xff, 0x8c, 0x65, 0x52, 0xff,
    0x8c, 0x65, 0x52, 0xff, 0x8c, 0x65, 0x52, 0xff, 0x8c, 0x65, 0x52, 0xff,
    0x8c, 0x65, 0x52, 0xff, 0x8c, 0x65, 0x52, 0xff, 0x8c, 0x65, 0x52, 0xff,
    0x8c, 0x65, 0x52, 0xff, 0x8c, 0x65, 0x52, 0xff, 0x8c, 0x65, 0x52, 0xff,
    0x8c, 0x65, 0x52, 0xff, 0x8c, 0x65, 0x52, 0xff, 0x8c, 0x65, 0x52, 0xff,
    0x8c, 0x65, 0x52, 0xff, 0x8c, 0x65, 0x52, 0xff, 0x8c, 0x65, 0x52, 0xff,
    0x8c, 0x65, 0x52, 0xff, 0x8c, 0x65, 0x52, 0xff, 0x8c, 0x65, 0x52, 0xff,
    0x8c, 0x65, 0x52, 0xff, 0x8c, 0x65, 0x52, 0xff, 0x8c, 0x65, 0x52, 0xff,
    0x8c, 0x65, 0x52, 0xff, 0x8c, 0x65, 0x52, 0xff, 0x8c, 0x65, 0x52, 0xff,
    0x8c, 0x65, 0x52, 0xff, 0x8c, 0x65, 0x52, 0xfe, 0x8c, 0x65, 0x52, 0xc0,
    0x8b, 0x62, 0x52, 0x3f, 0xff, 0xff, 0xff, 0x00, 0xff, 0xff, 0xff, 0x00,
    0xff, 0xff, 0xff, 0x00, 0xff, 0xff, 0xff, 0x00, 0xff, 0xff, 0xff, 0x00,
    0xff, 0xff, 0xff, 0x00, 0xff, 0xff, 0xff, 0x00, 0x8c, 0x64, 0x51, 0x6a,
    0x8c, 0x65, 0x52, 0xf9, 0x8c, 0x65, 0x52, 0xff, 0x8c, 0x65, 0x52, 0xff,
    0x8c, 0x65, 0x52, 0xff, 0x8c, 0x65, 0x52, 0xff, 0x8c, 0x65, 0x52, 0xff,
    0x8c, 0x65, 0x52, 0xff, 0x8c, 0x65, 0x52, 0xff, 0x8c, 0x65, 0x52, 0xff,
    0x8c, 0x65, 0x52, 0xff, 0x8c, 0x65, 0x52, 0xff, 0x8c, 0x65, 0x52, 0xff,
    0x8c, 0x65, 0x52, 0xff, 0x8c, 0x65, 0x52, 0xff, 0x8c, 0x65, 0x52, 0xff,
    0x8c, 0x65, 0x52, 0xff, 0x8c, 0x65, 0x52, 0xff, 0x8c, 0x65, 0x52, 0xff,
    0x8c, 0x65, 0x52, 0xff, 0x8c, 0x65, 0x52, 0xff, 0x8c, 0x65, 0x52, 0xff,
    0x8c, 0x65, 0x52, 0xff, 0x8c, 0x65, 0x52, 0xff, 0x8c, 0x65, 0x52, 0xff,
    0x8c, 0x65, 0x52, 0xff, 0x8c, 0x65, 0x52, 0xff, 0x8c, 0x65, 0x52, 0xff,
    0x8c, 0x65, 0x52, 0xff, 0x8c, 0x65, 0x52, 0xff, 0x8c, 0x65, 0x52, 0xff,
    0x8c, 0x65, 0x52, 0xff, 0x8c, 0x65, 0x52, 0xff, 0x8c, 0x65, 0x52, 0xff,
    0x8c, 0x65, 0x52, 0xff, 0x8c, 0x65, 0x52, 0xff, 0x8c, 0x65, 0x52, 0xff,
    0x8c, 0x65, 0x52, 0xff, 0x8c, 0x65, 0x52, 0xff, 0x8c, 0x65, 0x52, 0xff,
    0x8c, 0x65, 0x52, 0xff, 0x8c, 0x65, 0x52, 0xff, 0x8c, 0x65, 0x52, 0xff,
    0x8c, 0x65, 0x52, 0xff, 0x8c, 0x65, 0x52, 0xff, 0x8c, 0x65, 0x52, 0xff,
    0x8c, 0x65, 0x52, 0xff, 0x8c, 0x65, 0x52, 0xff, 0x8c, 0x65, 0x52, 0xff,
    0x8c, 0x65, 0x52, 0xff, 0x8c, 0x65, 0x52, 0xff, 0x8c, 0x65, 0x52, 0xff,
    0x8c, 0x65, 0x52, 0xff, 0x8c, 0x65, 0x52, 0xff, 0x8c, 0x65, 0x52, 0xff,
    0x8c, 0x65, 0x52, 0xff, 0x8c, 0x65, 0x52, 0xff, 0x8c, 0x65, 0x52, 0xff,
    0x8c, 0x65, 0x52, 0xff, 0x8c, 0x65, 0x52, 0xff, 0x8c, 0x65, 0x52, 0xff,
    0x8c, 0x65, 0x52, 0xff, 0x8c, 0x65, 0x52, 0xff, 0x8c, 0x65, 0x52, 0xff,
    0x8c, 0x65, 0x52, 0xff, 0x8c, 0x65, 0x52, 0xff, 0x8c, 0x65, 0x52, 0xff,
    0x8c, 0x65, 0x52, 0xff, 0x8c, 0x65, 0x52, 0xff, 0x8c, 0x65, 0x52, 0xff,
    0x8c, 0x65, 0x52, 0xff, 0x8c, 0x65, 0x52, 0xff, 0x8c, 0x65, 0x52, 0xff,
    0x8c, 0x65, 0x52, 0xff, 0x8c, 0x65, 0x52, 0xff, 0x8c, 0x65, 0x52, 0xff,
    0x8c, 0x65, 0x52, 0xff, 0x8c, 0x65, 0x52, 0xff, 0x8c, 0x65, 0x52, 0xff,
    0x8c, 0x65, 0x52, 0xff, 0x8c, 0x65, 0x52, 0xff, 0x8c, 0x65, 0x52, 0xff,
    0x8c, 0x65, 0x52, 0xff, 0x8c, 0x65, 0x52, 0xff, 0x8c, 0x65, 0x52, 0xff,
    0x8c, 0x65, 0x52, 0xff, 0x8c, 0x65, 0x52, 0xff, 0x8c, 0x65, 0x52, 0xff,
    0x8c, 0x65, 0x52, 0xff, 0x8c, 0x65, 0x52, 0xff, 0x8c, 0x65, 0x52, 0xff,
    0x8c, 0x65, 0x52, 0xff, 0x8c, 0x65, 0x52, 0xff, 0x8c, 0x65, 0x52, 0xff,
    0x8c, 0x65, 0x52, 0xff, 0x8c, 0x65, 0x52, 0xff, 0x8c, 0x65, 0x52, 0xff,
    0x8c, 0x65, 0x52, 0xff, 0x8c, 0x65, 0x52, 0xff, 0x8c, 0x65, 0x52, 0xff,
    0x8c, 0x65, 0x52, 0xff, 0x8c, 0x65, 0x52, 0xff, 0x8c, 0x65, 0x52, 0xff,
    0x8c, 0x65, 0x52, 0xff, 0x8c, 0x65, 0x52, 0xff, 0x8c, 0x65, 0x52, 0xff,
    0x8c, 0x65, 0x52, 0xff, 0x8c, 0x65, 0x52, 0xff, 0x8c, 0x65, 0x52, 0xff,
    0x8c, 0x65, 0x52, 0xff, 0x8c, 0x65, 0x52, 0xff, 0x8c, 0x65, 0x52, 0xff,
    0x8c, 0x65, 0x52, 0xff, 0x8c, 0x65, 0x52, 0xff, 0x8c, 0x65, 0x52, 0xff,
    0x8c, 0x65, 0x52, 0xff, 0x8c, 0x65, 0x52, 0xff, 0x8c, 0x65, 0x52, 0xff,
    0x8c, 0x65, 0x52, 0xff, 0x8c, 0x65, 0x52, 0xff, 0x8c, 0x65, 0x52, 0xff,
    0x8c, 0x65, 0x52, 0xff, 0x8c, 0x65, 0x52, 0xff, 0x8c, 0x65, 0x52, 0xff,
    0x8c, 0x65, 0x52, 0xff, 0x8c, 0x65, 0x52, 0xff, 0x8c, 0x65, 0x52, 0xff,
    0x8c, 0x65, 0x52, 0xff, 0x8c, 0x65, 0x52, 0xff, 0x8c, 0x65, 0x52, 0xff,
    0x8c, 0x65, 0x52, 0xff, 0x8c, 0x65, 0x52, 0xff, 0x8c, 0x65, 0x52, 0xff,
    0x8c, 0x65, 0x52, 0xff, 0x8c, 0x65, 0x52, 0xff, 0x8c, 0x65, 0x52, 0xff,
    0x8c, 0x65, 0x52, 0xff, 0x8c, 0x65, 0x52, 0xff, 0x8c, 0x65, 0x52, 0xff,
    0x8c, 0x65, 0x52, 0xff, 0x8c, 0x65, 0x52, 0xff, 0x8c, 0x65, 0x52, 0xff,
    0x8c, 0x65, 0x52, 0xff, 0x8c, 0x65, 0x52, 0xfe, 0x8b, 0x64, 0x52, 0x8e,
    0x56, 0x56, 0x01, 0x03, 0xff, 0xff, 0xff, 0x00, 0xff, 0xff, 0xff, 0x00,
    0xff, 0xff, 0xff, 0x00, 0xff, 0xff, 0xff, 0x00, 0x8b, 0x65, 0x51, 0x69,
    0x8c, 0x65, 0x52, 0xff, 0x8c, 0x65, 0x52, 0xff, 0x8c, 0x65, 0x52, 0xff,
    0x8c, 0x65, 0x52, 0xff, 0x8c, 0x65, 0x52, 0xff, 0x8c, 0x65, 0x52, 0xff,
    0x8c, 0x65, 0x52, 0xff, 0x8c, 0x65, 0x52, 0xff, 0x8c, 0x65, 0x52, 0xff,
    0x8c, 0x65, 0x52, 0xff, 0x8c, 0x65, 0x52, 0xff, 0x8c, 0x65, 0x52, 0xff,
    0x8c, 0x65, 0x52, 0xff, 0x8c, 0x65, 0x52, 0xff, 0x8c, 0x65, 0x52, 0xff,
    0x8c, 0x65, 0x52, 0xff, 0x8c, 0x65, 0x52, 0xff, 0x8c, 0x65, 0x52, 0xff,
    0x8c, 0x65, 0x52, 0xff, 0x8c, 0x65, 0x52, 0xff, 0x8c, 0x65, 0x52, 0xff,
    0x8c, 0x65, 0x52, 0xff, 0x8c, 0x65, 0x52, 0xff, 0x8c, 0x65, 0x52, 0xff,
    0x8c, 0x65, 0x52, 0xff, 0x8c, 0x65, 0x52, 0xff, 0x8c, 0x65, 0x52, 0xff,
    0x8c, 0x65, 0x52, 0xff, 0x8c, 0x65, 0x52, 0xff, 0x8c, 0x65, 0x52, 0xff,
    0x8c, 0x65, 0x52, 0xff, 0x8c, 0x65, 0x52, 0xff, 0x8c, 0x65, 0x52, 0xff,
    0x8c, 0x65, 0x52, 0xff, 0x8c, 0x65, 0x52, 0xff, 0x8c, 0x65, 0x52, 0xff,
    0x8c, 0x65, 0x52, 0xff, 0x8c, 0x65, 0x52, 0xff, 0x8c, 0x65, 0x52, 0xff,
    0x8c, 0x65, 0x52, 0xff, 0x8c, 0x65, 0x52, 0xff, 0x8c, 0x65, 0x52, 0xff,
    0x8c, 0x65, 0x52, 0xff, 0x8c, 0x65, 0x52, 0xff, 0x8c, 0x65, 0x52, 0xff,
    0x8c, 0x65, 0x52, 0xff, 0x8c, 0x65, 0x52, 0xff, 0x8c, 0x65, 0x52, 0xff,
    0x8c, 0x65, 0x52, 0xff, 0x8c, 0x65, 0x52, 0xff, 0x8c, 0x65, 0x52, 0xff,
    0x8c, 0x65, 0x52, 0xff, 0x8c, 0x65, 0x52, 0xff, 0x8c, 0x65, 0x52, 0xff,
    0x8c, 0x65, 0x52, 0xff, 0x8c, 0x65, 0x52, 0xff, 0x8c, 0x65, 0x52, 0xff,
    0x8c, 0x65, 0x52, 0xff, 0x8c, 0x65, 0x52, 0xff, 0x8c, 0x65, 0x52, 0xff,
    0x8c, 0x65, 0x52, 0xff, 0x8c, 0x65, 0x52, 0xff, 0x8c, 0x65, 0x52, 0xff,
    0x8c, 0x65, 0x52, 0xff, 0x8c, 0x65, 0x52, 0xff, 0x8c, 0x65, 0x52, 0xff,
    0x8c, 0x65, 0x52, 0xff, 0x8c, 0x65, 0x52, 0xff, 0x8c, 0x65, 0x52, 0xff,
    0x8c, 0x65, 0x52, 0xff, 0x8c, 0x65, 0x52, 0xff, 0x8c, 0x65, 0x52, 0xff,
    0x8c, 0x65, 0x52, 0xff, 0x8c, 0x65, 0x52, 0xff, 0x8c, 0x65, 0x52, 0xff,
    0x8c, 0x65, 0x52, 0xff, 0x8c, 0x65, 0x52, 0xff, 0x8c, 0x65, 0x52, 0xff,
    0x8c, 0x65, 0x52, 0xff, 0x8c, 0x65, 0x52, 0xff, 0x8c, 0x65, 0x52, 0xff,
    0x8c, 0x65, 0x52, 0xff, 0x8c, 0x65, 0x52, 0xff, 0x8c, 0x65, 0x52, 0xff,
    0x8c, 0x65, 0x52, 0xff, 0x8c, 0x65, 0x52, 0xff, 0x8c, 0x65, 0x52, 0xff,
    0x8c, 0x65, 0x52, 0xff, 0x8c, 0x65, 0x52, 0xff, 0x8c, 0x65, 0x52, 0xff,
    0x8c, 0x65, 0x52, 0xff, 0x8c, 0x65, 0x52, 0xff, 0x8c, 0x65, 0x52, 0xff,
    0x8c, 0x65, 0x52, 0xff, 0x8c, 0x65, 0x52, 0xff, 0x8c, 0x65, 0x52, 0xff,
    0x8c, 0x65, 0x52, 0xff, 0x8c, 0x65, 0x52, 0xff, 0x8c, 0x65, 0x52, 0xff,
    0x8c, 0x65, 0x52, 0xff, 0x8c, 0x65, 0x52, 0xff, 0x8c, 0x65, 0x52, 0xff,
    0x8c, 0x65, 0x52, 0xff, 0x8c, 0x65, 0x52, 0xff, 0x8c, 0x65, 0x52, 0xff,
    0x8c, 0x65, 0x52, 0xff, 0x8c, 0x65, 0x52, 0xff, 0x8c, 0x65, 0x52, 0xff,
    0x8c, 0x65, 0x52, 0xff, 0x8c, 0x65, 0x52, 0xff, 0x8c, 0x65, 0x52, 0xff,
    0x8c, 0x65, 0x52, 0xff, 0x8c, 0x65, 0x52, 0xff, 0x8c, 0x65, 0x52, 0xff,
    0x8c, 0x65, 0x52, 0xff, 0x8c, 0x65, 0x52, 0xff, 0x8c, 0x65, 0x52, 0xff,
    0x8c, 0x65, 0x52, 0xff, 0x8c, 0x65, 0x52, 0xff, 0x8c, 0x65, 0x52, 0xff,
    0x8c, 0x65, 0x52, 0xff, 0x8c, 0x65, 0x52, 0xff, 0x8c, 0x65, 0x52, 0xff,
    0x8c, 0x65, 0x52, 0xff, 0x8c, 0x65, 0x52, 0xff, 0x8c, 0x65, 0x52, 0xff,
    0x8c, 0x65, 0x52, 0xff, 0x8c, 0x65, 0x52, 0xff, 0x8c, 0x65, 0x52, 0xff,
    0x8c, 0x65, 0x52, 0xff, 0x8c, 0x65, 0x52, 0xff, 0x8c, 0x65, 0x52, 0xff,
    0x8c, 0x65, 0x52, 0xff, 0x8c, 0x65, 0x52, 0xff, 0x8c, 0x65, 0x52, 0xff,
    0x8c, 0x65, 0x52, 0xff, 0x8c, 0x65, 0x52, 0xff, 0x8c, 0x65, 0x52, 0xff,
    0x8c, 0x65, 0x52, 0xff, 0x8c, 0x65, 0x52, 0xff, 0x8c, 0x65, 0x52, 0xff,
    0x8c, 0x65, 0x52, 0xff, 0x8c, 0x65, 0x52, 0xff, 0x8c, 0x65, 0x52, 0xff,
    0x8c, 0x65, 0x52, 0xff, 0x8c, 0x64, 0x52, 0x95, 0xff, 0xff, 0xff, 0x00,
    0xff, 0xff, 0xff, 0x00, 0xff, 0xff, 0xff, 0x00, 0x8c, 0x64, 0x52, 0x2c,
    0x8c, 0x65, 0x52, 0xf9, 0x8c, 0x65, 0x52, 0xff, 0x8c, 0x65, 0x52, 0xff,
    0x8c, 0x65, 0x52, 0xff, 0x8c, 0x65, 0x52, 0xff, 0x8c, 0x65, 0x52, 0xff,
    0x8c, 0x65, 0x52, 0xff, 0x8c, 0x65, 0x52, 0xff, 0x8c, 0x65, 0x52, 0xff,
    0x8c, 0x65, 0x52, 0xff, 0x8c, 0x65, 0x52, 0xff, 0x8c, 0x65, 0x52, 0xff,
    0x8c, 0x65, 0x52, 0xff, 0x8c, 0x65, 0x52, 0xff, 0x8c, 0x65, 0x52, 0xff,
    0x8c, 0x65, 0x52, 0xff, 0x8c, 0x65, 0x52, 0xff, 0x8c, 0x65, 0x52, 0xff,
    0x8c, 0x65, 0x52, 0xff, 0x8c, 0x65, 0x52, 0xff, 0x8c, 0x65, 0x52, 0xff,
    0x8c, 0x65, 0x52, 0xff, 0x8c, 0x65, 0x52, 0xff, 0x8c, 0x65, 0x52, 0xff,
    0x8c, 0x65, 0x52, 0xff, 0x8c, 0x65, 0x52, 0xff, 0x8c, 0x65, 0x52, 0xff,
    0x8c, 0x65, 0x52, 0xff, 0x8c, 0x65, 0x52, 0xff, 0x8c, 0x65, 0x52, 0xff,
    0x8c, 0x65, 0x52, 0xff, 0x8c, 0x65, 0x52, 0xff, 0x8c, 0x65, 0x52, 0xff,
    0x8c, 0x65, 0x52, 0xff, 0x8c, 0x65, 0x52, 0xff, 0x8c, 0x65, 0x52, 0xff,
    0x8c, 0x65, 0x52, 0xff, 0x8c, 0x65, 0x52, 0xff, 0x8c, 0x65, 0x52, 0xff,
    0x8c, 0x65, 0x52, 0xff, 0x8c, 0x65, 0x52, 0xff, 0x8c, 0x65, 0x52, 0xff,
    0x8c, 0x65, 0x52, 0xff, 0x8c, 0x65, 0x52, 0xff, 0x8c, 0x65, 0x52, 0xff,
    0x8c, 0x65, 0x52, 0xff, 0x8c, 0x65, 0x52, 0xff, 0x8c, 0x65, 0x52, 0xff,
    0x8c, 0x65, 0x52, 0xff, 0x8c, 0x65, 0x52, 0xff, 0x8c, 0x65, 0x52, 0xff,
    0x8c, 0x65, 0x52, 0xff, 0x8c, 0x65, 0x52, 0xff, 0x8c, 0x65, 0x52, 0xff,
    0x8c, 0x65, 0x52, 0xff, 0x8c, 0x65, 0x52, 0xff, 0x8c, 0x65, 0x52, 0xff,
    0x8c, 0x65, 0x52, 0xff, 0x8c, 0x65, 0x52, 0xff, 0x8c, 0x65, 0x52, 0xff,
    0x8c, 0x65, 0x52, 0xff, 0x8c, 0x65, 0x52, 0xff, 0x8c, 0x65, 0x52, 0xff,
    0x8c, 0x65, 0x52, 0xff, 0x8c, 0x65, 0x52, 0xff, 0x8c, 0x65, 0x52, 0xff,
    0x8c, 0x65, 0x52, 0xff, 0x8c, 0x65, 0x52, 0xff, 0x8c, 0x65, 0x52, 0xff,
    0x8c, 0x65, 0x52, 0xff, 0x8c, 0x65, 0x52, 0xff, 0x8c, 0x65, 0x52, 0xff,
    0x8c, 0x65, 0x52, 0xff, 0x8c, 0x65, 0x52, 0xff, 0x8c, 0x65, 0x52, 0xff,
    0x8c, 0x65, 0x52, 0xff, 0x8c, 0x65, 0x52, 0xff, 0x8c, 0x65, 0x52, 0xff,
    0x8c, 0x65, 0x52, 0xff, 0x8c, 0x65, 0x52, 0xff, 0x8c, 0x65, 0x52, 0xff,
    0x8c, 0x65, 0x52, 0xff, 0x8c, 0x65, 0x52, 0xff, 0x8c, 0x65, 0x52, 0xff,
    0x8c, 0x65, 0x52, 0xff, 0x8c, 0x65, 0x52, 0xff, 0x8c, 0x65, 0x52, 0xff,
    0x8c, 0x65, 0x52, 0xff, 0x8c, 0x65, 0x52, 0xff, 0x8c, 0x65, 0x52, 0xff,
    0x8c, 0x65, 0x52, 0xff, 0x8c, 0x65, 0x52, 0xff, 0x8c, 0x65, 0x52, 0xff,
    0x8c, 0x65, 0x52, 0xff, 0x8c, 0x65, 0x52, 0xff, 0x8c, 0x65, 0x52, 0xff,
    0x8c, 0x65, 0x52, 0xff, 0x8c, 0x65, 0x52, 0xff, 0x8c, 0x65, 0x52, 0xff,
    0x8c, 0x65, 0x52, 0xff, 0x8c, 0x65, 0x52, 0xff, 0x8c, 0x65, 0x52, 0xff,
    0x8c, 0x65, 0x52, 0xff, 0x8c, 0x65, 0x52, 0xff, 0x8c, 0x65, 0x52, 0xff,
    0x8c, 0x65, 0x52, 0xff, 0x8c, 0x65, 0x52, 0xff, 0x8c, 0x65, 0x52, 0xff,
    0x8c, 0x65, 0x52, 0xff, 0x8c, 0x65, 0x52, 0xff, 0x8c, 0x65, 0x52, 0xff,
    0x8c, 0x65, 0x52, 0xff, 0x8c, 0x65, 0x52, 0xff, 0x8c, 0x65, 0x52, 0xff,
    0x8c, 0x65, 0x52, 0xff, 0x8c, 0x65, 0x52, 0xff, 0x8c, 0x65, 0x52, 0xff,
    0x8c, 0x65, 0x52, 0xff, 0x8c, 0x65, 0x52, 0xff, 0x8c, 0x65, 0x52, 0xff,
    0x8c, 0x65, 0x52, 0xff, 0x8c, 0x65, 0x52, 0xff, 0x8c, 0x65, 0x52, 0xff,
    0x8c, 0x65, 0x52, 0xff, 0x8c, 0x65, 0x52, 0xff, 0x8c, 0x65, 0x52, 0xff,
    0x8c, 0x65, 0x52, 0xff, 0x8c, 0x65, 0x52, 0xff, 0x8c, 0x65, 0x52, 0xff,
    0x8c, 0x65, 0x52, 0xff, 0x8c, 0x65, 0x52, 0xff, 0x8c, 0x65, 0x52, 0xff,
    0x8c, 0x65, 0x52, 0xff, 0x8c, 0x65, 0x52, 0xff, 0x8c, 0x65, 0x52, 0xff,
    0x8c, 0x65, 0x52, 0xff, 0x8c, 0x65, 0x52, 0xff, 0x8c, 0x65, 0x52, 0xff,
    0x8c, 0x65, 0x52, 0xff, 0x8c, 0x65, 0x52, 0xff, 0x8c, 0x65, 0x52, 0xff,
    0x8c, 0x65, 0x52, 0xff, 0x8c, 0x65, 0x52, 0xff, 0x8c, 0x65, 0x52, 0xff,
    0x8c, 0x65, 0x52, 0xff, 0x8c, 0x65, 0x52, 0xff, 0x8c, 0x65, 0x52, 0xff,
    0x8a, 0x65, 0x52, 0x52, 0xff, 0xff, 0xff, 0x00, 0xff, 0xff, 0xff, 0x00,
    0x8b, 0x64, 0x51, 0xaf, 0x8c, 0x65, 0x52, 0xff, 0x8c, 0x65, 0x52, 0xff,
    0x8c, 0x65, 0x52, 0xff, 0x8c, 0x65, 0x52, 0xff, 0x8c, 0x65, 0x52, 0xff,
    0x8c, 0x65, 0x52, 0xff, 0x8c, 0x65, 0x52, 0xff, 0x8c, 0x65, 0x52, 0xff,
    0x8c, 0x65, 0x52, 0xff, 0x8c, 0x65, 0x52, 0xff, 0x8c, 0x65, 0x52, 0xff,
    0x8c, 0x65, 0x52, 0xff, 0x8c, 0x65, 0x52, 0xff, 0x8c, 0x65, 0x52, 0xff,
    0x8c, 0x65, 0x52, 0xff, 0x8c, 0x65, 0x52, 0xff, 0x8c, 0x65, 0x52, 0xff,
    0x8c, 0x65, 0x52, 0xff, 0x8c, 0x65, 0x52, 0xff, 0x8c, 0x65, 0x52, 0xff,
    0x8c, 0x65, 0x52, 0xff, 0x8c, 0x65, 0x52, 0xff, 0x8c, 0x65, 0x52, 0xff,
    0x8c, 0x65, 0x52, 0xff, 0x8c, 0x65, 0x52, 0xff, 0x8c, 0x65, 0x52, 0xff,
    0x8c, 0x65, 0x52, 0xff, 0x8c, 0x65, 0x52, 0xff, 0x8c, 0x65, 0x52, 0xff,
    0x8c, 0x65, 0x52, 0xff, 0x8c, 0x65, 0x52, 0xff, 0x8c, 0x65, 0x52, 0xff,
    0x8c, 0x65, 0x52, 0xff, 0x8c, 0x65, 0x52, 0xff, 0x8c, 0x65, 0x52, 0xff,
    0x8c, 0x65, 0x52, 0xff, 0x8c, 0x65, 0x52, 0xff, 0x8c, 0x65, 0x52, 0xff,
    0x8c, 0x65, 0x52, 0xff, 0x8c, 0x65, 0x52, 0xff, 0x8c, 0x65, 0x52, 0xff,
    0x8c, 0x65, 0x52, 0xff, 0x8c, 0x65, 0x52, 0xff, 0x8c, 0x65, 0x52, 0xff,
    0x8c, 0x65, 0x52, 0xff, 0x8c, 0x65, 0x52, 0xff, 0x8c, 0x65, 0x52, 0xff,
    0x8c, 0x65, 0x52, 0xff, 0x8c, 0x65, 0x52, 0xff, 0x8c, 0x65, 0x52, 0xff,
    0x8c, 0x65, 0x52, 0xff, 0x8c, 0x65, 0x52, 0xff, 0x8c, 0x65, 0x52, 0xff,
    0x8c, 0x65, 0x52, 0xff, 0x8c, 0x65, 0x52, 0xff, 0x8c, 0x65, 0x52, 0xff,
    0x8c, 0x65, 0x52, 0xff, 0x8c, 0x65, 0x52, 0xff, 0x8c, 0x65, 0x52, 0xff,
    0x8c, 0x65, 0x52, 0xff, 0x8c, 0x65, 0x52, 0xff, 0x8c, 0x65, 0x52, 0xff,
    0x8c, 0x65, 0x52, 0xff, 0x8c, 0x65, 0x52, 0xff, 0x8c, 0x65, 0x52, 0xff,
    0x8c, 0x65, 0x52, 0xff, 0x8c, 0x65, 0x52, 0xff, 0x8c, 0x65, 0x52, 0xff,
    0x8c, 0x65, 0x52, 0xff, 0x8c, 0x65, 0x52, 0xff, 0x8c, 0x65, 0x52, 0xff,
    0x8c, 0x65, 0x52, 0xff, 0x8c, 0x65, 0x52, 0xff, 0x8c, 0x65, 0x52, 0xff,
    0x8c, 0x65, 0x52, 0xff, 0x8c, 0x65, 0x52, 0xff, 0x8c, 0x65, 0x52, 0xff,
    0x8c, 0x65, 0x52, 0xff, 0x8c, 0x65, 0x52, 0xff, 0x8c, 0x65, 0x52, 0xff,
    0x8c, 0x65, 0x52, 0xff, 0x8c, 0x65, 0x52, 0xff, 0x8c, 0x65, 0x52, 0xff,
    0x8c, 0x65, 0x52, 0xff, 0x8c, 0x65, 0x52, 0xff, 0x8c, 0x65, 0x52, 0xff,
    0x8c, 0x65, 0x52, 0xff, 0x8c, 0x65, 0x52, 0xff, 0x8c, 0x65, 0x52, 0xff,
    0x8c, 0x65, 0x52, 0xff, 0x8c, 0x65, 0x52, 0xff, 0x8c, 0x65, 0x52, 0xff,
    0x8c, 0x65, 0x52, 0xff, 0x8c, 0x65, 0x52, 0xff, 0x8c, 0x65, 0x52, 0xff,
    0x8c, 0x65, 0x52, 0xff, 0x8c, 0x65, 0x52, 0xff, 0x8c, 0x65, 0x52, 0xff,
    0x8c, 0x65, 0x52, 0xff, 0x8c, 0x65, 0x52, 0xff, 0x8c, 0x65, 0x52, 0xff,
    0x8c, 0x65, 0x52, 0xff, 0x8c, 0x65, 0x52, 0xff, 0x8c, 0x65, 0x52, 0xff,
    0x8c, 0x65, 0x52, 0xff, 0x8c, 0x65, 0x52, 0xff, 0x8c, 0x65, 0x52, 0xff,
    0x8c, 0x65, 0x52, 0xff, 0x8c, 0x65, 0x52, 0xff, 0x8c, 0x65, 0x52, 0xff,
    0x8c, 0x65, 0x52, 0xff, 0x8c, 0x65, 0x52, 0xff, 0x8c, 0x65, 0x52, 0xff,
    0x8c, 0x65, 0x52, 0xff, 0x8c, 0x65, 0x52, 0xff, 0x8c, 0x65, 0x52, 0xff,
    0x8c, 0x65, 0x52, 0xff, 0x8c, 0x65, 0x52, 0xff, 0x8c, 0x65, 0x52, 0xff,
    0x8c, 0x65, 0x52, 0xff, 0x8c, 0x65, 0x52, 0xff, 0x8c, 0x65, 0x52, 0xff,
    0x8c, 0x65, 0x52, 0xff, 0x8c, 0x65, 0x52, 0xff, 0x8c, 0x65, 0x52, 0xff,
    0x8c, 0x65, 0x52, 0xff, 0x8c, 0x65, 0x52, 0xff, 0x8c, 0x65, 0x52, 0xff,
    0x8c, 0x65, 0x52, 0xff, 0x8c, 0x65, 0x52, 0xff, 0x8c, 0x65, 0x52, 0xff,
    0x8c, 0x65, 0x52, 0xff, 0x8c, 0x65, 0x52, 0xff, 0x8c, 0x65, 0x52, 0xff,
    0x8c, 0x65, 0x52, 0xff, 0x8c, 0x65, 0x52, 0xff, 0x8c, 0x65, 0x52, 0xff,
    0x8c, 0x65, 0x52, 0xff, 0x8c, 0x65, 0x52, 0xff, 0x8c, 0x65, 0x52, 0xff,
    0x8c, 0x65, 0x52, 0xff, 0x8c, 0x65, 0x52, 0xff, 0x8c, 0x65, 0x52, 0xff,
    0x8c, 0x65, 0x52, 0xff, 0x8c, 0x65, 0x52, 0xff, 0x8c, 0x65, 0x52, 0xff,
    0x8c, 0x65, 0x52, 0xff, 0x8c, 0x65, 0x52, 0xd9, 0x01, 0x01, 0x01, 0x01,
    0x87, 0x5f, 0x52, 0x13, 0x8c, 0x65, 0x52, 0xfb, 0x8c, 0x65, 0x52, 0xff,
    0x8c, 0x65, 0x52, 0xff, 0x8c, 0x65, 0x52, 0xff, 0x8c, 0x65, 0x52, 0xff,
    0x8c, 0x65, 0x52, 0xff, 0x8c, 0x65, 0x52, 0xff, 0x8c, 0x65, 0x52, 0xff,
    0x8c, 0x65, 0x52, 0xff, 0x8c, 0x65, 0x52, 0xff, 0x8c, 0x65, 0x52, 0xff,
    0x8c, 0x65, 0x52, 0xff, 0x8c, 0x65, 0x52, 0xff, 0x8c, 0x65, 0x52, 0xff,
    0x8c, 0x65, 0x52, 0xff, 0x8c, 0x65, 0x52, 0xff, 0x8c, 0x65, 0x52, 0xff,
    0x8c, 0x65, 0x52, 0xff, 0x8c, 0x65, 0x52, 0xff, 0x8c, 0x65, 0x52, 0xff,
    0x8c, 0x65, 0x52, 0xff, 0x8c, 0x65, 0x52, 0xff, 0x8c, 0x65, 0x52, 0xff,
    0x8c, 0x65, 0x52, 0xff, 0x8c, 0x65, 0x52, 0xff, 0x8c, 0x65, 0x52, 0xff,
    0x8c, 0x65, 0x52, 0xff, 0x8c, 0x65, 0x52, 0xff, 0x8c, 0x65, 0x52, 0xff,
    0x8c, 0x65, 0x52, 0xff, 0x8c, 0x65, 0x52, 0xff, 0x8c, 0x65, 0x52, 0xff,
    0x8c, 0x65, 0x52, 0xff, 0x8c, 0x65, 0x52, 0xff, 0x8c, 0x65, 0x52, 0xff,
    0x8c, 0x65, 0x52, 0xff, 0x8c, 0x65, 0x52, 0xff, 0x8c, 0x65, 0x52, 0xff,
    0x8c, 0x65, 0x52, 0xff, 0x8c, 0x65, 0x52, 0xff, 0x8c, 0x65, 0x52, 0xff,
    0x8c, 0x65, 0x52, 0xff, 0x8c, 0x65, 0x52, 0xff, 0x8c, 0x65, 0x52, 0xff,
    0x8c, 0x65, 0x52, 0xff, 0x8c, 0x65, 0x52, 0xff, 0x8c, 0x65, 0x52, 0xff,
    0x8c, 0x65, 0x52, 0xff, 0x8c, 0x65, 0x52, 0xff, 0x8c, 0x65, 0x52, 0xff,
    0x8c, 0x65, 0x52, 0xff, 0x8c, 0x65, 0x52, 0xff, 0x8c, 0x65, 0x52, 0xff,
    0x8c, 0x65, 0x52, 0xff, 0x8c, 0x65, 0x52, 0xff, 0x8c, 0x65, 0x52, 0xff,
    0x8c, 0x65, 0x52, 0xff, 0x8c, 0x65, 0x52, 0xff, 0x8c, 0x65, 0x52, 0xff,
    0x8c, 0x65, 0x52, 0xff, 0x8c, 0x65, 0x52, 0xff, 0x8c, 0x65, 0x52, 0xff,
    0x8c, 0x65, 0x52, 0xff, 0x8c, 0x65, 0x52, 0xff, 0x8c, 0x65, 0x52, 0xff,
    0x8c, 0x65, 0x52, 0xff, 0x8c, 0x65, 0x52, 0xff, 0x8c, 0x65, 0x52, 0xff,
    0x8c, 0x65, 0x52, 0xff, 0x8c, 0x65, 0x52, 0xff, 0x8c, 0x65, 0x52, 0xff,
    0x8c, 0x65, 0x52, 0xff, 0x8c, 0x65, 0x52, 0xff, 0x8c, 0x65, 0x52, 0xff,
    0x8c, 0x65, 0x52, 0xff, 0x8c, 0x65, 0x52, 0xff, 0x8c, 0x65, 0x52, 0xff,
    0x8c, 0x65, 0x52, 0xff, 0x8c, 0x65, 0x52, 0xff, 0x8c, 0x65, 0x52, 0xff,
    0x8c, 0x65, 0x52, 0xff, 0x8c, 0x65, 0x52, 0xff, 0x8c, 0x65, 0x52, 0xff,
    0x8c, 0x65, 0x52, 0xff, 0x8c, 0x65, 0x52, 0xff, 0x8c, 0x65, 0x52, 0xff,
    0x8c, 0x65, 0x52, 0xff, 0x8c, 0x65, 0x52, 0xff, 0x8c, 0x65, 0x52, 0xff,
    0x8c, 0x65, 0x52, 0xff, 0x8c, 0x65, 0x52, 0xff, 0x8c, 0x65, 0x52, 0xff,
    0x8c, 0x65, 0x52, 0xff, 0x8c, 0x65, 0x52, 0xff, 0x8c, 0x65, 0x52, 0xff,
    0x8c, 0x65, 0x52, 0xff, 0x8c, 0x65, 0x52, 0xff, 0x8c, 0x65, 0x52, 0xff,
    0x8c, 0x65, 0x52, 0xff, 0x8c, 0x65, 0x52, 0xff, 0x8c, 0x65, 0x52, 0xff,
    0x8c, 0x65, 0x52, 0xff, 0x8c, 0x65, 0x52, 0xff, 0x8c, 0x65, 0x52, 0xff,
    0x8c, 0x65, 0x52, 0xff, 0x8c, 0x65, 0x52, 0xff, 0x8c, 0x65, 0x52, 0xff,
    0x8c, 0x65, 0x52, 0xff, 0x8c, 0x65, 0x52, 0xff, 0x8c, 0x65, 0x52, 0xff,
    0x8c, 0x65, 0x52, 0xff, 0x8c, 0x65, 0x52, 0xff, 0x8c, 0x65, 0x52, 0xff,
    0x8c, 0x65, 0x52, 0xff, 0x8c, 0x65, 0x52, 0xff, 0x8c, 0x65, 0x52, 0xff,
    0x8c, 0x65, 0x52, 0xff, 0x8c, 0x65, 0x52, 0xff, 0x8c, 0x65, 0x52, 0xff,
    0x8c, 0x65, 0x52, 0xff, 0x8c, 0x65, 0x52, 0xff, 0x8c, 0x65, 0x52, 0xff,
    0x8c, 0x65, 0x52, 0xff, 0x8c, 0x65, 0x52, 0xff, 0x8c, 0x65, 0x52, 0xff,
    0x8c, 0x65, 0x52, 0xff, 0x8c, 0x65, 0x52, 0xff, 0x8c, 0x65, 0x52, 0xff,
    0x8c, 0x65, 0x52, 0xff, 0x8c, 0x65, 0x52, 0xff, 0x8c, 0x65, 0x52, 0xff,
    0x8c, 0x65, 0x52, 0xff, 0x8c, 0x65, 0x52, 0xff, 0x8c, 0x65, 0x52, 0xff,
    0x8c, 0x65, 0x52, 0xff, 0x8c, 0x65, 0x52, 0xff, 0x8c, 0x65, 0x52, 0xff,
    0x8c, 0x65, 0x52, 0xff, 0x8c, 0x65, 0x52, 0xff, 0x8c, 0x65, 0x52, 0xff,
    0x8c, 0x65, 0x52, 0xff, 0x8c, 0x65, 0x52, 0xff, 0x8c, 0x65, 0x52, 0xff,
    0x8c, 0x65, 0x52, 0xff, 0x8c, 0x65, 0x52, 0xff, 0x8c, 0x65, 0x52, 0xff,
    0x8c, 0x65, 0x52, 0xff, 0x8c, 0x65, 0x52, 0xff, 0x8c, 0x65, 0x52, 0xff,
    0x8b, 0x65, 0x4f, 0x3b, 0x8b, 0x65, 0x50, 0x4a, 0x8c, 0x65, 0x52, 0xff,
    0x8c, 0x65, 0x52, 0xff, 0x8c, 0x65, 0x52, 0xff, 0x8c, 0x65, 0x52, 0xff,
    0x8c, 0x65, 0x52, 0xff, 0x8c, 0x65, 0x52, 0xff, 0x8c, 0x65, 0x52, 0xff,
    0x8c, 0x65, 0x52, 0xff, 0x8c, 0x65, 0x52, 0xff, 0x8c, 0x65, 0x52, 0xff,
    0x8c, 0x65, 0x52, 0xff, 0x8c, 0x65, 0x52, 0xff, 0x8c, 0x65, 0x52, 0xff,
    0x8c, 0x65, 0x52, 0xff, 0x8c, 0x65, 0x52, 0xff, 0x8c, 0x65, 0x52, 0xff,
    0x8c, 0x65, 0x52, 0xff, 0x8c, 0x65, 0x52, 0xff, 0x8c, 0x65, 0x52, 0xff,
    0x8c, 0x65, 0x52, 0xff, 0x8c, 0x65, 0x52, 0xff, 0x8c, 0x65, 0x52, 0xff,
    0x8c, 0x65, 0x52, 0xff, 0x8c, 0x65, 0x52, 0xff, 0x8c, 0x65, 0x52, 0xff,
    0x8c, 0x65, 0x52, 0xff, 0x8c, 0x65, 0x52, 0xff, 0x8c, 0x65, 0x52, 0xff,
    0x8c, 0x65, 0x52, 0xff, 0x8c, 0x65, 0x52, 0xff, 0x8c, 0x65, 0x52, 0xff,
    0x8c, 0x65, 0x52, 0xff, 0x8c, 0x65, 0x52, 0xff, 0x8c, 0x65, 0x52, 0xff,
    0x8c, 0x65, 0x52, 0xff, 0x8c, 0x65, 0x52, 0xff, 0x8c, 0x65, 0x52, 0xff,
    0x8c, 0x65, 0x52, 0xff, 0x8c, 0x65, 0x52, 0xff, 0x8c, 0x65, 0x52, 0xff,
    0x8c, 0x65, 0x52, 0xff, 0x8c, 0x65, 0x52, 0xff, 0x8c, 0x65, 0x52, 0xff,
    0x8c, 0x65, 0x52, 0xff, 0x8c, 0x65, 0x52, 0xff, 0x8c, 0x65, 0x52, 0xff,
    0x8c, 0x65, 0x52, 0xff, 0x8c, 0x65, 0x52, 0xff, 0x8c, 0x65, 0x52, 0xff,
    0x8c, 0x65, 0x52, 0xff, 0x8c, 0x65, 0x52, 0xff, 0x8c, 0x65, 0x52, 0xff,
    0x8c, 0x65, 0x52, 0xff, 0x8c, 0x65, 0x52, 0xff, 0x8c, 0x65, 0x52, 0xff,
    0x8c, 0x65, 0x52, 0xff, 0x8c, 0x65, 0x52, 0xff, 0x8c, 0x65, 0x52, 0xff,
    0x8c, 0x65, 0x52, 0xff, 0x8c, 0x65, 0x52, 0xff, 0x8c, 0x65, 0x52, 0xff,
    0x8c, 0x65, 0x52, 0xff, 0x8c, 0x65, 0x52, 0xff, 0x8c, 0x65, 0x52, 0xff,
    0x8c, 0x65, 0x52, 0xff, 0x8c, 0x65, 0x52, 0xff, 0x8c, 0x65, 0x52, 0xff,
    0x8c, 0x65, 0x52, 0xff, 0x8c, 0x65, 0x52, 0xff, 0x8c, 0x65, 0x52, 0xff,
    0x8c, 0x65, 0x52, 0xff, 0x8c, 0x65, 0x52, 0xff, 0x8c, 0x65, 0x52, 0xff,
    0x8c, 0x65, 0x52, 0xff, 0x8c, 0x65, 0x52, 0xff, 0x8c, 0x65, 0x52, 0xff,
    0x8c, 0x65, 0x52, 0xff, 0x8c, 0x65, 0x52, 0xff, 0x8c, 0x65, 0x52, 0xff,
    0x8c, 0x65, 0x52, 0xff, 0x8c, 0x65, 0x52, 0xff, 0x8c, 0x65, 0x52, 0xff,
    0x8c, 0x65, 0x52, 0xff, 0x8c, 0x65, 0x52, 0xff, 0x8c, 0x65, 0x52, 0xff,
    0x8c, 0x65, 0x52, 0xff, 0x8c, 0x65, 0x52, 0xff, 0x8c, 0x65, 0x52, 0xff,
    0x8c, 0x65, 0x52, 0xff, 0x8c, 0x65, 0x52, 0xff, 0x8c, 0x65, 0x52, 0xff,
    0x8c, 0x65, 0x52, 0xff, 0x8c, 0x65, 0x52, 0xff, 0x8c, 0x65, 0x52, 0xff,
    0x8c, 0x65, 0x52, 0xff, 0x8c, 0x65, 0x52, 0xff, 0x8c, 0x65, 0x52, 0xff,
    0x8c, 0x65, 0x52, 0xff, 0x8c, 0x65, 0x52, 0xff, 0x8c, 0x65, 0x52, 0xff,
    0x8c, 0x65, 0x52, 0xff, 0x8c, 0x65, 0x52, 0xff, 0x8c, 0x65, 0x52, 0xff,
    0x8c, 0x65, 0x52, 0xff, 0x8c, 0x65, 0x52, 0xff, 0x8c, 0x65, 0x52, 0xff,
    0x8c, 0x65, 0x52, 0xff, 0x8c, 0x65, 0x52, 0xff, 0x8c, 0x65, 0x52, 0xff,
    0x8c, 0x65, 0x52, 0xff, 0x8c, 0x65, 0x52, 0xff, 0x8c, 0x65, 0x52, 0xff,
    0x8c, 0x65, 0x52, 0xff, 0x8c, 0x65, 0x52, 0xff, 0x8c, 0x65, 0x52, 0xff,
    0x8c, 0x65, 0x52, 0xff, 0x8c, 0x65, 0x52, 0xff, 0x8c, 0x65, 0x52, 0xff,
    0x8c, 0x65, 0x52, 0xff, 0x8c, 0x65, 0x52, 0xff, 0x8c, 0x65, 0x52, 0xff,
    0x8c, 0x65, 0x52, 0xff, 0x8c, 0x65, 0x52, 0xff, 0x8c, 0x65, 0x52, 0xff,
    0x8c, 0x65, 0x52, 0xff, 0x8c, 0x65, 0x52, 0xff, 0x8c, 0x65, 0x52, 0xff,
    0x8c, 0x65, 0x52, 0xff, 0x8c, 0x65, 0x52, 0xff, 0x8c, 0x65, 0x52, 0xff,
    0x8c, 0x65, 0x52, 0xff, 0x8c, 0x65, 0x52, 0xff, 0x8c, 0x65, 0x52, 0xff,
    0x8c, 0x65, 0x52, 0xff, 0x8c, 0x65, 0x52, 0xff, 0x8c, 0x65, 0x52, 0xff,
    0x8c, 0x65, 0x52, 0xff, 0x8c, 0x65, 0x52, 0xff, 0x8c, 0x65, 0x52, 0xff,
    0x8c, 0x65, 0x52, 0xff, 0x8c, 0x65, 0x52, 0xff, 0x8c, 0x65, 0x52, 0xff,
    0x8c, 0x65, 0x52, 0xff, 0x8c, 0x65, 0x52, 0xff, 0x8c, 0x65, 0x52, 0xff,
    0x8c, 0x65, 0x52, 0xff, 0x8c, 0x65, 0x52, 0xff, 0x8c, 0x65, 0x52, 0xff,
    0x8c, 0x65, 0x52, 0xff, 0x8c, 0x65, 0x52, 0x75, 0x8b, 0x65, 0x50, 0x64,
    0x8c, 0x65, 0x52, 0xff, 0x8c, 0x65, 0x52, 0xff, 0x8c, 0x65, 0x52, 0xff,
    0x8c, 0x65, 0x52, 0xff, 0x8c, 0x65, 0x52, 0xff, 0x8c, 0x65, 0x52, 0xff,
    0x8c, 0x65, 0x52, 0xff, 0x8c, 0x65, 0x52, 0xff, 0x8c, 0x65, 0x52, 0xff,
    0x8c, 0x65, 0x52, 0xff, 0x8c, 0x65, 0x52, 0xff, 0x8c, 0x65, 0x52, 0xff,
    0x8c, 0x65, 0x52, 0xff, 0x8c, 0x65, 0x52, 0xff, 0x8c, 0x65, 0x52, 0xff,
    0x8c, 0x65, 0x52, 0xff, 0x8c, 0x65, 0x52, 0xff, 0x8c, 0x65, 0x52, 0xff,
    0x8c, 0x65, 0x52, 0xff, 0x8c, 0x65, 0x52, 0xff, 0x8c, 0x65, 0x52, 0xff,
    0x8c, 0x65, 0x52, 0xff, 0x8c, 0x65, 0x52, 0xff, 0x8c, 0x65, 0x52, 0xff,
    0x8c, 0x65, 0x52, 0xff, 0x8c, 0x65, 0x52, 0xff, 0x8c, 0x65, 0x52, 0xff,
    0x8c, 0x65, 0x52, 0xff, 0x8c, 0x65, 0x52, 0xff, 0x8c, 0x65, 0x52, 0xff,
    0x8c, 0x65, 0x52, 0xff, 0x8c, 0x65, 0x52, 0xff, 0x8c, 0x65, 0x52, 0xff,
    0x8c, 0x65, 0x52, 0xff, 0x8c, 0x65, 0x52, 0xff, 0x8c, 0x65, 0x52, 0xff,
    0x8c, 0x65, 0x52, 0xff, 0x8c, 0x65, 0x52, 0xff, 0x8c, 0x65, 0x52, 0xff,
    0x8c, 0x65, 0x52, 0xff, 0x8c, 0x65, 0x52, 0xff, 0x8c, 0x65, 0x52, 0xff,
    0x8c, 0x65, 0x52, 0xff, 0x8c, 0x65, 0x52, 0xff, 0x8c, 0x65, 0x52, 0xff,
    0x8c, 0x65, 0x52, 0xff, 0x8c, 0x65, 0x52, 0xff, 0x8c, 0x65, 0x52, 0xff,
    0x8c, 0x65, 0x52, 0xff, 0x8c, 0x65, 0x52, 0xff, 0x8c, 0x65, 0x52, 0xff,
    0x8c, 0x65, 0x52, 0xff, 0x8c, 0x65, 0x52, 0xff, 0x8c, 0x65, 0x52, 0xff,
    0x8c, 0x65, 0x52, 0xff, 0x8c, 0x65, 0x52, 0xff, 0x8c, 0x65, 0x52, 0xff,
    0x8c, 0x65, 0x52, 0xff, 0x8c, 0x65, 0x52, 0xff, 0x8c, 0x65, 0x52, 0xff,
    0x8c, 0x65, 0x52, 0xff, 0x8c, 0x65, 0x52, 0xff, 0x8c, 0x65, 0x52, 0xff,
    0x8c, 0x65, 0x52, 0xff, 0x8c, 0x65, 0x52, 0xff, 0x8c, 0x65, 0x52, 0xff,
    0x8c, 0x65, 0x52, 0xff, 0x8c, 0x65, 0x52, 0xff, 0x8c, 0x65, 0x52, 0xff,
    0x8c, 0x65, 0x52, 0xff, 0x8c, 0x65, 0x52, 0xff, 0x8c, 0x65, 0x52, 0xff,
    0x8c, 0x65, 0x52, 0xff, 0x8c, 0x65, 0x52, 0xff, 0x8c, 0x65, 0x52, 0xff,
    0x8c, 0x65, 0x52, 0xff, 0x8c, 0x65, 0x52, 0xff, 0x8c, 0x65, 0x52, 0xff,
    0x8c, 0x65, 0x52, 0xff, 0x8c, 0x65, 0x52, 0xff, 0x8c, 0x65, 0x52, 0xff,
    0x8c, 0x65, 0x52, 0xff, 0x8c, 0x65, 0x52, 0xff, 0x8c, 0x65, 0x52, 0xff,
    0x8c, 0x65, 0x52, 0xff, 0x8c, 0x65, 0x52, 0xff, 0x8c, 0x65, 0x52, 0xff,
    0x8c, 0x65, 0x52, 0xff, 0x8c, 0x65, 0x52, 0xff, 0x8c, 0x65, 0x52, 0xff,
    0x8c, 0x65, 0x52, 0xff, 0x8c, 0x65, 0x52, 0xff, 0x8c, 0x65, 0x52, 0xff,
    0x8c, 0x65, 0x52, 0xff, 0x8c, 0x65, 0x52, 0xff, 0x8c, 0x65, 0x52, 0xff,
    0x8c, 0x65, 0x52, 0xff, 0x8c, 0x65, 0x52, 0xff, 0x8c, 0x65, 0x52, 0xff,
    0x8c, 0x65, 0x52, 0xff, 0x8c, 0x65, 0x52, 0xff, 0x8c, 0x65, 0x52, 0xff,
    0x8c, 0x65, 0x52, 0xff, 0x8c, 0x65, 0x52, 0xff, 0x8c, 0x65, 0x52, 0xff,
    0x8c, 0x65, 0x52, 0xff, 0x8c, 0x65, 0x52, 0xff, 0x8c, 0x65, 0x52, 0xff,
    0x8c, 0x65, 0x52, 0xff, 0x8c, 0x65, 0x52, 0xff, 0x8c, 0x65, 0x52, 0xff,
    0x8c, 0x65, 0x52, 0xff, 0x8c, 0x65, 0x52, 0xff, 0x8c, 0x65, 0x52, 0xff,
    0x8c, 0x65, 0x52, 0xff, 0x8c, 0x65, 0x52, 0xff, 0x8c, 0x65, 0x52, 0xff,
    0x8c, 0x65, 0x52, 0xff, 0x8c, 0x65, 0x52, 0xff, 0x8c, 0x65, 0x52, 0xff,
    0x8c, 0x65, 0x52, 0xff, 0x8c, 0x65, 0x52, 0xff, 0x8c, 0x65, 0x52, 0xff,
    0x8c, 0x65, 0x52, 0xff, 0x8c, 0x65, 0x52, 0xff, 0x8c, 0x65, 0x52, 0xff,
    0x8c, 0x65, 0x52, 0xff, 0x8c, 0x65, 0x52, 0xff, 0x8c, 0x65, 0x52, 0xff,
    0x8c, 0x65, 0x52, 0xff, 0x8c, 0x65, 0x52, 0xff, 0x8c, 0x65, 0x52, 0xff,
    0x8c, 0x65, 0x52, 0xff, 0x8c, 0x65, 0x52, 0xff, 0x8c, 0x65, 0x52, 0xff,
    0x8c, 0x65, 0x52, 0xff, 0x8c, 0x65, 0x52, 0xff, 0x8c, 0x65, 0x52, 0xff,
    0x8c, 0x65, 0x52, 0xff, 0x8c, 0x65, 0x52, 0xff, 0x8c, 0x65, 0x52, 0xff,
    0x8c, 0x65, 0x52, 0xff, 0x8c, 0x65, 0x52, 0xff, 0x8c, 0x65, 0x52, 0xff,
    0x8c, 0x65, 0x52, 0xff, 0x8c, 0x65, 0x52, 0xff, 0x8c, 0x65, 0x52, 0xff,
    0x8c, 0x65, 0x52, 0xff, 0x8c, 0x65, 0x52, 0xff, 0x8b, 0x64, 0x51, 0x90,
    0x8b, 0x65, 0x51, 0x69, 0x8c, 0x65, 0x52, 0xff, 0x8c, 0x65, 0x52, 0xff,
    0x8c, 0x65, 0x52, 0xff, 0x8c, 0x65, 0x52, 0xff, 0x8c, 0x65, 0x52, 0xff,
    0x8c, 0x65, 0x52, 0xff, 0x8c, 0x65, 0x52, 0xff, 0x8c, 0x65, 0x52, 0xff,
    0x8c, 0x65, 0x52, 0xff, 0x8c, 0x65, 0x52, 0xff, 0x8c, 0x65, 0x52, 0xff,
    0x8c, 0x65, 0x52, 0xff, 0x8c, 0x65, 0x52, 0xff, 0x8c, 0x65, 0x52, 0xff,
    0x8c, 0x65, 0x52, 0xff, 0x8c, 0x65, 0x52, 0xff, 0x8c, 0x65, 0x52, 0xff,
    0x8c, 0x65, 0x52, 0xff, 0x8c, 0x65, 0x52, 0xff, 0x8c, 0x65, 0x52, 0xff,
    0x8c, 0x65, 0x52, 0xff, 0x8c, 0x65, 0x52, 0xff, 0x8c, 0x65, 0x52, 0xff,
    0x8c, 0x65, 0x52, 0xff, 0x8c, 0x65, 0x52, 0xff, 0x8c, 0x65, 0x52, 0xff,
    0x8c, 0x65, 0x52, 0xff, 0x8c, 0x65, 0x52, 0xff, 0x8c, 0x65, 0x52, 0xff,
    0x8c, 0x65, 0x52, 0xff, 0x8c, 0x65, 0x52, 0xff, 0x8c, 0x65, 0x52, 0xff,
    0x8c, 0x65, 0x52, 0xff, 0x8c, 0x65, 0x52, 0xff, 0x8c, 0x65, 0x52, 0xff,
    0x8c, 0x65, 0x52, 0xff, 0x8c, 0x65, 0x52, 0xff, 0x8c, 0x65, 0x52, 0xff,
    0x8c, 0x65, 0x52, 0xff, 0x8c, 0x65, 0x52, 0xff, 0x8c, 0x65, 0x52, 0xff,
    0x8c, 0x65, 0x52, 0xff, 0x8c, 0x65, 0x52, 0xff, 0x8c, 0x65, 0x52, 0xff,
    0x8c, 0x65, 0x52, 0xff, 0x8c, 0x65, 0x52, 0xff, 0x8c, 0x65, 0x52, 0xff,
    0x8c, 0x65, 0x52, 0xff, 0x8c, 0x65, 0x52, 0xff, 0x8c, 0x65, 0x52, 0xff,
    0x8c, 0x65, 0x52, 0xff, 0x8c, 0x65, 0x52, 0xff, 0x8c, 0x65, 0x52, 0xff,
    0x8c, 0x65, 0x52, 0xff, 0x8c, 0x65, 0x52, 0xff, 0x8c, 0x65, 0x52, 0xff,
    0x8c, 0x65, 0x52, 0xff, 0x8c, 0x65, 0x52, 0xff, 0x8c, 0x65, 0x52, 0xff,
    0x8c, 0x65, 0x52, 0xff, 0x8c, 0x65, 0x52, 0xff, 0x8c, 0x65, 0x52, 0xff,
    0x8c, 0x65, 0x52, 0xff, 0x8c, 0x65, 0x52, 0xff, 0x8c, 0x65, 0x52, 0xff,
    0x8c, 0x65, 0x52, 0xff, 0x8c, 0x65, 0x52, 0xff, 0x8c, 0x65, 0x52, 0xff,
    0x8c, 0x65, 0x52, 0xff, 0x8c, 0x65, 0x52, 0xff, 0x8c, 0x65, 0x52, 0xff,
    0x8c, 0x65, 0x52, 0xff, 0x8c, 0x65, 0x52, 0xff, 0x8c, 0x65, 0x52, 0xff,
    0x8c, 0x65, 0x52, 0xff, 0x8c, 0x65, 0x52, 0xff, 0x8c, 0x65, 0x52, 0xff,
    0x8c, 0x65, 0x52, 0xff, 0x8c, 0x65, 0x52, 0xff, 0x8c, 0x65, 0x52, 0xff,
    0x8c, 0x65, 0x52, 0xff, 0x8c, 0x65, 0x52, 0xff, 0x8c, 0x65, 0x52, 0xff,
    0x8c, 0x65, 0x52, 0xff, 0x8c, 0x65, 0x52, 0xff, 0x8c, 0x65, 0x52, 0xff,
    0x8c, 0x65, 0x52, 0xff, 0x8c, 0x65, 0x52, 0xff, 0x8c, 0x65, 0x52, 0xff,
    0x8c, 0x65, 0x52, 0xff, 0x8c, 0x65, 0x52, 0xff, 0x8c, 0x65, 0x52, 0xff,
    0x8c, 0x65, 0x52, 0xff, 0x8c, 0x65, 0x52, 0xff, 0x8c, 0x65, 0x52, 0xff,
    0x8c, 0x65, 0x52, 0xff, 0x8c, 0x65, 0x52, 0xff, 0x8c, 0x65, 0x52, 0xff,
    0x8c, 0x65, 0x52, 0xff, 0x8c, 0x65, 0x52, 0xff, 0x8c, 0x65, 0x52, 0xff,
    0x8c, 0x65, 0x52, 0xff, 0x8c, 0x65, 0x52, 0xff, 0x8c, 0x65, 0x52, 0xff,
    0x8c, 0x65, 0x52, 0xff, 0x8c, 0x65, 0x52, 0xff, 0x8c, 0x65, 0x52, 0xff,
    0x8c, 0x65, 0x52, 0xff, 0x8c, 0x65, 0x52, 0xff, 0x8c, 0x65, 0x52, 0xff,
    0x8c, 0x65, 0x52, 0xff, 0x8c, 0x65, 0x52, 0xff, 0x8c, 0x65, 0x52, 0xff,
    0x8c, 0x65, 0x52, 0xff, 0x8c, 0x65, 0x52, 0xff, 0x8c, 0x65, 0x52, 0xff,
    0x8c, 0x65, 0x52, 0xff, 0x8c, 0x65, 0x52, 0xff, 0x8c, 0x65, 0x52, 0xff,
    0x8c, 0x65, 0x52, 0xff, 0x8c, 0x65, 0x52, 0xff, 0x8c, 0x65, 0x52, 0xff,
    0x8c, 0x65, 0x52, 0xff, 0x8c, 0x65, 0x52, 0xff, 0x8c, 0x65, 0x52, 0xff,
    0x8c, 0x65, 0x52, 0xff, 0x8c, 0x65, 0x52, 0xff, 0x8c, 0x65, 0x52, 0xff,
    0x8c, 0x65, 0x52, 0xff, 0x8c, 0x65, 0x52, 0xff, 0x8c, 0x65, 0x52, 0xff,
    0x8c, 0x65, 0x52, 0xff, 0x8c, 0x65, 0x52, 0xff, 0x8c, 0x65, 0x52, 0xff,
    0x8c, 0x65, 0x52, 0xff, 0x8c, 0x65, 0x52, 0xff, 0x8c, 0x65, 0x52, 0xff,
    0x8c, 0x65, 0x52, 0xff, 0x8c, 0x65, 0x52, 0xff, 0x8c, 0x65, 0x52, 0xff,
    0x8c, 0x65, 0x52, 0xff, 0x8c, 0x65, 0x52, 0xff, 0x8c, 0x65, 0x52, 0xff,
    0x8c, 0x65, 0x52, 0xff, 0x8c, 0x65, 0x52, 0xff, 0x8c, 0x65, 0x52, 0xff,
    0x8c, 0x65, 0x52, 0xff, 0x8c, 0x65, 0x52, 0xff, 0x8c, 0x65, 0x52, 0xff,
    0x8b, 0x65, 0x52, 0x94, 0x8b, 0x65, 0x51, 0x69, 0x8c, 0x65, 0x52, 0xff,
    0x8c, 0x65, 0x52, 0xff, 0x8c, 0x65, 0x52, 0xff, 0x8c, 0x65, 0x52, 0xff,
    0x8c, 0x65, 0x52, 0xff, 0x8c, 0x65, 0x52, 0xff, 0x8c, 0x65, 0x52, 0xff,
    0x8c, 0x65, 0x52, 0xff, 0x8c, 0x65, 0x52, 0xff, 0x8c, 0x65, 0x52, 0xff,
    0x8c, 0x65, 0x52, 0xff, 0x8c, 0x65, 0x52, 0xff, 0x8c, 0x65, 0x52, 0xff,
    0x8c, 0x65, 0x52, 0xff, 0x8c, 0x65, 0x52, 0xff, 0x8c, 0x65, 0x52, 0xff,
    0x8c, 0x65, 0x52, 0xff, 0x8c, 0x65, 0x52, 0xff, 0x8c, 0x65, 0x52, 0xff,
    0x8c, 0x65, 0x52, 0xff, 0x8c, 0x65, 0x52, 0xff, 0x8c, 0x65, 0x52, 0xff,
    0x8c, 0x65, 0x52, 0xff, 0x8c, 0x65, 0x52, 0xff, 0x8c, 0x65, 0x52, 0xff,
    0x8c, 0x65, 0x52, 0xff, 0x8c, 0x65, 0x52, 0xff, 0x8c, 0x65, 0x52, 0xff,
    0x8c, 0x65, 0x52, 0xff, 0x8c, 0x65, 0x52, 0xff, 0x8c, 0x65, 0x52, 0xff,
    0x8c, 0x65, 0x52, 0xff, 0x8c, 0x65, 0x52, 0xff, 0x8c, 0x65, 0x52, 0xff,
    0x8c, 0x65, 0x52, 0xff, 0x8c, 0x65, 0x52, 0xff, 0x8c, 0x65, 0x52, 0xff,
    0x8c, 0x65, 0x52, 0xff, 0x8c, 0x65, 0x52, 0xff, 0x8c, 0x65, 0x52, 0xff,
    0x8c, 0x65, 0x52, 0xff, 0x8c, 0x65, 0x52, 0xff, 0x8c, 0x65, 0x52, 0xff,
    0x8c, 0x65, 0x52, 0xff, 0x8c, 0x65, 0x52, 0xff, 0x8c, 0x65, 0x52, 0xff,
    0x8c, 0x65, 0x52, 0xff, 0x8c, 0x65, 0x52, 0xff, 0x8c, 0x65, 0x52, 0xff,
    0x8c, 0x65, 0x52, 0xff, 0x8c, 0x65, 0x52, 0xff, 0x8c, 0x65, 0x52, 0xff,
    0x8c, 0x65, 0x52, 0xff, 0x8c, 0x65, 0x52, 0xff, 0x8c, 0x65, 0x52, 0xff,
    0x8c, 0x65, 0x52, 0xff, 0x8c, 0x65, 0x52, 0xff, 0x8c, 0x65, 0x52, 0xff,
    0x8c, 0x65, 0x52, 0xff, 0x8c, 0x65, 0x52, 0xff, 0x8c, 0x65, 0x52, 0xff,
    0x8c, 0x65, 0x52, 0xff, 0x8c, 0x65, 0x52, 0xff, 0x8c, 0x65, 0x52, 0xff,
    0x8c, 0x65, 0x52, 0xff, 0x8c, 0x65, 0x52, 0xff, 0x8c, 0x65, 0x52, 0xff,
    0x8c, 0x65, 0x52, 0xff, 0x8c, 0x65, 0x52, 0xff, 0x8c, 0x65, 0x52, 0xff,
    0x8c, 0x65, 0x52, 0xff, 0x8c, 0x65, 0x52, 0xff, 0x8c, 0x65, 0x52, 0xff,
    0x8c, 0x65, 0x52, 0xff, 0x8c, 0x65, 0x52, 0xff, 0x8c, 0x65, 0x52, 0xff,
    0x8c, 0x65, 0x52, 0xff, 0x8c, 0x65, 0x52, 0xff, 0x8c, 0x65, 0x52, 0xff,
    0x8c, 0x65, 0x52, 0xff, 0x8c, 0x65, 0x52, 0xff, 0x8c, 0x65, 0x52, 0xff,
    0x8c, 0x65, 0x52, 0xff, 0x8c, 0x65, 0x52, 0xff, 0x8c, 0x65, 0x52, 0xff,
    0x8c, 0x65, 0x52, 0xff, 0x8c, 0x65, 0x52, 0xff, 0x8c, 0x65, 0x52, 0xff,
    0x8c, 0x65, 0x52, 0xff, 0x8c, 0x65, 0x52, 0xff, 0x8c, 0x65, 0x52, 0xff,
    0x8c, 0x65, 0x52, 0xff, 0x8c, 0x65, 0x52, 0xff, 0x8c, 0x65, 0x52, 0xff,
    0x8c, 0x65, 0x52, 0xff, 0x8c, 0x65, 0x52, 0xff, 0x8c, 0x65, 0x52, 0xff,
    0x8c, 0x65, 0x52, 0xff, 0x8c, 0x65, 0x52, 0xff, 0x8c, 0x65, 0x52, 0xff,
    0x8c, 0x65, 0x52, 0xff, 0x8c, 0x65, 0x52, 0xff, 0x8c, 0x65, 0x52, 0xff,
    0x8c, 0x65, 0x52, 0xff, 0x8c, 0x65, 0x52, 0xff, 0x8c, 0x65, 0x52, 0xff,
    0x8c, 0x65, 0x52, 0xff, 0x8c, 0x65, 0x52, 0xff, 0x8c, 0x65, 0x52, 0xff,
    0x8c, 0x65, 0x52, 0xff, 0x8c, 0x65, 0x52, 0xff, 0x8c, 0x65, 0x52, 0xff,
    0x8c, 0x65, 0x52, 0xff, 0x8c, 0x65, 0x52, 0xff, 0x8c, 0x65, 0x52, 0xff,
    0x8c, 0x65, 0x52, 0xff, 0x8c, 0x65, 0x52, 0xff, 0x8c, 0x65, 0x52, 0xff,
    0x8c, 0x65, 0x52, 0xff, 0x8c, 0x65, 0x52, 0xff, 0x8c, 0x65, 0x52, 0xff,
    0x8c, 0x65, 0x52, 0xff, 0x8c, 0x65, 0x52, 0xff, 0x8c, 0x65, 0x52, 0xff,
    0x8c, 0x65, 0x52, 0xff, 0x8c, 0x65, 0x52, 0xff, 0x8c, 0x65, 0x52, 0xff,
    0x8c, 0x65, 0x52, 0xff, 0x8c, 0x65, 0x52, 0xff, 0x8c, 0x65, 0x52, 0xff,
    0x8c, 0x65, 0x52, 0xff, 0x8c, 0x65, 0x52, 0xff, 0x8c, 0x65, 0x52, 0xff,
    0x8c, 0x65, 0x52, 0xff, 0x8c, 0x65, 0x52, 0xff, 0x8c, 0x65, 0x52, 0xff,
    0x8c, 0x65, 0x52, 0xff, 0x8c, 0x65, 0x52, 0xff, 0x8c, 0x65, 0x52, 0xff,
    0x8c, 0x65, 0x52, 0xff, 0x8c, 0x65, 0x52, 0xff, 0x8c, 0x65, 0x52, 0xff,
    0x8c, 0x65, 0x52, 0xff, 0x8c, 0x65, 0x52, 0xff, 0x8c, 0x65, 0x52, 0xff,
    0x8c, 0x65, 0x52, 0xff, 0x8c, 0x65, 0x52, 0xff, 0x8c, 0x65, 0x52, 0xff,
    0x8c, 0x65, 0x52, 0xff, 0x8b, 0x65, 0x52, 0x94, 0x8b, 0x65, 0x51, 0x69,
    0x8c, 0x65, 0x52, 0xff, 0x8c, 0x65, 0x52, 0xff, 0x8c, 0x65, 0x52, 0xff,
    0x8c, 0x65, 0x52, 0xff, 0x8c, 0x65, 0x52, 0xff, 0x8c, 0x65, 0x52, 0xff,
    0x8c, 0x65, 0x52, 0xff, 0x8c, 0x65, 0x52, 0xff, 0x8c, 0x65, 0x52, 0xff,
    0x8c, 0x65, 0x52, 0xff, 0x8c, 0x65, 0x52, 0xff, 0x8c, 0x65, 0x52, 0xff,
    0x8c, 0x65, 0x52, 0xff, 0x8c, 0x65, 0x52, 0xff, 0x8c, 0x65, 0x52, 0xff,
    0x8c, 0x65, 0x52, 0xff, 0x8c, 0x65, 0x52, 0xff, 0x8c, 0x65, 0x52, 0xff,
    0x8c, 0x65, 0x52, 0xff, 0x8c, 0x65, 0x52, 0xff, 0x8c, 0x65, 0x52, 0xff,
    0x8c, 0x65, 0x52, 0xff, 0x8c, 0x65, 0x52, 0xff, 0x8c, 0x65, 0x52, 0xff,
    0x8c, 0x65, 0x52, 0xff, 0x8c, 0x65, 0x52, 0xff, 0x8c, 0x65, 0x52, 0xff,
    0x8c, 0x65, 0x52, 0xff, 0x8c, 0x65, 0x52, 0xff, 0x8c, 0x65, 0x52, 0xff,
    0x8c, 0x65, 0x52, 0xff, 0x8c, 0x65, 0x52, 0xff, 0x8c, 0x65, 0x52, 0xff,
    0x8c, 0x65, 0x52, 0xff, 0x8c, 0x65, 0x52, 0xff, 0x8c, 0x65, 0x52, 0xff,
    0x8c, 0x65, 0x52, 0xff, 0x8c, 0x65, 0x52, 0xff, 0x8c, 0x65, 0x52, 0xff,
    0x8c, 0x65, 0x52, 0xff, 0x8c, 0x65, 0x52, 0xff, 0x8c, 0x65, 0x52, 0xff,
    0x8c, 0x65, 0x52, 0xff, 0x8c, 0x65, 0x52, 0xff, 0x8c, 0x65, 0x52, 0xff,
    0x8c, 0x65, 0x52, 0xff, 0x8c, 0x65, 0x52, 0xff, 0x8c, 0x65, 0x52, 0xff,
    0x8c, 0x65, 0x52, 0xff, 0x8c, 0x65, 0x52, 0xff, 0x8c, 0x65, 0x52, 0xff,
    0x8c, 0x65, 0x52, 0xff, 0x8c, 0x65, 0x52, 0xff, 0x8c, 0x65, 0x52, 0xff,
    0x8c, 0x65, 0x52, 0xff, 0x8c, 0x65, 0x52, 0xff, 0x8c, 0x65, 0x52, 0xff,
    0x8c, 0x65, 0x52, 0xff, 0x8c, 0x65, 0x52, 0xff, 0x8c, 0x65, 0x52, 0xff,
    0x8c, 0x65, 0x52, 0xff, 0x8c, 0x65, 0x52, 0xff, 0x8c, 0x65, 0x52, 0xff,
    0x8c, 0x65, 0x52, 0xff, 0x8c, 0x65, 0x52, 0xff, 0x8c, 0x65, 0x52, 0xff,
    0x8c, 0x65, 0x52, 0xff, 0x8c, 0x65, 0x52, 0xff, 0x8c, 0x65, 0x52, 0xff,
    0x8c, 0x65, 0x52, 0xff, 0x8c, 0x65, 0x52, 0xff, 0x8c, 0x65, 0x52, 0xff,
    0x8c, 0x65, 0x52, 0xff, 0x8c, 0x65, 0x52, 0xff, 0x8c, 0x65, 0x52, 0xff,
    0x8c, 0x65, 0x52, 0xff, 0x8c, 0x65, 0x52, 0xff, 0x8c, 0x65, 0x52, 0xff,
    0x8c, 0x65, 0x52, 0xff, 0x8c, 0x65, 0x52, 0xff, 0x8c, 0x65, 0x52, 0xff,
    0x8c, 0x65, 0x52, 0xff, 0x8c, 0x65, 0x52, 0xff, 0x8c, 0x65, 0x52, 0xff,
    0x8c, 0x65, 0x52, 0xff, 0x8c, 0x65, 0x52, 0xff, 0x8c, 0x65, 0x52, 0xff,
    0x8c, 0x65, 0x52, 0xff, 0x8c, 0x65, 0x52, 0xff, 0x8c, 0x65, 0x52, 0xff,
    0x8c, 0x65, 0x52, 0xff, 0x8c, 0x65, 0x52, 0xff, 0x8c, 0x65, 0x52, 0xff,
    0x8c, 0x65, 0x52, 0xff, 0x8c, 0x65, 0x52, 0xff, 0x8c, 0x65, 0x52, 0xff,
    0x8c, 0x65, 0x52, 0xff, 0x8c, 0x65, 0x52, 0xff, 0x8c, 0x65, 0x52, 0xff,
    0x8c, 0x65, 0x52, 0xff, 0x8c, 0x65, 0x52, 0xff, 0x8c, 0x65, 0x52, 0xff,
    0x8c, 0x65, 0x52, 0xff, 0x8c, 0x65, 0x52, 0xff, 0x8c, 0x65, 0x52, 0xff,
    0x8c, 0x65, 0x52, 0xff, 0x8c, 0x65, 0x52, 0xff, 0x8c, 0x65, 0x52, 0xff,
    0x8c, 0x65, 0x52, 0xff, 0x8c, 0x65, 0x52, 0xff, 0x8c, 0x65, 0x52, 0xff,
    0x8c, 0x65, 0x52, 0xff, 0x8c, 0x65, 0x52, 0xff, 0x8c, 0x65, 0x52, 0xff,
    0x8c, 0x65, 0x52, 0xff, 0x8c, 0x65, 0x52, 0xff, 0x8c, 0x65, 0x52, 0xff,
    0x8c, 0x65, 0x52, 0xff, 0x8c, 0x65, 0x52, 0xff, 0x8c, 0x65, 0x52, 0xff,
    0x8c, 0x65, 0x52, 0xff, 0x8c, 0x65, 0x52, 0xff, 0x8c, 0x65, 0x52, 0xff,
    0x8c, 0x65, 0x52, 0xff, 0x8c, 0x65, 0x52, 0xff, 0x8c, 0x65, 0x52, 0xff,
    0x8c, 0x65, 0x52, 0xff, 0x8c, 0x65, 0x52, 0xff, 0x8c, 0x65, 0x52, 0xff,
    0x8c, 0x65, 0x52, 0xff, 0x8c, 0x65, 0x52, 0xff, 0x8c, 0x65, 0x52, 0xff,
    0x8c, 0x65, 0x52, 0xff, 0x8c, 0x65, 0x52, 0xff, 0x8c, 0x65, 0x52, 0xff,
    0x8c, 0x65, 0x52, 0xff, 0x8c, 0x65, 0x52, 0xff, 0x8c, 0x65, 0x52, 0xff,
    0x8c, 0x65, 0x52, 0xff, 0x8c, 0x65, 0x52, 0xff, 0x8c, 0x65, 0x52, 0xff,
    0x8c, 0x65, 0x52, 0xff, 0x8c, 0x65, 0x52, 0xff, 0x8c, 0x65, 0x52, 0xff,
    0x8c, 0x65, 0x52, 0xff, 0x8c, 0x65, 0x52, 0xff, 0x8c, 0x65, 0x52, 0xff,
    0x8c, 0x65, 0x52, 0xff, 0x8c, 0x65, 0x52, 0xff, 0x8b, 0x65, 0x52, 0x94,
    0x8b, 0x65, 0x51, 0x69, 0x8c, 0x65, 0x52, 0xff, 0x8c, 0x65, 0x52, 0xff,
    0x8c, 0x65, 0x52, 0xff, 0x8c, 0x65, 0x52, 0xff, 0x8c, 0x65, 0x52, 0xff,
    0x8c, 0x65, 0x52, 0xff, 0x8c, 0x65, 0x52, 0xff, 0x8c, 0x65, 0x52, 0xff,
    0x8c, 0x65, 0x52, 0xff, 0x8c, 0x65, 0x52, 0xff, 0x8c, 0x65, 0x52, 0xff,
    0x8c, 0x65, 0x52, 0xff, 0x8c, 0x65, 0x52, 0xff, 0x8c, 0x65, 0x52, 0xff,
    0x8c, 0x65, 0x52, 0xff, 0x8c, 0x65, 0x52, 0xff, 0x8c, 0x65, 0x52, 0xff,
    0x8c, 0x65, 0x52, 0xff, 0x8c, 0x65, 0x52, 0xff, 0x8c, 0x65, 0x52, 0xff,
    0x8c, 0x65, 0x52, 0xff, 0x8c, 0x65, 0x52, 0xff, 0x8c, 0x65, 0x52, 0xff,
    0x8c, 0x65, 0x52, 0xff, 0x8c, 0x65, 0x52, 0xff, 0x8c, 0x65, 0x52, 0xff,
    0x8c, 0x65, 0x52, 0xff, 0x8c, 0x65, 0x52, 0xff, 0x8c, 0x65, 0x52, 0xff,
    0x8c, 0x65, 0x52, 0xff, 0x8c, 0x65, 0x52, 0xff, 0x8c, 0x65, 0x52, 0xff,
    0x8c, 0x65, 0x52, 0xff, 0x8c, 0x65, 0x52, 0xff, 0x8c, 0x65, 0x52, 0xff,
    0x8c, 0x65, 0x52, 0xff, 0x8c, 0x65, 0x52, 0xff, 0x8c, 0x65, 0x52, 0xff,
    0x8c, 0x65, 0x52, 0xff, 0x8c, 0x65, 0x52, 0xff, 0x8c, 0x65, 0x52, 0xff,
    0x8c, 0x65, 0x52, 0xff, 0x8c, 0x65, 0x52, 0xff, 0x8c, 0x65, 0x52, 0xff,
    0x8c, 0x65, 0x52, 0xff, 0x8c, 0x65, 0x52, 0xff, 0x8c, 0x65, 0x52, 0xff,
    0x8c, 0x65, 0x52, 0xff, 0x8c, 0x65, 0x52, 0xff, 0x8c, 0x65, 0x52, 0xff,
    0x8c, 0x65, 0x52, 0xff, 0x8c, 0x65, 0x52, 0xff, 0x8c, 0x65, 0x52, 0xff,
    0x8c, 0x65, 0x52, 0xff, 0x8c, 0x65, 0x52, 0xff, 0x8c, 0x65, 0x52, 0xff,
    0x8c, 0x65, 0x52, 0xff, 0x8c, 0x65, 0x52, 0xff, 0x8c, 0x65, 0x52, 0xff,
    0x8c, 0x65, 0x52, 0xff, 0x8c, 0x65, 0x52, 0xff, 0x8c, 0x65, 0x52, 0xff,
    0x8c, 0x65, 0x52, 0xff, 0x8c, 0x65, 0x52, 0xff, 0x8c, 0x65, 0x52, 0xff,
    0x8c, 0x65, 0x52, 0xff, 0x8c, 0x65, 0x52, 0xff, 0x8c, 0x65, 0x52, 0xff,
    0x8c, 0x65, 0x52, 0xff, 0x8c, 0x65, 0x52, 0xff, 0x8c, 0x65, 0x52, 0xff,
    0x8c, 0x65, 0x52, 0xff, 0x8c, 0x65, 0x52, 0xff, 0x8c, 0x65, 0x52, 0xff,
    0x8c, 0x65, 0x52, 0xff, 0x8c, 0x65, 0x52, 0xff, 0x8c, 0x65, 0x52, 0xff,
    0x8c, 0x65, 0x52, 0xff, 0x8c, 0x65, 0x52, 0xff, 0x8c, 0x65, 0x52, 0xff,
    0x8c, 0x65, 0x52, 0xff, 0x8c, 0x65, 0x52, 0xff, 0x8c, 0x65, 0x52, 0xff,
    0x8c, 0x65, 0x52, 0xff, 0x8c, 0x65, 0x52, 0xff, 0x8c, 0x65, 0x52, 0xff,
    0x8c, 0x65, 0x52, 0xff, 0x8c, 0x65, 0x52, 0xff, 0x8c, 0x65, 0x52, 0xff,
    0x8c, 0x65, 0x52, 0xff, 0x8c, 0x65, 0x52, 0xff, 0x8c, 0x65, 0x52, 0xff,
    0x8c, 0x65, 0x52, 0xff, 0x8c, 0x65, 0x52, 0xff, 0x8c, 0x65, 0x52, 0xff,
    0x8c, 0x65, 0x52, 0xff, 0x8c, 0x65, 0x52, 0xff, 0x8c, 0x65, 0x52, 0xff,
    0x8c, 0x65, 0x52, 0xff, 0x8c, 0x65, 0x52, 0xff, 0x8c, 0x65, 0x52, 0xff,
    0x8c, 0x65, 0x52, 0xff, 0x8c, 0x65, 0x52, 0xff, 0x8c, 0x65, 0x52, 0xff,
    0x8c, 0x65, 0x52, 0xff, 0x8c, 0x65, 0x52, 0xff, 0x8c, 0x65, 0x52, 0xff,
    0x8c, 0x65, 0x52, 0xff, 0x8c, 0x65, 0x52, 0xff, 0x8c, 0x65, 0x52, 0xff,
    0x8c, 0x65, 0x52, 0xff, 0x8c, 0x65, 0x52, 0xff, 0x8c, 0x65, 0x52, 0xff,
    0x8c, 0x65, 0x52, 0xff, 0x8c, 0x65, 0x52, 0xff, 0x8c, 0x65, 0x52, 0xff,
    0x8c, 0x65, 0x52, 0xff, 0x8c, 0x65, 0x52, 0xff, 0x8c, 0x65, 0x52, 0xff,
    0x8c, 0x65, 0x52, 0xff, 0x8c, 0x65, 0x52, 0xff, 0x8c, 0x65, 0x52, 0xff,
    0x8c, 0x65, 0x52, 0xff, 0x8c, 0x65, 0x52, 0xff, 0x8c, 0x65, 0x52, 0xff,
    0x8c, 0x65, 0x52, 0xff, 0x8c, 0x65, 0x52, 0xff, 0x8c, 0x65, 0x52, 0xff,
    0x8c, 0x65, 0x52, 0xff, 0x8c, 0x65, 0x52, 0xff, 0x8c, 0x65, 0x52, 0xff,
    0x8c, 0x65, 0x52, 0xff, 0x8c, 0x65, 0x52, 0xff, 0x8c, 0x65, 0x52, 0xff,
    0x8c, 0x65, 0x52, 0xff, 0x8c, 0x65, 0x52, 0xff, 0x8c, 0x65, 0x52, 0xff,
    0x8c, 0x65, 0x52, 0xff, 0x8c, 0x65, 0x52, 0xff, 0x8c, 0x65, 0x52, 0xff,
    0x8c, 0x65, 0x52, 0xff, 0x8c, 0x65, 0x52, 0xff, 0x8c, 0x65, 0x52, 0xff,
    0x8c, 0x65, 0x52, 0xff, 0x8c, 0x65, 0x52, 0xff, 0x8c, 0x65, 0x52, 0xff,
    0x8c, 0x65, 0x52, 0xff, 0x8c, 0x65, 0x52, 0xff, 0x8c, 0x65, 0x52, 0xff,
    0x8b, 0x65, 0x52, 0x94, 0x8b, 0x65, 0x51, 0x69, 0x8c, 0x65, 0x52, 0xff,
    0x8c, 0x65, 0x52, 0xff, 0x8c, 0x65, 0x52, 0xff, 0x8c, 0x65, 0x52, 0xff,
    0x8c, 0x65, 0x52, 0xff, 0x8c, 0x65, 0x52, 0xff, 0x8c, 0x65, 0x52, 0xff,
    0x8c, 0x65, 0x52, 0xff, 0x8c, 0x65, 0x52, 0xff, 0x8c, 0x65, 0x52, 0xff,
    0x8c, 0x65, 0x52, 0xff, 0x8c, 0x65, 0x52, 0xff, 0x8c, 0x65, 0x52, 0xff,
    0x8c, 0x65, 0x52, 0xff, 0x8c, 0x65, 0x52, 0xff, 0x8c, 0x65, 0x52, 0xff,
    0x8c, 0x65, 0x52, 0xff, 0x8c, 0x65, 0x52, 0xff, 0x8c, 0x65, 0x52, 0xff,
    0x8c, 0x65, 0x52, 0xff, 0x8c, 0x65, 0x52, 0xff, 0x8c, 0x65, 0x52, 0xff,
    0x8c, 0x65, 0x52, 0xff, 0x8c, 0x65, 0x52, 0xff, 0x8c, 0x65, 0x52, 0xff,
    0x8c, 0x65, 0x52, 0xff, 0x8c, 0x65, 0x52, 0xff, 0x8c, 0x65, 0x52, 0xff,
    0x8c, 0x65, 0x52, 0xff, 0x8c, 0x65, 0x52, 0xff, 0x8c, 0x65, 0x52, 0xff,
    0x8c, 0x65, 0x52, 0xff, 0x8c, 0x65, 0x52, 0xff, 0x8c, 0x65, 0x52, 0xff,
    0x8c, 0x65, 0x52, 0xff, 0x8c, 0x65, 0x52, 0xff, 0x8c, 0x65, 0x52, 0xff,
    0x8c, 0x65, 0x52, 0xff, 0x8c, 0x65, 0x52, 0xff, 0x8c, 0x65, 0x52, 0xff,
    0x8c, 0x65, 0x52, 0xff, 0x8c, 0x65, 0x52, 0xff, 0x8c, 0x65, 0x52, 0xff,
    0x8c, 0x65, 0x52, 0xff, 0x8c, 0x65, 0x52, 0xff, 0x8c, 0x65, 0x52, 0xff,
    0x8c, 0x65, 0x52, 0xff, 0x8c, 0x65, 0x52, 0xff, 0x8c, 0x65, 0x52, 0xff,
    0x8c, 0x65, 0x52, 0xff, 0x8c, 0x65, 0x52, 0xff, 0x8c, 0x65, 0x52, 0xff,
    0x8c, 0x65, 0x52, 0xff, 0x8c, 0x65, 0x52, 0xff, 0x8c, 0x65, 0x52, 0xff,
    0x8c, 0x65, 0x52, 0xff, 0x8c, 0x65, 0x52, 0xff, 0x8c, 0x65, 0x52, 0xff,
    0x8c, 0x65, 0x52, 0xff, 0x8c, 0x65, 0x52, 0xff, 0x8c, 0x65, 0x52, 0xff,
    0x8c, 0x65, 0x52, 0xff, 0x8c, 0x65, 0x52, 0xff, 0x8c, 0x65, 0x52, 0xff,
    0x8c, 0x65, 0x52, 0xff, 0x8c, 0x65, 0x52, 0xff, 0x8c, 0x65, 0x52, 0xff,
    0x8c, 0x65, 0x52, 0xff, 0x8c, 0x65, 0x52, 0xff, 0x8c, 0x65, 0x52, 0xff,
    0x8c, 0x65, 0x52, 0xff, 0x8c, 0x65, 0x52, 0xff, 0x8c, 0x65, 0x52, 0xff,
    0x8c, 0x65, 0x52, 0xff, 0x8c, 0x65, 0x52, 0xff, 0x8c, 0x65, 0x52, 0xff,
    0x8c, 0x65, 0x52, 0xff, 0x8c, 0x65, 0x52, 0xff, 0x8c, 0x65, 0x52, 0xff,
    0x8c, 0x65, 0x52, 0xff, 0x8c, 0x65, 0x52, 0xff, 0x8c, 0x65, 0x52, 0xff,
    0x8c, 0x65, 0x52, 0xff, 0x8c, 0x65, 0x52, 0xff, 0x8c, 0x65, 0x52, 0xff,
    0x8c, 0x65, 0x52, 0xff, 0x8c, 0x65, 0x52, 0xff, 0x8c, 0x65, 0x52, 0xff,
    0x8c, 0x65, 0x52, 0xff, 0x8c, 0x65, 0x52, 0xff, 0x8c, 0x65, 0x52, 0xff,
    0x8c, 0x65, 0x52, 0xff, 0x8c, 0x65, 0x52, 0xff, 0x8c, 0x65, 0x52, 0xff,
    0x8c, 0x65, 0x52, 0xff, 0x8c, 0x65, 0x52, 0xff, 0x8c, 0x65, 0x52, 0xff,
    0x8c, 0x65, 0x52, 0xff, 0x8c, 0x65, 0x52, 0xff, 0x8c, 0x65, 0x52, 0xff,
    0x8c, 0x65, 0x52, 0xff, 0x8c, 0x65, 0x52, 0xff, 0x8c, 0x65, 0x52, 0xff,
    0x8c, 0x65, 0x52, 0xff, 0x8c, 0x65, 0x52, 0xff, 0x8c, 0x65, 0x52, 0xff,
    0x8c, 0x65, 0x52, 0xff, 0x8c, 0x65, 0x52, 0xff, 0x8c, 0x65, 0x52, 0xff,
    0x8c, 0x65, 0x52, 0xff, 0x8c, 0x65, 0x52, 0xff, 0x8c, 0x65, 0x52, 0xff,
    0x8c, 0x65, 0x52, 0xff, 0x8c, 0x65, 0x52, 0xff, 0x8c, 0x65, 0x52, 0xff,
    0x8c, 0x65, 0x52, 0xff, 0x8c, 0x65, 0x52, 0xff, 0x8c, 0x65, 0x52, 0xff,
    0x8c, 0x65, 0x52, 0xff, 0x8c, 0x65, 0x52, 0xff, 0x8c, 0x65, 0x52, 0xff,
    0x8c, 0x65, 0x52, 0xff, 0x8c, 0x65, 0x52, 0xff, 0x8c, 0x65, 0x52, 0xff,
    0x8c, 0x65, 0x52, 0xff, 0x8c, 0x65, 0x52, 0xff, 0x8c, 0x65, 0x52, 0xff,
    0x8c, 0x65, 0x52, 0xff, 0x8c, 0x65, 0x52, 0xff, 0x8c, 0x65, 0x52, 0xff,
    0x8c, 0x65, 0x52, 0xff, 0x8c, 0x65, 0x52, 0xff, 0x8c, 0x65, 0x52, 0xff,
    0x8c, 0x65, 0x52, 0xff, 0x8c, 0x65, 0x52, 0xff, 0x8c, 0x65, 0x52, 0xff,
    0x8c, 0x65, 0x52, 0xff, 0x8c, 0x65, 0x52, 0xff, 0x8c, 0x65, 0x52, 0xff,
    0x8c, 0x65, 0x52, 0xff, 0x8c, 0x65, 0x52, 0xff, 0x8c, 0x65, 0x52, 0xff,
    0x8c, 0x65, 0x52, 0xff, 0x8c, 0x65, 0x52, 0xff, 0x8c, 0x65, 0x52, 0xff,
    0x8c, 0x65, 0x52, 0xff, 0x8c, 0x65, 0x52, 0xff, 0x8c, 0x65, 0x52, 0xff,
    0x8c, 0x65, 0x52, 0xff, 0x8b, 0x65, 0x52, 0x94, 0x8b, 0x65, 0x51, 0x69,
    0x8c, 0x65, 0x52, 0xff, 0x8c, 0x65, 0x52, 0xff, 0x8c, 0x65, 0x52, 0xff,
    0x8c, 0x65, 0x52, 0xff, 0x8c, 0x65, 0x52, 0xff, 0x8c, 0x65, 0x52, 0xff,
    0x8c, 0x65, 0x52, 0xff, 0x8c, 0x65, 0x52, 0xff, 0x8c, 0x65, 0x52, 0xff,
    0x8c, 0x65, 0x52, 0xff, 0x8c, 0x65, 0x52, 0xff, 0x8c, 0x65, 0x52, 0xff,
    0x8c, 0x65, 0x52, 0xff, 0x8c, 0x65, 0x52, 0xff, 0x8c, 0x65, 0x52, 0xff,
    0x8c, 0x65, 0x52, 0xff, 0x8c, 0x65, 0x52, 0xff, 0x8c, 0x65, 0x52, 0xff,
    0x8c, 0x65, 0x52, 0xff, 0x8c, 0x65, 0x52, 0xff, 0x8c, 0x65, 0x52, 0xff,
    0x8c, 0x65, 0x52, 0xff, 0x8c, 0x65, 0x52, 0xff, 0x8c, 0x65, 0x52, 0xff,
    0x8c, 0x65, 0x52, 0xff, 0x8c, 0x65, 0x52, 0xff, 0x8c, 0x65, 0x52, 0xff,
    0x8c, 0x65, 0x52, 0xff, 0x8c, 0x65, 0x52, 0xff, 0x8c, 0x65, 0x52, 0xff,
    0x8c, 0x65, 0x52, 0xff, 0x8c, 0x65, 0x52, 0xff, 0x8c, 0x65, 0x52, 0xff,
    0x8c, 0x65, 0x52, 0xff, 0x8c, 0x65, 0x52, 0xff, 0x8c, 0x65, 0x52, 0xff,
    0x8c, 0x65, 0x52, 0xff, 0x8c, 0x65, 0x52, 0xff, 0x8c, 0x65, 0x52, 0xff,
    0x8c, 0x65, 0x52, 0xff, 0x8c, 0x65, 0x52, 0xff, 0x8c, 0x65, 0x52, 0xff,
    0x8c, 0x65, 0x52, 0xff, 0x8c, 0x65, 0x52, 0xff, 0x8c, 0x65, 0x52, 0xff,
    0x8c, 0x65, 0x52, 0xff, 0x8c, 0x65, 0x52, 0xff, 0x8c, 0x65, 0x52, 0xff,
    0x8c, 0x65, 0x52, 0xff, 0x8c, 0x65, 0x52, 0xff, 0x8c, 0x65, 0x52, 0xff,
    0x8c, 0x65, 0x52, 0xff, 0x8c, 0x65, 0x52, 0xff, 0x8c, 0x65, 0x52, 0xff,
    0x8c, 0x65, 0x52, 0xff, 0x8c, 0x65, 0x52, 0xff, 0x8c, 0x65, 0x52, 0xff,
    0x8c, 0x65, 0x52, 0xff, 0x8c, 0x65, 0x52, 0xff, 0x8c, 0x65, 0x52, 0xff,
    0x8c, 0x65, 0x52, 0xff, 0x8c, 0x65, 0x52, 0xff, 0x8c, 0x65, 0x52, 0xff,
    0x8c, 0x65, 0x52, 0xff, 0x8c, 0x65, 0x52, 0xff, 0x8c, 0x65, 0x52, 0xff,
    0x8c, 0x65, 0x52, 0xff, 0x8c, 0x65, 0x52, 0xff, 0x8c, 0x65, 0x52, 0xff,
    0x8c, 0x65, 0x52, 0xff, 0x8c, 0x65, 0x52, 0xff, 0x8c, 0x65, 0x52, 0xff,
    0x8c, 0x65, 0x52, 0xff, 0x8c, 0x65, 0x52, 0xff, 0x8c, 0x65, 0x52, 0xff,
    0x8c, 0x65, 0x52, 0xff, 0x8c, 0x65, 0x52, 0xff, 0x8c, 0x65, 0x52, 0xff,
    0x8c, 0x65, 0x52, 0xff, 0x8c, 0x65, 0x52, 0xff, 0x8c, 0x65, 0x52, 0xff,
    0x8c, 0x65, 0x52, 0xff, 0x8c, 0x65, 0x52, 0xff, 0x8c, 0x65, 0x52, 0xff,
    0x8c, 0x65, 0x52, 0xff, 0x8c, 0x65, 0x52, 0xff, 0x8c, 0x65, 0x52, 0xff,
    0x8c, 0x65, 0x52, 0xff, 0x8c, 0x65, 0x52, 0xff, 0x8c, 0x65, 0x52, 0xff,
    0x8c, 0x65, 0x52, 0xff, 0x8c, 0x65, 0x52, 0xff, 0x8c, 0x65, 0x52, 0xff,
    0x8c, 0x65, 0x52, 0xff, 0x8c, 0x65, 0x52, 0xff, 0x8c, 0x65, 0x52, 0xff,
    0x8c, 0x65, 0x52, 0xff, 0x8c, 0x65, 0x52, 0xff, 0x8c, 0x65, 0x52, 0xff,
    0x8c, 0x65, 0x52, 0xff, 0x8c, 0x65, 0x52, 0xff, 0x8c, 0x65, 0x52, 0xff,
    0x8c, 0x65, 0x52, 0xff, 0x8c, 0x65, 0x52, 0xff, 0x8c, 0x65, 0x52, 0xff,
    0x8c, 0x65, 0x52, 0xff, 0x8c, 0x65, 0x52, 0xff, 0x8c, 0x65, 0x52, 0xff,
    0x8c, 0x65, 0x52, 0xff, 0x8c, 0x65, 0x52, 0xff, 0x8c, 0x65, 0x52, 0xff,
    0x8c, 0x65, 0x52, 0xff, 0x8c, 0x65, 0x52, 0xff, 0x8c, 0x65, 0x52, 0xff,
    0x8c, 0x65, 0x52, 0xff, 0x8c, 0x65, 0x52, 0xff, 0x8c, 0x65, 0x52, 0xff,
    0x8c, 0x65, 0x52, 0xff, 0x8c, 0x65, 0x52, 0xff, 0x8c, 0x65, 0x52, 0xff,
    0x8c, 0x65, 0x52, 0xff, 0x8c, 0x65, 0x52, 0xff, 0x8c, 0x65, 0x52, 0xff,
    0x8c, 0x65, 0x52, 0xff, 0x8c, 0x65, 0x52, 0xff, 0x8c, 0x65, 0x52, 0xff,
    0x8c, 0x65, 0x52, 0xff, 0x8c, 0x65, 0x52, 0xff, 0x8c, 0x65, 0x52, 0xff,
    0x8c, 0x65, 0x52, 0xff, 0x8c, 0x65, 0x52, 0xff, 0x8c, 0x65, 0x52, 0xff,
    0x8c, 0x65, 0x52, 0xff, 0x8c, 0x65, 0x52, 0xff, 0x8c, 0x65, 0x52, 0xff,
    0x8c, 0x65, 0x52, 0xff, 0x8c, 0x65, 0x52, 0xff, 0x8c, 0x65, 0x52, 0xff,
    0x8c, 0x65, 0x52, 0xff, 0x8c, 0x65, 0x52, 0xff, 0x8c, 0x65, 0x52, 0xff,
    0x8c, 0x65, 0x52, 0xff, 0x8c, 0x65, 0x52, 0xff, 0x8c, 0x65, 0x52, 0xff,
    0x8c, 0x65, 0x52, 0xff, 0x8c, 0x65, 0x52, 0xff, 0x8c, 0x65, 0x52, 0xff,
    0x8c, 0x65, 0x52, 0xff, 0x8c, 0x65, 0x52, 0xff, 0x8b, 0x65, 0x52, 0x94,
    0x8b, 0x65, 0x51, 0x69, 0x8c, 0x65, 0x52, 0xff, 0x8c, 0x65, 0x52, 0xff,
    0x8c, 0x65, 0x52, 0xff, 0x8c, 0x65, 0x52, 0xff, 0x8c, 0x65, 0x52, 0xff,
    0x8c, 0x65, 0x52, 0xff, 0x8c, 0x65, 0x52, 0xff, 0x8c, 0x65, 0x52, 0xff,
    0x8c, 0x65, 0x52, 0xff, 0x8c, 0x65, 0x52, 0xff, 0x8c, 0x65, 0x52, 0xff,
    0x8c, 0x65, 0x52, 0xff, 0x8c, 0x65, 0x52, 0xff, 0x8c, 0x65, 0x52, 0xff,
    0x8c, 0x65, 0x52, 0xff, 0x8c, 0x65, 0x52, 0xff, 0x8c, 0x65, 0x52, 0xff,
    0x8c, 0x65, 0x52, 0xff, 0x8c, 0x65, 0x52, 0xff, 0x8c, 0x65, 0x52, 0xff,
    0x8c, 0x65, 0x52, 0xff, 0x8c, 0x65, 0x52, 0xff, 0x8c, 0x65, 0x52, 0xff,
    0x8c, 0x65, 0x52, 0xff, 0x8c, 0x65, 0x52, 0xff, 0x8c, 0x65, 0x52, 0xff,
    0x8c, 0x65, 0x52, 0xff, 0x8c, 0x65, 0x52, 0xff, 0x8c, 0x65, 0x52, 0xff,
    0x8c, 0x65, 0x52, 0xff, 0x8c, 0x65, 0x52, 0xff, 0x8c, 0x65, 0x52, 0xff,
    0x8c, 0x65, 0x52, 0xff, 0x8c, 0x65, 0x52, 0xff, 0x8c, 0x65, 0x52, 0xff,
    0x8c, 0x65, 0x52, 0xff, 0x8c, 0x65, 0x52, 0xff, 0x8c, 0x65, 0x52, 0xff,
    0x8c, 0x65, 0x52, 0xff, 0x8c, 0x65, 0x52, 0xff, 0x8c, 0x65, 0x52, 0xff,
    0x8c, 0x65, 0x52, 0xff, 0x8c, 0x65, 0x52, 0xff, 0x8c, 0x65, 0x52, 0xff,
    0x8c, 0x65, 0x52, 0xff, 0x8c, 0x65, 0x52, 0xff, 0x8c, 0x65, 0x52, 0xff,
    0x8c, 0x65, 0x52, 0xff, 0x8c, 0x65, 0x52, 0xff, 0x8c, 0x65, 0x52, 0xff,
    0x8c, 0x65, 0x52, 0xff, 0x8c, 0x65, 0x52, 0xff, 0x8c, 0x65, 0x52, 0xff,
    0x8c, 0x65, 0x52, 0xff, 0x8c, 0x65, 0x52, 0xff, 0x8c, 0x65, 0x52, 0xff,
    0x8c, 0x65, 0x52, 0xff, 0x8c, 0x65, 0x52, 0xff, 0x8c, 0x65, 0x52, 0xff,
    0x8c, 0x65, 0x52, 0xff, 0x8c, 0x65, 0x52, 0xff, 0x8c, 0x65, 0x52, 0xff,
    0x8c, 0x65, 0x52, 0xff, 0x8c, 0x65, 0x52, 0xff, 0x8c, 0x65, 0x52, 0xff,
    0x8c, 0x65, 0x52, 0xff, 0x8c, 0x65, 0x52, 0xff, 0x8c, 0x65, 0x52, 0xff,
    0x8c, 0x65, 0x52, 0xff, 0x8c, 0x65, 0x52, 0xff, 0x8c, 0x65, 0x52, 0xff,
    0x8c, 0x65, 0x52, 0xff, 0x8c, 0x65, 0x52, 0xff, 0x8c, 0x65, 0x52, 0xff,
    0x8c, 0x65, 0x52, 0xff, 0x8c, 0x65, 0x52, 0xff, 0x8c, 0x65, 0x52, 0xff,
    0x8c, 0x65, 0x52, 0xff, 0x8c, 0x65, 0x52, 0xff, 0x8c, 0x65, 0x52, 0xff,
    0x8c, 0x65, 0x52, 0xff, 0x8c, 0x65, 0x52, 0xff, 0x8c, 0x65, 0x52, 0xff,
    0x8c, 0x65, 0x52, 0xff, 0x8c, 0x65, 0x52, 0xff, 0x8c, 0x65, 0x52, 0xff,
    0x8c, 0x65, 0x52, 0xff, 0x8c, 0x65, 0x52, 0xff, 0x8c, 0x65, 0x52, 0xff,
    0x8c, 0x65, 0x52, 0xff, 0x8c, 0x65, 0x52, 0xff, 0x8c, 0x65, 0x52, 0xff,
    0x8c, 0x65, 0x52, 0xff, 0x8c, 0x65, 0x52, 0xff, 0x8c, 0x65, 0x52, 0xff,
    0x8c, 0x65, 0x52, 0xff, 0x8c, 0x65, 0x52, 0xff, 0x8c, 0x65, 0x52, 0xff,
    0x8c, 0x65, 0x52, 0xff, 0x8c, 0x65, 0x52, 0xff, 0x8c, 0x65, 0x52, 0xff,
    0x8c, 0x65, 0x52, 0xff, 0x8c, 0x65, 0x52, 0xff, 0x8c, 0x65, 0x52, 0xff,
    0x8c, 0x65, 0x52, 0xff, 0x8c, 0x65, 0x52, 0xff, 0x8c, 0x65, 0x52, 0xff,
    0x8c, 0x65, 0x52, 0xff, 0x8c, 0x65, 0x52, 0xff, 0x8c, 0x65, 0x52, 0xff,
    0x8c, 0x65, 0x52, 0xff, 0x8c, 0x65, 0x52, 0xff, 0x8c, 0x65, 0x52, 0xff,
    0x8c, 0x65, 0x52, 0xff, 0x8c, 0x65, 0x52, 0xff, 0x8c, 0x65, 0x52, 0xff,
    0x8c, 0x65, 0x52, 0xff, 0x8c, 0x65, 0x52, 0xff, 0x8c, 0x65, 0x52, 0xff,
    0x8c, 0x65, 0x52, 0xff, 0x8c, 0x65, 0x52, 0xff, 0x8c, 0x65, 0x52, 0xff,
    0x8c, 0x65, 0x52, 0xff, 0x8c, 0x65, 0x52, 0xff, 0x8c, 0x65, 0x52, 0xff,
    0x8c, 0x65, 0x52, 0xff, 0x8c, 0x65, 0x52, 0xff, 0x8c, 0x65, 0x52, 0xff,
    0x8c, 0x65, 0x52, 0xff, 0x8c, 0x65, 0x52, 0xff, 0x8c, 0x65, 0x52, 0xff,
    0x8c, 0x65, 0x52, 0xff, 0x8c, 0x65, 0x52, 0xff, 0x8c, 0x65, 0x52, 0xff,
    0x8c, 0x65, 0x52, 0xff, 0x8c, 0x65, 0x52, 0xff, 0x8c, 0x65, 0x52, 0xff,
    0x8c, 0x65, 0x52, 0xff, 0x8c, 0x65, 0x52, 0xff, 0x8c, 0x65, 0x52, 0xff,
    0x8c, 0x65, 0x52, 0xff, 0x8c, 0x65, 0x52, 0xff, 0x8c, 0x65, 0x52, 0xff,
    0x8c, 0x65, 0x52, 0xff, 0x8c, 0x65, 0x52, 0xff, 0x8c, 0x65, 0x52, 0xff,
    0x8c, 0x65, 0x52, 0xff, 0x8c, 0x65, 0x52, 0xff, 0x8c, 0x65, 0x52, 0xff,
    0x8b, 0x65, 0x52, 0x94, 0x8b, 0x65, 0x51, 0x69, 0x8c, 0x65, 0x52, 0xff,
    0x8c, 0x65, 0x52, 0xff, 0x8c, 0x65, 0x52, 0xff, 0x8c, 0x65, 0x52, 0xff,
    0x8c, 0x65, 0x52, 0xff, 0x8c, 0x65, 0x52, 0xff, 0x8c, 0x65, 0x52, 0xff,
    0x8c, 0x65, 0x52, 0xff, 0x8c, 0x65, 0x52, 0xff, 0x8c, 0x65, 0x52, 0xff,
    0x8c, 0x65, 0x52, 0xff, 0x8c, 0x65, 0x52, 0xff, 0x8c, 0x65, 0x52, 0xff,
    0x8c, 0x65, 0x52, 0xff, 0x8c, 0x65, 0x52, 0xff, 0x8c, 0x65, 0x52, 0xff,
    0x8c, 0x65, 0x52, 0xff, 0x8c, 0x65, 0x52, 0xff, 0x8c, 0x65, 0x52, 0xff,
    0x8c, 0x65, 0x52, 0xff, 0x8c, 0x65, 0x52, 0xff, 0x8c, 0x65, 0x52, 0xff,
    0x8c, 0x65, 0x52, 0xff, 0x8c, 0x65, 0x52, 0xff, 0x8c, 0x65, 0x52, 0xff,
    0x8c, 0x65, 0x52, 0xff, 0x8c, 0x65, 0x52, 0xff, 0x8c, 0x65, 0x52, 0xff,
    0x8c, 0x65, 0x52, 0xff, 0x8c, 0x65, 0x52, 0xff, 0x8c, 0x65, 0x52, 0xff,
    0x8c, 0x65, 0x52, 0xff, 0x8c, 0x65, 0x52, 0xff, 0x8c, 0x65, 0x52, 0xff,
    0x8c, 0x65, 0x52, 0xff, 0x8c, 0x65, 0x52, 0xff, 0x8c, 0x65, 0x52, 0xff,
    0x8c, 0x65, 0x52, 0xff, 0x8c, 0x65, 0x52, 0xff, 0x8c, 0x65, 0x52, 0xff,
    0x8c, 0x65, 0x52, 0xff, 0x8c, 0x65, 0x52, 0xff, 0x8c, 0x65, 0x52, 0xff,
    0x8c, 0x65, 0x52, 0xff, 0x8c, 0x65, 0x52, 0xff, 0x8c, 0x65, 0x52, 0xff,
    0x8c, 0x65, 0x52, 0xff, 0x8c, 0x65, 0x52, 0xff, 0x8c, 0x65, 0x52, 0xff,
    0x8c, 0x65, 0x52, 0xff, 0x8c, 0x65, 0x52, 0xff, 0x8c, 0x65, 0x52, 0xff,
    0x8c, 0x65, 0x52, 0xff, 0x8c, 0x65, 0x52, 0xff, 0x8c, 0x65, 0x52, 0xff,
    0x8c, 0x65, 0x52, 0xff, 0x8c, 0x65, 0x52, 0xff, 0x8c, 0x65, 0x52, 0xff,
    0x8c, 0x65, 0x52, 0xff, 0x8c, 0x65, 0x52, 0xff, 0x8c, 0x65, 0x52, 0xff,
    0x8c, 0x65, 0x52, 0xff, 0x8c, 0x65, 0x52, 0xff, 0x8c, 0x65, 0x52, 0xff,
    0x8c, 0x65, 0x52, 0xff, 0x8c, 0x65, 0x52, 0xff, 0x8c, 0x65, 0x52, 0xff,
    0x8c, 0x65, 0x52, 0xff, 0x8c, 0x65, 0x52, 0xff, 0x8c, 0x65, 0x52, 0xff,
    0x8c, 0x65, 0x52, 0xff, 0x8c, 0x65, 0x52, 0xff, 0x8c, 0x65, 0x52, 0xff,
    0x8c, 0x65, 0x52, 0xff, 0x8c, 0x65, 0x52, 0xff, 0x8c, 0x65, 0x52, 0xff,
    0x8c, 0x65, 0x52, 0xff, 0x8c, 0x65, 0x52, 0xff, 0x8c, 0x65, 0x52, 0xff,
    0x8c, 0x65, 0x52, 0xff, 0x8c, 0x65, 0x52, 0xff, 0x8c, 0x65, 0x52, 0xff,
    0x8c, 0x65, 0x52, 0xff, 0x8c, 0x65, 0x52, 0xff, 0x8c, 0x65, 0x52, 0xff,
    0x8c, 0x65, 0x52, 0xff, 0x8c, 0x65, 0x52, 0xff, 0x8c, 0x65, 0x52, 0xff,
    0x8c, 0x65, 0x52, 0xff, 0x8c, 0x65, 0x52, 0xff, 0x8c, 0x65, 0x52, 0xff,
    0x8c, 0x65, 0x52, 0xff, 0x8c, 0x65, 0x52, 0xff, 0x8c, 0x65, 0x52, 0xff,
    0x8c, 0x65, 0x52, 0xff, 0x8c, 0x65, 0x52, 0xff, 0x8c, 0x65, 0x52, 0xff,
    0x8c, 0x65, 0x52, 0xff, 0x8c, 0x65, 0x52, 0xff, 0x8c, 0x65, 0x52, 0xff,
    0x8c, 0x65, 0x52, 0xff, 0x8c, 0x65, 0x52, 0xff, 0x8c, 0x65, 0x52, 0xff,
    0x8c, 0x65, 0x52, 0xff, 0x8c, 0x65, 0x52, 0xff, 0x8c, 0x65, 0x52, 0xff,
    0x8c, 0x65, 0x52, 0xff, 0x8c, 0x65, 0x52, 0xff, 0x8c, 0x65, 0x52, 0xff,
    0x8c, 0x65, 0x52, 0xff, 0x8c, 0x65, 0x52, 0xff, 0x8c, 0x65, 0x52, 0xff,
    0x8c, 0x65, 0x52, 0xff, 0x8c, 0x65, 0x52, 0xff, 0x8c, 0x65, 0x52, 0xff,
    0x8c, 0x65, 0x52, 0xff, 0x8c, 0x65, 0x52, 0xff, 0x8c, 0x65, 0x52, 0xff,
    0x8c, 0x65, 0x52, 0xff, 0x8c, 0x65, 0x52, 0xff, 0x8c, 0x65, 0x52, 0xff,
    0x8c, 0x65, 0x52, 0xff, 0x8c, 0x65, 0x52, 0xff, 0x8c, 0x65, 0x52, 0xff,
    0x8c, 0x65, 0x52, 0xff, 0x8c, 0x65, 0x52, 0xff, 0x8c, 0x65, 0x52, 0xff,
    0x8c, 0x65, 0x52, 0xff, 0x8c, 0x65, 0x52, 0xff, 0x8c, 0x65, 0x52, 0xff,
    0x8c, 0x65, 0x52, 0xff, 0x8c, 0x65, 0x52, 0xff, 0x8c, 0x65, 0x52, 0xff,
    0x8c, 0x65, 0x52, 0xff, 0x8c, 0x65, 0x52, 0xff, 0x8c, 0x65, 0x52, 0xff,
    0x8c, 0x65, 0x52, 0xff, 0x8c, 0x65, 0x52, 0xff, 0x8c, 0x65, 0x52, 0xff,
    0x8c, 0x65, 0x52, 0xff, 0x8c, 0x65, 0x52, 0xff, 0x8c, 0x65, 0x52, 0xff,
    0x8c, 0x65, 0x52, 0xff, 0x8c, 0x65, 0x52, 0xff, 0x8c, 0x65, 0x52, 0xff,
    0x8c, 0x65, 0x52, 0xff, 0x8c, 0x65, 0x52, 0xff, 0x8c, 0x65, 0x52, 0xff,
    0x8c, 0x65, 0x52, 0xff, 0x8b, 0x65, 0x52, 0x94, 0x8b, 0x65, 0x51, 0x69,
    0x8c, 0x65, 0x52, 0xff, 0x8c, 0x65, 0x52, 0xff, 0x8c, 0x65, 0x52, 0xff,
    0x8c, 0x65, 0x52, 0xff, 0x8c, 0x65, 0x52, 0xff, 0x8c, 0x65, 0x52, 0xff,
    0x8c, 0x65, 0x52, 0xff, 0x8c, 0x65, 0x52, 0xff, 0x8c, 0x65, 0x52, 0xff,
    0x8c, 0x65, 0x52, 0xff, 0x8c, 0x65, 0x52, 0xff, 0x8c, 0x65, 0x52, 0xff,
    0x8c, 0x65, 0x52, 0xff, 0x8c, 0x65, 0x52, 0xff, 0x8c, 0x65, 0x52, 0xff,
    0x8c, 0x65, 0x52, 0xff, 0x8c, 0x65, 0x52, 0xff, 0x8c, 0x65, 0x52, 0xff,
    0x8c, 0x65, 0x52, 0xff, 0x8c, 0x65, 0x52, 0xff, 0x8c, 0x65, 0x52, 0xff,
    0x8c, 0x65, 0x52, 0xff, 0x8c, 0x65, 0x52, 0xff, 0x8c, 0x65, 0x52, 0xff,
    0x8c, 0x65, 0x52, 0xff, 0x8c, 0x65, 0x52, 0xff, 0x8c, 0x65, 0x52, 0xff,
    0x8c, 0x65, 0x52, 0xff, 0x8c, 0x65, 0x52, 0xff, 0x8c, 0x65, 0x52, 0xff,
    0x8c, 0x65, 0x52, 0xff, 0x8c, 0x65, 0x52, 0xff, 0x8c, 0x65, 0x52, 0xff,
    0x8c, 0x65, 0x52, 0xff, 0x8c, 0x65, 0x52, 0xff, 0x8c, 0x65, 0x52, 0xff,
    0x8c, 0x65, 0x52, 0xff, 0x8c, 0x65, 0x52, 0xff, 0x8c, 0x65, 0x52, 0xff,
    0x8c, 0x65, 0x52, 0xff, 0x8c, 0x65, 0x52, 0xff, 0x8c, 0x65, 0x52, 0xff,
    0x8c, 0x65, 0x52, 0xff, 0x8c, 0x65, 0x52, 0xff, 0x8c, 0x65, 0x52, 0xff,
    0x8c, 0x65, 0x52, 0xff, 0x8c, 0x65, 0x52, 0xff, 0x8c, 0x65, 0x52, 0xff,
    0x8c, 0x65, 0x52, 0xff, 0x8c, 0x65, 0x52, 0xff, 0x8c, 0x65, 0x52, 0xff,
    0x8c, 0x65, 0x52, 0xff, 0x8c, 0x65, 0x52, 0xff, 0x8c, 0x65, 0x52, 0xff,
    0x8c, 0x65, 0x52, 0xff, 0x8c, 0x65, 0x52, 0xff, 0x8c, 0x65, 0x52, 0xff,
    0x8c, 0x65, 0x52, 0xff, 0x8c, 0x65, 0x52, 0xff, 0x8c, 0x65, 0x52, 0xff,
    0x8c, 0x65, 0x52, 0xff, 0x8c, 0x65, 0x52, 0xff, 0x8c, 0x65, 0x52, 0xff,
    0x8c, 0x65, 0x52, 0xff, 0x8c, 0x65, 0x52, 0xff, 0x8c, 0x65, 0x52, 0xff,
    0x8c, 0x65, 0x52, 0xff, 0x8c, 0x65, 0x52, 0xff, 0x8c, 0x65, 0x52, 0xff,
    0x8c, 0x65, 0x52, 0xff, 0x8c, 0x65, 0x52, 0xff, 0x8c, 0x65, 0x52, 0xff,
    0x8c, 0x65, 0x52, 0xff, 0x8c, 0x65, 0x52, 0xff, 0x8c, 0x65, 0x52, 0xff,
    0x8c, 0x65, 0x52, 0xff, 0x8c, 0x65, 0x52, 0xff, 0x8c, 0x65, 0x52, 0xff,
    0x8c, 0x65, 0x52, 0xff, 0x8c, 0x65, 0x52, 0xff, 0x8c, 0x65, 0x52, 0xff,
    0x8c, 0x65, 0x52, 0xff, 0x8c, 0x65, 0x52, 0xff, 0x8c, 0x65, 0x52, 0xff,
    0x8c, 0x65, 0x52, 0xff, 0x8c, 0x65, 0x52, 0xff, 0x8c, 0x65, 0x52, 0xff,
    0x8c, 0x65, 0x52, 0xff, 0x8c, 0x65, 0x52, 0xff, 0x8c, 0x65, 0x52, 0xff,
    0x8c, 0x65, 0x52, 0xff, 0x8c, 0x65, 0x52, 0xff, 0x8c, 0x65, 0x52, 0xff,
    0x8c, 0x65, 0x52, 0xff, 0x8c, 0x65, 0x52, 0xff, 0x8c, 0x65, 0x52, 0xff,
    0x8c, 0x65, 0x52, 0xff, 0x8c, 0x65, 0x52, 0xff, 0x8c, 0x65, 0x52, 0xff,
    0x8c, 0x65, 0x52, 0xff, 0x8c, 0x65, 0x52, 0xff, 0x8c, 0x65, 0x52, 0xff,
    0x8c, 0x65, 0x52, 0xff, 0x8c, 0x65, 0x52, 0xff, 0x8c, 0x65, 0x52, 0xff,
    0x8c, 0x65, 0x52, 0xff, 0x8c, 0x65, 0x52, 0xff, 0x8c, 0x65, 0x52, 0xff,
    0x8c, 0x65, 0x52, 0xff, 0x8c, 0x65, 0x52, 0xff, 0x8c, 0x65, 0x52, 0xff,
    0x8c, 0x65, 0x52, 0xff, 0x8c, 0x65, 0x52, 0xff, 0x8c, 0x65, 0x52, 0xff,
    0x8c, 0x65, 0x52, 0xff, 0x8c, 0x65, 0x52, 0xff, 0x8c, 0x65, 0x52, 0xff,
    0x8c, 0x65, 0x52, 0xff, 0x8c, 0x65, 0x52, 0xff, 0x8c, 0x65, 0x52, 0xff,
    0x8c, 0x65, 0x52, 0xff, 0x8c, 0x65, 0x52, 0xff, 0x8c, 0x65, 0x52, 0xff,
    0x8c, 0x65, 0x52, 0xff, 0x8c, 0x65, 0x52, 0xff, 0x8c, 0x65, 0x52, 0xff,
    0x8c, 0x65, 0x52, 0xff, 0x8c, 0x65, 0x52, 0xff, 0x8c, 0x65, 0x52, 0xff,
    0x8c, 0x65, 0x52, 0xff, 0x8c, 0x65, 0x52, 0xff, 0x8c, 0x65, 0x52, 0xff,
    0x8c, 0x65, 0x52, 0xff, 0x8c, 0x65, 0x52, 0xff, 0x8c, 0x65, 0x52, 0xff,
    0x8c, 0x65, 0x52, 0xff, 0x8c, 0x65, 0x52, 0xff, 0x8c, 0x65, 0x52, 0xff,
    0x8c, 0x65, 0x52, 0xff, 0x8c, 0x65, 0x52, 0xff, 0x8c, 0x65, 0x52, 0xff,
    0x8c, 0x65, 0x52, 0xff, 0x8c, 0x65, 0x52, 0xff, 0x8c, 0x65, 0x52, 0xff,
    0x8c, 0x65, 0x52, 0xff, 0x8c, 0x65, 0x52, 0xff, 0x8c, 0x65, 0x52, 0xff,
    0x8c, 0x65, 0x52, 0xff, 0x8c, 0x65, 0x52, 0xff, 0x8b, 0x65, 0x52, 0x94,
    0x8b, 0x65, 0x51, 0x69, 0x8c, 0x65, 0x52, 0xff, 0x8c, 0x65, 0x52, 0xff,
    0x8c, 0x65, 0x52, 0xff, 0x8c, 0x65, 0x52, 0xff, 0x8c, 0x65, 0x52, 0xff,
    0x8c, 0x65, 0x52, 0xff, 0x8c, 0x65, 0x52, 0xff, 0x8c, 0x65, 0x52, 0xff,
    0x8c, 0x65, 0x52, 0xff, 0x8c, 0x65, 0x52, 0xff, 0x8c, 0x65, 0x52, 0xff,
    0x8c, 0x65, 0x52, 0xff, 0x8c, 0x65, 0x52, 0xff, 0x8c, 0x65, 0x52, 0xff,
    0x8c, 0x65, 0x52, 0xff, 0x8c, 0x65, 0x52, 0xff, 0x8c, 0x65, 0x52, 0xff,
    0x8c, 0x65, 0x52, 0xff, 0x8c, 0x65, 0x52, 0xff, 0x8c, 0x65, 0x52, 0xff,
    0x8c, 0x65, 0x52, 0xff, 0x8c, 0x65, 0x52, 0xff, 0x8c, 0x65, 0x52, 0xff,
    0x8c, 0x65, 0x52, 0xff, 0x8c, 0x65, 0x52, 0xff, 0x8c, 0x65, 0x52, 0xff,
    0x8c, 0x65, 0x52, 0xff, 0x8c, 0x65, 0x52, 0xff, 0x8c, 0x65, 0x52, 0xff,
    0x8c, 0x65, 0x52, 0xff, 0x8c, 0x65, 0x52, 0xff, 0x8c, 0x65, 0x52, 0xff,
    0x8c, 0x65, 0x52, 0xff, 0x8c, 0x65, 0x52, 0xff, 0x8c, 0x65, 0x52, 0xff,
    0x8c, 0x65, 0x52, 0xff, 0x8c, 0x65, 0x52, 0xff, 0x8c, 0x65, 0x52, 0xff,
    0x8c, 0x65, 0x52, 0xff, 0x8c, 0x65, 0x52, 0xff, 0x8c, 0x65, 0x52, 0xff,
    0x8c, 0x65, 0x52, 0xff, 0x8c, 0x65, 0x52, 0xff, 0x8c, 0x65, 0x52, 0xff,
    0x8c, 0x65, 0x52, 0xff, 0x8c, 0x65, 0x52, 0xff, 0x8c, 0x65, 0x52, 0xff,
    0x8c, 0x65, 0x52, 0xff, 0x8c, 0x65, 0x52, 0xff, 0x8c, 0x65, 0x52, 0xff,
    0x8c, 0x65, 0x52, 0xff, 0x8c, 0x65, 0x52, 0xff, 0x8c, 0x65, 0x52, 0xff,
    0x8c, 0x65, 0x52, 0xff, 0x8c, 0x65, 0x52, 0xff, 0x8c, 0x65, 0x52, 0xff,
    0x8c, 0x65, 0x52, 0xff, 0x8c, 0x65, 0x52, 0xff, 0x8c, 0x65, 0x52, 0xff,
    0x8c, 0x65, 0x52, 0xff, 0x8c, 0x65, 0x52, 0xff, 0x8c, 0x65, 0x52, 0xff,
    0x8c, 0x65, 0x52, 0xff, 0x8c, 0x65, 0x52, 0xff, 0x8c, 0x65, 0x52, 0xff,
    0x8c, 0x65, 0x52, 0xff, 0x8c, 0x65, 0x52, 0xff, 0x8c, 0x65, 0x52, 0xff,
    0x8c, 0x65, 0x52, 0xff, 0x8c, 0x65, 0x52, 0xff, 0x8c, 0x65, 0x52, 0xff,
    0x8c, 0x65, 0x52, 0xff, 0x8c, 0x65, 0x52, 0xff, 0x8c, 0x65, 0x52, 0xff,
    0x8c, 0x65, 0x52, 0xff, 0x8c, 0x65, 0x52, 0xff, 0x8c, 0x65, 0x52, 0xff,
    0x8c, 0x65, 0x52, 0xff, 0x8c, 0x65, 0x52, 0xff, 0x8c, 0x65, 0x52, 0xff,
    0x8c, 0x65, 0x52, 0xff, 0x8c, 0x65, 0x52, 0xff, 0x8c, 0x65, 0x52, 0xff,
    0x8c, 0x65, 0x52, 0xff, 0x8c, 0x65, 0x52, 0xff, 0x8c, 0x65, 0x52, 0xff,
    0x8c, 0x65, 0x52, 0xff, 0x8c, 0x65, 0x52, 0xff, 0x8c, 0x65, 0x52, 0xff,
    0x8c, 0x65, 0x52, 0xff, 0x8c, 0x65, 0x52, 0xff, 0x8c, 0x65, 0x52, 0xff,
    0x8c, 0x65, 0x52, 0xff, 0x8c, 0x65, 0x52, 0xff, 0x8c, 0x65, 0x52, 0xff,
    0x8c, 0x65, 0x52, 0xff, 0x8c, 0x65, 0x52, 0xff, 0x8c, 0x65, 0x52, 0xff,
    0x8c, 0x65, 0x52, 0xff, 0x8c, 0x65, 0x52, 0xff, 0x8c, 0x65, 0x52, 0xff,
    0x8c, 0x65, 0x52, 0xff, 0x8c, 0x65, 0x52, 0xff, 0x8c, 0x65, 0x52, 0xff,
    0x8c, 0x65, 0x52, 0xff, 0x8c, 0x65, 0x52, 0xff, 0x8c, 0x65, 0x52, 0xff,
    0x8c, 0x65, 0x52, 0xff, 0x8c, 0x65, 0x52, 0xff, 0x8c, 0x65, 0x52, 0xff,
    0x8c, 0x65, 0x52, 0xff, 0x8c, 0x65, 0x52, 0xff, 0x8c, 0x65, 0x52, 0xff,
    0x8c, 0x65, 0x52, 0xff, 0x8c, 0x65, 0x52, 0xff, 0x8c, 0x65, 0x52, 0xff,
    0x8c, 0x65, 0x52, 0xff, 0x8c, 0x65, 0x52, 0xff, 0x8c, 0x65, 0x52, 0xff,
    0x8c, 0x65, 0x52, 0xff, 0x8c, 0x65, 0x52, 0xff, 0x8c, 0x65, 0x52, 0xff,
    0x8c, 0x65, 0x52, 0xff, 0x8c, 0x65, 0x52, 0xff, 0x8c, 0x65, 0x52, 0xff,
    0x8c, 0x65, 0x52, 0xff, 0x8c, 0x65, 0x52, 0xff, 0x8c, 0x65, 0x52, 0xff,
    0x8c, 0x65, 0x52, 0xff, 0x8c, 0x65, 0x52, 0xff, 0x8c, 0x65, 0x52, 0xff,
    0x8c, 0x65, 0x52, 0xff, 0x8c, 0x65, 0x52, 0xff, 0x8c, 0x65, 0x52, 0xff,
    0x8c, 0x65, 0x52, 0xff, 0x8c, 0x65, 0x52, 0xff, 0x8c, 0x65, 0x52, 0xff,
    0x8c, 0x65, 0x52, 0xff, 0x8c, 0x65, 0x52, 0xff, 0x8c, 0x65, 0x52, 0xff,
    0x8c, 0x65, 0x52, 0xff, 0x8c, 0x65, 0x52, 0xff, 0x8c, 0x65, 0x52, 0xff,
    0x8c, 0x65, 0x52, 0xff, 0x8c, 0x65, 0x52, 0xff, 0x8c, 0x65, 0x52, 0xff,
    0x8c, 0x65, 0x52, 0xff, 0x8c, 0x65, 0x52, 0xff, 0x8c, 0x65, 0x52, 0xff,
    0x8b, 0x65, 0x52, 0x94, 0x8b, 0x65, 0x51, 0x69, 0x8c, 0x65, 0x52, 0xff,
    0x8c, 0x65, 0x52, 0xff, 0x8c, 0x65, 0x52, 0xff, 0x8c, 0x65, 0x52, 0xff,
    0x8c, 0x65, 0x52, 0xff, 0x8c, 0x65, 0x52, 0xff, 0x8c, 0x65, 0x52, 0xff,
    0x8c, 0x65, 0x52, 0xff, 0x8c, 0x65, 0x52, 0xff, 0x8c, 0x65, 0x52, 0xff,
    0x8c, 0x65, 0x52, 0xff, 0x8c, 0x65, 0x52, 0xff, 0x8c, 0x65, 0x52, 0xff,
    0x8c, 0x65, 0x52, 0xff, 0x8c, 0x65, 0x52, 0xff, 0x8c, 0x65, 0x52, 0xff,
    0x8c, 0x65, 0x52, 0xff, 0x8c, 0x65, 0x52, 0xff, 0x8c, 0x65, 0x52, 0xff,
    0x8c, 0x65, 0x52, 0xff, 0x8c, 0x65, 0x52, 0xff, 0x8c, 0x65, 0x52, 0xff,
    0x8c, 0x65, 0x52, 0xff, 0x8c, 0x65, 0x52, 0xff, 0x8c, 0x65, 0x52, 0xff,
    0x8c, 0x65, 0x52, 0xff, 0x8c, 0x65, 0x52, 0xff, 0x8c, 0x65, 0x52, 0xff,
    0x8c, 0x65, 0x52, 0xff, 0x8c, 0x65, 0x52, 0xff, 0x8c, 0x65, 0x52, 0xff,
    0x8c, 0x65, 0x52, 0xff, 0x8c, 0x65, 0x52, 0xff, 0x8c, 0x65, 0x52, 0xff,
    0x8c, 0x65, 0x52, 0xff, 0x8c, 0x65, 0x52, 0xff, 0x8c, 0x65, 0x52, 0xff,
    0x8c, 0x65, 0x52, 0xff, 0x8c, 0x65, 0x52, 0xff, 0x8c, 0x65, 0x52, 0xff,
    0x8c, 0x65, 0x52, 0xff, 0x8c, 0x65, 0x52, 0xff, 0x8c, 0x65, 0x52, 0xff,
    0x8c, 0x65, 0x52, 0xff, 0x8c, 0x65, 0x52, 0xff, 0x8c, 0x65, 0x52, 0xff,
    0x8c, 0x65, 0x52, 0xff, 0x8c, 0x65, 0x52, 0xff, 0x8c, 0x65, 0x52, 0xff,
    0x8c, 0x65, 0x52, 0xff, 0x8c, 0x65, 0x52, 0xff, 0x8c, 0x65, 0x52, 0xff,
    0x8c, 0x65, 0x52, 0xff, 0x8c, 0x65, 0x52, 0xff, 0x8c, 0x65, 0x52, 0xff,
    0x8c, 0x65, 0x52, 0xff, 0x8c, 0x65, 0x52, 0xff, 0x8c, 0x65, 0x52, 0xff,
    0x8c, 0x65, 0x52, 0xff, 0x8c, 0x65, 0x52, 0xff, 0x8c, 0x65, 0x52, 0xff,
    0x8c, 0x65, 0x52, 0xff, 0x8c, 0x65, 0x52, 0xff, 0x8c, 0x65, 0x52, 0xff,
    0x8c, 0x65, 0x52, 0xff, 0x8c, 0x65, 0x52, 0xff, 0x8c, 0x65, 0x52, 0xff,
    0x8c, 0x65, 0x52, 0xff, 0x8c, 0x65, 0x52, 0xff, 0x8c, 0x65, 0x52, 0xff,
    0x8c, 0x65, 0x52, 0xff, 0x8c, 0x65, 0x52, 0xff, 0x8c, 0x65, 0x52, 0xff,
    0x8c, 0x65, 0x52, 0xff, 0x8c, 0x65, 0x52, 0xff, 0x8c, 0x65, 0x52, 0xff,
    0x8c, 0x65, 0x52, 0xff, 0x8c, 0x65, 0x52, 0xff, 0x8c, 0x65, 0x52, 0xff,
    0x8c, 0x65, 0x52, 0xff, 0x8c, 0x65, 0x52, 0xff, 0x8c, 0x65, 0x52, 0xff,
    0x8c, 0x65, 0x52, 0xff, 0x8c, 0x65, 0x52, 0xff, 0x8c, 0x65, 0x52, 0xff,
    0x8c, 0x65, 0x52, 0xff, 0x8c, 0x65, 0x52, 0xff, 0x8c, 0x65, 0x52, 0xff,
    0x8c, 0x65, 0x52, 0xff, 0x8c, 0x65, 0x52, 0xff, 0x8c, 0x65, 0x52, 0xff,
    0x8c, 0x65, 0x52, 0xff, 0x8c, 0x65, 0x52, 0xff, 0x8c, 0x65, 0x52, 0xff,
    0x8c, 0x65, 0x52, 0xff, 0x8c, 0x65, 0x52, 0xff, 0x8c, 0x65, 0x52, 0xff,
    0x8c, 0x65, 0x52, 0xff, 0x8c, 0x65, 0x52, 0xff, 0x8c, 0x65, 0x52, 0xff,
    0x8c, 0x65, 0x52, 0xff, 0x8c, 0x65, 0x52, 0xff, 0x8c, 0x65, 0x52, 0xff,
    0x8c, 0x65, 0x52, 0xff, 0x8c, 0x65, 0x52, 0xff, 0x8c, 0x65, 0x52, 0xff,
    0x8c, 0x65, 0x52, 0xff, 0x8c, 0x65, 0x52, 0xff, 0x8c, 0x65, 0x52, 0xff,
    0x8c, 0x65, 0x52, 0xff, 0x8c, 0x65, 0x52, 0xff, 0x8c, 0x65, 0x52, 0xff,
    0x8c, 0x65, 0x52, 0xff, 0x8c, 0x65, 0x52, 0xff, 0x8c, 0x65, 0x52, 0xff,
    0x8c, 0x65, 0x52, 0xff, 0x8c, 0x65, 0x52, 0xff, 0x8c, 0x65, 0x52, 0xff,
    0x8c, 0x65, 0x52, 0xff, 0x8c, 0x65, 0x52, 0xff, 0x8c, 0x65, 0x52, 0xff,
    0x8c, 0x65, 0x52, 0xff, 0x8c, 0x65, 0x52, 0xff, 0x8c, 0x65, 0x52, 0xff,
    0x8c, 0x65, 0x52, 0xff, 0x8c, 0x65, 0x52, 0xff, 0x8c, 0x65, 0x52, 0xff,
    0x8c, 0x65, 0x52, 0xff, 0x8c, 0x65, 0x52, 0xff, 0x8c, 0x65, 0x52, 0xff,
    0x8c, 0x65, 0x52, 0xff, 0x8c, 0x65, 0x52, 0xff, 0x8c, 0x65, 0x52, 0xff,
    0x8c, 0x65, 0x52, 0xff, 0x8c, 0x65, 0x52, 0xff, 0x8c, 0x65, 0x52, 0xff,
    0x8c, 0x65, 0x52, 0xff, 0x8c, 0x65, 0x52, 0xff, 0x8c, 0x65, 0x52, 0xff,
    0x8c, 0x65, 0x52, 0xff, 0x8c, 0x65, 0x52, 0xff, 0x8c, 0x65, 0x52, 0xff,
    0x8c, 0x65, 0x52, 0xff, 0x8c, 0x65, 0x52, 0xff, 0x8c, 0x65, 0x52, 0xff,
    0x8c, 0x65, 0x52, 0xff, 0x8c, 0x65, 0x52, 0xff, 0x8c, 0x65, 0x52, 0xff,
    0x8c, 0x65, 0x52, 0xff, 0x8b, 0x65, 0x52, 0x94, 0x8b, 0x65, 0x51, 0x69,
    0x8c, 0x65, 0x52, 0xff, 0x8c, 0x65, 0x52, 0xff, 0x8c, 0x65, 0x52, 0xff,
    0x8c, 0x65, 0x52, 0xff, 0x8c, 0x65, 0x52, 0xff, 0x8c, 0x65, 0x52, 0xff,
    0x8c, 0x65, 0x52, 0xff, 0x8c, 0x65, 0x52, 0xff, 0x8c, 0x65, 0x52, 0xff,
    0x8c, 0x65, 0x52, 0xff, 0x8c, 0x65, 0x52, 0xff, 0x8c, 0x65, 0x52, 0xff,
    0x8c, 0x65, 0x52, 0xff, 0x8c, 0x65, 0x52, 0xff, 0x8c, 0x65, 0x52, 0xff,
    0x8c, 0x65, 0x52, 0xff, 0x8c, 0x65, 0x52, 0xff, 0x8c, 0x65, 0x52, 0xff,
    0x8c, 0x65, 0x52, 0xff, 0x8c, 0x65, 0x52, 0xff, 0x8c, 0x65, 0x52, 0xff,
    0x8c, 0x65, 0x52, 0xff, 0x8c, 0x65, 0x52, 0xff, 0x8c, 0x65, 0x52, 0xff,
    0x8c, 0x65, 0x52, 0xff, 0x8c, 0x65, 0x52, 0xff, 0x8c, 0x65, 0x52, 0xff,
    0x8c, 0x65, 0x52, 0xff, 0x8c, 0x65, 0x52, 0xff, 0x8c, 0x65, 0x52, 0xff,
    0x8c, 0x65, 0x52, 0xff, 0x8c, 0x65, 0x52, 0xff, 0x8c, 0x65, 0x52, 0xff,
    0x8c, 0x65, 0x52, 0xff, 0x8c, 0x65, 0x52, 0xff, 0x8c, 0x65, 0x52, 0xff,
    0x8c, 0x65, 0x52, 0xff, 0x8c, 0x65, 0x52, 0xff, 0x8c, 0x65, 0x52, 0xff,
    0x8c, 0x65, 0x52, 0xff, 0x8c, 0x65, 0x52, 0xff, 0x8c, 0x65, 0x52, 0xff,
    0x8c, 0x65, 0x52, 0xff, 0x8c, 0x65, 0x52, 0xff, 0x8c, 0x65, 0x52, 0xff,
    0x8c, 0x65, 0x52, 0xff, 0x8c, 0x65, 0x52, 0xff, 0x8c, 0x65, 0x52, 0xff,
    0x8c, 0x65, 0x52, 0xff, 0x8c, 0x65, 0x52, 0xff, 0x8c, 0x65, 0x52, 0xff,
    0x8c, 0x65, 0x52, 0xff, 0x8c, 0x65, 0x52, 0xff, 0x8c, 0x65, 0x52, 0xff,
    0x8c, 0x65, 0x52, 0xff, 0x8c, 0x65, 0x52, 0xff, 0x8c, 0x65, 0x52, 0xff,
    0x8c, 0x65, 0x52, 0xff, 0x8c, 0x65, 0x52, 0xff, 0x8c, 0x65, 0x52, 0xff,
    0x8c, 0x65, 0x52, 0xff, 0x8c, 0x65, 0x52, 0xff, 0x8c, 0x65, 0x52, 0xff,
    0x8c, 0x65, 0x52, 0xff, 0x8c, 0x65, 0x52, 0xff, 0x8c, 0x65, 0x52, 0xff,
    0x8c, 0x65, 0x52, 0xff, 0x8c, 0x65, 0x52, 0xff, 0x8c, 0x65, 0x52, 0xff,
    0x8c, 0x65, 0x52, 0xff, 0x8c, 0x65, 0x52, 0xff, 0x8c, 0x65, 0x52, 0xff,
    0x8c, 0x65, 0x52, 0xff, 0x8c, 0x65, 0x52, 0xff, 0x8c, 0x65, 0x52, 0xff,
    0x8c, 0x65, 0x52, 0xff, 0x8c, 0x65, 0x52, 0xff, 0x8c, 0x65, 0x52, 0xff,
    0x8c, 0x65, 0x52, 0xff, 0x8c, 0x65, 0x52, 0xff, 0x8c, 0x65, 0x52, 0xff,
    0x8c, 0x65, 0x52, 0xff, 0x8c, 0x65, 0x52, 0xff, 0x8c, 0x65, 0x52, 0xff,
    0x8c, 0x65, 0x52, 0xff, 0x8c, 0x65, 0x52, 0xff, 0x8c, 0x65, 0x52, 0xff,
    0x8c, 0x65, 0x52, 0xff, 0x8c, 0x65, 0x52, 0xff, 0x8c, 0x65, 0x52, 0xff,
    0x8c, 0x65, 0x52, 0xff, 0x8c, 0x65, 0x52, 0xff, 0x8c, 0x65, 0x52, 0xff,
    0x8c, 0x65, 0x52, 0xff, 0x8c, 0x65, 0x52, 0xff, 0x8c, 0x65, 0x52, 0xff,
    0x8c, 0x65, 0x52, 0xff, 0x8c, 0x65, 0x52, 0xff, 0x8c, 0x65, 0x52, 0xff,
    0x8c, 0x65, 0x52, 0xff, 0x8c, 0x65, 0x52, 0xff, 0x8c, 0x65, 0x52, 0xff,
    0x8c, 0x65, 0x52, 0xff, 0x8c, 0x65, 0x52, 0xff, 0x8c, 0x65, 0x52, 0xff,
    0x8c, 0x65, 0x52, 0xff, 0x8c, 0x65, 0x52, 0xff, 0x8c, 0x65, 0x52, 0xff,
    0x8c, 0x65, 0x52, 0xff, 0x8c, 0x65, 0x52, 0xff, 0x8c, 0x65, 0x52, 0xff,
    0x8c, 0x65, 0x52, 0xff, 0x8c, 0x65, 0x52, 0xff, 0x8c, 0x65, 0x52, 0xff,
    0x8c, 0x65, 0x52, 0xff, 0x8c, 0x65, 0x52, 0xff, 0x8c, 0x65, 0x52, 0xff,
    0x8c, 0x65, 0x52, 0xff, 0x8c, 0x65, 0x52, 0xff, 0x8c, 0x65, 0x52, 0xff,
    0x8c, 0x65, 0x52, 0xff, 0x8c, 0x65, 0x52, 0xff, 0x8c, 0x65, 0x52, 0xff,
    0x8c, 0x65, 0x52, 0xff, 0x8c, 0x65, 0x52, 0xff, 0x8c, 0x65, 0x52, 0xff,
    0x8c, 0x65, 0x52, 0xff, 0x8c, 0x65, 0x52, 0xff, 0x8c, 0x65, 0x52, 0xff,
    0x8c, 0x65, 0x52, 0xff, 0x8c, 0x65, 0x52, 0xff, 0x8c, 0x65, 0x52, 0xff,
    0x8c, 0x65, 0x52, 0xff, 0x8c, 0x65, 0x52, 0xff, 0x8c, 0x65, 0x52, 0xff,
    0x8c, 0x65, 0x52, 0xff, 0x8c, 0x65, 0x52, 0xff, 0x8c, 0x65, 0x52, 0xff,
    0x8c, 0x65, 0x52, 0xff, 0x8c, 0x65, 0x52, 0xff, 0x8c, 0x65, 0x52, 0xff,
    0x8c, 0x65, 0x52, 0xff, 0x8c, 0x65, 0x52, 0xff, 0x8c, 0x65, 0x52, 0xff,
    0x8c, 0x65, 0x52, 0xff, 0x8c, 0x65, 0x52, 0xff, 0x8c, 0x65, 0x52, 0xff,
    0x8c, 0x65, 0x52, 0xff, 0x8c, 0x65, 0x52, 0xff, 0x8b, 0x65, 0x52, 0x94,
    0x8b, 0x65, 0x51, 0x69, 0x8c, 0x65, 0x52, 0xff, 0x8c, 0x65, 0x52, 0xff,
    0x8c, 0x65, 0x52, 0xff, 0x8c, 0x65, 0x52, 0xff, 0x8c, 0x65, 0x52, 0xff,
    0x8c, 0x65, 0x52, 0xff, 0x8c, 0x65, 0x52, 0xff, 0x8c, 0x65, 0x52, 0xff,
    0x8c, 0x65, 0x52, 0xff, 0x8c, 0x65, 0x52, 0xff, 0x8c, 0x65, 0x52, 0xff,
    0x8c, 0x65, 0x52, 0xff, 0x8c, 0x65, 0x52, 0xff, 0x8c, 0x65, 0x52, 0xff,
    0x8c, 0x65, 0x52, 0xff, 0x8c, 0x65, 0x52, 0xff, 0x8c, 0x65, 0x52, 0xff,
    0x8c, 0x65, 0x52, 0xff, 0x8c, 0x65, 0x52, 0xff, 0x8c, 0x65, 0x52, 0xff,
    0x8c, 0x65, 0x52, 0xff, 0x8c, 0x65, 0x52, 0xff, 0x8c, 0x65, 0x52, 0xff,
    0x8c, 0x65, 0x52, 0xff, 0x8c, 0x65, 0x52, 0xff, 0x8c, 0x65, 0x52, 0xff,
    0x8c, 0x65, 0x52, 0xff, 0x8c, 0x65, 0x52, 0xff, 0x8c, 0x65, 0x52, 0xff,
    0x8c, 0x65, 0x52, 0xff, 0x8c, 0x65, 0x52, 0xff, 0x8c, 0x65, 0x52, 0xff,
    0x8c, 0x65, 0x52, 0xff, 0x8c, 0x65, 0x52, 0xff, 0x8c, 0x65, 0x52, 0xff,
    0x8c, 0x65, 0x52, 0xff, 0x8c, 0x65, 0x52, 0xff, 0x8c, 0x65, 0x52, 0xff,
    0x8c, 0x65, 0x52, 0xff, 0x8c, 0x65, 0x52, 0xff, 0x8c, 0x65, 0x52, 0xff,
    0x8c, 0x65, 0x52, 0xff, 0x8c, 0x65, 0x52, 0xff, 0x8c, 0x65, 0x52, 0xff,
    0x8c, 0x65, 0x52, 0xff, 0x8c, 0x65, 0x52, 0xff, 0x8c, 0x65, 0x52, 0xff,
    0x8c, 0x65, 0x52, 0xff, 0x8c, 0x65, 0x52, 0xff, 0x8c, 0x65, 0x52, 0xff,
    0x8c, 0x65, 0x52, 0xff, 0x8c, 0x65, 0x52, 0xff, 0x8c, 0x65, 0x52, 0xff,
    0x8c, 0x65, 0x52, 0xff, 0x8c, 0x65, 0x52, 0xff, 0x8c, 0x65, 0x52, 0xff,
    0x8c, 0x65, 0x52, 0xff, 0x8c, 0x65, 0x52, 0xff, 0x8c, 0x65, 0x52, 0xff,
    0x8c, 0x65, 0x52, 0xff, 0x8c, 0x65, 0x52, 0xff, 0x8c, 0x65, 0x52, 0xff,
    0x8c, 0x65, 0x52, 0xff, 0x8c, 0x65, 0x52, 0xff, 0x8c, 0x65, 0x52, 0xff,
    0x8c, 0x65, 0x52, 0xff, 0x8c, 0x65, 0x52, 0xff, 0x8c, 0x65, 0x52, 0xff,
    0x8c, 0x65, 0x52, 0xff, 0x8c, 0x65, 0x52, 0xff, 0x8c, 0x65, 0x52, 0xff,
    0x8c, 0x65, 0x52, 0xff, 0x8c, 0x65, 0x52, 0xff, 0x8c, 0x65, 0x52, 0xff,
    0x8c, 0x65, 0x52, 0xff, 0x8c, 0x65, 0x52, 0xff, 0x8c, 0x65, 0x52, 0xff,
    0x8c, 0x65, 0x52, 0xff, 0x8c, 0x65, 0x52, 0xff, 0x8c, 0x65, 0x52, 0xff,
    0x8c, 0x65, 0x52, 0xff, 0x8c, 0x65, 0x52, 0xff, 0x8c, 0x65, 0x52, 0xff,
    0x8c, 0x65, 0x52, 0xff, 0x8c, 0x65, 0x52, 0xff, 0x8c, 0x65, 0x52, 0xff,
    0x8c, 0x65, 0x52, 0xff, 0x8c, 0x65, 0x52, 0xff, 0x8c, 0x65, 0x52, 0xff,
    0x8c, 0x65, 0x52, 0xff, 0x8c, 0x65, 0x52, 0xff, 0x8c, 0x65, 0x52, 0xff,
    0x8c, 0x65, 0x52, 0xff, 0x8c, 0x65, 0x52, 0xff, 0x8c, 0x65, 0x52, 0xff,
    0x8c, 0x65, 0x52, 0xff, 0x8c, 0x65, 0x52, 0xff, 0x8c, 0x65, 0x52, 0xff,
    0x8c, 0x65, 0x52, 0xff, 0x8c, 0x65, 0x52, 0xff, 0x8c, 0x65, 0x52, 0xff,
    0x8c, 0x65, 0x52, 0xff, 0x8c, 0x65, 0x52, 0xff, 0x8c, 0x65, 0x52, 0xff,
    0x8c, 0x65, 0x52, 0xff, 0x8c, 0x65, 0x52, 0xff, 0x8c, 0x65, 0x52, 0xff,
    0x8c, 0x65, 0x52, 0xff, 0x8c, 0x65, 0x52, 0xff, 0x8c, 0x65, 0x52, 0xff,
    0x8c, 0x65, 0x52, 0xff, 0x8c, 0x65, 0x52, 0xff, 0x8c, 0x65, 0x52, 0xff,
    0x8c, 0x65, 0x52, 0xff, 0x8c, 0x65, 0x52, 0xff, 0x8c, 0x65, 0x52, 0xff,
    0x8c, 0x65, 0x52, 0xff, 0x8c, 0x65, 0x52, 0xff, 0x8c, 0x65, 0x52, 0xff,
    0x8c, 0x65, 0x52, 0xff, 0x8c, 0x65, 0x52, 0xff, 0x8c, 0x65, 0x52, 0xff,
    0x8c, 0x65, 0x52, 0xff, 0x8c, 0x65, 0x52, 0xff, 0x8c, 0x65, 0x52, 0xff,
    0x8c, 0x65, 0x52, 0xff, 0x8c, 0x65, 0x52, 0xff, 0x8c, 0x65, 0x52, 0xff,
    0x8c, 0x65, 0x52, 0xff, 0x8c, 0x65, 0x52, 0xff, 0x8c, 0x65, 0x52, 0xff,
    0x8c, 0x65, 0x52, 0xff, 0x8c, 0x65, 0x52, 0xff, 0x8c, 0x65, 0x52, 0xff,
    0x8c, 0x65, 0x52, 0xff, 0x8c, 0x65, 0x52, 0xff, 0x8c, 0x65, 0x52, 0xff,
    0x8c, 0x65, 0x52, 0xff, 0x8c, 0x65, 0x52, 0xff, 0x8c, 0x65, 0x52, 0xff,
    0x8c, 0x65, 0x52, 0xff, 0x8c, 0x65, 0x52, 0xff, 0x8c, 0x65, 0x52, 0xff,
    0x8c, 0x65, 0x52, 0xff, 0x8c, 0x65, 0x52, 0xff, 0x8c, 0x65, 0x52, 0xff,
    0x8c, 0x65, 0x52, 0xff, 0x8c, 0x65, 0x52, 0xff, 0x8c, 0x65, 0x52, 0xff,
    0x8b, 0x65, 0x52, 0x94, 0x8b, 0x65, 0x51, 0x69, 0x8c, 0x65, 0x52, 0xff,
    0x8c, 0x65, 0x52, 0xff, 0x8c, 0x65, 0x52, 0xff, 0x8c, 0x65, 0x52, 0xff,
    0x8c, 0x65, 0x52, 0xff, 0x8c, 0x65, 0x52, 0xff, 0x8c, 0x65, 0x52, 0xff,
    0x8c, 0x65, 0x52, 0xff, 0x8c, 0x65, 0x52, 0xff, 0x8c, 0x65, 0x52, 0xff,
    0x8c, 0x65, 0x52, 0xff, 0x8c, 0x65, 0x52, 0xff, 0x8c, 0x65, 0x52, 0xff,
    0x8c, 0x65, 0x52, 0xff, 0x8c, 0x65, 0x52, 0xff, 0x8c, 0x65, 0x52, 0xff,
    0x8c, 0x65, 0x52, 0xff, 0x8c, 0x65, 0x52, 0xff, 0x8c, 0x65, 0x52, 0xff,
    0x8c, 0x65, 0x52, 0xff, 0x8c, 0x65, 0x52, 0xff, 0x8c, 0x65, 0x52, 0xff,
    0x8c, 0x65, 0x52, 0xff, 0x8c, 0x65, 0x52, 0xff, 0x8c, 0x65, 0x52, 0xff,
    0x8c, 0x65, 0x52, 0xff, 0x8c, 0x65, 0x52, 0xff, 0x8c, 0x65, 0x52, 0xff,
    0x8c, 0x65, 0x52, 0xff, 0x8c, 0x65, 0x52, 0xff, 0x8c, 0x65, 0x52, 0xff,
    0x8c, 0x65, 0x52, 0xff, 0x8c, 0x65, 0x52, 0xff, 0x8c, 0x65, 0x52, 0xff,
    0x8c, 0x65, 0x52, 0xff, 0x8c, 0x65, 0x52, 0xff, 0x8c, 0x65, 0x52, 0xff,
    0x8c, 0x65, 0x52, 0xff, 0x8c, 0x65, 0x52, 0xff, 0x8c, 0x65, 0x52, 0xff,
    0x8c, 0x65, 0x52, 0xff, 0x8c, 0x65, 0x52, 0xff, 0x8c, 0x65, 0x52, 0xff,
    0x8c, 0x65, 0x52, 0xff, 0x8c, 0x65, 0x52, 0xff, 0x8c, 0x65, 0x52, 0xff,
    0x8c, 0x65, 0x52, 0xff, 0x8c, 0x65, 0x52, 0xff, 0x8c, 0x65, 0x52, 0xff,
    0x8c, 0x65, 0x52, 0xff, 0x8c, 0x65, 0x52, 0xff, 0x8c, 0x65, 0x52, 0xff,
    0x8c, 0x65, 0x52, 0xff, 0x8c, 0x65, 0x52, 0xff, 0x8c, 0x65, 0x52, 0xff,
    0x8c, 0x65, 0x52, 0xff, 0x8c, 0x65, 0x52, 0xff, 0x8c, 0x65, 0x52, 0xff,
    0x8c, 0x65, 0x52, 0xff, 0x8c, 0x65, 0x52, 0xff, 0x8c, 0x65, 0x52, 0xff,
    0x8c, 0x65, 0x52, 0xff, 0x8c, 0x65, 0x52, 0xff, 0x8c, 0x65, 0x52, 0xff,
    0x8c, 0x65, 0x52, 0xff, 0x8c, 0x65, 0x52, 0xff, 0x8c, 0x65, 0x52, 0xff,
    0x8c, 0x65, 0x52, 0xff, 0x8c, 0x65, 0x52, 0xff, 0x8c, 0x65, 0x52, 0xff,
    0x8c, 0x65, 0x52, 0xff, 0x8c, 0x65, 0x52, 0xff, 0x8c, 0x65, 0x52, 0xff,
    0x8c, 0x65, 0x52, 0xff, 0x8c, 0x65, 0x52, 0xff, 0x8c, 0x65, 0x52, 0xff,
    0x8c, 0x65, 0x52, 0xff, 0x8c, 0x65, 0x52, 0xff, 0x8c, 0x65, 0x52, 0xff,
    0x8c, 0x65, 0x52, 0xff, 0x8c, 0x65, 0x52, 0xff, 0x8c, 0x65, 0x52, 0xff,
    0x8c, 0x65, 0x52, 0xff, 0x8c, 0x65, 0x52, 0xff, 0x8c, 0x65, 0x52, 0xff,
    0x8c, 0x65, 0x52, 0xff, 0x8c, 0x65, 0x52, 0xff, 0x8c, 0x65, 0x52, 0xff,
    0x8c, 0x65, 0x52, 0xff, 0x8c, 0x65, 0x52, 0xff, 0x8c, 0x65, 0x52, 0xff,
    0x8c, 0x65, 0x52, 0xff, 0x8c, 0x65, 0x52, 0xff, 0x8c, 0x65, 0x52, 0xff,
    0x8c, 0x65, 0x52, 0xff, 0x8c, 0x65, 0x52, 0xff, 0x8c, 0x65, 0x52, 0xff,
    0x8c, 0x65, 0x52, 0xff, 0x8c, 0x65, 0x52, 0xff, 0x8c, 0x65, 0x52, 0xff,
    0x8c, 0x65, 0x52, 0xff, 0x8c, 0x65, 0x52, 0xff, 0x8c, 0x65, 0x52, 0xff,
    0x8c, 0x65, 0x52, 0xff, 0x8c, 0x65, 0x52, 0xff, 0x8c, 0x65, 0x52, 0xff,
    0x8c, 0x65, 0x52, 0xff, 0x8c, 0x65, 0x52, 0xff, 0x8c, 0x65, 0x52, 0xff,
    0x8c, 0x65, 0x52, 0xff, 0x8c, 0x65, 0x52, 0xff, 0x8c, 0x65, 0x52, 0xff,
    0x8c, 0x65, 0x52, 0xff, 0x8c, 0x65, 0x52, 0xff, 0x8c, 0x65, 0x52, 0xff,
    0x8c, 0x65, 0x52, 0xff, 0x8c, 0x65, 0x52, 0xff, 0x8c, 0x65, 0x52, 0xff,
    0x8c, 0x65, 0x52, 0xff, 0x8c, 0x65, 0x52, 0xff, 0x8c, 0x65, 0x52, 0xff,
    0x8c, 0x65, 0x52, 0xff, 0x8c, 0x65, 0x52, 0xff, 0x8c, 0x65, 0x52, 0xff,
    0x8c, 0x65, 0x52, 0xff, 0x8c, 0x65, 0x52, 0xff, 0x8c, 0x65, 0x52, 0xff,
    0x8c, 0x65, 0x52, 0xff, 0x8c, 0x65, 0x52, 0xff, 0x8c, 0x65, 0x52, 0xff,
    0x8c, 0x65, 0x52, 0xff, 0x8c, 0x65, 0x52, 0xff, 0x8c, 0x65, 0x52, 0xff,
    0x8c, 0x65, 0x52, 0xff, 0x8c, 0x65, 0x52, 0xff, 0x8c, 0x65, 0x52, 0xff,
    0x8c, 0x65, 0x52, 0xff, 0x8c, 0x65, 0x52, 0xff, 0x8c, 0x65, 0x52, 0xff,
    0x8c, 0x65, 0x52, 0xff, 0x8c, 0x65, 0x52, 0xff, 0x8c, 0x65, 0x52, 0xff,
    0x8c, 0x65, 0x52, 0xff, 0x8c, 0x65, 0x52, 0xff, 0x8c, 0x65, 0x52, 0xff,
    0x8c, 0x65, 0x52, 0xff, 0x8c, 0x65, 0x52, 0xff, 0x8c, 0x65, 0x52, 0xff,
    0x8c, 0x65, 0x52, 0xff, 0x8b, 0x65, 0x52, 0x94, 0x8b, 0x65, 0x51, 0x69,
    0x8c, 0x65, 0x52, 0xff, 0x8c, 0x65, 0x52, 0xff, 0x8c, 0x65, 0x52, 0xff,
    0x8c, 0x65, 0x52, 0xff, 0x8c, 0x65, 0x52, 0xff, 0x8c, 0x65, 0x52, 0xff,
    0x8c, 0x65, 0x52, 0xff, 0x8c, 0x65, 0x52, 0xff, 0x8c, 0x65, 0x52, 0xff,
    0x8c, 0x65, 0x52, 0xff, 0x8c, 0x65, 0x52, 0xff, 0x8c, 0x65, 0x52, 0xff,
    0x8c, 0x65, 0x52, 0xff, 0x8c, 0x65, 0x52, 0xff, 0x8c, 0x65, 0x52, 0xff,
    0x8c, 0x65, 0x52, 0xff, 0x8c, 0x65, 0x52, 0xff, 0x8c, 0x65, 0x52, 0xff,
    0x8c, 0x65, 0x52, 0xff, 0x8c, 0x65, 0x52, 0xff, 0x8c, 0x65, 0x52, 0xff,
    0x8c, 0x65, 0x52, 0xff, 0x8c, 0x65, 0x52, 0xff, 0x8c, 0x65, 0x52, 0xff,
    0x8c, 0x65, 0x52, 0xff, 0x8c, 0x65, 0x52, 0xff, 0x8c, 0x65, 0x52, 0xff,
    0x8c, 0x65, 0x52, 0xff, 0x8c, 0x65, 0x52, 0xff, 0x8c, 0x65, 0x52, 0xff,
    0x8c, 0x65, 0x52, 0xff, 0x8c, 0x65, 0x52, 0xff, 0x8c, 0x65, 0x52, 0xff,
    0x8c, 0x65, 0x52, 0xff, 0x8c, 0x65, 0x52, 0xff, 0x8c, 0x65, 0x52, 0xff,
    0x8c, 0x65, 0x52, 0xff, 0x8c, 0x65, 0x52, 0xff, 0x8c, 0x65, 0x52, 0xff,
    0x8c, 0x65, 0x52, 0xff, 0x8c, 0x65, 0x52, 0xff, 0x8c, 0x65, 0x52, 0xff,
    0x8c, 0x65, 0x52, 0xff, 0x8c, 0x65, 0x52, 0xff, 0x8c, 0x65, 0x52, 0xff,
    0x8c, 0x65, 0x52, 0xff, 0x8c, 0x65, 0x52, 0xff, 0x8c, 0x65, 0x52, 0xff,
    0x8c, 0x65, 0x52, 0xff, 0x8c, 0x65, 0x52, 0xff, 0x8c, 0x65, 0x52, 0xff,
    0x8c, 0x65, 0x52, 0xff, 0x8c, 0x65, 0x52, 0xff, 0x8c, 0x65, 0x52, 0xff,
    0x8c, 0x65, 0x52, 0xff, 0x8c, 0x65, 0x52, 0xff, 0x8c, 0x65, 0x52, 0xff,
    0x8c, 0x65, 0x52, 0xff, 0x8c, 0x65, 0x52, 0xff, 0x8c, 0x65, 0x52, 0xff,
    0x8c, 0x65, 0x52, 0xff, 0x8c, 0x65, 0x52, 0xff, 0x8c, 0x65, 0x52, 0xff,
    0x8c, 0x65, 0x52, 0xff, 0x8c, 0x65, 0x52, 0xff, 0x8c, 0x65, 0x52, 0xff,
    0x8c, 0x65, 0x52, 0xff, 0x8c, 0x65, 0x52, 0xff, 0x8c, 0x65, 0x52, 0xff,
    0x8c, 0x65, 0x52, 0xff, 0x8c, 0x65, 0x52, 0xff, 0x8c, 0x65, 0x52, 0xff,
    0x8c, 0x65, 0x52, 0xff, 0x8c, 0x65, 0x52, 0xff, 0x8c, 0x65, 0x52, 0xff,
    0x8c, 0x65, 0x52, 0xff, 0x8c, 0x65, 0x52, 0xff, 0x8c, 0x65, 0x52, 0xff,
    0x8c, 0x65, 0x52, 0xff, 0x8c, 0x65, 0x52, 0xff, 0x8c, 0x65, 0x52, 0xff,
    0x8c, 0x65, 0x52, 0xff, 0x8c, 0x65, 0x52, 0xff, 0x8c, 0x65, 0x52, 0xff,
    0x8c, 0x65, 0x52, 0xff, 0x8c, 0x65, 0x52, 0xff, 0x8c, 0x65, 0x52, 0xff,
    0x8c, 0x65, 0x52, 0xff, 0x8c, 0x65, 0x52, 0xff, 0x8c, 0x65, 0x52, 0xff,
    0x8c, 0x65, 0x52, 0xff, 0x8c, 0x65, 0x52, 0xff, 0x8c, 0x65, 0x52, 0xff,
    0x8c, 0x65, 0x52, 0xff, 0x8c, 0x65, 0x52, 0xff, 0x8c, 0x65, 0x52, 0xff,
    0x8c, 0x65, 0x52, 0xff, 0x8c, 0x65, 0x52, 0xff, 0x8c, 0x65, 0x52, 0xff,
    0x8c, 0x65, 0x52, 0xff, 0x8c, 0x65, 0x52, 0xff, 0x8c, 0x65, 0x52, 0xff,
    0x8c, 0x65, 0x52, 0xff, 0x8c, 0x65, 0x52, 0xff, 0x8c, 0x65, 0x52, 0xff,
    0x8c, 0x65, 0x52, 0xff, 0x8c, 0x65, 0x52, 0xff, 0x8c, 0x65, 0x52, 0xff,
    0x8c, 0x65, 0x52, 0xff, 0x8c, 0x65, 0x52, 0xff, 0x8c, 0x65, 0x52, 0xff,
    0x8c, 0x65, 0x52, 0xff, 0x8c, 0x65, 0x52, 0xff, 0x8c, 0x65, 0x52, 0xff,
    0x8c, 0x65, 0x52, 0xff, 0x8c, 0x65, 0x52, 0xff, 0x8c, 0x65, 0x52, 0xff,
    0x8c, 0x65, 0x52, 0xff, 0x8c, 0x65, 0x52, 0xff, 0x8c, 0x65, 0x52, 0xff,
    0x8c, 0x65, 0x52, 0xff, 0x8c, 0x65, 0x52, 0xff, 0x8c, 0x65, 0x52, 0xff,
    0x8c, 0x65, 0x52, 0xff, 0x8c, 0x65, 0x52, 0xff, 0x8c, 0x65, 0x52, 0xff,
    0x8c, 0x65, 0x52, 0xff, 0x8c, 0x65, 0x52, 0xff, 0x8c, 0x65, 0x52, 0xff,
    0x8c, 0x65, 0x52, 0xff, 0x8c, 0x65, 0x52, 0xff, 0x8c, 0x65, 0x52, 0xff,
    0x8c, 0x65, 0x52, 0xff, 0x8c, 0x65, 0x52, 0xff, 0x8c, 0x65, 0x52, 0xff,
    0x8c, 0x65, 0x52, 0xff, 0x8c, 0x65, 0x52, 0xff, 0x8c, 0x65, 0x52, 0xff,
    0x8c, 0x65, 0x52, 0xff, 0x8c, 0x65, 0x52, 0xff, 0x8c, 0x65, 0x52, 0xff,
    0x8c, 0x65, 0x52, 0xff, 0x8c, 0x65, 0x52, 0xff, 0x8c, 0x65, 0x52, 0xff,
    0x8c, 0x65, 0x52, 0xff, 0x8c, 0x65, 0x52, 0xff, 0x8c, 0x65, 0x52, 0xff,
    0x8c, 0x65, 0x52, 0xff, 0x8c, 0x65, 0x52, 0xff, 0x8b, 0x65, 0x52, 0x94,
    0x8b, 0x65, 0x51, 0x69, 0x8c, 0x65, 0x52, 0xff, 0x8c, 0x65, 0x52, 0xff,
    0x8c, 0x65, 0x52, 0xff, 0x8c, 0x65, 0x52, 0xff, 0x8c, 0x65, 0x52, 0xff,
    0x8c, 0x65, 0x52, 0xff, 0x8c, 0x65, 0x52, 0xff, 0x8c, 0x65, 0x52, 0xff,
    0x8c, 0x65, 0x52, 0xff, 0x8c, 0x65, 0x52, 0xff, 0x8c, 0x65, 0x52, 0xff,
    0x8c, 0x65, 0x52, 0xff, 0x8c, 0x65, 0x52, 0xff, 0x8c, 0x65, 0x52, 0xff,
    0x8c, 0x65, 0x52, 0xff, 0x8c, 0x65, 0x52, 0xff, 0x8c, 0x65, 0x52, 0xff,
    0x8c, 0x65, 0x52, 0xff, 0x8c, 0x65, 0x52, 0xff, 0x8c, 0x65, 0x52, 0xff,
    0x8c, 0x65, 0x52, 0xff, 0x8c, 0x65, 0x52, 0xff, 0x8c, 0x65, 0x52, 0xff,
    0x8c, 0x65, 0x52, 0xff, 0x8c, 0x65, 0x52, 0xff, 0x8c, 0x65, 0x52, 0xff,
    0x8c, 0x65, 0x52, 0xff, 0x8c, 0x65, 0x52, 0xff, 0x8c, 0x65, 0x52, 0xff,
    0x8c, 0x65, 0x52, 0xff, 0x8c, 0x65, 0x52, 0xff, 0x8c, 0x65, 0x52, 0xff,
    0x8c, 0x65, 0x52, 0xff, 0x8c, 0x65, 0x52, 0xff, 0x8c, 0x65, 0x52, 0xff,
    0x8c, 0x65, 0x52, 0xff, 0x8c, 0x65, 0x52, 0xff, 0x8c, 0x65, 0x52, 0xff,
    0x8c, 0x65, 0x52, 0xff, 0x8c, 0x65, 0x52, 0xff, 0x8c, 0x65, 0x52, 0xff,
    0x8c, 0x65, 0x52, 0xff, 0x8c, 0x65, 0x52, 0xff, 0x8c, 0x65, 0x52, 0xff,
    0x8c, 0x65, 0x52, 0xff, 0x8c, 0x65, 0x52, 0xff, 0x8c, 0x65, 0x52, 0xff,
    0x8c, 0x65, 0x52, 0xff, 0x8c, 0x65, 0x52, 0xff, 0x8c, 0x65, 0x52, 0xff,
    0x8c, 0x65, 0x52, 0xff, 0x8c, 0x65, 0x52, 0xff, 0x8c, 0x65, 0x52, 0xff,
    0x8c, 0x65, 0x52, 0xff, 0x8c, 0x65, 0x52, 0xff, 0x8c, 0x65, 0x52, 0xff,
    0x8c, 0x65, 0x52, 0xff, 0x8c, 0x65, 0x52, 0xff, 0x8c, 0x65, 0x52, 0xff,
    0x8c, 0x65, 0x52, 0xff, 0x8c, 0x65, 0x52, 0xff, 0x8c, 0x65, 0x52, 0xff,
    0x8c, 0x65, 0x52, 0xff, 0x8c, 0x65, 0x52, 0xff, 0x8c, 0x65, 0x52, 0xff,
    0x8c, 0x65, 0x52, 0xff, 0x8c, 0x65, 0x52, 0xff, 0x8c, 0x65, 0x52, 0xff,
    0x8c, 0x65, 0x52, 0xff, 0x8c, 0x65, 0x52, 0xff, 0x8c, 0x65, 0x52, 0xff,
    0x8c, 0x65, 0x52, 0xff, 0x8c, 0x65, 0x52, 0xff, 0x8c, 0x65, 0x52, 0xff,
    0x8c, 0x65, 0x52, 0xff, 0x8c, 0x65, 0x52, 0xff, 0x8c, 0x65, 0x52, 0xff,
    0x8c, 0x65, 0x52, 0xff, 0x8c, 0x65, 0x52, 0xff, 0x8c, 0x65, 0x52, 0xff,
    0x8c, 0x65, 0x52, 0xff, 0x8c, 0x65, 0x52, 0xff, 0x8c, 0x65, 0x52, 0xff,
    0x8c, 0x65, 0x52, 0xff, 0x8c, 0x65, 0x52, 0xff, 0x8c, 0x65, 0x52, 0xff,
    0x8c, 0x65, 0x52, 0xff, 0x8c, 0x65, 0x52, 0xff, 0x8c, 0x65, 0x52, 0xff,
    0x8c, 0x65, 0x52, 0xff, 0x8c, 0x65, 0x52, 0xff, 0x8c, 0x65, 0x52, 0xff,
    0x8c, 0x65, 0x52, 0xff, 0x8c, 0x65, 0x52, 0xff, 0x8c, 0x65, 0x52, 0xff,
    0x8c, 0x65, 0x52, 0xff, 0x8c, 0x65, 0x52, 0xff, 0x8c, 0x65, 0x52, 0xff,
    0x8c, 0x65, 0x52, 0xff, 0x8c, 0x65, 0x52, 0xff, 0x8c, 0x65, 0x52, 0xff,
    0x8c, 0x65, 0x52, 0xff, 0x8c, 0x65, 0x52, 0xff, 0x8c, 0x65, 0x52, 0xff,
    0x8c, 0x65, 0x52, 0xff, 0x8c, 0x65, 0x52, 0xff, 0x8c, 0x65, 0x52, 0xff,
    0x8c, 0x65, 0x52, 0xff, 0x8c, 0x65, 0x52, 0xff, 0x8c, 0x65, 0x52, 0xff,
    0x8c, 0x65, 0x52, 0xff, 0x8c, 0x65, 0x52, 0xff, 0x8c, 0x65, 0x52, 0xff,
    0x8c, 0x65, 0x52, 0xff, 0x8c, 0x65, 0x52, 0xff, 0x8c, 0x65, 0x52, 0xff,
    0x8c, 0x65, 0x52, 0xff, 0x8c, 0x65, 0x52, 0xff, 0x8c, 0x65, 0x52, 0xff,
    0x8c, 0x65, 0x52, 0xff, 0x8c, 0x65, 0x52, 0xff, 0x8c, 0x65, 0x52, 0xff,
    0x8c, 0x65, 0x52, 0xff, 0x8c, 0x65, 0x52, 0xff, 0x8c, 0x65, 0x52, 0xff,
    0x8c, 0x65, 0x52, 0xff, 0x8c, 0x65, 0x52, 0xff, 0x8c, 0x65, 0x52, 0xff,
    0x8c, 0x65, 0x52, 0xff, 0x8c, 0x65, 0x52, 0xff, 0x8c, 0x65, 0x52, 0xff,
    0x8c, 0x65, 0x52, 0xff, 0x8c, 0x65, 0x52, 0xff, 0x8c, 0x65, 0x52, 0xff,
    0x8c, 0x65, 0x52, 0xff, 0x8c, 0x65, 0x52, 0xff, 0x8c, 0x65, 0x52, 0xff,
    0x8c, 0x65, 0x52, 0xff, 0x8c, 0x65, 0x52, 0xff, 0x8c, 0x65, 0x52, 0xff,
    0x8c, 0x65, 0x52, 0xff, 0x8c, 0x65, 0x52, 0xff, 0x8c, 0x65, 0x52, 0xff,
    0x8c, 0x65, 0x52, 0xff, 0x8c, 0x65, 0x52, 0xff, 0x8c, 0x65, 0x52, 0xff,
    0x8c, 0x65, 0x52, 0xff, 0x8c, 0x65, 0x52, 0xff, 0x8c, 0x65, 0x52, 0xff,
    0x8b, 0x65, 0x52, 0x94, 0x8b, 0x65, 0x51, 0x69, 0x8c, 0x65, 0x52, 0xff,
    0x8c, 0x65, 0x52, 0xff, 0x8c, 0x65, 0x52, 0xff, 0x8c, 0x65, 0x52, 0xff,
    0x8c, 0x65, 0x52, 0xff, 0x8c, 0x65, 0x52, 0xff, 0x8c, 0x65, 0x52, 0xff,
    0x8c, 0x65, 0x52, 0xff, 0x8c, 0x65, 0x52, 0xff, 0x8c, 0x65, 0x52, 0xff,
    0x8c, 0x65, 0x52, 0xff, 0x8c, 0x65, 0x52, 0xff, 0x8c, 0x65, 0x52, 0xff,
    0x8c, 0x65, 0x52, 0xff, 0x8c, 0x65, 0x52, 0xff, 0x8c, 0x65, 0x52, 0xff,
    0x8c, 0x65, 0x52, 0xff, 0x8c, 0x65, 0x52, 0xff, 0x8c, 0x65, 0x52, 0xff,
    0x8c, 0x65, 0x52, 0xff, 0x8c, 0x65, 0x52, 0xff, 0x8c, 0x65, 0x52, 0xff,
    0x8c, 0x65, 0x52, 0xff, 0x8c, 0x65, 0x52, 0xff, 0x8c, 0x65, 0x52, 0xff,
    0x8c, 0x65, 0x52, 0xff, 0x8c, 0x65, 0x52, 0xff, 0x8c, 0x65, 0x52, 0xff,
    0x8c, 0x65, 0x52, 0xff, 0x8c, 0x65, 0x52, 0xff, 0x8c, 0x65, 0x52, 0xff,
    0x8c, 0x65, 0x52, 0xff, 0x8c, 0x65, 0x52, 0xff, 0x8c, 0x65, 0x52, 0xff,
    0x8c, 0x65, 0x52, 0xff, 0x8c, 0x65, 0x52, 0xff, 0x8c, 0x65, 0x52, 0xff,
    0x8c, 0x65, 0x52, 0xff, 0x8c, 0x65, 0x52, 0xff, 0x8c, 0x65, 0x52, 0xff,
    0x8c, 0x65, 0x52, 0xff, 0x8c, 0x65, 0x52, 0xff, 0x8c, 0x65, 0x52, 0xff,
    0x8c, 0x65, 0x52, 0xff, 0x8c, 0x65, 0x52, 0xff, 0x8c, 0x65, 0x52, 0xff,
    0x8c, 0x65, 0x52, 0xff, 0x8c, 0x65, 0x52, 0xff, 0x8c, 0x65, 0x52, 0xff,
    0x8c, 0x65, 0x52, 0xff, 0x8c, 0x65, 0x52, 0xff, 0x8c, 0x65, 0x52, 0xff,
    0x8c, 0x65, 0x52, 0xff, 0x8c, 0x65, 0x52, 0xff, 0x8c, 0x65, 0x52, 0xff,
    0x8c, 0x65, 0x52, 0xff, 0x8c, 0x65, 0x52, 0xff, 0x8c, 0x65, 0x52, 0xff,
    0x8c, 0x65, 0x52, 0xff, 0x8c, 0x65, 0x52, 0xff, 0x8c, 0x65, 0x52, 0xff,
    0x8c, 0x65, 0x52, 0xff, 0x8c, 0x65, 0x52, 0xff, 0x8c, 0x65, 0x52, 0xff,
    0x8c, 0x65, 0x52, 0xff, 0x8c, 0x65, 0x52, 0xff, 0x8c, 0x65, 0x52, 0xff,
    0x8c, 0x65, 0x52, 0xff, 0x8c, 0x65, 0x52, 0xff, 0x8c, 0x65, 0x52, 0xff,
    0x8c, 0x65, 0x52, 0xff, 0x8c, 0x65, 0x52, 0xff, 0x8c, 0x65, 0x52, 0xff,
    0x8c, 0x65, 0x52, 0xff, 0x8c, 0x65, 0x52, 0xff, 0x8c, 0x65, 0x52, 0xff,
    0x8c, 0x65, 0x52, 0xff, 0x8c, 0x65, 0x52, 0xff, 0x8c, 0x65, 0x52, 0xff,
    0x8c, 0x65, 0x52, 0xff, 0x8c, 0x65, 0x52, 0xff, 0x8c, 0x65, 0x52, 0xff,
    0x8c, 0x65, 0x52, 0xff, 0x8c, 0x65, 0x52, 0xff, 0x8c, 0x65, 0x52, 0xff,
    0x8c, 0x65, 0x52, 0xff, 0x8c, 0x65, 0x52, 0xff, 0x8c, 0x65, 0x52, 0xff,
    0x8c, 0x65, 0x52, 0xff, 0x8c, 0x65, 0x52, 0xff, 0x8c, 0x65, 0x52, 0xff,
    0x8c, 0x65, 0x52, 0xff, 0x8c, 0x65, 0x52, 0xff, 0x8c, 0x65, 0x52, 0xff,
    0x8c, 0x65, 0x52, 0xff, 0x8c, 0x65, 0x52, 0xff, 0x8c, 0x65, 0x52, 0xff,
    0x8c, 0x65, 0x52, 0xff, 0x8c, 0x65, 0x52, 0xff, 0x8c, 0x65, 0x52, 0xff,
    0x8c, 0x65, 0x52, 0xff, 0x8c, 0x65, 0x52, 0xff, 0x8c, 0x65, 0x52, 0xff,
    0x8c, 0x65, 0x52, 0xff, 0x8c, 0x65, 0x52, 0xff, 0x8c, 0x65, 0x52, 0xff,
    0x8c, 0x65, 0x52, 0xff, 0x8c, 0x65, 0x52, 0xff, 0x8c, 0x65, 0x52, 0xff,
    0x8c, 0x65, 0x52, 0xff, 0x8c, 0x65, 0x52, 0xff, 0x8c, 0x65, 0x52, 0xff,
    0x8c, 0x65, 0x52, 0xff, 0x8c, 0x65, 0x52, 0xff, 0x8c, 0x65, 0x52, 0xff,
    0x8c, 0x65, 0x52, 0xff, 0x8c, 0x65, 0x52, 0xff, 0x8c, 0x65, 0x52, 0xff,
    0x8c, 0x65, 0x52, 0xff, 0x8c, 0x65, 0x52, 0xff, 0x8c, 0x65, 0x52, 0xff,
    0x8c, 0x65, 0x52, 0xff, 0x8c, 0x65, 0x52, 0xff, 0x8c, 0x65, 0x52, 0xff,
    0x8c, 0x65, 0x52, 0xff, 0x8c, 0x65, 0x52, 0xff, 0x8c, 0x65, 0x52, 0xff,
    0x8c, 0x65, 0x52, 0xff, 0x8c, 0x65, 0x52, 0xff, 0x8c, 0x65, 0x52, 0xff,
    0x8c, 0x65, 0x52, 0xff, 0x8c, 0x65, 0x52, 0xff, 0x8c, 0x65, 0x52, 0xff,
    0x8c, 0x65, 0x52, 0xff, 0x8c, 0x65, 0x52, 0xff, 0x8c, 0x65, 0x52, 0xff,
    0x8c, 0x65, 0x52, 0xff, 0x8c, 0x65, 0x52, 0xff, 0x8c, 0x65, 0x52, 0xff,
    0x8c, 0x65, 0x52, 0xff, 0x8c, 0x65, 0x52, 0xff, 0x8c, 0x65, 0x52, 0xff,
    0x8c, 0x65, 0x52, 0xff, 0x8c, 0x65, 0x52, 0xff, 0x8c, 0x65, 0x52, 0xff,
    0x8c, 0x65, 0x52, 0xff, 0x8c, 0x65, 0x52, 0xff, 0x8c, 0x65, 0x52, 0xff,
    0x8c, 0x65, 0x52, 0xff, 0x8b, 0x65, 0x52, 0x94, 0x8b, 0x65, 0x51, 0x69,
    0x8c, 0x65, 0x52, 0xff, 0x8c, 0x65, 0x52, 0xff, 0x8c, 0x65, 0x52, 0xff,
    0x8c, 0x65, 0x52, 0xff, 0x8c, 0x65, 0x52, 0xff, 0x8c, 0x65, 0x52, 0xff,
    0x8c, 0x65, 0x52, 0xff, 0x8c, 0x65, 0x52, 0xff, 0x8c, 0x65, 0x52, 0xff,
    0x8c, 0x65, 0x52, 0xff, 0x8c, 0x65, 0x52, 0xff, 0x8c, 0x65, 0x52, 0xff,
    0x8c, 0x65, 0x52, 0xff, 0x8c, 0x65, 0x52, 0xff, 0x8c, 0x65, 0x52, 0xff,
    0x8c, 0x65, 0x52, 0xff, 0x8c, 0x65, 0x52, 0xff, 0x8c, 0x65, 0x52, 0xff,
    0x8c, 0x65, 0x52, 0xff, 0x8c, 0x65, 0x52, 0xff, 0x8c, 0x65, 0x52, 0xff,
    0x8c, 0x65, 0x52, 0xff, 0x8c, 0x65, 0x52, 0xff, 0x8c, 0x65, 0x52, 0xff,
    0x8c, 0x65, 0x52, 0xff, 0x8c, 0x65, 0x52, 0xff, 0x8c, 0x65, 0x52, 0xff,
    0x8c, 0x65, 0x52, 0xff, 0x8c, 0x65, 0x52, 0xff, 0x8c, 0x65, 0x52, 0xff,
    0x8c, 0x65, 0x52, 0xff, 0x8c, 0x65, 0x52, 0xff, 0x8c, 0x65, 0x52, 0xff,
    0x8c, 0x65, 0x52, 0xff, 0x8c, 0x65, 0x52, 0xff, 0x8c, 0x65, 0x52, 0xff,
    0x8c, 0x65, 0x52, 0xff, 0x8c, 0x65, 0x52, 0xff, 0x8c, 0x65, 0x52, 0xff,
    0x8c, 0x65, 0x52, 0xff, 0x8c, 0x65, 0x52, 0xff, 0x8c, 0x65, 0x52, 0xff,
    0x8c, 0x65, 0x52, 0xff, 0x8c, 0x65, 0x52, 0xff, 0x8c, 0x65, 0x52, 0xff,
    0x8c, 0x65, 0x52, 0xff, 0x8c, 0x65, 0x52, 0xff, 0x8c, 0x65, 0x52, 0xff,
    0x8c, 0x65, 0x52, 0xff, 0x8c, 0x65, 0x52, 0xff, 0x8c, 0x65, 0x52, 0xff,
    0x8c, 0x65, 0x52, 0xff, 0x8c, 0x65, 0x52, 0xff, 0x8c, 0x65, 0x52, 0xff,
    0x8c, 0x65, 0x52, 0xff, 0x8c, 0x65, 0x52, 0xff, 0x8c, 0x65, 0x52, 0xff,
    0x8c, 0x65, 0x52, 0xff, 0x8c, 0x65, 0x52, 0xff, 0x8c, 0x65, 0x52, 0xff,
    0x8c, 0x65, 0x52, 0xff, 0x8c, 0x65, 0x52, 0xff, 0x8c, 0x65, 0x52, 0xff,
    0x8c, 0x65, 0x52, 0xff, 0x8c, 0x65, 0x52, 0xff, 0x8c, 0x65, 0x52, 0xff,
    0x8c, 0x65, 0x52, 0xff, 0x8c, 0x65, 0x52, 0xff, 0x8c, 0x65, 0x52, 0xff,
    0x8c, 0x65, 0x52, 0xff, 0x8c, 0x65, 0x52, 0xff, 0x8c, 0x65, 0x52, 0xff,
    0x8c, 0x65, 0x52, 0xff, 0x8c, 0x65, 0x52, 0xff, 0x8c, 0x65, 0x52, 0xff,
    0x8c, 0x65, 0x52, 0xff, 0x8c, 0x65, 0x52, 0xff, 0x8c, 0x65, 0x52, 0xff,
    0x8c, 0x65, 0x52, 0xff, 0x8c, 0x65, 0x52, 0xff, 0x8c, 0x65, 0x52, 0xff,
    0x8c, 0x65, 0x52, 0xff, 0x8c, 0x65, 0x52, 0xff, 0x8c, 0x65, 0x52, 0xff,
    0x8c, 0x65, 0x52, 0xff, 0x8c, 0x65, 0x52, 0xff, 0x8c, 0x65, 0x52, 0xff,
    0x8c, 0x65, 0x52, 0xff, 0x8c, 0x65, 0x52, 0xff, 0x8c, 0x65, 0x52, 0xff,
    0x8c, 0x65, 0x52, 0xff, 0x8c, 0x65, 0x52, 0xff, 0x8c, 0x65, 0x52, 0xff,
    0x8c, 0x65, 0x52, 0xff, 0x8c, 0x65, 0x52, 0xff, 0x8c, 0x65, 0x52, 0xff,
    0x8c, 0x65, 0x52, 0xff, 0x8c, 0x65, 0x52, 0xff, 0x8c, 0x65, 0x52, 0xff,
    0x8c, 0x65, 0x52, 0xff, 0x8c, 0x65, 0x52, 0xff, 0x8c, 0x65, 0x52, 0xff,
    0x8c, 0x65, 0x52, 0xff, 0x8c, 0x65, 0x52, 0xff, 0x8c, 0x65, 0x52, 0xff,
    0x8c, 0x65, 0x52, 0xff, 0x8c, 0x65, 0x52, 0xff, 0x8c, 0x65, 0x52, 0xff,
    0x8c, 0x65, 0x52, 0xff, 0x8c, 0x65, 0x52, 0xff, 0x8c, 0x65, 0x52, 0xff,
    0x8c, 0x65, 0x52, 0xff, 0x8c, 0x65, 0x52, 0xff, 0x8c, 0x65, 0x52, 0xff,
    0x8c, 0x65, 0x52, 0xff, 0x8c, 0x65, 0x52, 0xff, 0x8c, 0x65, 0x52, 0xff,
    0x8c, 0x65, 0x52, 0xff, 0x8c, 0x65, 0x52, 0xff, 0x8c, 0x65, 0x52, 0xff,
    0x8c, 0x65, 0x52, 0xff, 0x8c, 0x65, 0x52, 0xff, 0x8c, 0x65, 0x52, 0xff,
    0x8c, 0x65, 0x52, 0xff, 0x8c, 0x65, 0x52, 0xff, 0x8c, 0x65, 0x52, 0xff,
    0x8c, 0x65, 0x52, 0xff, 0x8c, 0x65, 0x52, 0xff, 0x8c, 0x65, 0x52, 0xff,
    0x8c, 0x65, 0x52, 0xff, 0x8c, 0x65, 0x52, 0xff, 0x8c, 0x65, 0x52, 0xff,
    0x8c, 0x65, 0x52, 0xff, 0x8c, 0x65, 0x52, 0xff, 0x8c, 0x65, 0x52, 0xff,
    0x8c, 0x65, 0x52, 0xff, 0x8c, 0x65, 0x52, 0xff, 0x8c, 0x65, 0x52, 0xff,
    0x8c, 0x65, 0x52, 0xff, 0x8c, 0x65, 0x52, 0xff, 0x8c, 0x65, 0x52, 0xff,
    0x8c, 0x65, 0x52, 0xff, 0x8c, 0x65, 0x52, 0xff, 0x8c, 0x65, 0x52, 0xff,
    0x8c, 0x65, 0x52, 0xff, 0x8c, 0x65, 0x52, 0xff, 0x8c, 0x65, 0x52, 0xff,
    0x8c, 0x65, 0x52, 0xff, 0x8c, 0x65, 0x52, 0xff, 0x8b, 0x65, 0x52, 0x94,
    0x8b, 0x65, 0x51, 0x69, 0x8c, 0x65, 0x52, 0xff, 0x8c, 0x65, 0x52, 0xff,
    0x8c, 0x65, 0x52, 0xff, 0x8c, 0x65, 0x52, 0xff, 0x8c, 0x65, 0x52, 0xff,
    0x8c, 0x65, 0x52, 0xff, 0x8c, 0x65, 0x52, 0xff, 0x8c, 0x65, 0x52, 0xff,
    0x8c, 0x65, 0x52, 0xff, 0x8c, 0x65, 0x52, 0xff, 0x8c, 0x65, 0x52, 0xff,
    0x8c, 0x65, 0x52, 0xff, 0x8c, 0x65, 0x52, 0xff, 0x8c, 0x65, 0x52, 0xff,
    0x8c, 0x65, 0x52, 0xff, 0x8c, 0x65, 0x52, 0xff, 0x8c, 0x65, 0x52, 0xff,
    0x8c, 0x65, 0x52, 0xff, 0x8c, 0x65, 0x52, 0xff, 0x8c, 0x65, 0x52, 0xff,
    0x8c, 0x65, 0x52, 0xff, 0x8c, 0x65, 0x52, 0xff, 0x8c, 0x65, 0x52, 0xff,
    0x8c, 0x65, 0x52, 0xff, 0x8c, 0x65, 0x52, 0xff, 0x8c, 0x65, 0x52, 0xff,
    0x8c, 0x65, 0x52, 0xff, 0x8c, 0x65, 0x52, 0xff, 0x8c, 0x65, 0x52, 0xff,
    0x8c, 0x65, 0x52, 0xff, 0x8c, 0x65, 0x52, 0xff, 0x8c, 0x65, 0x52, 0xff,
    0x8c, 0x65, 0x52, 0xff, 0x8c, 0x65, 0x52, 0xff, 0x8c, 0x65, 0x52, 0xff,
    0x8c, 0x65, 0x52, 0xff, 0x8c, 0x65, 0x52, 0xff, 0x8c, 0x65, 0x52, 0xff,
    0x8c, 0x65, 0x52, 0xff, 0x8c, 0x65, 0x52, 0xff, 0x8c, 0x65, 0x52, 0xff,
    0x8c, 0x65, 0x52, 0xff, 0x8c, 0x65, 0x52, 0xff, 0x8c, 0x65, 0x52, 0xff,
    0x8c, 0x65, 0x52, 0xff, 0x8c, 0x65, 0x52, 0xff, 0x8c, 0x65, 0x52, 0xff,
    0x8c, 0x65, 0x52, 0xff, 0x8c, 0x65, 0x52, 0xff, 0x8c, 0x65, 0x52, 0xff,
    0x8c, 0x65, 0x52, 0xff, 0x8c, 0x65, 0x52, 0xff, 0x8c, 0x65, 0x52, 0xff,
    0x8c, 0x65, 0x52, 0xff, 0x8c, 0x65, 0x52, 0xff, 0x8c, 0x65, 0x52, 0xff,
    0x8c, 0x65, 0x52, 0xff, 0x8c, 0x65, 0x52, 0xff, 0x8c, 0x65, 0x52, 0xff,
    0x8c, 0x65, 0x52, 0xff, 0x8c, 0x65, 0x52, 0xff, 0x8c, 0x65, 0x52, 0xff,
    0x8c, 0x65, 0x52, 0xff, 0x8c, 0x65, 0x52, 0xff, 0x8c, 0x65, 0x52, 0xff,
    0x8c, 0x65, 0x52, 0xff, 0x8c, 0x65, 0x52, 0xff, 0x8c, 0x65, 0x52, 0xff,
    0x8c, 0x65, 0x52, 0xff, 0x8c, 0x65, 0x52, 0xff, 0x8c, 0x65, 0x52, 0xff,
    0x8c, 0x65, 0x52, 0xff, 0x8c, 0x65, 0x52, 0xff, 0x8c, 0x65, 0x52, 0xff,
    0x8c, 0x65, 0x52, 0xff, 0x8c, 0x65, 0x52, 0xff, 0x8c, 0x65, 0x52, 0xff,
    0x8c, 0x65, 0x52, 0xff, 0x8c, 0x65, 0x52, 0xff, 0x8c, 0x65, 0x52, 0xff,
    0x8c, 0x65, 0x52, 0xff, 0x8c, 0x65, 0x52, 0xff, 0x8c, 0x65, 0x52, 0xff,
    0x8c, 0x65, 0x52, 0xff, 0x8c, 0x65, 0x52, 0xff, 0x8c, 0x65, 0x52, 0xff,
    0x8c, 0x65, 0x52, 0xff, 0x8c, 0x65, 0x52, 0xff, 0x8c, 0x65, 0x52, 0xff,
    0x8c, 0x65, 0x52, 0xff, 0x8c, 0x65, 0x52, 0xff, 0x8c, 0x65, 0x52, 0xff,
    0x8c, 0x65, 0x52, 0xff, 0x8c, 0x65, 0x52, 0xff, 0x8c, 0x65, 0x52, 0xff,
    0x8c, 0x65, 0x52, 0xff, 0x8c, 0x65, 0x52, 0xff, 0x8c, 0x65, 0x52, 0xff,
    0x8c, 0x65, 0x52, 0xff, 0x8c, 0x65, 0x52, 0xff, 0x8c, 0x65, 0x52, 0xff,
    0x8c, 0x65, 0x52, 0xff, 0x8c, 0x65, 0x52, 0xff, 0x8c, 0x65, 0x52, 0xff,
    0x8c, 0x65, 0x52, 0xff, 0x8c, 0x65, 0x52, 0xff, 0x8c, 0x65, 0x52, 0xff,
    0x8c, 0x65, 0x52, 0xff, 0x8c, 0x65, 0x52, 0xff, 0x8c, 0x65, 0x52, 0xff,
    0x8c, 0x65, 0x52, 0xff, 0x8c, 0x65, 0x52, 0xff, 0x8c, 0x65, 0x52, 0xff,
    0x8c, 0x65, 0x52, 0xff, 0x8c, 0x65, 0x52, 0xff, 0x8c, 0x65, 0x52, 0xff,
    0x8c, 0x65, 0x52, 0xff, 0x8c, 0x65, 0x52, 0xff, 0x8c, 0x65, 0x52, 0xff,
    0x8c, 0x65, 0x52, 0xff, 0x8c, 0x65, 0x52, 0xff, 0x8c, 0x65, 0x52, 0xff,
    0x8c, 0x65, 0x52, 0xff, 0x8c, 0x65, 0x52, 0xff, 0x8c, 0x65, 0x52, 0xff,
    0x8c, 0x65, 0x52, 0xff, 0x8c, 0x65, 0x52, 0xff, 0x8c, 0x65, 0x52, 0xff,
    0x8c, 0x65, 0x52, 0xff, 0x8c, 0x65, 0x52, 0xff, 0x8c, 0x65, 0x52, 0xff,
    0x8c, 0x65, 0x52, 0xff, 0x8c, 0x65, 0x52, 0xff, 0x8c, 0x65, 0x52, 0xff,
    0x8c, 0x65, 0x52, 0xff, 0x8c, 0x65, 0x52, 0xff, 0x8c, 0x65, 0x52, 0xff,
    0x8c, 0x65, 0x52, 0xff, 0x8c, 0x65, 0x52, 0xff, 0x8c, 0x65, 0x52, 0xff,
    0x8c, 0x65, 0x52, 0xff, 0x8c, 0x65, 0x52, 0xff, 0x8c, 0x65, 0x52, 0xff,
    0x8c, 0x65, 0x52, 0xff, 0x8c, 0x65, 0x52, 0xff, 0x8c, 0x65, 0x52, 0xff,
    0x8c, 0x65, 0x52, 0xff, 0x8c, 0x65, 0x52, 0xff, 0x8c, 0x65, 0x52, 0xff,
    0x8b, 0x65, 0x52, 0x94, 0x8b, 0x65, 0x51, 0x69, 0x8c, 0x65, 0x52, 0xff,
    0x8c, 0x65, 0x52, 0xff, 0x8c, 0x65, 0x52, 0xff, 0x8c, 0x65, 0x52, 0xff,
    0x8c, 0x65, 0x52, 0xff, 0x8c, 0x65, 0x52, 0xff, 0x8c, 0x65, 0x52, 0xff,
    0x8c, 0x65, 0x52, 0xff, 0x8c, 0x65, 0x52, 0xff, 0x8c, 0x65, 0x52, 0xff,
    0x8c, 0x65, 0x52, 0xff, 0x8c, 0x65, 0x52, 0xff, 0x8c, 0x65, 0x52, 0xff,
    0x8c, 0x65, 0x52, 0xff, 0x8c, 0x65, 0x52, 0xff, 0x8c, 0x65, 0x52, 0xff,
    0x8c, 0x65, 0x52, 0xff, 0x8c, 0x65, 0x52, 0xff, 0x8c, 0x65, 0x52, 0xff,
    0x8c, 0x65, 0x52, 0xff, 0x8c, 0x65, 0x52, 0xff, 0x8c, 0x65, 0x52, 0xff,
    0x8c, 0x65, 0x52, 0xff, 0x8c, 0x65, 0x52, 0xff, 0x8c, 0x65, 0x52, 0xff,
    0x8c, 0x65, 0x52, 0xff, 0x8c, 0x65, 0x52, 0xff, 0x8c, 0x65, 0x52, 0xff,
    0x8c, 0x65, 0x52, 0xff, 0x8c, 0x65, 0x52, 0xff, 0x8c, 0x65, 0x52, 0xff,
    0x8c, 0x65, 0x52, 0xff, 0x8c, 0x65, 0x52, 0xff, 0x8c, 0x65, 0x52, 0xff,
    0x8c, 0x65, 0x52, 0xff, 0x8c, 0x65, 0x52, 0xff, 0x8c, 0x65, 0x52, 0xff,
    0x8c, 0x65, 0x52, 0xff, 0x8c, 0x65, 0x52, 0xff, 0x8c, 0x65, 0x52, 0xff,
    0x8c, 0x65, 0x52, 0xff, 0x8c, 0x65, 0x52, 0xff, 0x8c, 0x65, 0x52, 0xff,
    0x8c, 0x65, 0x52, 0xff, 0x8c, 0x65, 0x52, 0xff, 0x8c, 0x65, 0x52, 0xff,
    0x8c, 0x65, 0x52, 0xff, 0x8c, 0x65, 0x52, 0xff, 0x8c, 0x65, 0x52, 0xff,
    0x8c, 0x65, 0x52, 0xff, 0x8c, 0x65, 0x52, 0xff, 0x8c, 0x65, 0x52, 0xff,
    0x8c, 0x65, 0x52, 0xff, 0x8c, 0x65, 0x52, 0xff, 0x8c, 0x65, 0x52, 0xff,
    0x8c, 0x65, 0x52, 0xff, 0x8c, 0x65, 0x52, 0xff, 0x8c, 0x65, 0x52, 0xff,
    0x8c, 0x65, 0x52, 0xff, 0x8c, 0x65, 0x52, 0xff, 0x8c, 0x65, 0x52, 0xff,
    0x8c, 0x65, 0x52, 0xff, 0x8c, 0x65, 0x52, 0xff, 0x8c, 0x65, 0x52, 0xff,
    0x8c, 0x65, 0x52, 0xff, 0x8c, 0x65, 0x52, 0xff, 0x8c, 0x65, 0x52, 0xff,
    0x8c, 0x65, 0x52, 0xff, 0x8c, 0x65, 0x52, 0xff, 0x8c, 0x65, 0x52, 0xff,
    0x8c, 0x65, 0x52, 0xff, 0x8c, 0x65, 0x52, 0xff, 0x8c, 0x65, 0x52, 0xff,
    0x8c, 0x65, 0x52, 0xff, 0x8c, 0x65, 0x52, 0xff, 0x8c, 0x65, 0x52, 0xff,
    0x8c, 0x65, 0x52, 0xff, 0x8c, 0x65, 0x52, 0xff, 0x8c, 0x65, 0x52, 0xff,
    0x8c, 0x65, 0x52, 0xff, 0x8c, 0x65, 0x52, 0xff, 0x8c, 0x65, 0x52, 0xff,
    0x8c, 0x65, 0x52, 0xff, 0x8c, 0x65, 0x52, 0xff, 0x8c, 0x65, 0x52, 0xff,
    0x8c, 0x65, 0x52, 0xff, 0x8c, 0x65, 0x52, 0xff, 0x8c, 0x65, 0x52, 0xff,
    0x8c, 0x65, 0x52, 0xff, 0x8c, 0x65, 0x52, 0xff, 0x8c, 0x65, 0x52, 0xff,
    0x8c, 0x65, 0x52, 0xff, 0x8c, 0x65, 0x52, 0xff, 0x8c, 0x65, 0x52, 0xff,
    0x8c, 0x65, 0x52, 0xff, 0x8c, 0x65, 0x52, 0xff, 0x8c, 0x65, 0x52, 0xff,
    0x8c, 0x65, 0x52, 0xff, 0x8c, 0x65, 0x52, 0xff, 0x8c, 0x65, 0x52, 0xff,
    0x8c, 0x65, 0x52, 0xff, 0x8c, 0x65, 0x52, 0xff, 0x8c, 0x65, 0x52, 0xff,
    0x8c, 0x65, 0x52, 0xff, 0x8c, 0x65, 0x52, 0xff, 0x8c, 0x65, 0x52, 0xff,
    0x8c, 0x65, 0x52, 0xff, 0x8c, 0x65, 0x52, 0xff, 0x8c, 0x65, 0x52, 0xff,
    0x8c, 0x65, 0x52, 0xff, 0x8c, 0x65, 0x52, 0xff, 0x8c, 0x65, 0x52, 0xff,
    0x8c, 0x65, 0x52, 0xff, 0x8c, 0x65, 0x52, 0xff, 0x8c, 0x65, 0x52, 0xff,
    0x8c, 0x65, 0x52, 0xff, 0x8c, 0x65, 0x52, 0xff, 0x8c, 0x65, 0x52, 0xff,
    0x8c, 0x65, 0x52, 0xff, 0x8c, 0x65, 0x52, 0xff, 0x8c, 0x65, 0x52, 0xff,
    0x8c, 0x65, 0x52, 0xff, 0x8c, 0x65, 0x52, 0xff, 0x8c, 0x65, 0x52, 0xff,
    0x8c, 0x65, 0x52, 0xff, 0x8c, 0x65, 0x52, 0xff, 0x8c, 0x65, 0x52, 0xff,
    0x8c, 0x65, 0x52, 0xff, 0x8c, 0x65, 0x52, 0xff, 0x8c, 0x65, 0x52, 0xff,
    0x8c, 0x65, 0x52, 0xff, 0x8c, 0x65, 0x52, 0xff, 0x8c, 0x65, 0x52, 0xff,
    0x8c, 0x65, 0x52, 0xff, 0x8c, 0x65, 0x52, 0xff, 0x8c, 0x65, 0x52, 0xff,
    0x8c, 0x65, 0x52, 0xff, 0x8c, 0x65, 0x52, 0xff, 0x8c, 0x65, 0x52, 0xff,
    0x8c, 0x65, 0x52, 0xff, 0x8c, 0x65, 0x52, 0xff, 0x8c, 0x65, 0x52, 0xff,
    0x8c, 0x65, 0x52, 0xff, 0x8c, 0x65, 0x52, 0xff, 0x8c, 0x65, 0x52, 0xff,
    0x8c, 0x65, 0x52, 0xff, 0x8c, 0x65, 0x52, 0xff, 0x8c, 0x65, 0x52, 0xff,
    0x8c, 0x65, 0x52, 0xff, 0x8b, 0x65, 0x52, 0x94, 0x8b, 0x65, 0x51, 0x69,
    0x8c, 0x65, 0x52, 0xff, 0x8c, 0x65, 0x52, 0xff, 0x8c, 0x65, 0x52, 0xff,
    0x8c, 0x65, 0x52, 0xff, 0x8c, 0x65, 0x52, 0xff, 0x8c, 0x65, 0x52, 0xff,
    0x8c, 0x65, 0x52, 0xff, 0x8c, 0x65, 0x52, 0xff, 0x8c, 0x65, 0x52, 0xff,
    0x8c, 0x65, 0x52, 0xff, 0x8c, 0x65, 0x52, 0xff, 0x8c, 0x65, 0x52, 0xff,
    0x8c, 0x65, 0x52, 0xff, 0x8c, 0x65, 0x52, 0xff, 0x8c, 0x65, 0x52, 0xff,
    0x8c, 0x65, 0x52, 0xff, 0x8c, 0x65, 0x52, 0xff, 0x8c, 0x65, 0x52, 0xff,
    0x8c, 0x65, 0x52, 0xff, 0x8c, 0x65, 0x52, 0xff, 0x8c, 0x65, 0x52, 0xff,
    0x8c, 0x65, 0x52, 0xff, 0x8c, 0x65, 0x52, 0xff, 0x8c, 0x65, 0x52, 0xff,
    0x8c, 0x65, 0x52, 0xff, 0x8c, 0x65, 0x52, 0xff, 0x8c, 0x65, 0x52, 0xff,
    0x8c, 0x65, 0x52, 0xff, 0x8c, 0x65, 0x52, 0xff, 0x8c, 0x65, 0x52, 0xff,
    0x8c, 0x65, 0x52, 0xff, 0x8c, 0x65, 0x52, 0xff, 0x8c, 0x65, 0x52, 0xff,
    0x8c, 0x65, 0x52, 0xff, 0x8c, 0x65, 0x52, 0xff, 0x8c, 0x65, 0x52, 0xff,
    0x8c, 0x65, 0x52, 0xff, 0x8c, 0x65, 0x52, 0xff, 0x8c, 0x65, 0x52, 0xff,
    0x8c, 0x65, 0x52, 0xff, 0x8c, 0x65, 0x52, 0xff, 0x8c, 0x65, 0x52, 0xff,
    0x8c, 0x65, 0x52, 0xff, 0x8c, 0x65, 0x52, 0xff, 0x8c, 0x65, 0x52, 0xff,
    0x8c, 0x65, 0x52, 0xff, 0x8c, 0x65, 0x52, 0xff, 0x8c, 0x65, 0x52, 0xff,
    0x8c, 0x65, 0x52, 0xff, 0x8c, 0x65, 0x52, 0xff, 0x8c, 0x65, 0x52, 0xff,
    0x8c, 0x65, 0x52, 0xff, 0x8c, 0x65, 0x52, 0xff, 0x8c, 0x65, 0x52, 0xff,
    0x8c, 0x65, 0x52, 0xff, 0x8c, 0x65, 0x52, 0xff, 0x8c, 0x65, 0x52, 0xff,
    0x8c, 0x65, 0x52, 0xff, 0x8c, 0x65, 0x52, 0xff, 0x8c, 0x65, 0x52, 0xff,
    0x8c, 0x65, 0x52, 0xff, 0x8c, 0x65, 0x52, 0xff, 0x8c, 0x65, 0x52, 0xff,
    0x8c, 0x65, 0x52, 0xff, 0x8c, 0x65, 0x52, 0xff, 0x8c, 0x65, 0x52, 0xff,
    0x8c, 0x65, 0x52, 0xff, 0x8c, 0x65, 0x52, 0xff, 0x8c, 0x65, 0x52, 0xff,
    0x8c, 0x65, 0x52, 0xff, 0x8c, 0x65, 0x52, 0xff, 0x8c, 0x65, 0x52, 0xff,
    0x8c, 0x65, 0x52, 0xff, 0x8c, 0x65, 0x52, 0xff, 0x8c, 0x65, 0x52, 0xff,
    0x8c, 0x65, 0x52, 0xff, 0x8c, 0x65, 0x52, 0xff, 0x8c, 0x65, 0x52, 0xff,
    0x8c, 0x65, 0x52, 0xff, 0x8c, 0x65, 0x52, 0xff, 0x8c, 0x65, 0x52, 0xff,
    0x8c, 0x65, 0x52, 0xff, 0x8c, 0x65, 0x52, 0xff, 0x8c, 0x65, 0x52, 0xff,
    0x8c, 0x65, 0x52, 0xff, 0x8c, 0x65, 0x52, 0xff, 0x8c, 0x65, 0x52, 0xff,
    0x8c, 0x65, 0x52, 0xff, 0x8c, 0x65, 0x52, 0xff, 0x8c, 0x65, 0x52, 0xff,
    0x8c, 0x65, 0x52, 0xff, 0x8c, 0x65, 0x52, 0xff, 0x8c, 0x65, 0x52, 0xff,
    0x8c, 0x65, 0x52, 0xff, 0x8c, 0x65, 0x52, 0xff, 0x8c, 0x65, 0x52, 0xff,
    0x8c, 0x65, 0x52, 0xff, 0x8c, 0x65, 0x52, 0xff, 0x8c, 0x65, 0x52, 0xff,
    0x8c, 0x65, 0x52, 0xff, 0x8c, 0x65, 0x52, 0xff, 0x8c, 0x65, 0x52, 0xff,
    0x8c, 0x65, 0x52, 0xff, 0x8c, 0x65, 0x52, 0xff, 0x8c, 0x65, 0x52, 0xff,
    0x8c, 0x65, 0x52, 0xff, 0x8c, 0x65, 0x52, 0xff, 0x8c, 0x65, 0x52, 0xff,
    0x8c, 0x65, 0x52, 0xff, 0x8c, 0x65, 0x52, 0xff, 0x8c, 0x65, 0x52, 0xff,
    0x8c, 0x65, 0x52, 0xff, 0x8c, 0x65, 0x52, 0xff, 0x8c, 0x65, 0x52, 0xff,
    0x8c, 0x65, 0x52, 0xff, 0x8c, 0x65, 0x52, 0xff, 0x8c, 0x65, 0x52, 0xff,
    0x8c, 0x65, 0x52, 0xff, 0x8c, 0x65, 0x52, 0xff, 0x8c, 0x65, 0x52, 0xff,
    0x8c, 0x65, 0x52, 0xff, 0x8c, 0x65, 0x52, 0xff, 0x8c, 0x65, 0x52, 0xff,
    0x8c, 0x65, 0x52, 0xff, 0x8c, 0x65, 0x52, 0xff, 0x8c, 0x65, 0x52, 0xff,
    0x8c, 0x65, 0x52, 0xff, 0x8c, 0x65, 0x52, 0xff, 0x8c, 0x65, 0x52, 0xff,
    0x8c, 0x65, 0x52, 0xff, 0x8c, 0x65, 0x52, 0xff, 0x8c, 0x65, 0x52, 0xff,
    0x8c, 0x65, 0x52, 0xff, 0x8c, 0x65, 0x52, 0xff, 0x8c, 0x65, 0x52, 0xff,
    0x8c, 0x65, 0x52, 0xff, 0x8c, 0x65, 0x52, 0xff, 0x8c, 0x65, 0x52, 0xff,
    0x8c, 0x65, 0x52, 0xff, 0x8c, 0x65, 0x52, 0xff, 0x8c, 0x65, 0x52, 0xff,
    0x8c, 0x65, 0x52, 0xff, 0x8c, 0x65, 0x52, 0xff, 0x8c, 0x65, 0x52, 0xff,
    0x8c, 0x65, 0x52, 0xff, 0x8c, 0x65, 0x52, 0xff, 0x8c, 0x65, 0x52, 0xff,
    0x8c, 0x65, 0x52, 0xff, 0x8c, 0x65, 0x52, 0xff, 0x8b, 0x65, 0x52, 0x94,
    0x8b, 0x65, 0x51, 0x69, 0x8c, 0x65, 0x52, 0xff, 0x8c, 0x65, 0x52, 0xff,
    0x8c, 0x65, 0x52, 0xff, 0x8c, 0x65, 0x52, 0xff, 0x8c, 0x65, 0x52, 0xff,
    0x8c, 0x65, 0x52, 0xff, 0x8c, 0x65, 0x52, 0xff, 0x8c, 0x65, 0x52, 0xff,
    0x8c, 0x65, 0x52, 0xff, 0x8c, 0x65, 0x52, 0xff, 0x8c, 0x65, 0x52, 0xff,
    0x8c, 0x65, 0x52, 0xff, 0x8c, 0x65, 0x52, 0xff, 0x8c, 0x65, 0x52, 0xff,
    0x8c, 0x65, 0x52, 0xff, 0x8c, 0x65, 0x52, 0xff, 0x8c, 0x65, 0x52, 0xff,
    0x8c, 0x65, 0x52, 0xff, 0x8c, 0x65, 0x52, 0xff, 0x8c, 0x65, 0x52, 0xff,
    0x8c, 0x65, 0x52, 0xff, 0x8c, 0x65, 0x52, 0xff, 0x8c, 0x65, 0x52, 0xff,
    0x8c, 0x65, 0x52, 0xff, 0x8c, 0x65, 0x52, 0xff, 0x8c, 0x65, 0x52, 0xff,
    0x8c, 0x65, 0x52, 0xff, 0x8c, 0x65, 0x52, 0xff, 0x8c, 0x65, 0x52, 0xff,
    0x8c, 0x65, 0x52, 0xff, 0x8c, 0x65, 0x52, 0xff, 0x8c, 0x65, 0x52, 0xff,
    0x8c, 0x65, 0x52, 0xff, 0x8c, 0x65, 0x52, 0xff, 0x8c, 0x65, 0x52, 0xff,
    0x8c, 0x65, 0x52, 0xff, 0x8c, 0x65, 0x52, 0xff, 0x8c, 0x65, 0x52, 0xff,
    0x8c, 0x65, 0x52, 0xff, 0x8c, 0x65, 0x52, 0xff, 0x8c, 0x65, 0x52, 0xff,
    0x8c, 0x65, 0x52, 0xff, 0x8c, 0x65, 0x52, 0xff, 0x8c, 0x65, 0x52, 0xff,
    0x8c, 0x65, 0x52, 0xff, 0x8c, 0x65, 0x52, 0xff, 0x8c, 0x65, 0x52, 0xff,
    0x8c, 0x65, 0x52, 0xff, 0x8c, 0x65, 0x52, 0xff, 0x8c, 0x65, 0x52, 0xff,
    0x8c, 0x65, 0x52, 0xff, 0x8c, 0x65, 0x52, 0xff, 0x8c, 0x65, 0x52, 0xff,
    0x8c, 0x65, 0x52, 0xff, 0x8c, 0x65, 0x52, 0xff, 0x8c, 0x65, 0x52, 0xff,
    0x8c, 0x65, 0x52, 0xff, 0x8c, 0x65, 0x52, 0xff, 0x8c, 0x65, 0x52, 0xff,
    0x8c, 0x65, 0x52, 0xff, 0x8c, 0x65, 0x52, 0xff, 0x8c, 0x65, 0x52, 0xff,
    0x8c, 0x65, 0x52, 0xff, 0x8c, 0x65, 0x52, 0xff, 0x8c, 0x65, 0x52, 0xff,
    0x8c, 0x65, 0x52, 0xff, 0x8c, 0x65, 0x52, 0xff, 0x8c, 0x65, 0x52, 0xff,
    0x8c, 0x65, 0x52, 0xff, 0x8c, 0x65, 0x52, 0xff, 0x8c, 0x65, 0x52, 0xff,
    0x8c, 0x65, 0x52, 0xff, 0x8c, 0x65, 0x52, 0xff, 0x8c, 0x65, 0x52, 0xff,
    0x8c, 0x65, 0x52, 0xff, 0x8c, 0x65, 0x52, 0xff, 0x8c, 0x65, 0x52, 0xff,
    0x8c, 0x65, 0x52, 0xff, 0x8c, 0x65, 0x52, 0xff, 0x8c, 0x65, 0x52, 0xff,
    0x8c, 0x65, 0x52, 0xff, 0x8c, 0x65, 0x52, 0xff, 0x8c, 0x65, 0x52, 0xff,
    0x8c, 0x65, 0x52, 0xff, 0x8c, 0x65, 0x52, 0xff, 0x8c, 0x65, 0x52, 0xff,
    0x8c, 0x65, 0x52, 0xff, 0x8c, 0x65, 0x52, 0xff, 0x8c, 0x65, 0x52, 0xff,
    0x8c, 0x65, 0x52, 0xff, 0x8c, 0x65, 0x52, 0xff, 0x8c, 0x65, 0x52, 0xff,
    0x8c, 0x65, 0x52, 0xff, 0x8c, 0x65, 0x52, 0xff, 0x8c, 0x65, 0x52, 0xff,
    0x8c, 0x65, 0x52, 0xff, 0x8c, 0x65, 0x52, 0xff, 0x8c, 0x65, 0x52, 0xff,
    0x8c, 0x65, 0x52, 0xff, 0x8c, 0x65, 0x52, 0xff, 0x8c, 0x65, 0x52, 0xff,
    0x8c, 0x65, 0x52, 0xff, 0x8c, 0x65, 0x52, 0xff, 0x8c, 0x65, 0x52, 0xff,
    0x8c, 0x65, 0x52, 0xff, 0x8c, 0x65, 0x52, 0xff, 0x8c, 0x65, 0x52, 0xff,
    0x8c, 0x65, 0x52, 0xff, 0x8c, 0x65, 0x52, 0xff, 0x8c, 0x65, 0x52, 0xff,
    0x8c, 0x65, 0x52, 0xff, 0x8c, 0x65, 0x52, 0xff, 0x8c, 0x65, 0x52, 0xff,
    0x8c, 0x65, 0x52, 0xff, 0x8c, 0x65, 0x52, 0xff, 0x8c, 0x65, 0x52, 0xff,
    0x8c, 0x65, 0x52, 0xff, 0x8c, 0x65, 0x52, 0xff, 0x8c, 0x65, 0x52, 0xff,
    0x8c, 0x65, 0x52, 0xff, 0x8c, 0x65, 0x52, 0xff, 0x8c, 0x65, 0x52, 0xff,
    0x8c, 0x65, 0x52, 0xff, 0x8c, 0x65, 0x52, 0xff, 0x8c, 0x65, 0x52, 0xff,
    0x8c, 0x65, 0x52, 0xff, 0x8c, 0x65, 0x52, 0xff, 0x8c, 0x65, 0x52, 0xff,
    0x8c, 0x65, 0x52, 0xff, 0x8c, 0x65, 0x52, 0xff, 0x8c, 0x65, 0x52, 0xff,
    0x8c, 0x65, 0x52, 0xff, 0x8c, 0x65, 0x52, 0xff, 0x8c, 0x65, 0x52, 0xff,
    0x8c, 0x65, 0x52, 0xff, 0x8c, 0x65, 0x52, 0xff, 0x8c, 0x65, 0x52, 0xff,
    0x8c, 0x65, 0x52, 0xff, 0x8c, 0x65, 0x52, 0xff, 0x8c, 0x65, 0x52, 0xff,
    0x8c, 0x65, 0x52, 0xff, 0x8c, 0x65, 0x52, 0xff, 0x8c, 0x65, 0x52, 0xff,
    0x8c, 0x65, 0x52, 0xff, 0x8c, 0x65, 0x52, 0xff, 0x8c, 0x65, 0x52, 0xff,
    0x8c, 0x65, 0x52, 0xff, 0x8c, 0x65, 0x52, 0xff, 0x8c, 0x65, 0x52, 0xff,
    0x8b, 0x65, 0x52, 0x94, 0x8b, 0x65, 0x51, 0x69, 0x8c, 0x65, 0x52, 0xff,
    0x8c, 0x65, 0x52, 0xff, 0x8c, 0x65, 0x52, 0xff, 0x8c, 0x65, 0x52, 0xff,
    0x8c, 0x65, 0x52, 0xff, 0x8c, 0x65, 0x52, 0xff, 0x8c, 0x65, 0x52, 0xff,
    0x8c, 0x65, 0x52, 0xff, 0x8c, 0x65, 0x52, 0xff, 0x8c, 0x65, 0x52, 0xff,
    0x8c, 0x65, 0x52, 0xff, 0x8c, 0x65, 0x52, 0xff, 0x8c, 0x65, 0x52, 0xff,
    0x8c, 0x65, 0x52, 0xff, 0x8c, 0x65, 0x52, 0xff, 0x8c, 0x65, 0x52, 0xff,
    0x8c, 0x65, 0x52, 0xff, 0x8c, 0x65, 0x52, 0xff, 0x8c, 0x65, 0x52, 0xff,
    0x8c, 0x65, 0x52, 0xff, 0x8c, 0x65, 0x52, 0xff, 0x8c, 0x65, 0x52, 0xff,
    0x8c, 0x65, 0x52, 0xff, 0x8c, 0x65, 0x52, 0xff, 0x8c, 0x65, 0x52, 0xff,
    0x8c, 0x65, 0x52, 0xff, 0x8c, 0x65, 0x52, 0xff, 0x8c, 0x65, 0x52, 0xff,
    0x8c, 0x65, 0x52, 0xff, 0x8c, 0x65, 0x52, 0xff, 0x8c, 0x65, 0x52, 0xff,
    0x8c, 0x65, 0x52, 0xff, 0x8c, 0x65, 0x52, 0xff, 0x8c, 0x65, 0x52, 0xff,
    0x8c, 0x65, 0x52, 0xff, 0x8c, 0x65, 0x52, 0xff, 0x8c, 0x65, 0x52, 0xff,
    0x8c, 0x65, 0x52, 0xff, 0x8c, 0x65, 0x52, 0xff, 0x8c, 0x65, 0x52, 0xff,
    0x8c, 0x65, 0x52, 0xff, 0x8c, 0x65, 0x52, 0xff, 0x8c, 0x65, 0x52, 0xff,
    0x8c, 0x65, 0x52, 0xff, 0x8c, 0x65, 0x52, 0xff, 0x8c, 0x65, 0x52, 0xff,
    0x8c, 0x65, 0x52, 0xff, 0x8c, 0x65, 0x52, 0xff, 0x8c, 0x65, 0x52, 0xff,
    0x8c, 0x65, 0x52, 0xff, 0x8c, 0x65, 0x52, 0xff, 0x8c, 0x65, 0x52, 0xff,
    0x8c, 0x65, 0x52, 0xff, 0x8c, 0x65, 0x52, 0xff, 0x8c, 0x65, 0x52, 0xff,
    0x8c, 0x65, 0x52, 0xff, 0x8c, 0x65, 0x52, 0xff, 0x8c, 0x65, 0x52, 0xff,
    0x8c, 0x65, 0x52, 0xff, 0x8c, 0x65, 0x52, 0xff, 0x8c, 0x65, 0x52, 0xff,
    0x8c, 0x65, 0x52, 0xff, 0x8c, 0x65, 0x52, 0xff, 0x8c, 0x65, 0x52, 0xff,
    0x8c, 0x65, 0x52, 0xff, 0x8c, 0x65, 0x52, 0xff, 0x8c, 0x65, 0x52, 0xff,
    0x8c, 0x65, 0x52, 0xff, 0x8c, 0x65, 0x52, 0xff, 0x8c, 0x65, 0x52, 0xff,
    0x8c, 0x65, 0x52, 0xff, 0x8c, 0x65, 0x52, 0xff, 0x8c, 0x65, 0x52, 0xff,
    0x8c, 0x65, 0x52, 0xff, 0x8c, 0x65, 0x52, 0xff, 0x8c, 0x65, 0x52, 0xff,
    0x8c, 0x65, 0x52, 0xff, 0x8c, 0x65, 0x52, 0xff, 0x8c, 0x65, 0x52, 0xff,
    0x8c, 0x65, 0x52, 0xff, 0x8c, 0x65, 0x52, 0xff, 0x8c, 0x65, 0x52, 0xff,
    0x8c, 0x65, 0x52, 0xff, 0x8c, 0x65, 0x52, 0xff, 0x8c, 0x65, 0x52, 0xff,
    0x8c, 0x65, 0x52, 0xff, 0x8c, 0x65, 0x52, 0xff, 0x8c, 0x65, 0x52, 0xff,
    0x8c, 0x65, 0x52, 0xff, 0x8c, 0x65, 0x52, 0xff, 0x8c, 0x65, 0x52, 0xff,
    0x8c, 0x65, 0x52, 0xff, 0x8c, 0x65, 0x52, 0xff, 0x8c, 0x65, 0x52, 0xff,
    0x8c, 0x65, 0x52, 0xff, 0x8c, 0x65, 0x52, 0xff, 0x8c, 0x65, 0x52, 0xff,
    0x8c, 0x65, 0x52, 0xff, 0x8c, 0x65, 0x52, 0xff, 0x8c, 0x65, 0x52, 0xff,
    0x8c, 0x65, 0x52, 0xff, 0x8c, 0x65, 0x52, 0xff, 0x8c, 0x65, 0x52, 0xff,
    0x8c, 0x65, 0x52, 0xff, 0x8c, 0x65, 0x52, 0xff, 0x8c, 0x65, 0x52, 0xff,
    0x8c, 0x65, 0x52, 0xff, 0x8c, 0x65, 0x52, 0xff, 0x8c, 0x65, 0x52, 0xff,
    0x8c, 0x65, 0x52, 0xff, 0x8c, 0x65, 0x52, 0xff, 0x8c, 0x65, 0x52, 0xff,
    0x8c, 0x65, 0x52, 0xff, 0x8c, 0x65, 0x52, 0xff, 0x8c, 0x65, 0x52, 0xff,
    0x8c, 0x65, 0x52, 0xff, 0x8c, 0x65, 0x52, 0xff, 0x8c, 0x65, 0x52, 0xff,
    0x8c, 0x65, 0x52, 0xff, 0x8c, 0x65, 0x52, 0xff, 0x8c, 0x65, 0x52, 0xff,
    0x8c, 0x65, 0x52, 0xff, 0x8c, 0x65, 0x52, 0xff, 0x8c, 0x65, 0x52, 0xff,
    0x8c, 0x65, 0x52, 0xff, 0x8c, 0x65, 0x52, 0xff, 0x8c, 0x65, 0x52, 0xff,
    0x8c, 0x65, 0x52, 0xff, 0x8c, 0x65, 0x52, 0xff, 0x8c, 0x65, 0x52, 0xff,
    0x8c, 0x65, 0x52, 0xff, 0x8c, 0x65, 0x52, 0xff, 0x8c, 0x65, 0x52, 0xff,
    0x8c, 0x65, 0x52, 0xff, 0x8c, 0x65, 0x52, 0xff, 0x8c, 0x65, 0x52, 0xff,
    0x8c, 0x65, 0x52, 0xff, 0x8c, 0x65, 0x52, 0xff, 0x8c, 0x65, 0x52, 0xff,
    0x8c, 0x65, 0x52, 0xff, 0x8c, 0x65, 0x52, 0xff, 0x8c, 0x65, 0x52, 0xff,
    0x8c, 0x65, 0x52, 0xff, 0x8c, 0x65, 0x52, 0xff, 0x8c, 0x65, 0x52, 0xff,
    0x8c, 0x65, 0x52, 0xff, 0x8c, 0x65, 0x52, 0xff, 0x8c, 0x65, 0x52, 0xff,
    0x8c, 0x65, 0x52, 0xff, 0x8b, 0x65, 0x52, 0x94, 0x8b, 0x65, 0x51, 0x69,
    0x8c, 0x65, 0x52, 0xff, 0x8c, 0x65, 0x52, 0xff, 0x8c, 0x65, 0x52, 0xff,
    0x8c, 0x65, 0x52, 0xff, 0x8c, 0x65, 0x52, 0xff, 0x8c, 0x65, 0x52, 0xff,
    0x8c, 0x65, 0x52, 0xff, 0x8c, 0x65, 0x52, 0xff, 0x8c, 0x65, 0x52, 0xff,
    0x8c, 0x65, 0x52, 0xff, 0x8c, 0x65, 0x52, 0xff, 0x8c, 0x65, 0x52, 0xff,
    0x8c, 0x65, 0x52, 0xff, 0x8c, 0x65, 0x52, 0xff, 0x8c, 0x65, 0x52, 0xff,
    0x8c, 0x65, 0x52, 0xff, 0x8c, 0x65, 0x52, 0xff, 0x8c, 0x65, 0x52, 0xff,
    0x8c, 0x65, 0x52, 0xff, 0x8c, 0x65, 0x52, 0xff, 0x8c, 0x65, 0x52, 0xff,
    0x8c, 0x65, 0x52, 0xff, 0x8c, 0x65, 0x52, 0xff, 0x8c, 0x65, 0x52, 0xff,
    0x8c, 0x65, 0x52, 0xff, 0x8c, 0x65, 0x52, 0xff, 0x8c, 0x65, 0x52, 0xff,
    0x8c, 0x65, 0x52, 0xff, 0x8c, 0x65, 0x52, 0xff, 0x8c, 0x65, 0x52, 0xff,
    0x8c, 0x65, 0x52, 0xff, 0x8c, 0x65, 0x52, 0xff, 0x8c, 0x65, 0x52, 0xff,
    0x8c, 0x65, 0x52, 0xff, 0x8c, 0x65, 0x52, 0xff, 0x8c, 0x65, 0x52, 0xff,
    0x8c, 0x65, 0x52, 0xff, 0x8c, 0x65, 0x52, 0xff, 0x8c, 0x65, 0x52, 0xff,
    0x8c, 0x65, 0x52, 0xff, 0x8c, 0x65, 0x52, 0xff, 0x8c, 0x65, 0x52, 0xff,
    0x8c, 0x65, 0x52, 0xff, 0x8c, 0x65, 0x52, 0xff, 0x8c, 0x65, 0x52, 0xff,
    0x8c, 0x65, 0x52, 0xff, 0x8c, 0x65, 0x52, 0xff, 0x8c, 0x65, 0x52, 0xff,
    0x8c, 0x65, 0x52, 0xff, 0x8c, 0x65, 0x52, 0xff, 0x8c, 0x65, 0x52, 0xff,
    0x8c, 0x65, 0x52, 0xff, 0x8c, 0x65, 0x52, 0xff, 0x8c, 0x65, 0x52, 0xff,
    0x8c, 0x65, 0x52, 0xff, 0x8c, 0x65, 0x52, 0xff, 0x8c, 0x65, 0x52, 0xff,
    0x8c, 0x65, 0x52, 0xff, 0x8c, 0x65, 0x52, 0xff, 0x8c, 0x65, 0x52, 0xff,
    0x8c, 0x65, 0x52, 0xff, 0x8c, 0x65, 0x52, 0xff, 0x8c, 0x65, 0x52, 0xff,
    0x8c, 0x65, 0x52, 0xff, 0x8c, 0x65, 0x52, 0xff, 0x8c, 0x65, 0x52, 0xff,
    0x8c, 0x65, 0x52, 0xff, 0x8c, 0x65, 0x52, 0xff, 0x8c, 0x65, 0x52, 0xff,
    0x8c, 0x65, 0x52, 0xff, 0x8c, 0x65, 0x52, 0xff, 0x8c, 0x65, 0x52, 0xff,
    0x8c, 0x65, 0x52, 0xff, 0x8c, 0x65, 0x52, 0xff, 0x8c, 0x65, 0x52, 0xff,
    0x8c, 0x65, 0x52, 0xff, 0x8c, 0x65, 0x52, 0xff, 0x8c, 0x65, 0x52, 0xff,
    0x8c, 0x65, 0x52, 0xff, 0x8c, 0x65, 0x52, 0xff, 0x8c, 0x65, 0x52, 0xff,
    0x8c, 0x65, 0x52, 0xff, 0x8c, 0x65, 0x52, 0xff, 0x8c, 0x65, 0x52, 0xff,
    0x8c, 0x65, 0x52, 0xff, 0x8c, 0x65, 0x52, 0xff, 0x8c, 0x65, 0x52, 0xff,
    0x8c, 0x65, 0x52, 0xff, 0x8c, 0x65, 0x52, 0xff, 0x8c, 0x65, 0x52, 0xff,
    0x8c, 0x65, 0x52, 0xff, 0x8c, 0x65, 0x52, 0xff, 0x8c, 0x65, 0x52, 0xff,
    0x8c, 0x65, 0x52, 0xff, 0x8c, 0x65, 0x52, 0xff, 0x8c, 0x65, 0x52, 0xff,
    0x8c, 0x65, 0x52, 0xff, 0x8c, 0x65, 0x52, 0xff, 0x8c, 0x65, 0x52, 0xff,
    0x8c, 0x65, 0x52, 0xff, 0x8c, 0x65, 0x52, 0xff, 0x8c, 0x65, 0x52, 0xff,
    0x8c, 0x65, 0x52, 0xff, 0x8c, 0x65, 0x52, 0xff, 0x8c, 0x65, 0x52, 0xff,
    0x8c, 0x65, 0x52, 0xff, 0x8c, 0x65, 0x52, 0xff, 0x8c, 0x65, 0x52, 0xff,
    0x8c, 0x65, 0x52, 0xff, 0x8c, 0x65, 0x52, 0xff, 0x8c, 0x65, 0x52, 0xff,
    0x8c, 0x65, 0x52, 0xff, 0x8c, 0x65, 0x52, 0xff, 0x8c, 0x65, 0x52, 0xff,
    0x8c, 0x65, 0x52, 0xff, 0x8c, 0x65, 0x52, 0xff, 0x8c, 0x65, 0x52, 0xff,
    0x8c, 0x65, 0x52, 0xff, 0x8c, 0x65, 0x52, 0xff, 0x8c, 0x65, 0x52, 0xff,
    0x8c, 0x65, 0x52, 0xff, 0x8c, 0x65, 0x52, 0xff, 0x8c, 0x65, 0x52, 0xff,
    0x8c, 0x65, 0x52, 0xff, 0x8c, 0x65, 0x52, 0xff, 0x8c, 0x65, 0x52, 0xff,
    0x8c, 0x65, 0x52, 0xff, 0x8c, 0x65, 0x52, 0xff, 0x8c, 0x65, 0x52, 0xff,
    0x8c, 0x65, 0x52, 0xff, 0x8c, 0x65, 0x52, 0xff, 0x8c, 0x65, 0x52, 0xff,
    0x8c, 0x65, 0x52, 0xff, 0x8c, 0x65, 0x52, 0xff, 0x8c, 0x65, 0x52, 0xff,
    0x8c, 0x65, 0x52, 0xff, 0x8c, 0x65, 0x52, 0xff, 0x8c, 0x65, 0x52, 0xff,
    0x8c, 0x65, 0x52, 0xff, 0x8c, 0x65, 0x52, 0xff, 0x8c, 0x65, 0x52, 0xff,
    0x8c, 0x65, 0x52, 0xff, 0x8c, 0x65, 0x52, 0xff, 0x8c, 0x65, 0x52, 0xff,
    0x8c, 0x65, 0x52, 0xff, 0x8c, 0x65, 0x52, 0xff, 0x8c, 0x65, 0x52, 0xff,
    0x8c, 0x65, 0x52, 0xff, 0x8c, 0x65, 0x52, 0xff, 0x8b, 0x65, 0x52, 0x94,
    0x8b, 0x65, 0x51, 0x69, 0x8c, 0x65, 0x52, 0xff, 0x8c, 0x65, 0x52, 0xff,
    0x8c, 0x65, 0x52, 0xff, 0x8c, 0x65, 0x52, 0xff, 0x8c, 0x65, 0x52, 0xff,
    0x8c, 0x65, 0x52, 0xff, 0x8c, 0x65, 0x52, 0xff, 0x8c, 0x65, 0x52, 0xff,
    0x8c, 0x65, 0x52, 0xff, 0x8c, 0x65, 0x52, 0xff, 0x8c, 0x65, 0x52, 0xff,
    0x8c, 0x65, 0x52, 0xff, 0x8c, 0x65, 0x52, 0xff, 0x8c, 0x65, 0x52, 0xff,
    0x8c, 0x65, 0x52, 0xff, 0x8c, 0x65, 0x52, 0xff, 0x8c, 0x65, 0x52, 0xff,
    0x8c, 0x65, 0x52, 0xff, 0x8c, 0x65, 0x52, 0xff, 0x8c, 0x65, 0x52, 0xff,
    0x8c, 0x65, 0x52, 0xff, 0x8c, 0x65, 0x52, 0xff, 0x8c, 0x65, 0x52, 0xff,
    0x8c, 0x65, 0x52, 0xff, 0x8c, 0x65, 0x52, 0xff, 0x8c, 0x65, 0x52, 0xff,
    0x8c, 0x65, 0x52, 0xff, 0x8c, 0x65, 0x52, 0xff, 0x8c, 0x65, 0x52, 0xff,
    0x8c, 0x65, 0x52, 0xff, 0x8c, 0x65, 0x52, 0xff, 0x8c, 0x65, 0x52, 0xff,
    0x8c, 0x65, 0x52, 0xff, 0x8c, 0x65, 0x52, 0xff, 0x8c, 0x65, 0x52, 0xff,
    0x8c, 0x65, 0x52, 0xff, 0x8c, 0x65, 0x52, 0xff, 0x8c, 0x65, 0x52, 0xff,
    0x8c, 0x65, 0x52, 0xff, 0x8c, 0x65, 0x52, 0xff, 0x8c, 0x65, 0x52, 0xff,
    0x8c, 0x65, 0x52, 0xff, 0x8c, 0x65, 0x52, 0xff, 0x8c, 0x65, 0x52, 0xff,
    0x8c, 0x65, 0x52, 0xff, 0x8c, 0x65, 0x52, 0xff, 0x8c, 0x65, 0x52, 0xff,
    0x8c, 0x65, 0x52, 0xff, 0x8c, 0x65, 0x52, 0xff, 0x8c, 0x65, 0x52, 0xff,
    0x8c, 0x65, 0x52, 0xff, 0x8c, 0x65, 0x52, 0xff, 0x8c, 0x65, 0x52, 0xff,
    0x8c, 0x65, 0x52, 0xff, 0x8c, 0x65, 0x52, 0xff, 0x8c, 0x65, 0x52, 0xff,
    0x8c, 0x65, 0x52, 0xff, 0x8c, 0x65, 0x52, 0xff, 0x8c, 0x65, 0x52, 0xff,
    0x8c, 0x65, 0x52, 0xff, 0x8c, 0x65, 0x52, 0xff, 0x8c, 0x65, 0x52, 0xff,
    0x8c, 0x65, 0x52, 0xff, 0x8c, 0x65, 0x52, 0xff, 0x8c, 0x65, 0x52, 0xff,
    0x8c, 0x65, 0x52, 0xff, 0x8c, 0x65, 0x52, 0xff, 0x8c, 0x65, 0x52, 0xff,
    0x8c, 0x65, 0x52, 0xff, 0x8c, 0x65, 0x52, 0xff, 0x8c, 0x65, 0x52, 0xff,
    0x8c, 0x65, 0x52, 0xff, 0x8c, 0x65, 0x52, 0xff, 0x8c, 0x65, 0x52, 0xff,
    0x8c, 0x65, 0x52, 0xff, 0x8c, 0x65, 0x52, 0xff, 0x8c, 0x65, 0x52, 0xff,
    0x8c, 0x65, 0x52, 0xff, 0x8c, 0x65, 0x52, 0xff, 0x8c, 0x65, 0x52, 0xff,
    0x8c, 0x65, 0x52, 0xff, 0x8c, 0x65, 0x52, 0xff, 0x8c, 0x65, 0x52, 0xff,
    0x8c, 0x65, 0x52, 0xff, 0x8c, 0x65, 0x52, 0xff, 0x8c, 0x65, 0x52, 0xff,
    0x8c, 0x65, 0x52, 0xff, 0x8c, 0x65, 0x52, 0xff, 0x8c, 0x65, 0x52, 0xff,
    0x8c, 0x65, 0x52, 0xff, 0x8c, 0x65, 0x52, 0xff, 0x8c, 0x65, 0x52, 0xff,
    0x8c, 0x65, 0x52, 0xff, 0x8c, 0x65, 0x52, 0xff, 0x8c, 0x65, 0x52, 0xff,
    0x8c, 0x65, 0x52, 0xff, 0x8c, 0x65, 0x52, 0xff, 0x8c, 0x65, 0x52, 0xff,
    0x8c, 0x65, 0x52, 0xff, 0x8c, 0x65, 0x52, 0xff, 0x8c, 0x65, 0x52, 0xff,
    0x8c, 0x65, 0x52, 0xff, 0x8c, 0x65, 0x52, 0xff, 0x8c, 0x65, 0x52, 0xff,
    0x8c, 0x65, 0x52, 0xff, 0x8c, 0x65, 0x52, 0xff, 0x8c, 0x65, 0x52, 0xff,
    0x8c, 0x65, 0x52, 0xff, 0x8c, 0x65, 0x52, 0xff, 0x8c, 0x65, 0x52, 0xff,
    0x8c, 0x65, 0x52, 0xff, 0x8c, 0x65, 0x52, 0xff, 0x8c, 0x65, 0x52, 0xff,
    0x8c, 0x65, 0x52, 0xff, 0x8c, 0x65, 0x52, 0xff, 0x8c, 0x65, 0x52, 0xff,
    0x8c, 0x65, 0x52, 0xff, 0x8c, 0x65, 0x52, 0xff, 0x8c, 0x65, 0x52, 0xff,
    0x8c, 0x65, 0x52, 0xff, 0x8c, 0x65, 0x52, 0xff, 0x8c, 0x65, 0x52, 0xff,
    0x8c, 0x65, 0x52, 0xff, 0x8c, 0x65, 0x52, 0xff, 0x8c, 0x65, 0x52, 0xff,
    0x8c, 0x65, 0x52, 0xff, 0x8c, 0x65, 0x52, 0xff, 0x8c, 0x65, 0x52, 0xff,
    0x8c, 0x65, 0x52, 0xff, 0x8c, 0x65, 0x52, 0xff, 0x8c, 0x65, 0x52, 0xff,
    0x8c, 0x65, 0x52, 0xff, 0x8c, 0x65, 0x52, 0xff, 0x8c, 0x65, 0x52, 0xff,
    0x8c, 0x65, 0x52, 0xff, 0x8c, 0x65, 0x52, 0xff, 0x8c, 0x65, 0x52, 0xff,
    0x8c, 0x65, 0x52, 0xff, 0x8c, 0x65, 0x52, 0xff, 0x8c, 0x65, 0x52, 0xff,
    0x8c, 0x65, 0x52, 0xff, 0x8c, 0x65, 0x52, 0xff, 0x8c, 0x65, 0x52, 0xff,
    0x8c, 0x65, 0x52, 0xff, 0x8c, 0x65, 0x52, 0xff, 0x8c, 0x65, 0x52, 0xff,
    0x8c, 0x65, 0x52, 0xff, 0x8c, 0x65, 0x52, 0xff, 0x8c, 0x65, 0x52, 0xff,
    0x8b, 0x65, 0x52, 0x94, 0x8b, 0x65, 0x51, 0x69, 0x8c, 0x65, 0x52, 0xff,
    0x8c, 0x65, 0x52, 0xff, 0x8c, 0x65, 0x52, 0xff, 0x8c, 0x65, 0x52, 0xff,
    0x8c, 0x65, 0x52, 0xff, 0x8c, 0x65, 0x52, 0xff, 0x8c, 0x65, 0x52, 0xff,
    0x8c, 0x65, 0x52, 0xff, 0x8c, 0x65, 0x52, 0xff, 0x8c, 0x65, 0x52, 0xff,
    0x8c, 0x65, 0x52, 0xff, 0x8c, 0x65, 0x52, 0xff, 0x8c, 0x65, 0x52, 0xff,
    0x8c, 0x65, 0x52, 0xff, 0x8c, 0x65, 0x52, 0xff, 0x8c, 0x65, 0x52, 0xff,
    0x8c, 0x65, 0x52, 0xff, 0x8c, 0x65, 0x52, 0xff, 0x8c, 0x65, 0x52, 0xff,
    0x8c, 0x65, 0x52, 0xff, 0x8c, 0x65, 0x52, 0xff, 0x8c, 0x65, 0x52, 0xff,
    0x8c, 0x65, 0x52, 0xff, 0x8c, 0x65, 0x52, 0xff, 0x8c, 0x65, 0x52, 0xff,
    0x8c, 0x65, 0x52, 0xff, 0x8c, 0x65, 0x52, 0xff, 0x8c, 0x65, 0x52, 0xff,
    0x8c, 0x65, 0x52, 0xff, 0x8c, 0x65, 0x52, 0xff, 0x8c, 0x65, 0x52, 0xff,
    0x8c, 0x65, 0x52, 0xff, 0x8c, 0x65, 0x52, 0xff, 0x8c, 0x65, 0x52, 0xff,
    0x8c, 0x65, 0x52, 0xff, 0x8c, 0x65, 0x52, 0xff, 0x8c, 0x65, 0x52, 0xff,
    0x8c, 0x65, 0x52, 0xff, 0x8c, 0x65, 0x52, 0xff, 0x8c, 0x65, 0x52, 0xff,
    0x8c, 0x65, 0x52, 0xff, 0x8c, 0x65, 0x52, 0xff, 0x8c, 0x65, 0x52, 0xff,
    0x8c, 0x65, 0x52, 0xff, 0x8c, 0x65, 0x52, 0xff, 0x8c, 0x65, 0x52, 0xff,
    0x8c, 0x65, 0x52, 0xff, 0x8c, 0x65, 0x52, 0xff, 0x8c, 0x65, 0x52, 0xff,
    0x8c, 0x65, 0x52, 0xff, 0x8c, 0x65, 0x52, 0xff, 0x8c, 0x65, 0x52, 0xff,
    0x8c, 0x65, 0x52, 0xff, 0x8c, 0x65, 0x52, 0xff, 0x8c, 0x65, 0x52, 0xff,
    0x8c, 0x65, 0x52, 0xff, 0x8c, 0x65, 0x52, 0xff, 0x8c, 0x65, 0x52, 0xff,
    0x8c, 0x65, 0x52, 0xff, 0x8c, 0x65, 0x52, 0xff, 0x8c, 0x65, 0x52, 0xff,
    0x8c, 0x65, 0x52, 0xff, 0x8c, 0x65, 0x52, 0xff, 0x8c, 0x65, 0x52, 0xff,
    0x8c, 0x65, 0x52, 0xff, 0x8c, 0x65, 0x52, 0xff, 0x8c, 0x65, 0x52, 0xff,
    0x8c, 0x65, 0x52, 0xff, 0x8c, 0x65, 0x52, 0xff, 0x8c, 0x65, 0x52, 0xff,
    0x8c, 0x65, 0x52, 0xff, 0x8c, 0x65, 0x52, 0xff, 0x8c, 0x65, 0x52, 0xff,
    0x8c, 0x65, 0x52, 0xff, 0x8c, 0x65, 0x52, 0xff, 0x8c, 0x65, 0x52, 0xff,
    0x8c, 0x65, 0x52, 0xff, 0x8c, 0x65, 0x52, 0xff, 0x8c, 0x65, 0x52, 0xff,
    0x8c, 0x65, 0x52, 0xff, 0x8c, 0x65, 0x52, 0xff, 0x8c, 0x65, 0x52, 0xff,
    0x8c, 0x65, 0x52, 0xff, 0x8c, 0x65, 0x52, 0xff, 0x8c, 0x65, 0x52, 0xff,
    0x8c, 0x65, 0x52, 0xff, 0x8c, 0x65, 0x52, 0xff, 0x8c, 0x65, 0x52, 0xff,
    0x8c, 0x65, 0x52, 0xff, 0x8c, 0x65, 0x52, 0xff, 0x8c, 0x65, 0x52, 0xff,
    0x8c, 0x65, 0x52, 0xff, 0x8c, 0x65, 0x52, 0xff, 0x8c, 0x65, 0x52, 0xff,
    0x8c, 0x65, 0x52, 0xff, 0x8c, 0x65, 0x52, 0xff, 0x8c, 0x65, 0x52, 0xff,
    0x8c, 0x65, 0x52, 0xff, 0x8c, 0x65, 0x52, 0xff, 0x8c, 0x65, 0x52, 0xff,
    0x8c, 0x65, 0x52, 0xff, 0x8c, 0x65, 0x52, 0xff, 0x8c, 0x65, 0x52, 0xff,
    0x8c, 0x65, 0x52, 0xff, 0x8c, 0x65, 0x52, 0xff, 0x8c, 0x65, 0x52, 0xff,
    0x8c, 0x65, 0x52, 0xff, 0x8c, 0x65, 0x52, 0xff, 0x8c, 0x65, 0x52, 0xff,
    0x8c, 0x65, 0x52, 0xff, 0x8c, 0x65, 0x52, 0xff, 0x8c, 0x65, 0x52, 0xff,
    0x8c, 0x65, 0x52, 0xff, 0x8c, 0x65, 0x52, 0xff, 0x8c, 0x65, 0x52, 0xff,
    0x8c, 0x65, 0x52, 0xff, 0x8c, 0x65, 0x52, 0xff, 0x8c, 0x65, 0x52, 0xff,
    0x8c, 0x65, 0x52, 0xff, 0x8c, 0x65, 0x52, 0xff, 0x8c, 0x65, 0x52, 0xff,
    0x8c, 0x65, 0x52, 0xff, 0x8c, 0x65, 0x52, 0xff, 0x8c, 0x65, 0x52, 0xff,
    0x8c, 0x65, 0x52, 0xff, 0x8c, 0x65, 0x52, 0xff, 0x8c, 0x65, 0x52, 0xff,
    0x8c, 0x65, 0x52, 0xff, 0x8c, 0x65, 0x52, 0xff, 0x8c, 0x65, 0x52, 0xff,
    0x8c, 0x65, 0x52, 0xff, 0x8c, 0x65, 0x52, 0xff, 0x8c, 0x65, 0x52, 0xff,
    0x8c, 0x65, 0x52, 0xff, 0x8c, 0x65, 0x52, 0xff, 0x8c, 0x65, 0x52, 0xff,
    0x8c, 0x65, 0x52, 0xff, 0x8c, 0x65, 0x52, 0xff, 0x8c, 0x65, 0x52, 0xff,
    0x8c, 0x65, 0x52, 0xff, 0x8c, 0x65, 0x52, 0xff, 0x8c, 0x65, 0x52, 0xff,
    0x8c, 0x65, 0x52, 0xff, 0x8c, 0x65, 0x52, 0xff, 0x8c, 0x65, 0x52, 0xff,
    0x8c, 0x65, 0x52, 0xff, 0x8c, 0x65, 0x52, 0xff, 0x8c, 0x65, 0x52, 0xff,
    0x8c, 0x65, 0x52, 0xff, 0x8b, 0x65, 0x52, 0x94, 0x8b, 0x65, 0x51, 0x69,
    0x8c, 0x65, 0x52, 0xff, 0x8c, 0x65, 0x52, 0xff, 0x8c, 0x65, 0x52, 0xff,
    0x8c, 0x65, 0x52, 0xff, 0x8c, 0x65, 0x52, 0xff, 0x8c, 0x65, 0x52, 0xff,
    0x8c, 0x65, 0x52, 0xff, 0x8c, 0x65, 0x52, 0xff, 0x8c, 0x65, 0x52, 0xff,
    0x8c, 0x65, 0x52, 0xff, 0x8c, 0x65, 0x52, 0xff, 0x8c, 0x65, 0x52, 0xff,
    0x8c, 0x65, 0x52, 0xff, 0x8c, 0x65, 0x52, 0xff, 0x8c, 0x65, 0x52, 0xff,
    0x8c, 0x65, 0x52, 0xff, 0x8c, 0x65, 0x52, 0xff, 0x8c, 0x65, 0x52, 0xff,
    0x8c, 0x65, 0x52, 0xff, 0x8c, 0x65, 0x52, 0xff, 0x8c, 0x65, 0x52, 0xff,
    0x8c, 0x65, 0x52, 0xff, 0x8c, 0x65, 0x52, 0xff, 0x8c, 0x65, 0x52, 0xff,
    0x8c, 0x65, 0x52, 0xff, 0x8c, 0x65, 0x52, 0xff, 0x8c, 0x65, 0x52, 0xff,
    0x8c, 0x65, 0x52, 0xff, 0x8c, 0x65, 0x52, 0xff, 0x8c, 0x65, 0x52, 0xff,
    0x8c, 0x65, 0x52, 0xff, 0x8c, 0x65, 0x52, 0xff, 0x8c, 0x65, 0x52, 0xff,
    0x8c, 0x65, 0x52, 0xff, 0x8c, 0x65, 0x52, 0xff, 0x8c, 0x65, 0x52, 0xff,
    0x8c, 0x65, 0x52, 0xff, 0x8c, 0x65, 0x52, 0xff, 0x8c, 0x65, 0x52, 0xff,
    0x8c, 0x65, 0x52, 0xff, 0x8c, 0x65, 0x52, 0xff, 0x8c, 0x65, 0x52, 0xff,
    0x8c, 0x65, 0x52, 0xff, 0x8c, 0x65, 0x52, 0xff, 0x8c, 0x65, 0x52, 0xff,
    0x8c, 0x65, 0x52, 0xff, 0x8c, 0x65, 0x52, 0xff, 0x8c, 0x65, 0x52, 0xff,
    0x8c, 0x65, 0x52, 0xff, 0x8c, 0x65, 0x52, 0xff, 0x8c, 0x65, 0x52, 0xff,
    0x8c, 0x65, 0x52, 0xff, 0x8c, 0x65, 0x52, 0xff, 0x8c, 0x65, 0x52, 0xff,
    0x8c, 0x65, 0x52, 0xff, 0x8c, 0x65, 0x52, 0xff, 0x8c, 0x65, 0x52, 0xff,
    0x8c, 0x65, 0x52, 0xff, 0x8c, 0x65, 0x52, 0xff, 0x8c, 0x65, 0x52, 0xff,
    0x8c, 0x65, 0x52, 0xff, 0x8c, 0x65, 0x52, 0xff, 0x8c, 0x65, 0x52, 0xff,
    0x8c, 0x65, 0x52, 0xff, 0x8c, 0x65, 0x52, 0xff, 0x8c, 0x65, 0x52, 0xff,
    0x8c, 0x65, 0x52, 0xff, 0x8c, 0x65, 0x52, 0xff, 0x8c, 0x65, 0x52, 0xff,
    0x8c, 0x65, 0x52, 0xff, 0x8c, 0x65, 0x52, 0xff, 0x8c, 0x65, 0x52, 0xff,
    0x8c, 0x65, 0x52, 0xff, 0x8c, 0x65, 0x52, 0xff, 0x8c, 0x65, 0x52, 0xff,
    0x8c, 0x65, 0x52, 0xff, 0x8c, 0x65, 0x52, 0xff, 0x8c, 0x65, 0x52, 0xff,
    0x8c, 0x65, 0x52, 0xff, 0x8c, 0x65, 0x52, 0xff, 0x8c, 0x65, 0x52, 0xff,
    0x8c, 0x65, 0x52, 0xff, 0x8c, 0x65, 0x52, 0xff, 0x8c, 0x65, 0x52, 0xff,
    0x8c, 0x65, 0x52, 0xff, 0x8c, 0x65, 0x52, 0xff, 0x8c, 0x65, 0x52, 0xff,
    0x8c, 0x65, 0x52, 0xff, 0x8c, 0x65, 0x52, 0xff, 0x8c, 0x65, 0x52, 0xff,
    0x8c, 0x65, 0x52, 0xff, 0x8c, 0x65, 0x52, 0xff, 0x8c, 0x65, 0x52, 0xff,
    0x8c, 0x65, 0x52, 0xff, 0x8c, 0x65, 0x52, 0xff, 0x8c, 0x65, 0x52, 0xff,
    0x8c, 0x65, 0x52, 0xff, 0x8c, 0x65, 0x52, 0xff, 0x8c, 0x65, 0x52, 0xff,
    0x8c, 0x65, 0x52, 0xff, 0x8c, 0x65, 0x52, 0xff, 0x8c, 0x65, 0x52, 0xff,
    0x8c, 0x65, 0x52, 0xff, 0x8c, 0x65, 0x52, 0xff, 0x8c, 0x65, 0x52, 0xff,
    0x8c, 0x65, 0x52, 0xff, 0x8c, 0x65, 0x52, 0xff, 0x8c, 0x65, 0x52, 0xff,
    0x8c, 0x65, 0x52, 0xff, 0x8c, 0x65, 0x52, 0xff, 0x8c, 0x65, 0x52, 0xff,
    0x8c, 0x65, 0x52, 0xff, 0x8c, 0x65, 0x52, 0xff, 0x8c, 0x65, 0x52, 0xff,
    0x8c, 0x65, 0x52, 0xff, 0x8c, 0x65, 0x52, 0xff, 0x8c, 0x65, 0x52, 0xff,
    0x8c, 0x65, 0x52, 0xff, 0x8c, 0x65, 0x52, 0xff, 0x8c, 0x65, 0x52, 0xff,
    0x8c, 0x65, 0x52, 0xff, 0x8c, 0x65, 0x52, 0xff, 0x8c, 0x65, 0x52, 0xff,
    0x8c, 0x65, 0x52, 0xff, 0x8c, 0x65, 0x52, 0xff, 0x8c, 0x65, 0x52, 0xff,
    0x8c, 0x65, 0x52, 0xff, 0x8c, 0x65, 0x52, 0xff, 0x8c, 0x65, 0x52, 0xff,
    0x8c, 0x65, 0x52, 0xff, 0x8c, 0x65, 0x52, 0xff, 0x8c, 0x65, 0x52, 0xff,
    0x8c, 0x65, 0x52, 0xff, 0x8c, 0x65, 0x52, 0xff, 0x8c, 0x65, 0x52, 0xff,
    0x8c, 0x65, 0x52, 0xff, 0x8c, 0x65, 0x52, 0xff, 0x8c, 0x65, 0x52, 0xff,
    0x8c, 0x65, 0x52, 0xff, 0x8c, 0x65, 0x52, 0xff, 0x8c, 0x65, 0x52, 0xff,
    0x8c, 0x65, 0x52, 0xff, 0x8c, 0x65, 0x52, 0xff, 0x8c, 0x65, 0x52, 0xff,
    0x8c, 0x65, 0x52, 0xff, 0x8c, 0x65, 0x52, 0xff, 0x8c, 0x65, 0x52, 0xff,
    0x8c, 0x65, 0x52, 0xff, 0x8c, 0x65, 0x52, 0xff, 0x8b, 0x65, 0x52, 0x94,
    0x8b, 0x65, 0x51, 0x69, 0x8c, 0x65, 0x52, 0xff, 0x8c, 0x65, 0x52, 0xff,
    0x8c, 0x65, 0x52, 0xff, 0x8c, 0x65, 0x52, 0xff, 0x8c, 0x65, 0x52, 0xff,
    0x8c, 0x65, 0x52, 0xff, 0x8c, 0x65, 0x52, 0xff, 0x8c, 0x65, 0x52, 0xff,
    0x8c, 0x65, 0x52, 0xff, 0x8c, 0x65, 0x52, 0xff, 0x8c, 0x65, 0x52, 0xff,
    0x8c, 0x65, 0x52, 0xff, 0x8c, 0x65, 0x52, 0xff, 0x8c, 0x65, 0x52, 0xff,
    0x8c, 0x65, 0x52, 0xff, 0x8c, 0x65, 0x52, 0xff, 0x8c, 0x65, 0x52, 0xff,
    0x8c, 0x65, 0x52, 0xff, 0x8c, 0x65, 0x52, 0xff, 0x8c, 0x65, 0x52, 0xff,
    0x8c, 0x65, 0x52, 0xff, 0x8c, 0x65, 0x52, 0xff, 0x8c, 0x65, 0x52, 0xff,
    0x8c, 0x65, 0x52, 0xff, 0x8c, 0x65, 0x52, 0xff, 0x8c, 0x65, 0x52, 0xff,
    0x8c, 0x65, 0x52, 0xff, 0x8c, 0x65, 0x52, 0xff, 0x8c, 0x65, 0x52, 0xff,
    0x8c, 0x65, 0x52, 0xff, 0x8c, 0x65, 0x52, 0xff, 0x8c, 0x65, 0x52, 0xff,
    0x8c, 0x65, 0x52, 0xff, 0x8c, 0x65, 0x52, 0xff, 0x8c, 0x65, 0x52, 0xff,
    0x8c, 0x65, 0x52, 0xff, 0x8c, 0x65, 0x52, 0xff, 0x8c, 0x65, 0x52, 0xff,
    0x8c, 0x65, 0x52, 0xff, 0x8c, 0x65, 0x52, 0xff, 0x8c, 0x65, 0x52, 0xff,
    0x8c, 0x65, 0x52, 0xff, 0x8c, 0x65, 0x52, 0xff, 0x8c, 0x65, 0x52, 0xff,
    0x8c, 0x65, 0x52, 0xff, 0x8c, 0x65, 0x52, 0xff, 0x8c, 0x65, 0x52, 0xff,
    0x8c, 0x65, 0x52, 0xff, 0x8c, 0x65, 0x52, 0xff, 0x8c, 0x65, 0x52, 0xff,
    0x8c, 0x65, 0x52, 0xff, 0x8c, 0x65, 0x52, 0xff, 0x8c, 0x65, 0x52, 0xff,
    0x8c, 0x65, 0x52, 0xff, 0x8c, 0x65, 0x52, 0xff, 0x8c, 0x65, 0x52, 0xff,
    0x8c, 0x65, 0x52, 0xff, 0x8c, 0x65, 0x52, 0xff, 0x8c, 0x65, 0x52, 0xff,
    0x8c, 0x65, 0x52, 0xff, 0x8c, 0x65, 0x52, 0xff, 0x8c, 0x65, 0x52, 0xff,
    0x8c, 0x65, 0x52, 0xff, 0x8c, 0x65, 0x52, 0xff, 0x8c, 0x65, 0x52, 0xff,
    0x8c, 0x65, 0x52, 0xff, 0x8c, 0x65, 0x52, 0xff, 0x8c, 0x65, 0x52, 0xff,
    0x8c, 0x65, 0x52, 0xff, 0x8c, 0x65, 0x52, 0xff, 0x8c, 0x65, 0x52, 0xff,
    0x8c, 0x65, 0x52, 0xff, 0x8c, 0x65, 0x52, 0xff, 0x8c, 0x65, 0x52, 0xff,
    0x8c, 0x65, 0x52, 0xff, 0x8c, 0x65, 0x52, 0xff, 0x8c, 0x65, 0x52, 0xff,
    0x8c, 0x65, 0x52, 0xff, 0x8c, 0x65, 0x52, 0xff, 0x8c, 0x65, 0x52, 0xff,
    0x8c, 0x65, 0x52, 0xff, 0x8c, 0x65, 0x52, 0xff, 0x8c, 0x65, 0x52, 0xff,
    0x8c, 0x65, 0x52, 0xff, 0x8c, 0x65, 0x52, 0xff, 0x8c, 0x65, 0x52, 0xff,
    0x8c, 0x65, 0x52, 0xff, 0x8c, 0x65, 0x52, 0xff, 0x8c, 0x65, 0x52, 0xff,
    0x8c, 0x65, 0x52, 0xff, 0x8c, 0x65, 0x52, 0xff, 0x8c, 0x65, 0x52, 0xff,
    0x8c, 0x65, 0x52, 0xff, 0x8c, 0x65, 0x52, 0xff, 0x8c, 0x65, 0x52, 0xff,
    0x8c, 0x65, 0x52, 0xff, 0x8c, 0x65, 0x52, 0xff, 0x8c, 0x65, 0x52, 0xff,
    0x8c, 0x65, 0x52, 0xff, 0x8c, 0x65, 0x52, 0xff, 0x8c, 0x65, 0x52, 0xff,
    0x8c, 0x65, 0x52, 0xff, 0x8c, 0x65, 0x52, 0xff, 0x8c, 0x65, 0x52, 0xff,
    0x8c, 0x65, 0x52, 0xff, 0x8c, 0x65, 0x52, 0xff, 0x8c, 0x65, 0x52, 0xff,
    0x8c, 0x65, 0x52, 0xff, 0x8c, 0x65, 0x52, 0xff, 0x8c, 0x65, 0x52, 0xff,
    0x8c, 0x65, 0x52, 0xff, 0x8c, 0x65, 0x52, 0xff, 0x8c, 0x65, 0x52, 0xff,
    0x8c, 0x65, 0x52, 0xff, 0x8c, 0x65, 0x52, 0xff, 0x8c, 0x65, 0x52, 0xff,
    0x8c, 0x65, 0x52, 0xff, 0x8c, 0x65, 0x52, 0xff, 0x8c, 0x65, 0x52, 0xff,
    0x8c, 0x65, 0x52, 0xff, 0x8c, 0x65, 0x52, 0xff, 0x8c, 0x65, 0x52, 0xff,
    0x8c, 0x65, 0x52, 0xff, 0x8c, 0x65, 0x52, 0xff, 0x8c, 0x65, 0x52, 0xff,
    0x8c, 0x65, 0x52, 0xff, 0x8c, 0x65, 0x52, 0xff, 0x8c, 0x65, 0x52, 0xff,
    0x8c, 0x65, 0x52, 0xff, 0x8c, 0x65, 0x52, 0xff, 0x8c, 0x65, 0x52, 0xff,
    0x8c, 0x65, 0x52, 0xff, 0x8c, 0x65, 0x52, 0xff, 0x8c, 0x65, 0x52, 0xff,
    0x8c, 0x65, 0x52, 0xff, 0x8c, 0x65, 0x52, 0xff, 0x8c, 0x65, 0x52, 0xff,
    0x8c, 0x65, 0x52, 0xff, 0x8c, 0x65, 0x52, 0xff, 0x8c, 0x65, 0x52, 0xff,
    0x8c, 0x65, 0x52, 0xff, 0x8c, 0x65, 0x52, 0xff, 0x8c, 0x65, 0x52, 0xff,
    0x8c, 0x65, 0x52, 0xff, 0x8c, 0x65, 0x52, 0xff, 0x8c, 0x65, 0x52, 0xff,
    0x8c, 0x65, 0x52, 0xff, 0x8c, 0x65, 0x52, 0xff, 0x8c, 0x65, 0x52, 0xff,
    0x8b, 0x65, 0x52, 0x94, 0x8b, 0x65, 0x51, 0x69, 0x8c, 0x65, 0x52, 0xff,
    0x8c, 0x65, 0x52, 0xff, 0x8c, 0x65, 0x52, 0xff, 0x8c, 0x65, 0x52, 0xff,
    0x8c, 0x65, 0x52, 0xff, 0x8c, 0x65, 0x52, 0xff, 0x8c, 0x65, 0x52, 0xff,
    0x8c, 0x65, 0x52, 0xff, 0x8c, 0x65, 0x52, 0xff, 0x8c, 0x65, 0x52, 0xff,
    0x8c, 0x65, 0x52, 0xff, 0x8c, 0x65, 0x52, 0xff, 0x8c, 0x65, 0x52, 0xff,
    0x8c, 0x65, 0x52, 0xff, 0x8c, 0x65, 0x52, 0xff, 0x8c, 0x65, 0x52, 0xff,
    0x8c, 0x65, 0x52, 0xff, 0x8c, 0x65, 0x52, 0xff, 0x8c, 0x65, 0x52, 0xff,
    0x8c, 0x65, 0x52, 0xff, 0x8c, 0x65, 0x52, 0xff, 0x8c, 0x65, 0x52, 0xff,
    0x8c, 0x65, 0x52, 0xff, 0x8c, 0x65, 0x52, 0xff, 0x8c, 0x65, 0x52, 0xff,
    0x8c, 0x65, 0x52, 0xff, 0x8c, 0x65, 0x52, 0xff, 0x8c, 0x65, 0x52, 0xff,
    0x8c, 0x65, 0x52, 0xff, 0x8c, 0x65, 0x52, 0xff, 0x8c, 0x65, 0x52, 0xff,
    0x8c, 0x65, 0x52, 0xff, 0x8c, 0x65, 0x52, 0xff, 0x8c, 0x65, 0x52, 0xff,
    0x8c, 0x65, 0x52, 0xff, 0x8c, 0x65, 0x52, 0xff, 0x8c, 0x65, 0x52, 0xff,
    0x8c, 0x65, 0x52, 0xff, 0x8c, 0x65, 0x52, 0xff, 0x8c, 0x65, 0x52, 0xff,
    0x8c, 0x65, 0x52, 0xff, 0x8c, 0x65, 0x52, 0xff, 0x8c, 0x65, 0x52, 0xff,
    0x8c, 0x65, 0x52, 0xff, 0x8c, 0x65, 0x52, 0xff, 0x8c, 0x65, 0x52, 0xff,
    0x8c, 0x65, 0x52, 0xff, 0x8c, 0x65, 0x52, 0xff, 0x8c, 0x65, 0x52, 0xff,
    0x8c, 0x65, 0x52, 0xff, 0x8c, 0x65, 0x52, 0xff, 0x8c, 0x65, 0x52, 0xff,
    0x8c, 0x65, 0x52, 0xff, 0x8c, 0x65, 0x52, 0xff, 0x8c, 0x65, 0x52, 0xff,
    0x8c, 0x65, 0x52, 0xff, 0x8c, 0x65, 0x52, 0xff, 0x8c, 0x65, 0x52, 0xff,
    0x8c, 0x65, 0x52, 0xff, 0x8c, 0x65, 0x52, 0xff, 0x8c, 0x65, 0x52, 0xff,
    0x8c, 0x65, 0x52, 0xff, 0x8c, 0x65, 0x52, 0xff, 0x8c, 0x65, 0x52, 0xff,
    0x8c, 0x65, 0x52, 0xff, 0x8c, 0x65, 0x52, 0xff, 0x8c, 0x65, 0x52, 0xff,
    0x8c, 0x65, 0x52, 0xff, 0x8c, 0x65, 0x52, 0xff, 0x8c, 0x65, 0x52, 0xff,
    0x8c, 0x65, 0x52, 0xff, 0x8c, 0x65, 0x52, 0xff, 0x8c, 0x65, 0x52, 0xff,
    0x8c, 0x65, 0x52, 0xff, 0x8c, 0x65, 0x52, 0xff, 0x8c, 0x65, 0x52, 0xff,
    0x8c, 0x65, 0x52, 0xff, 0x8c, 0x65, 0x52, 0xff, 0x8c, 0x65, 0x52, 0xff,
    0x8c, 0x65, 0x52, 0xff, 0x8c, 0x65, 0x52, 0xff, 0x8c, 0x65, 0x52, 0xff,
    0x8c, 0x65, 0x52, 0xff, 0x8c, 0x65, 0x52, 0xff, 0x8c, 0x65, 0x52, 0xff,
    0x8c, 0x65, 0x52, 0xff, 0x8c, 0x65, 0x52, 0xff, 0x8c, 0x65, 0x52, 0xff,
    0x8c, 0x65, 0x52, 0xff, 0x8c, 0x65, 0x52, 0xff, 0x8c, 0x65, 0x52, 0xff,
    0x8c, 0x65, 0x52, 0xff, 0x8c, 0x65, 0x52, 0xff, 0x8c, 0x65, 0x52, 0xff,
    0x8c, 0x65, 0x52, 0xff, 0x8c, 0x65, 0x52, 0xff, 0x8c, 0x65, 0x52, 0xff,
    0x8c, 0x65, 0x52, 0xff, 0x8c, 0x65, 0x52, 0xff, 0x8c, 0x65, 0x52, 0xff,
    0x8c, 0x65, 0x52, 0xff, 0x8c, 0x65, 0x52, 0xff, 0x8c, 0x65, 0x52, 0xff,
    0x8c, 0x65, 0x52, 0xff, 0x8c, 0x65, 0x52, 0xff, 0x8c, 0x65, 0x52, 0xff,
    0x8c, 0x65, 0x52, 0xff, 0x8c, 0x65, 0x52, 0xff, 0x8c, 0x65, 0x52, 0xff,
    0x8c, 0x65, 0x52, 0xff, 0x8c, 0x65, 0x52, 0xff, 0x8c, 0x65, 0x52, 0xff,
    0x8c, 0x65, 0x52, 0xff, 0x8c, 0x65, 0x52, 0xff, 0x8c, 0x65, 0x52, 0xff,
    0x8c, 0x65, 0x52, 0xff, 0x8c, 0x65, 0x52, 0xff, 0x8c, 0x65, 0x52, 0xff,
    0x8c, 0x65, 0x52, 0xff, 0x8c, 0x65, 0x52, 0xff, 0x8c, 0x65, 0x52, 0xff,
    0x8c, 0x65, 0x52, 0xff, 0x8c, 0x65, 0x52, 0xff, 0x8c, 0x65, 0x52, 0xff,
    0x8c, 0x65, 0x52, 0xff, 0x8c, 0x65, 0x52, 0xff, 0x8c, 0x65, 0x52, 0xff,
    0x8c, 0x65, 0x52, 0xff, 0x8c, 0x65, 0x52, 0xff, 0x8c, 0x65, 0x52, 0xff,
    0x8c, 0x65, 0x52, 0xff, 0x8c, 0x65, 0x52, 0xff, 0x8c, 0x65, 0x52, 0xff,
    0x8c, 0x65, 0x52, 0xff, 0x8c, 0x65, 0x52, 0xff, 0x8c, 0x65, 0x52, 0xff,
    0x8c, 0x65, 0x52, 0xff, 0x8c, 0x65, 0x52, 0xff, 0x8c, 0x65, 0x52, 0xff,
    0x8c, 0x65, 0x52, 0xff, 0x8c, 0x65, 0x52, 0xff, 0x8c, 0x65, 0x52, 0xff,
    0x8c, 0x65, 0x52, 0xff, 0x8c, 0x65, 0x52, 0xff, 0x8c, 0x65, 0x52, 0xff,
    0x8c, 0x65, 0x52, 0xff, 0x8c, 0x65, 0x52, 0xff, 0x8c, 0x65, 0x52, 0xff,
    0x8c, 0x65, 0x52, 0xff, 0x8b, 0x65, 0x52, 0x94, 0x8b, 0x65, 0x51, 0x69,
    0x8c, 0x65, 0x52, 0xff, 0x8c, 0x65, 0x52, 0xff, 0x8c, 0x65, 0x52, 0xff,
    0x8c, 0x65, 0x52, 0xff, 0x8c, 0x65, 0x52, 0xff, 0x8c, 0x65, 0x52, 0xff,
    0x8c, 0x65, 0x52, 0xff, 0x8c, 0x65, 0x52, 0xff, 0x8c, 0x65, 0x52, 0xff,
    0x8c, 0x65, 0x52, 0xff, 0x8c, 0x65, 0x52, 0xff, 0x8c, 0x65, 0x52, 0xff,
    0x8c, 0x65, 0x52, 0xff, 0x8c, 0x65, 0x52, 0xff, 0x8c, 0x65, 0x52, 0xff,
    0x8c, 0x65, 0x52, 0xff, 0x8c, 0x65, 0x52, 0xff, 0x8c, 0x65, 0x52, 0xff,
    0x8c, 0x65, 0x52, 0xff, 0x8c, 0x65, 0x52, 0xff, 0x8c, 0x65, 0x52, 0xff,
    0x8c, 0x65, 0x52, 0xff, 0x8c, 0x65, 0x52, 0xff, 0x8c, 0x65, 0x52, 0xff,
    0x8c, 0x65, 0x52, 0xff, 0x8c, 0x65, 0x52, 0xff, 0x8c, 0x65, 0x52, 0xff,
    0x8c, 0x65, 0x52, 0xff, 0x8c, 0x65, 0x52, 0xff, 0x8c, 0x65, 0x52, 0xff,
    0x8c, 0x65, 0x52, 0xff, 0x8c, 0x65, 0x52, 0xff, 0x8c, 0x65, 0x52, 0xff,
    0x8c, 0x65, 0x52, 0xff, 0x8c, 0x65, 0x52, 0xff, 0x8c, 0x65, 0x52, 0xff,
    0x8c, 0x65, 0x52, 0xff, 0x8c, 0x65, 0x52, 0xff, 0x8c, 0x65, 0x52, 0xff,
    0x8c, 0x65, 0x52, 0xff, 0x8c, 0x65, 0x52, 0xff, 0x8c, 0x65, 0x52, 0xff,
    0x8c, 0x65, 0x52, 0xff, 0x8c, 0x65, 0x52, 0xff, 0x8c, 0x65, 0x52, 0xff,
    0x8c, 0x65, 0x52, 0xff, 0x8c, 0x65, 0x52, 0xff, 0x8c, 0x65, 0x52, 0xff,
    0x8c, 0x65, 0x52, 0xff, 0x8c, 0x65, 0x52, 0xff, 0x8c, 0x65, 0x52, 0xff,
    0x8c, 0x65, 0x52, 0xff, 0x8c, 0x65, 0x52, 0xff, 0x8c, 0x65, 0x52, 0xff,
    0x8c, 0x65, 0x52, 0xff, 0x8c, 0x65, 0x52, 0xff, 0x8c, 0x65, 0x52, 0xff,
    0x8c, 0x65, 0x52, 0xff, 0x8c, 0x65, 0x52, 0xff, 0x8c, 0x65, 0x52, 0xff,
    0x8c, 0x65, 0x52, 0xff, 0x8c, 0x65, 0x52, 0xff, 0x8c, 0x65, 0x52, 0xff,
    0x8c, 0x65, 0x52, 0xff, 0x8c, 0x65, 0x52, 0xff, 0x8c, 0x65, 0x52, 0xff,
    0x8c, 0x65, 0x52, 0xff, 0x8c, 0x65, 0x52, 0xff, 0x8c, 0x65, 0x52, 0xff,
    0x8c, 0x65, 0x52, 0xff, 0x8c, 0x65, 0x52, 0xff, 0x8c, 0x65, 0x52, 0xff,
    0x8c, 0x65, 0x52, 0xff, 0x8c, 0x65, 0x52, 0xff, 0x8c, 0x65, 0x52, 0xff,
    0x8c, 0x65, 0x52, 0xff, 0x8c, 0x65, 0x52, 0xff, 0x8c, 0x65, 0x52, 0xff,
    0x8c, 0x65, 0x52, 0xff, 0x8c, 0x65, 0x52, 0xff, 0x8c, 0x65, 0x52, 0xff,
    0x8c, 0x65, 0x52, 0xff, 0x8c, 0x65, 0x52, 0xff, 0x8c, 0x65, 0x52, 0xff,
    0x8c, 0x65, 0x52, 0xff, 0x8c, 0x65, 0x52, 0xff, 0x8c, 0x65, 0x52, 0xff,
    0x8c, 0x65, 0x52, 0xff, 0x8c, 0x65, 0x52, 0xff, 0x8c, 0x65, 0x52, 0xff,
    0x8c, 0x65, 0x52, 0xff, 0x8c, 0x65, 0x52, 0xff, 0x8c, 0x65, 0x52, 0xff,
    0x8c, 0x65, 0x52, 0xff, 0x8c, 0x65, 0x52, 0xff, 0x8c, 0x65, 0x52, 0xff,
    0x8c, 0x65, 0x52, 0xff, 0x8c, 0x65, 0x52, 0xff, 0x8c, 0x65, 0x52, 0xff,
    0x8c, 0x65, 0x52, 0xff, 0x8c, 0x65, 0x52, 0xff, 0x8c, 0x65, 0x52, 0xff,
    0x8c, 0x65, 0x52, 0xff, 0x8c, 0x65, 0x52, 0xff, 0x8c, 0x65, 0x52, 0xff,
    0x8c, 0x65, 0x52, 0xff, 0x8c, 0x65, 0x52, 0xff, 0x8c, 0x65, 0x52, 0xff,
    0x8c, 0x65, 0x52, 0xff, 0x8c, 0x65, 0x52, 0xff, 0x8c, 0x65, 0x52, 0xff,
    0x8c, 0x65, 0x52, 0xff, 0x8c, 0x65, 0x52, 0xff, 0x8c, 0x65, 0x52, 0xff,
    0x8c, 0x65, 0x52, 0xff, 0x8c, 0x65, 0x52, 0xff, 0x8c, 0x65, 0x52, 0xff,
    0x8c, 0x65, 0x52, 0xff, 0x8c, 0x65, 0x52, 0xff, 0x8c, 0x65, 0x52, 0xff,
    0x8c, 0x65, 0x52, 0xff, 0x8c, 0x65, 0x52, 0xff, 0x8c, 0x65, 0x52, 0xff,
    0x8c, 0x65, 0x52, 0xff, 0x8c, 0x65, 0x52, 0xff, 0x8c, 0x65, 0x52, 0xff,
    0x8c, 0x65, 0x52, 0xff, 0x8c, 0x65, 0x52, 0xff, 0x8c, 0x65, 0x52, 0xff,
    0x8c, 0x65, 0x52, 0xff, 0x8c, 0x65, 0x52, 0xff, 0x8c, 0x65, 0x52, 0xff,
    0x8c, 0x65, 0x52, 0xff, 0x8c, 0x65, 0x52, 0xff, 0x8c, 0x65, 0x52, 0xff,
    0x8c, 0x65, 0x52, 0xff, 0x8c, 0x65, 0x52, 0xff, 0x8c, 0x65, 0x52, 0xff,
    0x8c, 0x65, 0x52, 0xff, 0x8c, 0x65, 0x52, 0xff, 0x8c, 0x65, 0x52, 0xff,
    0x8c, 0x65, 0x52, 0xff, 0x8c, 0x65, 0x52, 0xff, 0x8c, 0x65, 0x52, 0xff,
    0x8c, 0x65, 0x52, 0xff, 0x8c, 0x65, 0x52, 0xff, 0x8c, 0x65, 0x52, 0xff,
    0x8c, 0x65, 0x52, 0xff, 0x8c, 0x65, 0x52, 0xff, 0x8b, 0x65, 0x52, 0x94,
    0x8b, 0x65, 0x51, 0x69, 0x8c, 0x65, 0x52, 0xff, 0x8c, 0x65, 0x52, 0xff,
    0x8c, 0x65, 0x52, 0xff, 0x8c, 0x65, 0x52, 0xff, 0x8c, 0x65, 0x52, 0xff,
    0x8c, 0x65, 0x52, 0xff, 0x8c, 0x65, 0x52, 0xff, 0x8c, 0x65, 0x52, 0xff,
    0x8c, 0x65, 0x52, 0xff, 0x8c, 0x65, 0x52, 0xff, 0x8c, 0x65, 0x52, 0xff,
    0x8c, 0x65, 0x52, 0xff, 0x8c, 0x65, 0x52, 0xff, 0x8c, 0x65, 0x52, 0xff,
    0x8c, 0x65, 0x52, 0xff, 0x8c, 0x65, 0x52, 0xff, 0x8c, 0x65, 0x52, 0xff,
    0x8c, 0x65, 0x52, 0xff, 0x8c, 0x65, 0x52, 0xff, 0x8c, 0x65, 0x52, 0xff,
    0x8c, 0x65, 0x52, 0xff, 0x8c, 0x65, 0x52, 0xff, 0x8c, 0x65, 0x52, 0xff,
    0x8c, 0x65, 0x52, 0xff, 0x8c, 0x65, 0x52, 0xff, 0x8c, 0x65, 0x52, 0xff,
    0x8c, 0x65, 0x52, 0xff, 0x8c, 0x65, 0x52, 0xff, 0x8c, 0x65, 0x52, 0xff,
    0x8c, 0x65, 0x52, 0xff, 0x8c, 0x65, 0x52, 0xff, 0x8c, 0x65, 0x52, 0xff,
    0x8c, 0x65, 0x52, 0xff, 0x8c, 0x65, 0x52, 0xff, 0x8c, 0x65, 0x52, 0xff,
    0x8c, 0x65, 0x52, 0xff, 0x8c, 0x65, 0x52, 0xff, 0x8c, 0x65, 0x52, 0xff,
    0x8c, 0x65, 0x52, 0xff, 0x8c, 0x65, 0x52, 0xff, 0x8c, 0x65, 0x52, 0xff,
    0x8c, 0x65, 0x52, 0xff, 0x8c, 0x65, 0x52, 0xff, 0x8c, 0x65, 0x52, 0xff,
    0x8c, 0x65, 0x52, 0xff, 0x8c, 0x65, 0x52, 0xff, 0x8c, 0x65, 0x52, 0xff,
    0x8c, 0x65, 0x52, 0xff, 0x8c, 0x65, 0x52, 0xff, 0x8c, 0x65, 0x52, 0xff,
    0x8c, 0x65, 0x52, 0xff, 0x8c, 0x65, 0x52, 0xff, 0x8c, 0x65, 0x52, 0xff,
    0x8c, 0x65, 0x52, 0xff, 0x8c, 0x65, 0x52, 0xff, 0x8c, 0x65, 0x52, 0xff,
    0x8c, 0x65, 0x52, 0xff, 0x8c, 0x65, 0x52, 0xff, 0x8c, 0x65, 0x52, 0xff,
    0x8c, 0x65, 0x52, 0xff, 0x8c, 0x65, 0x52, 0xff, 0x8c, 0x65, 0x52, 0xff,
    0x8c, 0x65, 0x52, 0xff, 0x8c, 0x65, 0x52, 0xff, 0x8c, 0x65, 0x52, 0xff,
    0x8c, 0x65, 0x52, 0xff, 0x8c, 0x65, 0x52, 0xff, 0x8c, 0x65, 0x52, 0xff,
    0x8c, 0x65, 0x52, 0xff, 0x8c, 0x65, 0x52, 0xff, 0x8c, 0x65, 0x52, 0xff,
    0x8c, 0x65, 0x52, 0xff, 0x8c, 0x65, 0x52, 0xff, 0x8c, 0x65, 0x52, 0xff,
    0x8c, 0x65, 0x52, 0xff, 0x8c, 0x65, 0x52, 0xff, 0x8c, 0x65, 0x52, 0xff,
    0x8c, 0x65, 0x52, 0xff, 0x8c, 0x65, 0x52, 0xff, 0x8c, 0x65, 0x52, 0xff,
    0x8c, 0x65, 0x52, 0xff, 0x8c, 0x65, 0x52, 0xff, 0x8c, 0x65, 0x52, 0xff,
    0x8c, 0x65, 0x52, 0xff, 0x8c, 0x65, 0x52, 0xff, 0x8c, 0x65, 0x52, 0xff,
    0x8c, 0x65, 0x52, 0xff, 0x8c, 0x65, 0x52, 0xff, 0x8c, 0x65, 0x52, 0xff,
    0x8c, 0x65, 0x52, 0xff, 0x8c, 0x65, 0x52, 0xff, 0x8c, 0x65, 0x52, 0xff,
    0x8c, 0x65, 0x52, 0xff, 0x8c, 0x65, 0x52, 0xff, 0x8c, 0x65, 0x52, 0xff,
    0x8c, 0x65, 0x52, 0xff, 0x8c, 0x65, 0x52, 0xff, 0x8c, 0x65, 0x52, 0xff,
    0x8c, 0x65, 0x52, 0xff, 0x8c, 0x65, 0x52, 0xff, 0x8c, 0x65, 0x52, 0xff,
    0x8c, 0x65, 0x52, 0xff, 0x8c, 0x65, 0x52, 0xff, 0x8c, 0x65, 0x52, 0xff,
    0x8c, 0x65, 0x52, 0xff, 0x8c, 0x65, 0x52, 0xff, 0x8c, 0x65, 0x52, 0xff,
    0x8c, 0x65, 0x52, 0xff, 0x8c, 0x65, 0x52, 0xff, 0x8c, 0x65, 0x52, 0xff,
    0x8c, 0x65, 0x52, 0xff, 0x8c, 0x65, 0x52, 0xff, 0x8c, 0x65, 0x52, 0xff,
    0x8c, 0x65, 0x52, 0xff, 0x8c, 0x65, 0x52, 0xff, 0x8c, 0x65, 0x52, 0xff,
    0x8c, 0x65, 0x52, 0xff, 0x8c, 0x65, 0x52, 0xff, 0x8c, 0x65, 0x52, 0xff,
    0x8c, 0x65, 0x52, 0xff, 0x8c, 0x65, 0x52, 0xff, 0x8c, 0x65, 0x52, 0xff,
    0x8c, 0x65, 0x52, 0xff, 0x8c, 0x65, 0x52, 0xff, 0x8c, 0x65, 0x52, 0xff,
    0x8c, 0x65, 0x52, 0xff, 0x8c, 0x65, 0x52, 0xff, 0x8c, 0x65, 0x52, 0xff,
    0x8c, 0x65, 0x52, 0xff, 0x8c, 0x65, 0x52, 0xff, 0x8c, 0x65, 0x52, 0xff,
    0x8c, 0x65, 0x52, 0xff, 0x8c, 0x65, 0x52, 0xff, 0x8c, 0x65, 0x52, 0xff,
    0x8c, 0x65, 0x52, 0xff, 0x8c, 0x65, 0x52, 0xff, 0x8c, 0x65, 0x52, 0xff,
    0x8c, 0x65, 0x52, 0xff, 0x8c, 0x65, 0x52, 0xff, 0x8c, 0x65, 0x52, 0xff,
    0x8c, 0x65, 0x52, 0xff, 0x8c, 0x65, 0x52, 0xff, 0x8c, 0x65, 0x52, 0xff,
    0x8c, 0x65, 0x52, 0xff, 0x8c, 0x65, 0x52, 0xff, 0x8c, 0x65, 0x52, 0xff,
    0x8c, 0x65, 0x52, 0xff, 0x8c, 0x65, 0x52, 0xff, 0x8c, 0x65, 0x52, 0xff,
    0x8b, 0x65, 0x52, 0x94, 0x8b, 0x65, 0x51, 0x69, 0x8c, 0x65, 0x52, 0xff,
    0x8c, 0x65, 0x52, 0xff, 0x8c, 0x65, 0x52, 0xff, 0x8c, 0x65, 0x52, 0xff,
    0x8c, 0x65, 0x52, 0xff, 0x8c, 0x65, 0x52, 0xff, 0x8c, 0x65, 0x52, 0xff,
    0x8c, 0x65, 0x52, 0xff, 0x8c, 0x65, 0x52, 0xff, 0x8c, 0x65, 0x52, 0xff,
    0x8c, 0x65, 0x52, 0xff, 0x8c, 0x65, 0x52, 0xff, 0x8c, 0x65, 0x52, 0xff,
    0x8c, 0x65, 0x52, 0xff, 0x8c, 0x65, 0x52, 0xff, 0x8c, 0x65, 0x52, 0xff,
    0x8c, 0x65, 0x52, 0xff, 0x8c, 0x65, 0x52, 0xff, 0x8c, 0x65, 0x52, 0xff,
    0x8c, 0x65, 0x52, 0xff, 0x8c, 0x65, 0x52, 0xff, 0x8c, 0x65, 0x52, 0xff,
    0x8c, 0x65, 0x52, 0xff, 0x8c, 0x65, 0x52, 0xff, 0x8c, 0x65, 0x52, 0xff,
    0x8c, 0x65, 0x52, 0xff, 0x8c, 0x65, 0x52, 0xff, 0x8c, 0x65, 0x52, 0xff,
    0x8c, 0x65, 0x52, 0xff, 0x8c, 0x65, 0x52, 0xff, 0x8c, 0x65, 0x52, 0xff,
    0x8c, 0x65, 0x52, 0xff, 0x8c, 0x65, 0x52, 0xff, 0x8c, 0x65, 0x52, 0xff,
    0x8c, 0x65, 0x52, 0xff, 0x8c, 0x65, 0x52, 0xff, 0x8c, 0x65, 0x52, 0xff,
    0x8c, 0x65, 0x52, 0xff, 0x8c, 0x65, 0x52, 0xff, 0x8c, 0x65, 0x52, 0xff,
    0x8c, 0x65, 0x52, 0xff, 0x8c, 0x65, 0x52, 0xff, 0x8c, 0x65, 0x52, 0xff,
    0x8c, 0x65, 0x52, 0xff, 0x8c, 0x65, 0x52, 0xff, 0x8c, 0x65, 0x52, 0xff,
    0x8c, 0x65, 0x52, 0xff, 0x8c, 0x65, 0x52, 0xff, 0x8c, 0x65, 0x52, 0xff,
    0x8c, 0x65, 0x52, 0xff, 0x8c, 0x65, 0x52, 0xff, 0x8c, 0x65, 0x52, 0xff,
    0x8c, 0x65, 0x52, 0xff, 0x8c, 0x65, 0x52, 0xff, 0x8c, 0x65, 0x52, 0xff,
    0x8c, 0x65, 0x52, 0xff, 0x8c, 0x65, 0x52, 0xff, 0x8c, 0x65, 0x52, 0xff,
    0x8c, 0x65, 0x52, 0xff, 0x8c, 0x65, 0x52, 0xff, 0x8c, 0x65, 0x52, 0xff,
    0x8c, 0x65, 0x52, 0xff, 0x8c, 0x65, 0x52, 0xff, 0x8c, 0x65, 0x52, 0xff,
    0x8c, 0x65, 0x52, 0xff, 0x8c, 0x65, 0x52, 0xff, 0x8c, 0x65, 0x52, 0xff,
    0x8c, 0x65, 0x52, 0xff, 0x8c, 0x65, 0x52, 0xff, 0x8c, 0x65, 0x52, 0xff,
    0x8c, 0x65, 0x52, 0xff, 0x8c, 0x65, 0x52, 0xff, 0x8c, 0x65, 0x52, 0xff,
    0x8c, 0x65, 0x52, 0xff, 0x8c, 0x65, 0x52, 0xff, 0x8c, 0x65, 0x52, 0xff,
    0x8c, 0x65, 0x52, 0xff, 0x8c, 0x65, 0x52, 0xff, 0x8c, 0x65, 0x52, 0xff,
    0x8c, 0x65, 0x52, 0xff, 0x8c, 0x65, 0x52, 0xff, 0x8c, 0x65, 0x52, 0xff,
    0x8c, 0x65, 0x52, 0xff, 0x8c, 0x65, 0x52, 0xff, 0x8c, 0x65, 0x52, 0xff,
    0x8c, 0x65, 0x52, 0xff, 0x8c, 0x65, 0x52, 0xff, 0x8c, 0x65, 0x52, 0xff,
    0x8c, 0x65, 0x52, 0xff, 0x8c, 0x65, 0x52, 0xff, 0x8c, 0x65, 0x52, 0xff,
    0x8c, 0x65, 0x52, 0xff, 0x8c, 0x65, 0x52, 0xff, 0x8c, 0x65, 0x52, 0xff,
    0x8c, 0x65, 0x52, 0xff, 0x8c, 0x65, 0x52, 0xff, 0x8c, 0x65, 0x52, 0xff,
    0x8c, 0x65, 0x52, 0xff, 0x8c, 0x65, 0x52, 0xff, 0x8c, 0x65, 0x52, 0xff,
    0x8c, 0x65, 0x52, 0xff, 0x8c, 0x65, 0x52, 0xff, 0x8c, 0x65, 0x52, 0xff,
    0x8c, 0x65, 0x52, 0xff, 0x8c, 0x65, 0x52, 0xff, 0x8c, 0x65, 0x52, 0xff,
    0x8c, 0x65, 0x52, 0xff, 0x8c, 0x65, 0x52, 0xff, 0x8c, 0x65, 0x52, 0xff,
    0x8c, 0x65, 0x52, 0xff, 0x8c, 0x65, 0x52, 0xff, 0x8c, 0x65, 0x52, 0xff,
    0x8c, 0x65, 0x52, 0xff, 0x8c, 0x65, 0x52, 0xff, 0x8c, 0x65, 0x52, 0xff,
    0x8c, 0x65, 0x52, 0xff, 0x8c, 0x65, 0x52, 0xff, 0x8c, 0x65, 0x52, 0xff,
    0x8c, 0x65, 0x52, 0xff, 0x8c, 0x65, 0x52, 0xff, 0x8c, 0x65, 0x52, 0xff,
    0x8c, 0x65, 0x52, 0xff, 0x8c, 0x65, 0x52, 0xff, 0x8c, 0x65, 0x52, 0xff,
    0x8c, 0x65, 0x52, 0xff, 0x8c, 0x65, 0x52, 0xff, 0x8c, 0x65, 0x52, 0xff,
    0x8c, 0x65, 0x52, 0xff, 0x8c, 0x65, 0x52, 0xff, 0x8c, 0x65, 0x52, 0xff,
    0x8c, 0x65, 0x52, 0xff, 0x8c, 0x65, 0x52, 0xff, 0x8c, 0x65, 0x52, 0xff,
    0x8c, 0x65, 0x52, 0xff, 0x8c, 0x65, 0x52, 0xff, 0x8c, 0x65, 0x52, 0xff,
    0x8c, 0x65, 0x52, 0xff, 0x8c, 0x65, 0x52, 0xff, 0x8c, 0x65, 0x52, 0xff,
    0x8c, 0x65, 0x52, 0xff, 0x8c, 0x65, 0x52, 0xff, 0x8c, 0x65, 0x52, 0xff,
    0x8c, 0x65, 0x52, 0xff, 0x8c, 0x65, 0x52, 0xff, 0x8c, 0x65, 0x52, 0xff,
    0x8c, 0x65, 0x52, 0xff, 0x8c, 0x65, 0x52, 0xff, 0x8c, 0x65, 0x52, 0xff,
    0x8c, 0x65, 0x52, 0xff, 0x8b, 0x65, 0x52, 0x94, 0x8b, 0x65, 0x51, 0x69,
    0x8c, 0x65, 0x52, 0xff, 0x8c, 0x65, 0x52, 0xff, 0x8c, 0x65, 0x52, 0xff,
    0x8c, 0x65, 0x52, 0xff, 0x8c, 0x65, 0x52, 0xff, 0x8c, 0x65, 0x52, 0xff,
    0x8c, 0x65, 0x52, 0xff, 0x8c, 0x65, 0x52, 0xff, 0x8c, 0x65, 0x52, 0xff,
    0x8c, 0x65, 0x52, 0xff, 0x8c, 0x65, 0x52, 0xff, 0x8c, 0x65, 0x52, 0xff,
    0x8c, 0x65, 0x52, 0xff, 0x8c, 0x65, 0x52, 0xff, 0x8c, 0x65, 0x52, 0xff,
    0x8c, 0x65, 0x52, 0xff, 0x8c, 0x65, 0x52, 0xff, 0x8c, 0x65, 0x52, 0xff,
    0x8c, 0x65, 0x52, 0xff, 0x8c, 0x65, 0x52, 0xff, 0x8c, 0x65, 0x52, 0xff,
    0x8c, 0x65, 0x52, 0xff, 0x8c, 0x65, 0x52, 0xff, 0x8c, 0x65, 0x52, 0xff,
    0x8c, 0x65, 0x52, 0xff, 0x8c, 0x65, 0x52, 0xff, 0x8c, 0x65, 0x52, 0xff,
    0x8c, 0x65, 0x52, 0xff, 0x8c, 0x65, 0x52, 0xff, 0x8c, 0x65, 0x52, 0xff,
    0x8c, 0x65, 0x52, 0xff, 0x8c, 0x65, 0x52, 0xff, 0x8c, 0x65, 0x52, 0xff,
    0x8c, 0x65, 0x52, 0xff, 0x8c, 0x65, 0x52, 0xff, 0x8c, 0x65, 0x52, 0xff,
    0x8c, 0x65, 0x52, 0xff, 0x8c, 0x65, 0x52, 0xff, 0x8c, 0x65, 0x52, 0xff,
    0x8c, 0x65, 0x52, 0xff, 0x8c, 0x65, 0x52, 0xff, 0x8c, 0x65, 0x52, 0xff,
    0x8c, 0x65, 0x52, 0xff, 0x8c, 0x65, 0x52, 0xff, 0x8c, 0x65, 0x52, 0xff,
    0x8c, 0x65, 0x52, 0xff, 0x8c, 0x65, 0x52, 0xff, 0x8c, 0x65, 0x52, 0xff,
    0x8c, 0x65, 0x52, 0xff, 0x8c, 0x65, 0x52, 0xff, 0x8c, 0x65, 0x52, 0xff,
    0x8c, 0x65, 0x52, 0xff, 0x8c, 0x65, 0x52, 0xff, 0x8c, 0x65, 0x52, 0xff,
    0x8c, 0x65, 0x52, 0xff, 0x8c, 0x65, 0x52, 0xff, 0x8c, 0x65, 0x52, 0xff,
    0x8c, 0x65, 0x52, 0xff, 0x8c, 0x65, 0x52, 0xff, 0x8c, 0x65, 0x52, 0xff,
    0x8c, 0x65, 0x52, 0xff, 0x8c, 0x65, 0x52, 0xff, 0x8c, 0x65, 0x52, 0xff,
    0x8c, 0x65, 0x52, 0xff, 0x8c, 0x65, 0x52, 0xff, 0x8c, 0x65, 0x52, 0xff,
    0x8c, 0x65, 0x52, 0xff, 0x8c, 0x65, 0x52, 0xff, 0x8c, 0x65, 0x52, 0xff,
    0x8c, 0x65, 0x52, 0xff, 0x8c, 0x65, 0x52, 0xff, 0x8c, 0x65, 0x52, 0xff,
    0x8c, 0x65, 0x52, 0xff, 0x8c, 0x65, 0x52, 0xff, 0x8c, 0x65, 0x52, 0xff,
    0x8c, 0x65, 0x52, 0xff, 0x8c, 0x65, 0x52, 0xff, 0x8c, 0x65, 0x52, 0xff,
    0x8c, 0x65, 0x52, 0xff, 0x8c, 0x65, 0x52, 0xff, 0x8c, 0x65, 0x52, 0xff,
    0x8c, 0x65, 0x52, 0xff, 0x8c, 0x65, 0x52, 0xff, 0x8c, 0x65, 0x52, 0xff,
    0x8c, 0x65, 0x52, 0xff, 0x8c, 0x65, 0x52, 0xff, 0x8c, 0x65, 0x52, 0xff,
    0x8c, 0x65, 0x52, 0xff, 0x8c, 0x65, 0x52, 0xff, 0x8c, 0x65, 0x52, 0xff,
    0x8c, 0x65, 0x52, 0xff, 0x8c, 0x65, 0x52, 0xff, 0x8c, 0x65, 0x52, 0xff,
    0x8c, 0x65, 0x52, 0xff, 0x8c, 0x65, 0x52, 0xff, 0x8c, 0x65, 0x52, 0xff,
    0x8c, 0x65, 0x52, 0xff, 0x8c, 0x65, 0x52, 0xff, 0x8c, 0x65, 0x52, 0xff,
    0x8c, 0x65, 0x52, 0xff, 0x8c, 0x65, 0x52, 0xff, 0x8c, 0x65, 0x52, 0xff,
    0x8c, 0x65, 0x52, 0xff, 0x8c, 0x65, 0x52, 0xff, 0x8c, 0x65, 0x52, 0xff,
    0x8c, 0x65, 0x52, 0xff, 0x8c, 0x65, 0x52, 0xff, 0x8c, 0x65, 0x52, 0xff,
    0x8c, 0x65, 0x52, 0xff, 0x8c, 0x65, 0x52, 0xff, 0x8c, 0x65, 0x52, 0xff,
    0x8c, 0x65, 0x52, 0xff, 0x8c, 0x65, 0x52, 0xff, 0x8c, 0x65, 0x52, 0xff,
    0x8c, 0x65, 0x52, 0xff, 0x8c, 0x65, 0x52, 0xff, 0x8c, 0x65, 0x52, 0xff,
    0x8c, 0x65, 0x52, 0xff, 0x8c, 0x65, 0x52, 0xff, 0x8c, 0x65, 0x52, 0xff,
    0x8c, 0x65, 0x52, 0xff, 0x8c, 0x65, 0x52, 0xff, 0x8c, 0x65, 0x52, 0xff,
    0x8c, 0x65, 0x52, 0xff, 0x8c, 0x65, 0x52, 0xff, 0x8c, 0x65, 0x52, 0xff,
    0x8c, 0x65, 0x52, 0xff, 0x8c, 0x65, 0x52, 0xff, 0x8c, 0x65, 0x52, 0xff,
    0x8c, 0x65, 0x52, 0xff, 0x8c, 0x65, 0x52, 0xff, 0x8c, 0x65, 0x52, 0xff,
    0x8c, 0x65, 0x52, 0xff, 0x8c, 0x65, 0x52, 0xff, 0x8c, 0x65, 0x52, 0xff,
    0x8c, 0x65, 0x52, 0xff, 0x8c, 0x65, 0x52, 0xff, 0x8c, 0x65, 0x52, 0xff,
    0x8c, 0x65, 0x52, 0xff, 0x8c, 0x65, 0x52, 0xff, 0x8c, 0x65, 0x52, 0xff,
    0x8c, 0x65, 0x52, 0xff, 0x8c, 0x65, 0x52, 0xff, 0x8c, 0x65, 0x52, 0xff,
    0x8c, 0x65, 0x52, 0xff, 0x8c, 0x65, 0x52, 0xff, 0x8c, 0x65, 0x52, 0xff,
    0x8c, 0x65, 0x52, 0xff, 0x8c, 0x65, 0x52, 0xff, 0x8b, 0x65, 0x52, 0x94,
    0x8a, 0x65, 0x51, 0x66, 0x8c, 0x65, 0x52, 0xff, 0x8c, 0x65, 0x52, 0xff,
    0x8c, 0x65, 0x52, 0xff, 0x8c, 0x65, 0x52, 0xff, 0x8c, 0x65, 0x52, 0xff,
    0x8c, 0x65, 0x52, 0xff, 0x8c, 0x65, 0x52, 0xff, 0x8c, 0x65, 0x52, 0xff,
    0x8c, 0x65, 0x52, 0xff, 0x8c, 0x65, 0x52, 0xff, 0x8c, 0x65, 0x52, 0xff,
    0x8c, 0x65, 0x52, 0xff, 0x8c, 0x65, 0x52, 0xff, 0x8c, 0x65, 0x52, 0xff,
    0x8c, 0x65, 0x52, 0xff, 0x8c, 0x65, 0x52, 0xff, 0x8c, 0x65, 0x52, 0xff,
    0x8c, 0x65, 0x52, 0xff, 0x8c, 0x65, 0x52, 0xff, 0x8c, 0x65, 0x52, 0xff,
    0x8c, 0x65, 0x52, 0xff, 0x8c, 0x65, 0x52, 0xff, 0x8c, 0x65, 0x52, 0xff,
    0x8c, 0x65, 0x52, 0xff, 0x8c, 0x65, 0x52, 0xff, 0x8c, 0x65, 0x52, 0xff,
    0x8c, 0x65, 0x52, 0xff, 0x8c, 0x65, 0x52, 0xff, 0x8c, 0x65, 0x52, 0xff,
    0x8c, 0x65, 0x52, 0xff, 0x8c, 0x65, 0x52, 0xff, 0x8c, 0x65, 0x52, 0xff,
    0x8c, 0x65, 0x52, 0xff, 0x8c, 0x65, 0x52, 0xff, 0x8c, 0x65, 0x52, 0xff,
    0x8c, 0x65, 0x52, 0xff, 0x8c, 0x65, 0x52, 0xff, 0x8c, 0x65, 0x52, 0xff,
    0x8c, 0x65, 0x52, 0xff, 0x8c, 0x65, 0x52, 0xff, 0x8c, 0x65, 0x52, 0xff,
    0x8c, 0x65, 0x52, 0xff, 0x8c, 0x65, 0x52, 0xff, 0x8c, 0x65, 0x52, 0xff,
    0x8c, 0x65, 0x52, 0xff, 0x8c, 0x65, 0x52, 0xff, 0x8c, 0x65, 0x52, 0xff,
    0x8c, 0x65, 0x52, 0xff, 0x8c, 0x65, 0x52, 0xff, 0x8c, 0x65, 0x52, 0xff,
    0x8c, 0x65, 0x52, 0xff, 0x8c, 0x65, 0x52, 0xff, 0x8c, 0x65, 0x52, 0xff,
    0x8c, 0x65, 0x52, 0xff, 0x8c, 0x65, 0x52, 0xff, 0x8c, 0x65, 0x52, 0xff,
    0x8c, 0x65, 0x52, 0xff, 0x8c, 0x65, 0x52, 0xff, 0x8c, 0x65, 0x52, 0xff,
    0x8c, 0x65, 0x52, 0xff, 0x8c, 0x65, 0x52, 0xff, 0x8c, 0x65, 0x52, 0xff,
    0x8c, 0x65, 0x52, 0xff, 0x8c, 0x65, 0x52, 0xff, 0x8c, 0x65, 0x52, 0xff,
    0x8c, 0x65, 0x52, 0xff, 0x8c, 0x65, 0x52, 0xff, 0x8c, 0x65, 0x52, 0xff,
    0x8c, 0x65, 0x52, 0xff, 0x8c, 0x65, 0x52, 0xff, 0x8c, 0x65, 0x52, 0xff,
    0x8c, 0x65, 0x52, 0xff, 0x8c, 0x65, 0x52, 0xff, 0x8c, 0x65, 0x52, 0xff,
    0x8c, 0x65, 0x52, 0xff, 0x8c, 0x65, 0x52, 0xff, 0x8c, 0x65, 0x52, 0xff,
    0x8c, 0x65, 0x52, 0xff, 0x8c, 0x65, 0x52, 0xff, 0x8c, 0x65, 0x52, 0xff,
    0x8c, 0x65, 0x52, 0xff, 0x8c, 0x65, 0x52, 0xff, 0x8c, 0x65, 0x52, 0xff,
    0x8c, 0x65, 0x52, 0xff, 0x8c, 0x65, 0x52, 0xff, 0x8c, 0x65, 0x52, 0xff,
    0x8c, 0x65, 0x52, 0xff, 0x8c, 0x65, 0x52, 0xff, 0x8c, 0x65, 0x52, 0xff,
    0x8c, 0x65, 0x52, 0xff, 0x8c, 0x65, 0x52, 0xff, 0x8c, 0x65, 0x52, 0xff,
    0x8c, 0x65, 0x52, 0xff, 0x8c, 0x65, 0x52, 0xff, 0x8c, 0x65, 0x52, 0xff,
    0x8c, 0x65, 0x52, 0xff, 0x8c, 0x65, 0x52, 0xff, 0x8c, 0x65, 0x52, 0xff,
    0x8c, 0x65, 0x52, 0xff, 0x8c, 0x65, 0x52, 0xff, 0x8c, 0x65, 0x52, 0xff,
    0x8c, 0x65, 0x52, 0xff, 0x8c, 0x65, 0x52, 0xff, 0x8c, 0x65, 0x52, 0xff,
    0x8c, 0x65, 0x52, 0xff, 0x8c, 0x65, 0x52, 0xff, 0x8c, 0x65, 0x52, 0xff,
    0x8c, 0x65, 0x52, 0xff, 0x8c, 0x65, 0x52, 0xff, 0x8c, 0x65, 0x52, 0xff,
    0x8c, 0x65, 0x52, 0xff, 0x8c, 0x65, 0x52, 0xff, 0x8c, 0x65, 0x52, 0xff,
    0x8c, 0x65, 0x52, 0xff, 0x8c, 0x65, 0x52, 0xff, 0x8c, 0x65, 0x52, 0xff,
    0x8c, 0x65, 0x52, 0xff, 0x8c, 0x65, 0x52, 0xff, 0x8c, 0x65, 0x52, 0xff,
    0x8c, 0x65, 0x52, 0xff, 0x8c, 0x65, 0x52, 0xff, 0x8c, 0x65, 0x52, 0xff,
    0x8c, 0x65, 0x52, 0xff, 0x8c, 0x65, 0x52, 0xff, 0x8c, 0x65, 0x52, 0xff,
    0x8c, 0x65, 0x52, 0xff, 0x8c, 0x65, 0x52, 0xff, 0x8c, 0x65, 0x52, 0xff,
    0x8c, 0x65, 0x52, 0xff, 0x8c, 0x65, 0x52, 0xff, 0x8c, 0x65, 0x52, 0xff,
    0x8c, 0x65, 0x52, 0xff, 0x8c, 0x65, 0x52, 0xff, 0x8c, 0x65, 0x52, 0xff,
    0x8c, 0x65, 0x52, 0xff, 0x8c, 0x65, 0x52, 0xff, 0x8c, 0x65, 0x52, 0xff,
    0x8c, 0x65, 0x52, 0xff, 0x8c, 0x65, 0x52, 0xff, 0x8c, 0x65, 0x52, 0xff,
    0x8c, 0x65, 0x52, 0xff, 0x8c, 0x65, 0x52, 0xff, 0x8c, 0x65, 0x52, 0xff,
    0x8c, 0x65, 0x52, 0xff, 0x8c, 0x65, 0x52, 0xff, 0x8c, 0x65, 0x52, 0xff,
    0x8c, 0x65, 0x52, 0xff, 0x8c, 0x65, 0x52, 0xff, 0x8c, 0x65, 0x52, 0xff,
    0x8b, 0x65, 0x52, 0x92, 0x8a, 0x65, 0x52, 0x52, 0x8c, 0x65, 0x52, 0xff,
    0x8c, 0x65, 0x52, 0xff, 0x8c, 0x65, 0x52, 0xff, 0x8c, 0x65, 0x52, 0xff,
    0x8c, 0x65, 0x52, 0xff, 0x8c, 0x65, 0x52, 0xff, 0x8c, 0x65, 0x52, 0xff,
    0x8c, 0x65, 0x52, 0xff, 0x8c, 0x65, 0x52, 0xff, 0x8c, 0x65, 0x52, 0xff,
    0x8c, 0x65, 0x52, 0xff, 0x8c, 0x65, 0x52, 0xff, 0x8c, 0x65, 0x52, 0xff,
    0x8c, 0x65, 0x52, 0xff, 0x8c, 0x65, 0x52, 0xff, 0x8c, 0x65, 0x52, 0xff,
    0x8c, 0x65, 0x52, 0xff, 0x8c, 0x65, 0x52, 0xff, 0x8c, 0x65, 0x52, 0xff,
    0x8c, 0x65, 0x52, 0xff, 0x8c, 0x65, 0x52, 0xff, 0x8c, 0x65, 0x52, 0xff,
    0x8c, 0x65, 0x52, 0xff, 0x8c, 0x65, 0x52, 0xff, 0x8c, 0x65, 0x52, 0xff,
    0x8c, 0x65, 0x52, 0xff, 0x8c, 0x65, 0x52, 0xff, 0x8c, 0x65, 0x52, 0xff,
    0x8c, 0x65, 0x52, 0xff, 0x8c, 0x65, 0x52, 0xff, 0x8c, 0x65, 0x52, 0xff,
    0x8c, 0x65, 0x52, 0xff, 0x8c, 0x65, 0x52, 0xff, 0x8c, 0x65, 0x52, 0xff,
    0x8c, 0x65, 0x52, 0xff, 0x8c, 0x65, 0x52, 0xff, 0x8c, 0x65, 0x52, 0xff,
    0x8c, 0x65, 0x52, 0xff, 0x8c, 0x65, 0x52, 0xff, 0x8c, 0x65, 0x52, 0xff,
    0x8c, 0x65, 0x52, 0xff, 0x8c, 0x65, 0x52, 0xff, 0x8c, 0x65, 0x52, 0xff,
    0x8c, 0x65, 0x52, 0xff, 0x8c, 0x65, 0x52, 0xff, 0x8c, 0x65, 0x52, 0xff,
    0x8c, 0x65, 0x52, 0xff, 0x8c, 0x65, 0x52, 0xff, 0x8c, 0x65, 0x52, 0xff,
    0x8c, 0x65, 0x52, 0xff, 0x8c, 0x65, 0x52, 0xff, 0x8c, 0x65, 0x52, 0xff,
    0x8c, 0x65, 0x52, 0xff, 0x8c, 0x65, 0x52, 0xff, 0x8c, 0x65, 0x52, 0xff,
    0x8c, 0x65, 0x52, 0xff, 0x8c, 0x65, 0x52, 0xff, 0x8c, 0x65, 0x52, 0xff,
    0x8c, 0x65, 0x52, 0xff, 0x8c, 0x65, 0x52, 0xff, 0x8c, 0x65, 0x52, 0xff,
    0x8c, 0x65, 0x52, 0xff, 0x8c, 0x65, 0x52, 0xff, 0x8c, 0x65, 0x52, 0xff,
    0x8c, 0x65, 0x52, 0xff, 0x8c, 0x65, 0x52, 0xff, 0x8c, 0x65, 0x52, 0xff,
    0x8c, 0x65, 0x52, 0xff, 0x8c, 0x65, 0x52, 0xff, 0x8c, 0x65, 0x52, 0xff,
    0x8c, 0x65, 0x52, 0xff, 0x8c, 0x65, 0x52, 0xff, 0x8c, 0x65, 0x52, 0xff,
    0x8c, 0x65, 0x52, 0xff, 0x8c, 0x65, 0x52, 0xff, 0x8c, 0x65, 0x52, 0xff,
    0x8c, 0x65, 0x52, 0xff, 0x8c, 0x65, 0x52, 0xff, 0x8c, 0x65, 0x52, 0xff,
    0x8c, 0x65, 0x52, 0xff, 0x8c, 0x65, 0x52, 0xff, 0x8c, 0x65, 0x52, 0xff,
    0x8c, 0x65, 0x52, 0xff, 0x8c, 0x65, 0x52, 0xff, 0x8c, 0x65, 0x52, 0xff,
    0x8c, 0x65, 0x52, 0xff, 0x8c, 0x65, 0x52, 0xff, 0x8c, 0x65, 0x52, 0xff,
    0x8c, 0x65, 0x52, 0xff, 0x8c, 0x65, 0x52, 0xff, 0x8c, 0x65, 0x52, 0xff,
    0x8c, 0x65, 0x52, 0xff, 0x8c, 0x65, 0x52, 0xff, 0x8c, 0x65, 0x52, 0xff,
    0x8c, 0x65, 0x52, 0xff, 0x8c, 0x65, 0x52, 0xff, 0x8c, 0x65, 0x52, 0xff,
    0x8c, 0x65, 0x52, 0xff, 0x8c, 0x65, 0x52, 0xff, 0x8c, 0x65, 0x52, 0xff,
    0x8c, 0x65, 0x52, 0xff, 0x8c, 0x65, 0x52, 0xff, 0x8c, 0x65, 0x52, 0xff,
    0x8c, 0x65, 0x52, 0xff, 0x8c, 0x65, 0x52, 0xff, 0x8c, 0x65, 0x52, 0xff,
    0x8c, 0x65, 0x52, 0xff, 0x8c, 0x65, 0x52, 0xff, 0x8c, 0x65, 0x52, 0xff,
    0x8c, 0x65, 0x52, 0xff, 0x8c, 0x65, 0x52, 0xff, 0x8c, 0x65, 0x52, 0xff,
    0x8c, 0x65, 0x52, 0xff, 0x8c, 0x65, 0x52, 0xff, 0x8c, 0x65, 0x52, 0xff,
    0x8c, 0x65, 0x52, 0xff, 0x8c, 0x65, 0x52, 0xff, 0x8c, 0x65, 0x52, 0xff,
    0x8c, 0x65, 0x52, 0xff, 0x8c, 0x65, 0x52, 0xff, 0x8c, 0x65, 0x52, 0xff,
    0x8c, 0x65, 0x52, 0xff, 0x8c, 0x65, 0x52, 0xff, 0x8c, 0x65, 0x52, 0xff,
    0x8c, 0x65, 0x52, 0xff, 0x8c, 0x65, 0x52, 0xff, 0x8c, 0x65, 0x52, 0xff,
    0x8c, 0x65, 0x52, 0xff, 0x8c, 0x65, 0x52, 0xff, 0x8c, 0x65, 0x52, 0xff,
    0x8c, 0x65, 0x52, 0xff, 0x8c, 0x65, 0x52, 0xff, 0x8c, 0x65, 0x52, 0xff,
    0x8c, 0x65, 0x52, 0xff, 0x8c, 0x65, 0x52, 0xff, 0x8c, 0x65, 0x52, 0xff,
    0x8c, 0x65, 0x52, 0xff, 0x8c, 0x65, 0x52, 0xff, 0x8c, 0x65, 0x52, 0xff,
    0x8c, 0x65, 0x52, 0xff, 0x8c, 0x65, 0x52, 0xff, 0x8c, 0x65, 0x52, 0xff,
    0x8c, 0x65, 0x52, 0xff, 0x8c, 0x65, 0x52, 0xff, 0x8c, 0x65, 0x52, 0xff,
    0x8c, 0x65, 0x52, 0xff, 0x8c, 0x65, 0x52, 0xff, 0x8c, 0x65, 0x52, 0xff,
    0x8c, 0x65, 0x52, 0xff, 0x8c, 0x65, 0x51, 0x7d, 0x89, 0x5f, 0x4e, 0x1e,
    0x8c, 0x65, 0x52, 0xff, 0x8c, 0x65, 0x52, 0xff, 0x8c, 0x65, 0x52, 0xff,
    0x8c, 0x65, 0x52, 0xff, 0x8c, 0x65, 0x52, 0xff, 0x8c, 0x65, 0x52, 0xff,
    0x8c, 0x65, 0x52, 0xff, 0x8c, 0x65, 0x52, 0xff, 0x8c, 0x65, 0x52, 0xff,
    0x8c, 0x65, 0x52, 0xff, 0x8c, 0x65, 0x52, 0xff, 0x8c, 0x65, 0x52, 0xff,
    0x8c, 0x65, 0x52, 0xff, 0x8c, 0x65, 0x52, 0xff, 0x8c, 0x65, 0x52, 0xff,
    0x8c, 0x65, 0x52, 0xff, 0x8c, 0x65, 0x52, 0xff, 0x8c, 0x65, 0x52, 0xff,
    0x8c, 0x65, 0x52, 0xff, 0x8c, 0x65, 0x52, 0xff, 0x8c, 0x65, 0x52, 0xff,
    0x8c, 0x65, 0x52, 0xff, 0x8c, 0x65, 0x52, 0xff, 0x8c, 0x65, 0x52, 0xff,
    0x8c, 0x65, 0x52, 0xff, 0x8c, 0x65, 0x52, 0xff, 0x8c, 0x65, 0x52, 0xff,
    0x8c, 0x65, 0x52, 0xff, 0x8c, 0x65, 0x52, 0xff, 0x8c, 0x65, 0x52, 0xff,
    0x8c, 0x65, 0x52, 0xff, 0x8c, 0x65, 0x52, 0xff, 0x8c, 0x65, 0x52, 0xff,
    0x8c, 0x65, 0x52, 0xff, 0x8c, 0x65, 0x52, 0xff, 0x8c, 0x65, 0x52, 0xff,
    0x8c, 0x65, 0x52, 0xff, 0x8c, 0x65, 0x52, 0xff, 0x8c, 0x65, 0x52, 0xff,
    0x8c, 0x65, 0x52, 0xff, 0x8c, 0x65, 0x52, 0xff, 0x8c, 0x65, 0x52, 0xff,
    0x8c, 0x65, 0x52, 0xff, 0x8c, 0x65, 0x52, 0xff, 0x8c, 0x65, 0x52, 0xff,
    0x8c, 0x65, 0x52, 0xff, 0x8c, 0x65, 0x52, 0xff, 0x8c, 0x65, 0x52, 0xff,
    0x8c, 0x65, 0x52, 0xff, 0x8c, 0x65, 0x52, 0xff, 0x8c, 0x65, 0x52, 0xff,
    0x8c, 0x65, 0x52, 0xff, 0x8c, 0x65, 0x52, 0xff, 0x8c, 0x65, 0x52, 0xff,
    0x8c, 0x65, 0x52, 0xff, 0x8c, 0x65, 0x52, 0xff, 0x8c, 0x65, 0x52, 0xff,
    0x8c, 0x65, 0x52, 0xff, 0x8c, 0x65, 0x52, 0xff, 0x8c, 0x65, 0x52, 0xff,
    0x8c, 0x65, 0x52, 0xff, 0x8c, 0x65, 0x52, 0xff, 0x8c, 0x65, 0x52, 0xff,
    0x8c, 0x65, 0x52, 0xff, 0x8c, 0x65, 0x52, 0xff, 0x8c, 0x65, 0x52, 0xff,
    0x8c, 0x65, 0x52, 0xff, 0x8c, 0x65, 0x52, 0xff, 0x8c, 0x65, 0x52, 0xff,
    0x8c, 0x65, 0x52, 0xff, 0x8c, 0x65, 0x52, 0xff, 0x8c, 0x65, 0x52, 0xff,
    0x8c, 0x65, 0x52, 0xff, 0x8c, 0x65, 0x52, 0xff, 0x8c, 0x65, 0x52, 0xff,
    0x8c, 0x65, 0x52, 0xff, 0x8c, 0x65, 0x52, 0xff, 0x8c, 0x65, 0x52, 0xff,
    0x8c, 0x65, 0x52, 0xff, 0x8c, 0x65, 0x52, 0xff, 0x8c, 0x65, 0x52, 0xff,
    0x8c, 0x65, 0x52, 0xff, 0x8c, 0x65, 0x52, 0xff, 0x8c, 0x65, 0x52, 0xff,
    0x8c, 0x65, 0x52, 0xff, 0x8c, 0x65, 0x52, 0xff, 0x8c, 0x65, 0x52, 0xff,
    0x8c, 0x65, 0x52, 0xff, 0x8c, 0x65, 0x52, 0xff, 0x8c, 0x65, 0x52, 0xff,
    0x8c, 0x65, 0x52, 0xff, 0x8c, 0x65, 0x52, 0xff, 0x8c, 0x65, 0x52, 0xff,
    0x8c, 0x65, 0x52, 0xff, 0x8c, 0x65, 0x52, 0xff, 0x8c, 0x65, 0x52, 0xff,
    0x8c, 0x65, 0x52, 0xff, 0x8c, 0x65, 0x52, 0xff, 0x8c, 0x65, 0x52, 0xff,
    0x8c, 0x65, 0x52, 0xff, 0x8c, 0x65, 0x52, 0xff, 0x8c, 0x65, 0x52, 0xff,
    0x8c, 0x65, 0x52, 0xff, 0x8c, 0x65, 0x52, 0xff, 0x8c, 0x65, 0x52, 0xff,
    0x8c, 0x65, 0x52, 0xff, 0x8c, 0x65, 0x52, 0xff, 0x8c, 0x65, 0x52, 0xff,
    0x8c, 0x65, 0x52, 0xff, 0x8c, 0x65, 0x52, 0xff, 0x8c, 0x65, 0x52, 0xff,
    0x8c, 0x65, 0x52, 0xff, 0x8c, 0x65, 0x52, 0xff, 0x8c, 0x65, 0x52, 0xff,
    0x8c, 0x65, 0x52, 0xff, 0x8c, 0x65, 0x52, 0xff, 0x8c, 0x65, 0x52, 0xff,
    0x8c, 0x65, 0x52, 0xff, 0x8c, 0x65, 0x52, 0xff, 0x8c, 0x65, 0x52, 0xff,
    0x8c, 0x65, 0x52, 0xff, 0x8c, 0x65, 0x52, 0xff, 0x8c, 0x65, 0x52, 0xff,
    0x8c, 0x65, 0x52, 0xff, 0x8c, 0x65, 0x52, 0xff, 0x8c, 0x65, 0x52, 0xff,
    0x8c, 0x65, 0x52, 0xff, 0x8c, 0x65, 0x52, 0xff, 0x8c, 0x65, 0x52, 0xff,
    0x8c, 0x65, 0x52, 0xff, 0x8c, 0x65, 0x52, 0xff, 0x8c, 0x65, 0x52, 0xff,
    0x8c, 0x65, 0x52, 0xff, 0x8c, 0x65, 0x52, 0xff, 0x8c, 0x65, 0x52, 0xff,
    0x8c, 0x65, 0x52, 0xff, 0x8c, 0x65, 0x52, 0xff, 0x8c, 0x65, 0x52, 0xff,
    0x8c, 0x65, 0x52, 0xff, 0x8c, 0x65, 0x52, 0xff, 0x8c, 0x65, 0x52, 0xff,
    0x8c, 0x65, 0x52, 0xff, 0x8c, 0x65, 0x52, 0xff, 0x8c, 0x65, 0x52, 0xff,
    0x8c, 0x65, 0x52, 0xff, 0x8c, 0x65, 0x52, 0xff, 0x8c, 0x65, 0x52, 0xff,
    0x8c, 0x65, 0x52, 0xff, 0x8c, 0x65, 0x52, 0xff, 0x8b, 0x65, 0x50, 0x4a,
    0xff, 0xff, 0xff, 0x00, 0x8b, 0x65, 0x51, 0xc5, 0x8c, 0x65, 0x52, 0xff,
    0x8c, 0x65, 0x52, 0xff, 0x8c, 0x65, 0x52, 0xff, 0x8c, 0x65, 0x52, 0xff,
    0x8c, 0x65, 0x52, 0xff, 0x8c, 0x65, 0x52, 0xff, 0x8c, 0x65, 0x52, 0xff,
    0x8c, 0x65, 0x52, 0xff, 0x8c, 0x65, 0x52, 0xff, 0x8c, 0x65, 0x52, 0xff,
    0x8c, 0x65, 0x52, 0xff, 0x8c, 0x65, 0x52, 0xff, 0x8c, 0x65, 0x52, 0xff,
    0x8c, 0x65, 0x52, 0xff, 0x8c, 0x65, 0x52, 0xff, 0x8c, 0x65, 0x52, 0xff,
    0x8c, 0x65, 0x52, 0xff, 0x8c, 0x65, 0x52, 0xff, 0x8c, 0x65, 0x52, 0xff,
    0x8c, 0x65, 0x52, 0xff, 0x8c, 0x65, 0x52, 0xff, 0x8c, 0x65, 0x52, 0xff,
    0x8c, 0x65, 0x52, 0xff, 0x8c, 0x65, 0x52, 0xff, 0x8c, 0x65, 0x52, 0xff,
    0x8c, 0x65, 0x52, 0xff, 0x8c, 0x65, 0x52, 0xff, 0x8c, 0x65, 0x52, 0xff,
    0x8c, 0x65, 0x52, 0xff, 0x8c, 0x65, 0x52, 0xff, 0x8c, 0x65, 0x52, 0xff,
    0x8c, 0x65, 0x52, 0xff, 0x8c, 0x65, 0x52, 0xff, 0x8c, 0x65, 0x52, 0xff,
    0x8c, 0x65, 0x52, 0xff, 0x8c, 0x65, 0x52, 0xff, 0x8c, 0x65, 0x52, 0xff,
    0x8c, 0x65, 0x52, 0xff, 0x8c, 0x65, 0x52, 0xff, 0x8c, 0x65, 0x52, 0xff,
    0x8c, 0x65, 0x52, 0xff, 0x8c, 0x65, 0x52, 0xff, 0x8c, 0x65, 0x52, 0xff,
    0x8c, 0x65, 0x52, 0xff, 0x8c, 0x65, 0x52, 0xff, 0x8c, 0x65, 0x52, 0xff,
    0x8c, 0x65, 0x52, 0xff, 0x8c, 0x65, 0x52, 0xff, 0x8c, 0x65, 0x52, 0xff,
    0x8c, 0x65, 0x52, 0xff, 0x8c, 0x65, 0x52, 0xff, 0x8c, 0x65, 0x52, 0xff,
    0x8c, 0x65, 0x52, 0xff, 0x8c, 0x65, 0x52, 0xff, 0x8c, 0x65, 0x52, 0xff,
    0x8c, 0x65, 0x52, 0xff, 0x8c, 0x65, 0x52, 0xff, 0x8c, 0x65, 0x52, 0xff,
    0x8c, 0x65, 0x52, 0xff, 0x8c, 0x65, 0x52, 0xff, 0x8c, 0x65, 0x52, 0xff,
    0x8c, 0x65, 0x52, 0xff, 0x8c, 0x65, 0x52, 0xff, 0x8c, 0x65, 0x52, 0xff,
    0x8c, 0x65, 0x52, 0xff, 0x8c, 0x65, 0x52, 0xff, 0x8c, 0x65, 0x52, 0xff,
    0x8c, 0x65, 0x52, 0xff, 0x8c, 0x65, 0x52, 0xff, 0x8c, 0x65, 0x52, 0xff,
    0x8c, 0x65, 0x52, 0xff, 0x8c, 0x65, 0x52, 0xff, 0x8c, 0x65, 0x52, 0xff,
    0x8c, 0x65, 0x52, 0xff, 0x8c, 0x65, 0x52, 0xff, 0x8c, 0x65, 0x52, 0xff,
    0x8c, 0x65, 0x52, 0xff, 0x8c, 0x65, 0x52, 0xff, 0x8c, 0x65, 0x52, 0xff,
    0x8c, 0x65, 0x52, 0xff, 0x8c, 0x65, 0x52, 0xff, 0x8c, 0x65, 0x52, 0xff,
    0x8c, 0x65, 0x52, 0xff, 0x8c, 0x65, 0x52, 0xff, 0x8c, 0x65, 0x52, 0xff,
    0x8c, 0x65, 0x52, 0xff, 0x8c, 0x65, 0x52, 0xff, 0x8c, 0x65, 0x52, 0xff,
    0x8c, 0x65, 0x52, 0xff, 0x8c, 0x65, 0x52, 0xff, 0x8c, 0x65, 0x52, 0xff,
    0x8c, 0x65, 0x52, 0xff, 0x8c, 0x65, 0x52, 0xff, 0x8c, 0x65, 0x52, 0xff,
    0x8c, 0x65, 0x52, 0xff, 0x8c, 0x65, 0x52, 0xff, 0x8c, 0x65, 0x52, 0xff,
    0x8c, 0x65, 0x52, 0xff, 0x8c, 0x65, 0x52, 0xff, 0x8c, 0x65, 0x52, 0xff,
    0x8c, 0x65, 0x52, 0xff, 0x8c, 0x65, 0x52, 0xff, 0x8c, 0x65, 0x52, 0xff,
    0x8c, 0x65, 0x52, 0xff, 0x8c, 0x65, 0x52, 0xff, 0x8c, 0x65, 0x52, 0xff,
    0x8c, 0x65, 0x52, 0xff, 0x8c, 0x65, 0x52, 0xff, 0x8c, 0x65, 0x52, 0xff,
    0x8c, 0x65, 0x52, 0xff, 0x8c, 0x65, 0x52, 0xff, 0x8c, 0x65, 0x52, 0xff,
    0x8c, 0x65, 0x52, 0xff, 0x8c, 0x65, 0x52, 0xff, 0x8c, 0x65, 0x52, 0xff,
    0x8c, 0x65, 0x52, 0xff, 0x8c, 0x65, 0x52, 0xff, 0x8c, 0x65, 0x52, 0xff,
    0x8c, 0x65, 0x52, 0xff, 0x8c, 0x65, 0x52, 0xff, 0x8c, 0x65, 0x52, 0xff,
    0x8c, 0x65, 0x52, 0xff, 0x8c, 0x65, 0x52, 0xff, 0x8c, 0x65, 0x52, 0xff,
    0x8c, 0x65, 0x52, 0xff, 0x8c, 0x65, 0x52, 0xff, 0x8c, 0x65, 0x52, 0xff,
    0x8c, 0x65, 0x52, 0xff, 0x8c, 0x65, 0x52, 0xff, 0x8c, 0x65, 0x52, 0xff,
    0x8c, 0x65, 0x52, 0xff, 0x8c, 0x65, 0x52, 0xff, 0x8c, 0x65, 0x52, 0xff,
    0x8c, 0x65, 0x52, 0xff, 0x8c, 0x65, 0x52, 0xff, 0x8c, 0x65, 0x52, 0xff,
    0x8c, 0x65, 0x52, 0xff, 0x8c, 0x65, 0x52, 0xff, 0x8c, 0x65, 0x52, 0xff,
    0x8c, 0x65, 0x52, 0xff, 0x8c, 0x65, 0x52, 0xff, 0x8c, 0x65, 0x52, 0xff,
    0x8c, 0x65, 0x52, 0xff, 0x8c, 0x65, 0x52, 0xff, 0x8c, 0x65, 0x52, 0xff,
    0x8c, 0x65, 0x52, 0xff, 0x8c, 0x65, 0x52, 0xff, 0x8c, 0x65, 0x52, 0xea,
    0x6e, 0x4a, 0x4a, 0x07, 0xff, 0xff, 0xff, 0x00, 0x89, 0x62, 0x50, 0x47,
    0x8c, 0x65, 0x52, 0xff, 0x8c, 0x65, 0x52, 0xff, 0x8c, 0x65, 0x52, 0xff,
    0x8c, 0x65, 0x52, 0xff, 0x8c, 0x65, 0x52, 0xff, 0x8c, 0x65, 0x52, 0xff,
    0x8c, 0x65, 0x52, 0xff, 0x8c, 0x65, 0x52, 0xff, 0x8c, 0x65, 0x52, 0xff,
    0x8c, 0x65, 0x52, 0xff, 0x8c, 0x65, 0x52, 0xff, 0x8c, 0x65, 0x52, 0xff,
    0x8c, 0x65, 0x52, 0xff, 0x8c, 0x65, 0x52, 0xff, 0x8c, 0x65, 0x52, 0xff,
    0x8c, 0x65, 0x52, 0xff, 0x8c, 0x65, 0x52, 0xff, 0x8c, 0x65, 0x52, 0xff,
    0x8c, 0x65, 0x52, 0xff, 0x8c, 0x65, 0x52, 0xff, 0x8c, 0x65, 0x52, 0xff,
    0x8c, 0x65, 0x52, 0xff, 0x8c, 0x65, 0x52, 0xff, 0x8c, 0x65, 0x52, 0xff,
    0x8c, 0x65, 0x52, 0xff, 0x8c, 0x65, 0x52, 0xff, 0x8c, 0x65, 0x52, 0xff,
    0x8c, 0x65, 0x52, 0xff, 0x8c, 0x65, 0x52, 0xff, 0x8c, 0x65, 0x52, 0xff,
    0x8c, 0x65, 0x52, 0xff, 0x8c, 0x65, 0x52, 0xff, 0x8c, 0x65, 0x52, 0xff,
    0x8c, 0x65, 0x52, 0xff, 0x8c, 0x65, 0x52, 0xff, 0x8c, 0x65, 0x52, 0xff,
    0x8c, 0x65, 0x52, 0xff, 0x8c, 0x65, 0x52, 0xff, 0x8c, 0x65, 0x52, 0xff,
    0x8c, 0x65, 0x52, 0xff, 0x8c, 0x65, 0x52, 0xff, 0x8c, 0x65, 0x52, 0xff,
    0x8c, 0x65, 0x52, 0xff, 0x8c, 0x65, 0x52, 0xff, 0x8c, 0x65, 0x52, 0xff,
    0x8c, 0x65, 0x52, 0xff, 0x8c, 0x65, 0x52, 0xff, 0x8c, 0x65, 0x52, 0xff,
    0x8c, 0x65, 0x52, 0xff, 0x8c, 0x65, 0x52, 0xff, 0x8c, 0x65, 0x52, 0xff,
    0x8c, 0x65, 0x52, 0xff, 0x8c, 0x65, 0x52, 0xff, 0x8c, 0x65, 0x52, 0xff,
    0x8c, 0x65, 0x52, 0xff, 0x8c, 0x65, 0x52, 0xff, 0x8c, 0x65, 0x52, 0xff,
    0x8c, 0x65, 0x52, 0xff, 0x8c, 0x65, 0x52, 0xff, 0x8c, 0x65, 0x52, 0xff,
    0x8c, 0x65, 0x52, 0xff, 0x8c, 0x65, 0x52, 0xff, 0x8c, 0x65, 0x52, 0xff,
    0x8c, 0x65, 0x52, 0xff, 0x8c, 0x65, 0x52, 0xff, 0x8c, 0x65, 0x52, 0xff,
    0x8c, 0x65, 0x52, 0xff, 0x8c, 0x65, 0x52, 0xff, 0x8c, 0x65, 0x52, 0xff,
    0x8c, 0x65, 0x52, 0xff, 0x8c, 0x65, 0x52, 0xff, 0x8c, 0x65, 0x52, 0xff,
    0x8c, 0x65, 0x52, 0xff, 0x8c, 0x65, 0x52, 0xff, 0x8c, 0x65, 0x52, 0xff,
    0x8c, 0x65, 0x52, 0xff, 0x8c, 0x65, 0x52, 0xff, 0x8c, 0x65, 0x52, 0xff,
    0x8c, 0x65, 0x52, 0xff, 0x8c, 0x65, 0x52, 0xff, 0x8c, 0x65, 0x52, 0xff,
    0x8c, 0x65, 0x52, 0xff, 0x8c, 0x65, 0x52, 0xff, 0x8c, 0x65, 0x52, 0xff,
    0x8c, 0x65, 0x52, 0xff, 0x8c, 0x65, 0x52, 0xff, 0x8c, 0x65, 0x52, 0xff,
    0x8c, 0x65, 0x52, 0xff, 0x8c, 0x65, 0x52, 0xff, 0x8c, 0x65, 0x52, 0xff,
    0x8c, 0x65, 0x52, 0xff, 0x8c, 0x65, 0x52, 0xff, 0x8c, 0x65, 0x52, 0xff,
    0x8c, 0x65, 0x52, 0xff, 0x8c, 0x65, 0x52, 0xff, 0x8c, 0x65, 0x52, 0xff,
    0x8c, 0x65, 0x52, 0xff, 0x8c, 0x65, 0x52, 0xff, 0x8c, 0x65, 0x52, 0xff,
    0x8c, 0x65, 0x52, 0xff, 0x8c, 0x65, 0x52, 0xff, 0x8c, 0x65, 0x52, 0xff,
    0x8c, 0x65, 0x52, 0xff, 0x8c, 0x65, 0x52, 0xff, 0x8c, 0x65, 0x52, 0xff,
    0x8c, 0x65, 0x52, 0xff, 0x8c, 0x65, 0x52, 0xff, 0x8c, 0x65, 0x52, 0xff,
    0x8c, 0x65, 0x52, 0xff, 0x8c, 0x65, 0x52, 0xff, 0x8c, 0x65, 0x52, 0xff,
    0x8c, 0x65, 0x52, 0xff, 0x8c, 0x65, 0x52, 0xff, 0x8c, 0x65, 0x52, 0xff,
    0x8c, 0x65, 0x52, 0xff, 0x8c, 0x65, 0x52, 0xff, 0x8c, 0x65, 0x52, 0xff,
    0x8c, 0x65, 0x52, 0xff, 0x8c, 0x65, 0x52, 0xff, 0x8c, 0x65, 0x52, 0xff,
    0x8c, 0x65, 0x52, 0xff, 0x8c, 0x65, 0x52, 0xff, 0x8c, 0x65, 0x52, 0xff,
    0x8c, 0x65, 0x52, 0xff, 0x8c, 0x65, 0x52, 0xff, 0x8c, 0x65, 0x52, 0xff,
    0x8c, 0x65, 0x52, 0xff, 0x8c, 0x65, 0x52, 0xff, 0x8c, 0x65, 0x52, 0xff,
    0x8c, 0x65, 0x52, 0xff, 0x8c, 0x65, 0x52, 0xff, 0x8c, 0x65, 0x52, 0xff,
    0x8c, 0x65, 0x52, 0xff, 0x8c, 0x65, 0x52, 0xff, 0x8c, 0x65, 0x52, 0xff,
    0x8c, 0x65, 0x52, 0xff, 0x8c, 0x65, 0x52, 0xff, 0x8c, 0x65, 0x52, 0xff,
    0x8c, 0x65, 0x52, 0xff, 0x8c, 0x65, 0x52, 0xff, 0x8c, 0x65, 0x52, 0xff,
    0x8c, 0x65, 0x52, 0xff, 0x8c, 0x65, 0x52, 0xff, 0x8c, 0x65, 0x52, 0xff,
    0x8c, 0x65, 0x52, 0xff, 0x8c, 0x65, 0x52, 0xff, 0x8c, 0x65, 0x52, 0xff,
    0x8c, 0x64, 0x52, 0x72, 0xff, 0xff, 0xff, 0x00, 0xff, 0xff, 0xff, 0x00,
    0xff, 0xff, 0xff, 0x00, 0x8c, 0x64, 0x52, 0x95, 0x8c, 0x65, 0x52, 0xff,
    0x8c, 0x65, 0x52, 0xff, 0x8c, 0x65, 0x52, 0xff, 0x8c, 0x65, 0x52, 0xff,
    0x8c, 0x65, 0x52, 0xff, 0x8c, 0x65, 0x52, 0xff, 0x8c, 0x65, 0x52, 0xff,
    0x8c, 0x65, 0x52, 0xff, 0x8c, 0x65, 0x52, 0xff, 0x8c, 0x65, 0x52, 0xff,
    0x8c, 0x65, 0x52, 0xff, 0x8c, 0x65, 0x52, 0xff, 0x8c, 0x65, 0x52, 0xff,
    0x8c, 0x65, 0x52, 0xff, 0x8c, 0x65, 0x52, 0xff, 0x8c, 0x65, 0x52, 0xff,
    0x8c, 0x65, 0x52, 0xff, 0x8c, 0x65, 0x52, 0xff, 0x8c, 0x65, 0x52, 0xff,
    0x8c, 0x65, 0x52, 0xff, 0x8c, 0x65, 0x52, 0xff, 0x8c, 0x65, 0x52, 0xff,
    0x8c, 0x65, 0x52, 0xff, 0x8c, 0x65, 0x52, 0xff, 0x8c, 0x65, 0x52, 0xff,
    0x8c, 0x65, 0x52, 0xff, 0x8c, 0x65, 0x52, 0xff, 0x8c, 0x65, 0x52, 0xff,
    0x8c, 0x65, 0x52, 0xff, 0x8c, 0x65, 0x52, 0xff, 0x8c, 0x65, 0x52, 0xff,
    0x8c, 0x65, 0x52, 0xff, 0x8c, 0x65, 0x52, 0xff, 0x8c, 0x65, 0x52, 0xff,
    0x8c, 0x65, 0x52, 0xff, 0x8c, 0x65, 0x52, 0xff, 0x8c, 0x65, 0x52, 0xff,
    0x8c, 0x65, 0x52, 0xff, 0x8c, 0x65, 0x52, 0xff, 0x8c, 0x65, 0x52, 0xff,
    0x8c, 0x65, 0x52, 0xff, 0x8c, 0x65, 0x52, 0xff, 0x8c, 0x65, 0x52, 0xff,
    0x8c, 0x65, 0x52, 0xff, 0x8c, 0x65, 0x52, 0xff, 0x8c, 0x65, 0x52, 0xff,
    0x8c, 0x65, 0x52, 0xff, 0x8c, 0x65, 0x52, 0xff, 0x8c, 0x65, 0x52, 0xff,
    0x8c, 0x65, 0x52, 0xff, 0x8c, 0x65, 0x52, 0xff, 0x8c, 0x65, 0x52, 0xff,
    0x8c, 0x65, 0x52, 0xff, 0x8c, 0x65, 0x52, 0xff, 0x8c, 0x65, 0x52, 0xff,
    0x8c, 0x65, 0x52, 0xff, 0x8c, 0x65, 0x52, 0xff, 0x8c, 0x65, 0x52, 0xff,
    0x8c, 0x65, 0x52, 0xff, 0x8c, 0x65, 0x52, 0xff, 0x8c, 0x65, 0x52, 0xff,
    0x8c, 0x65, 0x52, 0xff, 0x8c, 0x65, 0x52, 0xff, 0x8c, 0x65, 0x52, 0xff,
    0x8c, 0x65, 0x52, 0xff, 0x8c, 0x65, 0x52, 0xff, 0x8c, 0x65, 0x52, 0xff,
    0x8c, 0x65, 0x52, 0xff, 0x8c, 0x65, 0x52, 0xff, 0x8c, 0x65, 0x52, 0xff,
    0x8c, 0x65, 0x52, 0xff, 0x8c, 0x65, 0x52, 0xff, 0x8c, 0x65, 0x52, 0xff,
    0x8c, 0x65, 0x52, 0xff, 0x8c, 0x65, 0x52, 0xff, 0x8c, 0x65, 0x52, 0xff,
    0x8c, 0x65, 0x52, 0xff, 0x8c, 0x65, 0x52, 0xff, 0x8c, 0x65, 0x52, 0xff,
    0x8c, 0x65, 0x52, 0xff, 0x8c, 0x65, 0x52, 0xff, 0x8c, 0x65, 0x52, 0xff,
    0x8c, 0x65, 0x52, 0xff, 0x8c, 0x65, 0x52, 0xff, 0x8c, 0x65, 0x52, 0xff,
    0x8c, 0x65, 0x52, 0xff, 0x8c, 0x65, 0x52, 0xff, 0x8c, 0x65, 0x52, 0xff,
    0x8c, 0x65, 0x52, 0xff, 0x8c, 0x65, 0x52, 0xff, 0x8c, 0x65, 0x52, 0xff,
    0x8c, 0x65, 0x52, 0xff, 0x8c, 0x65, 0x52, 0xff, 0x8c, 0x65, 0x52, 0xff,
    0x8c, 0x65, 0x52, 0xff, 0x8c, 0x65, 0x52, 0xff, 0x8c, 0x65, 0x52, 0xff,
    0x8c, 0x65, 0x52, 0xff, 0x8c, 0x65, 0x52, 0xff, 0x8c, 0x65, 0x52, 0xff,
    0x8c, 0x65, 0x52, 0xff, 0x8c, 0x65, 0x52, 0xff, 0x8c, 0x65, 0x52, 0xff,
    0x8c, 0x65, 0x52, 0xff, 0x8c, 0x65, 0x52, 0xff, 0x8c, 0x65, 0x52, 0xff,
    0x8c, 0x65, 0x52, 0xff, 0x8c, 0x65, 0x52, 0xff, 0x8c, 0x65, 0x52, 0xff,
    0x8c, 0x65, 0x52, 0xff, 0x8c, 0x65, 0x52, 0xff, 0x8c, 0x65, 0x52, 0xff,
    0x8c, 0x65, 0x52, 0xff, 0x8c, 0x65, 0x52, 0xff, 0x8c, 0x65, 0x52, 0xff,
    0x8c, 0x65, 0x52, 0xff, 0x8c, 0x65, 0x52, 0xff, 0x8c, 0x65, 0x52, 0xff,
    0x8c, 0x65, 0x52, 0xff, 0x8c, 0x65, 0x52, 0xff, 0x8c, 0x65, 0x52, 0xff,
    0x8c, 0x65, 0x52, 0xff, 0x8c, 0x65, 0x52, 0xff, 0x8c, 0x65, 0x52, 0xff,
    0x8c, 0x65, 0x52, 0xff, 0x8c, 0x65, 0x52, 0xff, 0x8c, 0x65, 0x52, 0xff,
    0x8c, 0x65, 0x52, 0xff, 0x8c, 0x65, 0x52, 0xff, 0x8c, 0x65, 0x52, 0xff,
    0x8c, 0x65, 0x52, 0xff, 0x8c, 0x65, 0x52, 0xff, 0x8c, 0x65, 0x52, 0xff,
    0x8c, 0x65, 0x52, 0xff, 0x8c, 0x65, 0x52, 0xff, 0x8c, 0x65, 0x52, 0xff,
    0x8c, 0x65, 0x52, 0xff, 0x8c, 0x65, 0x52, 0xff, 0x8c, 0x65, 0x52, 0xff,
    0x8c, 0x65, 0x52, 0xff, 0x8c, 0x65, 0x52, 0xff, 0x8c, 0x65, 0x52, 0xff,
    0x8c, 0x65, 0x52, 0xff, 0x8c, 0x65, 0x52, 0xff, 0x8c, 0x65, 0x52, 0xff,
    0x8c, 0x65, 0x52, 0xbd, 0x80, 0x41, 0x41, 0x04, 0xff, 0xff, 0xff, 0x00,
    0xff, 0xff, 0xff, 0x00, 0xff, 0xff, 0xff, 0x00, 0x80, 0x41, 0x41, 0x04,
    0x8c, 0x65, 0x52, 0x9e, 0x8c, 0x65, 0x52, 0xff, 0x8c, 0x65, 0x52, 0xff,
    0x8c, 0x65, 0x52, 0xff, 0x8c, 0x65, 0x52, 0xff, 0x8c, 0x65, 0x52, 0xff,
    0x8c, 0x65, 0x52, 0xff, 0x8c, 0x65, 0x52, 0xff, 0x8c, 0x65, 0x52, 0xff,
    0x8c, 0x65, 0x52, 0xff, 0x8c, 0x65, 0x52, 0xff, 0x8c, 0x65, 0x52, 0xff,
    0x8c, 0x65, 0x52, 0xff, 0x8c, 0x65, 0x52, 0xff, 0x8c, 0x65, 0x52, 0xff,
    0x8c, 0x65, 0x52, 0xff, 0x8c, 0x65, 0x52, 0xff, 0x8c, 0x65, 0x52, 0xff,
    0x8c, 0x65, 0x52, 0xff, 0x8c, 0x65, 0x52, 0xff, 0x8c, 0x65, 0x52, 0xff,
    0x8c, 0x65, 0x52, 0xff, 0x8c, 0x65, 0x52, 0xff, 0x8c, 0x65, 0x52, 0xff,
    0x8c, 0x65, 0x52, 0xff, 0x8c, 0x65, 0x52, 0xff, 0x8c, 0x65, 0x52, 0xff,
    0x8c, 0x65, 0x52, 0xff, 0x8c, 0x65, 0x52, 0xff, 0x8c, 0x65, 0x52, 0xff,
    0x8c, 0x65, 0x52, 0xff, 0x8c, 0x65, 0x52, 0xff, 0x8c, 0x65, 0x52, 0xff,
    0x8c, 0x65, 0x52, 0xff, 0x8c, 0x65, 0x52, 0xff, 0x8c, 0x65, 0x52, 0xff,
    0x8c, 0x65, 0x52, 0xff, 0x8c, 0x65, 0x52, 0xff, 0x8c, 0x65, 0x52, 0xff,
    0x8c, 0x65, 0x52, 0xff, 0x8c, 0x65, 0x52, 0xff, 0x8c, 0x65, 0x52, 0xff,
    0x8c, 0x65, 0x52, 0xff, 0x8c, 0x65, 0x52, 0xff, 0x8c, 0x65, 0x52, 0xff,
    0x8c, 0x65, 0x52, 0xff, 0x8c, 0x65, 0x52, 0xff, 0x8c, 0x65, 0x52, 0xff,
    0x8c, 0x65, 0x52, 0xff, 0x8c, 0x65, 0x52, 0xff, 0x8c, 0x65, 0x52, 0xff,
    0x8c, 0x65, 0x52, 0xff, 0x8c, 0x65, 0x52, 0xff, 0x8c, 0x65, 0x52, 0xff,
    0x8c, 0x65, 0x52, 0xff, 0x8c, 0x65, 0x52, 0xff, 0x8c, 0x65, 0x52, 0xff,
    0x8c, 0x65, 0x52, 0xff, 0x8c, 0x65, 0x52, 0xff, 0x8c, 0x65, 0x52, 0xff,
    0x8c, 0x65, 0x52, 0xff, 0x8c, 0x65, 0x52, 0xff, 0x8c, 0x65, 0x52, 0xff,
    0x8c, 0x65, 0x52, 0xff, 0x8c, 0x65, 0x52, 0xff, 0x8c, 0x65, 0x52, 0xff,
    0x8c, 0x65, 0x52, 0xff, 0x8c, 0x65, 0x52, 0xff, 0x8c, 0x65, 0x52, 0xff,
    0x8c, 0x65, 0x52, 0xff, 0x8c, 0x65, 0x52, 0xff, 0x8c, 0x65, 0x52, 0xff,
    0x8c, 0x65, 0x52, 0xff, 0x8c, 0x65, 0x52, 0xff, 0x8c, 0x65, 0x52, 0xff,
    0x8c, 0x65, 0x52, 0xff, 0x8c, 0x65, 0x52, 0xff, 0x8c, 0x65, 0x52, 0xff,
    0x8c, 0x65, 0x52, 0xff, 0x8c, 0x65, 0x52, 0xff, 0x8c, 0x65, 0x52, 0xff,
    0x8c, 0x65, 0x52, 0xff, 0x8c, 0x65, 0x52, 0xff, 0x8c, 0x65, 0x52, 0xff,
    0x8c, 0x65, 0x52, 0xff, 0x8c, 0x65, 0x52, 0xff, 0x8c, 0x65, 0x52, 0xff,
    0x8c, 0x65, 0x52, 0xff, 0x8c, 0x65, 0x52, 0xff, 0x8c, 0x65, 0x52, 0xff,
    0x8c, 0x65, 0x52, 0xff, 0x8c, 0x65, 0x52, 0xff, 0x8c, 0x65, 0x52, 0xff,
    0x8c, 0x65, 0x52, 0xff, 0x8c, 0x65, 0x52, 0xff, 0x8c, 0x65, 0x52, 0xff,
    0x8c, 0x65, 0x52, 0xff, 0x8c, 0x65, 0x52, 0xff, 0x8c, 0x65, 0x52, 0xff,
    0x8c, 0x65, 0x52, 0xff, 0x8c, 0x65, 0x52, 0xff, 0x8c, 0x65, 0x52, 0xff,
    0x8c, 0x65, 0x52, 0xff, 0x8c, 0x65, 0x52, 0xff, 0x8c, 0x65, 0x52, 0xff,
    0x8c, 0x65, 0x52, 0xff, 0x8c, 0x65, 0x52, 0xff, 0x8c, 0x65, 0x52, 0xff,
    0x8c, 0x65, 0x52, 0xff, 0x8c, 0x65, 0x52, 0xff, 0x8c, 0x65, 0x52, 0xff,
    0x8c, 0x65, 0x52, 0xff, 0x8c, 0x65, 0x52, 0xff, 0x8c, 0x65, 0x52, 0xff,
    0x8c, 0x65, 0x52, 0xff, 0x8c, 0x65, 0x52, 0xff, 0x8c, 0x65, 0x52, 0xff,
    0x8c, 0x65, 0x52, 0xff, 0x8c, 0x65, 0x52, 0xff, 0x8c, 0x65, 0x52, 0xff,
    0x8c, 0x65, 0x52, 0xff, 0x8c, 0x65, 0x52, 0xff, 0x8c, 0x65, 0x52, 0xff,
    0x8c, 0x65, 0x52, 0xff, 0x8c, 0x65, 0x52, 0xff, 0x8c, 0x65, 0x52, 0xff,
    0x8c, 0x65, 0x52, 0xff, 0x8c, 0x65, 0x52, 0xff, 0x8c, 0x65, 0x52, 0xff,
    0x8c, 0x65, 0x52, 0xff, 0x8c, 0x65, 0x52, 0xff, 0x8c, 0x65, 0x52, 0xff,
    0x8c, 0x65, 0x52, 0xff, 0x8c, 0x65, 0x52, 0xff, 0x8c, 0x65, 0x52, 0xff,
    0x8c, 0x65, 0x52, 0xff, 0x8c, 0x65, 0x52, 0xff, 0x8c, 0x65, 0x52, 0xff,
    0x8c, 0x65, 0x52, 0xff, 0x8c, 0x65, 0x52, 0xff, 0x8c, 0x65, 0x52, 0xff,
    0x8c, 0x65, 0x52, 0xff, 0x8c, 0x65, 0x52, 0xff, 0x8c, 0x65, 0x52, 0xff,
    0x8c, 0x65, 0x51, 0xbf, 0x89, 0x56, 0x45, 0x0f, 0xff, 0xff, 0xff, 0x00,
    0xff, 0xff, 0xff, 0x00, 0xff, 0xff, 0xff, 0x00, 0xff, 0xff, 0xff, 0x00,
    0xff, 0xff, 0xff, 0x00, 0xff, 0xff, 0xff, 0x00, 0x8c, 0x64, 0x51, 0x5a,
    0x8c, 0x65, 0x52, 0xdf, 0x8c, 0x65, 0x52, 0xff, 0x8c, 0x65, 0x52, 0xff,
    0x8c, 0x65, 0x52, 0xff, 0x8c, 0x65, 0x52, 0xff, 0x8c, 0x65, 0x52, 0xff,
    0x8c, 0x65, 0x52, 0xff, 0x8c, 0x65, 0x52, 0xff, 0x8c, 0x65, 0x52, 0xff,
    0x8c, 0x65, 0x52, 0xff, 0x8c, 0x65, 0x52, 0xff, 0x8c, 0x65, 0x52, 0xff,
    0x8c, 0x65, 0x52, 0xff, 0x8c, 0x65, 0x52, 0xff, 0x8c, 0x65, 0x52, 0xff,
    0x8c, 0x65, 0x52, 0xff, 0x8c, 0x65, 0x52, 0xff, 0x8c, 0x65, 0x52, 0xff,
    0x8c, 0x65, 0x52, 0xff, 0x8c, 0x65, 0x52, 0xff, 0x8c, 0x65, 0x52, 0xff,
    0x8c, 0x65, 0x52, 0xff, 0x8c, 0x65, 0x52, 0xff, 0x8c, 0x65, 0x52, 0xff,
    0x8c, 0x65, 0x52, 0xff, 0x8c, 0x65, 0x52, 0xff, 0x8c, 0x65, 0x52, 0xff,
    0x8c, 0x65, 0x52, 0xff, 0x8c, 0x65, 0x52, 0xff, 0x8c, 0x65, 0x52, 0xff,
    0x8c, 0x65, 0x52, 0xff, 0x8c, 0x65, 0x52, 0xff, 0x8c, 0x65, 0x52, 0xff,
    0x8c, 0x65, 0x52, 0xff, 0x8c, 0x65, 0x52, 0xff, 0x8c, 0x65, 0x52, 0xff,
    0x8c, 0x65, 0x52, 0xff, 0x8c, 0x65, 0x52, 0xff, 0x8c, 0x65, 0x52, 0xff,
    0x8c, 0x65, 0x52, 0xff, 0x8c, 0x65, 0x52, 0xff, 0x8c, 0x65, 0x52, 0xff,
    0x8c, 0x65, 0x52, 0xff, 0x8c, 0x65, 0x52, 0xff, 0x8c, 0x65, 0x52, 0xff,
    0x8c, 0x65, 0x52, 0xff, 0x8c, 0x65, 0x52, 0xff, 0x8c, 0x65, 0x52, 0xff,
    0x8c, 0x65, 0x52, 0xff, 0x8c, 0x65, 0x52, 0xff, 0x8c, 0x65, 0x52, 0xff,
    0x8c, 0x65, 0x52, 0xff, 0x8c, 0x65, 0x52, 0xff, 0x8c, 0x65, 0x52, 0xff,
    0x8c, 0x65, 0x52, 0xff, 0x8c, 0x65, 0x52, 0xff, 0x8c, 0x65, 0x52, 0xff,
    0x8c, 0x65, 0x52, 0xff, 0x8c, 0x65, 0x52, 0xff, 0x8c, 0x65, 0x52, 0xff,
    0x8c, 0x65, 0x52, 0xff, 0x8c, 0x65, 0x52, 0xff, 0x8c, 0x65, 0x52, 0xff,
    0x8c, 0x65, 0x52, 0xff, 0x8c, 0x65, 0x52, 0xff, 0x8c, 0x65, 0x52, 0xff,
    0x8c, 0x65, 0x52, 0xff, 0x8c, 0x65, 0x52, 0xff, 0x8c, 0x65, 0x52, 0xff,
    0x8c, 0x65, 0x52, 0xff, 0x8c, 0x65, 0x52, 0xff, 0x8c, 0x65, 0x52, 0xff,
    0x8c, 0x65, 0x52, 0xff, 0x8c, 0x65, 0x52, 0xff, 0x8c, 0x65, 0x52, 0xff,
    0x8c, 0x65, 0x52, 0xff, 0x8c, 0x65, 0x52, 0xff, 0x8c, 0x65, 0x52, 0xff,
    0x8c, 0x65, 0x52, 0xff, 0x8c, 0x65, 0x52, 0xff, 0x8c, 0x65, 0x52, 0xff,
    0x8c, 0x65, 0x52, 0xff, 0x8c, 0x65, 0x52, 0xff, 0x8c, 0x65, 0x52, 0xff,
    0x8c, 0x65, 0x52, 0xff, 0x8c, 0x65, 0x52, 0xff, 0x8c, 0x65, 0x52, 0xff,
    0x8c, 0x65, 0x52, 0xff, 0x8c, 0x65, 0x52, 0xff, 0x8c, 0x65, 0x52, 0xff,
    0x8c, 0x65, 0x52, 0xff, 0x8c, 0x65, 0x52, 0xff, 0x8c, 0x65, 0x52, 0xff,
    0x8c, 0x65, 0x52, 0xff, 0x8c, 0x65, 0x52, 0xff, 0x8c, 0x65, 0x52, 0xff,
    0x8c, 0x65, 0x52, 0xff, 0x8c, 0x65, 0x52, 0xff, 0x8c, 0x65, 0x52, 0xff,
    0x8c, 0x65, 0x52, 0xff, 0x8c, 0x65, 0x52, 0xff, 0x8c, 0x65, 0x52, 0xff,
    0x8c, 0x65, 0x52, 0xff, 0x8c, 0x65, 0x52, 0xff, 0x8c, 0x65, 0x52, 0xff,
    0x8c, 0x65, 0x52, 0xff, 0x8c, 0x65, 0x52, 0xff, 0x8c, 0x65, 0x52, 0xff,
    0x8c, 0x65, 0x52, 0xff, 0x8c, 0x65, 0x52, 0xff, 0x8c, 0x65, 0x52, 0xff,
    0x8c, 0x65, 0x52, 0xff, 0x8c, 0x65, 0x52, 0xff, 0x8c, 0x65, 0x52, 0xff,
    0x8c, 0x65, 0x52, 0xff, 0x8c, 0x65, 0x52, 0xff, 0x8c, 0x65, 0x52, 0xff,
    0x8c, 0x65, 0x52, 0xff, 0x8c, 0x65, 0x52, 0xff, 0x8c, 0x65, 0x52, 0xff,
    0x8c, 0x65, 0x52, 0xff, 0x8c, 0x65, 0x52, 0xff, 0x8c, 0x65, 0x52, 0xff,
    0x8c, 0x65, 0x52, 0xff, 0x8c, 0x65, 0x52, 0xff, 0x8c, 0x65, 0x52, 0xff,
    0x8c, 0x65, 0x52, 0xff, 0x8c, 0x65, 0x52, 0xff, 0x8c, 0x65, 0x52, 0xff,
    0x8c, 0x65, 0x52, 0xff, 0x8c, 0x65, 0x52, 0xff, 0x8c, 0x65, 0x52, 0xff,
    0x8c, 0x65, 0x52, 0xff, 0x8c, 0x65, 0x52, 0xff, 0x8c, 0x65, 0x52, 0xff,
    0x8c, 0x65, 0x52, 0xff, 0x8c, 0x65, 0x52, 0xff, 0x8c, 0x65, 0x52, 0xff,
    0x8c, 0x65, 0x52, 0xff, 0x8c, 0x65, 0x52, 0xff, 0x8c, 0x65, 0x52, 0xec,
    0x8c, 0x65, 0x52, 0x75, 0x80, 0x41, 0x41, 0x04, 0xff, 0xff, 0xff, 0x00,
    0xff, 0xff, 0xff, 0x00, 0xff, 0xff, 0xff, 0x00, 0xff, 0xff, 0xff, 0x00,
    0xff, 0xff, 0xff, 0x00, 0xff, 0xff, 0xff, 0x00, 0xff, 0xff, 0xff, 0x00,
    0xff, 0xff, 0xff, 0x00, 0x56, 0x56, 0x01, 0x03, 0x8a, 0x63, 0x50, 0x41,
    0x8b, 0x64, 0x51, 0x7c, 0x8c, 0x65, 0x51, 0x96, 0x8b, 0x65, 0x52, 0x9b,
    0x8b, 0x65, 0x52, 0x9b, 0x8b, 0x65, 0x52, 0x9b, 0x8b, 0x65, 0x52, 0x9b,
    0x8b, 0x65, 0x52, 0x9b, 0x8b, 0x65, 0x52, 0x9b, 0x8b, 0x65, 0x52, 0x9b,
    0x8b, 0x65, 0x52, 0x9b, 0x8b, 0x65, 0x52, 0x9b, 0x8b, 0x65, 0x52, 0x9b,
    0x8b, 0x65, 0x52, 0x9b, 0x8b, 0x65, 0x52, 0x9b, 0x8b, 0x65, 0x52, 0x9b,
    0x8b, 0x65, 0x52, 0x9b, 0x8b, 0x65, 0x52, 0x9b, 0x8b, 0x65, 0x52, 0x9b,
    0x8b, 0x65, 0x52, 0x9b, 0x8b, 0x65, 0x52, 0x9b, 0x8b, 0x65, 0x52, 0x9b,
    0x8b, 0x65, 0x52, 0x9b, 0x8b, 0x65, 0x52, 0x9b, 0x8b, 0x65, 0x52, 0x9b,
    0x8b, 0x65, 0x52, 0x9b, 0x8b, 0x65, 0x52, 0x9b, 0x8b, 0x65, 0x52, 0x9b,
    0x8b, 0x65, 0x52, 0x9b, 0x8b, 0x65, 0x52, 0x9b, 0x8b, 0x65, 0x52, 0x9b,
    0x8b, 0x65, 0x52, 0x9b, 0x8b, 0x65, 0x52, 0x9b, 0x8b, 0x65, 0x52, 0x9b,
    0x8b, 0x65, 0x52, 0x9b, 0x8b, 0x65, 0x52, 0x9b, 0x8b, 0x65, 0x52, 0x9b,
    0x8b, 0x65, 0x52, 0x9b, 0x8b, 0x65, 0x52, 0x9b, 0x8b, 0x65, 0x52, 0x9b,
    0x8b, 0x65, 0x52, 0x9b, 0x8b, 0x65, 0x52, 0x9b, 0x8b, 0x65, 0x52, 0x9b,
    0x8b, 0x65, 0x52, 0x9b, 0x8b, 0x65, 0x52, 0x9b, 0x8b, 0x65, 0x52, 0x9b,
    0x8b, 0x65, 0x52, 0x9b, 0x8b, 0x65, 0x52, 0x9b, 0x8b, 0x65, 0x52, 0x9b,
    0x8b, 0x65, 0x52, 0x9b, 0x8b, 0x65, 0x52, 0x9b, 0x8b, 0x65, 0x52, 0x9b,
    0x8b, 0x65, 0x52, 0x9b, 0x8b, 0x65, 0x52, 0x9b, 0x8b, 0x65, 0x52, 0x9b,
    0x8b, 0x65, 0x52, 0x9b, 0x8b, 0x65, 0x52, 0x9b, 0x8b, 0x65, 0x52, 0x9b,
    0x8b, 0x65, 0x52, 0x9b, 0x8b, 0x65, 0x52, 0x9b, 0x8b, 0x65, 0x52, 0x9b,
    0x8b, 0x65, 0x52, 0x9b, 0x8b, 0x65, 0x52, 0x9b, 0x8b, 0x65, 0x52, 0x9b,
    0x8b, 0x65, 0x52, 0x9b, 0x8b, 0x65, 0x52, 0x9b, 0x8b, 0x65, 0x52, 0x9b,
    0x8b, 0x65, 0x52, 0x9b, 0x8b, 0x65, 0x52, 0x9b, 0x8b, 0x65, 0x52, 0x9b,
    0x8b, 0x65, 0x52, 0x9b, 0x8b, 0x65, 0x52, 0x9b, 0x8b, 0x65, 0x52, 0x9b,
    0x8b, 0x65, 0x52, 0x9b, 0x8b, 0x65, 0x52, 0x9b, 0x8b, 0x65, 0x52, 0x9b,
    0x8b, 0x65, 0x52, 0x9b, 0x8b, 0x65, 0x52, 0x9b, 0x8b, 0x65, 0x52, 0x9b,
    0x8b, 0x65, 0x52, 0x9b, 0x8b, 0x65, 0x52, 0x9b, 0x8b, 0x65, 0x52, 0x9b,
    0x8b, 0x65, 0x52, 0x9b, 0x8b, 0x65, 0x52, 0x9b, 0x8b, 0x65, 0x52, 0x9b,
    0x8b, 0x65, 0x52, 0x9b, 0x8b, 0x65, 0x52, 0x9b, 0x8b, 0x65, 0x52, 0x9b,
    0x8b, 0x65, 0x52, 0x9b, 0x8b, 0x65, 0x52, 0x9b, 0x8b, 0x65, 0x52, 0x9b,
    0x8b, 0x65, 0x52, 0x9b, 0x8b, 0x65, 0x52, 0x9b, 0x8b, 0x65, 0x52, 0x9b,
    0x8b, 0x65, 0x52, 0x9b, 0x8b, 0x65, 0x52, 0x9b, 0x8b, 0x65, 0x52, 0x9b,
    0x8b, 0x65, 0x52, 0x9b, 0x8b, 0x65, 0x52, 0x9b, 0x8b, 0x65, 0x52, 0x9b,
    0x8b, 0x65, 0x52, 0x9b, 0x8b, 0x65, 0x52, 0x9b, 0x8b, 0x65, 0x52, 0x9b,
    0x8b, 0x65, 0x52, 0x9b, 0x8b, 0x65, 0x52, 0x9b, 0x8b, 0x65, 0x52, 0x9b,
    0x8b, 0x65, 0x52, 0x9b, 0x8b, 0x65, 0x52, 0x9b, 0x8b, 0x65, 0x52, 0x9b,
    0x8b, 0x65, 0x52, 0x9b, 0x8b, 0x65, 0x52, 0x9b, 0x8b, 0x65, 0x52, 0x9b,
    0x8b, 0x65, 0x52, 0x9b, 0x8b, 0x65, 0x52, 0x9b, 0x8b, 0x65, 0x52, 0x9b,
    0x8b, 0x65, 0x52, 0x9b, 0x8b, 0x65, 0x52, 0x9b, 0x8b, 0x65, 0x52, 0x9b,
    0x8b, 0x65, 0x52, 0x9b, 0x8b, 0x65, 0x52, 0x9b, 0x8b, 0x65, 0x52, 0x9b,
    0x8b, 0x65, 0x52, 0x9b, 0x8b, 0x65, 0x52, 0x9b, 0x8b, 0x65, 0x52, 0x9b,
    0x8b, 0x65, 0x52, 0x9b, 0x8b, 0x65, 0x52, 0x9b, 0x8b, 0x65, 0x52, 0x9b,
    0x8b, 0x65, 0x52, 0x9b, 0x8b, 0x65, 0x52, 0x9b, 0x8b, 0x65, 0x52, 0x9b,
    0x8b, 0x65, 0x52, 0x9b, 0x8b, 0x65, 0x52, 0x9b, 0x8b, 0x65, 0x52, 0x9b,
    0x8b, 0x65, 0x52, 0x9b, 0x8b, 0x65, 0x52, 0x9b, 0x8b, 0x65, 0x52, 0x9b,
    0x8b, 0x65, 0x51, 0x99, 0x8b, 0x64, 0x51, 0x83, 0x8a, 0x63, 0x50, 0x4e,
    0x80, 0x61, 0x41, 0x08, 0xff, 0xff, 0xff, 0x00, 0xff, 0xff, 0xff, 0x00,
    0xff, 0xff, 0xff, 0x00, 0xff, 0xff, 0xff, 0x00, 0xff, 0xff, 0xff, 0x00
};
