// 4.26.0 0xb04c565b D2 AY R0 FCOMPRESSED_ARGB8888 U888 N0 SExtFlashSection CRGB
// Generated by imageconverter. Please, do not edit!

#include <touchgfx/hal/Config.hpp>

LOCATION_PRAGMA("ExtFlashSection")
KEEP extern const unsigned char image_telaprincipalmask3[] LOCATION_ATTRIBUTE("ExtFlashSection") = { // 1053x554 COMPRESSED_ARGB8888 pixels. Compression [output/input x 100]: 76487/2.33345e+06 x 100 = 3.3%
    0x08, 0x08, 0x08, 0x03,
    0x00, 0x01, 0x22, 0x1b,
    0x00, 0x00, 0x00, 0x20,
    0x00, 0x00, 0x00, 0x40,
    0x00, 0x00, 0x00, 0x69,
    0x00, 0x00, 0x00, 0x94,
    0x00, 0x00, 0x00, 0xbf,
    0x00, 0x00, 0x00, 0xea,
    0x00, 0x00, 0x01, 0x15,
    0x00, 0x00, 0x01, 0x40,
    0x00, 0x00, 0x01, 0x6b,
    0x00, 0x00, 0x01, 0x96,
    0x00, 0x00, 0x01, 0xc1,
    0x00, 0x00, 0x01, 0xec,
    0x00, 0x00, 0x02, 0x17,
    0x00, 0x00, 0x02, 0x42,
    0x00, 0x00, 0x02, 0x6d,
    0x00, 0x00, 0x02, 0x98,
    0x00, 0x00, 0x02, 0xc3,
    0x00, 0x00, 0x02, 0xee,
    0x00, 0x00, 0x03, 0x19,
    0x00, 0x00, 0x03, 0x44,
    0x00, 0x00, 0x03, 0x6f,
    0x00, 0x00, 0x03, 0x9a,
    0x00, 0x00, 0x03, 0xc5,
    0x00, 0x00, 0x03, 0xf0,
    0x00, 0x00, 0x04, 0x1b,
    0x00, 0x00, 0x04, 0x46,
    0x00, 0x00, 0x04, 0x71,
    0x00, 0x00, 0x04, 0x9c,
    0x00, 0x00, 0x04, 0xc7,
    0x00, 0x00, 0x04, 0xf2,
    0x00, 0x00, 0x05, 0x1d,
    0x00, 0x00, 0x05, 0x48,
    0x00, 0x00, 0x05, 0x73,
    0x00, 0x00, 0x05, 0x9e,
    0x00, 0x00, 0x05, 0xc9,
    0x00, 0x00, 0x05, 0xf4,
    0x00, 0x00, 0x06, 0x1f,
    0x00, 0x00, 0x06, 0x4a,
    0x00, 0x00, 0x06, 0x75,
    0x00, 0x00, 0x06, 0xa0,
    0x00, 0x00, 0x06, 0xcb,
    0x00, 0x00, 0x06, 0xf6,
    0x00, 0x00, 0x07, 0x21,
    0x00, 0x00, 0x07, 0x4c,
    0x00, 0x00, 0x07, 0x77,
    0x00, 0x00, 0x07, 0xa2,
    0x00, 0x00, 0x07, 0xcd,
    0x00, 0x00, 0x07, 0xf8,
    0x00, 0x00, 0x08, 0x23,
    0x00, 0x00, 0x08, 0x4e,
    0x00, 0x00, 0x08, 0x79,
    0x00, 0x00, 0x08, 0xa4,
    0x00, 0x00, 0x08, 0xcf,
    0x00, 0x00, 0x08, 0xfa,
    0x00, 0x00, 0x09, 0x4a,
    0x00, 0x00, 0x09, 0xb0,
    0x00, 0x00, 0x0a, 0x0a,
    0x00, 0x00, 0x0a, 0xa9,
    0x00, 0x00, 0x0b, 0x27,
    0x00, 0x00, 0x0b, 0x94,
    0x00, 0x00, 0x0b, 0xfb,
    0x00, 0x00, 0x0c, 0x64,
    0x00, 0x00, 0x0c, 0xc6,
    0x00, 0x00, 0x0d, 0x2a,
    0x00, 0x00, 0x0d, 0x8f,
    0x00, 0x00, 0x0d, 0xec,
    0x00, 0x00, 0x0e, 0x4d,
    0x00, 0x00, 0x0e, 0xa8,
    0x00, 0x00, 0x0e, 0xff,
    0x00, 0x00, 0x0f, 0x5b,
    0x00, 0x00, 0x0f, 0xce,
    0x00, 0x00, 0x10, 0x3c,
    0x00, 0x00, 0x10, 0xec,
    0x00, 0x00, 0x11, 0x88,
    0x00, 0x00, 0x12, 0x22,
    0x00, 0x00, 0x12, 0xd3,
    0x00, 0x00, 0x13, 0x7c,
    0x00, 0x00, 0x14, 0x1e,
    0x00, 0x00, 0x14, 0xfb,
    0x00, 0x00, 0x16, 0x55,
    0x00, 0x00, 0x17, 0x65,
    0x00, 0x00, 0x18, 0x95,
    0x00, 0x00, 0x1a, 0x05,
    0x00, 0x00, 0x1b, 0x38,
    0x00, 0x00, 0x1c, 0x58,
    0x00, 0x00, 0x1d, 0x61,
    0x00, 0x00, 0x1e, 0x75,
    0x00, 0x00, 0x1f, 0x7f,
    0x00, 0x00, 0x20, 0x77,
    0x00, 0x00, 0x21, 0x81,
    0x00, 0x00, 0x22, 0x7a,
    0x00, 0x00, 0x23, 0x74,
    0x00, 0x00, 0x24, 0x5b,
    0x00, 0x00, 0x25, 0x35,
    0x00, 0x00, 0x26, 0x28,
    0x00, 0x00, 0x27, 0x44,
    0x00, 0x00, 0x28, 0x86,
    0x00, 0x00, 0x29, 0xb1,
    0x00, 0x00, 0x2a, 0xa0,
    0x00, 0x00, 0x2b, 0xc1,
    0x00, 0x00, 0x2c, 0x9a,
    0x00, 0x00, 0x2d, 0x29,
    0x00, 0x00, 0x2d, 0xab,
    0x00, 0x00, 0x2e, 0x2d,
    0x00, 0x00, 0x2e, 0x8c,
    0x00, 0x00, 0x2e, 0xeb,
    0x00, 0x00, 0x2f, 0x48,
    0x00, 0x00, 0x2f, 0xa5,
    0x00, 0x00, 0x30, 0x03,
    0x00, 0x00, 0x30, 0x6a,
    0x00, 0x00, 0x30, 0xd0,
    0x00, 0x00, 0x31, 0x35,
    0x00, 0x00, 0x31, 0xa1,
    0x00, 0x00, 0x32, 0x0e,
    0x00, 0x00, 0x32, 0x75,
    0x00, 0x00, 0x32, 0xdc,
    0x00, 0x00, 0x33, 0x48,
    0x00, 0x00, 0x33, 0xbe,
    0x00, 0x00, 0x34, 0x35,
    0x00, 0x00, 0x34, 0xb2,
    0x00, 0x00, 0x35, 0x33,
    0x00, 0x00, 0x35, 0xcd,
    0x00, 0x00, 0x36, 0x45,
    0x00, 0x00, 0x36, 0xac,
    0x00, 0x00, 0x37, 0x0a,
    0x00, 0x00, 0x37, 0x41,
    0x00, 0x00, 0x37, 0x77,
    0x00, 0x00, 0x37, 0xad,
    0x00, 0x00, 0x37, 0xe2,
    0x00, 0x00, 0x38, 0x15,
    0x00, 0x00, 0x38, 0x49,
    0x00, 0x00, 0x38, 0x7e,
    0x00, 0x00, 0x38, 0xb3,
    0x00, 0x00, 0x38, 0xea,
    0x00, 0x00, 0x39, 0x49,
    0x00, 0x00, 0x39, 0xb0,
    0x00, 0x00, 0x3a, 0x0b,
    0x00, 0x00, 0x3a, 0xb1,
    0x00, 0x00, 0x3b, 0x37,
    0x00, 0x00, 0x3b, 0xad,
    0x00, 0x00, 0x3c, 0x1f,
    0x00, 0x00, 0x3c, 0x96,
    0x00, 0x00, 0x3c, 0xff,
    0x00, 0x00, 0x3d, 0x6b,
    0x00, 0x00, 0x3d, 0xd2,
    0x00, 0x00, 0x3e, 0x3a,
    0x00, 0x00, 0x3e, 0xa1,
    0x00, 0x00, 0x3f, 0x05,
    0x00, 0x00, 0x3f, 0x65,
    0x00, 0x00, 0x3f, 0xca,
    0x00, 0x00, 0x40, 0x46,
    0x00, 0x00, 0x40, 0xcb,
    0x00, 0x00, 0x41, 0x7d,
    0x00, 0x00, 0x42, 0x28,
    0x00, 0x00, 0x42, 0xda,
    0x00, 0x00, 0x43, 0xa8,
    0x00, 0x00, 0x44, 0x58,
    0x00, 0x00, 0x45, 0x18,
    0x00, 0x00, 0x45, 0xf4,
    0x00, 0x00, 0x47, 0x47,
    0x00, 0x00, 0x48, 0x49,
    0x00, 0x00, 0x49, 0x85,
    0x00, 0x00, 0x4a, 0xf6,
    0x00, 0x00, 0x4c, 0x22,
    0x00, 0x00, 0x4d, 0x3b,
    0x00, 0x00, 0x4e, 0x3a,
    0x00, 0x00, 0x4f, 0x53,
    0x00, 0x00, 0x50, 0x5d,
    0x00, 0x00, 0x51, 0x54,
    0x00, 0x00, 0x52, 0x64,
    0x00, 0x00, 0x53, 0x69,
    0x00, 0x00, 0x54, 0x6d,
    0x00, 0x00, 0x55, 0x63,
    0x00, 0x00, 0x56, 0x4c,
    0x00, 0x00, 0x57, 0x48,
    0x00, 0x00, 0x58, 0x6a,
    0x00, 0x00, 0x59, 0xc4,
    0x00, 0x00, 0x5a, 0xf9,
    0x00, 0x00, 0x5b, 0xfa,
    0x00, 0x00, 0x5d, 0x1f,
    0x00, 0x00, 0x5d, 0xf2,
    0x00, 0x00, 0x5e, 0x6b,
    0x00, 0x00, 0x5e, 0xc4,
    0x00, 0x00, 0x5f, 0x1d,
    0x00, 0x00, 0x5f, 0x76,
    0x00, 0x00, 0x5f, 0xcf,
    0x00, 0x00, 0x60, 0x28,
    0x00, 0x00, 0x60, 0x80,
    0x00, 0x00, 0x60, 0xda,
    0x00, 0x00, 0x61, 0x3a,
    0x00, 0x00, 0x61, 0x9b,
    0x00, 0x00, 0x61, 0xfc,
    0x00, 0x00, 0x62, 0x9d,
    0x00, 0x00, 0x63, 0x25,
    0x00, 0x00, 0x63, 0xcf,
    0x00, 0x00, 0x64, 0x95,
    0x00, 0x00, 0x65, 0x26,
    0x00, 0x00, 0x65, 0xbc,
    0x00, 0x00, 0x66, 0x4e,
    0x00, 0x00, 0x66, 0xeb,
    0x00, 0x00, 0x67, 0x95,
    0x00, 0x00, 0x68, 0x58,
    0x00, 0x00, 0x68, 0xf9,
    0x00, 0x00, 0x69, 0x76,
    0x00, 0x00, 0x69, 0xfa,
    0x00, 0x00, 0x6a, 0x53,
    0x00, 0x00, 0x6a, 0xaa,
    0x00, 0x00, 0x6a, 0xfe,
    0x00, 0x00, 0x6b, 0x56,
    0x00, 0x00, 0x6b, 0xaf,
    0x00, 0x00, 0x6c, 0x0c,
    0x00, 0x00, 0x6c, 0x65,
    0x00, 0x00, 0x6c, 0xb8,
    0x00, 0x00, 0x6d, 0x0e,
    0x00, 0x00, 0x6d, 0x68,
    0x00, 0x00, 0x6d, 0xe0,
    0x00, 0x00, 0x6e, 0x61,
    0x00, 0x00, 0x6e, 0xd3,
    0x00, 0x00, 0x6f, 0xab,
    0x00, 0x00, 0x70, 0x70,
    0x00, 0x00, 0x71, 0x1f,
    0x00, 0x00, 0x71, 0xc7,
    0x00, 0x00, 0x72, 0x6e,
    0x00, 0x00, 0x73, 0x0d,
    0x00, 0x00, 0x73, 0xa8,
    0x00, 0x00, 0x74, 0x3b,
    0x00, 0x00, 0x74, 0xd1,
    0x00, 0x00, 0x75, 0x63,
    0x00, 0x00, 0x75, 0xf3,
    0x00, 0x00, 0x76, 0x79,
    0x00, 0x00, 0x76, 0xfe,
    0x00, 0x00, 0x77, 0x86,
    0x00, 0x00, 0x78, 0x04,
    0x00, 0x00, 0x78, 0x91,
    0x00, 0x00, 0x79, 0x48,
    0x00, 0x00, 0x7a, 0x03,
    0x00, 0x00, 0x7a, 0xc1,
    0x00, 0x00, 0x7b, 0xab,
    0x00, 0x00, 0x7c, 0x83,
    0x00, 0x00, 0x7d, 0x52,
    0x00, 0x00, 0x7e, 0x8e,
    0x00, 0x00, 0x7f, 0xf8,
    0x00, 0x00, 0x81, 0x2c,
    0x00, 0x00, 0x82, 0x88,
    0x00, 0x00, 0x84, 0x07,
    0x00, 0x00, 0x85, 0x6b,
    0x00, 0x00, 0x86, 0xc6,
    0x00, 0x00, 0x88, 0x18,
    0x00, 0x00, 0x89, 0x7a,
    0x00, 0x00, 0x8a, 0xb6,
    0x00, 0x00, 0x8b, 0xdc,
    0x00, 0x00, 0x8d, 0x1c,
    0x00, 0x00, 0x8e, 0x4e,
    0x00, 0x00, 0x8f, 0x67,
    0x00, 0x00, 0x90, 0x81,
    0x00, 0x00, 0x91, 0x8f,
    0x00, 0x00, 0x92, 0xbd,
    0x00, 0x00, 0x93, 0xfa,
    0x00, 0x00, 0x95, 0x52,
    0x00, 0x00, 0x96, 0xa7,
    0x00, 0x00, 0x97, 0xd5,
    0x00, 0x00, 0x99, 0x40,
    0x00, 0x00, 0x9a, 0x45,
    0x00, 0x00, 0x9a, 0xed,
    0x00, 0x00, 0x9b, 0xa8,
    0x00, 0x00, 0x9c, 0x55,
    0x00, 0x00, 0x9c, 0xe5,
    0x00, 0x00, 0x9d, 0x70,
    0x00, 0x00, 0x9d, 0xfa,
    0x00, 0x00, 0x9e, 0x7f,
    0x00, 0x00, 0x9f, 0x0a,
    0x00, 0x00, 0x9f, 0x99,
    0x00, 0x00, 0xa0, 0x2b,
    0x00, 0x00, 0xa0, 0xba,
    0x00, 0x00, 0xa1, 0x4f,
    0x00, 0x00, 0xa1, 0xdb,
    0x00, 0x00, 0xa2, 0x65,
    0x00, 0x00, 0xa2, 0xf5,
    0x00, 0x00, 0xa3, 0x84,
    0x00, 0x00, 0xa4, 0x19,
    0x00, 0x00, 0xa4, 0xc1,
    0x00, 0x00, 0xa5, 0x73,
    0x00, 0x00, 0xa6, 0x37,
    0x00, 0x00, 0xa6, 0xe7,
    0x00, 0x00, 0xa7, 0x5e,
    0x00, 0x00, 0xa7, 0xfa,
    0x00, 0x00, 0xa8, 0x66,
    0x00, 0x00, 0xa8, 0xcd,
    0x00, 0x00, 0xa9, 0x37,
    0x00, 0x00, 0xa9, 0xa7,
    0x00, 0x00, 0xaa, 0x18,
    0x00, 0x00, 0xaa, 0x92,
    0x00, 0x00, 0xaa, 0xed,
    0x00, 0x00, 0xab, 0x47,
    0x00, 0x00, 0xab, 0xa1,
    0x00, 0x00, 0xab, 0xf9,
    0x00, 0x00, 0xac, 0x53,
    0x00, 0x00, 0xac, 0xab,
    0x00, 0x00, 0xad, 0x06,
    0x00, 0x00, 0xad, 0x62,
    0x00, 0x00, 0xad, 0xbe,
    0x00, 0x00, 0xae, 0x17,
    0x00, 0x00, 0xae, 0x6e,
    0x00, 0x00, 0xae, 0xc6,
    0x00, 0x00, 0xaf, 0x1f,
    0x00, 0x00, 0xaf, 0x79,
    0x00, 0x00, 0xaf, 0xd8,
    0x00, 0x00, 0xb0, 0x38,
    0x00, 0x00, 0xb0, 0x92,
    0x00, 0x00, 0xb0, 0xee,
    0x00, 0x00, 0xb1, 0x48,
    0x00, 0x00, 0xb1, 0xaa,
    0x00, 0x00, 0xb2, 0x26,
    0x00, 0x00, 0xb2, 0xb0,
    0x00, 0x00, 0xb3, 0x16,
    0x00, 0x00, 0xb3, 0x81,
    0x00, 0x00, 0xb3, 0xdc,
    0x00, 0x00, 0xb4, 0x86,
    0x00, 0x00, 0xb5, 0x10,
    0x00, 0x00, 0xb5, 0x89,
    0x00, 0x00, 0xb5, 0xff,
    0x00, 0x00, 0xb6, 0x72,
    0x00, 0x00, 0xb6, 0xe2,
    0x00, 0x00, 0xb7, 0x52,
    0x00, 0x00, 0xb7, 0xbc,
    0x00, 0x00, 0xb8, 0x27,
    0x00, 0x00, 0xb8, 0x8c,
    0x00, 0x00, 0xb8, 0xef,
    0x00, 0x00, 0xb9, 0x52,
    0x00, 0x00, 0xb9, 0xb2,
    0x00, 0x00, 0xba, 0x12,
    0x00, 0x00, 0xba, 0xb0,
    0x00, 0x00, 0xbb, 0x5f,
    0x00, 0x00, 0xbc, 0x55,
    0x00, 0x00, 0xbd, 0x3e,
    0x00, 0x00, 0xbe, 0x1b,
    0x00, 0x00, 0xbf, 0x04,
    0x00, 0x00, 0xbf, 0xf7,
    0x00, 0x00, 0xc1, 0x18,
    0x00, 0x00, 0xc2, 0xb6,
    0x00, 0x00, 0xc4, 0x3e,
    0x00, 0x00, 0xc5, 0xb2,
    0x00, 0x00, 0xc7, 0x4b,
    0x00, 0x00, 0xc8, 0xdb,
    0x00, 0x00, 0xca, 0x63,
    0x00, 0x00, 0xcb, 0xe9,
    0x00, 0x00, 0xcd, 0x81,
    0x00, 0x00, 0xce, 0xec,
    0x00, 0x00, 0xd0, 0x46,
    0x00, 0x00, 0xd1, 0x9b,
    0x00, 0x00, 0xd3, 0x09,
    0x00, 0x00, 0xd4, 0x65,
    0x00, 0x00, 0xd5, 0xca,
    0x00, 0x00, 0xd7, 0x37,
    0x00, 0x00, 0xd8, 0x9e,
    0x00, 0x00, 0xd9, 0xfd,
    0x00, 0x00, 0xdb, 0x6c,
    0x00, 0x00, 0xdc, 0xdf,
    0x00, 0x00, 0xde, 0x3d,
    0x00, 0x00, 0xdf, 0xa2,
    0x00, 0x00, 0xe0, 0x93,
    0x00, 0x00, 0xe1, 0x19,
    0x00, 0x00, 0xe1, 0xa2,
    0x00, 0x00, 0xe2, 0x2b,
    0x00, 0x00, 0xe2, 0xb0,
    0x00, 0x00, 0xe3, 0x38,
    0x00, 0x00, 0xe3, 0xb7,
    0x00, 0x00, 0xe4, 0x33,
    0x00, 0x00, 0xe4, 0x92,
    0x00, 0x00, 0xe4, 0xf1,
    0x00, 0x00, 0xe5, 0x50,
    0x00, 0x00, 0xe5, 0xb0,
    0x00, 0x00, 0xe6, 0x0f,
    0x00, 0x00, 0xe6, 0x6d,
    0x00, 0x00, 0xe6, 0xcc,
    0x00, 0x00, 0xe7, 0x2c,
    0x00, 0x00, 0xe7, 0x8b,
    0x00, 0x00, 0xe7, 0xea,
    0x00, 0x00, 0xe8, 0x4b,
    0x00, 0x00, 0xe8, 0xac,
    0x00, 0x00, 0xe9, 0x0c,
    0x00, 0x00, 0xe9, 0x6b,
    0x00, 0x00, 0xe9, 0xcc,
    0x00, 0x00, 0xea, 0x2c,
    0x00, 0x00, 0xea, 0x8b,
    0x00, 0x00, 0xea, 0xea,
    0x00, 0x00, 0xeb, 0x4b,
    0x00, 0x00, 0xeb, 0xaa,
    0x00, 0x00, 0xec, 0x0a,
    0x00, 0x00, 0xec, 0x6a,
    0x00, 0x00, 0xec, 0xcb,
    0x00, 0x00, 0xed, 0x2a,
    0x00, 0x00, 0xed, 0x8a,
    0x00, 0x00, 0xed, 0xe9,
    0x00, 0x00, 0xee, 0x49,
    0x00, 0x00, 0xee, 0xa7,
    0x00, 0x00, 0xef, 0x05,
    0x00, 0x00, 0xef, 0x65,
    0x00, 0x00, 0xef, 0xc4,
    0x00, 0x00, 0xf0, 0x22,
    0x00, 0x00, 0xf0, 0x80,
    0x00, 0x00, 0xf0, 0xdf,
    0x00, 0x00, 0xf1, 0x3e,
    0x00, 0x00, 0xf1, 0x9c,
    0x00, 0x00, 0xf1, 0xfa,
    0x00, 0x00, 0xf2, 0x5a,
    0x00, 0x00, 0xf2, 0xb9,
    0x00, 0x00, 0xf3, 0x17,
    0x00, 0x00, 0xf3, 0x75,
    0x00, 0x00, 0xf3, 0xd5,
    0x00, 0x00, 0xf4, 0x36,
    0x00, 0x00, 0xf4, 0x96,
    0x00, 0x00, 0xf4, 0xf6,
    0x00, 0x00, 0xf5, 0x55,
    0x00, 0x00, 0xf5, 0xb4,
    0x00, 0x00, 0xf6, 0x12,
    0x00, 0x00, 0xf6, 0x70,
    0x00, 0x00, 0xf6, 0xce,
    0x00, 0x00, 0xf7, 0x2c,
    0x00, 0x00, 0xf7, 0x8a,
    0x00, 0x00, 0xf7, 0xe9,
    0x00, 0x00, 0xf8, 0x48,
    0x00, 0x00, 0xf8, 0xa6,
    0x00, 0x00, 0xf9, 0x05,
    0x00, 0x00, 0xf9, 0x63,
    0x00, 0x00, 0xf9, 0xc2,
    0x00, 0x00, 0xfa, 0x21,
    0x00, 0x00, 0xfa, 0x80,
    0x00, 0x00, 0xfa, 0xe0,
    0x00, 0x00, 0xfb, 0x41,
    0x00, 0x00, 0xfb, 0xa1,
    0x00, 0x00, 0xfc, 0x00,
    0x00, 0x00, 0xfc, 0x60,
    0x00, 0x00, 0xfc, 0xc1,
    0x00, 0x00, 0xfd, 0x21,
    0x00, 0x00, 0xfd, 0x80,
    0x00, 0x00, 0xfd, 0xdf,
    0x00, 0x00, 0xfe, 0x3f,
    0x00, 0x00, 0xfe, 0x9e,
    0x00, 0x00, 0xfe, 0xfd,
    0x00, 0x00, 0xff, 0x5d,
    0x00, 0x00, 0xff, 0xbe,
    0x00, 0x01, 0x00, 0x1e,
    0x00, 0x01, 0x00, 0x7e,
    0x00, 0x01, 0x00, 0xe0,
    0x00, 0x01, 0x01, 0x41,
    0x00, 0x01, 0x01, 0xa3,
    0x00, 0x01, 0x02, 0x04,
    0x00, 0x01, 0x02, 0x64,
    0x00, 0x01, 0x02, 0xc6,
    0x00, 0x01, 0x03, 0x28,
    0x00, 0x01, 0x03, 0x88,
    0x00, 0x01, 0x03, 0xea,
    0x00, 0x01, 0x04, 0x4c,
    0x00, 0x01, 0x04, 0xac,
    0x00, 0x01, 0x05, 0x0d,
    0x00, 0x01, 0x05, 0x6e,
    0x00, 0x01, 0x05, 0xca,
    0x00, 0x01, 0x06, 0x22,
    0x00, 0x01, 0x06, 0x7b,
    0x00, 0x01, 0x06, 0xd6,
    0x00, 0x01, 0x07, 0x31,
    0x00, 0x01, 0x07, 0x8a,
    0x00, 0x01, 0x07, 0xe6,
    0x00, 0x01, 0x08, 0x43,
    0x00, 0x01, 0x08, 0x9e,
    0x00, 0x01, 0x08, 0xf9,
    0x00, 0x01, 0x09, 0x56,
    0x00, 0x01, 0x09, 0xb0,
    0x00, 0x01, 0x0a, 0x09,
    0x00, 0x01, 0x0a, 0x5d,
    0x00, 0x01, 0x0a, 0xb2,
    0x00, 0x01, 0x0b, 0x08,
    0x00, 0x01, 0x0b, 0x5c,
    0x00, 0x01, 0x0b, 0xb1,
    0x00, 0x01, 0x0c, 0x07,
    0x00, 0x01, 0x0c, 0x5c,
    0x00, 0x01, 0x0c, 0xb2,
    0x00, 0x01, 0x0d, 0x08,
    0x00, 0x01, 0x0d, 0x5d,
    0x00, 0x01, 0x0d, 0xb3,
    0x00, 0x01, 0x0e, 0x0b,
    0x00, 0x01, 0x0e, 0x62,
    0x00, 0x01, 0x0e, 0xbc,
    0x00, 0x01, 0x0f, 0x14,
    0x00, 0x01, 0x0f, 0x6b,
    0x00, 0x01, 0x0f, 0xc3,
    0x00, 0x01, 0x10, 0x1f,
    0x00, 0x01, 0x10, 0x86,
    0x00, 0x01, 0x10, 0xe6,
    0x00, 0x01, 0x11, 0x45,
    0x00, 0x01, 0x11, 0x9a,
    0x00, 0x01, 0x11, 0xe4,
    0x00, 0x01, 0x12, 0x2e,
    0x00, 0x01, 0x12, 0x78,
    0x00, 0x01, 0x12, 0xc2,
    0x00, 0x01, 0x13, 0x0c,
    0x00, 0x01, 0x13, 0x56,
    0x00, 0x01, 0x13, 0xa0,
    0x00, 0x01, 0x13, 0xea,
    0x00, 0x01, 0x14, 0x34,
    0x00, 0x01, 0x14, 0x7e,
    0x00, 0x01, 0x14, 0xc8,
    0x00, 0x01, 0x15, 0x12,
    0x00, 0x01, 0x15, 0x69,
    0x00, 0x01, 0x15, 0xbf,
    0x00, 0x01, 0x16, 0x13,
    0x00, 0x01, 0x16, 0x6b,
    0x00, 0x01, 0x16, 0xc3,
    0x00, 0x01, 0x17, 0x1f,
    0x00, 0x01, 0x17, 0x7a,
    0x00, 0x01, 0x17, 0xd7,
    0x00, 0x01, 0x18, 0x39,
    0x00, 0x01, 0x18, 0x95,
    0x00, 0x01, 0x18, 0xf2,
    0x00, 0x01, 0x19, 0x58,
    0x00, 0x01, 0x19, 0xc1,
    0x00, 0x01, 0x1a, 0x28,
    0x00, 0x01, 0x1a, 0x93,
    0x00, 0x01, 0x1b, 0x0e,
    0x00, 0x01, 0x1b, 0x8a,
    0x00, 0x01, 0x1c, 0x21,
    0x00, 0x01, 0x1c, 0x91,
    0x00, 0x01, 0x1c, 0xfa,
    0x00, 0x01, 0x1d, 0x55,
    0x00, 0x01, 0x1d, 0x80,
    0x00, 0x01, 0x1d, 0xab,
    0x00, 0x01, 0x1d, 0xd6,
    0x00, 0x01, 0x1e, 0x01,
    0x00, 0x01, 0x1e, 0x2c,
    0x00, 0x01, 0x1e, 0x57,
    0x00, 0x01, 0x1e, 0x82,
    0x00, 0x01, 0x1e, 0xad,
    0x00, 0x01, 0x1e, 0xd8,
    0x00, 0x01, 0x1f, 0x03,
    0x00, 0x01, 0x1f, 0x2e,
    0x00, 0x01, 0x1f, 0x59,
    0x00, 0x01, 0x1f, 0x84,
    0x00, 0x01, 0x1f, 0xaf,
    0x00, 0x01, 0x1f, 0xda,
    0x00, 0x01, 0x20, 0x05,
    0x00, 0x01, 0x20, 0x30,
    0x00, 0x01, 0x20, 0x5b,
    0x00, 0x01, 0x20, 0x86,
    0x00, 0x01, 0x20, 0xb1,
    0x00, 0x01, 0x20, 0xdc,
    0x00, 0x01, 0x21, 0x07,
    0x00, 0x01, 0x21, 0x32,
    0x00, 0x01, 0x21, 0x5d,
    0x00, 0x01, 0x21, 0x88,
    0x00, 0x01, 0x21, 0xb3,
    0x00, 0x01, 0x21, 0xdb,
    0x00, 0x01, 0x21, 0xfb,
    0xff, 0x30, 0x30, 0x30, 0x16, 0xff, 0x35, 0x34, 0x36, 0xbb, 0xfd, 0xfd,
    0xfd, 0xfd, 0xfd, 0xfd, 0xfd, 0xfd, 0xfd, 0xfd, 0xfd, 0xfd, 0xfd, 0xfd,
    0xfd, 0xfd, 0xf9, 0xff, 0x33, 0x33, 0x33, 0x2e, 0xff, 0x34, 0x34, 0x34,
    0x1e, 0xff, 0x35, 0x34, 0x37, 0xff, 0xfd, 0xfd, 0xfd, 0xfd, 0xfd, 0xfd,
    0xfd, 0xfd, 0xfd, 0xfd, 0xfd, 0xfd, 0xfd, 0xfd, 0xfd, 0xfd, 0xf9, 0xff,
    0x33, 0x33, 0x37, 0x3e, 0xff, 0x34, 0x34, 0x34, 0x1e, 0xff, 0x35, 0x34,
    0x37, 0xff, 0xc0, 0xa9, 0x8f, 0xa3, 0x8b, 0xfd, 0xfd, 0xfd, 0xfd, 0xfd,
    0xfd, 0xfd, 0xfd, 0xfd, 0xfd, 0xfd, 0xfd, 0xfd, 0xfd, 0xfd, 0xfd, 0xf3,
    0x9f, 0x86, 0x11, 0xc0, 0xff, 0x33, 0x33, 0x37, 0x3e, 0xff, 0x34, 0x34,
    0x34, 0x1e, 0xff, 0x35, 0x34, 0x37, 0xff, 0xc0, 0xfe, 0x62, 0x4d, 0x50,
    0xa8, 0x8e, 0xfd, 0xfd, 0xfd, 0xfd, 0xfd, 0xfd, 0xfd, 0xfd, 0xfd, 0xfd,
    0xfd, 0xfd, 0xfd, 0xfd, 0xfd, 0xfd, 0xf3, 0x9c, 0x85, 0x11, 0xc0, 0xff,
    0x33, 0x33, 0x37, 0x3e, 0xff, 0x34, 0x34, 0x34, 0x1e, 0xff, 0x35, 0x34,
    0x37, 0xff, 0xc0, 0xfe, 0x62, 0x4d, 0x50, 0xa8, 0x8e, 0xfd, 0xfd, 0xfd,
    0xfd, 0xfd, 0xfd, 0xfd, 0xfd, 0xfd, 0xfd, 0xfd, 0xfd, 0xfd, 0xfd, 0xfd,
    0xfd, 0xf3, 0x9c, 0x85, 0x11, 0xc0, 0xff, 0x33, 0x33, 0x37, 0x3e, 0xff,
    0x34, 0x34, 0x34, 0x1e, 0xff, 0x35, 0x34, 0x37, 0xff, 0xc0, 0xfe, 0x62,
    0x4d, 0x50, 0xa8, 0x8e, 0xfd, 0xfd, 0xfd, 0xfd, 0xfd, 0xfd, 0xfd, 0xfd,
    0xfd, 0xfd, 0xfd, 0xfd, 0xfd, 0xfd, 0xfd, 0xfd, 0xf3, 0x9c, 0x85, 0x11,
    0xc0, 0xff, 0x33, 0x33, 0x37, 0x3e, 0xff, 0x34, 0x34, 0x34, 0x1e, 0xff,
    0x35, 0x34, 0x37, 0xff, 0xc0, 0xfe, 0x62, 0x4d, 0x50, 0xa8, 0x8e, 0xfd,
    0xfd, 0xfd, 0xfd, 0xfd, 0xfd, 0xfd, 0xfd, 0xfd, 0xfd, 0xfd, 0xfd, 0xfd,
    0xfd, 0xfd, 0xfd, 0xf3, 0x9c, 0x85, 0x11, 0xc0, 0xff, 0x33, 0x33, 0x37,
    0x3e, 0xff, 0x34, 0x34, 0x34, 0x1e, 0xff, 0x35, 0x34, 0x37, 0xff, 0xc0,
    0xfe, 0x62, 0x4d, 0x50, 0xa8, 0x8e, 0xfd, 0xfd, 0xfd, 0xfd, 0xfd, 0xfd,
    0xfd, 0xfd, 0xfd, 0xfd, 0xfd, 0xfd, 0xfd, 0xfd, 0xfd, 0xfd, 0xf3, 0x9c,
    0x85, 0x11, 0xc0, 0xff, 0x33, 0x33, 0x37, 0x3e, 0xff, 0x34, 0x34, 0x34,
    0x1e, 0xff, 0x35, 0x34, 0x37, 0xff, 0xc0, 0xfe, 0x62, 0x4d, 0x50, 0xa8,
    0x8e, 0xfd, 0xfd, 0xfd, 0xfd, 0xfd, 0xfd, 0xfd, 0xfd, 0xfd, 0xfd, 0xfd,
    0xfd, 0xfd, 0xfd, 0xfd, 0xfd, 0xf3, 0x9c, 0x85, 0x11, 0xc0, 0xff, 0x33,
    0x33, 0x37, 0x3e, 0xff, 0x34, 0x34, 0x34, 0x1e, 0xff, 0x35, 0x34, 0x37,
    0xff, 0xc0, 0xfe, 0x62, 0x4d, 0x50, 0xa8, 0x8e, 0xfd, 0xfd, 0xfd, 0xfd,
    0xfd, 0xfd, 0xfd, 0xfd, 0xfd, 0xfd, 0xfd, 0xfd, 0xfd, 0xfd, 0xfd, 0xfd,
    0xf3, 0x9c, 0x85, 0x11, 0xc0, 0xff, 0x33, 0x33, 0x37, 0x3e, 0xff, 0x34,
    0x34, 0x34, 0x1e, 0xff, 0x35, 0x34, 0x37, 0xff, 0xc0, 0xfe, 0x62, 0x4d,
    0x50, 0xa8, 0x8e, 0xfd, 0xfd, 0xfd, 0xfd, 0xfd, 0xfd, 0xfd, 0xfd, 0xfd,
    0xfd, 0xfd, 0xfd, 0xfd, 0xfd, 0xfd, 0xfd, 0xf3, 0x9c, 0x85, 0x11, 0xc0,
    0xff, 0x33, 0x33, 0x37, 0x3e, 0xff, 0x34, 0x34, 0x34, 0x1e, 0xff, 0x35,
    0x34, 0x37, 0xff, 0xc0, 0xfe, 0x62, 0x4d, 0x50, 0xa8, 0x8e, 0xfd, 0xfd,
    0xfd, 0xfd, 0xfd, 0xfd, 0xfd, 0xfd, 0xfd, 0xfd, 0xfd, 0xfd, 0xfd, 0xfd,
    0xfd, 0xfd, 0xf3, 0x9c, 0x85, 0x11, 0xc0, 0xff, 0x33, 0x33, 0x37, 0x3e,
    0xff, 0x34, 0x34, 0x34, 0x1e, 0xff, 0x35, 0x34, 0x37, 0xff, 0xc0, 0xfe,
    0x62, 0x4d, 0x50, 0xa8, 0x8e, 0xfd, 0xfd, 0xfd, 0xfd, 0xfd, 0xfd, 0xfd,
    0xfd, 0xfd, 0xfd, 0xfd, 0xfd, 0xfd, 0xfd, 0xfd, 0xfd, 0xf3, 0x9c, 0x85,
    0x11, 0xc0, 0xff, 0x33, 0x33, 0x37, 0x3e, 0xff, 0x34, 0x34, 0x34, 0x1e,
    0xff, 0x35, 0x34, 0x37, 0xff, 0xc0, 0xfe, 0x62, 0x4d, 0x50, 0xa8, 0x8e,
    0xfd, 0xfd, 0xfd, 0xfd, 0xfd, 0xfd, 0xfd, 0xfd, 0xfd, 0xfd, 0xfd, 0xfd,
    0xfd, 0xfd, 0xfd, 0xfd, 0xf3, 0x9c, 0x85, 0x11, 0xc0, 0xff, 0x33, 0x33,
    0x37, 0x3e, 0xff, 0x34, 0x34, 0x34, 0x1e, 0xff, 0x35, 0x34, 0x37, 0xff,
    0xc0, 0xfe, 0x62, 0x4d, 0x50, 0xa8, 0x8e, 0xfd, 0xfd, 0xfd, 0xfd, 0xfd,
    0xfd, 0xfd, 0xfd, 0xfd, 0xfd, 0xfd, 0xfd, 0xfd, 0xfd, 0xfd, 0xfd, 0xf3,
    0x9c, 0x85, 0x11, 0xc0, 0xff, 0x33, 0x33, 0x37, 0x3e, 0xff, 0x34, 0x34,
    0x34, 0x1e, 0xff, 0x35, 0x34, 0x37, 0xff, 0xc0, 0xfe, 0x62, 0x4d, 0x50,
    0xa8, 0x8e, 0xfd, 0xfd, 0xfd, 0xfd, 0xfd, 0xfd, 0xfd, 0xfd, 0xfd, 0xfd,
    0xfd, 0xfd, 0xfd, 0xfd, 0xfd, 0xfd, 0xf3, 0x9c, 0x85, 0x11, 0xc0, 0xff,
    0x33, 0x33, 0x37, 0x3e, 0xff, 0x34, 0x34, 0x34, 0x1e, 0xff, 0x35, 0x34,
    0x37, 0xff, 0xc0, 0xfe, 0x62, 0x4d, 0x50, 0xa8, 0x8e, 0xfd, 0xfd, 0xfd,
    0xfd, 0xfd, 0xfd, 0xfd, 0xfd, 0xfd, 0xfd, 0xfd, 0xfd, 0xfd, 0xfd, 0xfd,
    0xfd, 0xf3, 0x9c, 0x85, 0x11, 0xc0, 0xff, 0x33, 0x33, 0x37, 0x3e, 0xff,
    0x34, 0x34, 0x34, 0x1e, 0xff, 0x35, 0x34, 0x37, 0xff, 0xc0, 0xfe, 0x62,
    0x4d, 0x50, 0xa8, 0x8e, 0xfd, 0xfd, 0xfd, 0xfd, 0xfd, 0xfd, 0xfd, 0xfd,
    0xfd, 0xfd, 0xfd, 0xfd, 0xfd, 0xfd, 0xfd, 0xfd, 0xf3, 0x9c, 0x85, 0x11,
    0xc0, 0xff, 0x33, 0x33, 0x37, 0x3e, 0xff, 0x34, 0x34, 0x34, 0x1e, 0xff,
    0x35, 0x34, 0x37, 0xff, 0xc0, 0xfe, 0x62, 0x4d, 0x50, 0xa8, 0x8e, 0xfd,
    0xfd, 0xfd, 0xfd, 0xfd, 0xfd, 0xfd, 0xfd, 0xfd, 0xfd, 0xfd, 0xfd, 0xfd,
    0xfd, 0xfd, 0xfd, 0xf3, 0x9c, 0x85, 0x11, 0xc0, 0xff, 0x33, 0x33, 0x37,
    0x3e, 0xff, 0x34, 0x34, 0x34, 0x1e, 0xff, 0x35, 0x34, 0x37, 0xff, 0xc0,
    0xfe, 0x62, 0x4d, 0x50, 0xa8, 0x8e, 0xfd, 0xfd, 0xfd, 0xfd, 0xfd, 0xfd,
    0xfd, 0xfd, 0xfd, 0xfd, 0xfd, 0xfd, 0xfd, 0xfd, 0xfd, 0xfd, 0xf3, 0x9c,
    0x85, 0x11, 0xc0, 0xff, 0x33, 0x33, 0x37, 0x3e, 0xff, 0x34, 0x34, 0x34,
    0x1e, 0xff, 0x35, 0x34, 0x37, 0xff, 0xc0, 0xfe, 0x62, 0x4d, 0x50, 0xa8,
    0x8e, 0xfd, 0xfd, 0xfd, 0xfd, 0xfd, 0xfd, 0xfd, 0xfd, 0xfd, 0xfd, 0xfd,
    0xfd, 0xfd, 0xfd, 0xfd, 0xfd, 0xf3, 0x9c, 0x85, 0x11, 0xc0, 0xff, 0x33,
    0x33, 0x37, 0x3e, 0xff, 0x34, 0x34, 0x34, 0x1e, 0xff, 0x35, 0x34, 0x37,
    0xff, 0xc0, 0xfe, 0x62, 0x4d, 0x50, 0xa8, 0x8e, 0xfd, 0xfd, 0xfd, 0xfd,
    0xfd, 0xfd, 0xfd, 0xfd, 0xfd, 0xfd, 0xfd, 0xfd, 0xfd, 0xfd, 0xfd, 0xfd,
    0xf3, 0x9c, 0x85, 0x11, 0xc0, 0xff, 0x33, 0x33, 0x37, 0x3e, 0xff, 0x34,
    0x34, 0x34, 0x1e, 0xff, 0x35, 0x34, 0x37, 0xff, 0xc0, 0xfe, 0x62, 0x4d,
    0x50, 0xa8, 0x8e, 0xfd, 0xfd, 0xfd, 0xfd, 0xfd, 0xfd, 0xfd, 0xfd, 0xfd,
    0xfd, 0xfd, 0xfd, 0xfd, 0xfd, 0xfd, 0xfd, 0xf3, 0x9c, 0x85, 0x11, 0xc0,
    0xff, 0x33, 0x33, 0x37, 0x3e, 0xff, 0x34, 0x34, 0x34, 0x1e, 0xff, 0x35,
    0x34, 0x37, 0xff, 0xc0, 0xfe, 0x62, 0x4d, 0x50, 0xa8, 0x8e, 0xfd, 0xfd,
    0xfd, 0xfd, 0xfd, 0xfd, 0xfd, 0xfd, 0xfd, 0xfd, 0xfd, 0xfd, 0xfd, 0xfd,
    0xfd, 0xfd, 0xf3, 0x9c, 0x85, 0x11, 0xc0, 0xff, 0x33, 0x33, 0x37, 0x3e,
    0xff, 0x34, 0x34, 0x34, 0x1e, 0xff, 0x35, 0x34, 0x37, 0xff, 0xc0, 0xfe,
    0x62, 0x4d, 0x50, 0xa8, 0x8e, 0xfd, 0xfd, 0xfd, 0xfd, 0xfd, 0xfd, 0xfd,
    0xfd, 0xfd, 0xfd, 0xfd, 0xfd, 0xfd, 0xfd, 0xfd, 0xfd, 0xf3, 0x9c, 0x85,
    0x11, 0xc0, 0xff, 0x33, 0x33, 0x37, 0x3e, 0xff, 0x34, 0x34, 0x34, 0x1e,
    0xff, 0x35, 0x34, 0x37, 0xff, 0xc0, 0xfe, 0x62, 0x4d, 0x50, 0xa8, 0x8e,
    0xfd, 0xfd, 0xfd, 0xfd, 0xfd, 0xfd, 0xfd, 0xfd, 0xfd, 0xfd, 0xfd, 0xfd,
    0xfd, 0xfd, 0xfd, 0xfd, 0xf3, 0x9c, 0x85, 0x11, 0xc0, 0xff, 0x33, 0x33,
    0x37, 0x3e, 0xff, 0x34, 0x34, 0x34, 0x1e, 0xff, 0x35, 0x34, 0x37, 0xff,
    0xc0, 0xfe, 0x62, 0x4d, 0x50, 0xa8, 0x8e, 0xfd, 0xfd, 0xfd, 0xfd, 0xfd,
    0xfd, 0xfd, 0xfd, 0xfd, 0xfd, 0xfd, 0xfd, 0xfd, 0xfd, 0xfd, 0xfd, 0xf3,
    0x9c, 0x85, 0x11, 0xc0, 0xff, 0x33, 0x33, 0x37, 0x3e, 0xff, 0x34, 0x34,
    0x34, 0x1e, 0xff, 0x35, 0x34, 0x37, 0xff, 0xc0, 0xfe, 0x62, 0x4d, 0x50,
    0xa8, 0x8e, 0xfd, 0xfd, 0xfd, 0xfd, 0xfd, 0xfd, 0xfd, 0xfd, 0xfd, 0xfd,
    0xfd, 0xfd, 0xfd, 0xfd, 0xfd, 0xfd, 0xf3, 0x9c, 0x85, 0x11, 0xc0, 0xff,
    0x33, 0x33, 0x37, 0x3e, 0xff, 0x34, 0x34, 0x34, 0x1e, 0xff, 0x35, 0x34,
    0x37, 0xff, 0xc0, 0xfe, 0x62, 0x4d, 0x50, 0xa8, 0x8e, 0xfd, 0xfd, 0xfd,
    0xfd, 0xfd, 0xfd, 0xfd, 0xfd, 0xfd, 0xfd, 0xfd, 0xfd, 0xfd, 0xfd, 0xfd,
    0xfd, 0xf3, 0x9c, 0x85, 0x11, 0xc0, 0xff, 0x33, 0x33, 0x37, 0x3e, 0xff,
    0x34, 0x34, 0x34, 0x1e, 0xff, 0x35, 0x34, 0x37, 0xff, 0xc0, 0xfe, 0x62,
    0x4d, 0x50, 0xa8, 0x8e, 0xfd, 0xfd, 0xfd, 0xfd, 0xfd, 0xfd, 0xfd, 0xfd,
    0xfd, 0xfd, 0xfd, 0xfd, 0xfd, 0xfd, 0xfd, 0xfd, 0xf3, 0x9c, 0x85, 0x11,
    0xc0, 0xff, 0x33, 0x33, 0x37, 0x3e, 0xff, 0x34, 0x34, 0x34, 0x1e, 0xff,
    0x35, 0x34, 0x37, 0xff, 0xc0, 0xfe, 0x62, 0x4d, 0x50, 0xa8, 0x8e, 0xfd,
    0xfd, 0xfd, 0xfd, 0xfd, 0xfd, 0xfd, 0xfd, 0xfd, 0xfd, 0xfd, 0xfd, 0xfd,
    0xfd, 0xfd, 0xfd, 0xf3, 0x9c, 0x85, 0x11, 0xc0, 0xff, 0x33, 0x33, 0x37,
    0x3e, 0xff, 0x34, 0x34, 0x34, 0x1e, 0xff, 0x35, 0x34, 0x37, 0xff, 0xc0,
    0xfe, 0x62, 0x4d, 0x50, 0xa8, 0x8e, 0xfd, 0xfd, 0xfd, 0xfd, 0xfd, 0xfd,
    0xfd, 0xfd, 0xfd, 0xfd, 0xfd, 0xfd, 0xfd, 0xfd, 0xfd, 0xfd, 0xf3, 0x9c,
    0x85, 0x11, 0xc0, 0xff, 0x33, 0x33, 0x37, 0x3e, 0xff, 0x34, 0x34, 0x34,
    0x1e, 0xff, 0x35, 0x34, 0x37, 0xff, 0xc0, 0xfe, 0x62, 0x4d, 0x50, 0xa8,
    0x8e, 0xfd, 0xfd, 0xfd, 0xfd, 0xfd, 0xfd, 0xfd, 0xfd, 0xfd, 0xfd, 0xfd,
    0xfd, 0xfd, 0xfd, 0xfd, 0xfd, 0xf3, 0x9c, 0x85, 0x11, 0xc0, 0xff, 0x33,
    0x33, 0x37, 0x3e, 0xff, 0x34, 0x34, 0x34, 0x1e, 0xff, 0x35, 0x34, 0x37,
    0xff, 0xc0, 0xfe, 0x62, 0x4d, 0x50, 0xa8, 0x8e, 0xfd, 0xfd, 0xfd, 0xfd,
    0xfd, 0xfd, 0xfd, 0xfd, 0xfd, 0xfd, 0xfd, 0xfd, 0xfd, 0xfd, 0xfd, 0xfd,
    0xf3, 0x9c, 0x85, 0x11, 0xc0, 0xff, 0x33, 0x33, 0x37, 0x3e, 0xff, 0x34,
    0x34, 0x34, 0x1e, 0xff, 0x35, 0x34, 0x37, 0xff, 0xc0, 0xfe, 0x62, 0x4d,
    0x50, 0xa8, 0x8e, 0xfd, 0xfd, 0xfd, 0xfd, 0xfd, 0xfd, 0xfd, 0xfd, 0xfd,
    0xfd, 0xfd, 0xfd, 0xfd, 0xfd, 0xfd, 0xfd, 0xf3, 0x9c, 0x85, 0x11, 0xc0,
    0xff, 0x33, 0x33, 0x37, 0x3e, 0xff, 0x34, 0x34, 0x34, 0x1e, 0xff, 0x35,
    0x34, 0x37, 0xff, 0xc0, 0xfe, 0x62, 0x4d, 0x50, 0xa8, 0x8e, 0xfd, 0xfd,
    0xfd, 0xfd, 0xfd, 0xfd, 0xfd, 0xfd, 0xfd, 0xfd, 0xfd, 0xfd, 0xfd, 0xfd,
    0xfd, 0xfd, 0xf3, 0x9c, 0x85, 0x11, 0xc0, 0xff, 0x33, 0x33, 0x37, 0x3e,
    0xff, 0x34, 0x34, 0x34, 0x1e, 0xff, 0x35, 0x34, 0x37, 0xff, 0xc0, 0xfe,
    0x62, 0x4d, 0x50, 0xa8, 0x8e, 0xfd, 0xfd, 0xfd, 0xfd, 0xfd, 0xfd, 0xfd,
    0xfd, 0xfd, 0xfd, 0xfd, 0xfd, 0xfd, 0xfd, 0xfd, 0xfd, 0xf3, 0x9c, 0x85,
    0x11, 0xc0, 0xff, 0x33, 0x33, 0x37, 0x3e, 0xff, 0x34, 0x34, 0x34, 0x1e,
    0xff, 0x35, 0x34, 0x37, 0xff, 0xc0, 0xfe, 0x62, 0x4d, 0x50, 0xa8, 0x8e,
    0xfd, 0xfd, 0xfd, 0xfd, 0xfd, 0xfd, 0xfd, 0xfd, 0xfd, 0xfd, 0xfd, 0xfd,
    0xfd, 0xfd, 0xfd, 0xfd, 0xf3, 0x9c, 0x85, 0x11, 0xc0, 0xff, 0x33, 0x33,
    0x37, 0x3e, 0xff, 0x34, 0x34, 0x34, 0x1e, 0xff, 0x35, 0x34, 0x37, 0xff,
    0xc0, 0xfe, 0x62, 0x4d, 0x50, 0xa8, 0x8e, 0xfd, 0xfd, 0xfd, 0xfd, 0xfd,
    0xfd, 0xfd, 0xfd, 0xfd, 0xfd, 0xfd, 0xfd, 0xfd, 0xfd, 0xfd, 0xfd, 0xf3,
    0x9c, 0x85, 0x11, 0xc0, 0xff, 0x33, 0x33, 0x37, 0x3e, 0xff, 0x34, 0x34,
    0x34, 0x1e, 0xff, 0x35, 0x34, 0x37, 0xff, 0xc0, 0xfe, 0x62, 0x4d, 0x50,
    0xa8, 0x8e, 0xfd, 0xfd, 0xfd, 0xfd, 0xfd, 0xfd, 0xfd, 0xfd, 0xfd, 0xfd,
    0xfd, 0xfd, 0xfd, 0xfd, 0xfd, 0xfd, 0xf3, 0x9c, 0x85, 0x11, 0xc0, 0xff,
    0x33, 0x33, 0x37, 0x3e, 0xff, 0x34, 0x34, 0x34, 0x1e, 0xff, 0x35, 0x34,
    0x37, 0xff, 0xc0, 0xfe, 0x62, 0x4d, 0x50, 0xa8, 0x8e, 0xfd, 0xfd, 0xfd,
    0xfd, 0xfd, 0xfd, 0xfd, 0xfd, 0xfd, 0xfd, 0xfd, 0xfd, 0xfd, 0xfd, 0xfd,
    0xfd, 0xf3, 0x9c, 0x85, 0x11, 0xc0, 0xff, 0x33, 0x33, 0x37, 0x3e, 0xff,
    0x34, 0x34, 0x34, 0x1e, 0xff, 0x35, 0x34, 0x37, 0xff, 0xc0, 0xfe, 0x62,
    0x4d, 0x50, 0xa8, 0x8e, 0xfd, 0xfd, 0xfd, 0xfd, 0xfd, 0xfd, 0xfd, 0xfd,
    0xfd, 0xfd, 0xfd, 0xfd, 0xfd, 0xfd, 0xfd, 0xfd, 0xf3, 0x9c, 0x85, 0x11,
    0xc0, 0xff, 0x33, 0x33, 0x37, 0x3e, 0xff, 0x34, 0x34, 0x34, 0x1e, 0xff,
    0x35, 0x34, 0x37, 0xff, 0xc0, 0xfe, 0x62, 0x4d, 0x50, 0xa8, 0x8e, 0xfd,
    0xfd, 0xfd, 0xfd, 0xfd, 0xfd, 0xfd, 0xfd, 0xfd, 0xfd, 0xfd, 0xfd, 0xfd,
    0xfd, 0xfd, 0xfd, 0xf3, 0x9c, 0x85, 0x11, 0xc0, 0xff, 0x33, 0x33, 0x37,
    0x3e, 0xff, 0x34, 0x34, 0x34, 0x1e, 0xff, 0x35, 0x34, 0x37, 0xff, 0xc0,
    0xfe, 0x62, 0x4d, 0x50, 0xa8, 0x8e, 0xfd, 0xfd, 0xfd, 0xfd, 0xfd, 0xfd,
    0xfd, 0xfd, 0xfd, 0xfd, 0xfd, 0xfd, 0xfd, 0xfd, 0xfd, 0xfd, 0xf3, 0x9c,
    0x85, 0x11, 0xc0, 0xff, 0x33, 0x33, 0x37, 0x3e, 0xff, 0x34, 0x34, 0x34,
    0x1e, 0xff, 0x35, 0x34, 0x37, 0xff, 0xc0, 0xfe, 0x62, 0x4d, 0x50, 0xa8,
    0x8e, 0xfd, 0xfd, 0xfd, 0xfd, 0xfd, 0xfd, 0xfd, 0xfd, 0xfd, 0xfd, 0xfd,
    0xfd, 0xfd, 0xfd, 0xfd, 0xfd, 0xf3, 0x9c, 0x85, 0x11, 0xc0, 0xff, 0x33,
    0x33, 0x37, 0x3e, 0xff, 0x34, 0x34, 0x34, 0x1e, 0xff, 0x35, 0x34, 0x37,
    0xff, 0xc0, 0xfe, 0x62, 0x4d, 0x50, 0xa8, 0x8e, 0xfd, 0xfd, 0xfd, 0xfd,
    0xfd, 0xfd, 0xfd, 0xfd, 0xfd, 0xfd, 0xfd, 0xfd, 0xfd, 0xfd, 0xfd, 0xfd,
    0xf3, 0x9c, 0x85, 0x11, 0xc0, 0xff, 0x33, 0x33, 0x37, 0x3e, 0xff, 0x34,
    0x34, 0x34, 0x1e, 0xff, 0x35, 0x34, 0x37, 0xff, 0xc0, 0xfe, 0x62, 0x4d,
    0x50, 0xa8, 0x8e, 0xfd, 0xfd, 0xfd, 0xfd, 0xfd, 0xfd, 0xfd, 0xfd, 0xfd,
    0xfd, 0xfd, 0xfd, 0xfd, 0xfd, 0xfd, 0xfd, 0xf3, 0x9c, 0x85, 0x11, 0xc0,
    0xff, 0x33, 0x33, 0x37, 0x3e, 0xff, 0x34, 0x34, 0x34, 0x1e, 0xff, 0x35,
    0x34, 0x37, 0xff, 0xc0, 0xfe, 0x62, 0x4d, 0x50, 0xa8, 0x8e, 0xfd, 0xfd,
    0xfd, 0xfd, 0xfd, 0xfd, 0xfd, 0xfd, 0xfd, 0xfd, 0xfd, 0xfd, 0xfd, 0xfd,
    0xfd, 0xfd, 0xf3, 0x9c, 0x85, 0x11, 0xc0, 0xff, 0x33, 0x33, 0x37, 0x3e,
    0xff, 0x34, 0x34, 0x34, 0x1e, 0xff, 0x35, 0x34, 0x37, 0xff, 0xc0, 0xfe,
    0x62, 0x4d, 0x50, 0xa8, 0x8e, 0xfd, 0xfd, 0xfd, 0xfd, 0xfd, 0xfd, 0xfd,
    0xfd, 0xfd, 0xfd, 0xfd, 0xfd, 0xfd, 0xfd, 0xfd, 0xfd, 0xf3, 0x9c, 0x85,
    0x11, 0xc0, 0xff, 0x33, 0x33, 0x37, 0x3e, 0xff, 0x34, 0x34, 0x34, 0x1e,
    0xff, 0x35, 0x34, 0x37, 0xff, 0xc0, 0xfe, 0x62, 0x4d, 0x50, 0xa8, 0x8e,
    0xfd, 0xfd, 0xfd, 0xfd, 0xfd, 0xfd, 0xfd, 0xfd, 0xfd, 0xfd, 0xfd, 0xfd,
    0xfd, 0xfd, 0xfd, 0xfd, 0xf3, 0x9c, 0x85, 0x11, 0xc0, 0xff, 0x33, 0x33,
    0x37, 0x3e, 0xff, 0x34, 0x34, 0x34, 0x1e, 0xff, 0x35, 0x34, 0x37, 0xff,
    0xc0, 0xfe, 0x62, 0x4d, 0x50, 0xa8, 0x8e, 0xfd, 0xfd, 0xfd, 0xfd, 0xfd,
    0xfd, 0xfd, 0xfd, 0xfd, 0xfd, 0xfd, 0xfd, 0xfd, 0xfd, 0xfd, 0xfd, 0xf3,
    0x9c, 0x85, 0x11, 0xc0, 0xff, 0x33, 0x33, 0x37, 0x3e, 0xff, 0x34, 0x34,
    0x34, 0x1e, 0xff, 0x35, 0x34, 0x37, 0xff, 0xc0, 0xfe, 0x62, 0x4d, 0x50,
    0xa8, 0x8e, 0xfd, 0xfd, 0xfd, 0xfd, 0xfd, 0xfd, 0xfd, 0xfd, 0xfd, 0xfd,
    0xfd, 0xfd, 0xfd, 0xfd, 0xfd, 0xfd, 0xf3, 0x9c, 0x85, 0x11, 0xc0, 0xff,
    0x33, 0x33, 0x37, 0x3e, 0xff, 0x34, 0x34, 0x34, 0x1e, 0xff, 0x35, 0x34,
    0x37, 0xff, 0xc0, 0xfe, 0x62, 0x4d, 0x50, 0xa8, 0x8e, 0xfd, 0xfd, 0xfd,
    0xfd, 0xfd, 0xfd, 0xfd, 0xfd, 0xfd, 0xfd, 0xfd, 0xfd, 0xfd, 0xfd, 0xfd,
    0xfd, 0xf3, 0x9c, 0x85, 0x11, 0xc0, 0xff, 0x33, 0x33, 0x37, 0x3e, 0xff,
    0x34, 0x34, 0x34, 0x1e, 0xff, 0x35, 0x34, 0x37, 0xff, 0xc0, 0xfe, 0x62,
    0x4d, 0x50, 0xa8, 0x8e, 0xfd, 0xfd, 0xfd, 0xfd, 0xfd, 0xfd, 0xfd, 0xfd,
    0xfd, 0xfd, 0xfd, 0xfd, 0xfd, 0xfd, 0xfd, 0xfd, 0xf3, 0x9c, 0x85, 0x11,
    0xc0, 0xff, 0x33, 0x33, 0x37, 0x3e, 0xff, 0x34, 0x34, 0x34, 0x1e, 0xff,
    0x35, 0x34, 0x37, 0xff, 0xc0, 0xfe, 0x62, 0x4d, 0x50, 0xa8, 0x8e, 0xef,
    0xae, 0x86, 0xb9, 0x74, 0xad, 0x86, 0xa8, 0x86, 0x7f, 0xfd, 0xfd, 0xfd,
    0xfd, 0xfd, 0xfd, 0xc8, 0x9b, 0x89, 0x96, 0x8a, 0x8a, 0x8b, 0x8a, 0x9c,
    0x36, 0xfd, 0xfd, 0xda, 0xa4, 0x87, 0xb6, 0x85, 0xb6, 0x74, 0xa9, 0x87,
    0x00, 0xfd, 0xfd, 0xfd, 0xfd, 0xfd, 0xfd, 0xc8, 0x41, 0x07, 0x91, 0x8a,
    0x86, 0x9c, 0x36, 0xfd, 0xc0, 0x9c, 0x85, 0x11, 0xc0, 0xff, 0x33, 0x33,
    0x37, 0x3e, 0xff, 0x34, 0x34, 0x34, 0x1e, 0xff, 0x35, 0x34, 0x37, 0xff,
    0xc0, 0xfe, 0x62, 0x4d, 0x50, 0xa8, 0x8e, 0xeb, 0xa2, 0x88, 0xfe, 0x99,
    0x86, 0x88, 0xfe, 0xca, 0xc0, 0xc1, 0xfe, 0xef, 0xec, 0xec, 0xb2, 0x85,
    0xfd, 0xfd, 0xfd, 0xfd, 0xfd, 0xfd, 0xcf, 0x9a, 0x89, 0xfe, 0xd8, 0xd1,
    0xd2, 0xfe, 0xae, 0x9f, 0xa0, 0xfe, 0x7c, 0x63, 0x66, 0x36, 0xfd, 0xfd,
    0xd4, 0xb4, 0x75, 0xfe, 0xb4, 0xa5, 0xa7, 0xfe, 0xdd, 0xd7, 0xd7, 0xfe,
    0xfb, 0xfb, 0xfb, 0x17, 0xfd, 0xfd, 0xfd, 0xfd, 0xfd, 0xfd, 0xcf, 0x89,
    0x8b, 0xfe, 0xc5, 0xbb, 0xbc, 0xfe, 0x94, 0x7f, 0x82, 0x36, 0xfb, 0x9c,
    0x85, 0x11, 0xc0, 0xff, 0x33, 0x33, 0x37, 0x3e, 0xff, 0x34, 0x34, 0x34,
    0x1e, 0xff, 0x35, 0x34, 0x37, 0xff, 0xc0, 0xfe, 0x62, 0x4d, 0x50, 0xa8,
    0x8e, 0xe9, 0xa3, 0x88, 0xfe, 0xab, 0x9b, 0x9d, 0xfe, 0xed, 0xea, 0xea,
    0xb4, 0x85, 0xfd, 0xfd, 0xfd, 0xfd, 0xfd, 0xfd, 0xd5, 0x9d, 0x88, 0xfe,
    0xc5, 0xbb, 0xbc, 0xfe, 0x82, 0x6a, 0x6d, 0x36, 0xfd, 0xfd, 0xd0, 0xbc,
    0x84, 0xfe, 0xce, 0xc5, 0xc6, 0xfe, 0xfd, 0xfd, 0xfd, 0x17, 0xfd, 0xfd,
    0xfd, 0xfd, 0xfd, 0xfd, 0xd5, 0x85, 0x9d, 0xfe, 0xa3, 0x92, 0x94, 0xfe,
    0x71, 0x56, 0x59, 0x36, 0xf8, 0x9c, 0x85, 0x11, 0xc0, 0xff, 0x33, 0x33,
    0x37, 0x3e, 0xff, 0x34, 0x34, 0x34, 0x1e, 0xff, 0x35, 0x34, 0x37, 0xff,
    0xc0, 0xfe, 0x62, 0x4d, 0x50, 0xa8, 0x8e, 0xe8, 0xfe, 0x90, 0x7b, 0x7d,
    0xfe, 0xe6, 0xe2, 0xe2, 0xbc, 0x84, 0xc1, 0x89, 0x8b, 0xfe, 0xbf, 0xb3,
    0xb4, 0xfe, 0x9c, 0x89, 0x8b, 0x84, 0x8c, 0x90, 0x9b, 0x36, 0xfd, 0xfd,
    0xfd, 0xfd, 0xfd, 0xfd, 0xc9, 0xa4, 0x87, 0xab, 0x87, 0xb9, 0x73, 0xfe,
    0xb0, 0xa1, 0xa2, 0xfe, 0xd8, 0xd1, 0xd1, 0xfe, 0xfd, 0xfd, 0xfd, 0x17,
    0xc0, 0x9a, 0x89, 0xfe, 0xb3, 0xa5, 0xa6, 0xfe, 0x72, 0x57, 0x5a, 0x36,
    0xfd, 0xfd, 0xcc, 0xa5, 0x87, 0xfe, 0xbe, 0xb2, 0xb3, 0xfe, 0xfc, 0xfc,
    0xfc, 0x17, 0xc0, 0x9c, 0x89, 0xfe, 0xd2, 0xca, 0xcb, 0xfe, 0xac, 0x9c,
    0x9e, 0xfe, 0x8f, 0x7a, 0x7c, 0x89, 0x9c, 0x2b, 0x36, 0xfd, 0xfd, 0xfd,
    0xfd, 0xfd, 0xfd, 0xc8, 0x7f, 0xa8, 0x87, 0xb1, 0x85, 0xbe, 0x73, 0xfe,
    0xc3, 0xb7, 0xb9, 0xfe, 0xef, 0xec, 0xec, 0x17, 0xc1, 0xfe, 0xdf, 0xd9,
    0xda, 0xfe, 0x88, 0x71, 0x74, 0x84, 0x8c, 0xf7, 0x9c, 0x85, 0x11, 0xc0,
    0xff, 0x33, 0x33, 0x37, 0x3e, 0xff, 0x34, 0x34, 0x34, 0x1e, 0xff, 0x35,
    0x34, 0x37, 0xff, 0xc0, 0xfe, 0x62, 0x4d, 0x50, 0xa8, 0x8e, 0xe7, 0xfe,
    0xaf, 0xa0, 0xa2, 0xfe, 0xfc, 0xfb, 0xfb, 0xa3, 0x87, 0xc0, 0xfe, 0xd8,
    0xd1, 0xd1, 0xfe, 0x93, 0x7f, 0x81, 0x36, 0xfd, 0xfd, 0xfd, 0xfd, 0xfd,
    0xfd, 0xd3, 0xb0, 0x86, 0xfe, 0xbb, 0xaf, 0xb0, 0xfe, 0xf8, 0xf7, 0xf7,
    0x17, 0xc0, 0xfe, 0xda, 0xd3, 0xd3, 0xfe, 0x7b, 0x62, 0x65, 0x36, 0xfd,
    0xfd, 0xca, 0xb4, 0x85, 0xfe, 0xe3, 0xdd, 0xde, 0x17, 0xc0, 0x94, 0x8a,
    0xfe, 0xb4, 0xa6, 0xa8, 0xfe, 0x7a, 0x61, 0x64, 0x36, 0xfd, 0xfd, 0xfd,
    0xfd, 0xfd, 0xfd, 0xd2, 0x7f, 0xfe, 0x9a, 0x87, 0x89, 0xfe, 0xdf, 0xd9,
    0xda, 0xfe, 0xfe, 0xfe, 0xfe, 0xc0, 0x9a, 0x89, 0xfe, 0xa3, 0x91, 0x93,
    0x36, 0xf6, 0x9c, 0x85, 0x11, 0xc0, 0xff, 0x33, 0x33, 0x37, 0x3e, 0xff,
    0x34, 0x34, 0x34, 0x1e, 0xff, 0x35, 0x34, 0x37, 0xff, 0xc0, 0xfe, 0x62,
    0x4d, 0x50, 0xa8, 0x8e, 0xe6, 0xfe, 0xc0, 0xb5, 0xb6, 0xfe, 0xfe, 0xfe,
    0xfe, 0xc0, 0x8f, 0x9b, 0xfe, 0x9a, 0x87, 0x8a, 0x36, 0xfd, 0xfd, 0xfd,
    0xfd, 0xfd, 0xfd, 0xd7, 0xb2, 0x86, 0xfe, 0xd3, 0xcb, 0xcc, 0x17, 0xc0,
    0x86, 0x8c, 0xfe, 0x80, 0x68, 0x6b, 0x8d, 0x8b, 0xfd, 0xfd, 0xc8, 0xbd,
    0x84, 0xfe, 0xef, 0xed, 0xed, 0x17, 0xc0, 0xfe, 0xc9, 0xbf, 0xc0, 0xfe,
    0x7b, 0x61, 0x64, 0x36, 0xfd, 0xfd, 0xfd, 0xfd, 0xfd, 0xfd, 0xd7, 0xfe,
    0xa4, 0x93, 0x95, 0xfe, 0xf6, 0xf4, 0xf4, 0x17, 0xc0, 0xfe, 0xb2, 0xa3,
    0xa5, 0x36, 0xf5, 0x9c, 0x85, 0x11, 0xc0, 0xff, 0x33, 0x33, 0x37, 0x3e,
    0xff, 0x34, 0x34, 0x34, 0x1e, 0xff, 0x35, 0x34, 0x37, 0xff, 0xc0, 0xfe,
    0x62, 0x4d, 0x50, 0xa8, 0x8e, 0xe5, 0xfe, 0xbd, 0xb0, 0xb1, 0xfe, 0xfe,
    0xfe, 0xfe, 0xc0, 0xfe, 0xdc, 0xd6, 0xd7, 0xfe, 0x7c, 0x63, 0x66, 0x36,
    0xfd, 0xfd, 0xfd, 0xfd, 0xfd, 0xfd, 0xda, 0xfe, 0xb1, 0xa3, 0xa4, 0xfe,
    0xfd, 0xfd, 0xfd, 0x17, 0x87, 0x8c, 0x3a, 0x36, 0xfd, 0xfd, 0xc6, 0xb6,
    0x85, 0xfe, 0xf1, 0xef, 0xef, 0x17, 0x9d, 0x88, 0xfe, 0xa5, 0x94, 0x96,
    0x36, 0xfd, 0xfd, 0xfd, 0xfd, 0xfd, 0xfd, 0xda, 0xb6, 0x74, 0xfe, 0xe6,
    0xe1, 0xe2, 0x17, 0xc0, 0xfe, 0xad, 0x9d, 0x9f, 0x36, 0xf4, 0x9c, 0x85,
    0x11, 0xc0, 0xff, 0x33, 0x33, 0x37, 0x3e, 0xff, 0x34, 0x34, 0x34, 0x1e,
    0xff, 0x35, 0x34, 0x37, 0xff, 0xc0, 0xfe, 0x62, 0x4d, 0x50, 0xa8, 0x8e,
    0xe4, 0xfe, 0xa4, 0x93, 0x95, 0xfe, 0xfe, 0xfe, 0xfe, 0xc0, 0xfe, 0xd6,
    0xcf, 0xcf, 0xfe, 0x75, 0x5b, 0x5e, 0x36, 0xfd, 0xfd, 0xfd, 0xfd, 0xfd,
    0xfd, 0xdc, 0x0f, 0xfe, 0xfd, 0xfd, 0xfd, 0x17, 0xfe, 0xda, 0xd3, 0xd4,
    0xfe, 0x72, 0x57, 0x5a, 0x36, 0xfd, 0xfd, 0xc4, 0xa6, 0x88, 0xfe, 0xe6,
    0xe2, 0xe2, 0x17, 0x9c, 0x89, 0xfe, 0x97, 0x83, 0x86, 0x36, 0xfd, 0xfd,
    0xfd, 0xfd, 0xfd, 0xfd, 0xdc, 0xab, 0x86, 0xfe, 0xe1, 0xdc, 0xdd, 0x17,
    0x08, 0xfe, 0x96, 0x82, 0x84, 0x36, 0xf3, 0x9c, 0x85, 0x11, 0xc0, 0xff,
    0x33, 0x33, 0x37, 0x3e, 0xff, 0x34, 0x34, 0x34, 0x1e, 0xff, 0x35, 0x34,
    0x37, 0xff, 0xc0, 0xfe, 0x62, 0x4d, 0x50, 0xa8, 0x8e, 0xe3, 0xb6, 0x74,
    0xfe, 0xf8, 0xf7, 0xf7, 0xa7, 0x87, 0xfe, 0xe3, 0xdd, 0xde, 0xfe, 0x76,
    0x5c, 0x5f, 0x36, 0xfd, 0xfd, 0xfd, 0xfd, 0xfd, 0xfd, 0xde, 0xfe, 0xb1,
    0xa3, 0xa4, 0x17, 0xc0, 0xfe, 0xb4, 0xa5, 0xa7, 0x36, 0xfd, 0xfd, 0xc4,
    0xfe, 0xc3, 0xb8, 0xb9, 0x17, 0xc0, 0xfe, 0xa2, 0x90, 0x92, 0x36, 0xfd,
    0xfd, 0xfd, 0xfd, 0xfd, 0xfd, 0xde, 0xae, 0x86, 0xfe, 0xed, 0xe9, 0xea,
    0x17, 0x91, 0x8a, 0xfe, 0x79, 0x60, 0x63, 0x36, 0xf2, 0x9c, 0x85, 0x11,
    0xc0, 0xff, 0x33, 0x33, 0x37, 0x3e, 0xff, 0x34, 0x34, 0x34, 0x1e, 0xff,
    0x35, 0x34, 0x37, 0xff, 0xc0, 0xfe, 0x62, 0x4d, 0x50, 0xa8, 0x8e, 0xe3,
    0xfe, 0xd3, 0xcb, 0xcc, 0xfe, 0xfe, 0xfe, 0xfe, 0x99, 0x89, 0xfe, 0x84,
    0x6c, 0x6f, 0x36, 0xfd, 0xfd, 0xfd, 0xfd, 0xfd, 0xfd, 0xe0, 0xfe, 0xd4,
    0xcc, 0xcd, 0x17, 0x9b, 0x88, 0xfe, 0x82, 0x6a, 0x6d, 0x36, 0xfd, 0xfd,
    0xc2, 0xfe, 0x8e, 0x78, 0x7a, 0xfe, 0xfd, 0xfd, 0xfd, 0x17, 0xfe, 0xc4,
    0xb9, 0xbb, 0x36, 0xfd, 0xfd, 0xfd, 0xfd, 0xfd, 0xfd, 0xe0, 0xfe, 0x8f,
    0x7a, 0x7c, 0xfe, 0xfc, 0xfc, 0xfc, 0x17, 0xfe, 0xc4, 0xb9, 0xba, 0x36,
    0xf2, 0x9c, 0x85, 0x11, 0xc0, 0xff, 0x33, 0x33, 0x37, 0x3e, 0xff, 0x34,
    0x34, 0x34, 0x1e, 0xff, 0x35, 0x34, 0x37, 0xff, 0xc0, 0xfe, 0x62, 0x4d,
    0x50, 0xa8, 0x8e, 0xe2, 0xfe, 0x90, 0x7b, 0x7d, 0xfe, 0xfe, 0xfe, 0xfe,
    0xc0, 0xfe, 0xb0, 0xa1, 0xa3, 0x36, 0xfd, 0xfd, 0xfd, 0xfd, 0xfd, 0xfd,
    0xe1, 0xb2, 0x86, 0xfe, 0xf7, 0xf6, 0xf6, 0x17, 0xfe, 0xc7, 0xbd, 0xbe,
    0xfe, 0x70, 0x55, 0x58, 0xfd, 0xfd, 0xc2, 0xfe, 0xd7, 0xcf, 0xd0, 0x17,
    0x8f, 0x9b, 0xfe, 0x78, 0x5e, 0x61, 0x97, 0x89, 0xfd, 0xfd, 0xfd, 0xfd,
    0xfd, 0xfd, 0xe1, 0xfe, 0xc0, 0xb4, 0xb5, 0x17, 0x40, 0xfe, 0x82, 0x6b,
    0x6d, 0x36, 0xf1, 0x9c, 0x85, 0xfe, 0x35, 0x34, 0x37, 0xc0, 0xff, 0x33,
    0x33, 0x37, 0x3e, 0xff, 0x34, 0x34, 0x34, 0x1e, 0xff, 0x35, 0x34, 0x37,
    0xff, 0xc0, 0xfe, 0x62, 0x4d, 0x50, 0xa8, 0x8e, 0xe2, 0xfe, 0xd1, 0xc8,
    0xc9, 0xfe, 0xfe, 0xfe, 0xfe, 0x8d, 0x9b, 0xfe, 0x73, 0x59, 0x5c, 0x36,
    0xfd, 0xfd, 0xfd, 0xfd, 0xfd, 0xfd, 0xe2, 0xfe, 0xbb, 0xae, 0xaf, 0x17,
    0x9d, 0x88, 0xfe, 0x7d, 0x64, 0x67, 0x36, 0xfd, 0xfd, 0xc0, 0xbe, 0x84,
    0x17, 0xc0, 0xfe, 0xab, 0x9b, 0x9c, 0x36, 0xfd, 0xfd, 0xfd, 0xfd, 0xfd,
    0xfd, 0xe2, 0xac, 0x87, 0xfe, 0xf7, 0xf6, 0xf6, 0x17, 0xfe, 0xc1, 0xb5,
    0xb7, 0x36, 0xf1, 0x9c, 0x85, 0x11, 0xc0, 0xff, 0x33, 0x33, 0x37, 0x3e,
    0xff, 0x34, 0x34, 0x34, 0x1e, 0xff, 0x35, 0x34, 0x37, 0xff, 0xc0, 0xfe,
    0x62, 0x4d, 0x50, 0xa8, 0x8e, 0xe1, 0xac, 0x87, 0xfe, 0xfb, 0xfb, 0xfb,
    0xa3, 0x88, 0xfe, 0xb2, 0xa4, 0xa6, 0x36, 0xfd, 0xfd, 0xfd, 0xfd, 0xfd,
    0xfd, 0xe3, 0xb0, 0x85, 0xfe, 0xfc, 0xfc, 0xfc, 0x17, 0xfe, 0xaf, 0x9f,
    0xa1, 0x36, 0xfd, 0xfd, 0xc0, 0xfe, 0xbf, 0xb3, 0xb4, 0x17, 0x95, 0x8a,
    0xfe, 0x74, 0x5a, 0x5d, 0x36, 0xfd, 0xfd, 0xfd, 0xfd, 0xfd, 0xfd, 0xe3,
    0xfe, 0xc2, 0xb7, 0xb8, 0x17, 0x93, 0x8a, 0xfe, 0x73, 0x58, 0x5b, 0x36,
    0xf0, 0x9c, 0x85, 0xfe, 0x35, 0x34, 0x37, 0xc0, 0xff, 0x33, 0x33, 0x37,
    0x3e, 0xff, 0x34, 0x34, 0x34, 0x1e, 0xff, 0x35, 0x34, 0x37, 0xff, 0xc0,
    0xfe, 0x62, 0x4d, 0x50, 0xa8, 0x8e, 0xe1, 0xfe, 0xa2, 0x91, 0x93, 0xfe,
    0xfe, 0xfe, 0xfe, 0xc0, 0xfe, 0x80, 0x67, 0x6a, 0x8e, 0x8a, 0xfd, 0xfd,
    0xfd, 0xfd, 0xfd, 0xfd, 0xe4, 0xfe, 0xd6, 0xce, 0xcf, 0x17, 0xfe, 0xda,
    0xd3, 0xd4, 0x36, 0xfd, 0xfd, 0xc0, 0xfe, 0xea, 0xe6, 0xe6, 0x17, 0xfe,
    0xc6, 0xbb, 0xbc, 0x36, 0xfd, 0xfd, 0xfd, 0xfd, 0xfd, 0xfd, 0xe4, 0xfe,
    0x8f, 0x79, 0x7c, 0x17, 0xc0, 0xfe, 0x93, 0x7e, 0x80, 0x36, 0xf0, 0x9c,
    0x85, 0x11, 0xc0, 0xff, 0x33, 0x33, 0x37, 0x3e, 0xff, 0x34, 0x34, 0x34,
    0x1e, 0xff, 0x35, 0x34, 0x37, 0xff, 0xc0, 0xfe, 0x62, 0x4d, 0x50, 0xa8,
    0x8e, 0xe1, 0xfe, 0xc6, 0xbb, 0xbc, 0xfe, 0xfe, 0xfe, 0xfe, 0x83, 0x8c,
    0x36, 0xfd, 0xfd, 0xfd, 0xfd, 0xfd, 0xfd, 0xe5, 0xfe, 0xae, 0x9f, 0xa0,
    0x17, 0x9b, 0x89, 0xfe, 0x73, 0x59, 0x5c, 0x36, 0xfd, 0xfc, 0xb2, 0x75,
    0x17, 0xc0, 0xfe, 0x9e, 0x8c, 0x8e, 0x36, 0xfd, 0xfd, 0xfd, 0xfd, 0xfd,
    0xfd, 0xe4, 0x7f, 0xfe, 0xf4, 0xf3, 0xf3, 0x17, 0xfe, 0xb6, 0xa9, 0xaa,
    0x36, 0xf0, 0x9c, 0x85, 0x11, 0xc0, 0xff, 0x33, 0x33, 0x37, 0x3e, 0xff,
    0x34, 0x34, 0x34, 0x1e, 0xff, 0x35, 0x34, 0x37, 0xff, 0xc0, 0xfe, 0x62,
    0x4d, 0x50, 0xa8, 0x8e, 0xe1, 0xfe, 0xdf, 0xd9, 0xd9, 0xfe, 0xfe, 0xfe,
    0xfe, 0xfe, 0xc7, 0xbd, 0xbe, 0x36, 0xfd, 0xfd, 0xfd, 0xfd, 0xfd, 0xfd,
    0xe5, 0xfe, 0x90, 0x7b, 0x7d, 0x17, 0xc0, 0xfe, 0x87, 0x71, 0x73, 0x36,
    0xfd, 0xfc, 0xfe, 0x97, 0x83, 0x86, 0x17, 0xc0, 0xfe, 0x80, 0x68, 0x6b,
    0x36, 0xfd, 0xfd, 0xfd, 0xfd, 0xfd, 0xfd, 0xe5, 0xfe, 0xd7, 0xd0, 0xd1,
    0x17, 0xfe, 0xce, 0xc5, 0xc6, 0x36, 0xf0, 0x9c, 0x85, 0xfe, 0x35, 0x34,
    0x37, 0xc0, 0xff, 0x33, 0x33, 0x37, 0x3e, 0xff, 0x34, 0x34, 0x34, 0x1e,
    0xff, 0x35, 0x34, 0x37, 0xff, 0xc0, 0xfe, 0x62, 0x4d, 0x50, 0xa8, 0x8e,
    0xe1, 0xfe, 0xf1, 0xee, 0xee, 0xb0, 0x85, 0xfe, 0xb3, 0xa5, 0xa6, 0x36,
    0xfd, 0xf8, 0xb2, 0x75, 0xfe, 0xc4, 0xb9, 0xbb, 0xfe, 0xe9, 0xe5, 0xe5,
    0xa2, 0x87, 0xfe, 0xcb, 0xc1, 0xc2, 0xfe, 0x8a, 0x73, 0x76, 0x36, 0xc3,
    0xfe, 0xe8, 0xe3, 0xe4, 0xb9, 0x73, 0xfe, 0xb2, 0xa3, 0xa5, 0x36, 0xfd,
    0xfd, 0xfd, 0xfd, 0xdb, 0xae, 0x86, 0x17, 0xc0, 0xfe, 0x99, 0x86, 0x88,
    0x36, 0xfd, 0xfc, 0xfe, 0xaa, 0x99, 0x9b, 0x17, 0x9b, 0x88, 0x36, 0xfd,
    0xfd, 0xfd, 0xfd, 0xfd, 0xfd, 0xe6, 0xfe, 0xc3, 0xb7, 0xb9, 0x17, 0xfe,
    0xe1, 0xdb, 0xdc, 0x36, 0xf0, 0x9c, 0x85, 0x11, 0xc0, 0xff, 0x33, 0x33,
    0x37, 0x3e, 0xff, 0x34, 0x34, 0x34, 0x1e, 0xff, 0x35, 0x34, 0x37, 0xff,
    0xc0, 0xfe, 0x62, 0x4d, 0x50, 0xa8, 0x8e, 0xe1, 0xfe, 0xf8, 0xf7, 0xf7,
    0xa7, 0x87, 0xfe, 0xaa, 0x99, 0x9b, 0x36, 0xfd, 0xf7, 0xb8, 0x74, 0xfe,
    0xf1, 0xef, 0xef, 0x17, 0xc2, 0x9d, 0x89, 0xfe, 0xad, 0x9e, 0xa0, 0x36,
    0xc1, 0xaf, 0x86, 0xfe, 0xfd, 0xfd, 0xfd, 0x17, 0xfe, 0x9e, 0x8b, 0x8d,
    0x36, 0xfd, 0xfd, 0xfd, 0xfd, 0xdb, 0xa2, 0x88, 0x17, 0xc0, 0xfe, 0xa1,
    0x8f, 0x91, 0x36, 0xfd, 0xfc, 0xfe, 0xb1, 0xa3, 0xa4, 0x17, 0x04, 0x36,
    0xfd, 0xfd, 0xfd, 0xfd, 0xfd, 0xfd, 0xe6, 0xfe, 0xba, 0xad, 0xae, 0x17,
    0x87, 0x8c, 0xfe, 0x70, 0x55, 0x58, 0xf0, 0x9c, 0x85, 0x11, 0xc0, 0xff,
    0x33, 0x33, 0x37, 0x3e, 0xff, 0x34, 0x34, 0x34, 0x1e, 0xff, 0x35, 0x34,
    0x37, 0xff, 0xc0, 0xfe, 0x62, 0x4d, 0x50, 0xa8, 0x8e, 0xe1, 0xfe, 0xfd,
    0xfd, 0xfd, 0x7f, 0xfe, 0xa6, 0x95, 0x97, 0x36, 0xcf, 0xa4, 0x87, 0xfe,
    0xc7, 0xbc, 0xbd, 0xc5, 0x55, 0x9b, 0x89, 0x93, 0x9a, 0x8a, 0x8b, 0xfe,
    0x86, 0x6f, 0x72, 0x86, 0x8c, 0xfd, 0xd9, 0xfe, 0xda, 0xd3, 0xd4, 0x17,
    0x9d, 0x89, 0xfe, 0xd7, 0xcf, 0xd0, 0xb2, 0x85, 0x17, 0xc1, 0xfe, 0xcd,
    0xc3, 0xc4, 0xfe, 0x84, 0x6c, 0x6f, 0x91, 0x8a, 0xfe, 0xcd, 0xc4, 0xc5,
    0x17, 0x9d, 0x88, 0xfe, 0x7b, 0x61, 0x64, 0x36, 0xf0, 0xfe, 0x94, 0x80,
    0x82, 0xfe, 0xd2, 0xc9, 0xca, 0xc0, 0xfe, 0x9f, 0x8d, 0x8f, 0x36, 0xfd,
    0xfd, 0xfd, 0xe4, 0x08, 0x17, 0x2d, 0x36, 0xdd, 0x41, 0x59, 0x56, 0x55,
    0x5a, 0x55, 0x66, 0x59, 0xc0, 0x56, 0xc3, 0x59, 0x66, 0xc3, 0x0b, 0x15,
    0xc2, 0x1d, 0xc1, 0x27, 0x2c, 0x7a, 0x3e, 0xc0, 0x0d, 0x7a, 0x6e, 0x1f,
    0x7e, 0x6b, 0x36, 0xf4, 0xfe, 0xb5, 0xa7, 0xa9, 0x17, 0x8b, 0x9c, 0x36,
    0xfd, 0xfd, 0xfd, 0xfd, 0xfd, 0xfd, 0xe6, 0x26, 0x17, 0x3b, 0x36, 0xf0,
    0x9c, 0x85, 0xfe, 0x35, 0x34, 0x37, 0xc0, 0xff, 0x33, 0x33, 0x37, 0x3e,
    0xff, 0x34, 0x34, 0x34, 0x1e, 0xff, 0x35, 0x34, 0x37, 0xff, 0xc0, 0xfe,
    0x62, 0x4d, 0x50, 0xa8, 0x8e, 0xe1, 0xfe, 0xfd, 0xfd, 0xfd, 0x7f, 0xfe,
    0xa6, 0x95, 0x97, 0x36, 0xcf, 0xa6, 0x88, 0x17, 0xca, 0x87, 0x8c, 0xfe,
    0xaa, 0x9a, 0x9c, 0xfe, 0x72, 0x57, 0x5a, 0x36, 0xfd, 0xd5, 0xba, 0x84,
    0x17, 0xc0, 0x2d, 0x36, 0xc0, 0xfe, 0xaa, 0x99, 0x9b, 0xfe, 0xfc, 0xfb,
    0xfb, 0x17, 0xc4, 0xfe, 0xc7, 0xbd, 0xbe, 0x36, 0xf1, 0xfe, 0xbf, 0xb3,
    0xb5, 0x17, 0xc0, 0xfe, 0xb5, 0xa7, 0xa8, 0x36, 0xfd, 0xfd, 0xfd, 0xe4,
    0x08, 0x17, 0x2d, 0x36, 0xd4, 0x45, 0x9d, 0x89, 0x9d, 0x79, 0x9d, 0x79,
    0x9e, 0x78, 0x40, 0x41, 0x45, 0x55, 0xe7, 0x04, 0x7f, 0x7e, 0x2d, 0x7f,
    0x0b, 0x7e, 0x7b, 0xa2, 0x87, 0x7f, 0x15, 0xa1, 0x98, 0x3e, 0xa1, 0x98,
    0xa2, 0x87, 0x36, 0xe4, 0xfe, 0xb5, 0xa7, 0xa9, 0x17, 0x8b, 0x9c, 0x36,
    0xfd, 0xfd, 0xfd, 0xfd, 0xfd, 0xfd, 0xe6, 0x26, 0x17, 0x3b, 0x36, 0xf0,
    0x9c, 0x85, 0xfe, 0x35, 0x34, 0x37, 0xc0, 0xff, 0x33, 0x33, 0x37, 0x3e,
    0xff, 0x34, 0x34, 0x34, 0x1e, 0xff, 0x35, 0x34, 0x37, 0xff, 0xc0, 0xfe,
    0x62, 0x4d, 0x50, 0xa8, 0x8e, 0xe1, 0xfe, 0xfd, 0xfd, 0xfd, 0x7f, 0xfe,
    0xa6, 0x95, 0x97, 0x36, 0xcf, 0xa6, 0x88, 0x17, 0xcc, 0xfe, 0xe1, 0xdb,
    0xdc, 0xfe, 0x7f, 0x67, 0x69, 0x36, 0xfd, 0xd4, 0xfe, 0xa8, 0x97, 0x99,
    0x17, 0x99, 0x89, 0xfe, 0x73, 0x58, 0x5b, 0x36, 0xc1, 0xfe, 0x97, 0x83,
    0x85, 0xfe, 0xf3, 0xf1, 0xf1, 0x17, 0xc2, 0x37, 0xfe, 0x79, 0x5f, 0x62,
    0x36, 0xf0, 0xbe, 0x73, 0xfe, 0xf7, 0xf6, 0xf6, 0x17, 0xc0, 0xfe, 0xb5,
    0xa7, 0xa8, 0x36, 0xfd, 0xfd, 0xfd, 0xe4, 0x08, 0x17, 0x2d, 0x36, 0xce,
    0x9d, 0x89, 0x9e, 0x68, 0x9d, 0x79, 0x9d, 0x89, 0x9d, 0x78, 0x9d, 0x79,
    0x55, 0xfd, 0xc0, 0x04, 0xa2, 0x87, 0xa2, 0x98, 0x1d, 0xa3, 0x97, 0xa3,
    0x97, 0xa3, 0x98, 0x36, 0xdd, 0xfe, 0xb5, 0xa7, 0xa9, 0x17, 0x8b, 0x9c,
    0x36, 0xfd, 0xfd, 0xfd, 0xfd, 0xfd, 0xfd, 0xe6, 0x26, 0x17, 0x3b, 0x36,
    0xf0, 0x9c, 0x85, 0x11, 0xc0, 0xff, 0x33, 0x33, 0x37, 0x3e, 0xff, 0x34,
    0x34, 0x34, 0x1e, 0xff, 0x35, 0x34, 0x37, 0xff, 0xc0, 0xfe, 0x62, 0x4d,
    0x50, 0xa8, 0x8e, 0xe1, 0xfe, 0xfd, 0xfd, 0xfd, 0x7f, 0xfe, 0xa6, 0x95,
    0x97, 0x36, 0xcf, 0xa6, 0x88, 0x17, 0xc1, 0x80, 0x8d, 0xfe, 0xc0, 0xb4,
    0xb5, 0xc1, 0xa3, 0x87, 0xa8, 0x87, 0xb5, 0x85, 0xfe, 0xf8, 0xf7, 0xf7,
    0x17, 0xc2, 0x88, 0x8c, 0xfe, 0x7a, 0x61, 0x64, 0x36, 0xfd, 0xd3, 0x2d,
    0x15, 0x8a, 0x8b, 0x36, 0xc3, 0xab, 0x86, 0xfe, 0xae, 0x9f, 0xa0, 0x2f,
    0x9d, 0x89, 0xfe, 0xa4, 0x93, 0x95, 0xfe, 0x73, 0x58, 0x5b, 0x36, 0xee,
    0x7f, 0xb9, 0x74, 0xfe, 0xb2, 0xa4, 0xa6, 0xfe, 0xf7, 0xf5, 0xf5, 0x17,
    0xc1, 0xfe, 0xb5, 0xa7, 0xa8, 0x36, 0xfd, 0xfd, 0xfd, 0xe4, 0x08, 0x17,
    0x2d, 0x36, 0xc7, 0x55, 0x9d, 0x79, 0x9d, 0x89, 0x9e, 0x68, 0x9d, 0x79,
    0x9d, 0x89, 0x9e, 0x68, 0x65, 0xfd, 0xcd, 0x7f, 0xa3, 0x97, 0xa1, 0x98,
    0xa2, 0x88, 0x7e, 0x34, 0x7f, 0xa1, 0x98, 0xa2, 0x87, 0xa2, 0x98, 0x27,
    0x36, 0xd2, 0xfe, 0xb5, 0xa7, 0xa9, 0x17, 0x8b, 0x9c, 0x36, 0xfd, 0xfd,
    0xfd, 0xfd, 0xfd, 0xfd, 0xe6, 0x26, 0x17, 0x3b, 0x36, 0xf0, 0x9c, 0x85,
    0x11, 0xc0, 0xff, 0x33, 0x33, 0x37, 0x3e, 0xff, 0x34, 0x34, 0x34, 0x1e,
    0xff, 0x35, 0x34, 0x37, 0xff, 0xc0, 0xfe, 0x62, 0x4d, 0x50, 0xa8, 0x8e,
    0xe1, 0xfe, 0xfd, 0xfd, 0xfd, 0x7f, 0xfe, 0xa6, 0x95, 0x97, 0x36, 0xcf,
    0xa6, 0x88, 0x17, 0xc1, 0xfe, 0xc0, 0xb4, 0xb5, 0x36, 0xc4, 0xa6, 0x87,
    0xfe, 0xab, 0x9b, 0x9d, 0xfe, 0xf6, 0xf4, 0xf4, 0x17, 0xc1, 0xfe, 0xcb,
    0xc1, 0xc2, 0x36, 0xfd, 0xfd, 0xd1, 0xfe, 0xba, 0xad, 0xaf, 0xfe, 0xed,
    0xea, 0xea, 0xb0, 0x86, 0x17, 0xc4, 0xfe, 0xb5, 0xa7, 0xa8, 0x36, 0xfd,
    0xfd, 0xfd, 0xe4, 0x08, 0x17, 0x2d, 0x36, 0xc1, 0x9e, 0x78, 0x9d, 0x79,
    0x9d, 0x89, 0x9e, 0x68, 0x9d, 0x89, 0x9d, 0x79, 0x40, 0xfd, 0xdf, 0x7f,
    0xa3, 0x87, 0xa2, 0x98, 0xa2, 0x97, 0xa3, 0x98, 0xa2, 0x97, 0xa3, 0x87,
    0x36, 0xcb, 0xfe, 0xb5, 0xa7, 0xa9, 0x17, 0x8b, 0x9c, 0x36, 0xd6, 0xfe,
    0xb4, 0xa5, 0xa7, 0xa5, 0x76, 0xd4, 0xfe, 0x8e, 0x79, 0x7b, 0x36, 0xc9,
    0xfe, 0xb4, 0xa6, 0xa8, 0xb1, 0x75, 0xc0, 0x10, 0x36, 0xfd, 0xfd, 0xfd,
    0xfd, 0xfd, 0xe5, 0x26, 0xfe, 0xfe, 0xfe, 0xfe, 0x3b, 0x36, 0xf0, 0x9c,
    0x85, 0x11, 0xc0, 0xff, 0x33, 0x33, 0x37, 0x3e, 0xff, 0x34, 0x34, 0x34,
    0x1e, 0xff, 0x35, 0x34, 0x37, 0xff, 0xc0, 0xfe, 0x62, 0x4d, 0x50, 0xa8,
    0x8e, 0xe1, 0xfe, 0xfd, 0xfd, 0xfd, 0x7f, 0xfe, 0xa6, 0x95, 0x97, 0x36,
    0xcf, 0xa6, 0x88, 0x17, 0xc1, 0xfe, 0xc0, 0xb4, 0xb5, 0x36, 0xc6, 0xfe,
    0x8b, 0x75, 0x78, 0xfe, 0xf9, 0xf9, 0xf9, 0x17, 0xc0, 0x08, 0xfe, 0x81,
    0x69, 0x6c, 0x36, 0xfd, 0xfd, 0xd0, 0xfe, 0xc9, 0xbf, 0xc0, 0x17, 0xc6,
    0xfe, 0xb5, 0xa7, 0xa8, 0x36, 0xfd, 0xfd, 0xfd, 0xde, 0x55, 0x56, 0x45,
    0x55, 0x45, 0x55, 0xfe, 0xfd, 0xfc, 0xfc, 0x17, 0xfe, 0xa0, 0x8e, 0x8d,
    0xfe, 0x66, 0x48, 0x47, 0x41, 0x9e, 0x78, 0x55, 0xfd, 0xec, 0x04, 0xa3,
    0x87, 0xa2, 0x98, 0xa3, 0x97, 0xa2, 0xa8, 0x3e, 0x27, 0x36, 0xc4, 0xfe,
    0xb5, 0xa7, 0xa9, 0x17, 0x8b, 0x9c, 0x36, 0xd6, 0xfe, 0xf8, 0xf7, 0xf7,
    0x17, 0xd4, 0xfe, 0xad, 0x9d, 0x9f, 0x36, 0xc8, 0xa6, 0x87, 0x35, 0x17,
    0xc0, 0xfe, 0x7a, 0x61, 0x64, 0x36, 0xfd, 0xfd, 0xfd, 0xfd, 0xfd, 0xe5,
    0x26, 0x17, 0x3b, 0x36, 0xf0, 0x9c, 0x85, 0x11, 0xc0, 0xff, 0x33, 0x33,
    0x37, 0x3e, 0xff, 0x34, 0x34, 0x34, 0x1e, 0xff, 0x35, 0x34, 0x37, 0xff,
    0xc0, 0xfe, 0x62, 0x4d, 0x50, 0xa8, 0x8e, 0xe1, 0xfe, 0xfd, 0xfd, 0xfd,
    0x7f, 0xfe, 0xa6, 0x95, 0x97, 0x36, 0xcf, 0xa6, 0x88, 0x17, 0xc1, 0xfe,
    0xc0, 0xb4, 0xb5, 0x36, 0xc7, 0xfe, 0xbe, 0xb2, 0xb3, 0x17, 0xc1, 0xfe,
    0xaa, 0x99, 0x9b, 0x36, 0xd8, 0xa8, 0x87, 0xb8, 0x84, 0xad, 0x76, 0x65,
    0x90, 0x7a, 0x86, 0x9d, 0x36, 0xcd, 0xa4, 0x88, 0xb4, 0x74, 0xa8, 0x87,
    0x9a, 0x99, 0x94, 0x8a, 0x36, 0xcd, 0xac, 0x86, 0xb0, 0x86, 0xa3, 0x87,
    0x97, 0x8a, 0x10, 0x36, 0xcc, 0xa7, 0x87, 0xb0, 0x86, 0xa7, 0x87, 0xc0,
    0x2b, 0x10, 0x36, 0xd0, 0xad, 0x86, 0xb8, 0x74, 0xa9, 0x87, 0x99, 0x89,
    0x89, 0x9b, 0x36, 0xd9, 0xfe, 0xb0, 0xa1, 0xa3, 0xfe, 0xd6, 0xcf, 0xcf,
    0xc3, 0x17, 0xc1, 0xfe, 0xb5, 0xa7, 0xa8, 0x36, 0xfd, 0xfd, 0xfd, 0xd6,
    0x9d, 0x79, 0x9c, 0x79, 0x9e, 0x78, 0x9d, 0x89, 0x45, 0x9e, 0x78, 0x55,
    0x41, 0xc5, 0xfe, 0xfd, 0xfc, 0xfc, 0x17, 0xfe, 0x9d, 0x89, 0x88, 0x35,
    0xfd, 0xf6, 0xa2, 0x98, 0xa3, 0x97, 0x34, 0x15, 0xa3, 0x97, 0xa3, 0x98,
    0xfe, 0xb5, 0xa7, 0xa9, 0x17, 0x8b, 0x9c, 0x36, 0xd6, 0xfe, 0xf8, 0xf7,
    0xf7, 0x17, 0xd4, 0xfe, 0xad, 0x9d, 0x9f, 0x36, 0xc8, 0xfe, 0xba, 0xad,
    0xaf, 0x17, 0xc1, 0xfe, 0x7a, 0x61, 0x64, 0x36, 0xfd, 0xfd, 0xfd, 0xfd,
    0xfd, 0xe5, 0x26, 0x17, 0x3b, 0x36, 0xf0, 0x9c, 0x85, 0xfe, 0x35, 0x34,
    0x37, 0xc0, 0xff, 0x33, 0x33, 0x37, 0x3e, 0xff, 0x34, 0x34, 0x34, 0x1e,
    0xff, 0x35, 0x34, 0x37, 0xff, 0xc0, 0xfe, 0x62, 0x4d, 0x50, 0xa8, 0x8e,
    0xe1, 0xfe, 0xfd, 0xfd, 0xfd, 0x7f, 0xfe, 0xa6, 0x95, 0x97, 0x36, 0xcf,
    0xa6, 0x88, 0x17, 0xc1, 0xfe, 0xc0, 0xb4, 0xb5, 0x36, 0xc7, 0xfe, 0x93,
    0x7e, 0x80, 0x17, 0xc1, 0xfe, 0xc0, 0xb5, 0xb6, 0x36, 0xc2, 0xfe, 0xad,
    0x9d, 0x9f, 0xfe, 0xd2, 0xc9, 0xca, 0xc0, 0x87, 0x8c, 0x36, 0xc1, 0xac,
    0x87, 0xfe, 0xa8, 0x97, 0x99, 0xfe, 0xc7, 0xbd, 0xbe, 0xac, 0x86, 0x9d,
    0x89, 0x8c, 0x8b, 0xfe, 0x73, 0x58, 0x5b, 0x36, 0xc3, 0xa2, 0x88, 0xfe,
    0xa4, 0x93, 0x95, 0xfe, 0xdd, 0xd7, 0xd7, 0x08, 0x17, 0xc2, 0x99, 0x89,
    0xfe, 0xcd, 0xc3, 0xc4, 0xfe, 0x8b, 0x75, 0x77, 0x36, 0xc8, 0x10, 0xfe,
    0xac, 0x9d, 0x9e, 0xfe, 0xde, 0xd8, 0xd9, 0xfe, 0xfc, 0xfb, 0xfb, 0x17,
    0xc2, 0x93, 0x8a, 0xfe, 0xd6, 0xce, 0xcf, 0xfe, 0xad, 0x9e, 0xa0, 0xfe,
    0x7e, 0x65, 0x68, 0x36, 0xc6, 0xba, 0x84, 0xfe, 0xc2, 0xb7, 0xb8, 0xfe,
    0xee, 0xeb, 0xeb, 0x17, 0xc2, 0x08, 0x87, 0x8c, 0xfe, 0xc5, 0xbb, 0xbc,
    0xfe, 0x9b, 0x88, 0x8a, 0xfe, 0x72, 0x57, 0x5a, 0x36, 0xc4, 0xfe, 0x8d,
    0x77, 0x7a, 0xfe, 0xba, 0xad, 0xaf, 0xfe, 0xd7, 0xd0, 0xd1, 0xbe, 0x74,
    0x17, 0xc3, 0x08, 0x8c, 0x8b, 0xfe, 0xc6, 0xbb, 0xbc, 0xfe, 0x8b, 0x75,
    0x78, 0x36, 0xca, 0xa5, 0x87, 0xfe, 0xaf, 0x9f, 0xa1, 0xfe, 0xe5, 0xe1,
    0xe1, 0x17, 0xc3, 0x87, 0x9c, 0xfe, 0xb5, 0xa7, 0xa8, 0xfe, 0x78, 0x5e,
    0x61, 0x97, 0x89, 0xdc, 0x17, 0xc1, 0x23, 0x36, 0xcd, 0xfe, 0xa1, 0x8f,
    0x91, 0xfe, 0xd2, 0xc9, 0xca, 0xc1, 0x8d, 0x8b, 0xfe, 0x70, 0x55, 0x58,
    0xfd, 0xfd, 0xfd, 0x9c, 0x79, 0x9a, 0x69, 0x9b, 0x69, 0x9d, 0x89, 0xcc,
    0xfe, 0xfd, 0xfc, 0xfc, 0x17, 0xfe, 0x9d, 0x89, 0x88, 0x35, 0xfd, 0xfc,
    0xfe, 0xaf, 0xa0, 0x9f, 0x17, 0x8a, 0x8c, 0xfe, 0x6c, 0x50, 0x51, 0xa3,
    0xa8, 0x36, 0xd4, 0xfe, 0xd8, 0xd1, 0xd1, 0xa6, 0x87, 0xc6, 0xa4, 0x87,
    0x17, 0xc1, 0x8f, 0x9b, 0x38, 0xc7, 0xfe, 0x9e, 0x8c, 0x8e, 0x36, 0xc5,
    0x14, 0xbf, 0x83, 0xfe, 0xcb, 0xc1, 0xc2, 0x17, 0xc2, 0xfe, 0x7a, 0x61,
    0x64, 0x36, 0xfd, 0xfd, 0xfd, 0xfd, 0xfd, 0xe5, 0xfe, 0xb5, 0xa7, 0xa9,
    0x17, 0x8b, 0x9c, 0x36, 0xf0, 0x9c, 0x85, 0xfe, 0x35, 0x34, 0x37, 0xc0,
    0xff, 0x33, 0x33, 0x37, 0x3e, 0xff, 0x34, 0x34, 0x34, 0x1e, 0xff, 0x35,
    0x34, 0x37, 0xff, 0xc0, 0xfe, 0x62, 0x4d, 0x50, 0xa8, 0x8e, 0xe1, 0xfe,
    0xfd, 0xfd, 0xfd, 0x7f, 0xfe, 0xa6, 0x95, 0x97, 0x36, 0xcf, 0xa6, 0x88,
    0x17, 0xc1, 0xfe, 0xc0, 0xb4, 0xb5, 0x36, 0xc7, 0xb5, 0x85, 0x17, 0xc1,
    0xfe, 0xc9, 0xbf, 0xc0, 0x36, 0xc2, 0x2f, 0x17, 0xc0, 0xfe, 0xe0, 0xda,
    0xdb, 0x36, 0xa8, 0x87, 0xfe, 0xbe, 0xb1, 0xb3, 0xfe, 0xf9, 0xf9, 0xf9,
    0x17, 0xc3, 0xfe, 0x76, 0x5c, 0x5f, 0x36, 0xc2, 0xb8, 0x85, 0xfe, 0xe2,
    0xdd, 0xdd, 0x17, 0xc7, 0x08, 0xfe, 0xb4, 0xa5, 0xa7, 0x36, 0xc6, 0xfe,
    0x90, 0x7b, 0x7d, 0xfe, 0xed, 0xea, 0xea, 0x17, 0xc8, 0x9d, 0x88, 0xfe,
    0xa5, 0x94, 0x96, 0x36, 0xc3, 0x7f, 0xfe, 0xb9, 0xac, 0xad, 0xfe, 0xfc,
    0xfc, 0xfc, 0x17, 0xc8, 0x8d, 0x9b, 0xfe, 0x79, 0x5f, 0x62, 0x36, 0xc3,
    0x2f, 0x17, 0xca, 0xfe, 0xbf, 0xb3, 0xb5, 0xfe, 0x72, 0x57, 0x5a, 0x36,
    0xc7, 0xbe, 0x84, 0xfe, 0xe9, 0xe5, 0xe6, 0x17, 0xc7, 0x8e, 0x8b, 0xfe,
    0x91, 0x7d, 0x7f, 0x36, 0xdb, 0x17, 0xc1, 0xfe, 0xb5, 0xa7, 0xa8, 0x36,
    0xcd, 0xfe, 0xb6, 0xa9, 0xaa, 0x17, 0xc1, 0x84, 0x8c, 0x36, 0xfd, 0xfd,
    0xf9, 0x55, 0x9b, 0x7a, 0x9b, 0x58, 0x9a, 0x7a, 0x55, 0xcf, 0xfe, 0xfd,
    0xfc, 0xfc, 0x17, 0xfe, 0x9d, 0x89, 0x88, 0x35, 0xfd, 0xfc, 0xfe, 0xae,
    0x9e, 0x9d, 0x17, 0x89, 0x8c, 0x35, 0xc0, 0xa2, 0x87, 0xa3, 0x98, 0xa3,
    0x98, 0xa4, 0x96, 0xa4, 0x97, 0x36, 0xd8, 0xb0, 0x85, 0x17, 0xc1, 0xfe,
    0xc1, 0xb5, 0xb7, 0x36, 0xcc, 0xba, 0x74, 0xfe, 0xdd, 0xd7, 0xd7, 0xac,
    0x86, 0xb4, 0x85, 0x17, 0xc4, 0xfe, 0x7a, 0x61, 0x64, 0x36, 0xfd, 0xfd,
    0xfd, 0xfd, 0xfd, 0xe5, 0xfe, 0xb5, 0xa7, 0xa9, 0x17, 0x8b, 0x9c, 0x36,
    0xf0, 0x9c, 0x85, 0xfe, 0x35, 0x34, 0x37, 0xc0, 0xff, 0x33, 0x33, 0x37,
    0x3e, 0xff, 0x34, 0x34, 0x34, 0x1e, 0xff, 0x35, 0x34, 0x37, 0xff, 0xc0,
    0xfe, 0x62, 0x4d, 0x50, 0xa8, 0x8e, 0xe1, 0xfe, 0xfd, 0xfd, 0xfd, 0x7f,
    0xfe, 0xa6, 0x95, 0x97, 0x36, 0xcf, 0xa6, 0x88, 0x17, 0xc1, 0xfe, 0xc0,
    0xb4, 0xb5, 0x36, 0xc7, 0xbb, 0x84, 0x17, 0xc1, 0xfe, 0xc5, 0xbb, 0xbc,
    0x36, 0xc2, 0xfe, 0xc9, 0xbf, 0xc0, 0x17, 0xc0, 0xfe, 0xe0, 0xda, 0xdb,
    0xfe, 0x8f, 0x7a, 0x7c, 0xfe, 0xeb, 0xe8, 0xe8, 0x17, 0xc5, 0xfe, 0x76,
    0x5c, 0x5f, 0x36, 0xc1, 0xbc, 0x84, 0xfe, 0xf3, 0xf1, 0xf1, 0x17, 0xc1,
    0x94, 0x8a, 0xfe, 0xd5, 0xcd, 0xcd, 0x93, 0x9a, 0xa7, 0x87, 0xbd, 0x73,
    0x17, 0xc2, 0xfe, 0xb2, 0xa3, 0xa5, 0x36, 0xc4, 0xfe, 0x8d, 0x77, 0x7a,
    0xfe, 0xf9, 0xf8, 0xf8, 0x17, 0xc1, 0x04, 0x84, 0x9c, 0x97, 0x7a, 0x28,
    0xb9, 0x74, 0x17, 0xc2, 0xfe, 0xb7, 0xa9, 0xab, 0x36, 0xc3, 0xfe, 0xc0,
    0xb5, 0xb6, 0x17, 0xc2, 0x8f, 0x8a, 0x88, 0x9d, 0x55, 0xaf, 0x75, 0xb9,
    0x84, 0x17, 0xc2, 0xfe, 0x7d, 0x65, 0x68, 0x36, 0xc3, 0x2f, 0x17, 0xc2,
    0x99, 0x89, 0x92, 0x9b, 0x9e, 0x77, 0xac, 0x86, 0x17, 0xc3, 0xfe, 0xbd,
    0xb1, 0xb2, 0x36, 0xc6, 0xfe, 0x8b, 0x75, 0x77, 0xfe, 0xf6, 0xf4, 0xf4,
    0x17, 0xc2, 0x13, 0x92, 0x8b, 0xaa, 0x97, 0x08, 0x17, 0xc1, 0x9b, 0x88,
    0xfe, 0x94, 0x7f, 0x82, 0x36, 0xda, 0x17, 0xc1, 0xfe, 0xb5, 0xa7, 0xa8,
    0x36, 0xcd, 0xfe, 0xb6, 0xa9, 0xaa, 0x17, 0xc1, 0x84, 0x8c, 0x36, 0xfd,
    0xfd, 0xf6, 0x41, 0x9b, 0x69, 0x9b, 0x69, 0x9b, 0x79, 0x55, 0xd2, 0xfe,
    0xfd, 0xfc, 0xfc, 0x17, 0xfe, 0x9d, 0x89, 0x88, 0x35, 0xfd, 0xfc, 0xfe,
    0xae, 0x9e, 0x9d, 0x17, 0x89, 0x8c, 0x35, 0xc5, 0x04, 0xa4, 0x97, 0xa4,
    0x97, 0xa3, 0xa8, 0xa4, 0x86, 0x36, 0xd3, 0x11, 0x17, 0xc1, 0xfe, 0xc1,
    0xb5, 0xb7, 0x36, 0xcc, 0xfe, 0x8e, 0x78, 0x7a, 0x17, 0xc7, 0xfe, 0x7a,
    0x61, 0x64, 0x36, 0xfd, 0xfd, 0xfd, 0xfd, 0xfd, 0xe5, 0xfe, 0xb5, 0xa7,
    0xa9, 0x17, 0x3b, 0x36, 0xf0, 0x9c, 0x85, 0xfe, 0x35, 0x34, 0x37, 0xc0,
    0xff, 0x33, 0x33, 0x37, 0x3e, 0xff, 0x34, 0x34, 0x34, 0x1e, 0xff, 0x35,
    0x34, 0x37, 0xff, 0xc0, 0xfe, 0x62, 0x4d, 0x50, 0xa8, 0x8e, 0xe1, 0xfe,
    0xfd, 0xfd, 0xfd, 0x7f, 0xfe, 0xa6, 0x95, 0x97, 0x36, 0xcf, 0xa6, 0x88,
    0x17, 0xc1, 0xfe, 0xc0, 0xb4, 0xb5, 0x36, 0xc7, 0xfe, 0x9f, 0x8d, 0x8f,
    0x17, 0xc1, 0xfe, 0xb3, 0xa5, 0xa6, 0x36, 0xc2, 0xfe, 0xc9, 0xbf, 0xc0,
    0x17, 0xc0, 0x97, 0x89, 0xa6, 0x87, 0xa3, 0x88, 0xc1, 0x88, 0x8c, 0x8f,
    0x8a, 0xa2, 0x99, 0xae, 0x85, 0xb7, 0x74, 0xfe, 0x76, 0x5c, 0x5f, 0x36,
    0xc0, 0xaa, 0x86, 0xfe, 0xed, 0xe9, 0xea, 0x17, 0xc0, 0x97, 0x89, 0x2d,
    0xfe, 0x72, 0x57, 0x5a, 0x36, 0xc2, 0xfe, 0x8b, 0x75, 0x78, 0xfe, 0xe5,
    0xe0, 0xe0, 0xbe, 0x83, 0xc0, 0x9d, 0x89, 0xfe, 0x87, 0x70, 0x73, 0x36,
    0xc3, 0xfe, 0xe5, 0xe1, 0xe1, 0x17, 0xc0, 0x98, 0x89, 0xfe, 0xaa, 0x9a,
    0x9c, 0xfe, 0x75, 0x5b, 0x5e, 0x36, 0xc1, 0x7f, 0xfe, 0x8c, 0x77, 0x79,
    0xfe, 0xbe, 0xb2, 0xb3, 0xfe, 0xf4, 0xf3, 0xf3, 0x17, 0xfe, 0xb7, 0xa9,
    0xab, 0x36, 0xc2, 0xfe, 0x91, 0x7d, 0x7f, 0x17, 0xc1, 0xfe, 0xdf, 0xd9,
    0xd9, 0xfe, 0x8e, 0x78, 0x7a, 0x36, 0xc2, 0xa8, 0x87, 0x3c, 0xfe, 0xd6,
    0xce, 0xcf, 0x17, 0xc0, 0xfe, 0x7d, 0x65, 0x68, 0x36, 0xc3, 0xfe, 0xc9,
    0xbf, 0xc0, 0xfe, 0xf5, 0xf3, 0xf3, 0xfe, 0xc8, 0xbe, 0xbf, 0xfe, 0xa1,
    0x8f, 0x91, 0xfe, 0x82, 0x6a, 0x6d, 0x36, 0xc2, 0xb1, 0x85, 0xfe, 0xaf,
    0x9f, 0xa1, 0x26, 0x17, 0xc0, 0x08, 0xfe, 0x86, 0x6f, 0x71, 0x36, 0xc4,
    0x27, 0xfe, 0xec, 0xe9, 0xe9, 0x17, 0xc1, 0xfe, 0xc4, 0xb9, 0xba, 0xfe,
    0x80, 0x67, 0x6a, 0x8e, 0x8a, 0xc1, 0xae, 0x86, 0xfe, 0xbc, 0xaf, 0xb1,
    0x08, 0x7f, 0xc0, 0x93, 0x8a, 0xfe, 0x7d, 0x64, 0x67, 0x36, 0xd9, 0x17,
    0xc1, 0xfe, 0xb5, 0xa7, 0xa8, 0x36, 0xcd, 0xfe, 0xb6, 0xa9, 0xaa, 0x17,
    0xc1, 0x84, 0x8c, 0x36, 0xfd, 0xfd, 0xf3, 0x9e, 0x78, 0x9a, 0x7a, 0x9b,
    0x59, 0x9b, 0x89, 0xd6, 0xfe, 0xfd, 0xfc, 0xfc, 0x17, 0xfe, 0x9d, 0x89,
    0x88, 0x35, 0xfd, 0xfc, 0xfe, 0xae, 0x9e, 0x9d, 0x17, 0x89, 0x8c, 0x35,
    0xca, 0xa2, 0x88, 0xa4, 0x97, 0x06, 0xa4, 0x97, 0x36, 0xcf, 0x11, 0x17,
    0xc1, 0xfe, 0xc1, 0xb5, 0xb7, 0x36, 0xcc, 0xbc, 0x73, 0xfe, 0xe1, 0xdc,
    0xdd, 0xc3, 0xb1, 0x75, 0x17, 0xc1, 0xfe, 0x7a, 0x61, 0x64, 0x36, 0xfd,
    0xfd, 0xfd, 0xfd, 0xfd, 0xe5, 0xfe, 0xb5, 0xa7, 0xa9, 0x17, 0x3b, 0x36,
    0xf0, 0x9c, 0x85, 0xfe, 0x35, 0x34, 0x37, 0xc0, 0xff, 0x33, 0x33, 0x37,
    0x3e, 0xff, 0x34, 0x34, 0x34, 0x1e, 0xff, 0x35, 0x34, 0x37, 0xff, 0xc0,
    0xfe, 0x62, 0x4d, 0x50, 0xa8, 0x8e, 0xe1, 0xfe, 0xfd, 0xfd, 0xfd, 0x7f,
    0xfe, 0xa6, 0x95, 0x97, 0x36, 0xcf, 0xa6, 0x88, 0x17, 0xc1, 0xfe, 0xc0,
    0xb4, 0xb5, 0x36, 0xc7, 0xfe, 0xd6, 0xce, 0xcf, 0x17, 0xc1, 0xfe, 0x8f,
    0x7a, 0x7c, 0x36, 0xc2, 0xfe, 0xc9, 0xbf, 0xc0, 0x17, 0xc2, 0x9b, 0x88,
    0xfe, 0xbb, 0xaf, 0xb0, 0xfe, 0x80, 0x68, 0x6b, 0x36, 0xc2, 0xa6, 0x87,
    0x36, 0xc1, 0xfe, 0xc2, 0xb7, 0xb8, 0x17, 0xc0, 0x97, 0x89, 0xfe, 0x89,
    0x73, 0x75, 0x36, 0xc5, 0xae, 0x86, 0xfe, 0xf1, 0xef, 0xef, 0xaf, 0x86,
    0xc0, 0x2f, 0x36, 0xc2, 0xfe, 0x90, 0x7b, 0x7e, 0x17, 0xc1, 0xfe, 0xa2,
    0x91, 0x93, 0x36, 0xc6, 0xa8, 0x87, 0xfe, 0xbb, 0xae, 0xaf, 0x98, 0x99,
    0x36, 0xc2, 0x2f, 0xfe, 0xfe, 0xfe, 0xfe, 0xc0, 0x04, 0x27, 0x36, 0xc6,
    0xfe, 0x8b, 0x75, 0x77, 0xfe, 0xde, 0xd7, 0xd8, 0xfe, 0x7d, 0x65, 0x68,
    0x36, 0xc3, 0xb9, 0x84, 0x8b, 0x8c, 0x36, 0xc7, 0xfe, 0x93, 0x7f, 0x81,
    0x17, 0xc1, 0xfe, 0xb7, 0xaa, 0xab, 0x36, 0xc4, 0xfe, 0xb8, 0xab, 0xac,
    0x17, 0xc1, 0xfe, 0xb0, 0xa1, 0xa2, 0x36, 0xc5, 0xfe, 0xa3, 0x91, 0x93,
    0x17, 0xc1, 0xfe, 0xc6, 0xbb, 0xbc, 0x36, 0xd9, 0x17, 0xc1, 0xfe, 0xb5,
    0xa7, 0xa8, 0x36, 0xcd, 0xfe, 0xb6, 0xa9, 0xaa, 0x17, 0xc1, 0x84, 0x8c,
    0x36, 0xfd, 0xfd, 0xef, 0x55, 0x9c, 0x79, 0x9c, 0x69, 0x9a, 0x7a, 0x9d,
    0x78, 0xd9, 0xfe, 0xfd, 0xfc, 0xfc, 0x17, 0xfe, 0x9d, 0x89, 0x88, 0x35,
    0xfd, 0xfc, 0xfe, 0xae, 0x9e, 0x9d, 0x17, 0x89, 0x8c, 0x35, 0xce, 0x7f,
    0xa4, 0x87, 0x34, 0xa4, 0x97, 0x27, 0x36, 0xca, 0xb0, 0x85, 0x17, 0xc1,
    0xfe, 0xc1, 0xb5, 0xb7, 0x36, 0xd2, 0xfe, 0xb4, 0xa5, 0xa7, 0x17, 0xc1,
    0xfe, 0x7a, 0x61, 0x64, 0x36, 0xcd, 0xfe, 0xa5, 0x94, 0x96, 0xfe, 0xc7,
    0xbc, 0xbd, 0xc1, 0x23, 0x36, 0xfd, 0xfd, 0xfd, 0xfd, 0xfd, 0xd1, 0xfe,
    0xb5, 0xa7, 0xa9, 0x17, 0x8b, 0x9c, 0x36, 0xf0, 0x9c, 0x85, 0xfe, 0x35,
    0x34, 0x37, 0xc0, 0xff, 0x33, 0x33, 0x37, 0x3e, 0xff, 0x34, 0x34, 0x34,
    0x1e, 0xff, 0x35, 0x34, 0x37, 0xff, 0xc0, 0xfe, 0x62, 0x4d, 0x50, 0xa8,
    0x8e, 0xe1, 0xfe, 0xfd, 0xfd, 0xfd, 0x7f, 0xfe, 0xa6, 0x95, 0x97, 0x36,
    0xcf, 0xa6, 0x88, 0x17, 0xc1, 0xfe, 0xc0, 0xb4, 0xb5, 0x36, 0xc6, 0x2d,
    0x17, 0xc1, 0x85, 0x9d, 0x36, 0xc3, 0xfe, 0xc9, 0xbf, 0xc0, 0x17, 0xc1,
    0xfe, 0xdb, 0xd5, 0xd5, 0xfe, 0x81, 0x69, 0x6b, 0x36, 0xc7, 0xaf, 0x86,
    0xfe, 0xfb, 0xfb, 0xfb, 0x17, 0xc0, 0xfe, 0xa5, 0x94, 0x96, 0x36, 0xc7,
    0xfe, 0xae, 0x9f, 0xa0, 0x17, 0xc0, 0x97, 0x8a, 0xfe, 0x73, 0x58, 0x5b,
    0x36, 0xc1, 0xfe, 0xac, 0x9c, 0x9e, 0x17, 0xc1, 0xfe, 0x7c, 0x63, 0x66,
    0x36, 0xc8, 0xa2, 0x88, 0x36, 0xc2, 0xfe, 0xe5, 0xe0, 0xe0, 0x17, 0xc0,
    0xfe, 0xd1, 0xc9, 0xca, 0x36, 0xc8, 0x7f, 0xc0, 0x36, 0xcf, 0xfe, 0xe0,
    0xda, 0xdb, 0x17, 0xc0, 0xfe, 0xd3, 0xcb, 0xcc, 0x36, 0xc3, 0xa4, 0x88,
    0xfe, 0xf4, 0xf3, 0xf3, 0x17, 0xc0, 0xfe, 0xd9, 0xd2, 0xd3, 0x36, 0xc7,
    0xfe, 0xcb, 0xc1, 0xc2, 0x17, 0xc0, 0x2a, 0xfe, 0x7b, 0x62, 0x65, 0x36,
    0xd8, 0x17, 0xc1, 0xfe, 0xb5, 0xa7, 0xa8, 0x36, 0xcd, 0xfe, 0x99, 0x85,
    0x88, 0xfe, 0xc2, 0xb7, 0xb8, 0xc1, 0x23, 0x36, 0xfd, 0xfd, 0xe9, 0x9e,
    0x78, 0x41, 0x9e, 0x78, 0x9d, 0x89, 0x9e, 0x68, 0x9d, 0x79, 0x9c, 0x89,
    0xdd, 0xfe, 0xfd, 0xfc, 0xfc, 0x17, 0xfe, 0x9d, 0x89, 0x88, 0x35, 0xfd,
    0xfc, 0xfe, 0xae, 0x9e, 0x9d, 0x17, 0x89, 0x8c, 0x35, 0xd3, 0xa4, 0x97,
    0xa5, 0x97, 0xa4, 0xa7, 0xa4, 0x98, 0x36, 0xc6, 0xb0, 0x85, 0x17, 0xc1,
    0xfe, 0xc1, 0xb5, 0xb7, 0x36, 0xd2, 0xfe, 0xb4, 0xa5, 0xa7, 0x17, 0xc1,
    0xfe, 0x7a, 0x61, 0x64, 0x36, 0xcd, 0xfe, 0xc7, 0xbd, 0xbe, 0x17, 0xc1,
    0xfe, 0xe1, 0xdb, 0xdc, 0x36, 0xfd, 0xfd, 0xfd, 0xfd, 0xfd, 0xd1, 0xfe,
    0xb5, 0xa7, 0xa9, 0x17, 0x8b, 0x9c, 0x36, 0xf0, 0x9c, 0x85, 0xfe, 0x35,
    0x34, 0x37, 0xc0, 0xff, 0x33, 0x33, 0x37, 0x3e, 0xff, 0x34, 0x34, 0x34,
    0x1e, 0xff, 0x35, 0x34, 0x37, 0xff, 0xc0, 0xfe, 0x62, 0x4d, 0x50, 0xa8,
    0x8e, 0xe1, 0xfe, 0xfd, 0xfd, 0xfd, 0x7f, 0xfe, 0xa6, 0x95, 0x97, 0x36,
    0xcf, 0xa6, 0x88, 0x17, 0xc1, 0xfe, 0xc0, 0xb4, 0xb5, 0x36, 0xc4, 0xa8,
    0x87, 0xfe, 0xb5, 0xa7, 0xa9, 0xfe, 0xfc, 0xfc, 0xfc, 0x17, 0xc1, 0xfe,
    0x9c, 0x89, 0x8b, 0x36, 0xc3, 0xfe, 0xc9, 0xbf, 0xc0, 0x17, 0xc0, 0x84,
    0x8c, 0xfe, 0x72, 0x57, 0x5a, 0x36, 0xc8, 0xfe, 0xad, 0x9d, 0x9f, 0x17,
    0xc0, 0x8d, 0x9b, 0xfe, 0x71, 0x56, 0x59, 0x36, 0xc7, 0xb5, 0x85, 0x17,
    0xc1, 0xfe, 0x8b, 0x75, 0x78, 0x36, 0xc1, 0xfe, 0xae, 0x9f, 0xa0, 0x17,
    0xc1, 0xfe, 0x8b, 0x75, 0x77, 0x36, 0xcd, 0xfe, 0xe7, 0xe3, 0xe3, 0x17,
    0xc0, 0xfe, 0xe0, 0xdb, 0xdb, 0x36, 0xdb, 0xfe, 0xca, 0xc0, 0xc1, 0x17,
    0xc0, 0xfe, 0xdf, 0xd9, 0xda, 0x36, 0xc3, 0xfe, 0x99, 0x86, 0x88, 0x17,
    0xc1, 0xfe, 0x9a, 0x87, 0x8a, 0x36, 0xc7, 0xfe, 0x8c, 0x76, 0x79, 0x17,
    0xc1, 0xfe, 0xa8, 0x97, 0x99, 0x36, 0xd8, 0x17, 0xc1, 0xfe, 0xb5, 0xa7,
    0xa8, 0x36, 0xfd, 0xfd, 0xf6, 0x56, 0x9d, 0x68, 0x9c, 0x89, 0x9d, 0x68,
    0x9d, 0x89, 0x9e, 0x79, 0x40, 0xe4, 0xfe, 0xfd, 0xfc, 0xfc, 0x17, 0xfe,
    0x9d, 0x89, 0x88, 0x35, 0xfd, 0xfc, 0xfe, 0xae, 0x9e, 0x9d, 0x17, 0x89,
    0x8c, 0x35, 0xd6, 0x7f, 0xa4, 0xa7, 0xa6, 0x86, 0xa5, 0xa7, 0x36, 0xc3,
    0xb0, 0x85, 0x17, 0xc1, 0xfe, 0xc1, 0xb5, 0xb7, 0x36, 0xd2, 0xfe, 0xb4,
    0xa5, 0xa7, 0x17, 0xc1, 0xfe, 0x7a, 0x61, 0x64, 0x36, 0xcd, 0xfe, 0xc7,
    0xbd, 0xbe, 0x17, 0xc1, 0xfe, 0xe1, 0xdb, 0xdc, 0x36, 0xfd, 0xfd, 0xfd,
    0xfd, 0xfd, 0xd1, 0x26, 0x17, 0x8b, 0x9c, 0x36, 0xf0, 0x9c, 0x85, 0xfe,
    0x35, 0x34, 0x37, 0xc0, 0xff, 0x33, 0x33, 0x37, 0x3e, 0xff, 0x34, 0x34,
    0x34, 0x1e, 0xff, 0x35, 0x34, 0x37, 0xff, 0xc0, 0xfe, 0x62, 0x4d, 0x50,
    0xa8, 0x8e, 0xe1, 0xfe, 0xfd, 0xfd, 0xfd, 0x7f, 0xfe, 0xa6, 0x95, 0x97,
    0x36, 0xcf, 0xa6, 0x88, 0x17, 0xc1, 0xfe, 0xdd, 0xd7, 0xd7, 0xfe, 0xb3,
    0xa5, 0xa6, 0xc1, 0xa7, 0x87, 0xad, 0x86, 0xbb, 0x84, 0xfe, 0xf8, 0xf7,
    0xf7, 0x17, 0xc2, 0xfe, 0xbf, 0xb3, 0xb5, 0x36, 0xc4, 0xfe, 0xc9, 0xbf,
    0xc0, 0x17, 0xc0, 0xfe, 0xe0, 0xda, 0xdb, 0x36, 0xc9, 0xfe, 0xd2, 0xca,
    0xcb, 0x17, 0xc0, 0xfe, 0xc6, 0xbb, 0xbc, 0x36, 0xc9, 0xfe, 0xfa, 0xf9,
    0xf9, 0x17, 0xc0, 0xfe, 0x9f, 0x8d, 0x8f, 0x36, 0xc1, 0xfe, 0x9a, 0x87,
    0x8a, 0x17, 0xc1, 0xfe, 0xdb, 0xd5, 0xd5, 0xfe, 0x7b, 0x61, 0x64, 0x36,
    0xcc, 0xfe, 0xd3, 0xcb, 0xcc, 0x17, 0xc1, 0xfe, 0xac, 0x9d, 0x9e, 0x36,
    0xd3, 0x10, 0xb8, 0x73, 0xb3, 0x85, 0xb1, 0x86, 0xaf, 0x85, 0xac, 0x76,
    0xaa, 0x87, 0xfe, 0xeb, 0xe7, 0xe8, 0xb7, 0x74, 0xc0, 0xfe, 0xe2, 0xdd,
    0xdd, 0x36, 0xc3, 0xfe, 0xbb, 0xaf, 0xb0, 0x17, 0xc0, 0x08, 0x10, 0x36,
    0xc8, 0xfe, 0xf3, 0xf1, 0xf1, 0x17, 0xc0, 0x2f, 0x36, 0xd8, 0x17, 0xc1,
    0xfe, 0xb5, 0xa7, 0xa8, 0x36, 0xfd, 0xfd, 0xf4, 0x9b, 0x69, 0x99, 0x6a,
    0x9b, 0x79, 0x55, 0xe9, 0xfe, 0xfd, 0xfc, 0xfc, 0x17, 0xfe, 0x9d, 0x89,
    0x88, 0x35, 0xfd, 0xfc, 0xfe, 0xae, 0x9e, 0x9d, 0x17, 0x89, 0x8c, 0x35,
    0xda, 0xa4, 0x87, 0xa5, 0xb7, 0xa7, 0x96, 0x36, 0xc0, 0xb0, 0x85, 0x17,
    0xc1, 0xfe, 0xc1, 0xb5, 0xb7, 0x36, 0xd2, 0xfe, 0xb4, 0xa5, 0xa7, 0x17,
    0xc1, 0xfe, 0x7a, 0x61, 0x64, 0x36, 0xcd, 0xfe, 0xc7, 0xbd, 0xbe, 0x17,
    0xc1, 0xfe, 0xe1, 0xdb, 0xdc, 0x36, 0xfd, 0xfd, 0xfd, 0xfd, 0xfd, 0xd1,
    0xfe, 0xb5, 0xa7, 0xa9, 0x17, 0x8b, 0x9c, 0x36, 0xf0, 0x9c, 0x85, 0xfe,
    0x35, 0x34, 0x37, 0xc0, 0xff, 0x33, 0x33, 0x37, 0x3e, 0xff, 0x34, 0x34,
    0x34, 0x1e, 0xff, 0x35, 0x34, 0x37, 0xff, 0xc0, 0xfe, 0x62, 0x4d, 0x50,
    0xa8, 0x8e, 0xe1, 0xfe, 0xfd, 0xfd, 0xfd, 0x7f, 0xfe, 0xa6, 0x95, 0x97,
    0x36, 0xcf, 0xa6, 0x88, 0x17, 0xcb, 0x08, 0xfe, 0xba, 0xad, 0xae, 0xfe,
    0x70, 0x55, 0x58, 0xc5, 0xfe, 0xc9, 0xbf, 0xc0, 0x17, 0xc0, 0xfe, 0xe0,
    0xda, 0xdb, 0x36, 0xc9, 0xfe, 0xeb, 0xe8, 0xe8, 0x17, 0xc0, 0x83, 0x8c,
    0x83, 0x9d, 0xc9, 0xfe, 0xfb, 0xfa, 0xfa, 0x17, 0xc0, 0xfe, 0xaa, 0x99,
    0x9b, 0x36, 0xc1, 0xa6, 0x87, 0xfe, 0xf3, 0xf1, 0xf1, 0x17, 0xc1, 0x97,
    0x8a, 0xfe, 0xc7, 0xbc, 0xbd, 0xfe, 0x9f, 0x8d, 0x8f, 0xfe, 0x81, 0x69,
    0x6b, 0x36, 0xc9, 0xfe, 0xa3, 0x92, 0x94, 0x17, 0xc2, 0x84, 0x8c, 0xfe,
    0xb5, 0xa7, 0xa9, 0xfe, 0x93, 0x7f, 0x81, 0xfe, 0x76, 0x5c, 0x5f, 0x36,
    0xcc, 0xb7, 0x85, 0xfe, 0xb9, 0xab, 0xad, 0xfe, 0xe3, 0xde, 0xde, 0xbe,
    0x83, 0x17, 0xc7, 0xfe, 0xe2, 0xdd, 0xdd, 0x36, 0xc3, 0xfe, 0xd2, 0xc9,
    0xca, 0x17, 0xc0, 0x87, 0x9c, 0x36, 0xc9, 0xfe, 0xda, 0xd3, 0xd4, 0x17,
    0xc0, 0xfe, 0xe0, 0xdb, 0xdb, 0x36, 0xd8, 0x17, 0xc1, 0xfe, 0xb5, 0xa7,
    0xa8, 0x36, 0xfd, 0xfd, 0xf1, 0x9d, 0x89, 0x9a, 0x59, 0x99, 0x6a, 0x40,
    0xec, 0xfe, 0xfd, 0xfc, 0xfc, 0x17, 0xfe, 0x9d, 0x89, 0x88, 0x35, 0xfd,
    0xfc, 0xfe, 0xae, 0x9e, 0x9d, 0x17, 0x89, 0x8c, 0x35, 0xdd, 0xa4, 0x97,
    0xa7, 0xa6, 0xb6, 0xa4, 0x17, 0xc1, 0xfe, 0xc1, 0xb5, 0xb7, 0x36, 0xd2,
    0xfe, 0xb4, 0xa5, 0xa7, 0x17, 0xc1, 0xfe, 0x7a, 0x61, 0x64, 0x36, 0xcd,
    0xfe, 0xc7, 0xbd, 0xbe, 0x17, 0xc1, 0xfe, 0xe1, 0xdb, 0xdc, 0x36, 0xfd,
    0xfd, 0xfd, 0xfd, 0xfd, 0xd1, 0x26, 0x17, 0x8b, 0x9c, 0x36, 0xf0, 0x9c,
    0x85, 0xfe, 0x35, 0x34, 0x37, 0xc0, 0xff, 0x33, 0x33, 0x37, 0x3e, 0xff,
    0x34, 0x34, 0x34, 0x1e, 0xff, 0x35, 0x34, 0x37, 0xff, 0xc0, 0xfe, 0x62,
    0x4d, 0x50, 0xa8, 0x8e, 0xe1, 0xfe, 0xfd, 0xfd, 0xfd, 0x7f, 0xfe, 0xa6,
    0x95, 0x97, 0x36, 0xcf, 0xa6, 0x88, 0x17, 0xca, 0xfe, 0xda, 0xd3, 0xd4,
    0xfe, 0x91, 0x7c, 0x7e, 0x36, 0xc6, 0xfe, 0xc9, 0xbf, 0xc0, 0x17, 0xc0,
    0xfe, 0xe0, 0xda, 0xdb, 0x36, 0xc9, 0xfe, 0xfb, 0xfa, 0xfa, 0x17, 0xcf,
    0xfe, 0xac, 0x9d, 0x9e, 0x36, 0xc2, 0xfe, 0xa1, 0x8f, 0x91, 0x17, 0xc5,
    0x91, 0x8a, 0xfe, 0xd6, 0xce, 0xcf, 0xfe, 0xb4, 0xa6, 0xa8, 0xfe, 0x87,
    0x71, 0x73, 0x36, 0xc5, 0x7f, 0xfe, 0xd8, 0xd1, 0xd2, 0xfe, 0xfe, 0xfe,
    0xfe, 0xc4, 0x40, 0x85, 0x9d, 0x2f, 0xfe, 0xa3, 0x92, 0x94, 0xfe, 0x78,
    0x5e, 0x61, 0x97, 0x89, 0xc6, 0xa8, 0x87, 0xfe, 0xc5, 0xbb, 0xbc, 0x08,
    0x17, 0xca, 0xfe, 0xe2, 0xdd, 0xdd, 0x36, 0xc3, 0xfe, 0xdf, 0xd9, 0xda,
    0x17, 0xc0, 0xfe, 0xdc, 0xd5, 0xd6, 0x36, 0xc9, 0xfe, 0xcd, 0xc3, 0xc4,
    0x17, 0xc0, 0x8d, 0x8b, 0x36, 0xd8, 0x17, 0xc1, 0xfe, 0xb5, 0xa7, 0xa8,
    0x36, 0xfd, 0xfd, 0xee, 0x55, 0x9a, 0x6a, 0x9a, 0x59, 0x9b, 0x89, 0xef,
    0xfe, 0xfd, 0xfc, 0xfc, 0x17, 0xfe, 0x9d, 0x89, 0x88, 0x35, 0xfd, 0xfc,
    0xfe, 0xae, 0x9e, 0x9d, 0x17, 0x89, 0x8c, 0x35, 0xdf, 0xb2, 0x96, 0x17,
    0xc1, 0xfe, 0xc1, 0xb5, 0xb7, 0x36, 0xd2, 0xfe, 0xb4, 0xa5, 0xa7, 0x17,
    0xc1, 0xfe, 0x7a, 0x61, 0x64, 0x36, 0xcd, 0xfe, 0xa8, 0x97, 0x99, 0xfe,
    0xcb, 0xc1, 0xc2, 0xc1, 0x8a, 0x8b, 0x36, 0xfd, 0xfd, 0xfd, 0xfd, 0xfd,
    0xd1, 0xfe, 0xb5, 0xa7, 0xa9, 0x17, 0x8b, 0x9c, 0x36, 0xf0, 0x9c, 0x85,
    0x11, 0xc0, 0xff, 0x33, 0x33, 0x37, 0x3e, 0xff, 0x34, 0x34, 0x34, 0x1e,
    0xff, 0x35, 0x34, 0x37, 0xff, 0xc0, 0xfe, 0x62, 0x4d, 0x50, 0xa8, 0x8e,
    0xe1, 0xfe, 0xfd, 0xfd, 0xfd, 0x7f, 0xfe, 0xa6, 0x95, 0x97, 0x36, 0xcf,
    0xa6, 0x88, 0x17, 0xc1, 0x89, 0x9c, 0x82, 0x8d, 0xc1, 0x40, 0x9a, 0x89,
    0x90, 0x8a, 0x82, 0x9d, 0xfe, 0x81, 0x69, 0x6c, 0x36, 0xc8, 0xfe, 0xc9,
    0xbf, 0xc0, 0x17, 0xc0, 0xfe, 0xe0, 0xda, 0xdb, 0x36, 0xc8, 0xa2, 0x88,
    0x17, 0xd0, 0xfe, 0xac, 0x9d, 0x9e, 0x36, 0xc3, 0xfe, 0x9e, 0x8c, 0x8e,
    0xfe, 0xf0, 0xed, 0xee, 0x17, 0xc7, 0xfe, 0xd7, 0xcf, 0xd0, 0xfe, 0x84,
    0x6d, 0x6f, 0x36, 0xc4, 0xa7, 0x87, 0xfe, 0xc4, 0xb9, 0xbb, 0xfe, 0xfc,
    0xfc, 0xfc, 0x17, 0xc6, 0x98, 0x89, 0xfe, 0xb6, 0xa9, 0xaa, 0xfe, 0x72,
    0x57, 0x5a, 0x36, 0xc3, 0xa8, 0x87, 0xfe, 0xe0, 0xdb, 0xdb, 0x17, 0xc2,
    0x96, 0x8a, 0xfe, 0xd7, 0xd0, 0xd1, 0x87, 0x8c, 0x8b, 0x9c, 0x91, 0x8a,
    0x92, 0x9b, 0x94, 0x79, 0xfe, 0xce, 0xc5, 0xc6, 0x17, 0xc0, 0xfe, 0xe2,
    0xdd, 0xdd, 0x36, 0xc3, 0xfe, 0xe4, 0xdf, 0xe0, 0x17, 0xc0, 0xfe, 0xd6,
    0xce, 0xcf, 0x36, 0xc9, 0xfe, 0xc6, 0xbb, 0xbc, 0x17, 0xc0, 0x93, 0x8a,
    0x36, 0xd8, 0x17, 0xc1, 0xfe, 0xb5, 0xa7, 0xa8, 0x36, 0xfd, 0xfd, 0xec,
    0x9c, 0x79, 0x99, 0x6a, 0x9a, 0x69, 0x55, 0xf1, 0xfe, 0xfd, 0xfc, 0xfc,
    0x17, 0xfe, 0x9d, 0x89, 0x88, 0x35, 0xfd, 0xfc, 0xfe, 0xae, 0x9e, 0x9d,
    0x17, 0x89, 0x8c, 0x35, 0xdf, 0xb1, 0x96, 0x17, 0xc1, 0xfe, 0xbe, 0xb1,
    0xb2, 0xfe, 0x6e, 0x53, 0x55, 0x36, 0xd1, 0xfe, 0xb4, 0xa5, 0xa7, 0x17,
    0xc1, 0xfe, 0x7a, 0x61, 0x64, 0x36, 0xfd, 0xfd, 0xfd, 0xfd, 0xfd, 0xe5,
    0xfe, 0xb5, 0xa7, 0xa9, 0x17, 0x8b, 0x9c, 0x36, 0xf0, 0x9c, 0x85, 0xfe,
    0x35, 0x34, 0x37, 0xc0, 0xff, 0x33, 0x33, 0x37, 0x3e, 0xff, 0x34, 0x34,
    0x34, 0x1e, 0xff, 0x35, 0x34, 0x37, 0xff, 0xc0, 0xfe, 0x62, 0x4d, 0x50,
    0xa8, 0x8e, 0xe1, 0xfe, 0xfd, 0xfd, 0xfd, 0x7f, 0xfe, 0xa6, 0x95, 0x97,
    0x36, 0xcf, 0xa6, 0x88, 0x17, 0xc1, 0xfe, 0xc0, 0xb4, 0xb5, 0x36, 0xd0,
    0xfe, 0xc9, 0xbf, 0xc0, 0x17, 0xc0, 0xfe, 0xe0, 0xda, 0xdb, 0x36, 0xc9,
    0x17, 0xc1, 0xfe, 0xb5, 0xa7, 0xa8, 0x36, 0xd3, 0xa4, 0x88, 0xfe, 0xa2,
    0x90, 0x92, 0xfe, 0xcf, 0xc6, 0xc7, 0xfe, 0xf2, 0xf0, 0xf0, 0x17, 0xc5,
    0x94, 0x8a, 0xfe, 0x86, 0x6f, 0x72, 0x36, 0xc5, 0xb5, 0x85, 0xfe, 0xb4,
    0xa6, 0xa8, 0xfe, 0xde, 0xd7, 0xd8, 0xfe, 0xfb, 0xfb, 0xfb, 0xa3, 0x88,
    0xc5, 0xfe, 0xd0, 0xc7, 0xc8, 0x36, 0xc3, 0xfe, 0xc4, 0xb9, 0xba, 0x17,
    0xc1, 0x85, 0x8c, 0xfe, 0x9a, 0x87, 0x8a, 0xfe, 0x72, 0x57, 0x5a, 0x36,
    0xc4, 0xfe, 0xc5, 0xbb, 0xbc, 0x17, 0xc0, 0xfe, 0xe2, 0xdd, 0xdd, 0x36,
    0xc3, 0xfe, 0xe1, 0xdc, 0xdd, 0x17, 0xc0, 0xfe, 0xda, 0xd3, 0xd3, 0x36,
    0xc9, 0xfe, 0xcb, 0xc1, 0xc2, 0x17, 0xc0, 0x8f, 0x9b, 0x36, 0xd8, 0x17,
    0xc1, 0x23, 0x36, 0xfd, 0xfd, 0xe9, 0x41, 0x9a, 0x69, 0x99, 0x6a, 0x9d,
    0x78, 0xf4, 0xfe, 0xfd, 0xfc, 0xfc, 0x17, 0xfe, 0x9d, 0x89, 0x88, 0x35,
    0xfd, 0xfc, 0xfe, 0xae, 0x9e, 0x9d, 0x17, 0x89, 0x8c, 0x35, 0xdf, 0xb1,
    0x96, 0x17, 0xc1, 0xfe, 0xbb, 0xae, 0xad, 0x35, 0xa5, 0x97, 0xa6, 0xb7,
    0xa6, 0x96, 0x36, 0xce, 0xfe, 0xb4, 0xa5, 0xa7, 0x17, 0xc1, 0xfe, 0x7a,
    0x61, 0x64, 0x36, 0xfd, 0xfd, 0xfd, 0xfd, 0xfd, 0xe5, 0xfe, 0xb5, 0xa7,
    0xa9, 0x17, 0x8b, 0x9c, 0x36, 0xf0, 0x9c, 0x85, 0xfe, 0x35, 0x34, 0x37,
    0xc0, 0xff, 0x33, 0x33, 0x37, 0x3e, 0xff, 0x34, 0x34, 0x34, 0x1e, 0xff,
    0x35, 0x34, 0x37, 0xff, 0xc0, 0xfe, 0x62, 0x4d, 0x50, 0xa8, 0x8e, 0xe1,
    0xfe, 0xfd, 0xfd, 0xfd, 0x7f, 0xfe, 0xa6, 0x95, 0x97, 0x36, 0xcf, 0xa6,
    0x88, 0x17, 0xc1, 0xfe, 0xc0, 0xb4, 0xb5, 0x36, 0xd0, 0xfe, 0xc9, 0xbf,
    0xc0, 0x17, 0xc0, 0xfe, 0xe0, 0xda, 0xdb, 0x36, 0xc9, 0xfe, 0xf4, 0xf2,
    0xf2, 0x17, 0xc0, 0xfe, 0xc1, 0xb5, 0xb7, 0x36, 0xd7, 0xb6, 0x74, 0xfe,
    0x9e, 0x8c, 0x8e, 0xfe, 0xbe, 0xb2, 0xb3, 0xfe, 0xe5, 0xe0, 0xe0, 0x17,
    0xc2, 0xfe, 0xdc, 0xd5, 0xd6, 0x36, 0xc8, 0xa4, 0x88, 0xbe, 0x83, 0xfe,
    0xaa, 0x9a, 0x9c, 0xfe, 0xcd, 0xc3, 0xc4, 0xfe, 0xf4, 0xf3, 0xf3, 0x17,
    0xc2, 0xfe, 0xa3, 0x91, 0x93, 0x36, 0xc1, 0xab, 0x86, 0xfe, 0xfb, 0xfb,
    0xfb, 0x17, 0xc0, 0x80, 0x8d, 0xfe, 0x77, 0x5d, 0x60, 0x36, 0xc6, 0xfe,
    0xc5, 0xbb, 0xbc, 0x17, 0xc0, 0xfe, 0xe2, 0xdd, 0xdd, 0x36, 0xc3, 0xfe,
    0xd7, 0xcf, 0xd0, 0x17, 0xc0, 0x81, 0x8d, 0x36, 0xc9, 0xfe, 0xd5, 0xcd,
    0xcd, 0x17, 0xc0, 0x83, 0x8c, 0x36, 0xd8, 0x17, 0xc1, 0xfe, 0xb5, 0xa7,
    0xa8, 0x36, 0xfd, 0xfd, 0xe7, 0x9b, 0x69, 0x99, 0x6a, 0x9a, 0x79, 0xf7,
    0xfe, 0xfd, 0xfc, 0xfc, 0x17, 0xfe, 0x9d, 0x89, 0x88, 0x35, 0xfd, 0xfc,
    0xfe, 0xae, 0x9e, 0x9d, 0x17, 0x89, 0x8c, 0x35, 0xdf, 0xb1, 0x96, 0x17,
    0xc1, 0xfe, 0xbb, 0xae, 0xad, 0x35, 0xc1, 0x7f, 0xa6, 0xa7, 0xa7, 0xa6,
    0x36, 0xcc, 0xfe, 0xb4, 0xa5, 0xa7, 0x17, 0xc1, 0xfe, 0x7a, 0x61, 0x64,
    0x36, 0xfd, 0xfd, 0xfd, 0xfd, 0xfd, 0xe5, 0xfe, 0xb5, 0xa7, 0xa9, 0x17,
    0x8b, 0x9c, 0x36, 0xf0, 0x9c, 0x85, 0xfe, 0x35, 0x34, 0x37, 0xc0, 0xff,
    0x33, 0x33, 0x37, 0x3e, 0xff, 0x34, 0x34, 0x34, 0x1e, 0xff, 0x35, 0x34,
    0x37, 0xff, 0xc0, 0xfe, 0x62, 0x4d, 0x50, 0xa8, 0x8e, 0xe1, 0xfe, 0xfd,
    0xfd, 0xfd, 0x7f, 0xfe, 0xa6, 0x95, 0x97, 0x36, 0xcf, 0xa6, 0x88, 0x17,
    0xc1, 0xfe, 0xc0, 0xb4, 0xb5, 0x36, 0xd0, 0xfe, 0xc9, 0xbf, 0xc0, 0x17,
    0xc0, 0xfe, 0xe0, 0xda, 0xdb, 0x36, 0xc9, 0x28, 0x17, 0xc0, 0xfe, 0xdd,
    0xd7, 0xd7, 0x36, 0xdb, 0xfe, 0x91, 0x7c, 0x7e, 0xfe, 0xef, 0xed, 0xed,
    0x17, 0xc1, 0xfe, 0x81, 0x69, 0x6b, 0x36, 0xcb, 0xa5, 0x87, 0xfe, 0xb7,
    0xa9, 0xab, 0x17, 0xc1, 0xfe, 0xd6, 0xce, 0xcf, 0x36, 0xc1, 0xfe, 0x99,
    0x85, 0x88, 0x17, 0xc1, 0xfe, 0x9c, 0x89, 0x8b, 0x36, 0xc7, 0xfe, 0xc5,
    0xbb, 0xbc, 0x17, 0xc0, 0xfe, 0xe2, 0xdd, 0xdd, 0x36, 0xc3, 0xfe, 0xc4,
    0xb9, 0xba, 0x17, 0xc0, 0x9b, 0x89, 0xfe, 0x72, 0x57, 0x5a, 0x36, 0xc8,
    0xfe, 0xec, 0xe9, 0xe9, 0x17, 0xc0, 0xfe, 0xd2, 0xc9, 0xca, 0x36, 0xd8,
    0x17, 0xc1, 0xfe, 0xb5, 0xa7, 0xa8, 0x36, 0xfd, 0xfd, 0xe4, 0x9e, 0x78,
    0x99, 0x6a, 0x99, 0x6a, 0x40, 0xf9, 0xfe, 0xfd, 0xfc, 0xfc, 0x17, 0xfe,
    0x9d, 0x89, 0x88, 0x35, 0xfd, 0xfc, 0xfe, 0xae, 0x9e, 0x9d, 0x17, 0x89,
    0x8c, 0x35, 0xdf, 0xb1, 0x96, 0x17, 0xc1, 0xfe, 0xbb, 0xae, 0xad, 0x35,
    0xc4, 0xa3, 0x87, 0xa6, 0xb7, 0x15, 0x36, 0xc9, 0xfe, 0xb4, 0xa5, 0xa7,
    0x17, 0xc1, 0xfe, 0x7a, 0x61, 0x64, 0x36, 0xfd, 0xfd, 0xfd, 0xfd, 0xfd,
    0xe5, 0xfe, 0xb5, 0xa7, 0xa9, 0x17, 0x8b, 0x9c, 0x36, 0xf0, 0x9c, 0x85,
    0x11, 0xc0, 0xff, 0x33, 0x33, 0x37, 0x3e, 0xff, 0x34, 0x34, 0x34, 0x1e,
    0xff, 0x35, 0x34, 0x37, 0xff, 0xc0, 0xfe, 0x62, 0x4d, 0x50, 0xa8, 0x8e,
    0xe1, 0xfe, 0xfd, 0xfd, 0xfd, 0x7f, 0xfe, 0xa6, 0x95, 0x97, 0x36, 0xcf,
    0xa6, 0x88, 0x17, 0xc1, 0xfe, 0xc0, 0xb4, 0xb5, 0x36, 0xd0, 0xfe, 0xc9,
    0xbf, 0xc0, 0x17, 0xc0, 0xfe, 0xe0, 0xda, 0xdb, 0x36, 0xc9, 0xfe, 0xbf,
    0xb3, 0xb5, 0x17, 0xc0, 0x08, 0xfe, 0x81, 0x69, 0x6b, 0x36, 0xdb, 0x2d,
    0x17, 0xc1, 0xfe, 0x96, 0x82, 0x84, 0x36, 0xcd, 0xfe, 0xdf, 0xd9, 0xda,
    0x17, 0xc0, 0x8a, 0x8b, 0x36, 0xc1, 0xfe, 0xa8, 0x97, 0x99, 0x17, 0xc1,
    0xfe, 0x82, 0x6a, 0x6d, 0x36, 0xc7, 0xfe, 0xc5, 0xbb, 0xbc, 0x17, 0xc0,
    0xfe, 0xe2, 0xdd, 0xdd, 0x36, 0xc3, 0xfe, 0xa5, 0x94, 0x96, 0x17, 0xc1,
    0xfe, 0x8f, 0x7a, 0x7c, 0x36, 0xc7, 0xb3, 0x85, 0x17, 0xc1, 0xfe, 0xb4,
    0xa5, 0xa7, 0x36, 0xd8, 0x17, 0xc1, 0xfe, 0xb5, 0xa7, 0xa8, 0x36, 0xfd,
    0xfd, 0xe1, 0x56, 0x9b, 0x68, 0x99, 0x6a, 0x9b, 0x79, 0xfc, 0xfe, 0xfd,
    0xfc, 0xfc, 0x17, 0xfe, 0x9d, 0x89, 0x88, 0x35, 0xfd, 0xfc, 0xfe, 0xae,
    0x9e, 0x9d, 0x17, 0x89, 0x8c, 0x35, 0xdf, 0xb1, 0x96, 0x17, 0xc1, 0xfe,
    0xbb, 0xae, 0xad, 0x35, 0xc7, 0xa5, 0x87, 0xa6, 0xb7, 0xa6, 0xa6, 0x36,
    0xc6, 0x0f, 0x17, 0xc1, 0xfe, 0x7a, 0x61, 0x64, 0x36, 0xfd, 0xfd, 0xfd,
    0xfd, 0xfd, 0xe5, 0xfe, 0xb5, 0xa7, 0xa9, 0x17, 0x8b, 0x9c, 0x36, 0xf0,
    0x9c, 0x85, 0x11, 0xc0, 0xff, 0x33, 0x33, 0x37, 0x3e, 0xff, 0x34, 0x34,
    0x34, 0x1e, 0xff, 0x35, 0x34, 0x37, 0xff, 0xc0, 0xfe, 0x62, 0x4d, 0x50,
    0xa8, 0x8e, 0xe1, 0xfe, 0xfd, 0xfd, 0xfd, 0x7f, 0xfe, 0xa6, 0x95, 0x97,
    0x36, 0xcf, 0xa6, 0x88, 0x17, 0xc1, 0xfe, 0xc0, 0xb4, 0xb5, 0x36, 0xd0,
    0xfe, 0xc9, 0xbf, 0xc0, 0x17, 0xc0, 0xfe, 0xe0, 0xda, 0xdb, 0x36, 0xc9,
    0xfe, 0x91, 0x7c, 0x7e, 0x17, 0xc1, 0xfe, 0xcb, 0xc1, 0xc2, 0x36, 0xca,
    0xa2, 0x88, 0x36, 0xc2, 0xaa, 0x86, 0x36, 0xc9, 0xfe, 0x93, 0x7e, 0x80,
    0x17, 0xc1, 0xfe, 0x97, 0x83, 0x86, 0x36, 0xc1, 0x3e, 0x36, 0xc9, 0xfe,
    0xcc, 0xc2, 0xc3, 0x17, 0xc0, 0x8b, 0x9c, 0x36, 0xc1, 0xfe, 0xa8, 0x98,
    0x9a, 0x17, 0xc1, 0xfe, 0x89, 0x73, 0x75, 0x36, 0xc7, 0xfe, 0xc7, 0xbc,
    0xbd, 0x17, 0xc0, 0xfe, 0xe2, 0xdd, 0xdd, 0x36, 0xc3, 0xaf, 0x86, 0xfe,
    0xfc, 0xfc, 0xfc, 0x17, 0xc0, 0x2f, 0x36, 0xc7, 0xfe, 0xb9, 0xac, 0xad,
    0x17, 0xc1, 0xfe, 0x89, 0x72, 0x75, 0x36, 0xd8, 0x17, 0xc1, 0xfe, 0xb5,
    0xa7, 0xa8, 0x36, 0xcd, 0xb7, 0x85, 0xb9, 0x73, 0xc1, 0x98, 0x89, 0x36,
    0xfd, 0xfd, 0xcb, 0x9c, 0x79, 0x9a, 0x59, 0x99, 0x7a, 0x55, 0xfd, 0xc0,
    0xfe, 0xfd, 0xfc, 0xfc, 0x17, 0xfe, 0x9d, 0x89, 0x88, 0x35, 0xfd, 0xfc,
    0xfe, 0xae, 0x9e, 0x9d, 0x17, 0x89, 0x8c, 0x35, 0xdf, 0xb1, 0x96, 0x17,
    0xc1, 0xfe, 0xbb, 0xae, 0xad, 0x35, 0xc9, 0x04, 0xa5, 0xa7, 0xa7, 0xa6,
    0x36, 0xc4, 0xfe, 0xb4, 0xa5, 0xa7, 0x17, 0xc1, 0xfe, 0x7a, 0x61, 0x64,
    0x36, 0xfd, 0xfd, 0xfd, 0xfd, 0xfd, 0xe5, 0xfe, 0xb5, 0xa7, 0xa9, 0x17,
    0x3b, 0x36, 0xf0, 0x9c, 0x85, 0x11, 0xc0, 0xff, 0x33, 0x33, 0x37, 0x3e,
    0xff, 0x34, 0x34, 0x34, 0x1e, 0xff, 0x35, 0x34, 0x37, 0xff, 0xc0, 0xfe,
    0x62, 0x4d, 0x50, 0xa8, 0x8e, 0xe1, 0xfe, 0xfd, 0xfd, 0xfd, 0x7f, 0xfe,
    0xa6, 0x95, 0x97, 0x36, 0xcf, 0xa6, 0x88, 0x17, 0xc1, 0xfe, 0xc0, 0xb4,
    0xb5, 0x36, 0xd0, 0xfe, 0xc9, 0xbf, 0xc0, 0x17, 0xc0, 0xfe, 0xe0, 0xda,
    0xdb, 0x36, 0xca, 0xfe, 0xdf, 0xd9, 0xda, 0x17, 0xc1, 0xfe, 0xaf, 0xa0,
    0xa2, 0x36, 0xc8, 0xbf, 0x83, 0xfe, 0xe0, 0xdb, 0xdb, 0x10, 0x36, 0xc1,
    0xfe, 0xbc, 0xaf, 0xb1, 0xaa, 0x76, 0xfe, 0x78, 0x5f, 0x62, 0x36, 0xc7,
    0xfe, 0xac, 0x9c, 0x9e, 0xfe, 0xfe, 0xfe, 0xfe, 0xc1, 0xfe, 0x80, 0x68,
    0x6b, 0x36, 0xc1, 0xfe, 0xe9, 0xe5, 0xe6, 0xfe, 0x9f, 0x8d, 0x8f, 0x36,
    0xc8, 0xfe, 0xe5, 0xe0, 0xe0, 0x17, 0xc0, 0xfe, 0xd5, 0xcd, 0xce, 0x36,
    0xc1, 0xfe, 0x96, 0x82, 0x84, 0x17, 0xc1, 0xfe, 0xb3, 0xa5, 0xa6, 0x36,
    0xc5, 0xa2, 0x88, 0xfe, 0xb0, 0xa1, 0xa3, 0xfe, 0xfb, 0xfa, 0xfa, 0x17,
    0xc0, 0xfe, 0xe2, 0xdd, 0xdd, 0x36, 0xc4, 0xfe, 0xcf, 0xc6, 0xc7, 0x17,
    0xc0, 0x08, 0xfe, 0x94, 0x80, 0x82, 0x36, 0xc5, 0xbc, 0x84, 0xfe, 0xf9,
    0xf8, 0xf8, 0x17, 0xc0, 0xfe, 0xdd, 0xd7, 0xd7, 0x36, 0xd9, 0x17, 0xc1,
    0xfe, 0xb5, 0xa7, 0xa8, 0x36, 0xcd, 0xfe, 0xb6, 0xa9, 0xaa, 0x17, 0xc1,
    0x84, 0x8c, 0x36, 0xfd, 0xfd, 0xc8, 0x45, 0x99, 0x7a, 0x99, 0x6a, 0x9d,
    0x78, 0xfd, 0xc3, 0xfe, 0xfd, 0xfc, 0xfc, 0x17, 0xfe, 0x9d, 0x89, 0x88,
    0x35, 0xfd, 0xfc, 0xfe, 0xae, 0x9e, 0x9d, 0x17, 0x89, 0x8c, 0x35, 0xdf,
    0xb1, 0x96, 0x17, 0xc1, 0xfe, 0xbb, 0xae, 0xad, 0x35, 0xcc, 0xa2, 0x88,
    0xa7, 0xa6, 0xa6, 0xa7, 0x36, 0xc1, 0xfe, 0xb4, 0xa5, 0xa7, 0x17, 0xc1,
    0xfe, 0x7a, 0x61, 0x64, 0x36, 0xfd, 0xfd, 0xfd, 0xfd, 0xfd, 0xe5, 0xfe,
    0xb5, 0xa7, 0xa9, 0x17, 0x8b, 0x9c, 0x36, 0xf0, 0x9c, 0x85, 0xfe, 0x35,
    0x34, 0x37, 0xc0, 0xff, 0x33, 0x33, 0x37, 0x3e, 0xff, 0x34, 0x34, 0x34,
    0x1e, 0xff, 0x35, 0x34, 0x37, 0xff, 0xc0, 0xfe, 0x62, 0x4d, 0x50, 0xa8,
    0x8e, 0xe1, 0xfe, 0xfd, 0xfd, 0xfd, 0x7f, 0xfe, 0xa6, 0x95, 0x97, 0x36,
    0xcf, 0xa6, 0x88, 0x17, 0xc1, 0xfe, 0xc0, 0xb4, 0xb5, 0x36, 0xd0, 0xfe,
    0xc9, 0xbf, 0xc0, 0x17, 0xc0, 0xfe, 0xe0, 0xda, 0xdb, 0x36, 0xca, 0xfe,
    0x8b, 0x75, 0x78, 0xfe, 0xfb, 0xfb, 0xfb, 0x17, 0xc1, 0xfe, 0xcd, 0xc4,
    0xc5, 0xfe, 0x85, 0x6e, 0x71, 0x36, 0xc3, 0xa3, 0x88, 0xfe, 0x99, 0x86,
    0x88, 0xfe, 0xd3, 0xcb, 0xcc, 0x08, 0x17, 0x10, 0x36, 0xc1, 0xfe, 0xbd,
    0xb0, 0xb1, 0x17, 0x94, 0x8a, 0xfe, 0xb7, 0xaa, 0xab, 0xfe, 0x81, 0x69,
    0x6b, 0x36, 0xc4, 0xfe, 0x91, 0x7d, 0x7f, 0xfe, 0xf3, 0xf1, 0xf1, 0x17,
    0xc0, 0xfe, 0xdb, 0xd5, 0xd5, 0x36, 0xc2, 0xfe, 0xf6, 0xf4, 0xf4, 0x17,
    0xfe, 0xdf, 0xd9, 0xd9, 0xfe, 0x9f, 0x8d, 0x8f, 0xfe, 0x74, 0x5a, 0x5d,
    0x36, 0xc3, 0xa4, 0x87, 0xfe, 0xbb, 0xaf, 0xb0, 0x17, 0xc1, 0xfe, 0xa2,
    0x91, 0x93, 0x36, 0xc1, 0xa6, 0x87, 0xfe, 0xf6, 0xf5, 0xf5, 0xa9, 0x87,
    0xc0, 0x9b, 0x88, 0x3c, 0x36, 0xc2, 0xa2, 0x88, 0xfe, 0x9e, 0x8c, 0x8e,
    0xfe, 0xe7, 0xe3, 0xe3, 0x17, 0xc2, 0xfe, 0xe2, 0xdd, 0xdd, 0x36, 0xc4,
    0xba, 0x74, 0xfe, 0xfb, 0xfa, 0xfa, 0x17, 0xc0, 0x97, 0x89, 0xfe, 0x9d,
    0x8b, 0x8d, 0x36, 0xc3, 0xfe, 0x93, 0x7f, 0x81, 0xfe, 0xf1, 0xee, 0xee,
    0xb0, 0x85, 0xc0, 0x08, 0xfe, 0x90, 0x7b, 0x7e, 0x36, 0xd9, 0x17, 0xc1,
    0xfe, 0xb5, 0xa7, 0xa8, 0x36, 0xcd, 0xfe, 0xb6, 0xa9, 0xaa, 0x17, 0xc1,
    0x84, 0x8c, 0x36, 0xfd, 0xfd, 0xc6, 0x9b, 0x79, 0x99, 0x6a, 0x9b, 0x59,
    0x65, 0xfd, 0xc5, 0xfe, 0xfd, 0xfc, 0xfc, 0x17, 0xfe, 0x9d, 0x89, 0x88,
    0x35, 0xfd, 0xfc, 0xfe, 0xae, 0x9e, 0x9d, 0x17, 0x89, 0x8c, 0x35, 0xdf,
    0xb1, 0x96, 0x17, 0xc1, 0xfe, 0xbb, 0xae, 0xad, 0x35, 0xcf, 0xa4, 0x97,
    0xa6, 0xa7, 0xa7, 0x96, 0xfe, 0xb4, 0xa5, 0xa7, 0x17, 0xc1, 0xfe, 0x7a,
    0x61, 0x64, 0x36, 0xfd, 0xfd, 0xfd, 0xfd, 0xfd, 0xe5, 0xfe, 0xb5, 0xa7,
    0xa9, 0x17, 0x8b, 0x9c, 0x36, 0xf0, 0x9c, 0x85, 0xfe, 0x35, 0x34, 0x37,
    0xc0, 0xff, 0x33, 0x33, 0x37, 0x3e, 0xff, 0x34, 0x34, 0x34, 0x1e, 0xff,
    0x35, 0x34, 0x37, 0xff, 0xc0, 0xfe, 0x62, 0x4d, 0x50, 0xa8, 0x8e, 0xe1,
    0xfe, 0xfd, 0xfd, 0xfd, 0x7f, 0xfe, 0xa6, 0x95, 0x97, 0x36, 0xcf, 0xa6,
    0x88, 0x17, 0xc1, 0xfe, 0xc0, 0xb4, 0xb5, 0x36, 0xd0, 0xfe, 0xc9, 0xbf,
    0xc0, 0x17, 0xc0, 0xfe, 0xe0, 0xda, 0xdb, 0x36, 0xcb, 0xfe, 0xa3, 0x91,
    0x93, 0xfe, 0xfc, 0xfc, 0xfc, 0x17, 0xc2, 0x87, 0x9c, 0x81, 0x8d, 0x94,
    0x8a, 0xa4, 0x87, 0xb5, 0x85, 0xfe, 0xf8, 0xf7, 0xf7, 0x17, 0xc2, 0x10,
    0x36, 0xc1, 0xfe, 0xbd, 0xb0, 0xb1, 0x17, 0xc2, 0xfe, 0xe2, 0xdd, 0xdd,
    0x2b, 0x8f, 0x8a, 0x66, 0xaf, 0x86, 0xfe, 0xe1, 0xdb, 0xdc, 0x17, 0xc1,
    0x99, 0x89, 0xfe, 0x8a, 0x73, 0x76, 0x36, 0xc2, 0xfe, 0xf6, 0xf4, 0xf4,
    0x17, 0xc1, 0x97, 0x8a, 0xfe, 0xd5, 0xcd, 0xcd, 0x84, 0xad, 0x96, 0x79,
    0xa5, 0x87, 0xb7, 0x85, 0xfe, 0xf2, 0xef, 0xef, 0x17, 0xc1, 0xfe, 0xd8,
    0xd1, 0xd1, 0xfe, 0x71, 0x56, 0x59, 0x36, 0xc2, 0xfe, 0xb6, 0xa8, 0xaa,
    0x17, 0xc2, 0x8d, 0x9b, 0x30, 0x9a, 0x99, 0xac, 0x76, 0x0f, 0x17, 0xc1,
    0x9c, 0x89, 0x17, 0xc0, 0xfe, 0xe2, 0xdd, 0xdd, 0x36, 0xc5, 0xfe, 0xa9,
    0x99, 0x9b, 0x17, 0xc2, 0x82, 0x8d, 0x18, 0x23, 0xaa, 0x97, 0xfe, 0xde,
    0xd8, 0xd9, 0x17, 0xc2, 0x3a, 0x36, 0xd4, 0xfe, 0xb9, 0xab, 0xad, 0xfe,
    0xe4, 0xdf, 0xdf, 0xc3, 0x17, 0xc1, 0x90, 0x8b, 0x29, 0xc2, 0x51, 0x36,
    0xc8, 0x3a, 0x17, 0xc1, 0x84, 0x8c, 0x36, 0xfd, 0xfd, 0xc3, 0x55, 0x99,
    0x6a, 0x99, 0x6a, 0x9d, 0x78, 0xfd, 0xc8, 0xfe, 0xfd, 0xfc, 0xfc, 0x17,
    0xfe, 0x9d, 0x89, 0x88, 0x35, 0xfd, 0xfc, 0xfe, 0xae, 0x9e, 0x9d, 0x17,
    0x89, 0x8c, 0x35, 0xdf, 0xb1, 0x96, 0x17, 0xc1, 0xfe, 0xbb, 0xae, 0xad,
    0x35, 0xd1, 0x6f, 0xfe, 0xaf, 0x9f, 0x9e, 0x17, 0xc1, 0xfe, 0x7a, 0x61,
    0x64, 0x36, 0xfd, 0xfd, 0xfd, 0xfd, 0xfd, 0xe5, 0xfe, 0xb5, 0xa7, 0xa9,
    0x17, 0x8b, 0x9c, 0x36, 0xf0, 0x9c, 0x85, 0xfe, 0x35, 0x34, 0x37, 0xc0,
    0xff, 0x33, 0x33, 0x37, 0x3e, 0xff, 0x34, 0x34, 0x34, 0x1e, 0xff, 0x35,
    0x34, 0x37, 0xff, 0xc0, 0xfe, 0x62, 0x4d, 0x50, 0xa8, 0x8e, 0xe1, 0xfe,
    0xfd, 0xfd, 0xfd, 0x7f, 0xfe, 0xa6, 0x95, 0x97, 0x36, 0xcf, 0xa6, 0x88,
    0x17, 0xc1, 0xfe, 0xc0, 0xb4, 0xb5, 0x36, 0xd0, 0xfe, 0xc9, 0xbf, 0xc0,
    0x17, 0xc0, 0xfe, 0xe0, 0xda, 0xdb, 0x36, 0xcc, 0xfe, 0x97, 0x83, 0x86,
    0xfe, 0xf1, 0xef, 0xef, 0x17, 0xca, 0x91, 0x8b, 0xfe, 0x74, 0x59, 0x5c,
    0x36, 0xc1, 0xfe, 0xb0, 0xa1, 0xa3, 0x17, 0xca, 0x93, 0x8a, 0xfe, 0x93,
    0x7f, 0x81, 0x36, 0xc3, 0xfe, 0xe9, 0xe5, 0xe5, 0x17, 0xca, 0xfe, 0xd6,
    0xce, 0xcf, 0xfe, 0x77, 0x5d, 0x60, 0x36, 0xc3, 0xa2, 0x88, 0xfe, 0xd4,
    0xcc, 0xcd, 0x17, 0xc7, 0x9b, 0x89, 0xfe, 0xb0, 0xa1, 0xa2, 0xbb, 0x84,
    0x17, 0xc0, 0xfe, 0xe2, 0xdd, 0xdd, 0x36, 0xc6, 0xfe, 0xad, 0x9e, 0xa0,
    0x08, 0x17, 0xc8, 0xfe, 0xb9, 0xac, 0xad, 0x36, 0xd5, 0x2f, 0x17, 0xcb,
    0x08, 0x36, 0xc8, 0xfe, 0xb6, 0xa9, 0xaa, 0x17, 0xc1, 0x84, 0x8c, 0x36,
    0xfd, 0xfd, 0xc1, 0x9c, 0x69, 0x99, 0x69, 0x9a, 0x6a, 0x65, 0xfd, 0xca,
    0xfe, 0xfd, 0xfc, 0xfc, 0x17, 0xfe, 0x9d, 0x89, 0x88, 0x35, 0xfd, 0xfc,
    0xfe, 0xae, 0x9e, 0x9d, 0x17, 0x89, 0x8c, 0x35, 0xdf, 0xb1, 0x96, 0x17,
    0xc1, 0xfe, 0xbb, 0xae, 0xad, 0x35, 0xd2, 0xfe, 0xac, 0x9c, 0x9b, 0x17,
    0xc1, 0xfe, 0x78, 0x5e, 0x61, 0x97, 0x89, 0xcd, 0xba, 0x74, 0xb0, 0x96,
    0xc1, 0x97, 0x89, 0x36, 0xfd, 0xfd, 0xfd, 0xfd, 0xfd, 0xd1, 0xfe, 0xb5,
    0xa7, 0xa9, 0x17, 0x8b, 0x9c, 0x36, 0xf0, 0x9c, 0x85, 0x11, 0xc0, 0xff,
    0x33, 0x33, 0x37, 0x3e, 0xff, 0x34, 0x34, 0x34, 0x1e, 0xff, 0x35, 0x34,
    0x37, 0xff, 0xc0, 0xfe, 0x62, 0x4d, 0x50, 0xa8, 0x8e, 0xe1, 0xfe, 0xfd,
    0xfd, 0xfd, 0x7f, 0xfe, 0xa6, 0x95, 0x97, 0x36, 0xcf, 0xa6, 0x88, 0x17,
    0xc1, 0xfe, 0xc0, 0xb4, 0xb5, 0x36, 0xd0, 0xfe, 0xc9, 0xbf, 0xc0, 0x17,
    0xc0, 0xfe, 0xe0, 0xda, 0xdb, 0x36, 0xcd, 0xa8, 0x87, 0xfe, 0xb2, 0xa4,
    0xa6, 0xfe, 0xe9, 0xe5, 0xe6, 0x17, 0xc5, 0x97, 0x8a, 0xfe, 0xcd, 0xc4,
    0xc5, 0xfe, 0x9e, 0x8b, 0x8d, 0xfe, 0x73, 0x58, 0x5b, 0x36, 0xc3, 0xbe,
    0x73, 0xfe, 0xbf, 0xb3, 0xb4, 0xfe, 0xed, 0xea, 0xea, 0x17, 0xc5, 0x95,
    0x89, 0x18, 0xfe, 0x7c, 0x63, 0x66, 0x36, 0xc4, 0x23, 0xfe, 0xa0, 0x8e,
    0x90, 0xfe, 0xd2, 0xc9, 0xca, 0xfe, 0xf9, 0xf9, 0xf9, 0x17, 0xc5, 0x80,
    0x8d, 0xfe, 0xa3, 0x92, 0x94, 0x36, 0xc6, 0xa2, 0x88, 0xfe, 0xba, 0xad,
    0xae, 0x0c, 0x17, 0xc3, 0x9d, 0x88, 0xfe, 0xcc, 0xc2, 0xc3, 0xfe, 0x85,
    0x6e, 0x71, 0x87, 0x8c, 0xfe, 0xc5, 0xbb, 0xbc, 0x17, 0xc0, 0xfe, 0xe2,
    0xdd, 0xdd, 0x36, 0xc7, 0xfe, 0x8e, 0x79, 0x7b, 0xfe, 0xdb, 0xd5, 0xd5,
    0x17, 0xc5, 0xfe, 0xe1, 0xdc, 0xdd, 0xfe, 0x95, 0x81, 0x83, 0x36, 0xd6,
    0x2f, 0x17, 0xcb, 0x08, 0x36, 0xc8, 0xfe, 0xb6, 0xa9, 0xaa, 0x17, 0xc1,
    0x84, 0x8c, 0x36, 0xfd, 0xfc, 0x41, 0x9a, 0x59, 0x99, 0x69, 0x9d, 0x89,
    0xfd, 0xcd, 0xfe, 0xfd, 0xfc, 0xfc, 0x17, 0xfe, 0x9d, 0x89, 0x88, 0x35,
    0xfd, 0xfc, 0xfe, 0xae, 0x9e, 0x9d, 0x17, 0x89, 0x8c, 0x35, 0xdf, 0xb1,
    0x96, 0x17, 0xc1, 0xfe, 0xbb, 0xae, 0xad, 0x35, 0xd2, 0xfe, 0xac, 0x9c,
    0x9b, 0x17, 0xc1, 0xfe, 0x6d, 0x50, 0x4e, 0x98, 0x89, 0xa6, 0xb7, 0xa6,
    0xa6, 0x36, 0xca, 0xfe, 0xc7, 0xbd, 0xbe, 0x17, 0xc1, 0xfe, 0xe1, 0xdb,
    0xdc, 0x36, 0xfd, 0xfd, 0xfd, 0xfd, 0xfd, 0xd1, 0xfe, 0xb5, 0xa7, 0xa9,
    0x17, 0x8b, 0x9c, 0x36, 0xf0, 0x9c, 0x85, 0xfe, 0x35, 0x34, 0x37, 0xc0,
    0xff, 0x33, 0x33, 0x37, 0x3e, 0xff, 0x34, 0x34, 0x34, 0x1e, 0xff, 0x35,
    0x34, 0x37, 0xff, 0xc0, 0xfe, 0x62, 0x4d, 0x50, 0xa8, 0x8e, 0xe1, 0xfe,
    0xfd, 0xfd, 0xfd, 0x7f, 0xfe, 0xa6, 0x95, 0x97, 0x36, 0xfc, 0xb6, 0x74,
    0xbf, 0x84, 0xb1, 0x85, 0xa7, 0x87, 0x9d, 0x89, 0x92, 0x89, 0x85, 0x9d,
    0x81, 0x8d, 0x36, 0xc9, 0xb6, 0x85, 0xbe, 0x73, 0xb3, 0x85, 0xa7, 0x87,
    0x3c, 0x93, 0x89, 0x85, 0x9d, 0x14, 0x36, 0xc9, 0xa4, 0x88, 0xfe, 0x8e,
    0x79, 0x7b, 0xb8, 0x85, 0x3c, 0x31, 0x0f, 0x16, 0xfe, 0x80, 0x68, 0x6b,
    0x36, 0xca, 0xae, 0x86, 0x2d, 0xba, 0x73, 0xa7, 0x88, 0x94, 0x89, 0x83,
    0x9d, 0xfe, 0x79, 0x60, 0x63, 0x95, 0x8a, 0xd0, 0xb7, 0x85, 0xfe, 0xa7,
    0x97, 0x99, 0xb8, 0x74, 0xa8, 0x98, 0x9a, 0x89, 0x89, 0x8b, 0xfe, 0x87,
    0x71, 0x73, 0x36, 0xfd, 0xfd, 0xf4, 0x9b, 0x79, 0x99, 0x5a, 0x9a, 0x79,
    0xfd, 0xd0, 0xfe, 0xfd, 0xfc, 0xfc, 0x17, 0xfe, 0x9d, 0x89, 0x88, 0x35,
    0xfd, 0xfc, 0xfe, 0xae, 0x9e, 0x9d, 0x17, 0x89, 0x8c, 0x35, 0xdf, 0xb1,
    0x96, 0x17, 0xc1, 0xfe, 0xbb, 0xae, 0xad, 0x35, 0xd2, 0xfe, 0xac, 0x9c,
    0x9b, 0x17, 0xc1, 0xfe, 0x6d, 0x50, 0x4e, 0x35, 0xc0, 0x7f, 0xa7, 0x96,
    0xa7, 0xb7, 0x36, 0xc8, 0xfe, 0xc7, 0xbd, 0xbe, 0x17, 0xc1, 0xfe, 0xe1,
    0xdb, 0xdc, 0x36, 0xfd, 0xfd, 0xfd, 0xfd, 0xfd, 0xd1, 0xfe, 0xb5, 0xa7,
    0xa9, 0x17, 0x8b, 0x9c, 0x36, 0xf0, 0x9c, 0x85, 0xfe, 0x35, 0x34, 0x37,
    0xc0, 0xff, 0x33, 0x33, 0x37, 0x3e, 0xff, 0x34, 0x34, 0x34, 0x1e, 0xff,
    0x35, 0x34, 0x37, 0xff, 0xc0, 0xfe, 0x62, 0x4d, 0x50, 0xa8, 0x8e, 0xe1,
    0xfe, 0xfd, 0xfd, 0xfd, 0x7f, 0xfe, 0xa6, 0x95, 0x97, 0x36, 0xfd, 0xfd,
    0xfd, 0xfd, 0xfd, 0xcf, 0x9e, 0x78, 0x99, 0x7a, 0x99, 0x5a, 0x40, 0xfd,
    0xd2, 0xfe, 0xfd, 0xfc, 0xfc, 0x17, 0xfe, 0x9d, 0x89, 0x88, 0x35, 0xfd,
    0xfc, 0xfe, 0xae, 0x9e, 0x9d, 0x17, 0x89, 0x8c, 0x35, 0xdf, 0xb1, 0x96,
    0x17, 0xc1, 0xfe, 0xbb, 0xae, 0xad, 0x35, 0xcc, 0xbf, 0x83, 0xfe, 0xdf,
    0xd8, 0xd8, 0xc3, 0xb3, 0x74, 0x17, 0xc1, 0xfe, 0xe1, 0xdb, 0xdb, 0x0e,
    0xc2, 0xfe, 0xb7, 0xa8, 0xa7, 0xfe, 0x65, 0x47, 0x46, 0xa7, 0xa7, 0xa6,
    0xa6, 0x36, 0xc5, 0xfe, 0xc7, 0xbd, 0xbe, 0x17, 0xc1, 0xfe, 0xe1, 0xdb,
    0xdc, 0x36, 0xfd, 0xfd, 0xfd, 0xfd, 0xfd, 0xd1, 0xfe, 0xb5, 0xa7, 0xa9,
    0x17, 0x8b, 0x9c, 0x36, 0xf0, 0x9c, 0x85, 0xfe, 0x35, 0x34, 0x37, 0xc0,
    0xff, 0x33, 0x33, 0x37, 0x3e, 0xff, 0x34, 0x34, 0x34, 0x1e, 0xff, 0x35,
    0x34, 0x37, 0xff, 0xc0, 0xfe, 0x62, 0x4d, 0x50, 0xa8, 0x8e, 0xe1, 0xfe,
    0xfd, 0xfd, 0xfd, 0x7f, 0xfe, 0xa6, 0x95, 0x97, 0x36, 0xfd, 0xfd, 0xfd,
    0xfd, 0xfd, 0xcd, 0x9a, 0x7a, 0x99, 0x59, 0x9b, 0x79, 0xfd, 0xd5, 0xfe,
    0xfd, 0xfc, 0xfc, 0x17, 0xfe, 0x9d, 0x89, 0x88, 0x35, 0xfd, 0xfc, 0xfe,
    0xae, 0x9e, 0x9d, 0x17, 0x89, 0x8c, 0x35, 0xdf, 0xb1, 0x96, 0x17, 0xc1,
    0xfe, 0xbb, 0xae, 0xad, 0x35, 0xcc, 0xfe, 0x82, 0x6a, 0x68, 0x17, 0xcc,
    0xfe, 0xcd, 0xc3, 0xc2, 0x35, 0xc0, 0x7f, 0xa7, 0xa6, 0xa7, 0xa7, 0x36,
    0xc3, 0xfe, 0xc7, 0xbd, 0xbe, 0x17, 0xc1, 0xfe, 0xe1, 0xdb, 0xdc, 0x36,
    0xfd, 0xfd, 0xfd, 0xfd, 0xfd, 0xd1, 0xfe, 0xb5, 0xa7, 0xa9, 0x17, 0x8b,
    0x9c, 0x36, 0xf0, 0x9c, 0x85, 0xfe, 0x35, 0x34, 0x37, 0xc0, 0xff, 0x33,
    0x33, 0x37, 0x3e, 0xff, 0x34, 0x34, 0x34, 0x1e, 0xff, 0x35, 0x34, 0x37,
    0xff, 0xc0, 0xfe, 0x62, 0x4d, 0x50, 0xa8, 0x8e, 0xe1, 0xfe, 0xfd, 0xfd,
    0xfd, 0x7f, 0xfe, 0xa6, 0x95, 0x97, 0x36, 0xfd, 0xfd, 0xfd, 0xfd, 0xfd,
    0xca, 0x9d, 0x89, 0x9a, 0x59, 0x99, 0x6a, 0x40, 0xfd, 0xd7, 0xfe, 0xfd,
    0xfc, 0xfc, 0x17, 0xfe, 0x9d, 0x89, 0x88, 0x35, 0xfd, 0xfc, 0xfe, 0xae,
    0x9e, 0x9d, 0x17, 0x89, 0x8c, 0x35, 0xdf, 0xb1, 0x96, 0x17, 0xc1, 0xfe,
    0xbb, 0xae, 0xad, 0x35, 0xcc, 0xfe, 0x82, 0x6a, 0x68, 0x17, 0xcc, 0xfe,
    0xcd, 0xc3, 0xc2, 0x35, 0xc3, 0xa5, 0x97, 0xa7, 0xb7, 0x36, 0xc1, 0xfe,
    0xc7, 0xbd, 0xbe, 0x17, 0xc1, 0xfe, 0xe1, 0xdb, 0xdc, 0x36, 0xfd, 0xfd,
    0xfd, 0xfd, 0xfd, 0xd1, 0xfe, 0xb5, 0xa7, 0xa9, 0x17, 0x8b, 0x9c, 0x36,
    0xf0, 0x9c, 0x85, 0xfe, 0x35, 0x34, 0x37, 0xc0, 0xff, 0x33, 0x33, 0x37,
    0x3e, 0xff, 0x34, 0x34, 0x34, 0x1e, 0xff, 0x35, 0x34, 0x37, 0xff, 0xc0,
    0xfe, 0x62, 0x4d, 0x50, 0xa8, 0x8e, 0xe1, 0xfe, 0xfd, 0xfd, 0xfd, 0x7f,
    0xfe, 0xa6, 0x95, 0x97, 0x36, 0xfd, 0xfd, 0xfd, 0xfd, 0xfd, 0xc8, 0x9a,
    0x69, 0x99, 0x6a, 0x9b, 0x79, 0xfd, 0xda, 0xfe, 0xfd, 0xfc, 0xfc, 0x17,
    0xfe, 0x9d, 0x89, 0x88, 0x35, 0xfd, 0xfc, 0xfe, 0xae, 0x9e, 0x9d, 0x17,
    0x89, 0x8c, 0x35, 0xfd, 0xcb, 0xa3, 0x87, 0xa7, 0xb7, 0xa7, 0x96, 0x36,
    0xfd, 0xfd, 0xfd, 0xfd, 0xfd, 0xd6, 0xfe, 0xb5, 0xa7, 0xa9, 0x17, 0x8b,
    0x9c, 0x36, 0xf0, 0x9c, 0x85, 0x11, 0xc0, 0xff, 0x33, 0x33, 0x37, 0x3e,
    0xff, 0x34, 0x34, 0x34, 0x1e, 0xff, 0x35, 0x34, 0x37, 0xff, 0xc0, 0xfe,
    0x62, 0x4d, 0x50, 0xa8, 0x8e, 0xe1, 0xfe, 0xfd, 0xfd, 0xfd, 0x7f, 0xfe,
    0xa6, 0x95, 0x97, 0x36, 0xfd, 0xfd, 0xfd, 0xfd, 0xfd, 0xc5, 0x55, 0x9a,
    0x69, 0x97, 0x6b, 0x9e, 0x78, 0xfd, 0xdc, 0xfe, 0xfd, 0xfc, 0xfc, 0x17,
    0xfe, 0x9d, 0x89, 0x88, 0x35, 0xfd, 0xfc, 0xfe, 0xae, 0x9e, 0x9d, 0x17,
    0x89, 0x8c, 0x35, 0xfd, 0xcd, 0x7f, 0xa7, 0xa6, 0xa8, 0xa6, 0x36, 0xfd,
    0xfd, 0xfd, 0xfd, 0xfd, 0xd4, 0xfe, 0xb5, 0xa7, 0xa9, 0x17, 0x8b, 0x9c,
    0x36, 0xf0, 0x9c, 0x85, 0x11, 0xc0, 0xff, 0x33, 0x33, 0x37, 0x3e, 0xff,
    0x34, 0x34, 0x34, 0x1e, 0xff, 0x35, 0x34, 0x37, 0xff, 0xc0, 0xfe, 0x62,
    0x4d, 0x50, 0xa8, 0x8e, 0xe1, 0xfe, 0xfd, 0xfd, 0xfd, 0x7f, 0xfe, 0xa6,
    0x95, 0x97, 0x36, 0xfd, 0xfd, 0xfd, 0xfd, 0xfd, 0xc3, 0x45, 0x98, 0x7a,
    0x99, 0x59, 0x41, 0xfd, 0xde, 0xfe, 0xfd, 0xfc, 0xfc, 0x17, 0xfe, 0x9d,
    0x89, 0x88, 0x35, 0xfd, 0xfc, 0xfe, 0xae, 0x9e, 0x9d, 0x17, 0x89, 0x8c,
    0x35, 0xfd, 0xd0, 0xa6, 0xa7, 0xa8, 0xa6, 0x36, 0xfd, 0xfd, 0xfd, 0xfd,
    0xfd, 0xd2, 0xfe, 0xb5, 0xa7, 0xa9, 0x17, 0x8b, 0x9c, 0x36, 0xf0, 0x9c,
    0x85, 0x11, 0xc0, 0xff, 0x33, 0x33, 0x37, 0x3e, 0xff, 0x34, 0x34, 0x34,
    0x1e, 0xff, 0x35, 0x34, 0x37, 0xff, 0xc0, 0xfe, 0x62, 0x4d, 0x50, 0xa8,
    0x8e, 0xe1, 0xfe, 0xf9, 0xf9, 0xf9, 0xa5, 0x88, 0xfe, 0xa8, 0x98, 0x9a,
    0x36, 0xfd, 0xfd, 0xfd, 0xfd, 0xfd, 0xc1, 0x41, 0x98, 0x59, 0x99, 0x6a,
    0x55, 0xfd, 0xdf, 0xa2, 0x88, 0x17, 0xc0, 0xfe, 0x99, 0x85, 0x84, 0x35,
    0xfd, 0xfc, 0xfe, 0xab, 0x9a, 0x99, 0x17, 0x8d, 0x8c, 0x35, 0xfd, 0xd2,
    0xa5, 0x97, 0xa8, 0xb6, 0x36, 0xfd, 0xfd, 0xfd, 0xfd, 0xfd, 0xd0, 0xfe,
    0xb9, 0xab, 0xad, 0x17, 0x88, 0x8c, 0x36, 0xf0, 0x9c, 0x85, 0x11, 0xc0,
    0xff, 0x33, 0x33, 0x37, 0x3e, 0xff, 0x34, 0x34, 0x34, 0x1e, 0xff, 0x35,
    0x34, 0x37, 0xff, 0xc0, 0xfe, 0x62, 0x4d, 0x50, 0xa8, 0x8e, 0xe1, 0xfe,
    0xf2, 0xf0, 0xf0, 0xae, 0x86, 0xfe, 0xb1, 0xa2, 0xa4, 0x36, 0xfd, 0xfd,
    0xfd, 0xfd, 0xfd, 0x41, 0x98, 0x59, 0x99, 0x5a, 0x65, 0xfd, 0xe1, 0xac,
    0x86, 0x17, 0xc0, 0xfe, 0x91, 0x7b, 0x7a, 0x35, 0xfd, 0xfc, 0xfe, 0xa2,
    0x90, 0x8f, 0x17, 0x98, 0x8a, 0x35, 0xfd, 0xd4, 0xa4, 0x97, 0xa8, 0xa6,
    0x36, 0xfd, 0xfd, 0xfd, 0xfd, 0xfd, 0xce, 0xfe, 0xc1, 0xb5, 0xb7, 0x17,
    0xfe, 0xe2, 0xdd, 0xdd, 0x36, 0xf0, 0x9c, 0x85, 0x11, 0xc0, 0xff, 0x33,
    0x33, 0x37, 0x3e, 0xff, 0x34, 0x34, 0x34, 0x1e, 0xff, 0x35, 0x34, 0x37,
    0xff, 0xc0, 0xfe, 0x62, 0x4d, 0x50, 0xa8, 0x8e, 0xe1, 0xfe, 0xe1, 0xdc,
    0xdd, 0xfe, 0xfe, 0xfe, 0xfe, 0xfe, 0xc4, 0xb9, 0xbb, 0x36, 0xfd, 0xfd,
    0xfd, 0xfd, 0xfb, 0x41, 0x98, 0x59, 0x99, 0x5a, 0x65, 0xfd, 0xe3, 0xfe,
    0x82, 0x69, 0x67, 0x17, 0xc0, 0xfe, 0x7f, 0x65, 0x64, 0x35, 0xfd, 0xfc,
    0xfe, 0x91, 0x7b, 0x79, 0x17, 0xc0, 0xfe, 0x70, 0x54, 0x52, 0x35, 0xfd,
    0xd5, 0xa3, 0x87, 0xa8, 0xa6, 0xa6, 0xb7, 0x36, 0xfd, 0xfd, 0xfd, 0xfd,
    0xfd, 0xcb, 0xfe, 0xd4, 0xcc, 0xcd, 0x17, 0xfe, 0xd2, 0xc9, 0xca, 0x36,
    0xf0, 0x9c, 0x85, 0x11, 0xc0, 0xff, 0x33, 0x33, 0x37, 0x3e, 0xff, 0x34,
    0x34, 0x34, 0x1e, 0xff, 0x35, 0x34, 0x37, 0xff, 0xc0, 0xfe, 0x62, 0x4d,
    0x50, 0xa8, 0x8e, 0xe1, 0xfe, 0xcb, 0xc1, 0xc2, 0xfe, 0xfe, 0xfe, 0xfe,
    0xfe, 0xe0, 0xdb, 0xdb, 0x36, 0xfd, 0xfd, 0xfd, 0xfd, 0xf9, 0x41, 0x98,
    0x59, 0x99, 0x5a, 0x65, 0xfd, 0xe5, 0xfe, 0xa1, 0x8e, 0x8d, 0x17, 0x40,
    0xfe, 0x68, 0x4a, 0x48, 0x35, 0xfd, 0xfc, 0xb9, 0x84, 0xfe, 0xfe, 0xfe,
    0xfe, 0xc0, 0xfe, 0x8f, 0x79, 0x78, 0x35, 0xfd, 0xd7, 0x7f, 0xa8, 0xa6,
    0x1f, 0x36, 0xfd, 0xfd, 0xfd, 0xfd, 0xfd, 0xc9, 0xfe, 0xf0, 0xed, 0xee,
    0x17, 0xfe, 0xba, 0xad, 0xaf, 0x36, 0xf0, 0x9c, 0x85, 0x11, 0xc0, 0xff,
    0x33, 0x33, 0x37, 0x3e, 0xff, 0x34, 0x34, 0x34, 0x1e, 0xff, 0x35, 0x34,
    0x37, 0xff, 0xc0, 0xfe, 0x62, 0x4d, 0x50, 0xa8, 0x8e, 0xe1, 0xfe, 0xa8,
    0x97, 0x99, 0xfe, 0xfe, 0xfe, 0xfe, 0x55, 0xfe, 0x7a, 0x61, 0x64, 0x36,
    0xfd, 0xfd, 0xfd, 0xfd, 0xf6, 0x56, 0x99, 0x59, 0x97, 0x6a, 0x55, 0xfd,
    0xe7, 0xfe, 0xcb, 0xc1, 0xc0, 0x17, 0xfe, 0xdc, 0xd5, 0xd5, 0x35, 0xfd,
    0xfd, 0xc0, 0xfe, 0xed, 0xea, 0xea, 0x17, 0xfe, 0xba, 0xac, 0xab, 0x35,
    0xfd, 0xd9, 0x6f, 0xa6, 0xb7, 0xa8, 0xa6, 0x36, 0xfd, 0xfd, 0xfd, 0xfd,
    0xfd, 0xc6, 0xbd, 0x84, 0x17, 0xc0, 0xfe, 0x98, 0x84, 0x86, 0x36, 0xf0,
    0x9c, 0x85, 0x11, 0xc0, 0xff, 0x33, 0x33, 0x37, 0x3e, 0xff, 0x34, 0x34,
    0x34, 0x1e, 0xff, 0x35, 0x34, 0x37, 0xff, 0xc0, 0xfe, 0x62, 0x4d, 0x50,
    0xa8, 0x8e, 0xe1, 0xb2, 0x86, 0xfe, 0xfd, 0xfd, 0xfd, 0x7f, 0xfe, 0xab,
    0x9b, 0x9c, 0xfe, 0x70, 0x55, 0x58, 0xfd, 0xfd, 0xfd, 0xfd, 0xf5, 0x9b,
    0x69, 0x96, 0x5a, 0x9d, 0x89, 0xfd, 0xe8, 0xab, 0x86, 0xfe, 0xf9, 0xf8,
    0xf8, 0x17, 0xfe, 0xaf, 0x9f, 0x9e, 0x35, 0xfd, 0xfd, 0xc0, 0xfe, 0xc0,
    0xb3, 0xb3, 0x17, 0x8d, 0x8c, 0xfe, 0x64, 0x45, 0x43, 0x35, 0xfd, 0xdb,
    0xa5, 0xa7, 0xa9, 0x96, 0x36, 0xfd, 0xfd, 0xfd, 0xfd, 0xfd, 0xc4, 0xfe,
    0xba, 0xad, 0xaf, 0x17, 0x98, 0x89, 0xfe, 0x76, 0x5b, 0x5e, 0x36, 0xf0,
    0x9c, 0x85, 0x11, 0xc0, 0xff, 0x33, 0x33, 0x37, 0x3e, 0xff, 0x34, 0x34,
    0x34, 0x1e, 0xff, 0x35, 0x34, 0x37, 0xff, 0xc0, 0xfe, 0x62, 0x4d, 0x50,
    0xa8, 0x8e, 0xe2, 0xfe, 0xd8, 0xd1, 0xd2, 0xfe, 0xfe, 0xfe, 0xfe, 0x85,
    0x8c, 0xfe, 0x71, 0x56, 0x59, 0x36, 0xfd, 0xfd, 0xfd, 0xfd, 0xf2, 0x9d,
    0x79, 0x96, 0x5a, 0x9b, 0x79, 0xfd, 0xea, 0xfe, 0xa9, 0x98, 0x97, 0x17,
    0x55, 0xfe, 0x76, 0x5b, 0x59, 0x35, 0xfd, 0xfd, 0xc0, 0xfe, 0x87, 0x6f,
    0x6d, 0x17, 0xc0, 0xfe, 0x98, 0x84, 0x82, 0x35, 0xfd, 0xdd, 0xa4, 0x97,
    0xa9, 0xb6, 0x36, 0xfd, 0xfd, 0xfd, 0xfd, 0xfd, 0xc1, 0xa6, 0x88, 0xfe,
    0xf2, 0xf0, 0xf0, 0x17, 0xfe, 0xc9, 0xbf, 0xc0, 0x36, 0xf1, 0x9c, 0x85,
    0xfe, 0x35, 0x34, 0x37, 0xc0, 0xff, 0x33, 0x33, 0x37, 0x3e, 0xff, 0x34,
    0x34, 0x34, 0x1e, 0xff, 0x35, 0x34, 0x37, 0xff, 0xc0, 0xfe, 0x62, 0x4d,
    0x50, 0xa8, 0x8e, 0xe2, 0xfe, 0x99, 0x86, 0x88, 0xfe, 0xfe, 0xfe, 0xfe,
    0xc0, 0xfe, 0xa4, 0x93, 0x95, 0x36, 0xfd, 0xfd, 0xfd, 0xfd, 0xf1, 0x97,
    0x6a, 0x97, 0x5a, 0xfd, 0xeb, 0xac, 0x86, 0xfe, 0xf1, 0xee, 0xee, 0x17,
    0xfe, 0xcc, 0xc2, 0xc1, 0x35, 0xfd, 0xfd, 0xc2, 0xfe, 0xde, 0xd7, 0xd7,
    0x17, 0x83, 0x8d, 0xfe, 0x66, 0x47, 0x45, 0x35, 0xfd, 0xde, 0xa6, 0x97,
    0xab, 0xb5, 0x36, 0xfd, 0xfd, 0xfd, 0xfd, 0xfd, 0xfe, 0xb4, 0xa5, 0xa7,
    0x17, 0xc0, 0xfe, 0x8a, 0x74, 0x77, 0x36, 0xf1, 0x9c, 0x85, 0x11, 0xc0,
    0xff, 0x33, 0x33, 0x37, 0x3e, 0xff, 0x34, 0x34, 0x34, 0x1e, 0xff, 0x35,
    0x34, 0x37, 0xff, 0xc0, 0xfe, 0x62, 0x4d, 0x50, 0xa8, 0x8e, 0xe3, 0xfe,
    0xdf, 0xd9, 0xd9, 0xfe, 0xfe, 0xfe, 0xfe, 0x91, 0x8a, 0xfe, 0x7b, 0x62,
    0x65, 0x36, 0xfd, 0xfd, 0xfd, 0xfd, 0xef, 0x95, 0x4a, 0x99, 0x7a, 0xfd,
    0xec, 0xfe, 0xbf, 0xb3, 0xb2, 0x17, 0x41, 0xfe, 0x7f, 0x65, 0x64, 0x35,
    0xfd, 0xfd, 0xc2, 0xfe, 0x8d, 0x77, 0x76, 0x17, 0xc0, 0xfe, 0xae, 0x9e,
    0x9d, 0x35, 0xfd, 0xdf, 0xa2, 0x88, 0xac, 0xc5, 0x36, 0xfd, 0xfd, 0xfd,
    0xfd, 0xfb, 0xb8, 0x74, 0xfe, 0xf8, 0xf7, 0xf7, 0x17, 0xfe, 0xd0, 0xc7,
    0xc8, 0x36, 0xf2, 0x9c, 0x85, 0x11, 0xc0, 0xff, 0x33, 0x33, 0x37, 0x3e,
    0xff, 0x34, 0x34, 0x34, 0x1e, 0xff, 0x35, 0x34, 0x37, 0xff, 0xc0, 0xfe,
    0x62, 0x4d, 0x50, 0xa8, 0x8e, 0xe3, 0xfe, 0x8b, 0x75, 0x78, 0xfe, 0xfc,
    0xfc, 0xfc, 0xa2, 0x88, 0xfe, 0xd6, 0xcf, 0xcf, 0xfe, 0x72, 0x57, 0x5a,
    0x36, 0xfd, 0xfd, 0xfd, 0xfd, 0xec, 0x55, 0x94, 0x4b, 0x9b, 0x79, 0xfd,
    0xec, 0xfe, 0x97, 0x83, 0x81, 0x17, 0xc0, 0xfe, 0xba, 0xad, 0xac, 0x35,
    0xfd, 0xfd, 0xc4, 0xfe, 0xcc, 0xc2, 0xc1, 0x17, 0x39, 0xfe, 0x89, 0x71,
    0x70, 0x35, 0xfd, 0xe0, 0xaa, 0xb6, 0x36, 0xfd, 0xfd, 0xfd, 0xfd, 0xf9,
    0xa6, 0x88, 0xfe, 0xe3, 0xdd, 0xde, 0x17, 0x99, 0x89, 0xfe, 0x80, 0x68,
    0x6b, 0x36, 0xf2, 0x9c, 0x85, 0x11, 0xc0, 0xff, 0x33, 0x33, 0x37, 0x3e,
    0xff, 0x34, 0x34, 0x34, 0x1e, 0xff, 0x35, 0x34, 0x37, 0xff, 0xc0, 0xfe,
    0x62, 0x4d, 0x50, 0xa8, 0x8e, 0xe4, 0xfe, 0xb3, 0xa5, 0xa6, 0xfe, 0xfe,
    0xfe, 0xfe, 0xc0, 0xfe, 0xc7, 0xbc, 0xbd, 0xfe, 0x71, 0x56, 0x59, 0x36,
    0xfd, 0xfd, 0xfd, 0xfd, 0xea, 0x41, 0x94, 0x3a, 0x9c, 0x89, 0xfd, 0xec,
    0xfe, 0x8a, 0x73, 0x71, 0xfe, 0xfa, 0xf9, 0xf9, 0x17, 0xfe, 0xe3, 0xdd,
    0xdd, 0xfe, 0x67, 0x49, 0x47, 0x35, 0xfd, 0xfd, 0xc4, 0xaf, 0x86, 0xfe,
    0xee, 0xeb, 0xea, 0x17, 0x94, 0x8a, 0xfe, 0x7e, 0x65, 0x63, 0x35, 0xfd,
    0xe0, 0xa6, 0xa7, 0xab, 0xa5, 0x36, 0xfd, 0xfd, 0xfd, 0xfd, 0xf6, 0xa4,
    0x87, 0xfe, 0xd4, 0xcc, 0xcd, 0x17, 0xc0, 0xfe, 0xa3, 0x92, 0x94, 0x36,
    0xf3, 0x9c, 0x85, 0x11, 0xc0, 0xff, 0x33, 0x33, 0x37, 0x3e, 0xff, 0x34,
    0x34, 0x34, 0x1e, 0xff, 0x35, 0x34, 0x37, 0xff, 0xc0, 0xfe, 0x62, 0x4d,
    0x50, 0xa8, 0x8e, 0xe4, 0x7f, 0xfe, 0xce, 0xc5, 0xc6, 0xfe, 0xfe, 0xfe,
    0xfe, 0xc0, 0xfe, 0xcc, 0xc3, 0xc4, 0xfe, 0x74, 0x5a, 0x5d, 0x36, 0xfd,
    0xfd, 0xfd, 0xfd, 0xe8, 0x9d, 0x79, 0x93, 0x4b, 0x40, 0xfd, 0xec, 0xfe,
    0x95, 0x80, 0x7f, 0xfe, 0xf9, 0xf8, 0xf8, 0x17, 0x90, 0x8b, 0xfe, 0x78,
    0x5d, 0x5c, 0x35, 0xfd, 0xfd, 0xc6, 0xfe, 0x83, 0x6b, 0x69, 0xfe, 0xf7,
    0xf6, 0xf6, 0x17, 0x94, 0x8a, 0xfe, 0x89, 0x71, 0x70, 0x35, 0xfd, 0xe0,
    0xa2, 0x87, 0xaa, 0xb6, 0x36, 0xfd, 0xfd, 0xfd, 0xfd, 0xf4, 0xaa, 0x86,
    0xfe, 0xd8, 0xd1, 0xd1, 0x17, 0xc0, 0xfe, 0xbf, 0xb3, 0xb4, 0x36, 0xf4,
    0x9c, 0x85, 0x11, 0xc0, 0xff, 0x33, 0x33, 0x37, 0x3e, 0xff, 0x34, 0x34,
    0x34, 0x1e, 0xff, 0x35, 0x34, 0x37, 0xff, 0xc0, 0xfe, 0x62, 0x4d, 0x50,
    0xa8, 0x8e, 0xe5, 0xa4, 0x87, 0xfe, 0xd3, 0xcb, 0xcc, 0xfe, 0xfe, 0xfe,
    0xfe, 0xc0, 0x81, 0x8d, 0xfe, 0x89, 0x73, 0x75, 0x36, 0xfd, 0xfd, 0xfd,
    0xfd, 0xe6, 0x9c, 0x69, 0x93, 0x5b, 0x55, 0xfd, 0xeb, 0xa7, 0x87, 0xfe,
    0xb9, 0xab, 0xaa, 0xfe, 0xfe, 0xfe, 0xfe, 0xc0, 0x91, 0x8b, 0xfe, 0x80,
    0x67, 0x65, 0x35, 0xfd, 0xfd, 0xc8, 0xfe, 0x8c, 0x75, 0x73, 0xfe, 0xf8,
    0xf6, 0xf6, 0x17, 0x40, 0xfe, 0xad, 0x9d, 0x9c, 0xfe, 0x65, 0x46, 0x44,
    0x35, 0xfd, 0xe0, 0xa5, 0x97, 0xab, 0xb5, 0x36, 0xfd, 0xfd, 0xfd, 0xfd,
    0xf1, 0xfe, 0x91, 0x7c, 0x7e, 0xfe, 0xeb, 0xe7, 0xe8, 0x17, 0xc0, 0xfe,
    0xc6, 0xbb, 0xbc, 0x36, 0xf5, 0x9c, 0x85, 0x11, 0xc0, 0xff, 0x33, 0x33,
    0x37, 0x3e, 0xff, 0x34, 0x34, 0x34, 0x1e, 0xff, 0x35, 0x34, 0x37, 0xff,
    0xc0, 0xfe, 0x62, 0x4d, 0x50, 0xa8, 0x8e, 0xe6, 0xa2, 0x88, 0xfe, 0xc5,
    0xbb, 0xbc, 0xfe, 0xfe, 0xfe, 0xfe, 0xc0, 0x40, 0xfe, 0xc4, 0xb9, 0xba,
    0xfe, 0x81, 0x69, 0x6b, 0x36, 0xfd, 0xfd, 0xfd, 0xfd, 0xe3, 0x9a, 0x69,
    0x95, 0x4b, 0x65, 0xfd, 0xea, 0xa4, 0x88, 0xfe, 0x9f, 0x8c, 0x8b, 0xfe,
    0xec, 0xe8, 0xe8, 0x17, 0xc0, 0x85, 0x7c, 0xfe, 0x7a, 0x5f, 0x5e, 0x35,
    0xfd, 0xfd, 0xca, 0xfe, 0x84, 0x6b, 0x6a, 0xfe, 0xef, 0xeb, 0xeb, 0x17,
    0xc0, 0x82, 0x8d, 0xfe, 0x97, 0x82, 0x81, 0xfe, 0x63, 0x44, 0x42, 0x35,
    0xfd, 0xdf, 0x04, 0xa9, 0xb6, 0x36, 0xfd, 0xfd, 0xfd, 0xfd, 0xee, 0xba,
    0x84, 0xfe, 0xcc, 0xc2, 0xc3, 0x17, 0xc0, 0x55, 0xfe, 0xb9, 0xab, 0xad,
    0x36, 0xf6, 0x9c, 0x85, 0x11, 0xc0, 0xff, 0x33, 0x33, 0x37, 0x3e, 0xff,
    0x34, 0x34, 0x34, 0x1e, 0xff, 0x35, 0x34, 0x37, 0xff, 0xc0, 0xfe, 0x62,
    0x4d, 0x50, 0xa8, 0x8e, 0xe8, 0xfe, 0xa2, 0x91, 0x93, 0xfe, 0xf3, 0xf1,
    0xf1, 0xad, 0x86, 0xc0, 0x55, 0xfe, 0xd7, 0xcf, 0xd0, 0xfe, 0xab, 0x9b,
    0x9d, 0xfe, 0x88, 0x71, 0x74, 0x87, 0x8c, 0x36, 0xfd, 0xfd, 0xfd, 0xfd,
    0xde, 0x98, 0x6a, 0x96, 0x5a, 0xfd, 0xe9, 0xb1, 0x96, 0xfe, 0x92, 0x7c,
    0x7b, 0xfe, 0xbe, 0xb1, 0xb0, 0xfe, 0xf2, 0xf0, 0xf0, 0x17, 0xc1, 0xfe,
    0xc2, 0xb6, 0xb6, 0xfe, 0x6a, 0x4c, 0x4a, 0x97, 0x89, 0xfd, 0xfd, 0xcc,
    0xb0, 0x85, 0xfe, 0xce, 0xc4, 0xc4, 0x17, 0xc1, 0x8c, 0x8b, 0xfe, 0xb8,
    0xab, 0xaa, 0xfe, 0x8d, 0x77, 0x76, 0xfe, 0x6e, 0x51, 0x50, 0x35, 0xfd,
    0xde, 0xa4, 0x97, 0xac, 0xb5, 0x36, 0xfd, 0xfd, 0xfd, 0xfd, 0xe8, 0xa4,
    0x88, 0xbc, 0x83, 0xfe, 0xaf, 0xa0, 0xa2, 0xfe, 0xdc, 0xd5, 0xd6, 0x17,
    0xc1, 0x8d, 0x8b, 0xfe, 0x98, 0x84, 0x86, 0x36, 0xf7, 0x9c, 0x85, 0xfe,
    0x35, 0x34, 0x37, 0xc0, 0xff, 0x33, 0x33, 0x37, 0x3e, 0xff, 0x34, 0x34,
    0x34, 0x1e, 0xff, 0x35, 0x34, 0x37, 0xff, 0xc0, 0xfe, 0x62, 0x4d, 0x50,
    0xa8, 0x8e, 0xe9, 0xac, 0x87, 0xfe, 0xbf, 0xb3, 0xb5, 0xfe, 0xf8, 0xf7,
    0xf7, 0xa7, 0x87, 0xc2, 0x9d, 0x89, 0x94, 0x89, 0x98, 0x9a, 0x59, 0xfd,
    0xfd, 0xfd, 0xfd, 0xdb, 0x41, 0x55, 0xfd, 0xe8, 0xa4, 0x88, 0xad, 0x86,
    0x17, 0xc3, 0xfe, 0xd6, 0xce, 0xcd, 0xfe, 0x86, 0x6e, 0x6d, 0xfe, 0x62,
    0x43, 0x41, 0xfd, 0xfd, 0xd0, 0xfe, 0x8f, 0x79, 0x78, 0xfe, 0xdf, 0xd9,
    0xd9, 0x17, 0xc3, 0x95, 0x8a, 0x29, 0x2d, 0xfd, 0xdd, 0x6b, 0xa2, 0x87,
    0x13, 0xfd, 0xfd, 0xfd, 0xfd, 0xe5, 0x7f, 0xa8, 0x87, 0xad, 0x86, 0x17,
    0xc2, 0x00, 0xfe, 0xb7, 0xaa, 0xab, 0xfe, 0x76, 0x5c, 0x5f, 0x36, 0xf8,
    0x9c, 0x85, 0x11, 0xc0, 0xff, 0x33, 0x33, 0x37, 0x3e, 0xff, 0x34, 0x34,
    0x34, 0x1e, 0xff, 0x35, 0x34, 0x37, 0xff, 0xc0, 0xfe, 0x62, 0x4d, 0x50,
    0xa8, 0x8e, 0xeb, 0xad, 0x86, 0xfe, 0xad, 0x9e, 0xa0, 0xfe, 0xde, 0xd8,
    0xd9, 0xfe, 0xfc, 0xfb, 0xfb, 0xa3, 0x87, 0xfd, 0xfd, 0xfd, 0xfd, 0xfd,
    0xfd, 0xd0, 0x89, 0x8c, 0xfe, 0xbc, 0xaf, 0xae, 0xfe, 0x81, 0x68, 0x67,
    0xfe, 0x62, 0x43, 0x41, 0xfd, 0xfd, 0xd4, 0xfe, 0x89, 0x71, 0x70, 0xfe,
    0xc2, 0xb6, 0xb6, 0xfe, 0xef, 0xec, 0xec, 0x17, 0xfd, 0xfd, 0xfd, 0xfd,
    0xfd, 0xfd, 0xd0, 0x9b, 0x89, 0xfe, 0xda, 0xd3, 0xd3, 0xfe, 0xa8, 0x97,
    0x99, 0xfe, 0x77, 0x5d, 0x60, 0x36, 0xfa, 0x9c, 0x85, 0x11, 0xc0, 0xff,
    0x33, 0x33, 0x37, 0x3e, 0xff, 0x34, 0x34, 0x34, 0x1e, 0xff, 0x35, 0x34,
    0x37, 0xff, 0xc0, 0xfe, 0x62, 0x4d, 0x50, 0xa8, 0x8e, 0xee, 0xa8, 0x87,
    0xbe, 0x83, 0xb9, 0x74, 0xad, 0x76, 0xa8, 0x86, 0x7f, 0xfd, 0xfd, 0xfd,
    0xfd, 0xd8, 0x56, 0x9a, 0x69, 0x40, 0xfd, 0xea, 0x9a, 0x8a, 0x95, 0x89,
    0x88, 0x7c, 0x80, 0x8e, 0x8b, 0x8b, 0xfd, 0xfd, 0xda, 0xba, 0x83, 0xbe,
    0x84, 0xb7, 0x94, 0xab, 0x86, 0x0a, 0xfd, 0xe0, 0xa4, 0x97, 0x09, 0xfd,
    0xfd, 0xfd, 0xfd, 0xe3, 0x51, 0x10, 0x91, 0x9a, 0x86, 0x8d, 0x82, 0x9c,
    0x36, 0xfd, 0x9c, 0x85, 0xfe, 0x35, 0x34, 0x37, 0xc0, 0xff, 0x33, 0x33,
    0x37, 0x3e, 0xff, 0x34, 0x34, 0x34, 0x1e, 0xff, 0x35, 0x34, 0x37, 0xff,
    0xc0, 0xfe, 0x62, 0x4d, 0x50, 0xa8, 0x8e, 0xfd, 0xfd, 0xfd, 0xfd, 0xfd,
    0xce, 0x9e, 0x78, 0x93, 0x4b, 0x9d, 0x89, 0xfd, 0xfd, 0xfd, 0xfd, 0xfd,
    0xf4, 0xa6, 0x97, 0xab, 0xc6, 0x36, 0xfd, 0xfd, 0xfd, 0xfd, 0xfd, 0xe7,
    0x9c, 0x85, 0x11, 0xc0, 0xff, 0x33, 0x33, 0x37, 0x3e, 0xff, 0x34, 0x34,
    0x34, 0x1e, 0xff, 0x35, 0x34, 0x37, 0xff, 0xc0, 0xfe, 0x62, 0x4d, 0x50,
    0xa8, 0x8e, 0xfd, 0xfd, 0xfd, 0xfd, 0xfd, 0xcd, 0x9c, 0x79, 0x94, 0x4b,
    0x40, 0xfd, 0xfd, 0xfd, 0xfd, 0xfd, 0xf6, 0xa5, 0x97, 0xac, 0xc6, 0x36,
    0xfd, 0xfd, 0xfd, 0xfd, 0xfd, 0xe6, 0x9c, 0x85, 0x11, 0xc0, 0xff, 0x33,
    0x33, 0x37, 0x3e, 0xff, 0x34, 0x34, 0x34, 0x1e, 0xff, 0x35, 0x34, 0x37,
    0xff, 0xc0, 0xfe, 0x62, 0x4d, 0x50, 0xa8, 0x8e, 0xfd, 0xfd, 0xfd, 0xfd,
    0xfd, 0xcc, 0x9b, 0x69, 0x94, 0x5b, 0x55, 0xfd, 0xfd, 0xfd, 0xfd, 0xfd,
    0xf8, 0xa5, 0x97, 0xac, 0xc6, 0x36, 0xfd, 0xfd, 0xfd, 0xfd, 0xfd, 0xe5,
    0x9c, 0x85, 0x11, 0xc0, 0xff, 0x33, 0x33, 0x37, 0x3e, 0xff, 0x34, 0x34,
    0x34, 0x1e, 0xff, 0x35, 0x34, 0x37, 0xff, 0xc0, 0xfe, 0x62, 0x4d, 0x50,
    0xa8, 0x8e, 0xfd, 0xfd, 0xfd, 0xfd, 0xfd, 0xcb, 0x99, 0x6a, 0x95, 0x5a,
    0xfd, 0xfd, 0xfd, 0xfd, 0xfd, 0xfb, 0xa5, 0x97, 0xac, 0xc6, 0x36, 0xfd,
    0xfd, 0xfd, 0xfd, 0xfd, 0xe4, 0x9c, 0x85, 0x11, 0xc0, 0xff, 0x33, 0x33,
    0x37, 0x3e, 0xff, 0x34, 0x34, 0x34, 0x1e, 0xff, 0x35, 0x34, 0x37, 0xff,
    0xc0, 0xfe, 0x62, 0x4d, 0x50, 0xa8, 0x8e, 0xfd, 0xfd, 0xfd, 0xfd, 0xfd,
    0xca, 0x97, 0x5a, 0x97, 0x6a, 0xfd, 0xfd, 0xfd, 0xfd, 0xfd, 0xfd, 0xa6,
    0x97, 0x36, 0xfd, 0xfd, 0xfd, 0xfd, 0xfd, 0xe4, 0x9c, 0x85, 0x11, 0xc0,
    0xff, 0x33, 0x33, 0x37, 0x3e, 0xff, 0x34, 0x34, 0x34, 0x1e, 0xff, 0x35,
    0x34, 0x37, 0xff, 0xc0, 0xfe, 0x62, 0x4d, 0x50, 0xa8, 0x8e, 0xfd, 0xfd,
    0xfd, 0xfd, 0xfd, 0xc9, 0x95, 0x5b, 0x99, 0x69, 0xfd, 0xfd, 0xfd, 0xfd,
    0xfd, 0xfd, 0xc1, 0xa8, 0x96, 0x36, 0xfd, 0xfd, 0xfd, 0xfd, 0xfd, 0xe3,
    0x9c, 0x85, 0x11, 0xc0, 0xff, 0x33, 0x33, 0x37, 0x3e, 0xff, 0x34, 0x34,
    0x34, 0x1e, 0xff, 0x35, 0x34, 0x37, 0xff, 0xc0, 0xfe, 0x62, 0x4d, 0x50,
    0xa8, 0x8e, 0xfd, 0xfd, 0xfd, 0xfd, 0xfd, 0xc7, 0x55, 0x94, 0x4b, 0x9b,
    0x79, 0xfd, 0xfd, 0xfd, 0xfd, 0xfd, 0xfd, 0xc3, 0xaa, 0xa6, 0x36, 0xfd,
    0xfd, 0xfd, 0xfd, 0xfd, 0xe2, 0x9c, 0x85, 0x11, 0xc0, 0xff, 0x33, 0x33,
    0x37, 0x3e, 0xff, 0x34, 0x34, 0x34, 0x1e, 0xff, 0x35, 0x34, 0x37, 0xff,
    0xc0, 0xfe, 0x62, 0x4d, 0x50, 0xa8, 0x8e, 0xfd, 0xfd, 0xfd, 0xfd, 0xfd,
    0xc6, 0x41, 0x94, 0x3a, 0x9c, 0x89, 0xfd, 0xfd, 0xfd, 0xfd, 0xfd, 0xfd,
    0xc5, 0xac, 0xc6, 0x36, 0xfd, 0xfd, 0xfd, 0xfd, 0xfd, 0xe1, 0x9c, 0x85,
    0x11, 0xc0, 0xff, 0x33, 0x33, 0x37, 0x3e, 0xff, 0x34, 0x34, 0x34, 0x1e,
    0xff, 0x35, 0x34, 0x37, 0xff, 0xc0, 0xfe, 0x62, 0x4d, 0x50, 0xa8, 0x8e,
    0xfd, 0xfd, 0xfd, 0xfd, 0xfd, 0xc5, 0x9d, 0x79, 0x93, 0x5b, 0x9e, 0x78,
    0xfd, 0xfd, 0xfd, 0xfd, 0xfd, 0xfd, 0xc6, 0x7f, 0xad, 0xc5, 0x36, 0xfd,
    0xfd, 0xfd, 0xfd, 0xfd, 0xe0, 0x9c, 0x85, 0x11, 0xc0, 0xff, 0x33, 0x33,
    0x37, 0x3e, 0xff, 0x34, 0x34, 0x34, 0x1e, 0xff, 0x35, 0x34, 0x37, 0xff,
    0xc0, 0xfe, 0x62, 0x4d, 0x50, 0xa8, 0x8e, 0xef, 0xae, 0x86, 0xb9, 0x74,
    0xad, 0x86, 0xa8, 0x86, 0x7f, 0xfd, 0xfd, 0xfd, 0xfd, 0xcd, 0x9d, 0x89,
    0x98, 0x5a, 0x55, 0xfd, 0xf5, 0x9b, 0x78, 0x95, 0x8a, 0x87, 0x9d, 0x89,
    0x7b, 0x9d, 0x89, 0xfd, 0xfd, 0xda, 0xa4, 0x88, 0xb9, 0x93, 0xb8, 0x74,
    0xaa, 0x97, 0x18, 0xfd, 0xe9, 0xa2, 0x88, 0xa9, 0xb6, 0x00, 0xfd, 0xfd,
    0xfd, 0xfd, 0xd9, 0x41, 0x07, 0x91, 0x8a, 0x86, 0x9c, 0x95, 0x8a, 0xfd,
    0xc0, 0x9c, 0x85, 0xfe, 0x35, 0x34, 0x37, 0xc0, 0xff, 0x33, 0x33, 0x37,
    0x3e, 0xff, 0x34, 0x34, 0x34, 0x1e, 0xff, 0x35, 0x34, 0x37, 0xff, 0xc0,
    0xfe, 0x62, 0x4d, 0x50, 0xa8, 0x8e, 0xeb, 0xa2, 0x88, 0xfe, 0x99, 0x86,
    0x88, 0xfe, 0xca, 0xc0, 0xc1, 0xfe, 0xef, 0xec, 0xec, 0xb2, 0x85, 0xfd,
    0xfd, 0xfd, 0xfd, 0xfd, 0xfd, 0xcf, 0x99, 0x89, 0xfe, 0xd5, 0xcc, 0xcc,
    0xfe, 0xa6, 0x94, 0x93, 0xfe, 0x6f, 0x52, 0x50, 0x91, 0x8a, 0xfd, 0xfd,
    0xd4, 0xb6, 0x84, 0xfe, 0xac, 0x9c, 0x9b, 0xfe, 0xda, 0xd2, 0xd2, 0xfe,
    0xfb, 0xfa, 0xfa, 0x17, 0xfd, 0xfd, 0xfd, 0xfd, 0xfd, 0xfd, 0xcf, 0x89,
    0x8b, 0xfe, 0xc5, 0xbb, 0xbc, 0xfe, 0x94, 0x7f, 0x82, 0x36, 0xfb, 0x9c,
    0x85, 0x11, 0xc0, 0xff, 0x33, 0x33, 0x37, 0x3e, 0xff, 0x34, 0x34, 0x34,
    0x1e, 0xff, 0x35, 0x34, 0x37, 0xff, 0xc0, 0xfe, 0x62, 0x4d, 0x50, 0xa8,
    0x8e, 0xe9, 0xa3, 0x88, 0xfe, 0xab, 0x9b, 0x9d, 0xfe, 0xed, 0xea, 0xea,
    0xb4, 0x85, 0xfd, 0xfd, 0xfd, 0xfd, 0xfd, 0xfd, 0xd5, 0x9c, 0x89, 0xfe,
    0xc0, 0xb3, 0xb3, 0xfe, 0x76, 0x5a, 0x59, 0x89, 0x7b, 0xfd, 0xfd, 0xd0,
    0xbf, 0x93, 0xfe, 0xca, 0xbf, 0xbf, 0xfe, 0xfd, 0xfd, 0xfd, 0x17, 0xfd,
    0xfd, 0xfd, 0xfd, 0xfd, 0xfd, 0xd5, 0x85, 0x9d, 0xfe, 0xa3, 0x92, 0x94,
    0xfe, 0x71, 0x56, 0x59, 0x36, 0xf8, 0x9c, 0x85, 0x11, 0xc0, 0xff, 0x33,
    0x33, 0x37, 0x3e, 0xff, 0x34, 0x34, 0x34, 0x1e, 0xff, 0x35, 0x34, 0x37,
    0xff, 0xc0, 0xfe, 0x62, 0x4d, 0x50, 0xa8, 0x8e, 0xe8, 0xfe, 0x90, 0x7b,
    0x7e, 0xfe, 0xe6, 0xe2, 0xe2, 0xbc, 0x84, 0xc1, 0x89, 0x8b, 0xfe, 0xbf,
    0xb3, 0xb4, 0xfe, 0x9c, 0x89, 0x8b, 0x84, 0x8c, 0x90, 0x9b, 0x36, 0xfd,
    0xfd, 0xfd, 0xfd, 0xcb, 0x96, 0x5a, 0x98, 0x6a, 0xfd, 0xf9, 0xa4, 0x88,
    0xad, 0x85, 0xbb, 0x84, 0xfe, 0xa8, 0x97, 0x96, 0xfe, 0xd4, 0xcc, 0xcb,
    0xfe, 0xfd, 0xfc, 0xfc, 0x17, 0xc0, 0x99, 0x89, 0xfe, 0xac, 0x9c, 0x9b,
    0xfe, 0x64, 0x45, 0x43, 0x40, 0xfd, 0xfd, 0xcc, 0xa6, 0x87, 0xfe, 0xb8,
    0xaa, 0xa9, 0xfe, 0xfc, 0xfc, 0xfc, 0x17, 0xc0, 0x9b, 0x89, 0xfe, 0xce,
    0xc4, 0xc4, 0xfe, 0xa4, 0x92, 0x90, 0xfe, 0x84, 0x6c, 0x6a, 0x86, 0x8d,
    0x31, 0x35, 0xfd, 0xec, 0xae, 0xc5, 0x36, 0xfd, 0xfd, 0xfd, 0xfd, 0xd7,
    0x7f, 0xa8, 0x87, 0xb1, 0x85, 0xbe, 0x73, 0xfe, 0xc3, 0xb7, 0xb9, 0xfe,
    0xef, 0xec, 0xec, 0x17, 0xc1, 0xfe, 0xdf, 0xd9, 0xda, 0xfe, 0x88, 0x71,
    0x74, 0x84, 0x8c, 0xf7, 0x9c, 0x85, 0x11, 0xc0, 0xff, 0x33, 0x33, 0x37,
    0x3e, 0xff, 0x34, 0x34, 0x34, 0x1e, 0xff, 0x35, 0x34, 0x37, 0xff, 0xc0,
    0xfe, 0x62, 0x4d, 0x50, 0xa8, 0x8e, 0xe7, 0xfe, 0xb1, 0xa3, 0xa4, 0xfe,
    0xfc, 0xfc, 0xfc, 0xa2, 0x88, 0xc0, 0xfe, 0xd8, 0xd1, 0xd1, 0xfe, 0x93,
    0x7f, 0x81, 0x36, 0xfd, 0xfd, 0xfd, 0xfd, 0xce, 0x56, 0x95, 0x4a, 0x9a,
    0x79, 0xfd, 0xfd, 0xc1, 0xb2, 0x85, 0xfe, 0xb5, 0xa6, 0xa5, 0xfe, 0xf7,
    0xf6, 0xf6, 0x17, 0xc0, 0xfe, 0xd7, 0xcf, 0xcf, 0xfe, 0x6f, 0x52, 0x50,
    0x35, 0xfd, 0xfd, 0xca, 0xb8, 0x84, 0xfe, 0xe1, 0xdb, 0xdb, 0x17, 0xc0,
    0x93, 0x7a, 0xfe, 0xad, 0x9d, 0x9c, 0xfe, 0x6d, 0x50, 0x4e, 0x35, 0xfd,
    0xf1, 0xa2, 0x88, 0xaf, 0xd4, 0x36, 0xfd, 0xfd, 0xfd, 0xfd, 0xdb, 0x7f,
    0xfe, 0x9a, 0x87, 0x89, 0xfe, 0xdf, 0xd9, 0xda, 0x17, 0xc0, 0x9a, 0x89,
    0xfe, 0xa5, 0x94, 0x96, 0x36, 0xf6, 0x9c, 0x85, 0x11, 0xc0, 0xff, 0x33,
    0x33, 0x37, 0x3e, 0xff, 0x34, 0x34, 0x34, 0x1e, 0xff, 0x35, 0x34, 0x37,
    0xff, 0xc0, 0xfe, 0x62, 0x4d, 0x50, 0xa8, 0x8e, 0xe6, 0xfe, 0xc1, 0xb5,
    0xb7, 0xfe, 0xfe, 0xfe, 0xfe, 0xc0, 0x8f, 0x9b, 0xfe, 0x9a, 0x87, 0x8a,
    0x36, 0xfd, 0xfd, 0xfd, 0xfd, 0xd0, 0x93, 0x3b, 0x9b, 0x89, 0xfd, 0xfd,
    0xc4, 0xb4, 0x95, 0xfe, 0xcf, 0xc5, 0xc4, 0x17, 0xc0, 0x84, 0x7d, 0xfe,
    0x74, 0x58, 0x56, 0x35, 0xfd, 0xfd, 0xc8, 0xfe, 0x7d, 0x63, 0x61, 0xfe,
    0xef, 0xec, 0xec, 0x17, 0xc0, 0xfe, 0xc4, 0xb8, 0xb7, 0xfe, 0x6e, 0x51,
    0x4f, 0x35, 0xfd, 0xf4, 0xa6, 0x97, 0x36, 0xfd, 0xfd, 0xfd, 0xfd, 0xde,
    0xfe, 0xa4, 0x93, 0x95, 0xfe, 0xf6, 0xf4, 0xf4, 0x17, 0xc0, 0xfe, 0xb2,
    0xa4, 0xa6, 0x36, 0xf5, 0x9c, 0x85, 0x11, 0xc0, 0xff, 0x33, 0x33, 0x37,
    0x3e, 0xff, 0x34, 0x34, 0x34, 0x1e, 0xff, 0x35, 0x34, 0x37, 0xff, 0xc0,
    0xfe, 0x62, 0x4d, 0x50, 0xa8, 0x8e, 0xe5, 0xfe, 0xbd, 0xb0, 0xb1, 0xfe,
    0xfe, 0xfe, 0xfe, 0xc0, 0xfe, 0xdc, 0xd6, 0xd7, 0xfe, 0x7c, 0x63, 0x66,
    0x36, 0xfd, 0xfd, 0xfd, 0xfd, 0xd0, 0x97, 0x5a, 0x97, 0x6a, 0xfd, 0xfd,
    0xc7, 0xfe, 0xaa, 0x99, 0x98, 0xfe, 0xfd, 0xfd, 0xfd, 0x17, 0x84, 0x7d,
    0xfe, 0x6f, 0x52, 0x50, 0x35, 0xfd, 0xfd, 0xc6, 0xb9, 0x84, 0xfe, 0xf0,
    0xed, 0xed, 0x17, 0x9c, 0x89, 0xfe, 0x9c, 0x89, 0x87, 0x35, 0xfd, 0xf7,
    0xac, 0xb5, 0x36, 0xfd, 0xfd, 0xfd, 0xfd, 0xde, 0xb6, 0x74, 0xfe, 0xe6,
    0xe1, 0xe2, 0x17, 0xc0, 0xfe, 0xad, 0x9d, 0x9f, 0x36, 0xf4, 0x9c, 0x85,
    0x11, 0xc0, 0xff, 0x33, 0x33, 0x37, 0x3e, 0xff, 0x34, 0x34, 0x34, 0x1e,
    0xff, 0x35, 0x34, 0x37, 0xff, 0xc0, 0xfe, 0x62, 0x4d, 0x50, 0xa8, 0x8e,
    0xe4, 0xfe, 0xa4, 0x93, 0x95, 0xfe, 0xfe, 0xfe, 0xfe, 0xc0, 0xfe, 0xd6,
    0xcf, 0xcf, 0xfe, 0x75, 0x5b, 0x5e, 0x36, 0xfd, 0xfd, 0xfd, 0xfd, 0xd0,
    0x9d, 0x89, 0x91, 0x3b, 0xfd, 0xfd, 0xc9, 0xfe, 0x9c, 0x88, 0x87, 0xfe,
    0xfd, 0xfd, 0xfd, 0x17, 0xfe, 0xd7, 0xcf, 0xce, 0xfe, 0x64, 0x45, 0x43,
    0x35, 0xfd, 0xfd, 0xc4, 0xa7, 0x87, 0xfe, 0xe4, 0xdf, 0xdf, 0xbf, 0x83,
    0x9b, 0x89, 0xfe, 0x8d, 0x76, 0x75, 0x35, 0xfd, 0xf8, 0x7f, 0xaf, 0xd5,
    0xa2, 0x87, 0xfd, 0xfd, 0xfd, 0xfd, 0xde, 0xab, 0x86, 0xfe, 0xe1, 0xdc,
    0xdd, 0x17, 0x08, 0xfe, 0x96, 0x82, 0x84, 0x36, 0xf3, 0x9c, 0x85, 0x11,
    0xc0, 0xff, 0x33, 0x33, 0x37, 0x3e, 0xff, 0x34, 0x34, 0x34, 0x1e, 0xff,
    0x35, 0x34, 0x37, 0xff, 0xc0, 0xfe, 0x62, 0x4d, 0x50, 0xa8, 0x8e, 0xe3,
    0xb6, 0x74, 0xfe, 0xf8, 0xf7, 0xf7, 0xa7, 0x87, 0xfe, 0xe3, 0xdd, 0xde,
    0xfe, 0x76, 0x5c, 0x5f, 0x36, 0xfd, 0xfd, 0xfd, 0xfd, 0xd1, 0x94, 0x4b,
    0x9a, 0x79, 0xfd, 0xfd, 0xca, 0xfe, 0xaa, 0x99, 0x98, 0x17, 0xc0, 0xfe,
    0xac, 0x9c, 0x9b, 0x35, 0xfd, 0xfd, 0xc4, 0xfe, 0xbd, 0xb0, 0xb0, 0x17,
    0xc0, 0xfe, 0x99, 0x84, 0x83, 0x35, 0xfd, 0xfa, 0x0b, 0x36, 0xfd, 0xfd,
    0xfd, 0xfd, 0xdf, 0xae, 0x86, 0xfe, 0xed, 0xe9, 0xea, 0x17, 0x91, 0x8a,
    0xfe, 0x79, 0x60, 0x63, 0x36, 0xf2, 0x9c, 0x85, 0x11, 0xc0, 0xff, 0x33,
    0x33, 0x37, 0x3e, 0xff, 0x34, 0x34, 0x34, 0x1e, 0xff, 0x35, 0x34, 0x37,
    0xff, 0xc0, 0xfe, 0x62, 0x4d, 0x50, 0xa8, 0x8e, 0xe3, 0xfe, 0xd3, 0xcb,
    0xcc, 0xfe, 0xfe, 0xfe, 0xfe, 0x98, 0x89, 0xfe, 0x83, 0x6b, 0x6e, 0x36,
    0xfd, 0xfd, 0xfd, 0xfd, 0xd1, 0x9c, 0x79, 0x92, 0x4b, 0xfd, 0xfd, 0xcc,
    0xfe, 0xce, 0xc4, 0xc4, 0x17, 0x9a, 0x89, 0xfe, 0x76, 0x5a, 0x59, 0x35,
    0xfd, 0xfd, 0xc2, 0xfe, 0x82, 0x6a, 0x68, 0xfe, 0xfd, 0xfd, 0xfd, 0x17,
    0xfe, 0xbd, 0xb0, 0xb0, 0x35, 0xfd, 0xfc, 0xb0, 0xc4, 0x36, 0xfd, 0xfd,
    0xfd, 0xfd, 0xdf, 0xfe, 0x8e, 0x79, 0x7b, 0xfe, 0xfc, 0xfc, 0xfc, 0x17,
    0xfe, 0xc4, 0xb9, 0xba, 0x36, 0xf2, 0x9c, 0x85, 0x11, 0xc0, 0xff, 0x33,
    0x33, 0x37, 0x3e, 0xff, 0x34, 0x34, 0x34, 0x1e, 0xff, 0x35, 0x34, 0x37,
    0xff, 0xc0, 0xfe, 0x62, 0x4d, 0x50, 0xa8, 0x8e, 0xe2, 0xfe, 0x90, 0x7b,
    0x7d, 0xfe, 0xfe, 0xfe, 0xfe, 0xc0, 0xfe, 0xb0, 0xa1, 0xa2, 0x36, 0xfd,
    0xfd, 0xfd, 0xfd, 0xd2, 0x93, 0x3b, 0x9b, 0x89, 0xfd, 0xfd, 0xcc, 0xb4,
    0x84, 0xfe, 0xf7, 0xf5, 0xf5, 0x17, 0xfe, 0xc2, 0xb6, 0xb5, 0x35, 0xfd,
    0xfd, 0xc2, 0xfe, 0xd3, 0xca, 0xca, 0x17, 0x8d, 0x7b, 0xfe, 0x6a, 0x4c,
    0x4a, 0x97, 0x89, 0xfd, 0xfc, 0xa8, 0xa6, 0x36, 0xfd, 0xfd, 0xfd, 0xfd,
    0xe0, 0xfe, 0xbf, 0xb3, 0xb5, 0x17, 0x40, 0xfe, 0x82, 0x6b, 0x6d, 0x36,
    0xf1, 0x9c, 0x85, 0x11, 0xc0, 0xff, 0x33, 0x33, 0x37, 0x3e, 0xff, 0x34,
    0x34, 0x34, 0x1e, 0xff, 0x35, 0x34, 0x37, 0xff, 0xc0, 0xfe, 0x62, 0x4d,
    0x50, 0xa8, 0x8e, 0xe2, 0xfe, 0xd1, 0xc8, 0xc9, 0xfe, 0xfe, 0xfe, 0xfe,
    0x8d, 0x9b, 0xfe, 0x73, 0x59, 0x5c, 0x36, 0xfd, 0xfd, 0xfd, 0xfd, 0xd1,
    0x9b, 0x69, 0x93, 0x5b, 0xfd, 0xfd, 0xce, 0xfe, 0xb4, 0xa5, 0xa4, 0x17,
    0x9c, 0x89, 0xfe, 0x70, 0x54, 0x52, 0x35, 0xfd, 0xfd, 0xc0, 0xfe, 0x7e,
    0x65, 0x63, 0x17, 0xc0, 0xfe, 0xa2, 0x90, 0x8f, 0x35, 0xfd, 0xfd, 0x7f,
    0xb0, 0xd4, 0x36, 0xfd, 0xfd, 0xfd, 0xfd, 0xdf, 0xac, 0x87, 0xfe, 0xf7,
    0xf6, 0xf6, 0x17, 0xfe, 0xc1, 0xb5, 0xb7, 0x36, 0xf1, 0x9c, 0x85, 0x11,
    0xc0, 0xff, 0x33, 0x33, 0x37, 0x3e, 0xff, 0x34, 0x34, 0x34, 0x1e, 0xff,
    0x35, 0x34, 0x37, 0xff, 0xc0, 0xfe, 0x62, 0x4d, 0x50, 0xa8, 0x8e, 0xe1,
    0xac, 0x87, 0xfe, 0xfb, 0xfb, 0xfb, 0xa3, 0x88, 0xfe, 0xb2, 0xa4, 0xa6,
    0x36, 0xfd, 0xfd, 0xfd, 0xfd, 0xd2, 0x91, 0x3b, 0x9d, 0x89, 0xfd, 0xfd,
    0xce, 0xb1, 0x96, 0xfe, 0xfc, 0xfc, 0xfc, 0x17, 0xfe, 0xa7, 0x95, 0x94,
    0x35, 0xfd, 0xfd, 0xc0, 0xfe, 0xb8, 0xab, 0xaa, 0x17, 0x94, 0x8a, 0xfe,
    0x67, 0x49, 0x47, 0x35, 0xfd, 0xfd, 0xc0, 0xab, 0xb6, 0x36, 0xfd, 0xfd,
    0xfd, 0xfd, 0xe0, 0xfe, 0xc2, 0xb7, 0xb8, 0x17, 0x93, 0x8a, 0xfe, 0x73,
    0x58, 0x5b, 0x36, 0xf0, 0x9c, 0x85, 0x11, 0xc0, 0xff, 0x33, 0x33, 0x37,
    0x3e, 0xff, 0x34, 0x34, 0x34, 0x1e, 0xff, 0x35, 0x34, 0x37, 0xff, 0xc0,
    0xfe, 0x62, 0x4d, 0x50, 0xa8, 0x8e, 0xe1, 0xfe, 0xa2, 0x91, 0x93, 0xfe,
    0xfe, 0xfe, 0xfe, 0xc0, 0xfe, 0x80, 0x67, 0x6a, 0x8e, 0x8a, 0xfd, 0xfd,
    0xfd, 0xfd, 0xd1, 0x99, 0x6a, 0x95, 0x5a, 0xfd, 0xfd, 0xd0, 0xfe, 0xd2,
    0xc9, 0xc8, 0x17, 0xfe, 0xd7, 0xcf, 0xce, 0x35, 0xfd, 0xfd, 0xc0, 0xfe,
    0xe8, 0xe3, 0xe3, 0x17, 0xfe, 0xc0, 0xb4, 0xb3, 0x35, 0xfd, 0xfd, 0xc1,
    0xa3, 0x98, 0x36, 0xfd, 0xfd, 0xfd, 0xfd, 0xe0, 0xfe, 0x8f, 0x79, 0x7c,
    0x17, 0xc0, 0xfe, 0x93, 0x7e, 0x80, 0x36, 0xf0, 0x9c, 0x85, 0x11, 0xc0,
    0xff, 0x33, 0x33, 0x37, 0x3e, 0xff, 0x34, 0x34, 0x34, 0x1e, 0xff, 0x35,
    0x34, 0x37, 0xff, 0xc0, 0xfe, 0x62, 0x4d, 0x50, 0xa8, 0x8e, 0xe1, 0xfe,
    0xc6, 0xbb, 0xbc, 0xfe, 0xfe, 0xfe, 0xfe, 0x83, 0x8c, 0x36, 0xfd, 0xfd,
    0xfd, 0xfd, 0xd1, 0x55, 0x91, 0x3c, 0x40, 0xfd, 0xfd, 0xd0, 0xfe, 0xa6,
    0x94, 0x93, 0x17, 0x9b, 0x89, 0xfe, 0x66, 0x47, 0x45, 0x35, 0xfd, 0xfc,
    0xb4, 0x84, 0x17, 0xc0, 0xfe, 0x95, 0x80, 0x7f, 0x35, 0xfd, 0xfd, 0xc2,
    0xad, 0xc5, 0x36, 0xfd, 0xfd, 0xfd, 0xfd, 0xdf, 0x7f, 0xfe, 0xf4, 0xf3,
    0xf3, 0x17, 0xfe, 0xb6, 0xa9, 0xaa, 0x36, 0xf0, 0x9c, 0x85, 0x11, 0xc0,
    0xff, 0x33, 0x33, 0x37, 0x3e, 0xff, 0x34, 0x34, 0x34, 0x1e, 0xff, 0x35,
    0x34, 0x37, 0xff, 0xc0, 0xfe, 0x62, 0x4d, 0x50, 0xa8, 0x8e, 0xe1, 0xfe,
    0xdf, 0xd9, 0xd9, 0xfe, 0xfe, 0xfe, 0xfe, 0xfe, 0xc7, 0xbd, 0xbe, 0x36,
    0xfd, 0xfd, 0xfd, 0xfd, 0xd1, 0x97, 0x6a, 0x97, 0x5a, 0xfd, 0xfd, 0xd1,
    0xfe, 0x85, 0x6d, 0x6b, 0x17, 0xc0, 0xfe, 0x7c, 0x62, 0x60, 0x35, 0xfd,
    0xfc, 0xfe, 0x8d, 0x76, 0x75, 0x17, 0xc0, 0xfe, 0x74, 0x58, 0x56, 0x35,
    0xfd, 0xfd, 0xc2, 0xa6, 0x97, 0x36, 0xfd, 0xfd, 0xfd, 0xfd, 0xe0, 0xfe,
    0xd7, 0xd0, 0xd1, 0x17, 0xfe, 0xce, 0xc5, 0xc6, 0x36, 0xf0, 0x9c, 0x85,
    0xfe, 0x35, 0x34, 0x37, 0xc0, 0xff, 0x33, 0x33, 0x37, 0x3e, 0xff, 0x34,
    0x34, 0x34, 0x1e, 0xff, 0x35, 0x34, 0x37, 0xff, 0xc0, 0xfe, 0x62, 0x4d,
    0x50, 0xa8, 0x8e, 0xe1, 0xfe, 0xf1, 0xee, 0xee, 0xb0, 0x85, 0xfe, 0xb3,
    0xa5, 0xa6, 0x36, 0xfd, 0xf8, 0xb2, 0x75, 0xfe, 0xc4, 0xb9, 0xbb, 0xfe,
    0xe9, 0xe5, 0xe5, 0xa2, 0x87, 0xfe, 0xcb, 0xc1, 0xc2, 0xfe, 0x8a, 0x73,
    0x76, 0x36, 0xc3, 0xfe, 0xe8, 0xe3, 0xe4, 0xb9, 0x73, 0xfe, 0xb2, 0xa3,
    0xa5, 0x36, 0xfd, 0xfd, 0xc6, 0x41, 0x91, 0x3b, 0x55, 0xfd, 0xfd, 0xd1,
    0xaf, 0x86, 0x17, 0xc0, 0xfe, 0x8f, 0x79, 0x78, 0x35, 0xfd, 0xfc, 0xfe,
    0xa1, 0x8f, 0x8d, 0x17, 0x9a, 0x89, 0x35, 0xfd, 0xfd, 0xc4, 0xb0, 0xc4,
    0x36, 0xfd, 0xfd, 0xfd, 0xfd, 0xdf, 0xfe, 0xc3, 0xb7, 0xb9, 0x17, 0xfe,
    0xe1, 0xdb, 0xdc, 0x36, 0xf0, 0x9c, 0x85, 0x11, 0xc0, 0xff, 0x33, 0x33,
    0x37, 0x3e, 0xff, 0x34, 0x34, 0x34, 0x1e, 0xff, 0x35, 0x34, 0x37, 0xff,
    0xc0, 0xfe, 0x62, 0x4d, 0x50, 0xa8, 0x8e, 0xe1, 0xfe, 0xf8, 0xf7, 0xf7,
    0xa7, 0x87, 0xfe, 0xaa, 0x99, 0x9b, 0x36, 0xfd, 0xf7, 0xb8, 0x74, 0xfe,
    0xf1, 0xef, 0xef, 0x17, 0xc2, 0x9d, 0x89, 0xfe, 0xad, 0x9e, 0xa0, 0x36,
    0xc1, 0xaf, 0x86, 0xfe, 0xfd, 0xfd, 0xfd, 0x17, 0xfe, 0x9e, 0x8b, 0x8d,
    0x36, 0xee, 0xaa, 0x86, 0xaf, 0x86, 0xa5, 0x88, 0x11, 0x8f, 0x8b, 0x36,
    0xfd, 0xcf, 0x96, 0x4a, 0x98, 0x7a, 0xfd, 0xfd, 0xd2, 0xa3, 0x87, 0x17,
    0xc0, 0xfe, 0x98, 0x84, 0x82, 0x35, 0xfd, 0xfc, 0xfe, 0xaa, 0x99, 0x98,
    0x17, 0x8f, 0x8b, 0x35, 0xfd, 0xfd, 0xc4, 0xa8, 0xa7, 0x36, 0xfd, 0xfd,
    0xfd, 0xfd, 0xdf, 0xfe, 0xba, 0xad, 0xae, 0x17, 0x87, 0x8c, 0xfe, 0x70,
    0x55, 0x58, 0xf0, 0x9c, 0x85, 0xfe, 0x35, 0x34, 0x37, 0xc0, 0xff, 0x33,
    0x33, 0x37, 0x3e, 0xff, 0x34, 0x34, 0x34, 0x1e, 0xff, 0x35, 0x34, 0x37,
    0xff, 0xc0, 0xfe, 0x62, 0x4d, 0x50, 0xa8, 0x8e, 0xe1, 0xfe, 0xfd, 0xfd,
    0xfd, 0x7f, 0xfe, 0xa6, 0x95, 0x97, 0x36, 0xcf, 0xa4, 0x87, 0xfe, 0xc7,
    0xbc, 0xbd, 0xc5, 0x55, 0x9b, 0x89, 0x93, 0x9a, 0x8a, 0x8b, 0xfe, 0x86,
    0x6f, 0x72, 0x86, 0x8c, 0xfd, 0xd9, 0xfe, 0xda, 0xd3, 0xd4, 0x17, 0x9d,
    0x89, 0xfe, 0xd7, 0xcf, 0xd0, 0xb2, 0x85, 0x17, 0xc1, 0xfe, 0xcd, 0xc3,
    0xc4, 0xfe, 0x84, 0x6c, 0x6f, 0x91, 0x8a, 0xfe, 0xcd, 0xc4, 0xc5, 0x17,
    0x9d, 0x88, 0xfe, 0x7b, 0x61, 0x64, 0x36, 0xea, 0xb3, 0x85, 0xfe, 0xaa,
    0x9a, 0x9c, 0xfe, 0xd1, 0xc9, 0xca, 0xfe, 0xf0, 0xed, 0xee, 0x17, 0xc3,
    0x89, 0x9c, 0xfe, 0xc1, 0xb5, 0xb7, 0xfe, 0x87, 0x70, 0x73, 0x36, 0xfd,
    0xcb, 0x9d, 0x89, 0x91, 0x3b, 0xfd, 0xfd, 0xd4, 0xfe, 0xfd, 0xfc, 0xfc,
    0x17, 0xfe, 0x9d, 0x89, 0x88, 0x35, 0xfd, 0xfc, 0xfe, 0xae, 0x9e, 0x9d,
    0x17, 0x89, 0x8c, 0x35, 0xfd, 0xfd, 0xc4, 0x7f, 0xb0, 0xd4, 0x36, 0xfd,
    0xfd, 0xfd, 0xfd, 0xde, 0xfe, 0xb5, 0xa7, 0xa9, 0x17, 0x8b, 0x9c, 0x36,
    0xf0, 0x9c, 0x85, 0xfe, 0x35, 0x34, 0x37, 0xc0, 0xff, 0x33, 0x33, 0x37,
    0x3e, 0xff, 0x34, 0x34, 0x34, 0x1e, 0xff, 0x35, 0x34, 0x37, 0xff, 0xc0,
    0xfe, 0x62, 0x4d, 0x50, 0xa8, 0x8e, 0xe1, 0xfe, 0xfd, 0xfd, 0xfd, 0x7f,
    0xfe, 0xa6, 0x95, 0x97, 0x36, 0xcf, 0xa6, 0x88, 0x17, 0xca, 0x87, 0x8c,
    0xfe, 0xaa, 0x9a, 0x9c, 0xfe, 0x72, 0x57, 0x5a, 0x36, 0xfd, 0xd5, 0xba,
    0x84, 0x17, 0xc0, 0x2d, 0x36, 0xc0, 0xfe, 0xaa, 0x99, 0x9b, 0xfe, 0xfc,
    0xfb, 0xfb, 0x17, 0xc4, 0xfe, 0xc7, 0xbd, 0xbe, 0x36, 0xe9, 0x10, 0xfe,
    0xd5, 0xcd, 0xce, 0x08, 0x17, 0xc8, 0x08, 0xfe, 0xbc, 0xaf, 0xb1, 0x14,
    0x36, 0xfd, 0xc9, 0x94, 0x4b, 0x9a, 0x79, 0xfd, 0xfd, 0xd4, 0xfe, 0xfd,
    0xfc, 0xfc, 0xa2, 0x87, 0xfe, 0x9d, 0x89, 0x88, 0x35, 0xfd, 0xfc, 0xfe,
    0xae, 0x9e, 0x9d, 0x17, 0x89, 0x8c, 0x35, 0xf6, 0xac, 0x86, 0xfe, 0x8c,
    0x76, 0x74, 0xbc, 0x94, 0xb0, 0x86, 0xa6, 0x86, 0x9a, 0x89, 0x8d, 0x7b,
    0xfe, 0x83, 0x6b, 0x69, 0xfe, 0x64, 0x45, 0x43, 0x35, 0xfd, 0xc2, 0xab,
    0xb6, 0x36, 0xfd, 0xfd, 0xfd, 0xfd, 0xde, 0xfe, 0xb5, 0xa7, 0xa9, 0x17,
    0x8b, 0x9c, 0x36, 0xf0, 0x9c, 0x85, 0xfe, 0x35, 0x34, 0x37, 0xc0, 0xff,
    0x33, 0x33, 0x37, 0x3e, 0xff, 0x34, 0x34, 0x34, 0x1e, 0xff, 0x35, 0x34,
    0x37, 0xff, 0xc0, 0xfe, 0x62, 0x4d, 0x50, 0xa8, 0x8e, 0xe1, 0xfe, 0xfd,
    0xfd, 0xfd, 0x7f, 0xfe, 0xa6, 0x95, 0x97, 0x36, 0xcf, 0xa6, 0x88, 0x17,
    0xcc, 0xfe, 0xe1, 0xdb, 0xdc, 0xfe, 0x7f, 0x67, 0x69, 0x36, 0xfd, 0xd4,
    0xfe, 0xa8, 0x97, 0x99, 0x17, 0x99, 0x89, 0xfe, 0x73, 0x58, 0x5b, 0x36,
    0xc1, 0xfe, 0x97, 0x83, 0x85, 0xfe, 0xf3, 0xf1, 0xf1, 0x17, 0xc2, 0x37,
    0xfe, 0x79, 0x5f, 0x62, 0x36, 0xe9, 0xae, 0x86, 0x17, 0xcc, 0xfe, 0xcc,
    0xc2, 0xc3, 0x36, 0xfd, 0xc8, 0x9d, 0x78, 0x91, 0x4c, 0xfd, 0xfd, 0xd5,
    0xfe, 0xfd, 0xfc, 0xfc, 0x17, 0xfe, 0x9d, 0x89, 0x88, 0x35, 0xfd, 0xfc,
    0xfe, 0xae, 0x9e, 0x9d, 0x17, 0x89, 0x8c, 0x35, 0xd8, 0xfe, 0xf5, 0xf3,
    0xf3, 0xa3, 0x87, 0xd4, 0xfe, 0x66, 0x47, 0x45, 0x35, 0xc1, 0xb4, 0x84,
    0xfe, 0xac, 0x9c, 0x9b, 0xfe, 0xdb, 0xd4, 0xd3, 0xfe, 0xfd, 0xfc, 0xfc,
    0x17, 0xc5, 0x8e, 0x8b, 0x06, 0xfe, 0x66, 0x48, 0x46, 0x35, 0xfd, 0xc0,
    0xa3, 0x98, 0x36, 0xfd, 0xfd, 0xfd, 0xfd, 0xde, 0xfe, 0xb5, 0xa7, 0xa9,
    0x17, 0x8b, 0x9c, 0x36, 0xf0, 0x9c, 0x85, 0x11, 0xc0, 0xff, 0x33, 0x33,
    0x37, 0x3e, 0xff, 0x34, 0x34, 0x34, 0x1e, 0xff, 0x35, 0x34, 0x37, 0xff,
    0xc0, 0xfe, 0x62, 0x4d, 0x50, 0xa8, 0x8e, 0xe1, 0xfe, 0xfd, 0xfd, 0xfd,
    0x7f, 0xfe, 0xa6, 0x95, 0x97, 0x36, 0xcf, 0xa6, 0x88, 0x17, 0xc1, 0x80,
    0x8d, 0xfe, 0xc0, 0xb4, 0xb5, 0xc1, 0xa3, 0x87, 0xa8, 0x87, 0xb5, 0x85,
    0xfe, 0xf8, 0xf7, 0xf7, 0x17, 0xc2, 0x88, 0x8c, 0xfe, 0x7a, 0x61, 0x64,
    0x36, 0xfd, 0xd3, 0x2d, 0x15, 0x8a, 0x8b, 0x36, 0xc3, 0xab, 0x86, 0xfe,
    0xae, 0x9f, 0xa0, 0x2f, 0x9d, 0x89, 0xfe, 0xa4, 0x93, 0x95, 0xfe, 0x73,
    0x58, 0x5b, 0x36, 0xea, 0xae, 0x86, 0x17, 0xc0, 0x08, 0xfe, 0xd8, 0xd1,
    0xd2, 0xfe, 0xad, 0x9d, 0x9f, 0xfe, 0x8c, 0x77, 0x79, 0x0d, 0x99, 0x8a,
    0x3a, 0xfe, 0x99, 0x86, 0x88, 0xfe, 0xd3, 0xcb, 0xcc, 0x17, 0xc2, 0x2d,
    0x36, 0xfd, 0xc7, 0x95, 0x4a, 0x99, 0x7a, 0xfd, 0xfd, 0xd5, 0xfe, 0xfd,
    0xfc, 0xfc, 0x17, 0xfe, 0x9d, 0x89, 0x88, 0x35, 0xfd, 0xfc, 0xfe, 0xae,
    0x9e, 0x9d, 0x17, 0x89, 0x8c, 0x35, 0xd8, 0xfe, 0xfc, 0xfc, 0xfc, 0x17,
    0xd4, 0xfe, 0x66, 0x47, 0x45, 0x35, 0xc0, 0xb8, 0x84, 0xfe, 0xfb, 0xfb,
    0xfb, 0x17, 0xca, 0xfe, 0xe2, 0xdd, 0xdc, 0xfe, 0x73, 0x57, 0x56, 0x35,
    0xfd, 0xc0, 0xae, 0xb5, 0x36, 0xfd, 0xfd, 0xfd, 0xfd, 0xdd, 0xfe, 0xb5,
    0xa7, 0xa9, 0x17, 0x8b, 0x9c, 0x36, 0xf0, 0x9c, 0x85, 0x11, 0xc0, 0xff,
    0x33, 0x33, 0x37, 0x3e, 0xff, 0x34, 0x34, 0x34, 0x1e, 0xff, 0x35, 0x34,
    0x37, 0xff, 0xc0, 0xfe, 0x62, 0x4d, 0x50, 0xa8, 0x8e, 0xe1, 0xfe, 0xfd,
    0xfd, 0xfd, 0x7f, 0xfe, 0xa6, 0x95, 0x97, 0x36, 0xcf, 0xa6, 0x88, 0x17,
    0xc1, 0xfe, 0xc0, 0xb4, 0xb5, 0x36, 0xc4, 0xa6, 0x87, 0xfe, 0xab, 0x9b,
    0x9d, 0xfe, 0xf6, 0xf4, 0xf4, 0x17, 0xc1, 0xfe, 0xcb, 0xc1, 0xc2, 0x36,
    0xfd, 0xfd, 0xcf, 0xae, 0x86, 0x08, 0xfe, 0xc6, 0xbb, 0xbc, 0xfe, 0x82,
    0x6b, 0x6d, 0x36, 0xc6, 0xfe, 0xb0, 0xa1, 0xa2, 0x17, 0xc1, 0x89, 0x8b,
    0x36, 0xfd, 0xc6, 0x55, 0x90, 0x3c, 0x55, 0xfd, 0xfd, 0xd5, 0xfe, 0xfd,
    0xfc, 0xfc, 0x17, 0xfe, 0x9d, 0x89, 0x88, 0x35, 0xfd, 0xfc, 0xfe, 0xae,
    0x9e, 0x9d, 0x17, 0x89, 0x8c, 0x35, 0xd8, 0xfe, 0xfc, 0xfc, 0xfc, 0x17,
    0xd4, 0xfe, 0x66, 0x47, 0x45, 0x35, 0xc0, 0xbc, 0x94, 0x17, 0xc3, 0x8a,
    0x8c, 0x85, 0x8c, 0x9a, 0x89, 0xae, 0x75, 0xfe, 0xf8, 0xf6, 0xf6, 0xa8,
    0x86, 0xc2, 0x81, 0x8d, 0xfe, 0x69, 0x4b, 0x49, 0x35, 0xfd, 0xa6, 0x97,
    0x36, 0xfd, 0xfd, 0xfd, 0xfd, 0xdd, 0xfe, 0xb5, 0xa7, 0xa9, 0x17, 0x8b,
    0x9c, 0x36, 0xf0, 0x9c, 0x85, 0x11, 0xc0, 0xff, 0x33, 0x33, 0x37, 0x3e,
    0xff, 0x34, 0x34, 0x34, 0x1e, 0xff, 0x35, 0x34, 0x37, 0xff, 0xc0, 0xfe,
    0x62, 0x4d, 0x50, 0xa8, 0x8e, 0xe1, 0xfe, 0xfd, 0xfd, 0xfd, 0x7f, 0xfe,
    0xa6, 0x95, 0x97, 0x36, 0xcf, 0xa6, 0x88, 0x17, 0xc1, 0xfe, 0xc0, 0xb4,
    0xb5, 0x36, 0xc6, 0xfe, 0x8b, 0x75, 0x78, 0xfe, 0xf9, 0xf9, 0xf9, 0x17,
    0xc0, 0x08, 0xfe, 0x81, 0x69, 0x6c, 0x36, 0xfd, 0xfd, 0xce, 0xa6, 0x87,
    0xbb, 0x84, 0x36, 0xc9, 0xfe, 0xdc, 0xd5, 0xd6, 0x17, 0xc1, 0xfe, 0x87,
    0x70, 0x73, 0x36, 0xfd, 0xc5, 0x9a, 0x69, 0x94, 0x5b, 0xfd, 0xfd, 0xd6,
    0xfe, 0xfd, 0xfc, 0xfc, 0x17, 0xfe, 0x9d, 0x89, 0x88, 0x35, 0xfd, 0xfc,
    0xfe, 0xae, 0x9e, 0x9d, 0x17, 0x89, 0x8c, 0x35, 0xd8, 0xfe, 0x99, 0x85,
    0x84, 0x7f, 0xc6, 0xfe, 0xb7, 0xa8, 0xa7, 0x17, 0xc1, 0xfe, 0xba, 0xad,
    0xac, 0x18, 0xc7, 0xfe, 0x63, 0x44, 0x42, 0x35, 0xc0, 0xbc, 0x94, 0x17,
    0xc0, 0xfe, 0xde, 0xd7, 0xd7, 0xfe, 0xa1, 0x8e, 0x8d, 0xfe, 0x72, 0x56,
    0x54, 0x35, 0xc2, 0xa6, 0x87, 0xfe, 0xa3, 0x91, 0x90, 0xfe, 0xf7, 0xf6,
    0xf6, 0x17, 0xc1, 0xfe, 0xb2, 0xa3, 0xa2, 0x35, 0xfd, 0xc0, 0xb0, 0xc4,
    0x36, 0xfd, 0xfd, 0xfd, 0xfd, 0xdc, 0xfe, 0xb5, 0xa7, 0xa9, 0x17, 0x8b,
    0x9c, 0x36, 0xf0, 0x9c, 0x85, 0x11, 0xc0, 0xff, 0x33, 0x33, 0x37, 0x3e,
    0xff, 0x34, 0x34, 0x34, 0x1e, 0xff, 0x35, 0x34, 0x37, 0xff, 0xc0, 0xfe,
    0x62, 0x4d, 0x50, 0xa8, 0x8e, 0xe1, 0xfe, 0xfd, 0xfd, 0xfd, 0x7f, 0xfe,
    0xa6, 0x95, 0x97, 0x36, 0xcf, 0xa6, 0x88, 0x17, 0xc1, 0xfe, 0xc0, 0xb4,
    0xb5, 0x36, 0xc7, 0xfe, 0xbe, 0xb2, 0xb3, 0x17, 0xc1, 0xfe, 0xaa, 0x99,
    0x9b, 0x36, 0xd8, 0xa8, 0x87, 0xb8, 0x84, 0xad, 0x76, 0x65, 0x90, 0x7a,
    0x86, 0x9d, 0x36, 0xcd, 0xa4, 0x88, 0xb4, 0x74, 0xa8, 0x87, 0x9a, 0x99,
    0x94, 0x8a, 0x36, 0xcd, 0xac, 0x86, 0xb0, 0x86, 0xa3, 0x87, 0x97, 0x8a,
    0x10, 0x36, 0xcc, 0xa7, 0x87, 0xb0, 0x86, 0xa7, 0x87, 0xc0, 0x2b, 0x10,
    0x36, 0xd0, 0xad, 0x86, 0xb8, 0x74, 0xa9, 0x87, 0x99, 0x89, 0x89, 0x9b,
    0x36, 0xe4, 0xfe, 0xad, 0x9e, 0xa0, 0x17, 0xc1, 0xfe, 0x9d, 0x8a, 0x8c,
    0x36, 0xfd, 0xc5, 0x94, 0x5b, 0x9a, 0x69, 0xfd, 0xfd, 0xd6, 0xfe, 0xfd,
    0xfc, 0xfc, 0x17, 0xfe, 0x9d, 0x89, 0x88, 0x35, 0xfd, 0xfc, 0xfe, 0xae,
    0x9e, 0x9d, 0x17, 0x89, 0x8c, 0x35, 0xe1, 0xfe, 0x8f, 0x79, 0x77, 0x17,
    0xc1, 0xfe, 0x94, 0x7f, 0x7e, 0x35, 0xca, 0xbc, 0x94, 0xfe, 0xe3, 0xde,
    0xde, 0xfe, 0x8c, 0x75, 0x73, 0x35, 0xc7, 0xfe, 0x89, 0x72, 0x70, 0x08,
    0x17, 0xc0, 0x91, 0x8b, 0xfe, 0x64, 0x45, 0x43, 0x35, 0xfd, 0xa9, 0xa6,
    0xa9, 0xb6, 0xfd, 0xfd, 0xfd, 0xfd, 0xdc, 0xfe, 0xb5, 0xa7, 0xa9, 0x17,
    0x8b, 0x9c, 0x36, 0xf0, 0x9c, 0x85, 0xfe, 0x35, 0x34, 0x37, 0xc0, 0xff,
    0x33, 0x33, 0x37, 0x3e, 0xff, 0x34, 0x34, 0x34, 0x1e, 0xff, 0x35, 0x34,
    0x37, 0xff, 0xc0, 0xfe, 0x62, 0x4d, 0x50, 0xa8, 0x8e, 0xe1, 0xfe, 0xfd,
    0xfd, 0xfd, 0x7f, 0xfe, 0xa6, 0x95, 0x97, 0x36, 0xcf, 0xa6, 0x88, 0x17,
    0xc1, 0xfe, 0xc0, 0xb4, 0xb5, 0x36, 0xc7, 0xfe, 0x93, 0x7e, 0x80, 0x17,
    0xc1, 0xfe, 0xc0, 0xb5, 0xb6, 0x36, 0xc2, 0xfe, 0xad, 0x9d, 0x9f, 0xfe,
    0xd2, 0xc9, 0xca, 0xc0, 0x87, 0x8c, 0x36, 0xc1, 0xac, 0x87, 0xfe, 0xa8,
    0x97, 0x99, 0xfe, 0xc7, 0xbd, 0xbe, 0xac, 0x86, 0x9d, 0x89, 0x8c, 0x8b,
    0xfe, 0x73, 0x58, 0x5b, 0x36, 0xc3, 0xa2, 0x88, 0xfe, 0xa4, 0x93, 0x95,
    0xfe, 0xdd, 0xd7, 0xd7, 0x08, 0x17, 0xc2, 0x99, 0x89, 0xfe, 0xcd, 0xc3,
    0xc4, 0xfe, 0x8b, 0x75, 0x77, 0x36, 0xc8, 0x10, 0xfe, 0xac, 0x9d, 0x9e,
    0xfe, 0xde, 0xd8, 0xd9, 0xfe, 0xfc, 0xfb, 0xfb, 0x17, 0xc2, 0x93, 0x8a,
    0xfe, 0xd6, 0xce, 0xcf, 0xfe, 0xad, 0x9e, 0xa0, 0xfe, 0x7e, 0x65, 0x68,
    0x36, 0xc6, 0xba, 0x84, 0xfe, 0xc2, 0xb7, 0xb8, 0xfe, 0xee, 0xeb, 0xeb,
    0x17, 0xc2, 0x08, 0x87, 0x8c, 0xfe, 0xc5, 0xbb, 0xbc, 0xfe, 0x9b, 0x88,
    0x8a, 0xfe, 0x72, 0x57, 0x5a, 0x36, 0xc4, 0xfe, 0x8d, 0x77, 0x7a, 0xfe,
    0xba, 0xad, 0xaf, 0xfe, 0xd7, 0xd0, 0xd1, 0xbe, 0x74, 0x17, 0xc3, 0x08,
    0x8c, 0x8b, 0xfe, 0xc6, 0xbb, 0xbc, 0xfe, 0x8b, 0x75, 0x78, 0x36, 0xca,
    0xa5, 0x87, 0xfe, 0xaf, 0x9f, 0xa1, 0xfe, 0xe5, 0xe1, 0xe1, 0x17, 0xc3,
    0x87, 0x9c, 0xfe, 0xb5, 0xa7, 0xa8, 0xfe, 0x78, 0x5e, 0x61, 0x97, 0x89,
    0xe1, 0xfe, 0x9e, 0x8c, 0x8e, 0x17, 0xc1, 0xfe, 0xa2, 0x91, 0x93, 0x36,
    0xc7, 0xfe, 0xa1, 0x8f, 0x91, 0xfe, 0xd2, 0xc9, 0xca, 0xc1, 0x8d, 0x8b,
    0xfe, 0x70, 0x55, 0x58, 0xf5, 0x8f, 0x3c, 0x55, 0xfd, 0xfd, 0xd6, 0xfe,
    0xfd, 0xfc, 0xfc, 0x17, 0xfe, 0x9d, 0x89, 0x88, 0x35, 0xfd, 0xfc, 0xfe,
    0xae, 0x9e, 0x9d, 0x17, 0x89, 0x8c, 0x35, 0xe1, 0xfe, 0x8f, 0x79, 0x77,
    0x17, 0xc1, 0xfe, 0x94, 0x7f, 0x7e, 0x35, 0xca, 0xa3, 0x88, 0xc0, 0x35,
    0xc9, 0xfe, 0xcd, 0xc3, 0xc2, 0x17, 0xc1, 0xfe, 0x7e, 0x65, 0x63, 0x35,
    0xfd, 0x04, 0xb0, 0xd5, 0x7e, 0xfd, 0xfd, 0xfd, 0xfd, 0xdb, 0xfe, 0xb5,
    0xa7, 0xa9, 0x17, 0x8b, 0x9c, 0x36, 0xf0, 0x9c, 0x85, 0xfe, 0x35, 0x34,
    0x37, 0xc0, 0xff, 0x33, 0x33, 0x37, 0x3e, 0xff, 0x34, 0x34, 0x34, 0x1e,
    0xff, 0x35, 0x34, 0x37, 0xff, 0xc0, 0xfe, 0x62, 0x4d, 0x50, 0xa8, 0x8e,
    0xe1, 0xfe, 0xfd, 0xfd, 0xfd, 0x7f, 0xfe, 0xa6, 0x95, 0x97, 0x36, 0xcf,
    0xa6, 0x88, 0x17, 0xc1, 0xfe, 0xc0, 0xb4, 0xb5, 0x36, 0xc7, 0xb5, 0x85,
    0x17, 0xc1, 0xfe, 0xc9, 0xbf, 0xc0, 0x36, 0xc2, 0x2f, 0x17, 0xc0, 0xfe,
    0xe0, 0xda, 0xdb, 0x36, 0xa8, 0x87, 0xfe, 0xbe, 0xb1, 0xb3, 0xfe, 0xf9,
    0xf9, 0xf9, 0x17, 0xc3, 0xfe, 0x76, 0x5c, 0x5f, 0x36, 0xc2, 0xb8, 0x85,
    0xfe, 0xe2, 0xdd, 0xdd, 0x17, 0xc7, 0x08, 0xfe, 0xb4, 0xa5, 0xa7, 0x36,
    0xc6, 0xfe, 0x90, 0x7b, 0x7d, 0xfe, 0xed, 0xea, 0xea, 0x17, 0xc8, 0x9d,
    0x88, 0xfe, 0xa5, 0x94, 0x96, 0x36, 0xc3, 0x7f, 0xfe, 0xb9, 0xac, 0xad,
    0xfe, 0xfc, 0xfc, 0xfc, 0x17, 0xc8, 0x8d, 0x9b, 0xfe, 0x79, 0x5f, 0x62,
    0x36, 0xc3, 0x2f, 0x17, 0xca, 0xfe, 0xbf, 0xb3, 0xb5, 0xfe, 0x72, 0x57,
    0x5a, 0x36, 0xc7, 0xbe, 0x84, 0xfe, 0xe9, 0xe5, 0xe6, 0x17, 0xc7, 0x8e,
    0x8b, 0xfe, 0x91, 0x7d, 0x7f, 0x36, 0xe0, 0xfe, 0xa5, 0x94, 0x96, 0x17,
    0xc1, 0xfe, 0x9a, 0x87, 0x8a, 0x36, 0xc7, 0xfe, 0xb6, 0xa9, 0xaa, 0x17,
    0xc1, 0x84, 0x8c, 0x36, 0xf4, 0x9c, 0x79, 0x92, 0x4b, 0xfd, 0xfd, 0xd7,
    0xfe, 0xfd, 0xfc, 0xfc, 0x17, 0xfe, 0x9d, 0x89, 0x88, 0x35, 0xfd, 0xfc,
    0xfe, 0xae, 0x9e, 0x9d, 0x17, 0x89, 0x8c, 0x35, 0xe1, 0xfe, 0x8f, 0x79,
    0x77, 0x17, 0xc1, 0xfe, 0x94, 0x7f, 0x7e, 0x35, 0xd7, 0xfe, 0xa5, 0x93,
    0x92, 0x17, 0xc1, 0xfe, 0x91, 0x7b, 0x7a, 0x35, 0xfd, 0xc0, 0xab, 0xb6,
    0xa7, 0xa6, 0xfd, 0xfd, 0xfd, 0xfd, 0xdb, 0xfe, 0xb5, 0xa7, 0xa9, 0x17,
    0x8b, 0x9c, 0x36, 0xf0, 0x9c, 0x85, 0x11, 0xc0, 0xff, 0x33, 0x33, 0x37,
    0x3e, 0xff, 0x34, 0x34, 0x34, 0x1e, 0xff, 0x35, 0x34, 0x37, 0xff, 0xc0,
    0xfe, 0x62, 0x4d, 0x50, 0xa8, 0x8e, 0xe1, 0xfe, 0xfd, 0xfd, 0xfd, 0x7f,
    0xfe, 0xa6, 0x95, 0x97, 0x36, 0xcf, 0xa6, 0x88, 0x17, 0xc1, 0xfe, 0xc0,
    0xb4, 0xb5, 0x36, 0xc7, 0xbb, 0x84, 0x17, 0xc1, 0xfe, 0xc5, 0xbb, 0xbc,
    0x36, 0xc2, 0xfe, 0xc9, 0xbf, 0xc0, 0x17, 0xc0, 0xfe, 0xe0, 0xda, 0xdb,
    0xfe, 0x8f, 0x7a, 0x7c, 0xfe, 0xeb, 0xe8, 0xe8, 0x17, 0xc5, 0xfe, 0x76,
    0x5c, 0x5f, 0x36, 0xc1, 0xbc, 0x84, 0xfe, 0xf3, 0xf1, 0xf1, 0x17, 0xc1,
    0x94, 0x8a, 0xfe, 0xd5, 0xcd, 0xcd, 0x93, 0x9a, 0xa7, 0x87, 0xbd, 0x73,
    0x17, 0xc2, 0xfe, 0xb2, 0xa3, 0xa5, 0x36, 0xc4, 0xfe, 0x8d, 0x77, 0x7a,
    0xfe, 0xf9, 0xf8, 0xf8, 0x17, 0xc1, 0x04, 0x84, 0x9c, 0x97, 0x7a, 0x28,
    0xb9, 0x74, 0x17, 0xc2, 0xfe, 0xb7, 0xa9, 0xab, 0x36, 0xc3, 0xfe, 0xc0,
    0xb5, 0xb6, 0x17, 0xc2, 0x8f, 0x8a, 0x88, 0x9d, 0x55, 0xaf, 0x75, 0xb9,
    0x84, 0x17, 0xc2, 0xfe, 0x7d, 0x65, 0x68, 0x36, 0xc3, 0x2f, 0x17, 0xc2,
    0x99, 0x89, 0x92, 0x9b, 0x9e, 0x77, 0xac, 0x86, 0x17, 0xc3, 0xfe, 0xbd,
    0xb1, 0xb2, 0x36, 0xc6, 0xfe, 0x8b, 0x75, 0x77, 0xfe, 0xf6, 0xf4, 0xf4,
    0x17, 0xc2, 0x13, 0x92, 0x8b, 0xaa, 0x97, 0x08, 0x17, 0xc1, 0x9b, 0x88,
    0xfe, 0x94, 0x7f, 0x82, 0x36, 0xdf, 0xfe, 0xbe, 0xb2, 0xb3, 0x17, 0xc1,
    0xfe, 0x86, 0x6f, 0x71, 0x36, 0xc7, 0xfe, 0xb6, 0xa9, 0xaa, 0x17, 0xc1,
    0x84, 0x8c, 0x36, 0xf4, 0x98, 0x5a, 0x96, 0x6a, 0xfd, 0xfd, 0xd7, 0xfe,
    0xfd, 0xfc, 0xfc, 0x17, 0xfe, 0x9d, 0x89, 0x88, 0x35, 0xfd, 0xfc, 0xfe,
    0xae, 0x9e, 0x9d, 0x17, 0x89, 0x8c, 0x35, 0xe1, 0xfe, 0x8f, 0x79, 0x77,
    0x17, 0xc1, 0xfe, 0x94, 0x7f, 0x7e, 0x35, 0xd7, 0xfe, 0x9c, 0x88, 0x87,
    0x17, 0xc1, 0xfe, 0x92, 0x7d, 0x7c, 0x35, 0xc7, 0xfe, 0xad, 0x9d, 0x9c,
    0xfe, 0xf7, 0xf6, 0xf6, 0xc1, 0x81, 0x7d, 0xfe, 0x62, 0x43, 0x41, 0xf0,
    0xa4, 0x87, 0xae, 0xd5, 0xfd, 0xfd, 0xfd, 0xfd, 0xdb, 0xfe, 0xb5, 0xa7,
    0xa9, 0x17, 0x3b, 0x36, 0xf0, 0x9c, 0x85, 0xfe, 0x35, 0x34, 0x37, 0xc0,
    0xff, 0x33, 0x33, 0x37, 0x3e, 0xff, 0x34, 0x34, 0x34, 0x1e, 0xff, 0x35,
    0x34, 0x37, 0xff, 0xc0, 0xfe, 0x62, 0x4d, 0x50, 0xa8, 0x8e, 0xe1, 0xfe,
    0xfd, 0xfd, 0xfd, 0x7f, 0xfe, 0xa6, 0x95, 0x97, 0x36, 0xcf, 0xa6, 0x88,
    0x17, 0xc1, 0xfe, 0xc0, 0xb4, 0xb5, 0x36, 0xc7, 0xfe, 0x9f, 0x8d, 0x8f,
    0x17, 0xc1, 0xfe, 0xb3, 0xa5, 0xa6, 0x36, 0xc2, 0xfe, 0xc9, 0xbf, 0xc0,
    0x17, 0xc0, 0x97, 0x89, 0xa6, 0x87, 0xa3, 0x88, 0xc1, 0x88, 0x8c, 0x8f,
    0x8a, 0xa2, 0x99, 0xae, 0x85, 0xb7, 0x74, 0xfe, 0x76, 0x5c, 0x5f, 0x36,
    0xc0, 0xaa, 0x86, 0xfe, 0xed, 0xe9, 0xea, 0x17, 0xc0, 0x97, 0x89, 0x2d,
    0xfe, 0x72, 0x57, 0x5a, 0x36, 0xc2, 0xfe, 0x8b, 0x75, 0x78, 0xfe, 0xe5,
    0xe0, 0xe0, 0xbe, 0x83, 0xc0, 0x9d, 0x89, 0xfe, 0x87, 0x70, 0x73, 0x36,
    0xc3, 0xfe, 0xe5, 0xe1, 0xe1, 0x17, 0xc0, 0x98, 0x89, 0xfe, 0xaa, 0x9a,
    0x9c, 0xfe, 0x75, 0x5b, 0x5e, 0x36, 0xc1, 0x7f, 0xfe, 0x8c, 0x77, 0x79,
    0xfe, 0xbe, 0xb2, 0xb3, 0xfe, 0xf4, 0xf3, 0xf3, 0x17, 0xfe, 0xb7, 0xa9,
    0xab, 0x36, 0xc2, 0xfe, 0x91, 0x7d, 0x7f, 0x17, 0xc1, 0xfe, 0xdf, 0xd9,
    0xd9, 0xfe, 0x8e, 0x78, 0x7a, 0x36, 0xc2, 0xa8, 0x87, 0x3c, 0xfe, 0xd6,
    0xce, 0xcf, 0x17, 0xc0, 0xfe, 0x7d, 0x65, 0x68, 0x36, 0xc3, 0xfe, 0xc9,
    0xbf, 0xc0, 0xfe, 0xf5, 0xf3, 0xf3, 0xfe, 0xc8, 0xbe, 0xbf, 0xfe, 0xa1,
    0x8f, 0x91, 0xfe, 0x82, 0x6a, 0x6d, 0x36, 0xc2, 0xb1, 0x85, 0xfe, 0xaf,
    0x9f, 0xa1, 0x26, 0x17, 0xc0, 0x08, 0xfe, 0x86, 0x6f, 0x71, 0x36, 0xc4,
    0x27, 0xfe, 0xec, 0xe9, 0xe9, 0x17, 0xc1, 0xfe, 0xc4, 0xb9, 0xba, 0xfe,
    0x80, 0x67, 0x6a, 0x8e, 0x8a, 0xc1, 0xae, 0x86, 0xfe, 0xbc, 0xaf, 0xb1,
    0x08, 0x7f, 0xc0, 0x93, 0x8a, 0xfe, 0x7d, 0x64, 0x67, 0x36, 0xde, 0xfe,
    0xeb, 0xe7, 0xe8, 0x17, 0xc0, 0x91, 0x8a, 0x36, 0xc8, 0xfe, 0xb6, 0xa9,
    0xaa, 0x17, 0xc1, 0x84, 0x8c, 0x36, 0xf4, 0x93, 0x4b, 0x9b, 0x79, 0xfd,
    0xfd, 0xd7, 0xfe, 0xfd, 0xfc, 0xfc, 0x17, 0xfe, 0x9d, 0x89, 0x88, 0x35,
    0xfd, 0xfc, 0xfe, 0xae, 0x9e, 0x9d, 0x17, 0x89, 0x8c, 0x35, 0xe1, 0xfe,
    0x8f, 0x79, 0x77, 0x17, 0xc1, 0xfe, 0x94, 0x7f, 0x7e, 0x35, 0xd7, 0xfe,
    0xa8, 0x97, 0x96, 0x17, 0xc1, 0xfe, 0x87, 0x70, 0x6e, 0x35, 0xc7, 0xfe,
    0xb2, 0xa2, 0xa1, 0x17, 0xc1, 0x80, 0x8d, 0x35, 0xf1, 0xae, 0xc5, 0xa4,
    0x97, 0xfd, 0xfd, 0xfd, 0xfd, 0xda, 0xfe, 0xb5, 0xa7, 0xa9, 0x17, 0x3b,
    0x36, 0xf0, 0x9c, 0x85, 0xfe, 0x35, 0x34, 0x37, 0xc0, 0xff, 0x33, 0x33,
    0x37, 0x3e, 0xff, 0x34, 0x34, 0x34, 0x1e, 0xff, 0x35, 0x34, 0x37, 0xff,
    0xc0, 0xfe, 0x62, 0x4d, 0x50, 0xa8, 0x8e, 0xe1, 0xfe, 0xfd, 0xfd, 0xfd,
    0x7f, 0xfe, 0xa6, 0x95, 0x97, 0x36, 0xcf, 0xa6, 0x88, 0x17, 0xc1, 0xfe,
    0xc0, 0xb4, 0xb5, 0x36, 0xc7, 0xfe, 0xd6, 0xce, 0xcf, 0x17, 0xc1, 0xfe,
    0x8f, 0x7a, 0x7c, 0x36, 0xc2, 0xfe, 0xc9, 0xbf, 0xc0, 0x17, 0xc2, 0x9b,
    0x88, 0xfe, 0xbb, 0xaf, 0xb0, 0xfe, 0x80, 0x68, 0x6b, 0x36, 0xc2, 0xa6,
    0x87, 0x36, 0xc1, 0xfe, 0xc2, 0xb7, 0xb8, 0x17, 0xc0, 0x97, 0x89, 0xfe,
    0x89, 0x73, 0x75, 0x36, 0xc5, 0xae, 0x86, 0xfe, 0xf1, 0xef, 0xef, 0xaf,
    0x86, 0xc0, 0x2f, 0x36, 0xc2, 0xfe, 0x90, 0x7b, 0x7e, 0x17, 0xc1, 0xfe,
    0xa2, 0x91, 0x93, 0x36, 0xc6, 0xa8, 0x87, 0xfe, 0xbb, 0xae, 0xaf, 0x98,
    0x99, 0x36, 0xc2, 0x2f, 0xfe, 0xfe, 0xfe, 0xfe, 0xc0, 0x04, 0x27, 0x36,
    0xc6, 0xfe, 0x8b, 0x75, 0x77, 0xfe, 0xde, 0xd7, 0xd8, 0xfe, 0x7d, 0x65,
    0x68, 0x36, 0xc3, 0xb9, 0x84, 0x8b, 0x8c, 0x36, 0xc7, 0xfe, 0x93, 0x7f,
    0x81, 0x17, 0xc1, 0xfe, 0xb7, 0xaa, 0xab, 0x36, 0xc4, 0xfe, 0xb8, 0xab,
    0xac, 0x17, 0xc1, 0xfe, 0xb0, 0xa1, 0xa2, 0x36, 0xc5, 0xfe, 0xa3, 0x91,
    0x93, 0x17, 0xc1, 0xfe, 0xc6, 0xbb, 0xbc, 0x36, 0xdd, 0xfe, 0xa0, 0x8e,
    0x90, 0x17, 0xc1, 0xfe, 0xbf, 0xb3, 0xb4, 0x36, 0xc8, 0xfe, 0xb6, 0xa9,
    0xaa, 0x17, 0xc1, 0x84, 0x8c, 0x36, 0xf4, 0x8f, 0x3c, 0x55, 0xfd, 0xfd,
    0xd7, 0xfe, 0xfd, 0xfc, 0xfc, 0x17, 0xfe, 0x9d, 0x89, 0x88, 0x35, 0xfd,
    0xfc, 0xfe, 0xae, 0x9e, 0x9d, 0x17, 0x89, 0x8c, 0x35, 0xe1, 0xfe, 0x8f,
    0x79, 0x77, 0x17, 0xc1, 0xfe, 0x94, 0x7f, 0x7e, 0x35, 0xd7, 0xfe, 0xc8,
    0xbe, 0xbd, 0x17, 0xc1, 0xfe, 0x6d, 0x50, 0x4e, 0x35, 0xc7, 0xfe, 0xb2,
    0xa2, 0xa1, 0x17, 0xc1, 0x80, 0x8d, 0x35, 0xf1, 0xa6, 0xa7, 0xac, 0xb5,
    0xfd, 0xfd, 0xfd, 0xfd, 0xda, 0xfe, 0xb5, 0xa7, 0xa9, 0x17, 0x8b, 0x9c,
    0x36, 0xf0, 0x9c, 0x85, 0xfe, 0x35, 0x34, 0x37, 0xc0, 0xff, 0x33, 0x33,
    0x37, 0x3e, 0xff, 0x34, 0x34, 0x34, 0x1e, 0xff, 0x35, 0x34, 0x37, 0xff,
    0xc0, 0xfe, 0x62, 0x4d, 0x50, 0xa8, 0x8e, 0xe1, 0xfe, 0xfd, 0xfd, 0xfd,
    0x7f, 0xfe, 0xa6, 0x95, 0x97, 0x36, 0xcf, 0xa6, 0x88, 0x17, 0xc1, 0xfe,
    0xc0, 0xb4, 0xb5, 0x36, 0xc6, 0x2d, 0x17, 0xc1, 0x85, 0x9d, 0x36, 0xc3,
    0xfe, 0xc9, 0xbf, 0xc0, 0x17, 0xc1, 0xfe, 0xdb, 0xd5, 0xd5, 0xfe, 0x81,
    0x69, 0x6b, 0x36, 0xc7, 0xaf, 0x86, 0xfe, 0xfb, 0xfb, 0xfb, 0x17, 0xc0,
    0xfe, 0xa5, 0x94, 0x96, 0x36, 0xc7, 0xfe, 0xae, 0x9f, 0xa0, 0x17, 0xc0,
    0x97, 0x8a, 0xfe, 0x73, 0x58, 0x5b, 0x36, 0xc1, 0xfe, 0xac, 0x9c, 0x9e,
    0x17, 0xc1, 0xfe, 0x7c, 0x63, 0x66, 0x36, 0xc8, 0xa2, 0x88, 0x36, 0xc2,
    0xfe, 0xe5, 0xe0, 0xe0, 0x17, 0xc0, 0xfe, 0xd1, 0xc9, 0xca, 0x36, 0xc8,
    0x7f, 0xc0, 0x36, 0xcf, 0xfe, 0xe0, 0xda, 0xdb, 0x17, 0xc0, 0xfe, 0xd3,
    0xcb, 0xcc, 0x36, 0xc3, 0xa4, 0x88, 0xfe, 0xf4, 0xf3, 0xf3, 0x17, 0xc0,
    0xfe, 0xd9, 0xd2, 0xd3, 0x36, 0xc7, 0xfe, 0xcb, 0xc1, 0xc2, 0x17, 0xc0,
    0x2a, 0xfe, 0x7b, 0x62, 0x65, 0x36, 0xdb, 0xac, 0x87, 0xfe, 0xef, 0xed,
    0xed, 0x17, 0xc0, 0x99, 0x89, 0xfe, 0x7e, 0x65, 0x68, 0x36, 0xc8, 0xfe,
    0x99, 0x85, 0x88, 0xfe, 0xc2, 0xb7, 0xb8, 0xc1, 0x90, 0x8b, 0x36, 0xf3,
    0x9c, 0x79, 0x92, 0x4b, 0xfd, 0xfd, 0xd8, 0xfe, 0xfd, 0xfc, 0xfc, 0x17,
    0xfe, 0x9d, 0x89, 0x88, 0x35, 0xfd, 0xfc, 0xfe, 0xae, 0x9e, 0x9d, 0x17,
    0x89, 0x8c, 0x35, 0xe1, 0xfe, 0x8f, 0x79, 0x77, 0x17, 0xc1, 0xfe, 0x94,
    0x7f, 0x7e, 0x35, 0xd6, 0xa9, 0x87, 0x1e, 0x17, 0xc0, 0xfe, 0xdf, 0xd9,
    0xd9, 0xfe, 0x62, 0x43, 0x41, 0xc8, 0xfe, 0xb2, 0xa2, 0xa1, 0x17, 0xc1,
    0x80, 0x8d, 0x35, 0xf1, 0xa2, 0x88, 0xb0, 0xd4, 0xfd, 0xfd, 0xfd, 0xfd,
    0xda, 0xfe, 0xb5, 0xa7, 0xa9, 0x17, 0x8b, 0x9c, 0x36, 0xf0, 0x9c, 0x85,
    0x11, 0xc0, 0xff, 0x33, 0x33, 0x37, 0x3e, 0xff, 0x34, 0x34, 0x34, 0x1e,
    0xff, 0x35, 0x34, 0x37, 0xff, 0xc0, 0xfe, 0x62, 0x4d, 0x50, 0xa8, 0x8e,
    0xe1, 0xfe, 0xfd, 0xfd, 0xfd, 0x7f, 0xfe, 0xa6, 0x95, 0x97, 0x36, 0xcf,
    0xa6, 0x88, 0x17, 0xc1, 0xfe, 0xc0, 0xb4, 0xb5, 0x36, 0xc4, 0xa8, 0x87,
    0xfe, 0xb5, 0xa7, 0xa9, 0xfe, 0xfc, 0xfc, 0xfc, 0x17, 0xc1, 0xfe, 0x9c,
    0x89, 0x8b, 0x36, 0xc3, 0xfe, 0xc9, 0xbf, 0xc0, 0x17, 0xc0, 0x84, 0x8c,
    0xfe, 0x72, 0x57, 0x5a, 0x36, 0xc8, 0xfe, 0xad, 0x9d, 0x9f, 0x17, 0xc0,
    0x8d, 0x9b, 0xfe, 0x71, 0x56, 0x59, 0x36, 0xc7, 0xb5, 0x85, 0x17, 0xc1,
    0xfe, 0x8b, 0x75, 0x78, 0x36, 0xc1, 0xfe, 0xae, 0x9f, 0xa0, 0x17, 0xc1,
    0xfe, 0x8b, 0x75, 0x77, 0x36, 0xcd, 0xfe, 0xe7, 0xe3, 0xe3, 0x17, 0xc0,
    0xfe, 0xe0, 0xdb, 0xdb, 0x36, 0xdb, 0xfe, 0xca, 0xc0, 0xc1, 0x17, 0xc0,
    0xfe, 0xdf, 0xd9, 0xda, 0x36, 0xc3, 0xfe, 0x99, 0x86, 0x88, 0x17, 0xc1,
    0xfe, 0x9a, 0x87, 0x8a, 0x36, 0xc7, 0xfe, 0x8c, 0x76, 0x79, 0x17, 0xc1,
    0xfe, 0xa8, 0x97, 0x99, 0x36, 0xda, 0x14, 0xfe, 0xd6, 0xce, 0xcf, 0x17,
    0xc1, 0xfe, 0xaf, 0x9f, 0xa1, 0x36, 0xfd, 0xc5, 0x98, 0x6a, 0x96, 0x5a,
    0xfd, 0xfd, 0xd8, 0xfe, 0xfd, 0xfc, 0xfc, 0x17, 0xfe, 0x9d, 0x89, 0x88,
    0x35, 0xfd, 0xfc, 0xfe, 0xae, 0x9e, 0x9d, 0x17, 0x89, 0x8c, 0x35, 0xe1,
    0xfe, 0x8f, 0x79, 0x77, 0x17, 0xc1, 0xfe, 0x94, 0x7f, 0x7e, 0x35, 0xd6,
    0xfe, 0xb0, 0xa1, 0xa0, 0x17, 0xc1, 0xfe, 0xa4, 0x92, 0x90, 0x35, 0xc8,
    0xfe, 0xb2, 0xa2, 0xa1, 0x17, 0xc1, 0x80, 0x8d, 0x35, 0xf2, 0xaf, 0xc5,
    0xa3, 0x97, 0xfd, 0xfd, 0xfd, 0xfd, 0xd9, 0x26, 0x17, 0x8b, 0x9c, 0x36,
    0xf0, 0x9c, 0x85, 0x11, 0xc0, 0xff, 0x33, 0x33, 0x37, 0x3e, 0xff, 0x34,
    0x34, 0x34, 0x1e, 0xff, 0x35, 0x34, 0x37, 0xff, 0xc0, 0xfe, 0x62, 0x4d,
    0x50, 0xa8, 0x8e, 0xe1, 0xfe, 0xfd, 0xfd, 0xfd, 0x7f, 0xfe, 0xa6, 0x95,
    0x97, 0x36, 0xcf, 0xa6, 0x88, 0x17, 0xc1, 0xfe, 0xdd, 0xd7, 0xd7, 0xfe,
    0xb3, 0xa5, 0xa6, 0xc1, 0xa7, 0x87, 0xad, 0x86, 0xbb, 0x84, 0xfe, 0xf8,
    0xf7, 0xf7, 0x17, 0xc2, 0xfe, 0xbf, 0xb3, 0xb5, 0x36, 0xc4, 0xfe, 0xc9,
    0xbf, 0xc0, 0x17, 0xc0, 0xfe, 0xe0, 0xda, 0xdb, 0x36, 0xc9, 0xfe, 0xd2,
    0xca, 0xcb, 0x17, 0xc0, 0xfe, 0xc6, 0xbb, 0xbc, 0x36, 0xc9, 0xfe, 0xfa,
    0xf9, 0xf9, 0x17, 0xc0, 0xfe, 0x9f, 0x8d, 0x8f, 0x36, 0xc1, 0xfe, 0x9a,
    0x87, 0x8a, 0x17, 0xc1, 0xfe, 0xdb, 0xd5, 0xd5, 0xfe, 0x7b, 0x61, 0x64,
    0x36, 0xcc, 0xfe, 0xd3, 0xcb, 0xcc, 0x17, 0xc1, 0xfe, 0xac, 0x9d, 0x9e,
    0x36, 0xd3, 0x10, 0xb8, 0x73, 0xb3, 0x85, 0xb1, 0x86, 0xaf, 0x85, 0xac,
    0x76, 0xaa, 0x87, 0xfe, 0xeb, 0xe7, 0xe8, 0xb7, 0x74, 0xc0, 0xfe, 0xe2,
    0xdd, 0xdd, 0x36, 0xc3, 0xfe, 0xbb, 0xaf, 0xb0, 0x17, 0xc0, 0x08, 0x10,
    0x36, 0xc8, 0xfe, 0xf3, 0xf1, 0xf1, 0x17, 0xc0, 0x2f, 0x36, 0xda, 0xfe,
    0xc0, 0xb5, 0xb6, 0x17, 0xc1, 0xfe, 0xd5, 0xcd, 0xcd, 0xfe, 0x71, 0x56,
    0x59, 0x36, 0xfd, 0xc5, 0x94, 0x5b, 0x9a, 0x69, 0xfd, 0xfd, 0xd8, 0xfe,
    0xfd, 0xfc, 0xfc, 0x17, 0xfe, 0x9d, 0x89, 0x88, 0x35, 0xfd, 0xfc, 0xfe,
    0xae, 0x9e, 0x9d, 0x17, 0x89, 0x8c, 0x35, 0xe1, 0xfe, 0x8f, 0x79, 0x77,
    0x17, 0xc1, 0xfe, 0x94, 0x7f, 0x7e, 0x35, 0xd5, 0xfe, 0x7f, 0x65, 0x64,
    0xfe, 0xfa, 0xf9, 0xf9, 0x17, 0xc0, 0x8a, 0x7b, 0xfe, 0x67, 0x49, 0x47,
    0x35, 0xc8, 0xfe, 0x80, 0x67, 0x65, 0x05, 0xc1, 0x94, 0x89, 0x35, 0xf2,
    0xa9, 0xb6, 0xa9, 0xa6, 0xfd, 0xfd, 0xfd, 0xfd, 0xd9, 0xfe, 0xb5, 0xa7,
    0xa9, 0x17, 0x8b, 0x9c, 0x36, 0xf0, 0x9c, 0x85, 0x11, 0xc0, 0xff, 0x33,
    0x33, 0x37, 0x3e, 0xff, 0x34, 0x34, 0x34, 0x1e, 0xff, 0x35, 0x34, 0x37,
    0xff, 0xc0, 0xfe, 0x62, 0x4d, 0x50, 0xa8, 0x8e, 0xe1, 0xfe, 0xfd, 0xfd,
    0xfd, 0x7f, 0xfe, 0xa6, 0x95, 0x97, 0x36, 0xcf, 0xa6, 0x88, 0x17, 0xcb,
    0x08, 0xfe, 0xba, 0xad, 0xae, 0xfe, 0x70, 0x55, 0x58, 0xc5, 0xfe, 0xc9,
    0xbf, 0xc0, 0x17, 0xc0, 0xfe, 0xe0, 0xda, 0xdb, 0x36, 0xc9, 0xfe, 0xeb,
    0xe8, 0xe8, 0x17, 0xc0, 0x83, 0x8c, 0x83, 0x9d, 0xc9, 0xfe, 0xfb, 0xfa,
    0xfa, 0x17, 0xc0, 0xfe, 0xaa, 0x99, 0x9b, 0x36, 0xc1, 0xa6, 0x87, 0xfe,
    0xf3, 0xf1, 0xf1, 0x17, 0xc1, 0x97, 0x8a, 0xfe, 0xc7, 0xbc, 0xbd, 0xfe,
    0x9f, 0x8d, 0x8f, 0xfe, 0x81, 0x69, 0x6b, 0x36, 0xc9, 0xfe, 0xa3, 0x92,
    0x94, 0x17, 0xc2, 0x84, 0x8c, 0xfe, 0xb5, 0xa7, 0xa9, 0xfe, 0x93, 0x7f,
    0x81, 0xfe, 0x76, 0x5c, 0x5f, 0x36, 0xcc, 0xb7, 0x85, 0xfe, 0xb9, 0xab,
    0xad, 0xfe, 0xe3, 0xde, 0xde, 0xbe, 0x83, 0x17, 0xc7, 0xfe, 0xe2, 0xdd,
    0xdd, 0x36, 0xc3, 0xfe, 0xd2, 0xc9, 0xca, 0x17, 0xc0, 0x87, 0x9c, 0x36,
    0xc9, 0xfe, 0xda, 0xd3, 0xd4, 0x17, 0xc0, 0xfe, 0xe0, 0xdb, 0xdb, 0x36,
    0xd9, 0xfe, 0xb4, 0xa6, 0xa8, 0xfe, 0xfe, 0xfe, 0xfe, 0xc1, 0x83, 0x8c,
    0xfe, 0x79, 0x5f, 0x62, 0x36, 0xfd, 0xc6, 0x91, 0x3b, 0x9d, 0x89, 0xfd,
    0xfd, 0xd8, 0xfe, 0xfd, 0xfc, 0xfc, 0x17, 0xfe, 0x9d, 0x89, 0x88, 0x35,
    0xfd, 0xfc, 0xfe, 0xae, 0x9e, 0x9d, 0x17, 0x89, 0x8c, 0x35, 0xe1, 0xfe,
    0x8f, 0x79, 0x77, 0x17, 0xc1, 0xfe, 0x94, 0x7f, 0x7e, 0x35, 0xd4, 0xad,
    0x86, 0xfe, 0xe9, 0xe5, 0xe4, 0x17, 0xc1, 0xfe, 0x8e, 0x78, 0x76, 0x35,
    0xfd, 0xc4, 0xa4, 0x87, 0xae, 0xd5, 0xfd, 0xfd, 0xfd, 0xfd, 0xd9, 0x26,
    0x17, 0x8b, 0x9c, 0x36, 0xf0, 0x9c, 0x85, 0xfe, 0x35, 0x34, 0x37, 0xc0,
    0xff, 0x33, 0x33, 0x37, 0x3e, 0xff, 0x34, 0x34, 0x34, 0x1e, 0xff, 0x35,
    0x34, 0x37, 0xff, 0xc0, 0xfe, 0x62, 0x4d, 0x50, 0xa8, 0x8e, 0xe1, 0xfe,
    0xfd, 0xfd, 0xfd, 0x7f, 0xfe, 0xa6, 0x95, 0x97, 0x36, 0xcf, 0xa6, 0x88,
    0x17, 0xca, 0xfe, 0xda, 0xd3, 0xd4, 0xfe, 0x91, 0x7c, 0x7e, 0x36, 0xc6,
    0xfe, 0xc9, 0xbf, 0xc0, 0x17, 0xc0, 0xfe, 0xe0, 0xda, 0xdb, 0x36, 0xc9,
    0xfe, 0xfb, 0xfa, 0xfa, 0x17, 0xcf, 0xfe, 0xac, 0x9d, 0x9e, 0x36, 0xc2,
    0xfe, 0xa1, 0x8f, 0x91, 0x17, 0xc5, 0x91, 0x8a, 0xfe, 0xd6, 0xce, 0xcf,
    0xfe, 0xb4, 0xa6, 0xa8, 0xfe, 0x87, 0x71, 0x73, 0x36, 0xc5, 0x7f, 0xfe,
    0xd8, 0xd1, 0xd2, 0xfe, 0xfe, 0xfe, 0xfe, 0xc4, 0x40, 0x85, 0x9d, 0x2f,
    0xfe, 0xa3, 0x92, 0x94, 0xfe, 0x78, 0x5e, 0x61, 0x97, 0x89, 0xc6, 0xa8,
    0x87, 0xfe, 0xc5, 0xbb, 0xbc, 0x08, 0x17, 0xca, 0xfe, 0xe2, 0xdd, 0xdd,
    0x36, 0xc3, 0xfe, 0xdf, 0xd9, 0xda, 0x17, 0xc0, 0xfe, 0xdc, 0xd5, 0xd6,
    0x36, 0xc9, 0xfe, 0xcd, 0xc3, 0xc4, 0x17, 0xc0, 0x8d, 0x8b, 0x36, 0xd8,
    0xfe, 0xaf, 0xa0, 0xa2, 0x17, 0xc1, 0x8a, 0x8b, 0xfe, 0x7f, 0x67, 0x69,
    0x36, 0xfd, 0xc6, 0x55, 0x8f, 0x3c, 0xfd, 0xfd, 0xd9, 0xfe, 0xfd, 0xfc,
    0xfc, 0x17, 0xfe, 0x9d, 0x89, 0x88, 0x35, 0xfd, 0xfc, 0xfe, 0xae, 0x9e,
    0x9d, 0x17, 0x89, 0x8c, 0x35, 0xe1, 0xfe, 0x8f, 0x79, 0x77, 0x17, 0xc1,
    0xfe, 0x94, 0x7f, 0x7e, 0x35, 0xd3, 0xa5, 0x87, 0xfe, 0xd7, 0xcf, 0xcf,
    0x17, 0xc1, 0xfe, 0xb6, 0xa8, 0xa7, 0x35, 0xfd, 0xc6, 0xb0, 0xd5, 0xa2,
    0x87, 0xfd, 0xfd, 0xfd, 0xfd, 0xd8, 0xfe, 0xb5, 0xa7, 0xa9, 0x17, 0x8b,
    0x9c, 0x36, 0xf0, 0x9c, 0x85, 0x11, 0xc0, 0xff, 0x33, 0x33, 0x37, 0x3e,
    0xff, 0x34, 0x34, 0x34, 0x1e, 0xff, 0x35, 0x34, 0x37, 0xff, 0xc0, 0xfe,
    0x62, 0x4d, 0x50, 0xa8, 0x8e, 0xe1, 0xfe, 0xfd, 0xfd, 0xfd, 0x7f, 0xfe,
    0xa6, 0x95, 0x97, 0x36, 0xcf, 0xa6, 0x88, 0x17, 0xc1, 0x89, 0x9c, 0x82,
    0x8d, 0xc1, 0x40, 0x9a, 0x89, 0x90, 0x8a, 0x82, 0x9d, 0xfe, 0x81, 0x69,
    0x6c, 0x36, 0xc8, 0xfe, 0xc9, 0xbf, 0xc0, 0x17, 0xc0, 0xfe, 0xe0, 0xda,
    0xdb, 0x36, 0xc8, 0xa2, 0x88, 0x17, 0xd0, 0xfe, 0xac, 0x9d, 0x9e, 0x36,
    0xc3, 0xfe, 0x9e, 0x8c, 0x8e, 0xfe, 0xf0, 0xed, 0xee, 0x17, 0xc7, 0xfe,
    0xd7, 0xcf, 0xd0, 0xfe, 0x84, 0x6d, 0x6f, 0x36, 0xc4, 0xa7, 0x87, 0xfe,
    0xc4, 0xb9, 0xbb, 0xfe, 0xfc, 0xfc, 0xfc, 0x17, 0xc6, 0x98, 0x89, 0xfe,
    0xb6, 0xa9, 0xaa, 0xfe, 0x72, 0x57, 0x5a, 0x36, 0xc3, 0xa8, 0x87, 0xfe,
    0xe0, 0xdb, 0xdb, 0x17, 0xc2, 0x96, 0x8a, 0xfe, 0xd7, 0xd0, 0xd1, 0x87,
    0x8c, 0x8b, 0x9c, 0x91, 0x8a, 0x92, 0x9b, 0x94, 0x79, 0xfe, 0xce, 0xc5,
    0xc6, 0x17, 0xc0, 0xfe, 0xe2, 0xdd, 0xdd, 0x36, 0xc3, 0xfe, 0xe4, 0xdf,
    0xe0, 0x17, 0xc0, 0xfe, 0xd6, 0xce, 0xcf, 0x36, 0xc9, 0xfe, 0xc6, 0xbb,
    0xbc, 0x17, 0xc0, 0x93, 0x8a, 0x36, 0xd7, 0xfe, 0xad, 0x9e, 0xa0, 0x17,
    0xc1, 0x8b, 0x9c, 0x0d, 0x36, 0xfd, 0xc7, 0x9b, 0x79, 0x93, 0x4b, 0xfd,
    0xfd, 0xd9, 0xfe, 0xfd, 0xfc, 0xfc, 0x17, 0xfe, 0x9d, 0x89, 0x88, 0x35,
    0xfd, 0xfc, 0xfe, 0xae, 0x9e, 0x9d, 0x17, 0x89, 0x8c, 0x35, 0xe1, 0xfe,
    0x8f, 0x79, 0x77, 0x17, 0xc1, 0xfe, 0x94, 0x7f, 0x7e, 0x35, 0xd2, 0xa2,
    0x88, 0xfe, 0xcb, 0xc1, 0xc0, 0x17, 0xc1, 0xfe, 0xcd, 0xc3, 0xc2, 0x13,
    0x35, 0xfd, 0xc6, 0xab, 0xb6, 0xa7, 0xa6, 0xfd, 0xfd, 0xfd, 0xfd, 0xd8,
    0xfe, 0xb5, 0xa7, 0xa9, 0x17, 0x3b, 0x36, 0xf0, 0x9c, 0x85, 0xfe, 0x35,
    0x34, 0x37, 0xc0, 0xff, 0x33, 0x33, 0x37, 0x3e, 0xff, 0x34, 0x34, 0x34,
    0x1e, 0xff, 0x35, 0x34, 0x37, 0xff, 0xc0, 0xfe, 0x62, 0x4d, 0x50, 0xa8,
    0x8e, 0xe1, 0xfe, 0xfd, 0xfd, 0xfd, 0x7f, 0xfe, 0xa6, 0x95, 0x97, 0x36,
    0xcf, 0xa6, 0x88, 0x17, 0xc1, 0xfe, 0xc0, 0xb4, 0xb5, 0x36, 0xd0, 0xfe,
    0xc9, 0xbf, 0xc0, 0x17, 0xc0, 0xfe, 0xe0, 0xda, 0xdb, 0x36, 0xc9, 0x17,
    0xc1, 0xfe, 0xb5, 0xa7, 0xa8, 0x36, 0xd3, 0xa4, 0x88, 0xfe, 0xa2, 0x90,
    0x92, 0xfe, 0xcf, 0xc6, 0xc7, 0xfe, 0xf2, 0xf0, 0xf0, 0x17, 0xc5, 0x94,
    0x8a, 0xfe, 0x86, 0x6f, 0x72, 0x36, 0xc5, 0xb5, 0x85, 0xfe, 0xb4, 0xa6,
    0xa8, 0xfe, 0xde, 0xd7, 0xd8, 0xfe, 0xfb, 0xfb, 0xfb, 0xa3, 0x88, 0xc5,
    0xfe, 0xd0, 0xc7, 0xc8, 0x36, 0xc3, 0xfe, 0xc4, 0xb9, 0xba, 0x17, 0xc1,
    0x85, 0x8c, 0xfe, 0x9a, 0x87, 0x8a, 0xfe, 0x72, 0x57, 0x5a, 0x36, 0xc4,
    0xfe, 0xc5, 0xbb, 0xbc, 0x17, 0xc0, 0xfe, 0xe2, 0xdd, 0xdd, 0x36, 0xc3,
    0xfe, 0xe1, 0xdc, 0xdd, 0x17, 0xc0, 0xfe, 0xda, 0xd3, 0xd3, 0x36, 0xc9,
    0xfe, 0xcb, 0xc1, 0xc2, 0x17, 0xc0, 0x8f, 0x9b, 0x36, 0xd6, 0xfe, 0xb4,
    0xa5, 0xa7, 0x17, 0xc1, 0x8a, 0x8b, 0xfe, 0x81, 0x69, 0x6c, 0x36, 0xfd,
    0xc8, 0x98, 0x6a, 0x96, 0x5a, 0xfd, 0xfd, 0xd9, 0xfe, 0xfd, 0xfc, 0xfc,
    0x17, 0xfe, 0x9d, 0x89, 0x88, 0x35, 0xfd, 0xfc, 0xfe, 0xae, 0x9e, 0x9d,
    0x17, 0x89, 0x8c, 0x35, 0xe1, 0xfe, 0x8f, 0x79, 0x77, 0x17, 0xc1, 0xfe,
    0x94, 0x7f, 0x7e, 0x35, 0xd1, 0x7f, 0xfe, 0xc4, 0xb9, 0xb8, 0x17, 0xc1,
    0xfe, 0xd7, 0xcf, 0xcf, 0xfe, 0x67, 0x49, 0x47, 0x35, 0xfd, 0xc7, 0xa6,
    0xa7, 0xac, 0xb5, 0xfd, 0xfd, 0xfd, 0xfd, 0xd8, 0xfe, 0xb5, 0xa7, 0xa9,
    0x17, 0x8b, 0x9c, 0x36, 0xf0, 0x9c, 0x85, 0xfe, 0x35, 0x34, 0x37, 0xc0,
    0xff, 0x33, 0x33, 0x37, 0x3e, 0xff, 0x34, 0x34, 0x34, 0x1e, 0xff, 0x35,
    0x34, 0x37, 0xff, 0xc0, 0xfe, 0x62, 0x4d, 0x50, 0xa8, 0x8e, 0xe1, 0xfe,
    0xfd, 0xfd, 0xfd, 0x7f, 0xfe, 0xa6, 0x95, 0x97, 0x36, 0xcf, 0xa6, 0x88,
    0x17, 0xc1, 0xfe, 0xc0, 0xb4, 0xb5, 0x36, 0xd0, 0xfe, 0xc9, 0xbf, 0xc0,
    0x17, 0xc0, 0xfe, 0xe0, 0xda, 0xdb, 0x36, 0xc9, 0xfe, 0xf4, 0xf2, 0xf2,
    0x17, 0xc0, 0xfe, 0xc1, 0xb5, 0xb7, 0x36, 0xd7, 0xb6, 0x74, 0xfe, 0x9e,
    0x8c, 0x8e, 0xfe, 0xbe, 0xb2, 0xb3, 0xfe, 0xe5, 0xe0, 0xe0, 0x17, 0xc2,
    0xfe, 0xdc, 0xd5, 0xd6, 0x36, 0xc8, 0xa4, 0x88, 0xbe, 0x83, 0xfe, 0xaa,
    0x9a, 0x9c, 0xfe, 0xcd, 0xc3, 0xc4, 0xfe, 0xf4, 0xf3, 0xf3, 0x17, 0xc2,
    0xfe, 0xa3, 0x91, 0x93, 0x36, 0xc1, 0xab, 0x86, 0xfe, 0xfb, 0xfb, 0xfb,
    0x17, 0xc0, 0x80, 0x8d, 0xfe, 0x77, 0x5d, 0x60, 0x36, 0xc6, 0xfe, 0xc5,
    0xbb, 0xbc, 0x17, 0xc0, 0xfe, 0xe2, 0xdd, 0xdd, 0x36, 0xc3, 0xfe, 0xd7,
    0xcf, 0xd0, 0x17, 0xc0, 0x81, 0x8d, 0x36, 0xc9, 0xfe, 0xd5, 0xcd, 0xcd,
    0x17, 0xc0, 0x83, 0x8c, 0x36, 0xd5, 0xfe, 0xbd, 0xb1, 0xb2, 0x17, 0xc1,
    0x85, 0x9d, 0xfe, 0x7f, 0x67, 0x69, 0x36, 0xfd, 0xc9, 0x95, 0x5b, 0x99,
    0x69, 0xfd, 0xfd, 0xd9, 0xfe, 0xfd, 0xfc, 0xfc, 0x17, 0xfe, 0x9d, 0x89,
    0x88, 0x35, 0xfd, 0xfc, 0xfe, 0xae, 0x9e, 0x9d, 0x17, 0x89, 0x8c, 0x35,
    0xe1, 0xfe, 0x8f, 0x79, 0x77, 0x17, 0xc1, 0xfe, 0x94, 0x7f, 0x7e, 0x35,
    0xd0, 0x7f, 0xfe, 0xc3, 0xb7, 0xb6, 0x17, 0xc1, 0xfe, 0xdb, 0xd4, 0xd3,
    0xfe, 0x69, 0x4c, 0x4a, 0x35, 0xfd, 0xc8, 0xa3, 0x87, 0xaf, 0xd5, 0xfd,
    0xfd, 0xfd, 0xfd, 0xd8, 0xfe, 0xb5, 0xa7, 0xa9, 0x17, 0x8b, 0x9c, 0x36,
    0xf0, 0x9c, 0x85, 0xfe, 0x35, 0x34, 0x37, 0xc0, 0xff, 0x33, 0x33, 0x37,
    0x3e, 0xff, 0x34, 0x34, 0x34, 0x1e, 0xff, 0x35, 0x34, 0x37, 0xff, 0xc0,
    0xfe, 0x62, 0x4d, 0x50, 0xa8, 0x8e, 0xe1, 0xfe, 0xfd, 0xfd, 0xfd, 0x7f,
    0xfe, 0xa6, 0x95, 0x97, 0x36, 0xcf, 0xa6, 0x88, 0x17, 0xc1, 0xfe, 0xc0,
    0xb4, 0xb5, 0x36, 0xd0, 0xfe, 0xc9, 0xbf, 0xc0, 0x17, 0xc0, 0xfe, 0xe0,
    0xda, 0xdb, 0x36, 0xc9, 0x28, 0x17, 0xc0, 0xfe, 0xdd, 0xd7, 0xd7, 0x36,
    0xdb, 0xfe, 0x91, 0x7c, 0x7e, 0xfe, 0xef, 0xed, 0xed, 0x17, 0xc1, 0xfe,
    0x81, 0x69, 0x6b, 0x36, 0xcb, 0xa5, 0x87, 0xfe, 0xb7, 0xa9, 0xab, 0x17,
    0xc1, 0xfe, 0xd6, 0xce, 0xcf, 0x36, 0xc1, 0xfe, 0x99, 0x85, 0x88, 0x17,
    0xc1, 0xfe, 0x9c, 0x89, 0x8b, 0x36, 0xc7, 0xfe, 0xc5, 0xbb, 0xbc, 0x17,
    0xc0, 0xfe, 0xe2, 0xdd, 0xdd, 0x36, 0xc3, 0xfe, 0xc4, 0xb9, 0xba, 0x17,
    0xc0, 0x9b, 0x89, 0xfe, 0x72, 0x57, 0x5a, 0x36, 0xc8, 0xfe, 0xec, 0xe9,
    0xe9, 0x17, 0xc0, 0xfe, 0xd2, 0xc9, 0xca, 0x36, 0xd3, 0xa4, 0x87, 0xfe,
    0xcc, 0xc2, 0xc3, 0x17, 0xc1, 0xfe, 0xe1, 0xdb, 0xdc, 0xfe, 0x7c, 0x63,
    0x66, 0x36, 0xfd, 0xca, 0x92, 0x4b, 0x9c, 0x79, 0xfd, 0xfd, 0xd9, 0xfe,
    0xfd, 0xfc, 0xfc, 0x17, 0xfe, 0x9d, 0x89, 0x88, 0x35, 0xfd, 0xfc, 0xfe,
    0xae, 0x9e, 0x9d, 0x17, 0x89, 0x8c, 0x35, 0xe1, 0xfe, 0x8f, 0x79, 0x77,
    0x17, 0xc1, 0xfe, 0x94, 0x7f, 0x7e, 0x35, 0xcf, 0xa3, 0x87, 0xfe, 0xc7,
    0xbc, 0xbb, 0x17, 0xc1, 0xfe, 0xd9, 0xd2, 0xd1, 0xfe, 0x6a, 0x4c, 0x4a,
    0x97, 0x89, 0xfd, 0xca, 0xb0, 0xd5, 0xa2, 0x87, 0xfd, 0xfd, 0xfd, 0xfd,
    0xd7, 0xfe, 0xb5, 0xa7, 0xa9, 0x17, 0x8b, 0x9c, 0x36, 0xf0, 0x9c, 0x85,
    0x11, 0xc0, 0xff, 0x33, 0x33, 0x37, 0x3e, 0xff, 0x34, 0x34, 0x34, 0x1e,
    0xff, 0x35, 0x34, 0x37, 0xff, 0xc0, 0xfe, 0x62, 0x4d, 0x50, 0xa8, 0x8e,
    0xe1, 0xfe, 0xfd, 0xfd, 0xfd, 0x7f, 0xfe, 0xa6, 0x95, 0x97, 0x36, 0xcf,
    0xa6, 0x88, 0x17, 0xc1, 0xfe, 0xc0, 0xb4, 0xb5, 0x36, 0xd0, 0xfe, 0xc9,
    0xbf, 0xc0, 0x17, 0xc0, 0xfe, 0xe0, 0xda, 0xdb, 0x36, 0xc9, 0xfe, 0xbf,
    0xb3, 0xb5, 0x17, 0xc0, 0x08, 0xfe, 0x81, 0x69, 0x6b, 0x36, 0xdb, 0x2d,
    0x17, 0xc1, 0xfe, 0x96, 0x82, 0x84, 0x36, 0xcd, 0xfe, 0xdf, 0xd9, 0xda,
    0x17, 0xc0, 0x8a, 0x8b, 0x36, 0xc1, 0xfe, 0xa8, 0x97, 0x99, 0x17, 0xc1,
    0xfe, 0x82, 0x6a, 0x6d, 0x36, 0xc7, 0xfe, 0xc5, 0xbb, 0xbc, 0x17, 0xc0,
    0xfe, 0xe2, 0xdd, 0xdd, 0x36, 0xc3, 0xfe, 0xa5, 0x94, 0x96, 0x17, 0xc1,
    0xfe, 0x8f, 0x7a, 0x7c, 0x36, 0xc7, 0xb3, 0x85, 0x17, 0xc1, 0xfe, 0xb4,
    0xa5, 0xa7, 0x36, 0xd2, 0xaa, 0x87, 0xfe, 0xda, 0xd3, 0xd3, 0x17, 0xc1,
    0xfe, 0xd5, 0xcd, 0xce, 0xfe, 0x76, 0x5c, 0x5f, 0x36, 0xfd, 0xcb, 0x8f,
    0x3c, 0x55, 0xfd, 0xfd, 0xd9, 0xfe, 0xfd, 0xfc, 0xfc, 0x17, 0xfe, 0x9d,
    0x89, 0x88, 0x35, 0xfd, 0xfc, 0xfe, 0xae, 0x9e, 0x9d, 0x17, 0x89, 0x8c,
    0x35, 0xe1, 0xfe, 0x8f, 0x79, 0x77, 0x17, 0xc1, 0xfe, 0x94, 0x7f, 0x7e,
    0x35, 0xce, 0xa6, 0x87, 0xfe, 0xce, 0xc4, 0xc4, 0x17, 0xc1, 0xfe, 0xd5,
    0xcd, 0xcd, 0xfe, 0x69, 0x4b, 0x49, 0x35, 0xfd, 0xcb, 0xad, 0xb5, 0xa5,
    0xa7, 0xfd, 0xfd, 0xfd, 0xfd, 0xd7, 0xfe, 0xb5, 0xa7, 0xa9, 0x17, 0x8b,
    0x9c, 0x36, 0xf0, 0x9c, 0x85, 0x11, 0xc0, 0xff, 0x33, 0x33, 0x37, 0x3e,
    0xff, 0x34, 0x34, 0x34, 0x1e, 0xff, 0x35, 0x34, 0x37, 0xff, 0xc0, 0xfe,
    0x62, 0x4d, 0x50, 0xa8, 0x8e, 0xe1, 0xfe, 0xfd, 0xfd, 0xfd, 0x7f, 0xfe,
    0xa6, 0x95, 0x97, 0x36, 0xcf, 0xa6, 0x88, 0x17, 0xc1, 0xfe, 0xc0, 0xb4,
    0xb5, 0x36, 0xd0, 0xfe, 0xc9, 0xbf, 0xc0, 0x17, 0xc0, 0xfe, 0xe0, 0xda,
    0xdb, 0x36, 0xc9, 0xfe, 0x91, 0x7c, 0x7e, 0x17, 0xc1, 0xfe, 0xcb, 0xc1,
    0xc2, 0x36, 0xca, 0xa2, 0x88, 0x36, 0xc2, 0xaa, 0x86, 0x36, 0xc9, 0xfe,
    0x93, 0x7e, 0x80, 0x17, 0xc1, 0xfe, 0x97, 0x83, 0x86, 0x36, 0xc1, 0x3e,
    0x36, 0xc9, 0xfe, 0xcc, 0xc2, 0xc3, 0x17, 0xc0, 0x8b, 0x9c, 0x36, 0xc1,
    0xfe, 0xa8, 0x98, 0x9a, 0x17, 0xc1, 0xfe, 0x89, 0x73, 0x75, 0x36, 0xc7,
    0xfe, 0xc7, 0xbc, 0xbd, 0x17, 0xc0, 0xfe, 0xe2, 0xdd, 0xdd, 0x36, 0xc3,
    0xaf, 0x86, 0xfe, 0xfc, 0xfc, 0xfc, 0x17, 0xc0, 0x2f, 0x36, 0xc7, 0xfe,
    0xb9, 0xac, 0xad, 0x17, 0xc1, 0xfe, 0x89, 0x72, 0x75, 0x36, 0xd1, 0xb4,
    0x75, 0xfe, 0xe6, 0xe2, 0xe2, 0x17, 0xc1, 0xfe, 0xc5, 0xbb, 0xbc, 0x14,
    0x36, 0xd1, 0xb7, 0x85, 0xb9, 0x73, 0xc1, 0x98, 0x89, 0x36, 0xf1, 0x9e,
    0x78, 0x90, 0x4c, 0xfd, 0xfd, 0xda, 0xfe, 0xfd, 0xfc, 0xfc, 0x17, 0xfe,
    0x9d, 0x89, 0x88, 0x35, 0xfd, 0xfc, 0xfe, 0xae, 0x9e, 0x9d, 0x17, 0x89,
    0x8c, 0x35, 0xe1, 0xfe, 0x8f, 0x79, 0x77, 0x17, 0xc1, 0xfe, 0x94, 0x7f,
    0x7e, 0x35, 0xcd, 0xad, 0x86, 0xfe, 0xda, 0xd3, 0xd3, 0x17, 0xc1, 0xfe,
    0xcd, 0xc3, 0xc2, 0xfe, 0x67, 0x49, 0x47, 0x35, 0xfd, 0xcc, 0xaa, 0xa6,
    0xa8, 0xb6, 0xfd, 0xfd, 0xfd, 0xfd, 0xd7, 0xfe, 0xb5, 0xa7, 0xa9, 0x17,
    0x3b, 0x36, 0xf0, 0x9c, 0x85, 0x11, 0xc0, 0xff, 0x33, 0x33, 0x37, 0x3e,
    0xff, 0x34, 0x34, 0x34, 0x1e, 0xff, 0x35, 0x34, 0x37, 0xff, 0xc0, 0xfe,
    0x62, 0x4d, 0x50, 0xa8, 0x8e, 0xe1, 0xfe, 0xfd, 0xfd, 0xfd, 0x7f, 0xfe,
    0xa6, 0x95, 0x97, 0x36, 0xcf, 0xa6, 0x88, 0x17, 0xc1, 0xfe, 0xc0, 0xb4,
    0xb5, 0x36, 0xd0, 0xfe, 0xc9, 0xbf, 0xc0, 0x17, 0xc0, 0xfe, 0xe0, 0xda,
    0xdb, 0x36, 0xca, 0xfe, 0xdf, 0xd9, 0xda, 0x17, 0xc1, 0xfe, 0xaf, 0xa0,
    0xa2, 0x36, 0xc8, 0xbf, 0x83, 0xfe, 0xe0, 0xdb, 0xdb, 0x10, 0x36, 0xc1,
    0xfe, 0xbc, 0xaf, 0xb1, 0xaa, 0x76, 0xfe, 0x78, 0x5f, 0x62, 0x36, 0xc7,
    0xfe, 0xac, 0x9c, 0x9e, 0xfe, 0xfe, 0xfe, 0xfe, 0xc1, 0xfe, 0x80, 0x68,
    0x6b, 0x36, 0xc1, 0xfe, 0xe9, 0xe5, 0xe6, 0xfe, 0x9f, 0x8d, 0x8f, 0x36,
    0xc8, 0xfe, 0xe5, 0xe0, 0xe0, 0x17, 0xc0, 0xfe, 0xd5, 0xcd, 0xce, 0x36,
    0xc1, 0xfe, 0x96, 0x82, 0x84, 0x17, 0xc1, 0xfe, 0xb3, 0xa5, 0xa6, 0x36,
    0xc5, 0xa2, 0x88, 0xfe, 0xb0, 0xa1, 0xa3, 0xfe, 0xfb, 0xfa, 0xfa, 0x17,
    0xc0, 0xfe, 0xe2, 0xdd, 0xdd, 0x36, 0xc4, 0xfe, 0xcf, 0xc6, 0xc7, 0x17,
    0xc0, 0x08, 0xfe, 0x94, 0x80, 0x82, 0x36, 0xc5, 0xbc, 0x84, 0xfe, 0xf9,
    0xf8, 0xf8, 0x17, 0xc0, 0xfe, 0xdd, 0xd7, 0xd7, 0x36, 0xd1, 0xfe, 0x8b,
    0x75, 0x78, 0xfe, 0xf0, 0xed, 0xee, 0x17, 0xc1, 0x05, 0x36, 0xd3, 0xfe,
    0xb6, 0xa9, 0xaa, 0x17, 0xc1, 0x84, 0x8c, 0x36, 0xf1, 0x9b, 0x79, 0x93,
    0x4b, 0xfd, 0xfd, 0xda, 0xfe, 0xfd, 0xfc, 0xfc, 0x17, 0xfe, 0x9d, 0x89,
    0x88, 0x35, 0xfd, 0xfc, 0xfe, 0xae, 0x9e, 0x9d, 0x17, 0x89, 0x8c, 0x35,
    0xe1, 0xfe, 0x8f, 0x79, 0x77, 0x17, 0xc1, 0xfe, 0x94, 0x7f, 0x7e, 0x35,
    0xcc, 0xb6, 0x84, 0xfe, 0xe5, 0xe0, 0xdf, 0x17, 0xc1, 0xfe, 0xbe, 0xb1,
    0xb0, 0xfe, 0x64, 0x45, 0x43, 0x40, 0xfd, 0xcd, 0xa6, 0xa7, 0xac, 0xb5,
    0xfd, 0xfd, 0xfd, 0xfd, 0xd7, 0xfe, 0xb5, 0xa7, 0xa9, 0x17, 0x8b, 0x9c,
    0x36, 0xf0, 0x9c, 0x85, 0xfe, 0x35, 0x34, 0x37, 0xc0, 0xff, 0x33, 0x33,
    0x37, 0x3e, 0xff, 0x34, 0x34, 0x34, 0x1e, 0xff, 0x35, 0x34, 0x37, 0xff,
    0xc0, 0xfe, 0x62, 0x4d, 0x50, 0xa8, 0x8e, 0xe1, 0xfe, 0xfd, 0xfd, 0xfd,
    0x7f, 0xfe, 0xa6, 0x95, 0x97, 0x36, 0xcf, 0xa6, 0x88, 0x17, 0xc1, 0xfe,
    0xc0, 0xb4, 0xb5, 0x36, 0xd0, 0xfe, 0xc9, 0xbf, 0xc0, 0x17, 0xc0, 0xfe,
    0xe0, 0xda, 0xdb, 0x36, 0xca, 0xfe, 0x8b, 0x75, 0x78, 0xfe, 0xfb, 0xfb,
    0xfb, 0x17, 0xc1, 0xfe, 0xcd, 0xc4, 0xc5, 0xfe, 0x85, 0x6e, 0x71, 0x36,
    0xc3, 0xa3, 0x88, 0xfe, 0x99, 0x86, 0x88, 0xfe, 0xd3, 0xcb, 0xcc, 0x08,
    0x17, 0x10, 0x36, 0xc1, 0xfe, 0xbd, 0xb0, 0xb1, 0x17, 0x94, 0x8a, 0xfe,
    0xb7, 0xaa, 0xab, 0xfe, 0x81, 0x69, 0x6b, 0x36, 0xc4, 0xfe, 0x91, 0x7d,
    0x7f, 0xfe, 0xf3, 0xf1, 0xf1, 0x17, 0xc0, 0xfe, 0xdb, 0xd5, 0xd5, 0x36,
    0xc2, 0xfe, 0xf6, 0xf4, 0xf4, 0x17, 0xfe, 0xdf, 0xd9, 0xd9, 0xfe, 0x9f,
    0x8d, 0x8f, 0xfe, 0x74, 0x5a, 0x5d, 0x36, 0xc3, 0xa4, 0x87, 0xfe, 0xbb,
    0xaf, 0xb0, 0x17, 0xc1, 0xfe, 0xa2, 0x91, 0x93, 0x36, 0xc1, 0xa6, 0x87,
    0xfe, 0xf6, 0xf5, 0xf5, 0xa9, 0x87, 0xc0, 0x9b, 0x88, 0x3c, 0x36, 0xc2,
    0xa2, 0x88, 0xfe, 0x9e, 0x8c, 0x8e, 0xfe, 0xe7, 0xe3, 0xe3, 0x17, 0xc2,
    0xfe, 0xe2, 0xdd, 0xdd, 0x36, 0xc4, 0xba, 0x74, 0xfe, 0xfb, 0xfa, 0xfa,
    0x17, 0xc0, 0x97, 0x89, 0xfe, 0x9d, 0x8b, 0x8d, 0x36, 0xc3, 0xfe, 0x93,
    0x7f, 0x81, 0xfe, 0xf1, 0xee, 0xee, 0xb0, 0x85, 0xc0, 0x08, 0xfe, 0x90,
    0x7b, 0x7e, 0x36, 0xd1, 0xfe, 0xdd, 0xd7, 0xd7, 0x17, 0xc1, 0xfe, 0xbf,
    0xb3, 0xb4, 0xfe, 0x8d, 0x77, 0x7a, 0xcb, 0x90, 0x7a, 0x36, 0xc6, 0xfe,
    0xb6, 0xa9, 0xaa, 0x17, 0xc1, 0x84, 0x8c, 0x36, 0xf1, 0x99, 0x59, 0x95,
    0x6b, 0xfd, 0xfd, 0xda, 0xfe, 0xfd, 0xfc, 0xfc, 0x17, 0xfe, 0x9d, 0x89,
    0x88, 0x35, 0xfd, 0xfc, 0xfe, 0xae, 0x9e, 0x9d, 0x17, 0x89, 0x8c, 0x35,
    0xe1, 0xfe, 0x8f, 0x79, 0x77, 0x17, 0xc1, 0xfe, 0x94, 0x7f, 0x7e, 0x35,
    0xcb, 0xfe, 0x7f, 0x66, 0x64, 0xfe, 0xef, 0xeb, 0xeb, 0x17, 0xc1, 0xfe,
    0xad, 0x9d, 0x9c, 0x35, 0xd2, 0xfe, 0x7e, 0x64, 0x62, 0xfe, 0x98, 0x84,
    0x82, 0xc1, 0x94, 0x8a, 0x35, 0xf4, 0xa4, 0x87, 0xae, 0xd5, 0xfd, 0xfd,
    0xfd, 0xfd, 0xd7, 0xfe, 0xb5, 0xa7, 0xa9, 0x17, 0x8b, 0x9c, 0x36, 0xf0,
    0x9c, 0x85, 0xfe, 0x35, 0x34, 0x37, 0xc0, 0xff, 0x33, 0x33, 0x37, 0x3e,
    0xff, 0x34, 0x34, 0x34, 0x1e, 0xff, 0x35, 0x34, 0x37, 0xff, 0xc0, 0xfe,
    0x62, 0x4d, 0x50, 0xa8, 0x8e, 0xe1, 0xfe, 0xfd, 0xfd, 0xfd, 0x7f, 0xfe,
    0xa6, 0x95, 0x97, 0x36, 0xcf, 0xa6, 0x88, 0x17, 0xc1, 0xfe, 0xc0, 0xb4,
    0xb5, 0x36, 0xd0, 0xfe, 0xc9, 0xbf, 0xc0, 0x17, 0xc0, 0xfe, 0xe0, 0xda,
    0xdb, 0x36, 0xcb, 0xfe, 0xa3, 0x91, 0x93, 0xfe, 0xfc, 0xfc, 0xfc, 0x17,
    0xc2, 0x87, 0x9c, 0x81, 0x8d, 0x94, 0x8a, 0xa4, 0x87, 0xb5, 0x85, 0xfe,
    0xf8, 0xf7, 0xf7, 0x17, 0xc2, 0x10, 0x36, 0xc1, 0xfe, 0xbd, 0xb0, 0xb1,
    0x17, 0xc2, 0xfe, 0xe2, 0xdd, 0xdd, 0x2b, 0x8f, 0x8a, 0x66, 0xaf, 0x86,
    0xfe, 0xe1, 0xdb, 0xdc, 0x17, 0xc1, 0x99, 0x89, 0xfe, 0x8a, 0x73, 0x76,
    0x36, 0xc2, 0xfe, 0xf6, 0xf4, 0xf4, 0x17, 0xc1, 0x97, 0x8a, 0xfe, 0xd5,
    0xcd, 0xcd, 0x84, 0xad, 0x96, 0x79, 0xa5, 0x87, 0xb7, 0x85, 0xfe, 0xf2,
    0xef, 0xef, 0x17, 0xc1, 0xfe, 0xd8, 0xd1, 0xd1, 0xfe, 0x71, 0x56, 0x59,
    0x36, 0xc2, 0xfe, 0xb6, 0xa8, 0xaa, 0x17, 0xc2, 0x8d, 0x9b, 0x30, 0x9a,
    0x99, 0xac, 0x76, 0x0f, 0x17, 0xc1, 0x9c, 0x89, 0x17, 0xc0, 0xfe, 0xe2,
    0xdd, 0xdd, 0x36, 0xc5, 0xfe, 0xa9, 0x99, 0x9b, 0x17, 0xc2, 0x82, 0x8d,
    0x18, 0x23, 0xaa, 0x97, 0xfe, 0xde, 0xd8, 0xd9, 0x17, 0xc2, 0x3a, 0x36,
    0xd2, 0xfe, 0xde, 0xd7, 0xd8, 0x17, 0xcf, 0xfe, 0xba, 0xad, 0xae, 0xfe,
    0x70, 0x55, 0x58, 0xc6, 0x3a, 0x17, 0xc1, 0x84, 0x8c, 0x36, 0xf1, 0x96,
    0x5a, 0x98, 0x6a, 0xfd, 0xfd, 0xda, 0xfe, 0xfd, 0xfc, 0xfc, 0x17, 0xfe,
    0x9d, 0x89, 0x88, 0x35, 0xfd, 0xfc, 0xfe, 0xae, 0x9e, 0x9d, 0x17, 0x89,
    0x8c, 0x35, 0xe1, 0xfe, 0x8f, 0x79, 0x77, 0x17, 0xc1, 0xfe, 0x94, 0x7f,
    0x7e, 0x35, 0xca, 0xfe, 0x8d, 0x77, 0x76, 0x1e, 0x17, 0xc0, 0x9d, 0x88,
    0xfe, 0x9c, 0x88, 0x87, 0x35, 0xd3, 0xfe, 0xb2, 0xa2, 0xa1, 0x17, 0xc1,
    0x80, 0x8d, 0x35, 0xf4, 0x7f, 0xb1, 0xd4, 0xfd, 0xfd, 0xfd, 0xfd, 0xd7,
    0xfe, 0xb5, 0xa7, 0xa9, 0x17, 0x8b, 0x9c, 0x36, 0xf0, 0x9c, 0x85, 0xfe,
    0x35, 0x34, 0x37, 0xc0, 0xff, 0x33, 0x33, 0x37, 0x3e, 0xff, 0x34, 0x34,
    0x34, 0x1e, 0xff, 0x35, 0x34, 0x37, 0xff, 0xc0, 0xfe, 0x62, 0x4d, 0x50,
    0xa8, 0x8e, 0xe1, 0xfe, 0xfd, 0xfd, 0xfd, 0x7f, 0xfe, 0xa6, 0x95, 0x97,
    0x36, 0xcf, 0xa6, 0x88, 0x17, 0xc1, 0xfe, 0xc0, 0xb4, 0xb5, 0x36, 0xd0,
    0xfe, 0xc9, 0xbf, 0xc0, 0x17, 0xc0, 0xfe, 0xe0, 0xda, 0xdb, 0x36, 0xcc,
    0xfe, 0x97, 0x83, 0x86, 0xfe, 0xf1, 0xef, 0xef, 0x17, 0xca, 0x91, 0x8b,
    0xfe, 0x74, 0x59, 0x5c, 0x36, 0xc1, 0xfe, 0xb0, 0xa1, 0xa3, 0x17, 0xca,
    0x93, 0x8a, 0xfe, 0x93, 0x7f, 0x81, 0x36, 0xc3, 0xfe, 0xe9, 0xe5, 0xe5,
    0x17, 0xca, 0xfe, 0xd6, 0xce, 0xcf, 0xfe, 0x77, 0x5d, 0x60, 0x36, 0xc3,
    0xa2, 0x88, 0xfe, 0xd4, 0xcc, 0xcd, 0x17, 0xc7, 0x9b, 0x89, 0xfe, 0xb0,
    0xa1, 0xa2, 0xbb, 0x84, 0x17, 0xc0, 0xfe, 0xe2, 0xdd, 0xdd, 0x36, 0xc6,
    0xfe, 0xad, 0x9e, 0xa0, 0x08, 0x17, 0xc8, 0xfe, 0xb9, 0xac, 0xad, 0x36,
    0xd3, 0xfe, 0xde, 0xd7, 0xd8, 0x17, 0xcf, 0xfe, 0xba, 0xad, 0xae, 0xfe,
    0x70, 0x55, 0x58, 0xc6, 0xfe, 0xb6, 0xa9, 0xaa, 0x17, 0xc1, 0x84, 0x8c,
    0x36, 0xf1, 0x93, 0x5b, 0x9b, 0x69, 0xfd, 0xfd, 0xda, 0xfe, 0xfd, 0xfc,
    0xfc, 0x17, 0xfe, 0x9d, 0x89, 0x88, 0x35, 0xfd, 0xfc, 0xfe, 0xae, 0x9e,
    0x9d, 0x17, 0x89, 0x8c, 0x35, 0xe1, 0xfe, 0x8f, 0x79, 0x77, 0x17, 0xc1,
    0xfe, 0x94, 0x7f, 0x7e, 0x35, 0xca, 0xfe, 0xe5, 0xe0, 0xe0, 0x17, 0xc1,
    0xfe, 0xb3, 0xa4, 0xa3, 0xfe, 0x89, 0x72, 0x70, 0xcb, 0x88, 0x8c, 0x35,
    0xc6, 0xfe, 0xb2, 0xa2, 0xa1, 0x17, 0xc1, 0x80, 0x8d, 0x35, 0xf5, 0xb0,
    0xd5, 0xa2, 0x87, 0xfd, 0xfd, 0xfd, 0xfd, 0xd6, 0xfe, 0xb5, 0xa7, 0xa9,
    0x17, 0x8b, 0x9c, 0x36, 0xf0, 0x9c, 0x85, 0x11, 0xc0, 0xff, 0x33, 0x33,
    0x37, 0x3e, 0xff, 0x34, 0x34, 0x34, 0x1e, 0xff, 0x35, 0x34, 0x37, 0xff,
    0xc0, 0xfe, 0x62, 0x4d, 0x50, 0xa8, 0x8e, 0xe1, 0xfe, 0xfd, 0xfd, 0xfd,
    0x7f, 0xfe, 0xa6, 0x95, 0x97, 0x36, 0xcf, 0xa6, 0x88, 0x17, 0xc1, 0xfe,
    0xc0, 0xb4, 0xb5, 0x36, 0xd0, 0xfe, 0xc9, 0xbf, 0xc0, 0x17, 0xc0, 0xfe,
    0xe0, 0xda, 0xdb, 0x36, 0xcd, 0xa8, 0x87, 0xfe, 0xb2, 0xa4, 0xa6, 0xfe,
    0xe9, 0xe5, 0xe6, 0x17, 0xc5, 0x97, 0x8a, 0xfe, 0xcd, 0xc4, 0xc5, 0xfe,
    0x9e, 0x8b, 0x8d, 0xfe, 0x73, 0x58, 0x5b, 0x36, 0xc3, 0xbe, 0x73, 0xfe,
    0xbf, 0xb3, 0xb4, 0xfe, 0xed, 0xea, 0xea, 0x17, 0xc5, 0x95, 0x89, 0x18,
    0xfe, 0x7c, 0x63, 0x66, 0x36, 0xc4, 0x23, 0xfe, 0xa0, 0x8e, 0x90, 0xfe,
    0xd2, 0xc9, 0xca, 0xfe, 0xf9, 0xf9, 0xf9, 0x17, 0xc5, 0x80, 0x8d, 0xfe,
    0xa3, 0x92, 0x94, 0x36, 0xc6, 0xa2, 0x88, 0xfe, 0xba, 0xad, 0xae, 0x0c,
    0x17, 0xc3, 0x9d, 0x88, 0xfe, 0xcc, 0xc2, 0xc3, 0xfe, 0x85, 0x6e, 0x71,
    0x87, 0x8c, 0xfe, 0xc5, 0xbb, 0xbc, 0x17, 0xc0, 0xfe, 0xe2, 0xdd, 0xdd,
    0x36, 0xc7, 0xfe, 0x8e, 0x79, 0x7b, 0xfe, 0xdb, 0xd5, 0xd5, 0x17, 0xc5,
    0xfe, 0xe1, 0xdc, 0xdd, 0xfe, 0x95, 0x81, 0x83, 0x36, 0xd4, 0xfe, 0xde,
    0xd7, 0xd8, 0x17, 0xcf, 0xfe, 0xba, 0xad, 0xae, 0xfe, 0x70, 0x55, 0x58,
    0xc6, 0xfe, 0xb6, 0xa9, 0xaa, 0x17, 0xc1, 0x84, 0x8c, 0x36, 0xf1, 0x91,
    0x4c, 0x9d, 0x78, 0xfd, 0xfd, 0xda, 0xfe, 0xfd, 0xfc, 0xfc, 0x17, 0xfe,
    0x9d, 0x89, 0x88, 0x35, 0xfd, 0xfc, 0xfe, 0xae, 0x9e, 0x9d, 0x17, 0x89,
    0x8c, 0x35, 0xe1, 0xfe, 0x8f, 0x79, 0x77, 0x17, 0xc1, 0xfe, 0x94, 0x7f,
    0x7e, 0x35, 0xca, 0xfe, 0xe6, 0xe1, 0xe1, 0x17, 0xcf, 0xfe, 0xad, 0x9d,
    0x9c, 0x35, 0xc6, 0xfe, 0xb2, 0xa2, 0xa1, 0x17, 0xc1, 0x80, 0x8d, 0x35,
    0xf5, 0xae, 0xc5, 0xa4, 0x97, 0xfd, 0xfd, 0xfd, 0xfd, 0xd6, 0xfe, 0xb5,
    0xa7, 0xa9, 0x17, 0x8b, 0x9c, 0x36, 0xf0, 0x9c, 0x85, 0xfe, 0x35, 0x34,
    0x37, 0xc0, 0xff, 0x33, 0x33, 0x37, 0x3e, 0xff, 0x34, 0x34, 0x34, 0x1e,
    0xff, 0x35, 0x34, 0x37, 0xff, 0xc0, 0xfe, 0x62, 0x4d, 0x50, 0xa8, 0x8e,
    0xe1, 0xfe, 0xfd, 0xfd, 0xfd, 0x7f, 0xfe, 0xa6, 0x95, 0x97, 0x36, 0xfc,
    0xb6, 0x74, 0xbf, 0x84, 0xb1, 0x85, 0xa7, 0x87, 0x9d, 0x89, 0x92, 0x89,
    0x85, 0x9d, 0x81, 0x8d, 0x36, 0xc9, 0xb6, 0x85, 0xbe, 0x73, 0xb3, 0x85,
    0xa7, 0x87, 0x3c, 0x93, 0x89, 0x85, 0x9d, 0x14, 0x36, 0xc9, 0xa4, 0x88,
    0xfe, 0x8e, 0x79, 0x7b, 0xb8, 0x85, 0x3c, 0x31, 0x0f, 0x16, 0xfe, 0x80,
    0x68, 0x6b, 0x36, 0xca, 0xae, 0x86, 0x2d, 0xba, 0x73, 0xa7, 0x88, 0x94,
    0x89, 0x83, 0x9d, 0xfe, 0x79, 0x60, 0x63, 0x95, 0x8a, 0xd0, 0xb7, 0x85,
    0xfe, 0xa7, 0x97, 0x99, 0xb8, 0x74, 0xa8, 0x98, 0x9a, 0x89, 0x89, 0x8b,
    0xfe, 0x87, 0x71, 0x73, 0x36, 0xfd, 0xeb, 0x8f, 0x3c, 0x55, 0xfd, 0xfd,
    0xda, 0xfe, 0xfd, 0xfc, 0xfc, 0x17, 0xfe, 0x9d, 0x89, 0x88, 0x35, 0xfd,
    0xfc, 0xfe, 0xae, 0x9e, 0x9d, 0x17, 0x89, 0x8c, 0x35, 0xe1, 0xfe, 0x8f,
    0x79, 0x77, 0x17, 0xc1, 0xfe, 0x94, 0x7f, 0x7e, 0x35, 0xca, 0xfe, 0xe6,
    0xe1, 0xe1, 0x17, 0xcf, 0xfe, 0xad, 0x9d, 0x9c, 0x35, 0xc6, 0xfe, 0xb2,
    0xa2, 0xa1, 0x17, 0xc1, 0x80, 0x8d, 0x35, 0xf5, 0xac, 0xb5, 0xa6, 0xa7,
    0xfd, 0xfd, 0xfd, 0xfd, 0xd6, 0xfe, 0xb5, 0xa7, 0xa9, 0x17, 0x8b, 0x9c,
    0x36, 0xf0, 0x9c, 0x85, 0xfe, 0x35, 0x34, 0x37, 0xc0, 0xff, 0x33, 0x33,
    0x37, 0x3e, 0xff, 0x34, 0x34, 0x34, 0x1e, 0xff, 0x35, 0x34, 0x37, 0xff,
    0xc0, 0xfe, 0x62, 0x4d, 0x50, 0xa8, 0x8e, 0xe1, 0xfe, 0xfd, 0xfd, 0xfd,
    0x7f, 0xfe, 0xa6, 0x95, 0x97, 0x36, 0xfd, 0xfd, 0xfd, 0xfd, 0xc8, 0x55,
    0x8f, 0x3c, 0xfd, 0xfd, 0xdb, 0xfe, 0xfd, 0xfc, 0xfc, 0x17, 0xfe, 0x9d,
    0x89, 0x88, 0x35, 0xfd, 0xfc, 0xfe, 0xae, 0x9e, 0x9d, 0x17, 0x89, 0x8c,
    0x35, 0xe1, 0xfe, 0x8f, 0x79, 0x77, 0x17, 0xc1, 0xfe, 0x94, 0x7f, 0x7e,
    0x35, 0xca, 0xfe, 0xe6, 0xe1, 0xe1, 0x17, 0xcf, 0xfe, 0xad, 0x9d, 0x9c,
    0x35, 0xc6, 0xfe, 0xb2, 0xa2, 0xa1, 0x17, 0xc1, 0x80, 0x8d, 0x35, 0xf5,
    0xaa, 0xb6, 0xa8, 0xa6, 0xfd, 0xfd, 0xfd, 0xfd, 0xd6, 0xfe, 0xb5, 0xa7,
    0xa9, 0x17, 0x8b, 0x9c, 0x36, 0xf0, 0x9c, 0x85, 0x11, 0xc0, 0xff, 0x33,
    0x33, 0x37, 0x3e, 0xff, 0x34, 0x34, 0x34, 0x1e, 0xff, 0x35, 0x34, 0x37,
    0xff, 0xc0, 0xfe, 0x62, 0x4d, 0x50, 0xa8, 0x8e, 0xe1, 0xfe, 0xfd, 0xfd,
    0xfd, 0x7f, 0xfe, 0xa6, 0x95, 0x97, 0x36, 0xfd, 0xfd, 0xfd, 0xfd, 0xc8,
    0x9e, 0x78, 0x90, 0x4c, 0xfd, 0xfd, 0xdb, 0xfe, 0xfd, 0xfc, 0xfc, 0x17,
    0xfe, 0x9d, 0x89, 0x88, 0x35, 0xfd, 0xfc, 0xfe, 0xae, 0x9e, 0x9d, 0x17,
    0x89, 0x8c, 0x35, 0xfd, 0xfd, 0xcd, 0xa9, 0xa6, 0x36, 0xfd, 0xfd, 0xfd,
    0xfd, 0xd6, 0xfe, 0xb5, 0xa7, 0xa9, 0x17, 0x8b, 0x9c, 0x36, 0xf0, 0x9c,
    0x85, 0x11, 0xc0, 0xff, 0x33, 0x33, 0x37, 0x3e, 0xff, 0x34, 0x34, 0x34,
    0x1e, 0xff, 0x35, 0x34, 0x37, 0xff, 0xc0, 0xfe, 0x62, 0x4d, 0x50, 0xa8,
    0x8e, 0xe1, 0xfe, 0xfd, 0xfd, 0xfd, 0x7f, 0xfe, 0xa6, 0x95, 0x97, 0x36,
    0xfd, 0xfd, 0xfd, 0xfd, 0xc8, 0x9c, 0x79, 0x92, 0x4b, 0xfd, 0xfd, 0xdb,
    0xfe, 0xfd, 0xfc, 0xfc, 0x17, 0xfe, 0x9d, 0x89, 0x88, 0x35, 0xfd, 0xfc,
    0xfe, 0xae, 0x9e, 0x9d, 0x17, 0x89, 0x8c, 0x35, 0xfd, 0xfd, 0xcd, 0xa7,
    0xa7, 0x36, 0xfd, 0xfd, 0xfd, 0xfd, 0xd6, 0xfe, 0xb5, 0xa7, 0xa9, 0x17,
    0x8b, 0x9c, 0x36, 0xf0, 0x9c, 0x85, 0x11, 0xc0, 0xff, 0x33, 0x33, 0x37,
    0x3e, 0xff, 0x34, 0x34, 0x34, 0x1e, 0xff, 0x35, 0x34, 0x37, 0xff, 0xc0,
    0xfe, 0x62, 0x4d, 0x50, 0xa8, 0x8e, 0xe1, 0xfe, 0xfd, 0xfd, 0xfd, 0x7f,
    0xfe, 0xa6, 0x95, 0x97, 0x36, 0xfd, 0xfd, 0xfd, 0xfd, 0xc8, 0x9b, 0x79,
    0x93, 0x4b, 0xfd, 0xfd, 0xdb, 0xfe, 0xfd, 0xfc, 0xfc, 0x17, 0xfe, 0x9d,
    0x89, 0x88, 0x35, 0xfd, 0xfc, 0xfe, 0xae, 0x9e, 0x9d, 0x17, 0x89, 0x8c,
    0x35, 0xfd, 0xfd, 0xcd, 0xa5, 0xa7, 0x36, 0xfd, 0xfd, 0xfd, 0xfd, 0xd6,
    0xfe, 0xb5, 0xa7, 0xa9, 0x17, 0x8b, 0x9c, 0x36, 0xf0, 0x9c, 0x85, 0x11,
    0xc0, 0xff, 0x33, 0x33, 0x37, 0x3e, 0xff, 0x34, 0x34, 0x34, 0x1e, 0xff,
    0x35, 0x34, 0x37, 0xff, 0xc0, 0xfe, 0x62, 0x4d, 0x50, 0xa8, 0x8e, 0xe1,
    0xfe, 0xfd, 0xfd, 0xfd, 0x7f, 0xfe, 0xa6, 0x95, 0x97, 0x36, 0xfd, 0xfd,
    0xfd, 0xfd, 0xc8, 0x9a, 0x7a, 0x94, 0x4a, 0xfd, 0xfd, 0xdb, 0xfe, 0xfd,
    0xfc, 0xfc, 0x17, 0xfe, 0x9d, 0x89, 0x88, 0x35, 0xfd, 0xfc, 0xfe, 0xae,
    0x9e, 0x9d, 0x17, 0x89, 0x8c, 0x35, 0xfd, 0xfd, 0xcd, 0xa4, 0x97, 0x36,
    0xfd, 0xfd, 0xfd, 0xfd, 0xd6, 0xfe, 0xb5, 0xa7, 0xa9, 0x17, 0x8b, 0x9c,
    0x36, 0xf0, 0x9c, 0x85, 0x11, 0xc0, 0xff, 0x33, 0x33, 0x37, 0x3e, 0xff,
    0x34, 0x34, 0x34, 0x1e, 0xff, 0x35, 0x34, 0x37, 0xff, 0xc0, 0xfe, 0x62,
    0x4d, 0x50, 0xa8, 0x8e, 0xe1, 0xfe, 0xfd, 0xfd, 0xfd, 0x7f, 0xfe, 0xa6,
    0x95, 0x97, 0x36, 0xfd, 0xfd, 0xfd, 0xfd, 0xc8, 0x9a, 0x69, 0x94, 0x5b,
    0xfd, 0xfd, 0xdb, 0xfe, 0xfd, 0xfc, 0xfc, 0x17, 0xfe, 0x9d, 0x89, 0x88,
    0x35, 0xfd, 0xfc, 0xfe, 0xae, 0x9e, 0x9d, 0x17, 0x89, 0x8c, 0x35, 0xfd,
    0xfd, 0xcd, 0xa3, 0x98, 0x36, 0xfd, 0xfd, 0xfd, 0xfd, 0xd6, 0xfe, 0xb5,
    0xa7, 0xa9, 0x17, 0x8b, 0x9c, 0x36, 0xf0, 0x9c, 0x85, 0x11, 0xc0, 0xff,
    0x33, 0x33, 0x37, 0x3e, 0xff, 0x34, 0x34, 0x34, 0x1e, 0xff, 0x35, 0x34,
    0x37, 0xff, 0xc0, 0xfe, 0x62, 0x4d, 0x50, 0xa8, 0x8e, 0xe1, 0xfe, 0xf9,
    0xf9, 0xf9, 0xa5, 0x88, 0xfe, 0xa8, 0x98, 0x9a, 0x36, 0xfd, 0xfd, 0xfd,
    0xfd, 0xc8, 0x9a, 0x69, 0x94, 0x5b, 0xfd, 0xfd, 0xda, 0xa2, 0x88, 0x17,
    0xc0, 0xfe, 0x99, 0x85, 0x84, 0x35, 0xfd, 0xfc, 0xfe, 0xab, 0x9a, 0x99,
    0x17, 0x8d, 0x8c, 0x35, 0xfd, 0xfd, 0xcd, 0x13, 0x36, 0xfd, 0xfd, 0xfd,
    0xfd, 0xd6, 0xfe, 0xb9, 0xab, 0xad, 0x17, 0x88, 0x8c, 0x36, 0xf0, 0x9c,
    0x85, 0x11, 0xc0, 0xff, 0x33, 0x33, 0x37, 0x3e, 0xff, 0x34, 0x34, 0x34,
    0x1e, 0xff, 0x35, 0x34, 0x37, 0xff, 0xc0, 0xfe, 0x62, 0x4d, 0x50, 0xa8,
    0x8e, 0xe1, 0xfe, 0xf2, 0xf0, 0xf0, 0xae, 0x86, 0xfe, 0xb1, 0xa2, 0xa4,
    0x36, 0xfd, 0xfd, 0xfd, 0xfd, 0xc8, 0x9a, 0x7a, 0x94, 0x4a, 0xfd, 0xfd,
    0xda, 0xac, 0x86, 0x17, 0xc0, 0xfe, 0x91, 0x7b, 0x7a, 0x35, 0xfd, 0xfc,
    0xfe, 0xa2, 0x90, 0x8f, 0x17, 0x98, 0x8a, 0x35, 0xfd, 0xfd, 0xcd, 0x7f,
    0x36, 0xfd, 0xfd, 0xfd, 0xfd, 0xd6, 0xfe, 0xc1, 0xb5, 0xb7, 0x17, 0xfe,
    0xe2, 0xdd, 0xdd, 0x36, 0xf0, 0x9c, 0x85, 0x11, 0xc0, 0xff, 0x33, 0x33,
    0x37, 0x3e, 0xff, 0x34, 0x34, 0x34, 0x1e, 0xff, 0x35, 0x34, 0x37, 0xff,
    0xc0, 0xfe, 0x62, 0x4d, 0x50, 0xa8, 0x8e, 0xe1, 0xfe, 0xe1, 0xdc, 0xdd,
    0xfe, 0xfe, 0xfe, 0xfe, 0xfe, 0xc4, 0xb9, 0xbb, 0x36, 0xfd, 0xfd, 0xfd,
    0xfd, 0xc8, 0x9b, 0x69, 0x93, 0x5b, 0xfd, 0xfd, 0xda, 0xfe, 0x82, 0x69,
    0x67, 0x17, 0xc0, 0xfe, 0x7f, 0x65, 0x64, 0x35, 0xfd, 0xfc, 0xfe, 0x91,
    0x7b, 0x79, 0x17, 0xc0, 0xfe, 0x70, 0x54, 0x52, 0x35, 0xfd, 0xfd, 0xcd,
    0x36, 0xfd, 0xfd, 0xfd, 0xfd, 0xd6, 0xfe, 0xd4, 0xcc, 0xcd, 0x17, 0xfe,
    0xd2, 0xc9, 0xca, 0x36, 0xf0, 0x9c, 0x85, 0x11, 0xc0, 0xff, 0x33, 0x33,
    0x37, 0x3e, 0xff, 0x34, 0x34, 0x34, 0x1e, 0xff, 0x35, 0x34, 0x37, 0xff,
    0xc0, 0xfe, 0x62, 0x4d, 0x50, 0xa8, 0x8e, 0xe1, 0xfe, 0xcb, 0xc1, 0xc2,
    0xfe, 0xfe, 0xfe, 0xfe, 0xfe, 0xe0, 0xdb, 0xdb, 0x36, 0xfd, 0xfd, 0xfd,
    0xfd, 0xc8, 0x9b, 0x69, 0x93, 0x5b, 0xfd, 0xfd, 0xda, 0xfe, 0xa1, 0x8e,
    0x8d, 0x17, 0x40, 0xfe, 0x68, 0x4a, 0x48, 0x35, 0xfd, 0xfc, 0xb9, 0x84,
    0xfe, 0xfe, 0xfe, 0xfe, 0xc0, 0xfe, 0x8f, 0x79, 0x78, 0x35, 0xfd, 0xfd,
    0xcd, 0x36, 0xfd, 0xfd, 0xfd, 0xfd, 0xd6, 0xfe, 0xf0, 0xed, 0xee, 0x17,
    0xfe, 0xba, 0xad, 0xaf, 0x36, 0xf0, 0x9c, 0x85, 0x11, 0xc0, 0xff, 0x33,
    0x33, 0x37, 0x3e, 0xff, 0x34, 0x34, 0x34, 0x1e, 0xff, 0x35, 0x34, 0x37,
    0xff, 0xc0, 0xfe, 0x62, 0x4d, 0x50, 0xa8, 0x8e, 0xe1, 0xfe, 0xa8, 0x97,
    0x99, 0xfe, 0xfe, 0xfe, 0xfe, 0x55, 0xfe, 0x7a, 0x61, 0x64, 0x36, 0xfd,
    0xfd, 0xfd, 0xfd, 0xc7, 0x9b, 0x79, 0x93, 0x4b, 0xfd, 0xfd, 0xda, 0xfe,
    0xcb, 0xc1, 0xc0, 0x17, 0xfe, 0xdc, 0xd5, 0xd5, 0x35, 0xfd, 0xfd, 0xc0,
    0xfe, 0xed, 0xea, 0xea, 0x17, 0xfe, 0xba, 0xac, 0xab, 0x35, 0xfd, 0xfd,
    0xcd, 0xb1, 0xd4, 0x36, 0xfd, 0xfd, 0xfd, 0xfd, 0xd4, 0xbd, 0x84, 0x17,
    0xc0, 0xfe, 0x98, 0x84, 0x86, 0x36, 0xf0, 0x9c, 0x85, 0x11, 0xc0, 0xff,
    0x33, 0x33, 0x37, 0x3e, 0xff, 0x34, 0x34, 0x34, 0x1e, 0xff, 0x35, 0x34,
    0x37, 0xff, 0xc0, 0xfe, 0x62, 0x4d, 0x50, 0xa8, 0x8e, 0xe1, 0xb2, 0x86,
    0xfe, 0xfd, 0xfd, 0xfd, 0x7f, 0xfe, 0xab, 0x9b, 0x9c, 0xfe, 0x70, 0x55,
    0x58, 0xfd, 0xfd, 0xfd, 0xfd, 0xc7, 0x9b, 0x79, 0x93, 0x4b, 0xfd, 0xe4,
    0xa2, 0x87, 0xa7, 0x87, 0xa5, 0x87, 0xa6, 0x86, 0xa4, 0x98, 0xa5, 0x76,
    0xa4, 0x87, 0xa4, 0x88, 0xa3, 0x87, 0xa2, 0x98, 0xa3, 0x87, 0xa2, 0x88,
    0x7f, 0xa2, 0x87, 0x7f, 0x7f, 0xc2, 0x28, 0x19, 0x40, 0x55, 0x9d, 0x8a,
    0x9d, 0x88, 0x9d, 0x89, 0x9d, 0x88, 0x9c, 0x79, 0x9b, 0x99, 0x9b, 0x8a,
    0x9b, 0x89, 0x9a, 0x79, 0x99, 0x89, 0x35, 0xd0, 0xab, 0x86, 0xfe, 0xf9,
    0xf8, 0xf8, 0xa6, 0x87, 0xfe, 0xaf, 0x9f, 0x9e, 0x35, 0xfd, 0xfd, 0xc0,
    0xfe, 0xc0, 0xb3, 0xb3, 0x17, 0x8d, 0x8c, 0xfe, 0x64, 0x45, 0x43, 0x35,
    0xfd, 0xfd, 0xcc, 0xb1, 0xd4, 0x36, 0xfd, 0xfd, 0xfd, 0xfd, 0xd4, 0xfe,
    0xba, 0xad, 0xaf, 0x17, 0x98, 0x89, 0xfe, 0x76, 0x5b, 0x5e, 0x36, 0xf0,
    0x9c, 0x85, 0x11, 0xc0, 0xff, 0x33, 0x33, 0x37, 0x3e, 0xff, 0x34, 0x34,
    0x34, 0x1e, 0xff, 0x35, 0x34, 0x37, 0xff, 0xc0, 0xfe, 0x62, 0x4d, 0x50,
    0xa8, 0x8e, 0xe2, 0xfe, 0xd8, 0xd1, 0xd2, 0xfe, 0xfe, 0xfe, 0xfe, 0x85,
    0x8c, 0xfe, 0x71, 0x56, 0x59, 0x36, 0xfd, 0xfd, 0xfd, 0xfd, 0xc6, 0x9c,
    0x79, 0x92, 0x4b, 0xfd, 0xdf, 0xab, 0x86, 0xaa, 0x96, 0xaa, 0x86, 0xaa,
    0x85, 0xa7, 0x87, 0xa5, 0x86, 0x7f, 0xde, 0x9c, 0x89, 0x99, 0x79, 0x96,
    0x8a, 0x97, 0x8b, 0x96, 0x8a, 0x94, 0x8b, 0x35, 0xca, 0xfe, 0xa9, 0x98,
    0x97, 0xfe, 0xfe, 0xfe, 0xfe, 0x55, 0xfe, 0x76, 0x5b, 0x59, 0x35, 0xfd,
    0xfd, 0xc0, 0xfe, 0x87, 0x6f, 0x6d, 0x17, 0xc0, 0xfe, 0x98, 0x84, 0x82,
    0x35, 0xfd, 0xfd, 0xcc, 0xb0, 0xd5, 0x36, 0xfd, 0xfd, 0xfd, 0xfd, 0xd3,
    0xa6, 0x88, 0xfe, 0xf2, 0xf0, 0xf0, 0x17, 0xfe, 0xc9, 0xbf, 0xc0, 0x36,
    0xf1, 0x9c, 0x85, 0xfe, 0x35, 0x34, 0x37, 0xc0, 0xff, 0x33, 0x33, 0x37,
    0x3e, 0xff, 0x34, 0x34, 0x34, 0x1e, 0xff, 0x35, 0x34, 0x37, 0xff, 0xc0,
    0xfe, 0x62, 0x4d, 0x50, 0xa8, 0x8e, 0xe2, 0xfe, 0x99, 0x86, 0x88, 0xfe,
    0xfe, 0xfe, 0xfe, 0xc0, 0xfe, 0xa4, 0x93, 0x95, 0x36, 0xfd, 0xfd, 0xfd,
    0xfd, 0xc6, 0x9c, 0x79, 0x92, 0x4b, 0xfd, 0xdc, 0xa7, 0x97, 0xbb, 0x82,
    0xb1, 0x84, 0xa3, 0x87, 0xe9, 0x55, 0x96, 0x7a, 0x93, 0x8b, 0x90, 0x9c,
    0x92, 0x7b, 0xc6, 0xac, 0x86, 0xfe, 0xf1, 0xee, 0xee, 0x17, 0xfe, 0xcc,
    0xc2, 0xc1, 0x35, 0xe2, 0xa5, 0x87, 0xa4, 0x87, 0xa4, 0x97, 0xa3, 0x88,
    0xa3, 0x76, 0x7f, 0x7b, 0x3e, 0x41, 0x9c, 0x99, 0x9c, 0x89, 0x9a, 0x79,
    0x9c, 0x89, 0xfd, 0xd0, 0xfe, 0xde, 0xd7, 0xd7, 0x17, 0x83, 0x8d, 0xfe,
    0x66, 0x47, 0x45, 0x35, 0xa4, 0x98, 0xac, 0x74, 0xa6, 0x87, 0xa4, 0x87,
    0xa2, 0x88, 0xc0, 0x65, 0x11, 0x1c, 0x9d, 0x99, 0x09, 0x9c, 0x89, 0x1a,
    0x2a, 0x35, 0xfd, 0xfa, 0xb0, 0xd5, 0x36, 0xfd, 0xfd, 0xfd, 0xfd, 0xd3,
    0xfe, 0xb4, 0xa6, 0xa8, 0xfe, 0xfe, 0xfe, 0xfe, 0xc0, 0xfe, 0x8a, 0x74,
    0x77, 0x36, 0xf1, 0x9c, 0x85, 0xfe, 0x35, 0x34, 0x37, 0xc0, 0xff, 0x33,
    0x33, 0x37, 0x3e, 0xff, 0x34, 0x34, 0x34, 0x1e, 0xff, 0x35, 0x34, 0x37,
    0xff, 0xc0, 0xfe, 0x62, 0x4d, 0x50, 0xa8, 0x8e, 0xe3, 0xfe, 0xdf, 0xd9,
    0xd9, 0xfe, 0xfe, 0xfe, 0xfe, 0x91, 0x8b, 0xfe, 0x7c, 0x63, 0x66, 0x36,
    0xfd, 0xfd, 0xfd, 0xfd, 0xc5, 0x9d, 0x79, 0x91, 0x4b, 0xfd, 0xda, 0xa4,
    0x98, 0xbb, 0x71, 0xb6, 0x93, 0x7f, 0xef, 0x9c, 0x89, 0x8c, 0x8d, 0x8a,
    0x7c, 0x35, 0xc3, 0xfe, 0xc1, 0xb5, 0xb4, 0x17, 0x41, 0xfe, 0x7f, 0x65,
    0x64, 0x35, 0xda, 0xaa, 0x96, 0xad, 0x75, 0xa5, 0x87, 0xa6, 0x86, 0xa6,
    0x87, 0xa4, 0x98, 0x19, 0x3f, 0x7f, 0xca, 0x19, 0x94, 0x8b, 0x93, 0x7b,
    0x1f, 0x35, 0xfd, 0xcc, 0xfe, 0x8d, 0x77, 0x76, 0x17, 0xc0, 0xfe, 0xb9,
    0xac, 0xab, 0xfe, 0x84, 0x6f, 0x6e, 0x0e, 0xcc, 0x3f, 0x19, 0x9c, 0x89,
    0x9d, 0x78, 0x9c, 0x99, 0x9d, 0x79, 0x9c, 0x99, 0x91, 0x7b, 0x35, 0xd4,
    0xa9, 0x86, 0x19, 0x51, 0xc0, 0x3b, 0x55, 0xc0, 0x27, 0x15, 0xc0, 0x10,
    0x59, 0x66, 0x59, 0x2f, 0x65, 0x5a, 0x65, 0x5a, 0xc0, 0x51, 0xc0, 0x5a,
    0x2b, 0xc0, 0x55, 0x55, 0xc0, 0x66, 0x59, 0x66, 0x9d, 0x89, 0x35, 0xfa,
    0xb0, 0xd5, 0x36, 0xfd, 0xfd, 0xfd, 0xfd, 0xd2, 0xb8, 0x85, 0xfe, 0xf9,
    0xf8, 0xf8, 0x17, 0xfe, 0xd0, 0xc7, 0xc8, 0x36, 0xf2, 0x9c, 0x85, 0xfe,
    0x35, 0x34, 0x37, 0xc0, 0xff, 0x33, 0x33, 0x37, 0x3e, 0xff, 0x34, 0x34,
    0x34, 0x1e, 0xff, 0x35, 0x34, 0x37, 0xff, 0xc0, 0xfe, 0x62, 0x4d, 0x50,
    0xa8, 0x8e, 0xe3, 0xfe, 0x8b, 0x75, 0x78, 0xfe, 0xfc, 0xfc, 0xfc, 0xa2,
    0x88, 0xfe, 0xd7, 0xcf, 0xd0, 0xfe, 0x72, 0x57, 0x5a, 0x36, 0xfd, 0xfd,
    0xfd, 0xfd, 0xc4, 0x9e, 0x78, 0x90, 0x4c, 0xfd, 0xd8, 0xa2, 0x88, 0xb9,
    0x82, 0xb8, 0x93, 0xa3, 0x87, 0xf3, 0x55, 0x8e, 0x8c, 0x82, 0x7f, 0x35,
    0xc0, 0xfe, 0x98, 0x84, 0x82, 0x17, 0xc0, 0xfe, 0xba, 0xad, 0xac, 0x35,
    0xdb, 0xbf, 0x81, 0x0e, 0xd5, 0x95, 0x8b, 0x88, 0x8d, 0x35, 0xfd, 0xcb,
    0xfe, 0xd2, 0xc9, 0xc9, 0x17, 0x41, 0xfe, 0xa8, 0x9a, 0x99, 0x0e, 0xd3,
    0x15, 0x35, 0xd4, 0xae, 0x85, 0x0e, 0xdc, 0x99, 0x8a, 0x35, 0xfa, 0xb0,
    0xd5, 0x36, 0xfd, 0xfd, 0xfd, 0xfd, 0xd1, 0xa6, 0x88, 0xfe, 0xe3, 0xde,
    0xde, 0x17, 0x99, 0x89, 0xfe, 0x80, 0x68, 0x6b, 0x36, 0xf2, 0x9c, 0x85,
    0xfe, 0x35, 0x34, 0x37, 0xc0, 0xff, 0x33, 0x33, 0x37, 0x3e, 0xff, 0x34,
    0x34, 0x34, 0x1e, 0xff, 0x35, 0x34, 0x37, 0xff, 0xc0, 0xfe, 0x62, 0x4d,
    0x50, 0xa8, 0x8e, 0xe4, 0xfe, 0xb3, 0xa5, 0xa6, 0xfe, 0xfe, 0xfe, 0xfe,
    0xc0, 0xfe, 0xc7, 0xbc, 0xbd, 0xfe, 0x71, 0x56, 0x59, 0x36, 0xfd, 0xfd,
    0xfd, 0xfd, 0xc3, 0x41, 0x90, 0x3b, 0xfd, 0xd6, 0x7f, 0xb6, 0x93, 0xba,
    0x82, 0xa5, 0x87, 0xf7, 0x9c, 0x89, 0x83, 0x7e, 0xbb, 0x85, 0xfe, 0xfa,
    0xf9, 0xf9, 0x17, 0xfe, 0xe3, 0xdd, 0xdd, 0xfe, 0x67, 0x49, 0x47, 0x35,
    0xdb, 0xbf, 0x81, 0x0e, 0xd7, 0x95, 0x8b, 0x80, 0x7f, 0x35, 0xfd, 0xc7,
    0xa3, 0x88, 0xfe, 0x7f, 0x68, 0x67, 0xbc, 0x82, 0xfe, 0xf2, 0xf0, 0xf0,
    0x17, 0x98, 0x89, 0xfe, 0xa1, 0x91, 0x90, 0x0e, 0xd2, 0x89, 0x8e, 0x35,
    0xd4, 0xae, 0x85, 0x0e, 0xdc, 0x99, 0x8a, 0x35, 0xfa, 0xb0, 0xd5, 0x36,
    0xfd, 0xfd, 0xfd, 0xfd, 0xd0, 0xa4, 0x87, 0xfe, 0xd4, 0xcc, 0xcd, 0x17,
    0xc0, 0xfe, 0xa3, 0x92, 0x94, 0x36, 0xf3, 0x9c, 0x85, 0x11, 0xc0, 0xff,
    0x33, 0x33, 0x37, 0x3e, 0xff, 0x34, 0x34, 0x34, 0x1e, 0xff, 0x35, 0x34,
    0x37, 0xff, 0xc0, 0xfe, 0x62, 0x4d, 0x50, 0xa8, 0x8e, 0xe4, 0x7f, 0xfe,
    0xce, 0xc5, 0xc6, 0xfe, 0xfe, 0xfe, 0xfe, 0xc0, 0xfe, 0xcc, 0xc3, 0xc4,
    0xfe, 0x74, 0x5a, 0x5d, 0x36, 0xfd, 0xfd, 0xfd, 0xfd, 0xc2, 0x55, 0x8f,
    0x3c, 0xfd, 0xd5, 0xb3, 0x94, 0xbc, 0x81, 0xa7, 0x87, 0xfa, 0xfe, 0xb1,
    0xa4, 0xa4, 0xfe, 0xfa, 0xf9, 0xf9, 0x17, 0x90, 0x8b, 0xfe, 0x78, 0x5d,
    0x5c, 0x35, 0xdc, 0xbf, 0x92, 0x0e, 0xd8, 0x55, 0x81, 0x7f, 0x35, 0xfd,
    0xc5, 0xa6, 0x86, 0xfe, 0x85, 0x6f, 0x6e, 0x0e, 0xc0, 0xbc, 0x84, 0xfe,
    0xf9, 0xf8, 0xf8, 0x17, 0x98, 0x89, 0xfe, 0xa8, 0x9a, 0x99, 0x0e, 0xd1,
    0x1f, 0x35, 0xd4, 0xae, 0x85, 0x0e, 0xdc, 0x99, 0x8a, 0x35, 0xfa, 0xb1,
    0xc4, 0x36, 0xfd, 0xfd, 0xfd, 0xfd, 0xcf, 0xaa, 0x86, 0xfe, 0xd8, 0xd1,
    0xd1, 0x17, 0xc0, 0xfe, 0xbf, 0xb3, 0xb4, 0x36, 0xf4, 0x9c, 0x85, 0x11,
    0xc0, 0xff, 0x33, 0x33, 0x37, 0x3e, 0xff, 0x34, 0x34, 0x34, 0x1e, 0xff,
    0x35, 0x34, 0x37, 0xff, 0xc0, 0xfe, 0x62, 0x4d, 0x50, 0xa8, 0x8e, 0xe5,
    0xa4, 0x87, 0xfe, 0xd3, 0xcb, 0xcc, 0xfe, 0xfe, 0xfe, 0xfe, 0xc0, 0x81,
    0x8d, 0xfe, 0x89, 0x73, 0x75, 0x36, 0xfd, 0xfd, 0xfd, 0xfd, 0xc2, 0x8e,
    0x3c, 0xfd, 0xd3, 0xaf, 0x85, 0xbd, 0x91, 0xaa, 0x86, 0xfa, 0xa5, 0x88,
    0xfe, 0xcc, 0xc3, 0xc3, 0x17, 0xc0, 0x95, 0x8a, 0xfe, 0x91, 0x7d, 0x7b,
    0xfe, 0x63, 0x44, 0x42, 0x35, 0xdc, 0xbf, 0x92, 0xb7, 0x82, 0xda, 0x83,
    0x7f, 0x35, 0xfd, 0xc3, 0xa6, 0x86, 0xfe, 0x86, 0x72, 0x71, 0x0e, 0xc2,
    0xfe, 0xab, 0x9d, 0x9c, 0xfe, 0xfa, 0xf9, 0xf9, 0x17, 0x41, 0xfe, 0xc3,
    0xb9, 0xb9, 0xfe, 0x8e, 0x7c, 0x7b, 0x0e, 0xcf, 0x1f, 0x35, 0xd4, 0xae,
    0x95, 0x0e, 0xdc, 0x99, 0x8a, 0xfe, 0x62, 0x43, 0x41, 0xfa, 0xb1, 0xd4,
    0x36, 0xfd, 0xfd, 0xfd, 0xfd, 0xce, 0xfe, 0x91, 0x7c, 0x7e, 0xfe, 0xeb,
    0xe7, 0xe8, 0x17, 0xc0, 0xfe, 0xc6, 0xbb, 0xbc, 0x36, 0xf5, 0x9c, 0x85,
    0x11, 0xc0, 0xff, 0x33, 0x33, 0x37, 0x3e, 0xff, 0x34, 0x34, 0x34, 0x1e,
    0xff, 0x35, 0x34, 0x37, 0xff, 0xc0, 0xfe, 0x62, 0x4d, 0x50, 0xa8, 0x8e,
    0xe6, 0xa2, 0x88, 0xfe, 0xc5, 0xbb, 0xbc, 0xfe, 0xfe, 0xfe, 0xfe, 0xc0,
    0x40, 0xfe, 0xc4, 0xb9, 0xba, 0xfe, 0x81, 0x69, 0x6b, 0x36, 0xfd, 0xfd,
    0xfd, 0xfd, 0xc0, 0x8f, 0x3c, 0x55, 0xfd, 0xd0, 0xab, 0x96, 0xbd, 0x81,
    0xae, 0x85, 0xfa, 0xa3, 0x88, 0xfe, 0xb9, 0xad, 0xad, 0xfe, 0xf1, 0xef,
    0xef, 0x17, 0xc0, 0x8d, 0x7a, 0xfe, 0x9e, 0x8d, 0x8d, 0x0e, 0x97, 0x8a,
    0xfe, 0x6b, 0x4f, 0x4d, 0x35, 0xdb, 0xbf, 0x92, 0x0e, 0xda, 0x55, 0xfe,
    0x70, 0x55, 0x53, 0x35, 0xfd, 0xc1, 0xa4, 0x98, 0xfe, 0x86, 0x71, 0x70,
    0x0e, 0xc4, 0xbd, 0x84, 0xfe, 0xf3, 0xf1, 0xf1, 0x17, 0xc0, 0x8b, 0x8b,
    0xfe, 0xb3, 0xa6, 0xa5, 0xfe, 0x8d, 0x7a, 0x79, 0x0e, 0xcd, 0x1f, 0x35,
    0xd4, 0xae, 0x95, 0x0e, 0xdc, 0x99, 0x89, 0xfe, 0x62, 0x43, 0x41, 0xfa,
    0x36, 0xfd, 0xfd, 0xfd, 0xfd, 0xcd, 0xba, 0x84, 0xfe, 0xcc, 0xc2, 0xc3,
    0x17, 0xc0, 0x55, 0xfe, 0xb9, 0xab, 0xad, 0x36, 0xf6, 0x9c, 0x85, 0xfe,
    0x35, 0x34, 0x37, 0xc0, 0xff, 0x33, 0x33, 0x37, 0x3e, 0xff, 0x34, 0x34,
    0x34, 0x1e, 0xff, 0x35, 0x34, 0x37, 0xff, 0xc0, 0xfe, 0x62, 0x4d, 0x50,
    0xa8, 0x8e, 0xe8, 0xfe, 0xa2, 0x91, 0x93, 0xfe, 0xf3, 0xf1, 0xf1, 0xad,
    0x86, 0xc0, 0x55, 0xfe, 0xd7, 0xcf, 0xd0, 0xfe, 0xab, 0x9b, 0x9d, 0xfe,
    0x88, 0x71, 0x74, 0x87, 0x8c, 0x36, 0xfd, 0xfd, 0xfd, 0xfa, 0x90, 0x4c,
    0x9e, 0x78, 0xfd, 0xce, 0xa8, 0x86, 0xbc, 0x92, 0xb1, 0x84, 0x7f, 0xf8,
    0xad, 0x86, 0xbc, 0x84, 0xfe, 0xcf, 0xc8, 0xc7, 0xfe, 0xf6, 0xf4, 0xf4,
    0x17, 0xc1, 0xfe, 0xd3, 0xcb, 0xcb, 0xfe, 0x92, 0x80, 0x7f, 0x0e, 0xc1,
    0x3f, 0x8a, 0x8e, 0x84, 0x7d, 0x35, 0xd9, 0xfe, 0x7b, 0x63, 0x62, 0x0e,
    0xdb, 0x9c, 0x89, 0xfe, 0x66, 0x47, 0x46, 0x35, 0xfd, 0xa3, 0x88, 0xfe,
    0x84, 0x6f, 0x6e, 0x0e, 0xc6, 0xab, 0x97, 0xfe, 0xdb, 0xd5, 0xd5, 0x17,
    0xc1, 0x92, 0x8a, 0xfe, 0xcb, 0xc3, 0xc2, 0xfe, 0xac, 0x9e, 0x9d, 0x85,
    0x9c, 0x0e, 0xca, 0x1f, 0x35, 0xd4, 0xae, 0x95, 0x0e, 0xdc, 0x99, 0x89,
    0xfe, 0x62, 0x43, 0x41, 0xfa, 0x36, 0xfd, 0xfd, 0xfd, 0xfd, 0xc9, 0xa4,
    0x88, 0xbc, 0x83, 0xfe, 0xaf, 0xa0, 0xa2, 0xfe, 0xdc, 0xd5, 0xd6, 0xfe,
    0xfe, 0xfe, 0xfe, 0xc1, 0x8d, 0x8b, 0xfe, 0x98, 0x84, 0x86, 0x36, 0xf7,
    0x9c, 0x85, 0xfe, 0x35, 0x34, 0x37, 0xc0, 0xff, 0x33, 0x33, 0x37, 0x3e,
    0xff, 0x34, 0x34, 0x34, 0x1e, 0xff, 0x35, 0x34, 0x37, 0xff, 0xc0, 0xfe,
    0x62, 0x4d, 0x50, 0xa8, 0x8e, 0xe9, 0xac, 0x87, 0xfe, 0xbf, 0xb3, 0xb5,
    0xfe, 0xf8, 0xf7, 0xf7, 0xa7, 0x87, 0xc2, 0x9d, 0x89, 0x94, 0x89, 0x98,
    0x9a, 0x59, 0xfd, 0xfd, 0xfd, 0xf8, 0x9e, 0x79, 0x65, 0xfd, 0xcc, 0x7f,
    0xa4, 0x77, 0xa3, 0x87, 0x7a, 0xf8, 0x04, 0xa9, 0x87, 0xa6, 0x87, 0xc3,
    0xfe, 0xe1, 0xdc, 0xdc, 0xfe, 0xa7, 0x98, 0x97, 0x81, 0x8c, 0xc5, 0x9a,
    0x89, 0xfe, 0x70, 0x54, 0x53, 0x8f, 0x7b, 0xd8, 0xfe, 0x7b, 0x63, 0x62,
    0x0e, 0xdc, 0x8e, 0x8c, 0x35, 0xfc, 0xa2, 0x87, 0xfe, 0x82, 0x6c, 0x6b,
    0x0e, 0xc9, 0xfe, 0xad, 0xa0, 0x9f, 0xfe, 0xe8, 0xe4, 0xe4, 0x17, 0xc3,
    0x99, 0x89, 0x98, 0x89, 0x9d, 0x88, 0xc8, 0x9c, 0x8a, 0x2d, 0xd4, 0xa2,
    0x88, 0x17, 0xdc, 0x55, 0x2d, 0xf9, 0x6b, 0x13, 0xfd, 0xfd, 0xfd, 0xfd,
    0xc7, 0x7f, 0xa8, 0x87, 0xad, 0x86, 0x7f, 0xc2, 0x95, 0x8a, 0xfe, 0xb7,
    0xaa, 0xab, 0xfe, 0x76, 0x5c, 0x5f, 0x36, 0xf8, 0x9c, 0x85, 0x11, 0xc0,
    0xff, 0x33, 0x33, 0x37, 0x3e, 0xff, 0x34, 0x34, 0x34, 0x1e, 0xff, 0x35,
    0x34, 0x37, 0xff, 0xc0, 0xfe, 0x62, 0x4d, 0x50, 0xa8, 0x8e, 0xeb, 0xad,
    0x86, 0xfe, 0xad, 0x9e, 0xa0, 0xfe, 0xde, 0xd8, 0xd9, 0xfe, 0xfc, 0xfb,
    0xfb, 0xa3, 0x87, 0xfd, 0xfd, 0xfd, 0xfd, 0xfd, 0xfd, 0xd0, 0x90, 0x8a,
    0xfe, 0xce, 0xc6, 0xc6, 0xfe, 0xa3, 0x94, 0x93, 0x85, 0x8c, 0xc9, 0x93,
    0x8b, 0xfe, 0x62, 0x43, 0x41, 0xd7, 0xfe, 0x7b, 0x63, 0x62, 0x0e, 0xdd,
    0xfe, 0x6f, 0x53, 0x52, 0x35, 0xfa, 0x7f, 0xfe, 0x80, 0x69, 0x68, 0x0e,
    0xcc, 0xfe, 0xa8, 0x9a, 0x99, 0xfe, 0xd3, 0xcb, 0xcb, 0xfe, 0xf3, 0xf1,
    0xf1, 0x17, 0xfd, 0xfd, 0xfd, 0xfd, 0xfd, 0xfd, 0xd0, 0x9b, 0x89, 0xfe,
    0xda, 0xd3, 0xd3, 0xfe, 0xa8, 0x97, 0x99, 0xfe, 0x77, 0x5d, 0x60, 0x36,
    0xfa, 0x9c, 0x85, 0x11, 0xc0, 0xff, 0x33, 0x33, 0x37, 0x3e, 0xff, 0x34,
    0x34, 0x34, 0x1e, 0xff, 0x35, 0x34, 0x37, 0xff, 0xc0, 0xfe, 0x62, 0x4d,
    0x50, 0xa8, 0x8e, 0xee, 0xa8, 0x87, 0xbe, 0x83, 0xb9, 0x74, 0xad, 0x76,
    0xa8, 0x86, 0x7f, 0xfd, 0xfd, 0xfd, 0xf8, 0x9a, 0x7a, 0x9d, 0x78, 0xfd,
    0xc8, 0x7f, 0xab, 0x86, 0xad, 0x85, 0xa2, 0x87, 0xfc, 0x9c, 0x89, 0x98,
    0x89, 0x8f, 0x8a, 0x89, 0x8c, 0x91, 0x8a, 0xcc, 0x55, 0xfe, 0x62, 0x43,
    0x41, 0xd7, 0xfe, 0x7b, 0x63, 0x62, 0x0e, 0xdd, 0x98, 0x8a, 0xfe, 0x65,
    0x47, 0x45, 0x35, 0xf9, 0xfe, 0x7d, 0x66, 0x65, 0x0e, 0xd0, 0xb2, 0x86,
    0xb6, 0x84, 0xb1, 0x86, 0xa7, 0x87, 0xa3, 0x87, 0xc8, 0x94, 0x9c, 0x0a,
    0xd4, 0xa7, 0x87, 0x35, 0xdc, 0x00, 0x0a, 0xf9, 0x19, 0x09, 0xfd, 0xfd,
    0xfd, 0xfd, 0xc7, 0x51, 0x10, 0x91, 0x9a, 0x86, 0x8d, 0x82, 0x9c, 0x36,
    0xfd, 0x9c, 0x85, 0x11, 0xc0, 0xff, 0x33, 0x33, 0x37, 0x3e, 0xff, 0x34,
    0x34, 0x34, 0x1e, 0xff, 0x35, 0x34, 0x37, 0xff, 0xc0, 0xfe, 0x62, 0x4d,
    0x50, 0xa8, 0x8e, 0xfd, 0xfd, 0xfd, 0xfd, 0xef, 0x96, 0x4a, 0x98, 0x7a,
    0xfd, 0xc7, 0xb5, 0x83, 0xbb, 0x92, 0xa6, 0x87, 0xfd, 0xd2, 0x55, 0x35,
    0xd7, 0xfe, 0x7b, 0x64, 0x62, 0x0e, 0xde, 0x97, 0x8a, 0xfe, 0x66, 0x49,
    0x47, 0x35, 0xf7, 0xfe, 0x7b, 0x63, 0x62, 0x0e, 0xdf, 0x89, 0x8e, 0x35,
    0xd4, 0xaf, 0x85, 0x0e, 0xdc, 0x98, 0x8a, 0x35, 0xf9, 0xa4, 0x87, 0x36,
    0xfd, 0xfd, 0xfd, 0xfd, 0xfd, 0xcd, 0x9c, 0x85, 0x11, 0xc0, 0xff, 0x33,
    0x33, 0x37, 0x3e, 0xff, 0x34, 0x34, 0x34, 0x1e, 0xff, 0x35, 0x34, 0x37,
    0xff, 0xc0, 0xfe, 0x62, 0x4d, 0x50, 0xa8, 0x8e, 0xfd, 0xfd, 0xfd, 0xfd,
    0xef, 0x97, 0x5a, 0x97, 0x6a, 0xfd, 0xc5, 0xb0, 0x95, 0xbd, 0x81, 0xa9,
    0x86, 0xfd, 0xd4, 0x55, 0x35, 0xd7, 0xfe, 0x7b, 0x64, 0x62, 0x0e, 0xdf,
    0x9a, 0x8a, 0xfe, 0x6c, 0x50, 0x4e, 0x35, 0xf5, 0xbc, 0x82, 0x0e, 0xe0,
    0x89, 0x8e, 0x35, 0xd4, 0xaf, 0x85, 0x0e, 0xdc, 0x98, 0x8a, 0x35, 0xf9,
    0xa5, 0x87, 0x36, 0xfd, 0xfd, 0xfd, 0xfd, 0xfd, 0xcd, 0x9c, 0x85, 0x11,
    0xc0, 0xff, 0x33, 0x33, 0x37, 0x3e, 0xff, 0x34, 0x34, 0x34, 0x1e, 0xff,
    0x35, 0x34, 0x37, 0xff, 0xc0, 0xfe, 0x62, 0x4d, 0x50, 0xa8, 0x8e, 0xfd,
    0xfd, 0xfd, 0xfd, 0xef, 0x98, 0x6a, 0x96, 0x5a, 0xfd, 0xc3, 0xad, 0x85,
    0xbd, 0x92, 0xac, 0x85, 0xfd, 0xd6, 0x41, 0x35, 0xd7, 0xfe, 0x7b, 0x64,
    0x62, 0x0e, 0xe0, 0x55, 0x84, 0x7f, 0x35, 0xf3, 0xb8, 0x83, 0x0e, 0xe1,
    0x89, 0x8e, 0x35, 0xd4, 0xaf, 0x85, 0x0e, 0xdc, 0x98, 0x8a, 0x35, 0xf9,
    0xa6, 0x97, 0x36, 0xfd, 0xfd, 0xfd, 0xfd, 0xfd, 0xcd, 0x9c, 0x85, 0x11,
    0xc0, 0xff, 0x33, 0x33, 0x37, 0x3e, 0xff, 0x34, 0x34, 0x34, 0x1e, 0xff,
    0x35, 0x34, 0x37, 0xff, 0xc0, 0xfe, 0x62, 0x4d, 0x50, 0xa8, 0x8e, 0xfd,
    0xfd, 0xfd, 0xfd, 0xef, 0x9a, 0x69, 0x94, 0x5b, 0xfd, 0xc1, 0xa9, 0x86,
    0xbc, 0x92, 0xb1, 0x84, 0xfd, 0xd8, 0x9d, 0x89, 0x35, 0xd7, 0xfe, 0x7b,
    0x64, 0x62, 0x0e, 0xe2, 0x83, 0x7f, 0x35, 0xf1, 0xb4, 0x94, 0xfe, 0x8b,
    0x78, 0x77, 0x0e, 0xe1, 0x89, 0x8e, 0x35, 0xd4, 0xb0, 0x84, 0x0e, 0xdc,
    0x98, 0x7a, 0x35, 0xf9, 0xa7, 0xa7, 0x36, 0xfd, 0xfd, 0xfd, 0xfd, 0xfd,
    0xcd, 0x9c, 0x85, 0x11, 0xc0, 0xff, 0x33, 0x33, 0x37, 0x3e, 0xff, 0x34,
    0x34, 0x34, 0x1e, 0xff, 0x35, 0x34, 0x37, 0xff, 0xc0, 0xfe, 0x62, 0x4d,
    0x50, 0xa8, 0x8e, 0xfd, 0xfd, 0xfd, 0xfd, 0xef, 0x9b, 0x79, 0x93, 0x4b,
    0xfd, 0xa6, 0x86, 0xbc, 0x82, 0xb3, 0x94, 0x7f, 0xfd, 0xd9, 0x9d, 0x89,
    0x35, 0xd7, 0xfe, 0x7c, 0x64, 0x63, 0x0e, 0xe2, 0x3f, 0xfe, 0x71, 0x57,
    0x55, 0x35, 0xef, 0xad, 0x95, 0x3f, 0x0e, 0xe2, 0x89, 0x8e, 0x35, 0xd4,
    0xb0, 0x84, 0x0e, 0xdc, 0x98, 0x7a, 0x35, 0xf9, 0xa8, 0xa7, 0xaa, 0xb5,
    0xfd, 0xfd, 0xfd, 0xfd, 0xfd, 0xcd, 0x9c, 0x85, 0x11, 0xc0, 0xff, 0x33,
    0x33, 0x37, 0x3e, 0xff, 0x34, 0x34, 0x34, 0x1e, 0xff, 0x35, 0x34, 0x37,
    0xff, 0xc0, 0xfe, 0x62, 0x4d, 0x50, 0xa8, 0x8e, 0xfd, 0xfd, 0xfd, 0xfd,
    0xef, 0x9d, 0x79, 0x91, 0x4b, 0xfc, 0xad, 0x95, 0xfe, 0x89, 0x75, 0x74,
    0xa4, 0x87, 0xfd, 0xdb, 0x19, 0x35, 0xd7, 0xfe, 0x7c, 0x64, 0x63, 0x0e,
    0xe3, 0x55, 0xfe, 0x6d, 0x51, 0x50, 0x92, 0x7b, 0xed, 0xa4, 0x98, 0xfe,
    0x88, 0x74, 0x73, 0x0e, 0xe3, 0x8a, 0x8d, 0x35, 0xd4, 0xb0, 0x84, 0x0e,
    0xdc, 0x98, 0x7a, 0x35, 0xf9, 0xaa, 0xa6, 0xa8, 0xb6, 0xfd, 0xfd, 0xfd,
    0xfd, 0xfd, 0xcd, 0x9c, 0x85, 0x11, 0xc0, 0xff, 0x33, 0x33, 0x37, 0x3e,
    0xff, 0x34, 0x34, 0x34, 0x1e, 0xff, 0x35, 0x34, 0x37, 0xff, 0xc0, 0xfe,
    0x62, 0x4d, 0x50, 0xa8, 0x8e, 0xfd, 0xfd, 0xfd, 0xfd, 0xef, 0x41, 0x90,
    0x3b, 0xfb, 0xae, 0x85, 0xfe, 0x8b, 0x78, 0x77, 0x7f, 0xfd, 0xdc, 0x9c,
    0x89, 0x35, 0xd7, 0xfe, 0x7c, 0x64, 0x63, 0x0e, 0xe4, 0x19, 0xfe, 0x65,
    0x47, 0x45, 0x35, 0xec, 0xfe, 0x80, 0x69, 0x68, 0x0e, 0xe4, 0x8a, 0x8d,
    0x35, 0xd4, 0xb0, 0x84, 0x0e, 0xdc, 0x98, 0x7a, 0x35, 0xf9, 0xac, 0xb5,
    0xa6, 0xa7, 0xfd, 0xfd, 0xfd, 0xfd, 0xfd, 0xcd, 0x9c, 0x85, 0x11, 0xc0,
    0xff, 0x33, 0x33, 0x37, 0x3e, 0xff, 0x34, 0x34, 0x34, 0x1e, 0xff, 0x35,
    0x34, 0x37, 0xff, 0xc0, 0xfe, 0x62, 0x4d, 0x50, 0xa8, 0x8e, 0xfd, 0xfd,
    0xfd, 0xfd, 0xf0, 0x8e, 0x3c, 0xfa, 0xa7, 0x97, 0xfe, 0x89, 0x75, 0x74,
    0xa4, 0x87, 0xfd, 0xdd, 0x19, 0x35, 0xd7, 0xfe, 0x7c, 0x64, 0x63, 0x0e,
    0xe5, 0x90, 0x8c, 0x35, 0xeb, 0xb6, 0x83, 0x0e, 0xe5, 0x8a, 0x8d, 0x35,
    0xd4, 0xb0, 0x84, 0x0e, 0xdc, 0x97, 0x8a, 0x35, 0xf9, 0xad, 0xc5, 0xa5,
    0x97, 0xfd, 0xfd, 0xfd, 0xfd, 0xfd, 0xcd, 0x9c, 0x85, 0x11, 0xc0, 0xff,
    0x33, 0x33, 0x37, 0x3e, 0xff, 0x34, 0x34, 0x34, 0x1e, 0xff, 0x35, 0x34,
    0x37, 0xff, 0xc0, 0xfe, 0x62, 0x4d, 0x50, 0xa8, 0x8e, 0xfd, 0xfd, 0xfd,
    0xfd, 0xf0, 0x90, 0x3c, 0x40, 0xf8, 0x13, 0xfe, 0x85, 0x6f, 0x6e, 0xaa,
    0x85, 0xfd, 0xde, 0x9b, 0x89, 0x35, 0xd7, 0xfe, 0x7c, 0x65, 0x63, 0x0e,
    0xe6, 0x8a, 0x8d, 0x35, 0xe9, 0xa6, 0x87, 0xfe, 0x8a, 0x76, 0x75, 0x0e,
    0xe5, 0x27, 0x35, 0xd4, 0xb0, 0x95, 0x0e, 0xdc, 0x97, 0x8a, 0x35, 0xf9,
    0xaf, 0xc5, 0x36, 0xfd, 0xfd, 0xfd, 0xfd, 0xfd, 0xcd, 0x9c, 0x85, 0x11,
    0xc0, 0xff, 0x33, 0x33, 0x37, 0x3e, 0xff, 0x34, 0x34, 0x34, 0x1e, 0xff,
    0x35, 0x34, 0x37, 0xff, 0xc0, 0xfe, 0x62, 0x4d, 0x50, 0xa8, 0x8e, 0xfd,
    0xfd, 0xfd, 0xfd, 0xf0, 0x91, 0x4c, 0x9d, 0x78, 0xf8, 0xfe, 0x7e, 0x67,
    0x65, 0xb2, 0x94, 0xfd, 0xdf, 0x9a, 0x8a, 0x35, 0xd7, 0xfe, 0x7c, 0x65,
    0x63, 0x0e, 0xe7, 0x84, 0x7e, 0x35, 0xe7, 0xa2, 0x88, 0xfe, 0x83, 0x6e,
    0x6c, 0x0e, 0xe6, 0x8a, 0x8d, 0x35, 0xd4, 0xb0, 0x95, 0x0e, 0xdc, 0x97,
    0x8a, 0x35, 0xf9, 0xb1, 0xd4, 0x36, 0xfd, 0xfd, 0xfd, 0xfd, 0xfd, 0xcd,
    0x9c, 0x85, 0xfe, 0x35, 0x34, 0x37, 0xc0, 0xff, 0x33, 0x33, 0x37, 0x3e,
    0xff, 0x34, 0x34, 0x34, 0x1e, 0xff, 0x35, 0x34, 0x37, 0xff, 0xc0, 0xfe,
    0x62, 0x4d, 0x50, 0xa8, 0x8e, 0xf0, 0x7f, 0xa8, 0x87, 0xa8, 0x86, 0xa1,
    0x89, 0xfd, 0xfd, 0xfd, 0xf9, 0x95, 0x4a, 0x9b, 0x89, 0xf7, 0xb6, 0x83,
    0xbb, 0x82, 0xfd, 0xce, 0x9b, 0x99, 0x99, 0x79, 0x9d, 0x88, 0xce, 0x9a,
    0x89, 0xfe, 0x62, 0x43, 0x41, 0xd7, 0xfe, 0x7c, 0x65, 0x63, 0x0e, 0xe7,
    0x55, 0xfe, 0x71, 0x56, 0x55, 0x35, 0xe5, 0xa3, 0x88, 0xfe, 0x83, 0x6d,
    0x6c, 0x0e, 0xdb, 0xa4, 0x88, 0xa7, 0x97, 0x21, 0xc8, 0x8c, 0x8c, 0x0f,
    0xd4, 0xaf, 0x85, 0x21, 0xdc, 0x98, 0x89, 0x0f, 0xf8, 0x6f, 0xaf, 0xd5,
    0xfd, 0xfd, 0xfd, 0xfd, 0xc8, 0x54, 0x98, 0x8a, 0x05, 0x55, 0xfd, 0xc1,
    0x9c, 0x85, 0xfe, 0x35, 0x34, 0x37, 0xc0, 0xff, 0x33, 0x33, 0x37, 0x3e,
    0xff, 0x34, 0x34, 0x34, 0x1e, 0xff, 0x35, 0x34, 0x37, 0xff, 0xc0, 0xfe,
    0x62, 0x4d, 0x50, 0xa8, 0x8e, 0xec, 0xab, 0x86, 0xfe, 0xa6, 0x95, 0x97,
    0xfe, 0xcb, 0xc1, 0xc2, 0xfe, 0xe7, 0xe3, 0xe3, 0xb7, 0x85, 0xa4, 0x87,
    0xfd, 0xfd, 0xfd, 0xfd, 0xfd, 0xfd, 0xcc, 0x92, 0x8a, 0x8a, 0x8b, 0x80,
    0x7d, 0xfe, 0xa1, 0x92, 0x91, 0x87, 0x8c, 0xca, 0x9a, 0x89, 0xfe, 0x62,
    0x43, 0x41, 0xd7, 0xfe, 0x7d, 0x65, 0x64, 0x0e, 0xe8, 0x55, 0xfe, 0x6d,
    0x51, 0x4f, 0x35, 0xe3, 0xa7, 0x97, 0xfe, 0x86, 0x71, 0x6f, 0x0e, 0xd8,
    0xbe, 0x94, 0xfe, 0xc7, 0xbe, 0xbd, 0xbf, 0x94, 0xb5, 0x85, 0x17, 0xfd,
    0xfd, 0xfd, 0xfd, 0xfd, 0xfd, 0xcc, 0x9b, 0x88, 0x86, 0x9d, 0xfe, 0xc7,
    0xbc, 0xbd, 0xfe, 0xa2, 0x90, 0x92, 0xfe, 0x77, 0x5d, 0x60, 0x36, 0xfb,
    0x9c, 0x85, 0x11, 0xc0, 0xff, 0x33, 0x33, 0x37, 0x3e, 0xff, 0x34, 0x34,
    0x34, 0x1e, 0xff, 0x35, 0x34, 0x37, 0xff, 0xc0, 0xfe, 0x62, 0x4d, 0x50,
    0xa8, 0x8e, 0xea, 0xbd, 0x84, 0xfe, 0xcc, 0xc2, 0xc3, 0xfe, 0xfb, 0xfa,
    0xfa, 0xa4, 0x87, 0xfd, 0xfd, 0xfd, 0xfd, 0xfd, 0xfd, 0xd4, 0x87, 0x8c,
    0xfe, 0xb4, 0xa8, 0xa7, 0xfe, 0x8d, 0x7b, 0x7a, 0x41, 0xc7, 0x99, 0x8a,
    0xfe, 0x62, 0x43, 0x41, 0xd7, 0xfe, 0x7d, 0x65, 0x64, 0x0e, 0xe9, 0x9d,
    0x89, 0xfe, 0x69, 0x4c, 0x4a, 0x35, 0xe1, 0xb2, 0x84, 0x28, 0x0e, 0xd6,
    0xa4, 0x88, 0xfe, 0xbc, 0xb0, 0xb0, 0xfe, 0xed, 0xeb, 0xea, 0x17, 0xfd,
    0xfd, 0xfd, 0xfd, 0xfd, 0xfd, 0xd4, 0x99, 0x89, 0xfe, 0xc5, 0xba, 0xbb,
    0xfe, 0x83, 0x6b, 0x6e, 0x36, 0xf9, 0x9c, 0x85, 0x11, 0xc0, 0xff, 0x33,
    0x33, 0x37, 0x3e, 0xff, 0x34, 0x34, 0x34, 0x1e, 0xff, 0x35, 0x34, 0x37,
    0xff, 0xc0, 0xfe, 0x62, 0x4d, 0x50, 0xa8, 0x8e, 0xe8, 0xac, 0x86, 0xfe,
    0xc5, 0xbb, 0xbc, 0xfe, 0xfd, 0xfd, 0xfd, 0x7f, 0xc0, 0x08, 0x80, 0x9e,
    0xfe, 0xbf, 0xb3, 0xb5, 0x84, 0x8d, 0x90, 0x9a, 0x99, 0x79, 0x66, 0xfd,
    0xfd, 0xfd, 0xf9, 0x9a, 0x58, 0x99, 0x6a, 0xf4, 0xa1, 0x98, 0xbf, 0x82,
    0xa8, 0x96, 0xed, 0x59, 0x97, 0x9b, 0x97, 0x69, 0x97, 0x9b, 0x9a, 0x89,
    0x10, 0x3e, 0xca, 0xa4, 0x98, 0xa7, 0x86, 0xa7, 0x86, 0xa7, 0x97, 0xaa,
    0x76, 0x24, 0xc8, 0xa4, 0x76, 0xa9, 0x87, 0xb3, 0x86, 0xbc, 0x83, 0xfe,
    0xf8, 0xf7, 0xf7, 0x17, 0xc1, 0x88, 0x8c, 0xfe, 0xa7, 0x98, 0x97, 0x81,
    0x8c, 0xc6, 0x99, 0x89, 0xfe, 0x62, 0x43, 0x41, 0xd7, 0xfe, 0x7d, 0x65,
    0x64, 0x0e, 0xea, 0x9a, 0x89, 0xfe, 0x66, 0x49, 0x47, 0x35, 0xde, 0x7f,
    0xfe, 0x7f, 0x68, 0x67, 0x0e, 0xd7, 0xfe, 0xae, 0xa1, 0xa0, 0xfe, 0xf0,
    0xee, 0xee, 0x17, 0xc1, 0x97, 0x79, 0xfe, 0xd9, 0xd3, 0xd2, 0x85, 0x8c,
    0x8d, 0x9b, 0x98, 0x79, 0x24, 0xc8, 0x90, 0x7b, 0x3e, 0xd4, 0xad, 0x85,
    0x24, 0xdc, 0x99, 0x7a, 0x3e, 0xf8, 0xa6, 0xa7, 0x02, 0xfd, 0xfd, 0xfd,
    0xfd, 0xc8, 0xa2, 0x77, 0xa8, 0x87, 0xb1, 0x85, 0xbd, 0x84, 0xfe, 0xe6,
    0xe2, 0xe2, 0xbc, 0x84, 0xc1, 0x9d, 0x89, 0xfe, 0xbd, 0xb0, 0xb1, 0xfe,
    0x76, 0x5c, 0x5f, 0x99, 0x89, 0xf7, 0x9c, 0x85, 0x11, 0xc0, 0xff, 0x33,
    0x33, 0x37, 0x3e, 0xff, 0x34, 0x34, 0x34, 0x1e, 0xff, 0x35, 0x34, 0x37,
    0xff, 0xc0, 0xfe, 0x62, 0x4d, 0x50, 0xa8, 0x8e, 0xe7, 0xfe, 0x91, 0x7d,
    0x7f, 0xfe, 0xef, 0xec, 0xec, 0xb2, 0x85, 0xc0, 0x94, 0x8a, 0xfe, 0xb7,
    0xa9, 0xab, 0xfe, 0x81, 0x69, 0x6b, 0x36, 0xfd, 0xfd, 0xfd, 0xfd, 0xc0,
    0x99, 0x6a, 0x95, 0x5a, 0xf4, 0xfe, 0x7c, 0x65, 0x63, 0xb4, 0x94, 0xea,
    0x9b, 0x89, 0x95, 0x8b, 0x95, 0x8a, 0x93, 0x8b, 0x94, 0x7a, 0x41, 0xd4,
    0xa6, 0x86, 0xac, 0x86, 0xab, 0x96, 0xa8, 0x76, 0xa6, 0x97, 0x0a, 0x0e,
    0xc6, 0xa4, 0x88, 0xfe, 0xb3, 0xa6, 0xa5, 0xfe, 0xe5, 0xe1, 0xe0, 0x17,
    0xc0, 0x56, 0xfe, 0xc7, 0xbe, 0xbd, 0xfe, 0x8d, 0x7b, 0x7a, 0x0e, 0xc4,
    0x98, 0x8a, 0x35, 0xd7, 0xfe, 0x7d, 0x65, 0x64, 0x0e, 0xeb, 0x96, 0x8b,
    0xfe, 0x64, 0x46, 0x44, 0x35, 0xdd, 0x28, 0x0e, 0xd6, 0x0a, 0xfe, 0xd0,
    0xc8, 0xc8, 0x17, 0xc1, 0xfe, 0xdf, 0xda, 0xda, 0xfe, 0xad, 0xa0, 0x9f,
    0xfe, 0x8e, 0x7b, 0x7a, 0x0e, 0xcc, 0x8a, 0x8d, 0x35, 0xd4, 0xb1, 0x84,
    0x0e, 0xdc, 0x0d, 0x35, 0xf8, 0x15, 0x36, 0xfd, 0xfd, 0xfd, 0xfd, 0xcd,
    0xb9, 0x84, 0xfe, 0xbe, 0xb1, 0xb3, 0xfe, 0xf7, 0xf6, 0xf6, 0x17, 0xc0,
    0x85, 0x9d, 0xfe, 0x89, 0x72, 0x75, 0x36, 0xf6, 0x9c, 0x85, 0xfe, 0x35,
    0x34, 0x37, 0xc0, 0xff, 0x33, 0x33, 0x37, 0x3e, 0xff, 0x34, 0x34, 0x34,
    0x1e, 0xff, 0x35, 0x34, 0x37, 0xff, 0xc0, 0xfe, 0x62, 0x4d, 0x50, 0xa8,
    0x8e, 0xe6, 0xfe, 0x9f, 0x8d, 0x8f, 0xfe, 0xfb, 0xfa, 0xfa, 0xa4, 0x87,
    0x55, 0xfe, 0xbe, 0xb2, 0xb3, 0xfe, 0x77, 0x5d, 0x60, 0x36, 0xfd, 0xfd,
    0xfd, 0xfd, 0xc2, 0x9a, 0x7a, 0x94, 0x4a, 0xf3, 0xb7, 0x83, 0xbf, 0x91,
    0xe8, 0x55, 0x87, 0x7e, 0x8a, 0x8d, 0x35, 0xdf, 0xa3, 0x87, 0xa8, 0x87,
    0xab, 0x85, 0xad, 0x95, 0xaf, 0x85, 0x0e, 0xc4, 0xfe, 0xb0, 0xa3, 0xa2,
    0xfe, 0xf1, 0xef, 0xef, 0x17, 0xc0, 0xfe, 0xd9, 0xd3, 0xd2, 0xfe, 0x8f,
    0x7d, 0x7c, 0x0e, 0xc3, 0x98, 0x7a, 0x35, 0xd7, 0x0d, 0x0e, 0xec, 0x92,
    0x8b, 0xfe, 0x63, 0x44, 0x42, 0x35, 0xdb, 0xbb, 0x82, 0x0e, 0xd6, 0xa8,
    0x87, 0xfe, 0xe2, 0xde, 0xdd, 0x17, 0xc0, 0x8b, 0x7b, 0xfe, 0xa9, 0x9a,
    0x9a, 0x0e, 0xcf, 0x8a, 0x8d, 0x35, 0xd4, 0xb1, 0x84, 0x0e, 0xdc, 0x96,
    0x8b, 0x35, 0xf8, 0xae, 0xc5, 0x36, 0xfd, 0xfd, 0xfd, 0xfd, 0xcf, 0xae,
    0x86, 0xfe, 0xc8, 0xbd, 0xbe, 0x17, 0xc0, 0x97, 0x8a, 0xfe, 0x94, 0x80,
    0x82, 0x36, 0xf5, 0x9c, 0x85, 0xfe, 0x35, 0x34, 0x37, 0xc0, 0xff, 0x33,
    0x33, 0x37, 0x3e, 0xff, 0x34, 0x34, 0x34, 0x1e, 0xff, 0x35, 0x34, 0x37,
    0xff, 0xc0, 0xfe, 0x62, 0x4d, 0x50, 0xa8, 0x8e, 0xe5, 0xfe, 0x9e, 0x8b,
    0x8d, 0xfe, 0xfd, 0xfd, 0xfd, 0x7f, 0x91, 0x8b, 0xfe, 0x93, 0x7f, 0x81,
    0x36, 0xfd, 0xfd, 0xfd, 0xfd, 0xc4, 0x9c, 0x69, 0x92, 0x5b, 0xf2, 0xad,
    0x85, 0xfe, 0x8b, 0x78, 0x77, 0x7f, 0xe7, 0x9a, 0x8a, 0xfe, 0x6d, 0x51,
    0x4f, 0x35, 0xe6, 0xaf, 0x85, 0xb5, 0x83, 0x3f, 0x0e, 0xc2, 0xa9, 0x87,
    0xfe, 0xdc, 0xd6, 0xd6, 0x17, 0xc0, 0xfe, 0xdb, 0xd5, 0xd4, 0xfe, 0x8d,
    0x7b, 0x7a, 0x41, 0xc2, 0x98, 0x7a, 0x35, 0xd7, 0xfe, 0x7d, 0x66, 0x65,
    0x0e, 0xed, 0x0d, 0x35, 0xda, 0x01, 0x3f, 0x0e, 0xd5, 0xa5, 0x88, 0xfe,
    0xe4, 0xe0, 0xe0, 0xbe, 0x84, 0xc0, 0xfe, 0xd3, 0xcc, 0xcb, 0xfe, 0x90,
    0x7e, 0x7d, 0x0e, 0xd0, 0x8a, 0x8d, 0x35, 0xd4, 0xb1, 0x84, 0x0e, 0xdc,
    0x96, 0x8b, 0x35, 0xf8, 0xb1, 0xc4, 0x36, 0xfd, 0xfd, 0xfd, 0xfd, 0xd1,
    0xfe, 0x9d, 0x8b, 0x8d, 0xfe, 0xf7, 0xf6, 0xf6, 0xa8, 0x87, 0x9b, 0x88,
    0xfe, 0x91, 0x7d, 0x7f, 0x36, 0xf4, 0x9c, 0x85, 0x11, 0xc0, 0xff, 0x33,
    0x33, 0x37, 0x3e, 0xff, 0x34, 0x34, 0x34, 0x1e, 0xff, 0x35, 0x34, 0x37,
    0xff, 0xc0, 0xfe, 0x62, 0x4d, 0x50, 0xa8, 0x8e, 0xe4, 0xfe, 0x8d, 0x77,
    0x7a, 0xfe, 0xfa, 0xf9, 0xf9, 0xa5, 0x87, 0x8b, 0x8b, 0xfe, 0x84, 0x6c,
    0x6f, 0x36, 0xfd, 0xfd, 0xfd, 0xfd, 0xc5, 0x9d, 0x79, 0x91, 0x4b, 0xf1,
    0xa5, 0x87, 0xfe, 0x88, 0x74, 0x73, 0xa5, 0x87, 0xe7, 0x91, 0x8b, 0xfe,
    0x66, 0x47, 0x46, 0x35, 0xe9, 0xa7, 0x97, 0xbb, 0x82, 0xb3, 0x83, 0x0e,
    0xc1, 0xa2, 0x87, 0xfe, 0xd1, 0xca, 0xc9, 0x17, 0xc0, 0xfe, 0xcd, 0xc4,
    0xc4, 0x0e, 0xc2, 0x97, 0x8a, 0x35, 0xd7, 0xfe, 0x7d, 0x66, 0x65, 0x0e,
    0xee, 0x87, 0x7d, 0x35, 0xd8, 0xa6, 0x87, 0xfe, 0x89, 0x75, 0x74, 0x0e,
    0xd6, 0xfe, 0xd9, 0xd3, 0xd3, 0x17, 0xc0, 0xfe, 0xc6, 0xbd, 0xbc, 0x0e,
    0xd2, 0x8a, 0x8d, 0x35, 0xd4, 0xb1, 0x95, 0x0e, 0xdc, 0x96, 0x8a, 0x35,
    0xf7, 0xa2, 0x98, 0x36, 0xfd, 0xfd, 0xfd, 0xfd, 0xd3, 0xfe, 0x8c, 0x76,
    0x79, 0xfe, 0xf3, 0xf1, 0xf1, 0x17, 0x95, 0x8a, 0xfe, 0x83, 0x6b, 0x6e,
    0x36, 0xf3, 0x9c, 0x85, 0xfe, 0x35, 0x34, 0x37, 0xc0, 0xff, 0x33, 0x33,
    0x37, 0x3e, 0xff, 0x34, 0x34, 0x34, 0x1e, 0xff, 0x35, 0x34, 0x37, 0xff,
    0xc0, 0xfe, 0x62, 0x4d, 0x50, 0xa8, 0x8e, 0xe3, 0xa8, 0x87, 0xfe, 0xeb,
    0xe8, 0xe8, 0xb6, 0x85, 0x93, 0x8a, 0xfe, 0x84, 0x6d, 0x6f, 0x36, 0xfd,
    0xfd, 0xfd, 0xfd, 0xc6, 0x41, 0x90, 0x3b, 0xf0, 0x7f, 0xfe, 0x83, 0x6d,
    0x6c, 0xac, 0x85, 0xe6, 0x55, 0x85, 0x7e, 0x35, 0xed, 0xa9, 0x86, 0xbc,
    0x92, 0x0e, 0xc1, 0x7f, 0xfe, 0xd8, 0xd1, 0xd1, 0x17, 0xc0, 0xfe, 0xaf,
    0xa2, 0xa1, 0x0e, 0xc1, 0x96, 0x8b, 0x35, 0xd7, 0xfe, 0x7d, 0x66, 0x65,
    0x0e, 0xef, 0x81, 0x7f, 0x35, 0xd6, 0xa2, 0x87, 0xfe, 0x84, 0x6e, 0x6d,
    0x0e, 0xd6, 0xfe, 0xbc, 0xb0, 0xb0, 0x17, 0xc0, 0xfe, 0xcc, 0xc3, 0xc3,
    0x0e, 0xd3, 0x8a, 0x8d, 0x35, 0xd4, 0xb1, 0x95, 0x0e, 0xdc, 0x96, 0x8a,
    0x35, 0xf7, 0xa6, 0x97, 0x36, 0xfd, 0xfd, 0xfd, 0xfd, 0xd4, 0xfe, 0x8e,
    0x79, 0x7b, 0xfe, 0xf9, 0xf8, 0xf8, 0x17, 0xfe, 0xe1, 0xdb, 0xdc, 0xfe,
    0x72, 0x57, 0x5a, 0x36, 0xf2, 0x9c, 0x85, 0xfe, 0x35, 0x34, 0x37, 0xc0,
    0xff, 0x33, 0x33, 0x37, 0x3e, 0xff, 0x34, 0x34, 0x34, 0x1e, 0xff, 0x35,
    0x34, 0x37, 0xff, 0xc0, 0xfe, 0x62, 0x4d, 0x50, 0xa8, 0x8e, 0xe3, 0xfe,
    0xbe, 0xb2, 0xb3, 0xfe, 0xfe, 0xfe, 0xfe, 0x55, 0xfe, 0x97, 0x83, 0x86,
    0x36, 0xfd, 0xfd, 0xfd, 0xfd, 0xc7, 0x55, 0x8f, 0x3c, 0xf0, 0xfe, 0x7b,
    0x63, 0x62, 0xb6, 0x83, 0xe6, 0x99, 0x8a, 0xfe, 0x6b, 0x4f, 0x4d, 0x35,
    0xf0, 0xae, 0x85, 0xbd, 0x92, 0x0e, 0xc0, 0xa6, 0x87, 0xfe, 0xec, 0xe9,
    0xe9, 0x17, 0x92, 0x8a, 0xfe, 0x92, 0x80, 0x7f, 0x0e, 0xc0, 0x96, 0x8a,
    0x35, 0xd7, 0xfe, 0x7e, 0x67, 0x65, 0x0e, 0xef, 0x55, 0xfe, 0x6f, 0x53,
    0x52, 0x35, 0xd5, 0xfe, 0x7b, 0x64, 0x62, 0x0e, 0xd6, 0xae, 0x86, 0xfe,
    0xf8, 0xf7, 0xf7, 0x17, 0x80, 0x8d, 0xfe, 0x8d, 0x7b, 0x7a, 0x0e, 0xd3,
    0x27, 0x80, 0x7f, 0xd4, 0xb1, 0x95, 0x0e, 0xdc, 0x06, 0x35, 0xf7, 0xa9,
    0xb6, 0x36, 0xfd, 0xfd, 0xfd, 0xfd, 0xd5, 0xfe, 0xa7, 0x96, 0x98, 0x17,
    0xc0, 0xfe, 0xaf, 0x9f, 0xa1, 0x36, 0xf2, 0x9c, 0x85, 0x11, 0xc0, 0xff,
    0x33, 0x33, 0x37, 0x3e, 0xff, 0x34, 0x34, 0x34, 0x1e, 0xff, 0x35, 0x34,
    0x37, 0xff, 0xc0, 0xfe, 0x62, 0x4d, 0x50, 0xa8, 0x8e, 0xe2, 0xb4, 0x85,
    0xfe, 0xfc, 0xfb, 0xfb, 0xa3, 0x87, 0xfe, 0xc6, 0xbb, 0xbc, 0x36, 0xfd,
    0xfd, 0xfd, 0xfd, 0xc9, 0x8e, 0x3c, 0xef, 0xb5, 0x83, 0xfe, 0x8c, 0x79,
    0x78, 0xe6, 0x8f, 0x8c, 0xfe, 0x65, 0x46, 0x44, 0x35, 0xf3, 0xb1, 0x95,
    0xba, 0x71, 0x0e, 0xbd, 0x94, 0xfe, 0xfe, 0xfd, 0xfd, 0x17, 0xfe, 0xc4,
    0xba, 0xba, 0x0e, 0xc0, 0x95, 0x8b, 0x35, 0xd7, 0xfe, 0x7e, 0x67, 0x65,
    0x0e, 0xf0, 0x41, 0xfe, 0x6b, 0x4f, 0x4d, 0x35, 0xd3, 0x0d, 0x0e, 0xd7,
    0xfe, 0xd1, 0xc9, 0xc9, 0x17, 0x9c, 0x88, 0xfe, 0x9c, 0x8b, 0x8a, 0x8e,
    0x8a, 0xd4, 0x8a, 0x8d, 0x35, 0xd4, 0x22, 0x0e, 0xdc, 0x3e, 0x35, 0xf7,
    0xad, 0xc5, 0x36, 0xfd, 0xfd, 0xfd, 0xfd, 0xd6, 0xfe, 0xd6, 0xce, 0xcf,
    0x17, 0x95, 0x8a, 0xfe, 0x78, 0x5e, 0x61, 0x97, 0x89, 0xf1, 0x9c, 0x85,
    0x11, 0xc0, 0xff, 0x33, 0x33, 0x37, 0x3e, 0xff, 0x34, 0x34, 0x34, 0x1e,
    0xff, 0x35, 0x34, 0x37, 0xff, 0xc0, 0xfe, 0x62, 0x4d, 0x50, 0xa8, 0x8e,
    0xe2, 0xfe, 0xc2, 0xb7, 0xb8, 0xfe, 0xfe, 0xfe, 0xfe, 0x99, 0x89, 0xfe,
    0x7b, 0x62, 0x65, 0x36, 0xfd, 0xfd, 0xfd, 0xfd, 0xc9, 0x8f, 0x3c, 0x55,
    0xed, 0xad, 0x95, 0xfe, 0x8b, 0x77, 0x76, 0xa2, 0x87, 0xe4, 0x55, 0x82,
    0x8f, 0x35, 0xf7, 0xab, 0x86, 0xb3, 0x94, 0xfe, 0xd4, 0xcd, 0xcc, 0x17,
    0x97, 0x79, 0xfe, 0x91, 0x7e, 0x7d, 0x0e, 0x95, 0x7a, 0x35, 0xd7, 0xfe,
    0x7e, 0x67, 0x65, 0x0e, 0xf1, 0x9c, 0x89, 0xfe, 0x68, 0x4a, 0x49, 0x35,
    0xd1, 0xaa, 0x96, 0x37, 0x0e, 0xd6, 0xae, 0x86, 0xfe, 0xfc, 0xfb, 0xfb,
    0x17, 0xfe, 0xc9, 0xc0, 0xc0, 0x0e, 0xd5, 0x8a, 0x8d, 0x35, 0xd4, 0xb1,
    0x95, 0x0e, 0xdc, 0x95, 0x8b, 0x35, 0xf7, 0xb1, 0xd4, 0x36, 0xfd, 0xfd,
    0xfd, 0xfd, 0xd6, 0xba, 0x84, 0xfe, 0xfd, 0xfd, 0xfd, 0x17, 0xfe, 0xb2,
    0xa3, 0xa5, 0x36, 0xf1, 0x9c, 0x85, 0x11, 0xc0, 0xff, 0x33, 0x33, 0x37,
    0x3e, 0xff, 0x34, 0x34, 0x34, 0x1e, 0xff, 0x35, 0x34, 0x37, 0xff, 0xc0,
    0xfe, 0x62, 0x4d, 0x50, 0xa8, 0x8e, 0xe1, 0xa4, 0x88, 0xfe, 0xf5, 0xf3,
    0xf3, 0xab, 0x86, 0xfe, 0xc0, 0xb5, 0xb6, 0x36, 0xfd, 0xfd, 0xfd, 0xfd,
    0xca, 0x91, 0x3b, 0x9d, 0x89, 0xec, 0xab, 0x96, 0xfe, 0x8a, 0x76, 0x75,
    0xa3, 0x87, 0xe4, 0x98, 0x8a, 0xfe, 0x6a, 0x4d, 0x4c, 0x35, 0xfa, 0xfe,
    0x7e, 0x64, 0x62, 0x17, 0xc0, 0xfe, 0xa4, 0x93, 0x92, 0xfe, 0x77, 0x5e,
    0x5d, 0x9d, 0x89, 0x35, 0xd7, 0xfe, 0x7e, 0x67, 0x65, 0x0e, 0xf2, 0x24,
    0xfe, 0x65, 0x47, 0x45, 0x35, 0xcf, 0x2a, 0xfe, 0x86, 0x72, 0x71, 0x0e,
    0xd7, 0xfe, 0xc1, 0xb6, 0xb6, 0x17, 0x9d, 0x89, 0xfe, 0x96, 0x85, 0x84,
    0x0e, 0xd5, 0x8a, 0x8d, 0x35, 0xd4, 0xb2, 0x84, 0x0e, 0xdc, 0x95, 0x8b,
    0x35, 0xf6, 0x2a, 0x36, 0xfd, 0xfd, 0xfd, 0xfd, 0xd8, 0xfe, 0xd1, 0xc8,
    0xc9, 0x17, 0x87, 0x8c, 0x36, 0xf1, 0x9c, 0x85, 0x11, 0xc0, 0xff, 0x33,
    0x33, 0x37, 0x3e, 0xff, 0x34, 0x34, 0x34, 0x1e, 0xff, 0x35, 0x34, 0x37,
    0xff, 0xc0, 0xfe, 0x62, 0x4d, 0x50, 0xa8, 0x8e, 0xe1, 0xfe, 0x99, 0x85,
    0x88, 0xfe, 0xfe, 0xfe, 0xfe, 0xc0, 0xfe, 0x8b, 0x75, 0x77, 0x36, 0xfd,
    0xfd, 0xfd, 0xfd, 0xca, 0x92, 0x4b, 0x9c, 0x79, 0xeb, 0xab, 0x86, 0xfe,
    0x8b, 0x77, 0x76, 0xa2, 0x87, 0xe4, 0x8d, 0x8c, 0x80, 0x7f, 0x35, 0xfc,
    0xfe, 0xdf, 0xd9, 0xd9, 0x17, 0xfe, 0xcc, 0xc2, 0xc1, 0x35, 0xd9, 0xfe,
    0x7e, 0x67, 0x66, 0x0e, 0xf3, 0x95, 0x7a, 0xfe, 0x63, 0x45, 0x43, 0x35,
    0xcd, 0x7f, 0xfe, 0x81, 0x6b, 0x6a, 0x0e, 0xd8, 0xfe, 0xe6, 0xe2, 0xe2,
    0x17, 0xfe, 0xdb, 0xd5, 0xd5, 0x0e, 0xd6, 0x8a, 0x8d, 0x35, 0xd4, 0xb2,
    0x84, 0x0e, 0xdc, 0x95, 0x8b, 0x35, 0xf6, 0xa8, 0xa6, 0x36, 0xfd, 0xfd,
    0xfd, 0xfd, 0xd8, 0xfe, 0x9a, 0x87, 0x8a, 0x17, 0xc0, 0xfe, 0x89, 0x73,
    0x75, 0x36, 0xf0, 0x9c, 0x85, 0xfe, 0x35, 0x34, 0x37, 0xc0, 0xff, 0x33,
    0x33, 0x37, 0x3e, 0xff, 0x34, 0x34, 0x34, 0x1e, 0xff, 0x35, 0x34, 0x37,
    0xff, 0xc0, 0xfe, 0x62, 0x4d, 0x50, 0xa8, 0x8e, 0xe1, 0xfe, 0xbe, 0xb2,
    0xb3, 0xfe, 0xfe, 0xfe, 0xfe, 0x8e, 0x8b, 0x36, 0xfd, 0xfd, 0xfd, 0xfd,
    0xcb, 0x96, 0x5a, 0x98, 0x6a, 0xeb, 0xbe, 0x92, 0xb8, 0x82, 0xe3, 0x41,
    0x81, 0x7e, 0x35, 0xfd, 0xc0, 0xfe, 0xb0, 0xa1, 0xa0, 0x17, 0x93, 0x8a,
    0xfe, 0x63, 0x44, 0x42, 0x35, 0xd8, 0xfe, 0x7e, 0x67, 0x66, 0x0e, 0xf4,
    0x8f, 0x8c, 0x35, 0xcd, 0xfe, 0x7b, 0x63, 0x62, 0x0e, 0xd8, 0xa8, 0x87,
    0xfe, 0xfd, 0xfd, 0xfd, 0x17, 0xfe, 0xb8, 0xad, 0xac, 0x0e, 0xd6, 0x8b,
    0x7c, 0x35, 0xd4, 0xb2, 0x84, 0x0e, 0xdc, 0x95, 0x8b, 0x35, 0xf6, 0xac,
    0xb5, 0x36, 0xfd, 0xfd, 0xfd, 0xfd, 0xd8, 0xa5, 0x87, 0xfe, 0xfa, 0xf9,
    0xf9, 0x17, 0xfe, 0xae, 0x9f, 0xa0, 0x36, 0xf0, 0x9c, 0x85, 0x11, 0xc0,
    0xff, 0x33, 0x33, 0x37, 0x3e, 0xff, 0x34, 0x34, 0x34, 0x1e, 0xff, 0x35,
    0x34, 0x37, 0xff, 0xc0, 0xfe, 0x62, 0x4d, 0x50, 0xa8, 0x8e, 0xe1, 0xfe,
    0xd9, 0xd2, 0xd3, 0xfe, 0xfe, 0xfe, 0xfe, 0xfe, 0xce, 0xc5, 0xc6, 0x36,
    0xfd, 0xfd, 0xfd, 0xfd, 0xcb, 0x9b, 0x69, 0x93, 0x5b, 0xeb, 0xfe, 0x87,
    0x73, 0x72, 0xa6, 0x87, 0xe2, 0x97, 0x8a, 0xfe, 0x69, 0x4c, 0x4a, 0x35,
    0xfd, 0xc1, 0xfe, 0x8c, 0x75, 0x73, 0x17, 0xc0, 0xfe, 0x76, 0x5a, 0x59,
    0x35, 0xd8, 0xfe, 0x7f, 0x68, 0x66, 0x0e, 0xf5, 0x85, 0x8e, 0x35, 0xcb,
    0xb1, 0x84, 0x0e, 0xd9, 0xbf, 0x94, 0x17, 0xc0, 0xfe, 0x9e, 0x8e, 0x8d,
    0x0e, 0xd6, 0x8b, 0x7c, 0x35, 0xd4, 0xb2, 0x84, 0x0e, 0xdc, 0x95, 0x7a,
    0x35, 0xf6, 0xaf, 0xc5, 0x36, 0xfd, 0xfd, 0xfd, 0xfd, 0xd9, 0xfe, 0xde,
    0xd7, 0xd8, 0x17, 0xfe, 0xc9, 0xbf, 0xc0, 0x36, 0xf0, 0x9c, 0x85, 0x11,
    0xc0, 0xff, 0x33, 0x33, 0x37, 0x3e, 0xff, 0x34, 0x34, 0x34, 0x1e, 0xff,
    0x35, 0x34, 0x37, 0xff, 0xc0, 0xfe, 0x62, 0x4d, 0x50, 0xa8, 0x8e, 0xe1,
    0xfe, 0xed, 0xea, 0xea, 0xb4, 0x85, 0xfe, 0xb7, 0xa9, 0xab, 0x36, 0xfd,
    0xfd, 0xfd, 0xfd, 0xcb, 0x55, 0x8f, 0x3c, 0xea, 0xad, 0x85, 0xfe, 0x8c,
    0x79, 0x78, 0xe2, 0x8b, 0x8d, 0x81, 0x7e, 0x35, 0xfd, 0xc2, 0xb4, 0x95,
    0x17, 0xc0, 0xfe, 0x8c, 0x75, 0x73, 0x35, 0xd8, 0xfe, 0x7f, 0x68, 0x66,
    0x0e, 0xf5, 0x55, 0xfe, 0x70, 0x55, 0x53, 0x35, 0xc9, 0xa5, 0x87, 0xfe,
    0x89, 0x75, 0x74, 0x0e, 0xd9, 0xfe, 0xb8, 0xac, 0xab, 0x17, 0x40, 0xfe,
    0x8e, 0x7c, 0x7b, 0x0e, 0xd6, 0x8b, 0x7c, 0x35, 0xd4, 0x27, 0x0e, 0xdc,
    0x95, 0x7a, 0x35, 0xf6, 0xb2, 0xd4, 0xfd, 0xfd, 0xfd, 0xfd, 0xda, 0xfe,
    0xc7, 0xbd, 0xbe, 0x17, 0xfe, 0xde, 0xd7, 0xd8, 0x36, 0xf0, 0x9c, 0x85,
    0xfe, 0x35, 0x34, 0x37, 0xc0, 0xff, 0x33, 0x33, 0x37, 0x3e, 0xff, 0x34,
    0x34, 0x34, 0x1e, 0xff, 0x35, 0x34, 0x37, 0xff, 0xc0, 0xfe, 0x62, 0x4d,
    0x50, 0xa8, 0x8e, 0xe1, 0xfe, 0xf7, 0xf5, 0xf5, 0xa9, 0x86, 0xfe, 0xab,
    0x9b, 0x9d, 0x36, 0xfd, 0xfd, 0xfd, 0xfd, 0xcc, 0x92, 0x4b, 0x9c, 0x79,
    0xe9, 0xbe, 0x81, 0xb8, 0x93, 0xe1, 0x90, 0x8c, 0x35, 0xfd, 0xc4, 0xa5,
    0x87, 0x17, 0xc0, 0xfe, 0x96, 0x81, 0x80, 0x35, 0xd8, 0xfe, 0x7f, 0x68,
    0x66, 0x0e, 0xf6, 0x9d, 0x89, 0xfe, 0x69, 0x4c, 0x4a, 0x35, 0xc8, 0xfe,
    0x7f, 0x68, 0x66, 0x0e, 0xda, 0xfe, 0xbf, 0xb5, 0xb4, 0x17, 0x96, 0x79,
    0x0e, 0xd7, 0x8b, 0x7c, 0x35, 0xd4, 0xb3, 0x83, 0x0e, 0xdc, 0x95, 0x7a,
    0x35, 0xf5, 0xa3, 0x87, 0x36, 0xfd, 0xfd, 0xfd, 0xfd, 0xda, 0xfe, 0xbb,
    0xaf, 0xb0, 0x17, 0x85, 0x8c, 0x36, 0xf0, 0x9c, 0x85, 0x11, 0xc0, 0xff,
    0x33, 0x33, 0x37, 0x3e, 0xff, 0x34, 0x34, 0x34, 0x1e, 0xff, 0x35, 0x34,
    0x37, 0xff, 0xc0, 0xfe, 0x62, 0x4d, 0x50, 0xa8, 0x8e, 0xe1, 0xfe, 0xfc,
    0xfc, 0xfc, 0xa2, 0x88, 0xfe, 0xa6, 0x95, 0x97, 0x36, 0xfd, 0xfd, 0xfd,
    0xc4, 0xfe, 0xda, 0xd3, 0xd4, 0x39, 0xc0, 0xfe, 0xca, 0xc0, 0xc1, 0x36,
    0xfd, 0xc2, 0x97, 0x5a, 0x97, 0x6a, 0xe9, 0xfe, 0x86, 0x71, 0x6f, 0xa8,
    0x96, 0xe0, 0x41, 0xfe, 0x68, 0x4b, 0x49, 0x35, 0xfd, 0xc5, 0xfe, 0xfd,
    0xfc, 0xfc, 0x17, 0xfe, 0x9c, 0x89, 0x87, 0x35, 0xd8, 0xfe, 0x7f, 0x68,
    0x66, 0x0e, 0xf7, 0x95, 0x8b, 0xfe, 0x63, 0x44, 0x42, 0x35, 0xc6, 0xb3,
    0x83, 0x0e, 0xdb, 0xfe, 0xc3, 0xb9, 0xb9, 0x17, 0x90, 0x8b, 0x0e, 0xd7,
    0x8b, 0x7c, 0x35, 0xd4, 0x2f, 0x0e, 0xdc, 0x95, 0x7a, 0x35, 0xf5, 0xa5,
    0x97, 0x36, 0xfd, 0xfd, 0xfd, 0xfd, 0xda, 0xfe, 0xb6, 0xa8, 0xaa, 0x17,
    0x8b, 0x8b, 0x36, 0xf0, 0x9c, 0x85, 0x11, 0xc0, 0xff, 0x33, 0x33, 0x37,
    0x3e, 0xff, 0x34, 0x34, 0x34, 0x1e, 0xff, 0x35, 0x34, 0x37, 0xff, 0xc0,
    0xfe, 0x62, 0x4d, 0x50, 0xa8, 0x8e, 0xe1, 0xfe, 0xfd, 0xfd, 0xfd, 0x7f,
    0xfe, 0xa6, 0x95, 0x97, 0x36, 0xcf, 0xa5, 0x87, 0xfe, 0xd8, 0xd1, 0xd2,
    0xc5, 0x5a, 0x9a, 0x99, 0x93, 0x8a, 0x8a, 0x9c, 0xfe, 0x97, 0x83, 0x86,
    0x3a, 0x36, 0xfd, 0xde, 0xfe, 0xaa, 0x99, 0x9b, 0x28, 0xc2, 0xfe, 0xa7,
    0x96, 0x98, 0x36, 0xcb, 0x35, 0x28, 0xc2, 0xfe, 0xa3, 0x91, 0x93, 0x36,
    0xe8, 0xfe, 0xdc, 0xd5, 0xd6, 0x17, 0xc0, 0xfe, 0xcb, 0xc1, 0xc2, 0x36,
    0xfd, 0xc2, 0x9b, 0x79, 0x93, 0x4b, 0xe8, 0xa6, 0x87, 0xfe, 0x8c, 0x79,
    0x78, 0xe0, 0x41, 0x81, 0x8f, 0x35, 0xfd, 0xc6, 0xfe, 0xfd, 0xfc, 0xfc,
    0xa2, 0x87, 0xfe, 0x9d, 0x89, 0x88, 0x35, 0xd8, 0xfe, 0x7f, 0x68, 0x67,
    0x0e, 0xf8, 0x85, 0x8e, 0x35, 0xc5, 0xa6, 0x86, 0xfe, 0x89, 0x75, 0x74,
    0x0e, 0xdb, 0xfe, 0xc4, 0xba, 0xb9, 0x17, 0x90, 0x8a, 0x0e, 0xd7, 0x8b,
    0x7c, 0xfe, 0x62, 0x43, 0x41, 0xd4, 0xb3, 0x83, 0x0e, 0xdc, 0x94, 0x8b,
    0x35, 0xf5, 0xa7, 0x96, 0x36, 0xfd, 0xfd, 0xfd, 0xfd, 0xda, 0xfe, 0xb5,
    0xa7, 0xa9, 0x17, 0x8b, 0x9c, 0x36, 0xf0, 0x9c, 0x85, 0x11, 0xc0, 0xff,
    0x33, 0x33, 0x37, 0x3e, 0xff, 0x34, 0x34, 0x34, 0x1e, 0xff, 0x35, 0x34,
    0x37, 0xff, 0xc0, 0xfe, 0x62, 0x4d, 0x50, 0xa8, 0x8e, 0xe1, 0xfe, 0xfd,
    0xfd, 0xfd, 0x7f, 0xfe, 0xa6, 0x95, 0x97, 0x36, 0xcf, 0xa7, 0x87, 0x17,
    0xca, 0x95, 0x89, 0xfe, 0xb9, 0xab, 0xad, 0x18, 0x36, 0xfd, 0xdc, 0xfe,
    0xbe, 0xb2, 0xb3, 0x17, 0xc2, 0x8f, 0x9b, 0xfe, 0x74, 0x59, 0x5c, 0x36,
    0xc9, 0xaf, 0x86, 0xfe, 0xfa, 0xf9, 0xf9, 0x17, 0xc2, 0xfe, 0xb5, 0xa7,
    0xa8, 0x36, 0xe8, 0xfe, 0xdc, 0xd5, 0xd6, 0x17, 0xc0, 0xfe, 0xcb, 0xc1,
    0xc2, 0x36, 0xfd, 0xc2, 0x56, 0x90, 0x2b, 0x65, 0xe7, 0xb4, 0x83, 0xfe,
    0x8c, 0x79, 0x78, 0xdf, 0x9c, 0x89, 0xfe, 0x6c, 0x50, 0x4e, 0x35, 0xfd,
    0xc7, 0xfe, 0xfd, 0xfc, 0xfc, 0x17, 0xfe, 0x9d, 0x89, 0x88, 0x35, 0xd8,
    0xfe, 0x7f, 0x68, 0x67, 0x0e, 0xf8, 0x41, 0xfe, 0x66, 0x49, 0x47, 0x35,
    0xc3, 0xa3, 0x87, 0xfe, 0x83, 0x6e, 0x6c, 0x0e, 0xdc, 0xfe, 0xc4, 0xba,
    0xb9, 0x17, 0x90, 0x8a, 0x0e, 0xd7, 0x8b, 0x7c, 0xfe, 0x62, 0x43, 0x41,
    0xd4, 0xb3, 0x83, 0x0e, 0xdc, 0x94, 0x8b, 0x35, 0xf5, 0xa8, 0xa7, 0x36,
    0xfd, 0xfd, 0xfd, 0xfd, 0xda, 0xfe, 0xb5, 0xa7, 0xa9, 0x17, 0x8b, 0x9c,
    0x36, 0xf0, 0x9c, 0x85, 0x11, 0xc0, 0xff, 0x33, 0x33, 0x37, 0x3e, 0xff,
    0x34, 0x34, 0x34, 0x1e, 0xff, 0x35, 0x34, 0x37, 0xff, 0xc0, 0xfe, 0x62,
    0x4d, 0x50, 0xa8, 0x8e, 0xe1, 0xfe, 0xfd, 0xfd, 0xfd, 0x7f, 0xfe, 0xa6,
    0x95, 0x97, 0x36, 0xcf, 0xa7, 0x87, 0x17, 0xcc, 0x87, 0x9c, 0xfe, 0x85,
    0x6e, 0x71, 0x36, 0xfd, 0xdb, 0xfe, 0xbe, 0xb2, 0xb3, 0x17, 0xc3, 0xfe,
    0xa8, 0x97, 0x99, 0x36, 0xc9, 0xfe, 0xb9, 0xab, 0xad, 0x17, 0xc3, 0xfe,
    0xb5, 0xa7, 0xa8, 0x36, 0xe8, 0xfe, 0xdc, 0xd5, 0xd6, 0x17, 0xc0, 0xfe,
    0xcb, 0xc1, 0xc2, 0x36, 0xfd, 0xc3, 0x93, 0x4b, 0x9b, 0x79, 0xe7, 0xfe,
    0x7b, 0x64, 0x62, 0xb5, 0x94, 0xde, 0x98, 0x7a, 0xfe, 0x68, 0x4a, 0x49,
    0x35, 0xfd, 0xc8, 0xfe, 0xfd, 0xfc, 0xfc, 0x17, 0xfe, 0x9d, 0x89, 0x88,
    0x35, 0xd8, 0xfe, 0x7f, 0x68, 0x67, 0x0e, 0xf9, 0x95, 0x8b, 0x85, 0x7d,
    0x92, 0x8c, 0x35, 0xc0, 0xad, 0x95, 0xbf, 0x82, 0x0e, 0xdd, 0xfe, 0xc4,
    0xba, 0xb9, 0x17, 0x90, 0x8a, 0x0e, 0xd7, 0x2c, 0xfe, 0x62, 0x43, 0x41,
    0xd4, 0xb3, 0x83, 0x0e, 0xc8, 0x7f, 0xa6, 0x87, 0x9c, 0x88, 0x0e, 0xcf,
    0x94, 0x8b, 0x35, 0xf5, 0xaa, 0xb6, 0x36, 0xfd, 0xfd, 0xfd, 0xfd, 0xda,
    0xfe, 0xb5, 0xa7, 0xa9, 0x17, 0x8b, 0x9c, 0x36, 0xf0, 0x9c, 0x85, 0xfe,
    0x35, 0x34, 0x37, 0xc0, 0xff, 0x33, 0x33, 0x37, 0x3e, 0xff, 0x34, 0x34,
    0x34, 0x1e, 0xff, 0x35, 0x34, 0x37, 0xff, 0xc0, 0xfe, 0x62, 0x4d, 0x50,
    0xa8, 0x8e, 0xe1, 0xfe, 0xfd, 0xfd, 0xfd, 0x7f, 0xfe, 0xa6, 0x95, 0x97,
    0x36, 0xcf, 0xa7, 0x87, 0x17, 0xc1, 0xfe, 0xdb, 0xd5, 0xd5, 0xfe, 0xb1,
    0xa2, 0xa4, 0xc1, 0xa2, 0x87, 0xa8, 0x77, 0xb5, 0x85, 0xfe, 0xee, 0xeb,
    0xec, 0x17, 0xc2, 0x8f, 0x8a, 0xfe, 0x7d, 0x65, 0x68, 0x36, 0xfd, 0xda,
    0xfe, 0xbe, 0xb2, 0xb3, 0x17, 0xc3, 0x87, 0x8c, 0xfe, 0x71, 0x56, 0x59,
    0x36, 0xc7, 0xa6, 0x88, 0xfe, 0xf4, 0xf2, 0xf2, 0x17, 0xc3, 0xfe, 0xb5,
    0xa7, 0xa8, 0x36, 0xe8, 0xfe, 0xdc, 0xd5, 0xd6, 0x17, 0xc0, 0x0d, 0x36,
    0xfd, 0xc3, 0x97, 0x6a, 0x97, 0x5a, 0xe7, 0xfe, 0x85, 0x6f, 0x6e, 0xaa,
    0x85, 0xdd, 0x93, 0x8b, 0xfe, 0x65, 0x46, 0x44, 0x35, 0xfd, 0xc9, 0xfe,
    0xfd, 0xfc, 0xfc, 0x17, 0xfe, 0x9d, 0x89, 0x88, 0x35, 0xd8, 0xfe, 0x7f,
    0x68, 0x67, 0x0e, 0xfb, 0x55, 0x9c, 0x89, 0xa2, 0x88, 0x0e, 0xdf, 0xfe,
    0xc4, 0xba, 0xb9, 0x17, 0x90, 0x8a, 0x0e, 0xd7, 0x8b, 0x7c, 0xfe, 0xaa,
    0x9a, 0x99, 0xa1, 0x89, 0xd3, 0xaa, 0x96, 0xfe, 0x8d, 0x7b, 0x7a, 0x0e,
    0xc2, 0x7f, 0xbd, 0x94, 0xfe, 0xc6, 0xbd, 0xbd, 0xbe, 0x84, 0xb6, 0x85,
    0x08, 0x17, 0xc0, 0x9b, 0x89, 0x8b, 0x8b, 0x85, 0x7b, 0xfe, 0xa8, 0x99,
    0x99, 0x0e, 0xcb, 0x94, 0x8b, 0xfe, 0x62, 0x43, 0x41, 0xf5, 0xab, 0xc6,
    0x36, 0xfd, 0xfd, 0xfd, 0xfd, 0xda, 0xfe, 0xb5, 0xa7, 0xa9, 0x17, 0x8b,
    0x9c, 0x36, 0xf0, 0x9c, 0x85, 0xfe, 0x35, 0x34, 0x37, 0xc0, 0xff, 0x33,
    0x33, 0x37, 0x3e, 0xff, 0x34, 0x34, 0x34, 0x1e, 0xff, 0x35, 0x34, 0x37,
    0xff, 0xc0, 0xfe, 0x62, 0x4d, 0x50, 0xa8, 0x8e, 0xe1, 0xfe, 0xfd, 0xfd,
    0xfd, 0x7f, 0xfe, 0xa6, 0x95, 0x97, 0x36, 0xcf, 0xa7, 0x87, 0x17, 0xc1,
    0xfe, 0xbe, 0xb2, 0xb3, 0x36, 0xc5, 0xfe, 0x9e, 0x8b, 0x8d, 0xfe, 0xf1,
    0xee, 0xee, 0x17, 0xc1, 0xfe, 0xcf, 0xc6, 0xc7, 0x36, 0xfd, 0xda, 0x3a,
    0x17, 0xc0, 0x8b, 0x8b, 0xac, 0x87, 0x17, 0xc0, 0x25, 0x36, 0xc7, 0xfe,
    0xab, 0x9b, 0x9c, 0x17, 0xc0, 0x81, 0x9d, 0x17, 0xc1, 0xfe, 0xb5, 0xa7,
    0xa8, 0x36, 0xe8, 0xfe, 0xdc, 0xd5, 0xd6, 0x17, 0xc0, 0xfe, 0xcb, 0xc1,
    0xc2, 0x36, 0xfd, 0xc3, 0x9c, 0x79, 0x92, 0x4b, 0xe6, 0xa2, 0x88, 0xfe,
    0x8b, 0x78, 0x77, 0x7f, 0xdc, 0x93, 0x8b, 0xfe, 0x63, 0x44, 0x42, 0x35,
    0xfd, 0xca, 0xfe, 0xfd, 0xfc, 0xfc, 0x17, 0xfe, 0x9d, 0x89, 0x88, 0x35,
    0xd8, 0xfe, 0x80, 0x69, 0x68, 0x0e, 0xfd, 0xe1, 0xfe, 0xc4, 0xba, 0xb9,
    0x17, 0x90, 0x8a, 0x0e, 0xd7, 0x8b, 0x7c, 0xfe, 0xfc, 0xfc, 0xfc, 0x17,
    0xd4, 0xfe, 0x8f, 0x7c, 0x7b, 0x0e, 0xc1, 0xfe, 0xc5, 0xbc, 0xbb, 0xfe,
    0xf3, 0xf1, 0xf1, 0x17, 0xc9, 0xfe, 0xe1, 0xdc, 0xdc, 0xfe, 0x9b, 0x8a,
    0x89, 0x0e, 0xc9, 0x94, 0x8b, 0xfe, 0x62, 0x43, 0x41, 0xf5, 0xad, 0xc5,
    0x36, 0xfd, 0xfd, 0xfd, 0xfd, 0xda, 0xfe, 0xb5, 0xa7, 0xa9, 0x17, 0x8b,
    0x9c, 0x36, 0xf0, 0x9c, 0x85, 0xfe, 0x35, 0x34, 0x37, 0xc0, 0xff, 0x33,
    0x33, 0x37, 0x3e, 0xff, 0x34, 0x34, 0x34, 0x1e, 0xff, 0x35, 0x34, 0x37,
    0xff, 0xc0, 0xfe, 0x62, 0x4d, 0x50, 0xa8, 0x8e, 0xe1, 0xfe, 0xfd, 0xfd,
    0xfd, 0x7f, 0xfe, 0xa6, 0x95, 0x97, 0x36, 0xcf, 0xa7, 0x87, 0x17, 0xc1,
    0xfe, 0xbe, 0xb2, 0xb3, 0x36, 0xc6, 0xb8, 0x85, 0xfe, 0xf7, 0xf6, 0xf6,
    0x17, 0xc0, 0x08, 0xfe, 0x82, 0x6a, 0x6d, 0x36, 0xfd, 0xd9, 0x3a, 0x17,
    0xc0, 0x81, 0x9d, 0x3a, 0x17, 0xc0, 0xfe, 0xe0, 0xdb, 0xdb, 0x36, 0xc6,
    0x7f, 0xfe, 0xea, 0xe6, 0xe6, 0x17, 0xc0, 0xfe, 0xa3, 0x91, 0x93, 0x17,
    0xc1, 0xfe, 0xb5, 0xa7, 0xa8, 0x36, 0xe8, 0xfe, 0xdc, 0xd5, 0xd6, 0x17,
    0xc0, 0xfe, 0xcb, 0xc1, 0xc2, 0x36, 0xfd, 0xc4, 0x8f, 0x3c, 0x55, 0xe5,
    0xac, 0x85, 0xfe, 0x8c, 0x79, 0x78, 0xdd, 0xfe, 0x6f, 0x53, 0x52, 0x35,
    0xfd, 0xcb, 0xfe, 0xfd, 0xfc, 0xfc, 0x17, 0xfe, 0x9d, 0x89, 0x88, 0x35,
    0xd8, 0xfe, 0x80, 0x69, 0x68, 0x0e, 0xfd, 0xe1, 0xfe, 0xc4, 0xba, 0xb9,
    0x17, 0x90, 0x8a, 0x0e, 0xd7, 0x8b, 0x7c, 0xfe, 0xfc, 0xfc, 0xfc, 0x17,
    0xd4, 0xfe, 0x8f, 0x7c, 0x7b, 0x0e, 0xc1, 0xfe, 0xfa, 0xf9, 0xf9, 0x17,
    0xcb, 0x95, 0x8a, 0xfe, 0x9d, 0x8d, 0x8c, 0x0e, 0xc8, 0x93, 0x8b, 0xfe,
    0x62, 0x43, 0x41, 0xf5, 0xaf, 0xc5, 0x36, 0xfd, 0xfd, 0xfd, 0xfd, 0xda,
    0xfe, 0xb5, 0xa7, 0xa9, 0x17, 0x8b, 0x9c, 0x36, 0xf0, 0x9c, 0x85, 0x11,
    0xc0, 0xff, 0x33, 0x33, 0x37, 0x3e, 0xff, 0x34, 0x34, 0x34, 0x1e, 0xff,
    0x35, 0x34, 0x37, 0xff, 0xc0, 0xfe, 0x62, 0x4d, 0x50, 0xa8, 0x8e, 0xe1,
    0xfe, 0xfd, 0xfd, 0xfd, 0x7f, 0xfe, 0xa6, 0x95, 0x97, 0x36, 0xcf, 0xa7,
    0x87, 0x17, 0xc1, 0xfe, 0xbe, 0xb2, 0xb3, 0x36, 0xc7, 0xfe, 0xbc, 0xaf,
    0xb1, 0xfe, 0xfe, 0xfe, 0xfe, 0xc1, 0xfe, 0xa8, 0x98, 0x9a, 0x36, 0xd8,
    0xb8, 0x74, 0xba, 0x94, 0xac, 0x76, 0x40, 0x8d, 0x8c, 0x81, 0x9c, 0x36,
    0xcd, 0xb4, 0x85, 0xb6, 0x74, 0xa7, 0x87, 0x99, 0x9a, 0x92, 0x79, 0x86,
    0x9d, 0x36, 0xe2, 0x3a, 0x17, 0xc0, 0x81, 0x9d, 0xfe, 0x80, 0x68, 0x6b,
    0xfe, 0xfc, 0xfb, 0xfb, 0x17, 0xc0, 0xfe, 0x94, 0x80, 0x82, 0x36, 0xc5,
    0xfe, 0x9d, 0x8a, 0x8c, 0x17, 0xc0, 0xfe, 0xe0, 0xda, 0xdb, 0xfe, 0x80,
    0x67, 0x6a, 0x17, 0xc1, 0xfe, 0xb5, 0xa7, 0xa8, 0xfe, 0x70, 0x55, 0x58,
    0xca, 0xa8, 0x87, 0xfe, 0x92, 0x7d, 0x80, 0xb2, 0x75, 0xa3, 0x87, 0x97,
    0x8a, 0x86, 0x8c, 0x36, 0xce, 0xa9, 0x87, 0xfe, 0x95, 0x81, 0x83, 0xb0,
    0x85, 0x9d, 0x89, 0x02, 0x80, 0x8d, 0x96, 0x89, 0xc0, 0xfe, 0xdc, 0xd5,
    0xd6, 0x17, 0xc0, 0xfe, 0xcb, 0xc1, 0xc2, 0x36, 0xfd, 0xc4, 0x93, 0x5b,
    0x9b, 0x69, 0xe5, 0xb6, 0x83, 0xfe, 0x8c, 0x79, 0x78, 0xdc, 0x41, 0xfe,
    0x63, 0x45, 0x43, 0x35, 0xfd, 0xcb, 0xfe, 0xfd, 0xfc, 0xfc, 0x17, 0xfe,
    0x9d, 0x89, 0x88, 0x35, 0xd8, 0xfe, 0x80, 0x69, 0x68, 0x0e, 0xfd, 0xe1,
    0xfe, 0xc4, 0xba, 0xb9, 0x17, 0x90, 0x8a, 0x0e, 0xd7, 0x8b, 0x7c, 0xfe,
    0xda, 0xd3, 0xd3, 0xa2, 0x88, 0xc6, 0xac, 0x86, 0x17, 0xc1, 0x85, 0x7c,
    0x21, 0xc6, 0xa4, 0x87, 0xfe, 0x8e, 0x7c, 0x7b, 0x0e, 0xc1, 0xfe, 0xfa,
    0xf9, 0xf9, 0x17, 0xc0, 0x92, 0x8a, 0xfe, 0xcf, 0xc7, 0xc7, 0x81, 0x7c,
    0x8b, 0x8b, 0x98, 0x8a, 0xa4, 0x97, 0xb3, 0x75, 0xfe, 0xd1, 0xca, 0xc9,
    0xfe, 0xfb, 0xfb, 0xfb, 0x17, 0xc1, 0x85, 0x8c, 0xfe, 0x8c, 0x79, 0x78,
    0xc8, 0x93, 0x8b, 0xfe, 0x62, 0x43, 0x41, 0xf5, 0xb1, 0xd4, 0x36, 0xfd,
    0xfd, 0xfd, 0xfd, 0xda, 0xfe, 0xb5, 0xa7, 0xa9, 0x17, 0x8b, 0x9c, 0x36,
    0xf0, 0x9c, 0x85, 0x11, 0xc0, 0xff, 0x33, 0x33, 0x37, 0x3e, 0xff, 0x34,
    0x34, 0x34, 0x1e, 0xff, 0x35, 0x34, 0x37, 0xff, 0xc0, 0xfe, 0x62, 0x4d,
    0x50, 0xa8, 0x8e, 0xe1, 0xfe, 0xfd, 0xfd, 0xfd, 0x7f, 0xfe, 0xa6, 0x95,
    0x97, 0x36, 0xcf, 0xa7, 0x87, 0x17, 0xc1, 0xfe, 0xbe, 0xb2, 0xb3, 0x36,
    0xc7, 0xfe, 0x94, 0x7f, 0x82, 0x17, 0xc1, 0xfe, 0xbe, 0xb1, 0xb3, 0x36,
    0xc2, 0xfe, 0xba, 0xad, 0xae, 0xfe, 0xdf, 0xd9, 0xda, 0xc0, 0xfe, 0xc3,
    0xb7, 0xb9, 0xfe, 0x70, 0x55, 0x58, 0xc1, 0xba, 0x84, 0xfe, 0xb7, 0xa9,
    0xab, 0xfe, 0xd5, 0xcd, 0xce, 0xac, 0x76, 0x9c, 0x99, 0x8a, 0x8b, 0x36,
    0xc4, 0xa8, 0x87, 0xfe, 0xb5, 0xa7, 0xa9, 0xfe, 0xed, 0xe9, 0xea, 0x17,
    0xc3, 0x40, 0xfe, 0xd6, 0xcf, 0xcf, 0xfe, 0x91, 0x7c, 0x7e, 0x36, 0xc8,
    0xb3, 0x85, 0xfe, 0xbf, 0xb3, 0xb4, 0xfe, 0xef, 0xec, 0xec, 0x17, 0xc3,
    0x9b, 0x89, 0x19, 0xfe, 0xb6, 0xa8, 0xaa, 0xfe, 0x83, 0x6b, 0x6e, 0x36,
    0xdf, 0x3a, 0x17, 0xc0, 0x81, 0x9d, 0x36, 0xfe, 0xca, 0xc0, 0xc1, 0x17,
    0xc0, 0x07, 0x36, 0xc5, 0xfe, 0xdd, 0xd7, 0xd7, 0x17, 0xc0, 0xfe, 0x9e,
    0x8c, 0x8e, 0xfe, 0x80, 0x67, 0x6a, 0x17, 0xc1, 0xfe, 0xb5, 0xa7, 0xa8,
    0xfe, 0x70, 0x55, 0x58, 0xc8, 0x02, 0x33, 0x39, 0x17, 0xc3, 0x8d, 0x9b,
    0xfe, 0xb4, 0xa6, 0xa8, 0xfe, 0x75, 0x5b, 0x5e, 0x36, 0xc9, 0xbd, 0x84,
    0xfe, 0xcf, 0xc6, 0xc7, 0xfe, 0xfb, 0xfb, 0xfb, 0xa3, 0x88, 0xc2, 0x55,
    0xfe, 0xd8, 0xd1, 0xd2, 0xfe, 0x9c, 0x89, 0x8b, 0xfe, 0xdc, 0xd6, 0xd7,
    0x17, 0xc0, 0xfe, 0xcb, 0xc1, 0xc2, 0x36, 0xc7, 0xfe, 0xa6, 0x95, 0x97,
    0x19, 0xc1, 0x8a, 0x8c, 0x36, 0xf4, 0x98, 0x6a, 0x96, 0x5a, 0xe5, 0xfe,
    0x7b, 0x63, 0x62, 0xb6, 0x83, 0xdc, 0x93, 0x8b, 0x35, 0xfd, 0xcc, 0xfe,
    0xfd, 0xfc, 0xfc, 0x17, 0xfe, 0x9d, 0x89, 0x88, 0x35, 0xd8, 0xfe, 0x80,
    0x69, 0x68, 0x0e, 0xfd, 0xe1, 0xfe, 0xc4, 0xba, 0xb9, 0x17, 0x90, 0x8a,
    0x0e, 0xd7, 0x8b, 0x7c, 0xfe, 0x62, 0x43, 0x41, 0xc7, 0xfe, 0x8f, 0x79,
    0x77, 0x17, 0xc1, 0xfe, 0x94, 0x7f, 0x7e, 0x35, 0xc6, 0xb4, 0x83, 0x0e,
    0xc2, 0x13, 0x89, 0x7b, 0xfe, 0xaf, 0xa1, 0xa1, 0xfe, 0x8d, 0x7b, 0x7a,
    0x0e, 0xc5, 0xba, 0x84, 0xfe, 0xf7, 0xf6, 0xf6, 0x17, 0xc1, 0xfe, 0xa8,
    0x99, 0x99, 0x0e, 0xc7, 0x93, 0x8b, 0x35, 0xf4, 0x7f, 0xb1, 0xd4, 0xfd,
    0xfd, 0xfd, 0xfd, 0xdb, 0xfe, 0xb5, 0xa7, 0xa9, 0x17, 0x3b, 0x36, 0xf0,
    0x9c, 0x85, 0xfe, 0x35, 0x34, 0x37, 0xc0, 0xff, 0x33, 0x33, 0x37, 0x3e,
    0xff, 0x34, 0x34, 0x34, 0x1e, 0xff, 0x35, 0x34, 0x37, 0xff, 0xc0, 0xfe,
    0x62, 0x4d, 0x50, 0xa8, 0x8e, 0xe1, 0xfe, 0xfd, 0xfd, 0xfd, 0x7f, 0xfe,
    0xa6, 0x95, 0x97, 0x36, 0xcf, 0xa7, 0x87, 0x17, 0xc1, 0xfe, 0xbe, 0xb2,
    0xb3, 0x36, 0xc7, 0xb9, 0x84, 0x17, 0xc1, 0xfe, 0xc5, 0xba, 0xbb, 0x36,
    0xc2, 0xfe, 0xce, 0xc5, 0xc6, 0x17, 0xc0, 0xfe, 0xda, 0xd3, 0xd3, 0x36,
    0xb1, 0x85, 0xfe, 0xcd, 0xc3, 0xc4, 0x17, 0xc3, 0x40, 0x36, 0xc3, 0xfe,
    0x91, 0x7c, 0x7e, 0xfe, 0xef, 0xec, 0xec, 0x17, 0xc8, 0xfe, 0xb6, 0xa9,
    0xaa, 0x36, 0xc6, 0xfe, 0xa3, 0x91, 0x93, 0xfe, 0xf8, 0xf7, 0xf7, 0x17,
    0xc8, 0x08, 0xfe, 0x9d, 0x8a, 0x8c, 0x36, 0xde, 0xfe, 0xbe, 0xb2, 0xb3,
    0x17, 0xc0, 0x81, 0x9d, 0x36, 0xbe, 0x73, 0x17, 0xc1, 0xfe, 0x8a, 0x74,
    0x77, 0x36, 0xc3, 0xfe, 0x8f, 0x79, 0x7c, 0x17, 0xc0, 0x88, 0x8c, 0xfe,
    0x71, 0x56, 0x59, 0xb1, 0x86, 0x17, 0xc1, 0xfe, 0xb5, 0xa7, 0xa8, 0xfe,
    0x70, 0x55, 0x58, 0xc6, 0xa5, 0x87, 0xfe, 0xc8, 0xbe, 0xbf, 0x17, 0xc8,
    0x85, 0x8c, 0xfe, 0x82, 0x6a, 0x6d, 0x36, 0xc7, 0xfe, 0xae, 0x9f, 0xa0,
    0xfe, 0xfb, 0xfb, 0xfb, 0x17, 0xca, 0xfe, 0xcb, 0xc1, 0xc2, 0x36, 0xc7,
    0xfe, 0xb5, 0xa7, 0xa9, 0x17, 0xc1, 0x1e, 0x36, 0xf4, 0x9d, 0x78, 0x91,
    0x4c, 0xe5, 0xfe, 0x81, 0x6b, 0x6a, 0xae, 0x85, 0xdc, 0x89, 0x7d, 0x35,
    0xfd, 0xcc, 0xfe, 0xfd, 0xfc, 0xfc, 0x17, 0xfe, 0x9d, 0x89, 0x88, 0x35,
    0xd8, 0xfe, 0x80, 0x69, 0x68, 0x0e, 0xfd, 0xdf, 0x9c, 0x89, 0x0e, 0xfe,
    0xc4, 0xba, 0xb9, 0x17, 0x90, 0x8a, 0x0e, 0xd7, 0x8b, 0x7c, 0xfe, 0x62,
    0x43, 0x41, 0xc7, 0xfe, 0x8f, 0x79, 0x77, 0x17, 0xc1, 0xfe, 0x94, 0x7f,
    0x7e, 0x35, 0xc6, 0xb4, 0x83, 0x0e, 0xc2, 0xfe, 0xb3, 0xa6, 0xa5, 0x0e,
    0xc9, 0xfe, 0xbd, 0xb2, 0xb1, 0x17, 0xc1, 0xfe, 0xc3, 0xb9, 0xb8, 0x0e,
    0xc7, 0x93, 0x8b, 0x35, 0xf4, 0xa3, 0x98, 0xaf, 0xc4, 0xfd, 0xfd, 0xfd,
    0xfd, 0xdb, 0x26, 0x17, 0x8b, 0x9c, 0x36, 0xf0, 0x9c, 0x85, 0xfe, 0x35,
    0x34, 0x37, 0xc0, 0xff, 0x33, 0x33, 0x37, 0x3e, 0xff, 0x34, 0x34, 0x34,
    0x1e, 0xff, 0x35, 0x34, 0x37, 0xff, 0xc0, 0xfe, 0x62, 0x4d, 0x50, 0xa8,
    0x8e, 0xe1, 0xfe, 0xfd, 0xfd, 0xfd, 0x7f, 0xfe, 0xa6, 0x95, 0x97, 0x36,
    0xcf, 0xa7, 0x87, 0x17, 0xc1, 0xfe, 0xbe, 0xb2, 0xb3, 0x36, 0xc7, 0xfe,
    0x8b, 0x75, 0x78, 0x17, 0xc1, 0xfe, 0xc0, 0xb4, 0xb5, 0x36, 0xc2, 0xfe,
    0xce, 0xc5, 0xc6, 0x17, 0xc0, 0xfe, 0xda, 0xd3, 0xd3, 0xfe, 0x9e, 0x8b,
    0x8d, 0xfe, 0xf4, 0xf3, 0xf3, 0x17, 0xc4, 0x40, 0x36, 0xc2, 0xfe, 0x95,
    0x81, 0x83, 0xfe, 0xf9, 0xf9, 0xf9, 0x17, 0xc1, 0x86, 0x8c, 0xfe, 0xc8,
    0xbd, 0xbe, 0x93, 0x8a, 0xa9, 0x96, 0xfe, 0xe0, 0xda, 0xdb, 0x08, 0x17,
    0xc1, 0xfe, 0xb0, 0xa1, 0xa2, 0x36, 0xc4, 0xfe, 0x9f, 0x8d, 0x8f, 0x17,
    0xc2, 0x8d, 0x9b, 0x80, 0x8d, 0x99, 0x89, 0xab, 0x76, 0x12, 0x17, 0xc2,
    0xfe, 0xa7, 0x96, 0x98, 0x36, 0xde, 0x3a, 0x17, 0xc0, 0x81, 0x9d, 0x36,
    0xc0, 0xfe, 0xd6, 0xce, 0xcf, 0x17, 0xc0, 0xfe, 0xcd, 0xc3, 0xc4, 0x36,
    0xc3, 0xfe, 0xcf, 0xc6, 0xc7, 0x17, 0xc0, 0xfe, 0xa9, 0x99, 0x9b, 0x36,
    0xb2, 0x86, 0x17, 0xc1, 0xfe, 0xb5, 0xa7, 0xa8, 0xfe, 0x70, 0x55, 0x58,
    0xc5, 0xa4, 0x87, 0xfe, 0xd8, 0xd1, 0xd2, 0x17, 0xc1, 0x98, 0x89, 0xfe,
    0xd4, 0xcc, 0xcd, 0x88, 0x8c, 0x55, 0xb4, 0x85, 0xfe, 0xf4, 0xf2, 0xf2,
    0x17, 0xc1, 0x88, 0x8c, 0xfe, 0x78, 0x5f, 0x62, 0x36, 0xc5, 0xfe, 0xb1,
    0xa3, 0xa4, 0x17, 0xc3, 0x96, 0x8a, 0x12, 0xaa, 0x76, 0xa9, 0x87, 0xc4,
    0xfe, 0xcb, 0xc1, 0xc2, 0x36, 0xc7, 0xfe, 0xb5, 0xa7, 0xa9, 0x17, 0xc1,
    0x85, 0x8c, 0x36, 0xf5, 0x8f, 0x3c, 0x55, 0xe4, 0xfe, 0x88, 0x74, 0x73,
    0xa5, 0x87, 0xdc, 0x81, 0x8f, 0x35, 0xfd, 0xcc, 0xfe, 0xfd, 0xfc, 0xfc,
    0x17, 0xfe, 0x9d, 0x89, 0x88, 0x35, 0xd8, 0xfe, 0x80, 0x69, 0x68, 0x0e,
    0xfd, 0xde, 0x84, 0x7e, 0xab, 0x86, 0x0e, 0xfe, 0xc4, 0xba, 0xb9, 0x17,
    0x90, 0x8a, 0x0e, 0xd7, 0x8b, 0x7c, 0xfe, 0x62, 0x43, 0x41, 0xc7, 0xfe,
    0x8f, 0x79, 0x77, 0x17, 0xc1, 0xfe, 0x94, 0x7f, 0x7e, 0x35, 0xc6, 0xb4,
    0x83, 0x0e, 0xce, 0xb6, 0x95, 0x17, 0xc1, 0xfe, 0xcb, 0xc2, 0xc2, 0x0e,
    0xc7, 0x93, 0x8b, 0x35, 0xf4, 0xa6, 0x97, 0xac, 0xc5, 0xfd, 0xfd, 0xfd,
    0xfd, 0xdb, 0x26, 0x17, 0x8b, 0x9c, 0x36, 0xf0, 0x9c, 0x85, 0xfe, 0x35,
    0x34, 0x37, 0xc0, 0xff, 0x33, 0x33, 0x37, 0x3e, 0xff, 0x34, 0x34, 0x34,
    0x1e, 0xff, 0x35, 0x34, 0x37, 0xff, 0xc0, 0xfe, 0x62, 0x4d, 0x50, 0xa8,
    0x8e, 0xe1, 0xfe, 0xfd, 0xfd, 0xfd, 0x7f, 0xfe, 0xa6, 0x95, 0x97, 0x36,
    0xcf, 0xa7, 0x87, 0x17, 0xc1, 0xfe, 0xbe, 0xb2, 0xb3, 0x36, 0xc7, 0x2d,
    0x17, 0xc1, 0xfe, 0xac, 0x9d, 0x9e, 0x36, 0xc2, 0xfe, 0xce, 0xc5, 0xc6,
    0x17, 0xc0, 0x99, 0x89, 0x17, 0xc1, 0x9b, 0x89, 0xfe, 0xdd, 0xd7, 0xd7,
    0x90, 0x9b, 0xa3, 0x87, 0xaf, 0x86, 0xba, 0x73, 0x36, 0xc1, 0xb4, 0x75,
    0xfe, 0xf5, 0xf3, 0xf3, 0x17, 0xc0, 0x8c, 0x8b, 0xfe, 0x96, 0x82, 0x84,
    0x36, 0xc3, 0xbb, 0x84, 0xfe, 0xe4, 0xdf, 0xe0, 0x17, 0xc0, 0x9c, 0x89,
    0xfe, 0x82, 0x6b, 0x6d, 0x36, 0xc2, 0x18, 0xfe, 0xf3, 0xf1, 0xf1, 0x17,
    0xc0, 0x8d, 0x8b, 0x25, 0x36, 0xc3, 0xba, 0x74, 0xfe, 0xb9, 0xac, 0xad,
    0x22, 0x17, 0xfe, 0xa7, 0x96, 0x98, 0x36, 0xde, 0x3a, 0x17, 0xc0, 0x2c,
    0x36, 0xc0, 0xfe, 0x94, 0x80, 0x82, 0x17, 0xc0, 0x40, 0x21, 0x36, 0xc1,
    0x21, 0x08, 0x17, 0x91, 0x8b, 0xfe, 0x74, 0x5a, 0x5d, 0x36, 0xb2, 0x86,
    0x17, 0xc1, 0xfe, 0xb5, 0xa7, 0xa8, 0xfe, 0x70, 0x55, 0x58, 0xc5, 0xfe,
    0xc3, 0xb7, 0xb9, 0x17, 0xc1, 0xfe, 0xbf, 0xb3, 0xb4, 0xfe, 0x78, 0x5f,
    0x62, 0x36, 0xc2, 0xa4, 0x87, 0xfe, 0xb6, 0xa8, 0xaa, 0x17, 0xc1, 0xfe,
    0xc1, 0xb5, 0xb7, 0x36, 0xc4, 0xfe, 0x91, 0x7d, 0x7f, 0xfe, 0xfd, 0xfd,
    0xfd, 0x17, 0xc0, 0x08, 0xfe, 0xc0, 0xb4, 0xb5, 0xfe, 0x85, 0x6d, 0x70,
    0x36, 0xc1, 0xae, 0x86, 0xfe, 0x9f, 0x8d, 0x8f, 0xfe, 0xd3, 0xcb, 0xcc,
    0x08, 0x17, 0xc0, 0xfe, 0xcb, 0xc1, 0xc2, 0x36, 0xc7, 0xfe, 0xb5, 0xa7,
    0xa9, 0x17, 0xc1, 0x85, 0x8c, 0x36, 0xf5, 0x94, 0x4b, 0x9a, 0x79, 0xe3,
    0xa2, 0x88, 0xfe, 0x8c, 0x79, 0x78, 0xdd, 0xfe, 0x6f, 0x53, 0x52, 0x35,
    0xfd, 0xcc, 0xfe, 0xfd, 0xfc, 0xfc, 0x17, 0xfe, 0x9d, 0x89, 0x88, 0x35,
    0xd8, 0xfe, 0x80, 0x69, 0x68, 0x0e, 0xdc, 0x8f, 0x8c, 0x95, 0x7a, 0xaf,
    0x95, 0xac, 0x85, 0x0e, 0xf9, 0x85, 0x8e, 0x35, 0xfe, 0x7e, 0x67, 0x66,
    0x0e, 0xfe, 0xc4, 0xba, 0xb9, 0x17, 0x90, 0x8a, 0x0e, 0xd7, 0x8b, 0x7c,
    0xfe, 0x62, 0x43, 0x41, 0xc7, 0xfe, 0x8f, 0x79, 0x77, 0x17, 0xc1, 0xfe,
    0x94, 0x7f, 0x7e, 0x35, 0xc6, 0xb4, 0x83, 0x0e, 0xce, 0xb6, 0x95, 0x17,
    0xc1, 0xfe, 0xc2, 0xb8, 0xb7, 0x0e, 0xc7, 0xbf, 0x85, 0xba, 0x85, 0xc1,
    0x8d, 0x8b, 0x35, 0xf0, 0xa9, 0xb6, 0xa9, 0xa6, 0xfd, 0xfd, 0xfd, 0xfd,
    0xdb, 0x26, 0x17, 0x8b, 0x9c, 0x36, 0xf0, 0x9c, 0x85, 0xfe, 0x35, 0x34,
    0x37, 0xc0, 0xff, 0x33, 0x33, 0x37, 0x3e, 0xff, 0x34, 0x34, 0x34, 0x1e,
    0xff, 0x35, 0x34, 0x37, 0xff, 0xc0, 0xfe, 0x62, 0x4d, 0x50, 0xa8, 0x8e,
    0xe1, 0xfe, 0xfd, 0xfd, 0xfd, 0x7f, 0xfe, 0xa6, 0x95, 0x97, 0x36, 0xcf,
    0xa7, 0x87, 0x17, 0xc1, 0xfe, 0xbe, 0xb2, 0xb3, 0x36, 0xc7, 0xfe, 0xde,
    0xd8, 0xd9, 0x17, 0xc1, 0xfe, 0x88, 0x71, 0x74, 0x36, 0xc2, 0xfe, 0xce,
    0xc5, 0xc6, 0x17, 0xc2, 0x93, 0x8a, 0xfe, 0xad, 0x9d, 0x9f, 0xfe, 0x77,
    0x5d, 0x60, 0x36, 0xc6, 0xfe, 0xd1, 0xc8, 0xc9, 0x17, 0xc0, 0x8d, 0x8b,
    0xfe, 0x7e, 0x65, 0x68, 0x36, 0xc5, 0xb0, 0x85, 0x22, 0x17, 0xc0, 0xfe,
    0xc1, 0xb5, 0xb7, 0x36, 0xc2, 0xfe, 0xa1, 0x8f, 0x91, 0x17, 0xc1, 0xfe,
    0x8f, 0x79, 0x7c, 0x36, 0xc6, 0xa7, 0x87, 0xfe, 0xba, 0xad, 0xaf, 0x86,
    0x8c, 0x36, 0xde, 0x3a, 0x17, 0xc0, 0x81, 0x9d, 0x36, 0xc1, 0xfe, 0xe2,
    0xdd, 0xdd, 0x17, 0xc0, 0xfe, 0xc3, 0xb7, 0xb9, 0x36, 0xc1, 0x2a, 0x17,
    0xc0, 0xfe, 0xb4, 0xa6, 0xa8, 0x36, 0xc0, 0xb2, 0x86, 0xfe, 0xfe, 0xfe,
    0xfe, 0xc1, 0xfe, 0xb5, 0xa7, 0xa8, 0xfe, 0x70, 0x55, 0x58, 0xc4, 0x2f,
    0x17, 0xc1, 0xfe, 0xb1, 0xa2, 0xa4, 0x36, 0xc6, 0xfe, 0xbe, 0xb1, 0xb3,
    0x17, 0xc0, 0x9b, 0x89, 0xfe, 0x79, 0x60, 0x63, 0x36, 0xc3, 0xfe, 0xe4,
    0xdf, 0xdf, 0x17, 0xc0, 0x9d, 0x89, 0xfe, 0x9a, 0x87, 0x89, 0x36, 0xc6,
    0xfe, 0xdc, 0xd5, 0xd6, 0x17, 0xc0, 0xfe, 0xcb, 0xc1, 0xc2, 0x36, 0xc7,
    0xfe, 0xb5, 0xa7, 0xa9, 0x17, 0xc1, 0x85, 0x8c, 0x36, 0xf5, 0x99, 0x69,
    0x95, 0x5b, 0xe3, 0xa9, 0x86, 0xfe, 0x8c, 0x79, 0x78, 0xdd, 0xfe, 0x6b,
    0x4e, 0x4c, 0x35, 0xfd, 0xcc, 0xfe, 0xfd, 0xfc, 0xfc, 0x17, 0xfe, 0x9d,
    0x89, 0x88, 0x35, 0xd8, 0xfe, 0x80, 0x6a, 0x69, 0x0e, 0xdc, 0x89, 0x8e,
    0x35, 0xc0, 0x0c, 0xfe, 0x8b, 0x77, 0x76, 0x0e, 0xf7, 0x87, 0x8e, 0x35,
    0xc0, 0xfe, 0x7e, 0x67, 0x65, 0x0e, 0xfe, 0xc4, 0xba, 0xb9, 0x17, 0x90,
    0x8a, 0x0e, 0xd7, 0x8b, 0x7c, 0xfe, 0x62, 0x43, 0x41, 0xc7, 0xfe, 0x8f,
    0x79, 0x77, 0x17, 0xc1, 0xfe, 0x94, 0x7f, 0x7e, 0x35, 0xc6, 0xb4, 0x83,
    0x0e, 0xce, 0xfe, 0xb8, 0xac, 0xac, 0x17, 0xc1, 0xfe, 0xa5, 0x96, 0x95,
    0x0e, 0xc7, 0xfe, 0xc1, 0xb7, 0xb6, 0x17, 0xc1, 0x80, 0x8d, 0x35, 0xf0,
    0xad, 0xc5, 0xa5, 0x97, 0xfd, 0xfd, 0xfd, 0xfd, 0xdb, 0x26, 0x17, 0x8b,
    0x9c, 0x36, 0xf0, 0x9c, 0x85, 0xfe, 0x35, 0x34, 0x37, 0xc0, 0xff, 0x33,
    0x33, 0x37, 0x3e, 0xff, 0x34, 0x34, 0x34, 0x1e, 0xff, 0x35, 0x34, 0x37,
    0xff, 0xc0, 0xfe, 0x62, 0x4d, 0x50, 0xa8, 0x8e, 0xe1, 0xfe, 0xfd, 0xfd,
    0xfd, 0x7f, 0xfe, 0xa6, 0x95, 0x97, 0x36, 0xcf, 0xa7, 0x87, 0x17, 0xc1,
    0xfe, 0xbe, 0xb2, 0xb3, 0x36, 0xc6, 0xfe, 0xb2, 0xa3, 0xa5, 0x17, 0xc1,
    0xfe, 0xdf, 0xd9, 0xd9, 0x36, 0xc3, 0xfe, 0xce, 0xc5, 0xc6, 0x17, 0xc1,
    0xfe, 0xcf, 0xc6, 0xc7, 0xfe, 0x79, 0x60, 0x63, 0x36, 0xc7, 0xba, 0x84,
    0x17, 0xc1, 0xfe, 0x96, 0x82, 0x84, 0x36, 0xc7, 0xfe, 0xb5, 0xa7, 0xa9,
    0x17, 0xc0, 0x8f, 0x8a, 0x36, 0xc2, 0xfe, 0xba, 0xad, 0xae, 0x17, 0xc0,
    0x9d, 0x89, 0xfe, 0x70, 0x55, 0x58, 0xea, 0x3a, 0x17, 0xc0, 0x81, 0x9d,
    0x36, 0xc1, 0xfe, 0xa1, 0x8f, 0x91, 0x17, 0xc0, 0x9a, 0x89, 0xfe, 0x7c,
    0x63, 0x66, 0x36, 0x0d, 0xfe, 0xf8, 0xf7, 0xf7, 0x17, 0x98, 0x89, 0x0d,
    0x36, 0xc0, 0xb2, 0x86, 0x17, 0xc1, 0xfe, 0xb5, 0xa7, 0xa8, 0xfe, 0x70,
    0x55, 0x58, 0xc4, 0xfe, 0xd2, 0xc9, 0xca, 0x17, 0xc0, 0xfe, 0xd8, 0xd1,
    0xd2, 0x36, 0xc7, 0xaa, 0x86, 0x35, 0x17, 0xc0, 0xfe, 0xa4, 0x93, 0x95,
    0x36, 0xc2, 0xfe, 0x98, 0x84, 0x86, 0x17, 0xc1, 0xfe, 0xb7, 0xa9, 0xab,
    0x36, 0xc7, 0xfe, 0xdc, 0xd5, 0xd6, 0x17, 0xc0, 0xfe, 0xcb, 0xc1, 0xc2,
    0x36, 0xc7, 0xfe, 0x93, 0x7e, 0x80, 0xfe, 0xb7, 0xaa, 0xab, 0xc1, 0x91,
    0x9b, 0x36, 0xf5, 0x9d, 0x89, 0x91, 0x3b, 0xe3, 0xb0, 0x95, 0xfe, 0x8c,
    0x79, 0x78, 0xdd, 0xfe, 0x67, 0x49, 0x47, 0x35, 0xfd, 0xcc, 0xfe, 0xfd,
    0xfc, 0xfc, 0x17, 0xfe, 0x9d, 0x89, 0x88, 0x35, 0xd8, 0xfe, 0x80, 0x6a,
    0x69, 0x0e, 0xdc, 0x89, 0x7d, 0x35, 0xc1, 0xb1, 0x95, 0xfe, 0x8b, 0x78,
    0x77, 0x0e, 0xf5, 0x15, 0x35, 0xc1, 0xfe, 0x7e, 0x67, 0x65, 0x0e, 0xfe,
    0xc4, 0xba, 0xb9, 0x17, 0x90, 0x8a, 0x0e, 0xd7, 0x8b, 0x7c, 0xfe, 0x62,
    0x43, 0x41, 0xc7, 0xfe, 0x8f, 0x79, 0x77, 0x17, 0xc1, 0xfe, 0x94, 0x7f,
    0x7e, 0x35, 0xc6, 0xb4, 0x94, 0x0e, 0xcd, 0xa7, 0x87, 0xfe, 0xee, 0xec,
    0xec, 0xb2, 0x86, 0xc0, 0xfe, 0xe1, 0xdc, 0xdc, 0x0e, 0xc8, 0xfe, 0xc1,
    0xb7, 0xb6, 0x17, 0xc1, 0x80, 0x8d, 0x35, 0xef, 0xa2, 0x87, 0xb0, 0xd5,
    0xfd, 0xfd, 0xfd, 0xfd, 0xdc, 0xfe, 0xb5, 0xa7, 0xa9, 0x17, 0x8b, 0x9c,
    0x36, 0xf0, 0x9c, 0x85, 0xfe, 0x35, 0x34, 0x37, 0xc0, 0xff, 0x33, 0x33,
    0x37, 0x3e, 0xff, 0x34, 0x34, 0x34, 0x1e, 0xff, 0x35, 0x34, 0x37, 0xff,
    0xc0, 0xfe, 0x62, 0x4d, 0x50, 0xa8, 0x8e, 0xe1, 0xfe, 0xfd, 0xfd, 0xfd,
    0x7f, 0xfe, 0xa6, 0x95, 0x97, 0x36, 0xcf, 0xa7, 0x87, 0x17, 0xc1, 0xfe,
    0xbe, 0xb2, 0xb3, 0x36, 0xc4, 0xaf, 0x86, 0xfe, 0xc2, 0xb7, 0xb8, 0x17,
    0xc1, 0x08, 0xfe, 0x93, 0x7e, 0x80, 0x36, 0xc3, 0xfe, 0xce, 0xc5, 0xc6,
    0x17, 0xc0, 0xfe, 0xdf, 0xd9, 0xd9, 0x36, 0xc9, 0xfe, 0xb8, 0xab, 0xac,
    0x17, 0xc0, 0xfe, 0xe3, 0xdd, 0xde, 0x36, 0xc8, 0xfe, 0x8b, 0x75, 0x78,
    0x17, 0xc1, 0xfe, 0x81, 0x69, 0x6c, 0x36, 0xc1, 0xfe, 0xbb, 0xae, 0xaf,
    0x17, 0xc1, 0xfe, 0x80, 0x67, 0x6a, 0x8e, 0x8a, 0xe9, 0x3a, 0x17, 0xc0,
    0x81, 0x9d, 0x36, 0xc1, 0xa2, 0x88, 0xfe, 0xeb, 0xe8, 0xe8, 0x17, 0xc0,
    0xfe, 0xb9, 0xac, 0xad, 0x36, 0xfe, 0xb3, 0xa5, 0xa6, 0x17, 0xc0, 0xfe,
    0xbf, 0xb3, 0xb4, 0x36, 0xc1, 0xb2, 0x86, 0x17, 0xc1, 0xfe, 0xb5, 0xa7,
    0xa8, 0xfe, 0x70, 0x55, 0x58, 0xc3, 0xaa, 0x86, 0xfe, 0xfc, 0xfb, 0xfb,
    0x17, 0xc0, 0xfe, 0x97, 0x83, 0x85, 0x36, 0xc8, 0xfe, 0xd7, 0xd0, 0xd1,
    0x17, 0xc0, 0xfe, 0xc4, 0xb9, 0xba, 0x36, 0xc2, 0xfe, 0xcb, 0xc1, 0xc2,
    0x17, 0xc0, 0x97, 0x8a, 0xfe, 0x77, 0x5d, 0x60, 0x36, 0xc7, 0xfe, 0xdc,
    0xd5, 0xd6, 0x17, 0xc0, 0x0d, 0x36, 0xfd, 0xc6, 0x90, 0x3c, 0x40, 0xe2,
    0xb6, 0x83, 0xfe, 0x8c, 0x79, 0x78, 0xdd, 0xfe, 0x65, 0x47, 0x45, 0x35,
    0xfd, 0xcc, 0xfe, 0xfd, 0xfc, 0xfc, 0x17, 0xfe, 0x9d, 0x89, 0x88, 0x35,
    0xd8, 0xfe, 0x80, 0x6a, 0x69, 0x0e, 0xdc, 0x89, 0x7d, 0x35, 0xc2, 0xb5,
    0x94, 0x0e, 0xf4, 0x8a, 0x8d, 0x35, 0xc2, 0xfe, 0x7d, 0x66, 0x65, 0x0e,
    0xfe, 0xc4, 0xba, 0xb9, 0xfe, 0xfe, 0xfe, 0xfe, 0x90, 0x8a, 0x0e, 0xd7,
    0x8b, 0x7c, 0xfe, 0x62, 0x43, 0x41, 0xc7, 0xfe, 0x8f, 0x79, 0x77, 0x17,
    0xc1, 0xfe, 0x94, 0x7f, 0x7e, 0x35, 0xc6, 0xb4, 0x94, 0x0e, 0xcc, 0xbb,
    0x84, 0xfe, 0xe9, 0xe5, 0xe5, 0x17, 0xc0, 0x91, 0x8a, 0xfe, 0x99, 0x88,
    0x87, 0x0e, 0xc8, 0xfe, 0xc1, 0xb6, 0xb6, 0x17, 0xc1, 0x80, 0x8d, 0x35,
    0xef, 0xa7, 0xa7, 0xab, 0xb5, 0xfd, 0xfd, 0xfd, 0xfd, 0xdc, 0xfe, 0xb5,
    0xa7, 0xa9, 0x17, 0x8b, 0x9c, 0x36, 0xf0, 0x9c, 0x85, 0x11, 0xc0, 0xff,
    0x33, 0x33, 0x37, 0x3e, 0xff, 0x34, 0x34, 0x34, 0x1e, 0xff, 0x35, 0x34,
    0x37, 0xff, 0xc0, 0xfe, 0x62, 0x4d, 0x50, 0xa8, 0x8e, 0xe1, 0xfe, 0xfd,
    0xfd, 0xfd, 0x7f, 0xfe, 0xa6, 0x95, 0x97, 0x36, 0xcf, 0xa7, 0x87, 0x17,
    0xc1, 0xfe, 0xe0, 0xdb, 0xdb, 0xfe, 0xbb, 0xaf, 0xb0, 0xc0, 0x7b, 0xa6,
    0x87, 0xac, 0x76, 0xbe, 0x73, 0xbd, 0x83, 0xa2, 0x88, 0xc2, 0xfe, 0xb4,
    0xa6, 0xa8, 0x36, 0xc4, 0xfe, 0xce, 0xc5, 0xc6, 0xfe, 0xfe, 0xfe, 0xfe,
    0xc0, 0xfe, 0xda, 0xd3, 0xd3, 0x36, 0xc9, 0xfe, 0xdc, 0xd6, 0xd7, 0x17,
    0xc0, 0xfe, 0xbb, 0xaf, 0xb0, 0x36, 0xc8, 0xa8, 0x87, 0x17, 0xc1, 0xfe,
    0x94, 0x80, 0x82, 0x36, 0xc1, 0xfe, 0xa6, 0x95, 0x97, 0x17, 0xc1, 0xfe,
    0xd7, 0xd0, 0xd1, 0xfe, 0x7b, 0x62, 0x65, 0x36, 0xe8, 0xfe, 0xbe, 0xb2,
    0xb3, 0x17, 0xc0, 0x81, 0x9d, 0x36, 0xc2, 0xfe, 0xac, 0x9d, 0x9e, 0x17,
    0xc0, 0x95, 0x89, 0xfe, 0x7a, 0x61, 0x64, 0xfe, 0xf0, 0xed, 0xee, 0x17,
    0x9d, 0x89, 0xfe, 0x80, 0x68, 0x6b, 0x36, 0xc1, 0xb2, 0x86, 0x17, 0xc1,
    0xfe, 0xb5, 0xa7, 0xa8, 0xfe, 0x70, 0x55, 0x58, 0xc3, 0xfe, 0x99, 0x86,
    0x88, 0x17, 0xc0, 0x9d, 0x88, 0xfe, 0x73, 0x58, 0x5b, 0x36, 0xc8, 0xfe,
    0xc3, 0xb7, 0xb9, 0x17, 0xc0, 0xfe, 0xd7, 0xcf, 0xd0, 0x36, 0xc2, 0xfe,
    0xf1, 0xee, 0xee, 0x17, 0xc0, 0xfe, 0xcf, 0xc6, 0xc7, 0x36, 0xc8, 0xfe,
    0xdc, 0xd5, 0xd6, 0x17, 0xc0, 0xfe, 0xcb, 0xc1, 0xc2, 0x36, 0xfd, 0xc6,
    0x95, 0x4a, 0x99, 0x7a, 0xe2, 0xbb, 0x92, 0xbb, 0x82, 0xdd, 0xfe, 0x63,
    0x44, 0x42, 0x35, 0xfd, 0xcc, 0xfe, 0xfd, 0xfc, 0xfc, 0x17, 0xfe, 0x9d,
    0x89, 0x88, 0x35, 0xd8, 0xfe, 0x80, 0x6a, 0x69, 0x0e, 0xdc, 0x88, 0x8e,
    0x35, 0xc3, 0xba, 0x82, 0x0e, 0xf2, 0x8c, 0x7c, 0x35, 0xc3, 0xfe, 0x7d,
    0x66, 0x65, 0x0e, 0xfe, 0xc4, 0xba, 0xb9, 0x17, 0x90, 0x8a, 0x0e, 0xd7,
    0x8b, 0x7c, 0xfe, 0x62, 0x43, 0x41, 0xc7, 0xfe, 0x8f, 0x79, 0x77, 0x17,
    0xc1, 0xfe, 0x94, 0x7f, 0x7e, 0x35, 0xc6, 0xb4, 0x94, 0x0e, 0xc7, 0xbc,
    0x84, 0xbf, 0x83, 0x1e, 0xad, 0x96, 0xbe, 0x84, 0x17, 0xc1, 0x82, 0x7c,
    0xfe, 0x9a, 0x89, 0x88, 0x0e, 0xc9, 0xfe, 0xc1, 0xb6, 0xb6, 0x17, 0xc1,
    0x80, 0x8d, 0x35, 0xef, 0xac, 0xc6, 0xa6, 0x96, 0xfd, 0xfd, 0xfd, 0xfd,
    0xdc, 0xfe, 0xb5, 0xa7, 0xa9, 0x17, 0x8b, 0x9c, 0x36, 0xf0, 0x9c, 0x85,
    0xfe, 0x35, 0x34, 0x37, 0xc0, 0xff, 0x33, 0x33, 0x37, 0x3e, 0xff, 0x34,
    0x34, 0x34, 0x1e, 0xff, 0x35, 0x34, 0x37, 0xff, 0xc0, 0xfe, 0x62, 0x4d,
    0x50, 0xa8, 0x8e, 0xe1, 0xfe, 0xfd, 0xfd, 0xfd, 0x7f, 0xfe, 0xa6, 0x95,
    0x97, 0x36, 0xcf, 0xa7, 0x87, 0x17, 0xcb, 0x9d, 0x89, 0xfe, 0xae, 0x9f,
    0xa0, 0x36, 0xc5, 0xfe, 0xce, 0xc5, 0xc6, 0x17, 0xc0, 0xfe, 0xda, 0xd3,
    0xd3, 0x36, 0xc9, 0xfe, 0xf5, 0xf3, 0xf3, 0x17, 0xc0, 0x83, 0x9d, 0x8b,
    0x8b, 0xc8, 0x6f, 0x17, 0xc1, 0xfe, 0x9d, 0x8b, 0x8d, 0x36, 0xc1, 0xac,
    0x86, 0xfe, 0xf8, 0xf7, 0xf7, 0x17, 0xc1, 0x35, 0xfe, 0xc8, 0xbe, 0xbf,
    0xfe, 0xa3, 0x91, 0x93, 0xfe, 0x85, 0x6d, 0x70, 0x36, 0xe5, 0xfe, 0xbe,
    0xb2, 0xb3, 0x17, 0xc0, 0x81, 0x9d, 0x36, 0xc2, 0xa6, 0x88, 0xfe, 0xf4,
    0xf2, 0xf2, 0x17, 0xc0, 0xfe, 0xde, 0xd8, 0xd9, 0x17, 0xc0, 0xfe, 0xca,
    0xc0, 0xc1, 0x36, 0xc2, 0xb2, 0x86, 0x17, 0xc1, 0xfe, 0xb5, 0xa7, 0xa8,
    0xfe, 0x70, 0x55, 0x58, 0xc3, 0xfe, 0xb2, 0xa3, 0xa5, 0x17, 0xc0, 0x9b,
    0x89, 0x24, 0xc9, 0xbb, 0x84, 0x17, 0xc0, 0xfe, 0xe0, 0xdb, 0xdb, 0x36,
    0xc1, 0xad, 0x86, 0x17, 0xc1, 0x31, 0x36, 0xc8, 0xfe, 0xdc, 0xd5, 0xd6,
    0x17, 0xc0, 0xfe, 0xcb, 0xc1, 0xc2, 0x36, 0xfd, 0xc6, 0x99, 0x6a, 0x95,
    0x5a, 0xe2, 0xfe, 0x7b, 0x64, 0x62, 0xb5, 0x94, 0xdd, 0x35, 0xfd, 0xcd,
    0xfe, 0xfd, 0xfc, 0xfc, 0x17, 0xfe, 0x9d, 0x89, 0x88, 0x35, 0xd8, 0xfe,
    0x81, 0x6b, 0x69, 0xae, 0x95, 0xdc, 0x88, 0x8e, 0x35, 0xc4, 0xbe, 0x81,
    0x0e, 0xf0, 0x8e, 0x7c, 0x35, 0xc4, 0xfe, 0x7d, 0x65, 0x64, 0x0e, 0xfe,
    0xc4, 0xba, 0xb9, 0x17, 0x90, 0x8a, 0x0e, 0xd7, 0x8b, 0x8d, 0xfe, 0x62,
    0x43, 0x41, 0xc7, 0xfe, 0x8f, 0x79, 0x77, 0x17, 0xc1, 0xfe, 0x94, 0x7f,
    0x7e, 0x35, 0xc6, 0xb4, 0x94, 0x0e, 0xc7, 0xfe, 0xc3, 0xb9, 0xb8, 0x17,
    0xc3, 0xfe, 0xdb, 0xd5, 0xd5, 0xfe, 0xad, 0xa0, 0x9f, 0x0e, 0xcb, 0xfe,
    0xab, 0x9c, 0x9b, 0xfe, 0xc8, 0xbe, 0xbd, 0xc1, 0x8a, 0x8d, 0x35, 0xef,
    0xb1, 0xd4, 0x7f, 0xfd, 0xfd, 0xfd, 0xfd, 0xdc, 0xfe, 0xb5, 0xa7, 0xa9,
    0x17, 0x8b, 0x9c, 0x36, 0xf0, 0x9c, 0x85, 0x11, 0xc0, 0xff, 0x33, 0x33,
    0x37, 0x3e, 0xff, 0x34, 0x34, 0x34, 0x1e, 0xff, 0x35, 0x34, 0x37, 0xff,
    0xc0, 0xfe, 0x62, 0x4d, 0x50, 0xa8, 0x8e, 0xe1, 0xfe, 0xfd, 0xfd, 0xfd,
    0x7f, 0xfe, 0xa6, 0x95, 0x97, 0x36, 0xcf, 0xa7, 0x87, 0x17, 0xc9, 0x40,
    0xfe, 0xd1, 0xc8, 0xc9, 0xfe, 0x89, 0x72, 0x75, 0x36, 0xc6, 0xfe, 0xce,
    0xc5, 0xc6, 0x17, 0xc0, 0xfe, 0xda, 0xd3, 0xd3, 0x36, 0xc8, 0xa6, 0x87,
    0x17, 0xd0, 0xfe, 0xa0, 0x8e, 0x90, 0x36, 0xc2, 0xfe, 0xa7, 0x97, 0x99,
    0x17, 0xc5, 0x97, 0x89, 0xfe, 0xd9, 0xd2, 0xd3, 0xfe, 0xb7, 0xaa, 0xab,
    0xfe, 0x8a, 0x73, 0x76, 0x36, 0xe1, 0xfe, 0xbe, 0xb2, 0xb3, 0xfe, 0xfe,
    0xfe, 0xfe, 0xc0, 0x81, 0x9d, 0x36, 0xc3, 0xfe, 0xb8, 0xab, 0xac, 0x17,
    0xc3, 0x0d, 0x36, 0xc2, 0xb2, 0x86, 0x17, 0xc1, 0xfe, 0xb5, 0xa7, 0xa8,
    0xfe, 0x70, 0x55, 0x58, 0xc3, 0xfe, 0xc0, 0xb5, 0xb6, 0x17, 0xcf, 0xfe,
    0xe3, 0xdd, 0xde, 0x36, 0xc1, 0xfe, 0x8b, 0x75, 0x77, 0x17, 0xc1, 0xfe,
    0xa1, 0x8f, 0x91, 0x36, 0xc8, 0xfe, 0xdc, 0xd5, 0xd6, 0x17, 0xc0, 0xfe,
    0xcb, 0xc1, 0xc2, 0x36, 0xfd, 0xc6, 0x9e, 0x78, 0x90, 0x4c, 0xe2, 0xfe,
    0x7f, 0x68, 0x66, 0xb1, 0x94, 0xdd, 0x35, 0xfd, 0xcd, 0xfe, 0xfd, 0xfc,
    0xfc, 0x17, 0xfe, 0x9d, 0x89, 0x88, 0x35, 0xd8, 0xfe, 0x81, 0x6b, 0x69,
    0xae, 0x95, 0xdc, 0x88, 0x8e, 0x35, 0xc5, 0xfe, 0x7c, 0x64, 0x63, 0x0e,
    0xee, 0x28, 0x35, 0xc5, 0xfe, 0x7d, 0x65, 0x64, 0x0e, 0xfe, 0xc4, 0xba,
    0xb9, 0x17, 0x90, 0x8a, 0x0e, 0xd7, 0x36, 0xfe, 0x62, 0x43, 0x41, 0xc7,
    0xfe, 0x8f, 0x79, 0x77, 0x17, 0xc1, 0xfe, 0x94, 0x7f, 0x7e, 0x35, 0xc6,
    0xb4, 0x94, 0x0e, 0xc7, 0xfe, 0xc3, 0xb9, 0xb8, 0x17, 0xc3, 0x9a, 0x89,
    0xfe, 0xd9, 0xd3, 0xd2, 0xfe, 0xaa, 0x9c, 0x9b, 0x0e, 0xca, 0x92, 0x8b,
    0x35, 0xf2, 0xa4, 0x97, 0xae, 0xc5, 0xfd, 0xfd, 0xfd, 0xfd, 0xdd, 0xfe,
    0xb5, 0xa7, 0xa9, 0x17, 0x8b, 0x9c, 0x36, 0xf0, 0x9c, 0x85, 0xfe, 0x35,
    0x34, 0x37, 0xc0, 0xff, 0x33, 0x33, 0x37, 0x3e, 0xff, 0x34, 0x34, 0x34,
    0x1e, 0xff, 0x35, 0x34, 0x37, 0xff, 0xc0, 0xfe, 0x62, 0x4d, 0x50, 0xa8,
    0x8e, 0xe1, 0xfe, 0xfd, 0xfd, 0xfd, 0x7f, 0xfe, 0xa6, 0x95, 0x97, 0x36,
    0xcf, 0xa7, 0x87, 0x17, 0xc1, 0x85, 0x9d, 0xfe, 0xcb, 0xc1, 0xc2, 0xc1,
    0x40, 0x9a, 0x89, 0x90, 0x8a, 0x82, 0x9d, 0xfe, 0x7a, 0x61, 0x64, 0x36,
    0xc8, 0xfe, 0xce, 0xc5, 0xc6, 0x17, 0xc0, 0xfe, 0xda, 0xd3, 0xd3, 0x36,
    0xc8, 0xac, 0x87, 0x17, 0xc1, 0x9c, 0x89, 0x9d, 0x88, 0xcc, 0xfe, 0x9e,
    0x8b, 0x8d, 0x36, 0xc3, 0xfe, 0xa0, 0x8e, 0x90, 0xfe, 0xf1, 0xee, 0xee,
    0x17, 0xc7, 0xfe, 0xd5, 0xcd, 0xcd, 0xfe, 0x80, 0x67, 0x6a, 0x8e, 0x8a,
    0xdf, 0xfe, 0xbe, 0xb2, 0xb3, 0x17, 0xc0, 0x81, 0x9d, 0x36, 0xc3, 0xae,
    0x86, 0xfe, 0xf9, 0xf9, 0xf9, 0x17, 0xc1, 0x30, 0x36, 0xc3, 0xb2, 0x86,
    0x17, 0xc1, 0xfe, 0xb5, 0xa7, 0xa8, 0xfe, 0x70, 0x55, 0x58, 0xc3, 0xfe,
    0xc6, 0xbb, 0xbc, 0x17, 0xc0, 0x08, 0x35, 0xcc, 0x80, 0x9e, 0x36, 0xc1,
    0xfe, 0x91, 0x7c, 0x7e, 0x17, 0xc1, 0xfe, 0x9a, 0x87, 0x89, 0x36, 0xc8,
    0xfe, 0xdc, 0xd5, 0xd6, 0x17, 0xc0, 0x0d, 0x36, 0xfd, 0xc7, 0x91, 0x3b,
    0x9d, 0x89, 0xe1, 0xfe, 0x81, 0x6b, 0x6a, 0xae, 0x85, 0xdd, 0x35, 0xfd,
    0xcd, 0xfe, 0xfd, 0xfc, 0xfc, 0x17, 0xfe, 0x9d, 0x89, 0x88, 0x35, 0xd8,
    0xfe, 0x81, 0x6b, 0x69, 0xae, 0x95, 0xdc, 0x88, 0x7d, 0x35, 0xc6, 0xfe,
    0x7f, 0x68, 0x66, 0x0e, 0xec, 0x90, 0x8c, 0xfe, 0x63, 0x44, 0x42, 0x35,
    0xc5, 0xfe, 0x7c, 0x65, 0x63, 0x0e, 0xfe, 0xc4, 0xba, 0xb9, 0x17, 0x90,
    0x8a, 0x0e, 0xd7, 0x8b, 0x8d, 0xfe, 0x62, 0x43, 0x41, 0xc7, 0xfe, 0x8f,
    0x79, 0x77, 0x17, 0xc1, 0xfe, 0x94, 0x7f, 0x7e, 0x35, 0xc6, 0xb5, 0x83,
    0x0e, 0xc7, 0xfe, 0xad, 0x9f, 0x9e, 0xfe, 0xd0, 0xc8, 0xc8, 0xa2, 0x88,
    0xa6, 0x87, 0xb1, 0x75, 0xba, 0x94, 0x17, 0xc1, 0xfe, 0xdc, 0xd6, 0xd6,
    0xfe, 0x94, 0x82, 0x81, 0x97, 0x89, 0xc8, 0x11, 0x35, 0xf2, 0xa9, 0xa6,
    0xa9, 0xb6, 0xfd, 0xfd, 0xfd, 0xfd, 0xdd, 0xfe, 0xb5, 0xa7, 0xa9, 0x17,
    0x8b, 0x9c, 0x36, 0xf0, 0x9c, 0x85, 0xfe, 0x35, 0x34, 0x37, 0xc0, 0xff,
    0x33, 0x33, 0x37, 0x3e, 0xff, 0x34, 0x34, 0x34, 0x1e, 0xff, 0x35, 0x34,
    0x37, 0xff, 0xc0, 0xfe, 0x62, 0x4d, 0x50, 0xa8, 0x8e, 0xe1, 0xfe, 0xfd,
    0xfd, 0xfd, 0x7f, 0xfe, 0xa6, 0x95, 0x97, 0x36, 0xcf, 0xa7, 0x87, 0x17,
    0xc1, 0xfe, 0xbe, 0xb2, 0xb3, 0x36, 0xd0, 0xfe, 0xce, 0xc5, 0xc6, 0x17,
    0xc0, 0xfe, 0xda, 0xd3, 0xd3, 0x36, 0xc8, 0xa9, 0x87, 0x17, 0xc1, 0xfe,
    0xac, 0x9c, 0x9e, 0xfe, 0x70, 0x55, 0x58, 0xd3, 0xa5, 0x87, 0xfe, 0xa2,
    0x91, 0x93, 0xfe, 0xcf, 0xc6, 0xc7, 0xfe, 0xf1, 0xef, 0xef, 0x17, 0xc5,
    0x8f, 0x8a, 0xfe, 0x7f, 0x67, 0x69, 0x36, 0xde, 0xfe, 0xbe, 0xb2, 0xb3,
    0x17, 0xc0, 0x81, 0x9d, 0x36, 0xc4, 0xfe, 0xc4, 0xb9, 0xbb, 0x17, 0xc1,
    0xfe, 0x93, 0x7e, 0x80, 0x36, 0xc3, 0xb2, 0x86, 0x17, 0xc1, 0xfe, 0xb5,
    0xa7, 0xa8, 0xfe, 0x70, 0x55, 0x58, 0xc3, 0xfe, 0xc4, 0xb9, 0xba, 0x17,
    0xc0, 0x8d, 0x9b, 0x36, 0xd0, 0xfe, 0x90, 0x7b, 0x7d, 0x17, 0xc1, 0xfe,
    0x9c, 0x89, 0x8b, 0x36, 0xc8, 0xfe, 0xdc, 0xd5, 0xd6, 0x17, 0xc0, 0xfe,
    0xcb, 0xc1, 0xc2, 0x36, 0xfd, 0xc7, 0x95, 0x5b, 0x99, 0x69, 0xe1, 0xfe,
    0x84, 0x6e, 0x6d, 0xab, 0x85, 0xdd, 0xfe, 0x64, 0x45, 0x43, 0x35, 0xfd,
    0xcc, 0xfe, 0xfd, 0xfc, 0xfc, 0x17, 0xfe, 0x9d, 0x89, 0x88, 0x35, 0xd8,
    0xfe, 0x81, 0x6b, 0x69, 0xae, 0x95, 0xdc, 0x88, 0x7d, 0x35, 0xc6, 0x7f,
    0xfe, 0x81, 0x6b, 0x69, 0xae, 0x95, 0xea, 0x92, 0x7b, 0xfe, 0x63, 0x45,
    0x43, 0x35, 0xc6, 0xfe, 0x7c, 0x64, 0x63, 0xb5, 0x83, 0xfe, 0xc4, 0xba,
    0xb9, 0x17, 0x90, 0x8a, 0x0e, 0xd7, 0x36, 0xfe, 0x62, 0x43, 0x41, 0xc7,
    0xfe, 0x8f, 0x79, 0x77, 0x17, 0xc1, 0xfe, 0x94, 0x7f, 0x7e, 0x35, 0xc6,
    0xb5, 0x83, 0x0e, 0xcc, 0xa7, 0x87, 0xfe, 0xc5, 0xbb, 0xbb, 0xfe, 0xfc,
    0xfc, 0xfc, 0x17, 0xc0, 0x81, 0x7c, 0xfe, 0x8e, 0x7b, 0x7a, 0x0e, 0xc7,
    0x92, 0x7b, 0x35, 0xf2, 0xad, 0xc5, 0xa5, 0x97, 0xfd, 0xfd, 0xfd, 0xfd,
    0xdd, 0xfe, 0xb5, 0xa7, 0xa9, 0x17, 0x8b, 0x9c, 0x36, 0xf0, 0x9c, 0x85,
    0xfe, 0x35, 0x34, 0x37, 0xc0, 0xff, 0x33, 0x33, 0x37, 0x3e, 0xff, 0x34,
    0x34, 0x34, 0x1e, 0xff, 0x35, 0x34, 0x37, 0xff, 0xc0, 0xfe, 0x62, 0x4d,
    0x50, 0xa8, 0x8e, 0xe1, 0xfe, 0xfd, 0xfd, 0xfd, 0x7f, 0xfe, 0xa6, 0x95,
    0x97, 0x36, 0xcf, 0xa7, 0x87, 0x17, 0xc1, 0xfe, 0xbe, 0xb2, 0xb3, 0x36,
    0xd0, 0xfe, 0xce, 0xc5, 0xc6, 0x17, 0xc0, 0xfe, 0xda, 0xd3, 0xd3, 0x36,
    0xc8, 0x7f, 0xfe, 0xfb, 0xfa, 0xfa, 0x17, 0xc0, 0xfe, 0xb9, 0xab, 0xad,
    0x36, 0xd7, 0xb1, 0x85, 0xfe, 0x9c, 0x89, 0x8b, 0xfe, 0xbb, 0xaf, 0xb0,
    0xfe, 0xe4, 0xdf, 0xe0, 0x17, 0xc2, 0x02, 0x36, 0xde, 0x3a, 0x17, 0xc0,
    0x2c, 0x36, 0xc4, 0xb8, 0x74, 0x08, 0x17, 0xfe, 0xe0, 0xda, 0xdb, 0x36,
    0xc4, 0xb2, 0x86, 0x17, 0xc1, 0xfe, 0xb5, 0xa7, 0xa8, 0xfe, 0x70, 0x55,
    0x58, 0xc3, 0x22, 0x17, 0xc0, 0x9b, 0x89, 0x05, 0x36, 0xcf, 0xbc, 0x73,
    0x17, 0xc1, 0xfe, 0xa5, 0x94, 0x96, 0x36, 0xc8, 0xfe, 0xdc, 0xd5, 0xd6,
    0x17, 0xc0, 0xfe, 0xcb, 0xc1, 0xc2, 0x36, 0xfd, 0xc7, 0x9a, 0x69, 0x94,
    0x5b, 0xe1, 0xfe, 0x86, 0x71, 0x6f, 0xa8, 0x96, 0xdd, 0xfe, 0x66, 0x47,
    0x46, 0x35, 0xfd, 0xcc, 0xfe, 0xfd, 0xfc, 0xfc, 0x17, 0xfe, 0x9d, 0x89,
    0x88, 0x35, 0xd8, 0xfe, 0x81, 0x6b, 0x6a, 0x0e, 0xdc, 0x87, 0x8e, 0x35,
    0xc7, 0xa2, 0x88, 0xfe, 0x83, 0x6e, 0x6c, 0x0e, 0xe8, 0x94, 0x8b, 0xfe,
    0x63, 0x45, 0x43, 0x35, 0xc7, 0xfe, 0x7c, 0x64, 0x63, 0x0e, 0xfe, 0xc4,
    0xba, 0xb9, 0x17, 0x90, 0x8a, 0x0e, 0xd7, 0x36, 0xfe, 0x62, 0x43, 0x41,
    0xc7, 0xfe, 0x8f, 0x79, 0x77, 0x17, 0xc1, 0xfe, 0x94, 0x7f, 0x7e, 0x35,
    0xc6, 0xb5, 0x83, 0x0e, 0xce, 0xfe, 0xb9, 0xae, 0xad, 0x17, 0xc1, 0xfe,
    0xbd, 0xb2, 0xb1, 0x0e, 0xc7, 0x92, 0x7b, 0x35, 0xf1, 0x6f, 0xb0, 0xe5,
    0x7e, 0xfd, 0xfd, 0xfd, 0xfd, 0xdd, 0xfe, 0xb5, 0xa7, 0xa9, 0x17, 0x8b,
    0x9c, 0x36, 0xf0, 0x9c, 0x85, 0xfe, 0x35, 0x34, 0x37, 0xc0, 0xff, 0x33,
    0x33, 0x37, 0x3e, 0xff, 0x34, 0x34, 0x34, 0x1e, 0xff, 0x35, 0x34, 0x37,
    0xff, 0xc0, 0xfe, 0x62, 0x4d, 0x50, 0xa8, 0x8e, 0xe1, 0xfe, 0xfd, 0xfd,
    0xfd, 0x7f, 0xfe, 0xa6, 0x95, 0x97, 0x36, 0xcf, 0xa7, 0x87, 0x17, 0xc1,
    0xfe, 0xbe, 0xb2, 0xb3, 0x36, 0xd0, 0xfe, 0xce, 0xc5, 0xc6, 0x17, 0xc0,
    0xfe, 0xda, 0xd3, 0xd3, 0x36, 0xc9, 0xfe, 0xe7, 0xe3, 0xe3, 0x17, 0xc0,
    0xfe, 0xd5, 0xcd, 0xce, 0x36, 0xdb, 0xfe, 0x95, 0x81, 0x84, 0xfe, 0xf4,
    0xf3, 0xf3, 0x17, 0xc0, 0x9c, 0x89, 0xfe, 0x75, 0x5b, 0x5e, 0x36, 0xdd,
    0x3a, 0x17, 0xc0, 0x81, 0x9d, 0x36, 0xc5, 0xfe, 0x98, 0x85, 0x87, 0xaa,
    0x87, 0x81, 0x9d, 0x36, 0xc4, 0xb2, 0x86, 0x17, 0xc1, 0xfe, 0xb5, 0xa7,
    0xa8, 0xfe, 0x70, 0x55, 0x58, 0xc3, 0xfe, 0xa4, 0x93, 0x95, 0x17, 0xc1,
    0xfe, 0x8a, 0x73, 0x76, 0x36, 0xcf, 0xaa, 0x86, 0x17, 0xc1, 0xfe, 0xb9,
    0xac, 0xad, 0x36, 0xc8, 0xfe, 0xdc, 0xd5, 0xd6, 0x17, 0xc0, 0xfe, 0xcb,
    0xc1, 0xc2, 0x36, 0xfd, 0xc7, 0x41, 0x90, 0x3b, 0xe1, 0xfe, 0x87, 0x73,
    0x72, 0xa6, 0x87, 0xdd, 0xfe, 0x68, 0x4a, 0x49, 0x35, 0xfd, 0xcc, 0xfe,
    0xfd, 0xfc, 0xfc, 0x17, 0xfe, 0x9d, 0x89, 0x88, 0x35, 0xd8, 0xfe, 0x81,
    0x6b, 0x6a, 0x0e, 0xdc, 0x87, 0x7d, 0x35, 0xc8, 0xa3, 0x88, 0xfe, 0x85,
    0x70, 0x6f, 0x0e, 0xe6, 0x9c, 0x89, 0xfe, 0x67, 0x49, 0x47, 0x35, 0xc8,
    0xfe, 0x7b, 0x64, 0x62, 0x0e, 0xfe, 0xc4, 0xba, 0xb9, 0x17, 0x90, 0x8a,
    0x0e, 0xd7, 0x8b, 0x8d, 0xfe, 0x62, 0x43, 0x41, 0xc7, 0xfe, 0x8f, 0x79,
    0x77, 0x17, 0xc1, 0xfe, 0x94, 0x7f, 0x7e, 0x35, 0xc6, 0xb5, 0x83, 0x0e,
    0xcf, 0xfe, 0xef, 0xec, 0xec, 0x17, 0xc0, 0x8b, 0x7b, 0x0e, 0xc7, 0x92,
    0x7b, 0x35, 0xf1, 0xa5, 0x97, 0xad, 0xc5, 0xfd, 0xfd, 0xfd, 0xfd, 0xde,
    0xfe, 0xb5, 0xa7, 0xa9, 0x17, 0x8b, 0x9c, 0x36, 0xf0, 0x9c, 0x85, 0xfe,
    0x35, 0x34, 0x37, 0xc0, 0xff, 0x33, 0x33, 0x37, 0x3e, 0xff, 0x34, 0x34,
    0x34, 0x1e, 0xff, 0x35, 0x34, 0x37, 0xff, 0xc0, 0xfe, 0x62, 0x4d, 0x50,
    0xa8, 0x8e, 0xe1, 0xfe, 0xfd, 0xfd, 0xfd, 0x7f, 0xfe, 0xa6, 0x95, 0x97,
    0x36, 0xcf, 0xa7, 0x87, 0x17, 0xc1, 0xfe, 0xbe, 0xb2, 0xb3, 0x36, 0xd0,
    0xfe, 0xce, 0xc5, 0xc6, 0x17, 0xc0, 0xfe, 0xda, 0xd3, 0xd3, 0x36, 0xc9,
    0xfe, 0xc7, 0xbc, 0xbd, 0x17, 0xc0, 0x9b, 0x89, 0xfe, 0x7c, 0x63, 0x66,
    0x36, 0xdb, 0xfe, 0xb5, 0xa7, 0xa8, 0x17, 0xc1, 0xfe, 0x86, 0x6f, 0x71,
    0x36, 0xdd, 0xfe, 0xbe, 0xb2, 0xb3, 0x17, 0xc0, 0x81, 0x9d, 0x36, 0xce,
    0xb2, 0x86, 0x17, 0xc1, 0x23, 0xfe, 0x70, 0x55, 0x58, 0xc3, 0xb7, 0x85,
    0x17, 0xc1, 0xfe, 0xba, 0xad, 0xaf, 0x36, 0xd0, 0xfe, 0xee, 0xeb, 0xec,
    0x17, 0xc0, 0xfe, 0xda, 0xd3, 0xd4, 0x36, 0xc8, 0xfe, 0xdc, 0xd5, 0xd6,
    0x17, 0xc0, 0xfe, 0xcb, 0xc1, 0xc2, 0x36, 0xfd, 0xc8, 0x91, 0x4c, 0x9d,
    0x78, 0xe0, 0xfe, 0x88, 0x74, 0x73, 0xa5, 0x87, 0xdd, 0xfe, 0x6b, 0x4f,
    0x4d, 0x35, 0xfd, 0xcc, 0xfe, 0xfd, 0xfc, 0xfc, 0x17, 0xfe, 0x9d, 0x89,
    0x88, 0x35, 0xd8, 0xfe, 0x81, 0x6b, 0x6a, 0x0e, 0xdc, 0x87, 0x7d, 0x35,
    0xc9, 0xa6, 0x86, 0xfe, 0x86, 0x72, 0x71, 0x0e, 0xe4, 0x55, 0xfe, 0x6e,
    0x53, 0x51, 0x35, 0xc9, 0xfe, 0x7b, 0x64, 0x62, 0x0e, 0xfe, 0xc4, 0xba,
    0xb9, 0x17, 0x90, 0x8a, 0x0e, 0xd7, 0x8b, 0x8d, 0xfe, 0x62, 0x43, 0x41,
    0xc7, 0xfe, 0x8f, 0x79, 0x77, 0x17, 0xc1, 0xfe, 0x94, 0x7f, 0x7e, 0x35,
    0xc6, 0xb5, 0x83, 0x0e, 0xcf, 0xfe, 0xd3, 0xcc, 0xcc, 0x17, 0xc1, 0xfe,
    0x92, 0x80, 0x7f, 0x0e, 0xc6, 0x92, 0x7b, 0x35, 0xf1, 0xaa, 0xa6, 0xa8,
    0xb6, 0xfd, 0xfd, 0xfd, 0xfd, 0xde, 0xfe, 0xb5, 0xa7, 0xa9, 0x17, 0x8b,
    0x9c, 0x36, 0xf0, 0x9c, 0x85, 0xfe, 0x35, 0x34, 0x37, 0xc0, 0xff, 0x33,
    0x33, 0x37, 0x3e, 0xff, 0x34, 0x34, 0x34, 0x1e, 0xff, 0x35, 0x34, 0x37,
    0xff, 0xc0, 0xfe, 0x62, 0x4d, 0x50, 0xa8, 0x8e, 0xe1, 0xfe, 0xfd, 0xfd,
    0xfd, 0x7f, 0xfe, 0xa6, 0x95, 0x97, 0x36, 0xcf, 0xa7, 0x87, 0x17, 0xc1,
    0xfe, 0xbe, 0xb2, 0xb3, 0x36, 0xd0, 0xfe, 0xce, 0xc5, 0xc6, 0x17, 0xc0,
    0xfe, 0xda, 0xd3, 0xd3, 0x36, 0xc9, 0xfe, 0x98, 0x84, 0x86, 0x17, 0xc1,
    0xfe, 0xc3, 0xb8, 0xb9, 0x36, 0xca, 0xa4, 0x88, 0x36, 0xc2, 0xac, 0x86,
    0x36, 0xc9, 0xfe, 0xa3, 0x91, 0x93, 0x17, 0xc1, 0xfe, 0x86, 0x6f, 0x72,
    0x36, 0xc3, 0xb7, 0x85, 0xbb, 0x83, 0xc1, 0x99, 0x79, 0x36, 0xd3, 0xfe,
    0xbe, 0xb2, 0xb3, 0x17, 0xc0, 0x81, 0x9d, 0x36, 0xce, 0xb2, 0x86, 0x17,
    0xc1, 0xfe, 0xb5, 0xa7, 0xa8, 0xfe, 0x70, 0x55, 0x58, 0xc4, 0xfe, 0xe3,
    0xde, 0xde, 0x17, 0xc0, 0x97, 0x8a, 0xfe, 0x7f, 0x67, 0x69, 0x36, 0xca,
    0x32, 0x36, 0xc2, 0xfe, 0xcb, 0xc1, 0xc2, 0x17, 0xc0, 0x9d, 0x89, 0xfe,
    0x81, 0x69, 0x6c, 0x36, 0xc7, 0xfe, 0xdd, 0xd7, 0xd7, 0x17, 0xc0, 0xfe,
    0xcb, 0xc1, 0xc2, 0x36, 0xc7, 0xb8, 0x85, 0xba, 0x83, 0xc1, 0x98, 0x79,
    0x36, 0xf8, 0x96, 0x5a, 0x98, 0x6a, 0xe0, 0xfe, 0x88, 0x74, 0x73, 0xa5,
    0x87, 0xdd, 0xfe, 0x6f, 0x53, 0x52, 0x35, 0xfd, 0xcc, 0xfe, 0xfd, 0xfc,
    0xfc, 0x17, 0xfe, 0x9d, 0x89, 0x88, 0x35, 0xd8, 0xfe, 0x81, 0x6b, 0x6a,
    0x0e, 0xdc, 0x87, 0x7d, 0x35, 0xca, 0xa7, 0x97, 0x0a, 0x0e, 0xe3, 0x86,
    0x7e, 0x35, 0xca, 0xfe, 0x7b, 0x63, 0x62, 0x0e, 0xfe, 0xc4, 0xba, 0xb9,
    0x17, 0x90, 0x8a, 0x0e, 0xd7, 0x8b, 0x8d, 0xfe, 0x62, 0x43, 0x41, 0xc7,
    0xfe, 0x8f, 0x79, 0x77, 0x17, 0xc1, 0xfe, 0x94, 0x7f, 0x7e, 0x35, 0xc6,
    0xb5, 0x83, 0x0e, 0xcf, 0xfe, 0xcb, 0xc3, 0xc2, 0xfe, 0xfe, 0xfe, 0xfe,
    0xc1, 0xfe, 0x9b, 0x8a, 0x89, 0x0e, 0xc6, 0x91, 0x8b, 0x35, 0xf1, 0xae,
    0xc5, 0xa4, 0x97, 0xfd, 0xfd, 0xfd, 0xfd, 0xde, 0xfe, 0xb5, 0xa7, 0xa9,
    0x17, 0x8b, 0x9c, 0x36, 0xf0, 0x9c, 0x85, 0xfe, 0x35, 0x34, 0x37, 0xc0,
    0xff, 0x33, 0x33, 0x37, 0x3e, 0xff, 0x34, 0x34, 0x34, 0x1e, 0xff, 0x35,
    0x34, 0x37, 0xff, 0xc0, 0xfe, 0x62, 0x4d, 0x50, 0xa8, 0x8e, 0xe1, 0xfe,
    0xfd, 0xfd, 0xfd, 0x7f, 0xfe, 0xa6, 0x95, 0x97, 0x36, 0xcf, 0xa7, 0x87,
    0x17, 0xc1, 0xfe, 0xbe, 0xb2, 0xb3, 0x36, 0xd0, 0xfe, 0xce, 0xc5, 0xc6,
    0x17, 0xc0, 0xfe, 0xda, 0xd3, 0xd3, 0x36, 0xc9, 0x7f, 0xfe, 0xe5, 0xe0,
    0xe0, 0x17, 0xc1, 0xfe, 0xaa, 0x99, 0x9b, 0x36, 0xc8, 0xfe, 0x93, 0x7f,
    0x81, 0xfe, 0xe1, 0xdb, 0xdc, 0x36, 0xc2, 0xfe, 0xc9, 0xbf, 0xc0, 0x94,
    0x8a, 0x18, 0x36, 0xc7, 0xfe, 0xbd, 0xb1, 0xb2, 0x17, 0xc0, 0x9b, 0x88,
    0xfe, 0x74, 0x59, 0x5c, 0x36, 0xc3, 0xfe, 0xb2, 0xa3, 0xa5, 0x17, 0xc1,
    0x88, 0x8c, 0x36, 0xd3, 0x3a, 0x17, 0xc0, 0x81, 0x9d, 0x36, 0xce, 0xb2,
    0x86, 0x17, 0xc1, 0xfe, 0xb5, 0xa7, 0xa8, 0xfe, 0x70, 0x55, 0x58, 0xc4,
    0xfe, 0xa3, 0x91, 0x93, 0x17, 0xc1, 0xfe, 0xe1, 0xdc, 0xdd, 0xfe, 0x7b,
    0x61, 0x64, 0x36, 0xc7, 0xaa, 0x87, 0xfe, 0xc0, 0xb5, 0xb6, 0x86, 0x9d,
    0x36, 0xc2, 0xfe, 0x9a, 0x87, 0x8a, 0x17, 0xc1, 0x02, 0x36, 0xc5, 0x18,
    0xfe, 0xc3, 0xb8, 0xb9, 0x17, 0xc1, 0xfe, 0xcb, 0xc1, 0xc2, 0x36, 0xc7,
    0xfe, 0xb5, 0xa7, 0xa9, 0x17, 0xc1, 0x85, 0x8c, 0x36, 0xf8, 0x9b, 0x69,
    0x93, 0x5b, 0xe0, 0xfe, 0x88, 0x74, 0x73, 0xa5, 0x87, 0xdd, 0x81, 0x8f,
    0x35, 0xfd, 0xcc, 0xfe, 0xfd, 0xfc, 0xfc, 0x17, 0xfe, 0x9d, 0x89, 0x88,
    0x35, 0xd8, 0xfe, 0x82, 0x6c, 0x6b, 0x0e, 0xdc, 0x86, 0x7e, 0x35, 0xcb,
    0xaa, 0x86, 0xfe, 0x89, 0x75, 0x74, 0x0e, 0xe1, 0x92, 0x8b, 0x35, 0xcb,
    0xfe, 0x7b, 0x63, 0x62, 0x0e, 0xfe, 0xc4, 0xba, 0xb9, 0x17, 0x90, 0x8a,
    0x0e, 0xd7, 0x8b, 0x8d, 0xfe, 0x62, 0x43, 0x41, 0xc7, 0xfe, 0x8f, 0x79,
    0x77, 0x17, 0xc1, 0xfe, 0x94, 0x7f, 0x7e, 0x35, 0xc6, 0xb5, 0x94, 0x0e,
    0xcf, 0xfe, 0xd2, 0xca, 0xca, 0xfe, 0xfe, 0xfe, 0xfe, 0xc1, 0xfe, 0x99,
    0x88, 0x87, 0x0e, 0xc6, 0x91, 0x8b, 0x35, 0xf0, 0x7f, 0xb1, 0xd4, 0xfd,
    0xfd, 0xfd, 0xfd, 0xdf, 0x26, 0x17, 0x8b, 0x9c, 0x36, 0xf0, 0x9c, 0x85,
    0xfe, 0x35, 0x34, 0x37, 0xc0, 0xff, 0x33, 0x33, 0x37, 0x3e, 0xff, 0x34,
    0x34, 0x34, 0x1e, 0xff, 0x35, 0x34, 0x37, 0xff, 0xc0, 0xfe, 0x62, 0x4d,
    0x50, 0xa8, 0x8e, 0xe1, 0xfe, 0xfd, 0xfd, 0xfd, 0x7f, 0xfe, 0xa6, 0x95,
    0x97, 0x36, 0xcf, 0xa7, 0x87, 0x17, 0xc1, 0xfe, 0xbe, 0xb2, 0xb3, 0x36,
    0xd0, 0xfe, 0xce, 0xc5, 0xc6, 0x17, 0xc0, 0xfe, 0xda, 0xd3, 0xd3, 0x36,
    0xca, 0xfe, 0x91, 0x7c, 0x7e, 0x08, 0x17, 0xc1, 0xfe, 0xca, 0xc0, 0xc1,
    0xfe, 0x84, 0x6c, 0x6f, 0x36, 0xc3, 0xa6, 0x87, 0xfe, 0xa0, 0x8e, 0x90,
    0xfe, 0xdb, 0xd5, 0xd5, 0x17, 0x99, 0x89, 0x36, 0xc2, 0x3e, 0x17, 0x91,
    0x8a, 0xfe, 0xb3, 0xa5, 0xa6, 0xfe, 0x7e, 0x66, 0x69, 0x36, 0xc4, 0xfe,
    0x9d, 0x8b, 0x8d, 0xfe, 0xfa, 0xf9, 0xf9, 0x17, 0xc0, 0x3e, 0x36, 0xc4,
    0xfe, 0xb2, 0xa3, 0xa5, 0x17, 0xc1, 0x88, 0x8c, 0x36, 0xd3, 0xfe, 0xbe,
    0xb2, 0xb3, 0x17, 0xc0, 0x81, 0x9d, 0x36, 0xce, 0xb2, 0x86, 0x17, 0xc1,
    0xfe, 0xb5, 0xa7, 0xa8, 0xfe, 0x70, 0x55, 0x58, 0xc4, 0x7f, 0xfe, 0xda,
    0xd3, 0xd4, 0x17, 0xc1, 0x8c, 0x8b, 0xfe, 0xa0, 0x8e, 0x90, 0xfe, 0x72,
    0x57, 0x5a, 0x36, 0xc3, 0xbc, 0x84, 0x3a, 0xfe, 0xf6, 0xf4, 0xf4, 0x17,
    0xfe, 0xac, 0x9c, 0x9e, 0x36, 0xc2, 0x14, 0xfe, 0xe7, 0xe3, 0xe3, 0x17,
    0xc1, 0xfe, 0xcb, 0xc1, 0xc2, 0x20, 0x36, 0xc1, 0xac, 0x87, 0xfe, 0xaf,
    0xa0, 0xa2, 0xfe, 0xf1, 0xef, 0xef, 0x17, 0xc2, 0x0d, 0x36, 0xc7, 0xfe,
    0xb5, 0xa7, 0xa9, 0x17, 0xc1, 0x1e, 0x36, 0xf8, 0x55, 0x8f, 0x3c, 0xe0,
    0xfe, 0x87, 0x73, 0x72, 0xa6, 0x87, 0xdd, 0x88, 0x7d, 0x35, 0xfd, 0xcc,
    0xfe, 0xfd, 0xfc, 0xfc, 0x17, 0xfe, 0x9d, 0x89, 0x88, 0x35, 0xd8, 0xfe,
    0x82, 0x6c, 0x6b, 0x0e, 0xdc, 0x86, 0x7e, 0x35, 0xcc, 0xad, 0x85, 0xfe,
    0x8a, 0x76, 0x75, 0x0e, 0xdf, 0x28, 0xfe, 0x67, 0x49, 0x47, 0x35, 0xcb,
    0xbf, 0x92, 0x0e, 0xfe, 0xc4, 0xba, 0xb9, 0x17, 0x90, 0x8a, 0x0e, 0xd7,
    0x8b, 0x8d, 0xfe, 0x62, 0x43, 0x41, 0xc7, 0xfe, 0x8f, 0x79, 0x77, 0x17,
    0xc1, 0xfe, 0x94, 0x7f, 0x7e, 0x35, 0xc6, 0xb5, 0x94, 0x0e, 0xcf, 0xfe,
    0xe7, 0xe3, 0xe3, 0xbb, 0x84, 0xc0, 0x9d, 0x89, 0xfe, 0x8e, 0x7b, 0x7a,
    0x0e, 0xc6, 0x91, 0x8b, 0x35, 0xf0, 0xa6, 0x97, 0xac, 0xc5, 0xfd, 0xfd,
    0xfd, 0xfd, 0xdf, 0x26, 0x17, 0x8b, 0x9c, 0x36, 0xf0, 0x9c, 0x85, 0x11,
    0xc0, 0xff, 0x33, 0x33, 0x37, 0x3e, 0xff, 0x34, 0x34, 0x34, 0x1e, 0xff,
    0x35, 0x34, 0x37, 0xff, 0xc0, 0xfe, 0x62, 0x4d, 0x50, 0xa8, 0x8e, 0xe1,
    0xfe, 0xfd, 0xfd, 0xfd, 0x7f, 0xfe, 0xa6, 0x95, 0x97, 0x36, 0xcf, 0xa7,
    0x87, 0x17, 0xc1, 0xfe, 0xbe, 0xb2, 0xb3, 0x36, 0xd0, 0xfe, 0xce, 0xc5,
    0xc6, 0x17, 0xc0, 0xfe, 0xda, 0xd3, 0xd3, 0x36, 0xcb, 0xfe, 0xa8, 0x98,
    0x9a, 0x08, 0x17, 0xc2, 0x87, 0x9c, 0x83, 0x8d, 0x95, 0x89, 0xa4, 0x88,
    0xb7, 0x84, 0xfe, 0xfa, 0xf9, 0xf9, 0x17, 0xc1, 0x99, 0x89, 0x36, 0xc2,
    0xfe, 0xca, 0xc0, 0xc1, 0x17, 0xc1, 0x08, 0xfe, 0xe1, 0xdb, 0xdc, 0xfe,
    0xc4, 0xb9, 0xba, 0x8f, 0x9b, 0x6e, 0xb1, 0x86, 0xfe, 0xe7, 0xe3, 0xe3,
    0x17, 0xc1, 0x91, 0x8b, 0xfe, 0x7e, 0x66, 0x69, 0x36, 0xc4, 0xfe, 0xb2,
    0xa3, 0xa5, 0x17, 0xc1, 0x88, 0x8c, 0x36, 0xd3, 0xfe, 0xbe, 0xb2, 0xb3,
    0x17, 0xc0, 0x81, 0x9d, 0x36, 0xce, 0xb2, 0x86, 0x17, 0xc1, 0xfe, 0xb5,
    0xa7, 0xa8, 0xfe, 0x70, 0x55, 0x58, 0xc5, 0xae, 0x86, 0xfe, 0xe8, 0xe3,
    0xe4, 0x17, 0xc2, 0x98, 0x89, 0xfe, 0xd9, 0xd2, 0xd3, 0x3e, 0x9d, 0x89,
    0xae, 0x85, 0xfe, 0xee, 0xeb, 0xec, 0x17, 0xc2, 0xfe, 0xac, 0x9c, 0x9e,
    0x36, 0xc3, 0xfe, 0x94, 0x7f, 0x82, 0x08, 0x17, 0xc1, 0x08, 0x1e, 0x92,
    0x9b, 0xad, 0x75, 0x08, 0x17, 0xc1, 0x9d, 0x89, 0x17, 0xc0, 0x0d, 0x36,
    0xc7, 0xfe, 0xb5, 0xa7, 0xa9, 0x17, 0xc1, 0x1e, 0x36, 0xf9, 0x92, 0x4b,
    0x9c, 0x79, 0xdf, 0xfe, 0x86, 0x71, 0x70, 0xa8, 0x86, 0xdd, 0x8f, 0x8c,
    0x35, 0xfd, 0xcc, 0xfe, 0xfd, 0xfc, 0xfc, 0x17, 0xfe, 0x9d, 0x89, 0x88,
    0x35, 0xd8, 0xfe, 0x82, 0x6c, 0x6b, 0x0e, 0xdc, 0x85, 0x8e, 0x35, 0xcd,
    0xaf, 0x85, 0xfe, 0x8b, 0x78, 0x77, 0x0e, 0xde, 0x82, 0x8f, 0x35, 0xcc,
    0xbf, 0x81, 0x0e, 0xfe, 0xc4, 0xba, 0xb9, 0x17, 0x90, 0x8a, 0x0e, 0xd7,
    0x8b, 0x8d, 0xfe, 0x62, 0x43, 0x41, 0xc7, 0xfe, 0x8f, 0x79, 0x77, 0x17,
    0xc1, 0xfe, 0x94, 0x7f, 0x7e, 0x35, 0xc6, 0xb5, 0x94, 0x0e, 0xce, 0xba,
    0x84, 0xfe, 0xfe, 0xfd, 0xfd, 0x7e, 0xc0, 0x80, 0x7c, 0x0e, 0xc7, 0xa4,
    0x88, 0x95, 0x7c, 0xc1, 0x98, 0x89, 0x35, 0xec, 0xab, 0xb5, 0xa7, 0xa7,
    0xfd, 0xfd, 0xfd, 0xfd, 0xdf, 0x26, 0x17, 0x8b, 0x9c, 0x36, 0xf0, 0x9c,
    0x85, 0xfe, 0x35, 0x34, 0x37, 0xc0, 0xff, 0x33, 0x33, 0x37, 0x3e, 0xff,
    0x34, 0x34, 0x34, 0x1e, 0xff, 0x35, 0x34, 0x37, 0xff, 0xc0, 0xfe, 0x62,
    0x4d, 0x50, 0xa8, 0x8e, 0xe1, 0xfe, 0xfd, 0xfd, 0xfd, 0x7f, 0xfe, 0xa6,
    0x95, 0x97, 0x36, 0xcf, 0xa7, 0x87, 0x17, 0xc1, 0xfe, 0xbe, 0xb2, 0xb3,
    0x36, 0xd0, 0xfe, 0xce, 0xc5, 0xc6, 0x17, 0xc0, 0xfe, 0xda, 0xd3, 0xd3,
    0x36, 0xcc, 0xfe, 0x9d, 0x8a, 0x8c, 0xfe, 0xf3, 0xf1, 0xf1, 0x17, 0xca,
    0x87, 0x9c, 0x36, 0xc2, 0xfe, 0xbd, 0xb1, 0xb2, 0x17, 0xca, 0x8b, 0x9c,
    0xfe, 0x89, 0x72, 0x75, 0x36, 0xc5, 0xfe, 0xb2, 0xa3, 0xa5, 0x17, 0xc1,
    0x88, 0x8c, 0x36, 0xd3, 0x3a, 0x17, 0xc0, 0x81, 0x9d, 0x36, 0xce, 0xb2,
    0x86, 0x17, 0xc1, 0xfe, 0xb5, 0xa7, 0xa8, 0xfe, 0x70, 0x55, 0x58, 0xc6,
    0xac, 0x87, 0xfe, 0xd3, 0xcb, 0xcc, 0x17, 0xca, 0x40, 0xfe, 0xa0, 0x8e,
    0x90, 0x36, 0xc4, 0xfe, 0xab, 0x9b, 0x9c, 0x17, 0xc7, 0x9c, 0x89, 0xfe,
    0xad, 0x9e, 0xa0, 0xfe, 0xdc, 0xd5, 0xd6, 0x17, 0xc0, 0xfe, 0xcb, 0xc1,
    0xc2, 0x36, 0xc7, 0xfe, 0xb5, 0xa7, 0xa9, 0x17, 0xc1, 0x85, 0x8c, 0x36,
    0xf9, 0x97, 0x5a, 0x97, 0x6a, 0xdf, 0xfe, 0x83, 0x6e, 0x6c, 0xab, 0x96,
    0xdd, 0x99, 0x89, 0x35, 0xfd, 0xcc, 0xfe, 0xfd, 0xfc, 0xfc, 0x17, 0xfe,
    0x9d, 0x89, 0x88, 0x35, 0xd8, 0xfe, 0x82, 0x6c, 0x6b, 0x0e, 0xdc, 0x85,
    0x8e, 0x35, 0xce, 0xb2, 0x84, 0xfe, 0x8b, 0x78, 0x77, 0x0e, 0xdc, 0x91,
    0x8b, 0x35, 0xcd, 0xbf, 0x81, 0x0e, 0xfe, 0xc4, 0xba, 0xb9, 0x17, 0x90,
    0x8a, 0x0e, 0xd7, 0x8b, 0x8d, 0xfe, 0x62, 0x43, 0x41, 0xc7, 0xfe, 0x8f,
    0x79, 0x77, 0x17, 0xc1, 0xfe, 0x94, 0x7f, 0x7e, 0x35, 0xc6, 0xb6, 0x83,
    0x0e, 0xc1, 0xfe, 0xd9, 0xd3, 0xd2, 0x82, 0x8c, 0xfe, 0x90, 0x7e, 0x7d,
    0x0e, 0xc7, 0xa8, 0x87, 0xfe, 0xec, 0xe9, 0xe8, 0x17, 0xc1, 0xfe, 0xb6,
    0xaa, 0xaa, 0x0e, 0xc7, 0xfe, 0xc0, 0xb6, 0xb5, 0x17, 0xc1, 0x80, 0x8d,
    0x35, 0xec, 0xaf, 0xd5, 0xa3, 0x87, 0xfd, 0xfd, 0xfd, 0xfd, 0xdf, 0x26,
    0x17, 0x3b, 0x36, 0xf0, 0x9c, 0x85, 0x11, 0xc0, 0xff, 0x33, 0x33, 0x37,
    0x3e, 0xff, 0x34, 0x34, 0x34, 0x1e, 0xff, 0x35, 0x34, 0x37, 0xff, 0xc0,
    0xfe, 0x62, 0x4d, 0x50, 0xa8, 0x8e, 0xe1, 0xfe, 0xfd, 0xfd, 0xfd, 0x7f,
    0xfe, 0xa6, 0x95, 0x97, 0x36, 0xcf, 0xa7, 0x87, 0x17, 0xc1, 0xfe, 0xbe,
    0xb2, 0xb3, 0x36, 0xd0, 0xfe, 0xce, 0xc5, 0xc6, 0x17, 0xc0, 0xfe, 0xda,
    0xd3, 0xd3, 0x36, 0xcd, 0xab, 0x86, 0xfe, 0xb7, 0xa9, 0xab, 0xfe, 0xec,
    0xe9, 0xe9, 0x17, 0xc5, 0x94, 0x8a, 0xfe, 0xc9, 0xbf, 0xc0, 0xfe, 0x99,
    0x86, 0x88, 0xfe, 0x72, 0x57, 0x5a, 0x36, 0xc3, 0xfe, 0x8f, 0x79, 0x7c,
    0xfe, 0xc3, 0xb8, 0xb9, 0xfe, 0xf1, 0xee, 0xee, 0x17, 0xc5, 0x3c, 0xfe,
    0xb8, 0xab, 0xac, 0xfe, 0x77, 0x5d, 0x60, 0x36, 0xc6, 0xfe, 0xb2, 0xa3,
    0xa5, 0x17, 0xc1, 0x88, 0x8c, 0x36, 0xd3, 0x3a, 0x17, 0xc0, 0x81, 0x9d,
    0x36, 0xce, 0xb2, 0x86, 0x17, 0xc1, 0xfe, 0xb5, 0xa7, 0xa8, 0xfe, 0x70,
    0x55, 0x58, 0xc8, 0xfe, 0x98, 0x84, 0x86, 0xfe, 0xd6, 0xce, 0xcf, 0xfe,
    0xfc, 0xfb, 0xfb, 0x17, 0xc4, 0x08, 0xfe, 0xdf, 0xd9, 0xda, 0xfe, 0xb1,
    0xa3, 0xa4, 0xfe, 0x7e, 0x65, 0x68, 0x36, 0xc6, 0xfe, 0x9b, 0x88, 0x8a,
    0xfe, 0xee, 0xeb, 0xeb, 0x17, 0xc3, 0x08, 0xfe, 0xd3, 0xcb, 0xcc, 0xfe,
    0x86, 0x6f, 0x72, 0x36, 0xfe, 0xdc, 0xd5, 0xd6, 0x17, 0xc0, 0xfe, 0xcb,
    0xc1, 0xc2, 0x36, 0xc7, 0xfe, 0xb5, 0xa7, 0xa9, 0x17, 0xc1, 0x85, 0x8c,
    0x36, 0xf9, 0x9b, 0x79, 0x93, 0x4b, 0xdf, 0xfe, 0x80, 0x6a, 0x69, 0xaf,
    0x85, 0xdd, 0x55, 0xfe, 0x64, 0x46, 0x44, 0x35, 0xfd, 0xcb, 0xfe, 0xfd,
    0xfc, 0xfc, 0x17, 0xfe, 0x9d, 0x89, 0x88, 0x35, 0xd8, 0xfe, 0x82, 0x6c,
    0x6b, 0x0e, 0xdc, 0x85, 0x7e, 0x35, 0xcf, 0xb6, 0x83, 0x3f, 0x0e, 0xda,
    0x94, 0x8b, 0xfe, 0x63, 0x45, 0x43, 0x35, 0xcd, 0xbe, 0x92, 0x0e, 0xfe,
    0xc4, 0xba, 0xb9, 0x17, 0x90, 0x8a, 0x0e, 0xd7, 0x8b, 0x8d, 0xfe, 0x62,
    0x43, 0x41, 0xc7, 0xfe, 0x8f, 0x79, 0x77, 0x17, 0xc1, 0xfe, 0x94, 0x7f,
    0x7e, 0x35, 0xc6, 0x1c, 0x0e, 0xc1, 0xfe, 0xe0, 0xda, 0xda, 0x17, 0x96,
    0x79, 0xfe, 0xcb, 0xc2, 0xc2, 0xfe, 0xa4, 0x95, 0x94, 0x85, 0x8c, 0x0e,
    0xc2, 0xa2, 0x88, 0xfe, 0xaf, 0xa2, 0xa1, 0xfe, 0xed, 0xea, 0xea, 0x17,
    0xc1, 0x87, 0x8c, 0x2c, 0x0e, 0xc7, 0xfe, 0xc0, 0xb5, 0xb5, 0x17, 0xc1,
    0x80, 0x8d, 0x35, 0xeb, 0xa2, 0x88, 0xb0, 0xd4, 0xfd, 0xfd, 0xfd, 0xfd,
    0xe0, 0x26, 0x17, 0x8b, 0x9c, 0x36, 0xf0, 0x9c, 0x85, 0x11, 0xc0, 0xff,
    0x33, 0x33, 0x37, 0x3e, 0xff, 0x34, 0x34, 0x34, 0x1e, 0xff, 0x35, 0x34,
    0x37, 0xff, 0xc0, 0xfe, 0x62, 0x4d, 0x50, 0xa8, 0x8e, 0xe1, 0xfe, 0xfd,
    0xfd, 0xfd, 0x7f, 0xfe, 0xa6, 0x95, 0x97, 0x36, 0xfc, 0xb8, 0x85, 0xbe,
    0x73, 0xb0, 0x85, 0xa7, 0x87, 0x9d, 0x78, 0x91, 0x9b, 0x84, 0x9c, 0x83,
    0x8d, 0x36, 0xc9, 0xba, 0x84, 0x25, 0xb2, 0x74, 0xa6, 0x98, 0x32, 0x92,
    0x9a, 0x82, 0x9e, 0x83, 0x8c, 0x36, 0xfd, 0xc9, 0xa8, 0x87, 0xfe, 0x94,
    0x7f, 0x82, 0x2d, 0xac, 0x76, 0x22, 0x96, 0x89, 0x8a, 0x8c, 0xfe, 0x7a,
    0x61, 0x64, 0x36, 0xca, 0xa3, 0x88, 0xfe, 0x98, 0x84, 0x86, 0xfe, 0xb6,
    0xa9, 0xaa, 0xae, 0x97, 0x9a, 0x89, 0x86, 0x8b, 0xfe, 0x80, 0x68, 0x6b,
    0x36, 0xfd, 0xd0, 0x55, 0x90, 0x2c, 0x65, 0xde, 0xfe, 0x7c, 0x65, 0x63,
    0xb4, 0x94, 0xde, 0xfe, 0x6c, 0x50, 0x4f, 0x35, 0xfd, 0xcb, 0xfe, 0xfd,
    0xfc, 0xfc, 0x17, 0xfe, 0x9d, 0x89, 0x88, 0x35, 0xd8, 0xfe, 0x82, 0x6c,
    0x6b, 0x0e, 0xdc, 0x85, 0x7e, 0x35, 0xd0, 0xb9, 0x83, 0x0e, 0xd9, 0x96,
    0x8b, 0xfe, 0x65, 0x46, 0x44, 0x35, 0xce, 0xbe, 0x81, 0x0e, 0xfe, 0xc4,
    0xba, 0xb9, 0x17, 0x90, 0x8a, 0x0e, 0xd7, 0x8b, 0x8d, 0xfe, 0x62, 0x43,
    0x41, 0xc7, 0xfe, 0x8f, 0x79, 0x77, 0x17, 0xc1, 0xfe, 0x94, 0x7f, 0x7e,
    0x35, 0xc6, 0xb6, 0x83, 0x0e, 0xc1, 0xfe, 0xe0, 0xda, 0xda, 0x17, 0xc2,
    0x97, 0x89, 0x87, 0x8c, 0x92, 0x8a, 0x5a, 0x25, 0xbd, 0x83, 0xa7, 0x87,
    0xc2, 0x96, 0x8a, 0xfe, 0x9e, 0x8d, 0x8d, 0x0e, 0xc8, 0xfe, 0xc0, 0xb5,
    0xb5, 0x17, 0xc1, 0x80, 0x8d, 0xfe, 0x62, 0x43, 0x41, 0xeb, 0xa7, 0xa7,
    0xab, 0xb5, 0xfd, 0xfd, 0xfd, 0xfd, 0xe0, 0xfe, 0xb5, 0xa7, 0xa9, 0x17,
    0x8b, 0x9c, 0x36, 0xf0, 0x9c, 0x85, 0x11, 0xc0, 0xff, 0x33, 0x33, 0x37,
    0x3e, 0xff, 0x34, 0x34, 0x34, 0x1e, 0xff, 0x35, 0x34, 0x37, 0xff, 0xc0,
    0xfe, 0x62, 0x4d, 0x50, 0xa8, 0x8e, 0xe1, 0xfe, 0xfd, 0xfd, 0xfd, 0x7f,
    0xfe, 0xa6, 0x95, 0x97, 0x36, 0xfd, 0xfd, 0xfd, 0xfd, 0xd4, 0x93, 0x4b,
    0x9b, 0x79, 0xde, 0xbb, 0x82, 0xbb, 0x92, 0xde, 0x84, 0x8e, 0x35, 0xfd,
    0xcb, 0xfe, 0xfd, 0xfc, 0xfc, 0x17, 0xfe, 0x9d, 0x89, 0x88, 0x35, 0xd8,
    0xfe, 0x82, 0x6c, 0x6b, 0x0e, 0xdc, 0x14, 0x35, 0xd1, 0xfe, 0x7b, 0x64,
    0x62, 0x0e, 0xd7, 0x99, 0x89, 0xfe, 0x66, 0x48, 0x46, 0x35, 0xcf, 0xbe,
    0x81, 0x0e, 0xfe, 0xc4, 0xba, 0xb9, 0x17, 0x90, 0x8a, 0x0e, 0xd7, 0x8b,
    0x8d, 0xfe, 0x62, 0x43, 0x41, 0xc7, 0xfe, 0x8f, 0x79, 0x77, 0x17, 0xc1,
    0xfe, 0x94, 0x7f, 0x7e, 0x35, 0xc6, 0xb6, 0x83, 0x0e, 0xc1, 0xfe, 0xdc,
    0xd6, 0xd6, 0x17, 0xcb, 0x8d, 0x8b, 0xfe, 0x9f, 0x8f, 0x8f, 0x0e, 0xc9,
    0xfe, 0xc0, 0xb5, 0xb5, 0x17, 0xc1, 0x80, 0x8d, 0x35, 0xeb, 0xac, 0xb5,
    0xa6, 0xa7, 0xfd, 0xfd, 0xfd, 0xfd, 0xe0, 0xfe, 0xb5, 0xa7, 0xa9, 0x17,
    0x8b, 0x9c, 0x36, 0xf0, 0x9c, 0x85, 0x11, 0xc0, 0xff, 0x33, 0x33, 0x37,
    0x3e, 0xff, 0x34, 0x34, 0x34, 0x1e, 0xff, 0x35, 0x34, 0x37, 0xff, 0xc0,
    0xfe, 0x62, 0x4d, 0x50, 0xa8, 0x8e, 0xe1, 0xfe, 0xfd, 0xfd, 0xfd, 0x7f,
    0xfe, 0xa6, 0x95, 0x97, 0x36, 0xfd, 0xfd, 0xfd, 0xfd, 0xd4, 0x97, 0x6a,
    0x97, 0x5a, 0xde, 0xb3, 0x94, 0xfe, 0x8c, 0x79, 0x78, 0xde, 0x92, 0x7b,
    0x35, 0xfd, 0xcb, 0xfe, 0xfd, 0xfc, 0xfc, 0x17, 0xfe, 0x9d, 0x89, 0x88,
    0x35, 0xd8, 0xfe, 0x83, 0x6d, 0x6c, 0xac, 0x85, 0xdc, 0x84, 0x8e, 0x35,
    0xd2, 0xfe, 0x81, 0x6b, 0x69, 0xae, 0x95, 0xd5, 0x9b, 0x89, 0xfe, 0x68,
    0x4a, 0x49, 0x35, 0xd0, 0xbd, 0x92, 0x0e, 0xfe, 0xc4, 0xba, 0xb9, 0x17,
    0x90, 0x8a, 0x0e, 0xd7, 0x8b, 0x8d, 0xfe, 0x62, 0x43, 0x41, 0xc7, 0xfe,
    0x8f, 0x79, 0x77, 0x17, 0xc1, 0xfe, 0x94, 0x7f, 0x7e, 0x35, 0xc6, 0xb6,
    0x83, 0x0e, 0xc1, 0xa3, 0x87, 0xfe, 0xb1, 0xa4, 0xa3, 0xfe, 0xd5, 0xce,
    0xce, 0xfe, 0xf5, 0xf4, 0xf3, 0x17, 0xc6, 0x92, 0x8a, 0xfe, 0xc2, 0xb8,
    0xb8, 0xfe, 0x91, 0x7e, 0x7d, 0x0e, 0xca, 0xfe, 0xc0, 0xb5, 0xb5, 0x17,
    0xc1, 0x80, 0x8d, 0x35, 0xeb, 0xb0, 0xd5, 0xa2, 0x87, 0xfd, 0xfd, 0xfd,
    0xfd, 0xe0, 0xfe, 0xb5, 0xa7, 0xa9, 0x17, 0x8b, 0x9c, 0x36, 0xf0, 0x9c,
    0x85, 0x11, 0xc0, 0xff, 0x33, 0x33, 0x37, 0x3e, 0xff, 0x34, 0x34, 0x34,
    0x1e, 0xff, 0x35, 0x34, 0x37, 0xff, 0xc0, 0xfe, 0x62, 0x4d, 0x50, 0xa8,
    0x8e, 0xe1, 0xfe, 0xfd, 0xfd, 0xfd, 0x7f, 0xfe, 0xa6, 0x95, 0x97, 0x36,
    0xfd, 0xfd, 0xfd, 0xfd, 0xd4, 0x9c, 0x79, 0x92, 0x4b, 0xde, 0xa9, 0x86,
    0xfe, 0x8c, 0x79, 0x78, 0xde, 0x41, 0xfe, 0x64, 0x45, 0x43, 0x35, 0xfd,
    0xca, 0xfe, 0xfd, 0xfc, 0xfc, 0x17, 0xfe, 0x9d, 0x89, 0x88, 0x35, 0xd8,
    0xfe, 0x83, 0x6d, 0x6c, 0x0e, 0xdc, 0x84, 0x7e, 0x35, 0xd2, 0xa3, 0x88,
    0xfe, 0x87, 0x72, 0x71, 0x0e, 0xd3, 0x9c, 0x89, 0xfe, 0x6a, 0x4d, 0x4b,
    0x35, 0xd1, 0xbd, 0x81, 0x0e, 0xfe, 0xc4, 0xba, 0xb9, 0x17, 0x90, 0x8a,
    0x0e, 0xd7, 0x8b, 0x8d, 0xfe, 0x62, 0x43, 0x41, 0xd4, 0xb6, 0x83, 0x0e,
    0xc4, 0x7f, 0xb7, 0x84, 0xb8, 0x95, 0xb1, 0x86, 0xa9, 0x76, 0xa2, 0x88,
    0x9a, 0x99, 0x8f, 0x8b, 0x86, 0x7b, 0x1d, 0x0e, 0xcc, 0x90, 0x8c, 0xfe,
    0x62, 0x43, 0x41, 0xee, 0xa3, 0x98, 0xaf, 0xc4, 0xfd, 0xfd, 0xfd, 0xfd,
    0xe1, 0xfe, 0xb5, 0xa7, 0xa9, 0xfe, 0xfe, 0xfe, 0xfe, 0x8b, 0x9c, 0x36,
    0xf0, 0x9c, 0x85, 0xfe, 0x35, 0x34, 0x37, 0xc0, 0xff, 0x33, 0x33, 0x37,
    0x3e, 0xff, 0x34, 0x34, 0x34, 0x1e, 0xff, 0x35, 0x34, 0x37, 0xff, 0xc0,
    0xfe, 0x62, 0x4d, 0x50, 0xa8, 0x8e, 0xe1, 0xfe, 0xfd, 0xfd, 0xfd, 0x7f,
    0xfe, 0xa6, 0x95, 0x97, 0x36, 0xfd, 0xfd, 0xfd, 0xfd, 0xd5, 0x8f, 0x3c,
    0x55, 0xde, 0xfe, 0x8a, 0x76, 0x75, 0xa3, 0x87, 0xde, 0xfe, 0x70, 0x54,
    0x53, 0x35, 0xfd, 0xca, 0xfe, 0xfd, 0xfc, 0xfc, 0x17, 0xfe, 0x9d, 0x89,
    0x88, 0x35, 0xd8, 0xfe, 0x83, 0x6d, 0x6c, 0x0e, 0xdc, 0x84, 0x7e, 0x35,
    0xd3, 0xac, 0x85, 0xfe, 0x8b, 0x78, 0x77, 0x0e, 0xd1, 0x41, 0xfe, 0x6c,
    0x50, 0x4e, 0x35, 0xd2, 0xbd, 0x81, 0x0e, 0xfe, 0xc4, 0xba, 0xb9, 0x17,
    0x90, 0x8a, 0x0e, 0xd7, 0x8b, 0x8d, 0xfe, 0x62, 0x43, 0x41, 0xd4, 0xb7,
    0x83, 0x0e, 0xdc, 0x90, 0x8c, 0x35, 0xee, 0xa8, 0xa6, 0xaa, 0xb6, 0xfd,
    0xfd, 0xfd, 0xfd, 0xe1, 0xfe, 0xb5, 0xa7, 0xa9, 0x17, 0x8b, 0x9c, 0x36,
    0xf0, 0x9c, 0x85, 0xfe, 0x35, 0x34, 0x37, 0xc0, 0xff, 0x33, 0x33, 0x37,
    0x3e, 0xff, 0x34, 0x34, 0x34, 0x1e, 0xff, 0x35, 0x34, 0x37, 0xff, 0xc0,
    0xfe, 0x62, 0x4d, 0x50, 0xa8, 0x8e, 0xe1, 0xfe, 0xfd, 0xfd, 0xfd, 0x7f,
    0xfe, 0xa6, 0x95, 0x97, 0x36, 0xfd, 0xfd, 0xfd, 0xfd, 0xd5, 0x93, 0x4b,
    0x9b, 0x79, 0xde, 0xfe, 0x7e, 0x67, 0x66, 0xb2, 0x84, 0xde, 0x8d, 0x8c,
    0x35, 0xfd, 0xca, 0xfe, 0xfd, 0xfc, 0xfc, 0x17, 0xfe, 0x9d, 0x89, 0x88,
    0x35, 0xd8, 0xfe, 0x83, 0x6d, 0x6c, 0x0e, 0xdc, 0x84, 0x7e, 0x35, 0xd4,
    0xb9, 0x83, 0x0e, 0xd0, 0x55, 0xfe, 0x6e, 0x53, 0x51, 0x35, 0xd3, 0xbc,
    0x82, 0x0e, 0xfe, 0xc4, 0xba, 0xb9, 0x17, 0x90, 0x8a, 0x0e, 0xd7, 0x8b,
    0x8d, 0xfe, 0x62, 0x43, 0x41, 0xd4, 0xb7, 0x83, 0x0e, 0xdc, 0x90, 0x8c,
    0x35, 0xee, 0xad, 0xb5, 0xa5, 0xa7, 0xfd, 0xfd, 0xfd, 0xfd, 0xe1, 0xfe,
    0xb5, 0xa7, 0xa9, 0x17, 0x8b, 0x9c, 0x36, 0xf0, 0x9c, 0x85, 0xfe, 0x35,
    0x34, 0x37, 0xc0, 0xff, 0x33, 0x33, 0x37, 0x3e, 0xff, 0x34, 0x34, 0x34,
    0x1e, 0xff, 0x35, 0x34, 0x37, 0xff, 0xc0, 0xfe, 0x62, 0x4d, 0x50, 0xa8,
    0x8e, 0xe1, 0xfe, 0xfb, 0xfb, 0xfb, 0xa3, 0x88, 0xfe, 0xa7, 0x97, 0x99,
    0x36, 0xfd, 0xfd, 0xfd, 0xfd, 0xd5, 0x98, 0x6a, 0x96, 0x5a, 0xde, 0xb2,
    0x84, 0xfe, 0x8c, 0x79, 0x78, 0xde, 0x41, 0xfe, 0x65, 0x46, 0x44, 0x35,
    0xfd, 0xc9, 0xfe, 0xfd, 0xfd, 0xfd, 0x17, 0xfe, 0x9b, 0x87, 0x86, 0x35,
    0xd8, 0xfe, 0x83, 0x6e, 0x6c, 0x0e, 0xdc, 0x83, 0x7f, 0x35, 0xd5, 0xfe,
    0x80, 0x6a, 0x69, 0x0e, 0xce, 0x55, 0xfe, 0x71, 0x56, 0x55, 0x35, 0xd4,
    0xbc, 0x82, 0x0e, 0xfe, 0xc2, 0xb8, 0xb8, 0x17, 0x91, 0x8a, 0x0e, 0xd7,
    0x8c, 0x7c, 0x35, 0xd4, 0xb7, 0x83, 0x0e, 0xdc, 0x90, 0x8c, 0x35, 0xee,
    0xb1, 0xd4, 0x36, 0xfd, 0xfd, 0xfd, 0xfd, 0xe1, 0xfe, 0xb7, 0xa9, 0xab,
    0x17, 0x89, 0x9c, 0x36, 0xf0, 0x9c, 0x85, 0x11, 0xc0, 0xff, 0x33, 0x33,
    0x37, 0x3e, 0xff, 0x34, 0x34, 0x34, 0x1e, 0xff, 0x35, 0x34, 0x37, 0xff,
    0xc0, 0xfe, 0x62, 0x4d, 0x50, 0xa8, 0x8e, 0xe1, 0xfe, 0xf4, 0xf2, 0xf2,
    0xac, 0x86, 0xfe, 0xae, 0x9f, 0xa0, 0x36, 0xfd, 0xfd, 0xfd, 0xfd, 0xd5,
    0x9d, 0x78, 0x91, 0x4c, 0xdf, 0xfe, 0x86, 0x71, 0x70, 0xa8, 0x86, 0xde,
    0x81, 0x8f, 0x35, 0xfd, 0xc8, 0xa9, 0x86, 0x17, 0xc0, 0xfe, 0x93, 0x7e,
    0x7c, 0x35, 0xd8, 0xfe, 0x83, 0x6e, 0x6c, 0x0e, 0xdc, 0x83, 0x7f, 0x35,
    0xd5, 0xa4, 0x98, 0xfe, 0x88, 0x74, 0x73, 0x0e, 0xcd, 0x81, 0x8f, 0x35,
    0xd5, 0xbb, 0x92, 0x0e, 0xfe, 0xbd, 0xb2, 0xb1, 0x17, 0x98, 0x89, 0x0e,
    0xd7, 0x8c, 0x7c, 0x35, 0xd4, 0xb7, 0x83, 0x0e, 0xdc, 0x8f, 0x8c, 0x35,
    0xed, 0xa4, 0x97, 0x36, 0xfd, 0xfd, 0xfd, 0xfd, 0xe2, 0xfe, 0xbe, 0xb2,
    0xb3, 0x17, 0x81, 0x9d, 0x36, 0xf0, 0x9c, 0x85, 0x11, 0xc0, 0xff, 0x33,
    0x33, 0x37, 0x3e, 0xff, 0x34, 0x34, 0x34, 0x1e, 0xff, 0x35, 0x34, 0x37,
    0xff, 0xc0, 0xfe, 0x62, 0x4d, 0x50, 0xa8, 0x8e, 0xe1, 0xfe, 0xe7, 0xe3,
    0xe3, 0xbb, 0x84, 0xfe, 0xbf, 0xb3, 0xb4, 0x36, 0xfd, 0xfd, 0xfd, 0xfd,
    0xd6, 0x8f, 0x3c, 0x55, 0xde, 0xb6, 0x83, 0xfe, 0x8c, 0x79, 0x78, 0xde,
    0x99, 0x89, 0x35, 0xfd, 0xc8, 0xbf, 0x83, 0x17, 0xc0, 0xfe, 0x85, 0x6d,
    0x6b, 0x35, 0xd8, 0xfe, 0x83, 0x6e, 0x6c, 0x0e, 0xdc, 0x82, 0x8f, 0x35,
    0xd6, 0xae, 0x85, 0xfe, 0x8b, 0x78, 0x77, 0x0e, 0xcb, 0x85, 0x8e, 0x35,
    0xd6, 0x23, 0x0e, 0xfe, 0xb2, 0xa5, 0xa5, 0x17, 0xc0, 0xfe, 0x92, 0x80,
    0x7f, 0x0e, 0xd6, 0x8c, 0x7c, 0x35, 0xd4, 0xb7, 0x83, 0x0e, 0xdc, 0x8f,
    0x8c, 0x35, 0xed, 0xa9, 0xa6, 0x36, 0xfd, 0xfd, 0xfd, 0xfd, 0xe2, 0xfe,
    0xce, 0xc5, 0xc6, 0x17, 0xfe, 0xd7, 0xcf, 0xd0, 0x36, 0xf0, 0x9c, 0x85,
    0xfe, 0x35, 0x34, 0x37, 0xc0, 0xff, 0x33, 0x33, 0x37, 0x3e, 0xff, 0x34,
    0x34, 0x34, 0x1e, 0xff, 0x35, 0x34, 0x37, 0xff, 0xc0, 0xfe, 0x62, 0x4d,
    0x50, 0xa8, 0x8e, 0xe1, 0xfe, 0xd1, 0xc8, 0xc9, 0xfe, 0xfe, 0xfe, 0xfe,
    0xfe, 0xd8, 0xd1, 0xd1, 0x36, 0xfd, 0xfd, 0xfd, 0xfd, 0xd6, 0x94, 0x4b,
    0x9a, 0x79, 0xde, 0xa2, 0x87, 0xfe, 0x88, 0x74, 0x73, 0xa5, 0x87, 0xde,
    0xfe, 0x72, 0x57, 0x56, 0x35, 0xfd, 0xc7, 0xfe, 0x97, 0x83, 0x81, 0x17,
    0xc0, 0xfe, 0x6d, 0x50, 0x4e, 0x35, 0xd8, 0xfe, 0x83, 0x6e, 0x6c, 0x0e,
    0xdc, 0x82, 0x8f, 0x35, 0xd7, 0xb5, 0x94, 0x0e, 0xca, 0x89, 0x7d, 0x35,
    0xd7, 0xbb, 0x82, 0x0e, 0xb8, 0x85, 0xfe, 0xfe, 0xfe, 0xfe, 0xc0, 0xfe,
    0xa7, 0x98, 0x97, 0x0e, 0xd6, 0x8c, 0x7c, 0x35, 0xd4, 0xb7, 0x93, 0x0e,
    0xdc, 0x8f, 0x8c, 0x35, 0xed, 0xae, 0xb5, 0x36, 0xfd, 0xfd, 0xfd, 0xfd,
    0xe2, 0xfe, 0xe8, 0xe4, 0xe4, 0x17, 0xfe, 0xc1, 0xb5, 0xb7, 0x36, 0xf0,
    0x9c, 0x85, 0x11, 0xc0, 0xff, 0x33, 0x33, 0x37, 0x3e, 0xff, 0x34, 0x34,
    0x34, 0x1e, 0xff, 0x35, 0x34, 0x37, 0xff, 0xc0, 0xfe, 0x62, 0x4d, 0x50,
    0xa8, 0x8e, 0xe1, 0xfe, 0xb1, 0xa2, 0xa4, 0xfe, 0xfe, 0xfe, 0xfe, 0x9a,
    0x89, 0xfe, 0x74, 0x59, 0x5c, 0x36, 0xfd, 0xfd, 0xfd, 0xfd, 0xd5, 0x99,
    0x59, 0x95, 0x6b, 0xdf, 0xba, 0x82, 0xbc, 0x92, 0xde, 0x9a, 0x89, 0xfe,
    0x64, 0x45, 0x43, 0x35, 0xfd, 0xc6, 0xfe, 0xbf, 0xb3, 0xb2, 0x17, 0x83,
    0x8d, 0x35, 0xd9, 0xfe, 0x84, 0x6e, 0x6d, 0x0e, 0xdc, 0x82, 0x7f, 0x35,
    0xd8, 0xbc, 0x82, 0x0e, 0xc7, 0x41, 0x81, 0x8f, 0x35, 0xd8, 0xba, 0x92,
    0x0e, 0xa2, 0x88, 0xfe, 0xf8, 0xf7, 0xf7, 0xa7, 0x87, 0xfe, 0xc4, 0xba,
    0xb9, 0x0e, 0xd6, 0x8c, 0x7c, 0xfe, 0x62, 0x43, 0x41, 0xd4, 0xb7, 0x93,
    0x0e, 0xdc, 0x8f, 0x8c, 0x35, 0xec, 0x7f, 0x36, 0xfd, 0xfd, 0xfd, 0xfd,
    0xe2, 0xb0, 0x86, 0x17, 0xc0, 0xfe, 0xa1, 0x8f, 0x91, 0x36, 0xf0, 0x9c,
    0x85, 0xfe, 0x35, 0x34, 0x37, 0xc0, 0xff, 0x33, 0x33, 0x37, 0x3e, 0xff,
    0x34, 0x34, 0x34, 0x1e, 0xff, 0x35, 0x34, 0x37, 0xff, 0xc0, 0xfe, 0x62,
    0x4d, 0x50, 0xa8, 0x8e, 0xe1, 0xbe, 0x84, 0xfe, 0xfe, 0xfe, 0xfe, 0xc0,
    0xfe, 0x9d, 0x8b, 0x8d, 0x36, 0xfd, 0xfd, 0xfd, 0xfd, 0xd5, 0x9d, 0x79,
    0x91, 0x4b, 0xdf, 0xa3, 0x88, 0xfe, 0x8a, 0x76, 0x75, 0xa3, 0x87, 0xde,
    0x88, 0x7d, 0x35, 0xfd, 0xc5, 0x22, 0xfe, 0xf1, 0xee, 0xee, 0x17, 0xfe,
    0xbc, 0xae, 0xad, 0x35, 0xd9, 0xfe, 0x84, 0x6e, 0x6d, 0x0e, 0xdc, 0x82,
    0x7f, 0x35, 0xd9, 0xb6, 0x83, 0xbe, 0x92, 0x0e, 0xc3, 0x55, 0x91, 0x8c,
    0x83, 0x7e, 0x35, 0xd9, 0xba, 0x92, 0x0e, 0xc0, 0xfe, 0xda, 0xd4, 0xd4,
    0x17, 0x88, 0x8c, 0x0e, 0xd6, 0x8c, 0x7c, 0x35, 0xd4, 0xb7, 0x93, 0x0e,
    0xdc, 0x8f, 0x8c, 0x35, 0xec, 0xa6, 0xa7, 0x36, 0xfd, 0xfd, 0xfd, 0xfd,
    0xe2, 0xfe, 0xad, 0x9e, 0xa0, 0x17, 0x40, 0xfe, 0x7c, 0x63, 0x66, 0x36,
    0xf0, 0x9c, 0x85, 0x11, 0xc0, 0xff, 0x33, 0x33, 0x37, 0x3e, 0xff, 0x34,
    0x34, 0x34, 0x1e, 0xff, 0x35, 0x34, 0x37, 0xff, 0xc0, 0xfe, 0x62, 0x4d,
    0x50, 0xa8, 0x8e, 0xe2, 0xfe, 0xe6, 0xe1, 0xe2, 0xbd, 0x73, 0xfe, 0xd7,
    0xd0, 0xd1, 0x36, 0xfd, 0xfd, 0xfd, 0xfd, 0xd6, 0x90, 0x3c, 0x40, 0xdf,
    0xbe, 0x81, 0xb8, 0x93, 0xde, 0x55, 0xfe, 0x6c, 0x50, 0x4f, 0x35, 0xfd,
    0xc4, 0xfe, 0x97, 0x82, 0x81, 0x17, 0xc0, 0xfe, 0x84, 0x6b, 0x6a, 0x35,
    0xd9, 0xfe, 0x84, 0x6e, 0x6d, 0x0e, 0xdc, 0x81, 0x8f, 0x35, 0xda, 0xa6,
    0x87, 0xb6, 0x83, 0xae, 0x95, 0xa4, 0x77, 0x9a, 0x99, 0x93, 0x7b, 0x8e,
    0x8c, 0x35, 0xdb, 0xba, 0x82, 0x0e, 0xc0, 0xfe, 0xb2, 0xa5, 0xa4, 0x17,
    0xc0, 0xfe, 0xa6, 0x97, 0x96, 0x0e, 0xd5, 0x8c, 0x7c, 0x35, 0xd4, 0xb7,
    0x93, 0x0e, 0xdc, 0x8f, 0x7c, 0x35, 0xec, 0xac, 0xb5, 0x36, 0xfd, 0xfd,
    0xfd, 0xfd, 0xe1, 0x7f, 0xfe, 0xe6, 0xe2, 0xe2, 0x17, 0xfe, 0xd6, 0xcf,
    0xcf, 0x36, 0xf1, 0x9c, 0x85, 0xfe, 0x35, 0x34, 0x37, 0xc0, 0xff, 0x33,
    0x33, 0x37, 0x3e, 0xff, 0x34, 0x34, 0x34, 0x1e, 0xff, 0x35, 0x34, 0x37,
    0xff, 0xc0, 0xfe, 0x62, 0x4d, 0x50, 0xa8, 0x8e, 0xe2, 0xfe, 0xab, 0x9b,
    0x9c, 0xfe, 0xfe, 0xfe, 0xfe, 0xc0, 0xfe, 0x90, 0x7b, 0x7d, 0x36, 0xfd,
    0xfd, 0xfd, 0xfd, 0xd5, 0x95, 0x4a, 0x99, 0x7a, 0xdf, 0xa6, 0x86, 0xfe,
    0x8b, 0x78, 0x77, 0x7f, 0xde, 0x99, 0x8a, 0xfe, 0x65, 0x46, 0x44, 0x35,
    0xfd, 0xc2, 0xa2, 0x88, 0xfe, 0xe3, 0xdd, 0xdd, 0x17, 0xfe, 0xdf, 0xd9,
    0xd9, 0x35, 0xda, 0xfe, 0x84, 0x6e, 0x6d, 0x0e, 0xdc, 0x81, 0x8f, 0x35,
    0xfd, 0xc0, 0xba, 0x82, 0x0e, 0xc0, 0xa3, 0x88, 0xfe, 0xf2, 0xf0, 0xf0,
    0x17, 0x16, 0x0e, 0xd5, 0x8c, 0x7c, 0x35, 0xd4, 0x2e, 0x0e, 0xdc, 0x8f,
    0x7c, 0x35, 0xec, 0xb0, 0xd5, 0x36, 0xfd, 0xfd, 0xfd, 0xfd, 0xe1, 0xfe,
    0xa0, 0x8e, 0x90, 0x17, 0xc0, 0xfe, 0x9b, 0x88, 0x8a, 0x36, 0xf1, 0x9c,
    0x85, 0xfe, 0x35, 0x34, 0x37, 0xc0, 0xff, 0x33, 0x33, 0x37, 0x3e, 0xff,
    0x34, 0x34, 0x34, 0x1e, 0xff, 0x35, 0x34, 0x37, 0xff, 0xc0, 0xfe, 0x62,
    0x4d, 0x50, 0xa8, 0x8e, 0xe2, 0xa4, 0x88, 0xfe, 0xee, 0xeb, 0xec, 0xb3,
    0x75, 0xfe, 0xe3, 0xdd, 0xde, 0xfe, 0x72, 0x57, 0x5a, 0x36, 0xfd, 0xfd,
    0xfd, 0xfd, 0xd4, 0x99, 0x6a, 0x95, 0x5a, 0xe0, 0xfe, 0x7c, 0x64, 0x63,
    0xb5, 0x83, 0xdf, 0x36, 0x35, 0xfd, 0xc2, 0xfe, 0xa5, 0x94, 0x93, 0x17,
    0xc0, 0xfe, 0x92, 0x7c, 0x7b, 0x35, 0xda, 0xfe, 0x84, 0x6f, 0x6e, 0x0e,
    0xdc, 0x81, 0x7f, 0x35, 0xfd, 0xc0, 0xb9, 0x83, 0x0e, 0xc1, 0xfe, 0xbc,
    0xb1, 0xb0, 0x17, 0xc0, 0xfe, 0xb1, 0xa4, 0xa3, 0x0e, 0xd4, 0x8c, 0x7c,
    0x35, 0xd4, 0xb8, 0x83, 0x0e, 0xdc, 0x8f, 0x7c, 0x35, 0xeb, 0xa2, 0x98,
    0xb0, 0xc4, 0xfd, 0xfd, 0xfd, 0xfd, 0xe1, 0xa8, 0x87, 0xfe, 0xee, 0xeb,
    0xeb, 0x17, 0xfe, 0xe3, 0xdd, 0xde, 0x36, 0xf2, 0x9c, 0x85, 0x11, 0xc0,
    0xff, 0x33, 0x33, 0x37, 0x3e, 0xff, 0x34, 0x34, 0x34, 0x1e, 0xff, 0x35,
    0x34, 0x37, 0xff, 0xc0, 0xfe, 0x62, 0x4d, 0x50, 0xa8, 0x8e, 0xe3, 0xfe,
    0x9f, 0x8d, 0x8f, 0xfe, 0xfe, 0xfe, 0xfe, 0xc0, 0xfe, 0xbc, 0xaf, 0xb1,
    0x36, 0xfd, 0xfd, 0xfd, 0xfd, 0xd4, 0x9e, 0x78, 0x90, 0x4c, 0xe0, 0xa9,
    0x86, 0xfe, 0x8b, 0x78, 0x77, 0x7f, 0xdf, 0xfe, 0x6e, 0x53, 0x51, 0x35,
    0xfd, 0xc0, 0xfe, 0x7e, 0x65, 0x63, 0xfe, 0xf9, 0xf8, 0xf8, 0xa6, 0x87,
    0xfe, 0xd3, 0xca, 0xca, 0x35, 0xdb, 0xfe, 0x84, 0x6f, 0x6e, 0x0e, 0xdc,
    0x81, 0x7f, 0x35, 0xfd, 0xc0, 0xb9, 0x83, 0x0e, 0xc1, 0xa2, 0x88, 0xfe,
    0xe9, 0xe6, 0xe6, 0x17, 0x96, 0x8a, 0xfe, 0x99, 0x88, 0x87, 0x0e, 0xd3,
    0x8c, 0x7c, 0x35, 0xd4, 0xb8, 0x83, 0x0e, 0xdc, 0x8f, 0x7c, 0x35, 0xeb,
    0xa6, 0x97, 0x36, 0xfd, 0xfd, 0xfd, 0xfd, 0xe1, 0xfe, 0xcc, 0xc3, 0xc4,
    0x17, 0x55, 0xfe, 0x90, 0x7b, 0x7d, 0x36, 0xf2, 0x9c, 0x85, 0x11, 0xc0,
    0xff, 0x33, 0x33, 0x37, 0x3e, 0xff, 0x34, 0x34, 0x34, 0x1e, 0xff, 0x35,
    0x34, 0x37, 0xff, 0xc0, 0xfe, 0x62, 0x4d, 0x50, 0xa8, 0x8e, 0xe4, 0xfe,
    0xce, 0xc5, 0xc6, 0xfe, 0xfe, 0xfe, 0xfe, 0xc0, 0xfe, 0xa7, 0x96, 0x98,
    0x36, 0xfd, 0xfd, 0xfd, 0xfd, 0xd4, 0x91, 0x3b, 0x9d, 0x89, 0xe0, 0xfe,
    0x7f, 0x68, 0x67, 0xb1, 0x84, 0xdf, 0x9b, 0x89, 0xfe, 0x66, 0x47, 0x46,
    0x35, 0xfc, 0xb4, 0x84, 0xfe, 0xec, 0xe8, 0xe8, 0x17, 0x93, 0x8a, 0xfe,
    0x74, 0x59, 0x57, 0x35, 0xdb, 0xfe, 0x84, 0x6f, 0x6e, 0x0e, 0xdc, 0x80,
    0x7f, 0x35, 0xfd, 0xc0, 0xb8, 0x93, 0x0e, 0xc2, 0xba, 0x84, 0xfe, 0xfb,
    0xfa, 0xfa, 0x17, 0x88, 0x8b, 0xfe, 0x93, 0x81, 0x80, 0x0e, 0xd2, 0x8c,
    0x7c, 0x35, 0xd4, 0xb8, 0x83, 0x0e, 0xdc, 0x8e, 0x8c, 0x35, 0xeb, 0xab,
    0xb5, 0x36, 0xfd, 0xfd, 0xfd, 0xfd, 0xe0, 0xfe, 0xb6, 0xa8, 0xaa, 0x17,
    0xc0, 0xfe, 0xbe, 0xb2, 0xb3, 0x36, 0xf3, 0x9c, 0x85, 0x11, 0xc0, 0xff,
    0x33, 0x33, 0x37, 0x3e, 0xff, 0x34, 0x34, 0x34, 0x1e, 0xff, 0x35, 0x34,
    0x37, 0xff, 0xc0, 0xfe, 0x62, 0x4d, 0x50, 0xa8, 0x8e, 0xe4, 0xa9, 0x87,
    0xfe, 0xe6, 0xe1, 0xe2, 0xbd, 0x73, 0x55, 0xfe, 0xaa, 0x9a, 0x9c, 0xfe,
    0x70, 0x55, 0x58, 0xfd, 0xfd, 0xfd, 0xfd, 0xd3, 0x95, 0x5b, 0x99, 0x69,
    0xe0, 0xac, 0x85, 0xfe, 0x8c, 0x79, 0x78, 0xe0, 0x93, 0x8b, 0xfe, 0x63,
    0x44, 0x42, 0x35, 0xfa, 0xba, 0x94, 0xfe, 0xe9, 0xe5, 0xe4, 0x17, 0x40,
    0xfe, 0x8f, 0x79, 0x77, 0x35, 0xdc, 0xfe, 0x85, 0x6f, 0x6e, 0x0e, 0xdc,
    0x80, 0x7f, 0x35, 0xfd, 0xc0, 0xb8, 0x93, 0x0e, 0xc3, 0xfe, 0xb8, 0xac,
    0xac, 0x17, 0xc0, 0x86, 0x8c, 0xfe, 0x96, 0x85, 0x84, 0x0e, 0xd1, 0x8c,
    0x7c, 0x35, 0xd4, 0xb8, 0x83, 0x0e, 0xdc, 0x8e, 0x8c, 0x35, 0xea, 0x04,
    0xb0, 0xd4, 0x36, 0xfd, 0xfd, 0xfd, 0xfd, 0xdf, 0xfe, 0xb7, 0xaa, 0xab,
    0x17, 0xc0, 0xfe, 0xdb, 0xd4, 0xd5, 0xfe, 0x73, 0x58, 0x5b, 0x36, 0xf3,
    0x9c, 0x85, 0x11, 0xc0, 0xff, 0x33, 0x33, 0x37, 0x3e, 0xff, 0x34, 0x34,
    0x34, 0x1e, 0xff, 0x35, 0x34, 0x37, 0xff, 0xc0, 0xfe, 0x62, 0x4d, 0x50,
    0xa8, 0x8e, 0xe5, 0xb2, 0x75, 0xfe, 0xeb, 0xe7, 0xe8, 0xb7, 0x74, 0xc0,
    0xfe, 0xc4, 0xb9, 0xbb, 0xfe, 0x75, 0x5b, 0x5e, 0x36, 0xfd, 0xfd, 0xfd,
    0xfd, 0xd1, 0x9a, 0x69, 0x94, 0x5b, 0xe1, 0xfe, 0x82, 0x6c, 0x6b, 0xad,
    0x85, 0xe0, 0x8d, 0x8c, 0x35, 0xf9, 0xfe, 0x92, 0x7d, 0x7c, 0xfe, 0xf3,
    0xf1, 0xf1, 0x17, 0x41, 0xfe, 0x9c, 0x88, 0x87, 0x35, 0xc0, 0xa3, 0x87,
    0xb1, 0x95, 0xac, 0x85, 0xa6, 0x87, 0xa6, 0x86, 0xa6, 0x87, 0xfe, 0x63,
    0x45, 0x43, 0x35, 0xd4, 0xfe, 0x85, 0x6f, 0x6e, 0x0e, 0xdc, 0x80, 0x7f,
    0x35, 0xfd, 0xc0, 0xb8, 0x83, 0x0e, 0xc4, 0xfe, 0xc2, 0xb8, 0xb7, 0x17,
    0xc0, 0x92, 0x8a, 0xfe, 0xa7, 0x99, 0x98, 0x0e, 0xd0, 0x8c, 0x7c, 0x35,
    0xd4, 0xb8, 0x93, 0x0e, 0xdc, 0x8e, 0x8c, 0x35, 0xea, 0xa7, 0xa7, 0xab,
    0xb5, 0xfd, 0xfd, 0xfd, 0xfd, 0xde, 0xab, 0x86, 0xfe, 0xd0, 0xc7, 0xc8,
    0x17, 0xc0, 0xfe, 0xe2, 0xdd, 0xdd, 0xfe, 0x78, 0x5f, 0x62, 0x36, 0xf4,
    0x9c, 0x85, 0x11, 0xc0, 0xff, 0x33, 0x33, 0x37, 0x3e, 0xff, 0x34, 0x34,
    0x34, 0x1e, 0xff, 0x35, 0x34, 0x37, 0xff, 0xc0, 0xfe, 0x62, 0x4d, 0x50,
    0xa8, 0x8e, 0xe6, 0xb0, 0x86, 0xfe, 0xe4, 0xdf, 0xdf, 0xbf, 0x83, 0xc0,
    0x8b, 0x9c, 0xfe, 0xa0, 0x8e, 0x90, 0xfe, 0x71, 0x56, 0x59, 0x36, 0xfd,
    0xfd, 0xfd, 0xfd, 0xcf, 0x41, 0x90, 0x3b, 0xe1, 0xb0, 0x84, 0xfe, 0x8c,
    0x79, 0x78, 0xe1, 0x8d, 0x8c, 0xfe, 0x63, 0x44, 0x42, 0x35, 0xf5, 0xbc,
    0x94, 0xfe, 0xcb, 0xc1, 0xc0, 0x17, 0xc0, 0x9b, 0x89, 0xfe, 0x96, 0x81,
    0x80, 0x04, 0xaf, 0x95, 0xb4, 0x73, 0xb0, 0x95, 0x0e, 0xc3, 0xfe, 0x64,
    0x46, 0x44, 0x35, 0xd4, 0xfe, 0x85, 0x6f, 0x6e, 0x0e, 0xdc, 0xfe, 0x73,
    0x58, 0x57, 0x35, 0xfd, 0xc0, 0xb7, 0x93, 0x0e, 0xc5, 0xfe, 0xbd, 0xb2,
    0xb1, 0xfe, 0xfd, 0xfd, 0xfd, 0x7f, 0x56, 0xfe, 0xd2, 0xca, 0xca, 0xfe,
    0x99, 0x88, 0x87, 0x0e, 0xce, 0x8c, 0x8d, 0x35, 0xd4, 0xb8, 0x93, 0x0e,
    0xdc, 0x19, 0x35, 0xea, 0xaf, 0xc5, 0x36, 0xfd, 0xfd, 0xfd, 0xfd, 0xdc,
    0xa3, 0x88, 0xfe, 0xa8, 0x97, 0x99, 0xfe, 0xf2, 0xef, 0xef, 0x17, 0xc0,
    0xfe, 0xda, 0xd3, 0xd4, 0xfe, 0x78, 0x5f, 0x62, 0x36, 0xf5, 0x9c, 0x85,
    0x11, 0xc0, 0xff, 0x33, 0x33, 0x37, 0x3e, 0xff, 0x34, 0x34, 0x34, 0x1e,
    0xff, 0x35, 0x34, 0x37, 0xff, 0xc0, 0xfe, 0x62, 0x4d, 0x50, 0xa8, 0x8e,
    0xe7, 0xa6, 0x87, 0xfe, 0xc5, 0xbb, 0xbc, 0xfe, 0xfe, 0xfe, 0xfe, 0xc1,
    0x87, 0x8c, 0xfe, 0xb4, 0xa5, 0xa7, 0xfe, 0x87, 0x71, 0x73, 0x36, 0xfd,
    0xfd, 0xfd, 0xfd, 0xce, 0x91, 0x4c, 0x9d, 0x78, 0xe1, 0xfe, 0x85, 0x70,
    0x6f, 0xa9, 0x86, 0xe1, 0x92, 0x7b, 0xfe, 0x65, 0x47, 0x45, 0x35, 0xf1,
    0xac, 0x86, 0xfe, 0x97, 0x82, 0x81, 0xfe, 0xcf, 0xc5, 0xc4, 0xfe, 0xfd,
    0xfc, 0xfc, 0x17, 0xc0, 0x82, 0x8d, 0xfe, 0x87, 0x70, 0x6e, 0x93, 0x99,
    0xb2, 0x84, 0xa4, 0x87, 0xc6, 0xfe, 0x65, 0x46, 0x44, 0x35, 0xd4, 0xfe,
    0x85, 0x6f, 0x6e, 0x0e, 0xdc, 0xfe, 0x72, 0x58, 0x56, 0x35, 0xfd, 0xc0,
    0xb7, 0x93, 0x0e, 0xc6, 0xfe, 0xa8, 0x9a, 0x99, 0xfe, 0xf2, 0xf0, 0xf0,
    0x17, 0xc0, 0x9d, 0x89, 0xfe, 0xd7, 0xd0, 0xd0, 0xfe, 0xaf, 0xa1, 0xa1,
    0xfe, 0x91, 0x7f, 0x7e, 0x0e, 0xcb, 0x8c, 0x8d, 0x35, 0xd4, 0xb8, 0x93,
    0x0e, 0xdc, 0x8e, 0x7c, 0x35, 0xe9, 0xa4, 0x97, 0x36, 0xfd, 0xfd, 0xfd,
    0xfd, 0xda, 0x7f, 0xbf, 0x83, 0xfe, 0xb8, 0xab, 0xac, 0xfe, 0xee, 0xeb,
    0xeb, 0x17, 0xc0, 0x55, 0xfe, 0xbb, 0xae, 0xaf, 0xfe, 0x72, 0x57, 0x5a,
    0x36, 0xf6, 0x9c, 0x85, 0x11, 0xc0, 0xff, 0x33, 0x33, 0x37, 0x3e, 0xff,
    0x34, 0x34, 0x34, 0x1e, 0xff, 0x35, 0x34, 0x37, 0xff, 0xc0, 0xfe, 0x62,
    0x4d, 0x50, 0xa8, 0x8e, 0xe9, 0xfe, 0x93, 0x7f, 0x81, 0xfe, 0xe3, 0xdd,
    0xde, 0xfe, 0xfe, 0xfe, 0xfe, 0xc2, 0x92, 0x8a, 0x85, 0x8c, 0x8f, 0x9b,
    0x99, 0x89, 0x56, 0xfd, 0xfd, 0xfd, 0xfd, 0xca, 0x9c, 0x78, 0x9d, 0x79,
    0xe1, 0xa8, 0x86, 0xad, 0x96, 0xe2, 0x40, 0x93, 0x8b, 0x21, 0xed, 0xa4,
    0x98, 0xae, 0x75, 0xbb, 0x84, 0xba, 0x94, 0x17, 0xc1, 0x95, 0x8a, 0xfe,
    0xb1, 0xa2, 0xa1, 0xfe, 0x87, 0x72, 0x71, 0xa7, 0x86, 0xc9, 0xfe, 0x66,
    0x47, 0x46, 0x9c, 0x78, 0xd4, 0xfe, 0x85, 0x70, 0x6f, 0x0e, 0xdc, 0xfe,
    0x72, 0x58, 0x56, 0x35, 0xfd, 0xc0, 0xb7, 0x83, 0x0e, 0xc7, 0xa7, 0x87,
    0xfe, 0xca, 0xc2, 0xc1, 0xfe, 0xfa, 0xfa, 0xfa, 0x17, 0xc1, 0x40, 0x8b,
    0x8c, 0x8e, 0x8a, 0x98, 0x89, 0x03, 0xc8, 0x98, 0x8a, 0x21, 0xd4, 0xa9,
    0x97, 0x03, 0xdc, 0x99, 0x79, 0x21, 0xe9, 0xa5, 0x97, 0x09, 0xfd, 0xfd,
    0xfd, 0xfd, 0xd7, 0xa2, 0x87, 0xa7, 0x87, 0xb2, 0x75, 0x00, 0x17, 0xc2,
    0x1a, 0xfe, 0x8b, 0x75, 0x78, 0x36, 0xf8, 0x9c, 0x85, 0xfe, 0x35, 0x34,
    0x37, 0xc0, 0xff, 0x33, 0x33, 0x37, 0x3e, 0xff, 0x34, 0x34, 0x34, 0x1e,
    0xff, 0x35, 0x34, 0x37, 0xff, 0xc0, 0xfe, 0x62, 0x4d, 0x50, 0xa8, 0x8e,
    0xeb, 0xfe, 0x99, 0x85, 0x88, 0xfe, 0xd1, 0xc8, 0xc9, 0xfe, 0xfb, 0xfa,
    0xfa, 0xa4, 0x87, 0xfd, 0xfd, 0xfd, 0xfd, 0xfd, 0xfd, 0xd2, 0xfe, 0xe3,
    0xdd, 0xdd, 0xfe, 0xa9, 0x97, 0x96, 0xfe, 0x74, 0x58, 0x56, 0xbe, 0x90,
    0xa3, 0x87, 0xca, 0xfe, 0x66, 0x49, 0x47, 0x9a, 0x8a, 0xd4, 0xfe, 0x85,
    0x70, 0x6f, 0x0e, 0xdc, 0xfe, 0x72, 0x58, 0x56, 0x35, 0xfd, 0xc0, 0xb6,
    0x83, 0x0e, 0xc9, 0xac, 0x86, 0xfe, 0xc5, 0xbb, 0xbb, 0xfe, 0xef, 0xed,
    0xed, 0x17, 0xfd, 0xfd, 0xfd, 0xfd, 0xfd, 0xfd, 0xd2, 0x9a, 0x89, 0xfe,
    0xcb, 0xc1, 0xc2, 0xfe, 0x91, 0x7d, 0x7f, 0x36, 0xfa, 0x9c, 0x85, 0x11,
    0xc0, 0xff, 0x33, 0x33, 0x37, 0x3e, 0xff, 0x34, 0x34, 0x34, 0x1e, 0xff,
    0x35, 0x34, 0x37, 0xff, 0xc0, 0xfe, 0x62, 0x4d, 0x50, 0xa8, 0x8e, 0xed,
    0xa8, 0x87, 0xfe, 0x98, 0x85, 0x87, 0xfe, 0xb4, 0xa6, 0xa8, 0xb9, 0x74,
    0xac, 0x86, 0xa8, 0x77, 0xa1, 0x98, 0xfd, 0xfd, 0xfd, 0xfd, 0xca, 0x59,
    0x9b, 0x8a, 0xe2, 0xa6, 0x87, 0xa8, 0x86, 0xe4, 0x41, 0x03, 0x0e, 0xea,
    0x9a, 0x89, 0x96, 0x8a, 0x87, 0x7c, 0x81, 0x8d, 0xfe, 0x76, 0x5a, 0x59,
    0x89, 0x7b, 0xc0, 0xb7, 0x83, 0xbf, 0x91, 0xcb, 0xfe, 0x67, 0x4a, 0x48,
    0x35, 0xd4, 0xfe, 0x85, 0x70, 0x6f, 0x0e, 0xdc, 0xfe, 0x72, 0x57, 0x56,
    0x35, 0xfd, 0xc0, 0xb6, 0x83, 0x0e, 0xcc, 0xb5, 0x85, 0xbf, 0x83, 0xb5,
    0x85, 0xb1, 0x96, 0xa7, 0x88, 0x0b, 0xc8, 0x9b, 0x89, 0x97, 0x8a, 0xd4,
    0xa7, 0x76, 0x0b, 0xdc, 0x07, 0x0e, 0xe8, 0xa3, 0x87, 0xa2, 0x98, 0xfd,
    0xfd, 0xfd, 0xfd, 0xd8, 0x03, 0x98, 0x99, 0x91, 0x8b, 0x86, 0x9c, 0xfe,
    0x94, 0x7f, 0x82, 0xfe, 0x74, 0x5a, 0x5d, 0x36, 0xfc, 0x9c, 0x85, 0x11,
    0xc0, 0xff, 0x33, 0x33, 0x37, 0x3e, 0xff, 0x34, 0x34, 0x34, 0x1e, 0xff,
    0x35, 0x34, 0x37, 0xff, 0xc0, 0xfe, 0x62, 0x4d, 0x50, 0xa8, 0x8e, 0xfd,
    0xfd, 0xfd, 0xfd, 0xfd, 0xc2, 0x92, 0x4b, 0x9c, 0x79, 0xe1, 0xa2, 0x88,
    0xfe, 0x89, 0x75, 0x74, 0xa4, 0x87, 0xe4, 0x55, 0x8a, 0x8e, 0x13, 0x35,
    0xeb, 0xa3, 0x87, 0xae, 0x85, 0xad, 0x85, 0xab, 0x96, 0xaa, 0x86, 0x0e,
    0xcb, 0xfe, 0x69, 0x4c, 0x4a, 0x35, 0xd4, 0xfe, 0x85, 0x70, 0x6f, 0x0e,
    0xdc, 0xfe, 0x72, 0x57, 0x56, 0x35, 0xfd, 0xc0, 0xb5, 0x94, 0x0e, 0xdb,
    0x8c, 0x8d, 0x35, 0xd4, 0xb9, 0x83, 0x0e, 0xdc, 0x8d, 0x8c, 0x35, 0xe8,
    0xb0, 0xc4, 0x36, 0xfd, 0xfd, 0xfd, 0xfd, 0xfd, 0xde, 0x9c, 0x85, 0x11,
    0xc0, 0xff, 0x33, 0x33, 0x37, 0x3e, 0xff, 0x34, 0x34, 0x34, 0x1e, 0xff,
    0x35, 0x34, 0x37, 0xff, 0xc0, 0xfe, 0x62, 0x4d, 0x50, 0xa8, 0x8e, 0xfd,
    0xfd, 0xfd, 0xfd, 0xfd, 0xc2, 0x97, 0x5a, 0x97, 0x6a, 0xe2, 0xbb, 0x92,
    0xbb, 0x82, 0xe6, 0x99, 0x89, 0xfe, 0x6f, 0x53, 0x52, 0x35, 0xe7, 0x7f,
    0xb2, 0x83, 0xb4, 0x94, 0xae, 0x85, 0x0e, 0xcf, 0xfe, 0x6b, 0x4e, 0x4d,
    0x35, 0xd4, 0xfe, 0x86, 0x71, 0x6f, 0x0e, 0xdc, 0xfe, 0x71, 0x57, 0x55,
    0x35, 0xfd, 0xc0, 0xb5, 0x83, 0x0e, 0xdb, 0x8c, 0x8d, 0x35, 0xd4, 0xb9,
    0x83, 0x0e, 0xdc, 0x8d, 0x8c, 0x35, 0xe7, 0xa5, 0x97, 0x36, 0xfd, 0xfd,
    0xfd, 0xfd, 0xfd, 0xdf, 0x9c, 0x85, 0x11, 0xc0, 0xff, 0x33, 0x33, 0x37,
    0x3e, 0xff, 0x34, 0x34, 0x34, 0x1e, 0xff, 0x35, 0x34, 0x37, 0xff, 0xc0,
    0xfe, 0x62, 0x4d, 0x50, 0xa8, 0x8e, 0xfd, 0xfd, 0xfd, 0xfd, 0xfd, 0xc2,
    0x9b, 0x79, 0x93, 0x4b, 0xe2, 0xa4, 0x87, 0xfe, 0x8b, 0x77, 0x76, 0xa2,
    0x87, 0xe7, 0x99, 0x89, 0x8a, 0x7e, 0x2a, 0x35, 0xe0, 0xa3, 0x87, 0xa7,
    0x97, 0xab, 0x75, 0xad, 0x96, 0xb0, 0x84, 0x0e, 0xd2, 0xfe, 0x6d, 0x51,
    0x4f, 0x35, 0xd4, 0xfe, 0x86, 0x71, 0x6f, 0x0e, 0xdc, 0xfe, 0x71, 0x57,
    0x55, 0x35, 0xfd, 0xc0, 0x0d, 0x0e, 0xdb, 0x05, 0x35, 0xd4, 0x09, 0x0e,
    0xdc, 0x8d, 0x8c, 0x35, 0xe7, 0xad, 0xb5, 0x36, 0xfd, 0xfd, 0xfd, 0xfd,
    0xfd, 0xdf, 0x9c, 0x85, 0x11, 0xc0, 0xff, 0x33, 0x33, 0x37, 0x3e, 0xff,
    0x34, 0x34, 0x34, 0x1e, 0xff, 0x35, 0x34, 0x37, 0xff, 0xc0, 0xfe, 0x62,
    0x4d, 0x50, 0xa8, 0x8e, 0xfd, 0xfd, 0xfd, 0xfd, 0xfd, 0xc2, 0x55, 0x90,
    0x2c, 0x65, 0xe2, 0xbf, 0x81, 0xb7, 0x93, 0xe9, 0x55, 0x91, 0x8c, 0x8e,
    0x7b, 0x8f, 0x8d, 0x35, 0xd7, 0xa3, 0x87, 0xaa, 0x96, 0xaa, 0x76, 0xa8,
    0x97, 0xa9, 0x85, 0xa9, 0x86, 0x0e, 0xd7, 0xfe, 0x6f, 0x53, 0x52, 0x35,
    0xd4, 0xfe, 0x86, 0x71, 0x6f, 0x0e, 0xdc, 0xfe, 0x71, 0x56, 0x55, 0x35,
    0xfd, 0xc0, 0xb4, 0x94, 0x0e, 0xdb, 0x8c, 0x8d, 0x35, 0xd4, 0xb9, 0x83,
    0x0e, 0xdc, 0x8d, 0x8c, 0x35, 0xe6, 0xa2, 0x98, 0x36, 0xfd, 0xfd, 0xfd,
    0xfd, 0xfd, 0xe0, 0x9c, 0x85, 0xfe, 0x35, 0x34, 0x37, 0xc0, 0xff, 0x33,
    0x33, 0x37, 0x3e, 0xff, 0x34, 0x34, 0x34, 0x1e, 0xff, 0x35, 0x34, 0x37,
    0xff, 0xc0, 0xfe, 0x62, 0x4d, 0x50, 0xa8, 0x8e, 0xfd, 0xfd, 0xfd, 0xfd,
    0xfd, 0xc3, 0x93, 0x4b, 0x9b, 0x79, 0xe2, 0xa7, 0x86, 0xfe, 0x8b, 0x78,
    0x77, 0x7f, 0xeb, 0x3f, 0x95, 0x8b, 0x92, 0x7b, 0x92, 0x9b, 0x95, 0x7b,
    0x9d, 0x88, 0xce, 0xa4, 0x87, 0xa9, 0x96, 0xab, 0x76, 0xaa, 0x96, 0xac,
    0x75, 0x3f, 0x0e, 0xdc, 0xfe, 0x70, 0x56, 0x54, 0x35, 0xd4, 0x21, 0x0e,
    0xdc, 0xfe, 0x71, 0x56, 0x55, 0x35, 0xfd, 0xc0, 0xb4, 0x94, 0x0e, 0xdb,
    0x05, 0x35, 0xd4, 0xba, 0x82, 0x0e, 0xdc, 0x8d, 0x8c, 0x35, 0xe6, 0xaa,
    0xa6, 0x36, 0xfd, 0xfd, 0xfd, 0xfd, 0xfd, 0xe0, 0x9c, 0x85, 0xfe, 0x35,
    0x34, 0x37, 0xc0, 0xff, 0x33, 0x33, 0x37, 0x3e, 0xff, 0x34, 0x34, 0x34,
    0x1e, 0xff, 0x35, 0x34, 0x37, 0xff, 0xc0, 0xfe, 0x62, 0x4d, 0x50, 0xa8,
    0x8e, 0xfd, 0xfd, 0xfd, 0xfd, 0xfd, 0xc3, 0x97, 0x6a, 0x97, 0x5a, 0xe3,
    0xfe, 0x7d, 0x66, 0x65, 0xb3, 0x84, 0xf0, 0x99, 0x89, 0x97, 0x8b, 0x99,
    0x8a, 0x9a, 0x79, 0x9c, 0x88, 0x9c, 0x89, 0x9d, 0x89, 0xc1, 0xa2, 0x98,
    0xa3, 0x87, 0xa4, 0x77, 0xa5, 0x87, 0xa6, 0x86, 0xa7, 0x97, 0xa8, 0x86,
    0x0e, 0xe2, 0xfe, 0x72, 0x57, 0x56, 0x35, 0xd4, 0xfe, 0x86, 0x71, 0x70,
    0x0e, 0xdc, 0xfe, 0x70, 0x56, 0x54, 0x35, 0xfd, 0xc0, 0xb4, 0x83, 0x0e,
    0xdb, 0x8c, 0x8d, 0x35, 0xd4, 0xba, 0x82, 0x0e, 0xdc, 0x05, 0x35, 0xe5,
    0x6f, 0xaf, 0xe5, 0x36, 0xfd, 0xfd, 0xfd, 0xfd, 0xfd, 0xe0, 0x9c, 0x85,
    0xfe, 0x35, 0x34, 0x37, 0xc0, 0xff, 0x33, 0x33, 0x37, 0x3e, 0xff, 0x34,
    0x34, 0x34, 0x1e, 0xff, 0x35, 0x34, 0x37, 0xff, 0xc0, 0xfe, 0x62, 0x4d,
    0x50, 0xa8, 0x8e, 0xfd, 0xfd, 0xfd, 0xfd, 0xfd, 0xc3, 0x9c, 0x79, 0x92,
    0x4b, 0xe3, 0xa8, 0x86, 0xfe, 0x89, 0x75, 0x74, 0xa4, 0x87, 0xfd, 0xe5,
    0x81, 0x7f, 0x35, 0xd4, 0xfe, 0x86, 0x71, 0x70, 0x0e, 0xdc, 0xfe, 0x70,
    0x56, 0x54, 0x35, 0xfd, 0xc0, 0xb4, 0x83, 0x0e, 0xdb, 0x8c, 0x8d, 0x35,
    0xd4, 0xba, 0x82, 0x0e, 0xdc, 0x05, 0x35, 0xe5, 0xa6, 0xa7, 0x36, 0xfd,
    0xfd, 0xfd, 0xfd, 0xfd, 0xe1, 0x9c, 0x85, 0xfe, 0x35, 0x34, 0x37, 0xc0,
    0xff, 0x33, 0x33, 0x37, 0x3e, 0xff, 0x34, 0x34, 0x34, 0x1e, 0xff, 0x35,
    0x34, 0x37, 0xff, 0xc0, 0xfe, 0x62, 0x4d, 0x50, 0xa8, 0x8e, 0xfd, 0xfd,
    0xfd, 0xfd, 0xfd, 0xc4, 0x8f, 0x3c, 0x55, 0xe3, 0xac, 0x85, 0xfe, 0x8a,
    0x76, 0x75, 0xa3, 0x87, 0xfd, 0xe4, 0x83, 0x7f, 0x35, 0xd4, 0xfe, 0x86,
    0x71, 0x70, 0x0e, 0xdc, 0xfe, 0x70, 0x55, 0x53, 0x35, 0xfd, 0xc0, 0xb3,
    0x94, 0x0e, 0xdb, 0x8c, 0x8d, 0x35, 0xd4, 0xba, 0x82, 0x0e, 0xdc, 0x05,
    0x35, 0xe5, 0xae, 0xc5, 0x36, 0xfd, 0xfd, 0xfd, 0xfd, 0xfd, 0xe1, 0x9c,
    0x85, 0xfe, 0x35, 0x34, 0x37, 0xc0, 0xff, 0x33, 0x33, 0x37, 0x3e, 0xff,
    0x34, 0x34, 0x34, 0x1e, 0xff, 0x35, 0x34, 0x37, 0xff, 0xc0, 0xfe, 0x62,
    0x4d, 0x50, 0xa8, 0x8e, 0xfd, 0xfd, 0xfd, 0xfd, 0xfd, 0xc4, 0x93, 0x4b,
    0x9b, 0x79, 0xe4, 0xae, 0x85, 0xfe, 0x8b, 0x77, 0x76, 0xa2, 0x87, 0xfd,
    0xe3, 0x84, 0x7e, 0x35, 0xd4, 0xfe, 0x86, 0x72, 0x71, 0x0e, 0xdc, 0xfe,
    0x70, 0x55, 0x53, 0x35, 0xfd, 0xc0, 0xb3, 0x83, 0x0e, 0xdb, 0x8c, 0x8d,
    0x35, 0xd4, 0x11, 0x0e, 0xdc, 0x05, 0x35, 0xe4, 0xa3, 0x98, 0x36, 0xfd,
    0xfd, 0xfd, 0xfd, 0xfd, 0xe2, 0x9c, 0x85, 0xfe, 0x35, 0x34, 0x37, 0xc0,
    0xff, 0x33, 0x33, 0x37, 0x3e, 0xff, 0x34, 0x34, 0x34, 0x1e, 0xff, 0x35,
    0x34, 0x37, 0xff, 0xc0, 0xfe, 0x62, 0x4d, 0x50, 0xa8, 0x8e, 0xfd, 0xfd,
    0xfd, 0xfd, 0xfd, 0xc4, 0x98, 0x6a, 0x96, 0x5a, 0xe5, 0xaf, 0x85, 0xfe,
    0x8b, 0x77, 0x76, 0xa2, 0x87, 0xfd, 0xe2, 0x83, 0x7f, 0x35, 0xd4, 0xfe,
    0x86, 0x72, 0x71, 0x0e, 0xdc, 0xfe, 0x70, 0x55, 0x53, 0x35, 0xfd, 0xc0,
    0xb3, 0x83, 0x0e, 0xdb, 0x8c, 0x8d, 0x35, 0xd4, 0xba, 0x92, 0x0e, 0xdc,
    0x05, 0x35, 0xe4, 0xab, 0xb5, 0x36, 0xfd, 0xfd, 0xfd, 0xfd, 0xfd, 0xe2,
    0x9c, 0x85, 0x11, 0xc0, 0xff, 0x33, 0x33, 0x37, 0x3e, 0xff, 0x34, 0x34,
    0x34, 0x1e, 0xff, 0x35, 0x34, 0x37, 0xff, 0xc0, 0xfe, 0x62, 0x4d, 0x50,
    0xa8, 0x8e, 0xfd, 0xfd, 0xfd, 0xfd, 0xfd, 0xc4, 0x9d, 0x78, 0x91, 0x4c,
    0xe6, 0xaf, 0x85, 0xfe, 0x8b, 0x77, 0x76, 0xa2, 0x87, 0xfd, 0xe1, 0x83,
    0x7f, 0x35, 0xd4, 0xfe, 0x86, 0x72, 0x71, 0x0e, 0xdc, 0xfe, 0x70, 0x54,
    0x53, 0x35, 0xfd, 0xc0, 0xb2, 0x84, 0x0e, 0xdb, 0x8c, 0x8d, 0x35, 0xd4,
    0xba, 0x92, 0x0e, 0xdc, 0x8c, 0x7c, 0x35, 0xe3, 0x7f, 0xb0, 0xd4, 0x36,
    0xfd, 0xfd, 0xfd, 0xfd, 0xfd, 0xe2, 0x9c, 0x85, 0x11, 0xc0, 0xff, 0x33,
    0x33, 0x37, 0x3e, 0xff, 0x34, 0x34, 0x34, 0x1e, 0xff, 0x35, 0x34, 0x37,
    0xff, 0xc0, 0xfe, 0x62, 0x4d, 0x50, 0xa8, 0x8e, 0xfd, 0xfd, 0xfd, 0xfd,
    0xfd, 0xc5, 0x8f, 0x3c, 0x55, 0xe6, 0xb0, 0x84, 0xfe, 0x8b, 0x77, 0x76,
    0xa2, 0x87, 0xfd, 0xe0, 0x82, 0x7f, 0x35, 0xd4, 0xfe, 0x86, 0x72, 0x71,
    0x0e, 0xdc, 0xfe, 0x70, 0x54, 0x53, 0x35, 0xfd, 0xc0, 0xb2, 0x84, 0x0e,
    0xdb, 0x8c, 0x8d, 0x35, 0xd4, 0xba, 0x92, 0x0e, 0xdc, 0x8c, 0x7c, 0x35,
    0xe3, 0xa8, 0x96, 0x36, 0xfd, 0xfd, 0xfd, 0xfd, 0xfd, 0xe3, 0x9c, 0x85,
    0x11, 0xc0, 0xff, 0x33, 0x33, 0x37, 0x3e, 0xff, 0x34, 0x34, 0x34, 0x1e,
    0xff, 0x35, 0x34, 0x37, 0xff, 0xc0, 0xfe, 0x62, 0x4d, 0x50, 0xa8, 0x8e,
    0xfd, 0xfd, 0xfd, 0xfd, 0xfd, 0xc5, 0x94, 0x4b, 0x9a, 0x79, 0xe7, 0xad,
    0x85, 0xfe, 0x8a, 0x76, 0x75, 0xa3, 0x87, 0xfd, 0xdf, 0xfe, 0x72, 0x57,
    0x56, 0x35, 0xd4, 0xfe, 0x87, 0x72, 0x71, 0x0e, 0xdc, 0xfe, 0x6f, 0x54,
    0x52, 0x35, 0xfd, 0xc0, 0xb1, 0x95, 0x0e, 0xdb, 0x8c, 0x8d, 0x35, 0xd4,
    0xba, 0x92, 0x0e, 0xdc, 0x8c, 0x7c, 0x35, 0xe3, 0xaf, 0xc5, 0x36, 0xfd,
    0xfd, 0xfd, 0xfd, 0xfd, 0xe3, 0x9c, 0x85, 0x11, 0xc0, 0xff, 0x33, 0x33,
    0x37, 0x3e, 0xff, 0x34, 0x34, 0x34, 0x1e, 0xff, 0x35, 0x34, 0x37, 0xff,
    0xc0, 0xfe, 0x62, 0x4d, 0x50, 0xa8, 0x8e, 0xfd, 0xfd, 0xfd, 0xfd, 0xfd,
    0xc5, 0x99, 0x59, 0x95, 0x6b, 0xe8, 0xaa, 0x96, 0xfe, 0x88, 0x74, 0x73,
    0xa5, 0x87, 0xfd, 0xde, 0xfe, 0x6d, 0x51, 0x4f, 0x35, 0xd4, 0xfe, 0x87,
    0x72, 0x71, 0x0e, 0xdc, 0xfe, 0x6f, 0x53, 0x52, 0x35, 0xfd, 0xc0, 0xb1,
    0x95, 0x0e, 0xdb, 0x8c, 0x8d, 0x35, 0xd4, 0xba, 0x92, 0x0e, 0xdc, 0x8b,
    0x8d, 0x35, 0xe2, 0xa4, 0x97, 0xae, 0xc5, 0xfd, 0xfd, 0xfd, 0xfd, 0xfd,
    0xe4, 0x9c, 0x85, 0x11, 0xc0, 0xff, 0x33, 0x33, 0x37, 0x3e, 0xff, 0x34,
    0x34, 0x34, 0x1e, 0xff, 0x35, 0x34, 0x37, 0xff, 0xc0, 0xfe, 0x62, 0x4d,
    0x50, 0xa8, 0x8e, 0xfd, 0xfd, 0xfd, 0xfd, 0xfd, 0xc5, 0x9d, 0x79, 0x91,
    0x4b, 0xe9, 0xa6, 0x87, 0xfe, 0x85, 0x70, 0x6f, 0xa9, 0x86, 0xfd, 0xdd,
    0xfe, 0x66, 0x48, 0x46, 0x35, 0xd4, 0xfe, 0x87, 0x72, 0x71, 0x0e, 0xdc,
    0xfe, 0x6f, 0x53, 0x52, 0x35, 0xfd, 0xc0, 0xb1, 0x84, 0x0e, 0xdb, 0x8d,
    0x8c, 0x35, 0xd4, 0xba, 0x92, 0x0e, 0xdc, 0x8b, 0x8d, 0x35, 0xe2, 0xac,
    0xb5, 0xa6, 0xa7, 0xfd, 0xfd, 0xfd, 0xfd, 0xfd, 0xe4, 0x9c, 0x85, 0x11,
    0xc0, 0xff, 0x33, 0x33, 0x37, 0x3e, 0xff, 0x34, 0x34, 0x34, 0x1e, 0xff,
    0x35, 0x34, 0x37, 0xff, 0xc0, 0xfe, 0x62, 0x4d, 0x50, 0xa8, 0x8e, 0xfd,
    0xfd, 0xfd, 0xfd, 0xfd, 0xc6, 0x90, 0x3c, 0x40, 0xe9, 0xa3, 0x87, 0xfe,
    0x80, 0x69, 0x68, 0xb0, 0x84, 0xfd, 0xdb, 0x99, 0x89, 0x35, 0xd5, 0xfe,
    0x87, 0x72, 0x71, 0x0e, 0xdc, 0xfe, 0x6f, 0x53, 0x52, 0x35, 0xfd, 0xc0,
    0x13, 0x0e, 0xdb, 0x8d, 0x8c, 0x35, 0xd4, 0xbb, 0x82, 0x0e, 0xdc, 0x8b,
    0x8d, 0x35, 0xe1, 0xa2, 0x87, 0xaf, 0xd6, 0x7e, 0xfd, 0xfd, 0xfd, 0xfd,
    0xfd, 0xe4, 0x9c, 0x85, 0x11, 0xc0, 0xff, 0x33, 0x33, 0x37, 0x3e, 0xff,
    0x34, 0x34, 0x34, 0x1e, 0xff, 0x35, 0x34, 0x37, 0xff, 0xc0, 0xfe, 0x62,
    0x4d, 0x50, 0xa8, 0x8e, 0xfd, 0xfd, 0xfd, 0xfd, 0xfd, 0xc6, 0x95, 0x4a,
    0x99, 0x7a, 0xeb, 0xbc, 0x82, 0xb9, 0x92, 0x7f, 0xfd, 0xd9, 0x88, 0x7d,
    0x35, 0xd5, 0xfe, 0x87, 0x73, 0x72, 0x0e, 0xdc, 0xfe, 0x6e, 0x53, 0x51,
    0x35, 0xfd, 0xc0, 0xb0, 0x95, 0x0e, 0xdb, 0x8d, 0x8c, 0x35, 0xd4, 0xbb,
    0x82, 0x0e, 0xdc, 0x8b, 0x8d, 0x35, 0xe1, 0xa9, 0xa6, 0xa9, 0xb6, 0xfd,
    0xfd, 0xfd, 0xfd, 0xfd, 0xe5, 0x9c, 0x85, 0x11, 0xc0, 0xff, 0x33, 0x33,
    0x37, 0x3e, 0xff, 0x34, 0x34, 0x34, 0x1e, 0xff, 0x35, 0x34, 0x37, 0xff,
    0xc0, 0xfe, 0x62, 0x4d, 0x50, 0xa8, 0x8e, 0xfd, 0xfd, 0xfd, 0xfd, 0xfd,
    0xc6, 0x99, 0x6a, 0x95, 0x5a, 0xec, 0xb0, 0x84, 0xfe, 0x89, 0x75, 0x74,
    0xa4, 0x87, 0xfd, 0xd7, 0x55, 0xfe, 0x68, 0x4a, 0x49, 0x35, 0xd5, 0xfe,
    0x87, 0x73, 0x72, 0x0e, 0xdc, 0x09, 0x35, 0xfd, 0xc0, 0x09, 0x0e, 0xdb,
    0x8d, 0x8c, 0x35, 0xd4, 0xbb, 0x82, 0x0e, 0xdc, 0x8b, 0x7c, 0x35, 0xe1,
    0xb0, 0xc4, 0x36, 0xfd, 0xfd, 0xfd, 0xfd, 0xfd, 0xe5, 0x9c, 0x85, 0x11,
    0xc0, 0xff, 0x33, 0x33, 0x37, 0x3e, 0xff, 0x34, 0x34, 0x34, 0x1e, 0xff,
    0x35, 0x34, 0x37, 0xff, 0xc0, 0xfe, 0x62, 0x4d, 0x50, 0xa8, 0x8e, 0xfd,
    0xfd, 0xfd, 0xfd, 0xfd, 0xc6, 0x9e, 0x78, 0x90, 0x4c, 0xed, 0xa5, 0x87,
    0xfe, 0x7f, 0x68, 0x67, 0xb1, 0x84, 0xfd, 0xd6, 0x88, 0x7d, 0x35, 0xd6,
    0xfe, 0x87, 0x73, 0x72, 0x0e, 0xdc, 0xfe, 0x6e, 0x52, 0x50, 0x35, 0xfd,
    0xc0, 0xb0, 0x84, 0x0e, 0xdb, 0x8d, 0x8c, 0x35, 0xd4, 0xbb, 0x92, 0x0e,
    0xdc, 0x8b, 0x7c, 0x35, 0xe0, 0xa5, 0xa7, 0x36, 0xfd, 0xfd, 0xfd, 0xfd,
    0xfd, 0xe6, 0x9c, 0x85, 0x11, 0xc0, 0xff, 0x33, 0x33, 0x37, 0x3e, 0xff,
    0x34, 0x34, 0x34, 0x1e, 0xff, 0x35, 0x34, 0x37, 0xff, 0xc0, 0xfe, 0x62,
    0x4d, 0x50, 0xa8, 0x8e, 0xfd, 0xfd, 0xfd, 0xfd, 0xfd, 0xc7, 0x91, 0x3b,
    0x9d, 0x89, 0xee, 0xb4, 0x94, 0xbe, 0x81, 0xa4, 0x87, 0xfd, 0xd3, 0x93,
    0x8b, 0xfe, 0x63, 0x44, 0x42, 0x35, 0xd6, 0xfe, 0x87, 0x73, 0x72, 0x0e,
    0xdc, 0xfe, 0x6e, 0x52, 0x50, 0x35, 0xfd, 0xc0, 0x01, 0x0e, 0xdb, 0x8d,
    0x8c, 0x35, 0xd4, 0xbb, 0x92, 0x0e, 0xdc, 0x8b, 0x7c, 0x35, 0xe0, 0xad,
    0xb5, 0x36, 0xfd, 0xfd, 0xfd, 0xfd, 0xfd, 0xe6, 0x9c, 0x85, 0x11, 0xc0,
    0xff, 0x33, 0x33, 0x37, 0x3e, 0xff, 0x34, 0x34, 0x34, 0x1e, 0xff, 0x35,
    0x34, 0x37, 0xff, 0xc0, 0xfe, 0x62, 0x4d, 0x50, 0xa8, 0x8e, 0xfd, 0xfd,
    0xfd, 0xfd, 0xfd, 0xc7, 0x95, 0x5b, 0x99, 0x69, 0xef, 0xa4, 0x87, 0xbd,
    0x81, 0xb4, 0x94, 0x7f, 0xfd, 0xd0, 0x90, 0x8c, 0xfe, 0x64, 0x45, 0x43,
    0x35, 0xd7, 0xfe, 0x88, 0x73, 0x72, 0x0e, 0xdc, 0xfe, 0x6d, 0x51, 0x50,
    0x92, 0x7b, 0xfd, 0xc0, 0xae, 0x95, 0x0e, 0xdb, 0x8d, 0x8c, 0xfe, 0x62,
    0x43, 0x41, 0xd4, 0xbb, 0x92, 0x0e, 0xdc, 0x2c, 0x35, 0xdf, 0xa2, 0x98,
    0x36, 0xfd, 0xfd, 0xfd, 0xfd, 0xfd, 0xe7, 0x9c, 0x85, 0x11, 0xc0, 0xff,
    0x33, 0x33, 0x37, 0x3e, 0xff, 0x34, 0x34, 0x34, 0x1e, 0xff, 0x35, 0x34,
    0x37, 0xff, 0xc0, 0xfe, 0x62, 0x4d, 0x50, 0xa8, 0x8e, 0xfd, 0xfd, 0xfd,
    0xfd, 0xfd, 0xc7, 0x9a, 0x69, 0x94, 0x5b, 0xf1, 0xab, 0x86, 0xbd, 0x81,
    0xae, 0x95, 0xfd, 0xcd, 0x9c, 0x89, 0x85, 0x8e, 0x35, 0xd9, 0xfe, 0x86,
    0x72, 0x71, 0x0e, 0xdc, 0xfe, 0x6d, 0x51, 0x50, 0x92, 0x7b, 0xfd, 0xc0,
    0xae, 0x95, 0x0e, 0xdb, 0x8d, 0x8c, 0xfe, 0x62, 0x43, 0x41, 0xd4, 0xba,
    0x82, 0x0e, 0xdc, 0x8b, 0x7c, 0x35, 0xdf, 0xaa, 0xa6, 0x36, 0xfd, 0xfd,
    0xfd, 0xfd, 0xfd, 0xe7, 0x9c, 0x85, 0xfe, 0x35, 0x34, 0x37, 0xc0, 0xff,
    0x33, 0x33, 0x37, 0x3e, 0xff, 0x34, 0x34, 0x34, 0x1e, 0xff, 0x35, 0x34,
    0x37, 0xff, 0xc0, 0xfe, 0x62, 0x4d, 0x50, 0xa8, 0x8e, 0xfd, 0xfd, 0xfd,
    0xfd, 0xfd, 0xc7, 0x41, 0x90, 0x3b, 0xf3, 0xae, 0x95, 0xbd, 0x71, 0xab,
    0x96, 0xfd, 0xc8, 0x55, 0x91, 0x8c, 0x8c, 0x7c, 0x8f, 0x8c, 0x55, 0xda,
    0xfe, 0x84, 0x6e, 0x6d, 0x0e, 0xdc, 0xfe, 0x6d, 0x51, 0x4f, 0x35, 0xfd,
    0xc0, 0x32, 0x0e, 0xdb, 0x8d, 0x8c, 0x35, 0xd4, 0xb7, 0x83, 0x0e, 0xdc,
    0x8a, 0x8d, 0x35, 0xde, 0x6f, 0x1f, 0x36, 0xfd, 0xfd, 0xfd, 0xfd, 0xfd,
    0xe7, 0x9c, 0x85, 0x11, 0xc0, 0xff, 0x33, 0x33, 0x37, 0x3e, 0xff, 0x34,
    0x34, 0x34, 0x1e, 0xff, 0x35, 0x34, 0x37, 0xff, 0xc0, 0xfe, 0x62, 0x4d,
    0x50, 0xa8, 0x8e, 0xfd, 0xfd, 0xfd, 0xfd, 0xfd, 0xc8, 0x95, 0x5b, 0x99,
    0x69, 0xf4, 0xaf, 0x85, 0xb9, 0x82, 0xae, 0x95, 0xfd, 0xc4, 0x96, 0x8b,
    0x8c, 0x8c, 0x8d, 0x7c, 0x35, 0xdd, 0xfe, 0x81, 0x6b, 0x69, 0xae, 0x95,
    0xdc, 0xfe, 0x6d, 0x51, 0x4f, 0x35, 0xfd, 0xc0, 0xad, 0x95, 0x0e, 0xdb,
    0x8d, 0x8c, 0x35, 0xd4, 0xb4, 0x83, 0x0e, 0xdc, 0x8a, 0x8d, 0x35, 0xde,
    0xa6, 0xa7, 0x36, 0xfd, 0xfd, 0xfd, 0xfd, 0xfd, 0xe8, 0x9c, 0x85, 0x11,
    0xc0, 0xff, 0x33, 0x33, 0x37, 0x3e, 0xff, 0x34, 0x34, 0x34, 0x1e, 0xff,
    0x35, 0x34, 0x37, 0xff, 0xc0, 0xfe, 0x62, 0x4d, 0x50, 0xa8, 0x8e, 0xfd,
    0xfd, 0xfd, 0xfd, 0xfd, 0xc8, 0x9e, 0x78, 0x90, 0x4c, 0xf6, 0xab, 0x86,
    0xb7, 0x93, 0xb2, 0x84, 0xa2, 0x87, 0xfc, 0x55, 0x90, 0x8c, 0x86, 0x8e,
    0x35, 0xe0, 0xfe, 0x7e, 0x67, 0x66, 0x0e, 0xdc, 0xfe, 0x6c, 0x50, 0x4f,
    0x35, 0xfd, 0xc0, 0x26, 0x0e, 0xdb, 0x8d, 0x8c, 0x35, 0xd4, 0xb0, 0x95,
    0x0e, 0xdc, 0x8a, 0x8d, 0x35, 0xde, 0xae, 0xc5, 0x36, 0xfd, 0xfd, 0xfd,
    0xfd, 0xfd, 0xe8, 0x9c, 0x85, 0x11, 0xc0, 0xff, 0x33, 0x33, 0x37, 0x3e,
    0xff, 0x34, 0x34, 0x34, 0x1e, 0xff, 0x35, 0x34, 0x37, 0xff, 0xc0, 0xfe,
    0x62, 0x4d, 0x50, 0xa8, 0x8e, 0xfd, 0xfd, 0xfd, 0xfd, 0xfd, 0xc9, 0x95,
    0x4a, 0x99, 0x7a, 0xf7, 0xa3, 0x88, 0xb2, 0x83, 0xae, 0x95, 0xab, 0x76,
    0xa7, 0x96, 0x7f, 0xf7, 0x21, 0xfe, 0x6c, 0x50, 0x4e, 0x35, 0xe2, 0xad,
    0x95, 0xa6, 0x87, 0xb5, 0x83, 0x0e, 0xda, 0x26, 0x35, 0xfd, 0xc0, 0x23,
    0x0e, 0xdb, 0x0d, 0x35, 0xd4, 0xa6, 0x86, 0xab, 0x97, 0xaa, 0x85, 0x0e,
    0xda, 0x8a, 0x8d, 0x35, 0xdd, 0xa3, 0x98, 0x36, 0xfd, 0xfd, 0xfd, 0xfd,
    0xfd, 0xe9, 0x9c, 0x85, 0xfe, 0x35, 0x34, 0x37, 0xc0, 0xff, 0x33, 0x33,
    0x37, 0x3e, 0xff, 0x34, 0x34, 0x34, 0x1e, 0xff, 0x35, 0x34, 0x37, 0xff,
    0xc0, 0xfe, 0x62, 0x4d, 0x50, 0xa8, 0x8e, 0xfd, 0xfd, 0xfd, 0xfd, 0xfd,
    0xc9, 0x9d, 0x89, 0x91, 0x3b, 0xfb, 0xa3, 0x88, 0xad, 0x95, 0xad, 0x74,
    0xaa, 0x96, 0xab, 0x86, 0xa4, 0x87, 0xf1, 0x55, 0x8c, 0x8d, 0x81, 0x7f,
    0x35, 0xe5, 0xb3, 0x83, 0x0e, 0xda, 0xfe, 0x6c, 0x50, 0x4f, 0x35, 0xfd,
    0xc0, 0xa3, 0x87, 0xaa, 0x86, 0x26, 0xc0, 0x6f, 0x7a, 0x6f, 0xc0, 0x7e,
    0x7b, 0xc0, 0x6e, 0x7b, 0x6e, 0xc0, 0x2f, 0x7b, 0x6e, 0xc0, 0x7b, 0x6e,
    0xc0, 0x7b, 0x6e, 0x7f, 0xc0, 0x7a, 0x6f, 0x7a, 0xc0, 0x13, 0x90, 0x7b,
    0xd7, 0xfe, 0x8b, 0x77, 0x76, 0x0e, 0xd9, 0x8a, 0x8d, 0x35, 0xdd, 0xab,
    0xb5, 0xa7, 0xa7, 0xfd, 0xfd, 0xfd, 0xfd, 0xfd, 0xe9, 0x9c, 0x85, 0x11,
    0xc0, 0xff, 0x33, 0x33, 0x37, 0x3e, 0xff, 0x34, 0x34, 0x34, 0x1e, 0xff,
    0x35, 0x34, 0x37, 0xff, 0xc0, 0xfe, 0x62, 0x4d, 0x50, 0xa8, 0x8e, 0xfd,
    0xfd, 0xfd, 0xfd, 0xfd, 0xca, 0x95, 0x4a, 0x99, 0x7a, 0xfd, 0xc1, 0xba,
    0x82, 0xbc, 0x92, 0xec, 0x9d, 0x89, 0x96, 0x8a, 0x95, 0x8b, 0x94, 0x7a,
    0x92, 0x8b, 0x35, 0xe7, 0xa9, 0x86, 0x20, 0xa5, 0x77, 0xa1, 0x97, 0xc1,
    0x56, 0x21, 0x65, 0xc0, 0x56, 0xc0, 0x69, 0x56, 0xc1, 0x59, 0xc0, 0x66,
    0x20, 0x55, 0xc0, 0x55, 0x56, 0x55, 0x5a, 0x50, 0x41, 0x41, 0x88, 0x8d,
    0x35, 0xfd, 0xf8, 0xfe, 0x7b, 0x64, 0x62, 0xab, 0x97, 0xa3, 0x86, 0x6b,
    0x7e, 0x33, 0x2c, 0xc0, 0x21, 0x15, 0xc0, 0x0d, 0x06, 0x3e, 0xc4, 0x2f,
    0xc0, 0x20, 0x45, 0x3a, 0x28, 0x9d, 0x99, 0x1f, 0x9e, 0x77, 0x93, 0x8b,
    0x35, 0xdc, 0x7f, 0xb0, 0xd4, 0x7f, 0xfd, 0xfd, 0xfd, 0xfd, 0xfd, 0xe9,
    0x9c, 0x85, 0xfe, 0x35, 0x34, 0x37, 0xc0, 0xff, 0x33, 0x33, 0x37, 0x3e,
    0xff, 0x34, 0x34, 0x34, 0x1e, 0xff, 0x35, 0x34, 0x37, 0xff, 0xc0, 0xfe,
    0x62, 0x4d, 0x50, 0xa8, 0x8e, 0xf1, 0xa8, 0x87, 0xb9, 0x84, 0xaf, 0x75,
    0xa9, 0x87, 0xa4, 0x87, 0xfd, 0xfd, 0xfd, 0xfd, 0xd1, 0x9e, 0x79, 0x96,
    0x6a, 0xfd, 0xc1, 0xa2, 0x78, 0xbd, 0x91, 0xa4, 0x97, 0xe6, 0x9c, 0x8a,
    0x9b, 0x78, 0x98, 0x8a, 0x91, 0x8b, 0x8d, 0x7b, 0x80, 0x8e, 0x8d, 0x8b,
    0xfd, 0xfd, 0xe1, 0xae, 0x96, 0xbc, 0x73, 0xae, 0x86, 0xa9, 0x97, 0x18,
    0xfd, 0xdb, 0xa6, 0x86, 0x00, 0xfd, 0xfd, 0xfd, 0xfd, 0xe3, 0x9d, 0x89,
    0x97, 0x89, 0x93, 0x8a, 0x86, 0x9d, 0x36, 0xfd, 0xc1, 0x9c, 0x85, 0x11,
    0xc0, 0xff, 0x33, 0x33, 0x37, 0x3e, 0xff, 0x34, 0x34, 0x34, 0x1e, 0xff,
    0x35, 0x34, 0x37, 0xff, 0xc0, 0xfe, 0x62, 0x4d, 0x50, 0xa8, 0x8e, 0xed,
    0xa2, 0x88, 0xfe, 0x98, 0x85, 0x87, 0xfe, 0xc4, 0xb9, 0xbb, 0xfe, 0xe9,
    0xe5, 0xe5, 0xb9, 0x84, 0xfd, 0xfd, 0xfd, 0xfd, 0xfd, 0xfd, 0xcb, 0x95,
    0x8a, 0xfe, 0xcf, 0xc5, 0xc4, 0xfe, 0xa4, 0x92, 0x90, 0xfe, 0x6f, 0x52,
    0x50, 0x91, 0x8a, 0xfd, 0xfd, 0xd9, 0xa9, 0x86, 0xfe, 0x9c, 0x89, 0x87,
    0xfe, 0xc8, 0xbe, 0xbd, 0xfe, 0xf0, 0xed, 0xed, 0x17, 0xfd, 0xfd, 0xfd,
    0xfd, 0xfd, 0xfd, 0xcb, 0x8c, 0x8b, 0xfe, 0xc9, 0xbf, 0xc0, 0xfe, 0xa0,
    0x8e, 0x90, 0xfe, 0x74, 0x5a, 0x5d, 0x36, 0xfb, 0x9c, 0x85, 0x11, 0xc0,
    0xff, 0x33, 0x33, 0x37, 0x3e, 0xff, 0x34, 0x34, 0x34, 0x1e, 0xff, 0x35,
    0x34, 0x37, 0xff, 0xc0, 0xfe, 0x62, 0x4d, 0x50, 0xa8, 0x8e, 0xeb, 0xa8,
    0x87, 0xfe, 0xb2, 0xa3, 0xa5, 0xfe, 0xf0, 0xed, 0xee, 0xb1, 0x75, 0xfd,
    0xfd, 0xfd, 0xfd, 0xfd, 0xfd, 0xd1, 0x9d, 0x88, 0xfe, 0xc8, 0xbd, 0xbc,
    0xfe, 0x7d, 0x63, 0x61, 0x80, 0x8d, 0xfd, 0xfd, 0xd5, 0xb7, 0x84, 0xfe,
    0xbe, 0xb1, 0xb0, 0xfe, 0xf8, 0xf7, 0xf7, 0x17, 0xfd, 0xfd, 0xfd, 0xfd,
    0xfd, 0xfd, 0xd1, 0x96, 0x8a, 0xfe, 0xbd, 0xb0, 0xb1, 0xfe, 0x7d, 0x64,
    0x67, 0x36, 0xf9, 0x9c, 0x85, 0x11, 0xc0, 0xff, 0x33, 0x33, 0x37, 0x3e,
    0xff, 0x34, 0x34, 0x34, 0x1e, 0xff, 0x35, 0x34, 0x37, 0xff, 0xc0, 0xfe,
    0x62, 0x4d, 0x50, 0xa8, 0x8e, 0xea, 0xfe, 0xa7, 0x96, 0x98, 0xfe, 0xf3,
    0xf1, 0xf1, 0xad, 0x86, 0xc1, 0x8b, 0x9c, 0xfe, 0xc3, 0xb8, 0xb9, 0xfe,
    0xa2, 0x90, 0x92, 0x85, 0x8c, 0x8c, 0x9c, 0x97, 0x89, 0x36, 0xfd, 0xfd,
    0xfd, 0xfd, 0xd3, 0x94, 0x5b, 0x9a, 0x69, 0xfd, 0xeb, 0x7f, 0xa9, 0x86,
    0xaf, 0x86, 0xbc, 0x83, 0xfe, 0xaf, 0x9f, 0x9e, 0xfe, 0xd8, 0xd1, 0xd0,
    0xfe, 0xfd, 0xfd, 0xfd, 0x17, 0xc1, 0xfe, 0xc2, 0xb6, 0xb6, 0xfe, 0x6e,
    0x51, 0x50, 0x35, 0xfd, 0xfd, 0xd1, 0xa8, 0x87, 0xfe, 0xb6, 0xa8, 0xa7,
    0xfe, 0xfb, 0xfb, 0xfb, 0x17, 0xc1, 0xfe, 0xdf, 0xd8, 0xd8, 0xfe, 0xb4,
    0xa5, 0xa4, 0xfe, 0x91, 0x7b, 0x7a, 0x84, 0x7c, 0x90, 0x8b, 0x96, 0x8a,
    0x35, 0xfd, 0xda, 0xac, 0xb5, 0xa6, 0xa7, 0xfd, 0xfd, 0xfd, 0xfd, 0xe4,
    0x23, 0xa9, 0x86, 0xb0, 0x86, 0xbb, 0x73, 0xfe, 0xbf, 0xb3, 0xb4, 0xfe,
    0xe6, 0xe2, 0xe2, 0x17, 0xc1, 0x99, 0x89, 0xfe, 0xb2, 0xa3, 0xa5, 0x23,
    0x36, 0xf7, 0x9c, 0x85, 0xfe, 0x35, 0x34, 0x37, 0xc0, 0xff, 0x33, 0x33,
    0x37, 0x3e, 0xff, 0x34, 0x34, 0x34, 0x1e, 0xff, 0x35, 0x34, 0x37, 0xff,
    0xc0, 0xfe, 0x62, 0x4d, 0x50, 0xa8, 0x8e, 0xe8, 0xad, 0x86, 0xfe, 0xd6,
    0xcf, 0xcf, 0xfe, 0xfe, 0xfe, 0xfe, 0xc0, 0x55, 0xfe, 0xd1, 0xc8, 0xc9,
    0xfe, 0x93, 0x7f, 0x81, 0x36, 0xfd, 0xfd, 0xfd, 0xfd, 0xd9, 0x9d, 0x79,
    0x91, 0x4b, 0xfd, 0xf1, 0xb4, 0x95, 0xfe, 0xb0, 0xa0, 0x9f, 0xfe, 0xf3,
    0xf1, 0xf0, 0x17, 0xc0, 0x90, 0x8b, 0xfe, 0x8d, 0x76, 0x75, 0x35, 0xfd,
    0xfd, 0xcf, 0xfe, 0x7f, 0x66, 0x64, 0xfe, 0xe8, 0xe3, 0xe3, 0x17, 0xc0,
    0x98, 0x8a, 0xfe, 0xb9, 0xab, 0xaa, 0xfe, 0x79, 0x5f, 0x5d, 0x35, 0xfd,
    0xdf, 0xa2, 0x88, 0xaf, 0xd5, 0x7e, 0xfd, 0xfd, 0xfd, 0xfd, 0xea, 0xfe,
    0x8b, 0x75, 0x77, 0xfe, 0xc8, 0xbd, 0xbe, 0xfe, 0xfb, 0xfb, 0xfb, 0x17,
    0xc0, 0xfe, 0xe2, 0xdd, 0xdd, 0xfe, 0x84, 0x6c, 0x6f, 0x36, 0xf6, 0x9c,
    0x85, 0x11, 0xc0, 0xff, 0x33, 0x33, 0x37, 0x3e, 0xff, 0x34, 0x34, 0x34,
    0x1e, 0xff, 0x35, 0x34, 0x37, 0xff, 0xc0, 0xfe, 0x62, 0x4d, 0x50, 0xa8,
    0x8e, 0xe7, 0xbc, 0x84, 0xfe, 0xee, 0xeb, 0xec, 0xb3, 0x75, 0xc0, 0xfe,
    0xde, 0xd7, 0xd8, 0xfe, 0x8a, 0x74, 0x77, 0x36, 0xfd, 0xfd, 0xfd, 0xfd,
    0xdc, 0x94, 0x4b, 0x9a, 0x79, 0xfd, 0xf2, 0xa9, 0x86, 0xfe, 0xb6, 0xa8,
    0xa7, 0xfe, 0xfb, 0xfb, 0xfb, 0x17, 0x55, 0xfe, 0xa9, 0x97, 0x96, 0x35,
    0xfd, 0xfd, 0xcd, 0xfe, 0x97, 0x82, 0x81, 0xfe, 0xfa, 0xf9, 0xf9, 0x17,
    0xc0, 0xfe, 0xc2, 0xb6, 0xb6, 0xfe, 0x6f, 0x53, 0x51, 0x35, 0xfd, 0xe1,
    0xa9, 0xa6, 0x36, 0xfd, 0xfd, 0xfd, 0xfd, 0xed, 0xb5, 0x85, 0xfe, 0xd2,
    0xc9, 0xca, 0x17, 0xc0, 0x96, 0x8a, 0xfe, 0x94, 0x7f, 0x82, 0x36, 0xf5,
    0x9c, 0x85, 0x11, 0xc0, 0xff, 0x33, 0x33, 0x37, 0x3e, 0xff, 0x34, 0x34,
    0x34, 0x1e, 0xff, 0x35, 0x34, 0x37, 0xff, 0xc0, 0xfe, 0x62, 0x4d, 0x50,
    0xa8, 0x8e, 0xe6, 0xfe, 0x8d, 0x77, 0x7a, 0xfe, 0xf4, 0xf3, 0xf3, 0xab,
    0x87, 0x40, 0xfe, 0xb3, 0xa5, 0xa6, 0x36, 0xfd, 0xfd, 0xfd, 0xfd, 0xde,
    0x9d, 0x78, 0x91, 0x4c, 0xfd, 0xf4, 0xfe, 0x81, 0x68, 0x67, 0xfe, 0xea,
    0xe5, 0xe5, 0x17, 0xc0, 0xfe, 0xb4, 0xa5, 0xa4, 0x35, 0xfd, 0xfd, 0xcb,
    0xfe, 0xa0, 0x8d, 0x8c, 0xfe, 0xfd, 0xfd, 0xfd, 0x17, 0x92, 0x8a, 0xfe,
    0x8f, 0x79, 0x77, 0x35, 0xfd, 0xe3, 0xb0, 0xc4, 0x36, 0xfd, 0xfd, 0xfd,
    0xfd, 0xef, 0xfe, 0xa3, 0x92, 0x94, 0xfe, 0xf8, 0xf7, 0xf7, 0x17, 0x9c,
    0x89, 0xfe, 0x9b, 0x88, 0x8a, 0x36, 0xf4, 0x9c, 0x85, 0xfe, 0x35, 0x34,
    0x37, 0xc0, 0xff, 0x33, 0x33, 0x37, 0x3e, 0xff, 0x34, 0x34, 0x34, 0x1e,
    0xff, 0x35, 0x34, 0x37, 0xff, 0xc0, 0xfe, 0x62, 0x4d, 0x50, 0xa8, 0x8e,
    0xe5, 0xba, 0x74, 0xfe, 0xf3, 0xf1, 0xf1, 0xad, 0x86, 0x99, 0x89, 0xfe,
    0x98, 0x85, 0x87, 0x36, 0xfd, 0xfd, 0xfd, 0xfd, 0xe0, 0x94, 0x4b, 0x9a,
    0x79, 0xfd, 0xf4, 0xad, 0x86, 0xfe, 0xdb, 0xd5, 0xd4, 0xfe, 0xfe, 0xfe,
    0xfe, 0xc0, 0xfe, 0xaa, 0x9a, 0x99, 0x35, 0xfd, 0xfd, 0xc9, 0xfe, 0x96,
    0x81, 0x80, 0xfe, 0xfd, 0xfd, 0xfd, 0x17, 0x87, 0x7c, 0xfe, 0x77, 0x5c,
    0x5a, 0x35, 0xfd, 0xe3, 0xa5, 0xa7, 0x36, 0xfd, 0xfd, 0xfd, 0xfd, 0xf1,
    0xfe, 0x8b, 0x75, 0x78, 0xfe, 0xf2, 0xef, 0xef, 0x17, 0x9b, 0x89, 0xfe,
    0x93, 0x7e, 0x80, 0x36, 0xf3, 0x9c, 0x85, 0x11, 0xc0, 0xff, 0x33, 0x33,
    0x37, 0x3e, 0xff, 0x34, 0x34, 0x34, 0x1e, 0xff, 0x35, 0x34, 0x37, 0xff,
    0xc0, 0xfe, 0x62, 0x4d, 0x50, 0xa8, 0x8e, 0xe4, 0xa7, 0x87, 0xfe, 0xe8,
    0xe3, 0xe4, 0xbb, 0x73, 0x9b, 0x89, 0xfe, 0x93, 0x7f, 0x81, 0x36, 0xfd,
    0xfd, 0xfd, 0xfd, 0xe1, 0x9c, 0x79, 0x92, 0x4b, 0xfd, 0xf5, 0xa9, 0x86,
    0xfe, 0xdd, 0xd6, 0xd6, 0x17, 0x55, 0xfe, 0x8e, 0x78, 0x76, 0x35, 0xfd,
    0xfd, 0xc7, 0xfe, 0x7e, 0x64, 0x62, 0xfe, 0xf9, 0xf8, 0xf8, 0x17, 0x87,
    0x8d, 0xfe, 0x71, 0x55, 0x53, 0x35, 0xfd, 0xe4, 0xad, 0xb5, 0x36, 0xfd,
    0xfd, 0xfd, 0xfd, 0xf2, 0xba, 0x84, 0xfe, 0xf3, 0xf1, 0xf1, 0x17, 0x22,
    0xfe, 0x7f, 0x67, 0x69, 0x36, 0xf2, 0x9c, 0x85, 0xfe, 0x35, 0x34, 0x37,
    0xc0, 0xff, 0x33, 0x33, 0x37, 0x3e, 0xff, 0x34, 0x34, 0x34, 0x1e, 0xff,
    0x35, 0x34, 0x37, 0xff, 0xc0, 0xfe, 0x62, 0x4d, 0x50, 0xa8, 0x8e, 0xe4,
    0xfe, 0xc7, 0xbd, 0xbe, 0xfe, 0xfe, 0xfe, 0xfe, 0xc0, 0xfe, 0x9f, 0x8d,
    0x8f, 0x36, 0xfd, 0xfd, 0xfd, 0xfd, 0xe3, 0x93, 0x5b, 0x9b, 0x69, 0xfd,
    0xf5, 0xae, 0x86, 0xfe, 0xea, 0xe5, 0xe5, 0x17, 0x91, 0x8b, 0xfe, 0x6f,
    0x52, 0x50, 0x35, 0xfd, 0xfd, 0xc5, 0xa5, 0x87, 0xfe, 0xe5, 0xe0, 0xdf,
    0x17, 0x95, 0x8a, 0xfe, 0x79, 0x5e, 0x5c, 0x85, 0x8c, 0xfd, 0xe4, 0xa3,
    0x87, 0x36, 0xfd, 0xfd, 0xfd, 0xfd, 0xf4, 0xfe, 0x8f, 0x7a, 0x7c, 0xfe,
    0xfb, 0xfb, 0xfb, 0x17, 0xfe, 0xda, 0xd3, 0xd4, 0x36, 0xf2, 0x9c, 0x85,
    0xfe, 0x35, 0x34, 0x37, 0xc0, 0xff, 0x33, 0x33, 0x37, 0x3e, 0xff, 0x34,
    0x34, 0x34, 0x1e, 0xff, 0x35, 0x34, 0x37, 0xff, 0xc0, 0xfe, 0x62, 0x4d,
    0x50, 0xa8, 0x8e, 0xe3, 0xfe, 0x92, 0x7d, 0x80, 0xfe, 0xfe, 0xfe, 0xfe,
    0xc0, 0xfe, 0xc2, 0xb6, 0xb7, 0xfe, 0x70, 0x55, 0x58, 0xfd, 0xfd, 0xfd,
    0xfd, 0xe4, 0x9c, 0x79, 0x92, 0x4b, 0xfd, 0xf6, 0xfe, 0x82, 0x69, 0x67,
    0xfe, 0xfb, 0xfb, 0xfb, 0x17, 0xfe, 0xc4, 0xb8, 0xb7, 0x35, 0xfd, 0xfd,
    0xc5, 0xfe, 0xad, 0x9d, 0x9c, 0x17, 0xc0, 0xfe, 0x94, 0x7f, 0x7e, 0x35,
    0xfd, 0xe5, 0xaa, 0xa6, 0xa8, 0xb6, 0xfd, 0xfd, 0xfd, 0xfd, 0xf5, 0xfe,
    0xae, 0x9f, 0xa0, 0x17, 0xc0, 0xfe, 0xa5, 0x94, 0x96, 0x36, 0xf1, 0x9c,
    0x85, 0x11, 0xc0, 0xff, 0x33, 0x33, 0x37, 0x3e, 0xff, 0x34, 0x34, 0x34,
    0x1e, 0xff, 0x35, 0x34, 0x37, 0xff, 0xc0, 0xfe, 0x62, 0x4d, 0x50, 0xa8,
    0x8e, 0xe3, 0xfe, 0xe0, 0xdb, 0xdb, 0xfe, 0xfe, 0xfe, 0xfe, 0x8d, 0x8b,
    0xfe, 0x76, 0x5c, 0x5f, 0x36, 0xfd, 0xfd, 0xfd, 0xfd, 0xe5, 0x93, 0x4b,
    0x9b, 0x79, 0xfd, 0xf6, 0xfe, 0xb6, 0xa8, 0xa7, 0x17, 0xc0, 0xfe, 0x7e,
    0x65, 0x63, 0x35, 0xfd, 0xfd, 0xc3, 0xaf, 0x86, 0xfe, 0xf8, 0xf6, 0xf6,
    0x17, 0xfe, 0xcc, 0xc1, 0xc1, 0x35, 0xfd, 0xe5, 0x6f, 0xaf, 0xe5, 0x36,
    0xfd, 0xfd, 0xfd, 0xfd, 0xf5, 0x7f, 0xfe, 0xdf, 0xd9, 0xd9, 0x17, 0x8f,
    0x9b, 0xfe, 0x74, 0x59, 0x5c, 0x36, 0xf0, 0x9c, 0x85, 0xfe, 0x35, 0x34,
    0x37, 0xc0, 0xff, 0x33, 0x33, 0x37, 0x3e, 0xff, 0x34, 0x34, 0x34, 0x1e,
    0xff, 0x35, 0x34, 0x37, 0xff, 0xc0, 0xfe, 0x62, 0x4d, 0x50, 0xa8, 0x8e,
    0xe2, 0xfe, 0x97, 0x83, 0x85, 0xfe, 0xfe, 0xfe, 0xfe, 0xc0, 0xfe, 0xa3,
    0x91, 0x93, 0x36, 0xfd, 0xfd, 0xfd, 0xfd, 0xe6, 0x9c, 0x79, 0x92, 0x4b,
    0xfd, 0xf6, 0xa9, 0x86, 0xfe, 0xf2, 0xf0, 0xf0, 0x17, 0xfe, 0xc9, 0xbe,
    0xbe, 0x35, 0xfd, 0xfd, 0xc3, 0xfe, 0xb4, 0xa5, 0xa4, 0x17, 0x9d, 0x88,
    0xfe, 0x76, 0x5a, 0x59, 0x35, 0xfd, 0xe5, 0xa7, 0x96, 0x36, 0xfd, 0xfd,
    0xfd, 0xfd, 0xf7, 0xfe, 0x8f, 0x7a, 0x7c, 0x17, 0xc0, 0xfe, 0xaa, 0x9a,
    0x9c, 0x36, 0xf0, 0x9c, 0x85, 0x11, 0xc0, 0xff, 0x33, 0x33, 0x37, 0x3e,
    0xff, 0x34, 0x34, 0x34, 0x1e, 0xff, 0x35, 0x34, 0x37, 0xff, 0xc0, 0xfe,
    0x62, 0x4d, 0x50, 0xa8, 0x8e, 0xe2, 0xfe, 0xd0, 0xc7, 0xc8, 0xfe, 0xfe,
    0xfe, 0xfe, 0x89, 0x9c, 0xfe, 0x72, 0x57, 0x5a, 0x36, 0xfd, 0xfd, 0xfd,
    0xfd, 0xe7, 0x93, 0x4b, 0x9b, 0x79, 0xfd, 0xf6, 0xfe, 0xae, 0x9e, 0x9d,
    0x17, 0x9d, 0x88, 0xfe, 0x6f, 0x52, 0x50, 0x35, 0xfd, 0xfd, 0xc1, 0xa3,
    0x87, 0xfe, 0xf0, 0xee, 0xed, 0x17, 0xfe, 0xc4, 0xb8, 0xb7, 0x35, 0xfd,
    0xe6, 0xae, 0xc5, 0x36, 0xfd, 0xfd, 0xfd, 0xfd, 0xf8, 0xfe, 0xd9, 0xd2,
    0xd3, 0x17, 0x81, 0x8d, 0x36, 0xf0, 0x9c, 0x85, 0x11, 0xc0, 0xff, 0x33,
    0x33, 0x37, 0x3e, 0xff, 0x34, 0x34, 0x34, 0x1e, 0xff, 0x35, 0x34, 0x37,
    0xff, 0xc0, 0xfe, 0x62, 0x4d, 0x50, 0xa8, 0x8e, 0xe1, 0xaa, 0x87, 0xfe,
    0xfb, 0xfa, 0xfa, 0xa4, 0x87, 0xfe, 0xb4, 0xa5, 0xa7, 0x36, 0xfd, 0xfd,
    0xfd, 0xfd, 0xe8, 0x9c, 0x79, 0x92, 0x4b, 0xfd, 0xf6, 0xb2, 0x85, 0xfe,
    0xfd, 0xfc, 0xfc, 0x17, 0xfe, 0xa4, 0x92, 0x91, 0x35, 0xfd, 0xfd, 0xc1,
    0xfe, 0x8f, 0x79, 0x77, 0x17, 0xc0, 0xfe, 0x85, 0x6d, 0x6b, 0x35, 0xfd,
    0xe5, 0xa4, 0x87, 0x36, 0xfd, 0xfd, 0xfd, 0xfd, 0xf9, 0xfe, 0xa0, 0x8e,
    0x90, 0x17, 0xc0, 0xfe, 0x89, 0x72, 0x75, 0x36, 0xef, 0x9c, 0x85, 0x11,
    0xc0, 0xff, 0x33, 0x33, 0x37, 0x3e, 0xff, 0x34, 0x34, 0x34, 0x1e, 0xff,
    0x35, 0x34, 0x37, 0xff, 0xc0, 0xfe, 0x62, 0x4d, 0x50, 0xa8, 0x8e, 0xe1,
    0xfe, 0x9d, 0x8a, 0x8c, 0xfe, 0xfe, 0xfe, 0xfe, 0xc0, 0xfe, 0x82, 0x6b,
    0x6d, 0x36, 0xfd, 0xfd, 0xfd, 0xfd, 0xe9, 0x93, 0x4b, 0x9b, 0x79, 0xfd,
    0xf6, 0xfe, 0xd6, 0xce, 0xcd, 0x17, 0xfe, 0xd0, 0xc7, 0xc6, 0x35, 0xfd,
    0xfd, 0xc1, 0xfe, 0xba, 0xad, 0xac, 0x17, 0x8a, 0x7b, 0x35, 0xfd, 0xe6,
    0xab, 0xb6, 0x36, 0xfd, 0xfd, 0xfd, 0xfd, 0xf9, 0xa5, 0x87, 0xfe, 0xf9,
    0xf8, 0xf8, 0x17, 0xfe, 0xb1, 0xa2, 0xa4, 0x36, 0xef, 0x9c, 0x85, 0x11,
    0xc0, 0xff, 0x33, 0x33, 0x37, 0x3e, 0xff, 0x34, 0x34, 0x34, 0x1e, 0xff,
    0x35, 0x34, 0x37, 0xff, 0xc0, 0xfe, 0x62, 0x4d, 0x50, 0xa8, 0x8e, 0xe1,
    0xfe, 0xc0, 0xb4, 0xb5, 0xfe, 0xfe, 0xfe, 0xfe, 0x8a, 0x8b, 0x36, 0xfd,
    0xfd, 0xfd, 0xfd, 0xea, 0x9c, 0x69, 0x92, 0x5b, 0xfd, 0xf6, 0xfe, 0xad,
    0x9d, 0x9c, 0x17, 0x96, 0x8a, 0xfe, 0x63, 0x44, 0x42, 0x35, 0xfd, 0xfd,
    0xc0, 0xfe, 0xe1, 0xdb, 0xdb, 0x17, 0xfe, 0xc2, 0xb6, 0xb6, 0x35, 0xfd,
    0xe5, 0x04, 0xb0, 0xd4, 0x36, 0xfd, 0xfd, 0xfd, 0xfd, 0xfa, 0xfe, 0xd8,
    0xd1, 0xd1, 0x17, 0xfe, 0xd4, 0xcc, 0xcd, 0x36, 0xef, 0x9c, 0x85, 0x11,
    0xc0, 0xff, 0x33, 0x33, 0x37, 0x3e, 0xff, 0x34, 0x34, 0x34, 0x1e, 0xff,
    0x35, 0x34, 0x37, 0xff, 0xc0, 0xfe, 0x62, 0x4d, 0x50, 0xa8, 0x8e, 0xe1,
    0xfe, 0xd8, 0xd1, 0xd1, 0xfe, 0xfe, 0xfe, 0xfe, 0xfe, 0xce, 0xc5, 0xc6,
    0x36, 0xe5, 0xfe, 0xc4, 0xb9, 0xba, 0xfe, 0xea, 0xe7, 0xe7, 0xc0, 0xfe,
    0xc9, 0xbf, 0xc0, 0x36, 0xfd, 0xde, 0xfe, 0x94, 0x7f, 0x82, 0x13, 0xc1,
    0x8e, 0x9c, 0xfe, 0x79, 0x5f, 0x62, 0x36, 0xc3, 0xfe, 0xb5, 0xa7, 0xa8,
    0x13, 0xc0, 0x89, 0x9c, 0x36, 0xcd, 0xfe, 0x9d, 0x8b, 0x8d, 0x13, 0xc0,
    0x19, 0x36, 0xfd, 0xca, 0xa6, 0x87, 0xfe, 0xd7, 0xcf, 0xd0, 0x13, 0xc1,
    0xfe, 0x9c, 0x89, 0x8b, 0x36, 0xe8, 0x93, 0x3b, 0x9b, 0x89, 0xfd, 0xf5,
    0xfe, 0x8c, 0x76, 0x74, 0x17, 0xc0, 0xfe, 0x74, 0x59, 0x57, 0x35, 0xfd,
    0xfd, 0xa2, 0x88, 0xfe, 0xfa, 0xf9, 0xf9, 0x17, 0xfe, 0xa2, 0x8f, 0x8e,
    0x35, 0xfd, 0xe5, 0xa8, 0xa6, 0x36, 0xfd, 0xfd, 0xfd, 0xfd, 0xfb, 0xfe,
    0xba, 0xad, 0xaf, 0x17, 0x8a, 0x8b, 0x36, 0xef, 0x9c, 0x85, 0xfe, 0x35,
    0x34, 0x37, 0xc0, 0xff, 0x33, 0x33, 0x37, 0x3e, 0xff, 0x34, 0x34, 0x34,
    0x1e, 0xff, 0x35, 0x34, 0x37, 0xff, 0xc0, 0xfe, 0x62, 0x4d, 0x50, 0xa8,
    0x8e, 0xe1, 0xfe, 0xec, 0xe9, 0xe9, 0xb5, 0x85, 0xfe, 0xb9, 0xab, 0xad,
    0x36, 0xcf, 0xa4, 0x87, 0xfe, 0xc7, 0xbc, 0xbd, 0xcf, 0xfe, 0x87, 0x70,
    0x73, 0x36, 0xc1, 0xfe, 0xd1, 0xc9, 0xca, 0x17, 0xc0, 0xfe, 0xd7, 0xd0,
    0xd1, 0x36, 0xfd, 0xdd, 0xb2, 0x86, 0xfe, 0xf2, 0xf0, 0xf0, 0x17, 0xc0,
    0x91, 0x8b, 0xfe, 0x86, 0x6f, 0x72, 0x86, 0x8c, 0xc4, 0xfe, 0xc0, 0xb4,
    0xb5, 0x17, 0xc0, 0x86, 0x8c, 0x36, 0xcd, 0xfe, 0xd6, 0xcf, 0xcf, 0x17,
    0xc0, 0xfe, 0xb6, 0xa9, 0xaa, 0x36, 0xe7, 0x09, 0xbd, 0x83, 0xc1, 0xfe,
    0x7a, 0x61, 0x64, 0x36, 0xdb, 0xb3, 0x85, 0xfe, 0xed, 0xe9, 0xea, 0x17,
    0xc0, 0x97, 0x8a, 0xfe, 0x86, 0x6f, 0x71, 0x36, 0xe7, 0x9b, 0x79, 0x93,
    0x4b, 0xfd, 0xf5, 0xb6, 0x84, 0x17, 0xc0, 0xfe, 0x8a, 0x73, 0x72, 0x35,
    0xfd, 0xfd, 0xb7, 0x84, 0x17, 0xc0, 0x10, 0x35, 0xfd, 0xe5, 0xaf, 0xc5,
    0x36, 0xfd, 0xfd, 0xfd, 0xfd, 0xfb, 0xfe, 0xa4, 0x93, 0x95, 0x17, 0x55,
    0xfe, 0x73, 0x58, 0x5b, 0x36, 0xee, 0x9c, 0x85, 0x11, 0xc0, 0xff, 0x33,
    0x33, 0x37, 0x3e, 0xff, 0x34, 0x34, 0x34, 0x1e, 0xff, 0x35, 0x34, 0x37,
    0xff, 0xc0, 0xfe, 0x62, 0x4d, 0x50, 0xa8, 0x8e, 0xe1, 0xfe, 0xf5, 0xf3,
    0xf3, 0xab, 0x86, 0xfe, 0xad, 0x9d, 0x9f, 0x36, 0xcf, 0xa6, 0x88, 0x17,
    0xcf, 0xfe, 0x95, 0x81, 0x83, 0x36, 0xc1, 0xfe, 0xd1, 0xc9, 0xca, 0x17,
    0xc0, 0xfe, 0xd7, 0xd0, 0xd1, 0x36, 0xfd, 0xdc, 0x7f, 0xfe, 0xdb, 0xd5,
    0xd5, 0x17, 0xc0, 0x9c, 0x89, 0xfe, 0x8f, 0x7a, 0x7c, 0x36, 0xc5, 0xfe,
    0xc0, 0xb4, 0xb5, 0x17, 0xc0, 0x86, 0x8c, 0x36, 0xcc, 0xb2, 0x75, 0xfe,
    0xfd, 0xfd, 0xfd, 0x17, 0x08, 0xfe, 0x82, 0x6a, 0x6d, 0x36, 0xe7, 0xfe,
    0xdf, 0xd9, 0xd9, 0x17, 0xc1, 0xfe, 0x7d, 0x64, 0x67, 0x36, 0xdc, 0xbc,
    0x84, 0xfe, 0xf7, 0xf6, 0xf6, 0x17, 0xc0, 0x81, 0x8d, 0xfe, 0x73, 0x58,
    0x5b, 0x36, 0xe7, 0x92, 0x4b, 0x9c, 0x79, 0xfd, 0xf4, 0xa7, 0x87, 0xfe,
    0xfe, 0xfe, 0xfe, 0xc0, 0xfe, 0x94, 0x7f, 0x7e, 0x35, 0xfd, 0xfd, 0xfe,
    0x7f, 0x65, 0x64, 0x17, 0xc0, 0xfe, 0x7e, 0x64, 0x62, 0x35, 0xd5, 0xa2,
    0x88, 0xfe, 0xbf, 0xb2, 0xb1, 0xc6, 0x50, 0x98, 0x79, 0x90, 0x8b, 0x36,
    0xfe, 0x70, 0x54, 0x52, 0x35, 0xcb, 0xfe, 0x99, 0x85, 0x84, 0x3b, 0xc5,
    0x20, 0x2c, 0x8e, 0x8b, 0x81, 0x8d, 0xfe, 0x6a, 0x4d, 0x4b, 0x35, 0xc8,
    0xfe, 0xa1, 0x8e, 0x8d, 0x3b, 0xc2, 0xfe, 0x8a, 0x73, 0x71, 0x35, 0xcb,
    0xfe, 0x94, 0x7e, 0x7d, 0x3b, 0xc2, 0xfe, 0x9e, 0x8b, 0x8a, 0x35, 0xc0,
    0xa5, 0x87, 0xad, 0xd5, 0xfd, 0xfd, 0xfd, 0xfd, 0xfc, 0xfe, 0x99, 0x86,
    0x88, 0x17, 0xc0, 0xfe, 0x7b, 0x61, 0x64, 0x36, 0xee, 0x9c, 0x85, 0xfe,
    0x35, 0x34, 0x37, 0xc0, 0xff, 0x33, 0x33, 0x37, 0x3e, 0xff, 0x34, 0x34,
    0x34, 0x1e, 0xff, 0x35, 0x34, 0x37, 0xff, 0xc0, 0xfe, 0x62, 0x4d, 0x50,
    0xa8, 0x8e, 0xe1, 0xfe, 0xfc, 0xfb, 0xfb, 0xa3, 0x87, 0xfe, 0xa7, 0x96,
    0x98, 0x36, 0xcf, 0xa6, 0x88, 0x17, 0xcf, 0xfe, 0x95, 0x81, 0x83, 0x36,
    0xc1, 0xfe, 0xd1, 0xc9, 0xca, 0x17, 0xc0, 0xfe, 0xd7, 0xd0, 0xd1, 0x36,
    0xfd, 0xdc, 0xfe, 0xac, 0x9d, 0x9e, 0x17, 0xc1, 0xfe, 0xa7, 0x97, 0x99,
    0x36, 0xc6, 0xfe, 0xc0, 0xb4, 0xb5, 0x17, 0xc0, 0x86, 0x8c, 0x36, 0xcc,
    0xfe, 0xb2, 0xa4, 0xa6, 0x17, 0xc0, 0xfe, 0xda, 0xd3, 0xd3, 0x36, 0xe8,
    0xfe, 0xdf, 0xd9, 0xd9, 0x17, 0xc1, 0xfe, 0x7d, 0x64, 0x67, 0x36, 0xdd,
    0xfe, 0x9d, 0x8b, 0x8d, 0x17, 0xc1, 0xfe, 0xb7, 0xa9, 0xab, 0x36, 0xe7,
    0x9b, 0x79, 0x93, 0x4b, 0xfd, 0xf5, 0xfe, 0xfd, 0xfd, 0xfd, 0x17, 0xfe,
    0x9c, 0x88, 0x87, 0x35, 0xfd, 0xfd, 0xfe, 0x86, 0x6e, 0x6d, 0x17, 0xc0,
    0xfe, 0x77, 0x5c, 0x5a, 0x35, 0xd5, 0xa3, 0x88, 0x17, 0xca, 0x08, 0xfe,
    0xd6, 0xce, 0xcd, 0xfe, 0x89, 0x71, 0x70, 0x35, 0xc9, 0xfe, 0xbf, 0xb2,
    0xb1, 0x17, 0xc9, 0x9b, 0x89, 0xfe, 0xca, 0xc0, 0xbf, 0xfe, 0x80, 0x67,
    0x65, 0x35, 0xc6, 0xfe, 0xcc, 0xc1, 0xc1, 0x17, 0xc2, 0xfe, 0xe0, 0xda,
    0xd9, 0x35, 0xca, 0xa3, 0x88, 0xfe, 0xec, 0xe8, 0xe8, 0x17, 0xc2, 0xfe,
    0xc7, 0xbc, 0xbc, 0x35, 0xc0, 0xac, 0xb5, 0xa6, 0xa7, 0xfd, 0xfd, 0xfd,
    0xfd, 0xfc, 0xfe, 0x93, 0x7e, 0x80, 0x17, 0xc0, 0xfe, 0x81, 0x69, 0x6b,
    0x36, 0xee, 0x9c, 0x85, 0xfe, 0x35, 0x34, 0x37, 0xc0, 0xff, 0x33, 0x33,
    0x37, 0x3e, 0xff, 0x34, 0x34, 0x34, 0x1e, 0xff, 0x35, 0x34, 0x37, 0xff,
    0xc0, 0xfe, 0x62, 0x4d, 0x50, 0xa8, 0x8e, 0xe1, 0xfe, 0xfd, 0xfd, 0xfd,
    0x7f, 0xfe, 0xa6, 0x95, 0x97, 0x36, 0xcf, 0xa6, 0x88, 0x17, 0xc1, 0x88,
    0x8c, 0x81, 0x9d, 0xcb, 0xfe, 0x89, 0x73, 0x75, 0x36, 0xc1, 0xfe, 0xd1,
    0xc9, 0xca, 0x17, 0xc0, 0xfe, 0xd7, 0xd0, 0xd1, 0x36, 0xfd, 0xdb, 0xb0,
    0x85, 0xfe, 0xf7, 0xf6, 0xf6, 0x17, 0xc0, 0x37, 0x36, 0xc7, 0xfe, 0xc0,
    0xb4, 0xb5, 0x17, 0xc0, 0x86, 0x8c, 0x36, 0xcc, 0x2d, 0x17, 0xc0, 0xfe,
    0xa4, 0x93, 0x95, 0x36, 0xe8, 0x20, 0xfe, 0xea, 0xe7, 0xe7, 0xc1, 0xfe,
    0x7b, 0x62, 0x65, 0x36, 0xde, 0xfe, 0xc7, 0xbc, 0xbd, 0x17, 0xc0, 0x9d,
    0x88, 0xfe, 0x84, 0x6c, 0x6f, 0x36, 0xe7, 0x92, 0x4b, 0x9c, 0x79, 0xfd,
    0xf4, 0xfe, 0xfd, 0xfc, 0xfc, 0x17, 0xfe, 0x9d, 0x89, 0x88, 0x35, 0xfd,
    0xfd, 0xfe, 0x87, 0x70, 0x6e, 0x17, 0xc0, 0xfe, 0x76, 0x5a, 0x59, 0x35,
    0xd5, 0xa3, 0x88, 0x17, 0xcd, 0xfe, 0xb5, 0xa6, 0xa5, 0x35, 0xc8, 0xfe,
    0xbf, 0xb2, 0xb1, 0x17, 0xcb, 0x00, 0xfe, 0xaf, 0x9f, 0x9e, 0x35, 0xc5,
    0xfe, 0xcc, 0xc1, 0xc1, 0x17, 0xc3, 0xfe, 0x8d, 0x77, 0x76, 0x35, 0xc9,
    0xfe, 0x9a, 0x86, 0x85, 0x17, 0xc3, 0xfe, 0xc7, 0xbc, 0xbc, 0x35, 0xa2,
    0x88, 0x36, 0xfd, 0xfd, 0xfd, 0xfd, 0xfd, 0xfe, 0x92, 0x7d, 0x80, 0x17,
    0xc0, 0xfe, 0x82, 0x6a, 0x6d, 0x36, 0xee, 0x9c, 0x85, 0xfe, 0x35, 0x34,
    0x37, 0xc0, 0xff, 0x33, 0x33, 0x37, 0x3e, 0xff, 0x34, 0x34, 0x34, 0x1e,
    0xff, 0x35, 0x34, 0x37, 0xff, 0xc0, 0xfe, 0x62, 0x4d, 0x50, 0xa8, 0x8e,
    0xe1, 0xfe, 0xfd, 0xfd, 0xfd, 0x7f, 0xfe, 0xa6, 0x95, 0x97, 0x36, 0xcf,
    0xa6, 0x88, 0x17, 0xc1, 0xfe, 0xc0, 0xb4, 0xb5, 0x36, 0xcf, 0xfe, 0xd1,
    0xc9, 0xca, 0x17, 0xc0, 0xfe, 0xd7, 0xd0, 0xd1, 0x36, 0xfd, 0xdb, 0xfe,
    0xc5, 0xba, 0xbb, 0x17, 0xc0, 0x99, 0x89, 0xfe, 0x7f, 0x67, 0x69, 0x36,
    0xc7, 0x18, 0x17, 0xc0, 0x86, 0x8c, 0x36, 0xcb, 0xfe, 0x8f, 0x7a, 0x7c,
    0x17, 0xc0, 0x97, 0x8a, 0xfe, 0x76, 0x5c, 0x5f, 0x36, 0xfd, 0xcf, 0xab,
    0x86, 0xfe, 0xf3, 0xf1, 0xf1, 0x17, 0xc0, 0xfe, 0xd0, 0xc7, 0xc8, 0x36,
    0xe7, 0x9b, 0x69, 0x93, 0x5b, 0xfd, 0xf4, 0xfe, 0xfd, 0xfc, 0xfc, 0x17,
    0xfe, 0x9d, 0x89, 0x88, 0x35, 0xfd, 0xfd, 0xfe, 0x87, 0x70, 0x6e, 0x17,
    0xc0, 0xfe, 0x76, 0x5a, 0x59, 0x35, 0xd5, 0xa3, 0x88, 0x17, 0xc1, 0x81,
    0x8d, 0xfe, 0xba, 0xac, 0xab, 0xc2, 0xa3, 0x87, 0xad, 0x96, 0xbf, 0x83,
    0x08, 0x17, 0xc2, 0xfe, 0xb0, 0xa1, 0xa0, 0x35, 0xc7, 0xfe, 0xbf, 0xb2,
    0xb1, 0x17, 0xc1, 0xfe, 0xbd, 0xb0, 0xaf, 0x28, 0xc0, 0x7e, 0x3b, 0xaf,
    0x96, 0xbf, 0x82, 0x17, 0xc3, 0xfe, 0xb5, 0xa6, 0xa5, 0x35, 0xc4, 0x11,
    0x17, 0xc3, 0xfe, 0xd8, 0xd0, 0xd0, 0x35, 0xc9, 0xfe, 0xe2, 0xdc, 0xdc,
    0x17, 0xc3, 0x06, 0x35, 0xa9, 0xa6, 0x36, 0xfd, 0xfd, 0xfd, 0xfd, 0xfd,
    0xfe, 0x92, 0x7d, 0x80, 0x17, 0xc0, 0xfe, 0x82, 0x6a, 0x6d, 0x36, 0xee,
    0x9c, 0x85, 0xfe, 0x35, 0x34, 0x37, 0xc0, 0xff, 0x33, 0x33, 0x37, 0x3e,
    0xff, 0x34, 0x34, 0x34, 0x1e, 0xff, 0x35, 0x34, 0x37, 0xff, 0xc0, 0xfe,
    0x62, 0x4d, 0x50, 0xa8, 0x8e, 0xe1, 0xfe, 0xfd, 0xfd, 0xfd, 0x7f, 0xfe,
    0xa6, 0x95, 0x97, 0x36, 0xcf, 0xa6, 0x88, 0x17, 0xc1, 0xfe, 0xc0, 0xb4,
    0xb5, 0x36, 0xcf, 0xfe, 0xd1, 0xc9, 0xca, 0x17, 0xc0, 0xfe, 0xd7, 0xd0,
    0xd1, 0x36, 0xfd, 0xda, 0xb6, 0x74, 0xfe, 0xfc, 0xfc, 0xfc, 0x17, 0xc0,
    0xfe, 0xb6, 0xa9, 0xaa, 0x36, 0xc8, 0x18, 0x17, 0xc0, 0x86, 0x8c, 0x36,
    0xcb, 0xfe, 0xc4, 0xb9, 0xbb, 0x17, 0xc0, 0xfe, 0xc7, 0xbd, 0xbe, 0x36,
    0xfd, 0xd1, 0xfe, 0xab, 0x9b, 0x9d, 0x17, 0xc1, 0xfe, 0x8b, 0x75, 0x78,
    0x36, 0xe7, 0x92, 0x3b, 0x9c, 0x89, 0xfd, 0xf3, 0xfe, 0xfd, 0xfc, 0xfc,
    0x17, 0xfe, 0x9d, 0x89, 0x88, 0x35, 0xfd, 0xfd, 0xfe, 0x87, 0x70, 0x6e,
    0x17, 0xc0, 0xfe, 0x76, 0x5a, 0x59, 0x35, 0xd5, 0xa3, 0x88, 0x17, 0xc1,
    0xfe, 0xc2, 0xb6, 0xb6, 0x35, 0xc5, 0xb7, 0x84, 0xfe, 0xcd, 0xc3, 0xc2,
    0x17, 0xc1, 0x00, 0xfe, 0x7c, 0x62, 0x60, 0x35, 0xc6, 0xfe, 0xbf, 0xb2,
    0xb1, 0x17, 0xc1, 0xfe, 0x69, 0x4b, 0x49, 0x35, 0xc4, 0xbc, 0x94, 0xfe,
    0xcc, 0xc2, 0xc1, 0x17, 0xc2, 0xfe, 0x8a, 0x73, 0x72, 0x35, 0xc3, 0xfe,
    0xcc, 0xc1, 0xc1, 0x17, 0xc0, 0x87, 0x8d, 0x08, 0x17, 0xc0, 0xfe, 0x86,
    0x6d, 0x6c, 0x35, 0xc7, 0xfe, 0x8d, 0x77, 0x76, 0x17, 0xc0, 0x03, 0x08,
    0x17, 0xc0, 0xfe, 0xc7, 0xbc, 0xbc, 0x35, 0xb0, 0xc4, 0x36, 0xfd, 0xfd,
    0xfd, 0xfd, 0xfd, 0xfe, 0x92, 0x7d, 0x80, 0x17, 0xc0, 0xfe, 0x82, 0x6a,
    0x6d, 0x36, 0xee, 0x9c, 0x85, 0xfe, 0x35, 0x34, 0x37, 0xc0, 0xff, 0x33,
    0x33, 0x37, 0x3e, 0xff, 0x34, 0x34, 0x34, 0x1e, 0xff, 0x35, 0x34, 0x37,
    0xff, 0xc0, 0xfe, 0x62, 0x4d, 0x50, 0xa8, 0x8e, 0xe1, 0xfe, 0xfd, 0xfd,
    0xfd, 0x7f, 0xfe, 0xa6, 0x95, 0x97, 0x36, 0xcf, 0xa6, 0x88, 0x17, 0xc1,
    0xfe, 0xc0, 0xb4, 0xb5, 0x36, 0xcf, 0xfe, 0xd1, 0xc9, 0xca, 0x17, 0xc0,
    0xfe, 0xd7, 0xd0, 0xd1, 0x36, 0xf7, 0x7f, 0xb9, 0x74, 0xb0, 0x85, 0xa3,
    0x88, 0x95, 0x89, 0x87, 0x9d, 0x97, 0x89, 0xd9, 0xfe, 0xc0, 0xb5, 0xb6,
    0x17, 0xc0, 0x95, 0x89, 0xfe, 0x77, 0x5d, 0x60, 0x36, 0xc8, 0x18, 0x17,
    0xc0, 0x86, 0x8c, 0x36, 0xca, 0xa5, 0x87, 0xfe, 0xf6, 0xf4, 0xf4, 0x17,
    0xc0, 0xfe, 0x91, 0x7d, 0x7f, 0x36, 0xcc, 0xa2, 0x88, 0xb9, 0x84, 0xb1,
    0x75, 0x9d, 0x89, 0x89, 0x8b, 0x36, 0xc6, 0x14, 0xba, 0x73, 0x16, 0xc0,
    0x8c, 0x8b, 0x36, 0xdc, 0xb7, 0x85, 0xb4, 0x74, 0x16, 0x8d, 0x9b, 0x36,
    0xcd, 0xa4, 0x87, 0xfe, 0xee, 0xeb, 0xeb, 0x17, 0xc0, 0xfe, 0xcb, 0xc1,
    0xc2, 0x36, 0xe7, 0x9b, 0x69, 0x93, 0x5b, 0xfd, 0xf3, 0xfe, 0xfd, 0xfc,
    0xfc, 0x17, 0xfe, 0x9d, 0x89, 0x88, 0x35, 0xfd, 0xfd, 0xfe, 0x87, 0x70,
    0x6e, 0x17, 0xc0, 0xfe, 0x76, 0x5a, 0x59, 0x35, 0xd5, 0xa3, 0x88, 0x17,
    0xc1, 0xfe, 0xc2, 0xb6, 0xb6, 0x35, 0xc7, 0xfe, 0xcd, 0xc3, 0xc2, 0x17,
    0xc1, 0xfe, 0xb8, 0xab, 0xaa, 0x35, 0xc6, 0xfe, 0xbf, 0xb2, 0xb1, 0x17,
    0xc1, 0xfe, 0x69, 0x4b, 0x49, 0x35, 0xc6, 0xfe, 0xbc, 0xaf, 0xae, 0x17,
    0xc1, 0xfe, 0xd5, 0xcc, 0xcc, 0x35, 0xc3, 0xfe, 0xcc, 0xc1, 0xc1, 0x17,
    0xc0, 0x28, 0x95, 0x79, 0x17, 0xc0, 0xfe, 0xd0, 0xc7, 0xc6, 0x35, 0xc7,
    0xfe, 0xd5, 0xcd, 0xcd, 0x17, 0xc0, 0xfe, 0xa2, 0x90, 0x8f, 0x00, 0x17,
    0xc0, 0xfe, 0xc7, 0xbc, 0xbc, 0xfe, 0x67, 0x49, 0x48, 0x36, 0xfd, 0xfd,
    0xfd, 0xfd, 0xfd, 0xc0, 0xfe, 0x92, 0x7d, 0x80, 0x17, 0xc0, 0xfe, 0x82,
    0x6a, 0x6d, 0x36, 0xee, 0x9c, 0x85, 0xfe, 0x35, 0x34, 0x37, 0xc0, 0xff,
    0x33, 0x33, 0x37, 0x3e, 0xff, 0x34, 0x34, 0x34, 0x1e, 0xff, 0x35, 0x34,
    0x37, 0xff, 0xc0, 0xfe, 0x62, 0x4d, 0x50, 0xa8, 0x8e, 0xe1, 0xfe, 0xfd,
    0xfd, 0xfd, 0x7f, 0xfe, 0xa6, 0x95, 0x97, 0x36, 0xcf, 0xa6, 0x88, 0x17,
    0xc1, 0xfe, 0xc0, 0xb4, 0xb5, 0x36, 0xcf, 0xfe, 0xd1, 0xc9, 0xca, 0x17,
    0xc0, 0xfe, 0xd7, 0xd0, 0xd1, 0x36, 0xc4, 0xfe, 0xa3, 0x92, 0x94, 0xfe,
    0xd4, 0xcc, 0xcd, 0xc0, 0x93, 0x8a, 0x36, 0xc8, 0xfe, 0xd1, 0xc8, 0xc9,
    0x24, 0xc0, 0xfe, 0x9d, 0x8a, 0x8c, 0x36, 0xc2, 0xfe, 0x9f, 0x8d, 0x8f,
    0x24, 0xc1, 0x8b, 0x8b, 0x36, 0xc8, 0xfe, 0x8c, 0x77, 0x79, 0x24, 0xc1,
    0xfe, 0xb7, 0xa9, 0xab, 0x36, 0xc5, 0xb8, 0x74, 0xfe, 0xc5, 0xbb, 0xbc,
    0xfe, 0xf5, 0xf3, 0xf3, 0x17, 0xc2, 0x08, 0xfe, 0xdb, 0xd4, 0xd5, 0xfe,
    0x9e, 0x8c, 0x8e, 0x36, 0xd6, 0xa8, 0x87, 0xfe, 0xf7, 0xf6, 0xf6, 0x17,
    0xc0, 0xfe, 0xbb, 0xaf, 0xb0, 0x36, 0xc9, 0x18, 0x17, 0xc0, 0x86, 0x8c,
    0x36, 0xca, 0xfe, 0xa1, 0x8f, 0x91, 0x17, 0xc0, 0x88, 0x8c, 0x36, 0xc5,
    0xb2, 0x75, 0x24, 0xc1, 0xfe, 0x8a, 0x73, 0x76, 0x36, 0xaa, 0x87, 0xfe,
    0xbb, 0xae, 0xaf, 0xfe, 0xf3, 0xf1, 0xf1, 0x17, 0xc2, 0xfe, 0xe0, 0xdb,
    0xdb, 0xfe, 0x96, 0x82, 0x84, 0x36, 0xc2, 0xb5, 0x85, 0xfe, 0xc3, 0xb8,
    0xb9, 0xfe, 0xf4, 0xf3, 0xf3, 0x17, 0xc2, 0x8b, 0x9c, 0xfe, 0xaa, 0x9a,
    0x9c, 0x36, 0xc7, 0xfe, 0xa7, 0x96, 0x98, 0x24, 0xc0, 0x8f, 0x8b, 0x36,
    0xc4, 0xba, 0x84, 0x24, 0xc1, 0xfe, 0x82, 0x6b, 0x6d, 0x36, 0xae, 0x86,
    0x05, 0xfe, 0xef, 0xed, 0xed, 0x17, 0xc2, 0x90, 0x8b, 0xfe, 0xb4, 0xa6,
    0xa8, 0xfe, 0x73, 0x59, 0x5c, 0x36, 0xcb, 0xfe, 0xb0, 0xa1, 0xa3, 0xfe,
    0xfe, 0xfe, 0xfe, 0xc0, 0x9d, 0x89, 0xfe, 0x7d, 0x64, 0x67, 0x36, 0xe7,
    0x92, 0x3b, 0x9c, 0x89, 0xfd, 0xf2, 0xfe, 0xfd, 0xfc, 0xfc, 0x17, 0xfe,
    0x9d, 0x89, 0x88, 0x35, 0xfd, 0xfd, 0xfe, 0x87, 0x70, 0x6e, 0x17, 0xc0,
    0xfe, 0x76, 0x5a, 0x59, 0x35, 0xd5, 0xa3, 0x88, 0x17, 0xc1, 0xfe, 0xc2,
    0xb6, 0xb6, 0x35, 0xc7, 0xfe, 0x7f, 0x66, 0x64, 0x17, 0xc1, 0xfe, 0xda,
    0xd3, 0xd3, 0x35, 0xc6, 0xfe, 0xbf, 0xb2, 0xb1, 0x17, 0xc1, 0xfe, 0x69,
    0x4b, 0x49, 0x35, 0xc6, 0xa7, 0x87, 0xfe, 0xf3, 0xf1, 0xf0, 0xad, 0x96,
    0xc0, 0x40, 0xfe, 0x69, 0x4c, 0x4a, 0x35, 0xc2, 0xfe, 0xcc, 0xc1, 0xc1,
    0x17, 0xc0, 0xfe, 0xd5, 0xcc, 0xcc, 0xfe, 0x82, 0x69, 0x67, 0x17, 0xc1,
    0xfe, 0x7e, 0x65, 0x63, 0x35, 0xc5, 0xfe, 0x81, 0x68, 0x66, 0x17, 0xc0,
    0x90, 0x7a, 0xfe, 0x67, 0x49, 0x47, 0x00, 0x17, 0xc0, 0xfe, 0xc7, 0xbc,
    0xbc, 0xfe, 0x6c, 0x50, 0x52, 0xa5, 0x97, 0xfd, 0xfd, 0xfd, 0xfd, 0xfd,
    0xc0, 0xfe, 0x92, 0x7d, 0x80, 0x17, 0xc0, 0x1c, 0x36, 0xee, 0x9c, 0x85,
    0xfe, 0x35, 0x34, 0x37, 0xc0, 0xff, 0x33, 0x33, 0x37, 0x3e, 0xff, 0x34,
    0x34, 0x34, 0x1e, 0xff, 0x35, 0x34, 0x37, 0xff, 0xc0, 0xfe, 0x62, 0x4d,
    0x50, 0xa8, 0x8e, 0xe1, 0xfe, 0xfd, 0xfd, 0xfd, 0x7f, 0xfe, 0xa6, 0x95,
    0x97, 0x36, 0xcf, 0xa6, 0x88, 0x17, 0xc1, 0xfe, 0xc0, 0xb4, 0xb5, 0x36,
    0xcf, 0xfe, 0xd1, 0xc9, 0xca, 0x17, 0xc0, 0xfe, 0xd7, 0xd0, 0xd1, 0x36,
    0xc4, 0xfe, 0xb9, 0xac, 0xad, 0x17, 0xc0, 0x8f, 0x8a, 0x36, 0xc8, 0xfe,
    0xf9, 0xf9, 0xf9, 0x17, 0xc0, 0xfe, 0xaf, 0xa0, 0xa2, 0x36, 0xc2, 0xa4,
    0x88, 0xfe, 0xe1, 0xdc, 0xdd, 0x17, 0xc1, 0xfe, 0xb0, 0xa1, 0xa2, 0x36,
    0xc6, 0xa8, 0x87, 0xfe, 0xe9, 0xe5, 0xe6, 0x17, 0xc0, 0x94, 0x8a, 0xfe,
    0x81, 0x69, 0x6c, 0x36, 0xc4, 0xfe, 0xad, 0x9e, 0xa0, 0xfe, 0xfb, 0xfa,
    0xfa, 0x17, 0xc7, 0xfe, 0xd7, 0xcf, 0xd0, 0xfe, 0x7a, 0x61, 0x64, 0x36,
    0xd4, 0xfe, 0xa4, 0x93, 0x95, 0x17, 0xc1, 0xfe, 0x83, 0x6b, 0x6e, 0x36,
    0xc9, 0x18, 0x17, 0xc0, 0x86, 0x8c, 0x36, 0xca, 0xfe, 0xd6, 0xcf, 0xcf,
    0x17, 0xc0, 0xfe, 0xb4, 0xa6, 0xa8, 0x36, 0xc5, 0xb9, 0x84, 0xfe, 0xfe,
    0xfe, 0xfe, 0xc1, 0xfe, 0x95, 0x81, 0x83, 0xae, 0x86, 0xfe, 0xf3, 0xf1,
    0xf1, 0x17, 0xc6, 0xfe, 0xab, 0x9b, 0x9d, 0x36, 0x7f, 0xfe, 0xb2, 0xa3,
    0xa5, 0xfe, 0xfa, 0xf9, 0xf9, 0x17, 0xc6, 0xfe, 0xc4, 0xb9, 0xba, 0x36,
    0xc6, 0xfe, 0xbe, 0xb2, 0xb3, 0x17, 0xc0, 0x89, 0x8b, 0x36, 0xc4, 0xfe,
    0x90, 0x7b, 0x7e, 0x17, 0xc1, 0xfe, 0x8a, 0x74, 0x77, 0xfe, 0xaa, 0x9a,
    0x9c, 0xfe, 0xf6, 0xf5, 0xf5, 0xa9, 0x87, 0xc6, 0xfe, 0xd9, 0xd2, 0xd3,
    0x32, 0x36, 0xca, 0xac, 0x87, 0xfe, 0xfb, 0xfa, 0xfa, 0x17, 0xc0, 0xfe,
    0xaf, 0x9f, 0xa1, 0x36, 0xe7, 0x9a, 0x7a, 0x94, 0x4a, 0xfd, 0xf2, 0xfe,
    0xfd, 0xfc, 0xfc, 0x17, 0xfe, 0x9d, 0x89, 0x88, 0x35, 0xfd, 0xfd, 0xfe,
    0x87, 0x70, 0x6e, 0x17, 0xc0, 0xfe, 0x76, 0x5a, 0x59, 0x35, 0xd5, 0xa3,
    0x88, 0x17, 0xc1, 0xfe, 0xc2, 0xb6, 0xb6, 0x35, 0xc8, 0xfe, 0xfa, 0xf9,
    0xf9, 0x17, 0xc0, 0x2d, 0x35, 0xc6, 0xfe, 0xbf, 0xb2, 0xb1, 0x17, 0xc1,
    0xfe, 0x69, 0x4b, 0x49, 0x35, 0xc7, 0xfe, 0xc8, 0xbe, 0xbd, 0x17, 0xc1,
    0xfe, 0x81, 0x68, 0x66, 0x35, 0xc2, 0xfe, 0xcc, 0xc1, 0xc1, 0x17, 0xc0,
    0xfe, 0xd5, 0xcc, 0xcc, 0x35, 0xfe, 0xd6, 0xce, 0xcd, 0x17, 0xc0, 0xfe,
    0xc7, 0xbc, 0xbc, 0x35, 0xc5, 0x1a, 0x17, 0xc0, 0xfe, 0xac, 0x9b, 0x9a,
    0x35, 0x00, 0x17, 0xc0, 0xfe, 0xc8, 0xbd, 0xbd, 0xfe, 0x70, 0x55, 0x58,
    0xfd, 0xfd, 0xfd, 0xfd, 0xfd, 0xc1, 0xfe, 0x92, 0x7d, 0x80, 0x17, 0xc0,
    0xfe, 0x82, 0x6a, 0x6d, 0x36, 0xee, 0x9c, 0x85, 0xfe, 0x35, 0x34, 0x37,
    0xc0, 0xff, 0x33, 0x33, 0x37, 0x3e, 0xff, 0x34, 0x34, 0x34, 0x1e, 0xff,
    0x35, 0x34, 0x37, 0xff, 0xc0, 0xfe, 0x62, 0x4d, 0x50, 0xa8, 0x8e, 0xe1,
    0xfe, 0xfd, 0xfd, 0xfd, 0x7f, 0xfe, 0xa6, 0x95, 0x97, 0x36, 0xcf, 0xa6,
    0x88, 0x17, 0xc1, 0xfe, 0xc0, 0xb4, 0xb5, 0x36, 0xcf, 0xfe, 0xd1, 0xc9,
    0xca, 0x17, 0xc0, 0xfe, 0xd7, 0xd0, 0xd1, 0x36, 0xc4, 0xfe, 0xb9, 0xac,
    0xad, 0x17, 0xc0, 0x8f, 0x8a, 0x36, 0xc8, 0xfe, 0xf9, 0xf9, 0xf9, 0x17,
    0xc0, 0xfe, 0xaf, 0xa0, 0xa2, 0x36, 0xc3, 0xb6, 0x85, 0xfe, 0xf6, 0xf4,
    0xf4, 0x17, 0xc0, 0x9d, 0x88, 0xfe, 0x8c, 0x76, 0x79, 0x36, 0xc5, 0xfe,
    0xca, 0xc0, 0xc1, 0x17, 0xc0, 0x08, 0xfe, 0x97, 0x83, 0x85, 0x36, 0xc4,
    0xfe, 0xb4, 0xa6, 0xa8, 0xfe, 0xfe, 0xfe, 0xfe, 0xc2, 0x99, 0x89, 0x88,
    0x8c, 0x9b, 0x99, 0xb2, 0x75, 0x17, 0xc2, 0x29, 0xfe, 0x78, 0x5f, 0x62,
    0x36, 0xd3, 0xfe, 0xd1, 0xc8, 0xc9, 0x17, 0xc0, 0xfe, 0xdf, 0xd9, 0xda,
    0x36, 0xca, 0x18, 0x17, 0xc0, 0x86, 0x8c, 0x36, 0xc9, 0xb2, 0x75, 0x08,
    0x17, 0x08, 0xfe, 0x80, 0x68, 0x6b, 0x36, 0xc5, 0xb9, 0x84, 0x17, 0xc1,
    0xfe, 0xde, 0xd7, 0xd8, 0x17, 0xc8, 0x40, 0xfe, 0x95, 0x81, 0x83, 0xfe,
    0xd8, 0xd1, 0xd1, 0x17, 0xc9, 0xfe, 0x9c, 0x89, 0x8b, 0x36, 0xc5, 0xfe,
    0xbe, 0xb2, 0xb3, 0x17, 0xc0, 0x89, 0x8b, 0x36, 0xc4, 0xfe, 0x90, 0x7b,
    0x7e, 0x17, 0xc1, 0x19, 0x17, 0xc9, 0xfe, 0xbd, 0xb1, 0xb2, 0x36, 0xcb,
    0xfe, 0xd3, 0xcb, 0xcc, 0x17, 0xc0, 0xfe, 0xdb, 0xd4, 0xd5, 0x36, 0xe8,
    0x91, 0x4c, 0x9d, 0x78, 0xfd, 0xf1, 0xfe, 0xfd, 0xfc, 0xfc, 0x17, 0xfe,
    0x9d, 0x89, 0x88, 0x35, 0xfd, 0xfd, 0xfe, 0x87, 0x70, 0x6e, 0x17, 0xc0,
    0xfe, 0x76, 0x5a, 0x59, 0x35, 0xd5, 0xa3, 0x88, 0x17, 0xc1, 0xfe, 0xc2,
    0xb6, 0xb6, 0x35, 0xc8, 0xfe, 0xf4, 0xf2, 0xf2, 0x17, 0xc0, 0x83, 0x8d,
    0x35, 0xc6, 0xfe, 0xbf, 0xb2, 0xb1, 0x17, 0xc1, 0xfe, 0x69, 0x4b, 0x49,
    0x35, 0xc7, 0xfe, 0xb5, 0xa7, 0xa6, 0x17, 0xc1, 0xfe, 0x8a, 0x73, 0x71,
    0x35, 0xc2, 0xfe, 0xcc, 0xc1, 0xc1, 0x17, 0xc0, 0xfe, 0xd5, 0xcc, 0xcc,
    0x35, 0xfe, 0x8d, 0x76, 0x75, 0x17, 0xc0, 0x00, 0xfe, 0x77, 0x5d, 0x5b,
    0x35, 0xc3, 0xb8, 0x84, 0x39, 0x17, 0x95, 0x8a, 0xfe, 0x6b, 0x4e, 0x4c,
    0x35, 0xfe, 0xfd, 0xfc, 0xfc, 0x17, 0xc0, 0xfe, 0xca, 0xc0, 0xc0, 0x36,
    0xfd, 0xfd, 0xfd, 0xfd, 0xfd, 0xc1, 0xfe, 0x92, 0x7d, 0x80, 0x17, 0xc0,
    0xfe, 0x82, 0x6a, 0x6d, 0x36, 0xee, 0x9c, 0x85, 0xfe, 0x35, 0x34, 0x37,
    0xc0, 0xff, 0x33, 0x33, 0x37, 0x3e, 0xff, 0x34, 0x34, 0x34, 0x1e, 0xff,
    0x35, 0x34, 0x37, 0xff, 0xc0, 0xfe, 0x62, 0x4d, 0x50, 0xa8, 0x8e, 0xe1,
    0xfe, 0xfd, 0xfd, 0xfd, 0x7f, 0xfe, 0xa6, 0x95, 0x97, 0x36, 0xcf, 0xa6,
    0x88, 0x17, 0xc1, 0xfe, 0xc0, 0xb4, 0xb5, 0x36, 0xcf, 0xfe, 0xd1, 0xc9,
    0xca, 0x17, 0xc0, 0xfe, 0xd7, 0xd0, 0xd1, 0x36, 0xc4, 0xfe, 0xb9, 0xac,
    0xad, 0x17, 0xc0, 0x8f, 0x8a, 0x36, 0xc8, 0xfe, 0xf9, 0xf9, 0xf9, 0x17,
    0xc0, 0xfe, 0xaf, 0xa0, 0xa2, 0x36, 0xc4, 0xfe, 0x9d, 0x8b, 0x8d, 0x17,
    0xc1, 0x87, 0x9c, 0xfe, 0x77, 0x5d, 0x60, 0x36, 0xc3, 0xfe, 0xa3, 0x92,
    0x94, 0x17, 0xc1, 0xfe, 0xb5, 0xa7, 0xa8, 0x36, 0xc4, 0xfe, 0x97, 0x83,
    0x86, 0x17, 0xc1, 0x94, 0x8a, 0x2d, 0xfe, 0x74, 0x59, 0x5c, 0x36, 0xc1,
    0xfe, 0x8c, 0x76, 0x79, 0xfe, 0xda, 0xd3, 0xd4, 0x17, 0xc1, 0xfe, 0xce,
    0xc5, 0xc6, 0x36, 0xd2, 0x7f, 0xfe, 0xf5, 0xf3, 0xf3, 0x17, 0xc0, 0xfe,
    0xb3, 0xa5, 0xa6, 0x36, 0xca, 0x18, 0x17, 0xc0, 0x86, 0x8c, 0x36, 0xc9,
    0x05, 0x17, 0xc0, 0x19, 0x36, 0xc6, 0xb9, 0x84, 0x17, 0xc3, 0x99, 0x89,
    0xfe, 0xbe, 0xb1, 0xb3, 0xfe, 0x8e, 0x79, 0x7b, 0x86, 0x9c, 0x6b, 0xba,
    0x84, 0xfe, 0xd2, 0xca, 0xcb, 0x17, 0xc4, 0x9b, 0x89, 0xfe, 0xc4, 0xb9,
    0xbb, 0xfe, 0x93, 0x7e, 0x80, 0x82, 0x9c, 0x3e, 0xb9, 0x75, 0xfe, 0xcc,
    0xc3, 0xc4, 0x17, 0xc1, 0xfe, 0xdf, 0xd9, 0xda, 0x36, 0xc5, 0xfe, 0xbe,
    0xb2, 0xb3, 0x17, 0xc0, 0x89, 0x8b, 0x36, 0xc4, 0xfe, 0x90, 0x7b, 0x7e,
    0x17, 0xc3, 0x9a, 0x89, 0xfe, 0xc2, 0xb6, 0xb7, 0x30, 0x83, 0x9c, 0xc0,
    0xb5, 0x85, 0x18, 0x08, 0x17, 0xc0, 0x9b, 0x89, 0xfe, 0x7b, 0x61, 0x64,
    0x94, 0x89, 0xca, 0xfe, 0xa7, 0x96, 0x98, 0x17, 0xc0, 0x9d, 0x88, 0x10,
    0x36, 0xe7, 0x9a, 0x7a, 0x94, 0x4a, 0xfd, 0xf1, 0xfe, 0xfd, 0xfc, 0xfc,
    0x17, 0xfe, 0x9d, 0x89, 0x88, 0x35, 0xfd, 0xfd, 0xfe, 0x87, 0x70, 0x6e,
    0x17, 0xc0, 0xfe, 0x76, 0x5a, 0x59, 0x35, 0xd5, 0xa3, 0x88, 0x17, 0xc1,
    0xfe, 0xc2, 0xb6, 0xb6, 0x35, 0xc7, 0xa4, 0x88, 0x08, 0x17, 0xc0, 0xfe,
    0xd7, 0xcf, 0xce, 0x35, 0xc6, 0xfe, 0xbf, 0xb2, 0xb1, 0x17, 0xc1, 0xfe,
    0x69, 0x4b, 0x49, 0x35, 0xc7, 0xfe, 0xbb, 0xae, 0xad, 0x17, 0xc1, 0xfe,
    0x86, 0x6e, 0x6d, 0x35, 0xc2, 0xfe, 0xcc, 0xc1, 0xc1, 0x17, 0xc0, 0xfe,
    0xd5, 0xcc, 0xcc, 0x35, 0xc0, 0xfe, 0xe0, 0xda, 0xda, 0x17, 0xc0, 0xfe,
    0xbf, 0xb3, 0xb2, 0x35, 0xc3, 0xfe, 0xbc, 0xae, 0xad, 0x17, 0xc0, 0xfe,
    0xb5, 0xa7, 0xa6, 0x35, 0xc0, 0x00, 0x17, 0xc0, 0xfe, 0xcc, 0xc2, 0xc3,
    0x36, 0xfd, 0xfd, 0xfd, 0xfd, 0xfd, 0xc1, 0xfe, 0x92, 0x7d, 0x80, 0x17,
    0xc0, 0xfe, 0x82, 0x6a, 0x6d, 0x36, 0xee, 0x9c, 0x85, 0xfe, 0x35, 0x34,
    0x37, 0xc0, 0xff, 0x33, 0x33, 0x37, 0x3e, 0xff, 0x34, 0x34, 0x34, 0x1e,
    0xff, 0x35, 0x34, 0x37, 0xff, 0xc0, 0xfe, 0x62, 0x4d, 0x50, 0xa8, 0x8e,
    0xe1, 0xfe, 0xfd, 0xfd, 0xfd, 0x7f, 0xfe, 0xa6, 0x95, 0x97, 0x36, 0xcf,
    0xa6, 0x88, 0x17, 0xc1, 0x80, 0x8d, 0xfe, 0xc0, 0xb4, 0xb5, 0xc9, 0xfe,
    0x8c, 0x76, 0x79, 0x36, 0xc3, 0xfe, 0xd1, 0xc9, 0xca, 0x17, 0xc0, 0xfe,
    0xd7, 0xd0, 0xd1, 0x36, 0xc4, 0xfe, 0xb9, 0xac, 0xad, 0x17, 0xc0, 0x8f,
    0x8a, 0x36, 0xc8, 0xfe, 0xf9, 0xf9, 0xf9, 0x17, 0xc0, 0xfe, 0xaf, 0xa0,
    0xa2, 0x36, 0xc5, 0x18, 0x17, 0xc1, 0xfe, 0xca, 0xc0, 0xc1, 0x36, 0xc2,
    0xb8, 0x74, 0xfe, 0xf7, 0xf6, 0xf6, 0x17, 0xc0, 0xfe, 0xd3, 0xcb, 0xcc,
    0x36, 0xc4, 0xa2, 0x88, 0xfe, 0xea, 0xe6, 0xe6, 0x17, 0xc0, 0x95, 0x89,
    0xfe, 0x86, 0x6f, 0x72, 0x36, 0xc4, 0x14, 0xfe, 0xd0, 0xc7, 0xc8, 0x17,
    0xc1, 0xfe, 0x95, 0x81, 0x84, 0x36, 0xd1, 0xbc, 0x73, 0x17, 0xc1, 0xfe,
    0x8c, 0x77, 0x79, 0x36, 0xca, 0x18, 0x17, 0xc0, 0x86, 0x8c, 0x36, 0xc9,
    0x2d, 0x17, 0xc0, 0xfe, 0xa2, 0x90, 0x92, 0x36, 0xc6, 0xb9, 0x84, 0x17,
    0xc2, 0xfe, 0xce, 0xc5, 0xc6, 0xfe, 0x7e, 0x66, 0x69, 0x36, 0xc3, 0x7f,
    0xfe, 0xde, 0xd8, 0xd9, 0x17, 0xc2, 0xfe, 0xd5, 0xcd, 0xce, 0xfe, 0x83,
    0x6b, 0x6e, 0x36, 0xc4, 0x15, 0x17, 0xc1, 0xfe, 0x7c, 0x63, 0x66, 0x36,
    0xc4, 0xfe, 0xbe, 0xb2, 0xb3, 0x17, 0xc0, 0x89, 0x8b, 0x36, 0xc4, 0xfe,
    0x90, 0x7b, 0x7e, 0x17, 0xc2, 0xfe, 0xcb, 0xc1, 0xc2, 0x20, 0x36, 0xc4,
    0xfe, 0xba, 0xad, 0xae, 0x17, 0xc1, 0xfe, 0xa3, 0x92, 0x94, 0xfe, 0x70,
    0x55, 0x58, 0xca, 0xb3, 0x85, 0x17, 0xc1, 0xfe, 0x92, 0x7d, 0x80, 0x36,
    0xe8, 0x93, 0x3b, 0x9b, 0x89, 0xfd, 0xf0, 0xfe, 0xfd, 0xfc, 0xfc, 0x17,
    0xfe, 0x9d, 0x89, 0x88, 0x35, 0xfd, 0xfd, 0xfe, 0x87, 0x70, 0x6e, 0x17,
    0xc0, 0xfe, 0x76, 0x5a, 0x59, 0x35, 0xd5, 0xa3, 0x88, 0x17, 0xc1, 0xfe,
    0xc2, 0xb6, 0xb6, 0x35, 0xc7, 0xfe, 0x89, 0x71, 0x70, 0x17, 0xc1, 0xfe,
    0xb5, 0xa7, 0xa6, 0x35, 0xc6, 0xfe, 0xbf, 0xb2, 0xb1, 0x17, 0xc1, 0xfe,
    0x69, 0x4b, 0x49, 0x35, 0xc7, 0xfe, 0xd6, 0xce, 0xcd, 0x17, 0xc1, 0xfe,
    0x71, 0x55, 0x53, 0x35, 0xc2, 0xfe, 0xcc, 0xc1, 0xc1, 0x17, 0xc0, 0xfe,
    0xd5, 0xcc, 0xcc, 0x35, 0xc0, 0xfe, 0x98, 0x84, 0x82, 0x17, 0xc0, 0x9b,
    0x89, 0xfe, 0x72, 0x56, 0x54, 0x35, 0xc1, 0xae, 0x86, 0xfe, 0xf8, 0xf6,
    0xf6, 0x17, 0x13, 0xfe, 0x71, 0x54, 0x53, 0x35, 0xc0, 0x00, 0x17, 0xc0,
    0xfe, 0xcc, 0xc3, 0xc4, 0x36, 0xfd, 0xfd, 0xfd, 0xfd, 0xfd, 0xc1, 0xfe,
    0x92, 0x7d, 0x80, 0x17, 0xc0, 0xfe, 0x82, 0x6a, 0x6d, 0x36, 0xee, 0x9c,
    0x85, 0xfe, 0x35, 0x34, 0x37, 0xc0, 0xff, 0x33, 0x33, 0x37, 0x3e, 0xff,
    0x34, 0x34, 0x34, 0x1e, 0xff, 0x35, 0x34, 0x37, 0xff, 0xc0, 0xfe, 0x62,
    0x4d, 0x50, 0xa8, 0x8e, 0xe1, 0xfe, 0xfd, 0xfd, 0xfd, 0x7f, 0xfe, 0xa6,
    0x95, 0x97, 0x36, 0xcf, 0xa6, 0x88, 0x17, 0xcd, 0xfe, 0xa2, 0x90, 0x92,
    0x36, 0xc3, 0xfe, 0xd1, 0xc9, 0xca, 0x17, 0xc0, 0xfe, 0xd7, 0xd0, 0xd1,
    0x36, 0xc4, 0xfe, 0xb9, 0xac, 0xad, 0x17, 0xc0, 0x8f, 0x8a, 0x36, 0xc8,
    0xfe, 0xf9, 0xf9, 0xf9, 0x17, 0xc0, 0xfe, 0xaf, 0xa0, 0xa2, 0x36, 0xc5,
    0xa3, 0x88, 0xfe, 0xdf, 0xd9, 0xda, 0x17, 0xc1, 0xfe, 0xa3, 0x91, 0x93,
    0x36, 0xc0, 0xa4, 0x87, 0xfe, 0xe1, 0xdc, 0xdd, 0x17, 0xc0, 0x88, 0x8c,
    0xfe, 0x78, 0x5f, 0x62, 0x36, 0xc4, 0xfe, 0x9c, 0x89, 0x8b, 0x17, 0xc1,
    0xfe, 0xa7, 0x96, 0x98, 0x36, 0xc6, 0xaa, 0x87, 0xfe, 0xf4, 0xf2, 0xf2,
    0x17, 0xc0, 0xfe, 0xd5, 0xcd, 0xce, 0x36, 0xd1, 0xfe, 0xa0, 0x8e, 0x90,
    0x17, 0xc0, 0x99, 0x89, 0xfe, 0x72, 0x57, 0x5a, 0x36, 0xca, 0xfe, 0xc0,
    0xb4, 0xb5, 0x17, 0xc0, 0x86, 0x8c, 0x36, 0xc8, 0xfe, 0x8f, 0x7a, 0x7c,
    0x17, 0xc0, 0x96, 0x8a, 0xfe, 0x75, 0x5b, 0x5e, 0x36, 0xc6, 0xb9, 0x84,
    0x17, 0xc1, 0xfe, 0xb1, 0xa3, 0xa4, 0x36, 0xc6, 0x3c, 0x17, 0xc1, 0xfe,
    0xb6, 0xa9, 0xaa, 0x36, 0xc6, 0xfe, 0x9a, 0x87, 0x8a, 0x17, 0xc1, 0xfe,
    0x98, 0x84, 0x86, 0x36, 0xc4, 0xfe, 0xbe, 0xb2, 0xb3, 0x17, 0xc0, 0x89,
    0x8b, 0x36, 0xc4, 0xfe, 0x90, 0x7b, 0x7e, 0x17, 0xc1, 0xfe, 0xa7, 0x97,
    0x99, 0x36, 0xc6, 0xad, 0x86, 0x08, 0x17, 0xc0, 0xfe, 0xc0, 0xb5, 0xb6,
    0x36, 0xcb, 0x26, 0x17, 0xc0, 0xfe, 0xab, 0x9b, 0x9c, 0x36, 0xe8, 0x9c,
    0x79, 0x92, 0x4b, 0xfd, 0xf0, 0xfe, 0xfd, 0xfc, 0xfc, 0x17, 0xfe, 0x9d,
    0x89, 0x88, 0x35, 0xfd, 0xfd, 0xfe, 0x87, 0x70, 0x6e, 0x17, 0xc0, 0xfe,
    0x76, 0x5a, 0x59, 0x35, 0xd5, 0xa3, 0x88, 0x17, 0xc1, 0xfe, 0xc2, 0xb6,
    0xb6, 0x35, 0xc7, 0xfe, 0xd1, 0xc8, 0xc7, 0x17, 0xc1, 0xfe, 0x7e, 0x65,
    0x63, 0x35, 0xc6, 0xfe, 0xbf, 0xb2, 0xb1, 0x17, 0xc1, 0xfe, 0x69, 0x4b,
    0x49, 0x35, 0xc6, 0xba, 0x83, 0xfe, 0xfb, 0xfb, 0xfb, 0x17, 0xc0, 0x84,
    0x7d, 0x35, 0xc3, 0xfe, 0xcc, 0xc1, 0xc1, 0x17, 0xc0, 0xfe, 0xd5, 0xcc,
    0xcc, 0x35, 0xc0, 0xa2, 0x88, 0xfe, 0xe9, 0xe5, 0xe4, 0x17, 0xc0, 0xfe,
    0xb7, 0xa9, 0xa8, 0x35, 0xc1, 0xfe, 0xaf, 0x9f, 0x9e, 0x17, 0xc0, 0xfe,
    0xbf, 0xb3, 0xb2, 0x35, 0xc1, 0x00, 0x17, 0xc0, 0xfe, 0xcc, 0xc3, 0xc4,
    0x36, 0xfd, 0xfd, 0xfd, 0xfd, 0xfd, 0xc1, 0xfe, 0x92, 0x7d, 0x80, 0x17,
    0xc0, 0xfe, 0x82, 0x6a, 0x6d, 0x36, 0xee, 0x9c, 0x85, 0xfe, 0x35, 0x34,
    0x37, 0xc0, 0xff, 0x33, 0x33, 0x37, 0x3e, 0xff, 0x34, 0x34, 0x34, 0x1e,
    0xff, 0x35, 0x34, 0x37, 0xff, 0xc0, 0xfe, 0x62, 0x4d, 0x50, 0xa8, 0x8e,
    0xe1, 0xfe, 0xfd, 0xfd, 0xfd, 0x7f, 0xfe, 0xa6, 0x95, 0x97, 0x36, 0xcf,
    0xa6, 0x88, 0x17, 0xcd, 0xfe, 0xa2, 0x90, 0x92, 0x36, 0xc3, 0xfe, 0xd1,
    0xc9, 0xca, 0x17, 0xc0, 0xfe, 0xd7, 0xd0, 0xd1, 0x36, 0xc4, 0xfe, 0xb9,
    0xac, 0xad, 0x17, 0xc0, 0x8f, 0x8a, 0x36, 0xc8, 0xfe, 0xf9, 0xf9, 0xf9,
    0x17, 0xc0, 0xfe, 0xaf, 0xa0, 0xa2, 0x36, 0xc6, 0xb4, 0x85, 0xfe, 0xf4,
    0xf3, 0xf3, 0x17, 0xc0, 0x98, 0x89, 0xfe, 0x84, 0x6d, 0x6f, 0x36, 0xfe,
    0xbe, 0xb1, 0xb3, 0x17, 0xc0, 0x99, 0x89, 0xfe, 0x89, 0x73, 0x75, 0x36,
    0xc5, 0xfe, 0xcc, 0xc2, 0xc3, 0x17, 0xc0, 0x93, 0x8a, 0xfe, 0x73, 0x59,
    0x5c, 0x36, 0xc7, 0xfe, 0xbe, 0xb1, 0xb3, 0x17, 0xc0, 0x40, 0xfe, 0x78,
    0x5f, 0x62, 0x36, 0xd0, 0xfe, 0xb3, 0xa5, 0xa6, 0x17, 0xc0, 0xfe, 0xe1,
    0xdb, 0xdc, 0x36, 0xcb, 0xfe, 0xc0, 0xb4, 0xb5, 0x17, 0xc0, 0x86, 0x8c,
    0x36, 0xc8, 0xfe, 0xc5, 0xba, 0xbb, 0x17, 0xc0, 0x2b, 0x36, 0xc7, 0xb9,
    0x84, 0x17, 0xc1, 0xfe, 0x95, 0x81, 0x83, 0x36, 0xc6, 0xfe, 0x8d, 0x77,
    0x7a, 0x17, 0xc1, 0xfe, 0x9a, 0x87, 0x8a, 0x36, 0xc6, 0xb3, 0x85, 0x17,
    0xc1, 0xfe, 0xa6, 0x95, 0x97, 0x36, 0xc4, 0xfe, 0xbe, 0xb2, 0xb3, 0x17,
    0xc0, 0x89, 0x8b, 0x36, 0xc4, 0xfe, 0x90, 0x7b, 0x7e, 0x17, 0xc1, 0xfe,
    0x8a, 0x73, 0x76, 0x36, 0xc7, 0x13, 0x17, 0xc0, 0xfe, 0xcf, 0xc6, 0xc7,
    0x36, 0xcb, 0xfe, 0xd6, 0xce, 0xcf, 0x17, 0xc0, 0xfe, 0xbd, 0xb1, 0xb2,
    0x36, 0xe9, 0x94, 0x5b, 0x9a, 0x69, 0xfd, 0xef, 0xfe, 0xfd, 0xfc, 0xfc,
    0x17, 0xfe, 0x9d, 0x89, 0x88, 0x35, 0xfd, 0xfd, 0xfe, 0x87, 0x70, 0x6e,
    0x17, 0xc0, 0xfe, 0x76, 0x5a, 0x59, 0x35, 0xd5, 0xa3, 0x88, 0x17, 0xc1,
    0xfe, 0xc2, 0xb6, 0xb6, 0x35, 0xc6, 0xfe, 0xb4, 0xa5, 0xa4, 0x17, 0xc1,
    0xfe, 0xc7, 0xbc, 0xbc, 0x35, 0xc7, 0xfe, 0xbf, 0xb2, 0xb1, 0x17, 0xc1,
    0xfe, 0x69, 0x4b, 0x49, 0x35, 0xc5, 0xa5, 0x87, 0xfe, 0xda, 0xd3, 0xd3,
    0x17, 0xc1, 0xfe, 0xab, 0x9a, 0x99, 0x35, 0xc3, 0xfe, 0xcc, 0xc1, 0xc1,
    0x17, 0xc0, 0xfe, 0xd5, 0xcc, 0xcc, 0x35, 0xc1, 0xfe, 0xa2, 0x90, 0x8f,
    0x17, 0xc0, 0x97, 0x8a, 0xfe, 0x6c, 0x4f, 0x4d, 0x35, 0xa6, 0x87, 0xfe,
    0xf1, 0xee, 0xee, 0x17, 0x00, 0xfe, 0x77, 0x5d, 0x5b, 0x35, 0xc1, 0x00,
    0x17, 0xc0, 0xfe, 0xcc, 0xc3, 0xc4, 0x36, 0xfd, 0xfd, 0xfd, 0xfd, 0xfd,
    0xc1, 0xfe, 0x92, 0x7d, 0x80, 0x17, 0xc0, 0xfe, 0x82, 0x6a, 0x6d, 0x36,
    0xee, 0x9c, 0x85, 0xfe, 0x35, 0x34, 0x37, 0xc0, 0xff, 0x33, 0x33, 0x37,
    0x3e, 0xff, 0x34, 0x34, 0x34, 0x1e, 0xff, 0x35, 0x34, 0x37, 0xff, 0xc0,
    0xfe, 0x62, 0x4d, 0x50, 0xa8, 0x8e, 0xe1, 0xfe, 0xfd, 0xfd, 0xfd, 0x7f,
    0xfe, 0xa6, 0x95, 0x97, 0x36, 0xcf, 0xa6, 0x88, 0x17, 0xc1, 0x8b, 0x9c,
    0x86, 0x7b, 0xc9, 0xfe, 0x94, 0x7f, 0x82, 0x36, 0xc3, 0xfe, 0xd1, 0xc9,
    0xca, 0x17, 0xc0, 0xfe, 0xd7, 0xd0, 0xd1, 0x36, 0xc4, 0xfe, 0xb9, 0xac,
    0xad, 0x17, 0xc0, 0x8f, 0x8a, 0x36, 0xc8, 0xfe, 0xf9, 0xf9, 0xf9, 0x17,
    0xc0, 0xfe, 0xaf, 0xa0, 0xa2, 0x36, 0xc7, 0xfe, 0x9a, 0x87, 0x8a, 0x17,
    0xc1, 0xfe, 0xe1, 0xdb, 0xdc, 0xfe, 0x9b, 0x88, 0x8a, 0x17, 0xc1, 0xfe,
    0xa3, 0x91, 0x93, 0x36, 0xc6, 0xfe, 0xee, 0xeb, 0xeb, 0x17, 0xc0, 0xfe,
    0xd0, 0xc7, 0xc8, 0x36, 0xc8, 0xfe, 0x97, 0x83, 0x85, 0x17, 0xc1, 0xfe,
    0x98, 0x85, 0x87, 0x36, 0xd0, 0xfe, 0xc5, 0xba, 0xbb, 0x17, 0xc0, 0xfe,
    0xcd, 0xc3, 0xc4, 0x36, 0xcb, 0xfe, 0xc0, 0xb4, 0xb5, 0x17, 0xc0, 0x86,
    0x8c, 0x36, 0xc7, 0xa5, 0x87, 0xfe, 0xf6, 0xf4, 0xf4, 0x17, 0xc0, 0xfe,
    0x8f, 0x7a, 0x7c, 0x36, 0xc7, 0xb9, 0x84, 0x17, 0xc1, 0xfe, 0x95, 0x81,
    0x83, 0x36, 0xc6, 0xb4, 0x75, 0x17, 0xc1, 0xfe, 0xa1, 0x8f, 0x91, 0x36,
    0xc6, 0xa4, 0x88, 0x17, 0xc1, 0xfe, 0xad, 0x9e, 0xa0, 0x36, 0xc4, 0xfe,
    0xbe, 0xb2, 0xb3, 0x17, 0xc0, 0x89, 0x8b, 0x36, 0xc4, 0xfe, 0x90, 0x7b,
    0x7e, 0x17, 0xc1, 0xfe, 0x8a, 0x73, 0x76, 0x36, 0xc7, 0xfe, 0xdb, 0xd4,
    0xd5, 0x17, 0xc0, 0xfe, 0xd7, 0xcf, 0xd0, 0x36, 0xcb, 0xfe, 0xc2, 0xb7,
    0xb8, 0x17, 0xc0, 0xfe, 0xcf, 0xc6, 0xc7, 0x36, 0xe9, 0x9e, 0x78, 0x91,
    0x3c, 0x65, 0xfd, 0xee, 0xfe, 0xfd, 0xfc, 0xfc, 0x17, 0xfe, 0x9d, 0x89,
    0x88, 0x35, 0xfd, 0xfd, 0xfe, 0x87, 0x70, 0x6e, 0x17, 0xc0, 0xfe, 0x76,
    0x5a, 0x59, 0x35, 0xd5, 0xa3, 0x88, 0x17, 0xc1, 0xfe, 0xc4, 0xb8, 0xb7,
    0xfe, 0x64, 0x46, 0x44, 0xc1, 0xa2, 0x88, 0xa9, 0x87, 0xb5, 0x84, 0xfe,
    0x9d, 0x8a, 0x89, 0xfe, 0xdc, 0xd5, 0xd5, 0x17, 0xc1, 0xfe, 0xe3, 0xdd,
    0xdd, 0xfe, 0x6b, 0x4e, 0x4c, 0x35, 0xc7, 0xfe, 0xbf, 0xb2, 0xb1, 0x17,
    0xc1, 0xfe, 0x69, 0x4b, 0x49, 0x35, 0xc4, 0xfe, 0x7f, 0x65, 0x64, 0xfe,
    0xda, 0xd2, 0xd2, 0x17, 0xc1, 0x8a, 0x7b, 0x26, 0x35, 0xc3, 0xfe, 0xcc,
    0xc1, 0xc1, 0x17, 0xc0, 0xfe, 0xd5, 0xcc, 0xcc, 0x35, 0xc1, 0xa6, 0x87,
    0xfe, 0xf1, 0xee, 0xee, 0x17, 0xc0, 0xfe, 0xaf, 0xa0, 0x9f, 0x35, 0xfe,
    0xa2, 0x8f, 0x8e, 0x17, 0xc0, 0xfe, 0xc9, 0xbe, 0xbe, 0x35, 0xc2, 0x00,
    0x17, 0xc0, 0xfe, 0xcc, 0xc3, 0xc4, 0x36, 0xfd, 0xfd, 0xfd, 0xfd, 0xfd,
    0xc1, 0xfe, 0x92, 0x7d, 0x80, 0x17, 0xc0, 0xfe, 0x82, 0x6a, 0x6d, 0x36,
    0xee, 0x9c, 0x85, 0xfe, 0x35, 0x34, 0x37, 0xc0, 0xff, 0x33, 0x33, 0x37,
    0x3e, 0xff, 0x34, 0x34, 0x34, 0x1e, 0xff, 0x35, 0x34, 0x37, 0xff, 0xc0,
    0xfe, 0x62, 0x4d, 0x50, 0xa8, 0x8e, 0xe1, 0xfe, 0xfd, 0xfd, 0xfd, 0x7f,
    0xfe, 0xa6, 0x95, 0x97, 0x36, 0xcf, 0xa6, 0x88, 0x17, 0xc1, 0xfe, 0xc0,
    0xb4, 0xb5, 0x36, 0xcf, 0xfe, 0xd1, 0xc9, 0xca, 0x17, 0xc0, 0xfe, 0xd7,
    0xd0, 0xd1, 0x36, 0xc4, 0xfe, 0xb9, 0xac, 0xad, 0x17, 0xc0, 0x8f, 0x8a,
    0x36, 0xc8, 0xfe, 0xf9, 0xf9, 0xf9, 0x17, 0xc0, 0xfe, 0xaf, 0xa0, 0xa2,
    0x36, 0xc8, 0xfe, 0xbd, 0xb1, 0xb2, 0x17, 0xc1, 0x08, 0x17, 0xc0, 0xfe,
    0xc2, 0xb7, 0xb8, 0x36, 0xc6, 0xa7, 0x87, 0x17, 0xc1, 0xfe, 0xb6, 0xa9,
    0xaa, 0x36, 0xc8, 0xaf, 0x86, 0x17, 0xc1, 0x04, 0x36, 0xd0, 0xfe, 0xcd,
    0xc4, 0xc5, 0x17, 0xc0, 0xfe, 0xc0, 0xb4, 0xb5, 0x36, 0xcb, 0x18, 0x17,
    0xc0, 0x86, 0x8c, 0x36, 0xc7, 0xfe, 0xa1, 0x8f, 0x91, 0x17, 0xc0, 0x85,
    0x9d, 0x36, 0xc8, 0xb9, 0x84, 0x17, 0xc1, 0xfe, 0x95, 0x81, 0x83, 0x36,
    0xc6, 0xac, 0x87, 0x17, 0xc1, 0xfe, 0xa2, 0x90, 0x92, 0x36, 0xc7, 0xfe,
    0xfc, 0xfc, 0xfc, 0x17, 0xc0, 0xfe, 0xaf, 0x9f, 0xa1, 0x36, 0xc4, 0xfe,
    0xbe, 0xb2, 0xb3, 0x17, 0xc0, 0x89, 0x8b, 0x36, 0xc4, 0xfe, 0x90, 0x7b,
    0x7e, 0x17, 0xc1, 0xfe, 0x8a, 0x73, 0x76, 0x36, 0xc7, 0xfe, 0xd3, 0xcb,
    0xcc, 0x17, 0xc0, 0xfe, 0xd8, 0xd1, 0xd2, 0x36, 0xcb, 0xfe, 0xb5, 0xa7,
    0xa9, 0x17, 0xc0, 0xfe, 0xd8, 0xd1, 0xd1, 0x36, 0xea, 0x97, 0x5a, 0x97,
    0x6a, 0xfd, 0xee, 0xfe, 0xfd, 0xfc, 0xfc, 0x17, 0xfe, 0x9d, 0x89, 0x88,
    0x35, 0xfd, 0xfd, 0xfe, 0x87, 0x70, 0x6e, 0x17, 0xc0, 0xfe, 0x76, 0x5a,
    0x59, 0x35, 0xd5, 0xa3, 0x88, 0x17, 0xcc, 0xfe, 0xd5, 0xcd, 0xcd, 0xfe,
    0x6e, 0x51, 0x4f, 0x35, 0xc8, 0xfe, 0xbf, 0xb2, 0xb1, 0x17, 0xc1, 0xfe,
    0xaf, 0xa0, 0x9f, 0x9b, 0x8a, 0xc0, 0xa4, 0x87, 0xa9, 0x86, 0xb3, 0x85,
    0xfe, 0xe5, 0xe0, 0xe0, 0x17, 0xc2, 0x98, 0x8a, 0xfe, 0x84, 0x6b, 0x6a,
    0x35, 0xc4, 0xfe, 0xcc, 0xc1, 0xc1, 0x17, 0xc0, 0xfe, 0xd5, 0xcc, 0xcc,
    0x35, 0xc2, 0xfe, 0xad, 0x9d, 0x9c, 0x17, 0xc0, 0x92, 0x8a, 0xfe, 0x6a,
    0x4d, 0x4b, 0xfe, 0xe8, 0xe4, 0xe4, 0x17, 0xc0, 0xfe, 0x80, 0x67, 0x65,
    0x35, 0xc2, 0x00, 0x17, 0xc0, 0xfe, 0xcc, 0xc3, 0xc4, 0x36, 0xfd, 0xfd,
    0xfd, 0xfd, 0xfd, 0xc1, 0xfe, 0x92, 0x7d, 0x80, 0x17, 0xc0, 0xfe, 0x82,
    0x6a, 0x6d, 0x36, 0xee, 0x9c, 0x85, 0xfe, 0x35, 0x34, 0x37, 0xc0, 0xff,
    0x33, 0x33, 0x37, 0x3e, 0xff, 0x34, 0x34, 0x34, 0x1e, 0xff, 0x35, 0x34,
    0x37, 0xff, 0xc0, 0xfe, 0x62, 0x4d, 0x50, 0xa8, 0x8e, 0xe1, 0xfe, 0xfd,
    0xfd, 0xfd, 0x7f, 0xfe, 0xa6, 0x95, 0x97, 0x36, 0xcf, 0xa6, 0x88, 0x17,
    0xc1, 0xfe, 0xc0, 0xb4, 0xb5, 0x36, 0xcf, 0xfe, 0xd1, 0xc9, 0xca, 0x17,
    0xc0, 0xfe, 0xd7, 0xd0, 0xd1, 0x36, 0xc4, 0xfe, 0xb9, 0xac, 0xad, 0x17,
    0xc0, 0x8f, 0x8a, 0x36, 0xc8, 0xfe, 0xf9, 0xf9, 0xf9, 0x17, 0xc0, 0xfe,
    0xaf, 0xa0, 0xa2, 0x36, 0xc8, 0xa3, 0x88, 0xfe, 0xde, 0xd7, 0xd8, 0x17,
    0xc2, 0xfe, 0xde, 0xd8, 0xd9, 0xfe, 0x73, 0x59, 0x5c, 0x36, 0xc6, 0xb7,
    0x85, 0x17, 0xc1, 0xfe, 0xaa, 0x99, 0x9b, 0x36, 0xc8, 0x7f, 0x08, 0x17,
    0xc0, 0xfe, 0xbd, 0xb0, 0xb1, 0x36, 0xd0, 0xfe, 0xd3, 0xcb, 0xcc, 0x17,
    0xc0, 0xfe, 0xb8, 0xab, 0xac, 0x36, 0xcb, 0xfe, 0xc0, 0xb4, 0xb5, 0x17,
    0xc0, 0x86, 0x8c, 0x36, 0xc7, 0xfe, 0xd7, 0xcf, 0xd0, 0x17, 0xc0, 0xfe,
    0xb2, 0xa4, 0xa6, 0x36, 0xc8, 0xb9, 0x84, 0x17, 0xc1, 0xfe, 0x95, 0x81,
    0x83, 0x36, 0xc6, 0xaa, 0x86, 0x17, 0xc1, 0xfe, 0xa2, 0x90, 0x92, 0x36,
    0xc7, 0xfe, 0xfa, 0xf9, 0xf9, 0x17, 0xc0, 0xfe, 0xaf, 0x9f, 0xa1, 0x36,
    0xc4, 0xfe, 0xbe, 0xb2, 0xb3, 0x17, 0xc0, 0x89, 0x8b, 0x36, 0xc4, 0xfe,
    0x90, 0x7b, 0x7e, 0x17, 0xc1, 0xfe, 0x8a, 0x73, 0x76, 0x36, 0xc7, 0xfe,
    0xd0, 0xc7, 0xc8, 0x17, 0xc0, 0xfe, 0xd8, 0xd1, 0xd2, 0x36, 0xcb, 0xfe,
    0xae, 0x9f, 0xa0, 0x17, 0xc0, 0x02, 0x36, 0xea, 0x55, 0x91, 0x3b, 0x41,
    0xfd, 0xed, 0xfe, 0xfd, 0xfc, 0xfc, 0x17, 0xfe, 0x9d, 0x89, 0x88, 0x35,
    0xfd, 0xfd, 0xfe, 0x87, 0x70, 0x6e, 0x17, 0xc0, 0xfe, 0x76, 0x5a, 0x59,
    0x35, 0xd5, 0xa3, 0x88, 0x17, 0xca, 0x84, 0x7d, 0xfe, 0x9b, 0x87, 0x86,
    0x35, 0xca, 0xfe, 0xbf, 0xb2, 0xb1, 0x17, 0xcb, 0x8d, 0x7b, 0xfe, 0x84,
    0x6c, 0x6a, 0x35, 0xc5, 0xfe, 0xcc, 0xc1, 0xc1, 0x17, 0xc0, 0xfe, 0xd5,
    0xcc, 0xcc, 0x35, 0xc2, 0xac, 0x86, 0xfe, 0xf7, 0xf5, 0xf5, 0x17, 0xc0,
    0xfe, 0xd5, 0xcd, 0xcd, 0x17, 0xc0, 0xfe, 0xd2, 0xc9, 0xc9, 0x35, 0xc3,
    0x00, 0x17, 0xc0, 0xfe, 0xcc, 0xc3, 0xc4, 0x36, 0xfd, 0xfd, 0xfd, 0xfd,
    0xfd, 0xc1, 0xfe, 0x92, 0x7d, 0x80, 0x17, 0xc0, 0xfe, 0x82, 0x6a, 0x6d,
    0x36, 0xee, 0x9c, 0x85, 0xfe, 0x35, 0x34, 0x37, 0xc0, 0xff, 0x33, 0x33,
    0x37, 0x3e, 0xff, 0x34, 0x34, 0x34, 0x1e, 0xff, 0x35, 0x34, 0x37, 0xff,
    0xc0, 0xfe, 0x62, 0x4d, 0x50, 0xa8, 0x8e, 0xe1, 0xfe, 0xfd, 0xfd, 0xfd,
    0x7f, 0xfe, 0xa6, 0x95, 0x97, 0x36, 0xcf, 0xa6, 0x88, 0x17, 0xc1, 0xfe,
    0xc0, 0xb4, 0xb5, 0x36, 0xcf, 0xfe, 0xd1, 0xc9, 0xca, 0x17, 0xc0, 0xfe,
    0xd7, 0xd0, 0xd1, 0x36, 0xc4, 0xfe, 0xb9, 0xac, 0xad, 0x17, 0xc0, 0x8f,
    0x8a, 0x36, 0xc8, 0xfe, 0xf9, 0xf9, 0xf9, 0x17, 0xc0, 0xfe, 0xaf, 0xa0,
    0xa2, 0x36, 0xc9, 0xb6, 0x74, 0x08, 0x17, 0xc1, 0xfe, 0x8f, 0x7a, 0x7c,
    0x36, 0xc7, 0xbc, 0x84, 0x17, 0xc1, 0xfe, 0xa3, 0x92, 0x94, 0x36, 0xc9,
    0xfe, 0xf8, 0xf7, 0xf7, 0x17, 0xc0, 0xfe, 0xc1, 0xb5, 0xb7, 0x36, 0xd0,
    0xfe, 0xd7, 0xcf, 0xd0, 0x17, 0xc0, 0xfe, 0xb6, 0xa8, 0xaa, 0x36, 0xcb,
    0x18, 0x17, 0xc0, 0x86, 0x8c, 0x36, 0xc6, 0xb2, 0x75, 0x08, 0x17, 0x08,
    0xfe, 0x7e, 0x66, 0x69, 0x36, 0xc8, 0xb9, 0x84, 0x17, 0xc1, 0xfe, 0x95,
    0x81, 0x83, 0x36, 0xc6, 0xaa, 0x86, 0x17, 0xc1, 0xfe, 0xa2, 0x90, 0x92,
    0x36, 0xc7, 0xfe, 0xfa, 0xf9, 0xf9, 0x17, 0xc0, 0xfe, 0xaf, 0x9f, 0xa1,
    0x36, 0xc4, 0xfe, 0xbe, 0xb2, 0xb3, 0x17, 0xc0, 0x89, 0x8b, 0x36, 0xc4,
    0xfe, 0x90, 0x7b, 0x7e, 0x17, 0xc1, 0xfe, 0x8a, 0x73, 0x76, 0x36, 0xc7,
    0xfe, 0xd0, 0xc7, 0xc8, 0x17, 0xc0, 0xfe, 0xd8, 0xd1, 0xd2, 0x36, 0xcb,
    0xfe, 0xac, 0x9c, 0x9e, 0x17, 0xc0, 0xfe, 0xe1, 0xdc, 0xdd, 0x36, 0xeb,
    0x99, 0x59, 0x95, 0x6b, 0xfd, 0xed, 0xfe, 0xfd, 0xfc, 0xfc, 0x17, 0xfe,
    0x9d, 0x89, 0x88, 0x35, 0xfd, 0xfd, 0xfe, 0x87, 0x70, 0x6e, 0x17, 0xc0,
    0xfe, 0x76, 0x5a, 0x59, 0x35, 0xd5, 0xa3, 0x88, 0x17, 0xca, 0xfe, 0xd9,
    0xd2, 0xd1, 0xfe, 0x66, 0x48, 0x46, 0x35, 0xca, 0xfe, 0xbf, 0xb2, 0xb1,
    0x17, 0xc9, 0x96, 0x8a, 0xfe, 0xb7, 0xa9, 0xa8, 0xfe, 0x6c, 0x4f, 0x4d,
    0x35, 0xc6, 0xfe, 0xcc, 0xc1, 0xc1, 0x17, 0xc0, 0xfe, 0xd5, 0xcc, 0xcc,
    0x35, 0xc3, 0xfe, 0xb8, 0xaa, 0xa9, 0x17, 0xc3, 0xfe, 0x89, 0x72, 0x70,
    0x35, 0xc3, 0xfe, 0xfd, 0xfc, 0xfd, 0x17, 0xc0, 0xfe, 0xcc, 0xc3, 0xc4,
    0x36, 0xfd, 0xfd, 0xfd, 0xfd, 0xfd, 0xc1, 0xfe, 0x92, 0x7d, 0x80, 0x17,
    0xc0, 0xfe, 0x82, 0x6a, 0x6d, 0x36, 0xee, 0x9c, 0x85, 0xfe, 0x35, 0x34,
    0x37, 0xc0, 0xff, 0x33, 0x33, 0x37, 0x3e, 0xff, 0x34, 0x34, 0x34, 0x1e,
    0xff, 0x35, 0x34, 0x37, 0xff, 0xc0, 0xfe, 0x62, 0x4d, 0x50, 0xa8, 0x8e,
    0xe1, 0xfe, 0xfd, 0xfd, 0xfd, 0x7f, 0xfe, 0xa6, 0x95, 0x97, 0x36, 0xcf,
    0xa6, 0x88, 0x17, 0xc1, 0xfe, 0xc0, 0xb4, 0xb5, 0x36, 0xcf, 0xfe, 0xd1,
    0xc9, 0xca, 0x17, 0xc0, 0xfe, 0xd7, 0xd0, 0xd1, 0x36, 0xc4, 0xfe, 0xb9,
    0xac, 0xad, 0x17, 0xc0, 0x8f, 0x8a, 0x36, 0xc8, 0xfe, 0xf9, 0xf9, 0xf9,
    0x17, 0xc0, 0xfe, 0xaf, 0xa0, 0xa2, 0x36, 0xc9, 0xfe, 0xbd, 0xb0, 0xb1,
    0x17, 0xc2, 0xfe, 0xdf, 0xd9, 0xd9, 0xfe, 0x73, 0x58, 0x5b, 0x36, 0xc6,
    0xba, 0x74, 0x17, 0xc1, 0xfe, 0xa8, 0x97, 0x99, 0x36, 0xc9, 0xfe, 0xfc,
    0xfc, 0xfc, 0x17, 0xc0, 0xfe, 0xbf, 0xb3, 0xb4, 0x36, 0xd0, 0xfe, 0xd2,
    0xc9, 0xca, 0x17, 0xc0, 0x27, 0x36, 0xcb, 0x18, 0x17, 0xc0, 0x86, 0x8c,
    0x36, 0xc6, 0xfe, 0xb3, 0xa5, 0xa6, 0x17, 0xc0, 0xfe, 0xd5, 0xcd, 0xce,
    0x36, 0xc9, 0xb9, 0x84, 0x17, 0xc1, 0xfe, 0x95, 0x81, 0x83, 0x36, 0xc6,
    0xaa, 0x86, 0x17, 0xc1, 0xfe, 0xa2, 0x90, 0x92, 0x36, 0xc7, 0xfe, 0xfa,
    0xf9, 0xf9, 0x17, 0xc0, 0xfe, 0xaf, 0x9f, 0xa1, 0x36, 0xc4, 0xfe, 0xbe,
    0xb2, 0xb3, 0x17, 0xc0, 0x89, 0x8b, 0x36, 0xc4, 0xfe, 0x90, 0x7b, 0x7e,
    0x17, 0xc1, 0xfe, 0x8a, 0x73, 0x76, 0x36, 0xc7, 0xfe, 0xd0, 0xc7, 0xc8,
    0x17, 0xc0, 0xfe, 0xd8, 0xd1, 0xd2, 0x36, 0xcb, 0x3c, 0x17, 0xc0, 0xfe,
    0xdc, 0xd6, 0xd7, 0x36, 0xec, 0x91, 0x3b, 0x9d, 0x89, 0xfd, 0xec, 0xfe,
    0xfd, 0xfc, 0xfc, 0x17, 0xfe, 0x9d, 0x89, 0x88, 0x35, 0xfd, 0xfd, 0xfe,
    0x87, 0x70, 0x6e, 0x17, 0xc0, 0xfe, 0x76, 0x5a, 0x59, 0x35, 0xd5, 0xa3,
    0x88, 0x17, 0xc1, 0xfe, 0xc4, 0xb9, 0xb8, 0xfe, 0x67, 0x49, 0x47, 0xc2,
    0xa8, 0x87, 0xfe, 0xe3, 0xde, 0xde, 0x17, 0xc1, 0xfe, 0xc6, 0xbb, 0xba,
    0x35, 0xca, 0xfe, 0xbf, 0xb2, 0xb1, 0x17, 0xc1, 0xfe, 0xd0, 0xc7, 0xc6,
    0x9d, 0x88, 0xc1, 0x9a, 0x89, 0x95, 0x8a, 0x8a, 0x8c, 0xfe, 0x8e, 0x78,
    0x76, 0x08, 0x35, 0xc8, 0xfe, 0xcc, 0xc1, 0xc1, 0x17, 0xc0, 0xfe, 0xd5,
    0xcc, 0xcc, 0x35, 0xc3, 0xb4, 0x95, 0xfe, 0xfb, 0xfa, 0xfa, 0x17, 0xc1,
    0xfe, 0xdc, 0xd5, 0xd5, 0x35, 0xc3, 0xa8, 0xa6, 0xfe, 0xfd, 0xfd, 0xfd,
    0x17, 0xc0, 0xfe, 0xcc, 0xc3, 0xc4, 0x36, 0xfd, 0xfd, 0xfd, 0xfd, 0xfd,
    0xc1, 0xfe, 0x92, 0x7d, 0x80, 0x17, 0xc0, 0xfe, 0x82, 0x6a, 0x6d, 0x36,
    0xee, 0x9c, 0x85, 0xfe, 0x35, 0x34, 0x37, 0xc0, 0xff, 0x33, 0x33, 0x37,
    0x3e, 0xff, 0x34, 0x34, 0x34, 0x1e, 0xff, 0x35, 0x34, 0x37, 0xff, 0xc0,
    0xfe, 0x62, 0x4d, 0x50, 0xa8, 0x8e, 0xe1, 0xfe, 0xfd, 0xfd, 0xfd, 0x7f,
    0xfe, 0xa6, 0x95, 0x97, 0x36, 0xcf, 0xa6, 0x88, 0x17, 0xc1, 0xfe, 0xc0,
    0xb4, 0xb5, 0x36, 0xcf, 0xfe, 0xd1, 0xc9, 0xca, 0x17, 0xc0, 0xfe, 0xd7,
    0xd0, 0xd1, 0x36, 0xc4, 0xfe, 0xb9, 0xac, 0xad, 0x17, 0xc0, 0x91, 0x8a,
    0x36, 0xc8, 0xfe, 0xf9, 0xf9, 0xf9, 0x17, 0xc0, 0xfe, 0xaf, 0xa0, 0xa2,
    0x36, 0xc8, 0xfe, 0x9c, 0x89, 0x8b, 0x17, 0xc4, 0xfe, 0xbf, 0xb3, 0xb4,
    0x36, 0xc6, 0xad, 0x86, 0x17, 0xc1, 0xfe, 0xb1, 0xa3, 0xa4, 0x36, 0xc8,
    0xa9, 0x87, 0x17, 0xc1, 0xfe, 0xb4, 0xa6, 0xa8, 0xfe, 0x70, 0x55, 0x58,
    0xd0, 0xfe, 0xcc, 0xc3, 0xc4, 0xfe, 0xfe, 0xfe, 0xfe, 0xc0, 0xfe, 0xc1,
    0xb5, 0xb7, 0x36, 0xcb, 0x18, 0x17, 0xc0, 0x86, 0x8c, 0x36, 0xc6, 0x2d,
    0x17, 0xc0, 0xfe, 0x9f, 0x8d, 0x8f, 0x36, 0xc9, 0xb9, 0x84, 0x17, 0xc1,
    0xfe, 0x95, 0x81, 0x83, 0x36, 0xc6, 0xaa, 0x86, 0x17, 0xc1, 0xfe, 0xa2,
    0x90, 0x92, 0x36, 0xc7, 0xfe, 0xfa, 0xf9, 0xf9, 0x17, 0xc0, 0xfe, 0xaf,
    0x9f, 0xa1, 0x36, 0xc4, 0xfe, 0xbe, 0xb2, 0xb3, 0x17, 0xc0, 0x89, 0x8b,
    0x36, 0xc4, 0xfe, 0x90, 0x7b, 0x7e, 0x17, 0xc1, 0xfe, 0x8a, 0x73, 0x76,
    0x36, 0xc7, 0xfe, 0xd0, 0xc7, 0xc8, 0x17, 0xc0, 0xfe, 0xd8, 0xd1, 0xd2,
    0x36, 0xcb, 0xfe, 0xb7, 0xa9, 0xab, 0x17, 0xc0, 0xfe, 0xd6, 0xcf, 0xcf,
    0x36, 0xec, 0x9b, 0x69, 0x93, 0x5b, 0xfd, 0xec, 0xfe, 0xfd, 0xfc, 0xfc,
    0x17, 0xfe, 0x9d, 0x89, 0x88, 0x35, 0xfd, 0xfd, 0xfe, 0x87, 0x70, 0x6e,
    0x17, 0xc0, 0xfe, 0x76, 0x5a, 0x59, 0x35, 0xd5, 0xa3, 0x88, 0x17, 0xc1,
    0xfe, 0xc2, 0xb6, 0xb6, 0x35, 0xc3, 0xb8, 0x84, 0xfe, 0xf2, 0xef, 0xef,
    0x17, 0xc1, 0xfe, 0xb0, 0xa0, 0x9f, 0x35, 0xc9, 0xfe, 0xbf, 0xb2, 0xb1,
    0x17, 0xc1, 0xfe, 0x69, 0x4b, 0x49, 0x35, 0xd0, 0xfe, 0xcc, 0xc1, 0xc1,
    0x17, 0xc0, 0xfe, 0xd5, 0xcc, 0xcc, 0x35, 0xc4, 0xfe, 0xc3, 0xb7, 0xb6,
    0x17, 0xc1, 0xfe, 0x92, 0x7d, 0x7c, 0x35, 0xc2, 0x7f, 0xb0, 0xc4, 0x08,
    0x17, 0xc0, 0xfe, 0xcc, 0xc3, 0xc4, 0x36, 0xfd, 0xfd, 0xfd, 0xfd, 0xfd,
    0xc1, 0xfe, 0x92, 0x7d, 0x80, 0x17, 0xc0, 0xfe, 0x82, 0x6a, 0x6d, 0x36,
    0xee, 0x9c, 0x85, 0xfe, 0x35, 0x34, 0x37, 0xc0, 0xff, 0x33, 0x33, 0x37,
    0x3e, 0xff, 0x34, 0x34, 0x34, 0x1e, 0xff, 0x35, 0x34, 0x37, 0xff, 0xc0,
    0xfe, 0x62, 0x4d, 0x50, 0xa8, 0x8e, 0xe1, 0xfe, 0xfd, 0xfd, 0xfd, 0x7f,
    0xfe, 0xa6, 0x95, 0x97, 0x36, 0xcf, 0xa6, 0x88, 0x17, 0xc1, 0xfe, 0xc0,
    0xb4, 0xb5, 0x36, 0xcf, 0xfe, 0xd1, 0xc9, 0xca, 0x17, 0xc0, 0xfe, 0xd7,
    0xd0, 0xd1, 0x36, 0xc4, 0xfe, 0xb9, 0xac, 0xad, 0x17, 0xc0, 0x96, 0x8a,
    0x36, 0xc8, 0xfe, 0xf9, 0xf9, 0xf9, 0x17, 0xc0, 0xfe, 0xaf, 0xa0, 0xa2,
    0x36, 0xc7, 0xb6, 0x85, 0x0f, 0x17, 0xc0, 0xfe, 0xc8, 0xbe, 0xbf, 0xb1,
    0x86, 0x17, 0xc1, 0xfe, 0x9c, 0x89, 0x8b, 0x36, 0xc6, 0x0f, 0x17, 0xc0,
    0xfe, 0xc9, 0xbf, 0xc0, 0x36, 0xc8, 0xfe, 0x8f, 0x7a, 0x7c, 0x17, 0xc1,
    0xfe, 0xa1, 0x8f, 0x91, 0x36, 0xd0, 0xfe, 0xc2, 0xb6, 0xb7, 0x17, 0xc0,
    0xfe, 0xce, 0xc5, 0xc6, 0xfe, 0x70, 0x55, 0x58, 0xcb, 0x18, 0x17, 0xc0,
    0x86, 0x8c, 0x36, 0xc5, 0x34, 0x17, 0xc0, 0x95, 0x89, 0xfe, 0x74, 0x59,
    0x5c, 0x36, 0xc9, 0xb9, 0x84, 0x17, 0xc1, 0xfe, 0x95, 0x81, 0x83, 0x36,
    0xc6, 0xaa, 0x86, 0x17, 0xc1, 0xfe, 0xa2, 0x90, 0x92, 0x36, 0xc7, 0xfe,
    0xfa, 0xf9, 0xf9, 0x17, 0xc0, 0xfe, 0xaf, 0x9f, 0xa1, 0x36, 0xc4, 0xfe,
    0xbe, 0xb2, 0xb3, 0x17, 0xc0, 0x89, 0x8b, 0x36, 0xc4, 0xfe, 0x90, 0x7b,
    0x7e, 0x17, 0xc1, 0xfe, 0x8a, 0x73, 0x76, 0x36, 0xc7, 0xfe, 0xd0, 0xc7,
    0xc8, 0x17, 0xc0, 0xfe, 0xd8, 0xd1, 0xd2, 0x36, 0xcb, 0xfe, 0xc4, 0xb9,
    0xbb, 0x17, 0xc0, 0xfe, 0xcc, 0xc2, 0xc3, 0x36, 0xed, 0x93, 0x4b, 0x9b,
    0x79, 0xfd, 0xeb, 0xfe, 0xfd, 0xfc, 0xfc, 0x17, 0xfe, 0x9d, 0x89, 0x88,
    0x35, 0xfd, 0xfd, 0xfe, 0x87, 0x70, 0x6e, 0x17, 0xc0, 0xfe, 0x76, 0x5a,
    0x59, 0x35, 0xd5, 0xa3, 0x88, 0x17, 0xc1, 0xfe, 0xc2, 0xb6, 0xb6, 0x35,
    0xc4, 0xfe, 0x87, 0x6f, 0x6d, 0xfe, 0xfb, 0xfa, 0xfa, 0x17, 0xc1, 0xfe,
    0x99, 0x85, 0x84, 0x35, 0xc8, 0xfe, 0xbf, 0xb2, 0xb1, 0x17, 0xc1, 0xfe,
    0x69, 0x4b, 0x49, 0x35, 0xd0, 0xfe, 0xcc, 0xc1, 0xc1, 0x17, 0xc0, 0xfe,
    0xd5, 0xcc, 0xcc, 0x35, 0xc4, 0xbe, 0x83, 0x08, 0x17, 0x82, 0x8d, 0xfe,
    0x63, 0x44, 0x42, 0x35, 0xc2, 0xab, 0xa5, 0x36, 0x08, 0x17, 0xc0, 0xfe,
    0xcc, 0xc3, 0xc4, 0x36, 0xfd, 0xfd, 0xfd, 0xfd, 0xfd, 0xc1, 0xfe, 0x92,
    0x7d, 0x80, 0x17, 0xc0, 0xfe, 0x82, 0x6a, 0x6d, 0x36, 0xee, 0x9c, 0x85,
    0xfe, 0x35, 0x34, 0x37, 0xc0, 0xff, 0x33, 0x33, 0x37, 0x3e, 0xff, 0x34,
    0x34, 0x34, 0x1e, 0xff, 0x35, 0x34, 0x37, 0xff, 0xc0, 0xfe, 0x62, 0x4d,
    0x50, 0xa8, 0x8e, 0xe1, 0xfe, 0xfd, 0xfd, 0xfd, 0x7f, 0xfe, 0xa6, 0x95,
    0x97, 0x36, 0xcf, 0xa6, 0x88, 0x17, 0xc1, 0xfe, 0xc0, 0xb4, 0xb5, 0x36,
    0xcf, 0xfe, 0xd1, 0xc9, 0xca, 0x17, 0xc0, 0xfe, 0xd7, 0xd0, 0xd1, 0x36,
    0xc4, 0xfe, 0xb5, 0xa7, 0xa9, 0x17, 0xc1, 0xfe, 0x73, 0x58, 0x5b, 0x36,
    0xc7, 0xfe, 0xf9, 0xf9, 0xf9, 0x17, 0xc0, 0xfe, 0xaf, 0xa0, 0xa2, 0x36,
    0xc6, 0xa5, 0x87, 0xfe, 0xe3, 0xdd, 0xde, 0x17, 0xc0, 0x87, 0x8c, 0xfe,
    0x76, 0x5c, 0x5f, 0xa9, 0x86, 0xfe, 0xf2, 0xf0, 0xf0, 0x17, 0xc0, 0x95,
    0x8a, 0xfe, 0x82, 0x6b, 0x6d, 0x36, 0xc5, 0xfe, 0xd8, 0xd1, 0xd1, 0x17,
    0xc0, 0x8a, 0x8b, 0x36, 0xc8, 0xfe, 0xb1, 0xa3, 0xa4, 0x17, 0xc1, 0xfe,
    0x82, 0x6a, 0x6d, 0x36, 0xd0, 0x04, 0x17, 0xc0, 0x15, 0x36, 0xcb, 0xfe,
    0xc0, 0xb4, 0xb5, 0x17, 0xc0, 0x86, 0x8c, 0x36, 0xc5, 0xfe, 0xc5, 0xba,
    0xbb, 0x17, 0xc0, 0xfe, 0xc3, 0xb7, 0xb9, 0x36, 0xca, 0xb9, 0x84, 0x17,
    0xc1, 0xfe, 0x95, 0x81, 0x83, 0x36, 0xc6, 0xaa, 0x86, 0x17, 0xc1, 0xfe,
    0xa2, 0x90, 0x92, 0x36, 0xc7, 0xfe, 0xfa, 0xf9, 0xf9, 0x17, 0xc0, 0xfe,
    0xaf, 0x9f, 0xa1, 0x36, 0xc4, 0xfe, 0xbe, 0xb2, 0xb3, 0x17, 0xc0, 0x89,
    0x8b, 0x36, 0xc4, 0xfe, 0x90, 0x7b, 0x7e, 0x17, 0xc1, 0xfe, 0x8a, 0x73,
    0x76, 0x36, 0xc7, 0xfe, 0xd0, 0xc7, 0xc8, 0x17, 0xc0, 0xfe, 0xd8, 0xd1,
    0xd2, 0x36, 0xcb, 0x25, 0x17, 0xc0, 0xfe, 0xb9, 0xac, 0xad, 0x36, 0xed,
    0x9d, 0x78, 0x91, 0x4c, 0xfd, 0xeb, 0xfe, 0xfd, 0xfc, 0xfc, 0x17, 0xfe,
    0x9d, 0x89, 0x88, 0x35, 0xfd, 0xfd, 0xfe, 0x87, 0x70, 0x6e, 0x17, 0xc0,
    0xfe, 0x76, 0x5a, 0x59, 0x35, 0xd5, 0xa3, 0x88, 0x17, 0xc1, 0xfe, 0xc2,
    0xb6, 0xb6, 0x35, 0xc5, 0xfe, 0x9d, 0x8a, 0x89, 0x17, 0xc1, 0x9b, 0x89,
    0xfe, 0x86, 0x6e, 0x6d, 0x35, 0xc7, 0xfe, 0xbf, 0xb2, 0xb1, 0x17, 0xc1,
    0xfe, 0x69, 0x4b, 0x49, 0x35, 0xd0, 0xfe, 0xcc, 0xc1, 0xc1, 0x17, 0xc0,
    0xfe, 0xd5, 0xcc, 0xcc, 0x35, 0xc5, 0xfe, 0x95, 0x80, 0x7f, 0xac, 0x86,
    0xfe, 0x81, 0x68, 0x67, 0x35, 0xc2, 0xa3, 0x98, 0x36, 0xc0, 0xfe, 0xfd,
    0xfd, 0xfd, 0x17, 0xc0, 0xfe, 0xcc, 0xc3, 0xc4, 0x36, 0xfd, 0xfd, 0xfd,
    0xfd, 0xfd, 0xc1, 0xfe, 0x92, 0x7d, 0x80, 0x17, 0xc0, 0xfe, 0x82, 0x6a,
    0x6d, 0x36, 0xee, 0x9c, 0x85, 0xfe, 0x35, 0x34, 0x37, 0xc0, 0xff, 0x33,
    0x33, 0x37, 0x3e, 0xff, 0x34, 0x34, 0x34, 0x1e, 0xff, 0x35, 0x34, 0x37,
    0xff, 0xc0, 0xfe, 0x62, 0x4d, 0x50, 0xa8, 0x8e, 0xe1, 0xfe, 0xfd, 0xfd,
    0xfd, 0x7f, 0xfe, 0xa6, 0x95, 0x97, 0x36, 0xcf, 0xa6, 0x88, 0x17, 0xc1,
    0xfe, 0xc0, 0xb4, 0xb5, 0x36, 0xcf, 0xfe, 0xd1, 0xc9, 0xca, 0x17, 0xc0,
    0xfe, 0xd7, 0xd0, 0xd1, 0x36, 0xc4, 0xfe, 0xa9, 0x99, 0x9b, 0x17, 0xc1,
    0xfe, 0x8c, 0x76, 0x79, 0x36, 0xc6, 0xa5, 0x87, 0xfe, 0xfb, 0xfa, 0xfa,
    0x17, 0xc0, 0xfe, 0xaf, 0xa0, 0xa2, 0x36, 0xc6, 0xfe, 0xc5, 0xba, 0xbb,
    0x17, 0xc0, 0x22, 0xfe, 0x8b, 0x75, 0x78, 0x36, 0xc0, 0xfe, 0x99, 0x85,
    0x88, 0x17, 0xc1, 0xfe, 0xe1, 0xdc, 0xdd, 0xfe, 0x74, 0x59, 0x5c, 0x36,
    0xc4, 0xfe, 0xad, 0x9d, 0x9f, 0x17, 0xc1, 0xfe, 0x97, 0x83, 0x85, 0x36,
    0xc6, 0xa2, 0x88, 0xfe, 0xe9, 0xe5, 0xe5, 0x17, 0xc0, 0x83, 0x8c, 0x36,
    0xd1, 0xfe, 0x9c, 0x89, 0x8b, 0x17, 0xc0, 0x9b, 0x89, 0xfe, 0x73, 0x59,
    0x5c, 0x36, 0xca, 0x18, 0x17, 0xc0, 0x86, 0x8c, 0x36, 0xc4, 0x3a, 0xfe,
    0xf6, 0xf4, 0xf4, 0x17, 0xc0, 0xfe, 0x8d, 0x77, 0x7a, 0x36, 0xca, 0xb9,
    0x84, 0x17, 0xc1, 0xfe, 0x95, 0x81, 0x83, 0x36, 0xc6, 0xaa, 0x86, 0x17,
    0xc1, 0xfe, 0xa2, 0x90, 0x92, 0x36, 0xc7, 0x13, 0x17, 0xc0, 0xfe, 0xaf,
    0x9f, 0xa1, 0x36, 0xc4, 0xfe, 0xbe, 0xb2, 0xb3, 0x17, 0xc0, 0x89, 0x8b,
    0x36, 0xc4, 0xfe, 0x90, 0x7b, 0x7e, 0x17, 0xc1, 0xfe, 0x8a, 0x73, 0x76,
    0x36, 0xc7, 0xfe, 0xd0, 0xc7, 0xc8, 0x17, 0xc0, 0xfe, 0xd8, 0xd1, 0xd2,
    0x36, 0xcb, 0xfe, 0xf3, 0xf1, 0xf1, 0x17, 0xc0, 0xfe, 0xa6, 0x95, 0x97,
    0x36, 0xee, 0x95, 0x4a, 0x99, 0x7a, 0xfd, 0xea, 0xfe, 0xfd, 0xfc, 0xfc,
    0x17, 0xfe, 0x9d, 0x89, 0x88, 0x35, 0xfd, 0xfd, 0xfe, 0x87, 0x70, 0x6e,
    0x17, 0xc0, 0xfe, 0x76, 0x5a, 0x59, 0x35, 0xd5, 0xa3, 0x88, 0x17, 0xc1,
    0xfe, 0xc2, 0xb6, 0xb6, 0x35, 0xc6, 0xfe, 0xb7, 0xa9, 0xa8, 0x17, 0xc1,
    0x91, 0x8b, 0xfe, 0x77, 0x5c, 0x5a, 0x35, 0xc6, 0xfe, 0xbf, 0xb2, 0xb1,
    0x17, 0xc1, 0xfe, 0x69, 0x4b, 0x49, 0x35, 0xd0, 0xfe, 0xcc, 0xc1, 0xc1,
    0x17, 0xc0, 0xfe, 0xd5, 0xcc, 0xcc, 0x35, 0xcc, 0xad, 0xc5, 0x36, 0xc0,
    0x08, 0x17, 0xc0, 0xfe, 0xcc, 0xc3, 0xc4, 0x36, 0xfd, 0xfd, 0xfd, 0xfd,
    0xfd, 0xc1, 0xfe, 0x92, 0x7d, 0x80, 0x17, 0xc0, 0xfe, 0x82, 0x6a, 0x6d,
    0x36, 0xee, 0x9c, 0x85, 0xfe, 0x35, 0x34, 0x37, 0xc0, 0xff, 0x33, 0x33,
    0x37, 0x3e, 0xff, 0x34, 0x34, 0x34, 0x1e, 0xff, 0x35, 0x34, 0x37, 0xff,
    0xc0, 0xfe, 0x62, 0x4d, 0x50, 0xa8, 0x8e, 0xe1, 0xfe, 0xfd, 0xfd, 0xfd,
    0x7f, 0xfe, 0xa6, 0x95, 0x97, 0x36, 0xcf, 0xa6, 0x88, 0x17, 0xc1, 0xfe,
    0xc0, 0xb4, 0xb5, 0x36, 0xcf, 0xfe, 0xd1, 0xc9, 0xca, 0x17, 0xc0, 0xfe,
    0xd7, 0xd0, 0xd1, 0x36, 0xc4, 0xfe, 0x90, 0x7b, 0x7d, 0x17, 0xc1, 0xfe,
    0xc2, 0xb7, 0xb8, 0x36, 0xc5, 0xfe, 0x8b, 0x75, 0x78, 0xfe, 0xe5, 0xe1,
    0xe1, 0x17, 0xc1, 0xfe, 0xaf, 0xa0, 0xa2, 0x36, 0xc5, 0xfe, 0xa3, 0x92,
    0x94, 0x17, 0xc1, 0xfe, 0xaf, 0x9f, 0xa1, 0x36, 0xc2, 0xfe, 0xc0, 0xb5,
    0xb6, 0x17, 0xc1, 0x3e, 0x36, 0xc4, 0xac, 0x86, 0xfe, 0xf7, 0xf6, 0xf6,
    0x17, 0xc0, 0x85, 0x9d, 0xfe, 0x77, 0x5d, 0x60, 0x36, 0xc5, 0xfe, 0xb5,
    0xa7, 0xa8, 0x17, 0xc1, 0xfe, 0xab, 0x9b, 0x9d, 0x36, 0xd1, 0xb5, 0x85,
    0x17, 0xc1, 0xfe, 0x91, 0x7c, 0x7e, 0x36, 0xca, 0x18, 0x17, 0xc0, 0x86,
    0x8c, 0x36, 0xc4, 0xfe, 0xa1, 0x8f, 0x91, 0x17, 0xc0, 0x83, 0x9d, 0x36,
    0xcb, 0xb9, 0x84, 0x17, 0xc1, 0xfe, 0x95, 0x81, 0x83, 0x36, 0xc6, 0xaa,
    0x86, 0x17, 0xc1, 0xfe, 0xa2, 0x90, 0x92, 0x36, 0xc7, 0xfe, 0xfa, 0xf9,
    0xf9, 0x17, 0xc0, 0x3c, 0x36, 0xc4, 0xfe, 0xbe, 0xb2, 0xb3, 0x17, 0xc0,
    0x89, 0x8b, 0x36, 0xc4, 0xfe, 0x90, 0x7b, 0x7e, 0x17, 0xc1, 0xfe, 0x8a,
    0x73, 0x76, 0x36, 0xc7, 0xfe, 0xd0, 0xc7, 0xc8, 0x17, 0xc0, 0xfe, 0xd8,
    0xd1, 0xd2, 0x36, 0xca, 0xba, 0x84, 0x17, 0xc1, 0xfe, 0x8c, 0x76, 0x79,
    0x36, 0xee, 0x9e, 0x78, 0x91, 0x4c, 0x55, 0xfd, 0xe9, 0xfe, 0xfd, 0xfc,
    0xfc, 0x17, 0xfe, 0x9d, 0x89, 0x88, 0x35, 0xfd, 0xfd, 0xfe, 0x87, 0x70,
    0x6e, 0x17, 0xc0, 0xfe, 0x76, 0x5a, 0x59, 0x35, 0xd5, 0xa3, 0x88, 0x17,
    0xc1, 0xfe, 0xc2, 0xb6, 0xb6, 0x35, 0xc6, 0xa2, 0x88, 0xfe, 0xd0, 0xc7,
    0xc6, 0x17, 0xc1, 0x83, 0x8d, 0xfe, 0x6c, 0x4f, 0x4d, 0x35, 0xc5, 0xfe,
    0xbf, 0xb2, 0xb1, 0x17, 0xc1, 0xfe, 0x69, 0x4b, 0x49, 0x35, 0xd0, 0xfe,
    0xcc, 0xc1, 0xc1, 0x17, 0xc0, 0xfe, 0xd5, 0xcc, 0xcc, 0x35, 0xcb, 0xa5,
    0xa7, 0x36, 0xc1, 0x08, 0x17, 0xc0, 0xfe, 0xcc, 0xc3, 0xc4, 0x36, 0xfd,
    0xfd, 0xfd, 0xfd, 0xfd, 0xc1, 0xfe, 0x92, 0x7d, 0x80, 0x17, 0xc0, 0xfe,
    0x82, 0x6a, 0x6d, 0x36, 0xee, 0x9c, 0x85, 0xfe, 0x35, 0x34, 0x37, 0xc0,
    0xff, 0x33, 0x33, 0x37, 0x3e, 0xff, 0x34, 0x34, 0x34, 0x1e, 0xff, 0x35,
    0x34, 0x37, 0xff, 0xc0, 0xfe, 0x62, 0x4d, 0x50, 0xa8, 0x8e, 0xe1, 0xfe,
    0xfd, 0xfd, 0xfd, 0x7f, 0xfe, 0xa6, 0x95, 0x97, 0x36, 0xcf, 0xa6, 0x88,
    0x17, 0xc1, 0xfe, 0xc0, 0xb4, 0xb5, 0x36, 0xcf, 0xfe, 0xd1, 0xc9, 0xca,
    0x17, 0xc0, 0xfe, 0xd7, 0xd0, 0xd1, 0x36, 0xc4, 0xa2, 0x88, 0xfe, 0xf2,
    0xf0, 0xf0, 0x17, 0xc0, 0x08, 0xfe, 0xa8, 0x98, 0x9a, 0x14, 0x36, 0xc1,
    0xfe, 0x8c, 0x77, 0x79, 0xfe, 0xcc, 0xc3, 0xc4, 0x08, 0x17, 0xc2, 0xfe,
    0xaf, 0xa0, 0xa2, 0x36, 0xc4, 0xbd, 0x84, 0xfe, 0xf8, 0xf7, 0xf7, 0x17,
    0xc0, 0xfe, 0xd5, 0xcd, 0xce, 0x36, 0xc3, 0xa4, 0x88, 0xfe, 0xe4, 0xdf,
    0xe0, 0x17, 0xc1, 0xfe, 0x9f, 0x8d, 0x8f, 0x36, 0xc4, 0xfe, 0xb4, 0xa6,
    0xa8, 0xfe, 0xfe, 0xfe, 0xfe, 0xc1, 0xfe, 0xdf, 0xd9, 0xda, 0xfe, 0x82,
    0x6b, 0x6d, 0x36, 0xc2, 0xa3, 0x88, 0xfe, 0xb6, 0xa8, 0xaa, 0x17, 0xc1,
    0x86, 0x8c, 0x32, 0x36, 0xd2, 0xfe, 0xef, 0xec, 0xec, 0x17, 0xc0, 0xfe,
    0xb9, 0xac, 0xad, 0x36, 0xca, 0x18, 0x17, 0xc0, 0x2d, 0x36, 0xc4, 0xfe,
    0xd7, 0xcf, 0xd0, 0x17, 0xc0, 0xfe, 0xb0, 0xa1, 0xa3, 0x36, 0xcb, 0xb9,
    0x84, 0x17, 0xc1, 0xfe, 0x95, 0x81, 0x83, 0x36, 0xc6, 0xaa, 0x86, 0x17,
    0xc1, 0xfe, 0xa2, 0x90, 0x92, 0x36, 0xc7, 0xfe, 0xfa, 0xf9, 0xf9, 0x17,
    0xc0, 0xfe, 0xaf, 0x9f, 0xa1, 0x36, 0xc4, 0xfe, 0xbe, 0xb2, 0xb3, 0x17,
    0xc0, 0x89, 0x8b, 0x36, 0xc4, 0xfe, 0x90, 0x7b, 0x7e, 0x17, 0xc1, 0xfe,
    0x8a, 0x73, 0x76, 0x36, 0xc7, 0xfe, 0xd0, 0xc7, 0xc8, 0x17, 0xc0, 0xfe,
    0xd8, 0xd1, 0xd2, 0x36, 0xca, 0x3c, 0x17, 0xc0, 0x98, 0x89, 0x14, 0x36,
    0xef, 0x97, 0x5a, 0x97, 0x6a, 0xfd, 0xe9, 0xfe, 0xfd, 0xfc, 0xfc, 0x17,
    0xfe, 0x9d, 0x89, 0x88, 0x35, 0xfd, 0xfd, 0xfe, 0x87, 0x70, 0x6e, 0x17,
    0xc0, 0xfe, 0x76, 0x5a, 0x59, 0x35, 0xd5, 0xa3, 0x88, 0x17, 0xc1, 0xfe,
    0xc2, 0xb6, 0xb6, 0x35, 0xc7, 0xa9, 0x87, 0xfe, 0xe3, 0xdd, 0xdd, 0x17,
    0xc1, 0xfe, 0xd6, 0xce, 0xcd, 0x22, 0x9d, 0x88, 0xc4, 0xfe, 0xbf, 0xb2,
    0xb1, 0x17, 0xc1, 0xfe, 0x69, 0x4b, 0x49, 0x35, 0xd0, 0xfe, 0xcc, 0xc1,
    0xc1, 0x17, 0xc0, 0xfe, 0xd5, 0xcc, 0xcc, 0x35, 0xcb, 0xaf, 0xd5, 0x36,
    0xc1, 0x08, 0x17, 0xc0, 0x24, 0x36, 0xfd, 0xfd, 0xfd, 0xfd, 0xfd, 0xc1,
    0xfe, 0x92, 0x7d, 0x80, 0x17, 0xc0, 0xfe, 0x82, 0x6a, 0x6d, 0x36, 0xee,
    0x9c, 0x85, 0xfe, 0x35, 0x34, 0x37, 0xc0, 0xff, 0x33, 0x33, 0x37, 0x3e,
    0xff, 0x34, 0x34, 0x34, 0x1e, 0xff, 0x35, 0x34, 0x37, 0xff, 0xc0, 0xfe,
    0x62, 0x4d, 0x50, 0xa8, 0x8e, 0xe1, 0xfe, 0xfd, 0xfd, 0xfd, 0x7f, 0xfe,
    0xa6, 0x95, 0x97, 0x36, 0xcf, 0xa6, 0x88, 0x17, 0xc1, 0xfe, 0xc0, 0xb4,
    0xb5, 0x36, 0xcf, 0xfe, 0xd1, 0xc9, 0xca, 0x17, 0xc0, 0xfe, 0xd7, 0xd0,
    0xd1, 0x36, 0xc5, 0xfe, 0xb5, 0xa7, 0xa8, 0x17, 0xc2, 0x95, 0x89, 0x86,
    0x9d, 0x9c, 0x89, 0xb8, 0x84, 0x17, 0xc1, 0x99, 0x89, 0x08, 0x17, 0xc0,
    0xfe, 0xaf, 0xa0, 0xa2, 0x36, 0xc3, 0xa8, 0x87, 0xfe, 0xe8, 0xe4, 0xe4,
    0x17, 0xc0, 0x90, 0x8b, 0xfe, 0x7c, 0x63, 0x66, 0x36, 0xc4, 0xbc, 0x73,
    0xfe, 0xf9, 0xf8, 0xf8, 0x17, 0xc0, 0x97, 0x8a, 0xfe, 0x85, 0x6d, 0x70,
    0x36, 0xc3, 0xa2, 0x88, 0xfe, 0xd9, 0xd2, 0xd3, 0x17, 0xc1, 0x9d, 0x89,
    0xfe, 0xd5, 0xcd, 0xcd, 0x80, 0x9d, 0x9a, 0x99, 0xb4, 0x75, 0xfe, 0xef,
    0xec, 0xec, 0x17, 0xc1, 0x35, 0xfe, 0x8b, 0x75, 0x78, 0x80, 0x8d, 0xd3,
    0xfe, 0xc8, 0xbd, 0xbe, 0x17, 0xc0, 0x85, 0x8c, 0x36, 0xca, 0xfe, 0xc0,
    0xb4, 0xb5, 0x17, 0xc0, 0x2d, 0x36, 0xc3, 0xb2, 0x75, 0x08, 0x17, 0x31,
    0xfe, 0x7d, 0x64, 0x67, 0x36, 0xcb, 0xb9, 0x84, 0x17, 0xc1, 0xfe, 0x95,
    0x81, 0x83, 0x36, 0xc6, 0xaa, 0x86, 0x17, 0xc1, 0xfe, 0xa2, 0x90, 0x92,
    0x36, 0xc7, 0xfe, 0xfa, 0xf9, 0xf9, 0x17, 0xc0, 0xfe, 0xaf, 0x9f, 0xa1,
    0x36, 0xc4, 0xfe, 0xbe, 0xb2, 0xb3, 0x17, 0xc0, 0x89, 0x8b, 0x36, 0xc4,
    0xfe, 0x90, 0x7b, 0x7e, 0x17, 0xc1, 0xfe, 0x8a, 0x73, 0x76, 0x36, 0xc7,
    0xfe, 0xd0, 0xc7, 0xc8, 0x17, 0xc0, 0xfe, 0xd8, 0xd1, 0xd2, 0x36, 0xca,
    0xfe, 0xdc, 0xd6, 0xd7, 0x17, 0xc0, 0xfe, 0xd2, 0xca, 0xcb, 0x36, 0xf0,
    0x55, 0x91, 0x3c, 0x40, 0xfd, 0xe8, 0xfe, 0xfd, 0xfc, 0xfc, 0x17, 0xfe,
    0x9d, 0x89, 0x88, 0x35, 0xfd, 0xfd, 0xfe, 0x87, 0x70, 0x6e, 0x17, 0xc0,
    0xfe, 0x76, 0x5a, 0x59, 0x35, 0xd5, 0xa3, 0x88, 0x17, 0xc1, 0xfe, 0xc2,
    0xb6, 0xb6, 0x35, 0xc8, 0x3c, 0xfe, 0xf1, 0xee, 0xee, 0x17, 0xc1, 0xfe,
    0xc2, 0xb6, 0xb5, 0x35, 0xc4, 0xfe, 0xbf, 0xb2, 0xb1, 0x17, 0xc1, 0xfe,
    0x69, 0x4b, 0x49, 0x35, 0xd0, 0xfe, 0xcc, 0xc1, 0xc1, 0x17, 0xc0, 0xfe,
    0xd5, 0xcc, 0xcc, 0x35, 0xca, 0xa8, 0xa6, 0x36, 0xc2, 0x08, 0x17, 0xc0,
    0xfe, 0xcc, 0xc3, 0xc4, 0x36, 0xfd, 0xfd, 0xfd, 0xfd, 0xfd, 0xc1, 0xfe,
    0x92, 0x7d, 0x80, 0x17, 0xc0, 0xfe, 0x82, 0x6a, 0x6d, 0x36, 0xee, 0x9c,
    0x85, 0xfe, 0x35, 0x34, 0x37, 0xc0, 0xff, 0x33, 0x33, 0x37, 0x3e, 0xff,
    0x34, 0x34, 0x34, 0x1e, 0xff, 0x35, 0x34, 0x37, 0xff, 0xc0, 0xfe, 0x62,
    0x4d, 0x50, 0xa8, 0x8e, 0xe1, 0xfe, 0xfd, 0xfd, 0xfd, 0x7f, 0xfe, 0xa6,
    0x95, 0x97, 0x36, 0xcf, 0xa6, 0x88, 0x17, 0xc1, 0xfe, 0xc0, 0xb4, 0xb5,
    0x36, 0xcf, 0xfe, 0xd1, 0xc9, 0xca, 0x17, 0xc0, 0xfe, 0xd7, 0xd0, 0xd1,
    0x36, 0xc5, 0xa4, 0x87, 0xfe, 0xdd, 0xd7, 0xd7, 0x17, 0xc7, 0xfe, 0xe3,
    0xdd, 0xde, 0xfe, 0x86, 0x6f, 0x71, 0xfe, 0xf9, 0xf9, 0xf9, 0x17, 0xc0,
    0xfe, 0xaf, 0xa0, 0xa2, 0x36, 0xc3, 0xfe, 0xcd, 0xc4, 0xc5, 0x17, 0xc0,
    0x08, 0xfe, 0x97, 0x83, 0x85, 0x36, 0xc6, 0xfe, 0xaa, 0x99, 0x9b, 0x17,
    0xc1, 0x81, 0x8d, 0xfe, 0x75, 0x5b, 0x5e, 0x36, 0xc3, 0xa8, 0x87, 0x19,
    0x17, 0xc8, 0x94, 0x8a, 0xfe, 0x93, 0x7e, 0x80, 0x36, 0xd4, 0xfe, 0x99,
    0x86, 0x88, 0x17, 0xc1, 0xfe, 0x8c, 0x77, 0x79, 0x36, 0xc9, 0x18, 0x17,
    0xc0, 0x86, 0x8c, 0x36, 0xc3, 0xfe, 0xb3, 0xa5, 0xa6, 0x17, 0xc0, 0xfe,
    0xd3, 0xcb, 0xcc, 0x36, 0xcc, 0xb9, 0x84, 0x17, 0xc1, 0xfe, 0x95, 0x81,
    0x83, 0x36, 0xc6, 0xaa, 0x86, 0x17, 0xc1, 0xfe, 0xa2, 0x90, 0x92, 0x36,
    0xc7, 0xfe, 0xfa, 0xf9, 0xf9, 0x17, 0xc0, 0xfe, 0xaf, 0x9f, 0xa1, 0x36,
    0xc4, 0xfe, 0xbe, 0xb2, 0xb3, 0x17, 0xc0, 0x89, 0x8b, 0x36, 0xc4, 0xfe,
    0x90, 0x7b, 0x7e, 0x17, 0xc1, 0xfe, 0x8a, 0x73, 0x76, 0x36, 0xc7, 0xfe,
    0xd0, 0xc7, 0xc8, 0x17, 0xc0, 0xfe, 0xd8, 0xd1, 0xd2, 0x36, 0xc9, 0xb7,
    0x85, 0x17, 0xc1, 0xfe, 0xa4, 0x93, 0x95, 0x36, 0xf1, 0x99, 0x6a, 0x95,
    0x5a, 0xfd, 0xe8, 0xfe, 0xfd, 0xfc, 0xfc, 0x17, 0xfe, 0x9d, 0x89, 0x88,
    0x35, 0xfd, 0xfd, 0xfe, 0x87, 0x70, 0x6e, 0x17, 0xc0, 0xfe, 0x76, 0x5a,
    0x59, 0x35, 0xd5, 0xa3, 0x88, 0x17, 0xc1, 0xfe, 0xc2, 0xb6, 0xb6, 0x35,
    0xc9, 0xfe, 0x87, 0x6f, 0x6d, 0xfe, 0xfa, 0xf9, 0xf9, 0x17, 0xc1, 0xfe,
    0xaa, 0x9a, 0x99, 0x35, 0xc3, 0xfe, 0xbf, 0xb2, 0xb1, 0x17, 0xc1, 0xfe,
    0x69, 0x4b, 0x49, 0x35, 0xd0, 0xfe, 0xcc, 0xc1, 0xc1, 0x17, 0xc0, 0xfe,
    0xd5, 0xcc, 0xcc, 0x35, 0xc9, 0xa2, 0x87, 0xaf, 0xd5, 0x36, 0xc2, 0x08,
    0x17, 0xc0, 0xfe, 0xcc, 0xc3, 0xc4, 0x36, 0xfd, 0xfd, 0xfd, 0xfd, 0xfd,
    0xc1, 0xfe, 0x92, 0x7d, 0x80, 0x17, 0xc0, 0xfe, 0x82, 0x6a, 0x6d, 0x36,
    0xee, 0x9c, 0x85, 0xfe, 0x35, 0x34, 0x37, 0xc0, 0xff, 0x33, 0x33, 0x37,
    0x3e, 0xff, 0x34, 0x34, 0x34, 0x1e, 0xff, 0x35, 0x34, 0x37, 0xff, 0xc0,
    0xfe, 0x62, 0x4d, 0x50, 0xa8, 0x8e, 0xe1, 0xfe, 0xfd, 0xfd, 0xfd, 0x7f,
    0xfe, 0xa6, 0x95, 0x97, 0x36, 0xcf, 0xa6, 0x88, 0x17, 0xc1, 0xfe, 0xc0,
    0xb4, 0xb5, 0x36, 0xcf, 0xfe, 0xd1, 0xc9, 0xca, 0x17, 0xc0, 0xfe, 0xd7,
    0xd0, 0xd1, 0x36, 0xc6, 0xa8, 0x87, 0xfe, 0xc8, 0xbe, 0xbf, 0x08, 0x17,
    0xc3, 0x91, 0x8a, 0xfe, 0xaa, 0x9a, 0x9c, 0xfe, 0x72, 0x57, 0x5a, 0x36,
    0xfe, 0xf9, 0xf9, 0xf9, 0x17, 0xc0, 0xfe, 0xaf, 0xa0, 0xa2, 0x36, 0xc2,
    0xfe, 0xac, 0x9d, 0x9e, 0x17, 0xc1, 0xfe, 0xbd, 0xb0, 0xb1, 0x36, 0xc8,
    0x37, 0x17, 0xc1, 0xfe, 0xc6, 0xbb, 0xbc, 0x36, 0xc4, 0x7f, 0xfe, 0xab,
    0x9b, 0x9c, 0xfe, 0xee, 0xeb, 0xeb, 0x17, 0xc4, 0x9c, 0x89, 0xfe, 0xc9,
    0xbf, 0xc0, 0xfe, 0x7e, 0x65, 0x68, 0x36, 0xd5, 0xa2, 0x88, 0xfe, 0xf0,
    0xed, 0xee, 0x17, 0xc0, 0xfe, 0xc8, 0xbd, 0xbe, 0x36, 0xc9, 0xfe, 0xc0,
    0xb4, 0xb5, 0x17, 0xc0, 0x86, 0x8c, 0x36, 0xc3, 0xfe, 0xe9, 0xe5, 0xe5,
    0x17, 0xc0, 0xfe, 0x9d, 0x8b, 0x8d, 0x36, 0xcc, 0xb9, 0x84, 0x17, 0xc1,
    0xfe, 0x95, 0x81, 0x83, 0x36, 0xc6, 0xaa, 0x86, 0x17, 0xc1, 0xfe, 0xa2,
    0x90, 0x92, 0x36, 0xc7, 0xfe, 0xfa, 0xf9, 0xf9, 0x17, 0xc0, 0xfe, 0xaf,
    0x9f, 0xa1, 0x36, 0xc4, 0xfe, 0xbe, 0xb2, 0xb3, 0x17, 0xc0, 0x89, 0x8b,
    0x36, 0xc4, 0xfe, 0x90, 0x7b, 0x7e, 0x17, 0xc1, 0xfe, 0x8a, 0x73, 0x76,
    0x36, 0xc7, 0xfe, 0xd0, 0xc7, 0xc8, 0x17, 0xc0, 0xfe, 0xd8, 0xd1, 0xd2,
    0x36, 0xc9, 0xfe, 0xbe, 0xb1, 0xb3, 0x17, 0xc0, 0x97, 0x89, 0x27, 0x36,
    0xf2, 0x91, 0x4c, 0x9d, 0x78, 0xfd, 0xe7, 0xfe, 0xfd, 0xfc, 0xfc, 0xa2,
    0x87, 0xfe, 0x9d, 0x89, 0x88, 0x35, 0xfd, 0xfd, 0xfe, 0x87, 0x70, 0x6e,
    0x17, 0xc0, 0xfe, 0x76, 0x5a, 0x59, 0x35, 0xd5, 0xa3, 0x88, 0x17, 0xc1,
    0xfe, 0xc2, 0xb6, 0xb6, 0x35, 0xca, 0x05, 0x17, 0xc1, 0x08, 0xfe, 0x95,
    0x80, 0x7f, 0x35, 0xc2, 0xfe, 0xbf, 0xb2, 0xb1, 0x17, 0xc1, 0xfe, 0x69,
    0x4b, 0x49, 0x35, 0xd0, 0xfe, 0xcc, 0xc1, 0xc1, 0x17, 0xc0, 0xfe, 0xd5,
    0xcc, 0xcc, 0x35, 0xc9, 0xab, 0xb6, 0x36, 0xc3, 0x08, 0x17, 0xc0, 0xfe,
    0xcc, 0xc3, 0xc4, 0x36, 0xfd, 0xfd, 0xfd, 0xfd, 0xfd, 0xc1, 0xfe, 0x92,
    0x7d, 0x80, 0x17, 0xc0, 0xfe, 0x82, 0x6a, 0x6d, 0x36, 0xee, 0x9c, 0x85,
    0xfe, 0x35, 0x34, 0x37, 0xc0, 0xff, 0x33, 0x33, 0x37, 0x3e, 0xff, 0x34,
    0x34, 0x34, 0x1e, 0xff, 0x35, 0x34, 0x37, 0xff, 0xc0, 0xfe, 0x62, 0x4d,
    0x50, 0xa8, 0x8e, 0xe1, 0xfe, 0xfd, 0xfd, 0xfd, 0x7f, 0xfe, 0xa6, 0x95,
    0x97, 0x36, 0xf3, 0xb5, 0x85, 0xfe, 0xaa, 0x99, 0x9b, 0xba, 0x73, 0xa3,
    0x88, 0x91, 0x8a, 0xfe, 0x98, 0x84, 0x86, 0xfe, 0x73, 0x59, 0x5c, 0x9c,
    0x89, 0xe5, 0xa2, 0x88, 0xfe, 0x91, 0x7d, 0x7f, 0xfe, 0xb1, 0xa2, 0xa4,
    0xb1, 0x85, 0xa4, 0x88, 0x94, 0x8a, 0x83, 0x8c, 0xfe, 0x7b, 0x61, 0x64,
    0x36, 0xd8, 0xfe, 0xb3, 0xa5, 0xa6, 0x17, 0xc0, 0x9c, 0x89, 0xfe, 0x80,
    0x67, 0x6a, 0x8e, 0x8a, 0xd0, 0xfe, 0x8f, 0x7a, 0x7c, 0x17, 0xc0, 0x93,
    0x8a, 0x2b, 0x36, 0xfd, 0xd9, 0xaa, 0x87, 0xfe, 0xf6, 0xf5, 0xf5, 0xa9,
    0x87, 0xc0, 0xfe, 0xbe, 0xb1, 0xb3, 0x36, 0xf3, 0x9b, 0x79, 0x93, 0x4b,
    0xfd, 0xe7, 0xfe, 0xfd, 0xfc, 0xfc, 0x17, 0xfe, 0x9d, 0x89, 0x88, 0x35,
    0xfd, 0xfd, 0xfe, 0x87, 0x70, 0x6e, 0x17, 0xc0, 0xfe, 0x76, 0x5a, 0x59,
    0x35, 0xd5, 0xa3, 0x88, 0x17, 0xc1, 0xfe, 0xc2, 0xb6, 0xb6, 0x35, 0xcb,
    0xfe, 0xb6, 0xa8, 0xa7, 0x17, 0xc1, 0x99, 0x89, 0xfe, 0x82, 0x6a, 0x68,
    0xfe, 0x62, 0x43, 0x41, 0xc1, 0xfe, 0xbf, 0xb2, 0xb1, 0x17, 0xc1, 0xfe,
    0x69, 0x4b, 0x49, 0x35, 0xd0, 0xfe, 0xcc, 0xc1, 0xc1, 0x17, 0xc0, 0xfe,
    0xd5, 0xcc, 0xcc, 0x35, 0xc8, 0xa4, 0x87, 0x36, 0xc4, 0xfe, 0xfd, 0xfd,
    0xfd, 0x17, 0xc0, 0xfe, 0xcc, 0xc3, 0xc4, 0x36, 0xfd, 0xfd, 0xfd, 0xfd,
    0xfd, 0xc1, 0xfe, 0x92, 0x7d, 0x80, 0x17, 0xc0, 0x1c, 0x36, 0xee, 0x9c,
    0x85, 0xfe, 0x35, 0x34, 0x37, 0xc0, 0xff, 0x33, 0x33, 0x37, 0x3e, 0xff,
    0x34, 0x34, 0x34, 0x1e, 0xff, 0x35, 0x34, 0x37, 0xff, 0xc0, 0xfe, 0x62,
    0x4d, 0x50, 0xa8, 0x8e, 0xe1, 0xfe, 0xfd, 0xfd, 0xfd, 0x7f, 0xfe, 0xa6,
    0x95, 0x97, 0x36, 0xfd, 0xfd, 0xc7, 0xab, 0x86, 0xfe, 0xf7, 0xf5, 0xf5,
    0x17, 0xc0, 0xfe, 0xc5, 0xbb, 0xbc, 0x36, 0xd0, 0xfe, 0xc5, 0xba, 0xbb,
    0x17, 0xc0, 0xfe, 0xc0, 0xb5, 0xb6, 0x36, 0xfd, 0xda, 0xfe, 0xba, 0xad,
    0xae, 0x17, 0xc0, 0x9c, 0x89, 0xfe, 0x80, 0x68, 0x6b, 0x8d, 0x8b, 0xf4,
    0x93, 0x4b, 0x9b, 0x79, 0xfd, 0xe6, 0xfe, 0xfd, 0xfc, 0xfc, 0x17, 0xfe,
    0x9d, 0x89, 0x88, 0x35, 0xfd, 0xfd, 0xfe, 0x87, 0x70, 0x6e, 0x17, 0xc0,
    0xfe, 0x76, 0x5a, 0x59, 0x35, 0xfd, 0xd7, 0xad, 0xc5, 0x36, 0xfd, 0xfd,
    0xfd, 0xfd, 0xfd, 0xcb, 0xfe, 0x92, 0x7d, 0x80, 0x17, 0xc0, 0xfe, 0x82,
    0x6a, 0x6d, 0x36, 0xee, 0x9c, 0x85, 0x11, 0xc0, 0xff, 0x33, 0x33, 0x37,
    0x3e, 0xff, 0x34, 0x34, 0x34, 0x1e, 0xff, 0x35, 0x34, 0x37, 0xff, 0xc0,
    0xfe, 0x62, 0x4d, 0x50, 0xa8, 0x8e, 0xe1, 0xfe, 0xfd, 0xfd, 0xfd, 0x7f,
    0xfe, 0xa6, 0x95, 0x97, 0x36, 0xfd, 0xfd, 0xc8, 0xfe, 0xb4, 0xa6, 0xa8,
    0xfe, 0xfe, 0xfe, 0xfe, 0xc0, 0x08, 0xfe, 0x8b, 0x75, 0x78, 0x36, 0xce,
    0xa6, 0x87, 0xfe, 0xf6, 0xf4, 0xf4, 0x17, 0xc0, 0xfe, 0x8b, 0x75, 0x77,
    0x36, 0xfd, 0xd9, 0xb6, 0x74, 0xfe, 0xf9, 0xf9, 0xf9, 0x17, 0xc0, 0xfe,
    0xbf, 0xb3, 0xb4, 0x36, 0xf5, 0x9d, 0x79, 0x91, 0x4b, 0xfd, 0xe6, 0xfe,
    0xfd, 0xfc, 0xfc, 0x17, 0xfe, 0x9d, 0x89, 0x88, 0x35, 0xfd, 0xfd, 0xfe,
    0x87, 0x70, 0x6e, 0x17, 0xc0, 0xfe, 0x76, 0x5a, 0x59, 0x35, 0xfd, 0xd6,
    0xa6, 0xa7, 0x36, 0xfd, 0xfd, 0xfd, 0xfd, 0xfd, 0xcc, 0xfe, 0x92, 0x7d,
    0x80, 0x17, 0xc0, 0xfe, 0x82, 0x6a, 0x6d, 0x36, 0xee, 0x9c, 0x85, 0x11,
    0xc0, 0xff, 0x33, 0x33, 0x37, 0x3e, 0xff, 0x34, 0x34, 0x34, 0x1e, 0xff,
    0x35, 0x34, 0x37, 0xff, 0xc0, 0xfe, 0x62, 0x4d, 0x50, 0xa8, 0x8e, 0xe1,
    0xfe, 0xfd, 0xfd, 0xfd, 0x7f, 0xfe, 0xa6, 0x95, 0x97, 0x36, 0xfd, 0xfd,
    0xc8, 0xa6, 0x88, 0xfe, 0xee, 0xeb, 0xec, 0x17, 0xc0, 0xfe, 0xe3, 0xdd,
    0xde, 0xfe, 0x73, 0x59, 0x5c, 0x36, 0xcd, 0xfe, 0xa1, 0x8f, 0x91, 0x17,
    0xc0, 0x81, 0x8d, 0x36, 0xfd, 0xda, 0xfe, 0xd8, 0xd1, 0xd2, 0x17, 0xc0,
    0x95, 0x89, 0xfe, 0x7a, 0x61, 0x64, 0x36, 0xf6, 0x95, 0x5b, 0x99, 0x69,
    0xfd, 0xe5, 0xfe, 0xfd, 0xfc, 0xfc, 0x17, 0xfe, 0x9d, 0x89, 0x88, 0x35,
    0xfd, 0xfd, 0xfe, 0x87, 0x70, 0x6e, 0x17, 0xc0, 0xfe, 0x76, 0x5a, 0x59,
    0x35, 0xfd, 0xd5, 0xa3, 0x87, 0xae, 0xd5, 0x36, 0xfd, 0xfd, 0xfd, 0xfd,
    0xfd, 0xcc, 0xfe, 0x92, 0x7d, 0x80, 0x17, 0xc0, 0xfe, 0x82, 0x6a, 0x6d,
    0x36, 0xee, 0x9c, 0x85, 0x11, 0xc0, 0xff, 0x33, 0x33, 0x37, 0x3e, 0xff,
    0x34, 0x34, 0x34, 0x1e, 0xff, 0x35, 0x34, 0x37, 0xff, 0xc0, 0xfe, 0x62,
    0x4d, 0x50, 0xa8, 0x8e, 0xe1, 0xfe, 0xfd, 0xfd, 0xfd, 0x7f, 0xfe, 0xa6,
    0x95, 0x97, 0x36, 0xfd, 0xfd, 0xc9, 0xfe, 0x99, 0x86, 0x88, 0x17, 0xc1,
    0xfe, 0xbf, 0xb3, 0xb5, 0x36, 0xcd, 0xfe, 0xd7, 0xcf, 0xd0, 0x17, 0xc0,
    0xfe, 0xae, 0x9f, 0xa0, 0x36, 0xfd, 0xd9, 0xfe, 0xb4, 0xa5, 0xa7, 0x17,
    0xc1, 0xfe, 0xa3, 0x92, 0x94, 0x36, 0xf7, 0x41, 0x91, 0x3b, 0x55, 0xfd,
    0xe4, 0xfe, 0xfd, 0xfc, 0xfc, 0x17, 0xfe, 0x9d, 0x89, 0x88, 0x35, 0xfd,
    0xfd, 0xfe, 0x87, 0x70, 0x6e, 0x17, 0xc0, 0xfe, 0x76, 0x5a, 0x59, 0x35,
    0xfd, 0xd4, 0x6f, 0xae, 0xd4, 0x36, 0xfd, 0xfd, 0xfd, 0xfd, 0xfd, 0xcd,
    0xfe, 0x92, 0x7d, 0x80, 0x17, 0xc0, 0xfe, 0x82, 0x6a, 0x6d, 0x36, 0xee,
    0x9c, 0x85, 0xfe, 0x35, 0x34, 0x37, 0xc0, 0xff, 0x33, 0x33, 0x37, 0x3e,
    0xff, 0x34, 0x34, 0x34, 0x1e, 0xff, 0x35, 0x34, 0x37, 0xff, 0xc0, 0xfe,
    0x62, 0x4d, 0x50, 0xa8, 0x8e, 0xe1, 0xfe, 0xfd, 0xfd, 0xfd, 0x7f, 0xfe,
    0xa6, 0x95, 0x97, 0x36, 0xfd, 0xfd, 0xca, 0xfe, 0xc8, 0xbe, 0xbf, 0x17,
    0xc1, 0xfe, 0xa5, 0x94, 0x96, 0x36, 0xcb, 0xa4, 0x88, 0xfe, 0xc7, 0xbd,
    0xbe, 0xa2, 0x88, 0xc0, 0xfe, 0x7b, 0x62, 0x65, 0x36, 0xfd, 0xd8, 0xfe,
    0x9b, 0x88, 0x8a, 0x08, 0x17, 0xc0, 0xfe, 0xd3, 0xcb, 0xcc, 0x36, 0xf9,
    0x97, 0x6a, 0x97, 0x5a, 0xfd, 0xe4, 0xfe, 0xfd, 0xfc, 0xfc, 0x17, 0xfe,
    0x9d, 0x89, 0x88, 0x35, 0xfd, 0xfd, 0xfe, 0x87, 0x70, 0x6e, 0x17, 0xc0,
    0xfe, 0x76, 0x5a, 0x59, 0x35, 0xfd, 0xd4, 0xab, 0xa5, 0x36, 0xfd, 0xfd,
    0xfd, 0xfd, 0xfd, 0xce, 0xfe, 0x92, 0x7d, 0x80, 0x17, 0xc0, 0xfe, 0x82,
    0x6a, 0x6d, 0x36, 0xee, 0x9c, 0x85, 0xfe, 0x35, 0x34, 0x37, 0xc0, 0xff,
    0x33, 0x33, 0x37, 0x3e, 0xff, 0x34, 0x34, 0x34, 0x1e, 0xff, 0x35, 0x34,
    0x37, 0xff, 0xc0, 0xfe, 0x62, 0x4d, 0x50, 0xa8, 0x8e, 0xe1, 0xfe, 0xfd,
    0xfd, 0xfd, 0x7f, 0xfe, 0xa6, 0x95, 0x97, 0x36, 0xfd, 0xfd, 0xca, 0xa7,
    0x87, 0xfe, 0xe5, 0xe0, 0xe0, 0x17, 0xc0, 0x9c, 0x89, 0xfe, 0x99, 0x86,
    0x88, 0x36, 0xfd, 0xe8, 0xfe, 0x91, 0x7c, 0x7e, 0xfe, 0xf8, 0xf7, 0xf7,
    0x17, 0xc0, 0x8a, 0x8b, 0xfe, 0x7a, 0x61, 0x64, 0x36, 0xf9, 0x55, 0x91,
    0x3c, 0x40, 0xfd, 0xe3, 0xfe, 0xfd, 0xfc, 0xfc, 0x17, 0xfe, 0x9d, 0x89,
    0x88, 0x35, 0xfd, 0xfd, 0xfe, 0x87, 0x70, 0x6e, 0x17, 0xc0, 0xfe, 0x76,
    0x5a, 0x59, 0x35, 0xfd, 0xd3, 0xa6, 0x97, 0x36, 0xfd, 0xfd, 0xfd, 0xfd,
    0xfd, 0xcf, 0xfe, 0x92, 0x7d, 0x80, 0x17, 0xc0, 0xfe, 0x82, 0x6a, 0x6d,
    0x36, 0xee, 0x9c, 0x85, 0x11, 0xc0, 0xff, 0x33, 0x33, 0x37, 0x3e, 0xff,
    0x34, 0x34, 0x34, 0x1e, 0xff, 0x35, 0x34, 0x37, 0xff, 0xc0, 0xfe, 0x62,
    0x4d, 0x50, 0xa8, 0x8e, 0xe1, 0xfe, 0xfd, 0xfd, 0xfd, 0x7f, 0xfe, 0xa6,
    0x95, 0x97, 0x36, 0xfd, 0xfd, 0xcb, 0xb7, 0x85, 0xfe, 0xcd, 0xc4, 0xc5,
    0xc1, 0x9b, 0x89, 0xfe, 0x79, 0x5f, 0x62, 0x36, 0xfd, 0xe6, 0xa6, 0x87,
    0xfe, 0xc6, 0xbb, 0xbc, 0x33, 0xc1, 0xfe, 0x8a, 0x74, 0x77, 0x36, 0xfb,
    0x99, 0x6a, 0x95, 0x5a, 0xfd, 0xe3, 0xfe, 0xfd, 0xfc, 0xfc, 0x17, 0xfe,
    0x9d, 0x89, 0x88, 0x35, 0xfd, 0xfd, 0xfe, 0x87, 0x70, 0x6e, 0x17, 0xc0,
    0xfe, 0x76, 0x5a, 0x59, 0x35, 0xfd, 0xd2, 0xa2, 0x88, 0xaf, 0xc4, 0x36,
    0xfd, 0xfd, 0xfd, 0xfd, 0xfd, 0xcf, 0xfe, 0x92, 0x7d, 0x80, 0x17, 0xc0,
    0xfe, 0x82, 0x6a, 0x6d, 0x36, 0xee, 0x9c, 0x85, 0x11, 0xc0, 0xff, 0x33,
    0x33, 0x37, 0x3e, 0xff, 0x34, 0x34, 0x34, 0x1e, 0xff, 0x35, 0x34, 0x37,
    0xff, 0xc0, 0xfe, 0x62, 0x4d, 0x50, 0xa8, 0x8e, 0xe1, 0xfe, 0xfd, 0xfd,
    0xfd, 0x7f, 0xfe, 0xa6, 0x95, 0x97, 0x36, 0xfd, 0xfd, 0xfd, 0xfd, 0xfd,
    0xc1, 0x92, 0x3b, 0x9c, 0x89, 0xfd, 0xe2, 0xfe, 0xfd, 0xfc, 0xfc, 0x17,
    0xfe, 0x9d, 0x89, 0x88, 0x35, 0xfd, 0xfd, 0xfe, 0x87, 0x70, 0x6e, 0x17,
    0xc0, 0xfe, 0x76, 0x5a, 0x59, 0x35, 0xfd, 0xd2, 0xae, 0xc5, 0x36, 0xfd,
    0xfd, 0xfd, 0xfd, 0xfd, 0xd0, 0xfe, 0x92, 0x7d, 0x80, 0x17, 0xc0, 0xfe,
    0x82, 0x6a, 0x6d, 0x36, 0xee, 0x9c, 0x85, 0x11, 0xc0, 0xff, 0x33, 0x33,
    0x37, 0x3e, 0xff, 0x34, 0x34, 0x34, 0x1e, 0xff, 0x35, 0x34, 0x37, 0xff,
    0xc0, 0xfe, 0x62, 0x4d, 0x50, 0xa8, 0x8e, 0xe1, 0xfe, 0xfd, 0xfd, 0xfd,
    0x7f, 0xfe, 0xa6, 0x95, 0x97, 0x36, 0xfd, 0xfd, 0xfd, 0xfd, 0xfd, 0xc1,
    0x9c, 0x69, 0x92, 0x5b, 0xfd, 0xe2, 0xfe, 0xfd, 0xfc, 0xfc, 0x17, 0xfe,
    0x9d, 0x89, 0x88, 0x35, 0xfd, 0xfd, 0xfe, 0x87, 0x70, 0x6e, 0x17, 0xc0,
    0xfe, 0x76, 0x5a, 0x59, 0x35, 0xfd, 0xd1, 0xaa, 0xa6, 0x36, 0xfd, 0xfd,
    0xfd, 0xfd, 0xfd, 0xd1, 0xfe, 0x92, 0x7d, 0x80, 0x17, 0xc0, 0xfe, 0x82,
    0x6a, 0x6d, 0x36, 0xee, 0x9c, 0x85, 0x11, 0xc0, 0xff, 0x33, 0x33, 0x37,
    0x3e, 0xff, 0x34, 0x34, 0x34, 0x1e, 0xff, 0x35, 0x34, 0x37, 0xff, 0xc0,
    0xfe, 0x62, 0x4d, 0x50, 0xa8, 0x8e, 0xe1, 0xfe, 0xfd, 0xfd, 0xfd, 0x7f,
    0xfe, 0xa6, 0x95, 0x97, 0x36, 0xfd, 0xfd, 0xfd, 0xfd, 0xfd, 0xc2, 0x94,
    0x5b, 0x9a, 0x69, 0xfd, 0xe1, 0xfe, 0xfd, 0xfc, 0xfc, 0x17, 0xfe, 0x9d,
    0x89, 0x88, 0x35, 0xfd, 0xfd, 0xfe, 0x87, 0x70, 0x6e, 0x17, 0xc0, 0xfe,
    0x76, 0x5a, 0x59, 0x35, 0xfd, 0xd0, 0xa5, 0x97, 0x36, 0xfd, 0xfd, 0xfd,
    0xfd, 0xfd, 0xd2, 0xfe, 0x92, 0x7d, 0x80, 0x17, 0xc0, 0xfe, 0x82, 0x6a,
    0x6d, 0x36, 0xee, 0x9c, 0x85, 0x11, 0xc0, 0xff, 0x33, 0x33, 0x37, 0x3e,
    0xff, 0x34, 0x34, 0x34, 0x1e, 0xff, 0x35, 0x34, 0x37, 0xff, 0xc0, 0xfe,
    0x62, 0x4d, 0x50, 0xa8, 0x8e, 0xe1, 0xfe, 0xfd, 0xfd, 0xfd, 0x7f, 0xfe,
    0xa6, 0x95, 0x97, 0x36, 0xfd, 0xfd, 0xfd, 0xfd, 0xfd, 0xc2, 0x41, 0x91,
    0x3b, 0x55, 0xfd, 0xe0, 0xfe, 0xfd, 0xfc, 0xfc, 0x17, 0xfe, 0x9d, 0x89,
    0x88, 0x35, 0xfd, 0xfd, 0xfe, 0x87, 0x70, 0x6e, 0x17, 0xc0, 0xfe, 0x76,
    0x5a, 0x59, 0x35, 0xfd, 0xcf, 0xa2, 0x88, 0x1f, 0x36, 0xfd, 0xfd, 0xfd,
    0xfd, 0xfd, 0xd2, 0xfe, 0x92, 0x7d, 0x80, 0x17, 0xc0, 0xfe, 0x82, 0x6a,
    0x6d, 0x36, 0xee, 0x9c, 0x85, 0x11, 0xc0, 0xff, 0x33, 0x33, 0x37, 0x3e,
    0xff, 0x34, 0x34, 0x34, 0x1e, 0xff, 0x35, 0x34, 0x37, 0xff, 0xc0, 0xfe,
    0x62, 0x4d, 0x50, 0xa8, 0x8e, 0xe1, 0xfe, 0xfd, 0xfd, 0xfd, 0x7f, 0xfe,
    0xa6, 0x95, 0x97, 0x36, 0xfd, 0xfd, 0xfd, 0xfd, 0xfd, 0xc3, 0x9b, 0x69,
    0x93, 0x5b, 0xfd, 0xe0, 0xfe, 0xfd, 0xfc, 0xfc, 0x17, 0xfe, 0x9d, 0x89,
    0x88, 0x35, 0xfd, 0xfd, 0xfe, 0x87, 0x70, 0x6e, 0x17, 0xc0, 0xfe, 0x76,
    0x5a, 0x59, 0x35, 0xfd, 0xcf, 0xad, 0xc5, 0x36, 0xfd, 0xfd, 0xfd, 0xfd,
    0xfd, 0xd3, 0xfe, 0x92, 0x7d, 0x80, 0x17, 0xc0, 0xfe, 0x82, 0x6a, 0x6d,
    0x36, 0xee, 0x9c, 0x85, 0x11, 0xc0, 0xff, 0x33, 0x33, 0x37, 0x3e, 0xff,
    0x34, 0x34, 0x34, 0x1e, 0xff, 0x35, 0x34, 0x37, 0xff, 0xc0, 0xfe, 0x62,
    0x4d, 0x50, 0xa8, 0x8e, 0xe1, 0xfe, 0xfd, 0xfd, 0xfd, 0x7f, 0xfe, 0xa6,
    0x95, 0x97, 0x36, 0xfd, 0xfd, 0xfd, 0xfd, 0xfd, 0xc4, 0x97, 0x5a, 0x97,
    0x6a, 0xfd, 0xdf, 0xfe, 0xfd, 0xfc, 0xfc, 0x17, 0xfe, 0x9d, 0x89, 0x88,
    0x35, 0xfd, 0xfd, 0xfe, 0x87, 0x70, 0x6e, 0x17, 0xc0, 0xfe, 0x76, 0x5a,
    0x59, 0x35, 0xfd, 0xce, 0x34, 0x36, 0xfd, 0xfd, 0xfd, 0xfd, 0xfd, 0xd4,
    0xfe, 0x92, 0x7d, 0x80, 0x17, 0xc0, 0xfe, 0x82, 0x6a, 0x6d, 0x36, 0xee,
    0x9c, 0x85, 0x11, 0xc0, 0xff, 0x33, 0x33, 0x37, 0x3e, 0xff, 0x34, 0x34,
    0x34, 0x1e, 0xff, 0x35, 0x34, 0x37, 0xff, 0xc0, 0xfe, 0x62, 0x4d, 0x50,
    0xa8, 0x8e, 0xe1, 0xfe, 0xfd, 0xfd, 0xfd, 0x7f, 0xfe, 0xa6, 0x95, 0x97,
    0x36, 0xfd, 0xfd, 0xfd, 0xfd, 0xfd, 0xc5, 0x93, 0x4b, 0x9b, 0x79, 0xfd,
    0xde, 0xfe, 0xfd, 0xfc, 0xfc, 0x17, 0xfe, 0x9d, 0x89, 0x88, 0x35, 0xfd,
    0xfd, 0xfe, 0x87, 0x70, 0x6e, 0x17, 0xc0, 0xfe, 0x76, 0x5a, 0x59, 0x35,
    0xfd, 0xcd, 0xa4, 0x97, 0x36, 0xfd, 0xfd, 0xfd, 0xfd, 0xfd, 0xd5, 0xfe,
    0x92, 0x7d, 0x80, 0x17, 0xc0, 0xfe, 0x82, 0x6a, 0x6d, 0x36, 0xee, 0x9c,
    0x85, 0x11, 0xc0, 0xff, 0x33, 0x33, 0x37, 0x3e, 0xff, 0x34, 0x34, 0x34,
    0x1e, 0xff, 0x35, 0x34, 0x37, 0xff, 0xc0, 0xfe, 0x62, 0x4d, 0x50, 0xa8,
    0x8e, 0xe1, 0xfe, 0xfd, 0xfd, 0xfd, 0x7f, 0xfe, 0xa6, 0x95, 0x97, 0x36,
    0xfd, 0xfd, 0xfd, 0xfd, 0xfd, 0xc5, 0x41, 0x92, 0x3b, 0x40, 0xfd, 0xdd,
    0xfe, 0xfd, 0xfc, 0xfc, 0x17, 0xfe, 0x9d, 0x89, 0x88, 0x35, 0xfd, 0xfd,
    0xfe, 0x87, 0x70, 0x6e, 0x17, 0xc0, 0xfe, 0x76, 0x5a, 0x59, 0x35, 0xfd,
    0xcc, 0x7f, 0xaf, 0xc4, 0x36, 0xfd, 0xfd, 0xfd, 0xfd, 0xfd, 0xd5, 0xfe,
    0x92, 0x7d, 0x80, 0x17, 0xc0, 0xfe, 0x82, 0x6a, 0x6d, 0x36, 0xee, 0x9c,
    0x85, 0x11, 0xc0, 0xff, 0x33, 0x33, 0x37, 0x3e, 0xff, 0x34, 0x34, 0x34,
    0x1e, 0xff, 0x35, 0x34, 0x37, 0xff, 0xc0, 0xfe, 0x62, 0x4d, 0x50, 0xa8,
    0x8e, 0xe1, 0xfe, 0xfd, 0xfd, 0xfd, 0x7f, 0xfe, 0xa6, 0x95, 0x97, 0x36,
    0xfd, 0xfd, 0xfd, 0xfd, 0xfd, 0xc6, 0x9c, 0x79, 0x92, 0x4b, 0xfd, 0xdd,
    0xfe, 0xfd, 0xfc, 0xfc, 0x17, 0xfe, 0x9d, 0x89, 0x88, 0x35, 0xfd, 0xfd,
    0xfe, 0x87, 0x70, 0x6e, 0x17, 0xc0, 0xfe, 0x76, 0x5a, 0x59, 0x35, 0xfd,
    0xcc, 0xac, 0xc6, 0x36, 0xfd, 0xfd, 0xfd, 0xfd, 0xfd, 0xd6, 0xfe, 0x92,
    0x7d, 0x80, 0x17, 0xc0, 0xfe, 0x82, 0x6a, 0x6d, 0x36, 0xee, 0x9c, 0x85,
    0x11, 0xc0, 0xff, 0x33, 0x33, 0x37, 0x3e, 0xff, 0x34, 0x34, 0x34, 0x1e,
    0xff, 0x35, 0x34, 0x37, 0xff, 0xc0, 0xfe, 0x62, 0x4d, 0x50, 0xa8, 0x8e,
    0xe1, 0xfe, 0xfd, 0xfd, 0xfd, 0x7f, 0xfe, 0xa6, 0x95, 0x97, 0x36, 0xfd,
    0xfd, 0xfd, 0xfd, 0xfd, 0xc7, 0x99, 0x59, 0x95, 0x6b, 0xfd, 0xdc, 0xfe,
    0xfd, 0xfc, 0xfc, 0x17, 0xfe, 0x9d, 0x89, 0x88, 0x35, 0xfd, 0xfd, 0xfe,
    0x87, 0x70, 0x6e, 0x17, 0xc0, 0xfe, 0x76, 0x5a, 0x59, 0x35, 0xfd, 0xcb,
    0xa8, 0xa6, 0x36, 0xfd, 0xfd, 0xfd, 0xfd, 0xfd, 0xd7, 0xfe, 0x92, 0x7d,
    0x80, 0x17, 0xc0, 0xfe, 0x82, 0x6a, 0x6d, 0x36, 0xee, 0x9c, 0x85, 0x11,
    0xc0, 0xff, 0x33, 0x33, 0x37, 0x3e, 0xff, 0x34, 0x34, 0x34, 0x1e, 0xff,
    0x35, 0x34, 0x37, 0xff, 0xc0, 0xfe, 0x62, 0x4d, 0x50, 0xa8, 0x8e, 0xe1,
    0xfe, 0xfd, 0xfd, 0xfd, 0x7f, 0xfe, 0xa6, 0x95, 0x97, 0x36, 0xfd, 0xfd,
    0xfd, 0xfd, 0xfd, 0xc8, 0x94, 0x5b, 0x9a, 0x69, 0xfd, 0xdb, 0xfe, 0xfd,
    0xfc, 0xfc, 0x17, 0xfe, 0x9d, 0x89, 0x88, 0x35, 0xfd, 0xfd, 0xfe, 0x87,
    0x70, 0x6e, 0x17, 0xc0, 0xfe, 0x76, 0x5a, 0x59, 0x35, 0xfd, 0xca, 0xa4,
    0x87, 0xad, 0xd6, 0x36, 0xfd, 0xfd, 0xfd, 0xfd, 0xfd, 0xd7, 0xfe, 0x92,
    0x7d, 0x80, 0x17, 0xc0, 0xfe, 0x82, 0x6a, 0x6d, 0x36, 0xee, 0x9c, 0x85,
    0x11, 0xc0, 0xff, 0x33, 0x33, 0x37, 0x3e, 0xff, 0x34, 0x34, 0x34, 0x1e,
    0xff, 0x35, 0x34, 0x37, 0xff, 0xc0, 0xfe, 0x62, 0x4d, 0x50, 0xa8, 0x8e,
    0xe1, 0xfe, 0xfd, 0xfd, 0xfd, 0x7f, 0xfe, 0xa6, 0x95, 0x97, 0x36, 0xfd,
    0xfd, 0xfd, 0xfd, 0xfd, 0xc8, 0x55, 0x92, 0x4c, 0x9d, 0x78, 0xfd, 0xda,
    0xfe, 0xfd, 0xfc, 0xfc, 0x17, 0xfe, 0x9d, 0x89, 0x88, 0x35, 0xfd, 0xfd,
    0xfe, 0x87, 0x70, 0x6e, 0x17, 0xc0, 0xfe, 0x76, 0x5a, 0x59, 0x35, 0xfd,
    0xc9, 0x7f, 0xae, 0xd5, 0x36, 0xfd, 0xfd, 0xfd, 0xfd, 0xfd, 0xd8, 0xfe,
    0x92, 0x7d, 0x80, 0x17, 0xc0, 0xfe, 0x82, 0x6a, 0x6d, 0x36, 0xee, 0x9c,
    0x85, 0x11, 0xc0, 0xff, 0x33, 0x33, 0x37, 0x3e, 0xff, 0x34, 0x34, 0x34,
    0x1e, 0xff, 0x35, 0x34, 0x37, 0xff, 0xc0, 0xfe, 0x62, 0x4d, 0x50, 0xa8,
    0x8e, 0xe1, 0xfe, 0xfd, 0xfd, 0xfd, 0x7f, 0xfe, 0xa6, 0x95, 0x97, 0x36,
    0xfd, 0xfd, 0xfd, 0xfd, 0xfd, 0xc9, 0x9d, 0x79, 0x92, 0x4b, 0x55, 0xfd,
    0xd9, 0xfe, 0xfd, 0xfc, 0xfc, 0x17, 0xfe, 0x9d, 0x89, 0x88, 0x35, 0xfd,
    0xfd, 0xfe, 0x87, 0x70, 0x6e, 0x17, 0xc0, 0xfe, 0x76, 0x5a, 0x59, 0x35,
    0xfd, 0xc9, 0xac, 0xb5, 0x36, 0xfd, 0xfd, 0xfd, 0xfd, 0xfd, 0xd9, 0xfe,
    0x92, 0x7d, 0x80, 0x17, 0xc0, 0xfe, 0x82, 0x6a, 0x6d, 0x36, 0xee, 0x9c,
    0x85, 0x11, 0xc0, 0xff, 0x33, 0x33, 0x37, 0x3e, 0xff, 0x34, 0x34, 0x34,
    0x1e, 0xff, 0x35, 0x34, 0x37, 0xff, 0xc0, 0xfe, 0x62, 0x4d, 0x50, 0xa8,
    0x8e, 0xe1, 0xfe, 0xfd, 0xfd, 0xfd, 0x7f, 0xfe, 0xa6, 0x95, 0x97, 0x36,
    0xfd, 0xfd, 0xfd, 0xfd, 0xfd, 0xca, 0x9a, 0x69, 0x94, 0x5b, 0xfd, 0xd9,
    0xfe, 0xfd, 0xfc, 0xfc, 0x17, 0xfe, 0x9d, 0x89, 0x88, 0x35, 0xfd, 0xfd,
    0xfe, 0x87, 0x70, 0x6e, 0x17, 0xc0, 0xfe, 0x76, 0x5a, 0x59, 0x35, 0xfd,
    0xc8, 0xa7, 0xa7, 0x36, 0xfd, 0xfd, 0xfd, 0xfd, 0xfd, 0xda, 0xfe, 0x92,
    0x7d, 0x80, 0x17, 0xc0, 0xfe, 0x82, 0x6a, 0x6d, 0x36, 0xee, 0x9c, 0x85,
    0x11, 0xc0, 0xff, 0x33, 0x33, 0x37, 0x3e, 0xff, 0x34, 0x34, 0x34, 0x1e,
    0xff, 0x35, 0x34, 0x37, 0xff, 0xc0, 0xfe, 0x62, 0x4d, 0x50, 0xa8, 0x8e,
    0xe1, 0xfe, 0xfd, 0xfd, 0xfd, 0x7f, 0xfe, 0xa6, 0x95, 0x97, 0x36, 0xfd,
    0xfd, 0xfd, 0xfd, 0xfd, 0xcb, 0x96, 0x5a, 0x98, 0x6a, 0xfd, 0xd8, 0xfe,
    0xfd, 0xfc, 0xfc, 0x17, 0xfe, 0x9d, 0x89, 0x88, 0x35, 0xfd, 0xfd, 0xfe,
    0x87, 0x70, 0x6e, 0x17, 0xc0, 0xfe, 0x76, 0x5a, 0x59, 0x35, 0xfd, 0xc7,
    0xa3, 0x87, 0xae, 0xd5, 0x36, 0xfd, 0xfd, 0xfd, 0xfd, 0xfd, 0xda, 0xfe,
    0x92, 0x7d, 0x80, 0x17, 0xc0, 0xfe, 0x82, 0x6a, 0x6d, 0x36, 0xee, 0x9c,
    0x85, 0x11, 0xc0, 0xff, 0x33, 0x33, 0x37, 0x3e, 0xff, 0x34, 0x34, 0x34,
    0x1e, 0xff, 0x35, 0x34, 0x37, 0xff, 0xc0, 0xfe, 0x62, 0x4d, 0x50, 0xa8,
    0x8e, 0xe1, 0xfe, 0xfd, 0xfd, 0xfd, 0x7f, 0xfe, 0xa6, 0x95, 0x97, 0x36,
    0xfd, 0xfd, 0xfd, 0xfd, 0xfd, 0xcc, 0x92, 0x4b, 0x9c, 0x79, 0xfd, 0xd7,
    0xfe, 0xfd, 0xfc, 0xfc, 0x17, 0xfe, 0x9d, 0x89, 0x88, 0x35, 0xfd, 0xfd,
    0xfe, 0x87, 0x70, 0x6e, 0x17, 0xc0, 0xfe, 0x76, 0x5a, 0x59, 0x35, 0xfd,
    0xc6, 0x6f, 0xae, 0xd5, 0x36, 0xfd, 0xfd, 0xfd, 0xfd, 0xfd, 0xdb, 0xfe,
    0x92, 0x7d, 0x80, 0x17, 0xc0, 0xfe, 0x82, 0x6a, 0x6d, 0x36, 0xee, 0x9c,
    0x85, 0x11, 0xc0, 0xff, 0x33, 0x33, 0x37, 0x3e, 0xff, 0x34, 0x34, 0x34,
    0x1e, 0xff, 0x35, 0x34, 0x37, 0xff, 0xc0, 0xfe, 0x62, 0x4d, 0x50, 0xa8,
    0x8e, 0xe1, 0xfe, 0xfd, 0xfd, 0xfd, 0x7f, 0xfe, 0xa6, 0x95, 0x97, 0x36,
    0xfd, 0xfd, 0xfd, 0xfd, 0xfd, 0xcc, 0x41, 0x92, 0x3a, 0x41, 0xfd, 0xd6,
    0xfe, 0xfd, 0xfc, 0xfc, 0x17, 0xfe, 0x9d, 0x89, 0x88, 0x35, 0xfd, 0xfd,
    0xfe, 0x87, 0x70, 0x6e, 0x17, 0xc0, 0xfe, 0x76, 0x5a, 0x59, 0x35, 0xfd,
    0xc6, 0xab, 0xb5, 0x36, 0xfd, 0xfd, 0xfd, 0xfd, 0xfd, 0xdc, 0xfe, 0x92,
    0x7d, 0x80, 0x17, 0xc0, 0xfe, 0x82, 0x6a, 0x6d, 0x36, 0xee, 0x9c, 0x85,
    0x11, 0xc0, 0xff, 0x33, 0x33, 0x37, 0x3e, 0xff, 0x34, 0x34, 0x34, 0x1e,
    0xff, 0x35, 0x34, 0x37, 0xff, 0xc0, 0xfe, 0x62, 0x4d, 0x50, 0xa8, 0x8e,
    0xe1, 0xfe, 0xfd, 0xfd, 0xfd, 0x7f, 0xfe, 0xa6, 0x95, 0x97, 0x36, 0xfd,
    0xfd, 0xfd, 0xfd, 0xfd, 0xcd, 0x9b, 0x79, 0x93, 0x4b, 0xfd, 0xd6, 0xfe,
    0xfd, 0xfc, 0xfc, 0x17, 0xfe, 0x9d, 0x89, 0x88, 0x35, 0xfd, 0xfd, 0xfe,
    0x87, 0x70, 0x6e, 0x17, 0xc0, 0xfe, 0x76, 0x5a, 0x59, 0x35, 0xfd, 0xc5,
    0xa6, 0x97, 0x36, 0xfd, 0xfd, 0xfd, 0xfd, 0xfd, 0xdd, 0xfe, 0x92, 0x7d,
    0x80, 0x17, 0xc0, 0xfe, 0x82, 0x6a, 0x6d, 0x36, 0xee, 0x9c, 0x85, 0x11,
    0xc0, 0xff, 0x33, 0x33, 0x37, 0x3e, 0xff, 0x34, 0x34, 0x34, 0x1e, 0xff,
    0x35, 0x34, 0x37, 0xff, 0xc0, 0xfe, 0x62, 0x4d, 0x50, 0xa8, 0x8e, 0xe1,
    0xfe, 0xfd, 0xfd, 0xfd, 0x7f, 0xfe, 0xa6, 0x95, 0x97, 0x36, 0xfd, 0xfd,
    0xfd, 0xfd, 0xfd, 0xce, 0x98, 0x5a, 0x96, 0x6a, 0xfd, 0xd5, 0xfe, 0xfd,
    0xfc, 0xfc, 0x17, 0xfe, 0x9d, 0x89, 0x88, 0x35, 0xfd, 0xfd, 0xfe, 0x87,
    0x70, 0x6e, 0x17, 0xc0, 0xfe, 0x76, 0x5a, 0x59, 0x35, 0xfd, 0xc4, 0xa2,
    0x98, 0xaf, 0xc4, 0x36, 0xfd, 0xfd, 0xfd, 0xfd, 0xfd, 0xdd, 0xfe, 0x92,
    0x7d, 0x80, 0x17, 0xc0, 0xfe, 0x82, 0x6a, 0x6d, 0x36, 0xee, 0x9c, 0x85,
    0x11, 0xc0, 0xff, 0x33, 0x33, 0x37, 0x3e, 0xff, 0x34, 0x34, 0x34, 0x1e,
    0xff, 0x35, 0x34, 0x37, 0xff, 0xc0, 0xfe, 0x62, 0x4d, 0x50, 0xa8, 0x8e,
    0xe1, 0xfe, 0xfd, 0xfd, 0xfd, 0x7f, 0xfe, 0xa6, 0x95, 0x97, 0x36, 0xfd,
    0xfd, 0xfd, 0xfd, 0xfd, 0xcf, 0x94, 0x4b, 0x9a, 0x79, 0xfd, 0xd4, 0xfe,
    0xfd, 0xfc, 0xfc, 0x17, 0xfe, 0x9d, 0x89, 0x88, 0x35, 0xfd, 0xfd, 0xfe,
    0x87, 0x70, 0x6e, 0x17, 0xc0, 0xfe, 0x76, 0x5a, 0x59, 0x35, 0xfd, 0xc4,
    0xae, 0xc5, 0x36, 0xfd, 0xfd, 0xfd, 0xfd, 0xfd, 0xde, 0xfe, 0x92, 0x7d,
    0x80, 0x17, 0xc0, 0xfe, 0x82, 0x6a, 0x6d, 0x36, 0xee, 0x9c, 0x85, 0x11,
    0xc0, 0xff, 0x33, 0x33, 0x37, 0x3e, 0xff, 0x34, 0x34, 0x34, 0x1e, 0xff,
    0x35, 0x34, 0x37, 0xff, 0xc0, 0xfe, 0x62, 0x4d, 0x50, 0xa8, 0x8e, 0xe1,
    0xfe, 0xfd, 0xfd, 0xfd, 0x7f, 0xfe, 0xa6, 0x95, 0x97, 0x36, 0xfd, 0xfd,
    0xfd, 0xfd, 0xfd, 0xcf, 0x55, 0x92, 0x3b, 0x9d, 0x89, 0xfd, 0xd3, 0xfe,
    0xfd, 0xfc, 0xfc, 0x17, 0xfe, 0x9d, 0x89, 0x88, 0x35, 0xfd, 0xfd, 0xfe,
    0x87, 0x70, 0x6e, 0x17, 0xc0, 0xfe, 0x76, 0x5a, 0x59, 0x35, 0xfd, 0xc3,
    0xaa, 0xb6, 0x36, 0xfd, 0xfd, 0xfd, 0xfd, 0xfd, 0xdf, 0xfe, 0x92, 0x7d,
    0x80, 0x17, 0xc0, 0xfe, 0x82, 0x6a, 0x6d, 0x36, 0xee, 0x9c, 0x85, 0x11,
    0xc0, 0xff, 0x33, 0x33, 0x37, 0x3e, 0xff, 0x34, 0x34, 0x34, 0x1e, 0xff,
    0x35, 0x34, 0x37, 0xff, 0xc0, 0xfe, 0x62, 0x4d, 0x50, 0xa8, 0x8e, 0xe1,
    0xfe, 0xfd, 0xfd, 0xfd, 0x7f, 0xfe, 0xa6, 0x95, 0x97, 0x36, 0xfd, 0xfd,
    0xfd, 0xfd, 0xfd, 0xd0, 0x9d, 0x78, 0x92, 0x3c, 0x65, 0xfd, 0xd2, 0xfe,
    0xfd, 0xfc, 0xfc, 0x17, 0xfe, 0x9d, 0x89, 0x88, 0x35, 0xfd, 0xfd, 0xfe,
    0x87, 0x70, 0x6e, 0x17, 0xc0, 0xfe, 0x76, 0x5a, 0x59, 0x35, 0xfd, 0xc2,
    0xa5, 0x97, 0x36, 0xfd, 0xfd, 0xfd, 0xfd, 0xfd, 0xe0, 0xfe, 0x92, 0x7d,
    0x80, 0x17, 0xc0, 0xfe, 0x82, 0x6a, 0x6d, 0x36, 0xee, 0x9c, 0x85, 0x11,
    0xc0, 0xff, 0x33, 0x33, 0x37, 0x3e, 0xff, 0x34, 0x34, 0x34, 0x1e, 0xff,
    0x35, 0x34, 0x37, 0xff, 0xc0, 0xfe, 0x62, 0x4d, 0x50, 0xa8, 0x8e, 0xe1,
    0xfe, 0xfd, 0xfd, 0xfd, 0x7f, 0xfe, 0xa6, 0x95, 0x97, 0x36, 0xfd, 0xfd,
    0xfd, 0xfd, 0xfd, 0xd1, 0x99, 0x6a, 0x95, 0x5a, 0xfd, 0xd2, 0xfe, 0xfd,
    0xfc, 0xfc, 0x17, 0xfe, 0x9d, 0x89, 0x88, 0x35, 0xfd, 0xfd, 0xfe, 0x87,
    0x70, 0x6e, 0x17, 0xc0, 0xfe, 0x76, 0x5a, 0x59, 0x35, 0xfd, 0xc1, 0xa2,
    0x88, 0xae, 0xd5, 0x36, 0xfd, 0xfd, 0xfd, 0xfd, 0xfd, 0xe0, 0xfe, 0x92,
    0x7d, 0x80, 0x17, 0xc0, 0xfe, 0x82, 0x6a, 0x6d, 0x36, 0xee, 0x9c, 0x85,
    0x11, 0xc0, 0xff, 0x33, 0x33, 0x37, 0x3e, 0xff, 0x34, 0x34, 0x34, 0x1e,
    0xff, 0x35, 0x34, 0x37, 0xff, 0xc0, 0xfe, 0x62, 0x4d, 0x50, 0xa8, 0x8e,
    0xe1, 0xfe, 0xfd, 0xfd, 0xfd, 0x7f, 0xfe, 0xa6, 0x95, 0x97, 0x36, 0xfd,
    0xfd, 0xfd, 0xfd, 0xfd, 0xd2, 0x95, 0x5b, 0x99, 0x69, 0xfd, 0xd1, 0xfe,
    0xfd, 0xfc, 0xfc, 0x17, 0xfe, 0x9d, 0x89, 0x88, 0x35, 0xfd, 0xfd, 0xfe,
    0x87, 0x70, 0x6e, 0x17, 0xc0, 0xfe, 0x76, 0x5a, 0x59, 0x35, 0xfd, 0xc1,
    0xad, 0xc5, 0x36, 0xfd, 0xfd, 0xfd, 0xfd, 0xfd, 0xe1, 0xfe, 0x92, 0x7d,
    0x80, 0x17, 0xc0, 0xfe, 0x82, 0x6a, 0x6d, 0x36, 0xee, 0x9c, 0x85, 0x11,
    0xc0, 0xff, 0x33, 0x33, 0x37, 0x3e, 0xff, 0x34, 0x34, 0x34, 0x1e, 0xff,
    0x35, 0x34, 0x37, 0xff, 0xc0, 0xfe, 0x62, 0x4d, 0x50, 0xa8, 0x8e, 0xe1,
    0xfe, 0xfd, 0xfd, 0xfd, 0x7f, 0xfe, 0xa6, 0x95, 0x97, 0x36, 0xfd, 0xfd,
    0xfd, 0xfd, 0xfd, 0xd2, 0x56, 0x93, 0x3a, 0x9c, 0x89, 0xfd, 0xd0, 0xfe,
    0xfd, 0xfc, 0xfc, 0x17, 0xfe, 0x9d, 0x89, 0x88, 0x35, 0xfd, 0xfd, 0xfe,
    0x87, 0x70, 0x6e, 0x17, 0xc0, 0xfe, 0x76, 0x5a, 0x59, 0x35, 0xfd, 0xc0,
    0xa9, 0xb6, 0x36, 0xfd, 0xfd, 0xfd, 0xfd, 0xfd, 0xe2, 0xfe, 0x92, 0x7d,
    0x80, 0x17, 0xc0, 0xfe, 0x82, 0x6a, 0x6d, 0x36, 0xee, 0x9c, 0x85, 0x11,
    0xc0, 0xff, 0x33, 0x33, 0x37, 0x3e, 0xff, 0x34, 0x34, 0x34, 0x1e, 0xff,
    0x35, 0x34, 0x37, 0xff, 0xc0, 0xfe, 0x62, 0x4d, 0x50, 0xa8, 0x8e, 0xe1,
    0xfe, 0xfd, 0xfd, 0xfd, 0x7f, 0xfe, 0xa6, 0x95, 0x97, 0x36, 0xfd, 0xfd,
    0xfd, 0xfd, 0xfd, 0xd3, 0x9e, 0x78, 0x91, 0x4c, 0x55, 0xfd, 0xcf, 0xfe,
    0xfd, 0xfc, 0xfc, 0x17, 0xfe, 0x9d, 0x89, 0x88, 0x35, 0xfd, 0xfd, 0xfe,
    0x87, 0x70, 0x6e, 0x17, 0xc0, 0xfe, 0x76, 0x5a, 0x59, 0x35, 0xfd, 0xa5,
    0x87, 0x36, 0xfd, 0xfd, 0xfd, 0xfd, 0xfd, 0xe3, 0xfe, 0x92, 0x7d, 0x80,
    0x17, 0xc0, 0xfe, 0x82, 0x6a, 0x6d, 0x36, 0xee, 0x9c, 0x85, 0x11, 0xc0,
    0xff, 0x33, 0x33, 0x37, 0x3e, 0xff, 0x34, 0x34, 0x34, 0x1e, 0xff, 0x35,
    0x34, 0x37, 0xff, 0xc0, 0xfe, 0x62, 0x4d, 0x50, 0xa8, 0x8e, 0xe1, 0xfe,
    0xfd, 0xfd, 0xfd, 0x7f, 0xfe, 0xa6, 0x95, 0x97, 0x36, 0xfd, 0xfd, 0xfd,
    0xfd, 0xfd, 0xd4, 0x9b, 0x69, 0x93, 0x5b, 0xfd, 0xcf, 0xfe, 0xfd, 0xfc,
    0xfc, 0x17, 0xfe, 0x9d, 0x89, 0x88, 0x35, 0xfd, 0xfd, 0xfe, 0x87, 0x70,
    0x6e, 0x17, 0xc0, 0xfe, 0x76, 0x5a, 0x59, 0x35, 0xfc, 0xa2, 0x87, 0xae,
    0xd6, 0x36, 0xfd, 0xfd, 0xfd, 0xfd, 0xfd, 0xe3, 0xfe, 0x92, 0x7d, 0x80,
    0x17, 0xc0, 0xfe, 0x82, 0x6a, 0x6d, 0x36, 0xee, 0x9c, 0x85, 0x11, 0xc0,
    0xff, 0x33, 0x33, 0x37, 0x3e, 0xff, 0x34, 0x34, 0x34, 0x1e, 0xff, 0x35,
    0x34, 0x37, 0xff, 0xc0, 0xfe, 0x62, 0x4d, 0x50, 0xa8, 0x8e, 0xe1, 0xfe,
    0xfd, 0xfd, 0xfd, 0x7f, 0xfe, 0xa6, 0x95, 0x97, 0x36, 0xfd, 0xfd, 0xfd,
    0xfd, 0xfd, 0xd5, 0x97, 0x5a, 0x97, 0x6a, 0xfd, 0xce, 0xfe, 0xfd, 0xfc,
    0xfc, 0x17, 0xfe, 0x9d, 0x89, 0x88, 0x35, 0xfd, 0xfd, 0xfe, 0x87, 0x70,
    0x6e, 0x17, 0xc0, 0xfe, 0x76, 0x5a, 0x59, 0x35, 0xfc, 0xad, 0xb5, 0x36,
    0xfd, 0xfd, 0xfd, 0xfd, 0xfd, 0xe4, 0xfe, 0x92, 0x7d, 0x80, 0x17, 0xc0,
    0xfe, 0x82, 0x6a, 0x6d, 0x36, 0xee, 0x9c, 0x85, 0x11, 0xc0, 0xff, 0x33,
    0x33, 0x37, 0x3e, 0xff, 0x34, 0x34, 0x34, 0x1e, 0xff, 0x35, 0x34, 0x37,
    0xff, 0xc0, 0xfe, 0x62, 0x4d, 0x50, 0xa8, 0x8e, 0xe1, 0xfe, 0xfd, 0xfd,
    0xfd, 0x7f, 0xfe, 0xa6, 0x95, 0x97, 0x36, 0xfd, 0xfd, 0xfd, 0xfd, 0xfd,
    0xd6, 0x93, 0x4b, 0x9b, 0x79, 0xfd, 0xcd, 0xfe, 0xfd, 0xfc, 0xfc, 0x17,
    0xfe, 0x9d, 0x89, 0x88, 0x35, 0xfd, 0xfd, 0xfe, 0x87, 0x70, 0x6e, 0x17,
    0xc0, 0xfe, 0x76, 0x5a, 0x59, 0x35, 0xfb, 0xa8, 0xa6, 0x36, 0xfd, 0xfd,
    0xfd, 0xfd, 0xfd, 0xe5, 0xfe, 0x92, 0x7d, 0x80, 0x17, 0xc0, 0xfe, 0x82,
    0x6a, 0x6d, 0x36, 0xee, 0x9c, 0x85, 0x11, 0xc0, 0xff, 0x33, 0x33, 0x37,
    0x3e, 0xff, 0x34, 0x34, 0x34, 0x1e, 0xff, 0x35, 0x34, 0x37, 0xff, 0xc0,
    0xfe, 0x62, 0x4d, 0x50, 0xa8, 0x8e, 0xe1, 0xfe, 0xfd, 0xfd, 0xfd, 0x7f,
    0xfe, 0xa6, 0x95, 0x97, 0x36, 0xfd, 0xfd, 0xfd, 0xfd, 0xfd, 0xd6, 0x41,
    0x92, 0x3b, 0x40, 0xfd, 0xcc, 0xfe, 0xfd, 0xfc, 0xfc, 0x17, 0xfe, 0x9d,
    0x89, 0x88, 0x35, 0xfd, 0xfd, 0xfe, 0x87, 0x70, 0x6e, 0x17, 0xc0, 0xfe,
    0x76, 0x5a, 0x59, 0x35, 0xfa, 0xa4, 0x87, 0xad, 0xd6, 0x36, 0xfd, 0xfd,
    0xfd, 0xfd, 0xfd, 0xe5, 0xfe, 0x92, 0x7d, 0x80, 0x17, 0xc0, 0xfe, 0x82,
    0x6a, 0x6d, 0x36, 0xee, 0x9c, 0x85, 0x11, 0xc0, 0xff, 0x33, 0x33, 0x37,
    0x3e, 0xff, 0x34, 0x34, 0x34, 0x1e, 0xff, 0x35, 0x34, 0x37, 0xff, 0xc0,
    0xfe, 0x62, 0x4d, 0x50, 0xa8, 0x8e, 0xe1, 0xfe, 0xfd, 0xfd, 0xfd, 0x7f,
    0xfe, 0xa6, 0x95, 0x97, 0x36, 0xfd, 0xfd, 0xfd, 0xfd, 0xfd, 0xd7, 0x9c,
    0x79, 0x92, 0x4b, 0xfd, 0xcc, 0xfe, 0xfd, 0xfc, 0xfc, 0x17, 0xfe, 0x9d,
    0x89, 0x88, 0x35, 0xfd, 0xfd, 0xfe, 0x87, 0x70, 0x6e, 0x17, 0xc0, 0xfe,
    0x76, 0x5a, 0x59, 0x35, 0xf9, 0x7f, 0xaf, 0xc4, 0x36, 0xfd, 0xfd, 0xfd,
    0xfd, 0xfd, 0xe6, 0xfe, 0x92, 0x7d, 0x80, 0x17, 0xc0, 0xfe, 0x82, 0x6a,
    0x6d, 0x36, 0xee, 0x9c, 0x85, 0x11, 0xc0, 0xff, 0x33, 0x33, 0x37, 0x3e,
    0xff, 0x34, 0x34, 0x34, 0x1e, 0xff, 0x35, 0x34, 0x37, 0xff, 0xc0, 0xfe,
    0x62, 0x4d, 0x50, 0xa8, 0x8e, 0xe1, 0xfe, 0xfd, 0xfd, 0xfd, 0x7f, 0xfe,
    0xa6, 0x95, 0x97, 0x36, 0xfd, 0xfd, 0xfd, 0xfd, 0xfd, 0xd8, 0x98, 0x6a,
    0x96, 0x5a, 0xfd, 0xcb, 0xfe, 0xfd, 0xfc, 0xfc, 0x17, 0xfe, 0x9d, 0x89,
    0x88, 0x35, 0xfd, 0xfd, 0xfe, 0x87, 0x70, 0x6e, 0x17, 0xc0, 0xfe, 0x76,
    0x5a, 0x59, 0x35, 0xf9, 0xac, 0xb5, 0x36, 0xfd, 0xfd, 0xfd, 0xfd, 0xfd,
    0xe7, 0xfe, 0x92, 0x7d, 0x80, 0x17, 0xc0, 0xfe, 0x82, 0x6a, 0x6d, 0x36,
    0xee, 0x9c, 0x85, 0x11, 0xc0, 0xff, 0x33, 0x33, 0x37, 0x3e, 0xff, 0x34,
    0x34, 0x34, 0x1e, 0xff, 0x35, 0x34, 0x37, 0xff, 0xc0, 0xfe, 0x62, 0x4d,
    0x50, 0xa8, 0x8e, 0xe1, 0xfe, 0xfd, 0xfd, 0xfd, 0x7f, 0xfe, 0xa6, 0x95,
    0x97, 0x36, 0xfd, 0xfd, 0xfd, 0xfd, 0xfd, 0xd9, 0x94, 0x5b, 0x9a, 0x69,
    0xfd, 0xca, 0xfe, 0xfd, 0xfc, 0xfc, 0x17, 0xfe, 0x9d, 0x89, 0x88, 0x35,
    0xfd, 0xfd, 0xfe, 0x87, 0x70, 0x6e, 0x17, 0xc0, 0xfe, 0x76, 0x5a, 0x59,
    0x35, 0xf8, 0xa7, 0xa7, 0x36, 0xfd, 0xfd, 0xfd, 0xfd, 0xfd, 0xe8, 0xfe,
    0x92, 0x7d, 0x80, 0x17, 0xc0, 0xfe, 0x82, 0x6a, 0x6d, 0x36, 0xee, 0x9c,
    0x85, 0x11, 0xc0, 0xff, 0x33, 0x33, 0x37, 0x3e, 0xff, 0x34, 0x34, 0x34,
    0x1e, 0xff, 0x35, 0x34, 0x37, 0xff, 0xc0, 0xfe, 0x62, 0x4d, 0x50, 0xa8,
    0x8e, 0xe1, 0xfe, 0xfd, 0xfd, 0xfd, 0x7f, 0xfe, 0xa6, 0x95, 0x97, 0x36,
    0xfd, 0xfd, 0xfd, 0xfd, 0xfd, 0xd9, 0x55, 0x92, 0x4c, 0x9d, 0x78, 0xfd,
    0xc9, 0xfe, 0xfd, 0xfc, 0xfc, 0x17, 0xfe, 0x9d, 0x89, 0x88, 0x35, 0xfd,
    0xfd, 0xfe, 0x87, 0x70, 0x6e, 0x17, 0xc0, 0xfe, 0x76, 0x5a, 0x59, 0x35,
    0xf7, 0x25, 0x27, 0x36, 0xfd, 0xfd, 0xfd, 0xfd, 0xfd, 0xe8, 0xfe, 0x92,
    0x7d, 0x80, 0x17, 0xc0, 0xfe, 0x82, 0x6a, 0x6d, 0x36, 0xee, 0x9c, 0x85,
    0x11, 0xc0, 0xff, 0x33, 0x33, 0x37, 0x3e, 0xff, 0x34, 0x34, 0x34, 0x1e,
    0xff, 0x35, 0x34, 0x37, 0xff, 0xc0, 0xfe, 0x62, 0x4d, 0x50, 0xa8, 0x8e,
    0xe1, 0xfe, 0xfd, 0xfd, 0xfd, 0x7f, 0xfe, 0xa6, 0x95, 0x97, 0x36, 0xfd,
    0xfd, 0xfd, 0xfd, 0xfd, 0xda, 0x9d, 0x79, 0x92, 0x4b, 0x55, 0xfd, 0xc8,
    0xfe, 0xfd, 0xfc, 0xfc, 0x17, 0xfe, 0x9d, 0x89, 0x88, 0x35, 0xfd, 0xfd,
    0xfe, 0x87, 0x70, 0x6e, 0x17, 0xc0, 0xfe, 0x76, 0x5a, 0x59, 0x35, 0xf6,
    0x04, 0x0d, 0x36, 0xfd, 0xfd, 0xfd, 0xfd, 0xfd, 0xe9, 0xfe, 0x92, 0x7d,
    0x80, 0x17, 0xc0, 0xfe, 0x82, 0x6a, 0x6d, 0x36, 0xee, 0x9c, 0x85, 0x11,
    0xc0, 0xff, 0x33, 0x33, 0x37, 0x3e, 0xff, 0x34, 0x34, 0x34, 0x1e, 0xff,
    0x35, 0x34, 0x37, 0xff, 0xc0, 0xfe, 0x62, 0x4d, 0x50, 0xa8, 0x8e, 0xe1,
    0xfe, 0xfd, 0xfd, 0xfd, 0x7f, 0xfe, 0xa6, 0x95, 0x97, 0x36, 0xfd, 0xfd,
    0xfd, 0xfd, 0xfd, 0xdb, 0x9a, 0x69, 0x94, 0x5b, 0xfd, 0xc8, 0xfe, 0xfd,
    0xfc, 0xfc, 0x17, 0xfe, 0x9d, 0x89, 0x88, 0x35, 0xfd, 0xfd, 0xfe, 0x87,
    0x70, 0x6e, 0x17, 0xc0, 0xfe, 0x76, 0x5a, 0x59, 0x35, 0xf6, 0xab, 0xb6,
    0x36, 0xfd, 0xfd, 0xfd, 0xfd, 0xfd, 0xea, 0xfe, 0x92, 0x7d, 0x80, 0x17,
    0xc0, 0xfe, 0x82, 0x6a, 0x6d, 0x36, 0xee, 0x9c, 0x85, 0x11, 0xc0, 0xff,
    0x33, 0x33, 0x37, 0x3e, 0xff, 0x34, 0x34, 0x34, 0x1e, 0xff, 0x35, 0x34,
    0x37, 0xff, 0xc0, 0xfe, 0x62, 0x4d, 0x50, 0xa8, 0x8e, 0xe1, 0xfe, 0xfd,
    0xfd, 0xfd, 0x7f, 0xfe, 0xa6, 0x95, 0x97, 0x36, 0xfd, 0xfd, 0xfd, 0xfd,
    0xfd, 0xdc, 0x96, 0x5a, 0x98, 0x6a, 0xfd, 0xc7, 0xfe, 0xfd, 0xfc, 0xfc,
    0x17, 0xfe, 0x9d, 0x89, 0x88, 0x35, 0xfd, 0xfd, 0xfe, 0x87, 0x70, 0x6e,
    0x17, 0xc0, 0xfe, 0x76, 0x5a, 0x59, 0x35, 0xf5, 0xa6, 0xa7, 0x36, 0xfd,
    0xfd, 0xfd, 0xfd, 0xfd, 0xeb, 0xfe, 0x92, 0x7d, 0x80, 0x17, 0xc0, 0xfe,
    0x82, 0x6a, 0x6d, 0x36, 0xee, 0x9c, 0x85, 0x11, 0xc0, 0xff, 0x33, 0x33,
    0x37, 0x3e, 0xff, 0x34, 0x34, 0x34, 0x1e, 0xff, 0x35, 0x34, 0x37, 0xff,
    0xc0, 0xfe, 0x62, 0x4d, 0x50, 0xa8, 0x8e, 0xe1, 0xfe, 0xfd, 0xfd, 0xfd,
    0x7f, 0xfe, 0xa6, 0x95, 0x97, 0x36, 0xfd, 0xfd, 0xfd, 0xfd, 0xfd, 0xdd,
    0x92, 0x4b, 0x9c, 0x79, 0xfd, 0xc6, 0xfe, 0xfd, 0xfc, 0xfc, 0x17, 0xfe,
    0x9d, 0x89, 0x88, 0x35, 0xfd, 0xfd, 0xfe, 0x87, 0x70, 0x6e, 0x17, 0xc0,
    0xfe, 0x76, 0x5a, 0x59, 0x35, 0xf4, 0xa3, 0x87, 0xae, 0xd5, 0x36, 0xfd,
    0xfd, 0xfd, 0xfd, 0xfd, 0xeb, 0xfe, 0x92, 0x7d, 0x80, 0x17, 0xc0, 0xfe,
    0x82, 0x6a, 0x6d, 0x36, 0xee, 0x9c, 0x85, 0x11, 0xc0, 0xff, 0x33, 0x33,
    0x37, 0x3e, 0xff, 0x34, 0x34, 0x34, 0x1e, 0xff, 0x35, 0x34, 0x37, 0xff,
    0xc0, 0xfe, 0x62, 0x4d, 0x50, 0xa8, 0x8e, 0xe1, 0xfe, 0xfd, 0xfd, 0xfd,
    0x7f, 0xfe, 0xa6, 0x95, 0x97, 0x36, 0xfd, 0xfd, 0xfd, 0xfd, 0xfd, 0xdd,
    0x41, 0x92, 0x3a, 0x41, 0xfd, 0xc5, 0xfe, 0xfd, 0xfc, 0xfc, 0x17, 0xfe,
    0x9d, 0x89, 0x88, 0x35, 0xfd, 0xfd, 0xfe, 0x87, 0x70, 0x6e, 0x17, 0xc0,
    0xfe, 0x76, 0x5a, 0x59, 0x35, 0xf3, 0x6f, 0xad, 0xd5, 0x36, 0xfd, 0xfd,
    0xfd, 0xfd, 0xfd, 0xec, 0xfe, 0x92, 0x7d, 0x80, 0x17, 0xc0, 0xfe, 0x82,
    0x6a, 0x6d, 0x36, 0xee, 0x9c, 0x85, 0x11, 0xc0, 0xff, 0x33, 0x33, 0x37,
    0x3e, 0xff, 0x34, 0x34, 0x34, 0x1e, 0xff, 0x35, 0x34, 0x37, 0xff, 0xc0,
    0xfe, 0x62, 0x4d, 0x50, 0xa8, 0x8e, 0xe1, 0xfe, 0xfd, 0xfd, 0xfd, 0x7f,
    0xfe, 0xa6, 0x95, 0x97, 0x36, 0xfd, 0xfd, 0xfd, 0xfd, 0xfd, 0xde, 0x9b,
    0x79, 0x93, 0x4b, 0xfd, 0xc5, 0xfe, 0xfd, 0xfc, 0xfc, 0x17, 0xfe, 0x9d,
    0x89, 0x88, 0x35, 0xfd, 0xfd, 0xfe, 0x87, 0x70, 0x6e, 0x17, 0xc0, 0xfe,
    0x76, 0x5a, 0x59, 0x35, 0xf3, 0xaa, 0xb6, 0x36, 0xfd, 0xfd, 0xfd, 0xfd,
    0xfd, 0xed, 0xfe, 0x92, 0x7d, 0x80, 0x17, 0xc0, 0xfe, 0x82, 0x6a, 0x6d,
    0x36, 0xee, 0x9c, 0x85, 0x11, 0xc0, 0xff, 0x33, 0x33, 0x37, 0x3e, 0xff,
    0x34, 0x34, 0x34, 0x1e, 0xff, 0x35, 0x34, 0x37, 0xff, 0xc0, 0xfe, 0x62,
    0x4d, 0x50, 0xa8, 0x8e, 0xe1, 0xfe, 0xfd, 0xfd, 0xfd, 0x7f, 0xfe, 0xa6,
    0x95, 0x97, 0x36, 0xfd, 0xfd, 0xfd, 0xfd, 0xfd, 0xdf, 0x98, 0x5a, 0x96,
    0x6a, 0xfd, 0xc4, 0xfe, 0xfd, 0xfc, 0xfc, 0x17, 0xfe, 0x9d, 0x89, 0x88,
    0x35, 0xfd, 0xfd, 0xfe, 0x87, 0x70, 0x6e, 0x17, 0xc0, 0xfe, 0x76, 0x5a,
    0x59, 0x35, 0xf2, 0xa5, 0xa7, 0x36, 0xfd, 0xfd, 0xfd, 0xfd, 0xfd, 0xee,
    0xfe, 0x92, 0x7d, 0x80, 0x17, 0xc0, 0xfe, 0x82, 0x6a, 0x6d, 0x36, 0xee,
    0x9c, 0x85, 0x11, 0xc0, 0xff, 0x33, 0x33, 0x37, 0x3e, 0xff, 0x34, 0x34,
    0x34, 0x1e, 0xff, 0x35, 0x34, 0x37, 0xff, 0xc0, 0xfe, 0x62, 0x4d, 0x50,
    0xa8, 0x8e, 0xe1, 0xfe, 0xfd, 0xfd, 0xfd, 0x7f, 0xfe, 0xa6, 0x95, 0x97,
    0x36, 0xfd, 0xfd, 0xfd, 0xfd, 0xfd, 0xe0, 0x94, 0x5b, 0x9a, 0x69, 0xfd,
    0xc3, 0xfe, 0xfd, 0xfc, 0xfc, 0x17, 0xfe, 0x9d, 0x89, 0x88, 0x35, 0xfd,
    0xfd, 0xfe, 0x87, 0x70, 0x6e, 0x17, 0xc0, 0xfe, 0x76, 0x5a, 0x59, 0x35,
    0xf1, 0xa2, 0x88, 0xaf, 0xc4, 0x36, 0xfd, 0xfd, 0xfd, 0xfd, 0xfd, 0xee,
    0xfe, 0x92, 0x7d, 0x80, 0x17, 0xc0, 0xfe, 0x82, 0x6a, 0x6d, 0x36, 0xee,
    0x9c, 0x85, 0x11, 0xc0, 0xff, 0x33, 0x33, 0x37, 0x3e, 0xff, 0x34, 0x34,
    0x34, 0x1e, 0xff, 0x35, 0x34, 0x37, 0xff, 0xc0, 0xfe, 0x62, 0x4d, 0x50,
    0xa8, 0x8e, 0xe1, 0xfe, 0xfd, 0xfd, 0xfd, 0x7f, 0xfe, 0xa6, 0x95, 0x97,
    0x36, 0xfd, 0xfd, 0xfd, 0xfd, 0xfd, 0xe0, 0x55, 0x93, 0x4b, 0x9c, 0x79,
    0xfd, 0xc2, 0xfe, 0xfd, 0xfc, 0xfc, 0x17, 0xfe, 0x9d, 0x89, 0x88, 0x35,
    0xfd, 0xfd, 0xfe, 0x87, 0x70, 0x6e, 0x17, 0xc0, 0xfe, 0x76, 0x5a, 0x59,
    0x35, 0xf0, 0xa2, 0x87, 0xad, 0xd6, 0x36, 0xfd, 0xfd, 0xfd, 0xfd, 0xfd,
    0xef, 0xfe, 0x92, 0x7d, 0x80, 0x17, 0xc0, 0xfe, 0x82, 0x6a, 0x6d, 0x36,
    0xee, 0x9c, 0x85, 0x11, 0xc0, 0xff, 0x33, 0x33, 0x37, 0x3e, 0xff, 0x34,
    0x34, 0x34, 0x1e, 0xff, 0x35, 0x34, 0x37, 0xff, 0xc0, 0xfe, 0x62, 0x4d,
    0x50, 0xa8, 0x8e, 0xe1, 0xfe, 0xfd, 0xfd, 0xfd, 0x7f, 0xfe, 0xa6, 0x95,
    0x97, 0x36, 0xfd, 0xfd, 0xfd, 0xfd, 0xfd, 0xe1, 0x45, 0x92, 0x4b, 0x9d,
    0x89, 0xfd, 0xc1, 0xfe, 0xfd, 0xfc, 0xfc, 0x17, 0xfe, 0x9d, 0x89, 0x88,
    0x35, 0xfd, 0xfd, 0xfe, 0x87, 0x70, 0x6e, 0x17, 0xc0, 0xfe, 0x76, 0x5a,
    0x59, 0x35, 0xef, 0x7f, 0xae, 0xc5, 0x36, 0xfd, 0xfd, 0xfd, 0xfd, 0xfd,
    0xf0, 0xfe, 0x92, 0x7d, 0x80, 0x17, 0xc0, 0xfe, 0x82, 0x6a, 0x6d, 0x36,
    0xee, 0x9c, 0x85, 0x11, 0xc0, 0xff, 0x33, 0x33, 0x37, 0x3e, 0xff, 0x34,
    0x34, 0x34, 0x1e, 0xff, 0x35, 0x34, 0x37, 0xff, 0xc0, 0xfe, 0x62, 0x4d,
    0x50, 0xa8, 0x8e, 0xe1, 0xfe, 0xfd, 0xfd, 0xfd, 0x7f, 0xfe, 0xa6, 0x95,
    0x97, 0x36, 0xfd, 0xfd, 0xfd, 0xfd, 0xfd, 0xe2, 0x9e, 0x78, 0x92, 0x4c,
    0x40, 0xfd, 0xc0, 0xfe, 0xfd, 0xfc, 0xfc, 0x17, 0xfe, 0x9d, 0x89, 0x88,
    0x35, 0xfd, 0xfd, 0xfe, 0x87, 0x70, 0x6e, 0x17, 0xc0, 0xfe, 0x76, 0x5a,
    0x59, 0x35, 0xee, 0x7f, 0xae, 0xc4, 0x36, 0xfd, 0xfd, 0xfd, 0xfd, 0xfd,
    0xf1, 0xfe, 0x92, 0x7d, 0x80, 0x17, 0xc0, 0xfe, 0x82, 0x6a, 0x6d, 0x36,
    0xee, 0x9c, 0x85, 0x11, 0xc0, 0xff, 0x33, 0x33, 0x37, 0x3e, 0xff, 0x34,
    0x34, 0x34, 0x1e, 0xff, 0x35, 0x34, 0x37, 0xff, 0xc0, 0xfe, 0x62, 0x4d,
    0x50, 0xa8, 0x8e, 0xe1, 0xfe, 0xfd, 0xfd, 0xfd, 0x7f, 0xfe, 0xa6, 0x95,
    0x97, 0x36, 0xfd, 0xfd, 0xfd, 0xfd, 0xfd, 0xe3, 0x9d, 0x79, 0x92, 0x4b,
    0x55, 0xfd, 0xfe, 0xfd, 0xfc, 0xfc, 0x17, 0xfe, 0x9d, 0x89, 0x88, 0x35,
    0xfd, 0xfd, 0xfe, 0x87, 0x70, 0x6e, 0x17, 0xc0, 0xfe, 0x76, 0x5a, 0x59,
    0x35, 0xed, 0x04, 0xae, 0xc4, 0x36, 0xfd, 0xfd, 0xfd, 0xfd, 0xfd, 0xf2,
    0xfe, 0x92, 0x7d, 0x80, 0x17, 0xc0, 0xfe, 0x82, 0x6a, 0x6d, 0x36, 0xee,
    0x9c, 0x85, 0x11, 0xc0, 0xff, 0x33, 0x33, 0x37, 0x3e, 0xff, 0x34, 0x34,
    0x34, 0x1e, 0xff, 0x35, 0x34, 0x37, 0xff, 0xc0, 0xfe, 0x62, 0x4d, 0x50,
    0xa8, 0x8e, 0xe1, 0xfe, 0xfd, 0xfd, 0xfd, 0x7f, 0xfe, 0xa6, 0x95, 0x97,
    0x36, 0xfd, 0xfd, 0xfd, 0xfd, 0xfd, 0xe4, 0x9c, 0x69, 0x93, 0x4b, 0x65,
    0xfc, 0xfe, 0xfd, 0xfc, 0xfc, 0x17, 0xfe, 0x9d, 0x89, 0x88, 0x35, 0xfd,
    0xfd, 0xfe, 0x87, 0x70, 0x6e, 0x17, 0xc0, 0xfe, 0x76, 0x5a, 0x59, 0x35,
    0xec, 0x7f, 0xae, 0xc4, 0x36, 0xfd, 0xfd, 0xfd, 0xfd, 0xfd, 0xf3, 0xfe,
    0x92, 0x7d, 0x80, 0x17, 0xc0, 0xfe, 0x82, 0x6a, 0x6d, 0x36, 0xee, 0x9c,
    0x85, 0x11, 0xc0, 0xff, 0x33, 0x33, 0x37, 0x3e, 0xff, 0x34, 0x34, 0x34,
    0x1e, 0xff, 0x35, 0x34, 0x37, 0xff, 0xc0, 0xfe, 0x62, 0x4d, 0x50, 0xa8,
    0x8e, 0xe1, 0xfe, 0xfd, 0xfd, 0xfd, 0x7f, 0xfe, 0xa6, 0x95, 0x97, 0x36,
    0xfd, 0xfd, 0xfd, 0xfd, 0xfd, 0xe5, 0x9a, 0x7a, 0x94, 0x4a, 0xfc, 0xfe,
    0xfd, 0xfc, 0xfc, 0x17, 0xfe, 0x9d, 0x89, 0x88, 0x35, 0xfd, 0xfd, 0xfe,
    0x87, 0x70, 0x6e, 0x17, 0xc0, 0xfe, 0x76, 0x5a, 0x59, 0x35, 0xeb, 0x7f,
    0xad, 0xc5, 0x36, 0xfd, 0xfd, 0xfd, 0xfd, 0xfd, 0xf4, 0xfe, 0x92, 0x7d,
    0x80, 0x17, 0xc0, 0xfe, 0x82, 0x6a, 0x6d, 0x36, 0xee, 0x9c, 0x85, 0x11,
    0xc0, 0xff, 0x33, 0x33, 0x37, 0x3e, 0xff, 0x34, 0x34, 0x34, 0x1e, 0xff,
    0x35, 0x34, 0x37, 0xff, 0xc0, 0xfe, 0x62, 0x4d, 0x50, 0xa8, 0x8e, 0xe1,
    0xfe, 0xfd, 0xfd, 0xfd, 0x7f, 0xfe, 0xa6, 0x95, 0x97, 0x36, 0xfd, 0xfd,
    0xfd, 0xfd, 0xfd, 0xe6, 0x99, 0x6a, 0x95, 0x5a, 0xfb, 0xfe, 0xfd, 0xfc,
    0xfc, 0x17, 0xfe, 0x9d, 0x89, 0x88, 0x35, 0xfd, 0xfd, 0xfe, 0x87, 0x70,
    0x6e, 0x17, 0xc0, 0xfe, 0x76, 0x5a, 0x59, 0x35, 0xea, 0x7f, 0xad, 0xc5,
    0x36, 0xfd, 0xfd, 0xfd, 0xfd, 0xfd, 0xf5, 0xfe, 0x92, 0x7d, 0x80, 0x17,
    0xc0, 0xfe, 0x82, 0x6a, 0x6d, 0x36, 0xee, 0x9c, 0x85, 0x11, 0xc0, 0xff,
    0x33, 0x33, 0x37, 0x3e, 0xff, 0x34, 0x34, 0x34, 0x1e, 0xff, 0x35, 0x34,
    0x37, 0xff, 0xc0, 0xfe, 0x62, 0x4d, 0x50, 0xa8, 0x8e, 0xe1, 0xfe, 0xfd,
    0xfd, 0xfd, 0x7f, 0xfe, 0xa6, 0x95, 0x97, 0x36, 0xfd, 0xfd, 0xfd, 0xfd,
    0xfd, 0xe7, 0x97, 0x6a, 0x97, 0x5a, 0xfa, 0xfe, 0xfd, 0xfc, 0xfc, 0x17,
    0xfe, 0x9d, 0x89, 0x88, 0x35, 0xfd, 0xfd, 0xfe, 0x87, 0x70, 0x6e, 0x17,
    0xc0, 0xfe, 0x76, 0x5a, 0x59, 0x35, 0xe9, 0x7f, 0xad, 0xc5, 0x36, 0xfd,
    0xfd, 0xfd, 0xfd, 0xfd, 0xf6, 0xfe, 0x92, 0x7d, 0x80, 0x17, 0xc0, 0xfe,
    0x82, 0x6a, 0x6d, 0x36, 0xee, 0x9c, 0x85, 0x11, 0xc0, 0xff, 0x33, 0x33,
    0x37, 0x3e, 0xff, 0x34, 0x34, 0x34, 0x1e, 0xff, 0x35, 0x34, 0x37, 0xff,
    0xc0, 0xfe, 0x62, 0x4d, 0x50, 0xa8, 0x8e, 0xe1, 0xfe, 0xfd, 0xfd, 0xfd,
    0x7f, 0xfe, 0xa6, 0x95, 0x97, 0x36, 0xfd, 0xfd, 0xfd, 0xfd, 0xfd, 0xe8,
    0x95, 0x5b, 0x99, 0x69, 0xf9, 0xfe, 0xfd, 0xfc, 0xfc, 0x17, 0xfe, 0x9d,
    0x89, 0x88, 0x35, 0xfd, 0xfd, 0xfe, 0x87, 0x70, 0x6e, 0x17, 0xc0, 0xfe,
    0x76, 0x5a, 0x59, 0x35, 0xe8, 0x7f, 0xad, 0xc5, 0x36, 0xfd, 0xfd, 0xfd,
    0xfd, 0xfd, 0xf7, 0xfe, 0x92, 0x7d, 0x80, 0x17, 0xc0, 0xfe, 0x82, 0x6a,
    0x6d, 0x36, 0xee, 0x9c, 0x85, 0x11, 0xc0, 0xff, 0x33, 0x33, 0x37, 0x3e,
    0xff, 0x34, 0x34, 0x34, 0x1e, 0xff, 0x35, 0x34, 0x37, 0xff, 0xc0, 0xfe,
    0x62, 0x4d, 0x50, 0xa8, 0x8e, 0xe1, 0xfe, 0xfd, 0xfd, 0xfd, 0x7f, 0xfe,
    0xa6, 0x95, 0x97, 0x36, 0xfd, 0xfd, 0xfd, 0xfd, 0xfd, 0xe9, 0x94, 0x4b,
    0x9a, 0x79, 0xf8, 0xfe, 0xfd, 0xfc, 0xfc, 0x17, 0xfe, 0x9d, 0x89, 0x88,
    0x35, 0xfd, 0xfd, 0xfe, 0x87, 0x70, 0x6e, 0x17, 0xc0, 0xfe, 0x76, 0x5a,
    0x59, 0x35, 0xe7, 0x7f, 0xad, 0xc5, 0x36, 0xfd, 0xfd, 0xfd, 0xfd, 0xfd,
    0xf8, 0xfe, 0x92, 0x7d, 0x80, 0x17, 0xc0, 0xfe, 0x82, 0x6a, 0x6d, 0x36,
    0xee, 0x9c, 0x85, 0x11, 0xc0, 0xff, 0x33, 0x33, 0x37, 0x3e, 0xff, 0x34,
    0x34, 0x34, 0x1e, 0xff, 0x35, 0x34, 0x37, 0xff, 0xc0, 0xfe, 0x62, 0x4d,
    0x50, 0xa8, 0x8e, 0xe1, 0xfe, 0xfd, 0xfd, 0xfd, 0x7f, 0xfe, 0xa6, 0x95,
    0x97, 0x36, 0xfd, 0xfd, 0xfd, 0xfd, 0xfd, 0xe9, 0x56, 0x94, 0x3a, 0x9b,
    0x89, 0xf7, 0xfe, 0xfd, 0xfc, 0xfc, 0x17, 0xfe, 0x9d, 0x89, 0x88, 0x35,
    0xfd, 0xfd, 0xfe, 0x87, 0x70, 0x6e, 0x17, 0xc0, 0xfe, 0x76, 0x5a, 0x59,
    0x35, 0xe6, 0x7f, 0xad, 0xc5, 0x36, 0xfd, 0xfd, 0xfd, 0xfd, 0xfd, 0xf9,
    0xfe, 0x92, 0x7d, 0x80, 0x17, 0xc0, 0xfe, 0x82, 0x6a, 0x6d, 0x36, 0xee,
    0x9c, 0x85, 0x11, 0xc0, 0xff, 0x33, 0x33, 0x37, 0x3e, 0xff, 0x34, 0x34,
    0x34, 0x1e, 0xff, 0x35, 0x34, 0x37, 0xff, 0xc0, 0xfe, 0x62, 0x4d, 0x50,
    0xa8, 0x8e, 0xe1, 0xfe, 0xfd, 0xfd, 0xfd, 0x7f, 0xfe, 0xa6, 0x95, 0x97,
    0x36, 0xfd, 0xfd, 0xfd, 0xfd, 0xfd, 0xea, 0x55, 0x92, 0x4c, 0x9d, 0x78,
    0xf6, 0xfe, 0xfd, 0xfc, 0xfc, 0x17, 0xfe, 0x9d, 0x89, 0x88, 0x35, 0xfd,
    0xfd, 0xfe, 0x87, 0x70, 0x6e, 0x17, 0xc0, 0xfe, 0x76, 0x5a, 0x59, 0x35,
    0xe5, 0x7f, 0xad, 0xc5, 0x36, 0xfd, 0xfd, 0xfd, 0xfd, 0xfd, 0xfa, 0xfe,
    0x92, 0x7d, 0x80, 0x17, 0xc0, 0xfe, 0x82, 0x6a, 0x6d, 0x36, 0xee, 0x9c,
    0x85, 0x11, 0xc0, 0xff, 0x33, 0x33, 0x37, 0x3e, 0xff, 0x34, 0x34, 0x34,
    0x1e, 0xff, 0x35, 0x34, 0x37, 0xff, 0xc0, 0xfe, 0x62, 0x4d, 0x50, 0xa8,
    0x8e, 0xe1, 0xfe, 0xfd, 0xfd, 0xfd, 0x7f, 0xfe, 0xa6, 0x95, 0x97, 0x36,
    0xfd, 0xfd, 0xfd, 0xfd, 0xfd, 0xeb, 0x41, 0x92, 0x3b, 0x40, 0xf5, 0xfe,
    0xfd, 0xfc, 0xfc, 0x17, 0xfe, 0x9d, 0x89, 0x88, 0x35, 0xfd, 0xfd, 0xfe,
    0x87, 0x70, 0x6e, 0x17, 0xc0, 0xfe, 0x76, 0x5a, 0x59, 0x35, 0xe4, 0x7f,
    0xad, 0xc5, 0x36, 0xfd, 0xfd, 0xfd, 0xfd, 0xfd, 0xfb, 0xfe, 0x92, 0x7d,
    0x80, 0x17, 0xc0, 0xfe, 0x82, 0x6a, 0x6d, 0x36, 0xee, 0x9c, 0x85, 0x11,
    0xc0, 0xff, 0x33, 0x33, 0x37, 0x3e, 0xff, 0x34, 0x34, 0x34, 0x1e, 0xff,
    0x35, 0x34, 0x37, 0xff, 0xc0, 0xfe, 0x62, 0x4d, 0x50, 0xa8, 0x8e, 0xe1,
    0xfe, 0xfd, 0xfd, 0xfd, 0x7f, 0xfe, 0xa6, 0x95, 0x97, 0x36, 0xfd, 0xfd,
    0xfd, 0xfd, 0xfd, 0xec, 0x9d, 0x79, 0x92, 0x4b, 0x55, 0xf4, 0xfe, 0xfd,
    0xfc, 0xfc, 0x17, 0xfe, 0x9d, 0x89, 0x88, 0x35, 0xfd, 0xfd, 0xfe, 0x87,
    0x70, 0x6e, 0x17, 0xc0, 0xfe, 0x76, 0x5a, 0x59, 0x35, 0xe3, 0x04, 0xad,
    0xc5, 0x36, 0xfd, 0xfd, 0xfd, 0xfd, 0xfd, 0xfc, 0xfe, 0x92, 0x7d, 0x80,
    0x17, 0xc0, 0xfe, 0x82, 0x6a, 0x6d, 0x36, 0xee, 0x9c, 0x85, 0x11, 0xc0,
    0xff, 0x33, 0x33, 0x37, 0x3e, 0xff, 0x34, 0x34, 0x34, 0x1e, 0xff, 0x35,
    0x34, 0x37, 0xff, 0xc0, 0xfe, 0x62, 0x4d, 0x50, 0xa8, 0x8e, 0xe1, 0xfe,
    0xfd, 0xfd, 0xfd, 0x7f, 0xfe, 0xa6, 0x95, 0x97, 0x36, 0xfd, 0xfd, 0xfd,
    0xfd, 0xfd, 0xed, 0x9c, 0x79, 0x93, 0x4b, 0x55, 0xf3, 0xfe, 0xfd, 0xfc,
    0xfc, 0x17, 0xfe, 0x9d, 0x89, 0x88, 0x35, 0xfd, 0xfd, 0xfe, 0x87, 0x70,
    0x6e, 0x17, 0xc0, 0xfe, 0x76, 0x5a, 0x59, 0x35, 0xe2, 0x04, 0x3e, 0x36,
    0xfd, 0xfd, 0xfd, 0xfd, 0xfd, 0xfd, 0xfe, 0x92, 0x7d, 0x80, 0x17, 0xc0,
    0xfe, 0x82, 0x6a, 0x6d, 0x36, 0xee, 0x9c, 0x85, 0x11, 0xc0, 0xff, 0x33,
    0x33, 0x37, 0x3e, 0xff, 0x34, 0x34, 0x34, 0x1e, 0xff, 0x35, 0x34, 0x37,
    0xff, 0xc0, 0xfe, 0x62, 0x4d, 0x50, 0xa8, 0x8e, 0xe1, 0xfe, 0xfd, 0xfd,
    0xfd, 0x7f, 0xfe, 0xa6, 0x95, 0x97, 0x36, 0xfd, 0xfd, 0xfd, 0xfd, 0xfd,
    0xee, 0x9c, 0x69, 0x93, 0x5b, 0x55, 0xf2, 0xfe, 0xfd, 0xfc, 0xfc, 0x17,
    0xfe, 0x9d, 0x89, 0x88, 0x35, 0xfd, 0xfd, 0xfe, 0x87, 0x70, 0x6e, 0x17,
    0xc0, 0xfe, 0x76, 0x5a, 0x59, 0x35, 0xe1, 0x04, 0x3b, 0x36, 0xfd, 0xfd,
    0xfd, 0xfd, 0xfd, 0xfd, 0xc0, 0xfe, 0x92, 0x7d, 0x80, 0x17, 0xc0, 0xfe,
    0x82, 0x6a, 0x6d, 0x36, 0xee, 0x9c, 0x85, 0x11, 0xc0, 0xff, 0x33, 0x33,
    0x37, 0x3e, 0xff, 0x34, 0x34, 0x34, 0x1e, 0xff, 0x35, 0x34, 0x37, 0xff,
    0xc0, 0xfe, 0x62, 0x4d, 0x50, 0xa8, 0x8e, 0xe1, 0xfe, 0xfd, 0xfd, 0xfd,
    0x7f, 0xfe, 0xa6, 0x95, 0x97, 0x36, 0xfd, 0xfd, 0xfd, 0xfd, 0xfd, 0xef,
    0x9b, 0x69, 0x93, 0x5b, 0xf2, 0xfe, 0xfd, 0xfc, 0xfc, 0x17, 0xfe, 0x9d,
    0x89, 0x88, 0x35, 0xfd, 0xfd, 0xfe, 0x87, 0x70, 0x6e, 0x17, 0xc0, 0xfe,
    0x76, 0x5a, 0x59, 0x35, 0xe0, 0x7f, 0xad, 0xb5, 0x36, 0xfd, 0xfd, 0xfd,
    0xfd, 0xfd, 0xfd, 0xc1, 0xfe, 0x92, 0x7d, 0x80, 0x17, 0xc0, 0xfe, 0x82,
    0x6a, 0x6d, 0x36, 0xee, 0x9c, 0x85, 0x11, 0xc0, 0xff, 0x33, 0x33, 0x37,
    0x3e, 0xff, 0x34, 0x34, 0x34, 0x1e, 0xff, 0x35, 0x34, 0x37, 0xff, 0xc0,
    0xfe, 0x62, 0x4d, 0x50, 0xa8, 0x8e, 0xe1, 0xfe, 0xfd, 0xfd, 0xfd, 0x7f,
    0xfe, 0xa6, 0x95, 0x97, 0x36, 0xfd, 0xfd, 0xfd, 0xfd, 0xfd, 0xf0, 0x9a,
    0x69, 0x94, 0x5b, 0xf1, 0xfe, 0xfd, 0xfc, 0xfc, 0x17, 0xfe, 0x9d, 0x89,
    0x88, 0x35, 0xfd, 0xfd, 0xfe, 0x87, 0x70, 0x6e, 0x17, 0xc0, 0xfe, 0x76,
    0x5a, 0x59, 0x35, 0xdf, 0x7f, 0xad, 0xb5, 0x36, 0xfd, 0xfd, 0xfd, 0xfd,
    0xfd, 0xfd, 0xc2, 0xfe, 0x92, 0x7d, 0x80, 0x17, 0xc0, 0xfe, 0x82, 0x6a,
    0x6d, 0x36, 0xee, 0x9c, 0x85, 0x11, 0xc0, 0xff, 0x33, 0x33, 0x37, 0x3e,
    0xff, 0x34, 0x34, 0x34, 0x1e, 0xff, 0x35, 0x34, 0x37, 0xff, 0xc0, 0xfe,
    0x62, 0x4d, 0x50, 0xa8, 0x8e, 0xe1, 0xfe, 0xfd, 0xfd, 0xfd, 0x7f, 0xfe,
    0xa6, 0x95, 0x97, 0x36, 0xfd, 0xfd, 0xfd, 0xfd, 0xfd, 0xf1, 0x9a, 0x69,
    0x95, 0x5b, 0x55, 0xef, 0xfe, 0xfd, 0xfc, 0xfc, 0x17, 0xfe, 0x9d, 0x89,
    0x88, 0x35, 0xfd, 0xfd, 0xfe, 0x87, 0x70, 0x6e, 0x17, 0xc0, 0xfe, 0x76,
    0x5a, 0x59, 0x35, 0xde, 0x04, 0xac, 0xc5, 0x36, 0xfd, 0xfd, 0xfd, 0xfd,
    0xfd, 0xfd, 0xc3, 0xfe, 0x92, 0x7d, 0x80, 0x17, 0xc0, 0xfe, 0x82, 0x6a,
    0x6d, 0x36, 0xee, 0x9c, 0x85, 0x11, 0xc0, 0xff, 0x33, 0x33, 0x37, 0x3e,
    0xff, 0x34, 0x34, 0x34, 0x1e, 0xff, 0x35, 0x34, 0x37, 0xff, 0xc0, 0xfe,
    0x62, 0x4d, 0x50, 0xa8, 0x8e, 0xe1, 0xfe, 0xfd, 0xfd, 0xfd, 0x7f, 0xfe,
    0xa6, 0x95, 0x97, 0x36, 0xfd, 0xfd, 0xfd, 0xfd, 0xfd, 0xf2, 0x9d, 0x78,
    0x93, 0x5c, 0x9e, 0x78, 0xee, 0xfe, 0xfd, 0xfc, 0xfc, 0x17, 0xfe, 0x9d,
    0x89, 0x88, 0x35, 0xfd, 0xfd, 0xfe, 0x87, 0x70, 0x6e, 0x17, 0xc0, 0xfe,
    0x76, 0x5a, 0x59, 0x35, 0xdd, 0x7f, 0xac, 0xc5, 0x36, 0xfd, 0xfd, 0xfd,
    0xfd, 0xfd, 0xfd, 0xc4, 0xfe, 0x92, 0x7d, 0x80, 0x17, 0xc0, 0xfe, 0x82,
    0x6a, 0x6d, 0x36, 0xee, 0x9c, 0x85, 0x11, 0xc0, 0xff, 0x33, 0x33, 0x37,
    0x3e, 0xff, 0x34, 0x34, 0x34, 0x1e, 0xff, 0x35, 0x34, 0x37, 0xff, 0xc0,
    0xfe, 0x62, 0x4d, 0x50, 0xa8, 0x8e, 0xe1, 0xfe, 0xfd, 0xfd, 0xfd, 0x7f,
    0xfe, 0xa6, 0x95, 0x97, 0x36, 0xfd, 0xfd, 0xfd, 0xfd, 0xfd, 0xf3, 0x45,
    0x94, 0x5b, 0x9b, 0x79, 0xed, 0xfe, 0xfd, 0xfc, 0xfc, 0x17, 0xfe, 0x9d,
    0x89, 0x88, 0x35, 0xfd, 0xfd, 0xfe, 0x87, 0x70, 0x6e, 0x17, 0xc0, 0xfe,
    0x76, 0x5a, 0x59, 0x35, 0xdc, 0x6f, 0xac, 0xd5, 0x36, 0xfd, 0xfd, 0xfd,
    0xfd, 0xfd, 0xfd, 0xc5, 0xfe, 0x92, 0x7d, 0x80, 0x17, 0xc0, 0xfe, 0x82,
    0x6a, 0x6d, 0x36, 0xee, 0x9c, 0x85, 0x11, 0xc0, 0xff, 0x33, 0x33, 0x37,
    0x3e, 0xff, 0x34, 0x34, 0x34, 0x1e, 0xff, 0x35, 0x34, 0x37, 0xff, 0xc0,
    0xfe, 0x62, 0x4d, 0x50, 0xa8, 0x8e, 0xe1, 0xfe, 0xfd, 0xfd, 0xfd, 0x7f,
    0xfe, 0xa6, 0x95, 0x97, 0x36, 0xfd, 0xfd, 0xfd, 0xfd, 0xfd, 0xf5, 0x97,
    0x5a, 0x97, 0x6a, 0xec, 0xfe, 0xfd, 0xfc, 0xfc, 0x17, 0xfe, 0x9d, 0x89,
    0x88, 0x35, 0xfd, 0xfd, 0xfe, 0x87, 0x70, 0x6e, 0x17, 0xc0, 0xfe, 0x76,
    0x5a, 0x59, 0x35, 0xdb, 0x6f, 0xac, 0xd5, 0x36, 0xfd, 0xfd, 0xfd, 0xfd,
    0xfd, 0xfd, 0xc6, 0xfe, 0x92, 0x7d, 0x80, 0x17, 0xc0, 0xfe, 0x82, 0x6a,
    0x6d, 0x36, 0xee, 0x9c, 0x85, 0x11, 0xc0, 0xff, 0x33, 0x33, 0x37, 0x3e,
    0xff, 0x34, 0x34, 0x34, 0x1e, 0xff, 0x35, 0x34, 0x37, 0xff, 0xc0, 0xfe,
    0x62, 0x4d, 0x50, 0xa8, 0x8e, 0xe1, 0xfe, 0xfd, 0xfd, 0xfd, 0x7f, 0xfe,
    0xa6, 0x95, 0x97, 0x36, 0xfd, 0xfd, 0xfd, 0xfd, 0xfd, 0xf6, 0x9a, 0x69,
    0x95, 0x5b, 0x55, 0xea, 0xfe, 0xfd, 0xfc, 0xfc, 0x17, 0xfe, 0x9d, 0x89,
    0x88, 0x35, 0xfd, 0xfd, 0xfe, 0x87, 0x70, 0x6e, 0x17, 0xc0, 0xfe, 0x76,
    0x5a, 0x59, 0x35, 0xda, 0x6f, 0xac, 0xd5, 0x36, 0xfd, 0xfd, 0xfd, 0xfd,
    0xfd, 0xfd, 0xc7, 0xfe, 0x92, 0x7d, 0x80, 0x17, 0xc0, 0xfe, 0x82, 0x6a,
    0x6d, 0x36, 0xee, 0x9c, 0x85, 0x11, 0xc0, 0xff, 0x33, 0x33, 0x37, 0x3e,
    0xff, 0x34, 0x34, 0x34, 0x1e, 0xff, 0x35, 0x34, 0x37, 0xff, 0xc0, 0xfe,
    0x62, 0x4d, 0x50, 0xa8, 0x8e, 0xe1, 0xfe, 0xfd, 0xfd, 0xfd, 0x7f, 0xfe,
    0xa6, 0x95, 0x97, 0x36, 0xfd, 0xfd, 0xfd, 0xfd, 0xfd, 0xf7, 0x9d, 0x79,
    0x94, 0x4a, 0x9d, 0x89, 0xe9, 0xfe, 0xfd, 0xfc, 0xfc, 0x17, 0xfe, 0x9d,
    0x89, 0x88, 0x35, 0xfd, 0xfd, 0xfe, 0x87, 0x70, 0x6e, 0x17, 0xc0, 0xfe,
    0x76, 0x5a, 0x59, 0x35, 0xd9, 0x6f, 0xac, 0xd5, 0x36, 0xfd, 0xfd, 0xfd,
    0xfd, 0xfd, 0xfd, 0xc8, 0xfe, 0x92, 0x7d, 0x80, 0x17, 0xc0, 0xfe, 0x82,
    0x6a, 0x6d, 0x36, 0xee, 0x9c, 0x85, 0x11, 0xc0, 0xff, 0x33, 0x33, 0x37,
    0x3e, 0xff, 0x34, 0x34, 0x34, 0x1e, 0xff, 0x35, 0x34, 0x37, 0xff, 0xc0,
    0xfe, 0x62, 0x4d, 0x50, 0xa8, 0x8e, 0xe1, 0xfe, 0xfd, 0xfd, 0xfd, 0x7f,
    0xfe, 0xa6, 0x95, 0x97, 0x36, 0xfd, 0xfd, 0xfd, 0xfd, 0xfd, 0xf8, 0x55,
    0x94, 0x5b, 0x9b, 0x69, 0xe8, 0xfe, 0xfd, 0xfc, 0xfc, 0x17, 0xfe, 0x9d,
    0x89, 0x88, 0x35, 0xfd, 0xfd, 0xfe, 0x87, 0x70, 0x6e, 0x17, 0xc0, 0xfe,
    0x76, 0x5a, 0x59, 0x35, 0xd8, 0x6f, 0xac, 0xc5, 0x36, 0xfd, 0xfd, 0xfd,
    0xfd, 0xfd, 0xfd, 0xc9, 0xfe, 0x92, 0x7d, 0x80, 0x17, 0xc0, 0xfe, 0x82,
    0x6a, 0x6d, 0x36, 0xee, 0x9c, 0x85, 0x11, 0xc0, 0xff, 0x33, 0x33, 0x37,
    0x3e, 0xff, 0x34, 0x34, 0x34, 0x1e, 0xff, 0x35, 0x34, 0x37, 0xff, 0xc0,
    0xfe, 0x62, 0x4d, 0x50, 0xa8, 0x8e, 0xe1, 0xfe, 0xfd, 0xfd, 0xfd, 0x7f,
    0xfe, 0xa6, 0x95, 0x97, 0x36, 0xfd, 0xfd, 0xfd, 0xfd, 0xfd, 0xfa, 0x97,
    0x5a, 0x97, 0x6a, 0xe7, 0xfe, 0xfd, 0xfc, 0xfc, 0x17, 0xfe, 0x9d, 0x89,
    0x88, 0x35, 0xfd, 0xfd, 0xfe, 0x87, 0x70, 0x6e, 0x17, 0xc0, 0xfe, 0x76,
    0x5a, 0x59, 0x35, 0xd7, 0x6f, 0xac, 0xc5, 0x36, 0xfd, 0xfd, 0xfd, 0xfd,
    0xfd, 0xfd, 0xca, 0xfe, 0x92, 0x7d, 0x80, 0x17, 0xc0, 0xfe, 0x82, 0x6a,
    0x6d, 0x36, 0xee, 0x9c, 0x85, 0x11, 0xc0, 0xff, 0x33, 0x33, 0x37, 0x3e,
    0xff, 0x34, 0x34, 0x34, 0x1e, 0xff, 0x35, 0x34, 0x37, 0xff, 0xc0, 0xfe,
    0x62, 0x4d, 0x50, 0xa8, 0x8e, 0xe1, 0xfe, 0xfd, 0xfd, 0xfd, 0x7f, 0xfe,
    0xa6, 0x95, 0x97, 0x36, 0xfd, 0xfd, 0xfd, 0xfd, 0xfd, 0xfb, 0x9b, 0x69,
    0x94, 0x5b, 0x55, 0xe5, 0xfe, 0xfd, 0xfc, 0xfc, 0x17, 0xfe, 0x9d, 0x89,
    0x88, 0x35, 0xfd, 0xfd, 0xfe, 0x87, 0x70, 0x6e, 0x17, 0xc0, 0xfe, 0x76,
    0x5a, 0x59, 0x35, 0xd6, 0x6f, 0x2c, 0x36, 0xfd, 0xfd, 0xfd, 0xfd, 0xfd,
    0xfd, 0xcb, 0xfe, 0x92, 0x7d, 0x80, 0x17, 0xc0, 0xfe, 0x82, 0x6a, 0x6d,
    0x36, 0xee, 0x9c, 0x85, 0x11, 0xc0, 0xff, 0x33, 0x33, 0x37, 0x3e, 0xff,
    0x34, 0x34, 0x34, 0x1e, 0xff, 0x35, 0x34, 0x37, 0xff, 0xc0, 0xfe, 0x62,
    0x4d, 0x50, 0xa8, 0x8e, 0xe1, 0xfe, 0xfd, 0xfd, 0xfd, 0x7f, 0xfe, 0xa6,
    0x95, 0x97, 0x36, 0xfd, 0xfd, 0xfd, 0xfd, 0xfd, 0xfc, 0x9d, 0x89, 0x94,
    0x4b, 0x9d, 0x78, 0xe4, 0xfe, 0xfd, 0xfc, 0xfc, 0x17, 0xfe, 0x9d, 0x89,
    0x88, 0x35, 0xfd, 0xfd, 0xfe, 0x87, 0x70, 0x6e, 0x17, 0xc0, 0xfe, 0x76,
    0x5a, 0x59, 0x35, 0xd6, 0xad, 0xb5, 0x36, 0xfd, 0xfd, 0xfd, 0xfd, 0xfd,
    0xfd, 0xcc, 0xfe, 0x92, 0x7d, 0x80, 0x17, 0xc0, 0xfe, 0x82, 0x6a, 0x6d,
    0x36, 0xee, 0x9c, 0x85, 0x11, 0xc0, 0xff, 0x33, 0x33, 0x37, 0x3e, 0xff,
    0x34, 0x34, 0x34, 0x1e, 0xff, 0x35, 0x34, 0x37, 0xff, 0xc0, 0xfe, 0x62,
    0x4d, 0x50, 0xa8, 0x8e, 0xe1, 0xfe, 0xfd, 0xfd, 0xfd, 0x7f, 0xfe, 0xa6,
    0x95, 0x97, 0x36, 0xfd, 0xfd, 0xfd, 0xfd, 0xfd, 0xfd, 0x55, 0x95, 0x4b,
    0x9a, 0x79, 0xe3, 0xfe, 0xfd, 0xfc, 0xfc, 0x17, 0xfe, 0x9d, 0x89, 0x88,
    0x35, 0xfd, 0xfd, 0xfe, 0x87, 0x70, 0x6e, 0x17, 0xc0, 0xfe, 0x76, 0x5a,
    0x59, 0x35, 0xd5, 0xad, 0xb5, 0x36, 0xfd, 0xfd, 0xfd, 0xfd, 0xfd, 0xfd,
    0xcd, 0xfe, 0x92, 0x7d, 0x80, 0x17, 0xc0, 0xfe, 0x82, 0x6a, 0x6d, 0x36,
    0xee, 0x9c, 0x85, 0x11, 0xc0, 0xff, 0x33, 0x33, 0x37, 0x3e, 0xff, 0x34,
    0x34, 0x34, 0x1e, 0xff, 0x35, 0x34, 0x37, 0xff, 0xc0, 0xfe, 0x62, 0x4d,
    0x50, 0xa8, 0x8e, 0xe1, 0xfe, 0xfd, 0xfd, 0xfd, 0x7f, 0xfe, 0xa6, 0x95,
    0x97, 0x36, 0xfd, 0xfd, 0xfd, 0xfd, 0xfd, 0xfd, 0xc1, 0x98, 0x5a, 0x96,
    0x6a, 0xe2, 0xfe, 0xfd, 0xfc, 0xfc, 0x17, 0xfe, 0x9d, 0x89, 0x88, 0x35,
    0xfd, 0xfd, 0xfe, 0x87, 0x70, 0x6e, 0x17, 0xc0, 0xfe, 0x76, 0x5a, 0x59,
    0x35, 0xd4, 0xac, 0xc6, 0x36, 0xfd, 0xfd, 0xfd, 0xfd, 0xfd, 0xfd, 0xce,
    0xfe, 0x92, 0x7d, 0x80, 0x17, 0xc0, 0xfe, 0x82, 0x6a, 0x6d, 0x36, 0xee,
    0x9c, 0x85, 0x11, 0xc0, 0xff, 0x33, 0x33, 0x37, 0x3e, 0xff, 0x34, 0x34,
    0x34, 0x1e, 0xff, 0x35, 0x34, 0x37, 0xff, 0xc0, 0xfe, 0x62, 0x4d, 0x50,
    0xa8, 0x8e, 0xe1, 0xfe, 0xfd, 0xfd, 0xfd, 0x7f, 0xfe, 0xa6, 0x95, 0x97,
    0x36, 0xfd, 0xfd, 0xfd, 0xfd, 0xfd, 0xfd, 0xc2, 0x9b, 0x79, 0x94, 0x4b,
    0x55, 0xe0, 0xfe, 0xfd, 0xfc, 0xfc, 0x17, 0xfe, 0x9d, 0x89, 0x88, 0x35,
    0xfd, 0xfd, 0xfe, 0x87, 0x70, 0x6e, 0x17, 0xc0, 0xfe, 0x76, 0x5a, 0x59,
    0x35, 0xd3, 0xac, 0xc6, 0x36, 0xfd, 0xfd, 0xfd, 0xfd, 0xfd, 0xfd, 0xcf,
    0xfe, 0x92, 0x7d, 0x80, 0x17, 0xc0, 0xfe, 0x82, 0x6a, 0x6d, 0x36, 0xee,
    0x9c, 0x85, 0x11, 0xc0, 0xff, 0x33, 0x33, 0x37, 0x3e, 0xff, 0x34, 0x34,
    0x34, 0x1e, 0xff, 0x35, 0x34, 0x37, 0xff, 0xc0, 0xfe, 0x62, 0x4d, 0x50,
    0xa8, 0x8e, 0xe1, 0xfe, 0xfd, 0xfd, 0xfd, 0x7f, 0xfe, 0xa6, 0x95, 0x97,
    0x36, 0xfd, 0xfd, 0xfd, 0xfd, 0xfd, 0xfd, 0xc3, 0x9e, 0x78, 0x94, 0x4b,
    0x9c, 0x89, 0xdf, 0xfe, 0xfd, 0xfc, 0xfc, 0x17, 0xfe, 0x9d, 0x89, 0x88,
    0x35, 0xfd, 0xfd, 0xfe, 0x87, 0x70, 0x6e, 0x17, 0xc0, 0xfe, 0x76, 0x5a,
    0x59, 0x35, 0xd2, 0xac, 0xc6, 0x36, 0xfd, 0xfd, 0xfd, 0xfd, 0xfd, 0xfd,
    0xd0, 0xfe, 0x92, 0x7d, 0x80, 0x17, 0xc0, 0xfe, 0x82, 0x6a, 0x6d, 0x36,
    0xee, 0x9c, 0x85, 0x11, 0xc0, 0xff, 0x33, 0x33, 0x37, 0x3e, 0xff, 0x34,
    0x34, 0x34, 0x1e, 0xff, 0x35, 0x34, 0x37, 0xff, 0xc0, 0xfe, 0x62, 0x4d,
    0x50, 0xa8, 0x8e, 0xe1, 0xfe, 0xfd, 0xfd, 0xfd, 0x7f, 0xfe, 0xa6, 0x95,
    0x97, 0x36, 0xfd, 0xfd, 0xfd, 0xfd, 0xfd, 0xfd, 0xc4, 0x55, 0x95, 0x5b,
    0x9a, 0x69, 0xde, 0xfe, 0xfd, 0xfc, 0xfc, 0x17, 0xfe, 0x9d, 0x89, 0x88,
    0x35, 0xfd, 0xfd, 0xfe, 0x87, 0x70, 0x6e, 0x17, 0xc0, 0xfe, 0x76, 0x5a,
    0x59, 0x35, 0xd1, 0xac, 0xb5, 0x36, 0xfd, 0xfd, 0xfd, 0xfd, 0xfd, 0xfd,
    0xd1, 0xfe, 0x92, 0x7d, 0x80, 0x17, 0xc0, 0xfe, 0x82, 0x6a, 0x6d, 0x36,
    0xee, 0x9c, 0x85, 0x11, 0xc0, 0xff, 0x33, 0x33, 0x37, 0x3e, 0xff, 0x34,
    0x34, 0x34, 0x1e, 0xff, 0x35, 0x34, 0x37, 0xff, 0xc0, 0xfe, 0x62, 0x4d,
    0x50, 0xa8, 0x8e, 0xe1, 0xfe, 0xfd, 0xfd, 0xfd, 0x7f, 0xfe, 0xa6, 0x95,
    0x97, 0x36, 0xfd, 0xfd, 0xfd, 0xfd, 0xfd, 0xfd, 0xc6, 0x98, 0x6a, 0x96,
    0x5a, 0xdd, 0xfe, 0xfd, 0xfc, 0xfc, 0x17, 0xfe, 0x9d, 0x89, 0x88, 0x35,
    0xfd, 0xfd, 0xfe, 0x87, 0x70, 0x6e, 0x17, 0xc0, 0xfe, 0x76, 0x5a, 0x59,
    0x35, 0xcf, 0x7f, 0xac, 0xc5, 0x36, 0xfd, 0xfd, 0xfd, 0xfd, 0xfd, 0xfd,
    0xd2, 0xfe, 0x92, 0x7d, 0x80, 0x17, 0xc0, 0xfe, 0x82, 0x6a, 0x6d, 0x36,
    0xee, 0x9c, 0x85, 0x11, 0xc0, 0xff, 0x33, 0x33, 0x37, 0x3e, 0xff, 0x34,
    0x34, 0x34, 0x1e, 0xff, 0x35, 0x34, 0x37, 0xff, 0xc0, 0xfe, 0x62, 0x4d,
    0x50, 0xa8, 0x8e, 0xe1, 0xfe, 0xfd, 0xfd, 0xfd, 0x7f, 0xfe, 0xa6, 0x95,
    0x97, 0x36, 0xfd, 0xfd, 0xfd, 0xfd, 0xfd, 0xfd, 0xc7, 0x9c, 0x69, 0x94,
    0x5a, 0x41, 0xdb, 0xfe, 0xfd, 0xfc, 0xfc, 0x17, 0xfe, 0x9d, 0x89, 0x88,
    0x35, 0xfd, 0xfd, 0xfe, 0x87, 0x70, 0x6e, 0x17, 0xc0, 0xfe, 0x76, 0x5a,
    0x59, 0x35, 0xce, 0xa4, 0x97, 0xac, 0xb5, 0x36, 0xfd, 0xfd, 0xfd, 0xfd,
    0xfd, 0xfd, 0xd3, 0xfe, 0x92, 0x7d, 0x80, 0x17, 0xc0, 0xfe, 0x82, 0x6a,
    0x6d, 0x36, 0xee, 0x9c, 0x85, 0x11, 0xc0, 0xff, 0x33, 0x33, 0x37, 0x3e,
    0xff, 0x34, 0x34, 0x34, 0x1e, 0xff, 0x35, 0x34, 0x37, 0xff, 0xc0, 0xfe,
    0x62, 0x4d, 0x50, 0xa8, 0x8e, 0xe1, 0xfe, 0xfd, 0xfd, 0xfd, 0x7f, 0xfe,
    0xa6, 0x95, 0x97, 0x36, 0xfd, 0xfd, 0xfd, 0xfd, 0xfd, 0xfd, 0xc8, 0x9e,
    0x78, 0x94, 0x4b, 0x9c, 0x89, 0xda, 0xfe, 0xfd, 0xfc, 0xfc, 0x17, 0xfe,
    0x9d, 0x89, 0x88, 0x35, 0xfd, 0xfd, 0xfe, 0x87, 0x70, 0x6e, 0x17, 0xc0,
    0xfe, 0x76, 0x5a, 0x59, 0x35, 0xcd, 0xa9, 0xa6, 0x36, 0xfd, 0xfd, 0xfd,
    0xfd, 0xfd, 0xfd, 0xd5, 0xfe, 0x92, 0x7d, 0x80, 0x17, 0xc0, 0xfe, 0x82,
    0x6a, 0x6d, 0x36, 0xee, 0x9c, 0x85, 0x11, 0xc0, 0xff, 0x33, 0x33, 0x37,
    0x3e, 0xff, 0x34, 0x34, 0x34, 0x1e, 0xff, 0x35, 0x34, 0x37, 0xff, 0xc0,
    0xfe, 0x62, 0x4d, 0x50, 0xa8, 0x8e, 0xe1, 0xfe, 0xfd, 0xfd, 0xfd, 0x7f,
    0xfe, 0xa6, 0x95, 0x97, 0x36, 0xfd, 0xfd, 0xfd, 0xfd, 0xfd, 0xfd, 0xc9,
    0x56, 0x96, 0x5a, 0x99, 0x69, 0xd9, 0xfe, 0xfd, 0xfc, 0xfc, 0x17, 0xfe,
    0x9d, 0x89, 0x88, 0x35, 0xfd, 0xfd, 0xfe, 0x87, 0x70, 0x6e, 0x17, 0xc0,
    0xfe, 0x76, 0x5a, 0x59, 0x35, 0xcb, 0xa2, 0x88, 0xab, 0xc5, 0x36, 0xfd,
    0xfd, 0xfd, 0xfd, 0xfd, 0xfd, 0xd6, 0xfe, 0x92, 0x7d, 0x80, 0x17, 0xc0,
    0xfe, 0x82, 0x6a, 0x6d, 0x36, 0xee, 0x9c, 0x85, 0x11, 0xc0, 0xff, 0x33,
    0x33, 0x37, 0x3e, 0xff, 0x34, 0x34, 0x34, 0x1e, 0xff, 0x35, 0x34, 0x37,
    0xff, 0xc0, 0xfe, 0x62, 0x4d, 0x50, 0xa8, 0x8e, 0xe1, 0xfe, 0xfd, 0xfd,
    0xfd, 0x7f, 0xfe, 0xa6, 0x95, 0x97, 0x36, 0xfd, 0xfd, 0xfd, 0xfd, 0xfd,
    0xfd, 0xcb, 0x99, 0x59, 0x95, 0x6b, 0xd8, 0xfe, 0xfd, 0xfc, 0xfc, 0x17,
    0xfe, 0x9d, 0x89, 0x88, 0x35, 0xfd, 0xfd, 0xfe, 0x87, 0x70, 0x6e, 0x17,
    0xc0, 0xfe, 0x76, 0x5a, 0x59, 0x35, 0xca, 0xa5, 0x97, 0xab, 0xc6, 0x36,
    0xfd, 0xfd, 0xfd, 0xfd, 0xfd, 0xfd, 0xd7, 0xfe, 0x92, 0x7d, 0x80, 0x17,
    0xc0, 0xfe, 0x82, 0x6a, 0x6d, 0x36, 0xee, 0x9c, 0x85, 0x11, 0xc0, 0xff,
    0x33, 0x33, 0x37, 0x3e, 0xff, 0x34, 0x34, 0x34, 0x1e, 0xff, 0x35, 0x34,
    0x37, 0xff, 0xc0, 0xfe, 0x62, 0x4d, 0x50, 0xa8, 0x8e, 0xe1, 0xfe, 0xfd,
    0xfd, 0xfd, 0x7f, 0xfe, 0xa6, 0x95, 0x97, 0x36, 0xfd, 0xfd, 0xfd, 0xfd,
    0xfd, 0xfd, 0xcc, 0x9c, 0x79, 0x94, 0x4b, 0x40, 0xd6, 0xfe, 0xfd, 0xfc,
    0xfc, 0x17, 0xfe, 0x9d, 0x89, 0x88, 0x35, 0xfd, 0xfd, 0xfe, 0x87, 0x70,
    0x6e, 0x17, 0xc0, 0xfe, 0x76, 0x5a, 0x59, 0x35, 0xc9, 0xaa, 0xa6, 0x36,
    0xfd, 0xfd, 0xfd, 0xfd, 0xfd, 0xfd, 0xd9, 0xfe, 0x92, 0x7d, 0x80, 0x17,
    0xc0, 0xfe, 0x82, 0x6a, 0x6d, 0x36, 0xee, 0x9c, 0x85, 0x11, 0xc0, 0xff,
    0x33, 0x33, 0x37, 0x3e, 0xff, 0x34, 0x34, 0x34, 0x1e, 0xff, 0x35, 0x34,
    0x37, 0xff, 0xc0, 0xfe, 0x62, 0x4d, 0x50, 0xa8, 0x8e, 0xe1, 0xfe, 0xfd,
    0xfd, 0xfd, 0x7f, 0xfe, 0xa6, 0x95, 0x97, 0x36, 0xfd, 0xfd, 0xfd, 0xfd,
    0xfd, 0xfd, 0xcd, 0x41, 0x94, 0x4a, 0x9c, 0x79, 0xd5, 0xfe, 0xfd, 0xfc,
    0xfc, 0x17, 0xfe, 0x9d, 0x89, 0x88, 0x35, 0xfd, 0xfd, 0xfe, 0x87, 0x70,
    0x6e, 0x17, 0xc0, 0xfe, 0x76, 0x5a, 0x59, 0x35, 0xc7, 0xa2, 0x98, 0xac,
    0xb5, 0x36, 0xfd, 0xfd, 0xfd, 0xfd, 0xfd, 0xfd, 0xda, 0xfe, 0x92, 0x7d,
    0x80, 0x17, 0xc0, 0xfe, 0x82, 0x6a, 0x6d, 0x36, 0xee, 0x9c, 0x85, 0x11,
    0xc0, 0xff, 0x33, 0x33, 0x37, 0x3e, 0xff, 0x34, 0x34, 0x34, 0x1e, 0xff,
    0x35, 0x34, 0x37, 0xff, 0xc0, 0xfe, 0x62, 0x4d, 0x50, 0xa8, 0x8e, 0xe1,
    0xfe, 0xfd, 0xfd, 0xfd, 0x7f, 0xfe, 0xa6, 0x95, 0x97, 0x36, 0xfd, 0xfd,
    0xfd, 0xfd, 0xfd, 0xfd, 0xce, 0x56, 0x97, 0x49, 0x98, 0x7a, 0xd4, 0xfe,
    0xfd, 0xfc, 0xfc, 0x17, 0xfe, 0x9d, 0x89, 0x88, 0x35, 0xfd, 0xfd, 0xfe,
    0x87, 0x70, 0x6e, 0x17, 0xc0, 0xfe, 0x76, 0x5a, 0x59, 0x35, 0xc6, 0xa6,
    0x97, 0xab, 0xc5, 0x36, 0xfd, 0xfd, 0xfd, 0xfd, 0xfd, 0xfd, 0xdb, 0xfe,
    0x92, 0x7d, 0x80, 0x17, 0xc0, 0xfe, 0x82, 0x6a, 0x6d, 0x36, 0xee, 0x9c,
    0x85, 0x11, 0xc0, 0xff, 0x33, 0x33, 0x37, 0x3e, 0xff, 0x34, 0x34, 0x34,
    0x1e, 0xff, 0x35, 0x34, 0x37, 0xff, 0xc0, 0xfe, 0x62, 0x4d, 0x50, 0xa8,
    0x8e, 0xe1, 0xfe, 0xfd, 0xfd, 0xfd, 0x7f, 0xfe, 0xa6, 0x95, 0x97, 0x36,
    0xfd, 0xfd, 0xfd, 0xfd, 0xfd, 0xfd, 0xd0, 0x99, 0x6a, 0x96, 0x4a, 0x65,
    0xd2, 0xfe, 0xfd, 0xfc, 0xfc, 0x17, 0xfe, 0x9d, 0x89, 0x88, 0x35, 0xfd,
    0xfd, 0xfe, 0x87, 0x70, 0x6e, 0x17, 0xc0, 0xfe, 0x76, 0x5a, 0x59, 0x35,
    0xc4, 0x01, 0x15, 0x36, 0xfd, 0xfd, 0xfd, 0xfd, 0xfd, 0xfd, 0xdd, 0xfe,
    0x92, 0x7d, 0x80, 0x17, 0xc0, 0xfe, 0x82, 0x6a, 0x6d, 0x36, 0xee, 0x9c,
    0x85, 0x11, 0xc0, 0xff, 0x33, 0x33, 0x37, 0x3e, 0xff, 0x34, 0x34, 0x34,
    0x1e, 0xff, 0x35, 0x34, 0x37, 0xff, 0xc0, 0xfe, 0x62, 0x4d, 0x50, 0xa8,
    0x8e, 0xe1, 0xfe, 0xfd, 0xfd, 0xfd, 0x7f, 0xfe, 0xa6, 0x95, 0x97, 0x36,
    0xfd, 0xfd, 0xfd, 0xfd, 0xfd, 0xfd, 0xd1, 0x9c, 0x79, 0x94, 0x4b, 0x40,
    0xd1, 0xfe, 0xfd, 0xfc, 0xfc, 0x17, 0xfe, 0x9d, 0x89, 0x88, 0x35, 0xfd,
    0xfd, 0xfe, 0x87, 0x70, 0x6e, 0x17, 0xc0, 0xfe, 0x76, 0x5a, 0x59, 0x35,
    0xc3, 0xa3, 0x98, 0xac, 0xb5, 0x36, 0xfd, 0xfd, 0xfd, 0xfd, 0xfd, 0xfd,
    0xde, 0xfe, 0x92, 0x7d, 0x80, 0x17, 0xc0, 0xfe, 0x82, 0x6a, 0x6d, 0x36,
    0xee, 0x9c, 0x85, 0x11, 0xc0, 0xff, 0x33, 0x33, 0x37, 0x3e, 0xff, 0x34,
    0x34, 0x34, 0x1e, 0xff, 0x35, 0x34, 0x37, 0xff, 0xc0, 0xfe, 0x62, 0x4d,
    0x50, 0xa8, 0x8e, 0xe1, 0xfe, 0xfd, 0xfd, 0xfd, 0x7f, 0xfe, 0xa6, 0x95,
    0x97, 0x36, 0xfd, 0xfd, 0xfd, 0xfd, 0xfd, 0xfd, 0xd2, 0x41, 0x95, 0x4a,
    0x9b, 0x79, 0xd0, 0xfe, 0xfd, 0xfc, 0xfc, 0x17, 0xfe, 0x9d, 0x89, 0x88,
    0x35, 0xfd, 0xfd, 0xfe, 0x87, 0x70, 0x6e, 0x17, 0xc0, 0xfe, 0x76, 0x5a,
    0x59, 0x35, 0xc2, 0xa7, 0xa7, 0xaa, 0xb5, 0x36, 0xfd, 0xfd, 0xfd, 0xfd,
    0xfd, 0xfd, 0xdf, 0xfe, 0x92, 0x7d, 0x80, 0x17, 0xc0, 0xfe, 0x82, 0x6a,
    0x6d, 0x36, 0xee, 0x9c, 0x85, 0x11, 0xc0, 0xff, 0x33, 0x33, 0x37, 0x3e,
    0xff, 0x34, 0x34, 0x34, 0x1e, 0xff, 0x35, 0x34, 0x37, 0xff, 0xc0, 0xfe,
    0x62, 0x4d, 0x50, 0xa8, 0x8e, 0xe1, 0xfe, 0xfd, 0xfd, 0xfd, 0x7f, 0xfe,
    0xa6, 0x95, 0x97, 0x36, 0xfd, 0xfd, 0xfd, 0xfd, 0xfd, 0xfd, 0xd4, 0x96,
    0x5a, 0x98, 0x6a, 0xcf, 0xfe, 0xfd, 0xfc, 0xfc, 0x17, 0xfe, 0x9d, 0x89,
    0x88, 0x35, 0xfd, 0xfd, 0xfe, 0x87, 0x70, 0x6e, 0x17, 0xc0, 0xfe, 0x76,
    0x5a, 0x59, 0x35, 0xc0, 0x7f, 0xab, 0xb5, 0x36, 0xfd, 0xfd, 0xfd, 0xfd,
    0xfd, 0xfd, 0xe1, 0xfe, 0x92, 0x7d, 0x80, 0x17, 0xc0, 0xfe, 0x82, 0x6a,
    0x6d, 0x36, 0xee, 0x9c, 0x85, 0x11, 0xc0, 0xff, 0x33, 0x33, 0x37, 0x3e,
    0xff, 0x34, 0x34, 0x34, 0x1e, 0xff, 0x35, 0x34, 0x37, 0xff, 0xc0, 0xfe,
    0x62, 0x4d, 0x50, 0xa8, 0x8e, 0xe1, 0xfe, 0xfd, 0xfd, 0xfd, 0x7f, 0xfe,
    0xa6, 0x95, 0x97, 0x36, 0xfd, 0xfd, 0xfd, 0xfd, 0xfd, 0xfd, 0xd5, 0x9a,
    0x69, 0x95, 0x5b, 0x55, 0xcd, 0xfe, 0xfd, 0xfc, 0xfc, 0x17, 0xfe, 0x9d,
    0x89, 0x88, 0x35, 0xfd, 0xfd, 0xfe, 0x87, 0x70, 0x6e, 0x17, 0xc0, 0xfe,
    0x76, 0x5a, 0x59, 0x35, 0xa4, 0x87, 0xac, 0xc5, 0x36, 0xfd, 0xfd, 0xfd,
    0xfd, 0xfd, 0xfd, 0xe2, 0xfe, 0x92, 0x7d, 0x80, 0x17, 0xc0, 0xfe, 0x82,
    0x6a, 0x6d, 0x36, 0xee, 0x9c, 0x85, 0x11, 0xc0, 0xff, 0x33, 0x33, 0x37,
    0x3e, 0xff, 0x34, 0x34, 0x34, 0x1e, 0xff, 0x35, 0x34, 0x37, 0xff, 0xc0,
    0xfe, 0x62, 0x4d, 0x50, 0xa8, 0x8e, 0xe1, 0xfe, 0xfd, 0xfd, 0xfd, 0x7f,
    0xfe, 0xa6, 0x95, 0x97, 0x36, 0xfd, 0xfd, 0xfd, 0xfd, 0xfd, 0xfd, 0xd6,
    0x9d, 0x78, 0x93, 0x5c, 0x9e, 0x78, 0xcc, 0xfe, 0xfd, 0xfc, 0xfc, 0x17,
    0xfe, 0x9d, 0x89, 0x88, 0x35, 0xfd, 0xfd, 0xfe, 0x87, 0x70, 0x6e, 0x17,
    0xc0, 0xfe, 0x76, 0x5a, 0x59, 0x91, 0x99, 0xa9, 0xb7, 0x36, 0xfd, 0xfd,
    0xfd, 0xfd, 0xfd, 0xfd, 0xe3, 0xfe, 0x92, 0x7d, 0x80, 0x17, 0xc0, 0xfe,
    0x82, 0x6a, 0x6d, 0x36, 0xee, 0x9c, 0x85, 0x11, 0xc0, 0xff, 0x33, 0x33,
    0x37, 0x3e, 0xff, 0x34, 0x34, 0x34, 0x1e, 0xff, 0x35, 0x34, 0x37, 0xff,
    0xc0, 0xfe, 0x62, 0x4d, 0x50, 0xa8, 0x8e, 0xe1, 0xfe, 0xfd, 0xfd, 0xfd,
    0x7f, 0xfe, 0xa6, 0x95, 0x97, 0x36, 0xfd, 0xfd, 0xfd, 0xfd, 0xfd, 0xfd,
    0xd7, 0x45, 0x94, 0x5b, 0x9b, 0x79, 0xcb, 0xfe, 0xfd, 0xfc, 0xfc, 0x17,
    0xfe, 0x9d, 0x89, 0x88, 0x35, 0xfd, 0xfd, 0xfe, 0x87, 0x70, 0x6e, 0x17,
    0xc0, 0xfe, 0x7e, 0x66, 0x67, 0x36, 0xfd, 0xfd, 0xfd, 0xfd, 0xfd, 0xfd,
    0xe5, 0xfe, 0x92, 0x7d, 0x80, 0x17, 0xc0, 0xfe, 0x82, 0x6a, 0x6d, 0x36,
    0xee, 0x9c, 0x85, 0x11, 0xc0, 0xff, 0x33, 0x33, 0x37, 0x3e, 0xff, 0x34,
    0x34, 0x34, 0x1e, 0xff, 0x35, 0x34, 0x37, 0xff, 0xc0, 0xfe, 0x62, 0x4d,
    0x50, 0xa8, 0x8e, 0xe1, 0xfe, 0xfd, 0xfd, 0xfd, 0x7f, 0xfe, 0xa6, 0x95,
    0x97, 0x36, 0xfd, 0xfd, 0xfd, 0xfd, 0xfd, 0xfd, 0xd9, 0x97, 0x5a, 0x97,
    0x6a, 0xca, 0xfe, 0xfd, 0xfc, 0xfc, 0x17, 0xfe, 0x9d, 0x89, 0x88, 0x35,
    0xfd, 0xfd, 0xfe, 0x87, 0x70, 0x6e, 0x17, 0xc0, 0xfe, 0x82, 0x6a, 0x6d,
    0x36, 0xfd, 0xfd, 0xfd, 0xfd, 0xfd, 0xfd, 0xe5, 0xfe, 0x92, 0x7d, 0x80,
    0x17, 0xc0, 0x1c, 0x36, 0xee, 0x9c, 0x85, 0x11, 0xc0, 0xff, 0x33, 0x33,
    0x37, 0x3e, 0xff, 0x34, 0x34, 0x34, 0x1e, 0xff, 0x35, 0x34, 0x37, 0xff,
    0xc0, 0xfe, 0x62, 0x4d, 0x50, 0xa8, 0x8e, 0xe1, 0xfe, 0xfd, 0xfd, 0xfd,
    0x7f, 0xfe, 0xa6, 0x95, 0x97, 0x36, 0xfd, 0xfd, 0xfd, 0xfd, 0xfd, 0xfd,
    0xda, 0x9a, 0x69, 0x95, 0x5b, 0x55, 0xc8, 0xfe, 0xfd, 0xfc, 0xfc, 0x17,
    0xfe, 0x9d, 0x89, 0x88, 0x35, 0xfd, 0xfd, 0xfe, 0x8d, 0x77, 0x77, 0x17,
    0xc0, 0xfe, 0x82, 0x6a, 0x6d, 0x36, 0xfd, 0xfd, 0xfd, 0xfd, 0xfd, 0xfd,
    0xe5, 0xfe, 0x92, 0x7d, 0x80, 0x17, 0xc0, 0x1c, 0x36, 0xee, 0x9c, 0x85,
    0x11, 0xc0, 0xff, 0x33, 0x33, 0x37, 0x3e, 0xff, 0x34, 0x34, 0x34, 0x1e,
    0xff, 0x35, 0x34, 0x37, 0xff, 0xc0, 0xfe, 0x62, 0x4d, 0x50, 0xa8, 0x8e,
    0xe1, 0xfe, 0xfd, 0xfd, 0xfd, 0x7f, 0xfe, 0xa6, 0x95, 0x97, 0x36, 0xfd,
    0xfd, 0xfd, 0xfd, 0xfd, 0xfd, 0xdb, 0x9d, 0x79, 0x94, 0x4a, 0x9d, 0x89,
    0xc7, 0xfe, 0xfd, 0xfc, 0xfc, 0x17, 0xfe, 0x9d, 0x89, 0x88, 0x35, 0xfd,
    0xfb, 0xa2, 0x88, 0xac, 0xb5, 0xfe, 0x92, 0x7d, 0x80, 0x17, 0xc0, 0xfe,
    0x82, 0x6a, 0x6d, 0x36, 0xfd, 0xfd, 0xfd, 0xfd, 0xfd, 0xfd, 0xe5, 0x24,
    0x17, 0xc0, 0x1c, 0x36, 0xee, 0x9c, 0x85, 0x11, 0xc0, 0xff, 0x33, 0x33,
    0x37, 0x3e, 0xff, 0x34, 0x34, 0x34, 0x1e, 0xff, 0x35, 0x34, 0x37, 0xff,
    0xc0, 0xfe, 0x62, 0x4d, 0x50, 0xa8, 0x8e, 0xe1, 0xfe, 0xfd, 0xfd, 0xfd,
    0x7f, 0xfe, 0xa6, 0x95, 0x97, 0x36, 0xfd, 0xfd, 0xfd, 0xfd, 0xfd, 0xfd,
    0xdc, 0x55, 0x95, 0x4b, 0x9a, 0x79, 0xc6, 0xfe, 0xfd, 0xfc, 0xfc, 0x17,
    0xfe, 0x9d, 0x89, 0x88, 0x35, 0xfd, 0xfa, 0xa5, 0x97, 0xab, 0xc6, 0x36,
    0xfe, 0x92, 0x7d, 0x80, 0x17, 0xc0, 0xfe, 0x82, 0x6a, 0x6d, 0x36, 0xfd,
    0xfd, 0xfd, 0xfd, 0xfd, 0xfd, 0xe5, 0x24, 0x17, 0xc0, 0x1c, 0x36, 0xee,
    0x9c, 0x85, 0x11, 0xc0, 0xff, 0x33, 0x33, 0x37, 0x3e, 0xff, 0x34, 0x34,
    0x34, 0x1e, 0xff, 0x35, 0x34, 0x37, 0xff, 0xc0, 0xfe, 0x62, 0x4d, 0x50,
    0xa8, 0x8e, 0xe1, 0xfe, 0xfd, 0xfd, 0xfd, 0x7f, 0xfe, 0xa6, 0x95, 0x97,
    0x36, 0xfd, 0xfd, 0xfd, 0xfd, 0xfd, 0xfd, 0xde, 0x97, 0x6a, 0x97, 0x5a,
    0xc5, 0xfe, 0xfd, 0xfc, 0xfc, 0x17, 0xfe, 0x9d, 0x89, 0x88, 0x35, 0xfd,
    0xf9, 0xaa, 0xb6, 0x36, 0xc1, 0xfe, 0x92, 0x7d, 0x80, 0x17, 0xc0, 0xfe,
    0x82, 0x6a, 0x6d, 0x36, 0xfd, 0xfd, 0xfd, 0xfd, 0xfd, 0xfd, 0xe5, 0x24,
    0x17, 0xc0, 0x1c, 0x36, 0xee, 0x9c, 0x85, 0x11, 0xc0, 0xff, 0x33, 0x33,
    0x37, 0x3e, 0xff, 0x34, 0x34, 0x34, 0x1e, 0xff, 0x35, 0x34, 0x37, 0xff,
    0xc0, 0xfe, 0x62, 0x4d, 0x50, 0xa8, 0x8e, 0xe1, 0xfe, 0xfd, 0xfd, 0xfd,
    0x7f, 0xfe, 0xa6, 0x95, 0x97, 0x36, 0xfd, 0xfd, 0xfd, 0xfd, 0xfd, 0xfd,
    0xdf, 0x9b, 0x69, 0x94, 0x5b, 0x55, 0xc3, 0xfe, 0xfd, 0xfc, 0xfc, 0x17,
    0xfe, 0x9d, 0x89, 0x88, 0x35, 0xfd, 0xf7, 0xa3, 0x87, 0xab, 0xc6, 0x36,
    0xc2, 0xfe, 0x92, 0x7d, 0x80, 0x17, 0xc0, 0xfe, 0x82, 0x6a, 0x6d, 0x36,
    0xfd, 0xfd, 0xfd, 0xfd, 0xfd, 0xfd, 0xe5, 0x24, 0x17, 0xc0, 0x1c, 0x36,
    0xee, 0x9c, 0x85, 0x11, 0xc0, 0xff, 0x33, 0x33, 0x37, 0x3e, 0xff, 0x34,
    0x34, 0x34, 0x1e, 0xff, 0x35, 0x34, 0x37, 0xff, 0xc0, 0xfe, 0x62, 0x4d,
    0x50, 0xa8, 0x8e, 0xe1, 0xfe, 0xfd, 0xfd, 0xfd, 0x7f, 0xfe, 0xa6, 0x95,
    0x97, 0x36, 0xfd, 0xfd, 0xfd, 0xfd, 0xfd, 0xfd, 0xe0, 0x9d, 0x89, 0x94,
    0x4b, 0x9d, 0x78, 0xc2, 0xfe, 0xfd, 0xfc, 0xfc, 0x17, 0xfe, 0x9d, 0x89,
    0x88, 0x35, 0xfd, 0xf6, 0xa6, 0xa7, 0xab, 0xb5, 0x36, 0xc3, 0xfe, 0x92,
    0x7d, 0x80, 0x17, 0xc0, 0xfe, 0x82, 0x6a, 0x6d, 0x36, 0xfd, 0xfd, 0xfd,
    0xfd, 0xfd, 0xfd, 0xe5, 0x24, 0x17, 0xc0, 0x1c, 0x36, 0xee, 0x9c, 0x85,
    0x11, 0xc0, 0xff, 0x33, 0x33, 0x37, 0x3e, 0xff, 0x34, 0x34, 0x34, 0x1e,
    0xff, 0x35, 0x34, 0x37, 0xff, 0xc0, 0xfe, 0x62, 0x4d, 0x50, 0xa8, 0x8e,
    0xe1, 0xfe, 0xfd, 0xfd, 0xfd, 0x7f, 0xfe, 0xa6, 0x95, 0x97, 0x36, 0xfd,
    0xfd, 0xfd, 0xfd, 0xfd, 0xfd, 0xe1, 0x55, 0x95, 0x4b, 0x9a, 0x79, 0xc1,
    0xfe, 0xfd, 0xfc, 0xfc, 0x17, 0xfe, 0x9d, 0x89, 0x88, 0x35, 0xfd, 0xf4,
    0x7f, 0xaa, 0xb6, 0x36, 0xc5, 0xfe, 0x92, 0x7d, 0x80, 0x17, 0xc0, 0xfe,
    0x82, 0x6a, 0x6d, 0x36, 0xfd, 0xfd, 0xfd, 0xfd, 0xfd, 0xfd, 0xe5, 0x24,
    0x17, 0xc0, 0x1c, 0x36, 0xee, 0x9c, 0x85, 0x11, 0xc0, 0xff, 0x33, 0x33,
    0x37, 0x3e, 0xff, 0x34, 0x34, 0x34, 0x1e, 0xff, 0x35, 0x34, 0x37, 0xff,
    0xc0, 0xfe, 0x62, 0x4d, 0x50, 0xa8, 0x8e, 0xe1, 0xfe, 0xfd, 0xfd, 0xfd,
    0x7f, 0xfe, 0xa6, 0x95, 0x97, 0x36, 0xfd, 0xfd, 0xfd, 0xfd, 0xfd, 0xfd,
    0xe3, 0x98, 0x5a, 0x96, 0x6a, 0xc0, 0xfe, 0xfd, 0xfc, 0xfc, 0x17, 0xfe,
    0x9d, 0x89, 0x88, 0x35, 0xfd, 0xf3, 0xa3, 0x98, 0xac, 0xb5, 0x36, 0xc6,
    0xfe, 0x92, 0x7d, 0x80, 0x17, 0xc0, 0xfe, 0x82, 0x6a, 0x6d, 0x36, 0xfd,
    0xfd, 0xfd, 0xfd, 0xfd, 0xfd, 0xe5, 0x24, 0x17, 0xc0, 0x1c, 0x36, 0xee,
    0x9c, 0x85, 0x11, 0xc0, 0xff, 0x33, 0x33, 0x37, 0x3e, 0xff, 0x34, 0x34,
    0x34, 0x1e, 0xff, 0x35, 0x34, 0x37, 0xff, 0xc0, 0xfe, 0x62, 0x4d, 0x50,
    0xa8, 0x8e, 0xe1, 0xfe, 0xfd, 0xfd, 0xfd, 0x7f, 0xfe, 0xa6, 0x95, 0x97,
    0x36, 0xfd, 0xfd, 0xfd, 0xfd, 0xfd, 0xfd, 0xe4, 0x9b, 0x79, 0x94, 0x4b,
    0xfe, 0xfd, 0xfc, 0xfc, 0x17, 0xfe, 0x9d, 0x89, 0x88, 0xfe, 0x62, 0x43,
    0x41, 0xfd, 0xf2, 0xa8, 0x96, 0xa9, 0xc6, 0x36, 0xc7, 0xfe, 0x92, 0x7d,
    0x80, 0x17, 0xc0, 0xfe, 0x82, 0x6a, 0x6d, 0x36, 0xfd, 0xfd, 0xfd, 0xfd,
    0xfd, 0xfd, 0xe5, 0x24, 0x17, 0xc0, 0x1c, 0x36, 0xee, 0x9c, 0x85, 0x11,
    0xc0, 0xff, 0x33, 0x33, 0x37, 0x3e, 0xff, 0x34, 0x34, 0x34, 0x1e, 0xff,
    0x35, 0x34, 0x37, 0xff, 0xc0, 0xfe, 0x62, 0x4d, 0x50, 0xa8, 0x8e, 0xe1,
    0xfe, 0xfd, 0xfd, 0xfd, 0x7f, 0xfe, 0xa6, 0x95, 0x97, 0x36, 0xfd, 0xfd,
    0xfd, 0xfd, 0xfd, 0xfd, 0xe5, 0x9e, 0x78, 0xfe, 0xfd, 0xfc, 0xfc, 0x17,
    0xfe, 0x9d, 0x89, 0x88, 0xfe, 0x62, 0x43, 0x41, 0xfd, 0xf0, 0x7f, 0xab,
    0xb5, 0x36, 0xc9, 0xfe, 0x92, 0x7d, 0x80, 0x17, 0xc0, 0xfe, 0x82, 0x6a,
    0x6d, 0x36, 0xfd, 0xfd, 0xfd, 0xfd, 0xfd, 0xfd, 0xe5, 0x24, 0x17, 0xc0,
    0x1c, 0x36, 0xee, 0x9c, 0x85, 0x11, 0xc0, 0xff, 0x33, 0x33, 0x37, 0x3e,
    0xff, 0x34, 0x34, 0x34, 0x1e, 0xff, 0x35, 0x34, 0x37, 0xff, 0xc0, 0xfe,
    0x62, 0x4d, 0x50, 0xa8, 0x8e, 0xe1, 0xfe, 0xfd, 0xfd, 0xfd, 0x7f, 0xfe,
    0xa6, 0x95, 0x97, 0x36, 0xfd, 0xfd, 0xfd, 0xfd, 0xfd, 0xfd, 0xe6, 0xfe,
    0xfd, 0xfc, 0xfd, 0x17, 0xfe, 0x9d, 0x89, 0x88, 0xfe, 0x62, 0x43, 0x41,
    0xfd, 0xef, 0xa4, 0x97, 0xac, 0xb5, 0x36, 0xca, 0xfe, 0x92, 0x7d, 0x80,
    0x17, 0xc0, 0xfe, 0x82, 0x6a, 0x6d, 0x36, 0xfd, 0xfd, 0xfd, 0xfd, 0xfd,
    0xfd, 0xe5, 0x24, 0x17, 0xc0, 0x1c, 0x36, 0xee, 0x9c, 0x85, 0x11, 0xc0,
    0xff, 0x33, 0x33, 0x37, 0x3e, 0xff, 0x34, 0x34, 0x34, 0x1e, 0xff, 0x35,
    0x34, 0x37, 0xff, 0xc0, 0xfe, 0x62, 0x4d, 0x50, 0xa8, 0x8e, 0xe1, 0xfe,
    0xfd, 0xfd, 0xfd, 0x7f, 0xfe, 0xa6, 0x95, 0x97, 0x36, 0xfd, 0xfd, 0xfd,
    0xfd, 0xfd, 0xfd, 0xe6, 0x08, 0x17, 0xfe, 0xa2, 0x90, 0x90, 0xfe, 0x62,
    0x43, 0x41, 0xfd, 0xee, 0xa8, 0xa7, 0x36, 0xcc, 0xfe, 0x92, 0x7d, 0x80,
    0x17, 0xc0, 0xfe, 0x82, 0x6a, 0x6d, 0x36, 0xfd, 0xfd, 0xfd, 0xfd, 0xfd,
    0xfd, 0xe5, 0x24, 0x17, 0xc0, 0x1c, 0x36, 0xee, 0x9c, 0x85, 0x11, 0xc0,
    0xff, 0x33, 0x33, 0x37, 0x3e, 0xff, 0x34, 0x34, 0x34, 0x1e, 0xff, 0x35,
    0x34, 0x37, 0xff, 0xc0, 0xfe, 0x62, 0x4d, 0x50, 0xa8, 0x8e, 0xe1, 0xfe,
    0xfd, 0xfd, 0xfd, 0x7f, 0xfe, 0xa6, 0x95, 0x97, 0x36, 0xfd, 0xfd, 0xfd,
    0xfd, 0xfd, 0xfd, 0xe6, 0x08, 0x17, 0x2d, 0xfe, 0x6d, 0x51, 0x52, 0x94,
    0x5a, 0x41, 0xfd, 0xea, 0x0c, 0xab, 0xc6, 0x36, 0xcd, 0xfe, 0x92, 0x7d,
    0x80, 0x17, 0xc0, 0xfe, 0x82, 0x6a, 0x6d, 0x36, 0xfd, 0xfd, 0xfd, 0xfd,
    0xfd, 0xfd, 0xe5, 0x24, 0x17, 0xc0, 0x1c, 0x36, 0xee, 0x9c, 0x85, 0x11,
    0xc0, 0xff, 0x33, 0x33, 0x37, 0x3e, 0xff, 0x34, 0x34, 0x34, 0x1e, 0xff,
    0x35, 0x34, 0x37, 0xff, 0xc0, 0xfe, 0x62, 0x4d, 0x50, 0xa8, 0x8e, 0xe1,
    0xfe, 0xfd, 0xfd, 0xfd, 0x7f, 0xfe, 0xa6, 0x95, 0x97, 0x36, 0xfd, 0xfd,
    0xfd, 0xfd, 0xfd, 0xfd, 0xe6, 0x08, 0x17, 0x2d, 0x36, 0x9e, 0x78, 0x94,
    0x5b, 0x9c, 0x79, 0xfd, 0xe8, 0xa5, 0x97, 0xab, 0xc6, 0x36, 0xce, 0xfe,
    0x92, 0x7d, 0x80, 0x17, 0xc0, 0xfe, 0x82, 0x6a, 0x6d, 0x36, 0xfd, 0xfd,
    0xfd, 0xfd, 0xfd, 0xfd, 0xe5, 0x24, 0x17, 0xc0, 0x1c, 0x36, 0xee, 0x9c,
    0x85, 0x11, 0xc0, 0xff, 0x33, 0x33, 0x37, 0x3e, 0xff, 0x34, 0x34, 0x34,
    0x1e, 0xff, 0x35, 0x34, 0x37, 0xff, 0xc0, 0xfe, 0x62, 0x4d, 0x50, 0xa8,
    0x8e, 0xe1, 0xfe, 0xfd, 0xfd, 0xfd, 0x7f, 0xfe, 0xa6, 0x95, 0x97, 0x36,
    0xfd, 0xfd, 0xfd, 0xfd, 0xfd, 0xfd, 0xe6, 0x08, 0x17, 0x2d, 0x36, 0xc0,
    0x56, 0x96, 0x5a, 0x99, 0x69, 0xfd, 0xe6, 0xa9, 0xb6, 0x36, 0xd0, 0xfe,
    0x92, 0x7d, 0x80, 0x17, 0xc0, 0xfe, 0x82, 0x6a, 0x6d, 0x36, 0xfd, 0xfd,
    0xfd, 0xfd, 0xfd, 0xfd, 0xe5, 0x24, 0x17, 0xc0, 0x1c, 0x36, 0xee, 0x9c,
    0x85, 0x11, 0xc0, 0xff, 0x33, 0x33, 0x37, 0x3e, 0xff, 0x34, 0x34, 0x34,
    0x1e, 0xff, 0x35, 0x34, 0x37, 0xff, 0xc0, 0xfe, 0x62, 0x4d, 0x50, 0xa8,
    0x8e, 0xe1, 0xfe, 0xfd, 0xfd, 0xfd, 0x7f, 0xfe, 0xa6, 0x95, 0x97, 0x36,
    0xfd, 0xfd, 0xfd, 0xfd, 0xfd, 0xfd, 0xe6, 0x08, 0x17, 0x2d, 0x36, 0xc2,
    0x99, 0x6a, 0x95, 0x5a, 0xfd, 0xe3, 0xa2, 0x88, 0xac, 0xc5, 0x36, 0xd1,
    0xfe, 0x92, 0x7d, 0x80, 0x17, 0xc0, 0xfe, 0x82, 0x6a, 0x6d, 0x36, 0xfd,
    0xfd, 0xfd, 0xfd, 0xfd, 0xfd, 0xe5, 0x24, 0x17, 0xc0, 0x1c, 0x36, 0xee,
    0x9c, 0x85, 0x11, 0xc0, 0xff, 0x33, 0x33, 0x37, 0x3e, 0xff, 0x34, 0x34,
    0x34, 0x1e, 0xff, 0x35, 0x34, 0x37, 0xff, 0xc0, 0xfe, 0x62, 0x4d, 0x50,
    0xa8, 0x8e, 0xe1, 0xfe, 0xfd, 0xfd, 0xfd, 0x7f, 0xfe, 0xa6, 0x95, 0x97,
    0x36, 0xfd, 0xfd, 0xfd, 0xfd, 0xfd, 0xfd, 0xe6, 0x08, 0x17, 0x2d, 0x36,
    0xc3, 0x9c, 0x79, 0x94, 0x4b, 0x40, 0xfd, 0xe0, 0xa6, 0x97, 0xab, 0xb5,
    0x36, 0xd2, 0xfe, 0x92, 0x7d, 0x80, 0x17, 0xc0, 0xfe, 0x82, 0x6a, 0x6d,
    0x36, 0xfd, 0xfd, 0xfd, 0xfd, 0xfd, 0xfd, 0xe5, 0x24, 0x17, 0xc0, 0x1c,
    0x36, 0xee, 0x9c, 0x85, 0x11, 0xc0, 0xff, 0x33, 0x33, 0x37, 0x3e, 0xff,
    0x34, 0x34, 0x34, 0x1e, 0xff, 0x35, 0x34, 0x37, 0xff, 0xc0, 0xfe, 0x62,
    0x4d, 0x50, 0xa8, 0x8e, 0xe1, 0xfe, 0xfd, 0xfd, 0xfd, 0x7f, 0xfe, 0xa6,
    0x95, 0x97, 0x36, 0xfd, 0xfd, 0xfd, 0xfd, 0xfd, 0xfd, 0xe6, 0x08, 0x17,
    0x2d, 0x36, 0xc4, 0x41, 0x94, 0x4a, 0x9c, 0x79, 0xfd, 0xdd, 0x6f, 0xa9,
    0xc6, 0x36, 0xd4, 0xfe, 0x92, 0x7d, 0x80, 0x17, 0xc0, 0xfe, 0x82, 0x6a,
    0x6d, 0x36, 0xfd, 0xfd, 0xfd, 0xfd, 0xfd, 0xfd, 0xe5, 0x24, 0x17, 0xc0,
    0x1c, 0x36, 0xee, 0x9c, 0x85, 0x11, 0xc0, 0xff, 0x33, 0x33, 0x37, 0x3e,
    0xff, 0x34, 0x34, 0x34, 0x1e, 0xff, 0x35, 0x34, 0x37, 0xff, 0xc0, 0xfe,
    0x62, 0x4d, 0x50, 0xa8, 0x8e, 0xe1, 0xfe, 0xfd, 0xfd, 0xfd, 0x7f, 0xfe,
    0xa6, 0x95, 0x97, 0x36, 0xfd, 0xfd, 0xfd, 0xfd, 0xfd, 0xfd, 0xe6, 0x08,
    0x17, 0x2d, 0x36, 0xc5, 0x56, 0x97, 0x49, 0x98, 0x7a, 0xfd, 0xdb, 0xa3,
    0x87, 0xac, 0xc5, 0x36, 0xd5, 0xfe, 0x92, 0x7d, 0x80, 0x17, 0xc0, 0xfe,
    0x82, 0x6a, 0x6d, 0x36, 0xfd, 0xfd, 0xfd, 0xfd, 0xfd, 0xfd, 0xe5, 0x24,
    0x17, 0xc0, 0x1c, 0x36, 0xee, 0x9c, 0x85, 0x11, 0xc0, 0xff, 0x33, 0x33,
    0x37, 0x3e, 0xff, 0x34, 0x34, 0x34, 0x1e, 0xff, 0x35, 0x34, 0x37, 0xff,
    0xc0, 0xfe, 0x62, 0x4d, 0x50, 0xa8, 0x8e, 0xe1, 0xfe, 0xfd, 0xfd, 0xfd,
    0x7f, 0xfe, 0xa6, 0x95, 0x97, 0x36, 0xfd, 0xfd, 0xfd, 0xfd, 0xfd, 0xfd,
    0xe6, 0x08, 0x17, 0x2d, 0x36, 0xc7, 0x99, 0x6a, 0x96, 0x4a, 0x65, 0xfd,
    0xd8, 0xa7, 0x96, 0xaa, 0xc6, 0x36, 0xd6, 0xfe, 0x92, 0x7d, 0x80, 0x17,
    0xc0, 0xfe, 0x82, 0x6a, 0x6d, 0x36, 0xfd, 0xfd, 0xfd, 0xfd, 0xfd, 0xfd,
    0xe5, 0x24, 0x17, 0xc0, 0x1c, 0x36, 0xee, 0x9c, 0x85, 0x11, 0xc0, 0xff,
    0x33, 0x33, 0x37, 0x3e, 0xff, 0x34, 0x34, 0x34, 0x1e, 0xff, 0x35, 0x34,
    0x37, 0xff, 0xc0, 0xfe, 0x62, 0x4d, 0x50, 0xa8, 0x8e, 0xe1, 0xfe, 0xfd,
    0xfd, 0xfd, 0x7f, 0xfe, 0xa6, 0x95, 0x97, 0x36, 0xfd, 0xfd, 0xfd, 0xfd,
    0xfd, 0xfd, 0xe6, 0x08, 0x17, 0x2d, 0x36, 0xc8, 0x9c, 0x79, 0x94, 0x4b,
    0x40, 0xfd, 0xd5, 0x7f, 0xaa, 0xb6, 0x36, 0xd8, 0xfe, 0x92, 0x7d, 0x80,
    0x17, 0xc0, 0xfe, 0x82, 0x6a, 0x6d, 0x36, 0xfd, 0xfd, 0xfd, 0xfd, 0xfd,
    0xfd, 0xe5, 0x24, 0x17, 0xc0, 0x1c, 0x36, 0xee, 0x9c, 0x85, 0x11, 0xc0,
    0xff, 0x33, 0x33, 0x37, 0x3e, 0xff, 0x34, 0x34, 0x34, 0x1e, 0xff, 0x35,
    0x34, 0x37, 0xff, 0xc0, 0xfe, 0x62, 0x4d, 0x50, 0xa8, 0x8e, 0xe1, 0xfe,
    0xfd, 0xfd, 0xfd, 0x7f, 0xfe, 0xa6, 0x95, 0x97, 0x36, 0xfd, 0xfd, 0xfd,
    0xfd, 0xfd, 0xfd, 0xe6, 0x08, 0x17, 0x2d, 0x36, 0xc9, 0x45, 0x96, 0x6b,
    0x99, 0x69, 0xfd, 0xd3, 0xa4, 0x87, 0xab, 0xd6, 0x36, 0xd9, 0xfe, 0x92,
    0x7d, 0x80, 0x17, 0xc0, 0xfe, 0x82, 0x6a, 0x6d, 0x36, 0xfd, 0xfd, 0xfd,
    0xfd, 0xfd, 0xfd, 0xe5, 0x24, 0x17, 0xc0, 0x1c, 0x36, 0xee, 0x9c, 0x85,
    0x11, 0xc0, 0xff, 0x33, 0x33, 0x37, 0x3e, 0xff, 0x34, 0x34, 0x34, 0x1e,
    0xff, 0x35, 0x34, 0x37, 0xff, 0xc0, 0xfe, 0x62, 0x4d, 0x50, 0xa8, 0x8e,
    0xe1, 0xfe, 0xfd, 0xfd, 0xfd, 0x7f, 0xfe, 0xa6, 0x95, 0x97, 0x36, 0xfd,
    0xfd, 0xfd, 0xfd, 0xfd, 0xfd, 0xe6, 0x08, 0x17, 0x2d, 0x36, 0xcb, 0x9c,
    0x79, 0x97, 0x5a, 0x9b, 0x79, 0xfd, 0xcf, 0x7f, 0xa9, 0xa6, 0xa7, 0xb7,
    0x36, 0xda, 0xfe, 0x92, 0x7d, 0x80, 0x17, 0xc0, 0xfe, 0x82, 0x6a, 0x6d,
    0x36, 0xfd, 0xfd, 0xfd, 0xfd, 0xfd, 0xfd, 0xe5, 0x24, 0x17, 0xc0, 0x1c,
    0x36, 0xee, 0x9c, 0x85, 0x11, 0xc0, 0xff, 0x33, 0x33, 0x37, 0x3e, 0xff,
    0x34, 0x34, 0x34, 0x1e, 0xff, 0x35, 0x34, 0x37, 0xff, 0xc0, 0xfe, 0x62,
    0x4d, 0x50, 0xa8, 0x8e, 0xe1, 0xfe, 0xfd, 0xfd, 0xfd, 0x7f, 0xfe, 0xa6,
    0x95, 0x97, 0x36, 0xfd, 0xfd, 0xfd, 0xfd, 0xfd, 0xfd, 0xe6, 0x08, 0x17,
    0x2d, 0x36, 0xcd, 0x9c, 0x79, 0x98, 0x5a, 0x9a, 0x79, 0xfd, 0xcc, 0xa7,
    0xa7, 0xa9, 0xb6, 0x36, 0xdc, 0xfe, 0x92, 0x7d, 0x80, 0x17, 0xc0, 0xfe,
    0x82, 0x6a, 0x6d, 0x36, 0xfd, 0xfd, 0xfd, 0xfd, 0xfd, 0xfd, 0xe5, 0x24,
    0x17, 0xc0, 0x1c, 0x36, 0xee, 0x9c, 0x85, 0x11, 0xc0, 0xff, 0x33, 0x33,
    0x37, 0x3e, 0xff, 0x34, 0x34, 0x34, 0x1e, 0xff, 0x35, 0x34, 0x37, 0xff,
    0xc0, 0xfe, 0x62, 0x4d, 0x50, 0xa8, 0x8e, 0xe1, 0xfe, 0xfd, 0xfd, 0xfd,
    0x7f, 0xfe, 0xa6, 0x95, 0x97, 0x36, 0xfd, 0xfd, 0xfd, 0xfd, 0xfd, 0xfd,
    0xe6, 0x08, 0x17, 0x2d, 0x36, 0xcf, 0x9d, 0x89, 0x99, 0x49, 0x99, 0x7a,
    0x55, 0xfd, 0xc6, 0xa2, 0x98, 0xa8, 0x96, 0xa6, 0xb7, 0x36, 0xde, 0xfe,
    0x92, 0x7d, 0x80, 0x17, 0xc0, 0xfe, 0x82, 0x6a, 0x6d, 0x36, 0xfd, 0xfd,
    0xfd, 0xfd, 0xfd, 0xfd, 0xe5, 0x24, 0x17, 0xc0, 0x1c, 0x36, 0xee, 0x9c,
    0x85, 0x11, 0xc0, 0xff, 0x33, 0x33, 0x37, 0x3e, 0xff, 0x34, 0x34, 0x34,
    0x1e, 0xff, 0x35, 0x34, 0x37, 0xff, 0xc0, 0xfe, 0x62, 0x4d, 0x50, 0xa8,
    0x8e, 0xe1, 0xfe, 0xfd, 0xfd, 0xfd, 0x7f, 0xfe, 0xa6, 0x95, 0x97, 0x36,
    0xfd, 0xfd, 0xfd, 0xfd, 0xfd, 0xfd, 0xe6, 0x08, 0x17, 0x2d, 0x36, 0xd1,
    0x55, 0x99, 0x6a, 0x99, 0x6a, 0x9d, 0x78, 0xfd, 0xc2, 0xa3, 0x87, 0xa9,
    0xb6, 0x36, 0xe1, 0xfe, 0x92, 0x7d, 0x80, 0x17, 0xc0, 0xfe, 0x82, 0x6a,
    0x6d, 0x36, 0xfd, 0xfd, 0xfd, 0xfd, 0xfd, 0xfd, 0xe5, 0x24, 0x17, 0xc0,
    0x1c, 0x36, 0xee, 0x9c, 0x85, 0x11, 0xc0, 0xff, 0x33, 0x33, 0x37, 0x3e,
    0xff, 0x34, 0x34, 0x34, 0x1e, 0xff, 0x35, 0x34, 0x37, 0xff, 0xc0, 0xfe,
    0x62, 0x4d, 0x50, 0xa8, 0x8e, 0xe1, 0xfe, 0xfd, 0xfd, 0xfd, 0x7f, 0xfe,
    0xa6, 0x95, 0x97, 0x36, 0xfd, 0xfd, 0xfd, 0xfd, 0xfd, 0xfd, 0xe6, 0x08,
    0x17, 0x2d, 0x36, 0xd4, 0x9c, 0x79, 0x99, 0x6a, 0x9a, 0x69, 0x55, 0xfc,
    0xa8, 0xa7, 0xa9, 0xb6, 0x36, 0xe2, 0xfe, 0x92, 0x7d, 0x80, 0x17, 0xc0,
    0xfe, 0x82, 0x6a, 0x6d, 0x36, 0xfd, 0xfd, 0xfd, 0xfd, 0xfd, 0xfd, 0xe5,
    0x24, 0x17, 0xc0, 0x1c, 0x36, 0xee, 0x9c, 0x85, 0x11, 0xc0, 0xff, 0x33,
    0x33, 0x37, 0x3e, 0xff, 0x34, 0x34, 0x34, 0x1e, 0xff, 0x35, 0x34, 0x37,
    0xff, 0xc0, 0xfe, 0x62, 0x4d, 0x50, 0xa8, 0x8e, 0xe1, 0xfe, 0xfd, 0xfd,
    0xfd, 0x7f, 0xfe, 0xa6, 0x95, 0x97, 0x36, 0xfd, 0xfd, 0xfd, 0xfd, 0xfd,
    0xfd, 0xe6, 0x08, 0x17, 0x2d, 0x36, 0xd6, 0x56, 0x9b, 0x68, 0x9a, 0x6a,
    0x9b, 0x79, 0x55, 0xf7, 0xa2, 0x87, 0xab, 0xb6, 0x36, 0xe4, 0xfe, 0x92,
    0x7d, 0x80, 0x17, 0xc0, 0xfe, 0x82, 0x6a, 0x6d, 0x36, 0xfd, 0xfd, 0xfd,
    0xfd, 0xfd, 0xfd, 0xe5, 0x24, 0x17, 0xc0, 0x1c, 0x36, 0xee, 0x9c, 0x85,
    0x11, 0xc0, 0xff, 0x33, 0x33, 0x37, 0x3e, 0xff, 0x34, 0x34, 0x34, 0x1e,
    0xff, 0x35, 0x34, 0x37, 0xff, 0xc0, 0xfe, 0x62, 0x4d, 0x50, 0xa8, 0x8e,
    0xe1, 0xfe, 0xfd, 0xfd, 0xfd, 0x7f, 0xfe, 0xa6, 0x95, 0x97, 0x36, 0xfd,
    0xfd, 0xfd, 0xfd, 0xfd, 0xfd, 0xe6, 0x08, 0x17, 0x2d, 0x36, 0xd9, 0x55,
    0x9b, 0x7a, 0x9b, 0x69, 0x9b, 0x79, 0x9e, 0x78, 0xf1, 0x7f, 0xa4, 0x97,
    0xa5, 0xa7, 0xa7, 0xa6, 0x36, 0xe5, 0xfe, 0x92, 0x7d, 0x80, 0x17, 0xc0,
    0xfe, 0x82, 0x6a, 0x6d, 0x36, 0xfd, 0xfd, 0xfd, 0xfd, 0xfd, 0xfd, 0xe5,
    0x24, 0x17, 0xc0, 0x1c, 0x36, 0xee, 0x9c, 0x85, 0x11, 0xc0, 0xff, 0x33,
    0x33, 0x37, 0x3e, 0xff, 0x34, 0x34, 0x34, 0x1e, 0xff, 0x35, 0x34, 0x37,
    0xff, 0xc0, 0xfe, 0x62, 0x4d, 0x50, 0xa8, 0x8e, 0xe1, 0xfe, 0xfd, 0xfd,
    0xfd, 0x7f, 0xfe, 0xa6, 0x95, 0x97, 0x36, 0xfd, 0xfd, 0xfd, 0xfd, 0xfd,
    0xfd, 0xe6, 0x08, 0x17, 0x2d, 0x36, 0xdd, 0x9e, 0x78, 0x9c, 0x79, 0x9c,
    0x79, 0x9d, 0x79, 0x9d, 0x89, 0x9e, 0x78, 0xe4, 0xa3, 0x87, 0xa2, 0xa8,
    0xa2, 0x88, 0x7f, 0xa1, 0x97, 0xa2, 0x88, 0xa2, 0x87, 0xa3, 0x97, 0x36,
    0xe9, 0xfe, 0x92, 0x7d, 0x80, 0x17, 0xc0, 0xfe, 0x82, 0x6a, 0x6d, 0x36,
    0xfd, 0xfd, 0xfd, 0xfd, 0xfd, 0xfd, 0xe5, 0x24, 0x17, 0xc0, 0x1c, 0x36,
    0xee, 0x9c, 0x85, 0x11, 0xc0, 0xff, 0x33, 0x33, 0x37, 0x3e, 0xff, 0x34,
    0x34, 0x34, 0x1e, 0xff, 0x35, 0x34, 0x37, 0xff, 0xc0, 0xfe, 0x62, 0x4d,
    0x50, 0xa8, 0x8e, 0xe1, 0xfe, 0xfd, 0xfd, 0xfd, 0x7f, 0xfe, 0xa6, 0x95,
    0x97, 0x36, 0xfd, 0xfd, 0xfd, 0xfd, 0xfd, 0xfd, 0xe6, 0x08, 0x17, 0x2d,
    0x36, 0xe2, 0x56, 0x9e, 0x78, 0x9d, 0x89, 0x9d, 0x78, 0x9d, 0x79, 0x9d,
    0x68, 0x9d, 0x89, 0xda, 0x7f, 0xa7, 0xa6, 0xa5, 0x97, 0xa4, 0xa7, 0x36,
    0xf1, 0xfe, 0x92, 0x7d, 0x80, 0x17, 0xc0, 0xfe, 0x82, 0x6a, 0x6d, 0x36,
    0xfd, 0xfd, 0xfd, 0xfd, 0xfd, 0xfd, 0xe5, 0x24, 0x17, 0xc0, 0x1c, 0x36,
    0xee, 0x9c, 0x85, 0x11, 0xc0, 0xff, 0x33, 0x33, 0x37, 0x3e, 0xff, 0x34,
    0x34, 0x34, 0x1e, 0xff, 0x35, 0x34, 0x37, 0xff, 0xc0, 0xfe, 0x62, 0x4d,
    0x50, 0xa8, 0x8e, 0xe1, 0xfe, 0xfd, 0xfd, 0xfd, 0x7f, 0xfe, 0xa6, 0x95,
    0x97, 0x36, 0xfd, 0xfd, 0xfd, 0xfd, 0xfd, 0xfd, 0xe6, 0x08, 0x17, 0x2d,
    0x36, 0xe8, 0x45, 0x9c, 0x89, 0x9d, 0x69, 0x9d, 0x78, 0x9d, 0x89, 0x45,
    0x41, 0x55, 0xcf, 0x6f, 0x1b, 0xa3, 0x98, 0x03, 0xa4, 0xa7, 0x36, 0xf4,
    0xfe, 0x92, 0x7d, 0x80, 0x17, 0xc0, 0xfe, 0x82, 0x6a, 0x6d, 0x36, 0xfd,
    0xfd, 0xfd, 0xfd, 0xfd, 0xfd, 0xe5, 0x24, 0x17, 0xc0, 0x1c, 0x36, 0xee,
    0x9c, 0x85, 0x11, 0xc0, 0xff, 0x33, 0x33, 0x37, 0x3e, 0xff, 0x34, 0x34,
    0x34, 0x1e, 0xff, 0x35, 0x34, 0x37, 0xff, 0xc0, 0xfe, 0x62, 0x4d, 0x50,
    0xa8, 0x8e, 0xe1, 0xfe, 0xfd, 0xfd, 0xfd, 0x7f, 0xfe, 0xa6, 0x95, 0x97,
    0x36, 0xfd, 0xfd, 0xfd, 0xfd, 0xfd, 0xfd, 0xe6, 0x08, 0x17, 0x2d, 0x36,
    0xf1, 0x55, 0xc0, 0x56, 0xc1, 0x59, 0xc4, 0x66, 0x15, 0xc0, 0x7f, 0x36,
    0xf9, 0xfe, 0x92, 0x7d, 0x80, 0x17, 0xc0, 0xfe, 0x82, 0x6a, 0x6d, 0x36,
    0xfd, 0xfd, 0xfd, 0xfd, 0xfd, 0xfd, 0xe5, 0x24, 0x17, 0xc0, 0x1c, 0x36,
    0xee, 0x9c, 0x85, 0x11, 0xc0, 0xff, 0x33, 0x33, 0x37, 0x3e, 0xff, 0x34,
    0x34, 0x34, 0x1e, 0xff, 0x35, 0x34, 0x37, 0xff, 0xc0, 0xfe, 0x62, 0x4d,
    0x50, 0xa8, 0x8e, 0xe1, 0xfe, 0xfd, 0xfd, 0xfd, 0x7f, 0xfe, 0xa6, 0x95,
    0x97, 0x36, 0xfd, 0xfd, 0xfd, 0xfd, 0xfd, 0xfd, 0xe6, 0x08, 0x17, 0x2d,
    0x36, 0xfd, 0xfd, 0xfe, 0x92, 0x7d, 0x80, 0x17, 0xc0, 0xfe, 0x82, 0x6a,
    0x6d, 0x36, 0xfd, 0xfd, 0xfd, 0xfd, 0xfd, 0xfd, 0xe5, 0x24, 0x17, 0xc0,
    0x1c, 0x36, 0xee, 0x9c, 0x85, 0x11, 0xc0, 0xff, 0x33, 0x33, 0x37, 0x3e,
    0xff, 0x34, 0x34, 0x34, 0x1e, 0xff, 0x35, 0x34, 0x37, 0xff, 0xc0, 0xfe,
    0x62, 0x4d, 0x50, 0xa8, 0x8e, 0xe1, 0xfe, 0xfd, 0xfd, 0xfd, 0x7f, 0xfe,
    0xa6, 0x95, 0x97, 0x36, 0xfd, 0xfd, 0xfd, 0xfd, 0xfd, 0xfd, 0xe6, 0x08,
    0x17, 0x2d, 0x36, 0xfd, 0xfd, 0xfe, 0x92, 0x7d, 0x80, 0x17, 0xc0, 0xfe,
    0x82, 0x6a, 0x6d, 0x36, 0xfd, 0xfd, 0xfd, 0xfd, 0xfd, 0xfd, 0xe5, 0x24,
    0x17, 0xc0, 0x1c, 0x36, 0xee, 0x9c, 0x85, 0x11, 0xc0, 0xff, 0x33, 0x33,
    0x37, 0x3e, 0xff, 0x34, 0x34, 0x34, 0x1e, 0xff, 0x35, 0x34, 0x37, 0xff,
    0xc0, 0xfe, 0x62, 0x4d, 0x50, 0xa8, 0x8e, 0xe1, 0xfe, 0xfd, 0xfd, 0xfd,
    0x7f, 0xfe, 0xa6, 0x95, 0x97, 0x36, 0xfd, 0xfd, 0xfd, 0xfd, 0xfd, 0xfd,
    0xe6, 0x08, 0x17, 0x2d, 0x36, 0xfd, 0xfd, 0xfe, 0x92, 0x7d, 0x80, 0x17,
    0xc0, 0xfe, 0x82, 0x6a, 0x6d, 0x36, 0xfd, 0xfd, 0xfd, 0xfd, 0xfd, 0xfd,
    0xe5, 0x24, 0x17, 0xc0, 0x1c, 0x36, 0xee, 0x9c, 0x85, 0x11, 0xc0, 0xff,
    0x33, 0x33, 0x37, 0x3e, 0xff, 0x34, 0x34, 0x34, 0x1e, 0xff, 0x35, 0x34,
    0x37, 0xff, 0xc0, 0xfe, 0x62, 0x4d, 0x50, 0xa8, 0x8e, 0xe1, 0xfe, 0xfd,
    0xfd, 0xfd, 0x7f, 0xfe, 0xa6, 0x95, 0x97, 0x36, 0xfd, 0xfd, 0xfd, 0xfd,
    0xfd, 0xfd, 0xe6, 0x08, 0x17, 0x2d, 0x36, 0xfd, 0xfd, 0xfe, 0x92, 0x7d,
    0x80, 0x17, 0xc0, 0xfe, 0x82, 0x6a, 0x6d, 0x36, 0xfd, 0xfd, 0xfd, 0xfd,
    0xfd, 0xfd, 0xe5, 0x24, 0x17, 0xc0, 0x1c, 0x36, 0xee, 0x9c, 0x85, 0x11,
    0xc0, 0xff, 0x33, 0x33, 0x37, 0x3e, 0xff, 0x34, 0x34, 0x34, 0x1e, 0xff,
    0x35, 0x34, 0x37, 0xff, 0xc0, 0xfe, 0x62, 0x4d, 0x50, 0xa8, 0x8e, 0xe1,
    0xfe, 0xfd, 0xfd, 0xfd, 0x7f, 0xfe, 0xa6, 0x95, 0x97, 0x36, 0xfd, 0xfd,
    0xfd, 0xfd, 0xfd, 0xfd, 0xe6, 0x08, 0x17, 0x2d, 0x36, 0xfd, 0xfd, 0xfe,
    0x92, 0x7d, 0x80, 0x17, 0xc0, 0xfe, 0x82, 0x6a, 0x6d, 0x36, 0xfd, 0xfd,
    0xfd, 0xfd, 0xfd, 0xfd, 0xe5, 0x24, 0x17, 0xc0, 0x1c, 0x36, 0xee, 0x9c,
    0x85, 0x11, 0xc0, 0xff, 0x33, 0x33, 0x37, 0x3e, 0xff, 0x34, 0x34, 0x34,
    0x1e, 0xff, 0x35, 0x34, 0x37, 0xff, 0xc0, 0xfe, 0x62, 0x4d, 0x50, 0xa8,
    0x8e, 0xe1, 0xfe, 0xfd, 0xfd, 0xfd, 0x7f, 0xfe, 0xa6, 0x95, 0x97, 0x36,
    0xfd, 0xfd, 0xfd, 0xfd, 0xfd, 0xfd, 0xe6, 0x08, 0x17, 0x2d, 0x36, 0xfd,
    0xfd, 0xfe, 0x92, 0x7d, 0x80, 0x17, 0xc0, 0xfe, 0x82, 0x6a, 0x6d, 0x36,
    0xfd, 0xfd, 0xfd, 0xfd, 0xfd, 0xfd, 0xe5, 0x24, 0x17, 0xc0, 0x1c, 0x36,
    0xee, 0x9c, 0x85, 0x11, 0xc0, 0xff, 0x33, 0x33, 0x37, 0x3e, 0xff, 0x34,
    0x34, 0x34, 0x1e, 0xff, 0x35, 0x34, 0x37, 0xff, 0xc0, 0xfe, 0x62, 0x4d,
    0x50, 0xa8, 0x8e, 0xe1, 0xfe, 0xfd, 0xfd, 0xfd, 0x7f, 0xfe, 0xa6, 0x95,
    0x97, 0x36, 0xfd, 0xfd, 0xfd, 0xfd, 0xfd, 0xfd, 0xe6, 0x08, 0x17, 0x2d,
    0x36, 0xfd, 0xfd, 0xfe, 0x92, 0x7d, 0x80, 0x17, 0xc0, 0xfe, 0x82, 0x6a,
    0x6d, 0x36, 0xfd, 0xfd, 0xfd, 0xfd, 0xfd, 0xfd, 0xe5, 0x24, 0x17, 0xc0,
    0x1c, 0x36, 0xee, 0x9c, 0x85, 0x11, 0xc0, 0xff, 0x33, 0x33, 0x37, 0x3e,
    0xff, 0x34, 0x34, 0x34, 0x1e, 0xff, 0x35, 0x34, 0x37, 0xff, 0xc0, 0xfe,
    0x62, 0x4d, 0x50, 0xa8, 0x8e, 0xe1, 0xfe, 0xfd, 0xfd, 0xfd, 0x7f, 0xfe,
    0xa6, 0x95, 0x97, 0x36, 0xfd, 0xfd, 0xfd, 0xfd, 0xfd, 0xfd, 0xe6, 0x08,
    0x17, 0x2d, 0x36, 0xfd, 0xfd, 0xfe, 0x92, 0x7d, 0x80, 0x17, 0xc0, 0xfe,
    0x82, 0x6a, 0x6d, 0x36, 0xfd, 0xfd, 0xfd, 0xfd, 0xfd, 0xfd, 0xe5, 0x24,
    0x17, 0xc0, 0x1c, 0x36, 0xee, 0x9c, 0x85, 0x11, 0xc0, 0xff, 0x33, 0x33,
    0x37, 0x3e, 0xff, 0x34, 0x34, 0x34, 0x1e, 0xff, 0x35, 0x34, 0x37, 0xff,
    0xc0, 0xfe, 0x62, 0x4d, 0x50, 0xa8, 0x8e, 0xe1, 0xfe, 0xfd, 0xfd, 0xfd,
    0x7f, 0xfe, 0xa6, 0x95, 0x97, 0x36, 0xfd, 0xfd, 0xfd, 0xfd, 0xfd, 0xfd,
    0xe6, 0x08, 0x17, 0x2d, 0x36, 0xfd, 0xfd, 0xfe, 0x92, 0x7d, 0x80, 0x17,
    0xc0, 0xfe, 0x82, 0x6a, 0x6d, 0x36, 0xfd, 0xfd, 0xfd, 0xfd, 0xfd, 0xfd,
    0xe5, 0x24, 0x17, 0xc0, 0x1c, 0x36, 0xee, 0x9c, 0x85, 0x11, 0xc0, 0xff,
    0x33, 0x33, 0x37, 0x3e, 0xff, 0x34, 0x34, 0x34, 0x1e, 0xff, 0x35, 0x34,
    0x37, 0xff, 0xc0, 0xfe, 0x62, 0x4d, 0x50, 0xa8, 0x8e, 0xe1, 0xfe, 0xfd,
    0xfd, 0xfd, 0x7f, 0xfe, 0xa6, 0x95, 0x97, 0x36, 0xfd, 0xfd, 0xfd, 0xfd,
    0xfd, 0xfd, 0xe6, 0x08, 0x17, 0x2d, 0x36, 0xfd, 0xfd, 0xfe, 0x92, 0x7d,
    0x80, 0x17, 0xc0, 0xfe, 0x82, 0x6a, 0x6d, 0x36, 0xfd, 0xfd, 0xfd, 0xfd,
    0xfd, 0xfd, 0xe5, 0x24, 0x17, 0xc0, 0x1c, 0x36, 0xee, 0x9c, 0x85, 0x11,
    0xc0, 0xff, 0x33, 0x33, 0x37, 0x3e, 0xff, 0x34, 0x34, 0x34, 0x1e, 0xff,
    0x35, 0x34, 0x37, 0xff, 0xc0, 0xfe, 0x62, 0x4d, 0x50, 0xa8, 0x8e, 0xe1,
    0xfe, 0xfd, 0xfd, 0xfd, 0x7f, 0xfe, 0xa6, 0x95, 0x97, 0x36, 0xfd, 0xfd,
    0xfd, 0xfd, 0xfd, 0xfd, 0xe6, 0x08, 0x17, 0x2d, 0x36, 0xfd, 0xfd, 0xfe,
    0x92, 0x7d, 0x80, 0x17, 0xc0, 0xfe, 0x82, 0x6a, 0x6d, 0x36, 0xfd, 0xfd,
    0xfd, 0xfd, 0xfd, 0xfd, 0xe5, 0x24, 0x17, 0xc0, 0x1c, 0x36, 0xee, 0x9c,
    0x85, 0x11, 0xc0, 0xff, 0x33, 0x33, 0x37, 0x3e, 0xff, 0x34, 0x34, 0x34,
    0x1e, 0xff, 0x35, 0x34, 0x37, 0xff, 0xc0, 0xfe, 0x62, 0x4d, 0x50, 0xa8,
    0x8e, 0xe1, 0xfe, 0xfd, 0xfd, 0xfd, 0x7f, 0xfe, 0xa6, 0x95, 0x97, 0x36,
    0xfd, 0xfd, 0xfd, 0xfd, 0xfd, 0xfd, 0xe6, 0x08, 0x17, 0x2d, 0x36, 0xfd,
    0xfd, 0xfe, 0x92, 0x7d, 0x80, 0x17, 0xc0, 0xfe, 0x82, 0x6a, 0x6d, 0x36,
    0xfd, 0xfd, 0xfd, 0xfd, 0xfd, 0xfd, 0xe5, 0x24, 0x17, 0xc0, 0x1c, 0x36,
    0xee, 0x9c, 0x85, 0x11, 0xc0, 0xff, 0x33, 0x33, 0x37, 0x3e, 0xff, 0x34,
    0x34, 0x34, 0x1e, 0xff, 0x35, 0x34, 0x37, 0xff, 0xc0, 0xfe, 0x62, 0x4d,
    0x50, 0xa8, 0x8e, 0xe1, 0xfe, 0xfc, 0xfc, 0xfc, 0xa2, 0x88, 0xfe, 0xa6,
    0x95, 0x97, 0x36, 0xfd, 0xfd, 0xfd, 0xfd, 0xfd, 0xfd, 0xe6, 0xfe, 0xfd,
    0xfd, 0xfd, 0x17, 0xfe, 0xa5, 0x94, 0x96, 0x36, 0xfd, 0xfd, 0xfe, 0x91,
    0x7d, 0x7f, 0x17, 0xc0, 0xfe, 0x82, 0x6b, 0x6d, 0x36, 0xfd, 0xfd, 0xfd,
    0xfd, 0xfd, 0xfd, 0xe5, 0xfe, 0x93, 0x7e, 0x80, 0x17, 0xc0, 0xfe, 0x81,
    0x69, 0x6c, 0x36, 0xee, 0x9c, 0x85, 0x11, 0xc0, 0xff, 0x33, 0x33, 0x37,
    0x3e, 0xff, 0x34, 0x34, 0x34, 0x1e, 0xff, 0x35, 0x34, 0x37, 0xff, 0xc0,
    0xfe, 0x62, 0x4d, 0x50, 0xa8, 0x8e, 0xe1, 0xfe, 0xf6, 0xf5, 0xf5, 0xa9,
    0x87, 0xfe, 0xac, 0x9c, 0x9e, 0x36, 0xfd, 0xfd, 0xfd, 0xfd, 0xfd, 0xfd,
    0xe5, 0xa5, 0x87, 0x17, 0xc0, 0xfe, 0x9f, 0x8d, 0x8f, 0x36, 0xfd, 0xfd,
    0xfe, 0x8b, 0x75, 0x78, 0x17, 0xc0, 0xfe, 0x88, 0x71, 0x74, 0x36, 0xfd,
    0xfd, 0xfd, 0xfd, 0xfd, 0xfd, 0xe5, 0xfe, 0x98, 0x85, 0x87, 0x17, 0xc0,
    0xfe, 0x7b, 0x62, 0x65, 0x36, 0xee, 0x9c, 0x85, 0x11, 0xc0, 0xff, 0x33,
    0x33, 0x37, 0x3e, 0xff, 0x34, 0x34, 0x34, 0x1e, 0xff, 0x35, 0x34, 0x37,
    0xff, 0xc0, 0xfe, 0x62, 0x4d, 0x50, 0xa8, 0x8e, 0xe1, 0xfe, 0xee, 0xeb,
    0xec, 0xb3, 0x75, 0xfe, 0xb6, 0xa8, 0xaa, 0x36, 0xfd, 0xfd, 0xfd, 0xfd,
    0xfd, 0xfd, 0xe5, 0xb1, 0x85, 0x17, 0xc0, 0xfe, 0x97, 0x83, 0x86, 0x36,
    0xfd, 0xfd, 0xb6, 0x85, 0x17, 0xc0, 0xfe, 0x92, 0x7d, 0x80, 0x36, 0xfd,
    0xfd, 0xfd, 0xfd, 0xfd, 0xfd, 0xe5, 0xfe, 0xa2, 0x91, 0x93, 0x17, 0xc0,
    0xfe, 0x74, 0x59, 0x5c, 0x36, 0xee, 0x9c, 0x85, 0x11, 0xc0, 0xff, 0x33,
    0x33, 0x37, 0x3e, 0xff, 0x34, 0x34, 0x34, 0x1e, 0xff, 0x35, 0x34, 0x37,
    0xff, 0xc0, 0xfe, 0x62, 0x4d, 0x50, 0xa8, 0x8e, 0xe1, 0xfe, 0xdb, 0xd5,
    0xd5, 0xfe, 0xfe, 0xfe, 0xfe, 0xfe, 0xcb, 0xc1, 0xc2, 0x36, 0xfd, 0xfd,
    0xfd, 0xfd, 0xfd, 0xfd, 0xe5, 0xfe, 0x93, 0x7f, 0x81, 0x17, 0xc0, 0xfe,
    0x84, 0x6d, 0x6f, 0x36, 0xfd, 0xfd, 0xa3, 0x88, 0xfe, 0xfc, 0xfb, 0xfb,
    0x17, 0xfe, 0xa7, 0x96, 0x98, 0x36, 0xfd, 0xfd, 0xfd, 0xfd, 0xfd, 0xfd,
    0xe5, 0xfe, 0xb7, 0xa9, 0xab, 0x17, 0x8e, 0x8b, 0x36, 0xef, 0x9c, 0x85,
    0x11, 0xc0, 0xff, 0x33, 0x33, 0x37, 0x3e, 0xff, 0x34, 0x34, 0x34, 0x1e,
    0xff, 0x35, 0x34, 0x37, 0xff, 0xc0, 0xfe, 0x62, 0x4d, 0x50, 0xa8, 0x8e,
    0xe1, 0xfe, 0xc4, 0xb9, 0xbb, 0xfe, 0xfe, 0xfe, 0xfe, 0x84, 0x8c, 0x36,
    0xfd, 0xfd, 0xfd, 0xfd, 0xfd, 0xfd, 0xe5, 0xfe, 0xaf, 0xa0, 0xa2, 0x17,
    0x9b, 0x88, 0xfe, 0x72, 0x57, 0x5a, 0x36, 0xfd, 0xfd, 0xc0, 0xfe, 0xe8,
    0xe3, 0xe4, 0x17, 0xfe, 0xc3, 0xb7, 0xb9, 0x36, 0xfd, 0xfd, 0xfd, 0xfd,
    0xfd, 0xfd, 0xe5, 0xfe, 0xd3, 0xcb, 0xcc, 0x17, 0xfe, 0xd8, 0xd1, 0xd1,
    0x36, 0xef, 0x9c, 0x85, 0x11, 0xc0, 0xff, 0x33, 0x33, 0x37, 0x3e, 0xff,
    0x34, 0x34, 0x34, 0x1e, 0xff, 0x35, 0x34, 0x37, 0xff, 0xc0, 0xfe, 0x62,
    0x4d, 0x50, 0xa8, 0x8e, 0xe1, 0xfe, 0xa2, 0x91, 0x93, 0xfe, 0xfe, 0xfe,
    0xfe, 0xc0, 0xfe, 0x7d, 0x65, 0x68, 0x36, 0xfd, 0xfd, 0xfd, 0xfd, 0xfd,
    0xfd, 0xe4, 0xfe, 0xd3, 0xcb, 0xcc, 0x17, 0xfe, 0xda, 0xd3, 0xd3, 0x36,
    0xfd, 0xfd, 0xc1, 0xfe, 0xc6, 0xbb, 0xbc, 0x17, 0x85, 0x9d, 0x36, 0xfd,
    0xfd, 0xfd, 0xfd, 0xfd, 0xfd, 0xe4, 0xa2, 0x88, 0xfe, 0xf6, 0xf4, 0xf4,
    0x17, 0xfe, 0xb6, 0xa8, 0xaa, 0x36, 0xef, 0x9c, 0x85, 0xfe, 0x35, 0x34,
    0x37, 0xc0, 0xff, 0x33, 0x33, 0x37, 0x3e, 0xff, 0x34, 0x34, 0x34, 0x1e,
    0xff, 0x35, 0x34, 0x37, 0xff, 0xc0, 0xfe, 0x62, 0x4d, 0x50, 0xa8, 0x8e,
    0xe1, 0xaf, 0x86, 0xfe, 0xfd, 0xfd, 0xfd, 0x7f, 0xfe, 0xac, 0x9c, 0x9e,
    0x36, 0xfd, 0xfd, 0xfd, 0xfd, 0xfd, 0xfd, 0xe3, 0xaa, 0x87, 0xfe, 0xfa,
    0xf9, 0xf9, 0x17, 0xfe, 0xb3, 0xa5, 0xa6, 0x36, 0xfd, 0xfd, 0xc1, 0xfe,
    0x9f, 0x8d, 0x8f, 0x17, 0xc0, 0xfe, 0x88, 0x71, 0x74, 0x36, 0xfd, 0xfd,
    0xfd, 0xfd, 0xfd, 0xfd, 0xe3, 0xfe, 0x98, 0x85, 0x87, 0x17, 0xc0, 0xfe,
    0x8f, 0x7a, 0x7c, 0x36, 0xef, 0x9c, 0x85, 0x11, 0xc0, 0xff, 0x33, 0x33,
    0x37, 0x3e, 0xff, 0x34, 0x34, 0x34, 0x1e, 0xff, 0x35, 0x34, 0x37, 0xff,
    0xc0, 0xfe, 0x62, 0x4d, 0x50, 0xa8, 0x8e, 0xe2, 0xfe, 0xd7, 0xd0, 0xd1,
    0xfe, 0xfe, 0xfe, 0xfe, 0xfe, 0xe3, 0xdd, 0xde, 0x36, 0xfd, 0xfd, 0xfd,
    0xfd, 0xfd, 0xfd, 0xe3, 0xfe, 0xac, 0x9c, 0x9e, 0x17, 0x55, 0xfe, 0x81,
    0x69, 0x6c, 0x36, 0xfd, 0xfd, 0xc1, 0xa6, 0x87, 0xfe, 0xf6, 0xf5, 0xf5,
    0xa9, 0x87, 0xfe, 0xbf, 0xb3, 0xb5, 0x36, 0xfd, 0xfd, 0xfd, 0xfd, 0xfd,
    0xfd, 0xe3, 0xfe, 0xcf, 0xc6, 0xc7, 0x17, 0x89, 0x9c, 0x36, 0xf0, 0x9c,
    0x85, 0xfe, 0x35, 0x34, 0x37, 0xc0, 0xff, 0x33, 0x33, 0x37, 0x3e, 0xff,
    0x34, 0x34, 0x34, 0x1e, 0xff, 0x35, 0x34, 0x37, 0xff, 0xc0, 0xfe, 0x62,
    0x4d, 0x50, 0xa8, 0x8e, 0xe2, 0xfe, 0x9f, 0x8d, 0x8f, 0xfe, 0xfe, 0xfe,
    0xfe, 0xc0, 0xfe, 0x98, 0x84, 0x86, 0x36, 0xfd, 0xfd, 0xfd, 0xfd, 0xfd,
    0xfd, 0xe1, 0xa3, 0x88, 0xfe, 0xec, 0xe9, 0xe9, 0x17, 0xfe, 0xd7, 0xcf,
    0xd0, 0x36, 0xfd, 0xfd, 0xc3, 0xfe, 0xc3, 0xb8, 0xb9, 0x17, 0x99, 0x89,
    0xfe, 0x7b, 0x61, 0x64, 0x36, 0xfd, 0xfd, 0xfd, 0xfd, 0xfd, 0xfd, 0xe1,
    0xba, 0x74, 0xfe, 0xfd, 0xfd, 0xfd, 0x17, 0xfe, 0xb3, 0xa5, 0xa6, 0x36,
    0xf0, 0x9c, 0x85, 0xfe, 0x35, 0x34, 0x37, 0xc0, 0xff, 0x33, 0x33, 0x37,
    0x3e, 0xff, 0x34, 0x34, 0x34, 0x1e, 0xff, 0x35, 0x34, 0x37, 0xff, 0xc0,
    0xfe, 0x62, 0x4d, 0x50, 0xa8, 0x8e, 0xe2, 0xa2, 0x88, 0xfe, 0xe9, 0xe5,
    0xe5, 0xb9, 0x84, 0x82, 0x8d, 0x14, 0x36, 0xfd, 0xfd, 0xfd, 0xfd, 0xfd,
    0xfd, 0xe0, 0xfe, 0xaf, 0xa0, 0xa2, 0x17, 0xc0, 0xfe, 0x93, 0x7f, 0x81,
    0x36, 0xfd, 0xfd, 0xc3, 0xb5, 0x85, 0xfe, 0xfc, 0xfb, 0xfb, 0x17, 0xfe,
    0xc3, 0xb8, 0xb9, 0x36, 0xfd, 0xfd, 0xfd, 0xfd, 0xfd, 0xfd, 0xe1, 0xfe,
    0xd3, 0xcb, 0xcc, 0x17, 0x96, 0x8a, 0xfe, 0x78, 0x5f, 0x62, 0x36, 0xf0,
    0x9c, 0x85, 0x11, 0xc0, 0xff, 0x33, 0x33, 0x37, 0x3e, 0xff, 0x34, 0x34,
    0x34, 0x1e, 0xff, 0x35, 0x34, 0x37, 0xff, 0xc0, 0xfe, 0x62, 0x4d, 0x50,
    0xa8, 0x8e, 0xe3, 0xfe, 0x9d, 0x8b, 0x8d, 0xfe, 0xfe, 0xfe, 0xfe, 0xc0,
    0xfe, 0xb3, 0xa5, 0xa6, 0x36, 0xfd, 0xfd, 0xfd, 0xfd, 0xfd, 0xfd, 0xdf,
    0xb6, 0x85, 0xfe, 0xf7, 0xf6, 0xf6, 0x17, 0xfe, 0xd5, 0xcd, 0xcd, 0x36,
    0xfd, 0xfd, 0xc5, 0xfe, 0xc1, 0xb5, 0xb7, 0x17, 0x55, 0xfe, 0x91, 0x7c,
    0x7e, 0x36, 0xfd, 0xfd, 0xfd, 0xfd, 0xfd, 0xfd, 0xdf, 0xfe, 0x9f, 0x8d,
    0x8f, 0x17, 0xc0, 0xfe, 0xb1, 0xa3, 0xa4, 0x36, 0xf1, 0x9c, 0x85, 0x11,
    0xc0, 0xff, 0x33, 0x33, 0x37, 0x3e, 0xff, 0x34, 0x34, 0x34, 0x1e, 0xff,
    0x35, 0x34, 0x37, 0xff, 0xc0, 0xfe, 0x62, 0x4d, 0x50, 0xa8, 0x8e, 0xe4,
    0xfe, 0xd5, 0xcd, 0xcd, 0xfe, 0xfe, 0xfe, 0xfe, 0x9d, 0x89, 0xfe, 0x91,
    0x7c, 0x7e, 0x36, 0xfd, 0xfd, 0xfd, 0xfd, 0xfd, 0xfd, 0xdd, 0xa4, 0x88,
    0xfe, 0xe1, 0xdb, 0xdc, 0x17, 0x9a, 0x89, 0xfe, 0x83, 0x6b, 0x6e, 0x36,
    0xfd, 0xfd, 0xc5, 0xaa, 0x86, 0xfe, 0xf0, 0xed, 0xee, 0x17, 0x8d, 0x8b,
    0xfe, 0x7b, 0x62, 0x65, 0x36, 0xfd, 0xfd, 0xfd, 0xfd, 0xfd, 0xfd, 0xdd,
    0xb7, 0x85, 0xfe, 0xf6, 0xf4, 0xf4, 0x17, 0x83, 0x8c, 0xfe, 0x73, 0x58,
    0x5b, 0x36, 0xf1, 0x9c, 0x85, 0x11, 0xc0, 0xff, 0x33, 0x33, 0x37, 0x3e,
    0xff, 0x34, 0x34, 0x34, 0x1e, 0xff, 0x35, 0x34, 0x37, 0xff, 0xc0, 0xfe,
    0x62, 0x4d, 0x50, 0xa8, 0x8e, 0xe4, 0xaf, 0x86, 0xfe, 0xf1, 0xee, 0xee,
    0xb0, 0x85, 0x93, 0x8a, 0xfe, 0x87, 0x70, 0x73, 0x36, 0xfd, 0xfd, 0xfd,
    0xfd, 0xfd, 0xfd, 0xdb, 0xa2, 0x88, 0xfe, 0xd0, 0xc7, 0xc8, 0x17, 0xc0,
    0xfe, 0xa6, 0x95, 0x97, 0x36, 0xfd, 0xfd, 0xc7, 0xfe, 0x94, 0x80, 0x82,
    0xfe, 0xfd, 0xfd, 0xfd, 0x17, 0xfe, 0xe0, 0xda, 0xdb, 0xfe, 0x77, 0x5d,
    0x60, 0x36, 0xfd, 0xfd, 0xfd, 0xfd, 0xfd, 0xfd, 0xdb, 0xae, 0x86, 0xfe,
    0xea, 0xe6, 0xe6, 0x17, 0x9a, 0x89, 0xfe, 0x88, 0x71, 0x74, 0x36, 0xf2,
    0x9c, 0x85, 0x11, 0xc0, 0xff, 0x33, 0x33, 0x37, 0x3e, 0xff, 0x34, 0x34,
    0x34, 0x1e, 0xff, 0x35, 0x34, 0x37, 0xff, 0xc0, 0xfe, 0x62, 0x4d, 0x50,
    0xa8, 0x8e, 0xe5, 0xfe, 0x91, 0x7c, 0x7e, 0xfe, 0xf9, 0xf9, 0xf9, 0xa5,
    0x88, 0x90, 0x8b, 0xfe, 0x8a, 0x74, 0x77, 0x36, 0xfd, 0xfd, 0xfd, 0xfd,
    0xfd, 0xfd, 0xd9, 0xa4, 0x88, 0xfe, 0xd0, 0xc7, 0xc8, 0x17, 0xc0, 0xfe,
    0xc3, 0xb8, 0xb9, 0x36, 0xfd, 0xfd, 0xc9, 0xfe, 0xb0, 0xa1, 0xa2, 0x17,
    0xc0, 0xfe, 0xde, 0xd8, 0xd9, 0xfe, 0x7a, 0x61, 0x64, 0x36, 0xfd, 0xfd,
    0xfd, 0xfd, 0xfd, 0xfd, 0xd9, 0xb3, 0x85, 0xfe, 0xe7, 0xe3, 0xe3, 0x17,
    0x55, 0xfe, 0xa1, 0x8f, 0x91, 0x36, 0xf3, 0x9c, 0x85, 0x11, 0xc0, 0xff,
    0x33, 0x33, 0x37, 0x3e, 0xff, 0x34, 0x34, 0x34, 0x1e, 0xff, 0x35, 0x34,
    0x37, 0xff, 0xc0, 0xfe, 0x62, 0x4d, 0x50, 0xa8, 0x8e, 0xe6, 0xfe, 0x9b,
    0x88, 0x8a, 0xfe, 0xfb, 0xfb, 0xfb, 0xa3, 0x88, 0x97, 0x8a, 0xfe, 0x9f,
    0x8d, 0x8f, 0x36, 0xfd, 0xfd, 0xfd, 0xfd, 0xfd, 0xfd, 0xd7, 0xb2, 0x86,
    0xfe, 0xde, 0xd7, 0xd8, 0x17, 0xc0, 0xfe, 0xcd, 0xc4, 0xc5, 0xfe, 0x71,
    0x56, 0x59, 0x55, 0xfd, 0xfd, 0xca, 0xfe, 0xbb, 0xaf, 0xb0, 0x17, 0xc0,
    0x87, 0x8c, 0xfe, 0x89, 0x73, 0x75, 0x36, 0xfd, 0xfd, 0xfd, 0xfd, 0xfd,
    0xfd, 0xd7, 0xfe, 0x91, 0x7d, 0x7f, 0xfe, 0xef, 0xed, 0xed, 0x17, 0xc0,
    0xfe, 0xac, 0x9c, 0x9e, 0x36, 0xf4, 0x9c, 0x85, 0x11, 0xc0, 0xff, 0x33,
    0x33, 0x37, 0x3e, 0xff, 0x34, 0x34, 0x34, 0x1e, 0xff, 0x35, 0x34, 0x37,
    0xff, 0xc0, 0xfe, 0x62, 0x4d, 0x50, 0xa8, 0x8e, 0xe7, 0xfe, 0x97, 0x83,
    0x85, 0xfe, 0xf8, 0xf7, 0xf7, 0xa7, 0x87, 0xc0, 0xfe, 0xca, 0xc0, 0xc1,
    0xfe, 0x7d, 0x64, 0x67, 0x36, 0xfd, 0xfd, 0xfd, 0xfd, 0xfd, 0xfd, 0xd3,
    0x7f, 0xfe, 0xa9, 0x99, 0x9b, 0xfe, 0xf4, 0xf3, 0xf3, 0x17, 0xc0, 0xfe,
    0xc5, 0xbb, 0xbc, 0xfe, 0x72, 0x57, 0x5a, 0x36, 0xfd, 0xfd, 0xcc, 0xfe,
    0xb4, 0xa6, 0xa8, 0xfe, 0xfe, 0xfe, 0xfe, 0xc0, 0x9b, 0x88, 0xfe, 0xb4,
    0xa6, 0xa8, 0xfe, 0x73, 0x59, 0x5c, 0x36, 0xfd, 0xfd, 0xfd, 0xfd, 0xfd,
    0xfd, 0xd3, 0xa8, 0x87, 0xfe, 0xbe, 0xb1, 0xb3, 0xfe, 0xfc, 0xfc, 0xfc,
    0xa2, 0x88, 0x39, 0xfe, 0xa6, 0x95, 0x97, 0x36, 0xf5, 0x9c, 0x85, 0x11,
    0xc0, 0xff, 0x33, 0x33, 0x37, 0x3e, 0xff, 0x34, 0x34, 0x34, 0x1e, 0xff,
    0x35, 0x34, 0x37, 0xff, 0xc0, 0xfe, 0x62, 0x4d, 0x50, 0xa8, 0x8e, 0xe8,
    0xbc, 0x84, 0xfe, 0xe6, 0xe2, 0xe2, 0xbc, 0x84, 0xc0, 0x98, 0x89, 0xfe,
    0xbd, 0xb0, 0xb1, 0xfe, 0x80, 0x68, 0x6b, 0x36, 0xfd, 0xfd, 0xfd, 0xfd,
    0xfd, 0xfd, 0xcf, 0xa4, 0x88, 0xfe, 0xa3, 0x91, 0x93, 0xfe, 0xe6, 0xe1,
    0xe2, 0x17, 0xc0, 0x9b, 0x89, 0xfe, 0xab, 0x9b, 0x9d, 0x36, 0xfd, 0xfd,
    0xcf, 0xfe, 0x9d, 0x8b, 0x8d, 0xfe, 0xf5, 0xf3, 0xf3, 0x17, 0xc0, 0x8c,
    0x8b, 0xfe, 0xac, 0x9c, 0x9e, 0xfe, 0x77, 0x5d, 0x60, 0x36, 0xfd, 0xfd,
    0xfd, 0xfd, 0xfd, 0xfd, 0xcf, 0xac, 0x87, 0xfe, 0xb4, 0xa5, 0xa7, 0xfe,
    0xf2, 0xf0, 0xf0, 0x17, 0xc0, 0x8e, 0x8b, 0xfe, 0x92, 0x7d, 0x80, 0x36,
    0xf6, 0x9c, 0x85, 0x11, 0xc0, 0xff, 0x33, 0x33, 0x37, 0x3e, 0xff, 0x34,
    0x34, 0x34, 0x1e, 0xff, 0x35, 0x34, 0x37, 0xff, 0xc0, 0xfe, 0x62, 0x4d,
    0x50, 0xa8, 0x8e, 0xe9, 0xa6, 0x87, 0xfe, 0xba, 0xad, 0xaf, 0xfe, 0xfb,
    0xfb, 0xfb, 0xa3, 0x88, 0xc0, 0x55, 0xfe, 0xd9, 0xd2, 0xd3, 0xfe, 0xb0,
    0xa1, 0xa2, 0xfe, 0x8e, 0x78, 0x7a, 0x85, 0x9c, 0x36, 0xfd, 0xfd, 0xfd,
    0xfd, 0xfd, 0xfd, 0xc7, 0xa2, 0x88, 0xb6, 0x74, 0xfe, 0xa2, 0x90, 0x92,
    0xfe, 0xc8, 0xbd, 0xbe, 0xfe, 0xf5, 0xf3, 0xf3, 0x17, 0xc1, 0xfe, 0xdb,
    0xd5, 0xd5, 0xfe, 0x88, 0x71, 0x74, 0x36, 0xfd, 0xfd, 0xd1, 0xb2, 0x86,
    0xfe, 0xd1, 0xc8, 0xc9, 0x17, 0xc1, 0x9a, 0x89, 0xfe, 0xce, 0xc5, 0xc6,
    0xfe, 0xa7, 0x96, 0x98, 0xfe, 0x87, 0x70, 0x73, 0x89, 0x8b, 0x9c, 0x89,
    0xfd, 0xfd, 0xfd, 0xfd, 0xfd, 0xfd, 0xc7, 0x09, 0xb9, 0x84, 0xfe, 0xab,
    0x9b, 0x9d, 0xfe, 0xd2, 0xca, 0xcb, 0x2a, 0x17, 0xc0, 0x08, 0xfe, 0xc5,
    0xbb, 0xbc, 0xfe, 0x7a, 0x61, 0x64, 0x36, 0xf7, 0x9c, 0x85, 0x11, 0xc0,
    0xff, 0x33, 0x33, 0x37, 0x3e, 0xff, 0x34, 0x34, 0x34, 0x1e, 0xff, 0x35,
    0x34, 0x37, 0xff, 0xc0, 0xfe, 0x62, 0x4d, 0x50, 0xa8, 0x8e, 0xeb, 0xb6,
    0x85, 0xfe, 0xc5, 0xbb, 0xbc, 0xfe, 0xfb, 0xfb, 0xfb, 0xa3, 0x88, 0xc3,
    0x95, 0x8a, 0x98, 0x89, 0x9c, 0x88, 0xfd, 0xfd, 0xfd, 0xfd, 0xfd, 0xfd,
    0xc3, 0x7f, 0xa8, 0x87, 0x2a, 0x17, 0xc3, 0xfe, 0xe1, 0xdb, 0xdc, 0xfe,
    0x9c, 0x89, 0x8b, 0x36, 0xfd, 0xfd, 0xd5, 0xfe, 0x93, 0x7e, 0x80, 0xfe,
    0xd8, 0xd1, 0xd1, 0x17, 0xc3, 0x55, 0x94, 0x8a, 0x98, 0x89, 0x40, 0xfd,
    0xfd, 0xfd, 0xfd, 0xfd, 0xfd, 0xc3, 0xa3, 0x88, 0xa9, 0x86, 0x08, 0x17,
    0xc2, 0x08, 0xfe, 0xd1, 0xc8, 0xc9, 0xfe, 0x8b, 0x75, 0x78, 0x36, 0xf9,
    0x9c, 0x85, 0x11, 0xc0, 0xff, 0x33, 0x33, 0x37, 0x3e, 0xff, 0x34, 0x34,
    0x34, 0x1e, 0xff, 0x35, 0x34, 0x37, 0xff, 0xc0, 0xfe, 0x62, 0x4d, 0x50,
    0xa8, 0x8e, 0xed, 0xad, 0x86, 0xfe, 0xac, 0x9d, 0x9e, 0xfe, 0xd8, 0xd1,
    0xd2, 0xfe, 0xf9, 0xf8, 0xf8, 0xa6, 0x87, 0xfd, 0xfd, 0xfd, 0xfd, 0xfd,
    0xfd, 0xcc, 0x85, 0x8c, 0xfe, 0xc0, 0xb4, 0xb5, 0xfe, 0x8d, 0x77, 0x7a,
    0x36, 0xfd, 0xfd, 0xd9, 0xb9, 0x84, 0xfe, 0xb9, 0xab, 0xad, 0xfe, 0xe1,
    0xdc, 0xdd, 0xfe, 0xfd, 0xfd, 0xfd, 0x17, 0xfd, 0xfd, 0xfd, 0xfd, 0xfd,
    0xfd, 0xcb, 0x9d, 0x88, 0xfe, 0xdd, 0xd7, 0xd7, 0xfe, 0xb4, 0xa5, 0xa7,
    0xfe, 0x81, 0x69, 0x6b, 0x36, 0xfb, 0x9c, 0x85, 0xfe, 0x35, 0x34, 0x37,
    0xc0, 0xff, 0x33, 0x33, 0x37, 0x3e, 0xff, 0x34, 0x34, 0x34, 0x1e, 0xff,
    0x35, 0x34, 0x37, 0xff, 0xc0, 0xfe, 0x62, 0x4d, 0x50, 0xa8, 0x8e, 0xf0,
    0xa4, 0x88, 0xbc, 0x73, 0xba, 0x84, 0xaf, 0x85, 0xa8, 0x87, 0xa4, 0x77,
    0xfd, 0xfd, 0xfd, 0xfd, 0xfd, 0xfd, 0xc3, 0x51, 0x9a, 0x89, 0x96, 0x89,
    0x87, 0x9d, 0x84, 0x8c, 0x36, 0xfd, 0xfd, 0xdf, 0xaa, 0x86, 0xbc, 0x84,
    0xba, 0x74, 0xac, 0x76, 0x35, 0x09, 0xfd, 0xfd, 0xfd, 0xfd, 0xfd, 0xfd,
    0xc3, 0x9d, 0x99, 0x10, 0x91, 0x9a, 0x85, 0x9d, 0x85, 0x8c, 0x36, 0xfd,
    0xc0, 0x9c, 0x85, 0xfe, 0x35, 0x34, 0x37, 0xc0, 0xff, 0x33, 0x33, 0x37,
    0x3e, 0xff, 0x34, 0x34, 0x34, 0x1e, 0xff, 0x35, 0x34, 0x37, 0xff, 0xc0,
    0xfe, 0x62, 0x4d, 0x50, 0xa8, 0x8e, 0xfd, 0xfd, 0xfd, 0xfd, 0xfd, 0xfd,
    0xfd, 0xfd, 0xfd, 0xfd, 0xfd, 0xfd, 0xfd, 0xfd, 0xfd, 0xfd, 0xf3, 0x9c,
    0x85, 0x11, 0xc0, 0xff, 0x33, 0x33, 0x37, 0x3e, 0xff, 0x34, 0x34, 0x34,
    0x1e, 0xff, 0x35, 0x34, 0x37, 0xff, 0xc0, 0xfe, 0x62, 0x4d, 0x50, 0xa8,
    0x8e, 0xfd, 0xfd, 0xfd, 0xfd, 0xfd, 0xfd, 0xfd, 0xfd, 0xfd, 0xfd, 0xfd,
    0xfd, 0xfd, 0xfd, 0xfd, 0xfd, 0xf3, 0x9c, 0x85, 0x11, 0xc0, 0xff, 0x33,
    0x33, 0x37, 0x3e, 0xff, 0x34, 0x34, 0x34, 0x1e, 0xff, 0x35, 0x34, 0x37,
    0xff, 0xc0, 0xfe, 0x62, 0x4d, 0x50, 0xa8, 0x8e, 0xfd, 0xfd, 0xfd, 0xfd,
    0xfd, 0xfd, 0xfd, 0xfd, 0xfd, 0xfd, 0xfd, 0xfd, 0xfd, 0xfd, 0xfd, 0xfd,
    0xf3, 0x9c, 0x85, 0x11, 0xc0, 0xff, 0x33, 0x33, 0x37, 0x3e, 0xff, 0x34,
    0x34, 0x34, 0x1e, 0xff, 0x35, 0x34, 0x37, 0xff, 0xc0, 0xfe, 0x62, 0x4d,
    0x50, 0xa8, 0x8e, 0xfd, 0xfd, 0xfd, 0xfd, 0xfd, 0xfd, 0xfd, 0xfd, 0xfd,
    0xfd, 0xfd, 0xfd, 0xfd, 0xfd, 0xfd, 0xfd, 0xf3, 0x9c, 0x85, 0x11, 0xc0,
    0xff, 0x33, 0x33, 0x37, 0x3e, 0xff, 0x34, 0x34, 0x34, 0x1e, 0xff, 0x35,
    0x34, 0x37, 0xff, 0xc0, 0xfe, 0x62, 0x4d, 0x50, 0xa8, 0x8e, 0xfd, 0xfd,
    0xfd, 0xfd, 0xfd, 0xfd, 0xfd, 0xfd, 0xfd, 0xfd, 0xfd, 0xfd, 0xfd, 0xfd,
    0xfd, 0xfd, 0xf3, 0x9c, 0x85, 0x11, 0xc0, 0xff, 0x33, 0x33, 0x37, 0x3e,
    0xff, 0x34, 0x34, 0x34, 0x1e, 0xff, 0x35, 0x34, 0x37, 0xff, 0xc0, 0xfe,
    0x62, 0x4d, 0x50, 0xa8, 0x8e, 0xfd, 0xfd, 0xfd, 0xfd, 0xfd, 0xfd, 0xfd,
    0xfd, 0xfd, 0xfd, 0xfd, 0xfd, 0xfd, 0xfd, 0xfd, 0xfd, 0xf3, 0x9c, 0x85,
    0x11, 0xc0, 0xff, 0x33, 0x33, 0x37, 0x3e, 0xff, 0x34, 0x34, 0x34, 0x1e,
    0xff, 0x35, 0x34, 0x37, 0xff, 0xc0, 0xfe, 0x62, 0x4d, 0x50, 0xa8, 0x8e,
    0xfd, 0xfd, 0xfd, 0xfd, 0xfd, 0xfd, 0xfd, 0xfd, 0xfd, 0xfd, 0xfd, 0xfd,
    0xfd, 0xfd, 0xfd, 0xfd, 0xf3, 0x9c, 0x85, 0x11, 0xc0, 0xff, 0x33, 0x33,
    0x37, 0x3e, 0xff, 0x34, 0x34, 0x34, 0x1e, 0xff, 0x35, 0x34, 0x37, 0xff,
    0xc0, 0xfe, 0x62, 0x4d, 0x50, 0xa8, 0x8e, 0xfd, 0xfd, 0xfd, 0xfd, 0xfd,
    0xfd, 0xfd, 0xfd, 0xfd, 0xfd, 0xfd, 0xfd, 0xfd, 0xfd, 0xfd, 0xfd, 0xf3,
    0x9c, 0x85, 0x11, 0xc0, 0xff, 0x33, 0x33, 0x37, 0x3e, 0xff, 0x34, 0x34,
    0x34, 0x1e, 0xff, 0x35, 0x34, 0x37, 0xff, 0xc0, 0xfe, 0x62, 0x4d, 0x50,
    0xa8, 0x8e, 0xfd, 0xfd, 0xfd, 0xfd, 0xfd, 0xfd, 0xfd, 0xfd, 0xfd, 0xfd,
    0xfd, 0xfd, 0xfd, 0xfd, 0xfd, 0xfd, 0xf3, 0x9c, 0x85, 0x11, 0xc0, 0xff,
    0x33, 0x33, 0x37, 0x3e, 0xff, 0x34, 0x34, 0x34, 0x1e, 0xff, 0x35, 0x34,
    0x37, 0xff, 0xc0, 0xfe, 0x62, 0x4d, 0x50, 0xa8, 0x8e, 0xfd, 0xfd, 0xfd,
    0xfd, 0xfd, 0xfd, 0xfd, 0xfd, 0xfd, 0xfd, 0xfd, 0xfd, 0xfd, 0xfd, 0xfd,
    0xfd, 0xf3, 0x9c, 0x85, 0x11, 0xc0, 0xff, 0x33, 0x33, 0x37, 0x3e, 0xff,
    0x34, 0x34, 0x34, 0x1e, 0xff, 0x35, 0x34, 0x37, 0xff, 0xc0, 0xfe, 0x62,
    0x4d, 0x50, 0xa8, 0x8e, 0xfd, 0xfd, 0xfd, 0xfd, 0xfd, 0xfd, 0xfd, 0xfd,
    0xfd, 0xfd, 0xfd, 0xfd, 0xfd, 0xfd, 0xfd, 0xfd, 0xf3, 0x9c, 0x85, 0x11,
    0xc0, 0xff, 0x33, 0x33, 0x37, 0x3e, 0xff, 0x34, 0x34, 0x34, 0x1e, 0xff,
    0x35, 0x34, 0x37, 0xff, 0xc0, 0xfe, 0x62, 0x4d, 0x50, 0xa8, 0x8e, 0xfd,
    0xfd, 0xfd, 0xfd, 0xfd, 0xfd, 0xfd, 0xfd, 0xfd, 0xfd, 0xfd, 0xfd, 0xfd,
    0xfd, 0xfd, 0xfd, 0xf3, 0x9c, 0x85, 0x11, 0xc0, 0xff, 0x33, 0x33, 0x37,
    0x3e, 0xff, 0x34, 0x34, 0x34, 0x1e, 0xff, 0x35, 0x34, 0x37, 0xff, 0xc0,
    0xfe, 0x62, 0x4d, 0x50, 0xa8, 0x8e, 0xfd, 0xfd, 0xfd, 0xfd, 0xfd, 0xfd,
    0xfd, 0xfd, 0xfd, 0xfd, 0xfd, 0xfd, 0xfd, 0xfd, 0xfd, 0xfd, 0xf3, 0x9c,
    0x85, 0x11, 0xc0, 0xff, 0x33, 0x33, 0x37, 0x3e, 0xff, 0x34, 0x34, 0x34,
    0x1e, 0xff, 0x35, 0x34, 0x37, 0xff, 0xc0, 0xfe, 0x62, 0x4d, 0x50, 0xa8,
    0x8e, 0xfd, 0xfd, 0xfd, 0xfd, 0xfd, 0xfd, 0xfd, 0xfd, 0xfd, 0xfd, 0xfd,
    0xfd, 0xfd, 0xfd, 0xfd, 0xfd, 0xf3, 0x9c, 0x85, 0x11, 0xc0, 0xff, 0x33,
    0x33, 0x37, 0x3e, 0xff, 0x34, 0x34, 0x34, 0x1e, 0xff, 0x35, 0x34, 0x37,
    0xff, 0xc0, 0xfe, 0x62, 0x4d, 0x50, 0xa8, 0x8e, 0xfd, 0xfd, 0xfd, 0xfd,
    0xfd, 0xfd, 0xfd, 0xfd, 0xfd, 0xfd, 0xfd, 0xfd, 0xfd, 0xfd, 0xfd, 0xfd,
    0xf3, 0x9c, 0x85, 0x11, 0xc0, 0xff, 0x33, 0x33, 0x37, 0x3e, 0xff, 0x34,
    0x34, 0x34, 0x1e, 0xff, 0x35, 0x34, 0x37, 0xff, 0xc0, 0xfe, 0x62, 0x4d,
    0x50, 0xa8, 0x8e, 0xfd, 0xfd, 0xfd, 0xfd, 0xfd, 0xfd, 0xfd, 0xfd, 0xfd,
    0xfd, 0xfd, 0xfd, 0xfd, 0xfd, 0xfd, 0xfd, 0xf3, 0x9c, 0x85, 0x11, 0xc0,
    0xff, 0x33, 0x33, 0x37, 0x3e, 0xff, 0x34, 0x34, 0x34, 0x1e, 0xff, 0x35,
    0x34, 0x37, 0xff, 0xc0, 0xfe, 0x62, 0x4d, 0x50, 0xa8, 0x8e, 0xfd, 0xfd,
    0xfd, 0xfd, 0xfd, 0xfd, 0xfd, 0xfd, 0xfd, 0xfd, 0xfd, 0xfd, 0xfd, 0xfd,
    0xfd, 0xfd, 0xf3, 0x9c, 0x85, 0x11, 0xc0, 0xff, 0x33, 0x33, 0x37, 0x3e,
    0xff, 0x34, 0x34, 0x34, 0x1e, 0xff, 0x35, 0x34, 0x37, 0xff, 0xc0, 0xfe,
    0x62, 0x4d, 0x50, 0xa8, 0x8e, 0xfd, 0xfd, 0xfd, 0xfd, 0xfd, 0xfd, 0xfd,
    0xfd, 0xfd, 0xfd, 0xfd, 0xfd, 0xfd, 0xfd, 0xfd, 0xfd, 0xf3, 0x9c, 0x85,
    0x11, 0xc0, 0xff, 0x33, 0x33, 0x37, 0x3e, 0xff, 0x34, 0x34, 0x34, 0x1e,
    0xff, 0x35, 0x34, 0x37, 0xff, 0xc0, 0xfe, 0x62, 0x4d, 0x50, 0xa8, 0x8e,
    0xfd, 0xfd, 0xfd, 0xfd, 0xfd, 0xfd, 0xfd, 0xfd, 0xfd, 0xfd, 0xfd, 0xfd,
    0xfd, 0xfd, 0xfd, 0xfd, 0xf3, 0x9c, 0x85, 0x11, 0xc0, 0xff, 0x33, 0x33,
    0x37, 0x3e, 0xff, 0x34, 0x34, 0x34, 0x1e, 0xff, 0x35, 0x34, 0x37, 0xff,
    0xc0, 0xfe, 0x62, 0x4d, 0x50, 0xa8, 0x8e, 0xfd, 0xfd, 0xfd, 0xfd, 0xfd,
    0xfd, 0xfd, 0xfd, 0xfd, 0xfd, 0xfd, 0xfd, 0xfd, 0xfd, 0xfd, 0xfd, 0xf3,
    0x9c, 0x85, 0x11, 0xc0, 0xff, 0x33, 0x33, 0x37, 0x3e, 0xff, 0x34, 0x34,
    0x34, 0x1e, 0xff, 0x35, 0x34, 0x37, 0xff, 0xc0, 0xfe, 0x62, 0x4d, 0x50,
    0xa8, 0x8e, 0xfd, 0xfd, 0xfd, 0xfd, 0xfd, 0xfd, 0xfd, 0xfd, 0xfd, 0xfd,
    0xfd, 0xfd, 0xfd, 0xfd, 0xfd, 0xfd, 0xf3, 0x9c, 0x85, 0x11, 0xc0, 0xff,
    0x33, 0x33, 0x37, 0x3e, 0xff, 0x34, 0x34, 0x34, 0x1e, 0xff, 0x35, 0x34,
    0x37, 0xff, 0xc0, 0xfe, 0x62, 0x4d, 0x50, 0xa8, 0x8e, 0xfd, 0xfd, 0xfd,
    0xfd, 0xfd, 0xfd, 0xfd, 0xfd, 0xfd, 0xfd, 0xfd, 0xfd, 0xfd, 0xfd, 0xfd,
    0xfd, 0xf3, 0x9c, 0x85, 0x11, 0xc0, 0xff, 0x33, 0x33, 0x37, 0x3e, 0xff,
    0x34, 0x34, 0x34, 0x1e, 0xff, 0x35, 0x34, 0x37, 0xff, 0xc0, 0xfe, 0x62,
    0x4d, 0x50, 0xa8, 0x8e, 0xfd, 0xfd, 0xfd, 0xfd, 0xfd, 0xfd, 0xfd, 0xfd,
    0xfd, 0xfd, 0xfd, 0xfd, 0xfd, 0xfd, 0xfd, 0xfd, 0xf3, 0x9c, 0x85, 0x11,
    0xc0, 0xff, 0x33, 0x33, 0x37, 0x3e, 0xff, 0x34, 0x34, 0x34, 0x1e, 0xff,
    0x35, 0x34, 0x37, 0xff, 0xc0, 0xfe, 0x62, 0x4d, 0x50, 0xa8, 0x8e, 0xfd,
    0xfd, 0xfd, 0xfd, 0xfd, 0xfd, 0xfd, 0xfd, 0xfd, 0xfd, 0xfd, 0xfd, 0xfd,
    0xfd, 0xfd, 0xfd, 0xf3, 0x9c, 0x85, 0x11, 0xc0, 0xff, 0x33, 0x33, 0x37,
    0x3e, 0xff, 0x34, 0x34, 0x34, 0x1e, 0xff, 0x35, 0x34, 0x37, 0xff, 0xc0,
    0xfe, 0x62, 0x4d, 0x50, 0xa8, 0x8e, 0xfd, 0xfd, 0xfd, 0xfd, 0xfd, 0xfd,
    0xfd, 0xfd, 0xfd, 0xfd, 0xfd, 0xfd, 0xfd, 0xfd, 0xfd, 0xfd, 0xf3, 0x9c,
    0x85, 0x11, 0xc0, 0xff, 0x33, 0x33, 0x37, 0x3e, 0xff, 0x34, 0x34, 0x34,
    0x1e, 0xff, 0x35, 0x34, 0x37, 0xff, 0xc0, 0xfe, 0x62, 0x4d, 0x50, 0xa8,
    0x8e, 0xfd, 0xfd, 0xfd, 0xfd, 0xfd, 0xfd, 0xfd, 0xfd, 0xfd, 0xfd, 0xfd,
    0xfd, 0xfd, 0xfd, 0xfd, 0xfd, 0xf3, 0x9c, 0x85, 0x11, 0xc0, 0xff, 0x33,
    0x33, 0x37, 0x3e, 0xff, 0x34, 0x34, 0x34, 0x1e, 0xff, 0x35, 0x34, 0x37,
    0xff, 0xc0, 0xa6, 0x8e, 0xa3, 0x89, 0xfd, 0xfd, 0xfd, 0xfd, 0xfd, 0xfd,
    0xfd, 0xfd, 0xfd, 0xfd, 0xfd, 0xfd, 0xfd, 0xfd, 0xfd, 0xfd, 0xf3, 0x50,
    0x11, 0xc0, 0xff, 0x33, 0x33, 0x37, 0x3e, 0xff, 0x34, 0x34, 0x34, 0x1e,
    0xff, 0x35, 0x34, 0x37, 0xff, 0xfd, 0xfd, 0xfd, 0xfd, 0xfd, 0xfd, 0xfd,
    0xfd, 0xfd, 0xfd, 0xfd, 0xfd, 0xfd, 0xfd, 0xfd, 0xfd, 0xf9, 0xff, 0x33,
    0x33, 0x37, 0x3e, 0xff, 0x2a, 0x2a, 0x37, 0x13, 0xff, 0x35, 0x33, 0x36,
    0x9f, 0xfd, 0xfd, 0xfd, 0xfd, 0xfd, 0xfd, 0xfd, 0xfd, 0xfd, 0xfd, 0xfd,
    0xfd, 0xfd, 0xfd, 0xfd, 0xfd, 0xf9, 0xff, 0x2f, 0x2f, 0x36, 0x27
};
