// 4.26.0 0xfd1dc992 D2 AY R0 FARGB8888 U888 N0 SExtFlashSection
// Generated by imageconverter. Please, do not edit!

#include <touchgfx/hal/Config.hpp>

LOCATION_PRAGMA("ExtFlashSection")
KEEP extern const unsigned char image_butgreen1[] LOCATION_ATTRIBUTE("ExtFlashSection") = { // 67x69 ARGB8888 pixels.
    0xff, 0xff, 0xff, 0x00, 0xff, 0xff, 0xff, 0x00, 0xff, 0xff, 0xff, 0x00,
    0xff, 0xff, 0xff, 0x00, 0xff, 0xff, 0xff, 0x00, 0xff, 0xff, 0xff, 0x00,
    0xff, 0xff, 0xff, 0x00, 0xff, 0xff, 0xff, 0x00, 0xff, 0xff, 0xff, 0x00,
    0xff, 0xff, 0xff, 0x00, 0xff, 0xff, 0xff, 0x00, 0xff, 0xff, 0xff, 0x00,
    0xff, 0xff, 0xff, 0x00, 0x01, 0x01, 0x00, 0x01, 0x53, 0xa4, 0x00, 0x19,
    0x58, 0xa3, 0x00, 0x2c, 0x59, 0xa8, 0x00, 0x37, 0x58, 0xa5, 0x00, 0x38,
    0x58, 0xa5, 0x00, 0x38, 0x58, 0xa5, 0x00, 0x38, 0x58, 0xa5, 0x00, 0x38,
    0x58, 0xa5, 0x00, 0x38, 0x58, 0xa5, 0x00, 0x38, 0x58, 0xa5, 0x00, 0x38,
    0x58, 0xa5, 0x00, 0x38, 0x58, 0xa5, 0x00, 0x38, 0x58, 0xa5, 0x00, 0x38,
    0x58, 0xa5, 0x00, 0x38, 0x58, 0xa5, 0x00, 0x38, 0x58, 0xa5, 0x00, 0x38,
    0x58, 0xa5, 0x00, 0x38, 0x58, 0xa5, 0x00, 0x38, 0x58, 0xa5, 0x00, 0x38,
    0x58, 0xa5, 0x00, 0x38, 0x58, 0xa5, 0x00, 0x38, 0x58, 0xa5, 0x00, 0x38,
    0x58, 0xa5, 0x00, 0x38, 0x58, 0xa5, 0x00, 0x38, 0x58, 0xa5, 0x00, 0x38,
    0x58, 0xa5, 0x00, 0x38, 0x58, 0xa5, 0x00, 0x38, 0x58, 0xa5, 0x00, 0x38,
    0x58, 0xa5, 0x00, 0x38, 0x58, 0xa5, 0x00, 0x38, 0x58, 0xa5, 0x00, 0x38,
    0x58, 0xa5, 0x00, 0x38, 0x58, 0xa5, 0x00, 0x38, 0x58, 0xa5, 0x00, 0x38,
    0x58, 0xa5, 0x00, 0x38, 0x58, 0xa5, 0x00, 0x38, 0x59, 0xa8, 0x00, 0x37,
    0x58, 0xa3, 0x00, 0x2c, 0x52, 0xa3, 0x00, 0x16, 0xff, 0xff, 0xff, 0x00,
    0xff, 0xff, 0xff, 0x00, 0xff, 0xff, 0xff, 0x00, 0xff, 0xff, 0xff, 0x00,
    0xff, 0xff, 0xff, 0x00, 0xff, 0xff, 0xff, 0x00, 0xff, 0xff, 0xff, 0x00,
    0xff, 0xff, 0xff, 0x00, 0xff, 0xff, 0xff, 0x00, 0xff, 0xff, 0xff, 0x00,
    0xff, 0xff, 0xff, 0x00, 0xff, 0xff, 0xff, 0x00, 0xff, 0xff, 0xff, 0x00,
    0xff, 0xff, 0xff, 0x00, 0xff, 0xff, 0xff, 0x00, 0xff, 0xff, 0xff, 0x00,
    0xff, 0xff, 0xff, 0x00, 0xff, 0xff, 0xff, 0x00, 0xff, 0xff, 0xff, 0x00,
    0xff, 0xff, 0xff, 0x00, 0xff, 0xff, 0xff, 0x00, 0xff, 0xff, 0xff, 0x00,
    0xff, 0xff, 0xff, 0x00, 0xff, 0xff, 0xff, 0x00, 0x56, 0xa2, 0x00, 0x1e,
    0x58, 0xa7, 0x00, 0x79, 0x59, 0xa8, 0x00, 0xbf, 0x59, 0xa8, 0x00, 0xf3,
    0x59, 0xa8, 0x00, 0xff, 0x59, 0xa8, 0x00, 0xff, 0x59, 0xa8, 0x00, 0xff,
    0x59, 0xa8, 0x00, 0xff, 0x59, 0xa8, 0x00, 0xff, 0x59, 0xa8, 0x00, 0xff,
    0x59, 0xa8, 0x00, 0xff, 0x59, 0xa8, 0x00, 0xff, 0x59, 0xa8, 0x00, 0xff,
    0x59, 0xa8, 0x00, 0xff, 0x59, 0xa8, 0x00, 0xff, 0x59, 0xa8, 0x00, 0xff,
    0x59, 0xa8, 0x00, 0xff, 0x59, 0xa8, 0x00, 0xff, 0x59, 0xa8, 0x00, 0xff,
    0x59, 0xa8, 0x00, 0xff, 0x59, 0xa8, 0x00, 0xff, 0x59, 0xa8, 0x00, 0xff,
    0x59, 0xa8, 0x00, 0xff, 0x59, 0xa8, 0x00, 0xff, 0x59, 0xa8, 0x00, 0xff,
    0x59, 0xa8, 0x00, 0xff, 0x59, 0xa8, 0x00, 0xff, 0x59, 0xa8, 0x00, 0xff,
    0x59, 0xa8, 0x00, 0xff, 0x59, 0xa8, 0x00, 0xff, 0x59, 0xa8, 0x00, 0xff,
    0x59, 0xa8, 0x00, 0xff, 0x59, 0xa8, 0x00, 0xff, 0x59, 0xa8, 0x00, 0xff,
    0x59, 0xa8, 0x00, 0xff, 0x59, 0xa8, 0x00, 0xff, 0x59, 0xa8, 0x00, 0xff,
    0x59, 0xa8, 0x00, 0xff, 0x59, 0xa8, 0x00, 0xff, 0x59, 0xa8, 0x00, 0xff,
    0x59, 0xa8, 0x00, 0xff, 0x59, 0xa8, 0x00, 0xff, 0x59, 0xa8, 0x00, 0xff,
    0x59, 0xa8, 0x00, 0xef, 0x59, 0xa8, 0x00, 0xb7, 0x58, 0xa6, 0x00, 0x6f,
    0x52, 0xa3, 0x00, 0x16, 0xff, 0xff, 0xff, 0x00, 0xff, 0xff, 0xff, 0x00,
    0xff, 0xff, 0xff, 0x00, 0xff, 0xff, 0xff, 0x00, 0xff, 0xff, 0xff, 0x00,
    0xff, 0xff, 0xff, 0x00, 0xff, 0xff, 0xff, 0x00, 0xff, 0xff, 0xff, 0x00,
    0xff, 0xff, 0xff, 0x00, 0xff, 0xff, 0xff, 0x00, 0xff, 0xff, 0xff, 0x00,
    0xff, 0xff, 0xff, 0x00, 0xff, 0xff, 0xff, 0x00, 0xff, 0xff, 0xff, 0x00,
    0xff, 0xff, 0xff, 0x00, 0xff, 0xff, 0xff, 0x00, 0xff, 0xff, 0xff, 0x00,
    0xff, 0xff, 0xff, 0x00, 0x54, 0xa7, 0x00, 0x2e, 0x58, 0xa7, 0x00, 0xad,
    0x59, 0xa8, 0x00, 0xfd, 0x59, 0xa8, 0x00, 0xff, 0x59, 0xa8, 0x00, 0xff,
    0x59, 0xa8, 0x00, 0xff, 0x59, 0xa8, 0x00, 0xff, 0x59, 0xa8, 0x00, 0xff,
    0x59, 0xa8, 0x00, 0xff, 0x59, 0xa8, 0x00, 0xff, 0x59, 0xa8, 0x00, 0xff,
    0x59, 0xa8, 0x00, 0xff, 0x59, 0xa8, 0x00, 0xff, 0x59, 0xa8, 0x00, 0xff,
    0x59, 0xa8, 0x00, 0xff, 0x59, 0xa8, 0x00, 0xff, 0x59, 0xa8, 0x00, 0xff,
    0x59, 0xa8, 0x00, 0xff, 0x59, 0xa8, 0x00, 0xff, 0x59, 0xa8, 0x00, 0xff,
    0x59, 0xa8, 0x00, 0xff, 0x59, 0xa8, 0x00, 0xff, 0x59, 0xa8, 0x00, 0xff,
    0x59, 0xa8, 0x00, 0xff, 0x59, 0xa8, 0x00, 0xff, 0x59, 0xa8, 0x00, 0xff,
    0x59, 0xa8, 0x00, 0xff, 0x59, 0xa8, 0x00, 0xff, 0x59, 0xa8, 0x00, 0xff,
    0x59, 0xa8, 0x00, 0xff, 0x59, 0xa8, 0x00, 0xff, 0x59, 0xa8, 0x00, 0xff,
    0x59, 0xa8, 0x00, 0xff, 0x59, 0xa8, 0x00, 0xff, 0x59, 0xa8, 0x00, 0xff,
    0x59, 0xa8, 0x00, 0xff, 0x59, 0xa8, 0x00, 0xff, 0x59, 0xa8, 0x00, 0xff,
    0x59, 0xa8, 0x00, 0xff, 0x59, 0xa8, 0x00, 0xff, 0x59, 0xa8, 0x00, 0xff,
    0x59, 0xa8, 0x00, 0xff, 0x59, 0xa8, 0x00, 0xff, 0x59, 0xa8, 0x00, 0xff,
    0x59, 0xa8, 0x00, 0xff, 0x59, 0xa8, 0x00, 0xff, 0x59, 0xa8, 0x00, 0xff,
    0x59, 0xa8, 0x00, 0xff, 0x59, 0xa8, 0x00, 0xfa, 0x59, 0xa8, 0x00, 0x9d,
    0x54, 0xa6, 0x00, 0x22, 0xff, 0xff, 0xff, 0x00, 0xff, 0xff, 0xff, 0x00,
    0xff, 0xff, 0xff, 0x00, 0xff, 0xff, 0xff, 0x00, 0xff, 0xff, 0xff, 0x00,
    0xff, 0xff, 0xff, 0x00, 0xff, 0xff, 0xff, 0x00, 0xff, 0xff, 0xff, 0x00,
    0xff, 0xff, 0xff, 0x00, 0xff, 0xff, 0xff, 0x00, 0xff, 0xff, 0xff, 0x00,
    0xff, 0xff, 0xff, 0x00, 0xff, 0xff, 0xff, 0x00, 0xff, 0xff, 0xff, 0x00,
    0x4a, 0x93, 0x00, 0x07, 0x59, 0xa8, 0x00, 0x8e, 0x59, 0xa8, 0x00, 0xfc,
    0x59, 0xa8, 0x00, 0xff, 0x59, 0xa8, 0x00, 0xff, 0x59, 0xa8, 0x00, 0xff,
    0x59, 0xa8, 0x00, 0xff, 0x59, 0xa8, 0x00, 0xff, 0x59, 0xa8, 0x00, 0xff,
    0x59, 0xa8, 0x00, 0xff, 0x59, 0xa8, 0x00, 0xff, 0x59, 0xa8, 0x00, 0xff,
    0x59, 0xa8, 0x00, 0xff, 0x59, 0xa8, 0x00, 0xff, 0x59, 0xa8, 0x00, 0xff,
    0x59, 0xa8, 0x00, 0xff, 0x59, 0xa8, 0x00, 0xff, 0x59, 0xa8, 0x00, 0xff,
    0x59, 0xa8, 0x00, 0xff, 0x59, 0xa8, 0x00, 0xff, 0x59, 0xa8, 0x00, 0xff,
    0x59, 0xa8, 0x00, 0xff, 0x59, 0xa8, 0x00, 0xff, 0x59, 0xa8, 0x00, 0xff,
    0x59, 0xa8, 0x00, 0xff, 0x59, 0xa8, 0x00, 0xff, 0x59, 0xa8, 0x00, 0xff,
    0x59, 0xa8, 0x00, 0xff, 0x59, 0xa8, 0x00, 0xff, 0x59, 0xa8, 0x00, 0xff,
    0x59, 0xa8, 0x00, 0xff, 0x59, 0xa8, 0x00, 0xff, 0x59, 0xa8, 0x00, 0xff,
    0x59, 0xa8, 0x00, 0xff, 0x59, 0xa8, 0x00, 0xff, 0x59, 0xa8, 0x00, 0xff,
    0x59, 0xa8, 0x00, 0xff, 0x59, 0xa8, 0x00, 0xff, 0x59, 0xa8, 0x00, 0xff,
    0x59, 0xa8, 0x00, 0xff, 0x59, 0xa8, 0x00, 0xff, 0x59, 0xa8, 0x00, 0xff,
    0x59, 0xa8, 0x00, 0xff, 0x59, 0xa8, 0x00, 0xff, 0x59, 0xa8, 0x00, 0xff,
    0x59, 0xa8, 0x00, 0xff, 0x59, 0xa8, 0x00, 0xff, 0x59, 0xa8, 0x00, 0xff,
    0x59, 0xa8, 0x00, 0xff, 0x59, 0xa8, 0x00, 0xff, 0x59, 0xa8, 0x00, 0xff,
    0x59, 0xa8, 0x00, 0xff, 0x59, 0xa8, 0x00, 0xf6, 0x59, 0xa8, 0x00, 0x7a,
    0x56, 0x56, 0x00, 0x03, 0xff, 0xff, 0xff, 0x00, 0xff, 0xff, 0xff, 0x00,
    0xff, 0xff, 0xff, 0x00, 0xff, 0xff, 0xff, 0x00, 0xff, 0xff, 0xff, 0x00,
    0xff, 0xff, 0xff, 0x00, 0xff, 0xff, 0xff, 0x00, 0xff, 0xff, 0xff, 0x00,
    0xff, 0xff, 0xff, 0x00, 0xff, 0xff, 0xff, 0x00, 0xff, 0xff, 0xff, 0x00,
    0x56, 0xa1, 0x00, 0x1b, 0x59, 0xa8, 0x00, 0xcd, 0x59, 0xa8, 0x00, 0xff,
    0x59, 0xa8, 0x00, 0xff, 0x59, 0xa8, 0x00, 0xff, 0x59, 0xa8, 0x00, 0xff,
    0x59, 0xa8, 0x00, 0xff, 0x59, 0xa8, 0x00, 0xff, 0x59, 0xa8, 0x00, 0xff,
    0x59, 0xa8, 0x00, 0xff, 0x59, 0xa8, 0x00, 0xff, 0x59, 0xa8, 0x00, 0xff,
    0x59, 0xa8, 0x00, 0xff, 0x59, 0xa8, 0x00, 0xff, 0x59, 0xa8, 0x00, 0xff,
    0x59, 0xa8, 0x00, 0xff, 0x59, 0xa8, 0x00, 0xff, 0x59, 0xa8, 0x00, 0xff,
    0x59, 0xa8, 0x00, 0xff, 0x59, 0xa8, 0x00, 0xff, 0x59, 0xa8, 0x00, 0xff,
    0x59, 0xa8, 0x00, 0xff, 0x59, 0xa8, 0x00, 0xff, 0x59, 0xa8, 0x00, 0xff,
    0x59, 0xa8, 0x00, 0xff, 0x59, 0xa8, 0x00, 0xff, 0x59, 0xa8, 0x00, 0xff,
    0x59, 0xa8, 0x00, 0xff, 0x59, 0xa8, 0x00, 0xff, 0x59, 0xa8, 0x00, 0xff,
    0x59, 0xa8, 0x00, 0xff, 0x59, 0xa8, 0x00, 0xff, 0x59, 0xa8, 0x00, 0xff,
    0x59, 0xa8, 0x00, 0xff, 0x59, 0xa8, 0x00, 0xff, 0x59, 0xa8, 0x00, 0xff,
    0x59, 0xa8, 0x00, 0xff, 0x59, 0xa8, 0x00, 0xff, 0x59, 0xa8, 0x00, 0xff,
    0x59, 0xa8, 0x00, 0xff, 0x59, 0xa8, 0x00, 0xff, 0x59, 0xa8, 0x00, 0xff,
    0x59, 0xa8, 0x00, 0xff, 0x59, 0xa8, 0x00, 0xff, 0x59, 0xa8, 0x00, 0xff,
    0x59, 0xa8, 0x00, 0xff, 0x59, 0xa8, 0x00, 0xff, 0x59, 0xa8, 0x00, 0xff,
    0x59, 0xa8, 0x00, 0xff, 0x59, 0xa8, 0x00, 0xff, 0x59, 0xa8, 0x00, 0xff,
    0x59, 0xa8, 0x00, 0xff, 0x59, 0xa8, 0x00, 0xff, 0x59, 0xa8, 0x00, 0xff,
    0x59, 0xa8, 0x00, 0xff, 0x58, 0xa7, 0x00, 0xbb, 0x56, 0x9a, 0x00, 0x0f,
    0xff, 0xff, 0xff, 0x00, 0xff, 0xff, 0xff, 0x00, 0xff, 0xff, 0xff, 0x00,
    0xff, 0xff, 0xff, 0x00, 0xff, 0xff, 0xff, 0x00, 0xff, 0xff, 0xff, 0x00,
    0xff, 0xff, 0xff, 0x00, 0xff, 0xff, 0xff, 0x00, 0xff, 0xff, 0xff, 0x00,
    0x59, 0xa8, 0x00, 0x20, 0x59, 0xa8, 0x00, 0xe0, 0x59, 0xa8, 0x00, 0xff,
    0x59, 0xa8, 0x00, 0xff, 0x59, 0xa8, 0x00, 0xff, 0x59, 0xa8, 0x00, 0xff,
    0x59, 0xa8, 0x00, 0xff, 0x59, 0xa8, 0x00, 0xff, 0x59, 0xa8, 0x00, 0xff,
    0x59, 0xa8, 0x00, 0xff, 0x59, 0xa8, 0x00, 0xff, 0x59, 0xa8, 0x00, 0xff,
    0x59, 0xa8, 0x00, 0xff, 0x59, 0xa8, 0x00, 0xff, 0x59, 0xa8, 0x00, 0xff,
    0x59, 0xa8, 0x00, 0xff, 0x59, 0xa8, 0x00, 0xff, 0x59, 0xa8, 0x00, 0xff,
    0x59, 0xa8, 0x00, 0xff, 0x59, 0xa8, 0x00, 0xff, 0x59, 0xa8, 0x00, 0xff,
    0x59, 0xa8, 0x00, 0xff, 0x59, 0xa8, 0x00, 0xff, 0x59, 0xa8, 0x00, 0xff,
    0x59, 0xa8, 0x00, 0xff, 0x59, 0xa8, 0x00, 0xff, 0x59, 0xa8, 0x00, 0xff,
    0x59, 0xa8, 0x00, 0xff, 0x59, 0xa8, 0x00, 0xff, 0x59, 0xa8, 0x00, 0xff,
    0x59, 0xa8, 0x00, 0xff, 0x59, 0xa8, 0x00, 0xff, 0x59, 0xa8, 0x00, 0xff,
    0x59, 0xa8, 0x00, 0xff, 0x59, 0xa8, 0x00, 0xff, 0x59, 0xa8, 0x00, 0xff,
    0x59, 0xa8, 0x00, 0xff, 0x59, 0xa8, 0x00, 0xff, 0x59, 0xa8, 0x00, 0xff,
    0x59, 0xa8, 0x00, 0xff, 0x59, 0xa8, 0x00, 0xff, 0x59, 0xa8, 0x00, 0xff,
    0x59, 0xa8, 0x00, 0xff, 0x59, 0xa8, 0x00, 0xff, 0x59, 0xa8, 0x00, 0xff,
    0x59, 0xa8, 0x00, 0xff, 0x59, 0xa8, 0x00, 0xff, 0x59, 0xa8, 0x00, 0xff,
    0x59, 0xa8, 0x00, 0xff, 0x59, 0xa8, 0x00, 0xff, 0x59, 0xa8, 0x00, 0xff,
    0x59, 0xa8, 0x00, 0xff, 0x59, 0xa8, 0x00, 0xff, 0x59, 0xa8, 0x00, 0xff,
    0x59, 0xa8, 0x00, 0xff, 0x59, 0xa8, 0x00, 0xff, 0x59, 0xa8, 0x00, 0xff,
    0x59, 0xa8, 0x00, 0xd0, 0x52, 0xa2, 0x00, 0x13, 0xff, 0xff, 0xff, 0x00,
    0xff, 0xff, 0xff, 0x00, 0xff, 0xff, 0xff, 0x00, 0xff, 0xff, 0xff, 0x00,
    0xff, 0xff, 0xff, 0x00, 0xff, 0xff, 0xff, 0x00, 0xff, 0xff, 0xff, 0x00,
    0x56, 0x9d, 0x00, 0x12, 0x59, 0xa8, 0x00, 0xd9, 0x59, 0xa8, 0x00, 0xff,
    0x59, 0xa8, 0x00, 0xff, 0x59, 0xa8, 0x00, 0xff, 0x59, 0xa8, 0x00, 0xff,
    0x59, 0xa8, 0x00, 0xff, 0x59, 0xa8, 0x00, 0xff, 0x59, 0xa8, 0x00, 0xff,
    0x59, 0xa8, 0x00, 0xff, 0x59, 0xa8, 0x00, 0xff, 0x59, 0xa8, 0x00, 0xff,
    0x59, 0xa8, 0x00, 0xff, 0x59, 0xa8, 0x00, 0xff, 0x59, 0xa8, 0x00, 0xff,
    0x59, 0xa8, 0x00, 0xff, 0x59, 0xa8, 0x00, 0xff, 0x59, 0xa8, 0x00, 0xff,
    0x59, 0xa8, 0x00, 0xff, 0x59, 0xa8, 0x00, 0xff, 0x59, 0xa8, 0x00, 0xff,
    0x59, 0xa8, 0x00, 0xff, 0x59, 0xa8, 0x00, 0xff, 0x59, 0xa8, 0x00, 0xff,
    0x59, 0xa8, 0x00, 0xff, 0x59, 0xa8, 0x00, 0xff, 0x59, 0xa8, 0x00, 0xff,
    0x59, 0xa8, 0x00, 0xff, 0x59, 0xa8, 0x00, 0xff, 0x59, 0xa8, 0x00, 0xff,
    0x59, 0xa8, 0x00, 0xff, 0x59, 0xa8, 0x00, 0xff, 0x59, 0xa8, 0x00, 0xff,
    0x59, 0xa8, 0x00, 0xff, 0x59, 0xa8, 0x00, 0xff, 0x59, 0xa8, 0x00, 0xff,
    0x59, 0xa8, 0x00, 0xff, 0x59, 0xa8, 0x00, 0xff, 0x59, 0xa8, 0x00, 0xff,
    0x59, 0xa8, 0x00, 0xff, 0x59, 0xa8, 0x00, 0xff, 0x59, 0xa8, 0x00, 0xff,
    0x59, 0xa8, 0x00, 0xff, 0x59, 0xa8, 0x00, 0xff, 0x59, 0xa8, 0x00, 0xff,
    0x59, 0xa8, 0x00, 0xff, 0x59, 0xa8, 0x00, 0xff, 0x59, 0xa8, 0x00, 0xff,
    0x59, 0xa8, 0x00, 0xff, 0x59, 0xa8, 0x00, 0xff, 0x59, 0xa8, 0x00, 0xff,
    0x59, 0xa8, 0x00, 0xff, 0x59, 0xa8, 0x00, 0xff, 0x59, 0xa8, 0x00, 0xff,
    0x59, 0xa8, 0x00, 0xff, 0x59, 0xa8, 0x00, 0xff, 0x59, 0xa8, 0x00, 0xff,
    0x59, 0xa8, 0x00, 0xff, 0x59, 0xa8, 0x00, 0xff, 0x59, 0xa8, 0x00, 0xc6,
    0x4a, 0x93, 0x00, 0x07, 0xff, 0xff, 0xff, 0x00, 0xff, 0xff, 0xff, 0x00,
    0xff, 0xff, 0xff, 0x00, 0xff, 0xff, 0xff, 0x00, 0xff, 0xff, 0xff, 0x00,
    0x01, 0x01, 0x00, 0x01, 0x59, 0xa8, 0x00, 0xb2, 0x59, 0xa8, 0x00, 0xff,
    0x59, 0xa8, 0x00, 0xff, 0x59, 0xa8, 0x00, 0xff, 0x59, 0xa8, 0x00, 0xff,
    0x59, 0xa8, 0x00, 0xff, 0x59, 0xa8, 0x00, 0xff, 0x59, 0xa8, 0x00, 0xff,
    0x59, 0xa8, 0x00, 0xff, 0x59, 0xa8, 0x00, 0xff, 0x59, 0xa8, 0x00, 0xff,
    0x59, 0xa8, 0x00, 0xff, 0x59, 0xa8, 0x00, 0xff, 0x59, 0xa8, 0x00, 0xff,
    0x59, 0xa8, 0x00, 0xff, 0x59, 0xa8, 0x00, 0xff, 0x59, 0xa8, 0x00, 0xff,
    0x59, 0xa8, 0x00, 0xff, 0x59, 0xa8, 0x00, 0xff, 0x59, 0xa8, 0x00, 0xff,
    0x59, 0xa8, 0x00, 0xff, 0x59, 0xa8, 0x00, 0xff, 0x59, 0xa8, 0x00, 0xff,
    0x59, 0xa8, 0x00, 0xff, 0x59, 0xa8, 0x00, 0xff, 0x59, 0xa8, 0x00, 0xff,
    0x59, 0xa8, 0x00, 0xff, 0x59, 0xa8, 0x00, 0xff, 0x59, 0xa8, 0x00, 0xff,
    0x59, 0xa8, 0x00, 0xff, 0x59, 0xa8, 0x00, 0xff, 0x59, 0xa8, 0x00, 0xff,
    0x59, 0xa8, 0x00, 0xff, 0x59, 0xa8, 0x00, 0xff, 0x59, 0xa8, 0x00, 0xff,
    0x59, 0xa8, 0x00, 0xff, 0x59, 0xa8, 0x00, 0xff, 0x59, 0xa8, 0x00, 0xff,
    0x59, 0xa8, 0x00, 0xff, 0x59, 0xa8, 0x00, 0xff, 0x59, 0xa8, 0x00, 0xff,
    0x59, 0xa8, 0x00, 0xff, 0x59, 0xa8, 0x00, 0xff, 0x59, 0xa8, 0x00, 0xff,
    0x59, 0xa8, 0x00, 0xff, 0x59, 0xa8, 0x00, 0xff, 0x59, 0xa8, 0x00, 0xff,
    0x59, 0xa8, 0x00, 0xff, 0x59, 0xa8, 0x00, 0xff, 0x59, 0xa8, 0x00, 0xff,
    0x59, 0xa8, 0x00, 0xff, 0x59, 0xa8, 0x00, 0xff, 0x59, 0xa8, 0x00, 0xff,
    0x59, 0xa8, 0x00, 0xff, 0x59, 0xa8, 0x00, 0xff, 0x59, 0xa8, 0x00, 0xff,
    0x59, 0xa8, 0x00, 0xff, 0x59, 0xa8, 0x00, 0xff, 0x59, 0xa8, 0x00, 0xff,
    0x59, 0xa8, 0x00, 0xff, 0x58, 0xa7, 0x00, 0x95, 0xff, 0xff, 0xff, 0x00,
    0xff, 0xff, 0xff, 0x00, 0xff, 0xff, 0xff, 0x00, 0xff, 0xff, 0xff, 0x00,
    0xff, 0xff, 0xff, 0x00, 0x58, 0xa6, 0x00, 0x5b, 0x59, 0xa8, 0x00, 0xff,
    0x59, 0xa8, 0x00, 0xff, 0x59, 0xa8, 0x00, 0xff, 0x59, 0xa8, 0x00, 0xff,
    0x59, 0xa8, 0x00, 0xff, 0x59, 0xa8, 0x00, 0xff, 0x59, 0xa8, 0x00, 0xff,
    0x59, 0xa8, 0x00, 0xff, 0x59, 0xa8, 0x00, 0xff, 0x59, 0xa8, 0x00, 0xff,
    0x59, 0xa8, 0x00, 0xff, 0x59, 0xa8, 0x00, 0xff, 0x59, 0xa8, 0x00, 0xff,
    0x59, 0xa8, 0x00, 0xff, 0x59, 0xa8, 0x00, 0xff, 0x59, 0xa8, 0x00, 0xff,
    0x59, 0xa8, 0x00, 0xff, 0x59, 0xa8, 0x00, 0xff, 0x59, 0xa8, 0x00, 0xff,
    0x59, 0xa8, 0x00, 0xff, 0x59, 0xa8, 0x00, 0xff, 0x59, 0xa8, 0x00, 0xff,
    0x59, 0xa8, 0x00, 0xff, 0x59, 0xa8, 0x00, 0xff, 0x59, 0xa8, 0x00, 0xff,
    0x59, 0xa8, 0x00, 0xff, 0x59, 0xa8, 0x00, 0xff, 0x59, 0xa8, 0x00, 0xff,
    0x59, 0xa8, 0x00, 0xff, 0x59, 0xa8, 0x00, 0xff, 0x59, 0xa8, 0x00, 0xff,
    0x59, 0xa8, 0x00, 0xff, 0x59, 0xa8, 0x00, 0xff, 0x59, 0xa8, 0x00, 0xff,
    0x59, 0xa8, 0x00, 0xff, 0x59, 0xa8, 0x00, 0xff, 0x59, 0xa8, 0x00, 0xff,
    0x59, 0xa8, 0x00, 0xff, 0x59, 0xa8, 0x00, 0xff, 0x59, 0xa8, 0x00, 0xff,
    0x59, 0xa8, 0x00, 0xff, 0x59, 0xa8, 0x00, 0xff, 0x59, 0xa8, 0x00, 0xff,
    0x59, 0xa8, 0x00, 0xff, 0x59, 0xa8, 0x00, 0xff, 0x59, 0xa8, 0x00, 0xff,
    0x59, 0xa8, 0x00, 0xff, 0x59, 0xa8, 0x00, 0xff, 0x59, 0xa8, 0x00, 0xff,
    0x59, 0xa8, 0x00, 0xff, 0x59, 0xa8, 0x00, 0xff, 0x59, 0xa8, 0x00, 0xff,
    0x59, 0xa8, 0x00, 0xff, 0x59, 0xa8, 0x00, 0xff, 0x59, 0xa8, 0x00, 0xff,
    0x59, 0xa8, 0x00, 0xff, 0x59, 0xa8, 0x00, 0xff, 0x59, 0xa8, 0x00, 0xff,
    0x59, 0xa8, 0x00, 0xff, 0x59, 0xa8, 0x00, 0xff, 0x59, 0xa8, 0x00, 0xfe,
    0x59, 0xa8, 0x00, 0x3d, 0xff, 0xff, 0xff, 0x00, 0xff, 0xff, 0xff, 0x00,
    0xff, 0xff, 0xff, 0x00, 0x4a, 0x93, 0x00, 0x07, 0x59, 0xa8, 0x00, 0xe3,
    0x59, 0xa8, 0x00, 0xff, 0x59, 0xa8, 0x00, 0xff, 0x59, 0xa8, 0x00, 0xff,
    0x59, 0xa8, 0x00, 0xff, 0x59, 0xa8, 0x00, 0xff, 0x59, 0xa8, 0x00, 0xff,
    0x59, 0xa8, 0x00, 0xff, 0x59, 0xa8, 0x00, 0xff, 0x59, 0xa8, 0x00, 0xff,
    0x59, 0xa8, 0x00, 0xff, 0x59, 0xa8, 0x00, 0xff, 0x59, 0xa8, 0x00, 0xff,
    0x59, 0xa8, 0x00, 0xff, 0x59, 0xa8, 0x00, 0xff, 0x59, 0xa8, 0x00, 0xff,
    0x59, 0xa8, 0x00, 0xff, 0x59, 0xa8, 0x00, 0xff, 0x59, 0xa8, 0x00, 0xff,
    0x59, 0xa8, 0x00, 0xff, 0x59, 0xa8, 0x00, 0xff, 0x59, 0xa8, 0x00, 0xff,
    0x59, 0xa8, 0x00, 0xff, 0x59, 0xa8, 0x00, 0xff, 0x59, 0xa8, 0x00, 0xff,
    0x59, 0xa8, 0x00, 0xff, 0x59, 0xa8, 0x00, 0xff, 0x59, 0xa8, 0x00, 0xff,
    0x59, 0xa8, 0x00, 0xff, 0x59, 0xa8, 0x00, 0xff, 0x59, 0xa8, 0x00, 0xff,
    0x59, 0xa8, 0x00, 0xff, 0x59, 0xa8, 0x00, 0xff, 0x59, 0xa8, 0x00, 0xff,
    0x59, 0xa8, 0x00, 0xff, 0x59, 0xa8, 0x00, 0xff, 0x59, 0xa8, 0x00, 0xff,
    0x59, 0xa8, 0x00, 0xff, 0x59, 0xa8, 0x00, 0xff, 0x59, 0xa8, 0x00, 0xff,
    0x59, 0xa8, 0x00, 0xff, 0x59, 0xa8, 0x00, 0xff, 0x59, 0xa8, 0x00, 0xff,
    0x59, 0xa8, 0x00, 0xff, 0x59, 0xa8, 0x00, 0xff, 0x59, 0xa8, 0x00, 0xff,
    0x59, 0xa8, 0x00, 0xff, 0x59, 0xa8, 0x00, 0xff, 0x59, 0xa8, 0x00, 0xff,
    0x59, 0xa8, 0x00, 0xff, 0x59, 0xa8, 0x00, 0xff, 0x59, 0xa8, 0x00, 0xff,
    0x59, 0xa8, 0x00, 0xff, 0x59, 0xa8, 0x00, 0xff, 0x59, 0xa8, 0x00, 0xff,
    0x59, 0xa8, 0x00, 0xff, 0x59, 0xa8, 0x00, 0xff, 0x59, 0xa8, 0x00, 0xff,
    0x59, 0xa8, 0x00, 0xff, 0x59, 0xa8, 0x00, 0xff, 0x59, 0xa8, 0x00, 0xff,
    0x59, 0xa8, 0x00, 0xff, 0x59, 0xa8, 0x00, 0xcc, 0x01, 0x01, 0x00, 0x01,
    0xff, 0xff, 0xff, 0x00, 0xff, 0xff, 0xff, 0x00, 0x58, 0xa7, 0x00, 0x64,
    0x59, 0xa8, 0x00, 0xff, 0x59, 0xa8, 0x00, 0xff, 0x59, 0xa8, 0x00, 0xff,
    0x59, 0xa8, 0x00, 0xff, 0x59, 0xa8, 0x00, 0xff, 0x59, 0xa8, 0x00, 0xff,
    0x59, 0xa8, 0x00, 0xff, 0x59, 0xa8, 0x00, 0xff, 0x59, 0xa8, 0x00, 0xff,
    0x59, 0xa8, 0x00, 0xff, 0x59, 0xa8, 0x00, 0xff, 0x59, 0xa8, 0x00, 0xff,
    0x59, 0xa8, 0x00, 0xff, 0x59, 0xa8, 0x00, 0xff, 0x59, 0xa8, 0x00, 0xff,
    0x59, 0xa8, 0x00, 0xff, 0x59, 0xa8, 0x00, 0xff, 0x59, 0xa8, 0x00, 0xff,
    0x59, 0xa8, 0x00, 0xff, 0x59, 0xa8, 0x00, 0xff, 0x59, 0xa8, 0x00, 0xff,
    0x59, 0xa8, 0x00, 0xff, 0x59, 0xa8, 0x00, 0xff, 0x59, 0xa8, 0x00, 0xff,
    0x59, 0xa8, 0x00, 0xff, 0x59, 0xa8, 0x00, 0xff, 0x59, 0xa8, 0x00, 0xff,
    0x59, 0xa8, 0x00, 0xff, 0x59, 0xa8, 0x00, 0xff, 0x59, 0xa8, 0x00, 0xff,
    0x59, 0xa8, 0x00, 0xff, 0x59, 0xa8, 0x00, 0xff, 0x59, 0xa8, 0x00, 0xff,
    0x59, 0xa8, 0x00, 0xff, 0x59, 0xa8, 0x00, 0xff, 0x59, 0xa8, 0x00, 0xff,
    0x59, 0xa8, 0x00, 0xff, 0x59, 0xa8, 0x00, 0xff, 0x59, 0xa8, 0x00, 0xff,
    0x59, 0xa8, 0x00, 0xff, 0x59, 0xa8, 0x00, 0xff, 0x59, 0xa8, 0x00, 0xff,
    0x59, 0xa8, 0x00, 0xff, 0x59, 0xa8, 0x00, 0xff, 0x59, 0xa8, 0x00, 0xff,
    0x59, 0xa8, 0x00, 0xff, 0x59, 0xa8, 0x00, 0xff, 0x59, 0xa8, 0x00, 0xff,
    0x59, 0xa8, 0x00, 0xff, 0x59, 0xa8, 0x00, 0xff, 0x59, 0xa8, 0x00, 0xff,
    0x59, 0xa8, 0x00, 0xff, 0x59, 0xa8, 0x00, 0xff, 0x59, 0xa8, 0x00, 0xff,
    0x59, 0xa8, 0x00, 0xff, 0x59, 0xa8, 0x00, 0xff, 0x59, 0xa8, 0x00, 0xff,
    0x59, 0xa8, 0x00, 0xff, 0x59, 0xa8, 0x00, 0xff, 0x59, 0xa8, 0x00, 0xff,
    0x59, 0xa8, 0x00, 0xff, 0x59, 0xa8, 0x00, 0xff, 0x59, 0xa8, 0x00, 0xff,
    0x59, 0xa8, 0x00, 0x46, 0xff, 0xff, 0xff, 0x00, 0xff, 0xff, 0xff, 0x00,
    0x59, 0xa8, 0x00, 0xc6, 0x59, 0xa8, 0x00, 0xff, 0x59, 0xa8, 0x00, 0xff,
    0x59, 0xa8, 0x00, 0xff, 0x59, 0xa8, 0x00, 0xff, 0x59, 0xa8, 0x00, 0xff,
    0x59, 0xa8, 0x00, 0xff, 0x59, 0xa8, 0x00, 0xff, 0x59, 0xa8, 0x00, 0xff,
    0x59, 0xa8, 0x00, 0xff, 0x59, 0xa8, 0x00, 0xff, 0x59, 0xa8, 0x00, 0xff,
    0x59, 0xa8, 0x00, 0xff, 0x59, 0xa8, 0x00, 0xff, 0x59, 0xa8, 0x00, 0xff,
    0x59, 0xa8, 0x00, 0xff, 0x59, 0xa8, 0x00, 0xff, 0x59, 0xa8, 0x00, 0xff,
    0x59, 0xa8, 0x00, 0xff, 0x59, 0xa8, 0x00, 0xff, 0x59, 0xa8, 0x00, 0xff,
    0x59, 0xa8, 0x00, 0xff, 0x59, 0xa8, 0x00, 0xff, 0x59, 0xa8, 0x00, 0xff,
    0x59, 0xa8, 0x00, 0xff, 0x59, 0xa8, 0x00, 0xff, 0x59, 0xa8, 0x00, 0xff,
    0x59, 0xa8, 0x00, 0xff, 0x59, 0xa8, 0x00, 0xff, 0x59, 0xa8, 0x00, 0xff,
    0x59, 0xa8, 0x00, 0xff, 0x59, 0xa8, 0x00, 0xff, 0x59, 0xa8, 0x00, 0xff,
    0x59, 0xa8, 0x00, 0xff, 0x59, 0xa8, 0x00, 0xff, 0x59, 0xa8, 0x00, 0xff,
    0x59, 0xa8, 0x00, 0xff, 0x59, 0xa8, 0x00, 0xff, 0x59, 0xa8, 0x00, 0xff,
    0x59, 0xa8, 0x00, 0xff, 0x59, 0xa8, 0x00, 0xff, 0x59, 0xa8, 0x00, 0xff,
    0x59, 0xa8, 0x00, 0xff, 0x59, 0xa8, 0x00, 0xff, 0x59, 0xa8, 0x00, 0xff,
    0x59, 0xa8, 0x00, 0xff, 0x59, 0xa8, 0x00, 0xff, 0x59, 0xa8, 0x00, 0xff,
    0x59, 0xa8, 0x00, 0xff, 0x59, 0xa8, 0x00, 0xff, 0x59, 0xa8, 0x00, 0xff,
    0x59, 0xa8, 0x00, 0xff, 0x59, 0xa8, 0x00, 0xff, 0x59, 0xa8, 0x00, 0xff,
    0x59, 0xa8, 0x00, 0xff, 0x59, 0xa8, 0x00, 0xff, 0x59, 0xa8, 0x00, 0xff,
    0x59, 0xa8, 0x00, 0xff, 0x59, 0xa8, 0x00, 0xff, 0x59, 0xa8, 0x00, 0xff,
    0x59, 0xa8, 0x00, 0xff, 0x59, 0xa8, 0x00, 0xff, 0x59, 0xa8, 0x00, 0xff,
    0x59, 0xa8, 0x00, 0xff, 0x59, 0xa8, 0x00, 0xa9, 0xff, 0xff, 0xff, 0x00,
    0x56, 0xa0, 0x00, 0x18, 0x59, 0xa8, 0x00, 0xfe, 0x59, 0xa8, 0x00, 0xff,
    0x59, 0xa8, 0x00, 0xff, 0x59, 0xa8, 0x00, 0xff, 0x59, 0xa8, 0x00, 0xff,
    0x59, 0xa8, 0x00, 0xff, 0x59, 0xa8, 0x00, 0xff, 0x59, 0xa8, 0x00, 0xff,
    0x59, 0xa8, 0x00, 0xff, 0x59, 0xa8, 0x00, 0xff, 0x59, 0xa8, 0x00, 0xff,
    0x59, 0xa8, 0x00, 0xff, 0x59, 0xa8, 0x00, 0xff, 0x59, 0xa8, 0x00, 0xff,
    0x59, 0xa8, 0x00, 0xff, 0x59, 0xa8, 0x00, 0xff, 0x59, 0xa8, 0x00, 0xff,
    0x59, 0xa8, 0x00, 0xff, 0x59, 0xa8, 0x00, 0xff, 0x59, 0xa8, 0x00, 0xff,
    0x59, 0xa8, 0x00, 0xff, 0x59, 0xa8, 0x00, 0xff, 0x59, 0xa8, 0x00, 0xff,
    0x59, 0xa8, 0x00, 0xff, 0x59, 0xa8, 0x00, 0xff, 0x59, 0xa8, 0x00, 0xff,
    0x59, 0xa8, 0x00, 0xff, 0x59, 0xa8, 0x00, 0xff, 0x59, 0xa8, 0x00, 0xff,
    0x59, 0xa8, 0x00, 0xff, 0x59, 0xa8, 0x00, 0xff, 0x59, 0xa8, 0x00, 0xff,
    0x59, 0xa8, 0x00, 0xff, 0x59, 0xa8, 0x00, 0xff, 0x59, 0xa8, 0x00, 0xff,
    0x59, 0xa8, 0x00, 0xff, 0x59, 0xa8, 0x00, 0xff, 0x59, 0xa8, 0x00, 0xff,
    0x59, 0xa8, 0x00, 0xff, 0x59, 0xa8, 0x00, 0xff, 0x59, 0xa8, 0x00, 0xff,
    0x59, 0xa8, 0x00, 0xff, 0x59, 0xa8, 0x00, 0xff, 0x59, 0xa8, 0x00, 0xff,
    0x59, 0xa8, 0x00, 0xff, 0x59, 0xa8, 0x00, 0xff, 0x59, 0xa8, 0x00, 0xff,
    0x59, 0xa8, 0x00, 0xff, 0x59, 0xa8, 0x00, 0xff, 0x59, 0xa8, 0x00, 0xff,
    0x59, 0xa8, 0x00, 0xff, 0x59, 0xa8, 0x00, 0xff, 0x59, 0xa8, 0x00, 0xff,
    0x59, 0xa8, 0x00, 0xff, 0x59, 0xa8, 0x00, 0xff, 0x59, 0xa8, 0x00, 0xff,
    0x59, 0xa8, 0x00, 0xff, 0x59, 0xa8, 0x00, 0xff, 0x59, 0xa8, 0x00, 0xff,
    0x59, 0xa8, 0x00, 0xff, 0x59, 0xa8, 0x00, 0xff, 0x59, 0xa8, 0x00, 0xff,
    0x59, 0xa8, 0x00, 0xff, 0x59, 0xa8, 0x00, 0xff, 0x59, 0xa8, 0x00, 0xf3,
    0x34, 0x9a, 0x00, 0x05, 0x57, 0xa7, 0x00, 0x56, 0x59, 0xa8, 0x00, 0xff,
    0x59, 0xa8, 0x00, 0xff, 0x59, 0xa8, 0x00, 0xff, 0x59, 0xa8, 0x00, 0xff,
    0x59, 0xa8, 0x00, 0xff, 0x59, 0xa8, 0x00, 0xff, 0x59, 0xa8, 0x00, 0xff,
    0x59, 0xa8, 0x00, 0xff, 0x59, 0xa8, 0x00, 0xff, 0x59, 0xa8, 0x00, 0xff,
    0x59, 0xa8, 0x00, 0xff, 0x59, 0xa8, 0x00, 0xff, 0x59, 0xa8, 0x00, 0xff,
    0x59, 0xa8, 0x00, 0xff, 0x59, 0xa8, 0x00, 0xff, 0x59, 0xa8, 0x00, 0xff,
    0x59, 0xa8, 0x00, 0xff, 0x59, 0xa8, 0x00, 0xff, 0x59, 0xa8, 0x00, 0xff,
    0x59, 0xa8, 0x00, 0xff, 0x59, 0xa8, 0x00, 0xff, 0x59, 0xa8, 0x00, 0xff,
    0x59, 0xa8, 0x00, 0xff, 0x59, 0xa8, 0x00, 0xff, 0x59, 0xa8, 0x00, 0xff,
    0x59, 0xa8, 0x00, 0xff, 0x59, 0xa8, 0x00, 0xff, 0x59, 0xa8, 0x00, 0xff,
    0x59, 0xa8, 0x00, 0xff, 0x59, 0xa8, 0x00, 0xff, 0x59, 0xa8, 0x00, 0xff,
    0x59, 0xa8, 0x00, 0xff, 0x59, 0xa8, 0x00, 0xff, 0x59, 0xa8, 0x00, 0xff,
    0x59, 0xa8, 0x00, 0xff, 0x59, 0xa8, 0x00, 0xff, 0x59, 0xa8, 0x00, 0xff,
    0x59, 0xa8, 0x00, 0xff, 0x59, 0xa8, 0x00, 0xff, 0x59, 0xa8, 0x00, 0xff,
    0x59, 0xa8, 0x00, 0xff, 0x59, 0xa8, 0x00, 0xff, 0x59, 0xa8, 0x00, 0xff,
    0x59, 0xa8, 0x00, 0xff, 0x59, 0xa8, 0x00, 0xff, 0x59, 0xa8, 0x00, 0xff,
    0x59, 0xa8, 0x00, 0xff, 0x59, 0xa8, 0x00, 0xff, 0x59, 0xa8, 0x00, 0xff,
    0x59, 0xa8, 0x00, 0xff, 0x59, 0xa8, 0x00, 0xff, 0x59, 0xa8, 0x00, 0xff,
    0x59, 0xa8, 0x00, 0xff, 0x59, 0xa8, 0x00, 0xff, 0x59, 0xa8, 0x00, 0xff,
    0x59, 0xa8, 0x00, 0xff, 0x59, 0xa8, 0x00, 0xff, 0x59, 0xa8, 0x00, 0xff,
    0x59, 0xa8, 0x00, 0xff, 0x59, 0xa8, 0x00, 0xff, 0x59, 0xa8, 0x00, 0xff,
    0x59, 0xa8, 0x00, 0xff, 0x59, 0xa8, 0x00, 0xff, 0x59, 0xa8, 0x00, 0xff,
    0x59, 0xa8, 0x00, 0xff, 0x56, 0xa6, 0x00, 0x39, 0x58, 0xa7, 0x00, 0x81,
    0x59, 0xa8, 0x00, 0xff, 0x59, 0xa8, 0x00, 0xff, 0x59, 0xa8, 0x00, 0xff,
    0x59, 0xa8, 0x00, 0xff, 0x59, 0xa8, 0x00, 0xff, 0x59, 0xa8, 0x00, 0xff,
    0x59, 0xa8, 0x00, 0xff, 0x59, 0xa8, 0x00, 0xff, 0x59, 0xa8, 0x00, 0xff,
    0x59, 0xa8, 0x00, 0xff, 0x59, 0xa8, 0x00, 0xff, 0x59, 0xa8, 0x00, 0xff,
    0x59, 0xa8, 0x00, 0xff, 0x59, 0xa8, 0x00, 0xff, 0x59, 0xa8, 0x00, 0xff,
    0x59, 0xa8, 0x00, 0xff, 0x59, 0xa8, 0x00, 0xff, 0x59, 0xa8, 0x00, 0xff,
    0x59, 0xa8, 0x00, 0xff, 0x59, 0xa8, 0x00, 0xff, 0x59, 0xa8, 0x00, 0xff,
    0x59, 0xa8, 0x00, 0xff, 0x59, 0xa8, 0x00, 0xff, 0x59, 0xa8, 0x00, 0xff,
    0x59, 0xa8, 0x00, 0xff, 0x59, 0xa8, 0x00, 0xff, 0x59, 0xa8, 0x00, 0xff,
    0x59, 0xa8, 0x00, 0xff, 0x59, 0xa8, 0x00, 0xff, 0x59, 0xa8, 0x00, 0xff,
    0x59, 0xa8, 0x00, 0xff, 0x59, 0xa8, 0x00, 0xff, 0x59, 0xa8, 0x00, 0xff,
    0x59, 0xa8, 0x00, 0xff, 0x59, 0xa8, 0x00, 0xff, 0x59, 0xa8, 0x00, 0xff,
    0x59, 0xa8, 0x00, 0xff, 0x59, 0xa8, 0x00, 0xff, 0x59, 0xa8, 0x00, 0xff,
    0x59, 0xa8, 0x00, 0xff, 0x59, 0xa8, 0x00, 0xff, 0x59, 0xa8, 0x00, 0xff,
    0x59, 0xa8, 0x00, 0xff, 0x59, 0xa8, 0x00, 0xff, 0x59, 0xa8, 0x00, 0xff,
    0x59, 0xa8, 0x00, 0xff, 0x59, 0xa8, 0x00, 0xff, 0x59, 0xa8, 0x00, 0xff,
    0x59, 0xa8, 0x00, 0xff, 0x59, 0xa8, 0x00, 0xff, 0x59, 0xa8, 0x00, 0xff,
    0x59, 0xa8, 0x00, 0xff, 0x59, 0xa8, 0x00, 0xff, 0x59, 0xa8, 0x00, 0xff,
    0x59, 0xa8, 0x00, 0xff, 0x59, 0xa8, 0x00, 0xff, 0x59, 0xa8, 0x00, 0xff,
    0x59, 0xa8, 0x00, 0xff, 0x59, 0xa8, 0x00, 0xff, 0x59, 0xa8, 0x00, 0xff,
    0x59, 0xa8, 0x00, 0xff, 0x59, 0xa8, 0x00, 0xff, 0x59, 0xa8, 0x00, 0xff,
    0x59, 0xa8, 0x00, 0xff, 0x59, 0xa8, 0x00, 0xff, 0x58, 0xa7, 0x00, 0x64,
    0x58, 0xa7, 0x00, 0x9e, 0x59, 0xa8, 0x00, 0xff, 0x59, 0xa8, 0x00, 0xff,
    0x59, 0xa8, 0x00, 0xff, 0x59, 0xa8, 0x00, 0xff, 0x59, 0xa8, 0x00, 0xff,
    0x59, 0xa8, 0x00, 0xff, 0x59, 0xa8, 0x00, 0xff, 0x59, 0xa8, 0x00, 0xff,
    0x59, 0xa8, 0x00, 0xff, 0x59, 0xa8, 0x00, 0xff, 0x59, 0xa8, 0x00, 0xff,
    0x59, 0xa8, 0x00, 0xff, 0x59, 0xa8, 0x00, 0xff, 0x59, 0xa8, 0x00, 0xff,
    0x59, 0xa8, 0x00, 0xff, 0x59, 0xa8, 0x00, 0xff, 0x59, 0xa8, 0x00, 0xff,
    0x59, 0xa8, 0x00, 0xff, 0x59, 0xa8, 0x00, 0xff, 0x59, 0xa8, 0x00, 0xff,
    0x59, 0xa8, 0x00, 0xff, 0x59, 0xa8, 0x00, 0xff, 0x59, 0xa8, 0x00, 0xff,
    0x59, 0xa8, 0x00, 0xff, 0x59, 0xa8, 0x00, 0xff, 0x59, 0xa8, 0x00, 0xff,
    0x59, 0xa8, 0x00, 0xff, 0x59, 0xa8, 0x00, 0xff, 0x59, 0xa8, 0x00, 0xff,
    0x59, 0xa8, 0x00, 0xff, 0x59, 0xa8, 0x00, 0xff, 0x59, 0xa8, 0x00, 0xff,
    0x59, 0xa8, 0x00, 0xff, 0x59, 0xa8, 0x00, 0xff, 0x59, 0xa8, 0x00, 0xff,
    0x59, 0xa8, 0x00, 0xff, 0x59, 0xa8, 0x00, 0xff, 0x59, 0xa8, 0x00, 0xff,
    0x59, 0xa8, 0x00, 0xff, 0x59, 0xa8, 0x00, 0xff, 0x59, 0xa8, 0x00, 0xff,
    0x59, 0xa8, 0x00, 0xff, 0x59, 0xa8, 0x00, 0xff, 0x59, 0xa8, 0x00, 0xff,
    0x59, 0xa8, 0x00, 0xff, 0x59, 0xa8, 0x00, 0xff, 0x59, 0xa8, 0x00, 0xff,
    0x59, 0xa8, 0x00, 0xff, 0x59, 0xa8, 0x00, 0xff, 0x59, 0xa8, 0x00, 0xff,
    0x59, 0xa8, 0x00, 0xff, 0x59, 0xa8, 0x00, 0xff, 0x59, 0xa8, 0x00, 0xff,
    0x59, 0xa8, 0x00, 0xff, 0x59, 0xa8, 0x00, 0xff, 0x59, 0xa8, 0x00, 0xff,
    0x59, 0xa8, 0x00, 0xff, 0x59, 0xa8, 0x00, 0xff, 0x59, 0xa8, 0x00, 0xff,
    0x59, 0xa8, 0x00, 0xff, 0x59, 0xa8, 0x00, 0xff, 0x59, 0xa8, 0x00, 0xff,
    0x59, 0xa8, 0x00, 0xff, 0x59, 0xa8, 0x00, 0xff, 0x59, 0xa8, 0x00, 0xff,
    0x59, 0xa8, 0x00, 0x80, 0x59, 0xa8, 0x00, 0xab, 0x59, 0xa8, 0x00, 0xff,
    0x59, 0xa8, 0x00, 0xff, 0x59, 0xa8, 0x00, 0xff, 0x59, 0xa8, 0x00, 0xff,
    0x59, 0xa8, 0x00, 0xff, 0x59, 0xa8, 0x00, 0xff, 0x59, 0xa8, 0x00, 0xff,
    0x59, 0xa8, 0x00, 0xff, 0x59, 0xa8, 0x00, 0xff, 0x59, 0xa8, 0x00, 0xff,
    0x59, 0xa8, 0x00, 0xff, 0x59, 0xa8, 0x00, 0xff, 0x59, 0xa8, 0x00, 0xff,
    0x59, 0xa8, 0x00, 0xff, 0x59, 0xa8, 0x00, 0xff, 0x59, 0xa8, 0x00, 0xff,
    0x59, 0xa8, 0x00, 0xff, 0x59, 0xa8, 0x00, 0xff, 0x59, 0xa8, 0x00, 0xff,
    0x59, 0xa8, 0x00, 0xff, 0x59, 0xa8, 0x00, 0xff, 0x59, 0xa8, 0x00, 0xff,
    0x59, 0xa8, 0x00, 0xff, 0x59, 0xa8, 0x00, 0xff, 0x59, 0xa8, 0x00, 0xff,
    0x59, 0xa8, 0x00, 0xff, 0x59, 0xa8, 0x00, 0xff, 0x59, 0xa8, 0x00, 0xff,
    0x59, 0xa8, 0x00, 0xff, 0x59, 0xa8, 0x00, 0xff, 0x59, 0xa8, 0x00, 0xff,
    0x59, 0xa8, 0x00, 0xff, 0x59, 0xa8, 0x00, 0xff, 0x59, 0xa8, 0x00, 0xff,
    0x59, 0xa8, 0x00, 0xff, 0x59, 0xa8, 0x00, 0xff, 0x59, 0xa8, 0x00, 0xff,
    0x59, 0xa8, 0x00, 0xff, 0x59, 0xa8, 0x00, 0xff, 0x59, 0xa8, 0x00, 0xff,
    0x59, 0xa8, 0x00, 0xff, 0x59, 0xa8, 0x00, 0xff, 0x59, 0xa8, 0x00, 0xff,
    0x59, 0xa8, 0x00, 0xff, 0x59, 0xa8, 0x00, 0xff, 0x59, 0xa8, 0x00, 0xff,
    0x59, 0xa8, 0x00, 0xff, 0x59, 0xa8, 0x00, 0xff, 0x59, 0xa8, 0x00, 0xff,
    0x59, 0xa8, 0x00, 0xff, 0x59, 0xa8, 0x00, 0xff, 0x59, 0xa8, 0x00, 0xff,
    0x59, 0xa8, 0x00, 0xff, 0x59, 0xa8, 0x00, 0xff, 0x59, 0xa8, 0x00, 0xff,
    0x59, 0xa8, 0x00, 0xff, 0x59, 0xa8, 0x00, 0xff, 0x59, 0xa8, 0x00, 0xff,
    0x59, 0xa8, 0x00, 0xff, 0x59, 0xa8, 0x00, 0xff, 0x59, 0xa8, 0x00, 0xff,
    0x59, 0xa8, 0x00, 0xff, 0x59, 0xa8, 0x00, 0xff, 0x59, 0xa8, 0x00, 0xff,
    0x59, 0xa8, 0x00, 0xff, 0x58, 0xa7, 0x00, 0x8d, 0x59, 0xa8, 0x00, 0xae,
    0x59, 0xa8, 0x00, 0xff, 0x59, 0xa8, 0x00, 0xff, 0x59, 0xa8, 0x00, 0xff,
    0x59, 0xa8, 0x00, 0xff, 0x59, 0xa8, 0x00, 0xff, 0x59, 0xa8, 0x00, 0xff,
    0x59, 0xa8, 0x00, 0xff, 0x59, 0xa8, 0x00, 0xff, 0x59, 0xa8, 0x00, 0xff,
    0x59, 0xa8, 0x00, 0xff, 0x59, 0xa8, 0x00, 0xff, 0x59, 0xa8, 0x00, 0xff,
    0x59, 0xa8, 0x00, 0xff, 0x59, 0xa8, 0x00, 0xff, 0x59, 0xa8, 0x00, 0xff,
    0x59, 0xa8, 0x00, 0xff, 0x59, 0xa8, 0x00, 0xff, 0x59, 0xa8, 0x00, 0xff,
    0x59, 0xa8, 0x00, 0xff, 0x59, 0xa8, 0x00, 0xff, 0x59, 0xa8, 0x00, 0xff,
    0x59, 0xa8, 0x00, 0xff, 0x59, 0xa8, 0x00, 0xff, 0x59, 0xa8, 0x00, 0xff,
    0x59, 0xa8, 0x00, 0xff, 0x59, 0xa8, 0x00, 0xff, 0x59, 0xa8, 0x00, 0xff,
    0x59, 0xa8, 0x00, 0xff, 0x59, 0xa8, 0x00, 0xff, 0x59, 0xa8, 0x00, 0xff,
    0x59, 0xa8, 0x00, 0xff, 0x59, 0xa8, 0x00, 0xff, 0x59, 0xa8, 0x00, 0xff,
    0x59, 0xa8, 0x00, 0xff, 0x59, 0xa8, 0x00, 0xff, 0x59, 0xa8, 0x00, 0xff,
    0x59, 0xa8, 0x00, 0xff, 0x59, 0xa8, 0x00, 0xff, 0x59, 0xa8, 0x00, 0xff,
    0x59, 0xa8, 0x00, 0xff, 0x59, 0xa8, 0x00, 0xff, 0x59, 0xa8, 0x00, 0xff,
    0x59, 0xa8, 0x00, 0xff, 0x59, 0xa8, 0x00, 0xff, 0x59, 0xa8, 0x00, 0xff,
    0x59, 0xa8, 0x00, 0xff, 0x59, 0xa8, 0x00, 0xff, 0x59, 0xa8, 0x00, 0xff,
    0x59, 0xa8, 0x00, 0xff, 0x59, 0xa8, 0x00, 0xff, 0x59, 0xa8, 0x00, 0xff,
    0x59, 0xa8, 0x00, 0xff, 0x59, 0xa8, 0x00, 0xff, 0x59, 0xa8, 0x00, 0xff,
    0x59, 0xa8, 0x00, 0xff, 0x59, 0xa8, 0x00, 0xff, 0x59, 0xa8, 0x00, 0xff,
    0x59, 0xa8, 0x00, 0xff, 0x59, 0xa8, 0x00, 0xff, 0x59, 0xa8, 0x00, 0xff,
    0x59, 0xa8, 0x00, 0xff, 0x59, 0xa8, 0x00, 0xff, 0x59, 0xa8, 0x00, 0xff,
    0x59, 0xa8, 0x00, 0xff, 0x59, 0xa8, 0x00, 0xff, 0x59, 0xa8, 0x00, 0x91,
    0x59, 0xa8, 0x00, 0xae, 0x59, 0xa8, 0x00, 0xff, 0x59, 0xa8, 0x00, 0xff,
    0x59, 0xa8, 0x00, 0xff, 0x59, 0xa8, 0x00, 0xff, 0x59, 0xa8, 0x00, 0xff,
    0x59, 0xa8, 0x00, 0xff, 0x59, 0xa8, 0x00, 0xff, 0x59, 0xa8, 0x00, 0xff,
    0x59, 0xa8, 0x00, 0xff, 0x59, 0xa8, 0x00, 0xff, 0x59, 0xa8, 0x00, 0xff,
    0x59, 0xa8, 0x00, 0xff, 0x59, 0xa8, 0x00, 0xff, 0x59, 0xa8, 0x00, 0xff,
    0x59, 0xa8, 0x00, 0xff, 0x59, 0xa8, 0x00, 0xff, 0x59, 0xa8, 0x00, 0xff,
    0x59, 0xa8, 0x00, 0xff, 0x59, 0xa8, 0x00, 0xff, 0x59, 0xa8, 0x00, 0xff,
    0x59, 0xa8, 0x00, 0xff, 0x59, 0xa8, 0x00, 0xff, 0x59, 0xa8, 0x00, 0xff,
    0x59, 0xa8, 0x00, 0xff, 0x59, 0xa8, 0x00, 0xff, 0x59, 0xa8, 0x00, 0xff,
    0x59, 0xa8, 0x00, 0xff, 0x59, 0xa8, 0x00, 0xff, 0x59, 0xa8, 0x00, 0xff,
    0x59, 0xa8, 0x00, 0xff, 0x59, 0xa8, 0x00, 0xff, 0x59, 0xa8, 0x00, 0xff,
    0x59, 0xa8, 0x00, 0xff, 0x59, 0xa8, 0x00, 0xff, 0x59, 0xa8, 0x00, 0xff,
    0x59, 0xa8, 0x00, 0xff, 0x59, 0xa8, 0x00, 0xff, 0x59, 0xa8, 0x00, 0xff,
    0x59, 0xa8, 0x00, 0xff, 0x59, 0xa8, 0x00, 0xff, 0x59, 0xa8, 0x00, 0xff,
    0x59, 0xa8, 0x00, 0xff, 0x59, 0xa8, 0x00, 0xff, 0x59, 0xa8, 0x00, 0xff,
    0x59, 0xa8, 0x00, 0xff, 0x59, 0xa8, 0x00, 0xff, 0x59, 0xa8, 0x00, 0xff,
    0x59, 0xa8, 0x00, 0xff, 0x59, 0xa8, 0x00, 0xff, 0x59, 0xa8, 0x00, 0xff,
    0x59, 0xa8, 0x00, 0xff, 0x59, 0xa8, 0x00, 0xff, 0x59, 0xa8, 0x00, 0xff,
    0x59, 0xa8, 0x00, 0xff, 0x59, 0xa8, 0x00, 0xff, 0x59, 0xa8, 0x00, 0xff,
    0x59, 0xa8, 0x00, 0xff, 0x59, 0xa8, 0x00, 0xff, 0x59, 0xa8, 0x00, 0xff,
    0x59, 0xa8, 0x00, 0xff, 0x59, 0xa8, 0x00, 0xff, 0x59, 0xa8, 0x00, 0xff,
    0x59, 0xa8, 0x00, 0xff, 0x59, 0xa8, 0x00, 0xff, 0x59, 0xa8, 0x00, 0xff,
    0x59, 0xa8, 0x00, 0x91, 0x59, 0xa8, 0x00, 0xae, 0x59, 0xa8, 0x00, 0xff,
    0x59, 0xa8, 0x00, 0xff, 0x59, 0xa8, 0x00, 0xff, 0x59, 0xa8, 0x00, 0xff,
    0x59, 0xa8, 0x00, 0xff, 0x59, 0xa8, 0x00, 0xff, 0x59, 0xa8, 0x00, 0xff,
    0x59, 0xa8, 0x00, 0xff, 0x59, 0xa8, 0x00, 0xff, 0x59, 0xa8, 0x00, 0xff,
    0x59, 0xa8, 0x00, 0xff, 0x59, 0xa8, 0x00, 0xff, 0x59, 0xa8, 0x00, 0xff,
    0x59, 0xa8, 0x00, 0xff, 0x59, 0xa8, 0x00, 0xff, 0x59, 0xa8, 0x00, 0xff,
    0x59, 0xa8, 0x00, 0xff, 0x59, 0xa8, 0x00, 0xff, 0x59, 0xa8, 0x00, 0xff,
    0x59, 0xa8, 0x00, 0xff, 0x59, 0xa8, 0x00, 0xff, 0x59, 0xa8, 0x00, 0xff,
    0x59, 0xa8, 0x00, 0xff, 0x59, 0xa8, 0x00, 0xff, 0x59, 0xa8, 0x00, 0xff,
    0x59, 0xa8, 0x00, 0xff, 0x59, 0xa8, 0x00, 0xff, 0x59, 0xa8, 0x00, 0xff,
    0x59, 0xa8, 0x00, 0xff, 0x59, 0xa8, 0x00, 0xff, 0x59, 0xa8, 0x00, 0xff,
    0x59, 0xa8, 0x00, 0xff, 0x59, 0xa8, 0x00, 0xff, 0x59, 0xa8, 0x00, 0xff,
    0x59, 0xa8, 0x00, 0xff, 0x59, 0xa8, 0x00, 0xff, 0x59, 0xa8, 0x00, 0xff,
    0x59, 0xa8, 0x00, 0xff, 0x59, 0xa8, 0x00, 0xff, 0x59, 0xa8, 0x00, 0xff,
    0x59, 0xa8, 0x00, 0xff, 0x59, 0xa8, 0x00, 0xff, 0x59, 0xa8, 0x00, 0xff,
    0x59, 0xa8, 0x00, 0xff, 0x59, 0xa8, 0x00, 0xff, 0x59, 0xa8, 0x00, 0xff,
    0x59, 0xa8, 0x00, 0xff, 0x59, 0xa8, 0x00, 0xff, 0x59, 0xa8, 0x00, 0xff,
    0x59, 0xa8, 0x00, 0xff, 0x59, 0xa8, 0x00, 0xff, 0x59, 0xa8, 0x00, 0xff,
    0x59, 0xa8, 0x00, 0xff, 0x59, 0xa8, 0x00, 0xff, 0x59, 0xa8, 0x00, 0xff,
    0x59, 0xa8, 0x00, 0xff, 0x59, 0xa8, 0x00, 0xff, 0x59, 0xa8, 0x00, 0xff,
    0x59, 0xa8, 0x00, 0xff, 0x59, 0xa8, 0x00, 0xff, 0x59, 0xa8, 0x00, 0xff,
    0x59, 0xa8, 0x00, 0xff, 0x59, 0xa8, 0x00, 0xff, 0x59, 0xa8, 0x00, 0xff,
    0x59, 0xa8, 0x00, 0xff, 0x59, 0xa8, 0x00, 0x91, 0x59, 0xa8, 0x00, 0xae,
    0x59, 0xa8, 0x00, 0xff, 0x59, 0xa8, 0x00, 0xff, 0x59, 0xa8, 0x00, 0xff,
    0x59, 0xa8, 0x00, 0xff, 0x59, 0xa8, 0x00, 0xff, 0x59, 0xa8, 0x00, 0xff,
    0x59, 0xa8, 0x00, 0xff, 0x59, 0xa8, 0x00, 0xff, 0x59, 0xa8, 0x00, 0xff,
    0x59, 0xa8, 0x00, 0xff, 0x59, 0xa8, 0x00, 0xff, 0x59, 0xa8, 0x00, 0xff,
    0x59, 0xa8, 0x00, 0xff, 0x59, 0xa8, 0x00, 0xff, 0x59, 0xa8, 0x00, 0xff,
    0x59, 0xa8, 0x00, 0xff, 0x59, 0xa8, 0x00, 0xff, 0x59, 0xa8, 0x00, 0xff,
    0x59, 0xa8, 0x00, 0xff, 0x59, 0xa8, 0x00, 0xff, 0x59, 0xa8, 0x00, 0xff,
    0x59, 0xa8, 0x00, 0xff, 0x59, 0xa8, 0x00, 0xff, 0x59, 0xa8, 0x00, 0xff,
    0x59, 0xa8, 0x00, 0xff, 0x59, 0xa8, 0x00, 0xff, 0x59, 0xa8, 0x00, 0xff,
    0x59, 0xa8, 0x00, 0xff, 0x59, 0xa8, 0x00, 0xff, 0x59, 0xa8, 0x00, 0xff,
    0x59, 0xa8, 0x00, 0xff, 0x59, 0xa8, 0x00, 0xff, 0x59, 0xa8, 0x00, 0xff,
    0x59, 0xa8, 0x00, 0xff, 0x59, 0xa8, 0x00, 0xff, 0x59, 0xa8, 0x00, 0xff,
    0x59, 0xa8, 0x00, 0xff, 0x59, 0xa8, 0x00, 0xff, 0x59, 0xa8, 0x00, 0xff,
    0x59, 0xa8, 0x00, 0xff, 0x59, 0xa8, 0x00, 0xff, 0x59, 0xa8, 0x00, 0xff,
    0x59, 0xa8, 0x00, 0xff, 0x59, 0xa8, 0x00, 0xff, 0x59, 0xa8, 0x00, 0xff,
    0x59, 0xa8, 0x00, 0xff, 0x59, 0xa8, 0x00, 0xff, 0x59, 0xa8, 0x00, 0xff,
    0x59, 0xa8, 0x00, 0xff, 0x59, 0xa8, 0x00, 0xff, 0x59, 0xa8, 0x00, 0xff,
    0x59, 0xa8, 0x00, 0xff, 0x59, 0xa8, 0x00, 0xff, 0x59, 0xa8, 0x00, 0xff,
    0x59, 0xa8, 0x00, 0xff, 0x59, 0xa8, 0x00, 0xff, 0x59, 0xa8, 0x00, 0xff,
    0x59, 0xa8, 0x00, 0xff, 0x59, 0xa8, 0x00, 0xff, 0x59, 0xa8, 0x00, 0xff,
    0x59, 0xa8, 0x00, 0xff, 0x59, 0xa8, 0x00, 0xff, 0x59, 0xa8, 0x00, 0xff,
    0x59, 0xa8, 0x00, 0xff, 0x59, 0xa8, 0x00, 0xff, 0x59, 0xa8, 0x00, 0x91,
    0x59, 0xa8, 0x00, 0xae, 0x59, 0xa8, 0x00, 0xff, 0x59, 0xa8, 0x00, 0xff,
    0x59, 0xa8, 0x00, 0xff, 0x59, 0xa8, 0x00, 0xff, 0x59, 0xa8, 0x00, 0xff,
    0x59, 0xa8, 0x00, 0xff, 0x59, 0xa8, 0x00, 0xff, 0x59, 0xa8, 0x00, 0xff,
    0x59, 0xa8, 0x00, 0xff, 0x59, 0xa8, 0x00, 0xff, 0x59, 0xa8, 0x00, 0xff,
    0x59, 0xa8, 0x00, 0xff, 0x59, 0xa8, 0x00, 0xff, 0x59, 0xa8, 0x00, 0xff,
    0x59, 0xa8, 0x00, 0xff, 0x59, 0xa8, 0x00, 0xff, 0x59, 0xa8, 0x00, 0xff,
    0x59, 0xa8, 0x00, 0xff, 0x59, 0xa8, 0x00, 0xff, 0x59, 0xa8, 0x00, 0xff,
    0x59, 0xa8, 0x00, 0xff, 0x59, 0xa8, 0x00, 0xff, 0x59, 0xa8, 0x00, 0xff,
    0x59, 0xa8, 0x00, 0xff, 0x59, 0xa8, 0x00, 0xff, 0x59, 0xa8, 0x00, 0xff,
    0x59, 0xa8, 0x00, 0xff, 0x59, 0xa8, 0x00, 0xff, 0x59, 0xa8, 0x00, 0xff,
    0x59, 0xa8, 0x00, 0xff, 0x59, 0xa8, 0x00, 0xff, 0x59, 0xa8, 0x00, 0xff,
    0x59, 0xa8, 0x00, 0xff, 0x59, 0xa8, 0x00, 0xff, 0x59, 0xa8, 0x00, 0xff,
    0x59, 0xa8, 0x00, 0xff, 0x59, 0xa8, 0x00, 0xff, 0x59, 0xa8, 0x00, 0xff,
    0x59, 0xa8, 0x00, 0xff, 0x59, 0xa8, 0x00, 0xff, 0x59, 0xa8, 0x00, 0xff,
    0x59, 0xa8, 0x00, 0xff, 0x59, 0xa8, 0x00, 0xff, 0x59, 0xa8, 0x00, 0xff,
    0x59, 0xa8, 0x00, 0xff, 0x59, 0xa8, 0x00, 0xff, 0x59, 0xa8, 0x00, 0xff,
    0x59, 0xa8, 0x00, 0xff, 0x59, 0xa8, 0x00, 0xff, 0x59, 0xa8, 0x00, 0xff,
    0x59, 0xa8, 0x00, 0xff, 0x59, 0xa8, 0x00, 0xff, 0x59, 0xa8, 0x00, 0xff,
    0x59, 0xa8, 0x00, 0xff, 0x59, 0xa8, 0x00, 0xff, 0x59, 0xa8, 0x00, 0xff,
    0x59, 0xa8, 0x00, 0xff, 0x59, 0xa8, 0x00, 0xff, 0x59, 0xa8, 0x00, 0xff,
    0x59, 0xa8, 0x00, 0xff, 0x59, 0xa8, 0x00, 0xff, 0x59, 0xa8, 0x00, 0xff,
    0x59, 0xa8, 0x00, 0xff, 0x59, 0xa8, 0x00, 0xff, 0x59, 0xa8, 0x00, 0xff,
    0x59, 0xa8, 0x00, 0x91, 0x59, 0xa8, 0x00, 0xae, 0x59, 0xa8, 0x00, 0xff,
    0x59, 0xa8, 0x00, 0xff, 0x59, 0xa8, 0x00, 0xff, 0x59, 0xa8, 0x00, 0xff,
    0x59, 0xa8, 0x00, 0xff, 0x59, 0xa8, 0x00, 0xff, 0x59, 0xa8, 0x00, 0xff,
    0x59, 0xa8, 0x00, 0xff, 0x59, 0xa8, 0x00, 0xff, 0x59, 0xa8, 0x00, 0xff,
    0x59, 0xa8, 0x00, 0xff, 0x59, 0xa8, 0x00, 0xff, 0x59, 0xa8, 0x00, 0xff,
    0x59, 0xa8, 0x00, 0xff, 0x59, 0xa8, 0x00, 0xff, 0x59, 0xa8, 0x00, 0xff,
    0x59, 0xa8, 0x00, 0xff, 0x59, 0xa8, 0x00, 0xff, 0x59, 0xa8, 0x00, 0xff,
    0x59, 0xa8, 0x00, 0xff, 0x59, 0xa8, 0x00, 0xff, 0x59, 0xa8, 0x00, 0xff,
    0x59, 0xa8, 0x00, 0xff, 0x59, 0xa8, 0x00, 0xff, 0x59, 0xa8, 0x00, 0xff,
    0x59, 0xa8, 0x00, 0xff, 0x59, 0xa8, 0x00, 0xff, 0x59, 0xa8, 0x00, 0xff,
    0x59, 0xa8, 0x00, 0xff, 0x59, 0xa8, 0x00, 0xff, 0x59, 0xa8, 0x00, 0xff,
    0x59, 0xa8, 0x00, 0xff, 0x59, 0xa8, 0x00, 0xff, 0x59, 0xa8, 0x00, 0xff,
    0x59, 0xa8, 0x00, 0xff, 0x59, 0xa8, 0x00, 0xff, 0x59, 0xa8, 0x00, 0xff,
    0x59, 0xa8, 0x00, 0xff, 0x59, 0xa8, 0x00, 0xff, 0x59, 0xa8, 0x00, 0xff,
    0x59, 0xa8, 0x00, 0xff, 0x59, 0xa8, 0x00, 0xff, 0x59, 0xa8, 0x00, 0xff,
    0x59, 0xa8, 0x00, 0xff, 0x59, 0xa8, 0x00, 0xff, 0x59, 0xa8, 0x00, 0xff,
    0x59, 0xa8, 0x00, 0xff, 0x59, 0xa8, 0x00, 0xff, 0x59, 0xa8, 0x00, 0xff,
    0x59, 0xa8, 0x00, 0xff, 0x59, 0xa8, 0x00, 0xff, 0x59, 0xa8, 0x00, 0xff,
    0x59, 0xa8, 0x00, 0xff, 0x59, 0xa8, 0x00, 0xff, 0x59, 0xa8, 0x00, 0xff,
    0x59, 0xa8, 0x00, 0xff, 0x59, 0xa8, 0x00, 0xff, 0x59, 0xa8, 0x00, 0xff,
    0x59, 0xa8, 0x00, 0xff, 0x59, 0xa8, 0x00, 0xff, 0x59, 0xa8, 0x00, 0xff,
    0x59, 0xa8, 0x00, 0xff, 0x59, 0xa8, 0x00, 0xff, 0x59, 0xa8, 0x00, 0xff,
    0x59, 0xa8, 0x00, 0xff, 0x59, 0xa8, 0x00, 0x91, 0x59, 0xa8, 0x00, 0xae,
    0x59, 0xa8, 0x00, 0xff, 0x59, 0xa8, 0x00, 0xff, 0x59, 0xa8, 0x00, 0xff,
    0x59, 0xa8, 0x00, 0xff, 0x59, 0xa8, 0x00, 0xff, 0x59, 0xa8, 0x00, 0xff,
    0x59, 0xa8, 0x00, 0xff, 0x59, 0xa8, 0x00, 0xff, 0x59, 0xa8, 0x00, 0xff,
    0x59, 0xa8, 0x00, 0xff, 0x59, 0xa8, 0x00, 0xff, 0x59, 0xa8, 0x00, 0xff,
    0x59, 0xa8, 0x00, 0xff, 0x59, 0xa8, 0x00, 0xff, 0x59, 0xa8, 0x00, 0xff,
    0x59, 0xa8, 0x00, 0xff, 0x59, 0xa8, 0x00, 0xff, 0x59, 0xa8, 0x00, 0xff,
    0x59, 0xa8, 0x00, 0xff, 0x59, 0xa8, 0x00, 0xff, 0x59, 0xa8, 0x00, 0xff,
    0x59, 0xa8, 0x00, 0xff, 0x59, 0xa8, 0x00, 0xff, 0x59, 0xa8, 0x00, 0xff,
    0x59, 0xa8, 0x00, 0xff, 0x59, 0xa8, 0x00, 0xff, 0x59, 0xa8, 0x00, 0xff,
    0x59, 0xa8, 0x00, 0xff, 0x59, 0xa8, 0x00, 0xff, 0x59, 0xa8, 0x00, 0xff,
    0x59, 0xa8, 0x00, 0xff, 0x59, 0xa8, 0x00, 0xff, 0x59, 0xa8, 0x00, 0xff,
    0x59, 0xa8, 0x00, 0xff, 0x59, 0xa8, 0x00, 0xff, 0x59, 0xa8, 0x00, 0xff,
    0x59, 0xa8, 0x00, 0xff, 0x59, 0xa8, 0x00, 0xff, 0x59, 0xa8, 0x00, 0xff,
    0x59, 0xa8, 0x00, 0xff, 0x59, 0xa8, 0x00, 0xff, 0x59, 0xa8, 0x00, 0xff,
    0x59, 0xa8, 0x00, 0xff, 0x59, 0xa8, 0x00, 0xff, 0x59, 0xa8, 0x00, 0xff,
    0x59, 0xa8, 0x00, 0xff, 0x59, 0xa8, 0x00, 0xff, 0x59, 0xa8, 0x00, 0xff,
    0x59, 0xa8, 0x00, 0xff, 0x59, 0xa8, 0x00, 0xff, 0x59, 0xa8, 0x00, 0xff,
    0x59, 0xa8, 0x00, 0xff, 0x59, 0xa8, 0x00, 0xff, 0x59, 0xa8, 0x00, 0xff,
    0x59, 0xa8, 0x00, 0xff, 0x59, 0xa8, 0x00, 0xff, 0x59, 0xa8, 0x00, 0xff,
    0x59, 0xa8, 0x00, 0xff, 0x59, 0xa8, 0x00, 0xff, 0x59, 0xa8, 0x00, 0xff,
    0x59, 0xa8, 0x00, 0xff, 0x59, 0xa8, 0x00, 0xff, 0x59, 0xa8, 0x00, 0xff,
    0x59, 0xa8, 0x00, 0xff, 0x59, 0xa8, 0x00, 0xff, 0x59, 0xa8, 0x00, 0x91,
    0x59, 0xa8, 0x00, 0xae, 0x59, 0xa8, 0x00, 0xff, 0x59, 0xa8, 0x00, 0xff,
    0x59, 0xa8, 0x00, 0xff, 0x59, 0xa8, 0x00, 0xff, 0x59, 0xa8, 0x00, 0xff,
    0x59, 0xa8, 0x00, 0xff, 0x59, 0xa8, 0x00, 0xff, 0x59, 0xa8, 0x00, 0xff,
    0x59, 0xa8, 0x00, 0xff, 0x59, 0xa8, 0x00, 0xff, 0x59, 0xa8, 0x00, 0xff,
    0x59, 0xa8, 0x00, 0xff, 0x59, 0xa8, 0x00, 0xff, 0x59, 0xa8, 0x00, 0xff,
    0x59, 0xa8, 0x00, 0xff, 0x59, 0xa8, 0x00, 0xff, 0x59, 0xa8, 0x00, 0xff,
    0x59, 0xa8, 0x00, 0xff, 0x59, 0xa8, 0x00, 0xff, 0x59, 0xa8, 0x00, 0xff,
    0x59, 0xa8, 0x00, 0xff, 0x59, 0xa8, 0x00, 0xff, 0x59, 0xa8, 0x00, 0xff,
    0x59, 0xa8, 0x00, 0xff, 0x59, 0xa8, 0x00, 0xff, 0x59, 0xa8, 0x00, 0xff,
    0x59, 0xa8, 0x00, 0xff, 0x59, 0xa8, 0x00, 0xff, 0x59, 0xa8, 0x00, 0xff,
    0x59, 0xa8, 0x00, 0xff, 0x59, 0xa8, 0x00, 0xff, 0x59, 0xa8, 0x00, 0xff,
    0x59, 0xa8, 0x00, 0xff, 0x59, 0xa8, 0x00, 0xff, 0x59, 0xa8, 0x00, 0xff,
    0x59, 0xa8, 0x00, 0xff, 0x59, 0xa8, 0x00, 0xff, 0x59, 0xa8, 0x00, 0xff,
    0x59, 0xa8, 0x00, 0xff, 0x59, 0xa8, 0x00, 0xff, 0x59, 0xa8, 0x00, 0xff,
    0x59, 0xa8, 0x00, 0xff, 0x59, 0xa8, 0x00, 0xff, 0x59, 0xa8, 0x00, 0xff,
    0x59, 0xa8, 0x00, 0xff, 0x59, 0xa8, 0x00, 0xff, 0x59, 0xa8, 0x00, 0xff,
    0x59, 0xa8, 0x00, 0xff, 0x59, 0xa8, 0x00, 0xff, 0x59, 0xa8, 0x00, 0xff,
    0x59, 0xa8, 0x00, 0xff, 0x59, 0xa8, 0x00, 0xff, 0x59, 0xa8, 0x00, 0xff,
    0x59, 0xa8, 0x00, 0xff, 0x59, 0xa8, 0x00, 0xff, 0x59, 0xa8, 0x00, 0xff,
    0x59, 0xa8, 0x00, 0xff, 0x59, 0xa8, 0x00, 0xff, 0x59, 0xa8, 0x00, 0xff,
    0x59, 0xa8, 0x00, 0xff, 0x59, 0xa8, 0x00, 0xff, 0x59, 0xa8, 0x00, 0xff,
    0x59, 0xa8, 0x00, 0xff, 0x59, 0xa8, 0x00, 0xff, 0x59, 0xa8, 0x00, 0xff,
    0x59, 0xa8, 0x00, 0x91, 0x59, 0xa8, 0x00, 0xae, 0x59, 0xa8, 0x00, 0xff,
    0x59, 0xa8, 0x00, 0xff, 0x59, 0xa8, 0x00, 0xff, 0x59, 0xa8, 0x00, 0xff,
    0x59, 0xa8, 0x00, 0xff, 0x59, 0xa8, 0x00, 0xff, 0x59, 0xa8, 0x00, 0xff,
    0x59, 0xa8, 0x00, 0xff, 0x59, 0xa8, 0x00, 0xff, 0x59, 0xa8, 0x00, 0xff,
    0x59, 0xa8, 0x00, 0xff, 0x59, 0xa8, 0x00, 0xff, 0x59, 0xa8, 0x00, 0xff,
    0x59, 0xa8, 0x00, 0xff, 0x59, 0xa8, 0x00, 0xff, 0x59, 0xa8, 0x00, 0xff,
    0x59, 0xa8, 0x00, 0xff, 0x59, 0xa8, 0x00, 0xff, 0x59, 0xa8, 0x00, 0xff,
    0x59, 0xa8, 0x00, 0xff, 0x59, 0xa8, 0x00, 0xff, 0x59, 0xa8, 0x00, 0xff,
    0x59, 0xa8, 0x00, 0xff, 0x59, 0xa8, 0x00, 0xff, 0x59, 0xa8, 0x00, 0xff,
    0x59, 0xa8, 0x00, 0xff, 0x59, 0xa8, 0x00, 0xff, 0x59, 0xa8, 0x00, 0xff,
    0x59, 0xa8, 0x00, 0xff, 0x59, 0xa8, 0x00, 0xff, 0x59, 0xa8, 0x00, 0xff,
    0x59, 0xa8, 0x00, 0xff, 0x59, 0xa8, 0x00, 0xff, 0x59, 0xa8, 0x00, 0xff,
    0x59, 0xa8, 0x00, 0xff, 0x59, 0xa8, 0x00, 0xff, 0x59, 0xa8, 0x00, 0xff,
    0x59, 0xa8, 0x00, 0xff, 0x59, 0xa8, 0x00, 0xff, 0x59, 0xa8, 0x00, 0xff,
    0x59, 0xa8, 0x00, 0xff, 0x59, 0xa8, 0x00, 0xff, 0x59, 0xa8, 0x00, 0xff,
    0x59, 0xa8, 0x00, 0xff, 0x59, 0xa8, 0x00, 0xff, 0x59, 0xa8, 0x00, 0xff,
    0x59, 0xa8, 0x00, 0xff, 0x59, 0xa8, 0x00, 0xff, 0x59, 0xa8, 0x00, 0xff,
    0x59, 0xa8, 0x00, 0xff, 0x59, 0xa8, 0x00, 0xff, 0x59, 0xa8, 0x00, 0xff,
    0x59, 0xa8, 0x00, 0xff, 0x59, 0xa8, 0x00, 0xff, 0x59, 0xa8, 0x00, 0xff,
    0x59, 0xa8, 0x00, 0xff, 0x59, 0xa8, 0x00, 0xff, 0x59, 0xa8, 0x00, 0xff,
    0x59, 0xa8, 0x00, 0xff, 0x59, 0xa8, 0x00, 0xff, 0x59, 0xa8, 0x00, 0xff,
    0x59, 0xa8, 0x00, 0xff, 0x59, 0xa8, 0x00, 0xff, 0x59, 0xa8, 0x00, 0xff,
    0x59, 0xa8, 0x00, 0xff, 0x59, 0xa8, 0x00, 0x91, 0x59, 0xa8, 0x00, 0xae,
    0x59, 0xa8, 0x00, 0xff, 0x59, 0xa8, 0x00, 0xff, 0x59, 0xa8, 0x00, 0xff,
    0x59, 0xa8, 0x00, 0xff, 0x59, 0xa8, 0x00, 0xff, 0x59, 0xa8, 0x00, 0xff,
    0x59, 0xa8, 0x00, 0xff, 0x59, 0xa8, 0x00, 0xff, 0x59, 0xa8, 0x00, 0xff,
    0x59, 0xa8, 0x00, 0xff, 0x59, 0xa8, 0x00, 0xff, 0x59, 0xa8, 0x00, 0xff,
    0x59, 0xa8, 0x00, 0xff, 0x59, 0xa8, 0x00, 0xff, 0x59, 0xa8, 0x00, 0xff,
    0x59, 0xa8, 0x00, 0xff, 0x59, 0xa8, 0x00, 0xff, 0x59, 0xa8, 0x00, 0xff,
    0x59, 0xa8, 0x00, 0xff, 0x59, 0xa8, 0x00, 0xff, 0x59, 0xa8, 0x00, 0xff,
    0x59, 0xa8, 0x00, 0xff, 0x59, 0xa8, 0x00, 0xff, 0x59, 0xa8, 0x00, 0xff,
    0x59, 0xa8, 0x00, 0xff, 0x59, 0xa8, 0x00, 0xff, 0x59, 0xa8, 0x00, 0xff,
    0x59, 0xa8, 0x00, 0xff, 0x59, 0xa8, 0x00, 0xff, 0x59, 0xa8, 0x00, 0xff,
    0x59, 0xa8, 0x00, 0xff, 0x59, 0xa8, 0x00, 0xff, 0x59, 0xa8, 0x00, 0xff,
    0x59, 0xa8, 0x00, 0xff, 0x59, 0xa8, 0x00, 0xff, 0x59, 0xa8, 0x00, 0xff,
    0x59, 0xa8, 0x00, 0xff, 0x59, 0xa8, 0x00, 0xff, 0x59, 0xa8, 0x00, 0xff,
    0x59, 0xa8, 0x00, 0xff, 0x59, 0xa8, 0x00, 0xff, 0x59, 0xa8, 0x00, 0xff,
    0x59, 0xa8, 0x00, 0xff, 0x59, 0xa8, 0x00, 0xff, 0x59, 0xa8, 0x00, 0xff,
    0x59, 0xa8, 0x00, 0xff, 0x59, 0xa8, 0x00, 0xff, 0x59, 0xa8, 0x00, 0xff,
    0x59, 0xa8, 0x00, 0xff, 0x59, 0xa8, 0x00, 0xff, 0x59, 0xa8, 0x00, 0xff,
    0x59, 0xa8, 0x00, 0xff, 0x59, 0xa8, 0x00, 0xff, 0x59, 0xa8, 0x00, 0xff,
    0x59, 0xa8, 0x00, 0xff, 0x59, 0xa8, 0x00, 0xff, 0x59, 0xa8, 0x00, 0xff,
    0x59, 0xa8, 0x00, 0xff, 0x59, 0xa8, 0x00, 0xff, 0x59, 0xa8, 0x00, 0xff,
    0x59, 0xa8, 0x00, 0xff, 0x59, 0xa8, 0x00, 0xff, 0x59, 0xa8, 0x00, 0xff,
    0x59, 0xa8, 0x00, 0xff, 0x59, 0xa8, 0x00, 0xff, 0x59, 0xa8, 0x00, 0x91,
    0x59, 0xa8, 0x00, 0xae, 0x59, 0xa8, 0x00, 0xff, 0x59, 0xa8, 0x00, 0xff,
    0x59, 0xa8, 0x00, 0xff, 0x59, 0xa8, 0x00, 0xff, 0x59, 0xa8, 0x00, 0xff,
    0x59, 0xa8, 0x00, 0xff, 0x59, 0xa8, 0x00, 0xff, 0x59, 0xa8, 0x00, 0xff,
    0x59, 0xa8, 0x00, 0xff, 0x59, 0xa8, 0x00, 0xff, 0x59, 0xa8, 0x00, 0xff,
    0x59, 0xa8, 0x00, 0xff, 0x59, 0xa8, 0x00, 0xff, 0x59, 0xa8, 0x00, 0xff,
    0x59, 0xa8, 0x00, 0xff, 0x59, 0xa8, 0x00, 0xff, 0x59, 0xa8, 0x00, 0xff,
    0x59, 0xa8, 0x00, 0xff, 0x59, 0xa8, 0x00, 0xff, 0x59, 0xa8, 0x00, 0xff,
    0x59, 0xa8, 0x00, 0xff, 0x59, 0xa8, 0x00, 0xff, 0x59, 0xa8, 0x00, 0xff,
    0x59, 0xa8, 0x00, 0xff, 0x59, 0xa8, 0x00, 0xff, 0x59, 0xa8, 0x00, 0xff,
    0x59, 0xa8, 0x00, 0xff, 0x59, 0xa8, 0x00, 0xff, 0x59, 0xa8, 0x00, 0xff,
    0x59, 0xa8, 0x00, 0xff, 0x59, 0xa8, 0x00, 0xff, 0x59, 0xa8, 0x00, 0xff,
    0x59, 0xa8, 0x00, 0xff, 0x59, 0xa8, 0x00, 0xff, 0x59, 0xa8, 0x00, 0xff,
    0x59, 0xa8, 0x00, 0xff, 0x59, 0xa8, 0x00, 0xff, 0x59, 0xa8, 0x00, 0xff,
    0x59, 0xa8, 0x00, 0xff, 0x59, 0xa8, 0x00, 0xff, 0x59, 0xa8, 0x00, 0xff,
    0x59, 0xa8, 0x00, 0xff, 0x59, 0xa8, 0x00, 0xff, 0x59, 0xa8, 0x00, 0xff,
    0x59, 0xa8, 0x00, 0xff, 0x59, 0xa8, 0x00, 0xff, 0x59, 0xa8, 0x00, 0xff,
    0x59, 0xa8, 0x00, 0xff, 0x59, 0xa8, 0x00, 0xff, 0x59, 0xa8, 0x00, 0xff,
    0x59, 0xa8, 0x00, 0xff, 0x59, 0xa8, 0x00, 0xff, 0x59, 0xa8, 0x00, 0xff,
    0x59, 0xa8, 0x00, 0xff, 0x59, 0xa8, 0x00, 0xff, 0x59, 0xa8, 0x00, 0xff,
    0x59, 0xa8, 0x00, 0xff, 0x59, 0xa8, 0x00, 0xff, 0x59, 0xa8, 0x00, 0xff,
    0x59, 0xa8, 0x00, 0xff, 0x59, 0xa8, 0x00, 0xff, 0x59, 0xa8, 0x00, 0xff,
    0x59, 0xa8, 0x00, 0xff, 0x59, 0xa8, 0x00, 0xff, 0x59, 0xa8, 0x00, 0xff,
    0x59, 0xa8, 0x00, 0x91, 0x59, 0xa8, 0x00, 0xae, 0x59, 0xa8, 0x00, 0xff,
    0x59, 0xa8, 0x00, 0xff, 0x59, 0xa8, 0x00, 0xff, 0x59, 0xa8, 0x00, 0xff,
    0x59, 0xa8, 0x00, 0xff, 0x59, 0xa8, 0x00, 0xff, 0x59, 0xa8, 0x00, 0xff,
    0x59, 0xa8, 0x00, 0xff, 0x59, 0xa8, 0x00, 0xff, 0x59, 0xa8, 0x00, 0xff,
    0x59, 0xa8, 0x00, 0xff, 0x59, 0xa8, 0x00, 0xff, 0x59, 0xa8, 0x00, 0xff,
    0x59, 0xa8, 0x00, 0xff, 0x59, 0xa8, 0x00, 0xff, 0x59, 0xa8, 0x00, 0xff,
    0x59, 0xa8, 0x00, 0xff, 0x59, 0xa8, 0x00, 0xff, 0x59, 0xa8, 0x00, 0xff,
    0x59, 0xa8, 0x00, 0xff, 0x59, 0xa8, 0x00, 0xff, 0x59, 0xa8, 0x00, 0xff,
    0x59, 0xa8, 0x00, 0xff, 0x59, 0xa8, 0x00, 0xff, 0x59, 0xa8, 0x00, 0xff,
    0x59, 0xa8, 0x00, 0xff, 0x59, 0xa8, 0x00, 0xff, 0x59, 0xa8, 0x00, 0xff,
    0x59, 0xa8, 0x00, 0xff, 0x59, 0xa8, 0x00, 0xff, 0x59, 0xa8, 0x00, 0xff,
    0x59, 0xa8, 0x00, 0xff, 0x59, 0xa8, 0x00, 0xff, 0x59, 0xa8, 0x00, 0xff,
    0x59, 0xa8, 0x00, 0xff, 0x59, 0xa8, 0x00, 0xff, 0x59, 0xa8, 0x00, 0xff,
    0x59, 0xa8, 0x00, 0xff, 0x59, 0xa8, 0x00, 0xff, 0x59, 0xa8, 0x00, 0xff,
    0x59, 0xa8, 0x00, 0xff, 0x59, 0xa8, 0x00, 0xff, 0x59, 0xa8, 0x00, 0xff,
    0x59, 0xa8, 0x00, 0xff, 0x59, 0xa8, 0x00, 0xff, 0x59, 0xa8, 0x00, 0xff,
    0x59, 0xa8, 0x00, 0xff, 0x59, 0xa8, 0x00, 0xff, 0x59, 0xa8, 0x00, 0xff,
    0x59, 0xa8, 0x00, 0xff, 0x59, 0xa8, 0x00, 0xff, 0x59, 0xa8, 0x00, 0xff,
    0x59, 0xa8, 0x00, 0xff, 0x59, 0xa8, 0x00, 0xff, 0x59, 0xa8, 0x00, 0xff,
    0x59, 0xa8, 0x00, 0xff, 0x59, 0xa8, 0x00, 0xff, 0x59, 0xa8, 0x00, 0xff,
    0x59, 0xa8, 0x00, 0xff, 0x59, 0xa8, 0x00, 0xff, 0x59, 0xa8, 0x00, 0xff,
    0x59, 0xa8, 0x00, 0xff, 0x59, 0xa8, 0x00, 0xff, 0x59, 0xa8, 0x00, 0xff,
    0x59, 0xa8, 0x00, 0xff, 0x59, 0xa8, 0x00, 0x91, 0x59, 0xa8, 0x00, 0xae,
    0x59, 0xa8, 0x00, 0xff, 0x59, 0xa8, 0x00, 0xff, 0x59, 0xa8, 0x00, 0xff,
    0x59, 0xa8, 0x00, 0xff, 0x59, 0xa8, 0x00, 0xff, 0x59, 0xa8, 0x00, 0xff,
    0x59, 0xa8, 0x00, 0xff, 0x59, 0xa8, 0x00, 0xff, 0x59, 0xa8, 0x00, 0xff,
    0x59, 0xa8, 0x00, 0xff, 0x59, 0xa8, 0x00, 0xff, 0x59, 0xa8, 0x00, 0xff,
    0x59, 0xa8, 0x00, 0xff, 0x59, 0xa8, 0x00, 0xff, 0x59, 0xa8, 0x00, 0xff,
    0x59, 0xa8, 0x00, 0xff, 0x59, 0xa8, 0x00, 0xff, 0x59, 0xa8, 0x00, 0xff,
    0x59, 0xa8, 0x00, 0xff, 0x59, 0xa8, 0x00, 0xff, 0x59, 0xa8, 0x00, 0xff,
    0x59, 0xa8, 0x00, 0xff, 0x59, 0xa8, 0x00, 0xff, 0x59, 0xa8, 0x00, 0xff,
    0x59, 0xa8, 0x00, 0xff, 0x59, 0xa8, 0x00, 0xff, 0x59, 0xa8, 0x00, 0xff,
    0x59, 0xa8, 0x00, 0xff, 0x59, 0xa8, 0x00, 0xff, 0x59, 0xa8, 0x00, 0xff,
    0x59, 0xa8, 0x00, 0xff, 0x59, 0xa8, 0x00, 0xff, 0x59, 0xa8, 0x00, 0xff,
    0x59, 0xa8, 0x00, 0xff, 0x59, 0xa8, 0x00, 0xff, 0x59, 0xa8, 0x00, 0xff,
    0x59, 0xa8, 0x00, 0xff, 0x59, 0xa8, 0x00, 0xff, 0x59, 0xa8, 0x00, 0xff,
    0x59, 0xa8, 0x00, 0xff, 0x59, 0xa8, 0x00, 0xff, 0x59, 0xa8, 0x00, 0xff,
    0x59, 0xa8, 0x00, 0xff, 0x59, 0xa8, 0x00, 0xff, 0x59, 0xa8, 0x00, 0xff,
    0x59, 0xa8, 0x00, 0xff, 0x59, 0xa8, 0x00, 0xff, 0x59, 0xa8, 0x00, 0xff,
    0x59, 0xa8, 0x00, 0xff, 0x59, 0xa8, 0x00, 0xff, 0x59, 0xa8, 0x00, 0xff,
    0x59, 0xa8, 0x00, 0xff, 0x59, 0xa8, 0x00, 0xff, 0x59, 0xa8, 0x00, 0xff,
    0x59, 0xa8, 0x00, 0xff, 0x59, 0xa8, 0x00, 0xff, 0x59, 0xa8, 0x00, 0xff,
    0x59, 0xa8, 0x00, 0xff, 0x59, 0xa8, 0x00, 0xff, 0x59, 0xa8, 0x00, 0xff,
    0x59, 0xa8, 0x00, 0xff, 0x59, 0xa8, 0x00, 0xff, 0x59, 0xa8, 0x00, 0xff,
    0x59, 0xa8, 0x00, 0xff, 0x59, 0xa8, 0x00, 0xff, 0x59, 0xa8, 0x00, 0x91,
    0x59, 0xa8, 0x00, 0xae, 0x59, 0xa8, 0x00, 0xff, 0x59, 0xa8, 0x00, 0xff,
    0x59, 0xa8, 0x00, 0xff, 0x59, 0xa8, 0x00, 0xff, 0x59, 0xa8, 0x00, 0xff,
    0x59, 0xa8, 0x00, 0xff, 0x59, 0xa8, 0x00, 0xff, 0x59, 0xa8, 0x00, 0xff,
    0x59, 0xa8, 0x00, 0xff, 0x59, 0xa8, 0x00, 0xff, 0x59, 0xa8, 0x00, 0xff,
    0x59, 0xa8, 0x00, 0xff, 0x59, 0xa8, 0x00, 0xff, 0x59, 0xa8, 0x00, 0xff,
    0x59, 0xa8, 0x00, 0xff, 0x59, 0xa8, 0x00, 0xff, 0x59, 0xa8, 0x00, 0xff,
    0x59, 0xa8, 0x00, 0xff, 0x59, 0xa8, 0x00, 0xff, 0x59, 0xa8, 0x00, 0xff,
    0x59, 0xa8, 0x00, 0xff, 0x59, 0xa8, 0x00, 0xff, 0x59, 0xa8, 0x00, 0xff,
    0x59, 0xa8, 0x00, 0xff, 0x59, 0xa8, 0x00, 0xff, 0x59, 0xa8, 0x00, 0xff,
    0x59, 0xa8, 0x00, 0xff, 0x59, 0xa8, 0x00, 0xff, 0x59, 0xa8, 0x00, 0xff,
    0x59, 0xa8, 0x00, 0xff, 0x59, 0xa8, 0x00, 0xff, 0x59, 0xa8, 0x00, 0xff,
    0x59, 0xa8, 0x00, 0xff, 0x59, 0xa8, 0x00, 0xff, 0x59, 0xa8, 0x00, 0xff,
    0x59, 0xa8, 0x00, 0xff, 0x59, 0xa8, 0x00, 0xff, 0x59, 0xa8, 0x00, 0xff,
    0x59, 0xa8, 0x00, 0xff, 0x59, 0xa8, 0x00, 0xff, 0x59, 0xa8, 0x00, 0xff,
    0x59, 0xa8, 0x00, 0xff, 0x59, 0xa8, 0x00, 0xff, 0x59, 0xa8, 0x00, 0xff,
    0x59, 0xa8, 0x00, 0xff, 0x59, 0xa8, 0x00, 0xff, 0x59, 0xa8, 0x00, 0xff,
    0x59, 0xa8, 0x00, 0xff, 0x59, 0xa8, 0x00, 0xff, 0x59, 0xa8, 0x00, 0xff,
    0x59, 0xa8, 0x00, 0xff, 0x59, 0xa8, 0x00, 0xff, 0x59, 0xa8, 0x00, 0xff,
    0x59, 0xa8, 0x00, 0xff, 0x59, 0xa8, 0x00, 0xff, 0x59, 0xa8, 0x00, 0xff,
    0x59, 0xa8, 0x00, 0xff, 0x59, 0xa8, 0x00, 0xff, 0x59, 0xa8, 0x00, 0xff,
    0x59, 0xa8, 0x00, 0xff, 0x59, 0xa8, 0x00, 0xff, 0x59, 0xa8, 0x00, 0xff,
    0x59, 0xa8, 0x00, 0xff, 0x59, 0xa8, 0x00, 0xff, 0x59, 0xa8, 0x00, 0xff,
    0x59, 0xa8, 0x00, 0x91, 0x59, 0xa8, 0x00, 0xae, 0x59, 0xa8, 0x00, 0xff,
    0x59, 0xa8, 0x00, 0xff, 0x59, 0xa8, 0x00, 0xff, 0x59, 0xa8, 0x00, 0xff,
    0x59, 0xa8, 0x00, 0xff, 0x59, 0xa8, 0x00, 0xff, 0x59, 0xa8, 0x00, 0xff,
    0x59, 0xa8, 0x00, 0xff, 0x59, 0xa8, 0x00, 0xff, 0x59, 0xa8, 0x00, 0xff,
    0x59, 0xa8, 0x00, 0xff, 0x59, 0xa8, 0x00, 0xff, 0x59, 0xa8, 0x00, 0xff,
    0x59, 0xa8, 0x00, 0xff, 0x59, 0xa8, 0x00, 0xff, 0x59, 0xa8, 0x00, 0xff,
    0x59, 0xa8, 0x00, 0xff, 0x59, 0xa8, 0x00, 0xff, 0x59, 0xa8, 0x00, 0xff,
    0x59, 0xa8, 0x00, 0xff, 0x59, 0xa8, 0x00, 0xff, 0x59, 0xa8, 0x00, 0xff,
    0x59, 0xa8, 0x00, 0xff, 0x59, 0xa8, 0x00, 0xff, 0x59, 0xa8, 0x00, 0xff,
    0x59, 0xa8, 0x00, 0xff, 0x59, 0xa8, 0x00, 0xff, 0x59, 0xa8, 0x00, 0xff,
    0x59, 0xa8, 0x00, 0xff, 0x59, 0xa8, 0x00, 0xff, 0x59, 0xa8, 0x00, 0xff,
    0x59, 0xa8, 0x00, 0xff, 0x59, 0xa8, 0x00, 0xff, 0x59, 0xa8, 0x00, 0xff,
    0x59, 0xa8, 0x00, 0xff, 0x59, 0xa8, 0x00, 0xff, 0x59, 0xa8, 0x00, 0xff,
    0x59, 0xa8, 0x00, 0xff, 0x59, 0xa8, 0x00, 0xff, 0x59, 0xa8, 0x00, 0xff,
    0x59, 0xa8, 0x00, 0xff, 0x59, 0xa8, 0x00, 0xff, 0x59, 0xa8, 0x00, 0xff,
    0x59, 0xa8, 0x00, 0xff, 0x59, 0xa8, 0x00, 0xff, 0x59, 0xa8, 0x00, 0xff,
    0x59, 0xa8, 0x00, 0xff, 0x59, 0xa8, 0x00, 0xff, 0x59, 0xa8, 0x00, 0xff,
    0x59, 0xa8, 0x00, 0xff, 0x59, 0xa8, 0x00, 0xff, 0x59, 0xa8, 0x00, 0xff,
    0x59, 0xa8, 0x00, 0xff, 0x59, 0xa8, 0x00, 0xff, 0x59, 0xa8, 0x00, 0xff,
    0x59, 0xa8, 0x00, 0xff, 0x59, 0xa8, 0x00, 0xff, 0x59, 0xa8, 0x00, 0xff,
    0x59, 0xa8, 0x00, 0xff, 0x59, 0xa8, 0x00, 0xff, 0x59, 0xa8, 0x00, 0xff,
    0x59, 0xa8, 0x00, 0xff, 0x59, 0xa8, 0x00, 0xff, 0x59, 0xa8, 0x00, 0xff,
    0x59, 0xa8, 0x00, 0xff, 0x59, 0xa8, 0x00, 0x91, 0x59, 0xa8, 0x00, 0xae,
    0x59, 0xa8, 0x00, 0xff, 0x59, 0xa8, 0x00, 0xff, 0x59, 0xa8, 0x00, 0xff,
    0x59, 0xa8, 0x00, 0xff, 0x59, 0xa8, 0x00, 0xff, 0x59, 0xa8, 0x00, 0xff,
    0x59, 0xa8, 0x00, 0xff, 0x59, 0xa8, 0x00, 0xff, 0x59, 0xa8, 0x00, 0xff,
    0x59, 0xa8, 0x00, 0xff, 0x59, 0xa8, 0x00, 0xff, 0x59, 0xa8, 0x00, 0xff,
    0x59, 0xa8, 0x00, 0xff, 0x59, 0xa8, 0x00, 0xff, 0x59, 0xa8, 0x00, 0xff,
    0x59, 0xa8, 0x00, 0xff, 0x59, 0xa8, 0x00, 0xff, 0x59, 0xa8, 0x00, 0xff,
    0x59, 0xa8, 0x00, 0xff, 0x59, 0xa8, 0x00, 0xff, 0x59, 0xa8, 0x00, 0xff,
    0x59, 0xa8, 0x00, 0xff, 0x59, 0xa8, 0x00, 0xff, 0x59, 0xa8, 0x00, 0xff,
    0x59, 0xa8, 0x00, 0xff, 0x59, 0xa8, 0x00, 0xff, 0x59, 0xa8, 0x00, 0xff,
    0x59, 0xa8, 0x00, 0xff, 0x59, 0xa8, 0x00, 0xff, 0x59, 0xa8, 0x00, 0xff,
    0x59, 0xa8, 0x00, 0xff, 0x59, 0xa8, 0x00, 0xff, 0x59, 0xa8, 0x00, 0xff,
    0x59, 0xa8, 0x00, 0xff, 0x59, 0xa8, 0x00, 0xff, 0x59, 0xa8, 0x00, 0xff,
    0x59, 0xa8, 0x00, 0xff, 0x59, 0xa8, 0x00, 0xff, 0x59, 0xa8, 0x00, 0xff,
    0x59, 0xa8, 0x00, 0xff, 0x59, 0xa8, 0x00, 0xff, 0x59, 0xa8, 0x00, 0xff,
    0x59, 0xa8, 0x00, 0xff, 0x59, 0xa8, 0x00, 0xff, 0x59, 0xa8, 0x00, 0xff,
    0x59, 0xa8, 0x00, 0xff, 0x59, 0xa8, 0x00, 0xff, 0x59, 0xa8, 0x00, 0xff,
    0x59, 0xa8, 0x00, 0xff, 0x59, 0xa8, 0x00, 0xff, 0x59, 0xa8, 0x00, 0xff,
    0x59, 0xa8, 0x00, 0xff, 0x59, 0xa8, 0x00, 0xff, 0x59, 0xa8, 0x00, 0xff,
    0x59, 0xa8, 0x00, 0xff, 0x59, 0xa8, 0x00, 0xff, 0x59, 0xa8, 0x00, 0xff,
    0x59, 0xa8, 0x00, 0xff, 0x59, 0xa8, 0x00, 0xff, 0x59, 0xa8, 0x00, 0xff,
    0x59, 0xa8, 0x00, 0xff, 0x59, 0xa8, 0x00, 0xff, 0x59, 0xa8, 0x00, 0xff,
    0x59, 0xa8, 0x00, 0xff, 0x59, 0xa8, 0x00, 0xff, 0x59, 0xa8, 0x00, 0x91,
    0x59, 0xa8, 0x00, 0xae, 0x59, 0xa8, 0x00, 0xff, 0x59, 0xa8, 0x00, 0xff,
    0x59, 0xa8, 0x00, 0xff, 0x59, 0xa8, 0x00, 0xff, 0x59, 0xa8, 0x00, 0xff,
    0x59, 0xa8, 0x00, 0xff, 0x59, 0xa8, 0x00, 0xff, 0x59, 0xa8, 0x00, 0xff,
    0x59, 0xa8, 0x00, 0xff, 0x59, 0xa8, 0x00, 0xff, 0x59, 0xa8, 0x00, 0xff,
    0x59, 0xa8, 0x00, 0xff, 0x59, 0xa8, 0x00, 0xff, 0x59, 0xa8, 0x00, 0xff,
    0x59, 0xa8, 0x00, 0xff, 0x59, 0xa8, 0x00, 0xff, 0x59, 0xa8, 0x00, 0xff,
    0x59, 0xa8, 0x00, 0xff, 0x59, 0xa8, 0x00, 0xff, 0x59, 0xa8, 0x00, 0xff,
    0x59, 0xa8, 0x00, 0xff, 0x59, 0xa8, 0x00, 0xff, 0x59, 0xa8, 0x00, 0xff,
    0x59, 0xa8, 0x00, 0xff, 0x59, 0xa8, 0x00, 0xff, 0x59, 0xa8, 0x00, 0xff,
    0x59, 0xa8, 0x00, 0xff, 0x59, 0xa8, 0x00, 0xff, 0x59, 0xa8, 0x00, 0xff,
    0x59, 0xa8, 0x00, 0xff, 0x59, 0xa8, 0x00, 0xff, 0x59, 0xa8, 0x00, 0xff,
    0x59, 0xa8, 0x00, 0xff, 0x59, 0xa8, 0x00, 0xff, 0x59, 0xa8, 0x00, 0xff,
    0x59, 0xa8, 0x00, 0xff, 0x59, 0xa8, 0x00, 0xff, 0x59, 0xa8, 0x00, 0xff,
    0x59, 0xa8, 0x00, 0xff, 0x59, 0xa8, 0x00, 0xff, 0x59, 0xa8, 0x00, 0xff,
    0x59, 0xa8, 0x00, 0xff, 0x59, 0xa8, 0x00, 0xff, 0x59, 0xa8, 0x00, 0xff,
    0x59, 0xa8, 0x00, 0xff, 0x59, 0xa8, 0x00, 0xff, 0x59, 0xa8, 0x00, 0xff,
    0x59, 0xa8, 0x00, 0xff, 0x59, 0xa8, 0x00, 0xff, 0x59, 0xa8, 0x00, 0xff,
    0x59, 0xa8, 0x00, 0xff, 0x59, 0xa8, 0x00, 0xff, 0x59, 0xa8, 0x00, 0xff,
    0x59, 0xa8, 0x00, 0xff, 0x59, 0xa8, 0x00, 0xff, 0x59, 0xa8, 0x00, 0xff,
    0x59, 0xa8, 0x00, 0xff, 0x59, 0xa8, 0x00, 0xff, 0x59, 0xa8, 0x00, 0xff,
    0x59, 0xa8, 0x00, 0xff, 0x59, 0xa8, 0x00, 0xff, 0x59, 0xa8, 0x00, 0xff,
    0x59, 0xa8, 0x00, 0xff, 0x59, 0xa8, 0x00, 0xff, 0x59, 0xa8, 0x00, 0xff,
    0x59, 0xa8, 0x00, 0x91, 0x59, 0xa8, 0x00, 0xae, 0x59, 0xa8, 0x00, 0xff,
    0x59, 0xa8, 0x00, 0xff, 0x59, 0xa8, 0x00, 0xff, 0x59, 0xa8, 0x00, 0xff,
    0x59, 0xa8, 0x00, 0xff, 0x59, 0xa8, 0x00, 0xff, 0x59, 0xa8, 0x00, 0xff,
    0x59, 0xa8, 0x00, 0xff, 0x59, 0xa8, 0x00, 0xff, 0x59, 0xa8, 0x00, 0xff,
    0x59, 0xa8, 0x00, 0xff, 0x59, 0xa8, 0x00, 0xff, 0x59, 0xa8, 0x00, 0xff,
    0x59, 0xa8, 0x00, 0xff, 0x59, 0xa8, 0x00, 0xff, 0x59, 0xa8, 0x00, 0xff,
    0x59, 0xa8, 0x00, 0xff, 0x59, 0xa8, 0x00, 0xff, 0x59, 0xa8, 0x00, 0xff,
    0x59, 0xa8, 0x00, 0xff, 0x59, 0xa8, 0x00, 0xff, 0x59, 0xa8, 0x00, 0xff,
    0x59, 0xa8, 0x00, 0xff, 0x59, 0xa8, 0x00, 0xff, 0x59, 0xa8, 0x00, 0xff,
    0x59, 0xa8, 0x00, 0xff, 0x59, 0xa8, 0x00, 0xff, 0x59, 0xa8, 0x00, 0xff,
    0x59, 0xa8, 0x00, 0xff, 0x59, 0xa8, 0x00, 0xff, 0x59, 0xa8, 0x00, 0xff,
    0x59, 0xa8, 0x00, 0xff, 0x59, 0xa8, 0x00, 0xff, 0x59, 0xa8, 0x00, 0xff,
    0x59, 0xa8, 0x00, 0xff, 0x59, 0xa8, 0x00, 0xff, 0x59, 0xa8, 0x00, 0xff,
    0x59, 0xa8, 0x00, 0xff, 0x59, 0xa8, 0x00, 0xff, 0x59, 0xa8, 0x00, 0xff,
    0x59, 0xa8, 0x00, 0xff, 0x59, 0xa8, 0x00, 0xff, 0x59, 0xa8, 0x00, 0xff,
    0x59, 0xa8, 0x00, 0xff, 0x59, 0xa8, 0x00, 0xff, 0x59, 0xa8, 0x00, 0xff,
    0x59, 0xa8, 0x00, 0xff, 0x59, 0xa8, 0x00, 0xff, 0x59, 0xa8, 0x00, 0xff,
    0x59, 0xa8, 0x00, 0xff, 0x59, 0xa8, 0x00, 0xff, 0x59, 0xa8, 0x00, 0xff,
    0x59, 0xa8, 0x00, 0xff, 0x59, 0xa8, 0x00, 0xff, 0x59, 0xa8, 0x00, 0xff,
    0x59, 0xa8, 0x00, 0xff, 0x59, 0xa8, 0x00, 0xff, 0x59, 0xa8, 0x00, 0xff,
    0x59, 0xa8, 0x00, 0xff, 0x59, 0xa8, 0x00, 0xff, 0x59, 0xa8, 0x00, 0xff,
    0x59, 0xa8, 0x00, 0xff, 0x59, 0xa8, 0x00, 0xff, 0x59, 0xa8, 0x00, 0xff,
    0x59, 0xa8, 0x00, 0xff, 0x59, 0xa8, 0x00, 0x91, 0x59, 0xa8, 0x00, 0xae,
    0x59, 0xa8, 0x00, 0xff, 0x59, 0xa8, 0x00, 0xff, 0x59, 0xa8, 0x00, 0xff,
    0x59, 0xa8, 0x00, 0xff, 0x59, 0xa8, 0x00, 0xff, 0x59, 0xa8, 0x00, 0xff,
    0x59, 0xa8, 0x00, 0xff, 0x59, 0xa8, 0x00, 0xff, 0x59, 0xa8, 0x00, 0xff,
    0x59, 0xa8, 0x00, 0xff, 0x59, 0xa8, 0x00, 0xff, 0x59, 0xa8, 0x00, 0xff,
    0x59, 0xa8, 0x00, 0xff, 0x59, 0xa8, 0x00, 0xff, 0x59, 0xa8, 0x00, 0xff,
    0x59, 0xa8, 0x00, 0xff, 0x59, 0xa8, 0x00, 0xff, 0x59, 0xa8, 0x00, 0xff,
    0x59, 0xa8, 0x00, 0xff, 0x59, 0xa8, 0x00, 0xff, 0x59, 0xa8, 0x00, 0xff,
    0x59, 0xa8, 0x00, 0xff, 0x59, 0xa8, 0x00, 0xff, 0x59, 0xa8, 0x00, 0xff,
    0x59, 0xa8, 0x00, 0xff, 0x59, 0xa8, 0x00, 0xff, 0x59, 0xa8, 0x00, 0xff,
    0x59, 0xa8, 0x00, 0xff, 0x59, 0xa8, 0x00, 0xff, 0x59, 0xa8, 0x00, 0xff,
    0x59, 0xa8, 0x00, 0xff, 0x59, 0xa8, 0x00, 0xff, 0x59, 0xa8, 0x00, 0xff,
    0x59, 0xa8, 0x00, 0xff, 0x59, 0xa8, 0x00, 0xff, 0x59, 0xa8, 0x00, 0xff,
    0x59, 0xa8, 0x00, 0xff, 0x59, 0xa8, 0x00, 0xff, 0x59, 0xa8, 0x00, 0xff,
    0x59, 0xa8, 0x00, 0xff, 0x59, 0xa8, 0x00, 0xff, 0x59, 0xa8, 0x00, 0xff,
    0x59, 0xa8, 0x00, 0xff, 0x59, 0xa8, 0x00, 0xff, 0x59, 0xa8, 0x00, 0xff,
    0x59, 0xa8, 0x00, 0xff, 0x59, 0xa8, 0x00, 0xff, 0x59, 0xa8, 0x00, 0xff,
    0x59, 0xa8, 0x00, 0xff, 0x59, 0xa8, 0x00, 0xff, 0x59, 0xa8, 0x00, 0xff,
    0x59, 0xa8, 0x00, 0xff, 0x59, 0xa8, 0x00, 0xff, 0x59, 0xa8, 0x00, 0xff,
    0x59, 0xa8, 0x00, 0xff, 0x59, 0xa8, 0x00, 0xff, 0x59, 0xa8, 0x00, 0xff,
    0x59, 0xa8, 0x00, 0xff, 0x59, 0xa8, 0x00, 0xff, 0x59, 0xa8, 0x00, 0xff,
    0x59, 0xa8, 0x00, 0xff, 0x59, 0xa8, 0x00, 0xff, 0x59, 0xa8, 0x00, 0xff,
    0x59, 0xa8, 0x00, 0xff, 0x59, 0xa8, 0x00, 0xff, 0x59, 0xa8, 0x00, 0x91,
    0x59, 0xa8, 0x00, 0xae, 0x59, 0xa8, 0x00, 0xff, 0x59, 0xa8, 0x00, 0xff,
    0x59, 0xa8, 0x00, 0xff, 0x59, 0xa8, 0x00, 0xff, 0x59, 0xa8, 0x00, 0xff,
    0x59, 0xa8, 0x00, 0xff, 0x59, 0xa8, 0x00, 0xff, 0x59, 0xa8, 0x00, 0xff,
    0x59, 0xa8, 0x00, 0xff, 0x59, 0xa8, 0x00, 0xff, 0x59, 0xa8, 0x00, 0xff,
    0x59, 0xa8, 0x00, 0xff, 0x59, 0xa8, 0x00, 0xff, 0x59, 0xa8, 0x00, 0xff,
    0x59, 0xa8, 0x00, 0xff, 0x59, 0xa8, 0x00, 0xff, 0x59, 0xa8, 0x00, 0xff,
    0x59, 0xa8, 0x00, 0xff, 0x59, 0xa8, 0x00, 0xff, 0x59, 0xa8, 0x00, 0xff,
    0x59, 0xa8, 0x00, 0xff, 0x59, 0xa8, 0x00, 0xff, 0x59, 0xa8, 0x00, 0xff,
    0x59, 0xa8, 0x00, 0xff, 0x59, 0xa8, 0x00, 0xff, 0x59, 0xa8, 0x00, 0xff,
    0x59, 0xa8, 0x00, 0xff, 0x59, 0xa8, 0x00, 0xff, 0x59, 0xa8, 0x00, 0xff,
    0x59, 0xa8, 0x00, 0xff, 0x59, 0xa8, 0x00, 0xff, 0x59, 0xa8, 0x00, 0xff,
    0x59, 0xa8, 0x00, 0xff, 0x59, 0xa8, 0x00, 0xff, 0x59, 0xa8, 0x00, 0xff,
    0x59, 0xa8, 0x00, 0xff, 0x59, 0xa8, 0x00, 0xff, 0x59, 0xa8, 0x00, 0xff,
    0x59, 0xa8, 0x00, 0xff, 0x59, 0xa8, 0x00, 0xff, 0x59, 0xa8, 0x00, 0xff,
    0x59, 0xa8, 0x00, 0xff, 0x59, 0xa8, 0x00, 0xff, 0x59, 0xa8, 0x00, 0xff,
    0x59, 0xa8, 0x00, 0xff, 0x59, 0xa8, 0x00, 0xff, 0x59, 0xa8, 0x00, 0xff,
    0x59, 0xa8, 0x00, 0xff, 0x59, 0xa8, 0x00, 0xff, 0x59, 0xa8, 0x00, 0xff,
    0x59, 0xa8, 0x00, 0xff, 0x59, 0xa8, 0x00, 0xff, 0x59, 0xa8, 0x00, 0xff,
    0x59, 0xa8, 0x00, 0xff, 0x59, 0xa8, 0x00, 0xff, 0x59, 0xa8, 0x00, 0xff,
    0x59, 0xa8, 0x00, 0xff, 0x59, 0xa8, 0x00, 0xff, 0x59, 0xa8, 0x00, 0xff,
    0x59, 0xa8, 0x00, 0xff, 0x59, 0xa8, 0x00, 0xff, 0x59, 0xa8, 0x00, 0xff,
    0x59, 0xa8, 0x00, 0xff, 0x59, 0xa8, 0x00, 0xff, 0x59, 0xa8, 0x00, 0xff,
    0x59, 0xa8, 0x00, 0x91, 0x59, 0xa8, 0x00, 0xae, 0x59, 0xa8, 0x00, 0xff,
    0x59, 0xa8, 0x00, 0xff, 0x59, 0xa8, 0x00, 0xff, 0x59, 0xa8, 0x00, 0xff,
    0x59, 0xa8, 0x00, 0xff, 0x59, 0xa8, 0x00, 0xff, 0x59, 0xa8, 0x00, 0xff,
    0x59, 0xa8, 0x00, 0xff, 0x59, 0xa8, 0x00, 0xff, 0x59, 0xa8, 0x00, 0xff,
    0x59, 0xa8, 0x00, 0xff, 0x59, 0xa8, 0x00, 0xff, 0x59, 0xa8, 0x00, 0xff,
    0x59, 0xa8, 0x00, 0xff, 0x59, 0xa8, 0x00, 0xff, 0x59, 0xa8, 0x00, 0xff,
    0x59, 0xa8, 0x00, 0xff, 0x59, 0xa8, 0x00, 0xff, 0x59, 0xa8, 0x00, 0xff,
    0x59, 0xa8, 0x00, 0xff, 0x59, 0xa8, 0x00, 0xff, 0x59, 0xa8, 0x00, 0xff,
    0x59, 0xa8, 0x00, 0xff, 0x59, 0xa8, 0x00, 0xff, 0x59, 0xa8, 0x00, 0xff,
    0x59, 0xa8, 0x00, 0xff, 0x59, 0xa8, 0x00, 0xff, 0x59, 0xa8, 0x00, 0xff,
    0x59, 0xa8, 0x00, 0xff, 0x59, 0xa8, 0x00, 0xff, 0x59, 0xa8, 0x00, 0xff,
    0x59, 0xa8, 0x00, 0xff, 0x59, 0xa8, 0x00, 0xff, 0x59, 0xa8, 0x00, 0xff,
    0x59, 0xa8, 0x00, 0xff, 0x59, 0xa8, 0x00, 0xff, 0x59, 0xa8, 0x00, 0xff,
    0x59, 0xa8, 0x00, 0xff, 0x59, 0xa8, 0x00, 0xff, 0x59, 0xa8, 0x00, 0xff,
    0x59, 0xa8, 0x00, 0xff, 0x59, 0xa8, 0x00, 0xff, 0x59, 0xa8, 0x00, 0xff,
    0x59, 0xa8, 0x00, 0xff, 0x59, 0xa8, 0x00, 0xff, 0x59, 0xa8, 0x00, 0xff,
    0x59, 0xa8, 0x00, 0xff, 0x59, 0xa8, 0x00, 0xff, 0x59, 0xa8, 0x00, 0xff,
    0x59, 0xa8, 0x00, 0xff, 0x59, 0xa8, 0x00, 0xff, 0x59, 0xa8, 0x00, 0xff,
    0x59, 0xa8, 0x00, 0xff, 0x59, 0xa8, 0x00, 0xff, 0x59, 0xa8, 0x00, 0xff,
    0x59, 0xa8, 0x00, 0xff, 0x59, 0xa8, 0x00, 0xff, 0x59, 0xa8, 0x00, 0xff,
    0x59, 0xa8, 0x00, 0xff, 0x59, 0xa8, 0x00, 0xff, 0x59, 0xa8, 0x00, 0xff,
    0x59, 0xa8, 0x00, 0xff, 0x59, 0xa8, 0x00, 0xff, 0x59, 0xa8, 0x00, 0xff,
    0x59, 0xa8, 0x00, 0xff, 0x59, 0xa8, 0x00, 0x91, 0x59, 0xa8, 0x00, 0xae,
    0x59, 0xa8, 0x00, 0xff, 0x59, 0xa8, 0x00, 0xff, 0x59, 0xa8, 0x00, 0xff,
    0x59, 0xa8, 0x00, 0xff, 0x59, 0xa8, 0x00, 0xff, 0x59, 0xa8, 0x00, 0xff,
    0x59, 0xa8, 0x00, 0xff, 0x59, 0xa8, 0x00, 0xff, 0x59, 0xa8, 0x00, 0xff,
    0x59, 0xa8, 0x00, 0xff, 0x59, 0xa8, 0x00, 0xff, 0x59, 0xa8, 0x00, 0xff,
    0x59, 0xa8, 0x00, 0xff, 0x59, 0xa8, 0x00, 0xff, 0x59, 0xa8, 0x00, 0xff,
    0x59, 0xa8, 0x00, 0xff, 0x59, 0xa8, 0x00, 0xff, 0x59, 0xa8, 0x00, 0xff,
    0x59, 0xa8, 0x00, 0xff, 0x59, 0xa8, 0x00, 0xff, 0x59, 0xa8, 0x00, 0xff,
    0x59, 0xa8, 0x00, 0xff, 0x59, 0xa8, 0x00, 0xff, 0x59, 0xa8, 0x00, 0xff,
    0x59, 0xa8, 0x00, 0xff, 0x59, 0xa8, 0x00, 0xff, 0x59, 0xa8, 0x00, 0xff,
    0x59, 0xa8, 0x00, 0xff, 0x59, 0xa8, 0x00, 0xff, 0x59, 0xa8, 0x00, 0xff,
    0x59, 0xa8, 0x00, 0xff, 0x59, 0xa8, 0x00, 0xff, 0x59, 0xa8, 0x00, 0xff,
    0x59, 0xa8, 0x00, 0xff, 0x59, 0xa8, 0x00, 0xff, 0x59, 0xa8, 0x00, 0xff,
    0x59, 0xa8, 0x00, 0xff, 0x59, 0xa8, 0x00, 0xff, 0x59, 0xa8, 0x00, 0xff,
    0x59, 0xa8, 0x00, 0xff, 0x59, 0xa8, 0x00, 0xff, 0x59, 0xa8, 0x00, 0xff,
    0x59, 0xa8, 0x00, 0xff, 0x59, 0xa8, 0x00, 0xff, 0x59, 0xa8, 0x00, 0xff,
    0x59, 0xa8, 0x00, 0xff, 0x59, 0xa8, 0x00, 0xff, 0x59, 0xa8, 0x00, 0xff,
    0x59, 0xa8, 0x00, 0xff, 0x59, 0xa8, 0x00, 0xff, 0x59, 0xa8, 0x00, 0xff,
    0x59, 0xa8, 0x00, 0xff, 0x59, 0xa8, 0x00, 0xff, 0x59, 0xa8, 0x00, 0xff,
    0x59, 0xa8, 0x00, 0xff, 0x59, 0xa8, 0x00, 0xff, 0x59, 0xa8, 0x00, 0xff,
    0x59, 0xa8, 0x00, 0xff, 0x59, 0xa8, 0x00, 0xff, 0x59, 0xa8, 0x00, 0xff,
    0x59, 0xa8, 0x00, 0xff, 0x59, 0xa8, 0x00, 0xff, 0x59, 0xa8, 0x00, 0xff,
    0x59, 0xa8, 0x00, 0xff, 0x59, 0xa8, 0x00, 0xff, 0x59, 0xa8, 0x00, 0x91,
    0x59, 0xa8, 0x00, 0xae, 0x59, 0xa8, 0x00, 0xff, 0x59, 0xa8, 0x00, 0xff,
    0x59, 0xa8, 0x00, 0xff, 0x59, 0xa8, 0x00, 0xff, 0x59, 0xa8, 0x00, 0xff,
    0x59, 0xa8, 0x00, 0xff, 0x59, 0xa8, 0x00, 0xff, 0x59, 0xa8, 0x00, 0xff,
    0x59, 0xa8, 0x00, 0xff, 0x59, 0xa8, 0x00, 0xff, 0x59, 0xa8, 0x00, 0xff,
    0x59, 0xa8, 0x00, 0xff, 0x59, 0xa8, 0x00, 0xff, 0x59, 0xa8, 0x00, 0xff,
    0x59, 0xa8, 0x00, 0xff, 0x59, 0xa8, 0x00, 0xff, 0x59, 0xa8, 0x00, 0xff,
    0x59, 0xa8, 0x00, 0xff, 0x59, 0xa8, 0x00, 0xff, 0x59, 0xa8, 0x00, 0xff,
    0x59, 0xa8, 0x00, 0xff, 0x59, 0xa8, 0x00, 0xff, 0x59, 0xa8, 0x00, 0xff,
    0x59, 0xa8, 0x00, 0xff, 0x59, 0xa8, 0x00, 0xff, 0x59, 0xa8, 0x00, 0xff,
    0x59, 0xa8, 0x00, 0xff, 0x59, 0xa8, 0x00, 0xff, 0x59, 0xa8, 0x00, 0xff,
    0x59, 0xa8, 0x00, 0xff, 0x59, 0xa8, 0x00, 0xff, 0x59, 0xa8, 0x00, 0xff,
    0x59, 0xa8, 0x00, 0xff, 0x59, 0xa8, 0x00, 0xff, 0x59, 0xa8, 0x00, 0xff,
    0x59, 0xa8, 0x00, 0xff, 0x59, 0xa8, 0x00, 0xff, 0x59, 0xa8, 0x00, 0xff,
    0x59, 0xa8, 0x00, 0xff, 0x59, 0xa8, 0x00, 0xff, 0x59, 0xa8, 0x00, 0xff,
    0x59, 0xa8, 0x00, 0xff, 0x59, 0xa8, 0x00, 0xff, 0x59, 0xa8, 0x00, 0xff,
    0x59, 0xa8, 0x00, 0xff, 0x59, 0xa8, 0x00, 0xff, 0x59, 0xa8, 0x00, 0xff,
    0x59, 0xa8, 0x00, 0xff, 0x59, 0xa8, 0x00, 0xff, 0x59, 0xa8, 0x00, 0xff,
    0x59, 0xa8, 0x00, 0xff, 0x59, 0xa8, 0x00, 0xff, 0x59, 0xa8, 0x00, 0xff,
    0x59, 0xa8, 0x00, 0xff, 0x59, 0xa8, 0x00, 0xff, 0x59, 0xa8, 0x00, 0xff,
    0x59, 0xa8, 0x00, 0xff, 0x59, 0xa8, 0x00, 0xff, 0x59, 0xa8, 0x00, 0xff,
    0x59, 0xa8, 0x00, 0xff, 0x59, 0xa8, 0x00, 0xff, 0x59, 0xa8, 0x00, 0xff,
    0x59, 0xa8, 0x00, 0xff, 0x59, 0xa8, 0x00, 0xff, 0x59, 0xa8, 0x00, 0xff,
    0x59, 0xa8, 0x00, 0x91, 0x59, 0xa8, 0x00, 0xae, 0x59, 0xa8, 0x00, 0xff,
    0x59, 0xa8, 0x00, 0xff, 0x59, 0xa8, 0x00, 0xff, 0x59, 0xa8, 0x00, 0xff,
    0x59, 0xa8, 0x00, 0xff, 0x59, 0xa8, 0x00, 0xff, 0x59, 0xa8, 0x00, 0xff,
    0x59, 0xa8, 0x00, 0xff, 0x59, 0xa8, 0x00, 0xff, 0x59, 0xa8, 0x00, 0xff,
    0x59, 0xa8, 0x00, 0xff, 0x59, 0xa8, 0x00, 0xff, 0x59, 0xa8, 0x00, 0xff,
    0x59, 0xa8, 0x00, 0xff, 0x59, 0xa8, 0x00, 0xff, 0x59, 0xa8, 0x00, 0xff,
    0x59, 0xa8, 0x00, 0xff, 0x59, 0xa8, 0x00, 0xff, 0x59, 0xa8, 0x00, 0xff,
    0x59, 0xa8, 0x00, 0xff, 0x59, 0xa8, 0x00, 0xff, 0x59, 0xa8, 0x00, 0xff,
    0x59, 0xa8, 0x00, 0xff, 0x59, 0xa8, 0x00, 0xff, 0x59, 0xa8, 0x00, 0xff,
    0x59, 0xa8, 0x00, 0xff, 0x59, 0xa8, 0x00, 0xff, 0x59, 0xa8, 0x00, 0xff,
    0x59, 0xa8, 0x00, 0xff, 0x59, 0xa8, 0x00, 0xff, 0x59, 0xa8, 0x00, 0xff,
    0x59, 0xa8, 0x00, 0xff, 0x59, 0xa8, 0x00, 0xff, 0x59, 0xa8, 0x00, 0xff,
    0x59, 0xa8, 0x00, 0xff, 0x59, 0xa8, 0x00, 0xff, 0x59, 0xa8, 0x00, 0xff,
    0x59, 0xa8, 0x00, 0xff, 0x59, 0xa8, 0x00, 0xff, 0x59, 0xa8, 0x00, 0xff,
    0x59, 0xa8, 0x00, 0xff, 0x59, 0xa8, 0x00, 0xff, 0x59, 0xa8, 0x00, 0xff,
    0x59, 0xa8, 0x00, 0xff, 0x59, 0xa8, 0x00, 0xff, 0x59, 0xa8, 0x00, 0xff,
    0x59, 0xa8, 0x00, 0xff, 0x59, 0xa8, 0x00, 0xff, 0x59, 0xa8, 0x00, 0xff,
    0x59, 0xa8, 0x00, 0xff, 0x59, 0xa8, 0x00, 0xff, 0x59, 0xa8, 0x00, 0xff,
    0x59, 0xa8, 0x00, 0xff, 0x59, 0xa8, 0x00, 0xff, 0x59, 0xa8, 0x00, 0xff,
    0x59, 0xa8, 0x00, 0xff, 0x59, 0xa8, 0x00, 0xff, 0x59, 0xa8, 0x00, 0xff,
    0x59, 0xa8, 0x00, 0xff, 0x59, 0xa8, 0x00, 0xff, 0x59, 0xa8, 0x00, 0xff,
    0x59, 0xa8, 0x00, 0xff, 0x59, 0xa8, 0x00, 0xff, 0x59, 0xa8, 0x00, 0xff,
    0x59, 0xa8, 0x00, 0xff, 0x59, 0xa8, 0x00, 0x91, 0x59, 0xa8, 0x00, 0xae,
    0x59, 0xa8, 0x00, 0xff, 0x59, 0xa8, 0x00, 0xff, 0x59, 0xa8, 0x00, 0xff,
    0x59, 0xa8, 0x00, 0xff, 0x59, 0xa8, 0x00, 0xff, 0x59, 0xa8, 0x00, 0xff,
    0x59, 0xa8, 0x00, 0xff, 0x59, 0xa8, 0x00, 0xff, 0x59, 0xa8, 0x00, 0xff,
    0x59, 0xa8, 0x00, 0xff, 0x59, 0xa8, 0x00, 0xff, 0x59, 0xa8, 0x00, 0xff,
    0x59, 0xa8, 0x00, 0xff, 0x59, 0xa8, 0x00, 0xff, 0x59, 0xa8, 0x00, 0xff,
    0x59, 0xa8, 0x00, 0xff, 0x59, 0xa8, 0x00, 0xff, 0x59, 0xa8, 0x00, 0xff,
    0x59, 0xa8, 0x00, 0xff, 0x59, 0xa8, 0x00, 0xff, 0x59, 0xa8, 0x00, 0xff,
    0x59, 0xa8, 0x00, 0xff, 0x59, 0xa8, 0x00, 0xff, 0x59, 0xa8, 0x00, 0xff,
    0x59, 0xa8, 0x00, 0xff, 0x59, 0xa8, 0x00, 0xff, 0x59, 0xa8, 0x00, 0xff,
    0x59, 0xa8, 0x00, 0xff, 0x59, 0xa8, 0x00, 0xff, 0x59, 0xa8, 0x00, 0xff,
    0x59, 0xa8, 0x00, 0xff, 0x59, 0xa8, 0x00, 0xff, 0x59, 0xa8, 0x00, 0xff,
    0x59, 0xa8, 0x00, 0xff, 0x59, 0xa8, 0x00, 0xff, 0x59, 0xa8, 0x00, 0xff,
    0x59, 0xa8, 0x00, 0xff, 0x59, 0xa8, 0x00, 0xff, 0x59, 0xa8, 0x00, 0xff,
    0x59, 0xa8, 0x00, 0xff, 0x59, 0xa8, 0x00, 0xff, 0x59, 0xa8, 0x00, 0xff,
    0x59, 0xa8, 0x00, 0xff, 0x59, 0xa8, 0x00, 0xff, 0x59, 0xa8, 0x00, 0xff,
    0x59, 0xa8, 0x00, 0xff, 0x59, 0xa8, 0x00, 0xff, 0x59, 0xa8, 0x00, 0xff,
    0x59, 0xa8, 0x00, 0xff, 0x59, 0xa8, 0x00, 0xff, 0x59, 0xa8, 0x00, 0xff,
    0x59, 0xa8, 0x00, 0xff, 0x59, 0xa8, 0x00, 0xff, 0x59, 0xa8, 0x00, 0xff,
    0x59, 0xa8, 0x00, 0xff, 0x59, 0xa8, 0x00, 0xff, 0x59, 0xa8, 0x00, 0xff,
    0x59, 0xa8, 0x00, 0xff, 0x59, 0xa8, 0x00, 0xff, 0x59, 0xa8, 0x00, 0xff,
    0x59, 0xa8, 0x00, 0xff, 0x59, 0xa8, 0x00, 0xff, 0x59, 0xa8, 0x00, 0xff,
    0x59, 0xa8, 0x00, 0xff, 0x59, 0xa8, 0x00, 0xff, 0x59, 0xa8, 0x00, 0x91,
    0x59, 0xa8, 0x00, 0xae, 0x59, 0xa8, 0x00, 0xff, 0x59, 0xa8, 0x00, 0xff,
    0x59, 0xa8, 0x00, 0xff, 0x59, 0xa8, 0x00, 0xff, 0x59, 0xa8, 0x00, 0xff,
    0x59, 0xa8, 0x00, 0xff, 0x59, 0xa8, 0x00, 0xff, 0x59, 0xa8, 0x00, 0xff,
    0x59, 0xa8, 0x00, 0xff, 0x59, 0xa8, 0x00, 0xff, 0x59, 0xa8, 0x00, 0xff,
    0x59, 0xa8, 0x00, 0xff, 0x59, 0xa8, 0x00, 0xff, 0x59, 0xa8, 0x00, 0xff,
    0x59, 0xa8, 0x00, 0xff, 0x59, 0xa8, 0x00, 0xff, 0x59, 0xa8, 0x00, 0xff,
    0x59, 0xa8, 0x00, 0xff, 0x59, 0xa8, 0x00, 0xff, 0x59, 0xa8, 0x00, 0xff,
    0x59, 0xa8, 0x00, 0xff, 0x59, 0xa8, 0x00, 0xff, 0x59, 0xa8, 0x00, 0xff,
    0x59, 0xa8, 0x00, 0xff, 0x59, 0xa8, 0x00, 0xff, 0x59, 0xa8, 0x00, 0xff,
    0x59, 0xa8, 0x00, 0xff, 0x59, 0xa8, 0x00, 0xff, 0x59, 0xa8, 0x00, 0xff,
    0x59, 0xa8, 0x00, 0xff, 0x59, 0xa8, 0x00, 0xff, 0x59, 0xa8, 0x00, 0xff,
    0x59, 0xa8, 0x00, 0xff, 0x59, 0xa8, 0x00, 0xff, 0x59, 0xa8, 0x00, 0xff,
    0x59, 0xa8, 0x00, 0xff, 0x59, 0xa8, 0x00, 0xff, 0x59, 0xa8, 0x00, 0xff,
    0x59, 0xa8, 0x00, 0xff, 0x59, 0xa8, 0x00, 0xff, 0x59, 0xa8, 0x00, 0xff,
    0x59, 0xa8, 0x00, 0xff, 0x59, 0xa8, 0x00, 0xff, 0x59, 0xa8, 0x00, 0xff,
    0x59, 0xa8, 0x00, 0xff, 0x59, 0xa8, 0x00, 0xff, 0x59, 0xa8, 0x00, 0xff,
    0x59, 0xa8, 0x00, 0xff, 0x59, 0xa8, 0x00, 0xff, 0x59, 0xa8, 0x00, 0xff,
    0x59, 0xa8, 0x00, 0xff, 0x59, 0xa8, 0x00, 0xff, 0x59, 0xa8, 0x00, 0xff,
    0x59, 0xa8, 0x00, 0xff, 0x59, 0xa8, 0x00, 0xff, 0x59, 0xa8, 0x00, 0xff,
    0x59, 0xa8, 0x00, 0xff, 0x59, 0xa8, 0x00, 0xff, 0x59, 0xa8, 0x00, 0xff,
    0x59, 0xa8, 0x00, 0xff, 0x59, 0xa8, 0x00, 0xff, 0x59, 0xa8, 0x00, 0xff,
    0x59, 0xa8, 0x00, 0xff, 0x59, 0xa8, 0x00, 0xff, 0x59, 0xa8, 0x00, 0xff,
    0x59, 0xa8, 0x00, 0x91, 0x59, 0xa8, 0x00, 0xae, 0x59, 0xa8, 0x00, 0xff,
    0x59, 0xa8, 0x00, 0xff, 0x59, 0xa8, 0x00, 0xff, 0x59, 0xa8, 0x00, 0xff,
    0x59, 0xa8, 0x00, 0xff, 0x59, 0xa8, 0x00, 0xff, 0x59, 0xa8, 0x00, 0xff,
    0x59, 0xa8, 0x00, 0xff, 0x59, 0xa8, 0x00, 0xff, 0x59, 0xa8, 0x00, 0xff,
    0x59, 0xa8, 0x00, 0xff, 0x59, 0xa8, 0x00, 0xff, 0x59, 0xa8, 0x00, 0xff,
    0x59, 0xa8, 0x00, 0xff, 0x59, 0xa8, 0x00, 0xff, 0x59, 0xa8, 0x00, 0xff,
    0x59, 0xa8, 0x00, 0xff, 0x59, 0xa8, 0x00, 0xff, 0x59, 0xa8, 0x00, 0xff,
    0x59, 0xa8, 0x00, 0xff, 0x59, 0xa8, 0x00, 0xff, 0x59, 0xa8, 0x00, 0xff,
    0x59, 0xa8, 0x00, 0xff, 0x59, 0xa8, 0x00, 0xff, 0x59, 0xa8, 0x00, 0xff,
    0x59, 0xa8, 0x00, 0xff, 0x59, 0xa8, 0x00, 0xff, 0x59, 0xa8, 0x00, 0xff,
    0x59, 0xa8, 0x00, 0xff, 0x59, 0xa8, 0x00, 0xff, 0x59, 0xa8, 0x00, 0xff,
    0x59, 0xa8, 0x00, 0xff, 0x59, 0xa8, 0x00, 0xff, 0x59, 0xa8, 0x00, 0xff,
    0x59, 0xa8, 0x00, 0xff, 0x59, 0xa8, 0x00, 0xff, 0x59, 0xa8, 0x00, 0xff,
    0x59, 0xa8, 0x00, 0xff, 0x59, 0xa8, 0x00, 0xff, 0x59, 0xa8, 0x00, 0xff,
    0x59, 0xa8, 0x00, 0xff, 0x59, 0xa8, 0x00, 0xff, 0x59, 0xa8, 0x00, 0xff,
    0x59, 0xa8, 0x00, 0xff, 0x59, 0xa8, 0x00, 0xff, 0x59, 0xa8, 0x00, 0xff,
    0x59, 0xa8, 0x00, 0xff, 0x59, 0xa8, 0x00, 0xff, 0x59, 0xa8, 0x00, 0xff,
    0x59, 0xa8, 0x00, 0xff, 0x59, 0xa8, 0x00, 0xff, 0x59, 0xa8, 0x00, 0xff,
    0x59, 0xa8, 0x00, 0xff, 0x59, 0xa8, 0x00, 0xff, 0x59, 0xa8, 0x00, 0xff,
    0x59, 0xa8, 0x00, 0xff, 0x59, 0xa8, 0x00, 0xff, 0x59, 0xa8, 0x00, 0xff,
    0x59, 0xa8, 0x00, 0xff, 0x59, 0xa8, 0x00, 0xff, 0x59, 0xa8, 0x00, 0xff,
    0x59, 0xa8, 0x00, 0xff, 0x59, 0xa8, 0x00, 0xff, 0x59, 0xa8, 0x00, 0xff,
    0x59, 0xa8, 0x00, 0xff, 0x59, 0xa8, 0x00, 0x91, 0x59, 0xa8, 0x00, 0xae,
    0x59, 0xa8, 0x00, 0xff, 0x59, 0xa8, 0x00, 0xff, 0x59, 0xa8, 0x00, 0xff,
    0x59, 0xa8, 0x00, 0xff, 0x59, 0xa8, 0x00, 0xff, 0x59, 0xa8, 0x00, 0xff,
    0x59, 0xa8, 0x00, 0xff, 0x59, 0xa8, 0x00, 0xff, 0x59, 0xa8, 0x00, 0xff,
    0x59, 0xa8, 0x00, 0xff, 0x59, 0xa8, 0x00, 0xff, 0x59, 0xa8, 0x00, 0xff,
    0x59, 0xa8, 0x00, 0xff, 0x59, 0xa8, 0x00, 0xff, 0x59, 0xa8, 0x00, 0xff,
    0x59, 0xa8, 0x00, 0xff, 0x59, 0xa8, 0x00, 0xff, 0x59, 0xa8, 0x00, 0xff,
    0x59, 0xa8, 0x00, 0xff, 0x59, 0xa8, 0x00, 0xff, 0x59, 0xa8, 0x00, 0xff,
    0x59, 0xa8, 0x00, 0xff, 0x59, 0xa8, 0x00, 0xff, 0x59, 0xa8, 0x00, 0xff,
    0x59, 0xa8, 0x00, 0xff, 0x59, 0xa8, 0x00, 0xff, 0x59, 0xa8, 0x00, 0xff,
    0x59, 0xa8, 0x00, 0xff, 0x59, 0xa8, 0x00, 0xff, 0x59, 0xa8, 0x00, 0xff,
    0x59, 0xa8, 0x00, 0xff, 0x59, 0xa8, 0x00, 0xff, 0x59, 0xa8, 0x00, 0xff,
    0x59, 0xa8, 0x00, 0xff, 0x59, 0xa8, 0x00, 0xff, 0x59, 0xa8, 0x00, 0xff,
    0x59, 0xa8, 0x00, 0xff, 0x59, 0xa8, 0x00, 0xff, 0x59, 0xa8, 0x00, 0xff,
    0x59, 0xa8, 0x00, 0xff, 0x59, 0xa8, 0x00, 0xff, 0x59, 0xa8, 0x00, 0xff,
    0x59, 0xa8, 0x00, 0xff, 0x59, 0xa8, 0x00, 0xff, 0x59, 0xa8, 0x00, 0xff,
    0x59, 0xa8, 0x00, 0xff, 0x59, 0xa8, 0x00, 0xff, 0x59, 0xa8, 0x00, 0xff,
    0x59, 0xa8, 0x00, 0xff, 0x59, 0xa8, 0x00, 0xff, 0x59, 0xa8, 0x00, 0xff,
    0x59, 0xa8, 0x00, 0xff, 0x59, 0xa8, 0x00, 0xff, 0x59, 0xa8, 0x00, 0xff,
    0x59, 0xa8, 0x00, 0xff, 0x59, 0xa8, 0x00, 0xff, 0x59, 0xa8, 0x00, 0xff,
    0x59, 0xa8, 0x00, 0xff, 0x59, 0xa8, 0x00, 0xff, 0x59, 0xa8, 0x00, 0xff,
    0x59, 0xa8, 0x00, 0xff, 0x59, 0xa8, 0x00, 0xff, 0x59, 0xa8, 0x00, 0xff,
    0x59, 0xa8, 0x00, 0xff, 0x59, 0xa8, 0x00, 0xff, 0x59, 0xa8, 0x00, 0x91,
    0x59, 0xa8, 0x00, 0xae, 0x59, 0xa8, 0x00, 0xff, 0x59, 0xa8, 0x00, 0xff,
    0x59, 0xa8, 0x00, 0xff, 0x59, 0xa8, 0x00, 0xff, 0x59, 0xa8, 0x00, 0xff,
    0x59, 0xa8, 0x00, 0xff, 0x59, 0xa8, 0x00, 0xff, 0x59, 0xa8, 0x00, 0xff,
    0x59, 0xa8, 0x00, 0xff, 0x59, 0xa8, 0x00, 0xff, 0x59, 0xa8, 0x00, 0xff,
    0x59, 0xa8, 0x00, 0xff, 0x59, 0xa8, 0x00, 0xff, 0x59, 0xa8, 0x00, 0xff,
    0x59, 0xa8, 0x00, 0xff, 0x59, 0xa8, 0x00, 0xff, 0x59, 0xa8, 0x00, 0xff,
    0x59, 0xa8, 0x00, 0xff, 0x59, 0xa8, 0x00, 0xff, 0x59, 0xa8, 0x00, 0xff,
    0x59, 0xa8, 0x00, 0xff, 0x59, 0xa8, 0x00, 0xff, 0x59, 0xa8, 0x00, 0xff,
    0x59, 0xa8, 0x00, 0xff, 0x59, 0xa8, 0x00, 0xff, 0x59, 0xa8, 0x00, 0xff,
    0x59, 0xa8, 0x00, 0xff, 0x59, 0xa8, 0x00, 0xff, 0x59, 0xa8, 0x00, 0xff,
    0x59, 0xa8, 0x00, 0xff, 0x59, 0xa8, 0x00, 0xff, 0x59, 0xa8, 0x00, 0xff,
    0x59, 0xa8, 0x00, 0xff, 0x59, 0xa8, 0x00, 0xff, 0x59, 0xa8, 0x00, 0xff,
    0x59, 0xa8, 0x00, 0xff, 0x59, 0xa8, 0x00, 0xff, 0x59, 0xa8, 0x00, 0xff,
    0x59, 0xa8, 0x00, 0xff, 0x59, 0xa8, 0x00, 0xff, 0x59, 0xa8, 0x00, 0xff,
    0x59, 0xa8, 0x00, 0xff, 0x59, 0xa8, 0x00, 0xff, 0x59, 0xa8, 0x00, 0xff,
    0x59, 0xa8, 0x00, 0xff, 0x59, 0xa8, 0x00, 0xff, 0x59, 0xa8, 0x00, 0xff,
    0x59, 0xa8, 0x00, 0xff, 0x59, 0xa8, 0x00, 0xff, 0x59, 0xa8, 0x00, 0xff,
    0x59, 0xa8, 0x00, 0xff, 0x59, 0xa8, 0x00, 0xff, 0x59, 0xa8, 0x00, 0xff,
    0x59, 0xa8, 0x00, 0xff, 0x59, 0xa8, 0x00, 0xff, 0x59, 0xa8, 0x00, 0xff,
    0x59, 0xa8, 0x00, 0xff, 0x59, 0xa8, 0x00, 0xff, 0x59, 0xa8, 0x00, 0xff,
    0x59, 0xa8, 0x00, 0xff, 0x59, 0xa8, 0x00, 0xff, 0x59, 0xa8, 0x00, 0xff,
    0x59, 0xa8, 0x00, 0xff, 0x59, 0xa8, 0x00, 0xff, 0x59, 0xa8, 0x00, 0xff,
    0x59, 0xa8, 0x00, 0x91, 0x59, 0xa8, 0x00, 0xae, 0x59, 0xa8, 0x00, 0xff,
    0x59, 0xa8, 0x00, 0xff, 0x59, 0xa8, 0x00, 0xff, 0x59, 0xa8, 0x00, 0xff,
    0x59, 0xa8, 0x00, 0xff, 0x59, 0xa8, 0x00, 0xff, 0x59, 0xa8, 0x00, 0xff,
    0x59, 0xa8, 0x00, 0xff, 0x59, 0xa8, 0x00, 0xff, 0x59, 0xa8, 0x00, 0xff,
    0x59, 0xa8, 0x00, 0xff, 0x59, 0xa8, 0x00, 0xff, 0x59, 0xa8, 0x00, 0xff,
    0x59, 0xa8, 0x00, 0xff, 0x59, 0xa8, 0x00, 0xff, 0x59, 0xa8, 0x00, 0xff,
    0x59, 0xa8, 0x00, 0xff, 0x59, 0xa8, 0x00, 0xff, 0x59, 0xa8, 0x00, 0xff,
    0x59, 0xa8, 0x00, 0xff, 0x59, 0xa8, 0x00, 0xff, 0x59, 0xa8, 0x00, 0xff,
    0x59, 0xa8, 0x00, 0xff, 0x59, 0xa8, 0x00, 0xff, 0x59, 0xa8, 0x00, 0xff,
    0x59, 0xa8, 0x00, 0xff, 0x59, 0xa8, 0x00, 0xff, 0x59, 0xa8, 0x00, 0xff,
    0x59, 0xa8, 0x00, 0xff, 0x59, 0xa8, 0x00, 0xff, 0x59, 0xa8, 0x00, 0xff,
    0x59, 0xa8, 0x00, 0xff, 0x59, 0xa8, 0x00, 0xff, 0x59, 0xa8, 0x00, 0xff,
    0x59, 0xa8, 0x00, 0xff, 0x59, 0xa8, 0x00, 0xff, 0x59, 0xa8, 0x00, 0xff,
    0x59, 0xa8, 0x00, 0xff, 0x59, 0xa8, 0x00, 0xff, 0x59, 0xa8, 0x00, 0xff,
    0x59, 0xa8, 0x00, 0xff, 0x59, 0xa8, 0x00, 0xff, 0x59, 0xa8, 0x00, 0xff,
    0x59, 0xa8, 0x00, 0xff, 0x59, 0xa8, 0x00, 0xff, 0x59, 0xa8, 0x00, 0xff,
    0x59, 0xa8, 0x00, 0xff, 0x59, 0xa8, 0x00, 0xff, 0x59, 0xa8, 0x00, 0xff,
    0x59, 0xa8, 0x00, 0xff, 0x59, 0xa8, 0x00, 0xff, 0x59, 0xa8, 0x00, 0xff,
    0x59, 0xa8, 0x00, 0xff, 0x59, 0xa8, 0x00, 0xff, 0x59, 0xa8, 0x00, 0xff,
    0x59, 0xa8, 0x00, 0xff, 0x59, 0xa8, 0x00, 0xff, 0x59, 0xa8, 0x00, 0xff,
    0x59, 0xa8, 0x00, 0xff, 0x59, 0xa8, 0x00, 0xff, 0x59, 0xa8, 0x00, 0xff,
    0x59, 0xa8, 0x00, 0xff, 0x59, 0xa8, 0x00, 0xff, 0x59, 0xa8, 0x00, 0xff,
    0x59, 0xa8, 0x00, 0xff, 0x59, 0xa8, 0x00, 0x91, 0x59, 0xa8, 0x00, 0xae,
    0x59, 0xa8, 0x00, 0xff, 0x59, 0xa8, 0x00, 0xff, 0x59, 0xa8, 0x00, 0xff,
    0x59, 0xa8, 0x00, 0xff, 0x59, 0xa8, 0x00, 0xff, 0x59, 0xa8, 0x00, 0xff,
    0x59, 0xa8, 0x00, 0xff, 0x59, 0xa8, 0x00, 0xff, 0x59, 0xa8, 0x00, 0xff,
    0x59, 0xa8, 0x00, 0xff, 0x59, 0xa8, 0x00, 0xff, 0x59, 0xa8, 0x00, 0xff,
    0x59, 0xa8, 0x00, 0xff, 0x59, 0xa8, 0x00, 0xff, 0x59, 0xa8, 0x00, 0xff,
    0x59, 0xa8, 0x00, 0xff, 0x59, 0xa8, 0x00, 0xff, 0x59, 0xa8, 0x00, 0xff,
    0x59, 0xa8, 0x00, 0xff, 0x59, 0xa8, 0x00, 0xff, 0x59, 0xa8, 0x00, 0xff,
    0x59, 0xa8, 0x00, 0xff, 0x59, 0xa8, 0x00, 0xff, 0x59, 0xa8, 0x00, 0xff,
    0x59, 0xa8, 0x00, 0xff, 0x59, 0xa8, 0x00, 0xff, 0x59, 0xa8, 0x00, 0xff,
    0x59, 0xa8, 0x00, 0xff, 0x59, 0xa8, 0x00, 0xff, 0x59, 0xa8, 0x00, 0xff,
    0x59, 0xa8, 0x00, 0xff, 0x59, 0xa8, 0x00, 0xff, 0x59, 0xa8, 0x00, 0xff,
    0x59, 0xa8, 0x00, 0xff, 0x59, 0xa8, 0x00, 0xff, 0x59, 0xa8, 0x00, 0xff,
    0x59, 0xa8, 0x00, 0xff, 0x59, 0xa8, 0x00, 0xff, 0x59, 0xa8, 0x00, 0xff,
    0x59, 0xa8, 0x00, 0xff, 0x59, 0xa8, 0x00, 0xff, 0x59, 0xa8, 0x00, 0xff,
    0x59, 0xa8, 0x00, 0xff, 0x59, 0xa8, 0x00, 0xff, 0x59, 0xa8, 0x00, 0xff,
    0x59, 0xa8, 0x00, 0xff, 0x59, 0xa8, 0x00, 0xff, 0x59, 0xa8, 0x00, 0xff,
    0x59, 0xa8, 0x00, 0xff, 0x59, 0xa8, 0x00, 0xff, 0x59, 0xa8, 0x00, 0xff,
    0x59, 0xa8, 0x00, 0xff, 0x59, 0xa8, 0x00, 0xff, 0x59, 0xa8, 0x00, 0xff,
    0x59, 0xa8, 0x00, 0xff, 0x59, 0xa8, 0x00, 0xff, 0x59, 0xa8, 0x00, 0xff,
    0x59, 0xa8, 0x00, 0xff, 0x59, 0xa8, 0x00, 0xff, 0x59, 0xa8, 0x00, 0xff,
    0x59, 0xa8, 0x00, 0xff, 0x59, 0xa8, 0x00, 0xff, 0x59, 0xa8, 0x00, 0xff,
    0x59, 0xa8, 0x00, 0xff, 0x59, 0xa8, 0x00, 0xff, 0x59, 0xa8, 0x00, 0x91,
    0x59, 0xa8, 0x00, 0xae, 0x59, 0xa8, 0x00, 0xff, 0x59, 0xa8, 0x00, 0xff,
    0x59, 0xa8, 0x00, 0xff, 0x59, 0xa8, 0x00, 0xff, 0x59, 0xa8, 0x00, 0xff,
    0x59, 0xa8, 0x00, 0xff, 0x59, 0xa8, 0x00, 0xff, 0x59, 0xa8, 0x00, 0xff,
    0x59, 0xa8, 0x00, 0xff, 0x59, 0xa8, 0x00, 0xff, 0x59, 0xa8, 0x00, 0xff,
    0x59, 0xa8, 0x00, 0xff, 0x59, 0xa8, 0x00, 0xff, 0x59, 0xa8, 0x00, 0xff,
    0x59, 0xa8, 0x00, 0xff, 0x59, 0xa8, 0x00, 0xff, 0x59, 0xa8, 0x00, 0xff,
    0x59, 0xa8, 0x00, 0xff, 0x59, 0xa8, 0x00, 0xff, 0x59, 0xa8, 0x00, 0xff,
    0x59, 0xa8, 0x00, 0xff, 0x59, 0xa8, 0x00, 0xff, 0x59, 0xa8, 0x00, 0xff,
    0x59, 0xa8, 0x00, 0xff, 0x59, 0xa8, 0x00, 0xff, 0x59, 0xa8, 0x00, 0xff,
    0x59, 0xa8, 0x00, 0xff, 0x59, 0xa8, 0x00, 0xff, 0x59, 0xa8, 0x00, 0xff,
    0x59, 0xa8, 0x00, 0xff, 0x59, 0xa8, 0x00, 0xff, 0x59, 0xa8, 0x00, 0xff,
    0x59, 0xa8, 0x00, 0xff, 0x59, 0xa8, 0x00, 0xff, 0x59, 0xa8, 0x00, 0xff,
    0x59, 0xa8, 0x00, 0xff, 0x59, 0xa8, 0x00, 0xff, 0x59, 0xa8, 0x00, 0xff,
    0x59, 0xa8, 0x00, 0xff, 0x59, 0xa8, 0x00, 0xff, 0x59, 0xa8, 0x00, 0xff,
    0x59, 0xa8, 0x00, 0xff, 0x59, 0xa8, 0x00, 0xff, 0x59, 0xa8, 0x00, 0xff,
    0x59, 0xa8, 0x00, 0xff, 0x59, 0xa8, 0x00, 0xff, 0x59, 0xa8, 0x00, 0xff,
    0x59, 0xa8, 0x00, 0xff, 0x59, 0xa8, 0x00, 0xff, 0x59, 0xa8, 0x00, 0xff,
    0x59, 0xa8, 0x00, 0xff, 0x59, 0xa8, 0x00, 0xff, 0x59, 0xa8, 0x00, 0xff,
    0x59, 0xa8, 0x00, 0xff, 0x59, 0xa8, 0x00, 0xff, 0x59, 0xa8, 0x00, 0xff,
    0x59, 0xa8, 0x00, 0xff, 0x59, 0xa8, 0x00, 0xff, 0x59, 0xa8, 0x00, 0xff,
    0x59, 0xa8, 0x00, 0xff, 0x59, 0xa8, 0x00, 0xff, 0x59, 0xa8, 0x00, 0xff,
    0x59, 0xa8, 0x00, 0xff, 0x59, 0xa8, 0x00, 0xff, 0x59, 0xa8, 0x00, 0xff,
    0x59, 0xa8, 0x00, 0x91, 0x59, 0xa8, 0x00, 0xae, 0x59, 0xa8, 0x00, 0xff,
    0x59, 0xa8, 0x00, 0xff, 0x59, 0xa8, 0x00, 0xff, 0x59, 0xa8, 0x00, 0xff,
    0x59, 0xa8, 0x00, 0xff, 0x59, 0xa8, 0x00, 0xff, 0x59, 0xa8, 0x00, 0xff,
    0x59, 0xa8, 0x00, 0xff, 0x59, 0xa8, 0x00, 0xff, 0x59, 0xa8, 0x00, 0xff,
    0x59, 0xa8, 0x00, 0xff, 0x59, 0xa8, 0x00, 0xff, 0x59, 0xa8, 0x00, 0xff,
    0x59, 0xa8, 0x00, 0xff, 0x59, 0xa8, 0x00, 0xff, 0x59, 0xa8, 0x00, 0xff,
    0x59, 0xa8, 0x00, 0xff, 0x59, 0xa8, 0x00, 0xff, 0x59, 0xa8, 0x00, 0xff,
    0x59, 0xa8, 0x00, 0xff, 0x59, 0xa8, 0x00, 0xff, 0x59, 0xa8, 0x00, 0xff,
    0x59, 0xa8, 0x00, 0xff, 0x59, 0xa8, 0x00, 0xff, 0x59, 0xa8, 0x00, 0xff,
    0x59, 0xa8, 0x00, 0xff, 0x59, 0xa8, 0x00, 0xff, 0x59, 0xa8, 0x00, 0xff,
    0x59, 0xa8, 0x00, 0xff, 0x59, 0xa8, 0x00, 0xff, 0x59, 0xa8, 0x00, 0xff,
    0x59, 0xa8, 0x00, 0xff, 0x59, 0xa8, 0x00, 0xff, 0x59, 0xa8, 0x00, 0xff,
    0x59, 0xa8, 0x00, 0xff, 0x59, 0xa8, 0x00, 0xff, 0x59, 0xa8, 0x00, 0xff,
    0x59, 0xa8, 0x00, 0xff, 0x59, 0xa8, 0x00, 0xff, 0x59, 0xa8, 0x00, 0xff,
    0x59, 0xa8, 0x00, 0xff, 0x59, 0xa8, 0x00, 0xff, 0x59, 0xa8, 0x00, 0xff,
    0x59, 0xa8, 0x00, 0xff, 0x59, 0xa8, 0x00, 0xff, 0x59, 0xa8, 0x00, 0xff,
    0x59, 0xa8, 0x00, 0xff, 0x59, 0xa8, 0x00, 0xff, 0x59, 0xa8, 0x00, 0xff,
    0x59, 0xa8, 0x00, 0xff, 0x59, 0xa8, 0x00, 0xff, 0x59, 0xa8, 0x00, 0xff,
    0x59, 0xa8, 0x00, 0xff, 0x59, 0xa8, 0x00, 0xff, 0x59, 0xa8, 0x00, 0xff,
    0x59, 0xa8, 0x00, 0xff, 0x59, 0xa8, 0x00, 0xff, 0x59, 0xa8, 0x00, 0xff,
    0x59, 0xa8, 0x00, 0xff, 0x59, 0xa8, 0x00, 0xff, 0x59, 0xa8, 0x00, 0xff,
    0x59, 0xa8, 0x00, 0xff, 0x59, 0xa8, 0x00, 0xff, 0x59, 0xa8, 0x00, 0xff,
    0x59, 0xa8, 0x00, 0xff, 0x59, 0xa8, 0x00, 0x91, 0x59, 0xa8, 0x00, 0xae,
    0x59, 0xa8, 0x00, 0xff, 0x59, 0xa8, 0x00, 0xff, 0x59, 0xa8, 0x00, 0xff,
    0x59, 0xa8, 0x00, 0xff, 0x59, 0xa8, 0x00, 0xff, 0x59, 0xa8, 0x00, 0xff,
    0x59, 0xa8, 0x00, 0xff, 0x59, 0xa8, 0x00, 0xff, 0x59, 0xa8, 0x00, 0xff,
    0x59, 0xa8, 0x00, 0xff, 0x59, 0xa8, 0x00, 0xff, 0x59, 0xa8, 0x00, 0xff,
    0x59, 0xa8, 0x00, 0xff, 0x59, 0xa8, 0x00, 0xff, 0x59, 0xa8, 0x00, 0xff,
    0x59, 0xa8, 0x00, 0xff, 0x59, 0xa8, 0x00, 0xff, 0x59, 0xa8, 0x00, 0xff,
    0x59, 0xa8, 0x00, 0xff, 0x59, 0xa8, 0x00, 0xff, 0x59, 0xa8, 0x00, 0xff,
    0x59, 0xa8, 0x00, 0xff, 0x59, 0xa8, 0x00, 0xff, 0x59, 0xa8, 0x00, 0xff,
    0x59, 0xa8, 0x00, 0xff, 0x59, 0xa8, 0x00, 0xff, 0x59, 0xa8, 0x00, 0xff,
    0x59, 0xa8, 0x00, 0xff, 0x59, 0xa8, 0x00, 0xff, 0x59, 0xa8, 0x00, 0xff,
    0x59, 0xa8, 0x00, 0xff, 0x59, 0xa8, 0x00, 0xff, 0x59, 0xa8, 0x00, 0xff,
    0x59, 0xa8, 0x00, 0xff, 0x59, 0xa8, 0x00, 0xff, 0x59, 0xa8, 0x00, 0xff,
    0x59, 0xa8, 0x00, 0xff, 0x59, 0xa8, 0x00, 0xff, 0x59, 0xa8, 0x00, 0xff,
    0x59, 0xa8, 0x00, 0xff, 0x59, 0xa8, 0x00, 0xff, 0x59, 0xa8, 0x00, 0xff,
    0x59, 0xa8, 0x00, 0xff, 0x59, 0xa8, 0x00, 0xff, 0x59, 0xa8, 0x00, 0xff,
    0x59, 0xa8, 0x00, 0xff, 0x59, 0xa8, 0x00, 0xff, 0x59, 0xa8, 0x00, 0xff,
    0x59, 0xa8, 0x00, 0xff, 0x59, 0xa8, 0x00, 0xff, 0x59, 0xa8, 0x00, 0xff,
    0x59, 0xa8, 0x00, 0xff, 0x59, 0xa8, 0x00, 0xff, 0x59, 0xa8, 0x00, 0xff,
    0x59, 0xa8, 0x00, 0xff, 0x59, 0xa8, 0x00, 0xff, 0x59, 0xa8, 0x00, 0xff,
    0x59, 0xa8, 0x00, 0xff, 0x59, 0xa8, 0x00, 0xff, 0x59, 0xa8, 0x00, 0xff,
    0x59, 0xa8, 0x00, 0xff, 0x59, 0xa8, 0x00, 0xff, 0x59, 0xa8, 0x00, 0xff,
    0x59, 0xa8, 0x00, 0xff, 0x59, 0xa8, 0x00, 0xff, 0x59, 0xa8, 0x00, 0x91,
    0x59, 0xa8, 0x00, 0xae, 0x59, 0xa8, 0x00, 0xff, 0x59, 0xa8, 0x00, 0xff,
    0x59, 0xa8, 0x00, 0xff, 0x59, 0xa8, 0x00, 0xff, 0x59, 0xa8, 0x00, 0xff,
    0x59, 0xa8, 0x00, 0xff, 0x59, 0xa8, 0x00, 0xff, 0x59, 0xa8, 0x00, 0xff,
    0x59, 0xa8, 0x00, 0xff, 0x59, 0xa8, 0x00, 0xff, 0x59, 0xa8, 0x00, 0xff,
    0x59, 0xa8, 0x00, 0xff, 0x59, 0xa8, 0x00, 0xff, 0x59, 0xa8, 0x00, 0xff,
    0x59, 0xa8, 0x00, 0xff, 0x59, 0xa8, 0x00, 0xff, 0x59, 0xa8, 0x00, 0xff,
    0x59, 0xa8, 0x00, 0xff, 0x59, 0xa8, 0x00, 0xff, 0x59, 0xa8, 0x00, 0xff,
    0x59, 0xa8, 0x00, 0xff, 0x59, 0xa8, 0x00, 0xff, 0x59, 0xa8, 0x00, 0xff,
    0x59, 0xa8, 0x00, 0xff, 0x59, 0xa8, 0x00, 0xff, 0x59, 0xa8, 0x00, 0xff,
    0x59, 0xa8, 0x00, 0xff, 0x59, 0xa8, 0x00, 0xff, 0x59, 0xa8, 0x00, 0xff,
    0x59, 0xa8, 0x00, 0xff, 0x59, 0xa8, 0x00, 0xff, 0x59, 0xa8, 0x00, 0xff,
    0x59, 0xa8, 0x00, 0xff, 0x59, 0xa8, 0x00, 0xff, 0x59, 0xa8, 0x00, 0xff,
    0x59, 0xa8, 0x00, 0xff, 0x59, 0xa8, 0x00, 0xff, 0x59, 0xa8, 0x00, 0xff,
    0x59, 0xa8, 0x00, 0xff, 0x59, 0xa8, 0x00, 0xff, 0x59, 0xa8, 0x00, 0xff,
    0x59, 0xa8, 0x00, 0xff, 0x59, 0xa8, 0x00, 0xff, 0x59, 0xa8, 0x00, 0xff,
    0x59, 0xa8, 0x00, 0xff, 0x59, 0xa8, 0x00, 0xff, 0x59, 0xa8, 0x00, 0xff,
    0x59, 0xa8, 0x00, 0xff, 0x59, 0xa8, 0x00, 0xff, 0x59, 0xa8, 0x00, 0xff,
    0x59, 0xa8, 0x00, 0xff, 0x59, 0xa8, 0x00, 0xff, 0x59, 0xa8, 0x00, 0xff,
    0x59, 0xa8, 0x00, 0xff, 0x59, 0xa8, 0x00, 0xff, 0x59, 0xa8, 0x00, 0xff,
    0x59, 0xa8, 0x00, 0xff, 0x59, 0xa8, 0x00, 0xff, 0x59, 0xa8, 0x00, 0xff,
    0x59, 0xa8, 0x00, 0xff, 0x59, 0xa8, 0x00, 0xff, 0x59, 0xa8, 0x00, 0xff,
    0x59, 0xa8, 0x00, 0xff, 0x59, 0xa8, 0x00, 0xff, 0x59, 0xa8, 0x00, 0xff,
    0x59, 0xa8, 0x00, 0x91, 0x59, 0xa8, 0x00, 0xab, 0x59, 0xa8, 0x00, 0xff,
    0x59, 0xa8, 0x00, 0xff, 0x59, 0xa8, 0x00, 0xff, 0x59, 0xa8, 0x00, 0xff,
    0x59, 0xa8, 0x00, 0xff, 0x59, 0xa8, 0x00, 0xff, 0x59, 0xa8, 0x00, 0xff,
    0x59, 0xa8, 0x00, 0xff, 0x59, 0xa8, 0x00, 0xff, 0x59, 0xa8, 0x00, 0xff,
    0x59, 0xa8, 0x00, 0xff, 0x59, 0xa8, 0x00, 0xff, 0x59, 0xa8, 0x00, 0xff,
    0x59, 0xa8, 0x00, 0xff, 0x59, 0xa8, 0x00, 0xff, 0x59, 0xa8, 0x00, 0xff,
    0x59, 0xa8, 0x00, 0xff, 0x59, 0xa8, 0x00, 0xff, 0x59, 0xa8, 0x00, 0xff,
    0x59, 0xa8, 0x00, 0xff, 0x59, 0xa8, 0x00, 0xff, 0x59, 0xa8, 0x00, 0xff,
    0x59, 0xa8, 0x00, 0xff, 0x59, 0xa8, 0x00, 0xff, 0x59, 0xa8, 0x00, 0xff,
    0x59, 0xa8, 0x00, 0xff, 0x59, 0xa8, 0x00, 0xff, 0x59, 0xa8, 0x00, 0xff,
    0x59, 0xa8, 0x00, 0xff, 0x59, 0xa8, 0x00, 0xff, 0x59, 0xa8, 0x00, 0xff,
    0x59, 0xa8, 0x00, 0xff, 0x59, 0xa8, 0x00, 0xff, 0x59, 0xa8, 0x00, 0xff,
    0x59, 0xa8, 0x00, 0xff, 0x59, 0xa8, 0x00, 0xff, 0x59, 0xa8, 0x00, 0xff,
    0x59, 0xa8, 0x00, 0xff, 0x59, 0xa8, 0x00, 0xff, 0x59, 0xa8, 0x00, 0xff,
    0x59, 0xa8, 0x00, 0xff, 0x59, 0xa8, 0x00, 0xff, 0x59, 0xa8, 0x00, 0xff,
    0x59, 0xa8, 0x00, 0xff, 0x59, 0xa8, 0x00, 0xff, 0x59, 0xa8, 0x00, 0xff,
    0x59, 0xa8, 0x00, 0xff, 0x59, 0xa8, 0x00, 0xff, 0x59, 0xa8, 0x00, 0xff,
    0x59, 0xa8, 0x00, 0xff, 0x59, 0xa8, 0x00, 0xff, 0x59, 0xa8, 0x00, 0xff,
    0x59, 0xa8, 0x00, 0xff, 0x59, 0xa8, 0x00, 0xff, 0x59, 0xa8, 0x00, 0xff,
    0x59, 0xa8, 0x00, 0xff, 0x59, 0xa8, 0x00, 0xff, 0x59, 0xa8, 0x00, 0xff,
    0x59, 0xa8, 0x00, 0xff, 0x59, 0xa8, 0x00, 0xff, 0x59, 0xa8, 0x00, 0xff,
    0x59, 0xa8, 0x00, 0xff, 0x59, 0xa8, 0x00, 0xff, 0x59, 0xa8, 0x00, 0xff,
    0x59, 0xa8, 0x00, 0xff, 0x59, 0xa8, 0x00, 0x8e, 0x59, 0xa8, 0x00, 0x9f,
    0x59, 0xa8, 0x00, 0xff, 0x59, 0xa8, 0x00, 0xff, 0x59, 0xa8, 0x00, 0xff,
    0x59, 0xa8, 0x00, 0xff, 0x59, 0xa8, 0x00, 0xff, 0x59, 0xa8, 0x00, 0xff,
    0x59, 0xa8, 0x00, 0xff, 0x59, 0xa8, 0x00, 0xff, 0x59, 0xa8, 0x00, 0xff,
    0x59, 0xa8, 0x00, 0xff, 0x59, 0xa8, 0x00, 0xff, 0x59, 0xa8, 0x00, 0xff,
    0x59, 0xa8, 0x00, 0xff, 0x59, 0xa8, 0x00, 0xff, 0x59, 0xa8, 0x00, 0xff,
    0x59, 0xa8, 0x00, 0xff, 0x59, 0xa8, 0x00, 0xff, 0x59, 0xa8, 0x00, 0xff,
    0x59, 0xa8, 0x00, 0xff, 0x59, 0xa8, 0x00, 0xff, 0x59, 0xa8, 0x00, 0xff,
    0x59, 0xa8, 0x00, 0xff, 0x59, 0xa8, 0x00, 0xff, 0x59, 0xa8, 0x00, 0xff,
    0x59, 0xa8, 0x00, 0xff, 0x59, 0xa8, 0x00, 0xff, 0x59, 0xa8, 0x00, 0xff,
    0x59, 0xa8, 0x00, 0xff, 0x59, 0xa8, 0x00, 0xff, 0x59, 0xa8, 0x00, 0xff,
    0x59, 0xa8, 0x00, 0xff, 0x59, 0xa8, 0x00, 0xff, 0x59, 0xa8, 0x00, 0xff,
    0x59, 0xa8, 0x00, 0xff, 0x59, 0xa8, 0x00, 0xff, 0x59, 0xa8, 0x00, 0xff,
    0x59, 0xa8, 0x00, 0xff, 0x59, 0xa8, 0x00, 0xff, 0x59, 0xa8, 0x00, 0xff,
    0x59, 0xa8, 0x00, 0xff, 0x59, 0xa8, 0x00, 0xff, 0x59, 0xa8, 0x00, 0xff,
    0x59, 0xa8, 0x00, 0xff, 0x59, 0xa8, 0x00, 0xff, 0x59, 0xa8, 0x00, 0xff,
    0x59, 0xa8, 0x00, 0xff, 0x59, 0xa8, 0x00, 0xff, 0x59, 0xa8, 0x00, 0xff,
    0x59, 0xa8, 0x00, 0xff, 0x59, 0xa8, 0x00, 0xff, 0x59, 0xa8, 0x00, 0xff,
    0x59, 0xa8, 0x00, 0xff, 0x59, 0xa8, 0x00, 0xff, 0x59, 0xa8, 0x00, 0xff,
    0x59, 0xa8, 0x00, 0xff, 0x59, 0xa8, 0x00, 0xff, 0x59, 0xa8, 0x00, 0xff,
    0x59, 0xa8, 0x00, 0xff, 0x59, 0xa8, 0x00, 0xff, 0x59, 0xa8, 0x00, 0xff,
    0x59, 0xa8, 0x00, 0xff, 0x59, 0xa8, 0x00, 0xff, 0x59, 0xa8, 0x00, 0xff,
    0x59, 0xa8, 0x00, 0xff, 0x59, 0xa8, 0x00, 0xff, 0x59, 0xa8, 0x00, 0x82,
    0x58, 0xa7, 0x00, 0x84, 0x59, 0xa8, 0x00, 0xff, 0x59, 0xa8, 0x00, 0xff,
    0x59, 0xa8, 0x00, 0xff, 0x59, 0xa8, 0x00, 0xff, 0x59, 0xa8, 0x00, 0xff,
    0x59, 0xa8, 0x00, 0xff, 0x59, 0xa8, 0x00, 0xff, 0x59, 0xa8, 0x00, 0xff,
    0x59, 0xa8, 0x00, 0xff, 0x59, 0xa8, 0x00, 0xff, 0x59, 0xa8, 0x00, 0xff,
    0x59, 0xa8, 0x00, 0xff, 0x59, 0xa8, 0x00, 0xff, 0x59, 0xa8, 0x00, 0xff,
    0x59, 0xa8, 0x00, 0xff, 0x59, 0xa8, 0x00, 0xff, 0x59, 0xa8, 0x00, 0xff,
    0x59, 0xa8, 0x00, 0xff, 0x59, 0xa8, 0x00, 0xff, 0x59, 0xa8, 0x00, 0xff,
    0x59, 0xa8, 0x00, 0xff, 0x59, 0xa8, 0x00, 0xff, 0x59, 0xa8, 0x00, 0xff,
    0x59, 0xa8, 0x00, 0xff, 0x59, 0xa8, 0x00, 0xff, 0x59, 0xa8, 0x00, 0xff,
    0x59, 0xa8, 0x00, 0xff, 0x59, 0xa8, 0x00, 0xff, 0x59, 0xa8, 0x00, 0xff,
    0x59, 0xa8, 0x00, 0xff, 0x59, 0xa8, 0x00, 0xff, 0x59, 0xa8, 0x00, 0xff,
    0x59, 0xa8, 0x00, 0xff, 0x59, 0xa8, 0x00, 0xff, 0x59, 0xa8, 0x00, 0xff,
    0x59, 0xa8, 0x00, 0xff, 0x59, 0xa8, 0x00, 0xff, 0x59, 0xa8, 0x00, 0xff,
    0x59, 0xa8, 0x00, 0xff, 0x59, 0xa8, 0x00, 0xff, 0x59, 0xa8, 0x00, 0xff,
    0x59, 0xa8, 0x00, 0xff, 0x59, 0xa8, 0x00, 0xff, 0x59, 0xa8, 0x00, 0xff,
    0x59, 0xa8, 0x00, 0xff, 0x59, 0xa8, 0x00, 0xff, 0x59, 0xa8, 0x00, 0xff,
    0x59, 0xa8, 0x00, 0xff, 0x59, 0xa8, 0x00, 0xff, 0x59, 0xa8, 0x00, 0xff,
    0x59, 0xa8, 0x00, 0xff, 0x59, 0xa8, 0x00, 0xff, 0x59, 0xa8, 0x00, 0xff,
    0x59, 0xa8, 0x00, 0xff, 0x59, 0xa8, 0x00, 0xff, 0x59, 0xa8, 0x00, 0xff,
    0x59, 0xa8, 0x00, 0xff, 0x59, 0xa8, 0x00, 0xff, 0x59, 0xa8, 0x00, 0xff,
    0x59, 0xa8, 0x00, 0xff, 0x59, 0xa8, 0x00, 0xff, 0x59, 0xa8, 0x00, 0xff,
    0x59, 0xa8, 0x00, 0xff, 0x59, 0xa8, 0x00, 0xff, 0x59, 0xa8, 0x00, 0xff,
    0x58, 0xa7, 0x00, 0x67, 0x59, 0xa8, 0x00, 0x5a, 0x59, 0xa8, 0x00, 0xff,
    0x59, 0xa8, 0x00, 0xff, 0x59, 0xa8, 0x00, 0xff, 0x59, 0xa8, 0x00, 0xff,
    0x59, 0xa8, 0x00, 0xff, 0x59, 0xa8, 0x00, 0xff, 0x59, 0xa8, 0x00, 0xff,
    0x59, 0xa8, 0x00, 0xff, 0x59, 0xa8, 0x00, 0xff, 0x59, 0xa8, 0x00, 0xff,
    0x59, 0xa8, 0x00, 0xff, 0x59, 0xa8, 0x00, 0xff, 0x59, 0xa8, 0x00, 0xff,
    0x59, 0xa8, 0x00, 0xff, 0x59, 0xa8, 0x00, 0xff, 0x59, 0xa8, 0x00, 0xff,
    0x59, 0xa8, 0x00, 0xff, 0x59, 0xa8, 0x00, 0xff, 0x59, 0xa8, 0x00, 0xff,
    0x59, 0xa8, 0x00, 0xff, 0x59, 0xa8, 0x00, 0xff, 0x59, 0xa8, 0x00, 0xff,
    0x59, 0xa8, 0x00, 0xff, 0x59, 0xa8, 0x00, 0xff, 0x59, 0xa8, 0x00, 0xff,
    0x59, 0xa8, 0x00, 0xff, 0x59, 0xa8, 0x00, 0xff, 0x59, 0xa8, 0x00, 0xff,
    0x59, 0xa8, 0x00, 0xff, 0x59, 0xa8, 0x00, 0xff, 0x59, 0xa8, 0x00, 0xff,
    0x59, 0xa8, 0x00, 0xff, 0x59, 0xa8, 0x00, 0xff, 0x59, 0xa8, 0x00, 0xff,
    0x59, 0xa8, 0x00, 0xff, 0x59, 0xa8, 0x00, 0xff, 0x59, 0xa8, 0x00, 0xff,
    0x59, 0xa8, 0x00, 0xff, 0x59, 0xa8, 0x00, 0xff, 0x59, 0xa8, 0x00, 0xff,
    0x59, 0xa8, 0x00, 0xff, 0x59, 0xa8, 0x00, 0xff, 0x59, 0xa8, 0x00, 0xff,
    0x59, 0xa8, 0x00, 0xff, 0x59, 0xa8, 0x00, 0xff, 0x59, 0xa8, 0x00, 0xff,
    0x59, 0xa8, 0x00, 0xff, 0x59, 0xa8, 0x00, 0xff, 0x59, 0xa8, 0x00, 0xff,
    0x59, 0xa8, 0x00, 0xff, 0x59, 0xa8, 0x00, 0xff, 0x59, 0xa8, 0x00, 0xff,
    0x59, 0xa8, 0x00, 0xff, 0x59, 0xa8, 0x00, 0xff, 0x59, 0xa8, 0x00, 0xff,
    0x59, 0xa8, 0x00, 0xff, 0x59, 0xa8, 0x00, 0xff, 0x59, 0xa8, 0x00, 0xff,
    0x59, 0xa8, 0x00, 0xff, 0x59, 0xa8, 0x00, 0xff, 0x59, 0xa8, 0x00, 0xff,
    0x59, 0xa8, 0x00, 0xff, 0x59, 0xa8, 0x00, 0xff, 0x59, 0xa8, 0x00, 0xff,
    0x59, 0xa8, 0x00, 0xff, 0x59, 0xa8, 0x00, 0x3d, 0x53, 0xa5, 0x00, 0x1c,
    0x59, 0xa8, 0x00, 0xff, 0x59, 0xa8, 0x00, 0xff, 0x59, 0xa8, 0x00, 0xff,
    0x59, 0xa8, 0x00, 0xff, 0x59, 0xa8, 0x00, 0xff, 0x59, 0xa8, 0x00, 0xff,
    0x59, 0xa8, 0x00, 0xff, 0x59, 0xa8, 0x00, 0xff, 0x59, 0xa8, 0x00, 0xff,
    0x59, 0xa8, 0x00, 0xff, 0x59, 0xa8, 0x00, 0xff, 0x59, 0xa8, 0x00, 0xff,
    0x59, 0xa8, 0x00, 0xff, 0x59, 0xa8, 0x00, 0xff, 0x59, 0xa8, 0x00, 0xff,
    0x59, 0xa8, 0x00, 0xff, 0x59, 0xa8, 0x00, 0xff, 0x59, 0xa8, 0x00, 0xff,
    0x59, 0xa8, 0x00, 0xff, 0x59, 0xa8, 0x00, 0xff, 0x59, 0xa8, 0x00, 0xff,
    0x59, 0xa8, 0x00, 0xff, 0x59, 0xa8, 0x00, 0xff, 0x59, 0xa8, 0x00, 0xff,
    0x59, 0xa8, 0x00, 0xff, 0x59, 0xa8, 0x00, 0xff, 0x59, 0xa8, 0x00, 0xff,
    0x59, 0xa8, 0x00, 0xff, 0x59, 0xa8, 0x00, 0xff, 0x59, 0xa8, 0x00, 0xff,
    0x59, 0xa8, 0x00, 0xff, 0x59, 0xa8, 0x00, 0xff, 0x59, 0xa8, 0x00, 0xff,
    0x59, 0xa8, 0x00, 0xff, 0x59, 0xa8, 0x00, 0xff, 0x59, 0xa8, 0x00, 0xff,
    0x59, 0xa8, 0x00, 0xff, 0x59, 0xa8, 0x00, 0xff, 0x59, 0xa8, 0x00, 0xff,
    0x59, 0xa8, 0x00, 0xff, 0x59, 0xa8, 0x00, 0xff, 0x59, 0xa8, 0x00, 0xff,
    0x59, 0xa8, 0x00, 0xff, 0x59, 0xa8, 0x00, 0xff, 0x59, 0xa8, 0x00, 0xff,
    0x59, 0xa8, 0x00, 0xff, 0x59, 0xa8, 0x00, 0xff, 0x59, 0xa8, 0x00, 0xff,
    0x59, 0xa8, 0x00, 0xff, 0x59, 0xa8, 0x00, 0xff, 0x59, 0xa8, 0x00, 0xff,
    0x59, 0xa8, 0x00, 0xff, 0x59, 0xa8, 0x00, 0xff, 0x59, 0xa8, 0x00, 0xff,
    0x59, 0xa8, 0x00, 0xff, 0x59, 0xa8, 0x00, 0xff, 0x59, 0xa8, 0x00, 0xff,
    0x59, 0xa8, 0x00, 0xff, 0x59, 0xa8, 0x00, 0xff, 0x59, 0xa8, 0x00, 0xff,
    0x59, 0xa8, 0x00, 0xff, 0x59, 0xa8, 0x00, 0xff, 0x59, 0xa8, 0x00, 0xff,
    0x59, 0xa8, 0x00, 0xff, 0x59, 0xa8, 0x00, 0xf6, 0x4a, 0x93, 0x00, 0x07,
    0xff, 0xff, 0xff, 0x00, 0x59, 0xa8, 0x00, 0xcd, 0x59, 0xa8, 0x00, 0xff,
    0x59, 0xa8, 0x00, 0xff, 0x59, 0xa8, 0x00, 0xff, 0x59, 0xa8, 0x00, 0xff,
    0x59, 0xa8, 0x00, 0xff, 0x59, 0xa8, 0x00, 0xff, 0x59, 0xa8, 0x00, 0xff,
    0x59, 0xa8, 0x00, 0xff, 0x59, 0xa8, 0x00, 0xff, 0x59, 0xa8, 0x00, 0xff,
    0x59, 0xa8, 0x00, 0xff, 0x59, 0xa8, 0x00, 0xff, 0x59, 0xa8, 0x00, 0xff,
    0x59, 0xa8, 0x00, 0xff, 0x59, 0xa8, 0x00, 0xff, 0x59, 0xa8, 0x00, 0xff,
    0x59, 0xa8, 0x00, 0xff, 0x59, 0xa8, 0x00, 0xff, 0x59, 0xa8, 0x00, 0xff,
    0x59, 0xa8, 0x00, 0xff, 0x59, 0xa8, 0x00, 0xff, 0x59, 0xa8, 0x00, 0xff,
    0x59, 0xa8, 0x00, 0xff, 0x59, 0xa8, 0x00, 0xff, 0x59, 0xa8, 0x00, 0xff,
    0x59, 0xa8, 0x00, 0xff, 0x59, 0xa8, 0x00, 0xff, 0x59, 0xa8, 0x00, 0xff,
    0x59, 0xa8, 0x00, 0xff, 0x59, 0xa8, 0x00, 0xff, 0x59, 0xa8, 0x00, 0xff,
    0x59, 0xa8, 0x00, 0xff, 0x59, 0xa8, 0x00, 0xff, 0x59, 0xa8, 0x00, 0xff,
    0x59, 0xa8, 0x00, 0xff, 0x59, 0xa8, 0x00, 0xff, 0x59, 0xa8, 0x00, 0xff,
    0x59, 0xa8, 0x00, 0xff, 0x59, 0xa8, 0x00, 0xff, 0x59, 0xa8, 0x00, 0xff,
    0x59, 0xa8, 0x00, 0xff, 0x59, 0xa8, 0x00, 0xff, 0x59, 0xa8, 0x00, 0xff,
    0x59, 0xa8, 0x00, 0xff, 0x59, 0xa8, 0x00, 0xff, 0x59, 0xa8, 0x00, 0xff,
    0x59, 0xa8, 0x00, 0xff, 0x59, 0xa8, 0x00, 0xff, 0x59, 0xa8, 0x00, 0xff,
    0x59, 0xa8, 0x00, 0xff, 0x59, 0xa8, 0x00, 0xff, 0x59, 0xa8, 0x00, 0xff,
    0x59, 0xa8, 0x00, 0xff, 0x59, 0xa8, 0x00, 0xff, 0x59, 0xa8, 0x00, 0xff,
    0x59, 0xa8, 0x00, 0xff, 0x59, 0xa8, 0x00, 0xff, 0x59, 0xa8, 0x00, 0xff,
    0x59, 0xa8, 0x00, 0xff, 0x59, 0xa8, 0x00, 0xff, 0x59, 0xa8, 0x00, 0xff,
    0x59, 0xa8, 0x00, 0xff, 0x59, 0xa8, 0x00, 0xff, 0x59, 0xa8, 0x00, 0xaf,
    0xff, 0xff, 0xff, 0x00, 0xff, 0xff, 0xff, 0x00, 0x59, 0xa8, 0x00, 0x6c,
    0x59, 0xa8, 0x00, 0xff, 0x59, 0xa8, 0x00, 0xff, 0x59, 0xa8, 0x00, 0xff,
    0x59, 0xa8, 0x00, 0xff, 0x59, 0xa8, 0x00, 0xff, 0x59, 0xa8, 0x00, 0xff,
    0x59, 0xa8, 0x00, 0xff, 0x59, 0xa8, 0x00, 0xff, 0x59, 0xa8, 0x00, 0xff,
    0x59, 0xa8, 0x00, 0xff, 0x59, 0xa8, 0x00, 0xff, 0x59, 0xa8, 0x00, 0xff,
    0x59, 0xa8, 0x00, 0xff, 0x59, 0xa8, 0x00, 0xff, 0x59, 0xa8, 0x00, 0xff,
    0x59, 0xa8, 0x00, 0xff, 0x59, 0xa8, 0x00, 0xff, 0x59, 0xa8, 0x00, 0xff,
    0x59, 0xa8, 0x00, 0xff, 0x59, 0xa8, 0x00, 0xff, 0x59, 0xa8, 0x00, 0xff,
    0x59, 0xa8, 0x00, 0xff, 0x59, 0xa8, 0x00, 0xff, 0x59, 0xa8, 0x00, 0xff,
    0x59, 0xa8, 0x00, 0xff, 0x59, 0xa8, 0x00, 0xff, 0x59, 0xa8, 0x00, 0xff,
    0x59, 0xa8, 0x00, 0xff, 0x59, 0xa8, 0x00, 0xff, 0x59, 0xa8, 0x00, 0xff,
    0x59, 0xa8, 0x00, 0xff, 0x59, 0xa8, 0x00, 0xff, 0x59, 0xa8, 0x00, 0xff,
    0x59, 0xa8, 0x00, 0xff, 0x59, 0xa8, 0x00, 0xff, 0x59, 0xa8, 0x00, 0xff,
    0x59, 0xa8, 0x00, 0xff, 0x59, 0xa8, 0x00, 0xff, 0x59, 0xa8, 0x00, 0xff,
    0x59, 0xa8, 0x00, 0xff, 0x59, 0xa8, 0x00, 0xff, 0x59, 0xa8, 0x00, 0xff,
    0x59, 0xa8, 0x00, 0xff, 0x59, 0xa8, 0x00, 0xff, 0x59, 0xa8, 0x00, 0xff,
    0x59, 0xa8, 0x00, 0xff, 0x59, 0xa8, 0x00, 0xff, 0x59, 0xa8, 0x00, 0xff,
    0x59, 0xa8, 0x00, 0xff, 0x59, 0xa8, 0x00, 0xff, 0x59, 0xa8, 0x00, 0xff,
    0x59, 0xa8, 0x00, 0xff, 0x59, 0xa8, 0x00, 0xff, 0x59, 0xa8, 0x00, 0xff,
    0x59, 0xa8, 0x00, 0xff, 0x59, 0xa8, 0x00, 0xff, 0x59, 0xa8, 0x00, 0xff,
    0x59, 0xa8, 0x00, 0xff, 0x59, 0xa8, 0x00, 0xff, 0x59, 0xa8, 0x00, 0xff,
    0x59, 0xa8, 0x00, 0xff, 0x59, 0xa8, 0x00, 0xff, 0x59, 0xa8, 0x00, 0xff,
    0x59, 0xa8, 0x00, 0x4e, 0xff, 0xff, 0xff, 0x00, 0xff, 0xff, 0xff, 0x00,
    0x4e, 0x9a, 0x00, 0x0a, 0x59, 0xa8, 0x00, 0xe9, 0x59, 0xa8, 0x00, 0xff,
    0x59, 0xa8, 0x00, 0xff, 0x59, 0xa8, 0x00, 0xff, 0x59, 0xa8, 0x00, 0xff,
    0x59, 0xa8, 0x00, 0xff, 0x59, 0xa8, 0x00, 0xff, 0x59, 0xa8, 0x00, 0xff,
    0x59, 0xa8, 0x00, 0xff, 0x59, 0xa8, 0x00, 0xff, 0x59, 0xa8, 0x00, 0xff,
    0x59, 0xa8, 0x00, 0xff, 0x59, 0xa8, 0x00, 0xff, 0x59, 0xa8, 0x00, 0xff,
    0x59, 0xa8, 0x00, 0xff, 0x59, 0xa8, 0x00, 0xff, 0x59, 0xa8, 0x00, 0xff,
    0x59, 0xa8, 0x00, 0xff, 0x59, 0xa8, 0x00, 0xff, 0x59, 0xa8, 0x00, 0xff,
    0x59, 0xa8, 0x00, 0xff, 0x59, 0xa8, 0x00, 0xff, 0x59, 0xa8, 0x00, 0xff,
    0x59, 0xa8, 0x00, 0xff, 0x59, 0xa8, 0x00, 0xff, 0x59, 0xa8, 0x00, 0xff,
    0x59, 0xa8, 0x00, 0xff, 0x59, 0xa8, 0x00, 0xff, 0x59, 0xa8, 0x00, 0xff,
    0x59, 0xa8, 0x00, 0xff, 0x59, 0xa8, 0x00, 0xff, 0x59, 0xa8, 0x00, 0xff,
    0x59, 0xa8, 0x00, 0xff, 0x59, 0xa8, 0x00, 0xff, 0x59, 0xa8, 0x00, 0xff,
    0x59, 0xa8, 0x00, 0xff, 0x59, 0xa8, 0x00, 0xff, 0x59, 0xa8, 0x00, 0xff,
    0x59, 0xa8, 0x00, 0xff, 0x59, 0xa8, 0x00, 0xff, 0x59, 0xa8, 0x00, 0xff,
    0x59, 0xa8, 0x00, 0xff, 0x59, 0xa8, 0x00, 0xff, 0x59, 0xa8, 0x00, 0xff,
    0x59, 0xa8, 0x00, 0xff, 0x59, 0xa8, 0x00, 0xff, 0x59, 0xa8, 0x00, 0xff,
    0x59, 0xa8, 0x00, 0xff, 0x59, 0xa8, 0x00, 0xff, 0x59, 0xa8, 0x00, 0xff,
    0x59, 0xa8, 0x00, 0xff, 0x59, 0xa8, 0x00, 0xff, 0x59, 0xa8, 0x00, 0xff,
    0x59, 0xa8, 0x00, 0xff, 0x59, 0xa8, 0x00, 0xff, 0x59, 0xa8, 0x00, 0xff,
    0x59, 0xa8, 0x00, 0xff, 0x59, 0xa8, 0x00, 0xff, 0x59, 0xa8, 0x00, 0xff,
    0x59, 0xa8, 0x00, 0xff, 0x59, 0xa8, 0x00, 0xff, 0x59, 0xa8, 0x00, 0xff,
    0x59, 0xa8, 0x00, 0xd4, 0x01, 0x80, 0x00, 0x02, 0xff, 0xff, 0xff, 0x00,
    0xff, 0xff, 0xff, 0x00, 0xff, 0xff, 0xff, 0x00, 0x57, 0xa7, 0x00, 0x65,
    0x59, 0xa8, 0x00, 0xff, 0x59, 0xa8, 0x00, 0xff, 0x59, 0xa8, 0x00, 0xff,
    0x59, 0xa8, 0x00, 0xff, 0x59, 0xa8, 0x00, 0xff, 0x59, 0xa8, 0x00, 0xff,
    0x59, 0xa8, 0x00, 0xff, 0x59, 0xa8, 0x00, 0xff, 0x59, 0xa8, 0x00, 0xff,
    0x59, 0xa8, 0x00, 0xff, 0x59, 0xa8, 0x00, 0xff, 0x59, 0xa8, 0x00, 0xff,
    0x59, 0xa8, 0x00, 0xff, 0x59, 0xa8, 0x00, 0xff, 0x59, 0xa8, 0x00, 0xff,
    0x59, 0xa8, 0x00, 0xff, 0x59, 0xa8, 0x00, 0xff, 0x59, 0xa8, 0x00, 0xff,
    0x59, 0xa8, 0x00, 0xff, 0x59, 0xa8, 0x00, 0xff, 0x59, 0xa8, 0x00, 0xff,
    0x59, 0xa8, 0x00, 0xff, 0x59, 0xa8, 0x00, 0xff, 0x59, 0xa8, 0x00, 0xff,
    0x59, 0xa8, 0x00, 0xff, 0x59, 0xa8, 0x00, 0xff, 0x59, 0xa8, 0x00, 0xff,
    0x59, 0xa8, 0x00, 0xff, 0x59, 0xa8, 0x00, 0xff, 0x59, 0xa8, 0x00, 0xff,
    0x59, 0xa8, 0x00, 0xff, 0x59, 0xa8, 0x00, 0xff, 0x59, 0xa8, 0x00, 0xff,
    0x59, 0xa8, 0x00, 0xff, 0x59, 0xa8, 0x00, 0xff, 0x59, 0xa8, 0x00, 0xff,
    0x59, 0xa8, 0x00, 0xff, 0x59, 0xa8, 0x00, 0xff, 0x59, 0xa8, 0x00, 0xff,
    0x59, 0xa8, 0x00, 0xff, 0x59, 0xa8, 0x00, 0xff, 0x59, 0xa8, 0x00, 0xff,
    0x59, 0xa8, 0x00, 0xff, 0x59, 0xa8, 0x00, 0xff, 0x59, 0xa8, 0x00, 0xff,
    0x59, 0xa8, 0x00, 0xff, 0x59, 0xa8, 0x00, 0xff, 0x59, 0xa8, 0x00, 0xff,
    0x59, 0xa8, 0x00, 0xff, 0x59, 0xa8, 0x00, 0xff, 0x59, 0xa8, 0x00, 0xff,
    0x59, 0xa8, 0x00, 0xff, 0x59, 0xa8, 0x00, 0xff, 0x59, 0xa8, 0x00, 0xff,
    0x59, 0xa8, 0x00, 0xff, 0x59, 0xa8, 0x00, 0xff, 0x59, 0xa8, 0x00, 0xff,
    0x59, 0xa8, 0x00, 0xff, 0x59, 0xa8, 0x00, 0xff, 0x59, 0xa8, 0x00, 0xff,
    0x59, 0xa8, 0x00, 0xff, 0x58, 0xa5, 0x00, 0x49, 0xff, 0xff, 0xff, 0x00,
    0xff, 0xff, 0xff, 0x00, 0xff, 0xff, 0xff, 0x00, 0xff, 0xff, 0xff, 0x00,
    0x01, 0x80, 0x00, 0x02, 0x59, 0xa8, 0x00, 0xbd, 0x59, 0xa8, 0x00, 0xff,
    0x59, 0xa8, 0x00, 0xff, 0x59, 0xa8, 0x00, 0xff, 0x59, 0xa8, 0x00, 0xff,
    0x59, 0xa8, 0x00, 0xff, 0x59, 0xa8, 0x00, 0xff, 0x59, 0xa8, 0x00, 0xff,
    0x59, 0xa8, 0x00, 0xff, 0x59, 0xa8, 0x00, 0xff, 0x59, 0xa8, 0x00, 0xff,
    0x59, 0xa8, 0x00, 0xff, 0x59, 0xa8, 0x00, 0xff, 0x59, 0xa8, 0x00, 0xff,
    0x59, 0xa8, 0x00, 0xff, 0x59, 0xa8, 0x00, 0xff, 0x59, 0xa8, 0x00, 0xff,
    0x59, 0xa8, 0x00, 0xff, 0x59, 0xa8, 0x00, 0xff, 0x59, 0xa8, 0x00, 0xff,
    0x59, 0xa8, 0x00, 0xff, 0x59, 0xa8, 0x00, 0xff, 0x59, 0xa8, 0x00, 0xff,
    0x59, 0xa8, 0x00, 0xff, 0x59, 0xa8, 0x00, 0xff, 0x59, 0xa8, 0x00, 0xff,
    0x59, 0xa8, 0x00, 0xff, 0x59, 0xa8, 0x00, 0xff, 0x59, 0xa8, 0x00, 0xff,
    0x59, 0xa8, 0x00, 0xff, 0x59, 0xa8, 0x00, 0xff, 0x59, 0xa8, 0x00, 0xff,
    0x59, 0xa8, 0x00, 0xff, 0x59, 0xa8, 0x00, 0xff, 0x59, 0xa8, 0x00, 0xff,
    0x59, 0xa8, 0x00, 0xff, 0x59, 0xa8, 0x00, 0xff, 0x59, 0xa8, 0x00, 0xff,
    0x59, 0xa8, 0x00, 0xff, 0x59, 0xa8, 0x00, 0xff, 0x59, 0xa8, 0x00, 0xff,
    0x59, 0xa8, 0x00, 0xff, 0x59, 0xa8, 0x00, 0xff, 0x59, 0xa8, 0x00, 0xff,
    0x59, 0xa8, 0x00, 0xff, 0x59, 0xa8, 0x00, 0xff, 0x59, 0xa8, 0x00, 0xff,
    0x59, 0xa8, 0x00, 0xff, 0x59, 0xa8, 0x00, 0xff, 0x59, 0xa8, 0x00, 0xff,
    0x59, 0xa8, 0x00, 0xff, 0x59, 0xa8, 0x00, 0xff, 0x59, 0xa8, 0x00, 0xff,
    0x59, 0xa8, 0x00, 0xff, 0x59, 0xa8, 0x00, 0xff, 0x59, 0xa8, 0x00, 0xff,
    0x59, 0xa8, 0x00, 0xff, 0x59, 0xa8, 0x00, 0xff, 0x59, 0xa8, 0x00, 0xff,
    0x59, 0xa8, 0x00, 0xff, 0x58, 0xa7, 0x00, 0xa1, 0xff, 0xff, 0xff, 0x00,
    0xff, 0xff, 0xff, 0x00, 0xff, 0xff, 0xff, 0x00, 0xff, 0xff, 0xff, 0x00,
    0xff, 0xff, 0xff, 0x00, 0xff, 0xff, 0xff, 0x00, 0x53, 0xa4, 0x00, 0x19,
    0x59, 0xa8, 0x00, 0xe2, 0x59, 0xa8, 0x00, 0xff, 0x59, 0xa8, 0x00, 0xff,
    0x59, 0xa8, 0x00, 0xff, 0x59, 0xa8, 0x00, 0xff, 0x59, 0xa8, 0x00, 0xff,
    0x59, 0xa8, 0x00, 0xff, 0x59, 0xa8, 0x00, 0xff, 0x59, 0xa8, 0x00, 0xff,
    0x59, 0xa8, 0x00, 0xff, 0x59, 0xa8, 0x00, 0xff, 0x59, 0xa8, 0x00, 0xff,
    0x59, 0xa8, 0x00, 0xff, 0x59, 0xa8, 0x00, 0xff, 0x59, 0xa8, 0x00, 0xff,
    0x59, 0xa8, 0x00, 0xff, 0x59, 0xa8, 0x00, 0xff, 0x59, 0xa8, 0x00, 0xff,
    0x59, 0xa8, 0x00, 0xff, 0x59, 0xa8, 0x00, 0xff, 0x59, 0xa8, 0x00, 0xff,
    0x59, 0xa8, 0x00, 0xff, 0x59, 0xa8, 0x00, 0xff, 0x59, 0xa8, 0x00, 0xff,
    0x59, 0xa8, 0x00, 0xff, 0x59, 0xa8, 0x00, 0xff, 0x59, 0xa8, 0x00, 0xff,
    0x59, 0xa8, 0x00, 0xff, 0x59, 0xa8, 0x00, 0xff, 0x59, 0xa8, 0x00, 0xff,
    0x59, 0xa8, 0x00, 0xff, 0x59, 0xa8, 0x00, 0xff, 0x59, 0xa8, 0x00, 0xff,
    0x59, 0xa8, 0x00, 0xff, 0x59, 0xa8, 0x00, 0xff, 0x59, 0xa8, 0x00, 0xff,
    0x59, 0xa8, 0x00, 0xff, 0x59, 0xa8, 0x00, 0xff, 0x59, 0xa8, 0x00, 0xff,
    0x59, 0xa8, 0x00, 0xff, 0x59, 0xa8, 0x00, 0xff, 0x59, 0xa8, 0x00, 0xff,
    0x59, 0xa8, 0x00, 0xff, 0x59, 0xa8, 0x00, 0xff, 0x59, 0xa8, 0x00, 0xff,
    0x59, 0xa8, 0x00, 0xff, 0x59, 0xa8, 0x00, 0xff, 0x59, 0xa8, 0x00, 0xff,
    0x59, 0xa8, 0x00, 0xff, 0x59, 0xa8, 0x00, 0xff, 0x59, 0xa8, 0x00, 0xff,
    0x59, 0xa8, 0x00, 0xff, 0x59, 0xa8, 0x00, 0xff, 0x59, 0xa8, 0x00, 0xff,
    0x59, 0xa8, 0x00, 0xff, 0x59, 0xa8, 0x00, 0xff, 0x59, 0xa8, 0x00, 0xff,
    0x59, 0xa8, 0x00, 0xff, 0x59, 0xa8, 0x00, 0xd1, 0x56, 0x96, 0x00, 0x0c,
    0xff, 0xff, 0xff, 0x00, 0xff, 0xff, 0xff, 0x00, 0xff, 0xff, 0xff, 0x00,
    0xff, 0xff, 0xff, 0x00, 0xff, 0xff, 0xff, 0x00, 0xff, 0xff, 0xff, 0x00,
    0xff, 0xff, 0xff, 0x00, 0x58, 0xa3, 0x00, 0x29, 0x59, 0xa8, 0x00, 0xe8,
    0x59, 0xa8, 0x00, 0xff, 0x59, 0xa8, 0x00, 0xff, 0x59, 0xa8, 0x00, 0xff,
    0x59, 0xa8, 0x00, 0xff, 0x59, 0xa8, 0x00, 0xff, 0x59, 0xa8, 0x00, 0xff,
    0x59, 0xa8, 0x00, 0xff, 0x59, 0xa8, 0x00, 0xff, 0x59, 0xa8, 0x00, 0xff,
    0x59, 0xa8, 0x00, 0xff, 0x59, 0xa8, 0x00, 0xff, 0x59, 0xa8, 0x00, 0xff,
    0x59, 0xa8, 0x00, 0xff, 0x59, 0xa8, 0x00, 0xff, 0x59, 0xa8, 0x00, 0xff,
    0x59, 0xa8, 0x00, 0xff, 0x59, 0xa8, 0x00, 0xff, 0x59, 0xa8, 0x00, 0xff,
    0x59, 0xa8, 0x00, 0xff, 0x59, 0xa8, 0x00, 0xff, 0x59, 0xa8, 0x00, 0xff,
    0x59, 0xa8, 0x00, 0xff, 0x59, 0xa8, 0x00, 0xff, 0x59, 0xa8, 0x00, 0xff,
    0x59, 0xa8, 0x00, 0xff, 0x59, 0xa8, 0x00, 0xff, 0x59, 0xa8, 0x00, 0xff,
    0x59, 0xa8, 0x00, 0xff, 0x59, 0xa8, 0x00, 0xff, 0x59, 0xa8, 0x00, 0xff,
    0x59, 0xa8, 0x00, 0xff, 0x59, 0xa8, 0x00, 0xff, 0x59, 0xa8, 0x00, 0xff,
    0x59, 0xa8, 0x00, 0xff, 0x59, 0xa8, 0x00, 0xff, 0x59, 0xa8, 0x00, 0xff,
    0x59, 0xa8, 0x00, 0xff, 0x59, 0xa8, 0x00, 0xff, 0x59, 0xa8, 0x00, 0xff,
    0x59, 0xa8, 0x00, 0xff, 0x59, 0xa8, 0x00, 0xff, 0x59, 0xa8, 0x00, 0xff,
    0x59, 0xa8, 0x00, 0xff, 0x59, 0xa8, 0x00, 0xff, 0x59, 0xa8, 0x00, 0xff,
    0x59, 0xa8, 0x00, 0xff, 0x59, 0xa8, 0x00, 0xff, 0x59, 0xa8, 0x00, 0xff,
    0x59, 0xa8, 0x00, 0xff, 0x59, 0xa8, 0x00, 0xff, 0x59, 0xa8, 0x00, 0xff,
    0x59, 0xa8, 0x00, 0xff, 0x59, 0xa8, 0x00, 0xff, 0x59, 0xa8, 0x00, 0xff,
    0x59, 0xa8, 0x00, 0xff, 0x59, 0xa8, 0x00, 0xda, 0x53, 0xa4, 0x00, 0x19,
    0xff, 0xff, 0xff, 0x00, 0xff, 0xff, 0xff, 0x00, 0xff, 0xff, 0xff, 0x00,
    0xff, 0xff, 0xff, 0x00, 0xff, 0xff, 0xff, 0x00, 0xff, 0xff, 0xff, 0x00,
    0xff, 0xff, 0xff, 0x00, 0xff, 0xff, 0xff, 0x00, 0xff, 0xff, 0xff, 0x00,
    0x59, 0xa8, 0x00, 0x23, 0x59, 0xa8, 0x00, 0xd8, 0x59, 0xa8, 0x00, 0xff,
    0x59, 0xa8, 0x00, 0xff, 0x59, 0xa8, 0x00, 0xff, 0x59, 0xa8, 0x00, 0xff,
    0x59, 0xa8, 0x00, 0xff, 0x59, 0xa8, 0x00, 0xff, 0x59, 0xa8, 0x00, 0xff,
    0x59, 0xa8, 0x00, 0xff, 0x59, 0xa8, 0x00, 0xff, 0x59, 0xa8, 0x00, 0xff,
    0x59, 0xa8, 0x00, 0xff, 0x59, 0xa8, 0x00, 0xff, 0x59, 0xa8, 0x00, 0xff,
    0x59, 0xa8, 0x00, 0xff, 0x59, 0xa8, 0x00, 0xff, 0x59, 0xa8, 0x00, 0xff,
    0x59, 0xa8, 0x00, 0xff, 0x59, 0xa8, 0x00, 0xff, 0x59, 0xa8, 0x00, 0xff,
    0x59, 0xa8, 0x00, 0xff, 0x59, 0xa8, 0x00, 0xff, 0x59, 0xa8, 0x00, 0xff,
    0x59, 0xa8, 0x00, 0xff, 0x59, 0xa8, 0x00, 0xff, 0x59, 0xa8, 0x00, 0xff,
    0x59, 0xa8, 0x00, 0xff, 0x59, 0xa8, 0x00, 0xff, 0x59, 0xa8, 0x00, 0xff,
    0x59, 0xa8, 0x00, 0xff, 0x59, 0xa8, 0x00, 0xff, 0x59, 0xa8, 0x00, 0xff,
    0x59, 0xa8, 0x00, 0xff, 0x59, 0xa8, 0x00, 0xff, 0x59, 0xa8, 0x00, 0xff,
    0x59, 0xa8, 0x00, 0xff, 0x59, 0xa8, 0x00, 0xff, 0x59, 0xa8, 0x00, 0xff,
    0x59, 0xa8, 0x00, 0xff, 0x59, 0xa8, 0x00, 0xff, 0x59, 0xa8, 0x00, 0xff,
    0x59, 0xa8, 0x00, 0xff, 0x59, 0xa8, 0x00, 0xff, 0x59, 0xa8, 0x00, 0xff,
    0x59, 0xa8, 0x00, 0xff, 0x59, 0xa8, 0x00, 0xff, 0x59, 0xa8, 0x00, 0xff,
    0x59, 0xa8, 0x00, 0xff, 0x59, 0xa8, 0x00, 0xff, 0x59, 0xa8, 0x00, 0xff,
    0x59, 0xa8, 0x00, 0xff, 0x59, 0xa8, 0x00, 0xff, 0x59, 0xa8, 0x00, 0xff,
    0x59, 0xa8, 0x00, 0xff, 0x58, 0xa7, 0x00, 0xc7, 0x52, 0xa3, 0x00, 0x16,
    0xff, 0xff, 0xff, 0x00, 0xff, 0xff, 0xff, 0x00, 0xff, 0xff, 0xff, 0x00,
    0xff, 0xff, 0xff, 0x00, 0xff, 0xff, 0xff, 0x00, 0xff, 0xff, 0xff, 0x00,
    0xff, 0xff, 0xff, 0x00, 0xff, 0xff, 0xff, 0x00, 0xff, 0xff, 0xff, 0x00,
    0xff, 0xff, 0xff, 0x00, 0xff, 0xff, 0xff, 0x00, 0x56, 0x96, 0x00, 0x0c,
    0x58, 0xa7, 0x00, 0x9e, 0x59, 0xa8, 0x00, 0xfe, 0x59, 0xa8, 0x00, 0xff,
    0x59, 0xa8, 0x00, 0xff, 0x59, 0xa8, 0x00, 0xff, 0x59, 0xa8, 0x00, 0xff,
    0x59, 0xa8, 0x00, 0xff, 0x59, 0xa8, 0x00, 0xff, 0x59, 0xa8, 0x00, 0xff,
    0x59, 0xa8, 0x00, 0xff, 0x59, 0xa8, 0x00, 0xff, 0x59, 0xa8, 0x00, 0xff,
    0x59, 0xa8, 0x00, 0xff, 0x59, 0xa8, 0x00, 0xff, 0x59, 0xa8, 0x00, 0xff,
    0x59, 0xa8, 0x00, 0xff, 0x59, 0xa8, 0x00, 0xff, 0x59, 0xa8, 0x00, 0xff,
    0x59, 0xa8, 0x00, 0xff, 0x59, 0xa8, 0x00, 0xff, 0x59, 0xa8, 0x00, 0xff,
    0x59, 0xa8, 0x00, 0xff, 0x59, 0xa8, 0x00, 0xff, 0x59, 0xa8, 0x00, 0xff,
    0x59, 0xa8, 0x00, 0xff, 0x59, 0xa8, 0x00, 0xff, 0x59, 0xa8, 0x00, 0xff,
    0x59, 0xa8, 0x00, 0xff, 0x59, 0xa8, 0x00, 0xff, 0x59, 0xa8, 0x00, 0xff,
    0x59, 0xa8, 0x00, 0xff, 0x59, 0xa8, 0x00, 0xff, 0x59, 0xa8, 0x00, 0xff,
    0x59, 0xa8, 0x00, 0xff, 0x59, 0xa8, 0x00, 0xff, 0x59, 0xa8, 0x00, 0xff,
    0x59, 0xa8, 0x00, 0xff, 0x59, 0xa8, 0x00, 0xff, 0x59, 0xa8, 0x00, 0xff,
    0x59, 0xa8, 0x00, 0xff, 0x59, 0xa8, 0x00, 0xff, 0x59, 0xa8, 0x00, 0xff,
    0x59, 0xa8, 0x00, 0xff, 0x59, 0xa8, 0x00, 0xff, 0x59, 0xa8, 0x00, 0xff,
    0x59, 0xa8, 0x00, 0xff, 0x59, 0xa8, 0x00, 0xff, 0x59, 0xa8, 0x00, 0xff,
    0x59, 0xa8, 0x00, 0xff, 0x59, 0xa8, 0x00, 0xff, 0x59, 0xa8, 0x00, 0xff,
    0x59, 0xa8, 0x00, 0xfc, 0x59, 0xa8, 0x00, 0x8b, 0x56, 0x80, 0x00, 0x06,
    0xff, 0xff, 0xff, 0x00, 0xff, 0xff, 0xff, 0x00, 0xff, 0xff, 0xff, 0x00,
    0xff, 0xff, 0xff, 0x00, 0xff, 0xff, 0xff, 0x00, 0xff, 0xff, 0xff, 0x00,
    0xff, 0xff, 0xff, 0x00, 0xff, 0xff, 0xff, 0x00, 0xff, 0xff, 0xff, 0x00,
    0xff, 0xff, 0xff, 0x00, 0xff, 0xff, 0xff, 0x00, 0xff, 0xff, 0xff, 0x00,
    0xff, 0xff, 0xff, 0x00, 0xff, 0xff, 0xff, 0x00, 0x58, 0xa5, 0x00, 0x3e,
    0x58, 0xa7, 0x00, 0xc1, 0x59, 0xa8, 0x00, 0xff, 0x59, 0xa8, 0x00, 0xff,
    0x59, 0xa8, 0x00, 0xff, 0x59, 0xa8, 0x00, 0xff, 0x59, 0xa8, 0x00, 0xff,
    0x59, 0xa8, 0x00, 0xff, 0x59, 0xa8, 0x00, 0xff, 0x59, 0xa8, 0x00, 0xff,
    0x59, 0xa8, 0x00, 0xff, 0x59, 0xa8, 0x00, 0xff, 0x59, 0xa8, 0x00, 0xff,
    0x59, 0xa8, 0x00, 0xff, 0x59, 0xa8, 0x00, 0xff, 0x59, 0xa8, 0x00, 0xff,
    0x59, 0xa8, 0x00, 0xff, 0x59, 0xa8, 0x00, 0xff, 0x59, 0xa8, 0x00, 0xff,
    0x59, 0xa8, 0x00, 0xff, 0x59, 0xa8, 0x00, 0xff, 0x59, 0xa8, 0x00, 0xff,
    0x59, 0xa8, 0x00, 0xff, 0x59, 0xa8, 0x00, 0xff, 0x59, 0xa8, 0x00, 0xff,
    0x59, 0xa8, 0x00, 0xff, 0x59, 0xa8, 0x00, 0xff, 0x59, 0xa8, 0x00, 0xff,
    0x59, 0xa8, 0x00, 0xff, 0x59, 0xa8, 0x00, 0xff, 0x59, 0xa8, 0x00, 0xff,
    0x59, 0xa8, 0x00, 0xff, 0x59, 0xa8, 0x00, 0xff, 0x59, 0xa8, 0x00, 0xff,
    0x59, 0xa8, 0x00, 0xff, 0x59, 0xa8, 0x00, 0xff, 0x59, 0xa8, 0x00, 0xff,
    0x59, 0xa8, 0x00, 0xff, 0x59, 0xa8, 0x00, 0xff, 0x59, 0xa8, 0x00, 0xff,
    0x59, 0xa8, 0x00, 0xff, 0x59, 0xa8, 0x00, 0xff, 0x59, 0xa8, 0x00, 0xff,
    0x59, 0xa8, 0x00, 0xff, 0x59, 0xa8, 0x00, 0xff, 0x59, 0xa8, 0x00, 0xff,
    0x59, 0xa8, 0x00, 0xff, 0x59, 0xa8, 0x00, 0xff, 0x59, 0xa8, 0x00, 0xfe,
    0x59, 0xa8, 0x00, 0xb1, 0x56, 0xa6, 0x00, 0x30, 0xff, 0xff, 0xff, 0x00,
    0xff, 0xff, 0xff, 0x00, 0xff, 0xff, 0xff, 0x00, 0xff, 0xff, 0xff, 0x00,
    0xff, 0xff, 0xff, 0x00, 0xff, 0xff, 0xff, 0x00, 0xff, 0xff, 0xff, 0x00,
    0xff, 0xff, 0xff, 0x00, 0xff, 0xff, 0xff, 0x00, 0xff, 0xff, 0xff, 0x00,
    0xff, 0xff, 0xff, 0x00, 0xff, 0xff, 0xff, 0x00, 0xff, 0xff, 0xff, 0x00,
    0xff, 0xff, 0xff, 0x00, 0xff, 0xff, 0xff, 0x00, 0xff, 0xff, 0xff, 0x00,
    0xff, 0xff, 0xff, 0x00, 0xff, 0xff, 0xff, 0x00, 0x56, 0xa6, 0x00, 0x30,
    0x58, 0xa7, 0x00, 0x8a, 0x59, 0xa8, 0x00, 0xcf, 0x59, 0xa8, 0x00, 0xfc,
    0x59, 0xa8, 0x00, 0xff, 0x59, 0xa8, 0x00, 0xff, 0x59, 0xa8, 0x00, 0xff,
    0x59, 0xa8, 0x00, 0xff, 0x59, 0xa8, 0x00, 0xff, 0x59, 0xa8, 0x00, 0xff,
    0x59, 0xa8, 0x00, 0xff, 0x59, 0xa8, 0x00, 0xff, 0x59, 0xa8, 0x00, 0xff,
    0x59, 0xa8, 0x00, 0xff, 0x59, 0xa8, 0x00, 0xff, 0x59, 0xa8, 0x00, 0xff,
    0x59, 0xa8, 0x00, 0xff, 0x59, 0xa8, 0x00, 0xff, 0x59, 0xa8, 0x00, 0xff,
    0x59, 0xa8, 0x00, 0xff, 0x59, 0xa8, 0x00, 0xff, 0x59, 0xa8, 0x00, 0xff,
    0x59, 0xa8, 0x00, 0xff, 0x59, 0xa8, 0x00, 0xff, 0x59, 0xa8, 0x00, 0xff,
    0x59, 0xa8, 0x00, 0xff, 0x59, 0xa8, 0x00, 0xff, 0x59, 0xa8, 0x00, 0xff,
    0x59, 0xa8, 0x00, 0xff, 0x59, 0xa8, 0x00, 0xff, 0x59, 0xa8, 0x00, 0xff,
    0x59, 0xa8, 0x00, 0xff, 0x59, 0xa8, 0x00, 0xff, 0x59, 0xa8, 0x00, 0xff,
    0x59, 0xa8, 0x00, 0xff, 0x59, 0xa8, 0x00, 0xff, 0x59, 0xa8, 0x00, 0xff,
    0x59, 0xa8, 0x00, 0xff, 0x59, 0xa8, 0x00, 0xff, 0x59, 0xa8, 0x00, 0xff,
    0x59, 0xa8, 0x00, 0xff, 0x59, 0xa8, 0x00, 0xff, 0x59, 0xa8, 0x00, 0xff,
    0x59, 0xa8, 0x00, 0xfa, 0x58, 0xa7, 0x00, 0xc7, 0x59, 0xa8, 0x00, 0x80,
    0x54, 0xa6, 0x00, 0x25, 0xff, 0xff, 0xff, 0x00, 0xff, 0xff, 0xff, 0x00,
    0xff, 0xff, 0xff, 0x00, 0xff, 0xff, 0xff, 0x00, 0xff, 0xff, 0xff, 0x00,
    0xff, 0xff, 0xff, 0x00, 0xff, 0xff, 0xff, 0x00, 0xff, 0xff, 0xff, 0x00,
    0xff, 0xff, 0xff, 0x00, 0xff, 0xff, 0xff, 0x00, 0xff, 0xff, 0xff, 0x00,
    0xff, 0xff, 0xff, 0x00, 0xff, 0xff, 0xff, 0x00, 0xff, 0xff, 0xff, 0x00,
    0xff, 0xff, 0xff, 0x00, 0xff, 0xff, 0xff, 0x00, 0xff, 0xff, 0xff, 0x00,
    0xff, 0xff, 0xff, 0x00, 0xff, 0xff, 0xff, 0x00, 0xff, 0xff, 0xff, 0x00,
    0xff, 0xff, 0xff, 0x00, 0xff, 0xff, 0xff, 0x00, 0xff, 0xff, 0xff, 0x00,
    0x56, 0x8f, 0x00, 0x09, 0x56, 0xa5, 0x00, 0x2d, 0x58, 0xa5, 0x00, 0x3e,
    0x57, 0xa6, 0x00, 0x47, 0x56, 0xa7, 0x00, 0x48, 0x56, 0xa7, 0x00, 0x48,
    0x56, 0xa7, 0x00, 0x48, 0x56, 0xa7, 0x00, 0x48, 0x56, 0xa7, 0x00, 0x48,
    0x56, 0xa7, 0x00, 0x48, 0x56, 0xa7, 0x00, 0x48, 0x56, 0xa7, 0x00, 0x48,
    0x56, 0xa7, 0x00, 0x48, 0x56, 0xa7, 0x00, 0x48, 0x56, 0xa7, 0x00, 0x48,
    0x56, 0xa7, 0x00, 0x48, 0x56, 0xa7, 0x00, 0x48, 0x56, 0xa7, 0x00, 0x48,
    0x56, 0xa7, 0x00, 0x48, 0x56, 0xa7, 0x00, 0x48, 0x56, 0xa7, 0x00, 0x48,
    0x56, 0xa7, 0x00, 0x48, 0x56, 0xa7, 0x00, 0x48, 0x56, 0xa7, 0x00, 0x48,
    0x56, 0xa7, 0x00, 0x48, 0x56, 0xa7, 0x00, 0x48, 0x56, 0xa7, 0x00, 0x48,
    0x56, 0xa7, 0x00, 0x48, 0x56, 0xa7, 0x00, 0x48, 0x56, 0xa7, 0x00, 0x48,
    0x56, 0xa7, 0x00, 0x48, 0x56, 0xa7, 0x00, 0x48, 0x56, 0xa7, 0x00, 0x48,
    0x56, 0xa7, 0x00, 0x48, 0x56, 0xa7, 0x00, 0x48, 0x56, 0xa7, 0x00, 0x48,
    0x56, 0xa7, 0x00, 0x48, 0x57, 0xa6, 0x00, 0x47, 0x58, 0xa5, 0x00, 0x3e,
    0x54, 0xa7, 0x00, 0x28, 0x34, 0x9a, 0x00, 0x05, 0xff, 0xff, 0xff, 0x00,
    0xff, 0xff, 0xff, 0x00, 0xff, 0xff, 0xff, 0x00, 0xff, 0xff, 0xff, 0x00,
    0xff, 0xff, 0xff, 0x00, 0xff, 0xff, 0xff, 0x00, 0xff, 0xff, 0xff, 0x00,
    0xff, 0xff, 0xff, 0x00, 0xff, 0xff, 0xff, 0x00, 0xff, 0xff, 0xff, 0x00,
    0xff, 0xff, 0xff, 0x00, 0xff, 0xff, 0xff, 0x00, 0xff, 0xff, 0xff, 0x00
};
