// 4.26.0 0x2892078c D2 AY R0 FCOMPRESSED_ARGB8888 U888 N0 SExtFlashSection CRGB
// Generated by imageconverter. Please, do not edit!

#include <touchgfx/hal/Config.hpp>

LOCATION_PRAGMA("ExtFlashSection")
KEEP extern const unsigned char image_telabaseconfig[] LOCATION_ATTRIBUTE("ExtFlashSection") = { // 1050x551 COMPRESSED_ARGB8888 pixels. Compression [output/input x 100]: 34489/2.3142e+06 x 100 = 1.5%
    0x08, 0x08, 0x08, 0x03,
    0x00, 0x00, 0x7e, 0x19,
    0x00, 0x00, 0x00, 0x20,
    0x00, 0x00, 0x00, 0x40,
    0x00, 0x00, 0x00, 0x60,
    0x00, 0x00, 0x00, 0x80,
    0x00, 0x00, 0x00, 0xa0,
    0x00, 0x00, 0x00, 0xc0,
    0x00, 0x00, 0x00, 0xe0,
    0x00, 0x00, 0x01, 0x00,
    0x00, 0x00, 0x01, 0x20,
    0x00, 0x00, 0x01, 0x40,
    0x00, 0x00, 0x01, 0x60,
    0x00, 0x00, 0x01, 0x80,
    0x00, 0x00, 0x01, 0xa0,
    0x00, 0x00, 0x01, 0xc0,
    0x00, 0x00, 0x01, 0xe0,
    0x00, 0x00, 0x02, 0x00,
    0x00, 0x00, 0x02, 0x20,
    0x00, 0x00, 0x02, 0x4a,
    0x00, 0x00, 0x02, 0x81,
    0x00, 0x00, 0x02, 0xc2,
    0x00, 0x00, 0x03, 0x05,
    0x00, 0x00, 0x03, 0x48,
    0x00, 0x00, 0x03, 0x8a,
    0x00, 0x00, 0x03, 0xc1,
    0x00, 0x00, 0x03, 0xfb,
    0x00, 0x00, 0x04, 0x64,
    0x00, 0x00, 0x05, 0x1d,
    0x00, 0x00, 0x05, 0xb7,
    0x00, 0x00, 0x06, 0x48,
    0x00, 0x00, 0x06, 0xd4,
    0x00, 0x00, 0x07, 0x8d,
    0x00, 0x00, 0x08, 0x69,
    0x00, 0x00, 0x09, 0x0f,
    0x00, 0x00, 0x09, 0xb0,
    0x00, 0x00, 0x0a, 0x5a,
    0x00, 0x00, 0x0a, 0xff,
    0x00, 0x00, 0x0b, 0x99,
    0x00, 0x00, 0x0c, 0x2c,
    0x00, 0x00, 0x0c, 0xad,
    0x00, 0x00, 0x0d, 0x39,
    0x00, 0x00, 0x0d, 0xcc,
    0x00, 0x00, 0x0e, 0x5d,
    0x00, 0x00, 0x0e, 0xf7,
    0x00, 0x00, 0x0f, 0xb5,
    0x00, 0x00, 0x10, 0x8d,
    0x00, 0x00, 0x11, 0x55,
    0x00, 0x00, 0x11, 0xdc,
    0x00, 0x00, 0x12, 0x66,
    0x00, 0x00, 0x13, 0x05,
    0x00, 0x00, 0x13, 0xd3,
    0x00, 0x00, 0x14, 0x78,
    0x00, 0x00, 0x14, 0xa4,
    0x00, 0x00, 0x14, 0xd8,
    0x00, 0x00, 0x15, 0x12,
    0x00, 0x00, 0x15, 0x42,
    0x00, 0x00, 0x15, 0x70,
    0x00, 0x00, 0x15, 0xa2,
    0x00, 0x00, 0x15, 0xd3,
    0x00, 0x00, 0x16, 0x13,
    0x00, 0x00, 0x16, 0x33,
    0x00, 0x00, 0x16, 0x53,
    0x00, 0x00, 0x16, 0x73,
    0x00, 0x00, 0x16, 0xb0,
    0x00, 0x00, 0x16, 0xef,
    0x00, 0x00, 0x17, 0x3b,
    0x00, 0x00, 0x17, 0x8c,
    0x00, 0x00, 0x17, 0xd7,
    0x00, 0x00, 0x18, 0x1f,
    0x00, 0x00, 0x18, 0x63,
    0x00, 0x00, 0x18, 0xa3,
    0x00, 0x00, 0x18, 0xe1,
    0x00, 0x00, 0x19, 0x1c,
    0x00, 0x00, 0x19, 0x58,
    0x00, 0x00, 0x19, 0x94,
    0x00, 0x00, 0x19, 0xd0,
    0x00, 0x00, 0x1a, 0x0c,
    0x00, 0x00, 0x1a, 0x45,
    0x00, 0x00, 0x1a, 0x80,
    0x00, 0x00, 0x1a, 0xbc,
    0x00, 0x00, 0x1a, 0xf7,
    0x00, 0x00, 0x1b, 0x30,
    0x00, 0x00, 0x1b, 0x67,
    0x00, 0x00, 0x1b, 0x9e,
    0x00, 0x00, 0x1b, 0xd5,
    0x00, 0x00, 0x1c, 0x0c,
    0x00, 0x00, 0x1c, 0x43,
    0x00, 0x00, 0x1c, 0x7a,
    0x00, 0x00, 0x1c, 0xb1,
    0x00, 0x00, 0x1c, 0xe8,
    0x00, 0x00, 0x1d, 0x1f,
    0x00, 0x00, 0x1d, 0x56,
    0x00, 0x00, 0x1d, 0x8d,
    0x00, 0x00, 0x1d, 0xc4,
    0x00, 0x00, 0x1d, 0xfb,
    0x00, 0x00, 0x1e, 0x32,
    0x00, 0x00, 0x1e, 0x69,
    0x00, 0x00, 0x1e, 0xa0,
    0x00, 0x00, 0x1e, 0xd7,
    0x00, 0x00, 0x1f, 0x0e,
    0x00, 0x00, 0x1f, 0x45,
    0x00, 0x00, 0x1f, 0x7c,
    0x00, 0x00, 0x1f, 0xb3,
    0x00, 0x00, 0x1f, 0xea,
    0x00, 0x00, 0x20, 0x21,
    0x00, 0x00, 0x20, 0x58,
    0x00, 0x00, 0x20, 0x8f,
    0x00, 0x00, 0x20, 0xc6,
    0x00, 0x00, 0x20, 0xfd,
    0x00, 0x00, 0x21, 0x34,
    0x00, 0x00, 0x21, 0x6b,
    0x00, 0x00, 0x21, 0xa2,
    0x00, 0x00, 0x21, 0xd9,
    0x00, 0x00, 0x22, 0x10,
    0x00, 0x00, 0x22, 0x47,
    0x00, 0x00, 0x22, 0x7e,
    0x00, 0x00, 0x22, 0xb5,
    0x00, 0x00, 0x22, 0xec,
    0x00, 0x00, 0x23, 0x23,
    0x00, 0x00, 0x23, 0x5a,
    0x00, 0x00, 0x23, 0x91,
    0x00, 0x00, 0x23, 0xc8,
    0x00, 0x00, 0x23, 0xff,
    0x00, 0x00, 0x24, 0x36,
    0x00, 0x00, 0x24, 0x6d,
    0x00, 0x00, 0x24, 0xa4,
    0x00, 0x00, 0x24, 0xdb,
    0x00, 0x00, 0x25, 0x12,
    0x00, 0x00, 0x25, 0x49,
    0x00, 0x00, 0x25, 0x80,
    0x00, 0x00, 0x25, 0xb7,
    0x00, 0x00, 0x25, 0xee,
    0x00, 0x00, 0x26, 0x25,
    0x00, 0x00, 0x26, 0x5c,
    0x00, 0x00, 0x26, 0x93,
    0x00, 0x00, 0x26, 0xca,
    0x00, 0x00, 0x27, 0x01,
    0x00, 0x00, 0x27, 0x38,
    0x00, 0x00, 0x27, 0x6f,
    0x00, 0x00, 0x27, 0xa6,
    0x00, 0x00, 0x27, 0xdd,
    0x00, 0x00, 0x28, 0x14,
    0x00, 0x00, 0x28, 0x4b,
    0x00, 0x00, 0x28, 0x82,
    0x00, 0x00, 0x28, 0xb9,
    0x00, 0x00, 0x28, 0xf0,
    0x00, 0x00, 0x29, 0x27,
    0x00, 0x00, 0x29, 0x5e,
    0x00, 0x00, 0x29, 0x95,
    0x00, 0x00, 0x29, 0xcc,
    0x00, 0x00, 0x2a, 0x03,
    0x00, 0x00, 0x2a, 0x3a,
    0x00, 0x00, 0x2a, 0x71,
    0x00, 0x00, 0x2a, 0xa8,
    0x00, 0x00, 0x2a, 0xdf,
    0x00, 0x00, 0x2b, 0x16,
    0x00, 0x00, 0x2b, 0x4d,
    0x00, 0x00, 0x2b, 0x84,
    0x00, 0x00, 0x2b, 0xbb,
    0x00, 0x00, 0x2b, 0xf2,
    0x00, 0x00, 0x2c, 0x29,
    0x00, 0x00, 0x2c, 0x60,
    0x00, 0x00, 0x2c, 0x97,
    0x00, 0x00, 0x2c, 0xce,
    0x00, 0x00, 0x2d, 0x05,
    0x00, 0x00, 0x2d, 0x3c,
    0x00, 0x00, 0x2d, 0x73,
    0x00, 0x00, 0x2d, 0xaa,
    0x00, 0x00, 0x2d, 0xe1,
    0x00, 0x00, 0x2e, 0x18,
    0x00, 0x00, 0x2e, 0x4f,
    0x00, 0x00, 0x2e, 0x86,
    0x00, 0x00, 0x2e, 0xbd,
    0x00, 0x00, 0x2e, 0xf4,
    0x00, 0x00, 0x2f, 0x2b,
    0x00, 0x00, 0x2f, 0x62,
    0x00, 0x00, 0x2f, 0x99,
    0x00, 0x00, 0x2f, 0xd0,
    0x00, 0x00, 0x30, 0x07,
    0x00, 0x00, 0x30, 0x3e,
    0x00, 0x00, 0x30, 0x75,
    0x00, 0x00, 0x30, 0xac,
    0x00, 0x00, 0x30, 0xe3,
    0x00, 0x00, 0x31, 0x1a,
    0x00, 0x00, 0x31, 0x51,
    0x00, 0x00, 0x31, 0x88,
    0x00, 0x00, 0x31, 0xbf,
    0x00, 0x00, 0x31, 0xf6,
    0x00, 0x00, 0x32, 0x2d,
    0x00, 0x00, 0x32, 0x64,
    0x00, 0x00, 0x32, 0x9b,
    0x00, 0x00, 0x32, 0xd2,
    0x00, 0x00, 0x33, 0x09,
    0x00, 0x00, 0x33, 0x40,
    0x00, 0x00, 0x33, 0x77,
    0x00, 0x00, 0x33, 0xae,
    0x00, 0x00, 0x33, 0xe5,
    0x00, 0x00, 0x34, 0x1c,
    0x00, 0x00, 0x34, 0x53,
    0x00, 0x00, 0x34, 0x8a,
    0x00, 0x00, 0x34, 0xc1,
    0x00, 0x00, 0x34, 0xf8,
    0x00, 0x00, 0x35, 0x2f,
    0x00, 0x00, 0x35, 0x66,
    0x00, 0x00, 0x35, 0x9d,
    0x00, 0x00, 0x35, 0xd4,
    0x00, 0x00, 0x36, 0x0b,
    0x00, 0x00, 0x36, 0x42,
    0x00, 0x00, 0x36, 0x79,
    0x00, 0x00, 0x36, 0xb0,
    0x00, 0x00, 0x36, 0xe7,
    0x00, 0x00, 0x37, 0x1e,
    0x00, 0x00, 0x37, 0x55,
    0x00, 0x00, 0x37, 0x8c,
    0x00, 0x00, 0x37, 0xc3,
    0x00, 0x00, 0x37, 0xfa,
    0x00, 0x00, 0x38, 0x31,
    0x00, 0x00, 0x38, 0x68,
    0x00, 0x00, 0x38, 0x9f,
    0x00, 0x00, 0x38, 0xd6,
    0x00, 0x00, 0x39, 0x0d,
    0x00, 0x00, 0x39, 0x44,
    0x00, 0x00, 0x39, 0x7b,
    0x00, 0x00, 0x39, 0xb2,
    0x00, 0x00, 0x39, 0xe9,
    0x00, 0x00, 0x3a, 0x20,
    0x00, 0x00, 0x3a, 0x57,
    0x00, 0x00, 0x3a, 0x8e,
    0x00, 0x00, 0x3a, 0xc5,
    0x00, 0x00, 0x3a, 0xfc,
    0x00, 0x00, 0x3b, 0x33,
    0x00, 0x00, 0x3b, 0x6a,
    0x00, 0x00, 0x3b, 0xa1,
    0x00, 0x00, 0x3b, 0xd8,
    0x00, 0x00, 0x3c, 0x0f,
    0x00, 0x00, 0x3c, 0x46,
    0x00, 0x00, 0x3c, 0x7d,
    0x00, 0x00, 0x3c, 0xb4,
    0x00, 0x00, 0x3c, 0xeb,
    0x00, 0x00, 0x3d, 0x22,
    0x00, 0x00, 0x3d, 0x59,
    0x00, 0x00, 0x3d, 0x90,
    0x00, 0x00, 0x3d, 0xc7,
    0x00, 0x00, 0x3d, 0xfe,
    0x00, 0x00, 0x3e, 0x35,
    0x00, 0x00, 0x3e, 0x6c,
    0x00, 0x00, 0x3e, 0xa3,
    0x00, 0x00, 0x3e, 0xda,
    0x00, 0x00, 0x3f, 0x11,
    0x00, 0x00, 0x3f, 0x48,
    0x00, 0x00, 0x3f, 0x7f,
    0x00, 0x00, 0x3f, 0xb6,
    0x00, 0x00, 0x3f, 0xed,
    0x00, 0x00, 0x40, 0x24,
    0x00, 0x00, 0x40, 0x5b,
    0x00, 0x00, 0x40, 0x92,
    0x00, 0x00, 0x40, 0xc9,
    0x00, 0x00, 0x41, 0x00,
    0x00, 0x00, 0x41, 0x37,
    0x00, 0x00, 0x41, 0x6e,
    0x00, 0x00, 0x41, 0xa5,
    0x00, 0x00, 0x41, 0xdc,
    0x00, 0x00, 0x42, 0x13,
    0x00, 0x00, 0x42, 0x4a,
    0x00, 0x00, 0x42, 0x81,
    0x00, 0x00, 0x42, 0xb8,
    0x00, 0x00, 0x42, 0xef,
    0x00, 0x00, 0x43, 0x26,
    0x00, 0x00, 0x43, 0x5d,
    0x00, 0x00, 0x43, 0x94,
    0x00, 0x00, 0x43, 0xcb,
    0x00, 0x00, 0x44, 0x02,
    0x00, 0x00, 0x44, 0x39,
    0x00, 0x00, 0x44, 0x70,
    0x00, 0x00, 0x44, 0xa7,
    0x00, 0x00, 0x44, 0xde,
    0x00, 0x00, 0x45, 0x15,
    0x00, 0x00, 0x45, 0x4c,
    0x00, 0x00, 0x45, 0x83,
    0x00, 0x00, 0x45, 0xba,
    0x00, 0x00, 0x45, 0xf1,
    0x00, 0x00, 0x46, 0x28,
    0x00, 0x00, 0x46, 0x5f,
    0x00, 0x00, 0x46, 0x96,
    0x00, 0x00, 0x46, 0xcd,
    0x00, 0x00, 0x47, 0x04,
    0x00, 0x00, 0x47, 0x3b,
    0x00, 0x00, 0x47, 0x72,
    0x00, 0x00, 0x47, 0xa9,
    0x00, 0x00, 0x47, 0xe0,
    0x00, 0x00, 0x48, 0x17,
    0x00, 0x00, 0x48, 0x4e,
    0x00, 0x00, 0x48, 0x85,
    0x00, 0x00, 0x48, 0xbc,
    0x00, 0x00, 0x48, 0xf3,
    0x00, 0x00, 0x49, 0x2a,
    0x00, 0x00, 0x49, 0x61,
    0x00, 0x00, 0x49, 0x98,
    0x00, 0x00, 0x49, 0xcf,
    0x00, 0x00, 0x4a, 0x06,
    0x00, 0x00, 0x4a, 0x3d,
    0x00, 0x00, 0x4a, 0x74,
    0x00, 0x00, 0x4a, 0xab,
    0x00, 0x00, 0x4a, 0xe2,
    0x00, 0x00, 0x4b, 0x19,
    0x00, 0x00, 0x4b, 0x50,
    0x00, 0x00, 0x4b, 0x87,
    0x00, 0x00, 0x4b, 0xbe,
    0x00, 0x00, 0x4b, 0xf5,
    0x00, 0x00, 0x4c, 0x2c,
    0x00, 0x00, 0x4c, 0x63,
    0x00, 0x00, 0x4c, 0x9a,
    0x00, 0x00, 0x4c, 0xd1,
    0x00, 0x00, 0x4d, 0x08,
    0x00, 0x00, 0x4d, 0x3f,
    0x00, 0x00, 0x4d, 0x76,
    0x00, 0x00, 0x4d, 0xad,
    0x00, 0x00, 0x4d, 0xe4,
    0x00, 0x00, 0x4e, 0x1b,
    0x00, 0x00, 0x4e, 0x52,
    0x00, 0x00, 0x4e, 0x89,
    0x00, 0x00, 0x4e, 0xc0,
    0x00, 0x00, 0x4e, 0xf7,
    0x00, 0x00, 0x4f, 0x2e,
    0x00, 0x00, 0x4f, 0x65,
    0x00, 0x00, 0x4f, 0x9c,
    0x00, 0x00, 0x4f, 0xd3,
    0x00, 0x00, 0x50, 0x0a,
    0x00, 0x00, 0x50, 0x41,
    0x00, 0x00, 0x50, 0x78,
    0x00, 0x00, 0x50, 0xaf,
    0x00, 0x00, 0x50, 0xe6,
    0x00, 0x00, 0x51, 0x1d,
    0x00, 0x00, 0x51, 0x54,
    0x00, 0x00, 0x51, 0x8b,
    0x00, 0x00, 0x51, 0xc2,
    0x00, 0x00, 0x51, 0xf9,
    0x00, 0x00, 0x52, 0x30,
    0x00, 0x00, 0x52, 0x67,
    0x00, 0x00, 0x52, 0x9e,
    0x00, 0x00, 0x52, 0xd5,
    0x00, 0x00, 0x53, 0x0c,
    0x00, 0x00, 0x53, 0x43,
    0x00, 0x00, 0x53, 0x7a,
    0x00, 0x00, 0x53, 0xb1,
    0x00, 0x00, 0x53, 0xe8,
    0x00, 0x00, 0x54, 0x1f,
    0x00, 0x00, 0x54, 0x56,
    0x00, 0x00, 0x54, 0x8d,
    0x00, 0x00, 0x54, 0xc4,
    0x00, 0x00, 0x54, 0xfb,
    0x00, 0x00, 0x55, 0x32,
    0x00, 0x00, 0x55, 0x69,
    0x00, 0x00, 0x55, 0xa0,
    0x00, 0x00, 0x55, 0xd7,
    0x00, 0x00, 0x56, 0x0e,
    0x00, 0x00, 0x56, 0x45,
    0x00, 0x00, 0x56, 0x7c,
    0x00, 0x00, 0x56, 0xb3,
    0x00, 0x00, 0x56, 0xea,
    0x00, 0x00, 0x57, 0x21,
    0x00, 0x00, 0x57, 0x58,
    0x00, 0x00, 0x57, 0x8f,
    0x00, 0x00, 0x57, 0xc6,
    0x00, 0x00, 0x57, 0xfd,
    0x00, 0x00, 0x58, 0x34,
    0x00, 0x00, 0x58, 0x6b,
    0x00, 0x00, 0x58, 0xa2,
    0x00, 0x00, 0x58, 0xd9,
    0x00, 0x00, 0x59, 0x10,
    0x00, 0x00, 0x59, 0x47,
    0x00, 0x00, 0x59, 0x7e,
    0x00, 0x00, 0x59, 0xb5,
    0x00, 0x00, 0x59, 0xec,
    0x00, 0x00, 0x5a, 0x23,
    0x00, 0x00, 0x5a, 0x5a,
    0x00, 0x00, 0x5a, 0x91,
    0x00, 0x00, 0x5a, 0xc8,
    0x00, 0x00, 0x5a, 0xff,
    0x00, 0x00, 0x5b, 0x36,
    0x00, 0x00, 0x5b, 0x6d,
    0x00, 0x00, 0x5b, 0xa4,
    0x00, 0x00, 0x5b, 0xdb,
    0x00, 0x00, 0x5c, 0x12,
    0x00, 0x00, 0x5c, 0x49,
    0x00, 0x00, 0x5c, 0x80,
    0x00, 0x00, 0x5c, 0xb7,
    0x00, 0x00, 0x5c, 0xee,
    0x00, 0x00, 0x5d, 0x25,
    0x00, 0x00, 0x5d, 0x5c,
    0x00, 0x00, 0x5d, 0x93,
    0x00, 0x00, 0x5d, 0xca,
    0x00, 0x00, 0x5e, 0x01,
    0x00, 0x00, 0x5e, 0x38,
    0x00, 0x00, 0x5e, 0x6f,
    0x00, 0x00, 0x5e, 0xa6,
    0x00, 0x00, 0x5e, 0xdd,
    0x00, 0x00, 0x5f, 0x14,
    0x00, 0x00, 0x5f, 0x4b,
    0x00, 0x00, 0x5f, 0x82,
    0x00, 0x00, 0x5f, 0xb9,
    0x00, 0x00, 0x5f, 0xf0,
    0x00, 0x00, 0x60, 0x27,
    0x00, 0x00, 0x60, 0x5e,
    0x00, 0x00, 0x60, 0x95,
    0x00, 0x00, 0x60, 0xcc,
    0x00, 0x00, 0x61, 0x03,
    0x00, 0x00, 0x61, 0x3a,
    0x00, 0x00, 0x61, 0x71,
    0x00, 0x00, 0x61, 0xa8,
    0x00, 0x00, 0x61, 0xdf,
    0x00, 0x00, 0x62, 0x16,
    0x00, 0x00, 0x62, 0x4d,
    0x00, 0x00, 0x62, 0x84,
    0x00, 0x00, 0x62, 0xbb,
    0x00, 0x00, 0x62, 0xf2,
    0x00, 0x00, 0x63, 0x29,
    0x00, 0x00, 0x63, 0x60,
    0x00, 0x00, 0x63, 0x97,
    0x00, 0x00, 0x63, 0xce,
    0x00, 0x00, 0x64, 0x05,
    0x00, 0x00, 0x64, 0x3c,
    0x00, 0x00, 0x64, 0x73,
    0x00, 0x00, 0x64, 0xaa,
    0x00, 0x00, 0x64, 0xe1,
    0x00, 0x00, 0x65, 0x18,
    0x00, 0x00, 0x65, 0x4f,
    0x00, 0x00, 0x65, 0x86,
    0x00, 0x00, 0x65, 0xbd,
    0x00, 0x00, 0x65, 0xf4,
    0x00, 0x00, 0x66, 0x2b,
    0x00, 0x00, 0x66, 0x62,
    0x00, 0x00, 0x66, 0x99,
    0x00, 0x00, 0x66, 0xd0,
    0x00, 0x00, 0x67, 0x07,
    0x00, 0x00, 0x67, 0x3e,
    0x00, 0x00, 0x67, 0x75,
    0x00, 0x00, 0x67, 0xac,
    0x00, 0x00, 0x67, 0xe3,
    0x00, 0x00, 0x68, 0x1a,
    0x00, 0x00, 0x68, 0x51,
    0x00, 0x00, 0x68, 0x88,
    0x00, 0x00, 0x68, 0xbf,
    0x00, 0x00, 0x68, 0xf6,
    0x00, 0x00, 0x69, 0x2d,
    0x00, 0x00, 0x69, 0x64,
    0x00, 0x00, 0x69, 0x9b,
    0x00, 0x00, 0x69, 0xd2,
    0x00, 0x00, 0x6a, 0x09,
    0x00, 0x00, 0x6a, 0x40,
    0x00, 0x00, 0x6a, 0x77,
    0x00, 0x00, 0x6a, 0xae,
    0x00, 0x00, 0x6a, 0xe5,
    0x00, 0x00, 0x6b, 0x1c,
    0x00, 0x00, 0x6b, 0x53,
    0x00, 0x00, 0x6b, 0x8a,
    0x00, 0x00, 0x6b, 0xc1,
    0x00, 0x00, 0x6b, 0xf8,
    0x00, 0x00, 0x6c, 0x2f,
    0x00, 0x00, 0x6c, 0x66,
    0x00, 0x00, 0x6c, 0x9d,
    0x00, 0x00, 0x6c, 0xd4,
    0x00, 0x00, 0x6d, 0x0b,
    0x00, 0x00, 0x6d, 0x42,
    0x00, 0x00, 0x6d, 0x79,
    0x00, 0x00, 0x6d, 0xb0,
    0x00, 0x00, 0x6d, 0xe7,
    0x00, 0x00, 0x6e, 0x1e,
    0x00, 0x00, 0x6e, 0x55,
    0x00, 0x00, 0x6e, 0x8c,
    0x00, 0x00, 0x6e, 0xc3,
    0x00, 0x00, 0x6e, 0xfa,
    0x00, 0x00, 0x6f, 0x31,
    0x00, 0x00, 0x6f, 0x68,
    0x00, 0x00, 0x6f, 0x9f,
    0x00, 0x00, 0x6f, 0xd6,
    0x00, 0x00, 0x70, 0x0d,
    0x00, 0x00, 0x70, 0x44,
    0x00, 0x00, 0x70, 0x7b,
    0x00, 0x00, 0x70, 0xb2,
    0x00, 0x00, 0x70, 0xe9,
    0x00, 0x00, 0x71, 0x20,
    0x00, 0x00, 0x71, 0x57,
    0x00, 0x00, 0x71, 0x8e,
    0x00, 0x00, 0x71, 0xc5,
    0x00, 0x00, 0x71, 0xfc,
    0x00, 0x00, 0x72, 0x33,
    0x00, 0x00, 0x72, 0x6a,
    0x00, 0x00, 0x72, 0xa1,
    0x00, 0x00, 0x72, 0xd8,
    0x00, 0x00, 0x73, 0x0f,
    0x00, 0x00, 0x73, 0x46,
    0x00, 0x00, 0x73, 0x7d,
    0x00, 0x00, 0x73, 0xb4,
    0x00, 0x00, 0x73, 0xeb,
    0x00, 0x00, 0x74, 0x22,
    0x00, 0x00, 0x74, 0x59,
    0x00, 0x00, 0x74, 0x90,
    0x00, 0x00, 0x74, 0xc7,
    0x00, 0x00, 0x74, 0xfe,
    0x00, 0x00, 0x75, 0x35,
    0x00, 0x00, 0x75, 0x6c,
    0x00, 0x00, 0x75, 0xa3,
    0x00, 0x00, 0x75, 0xdc,
    0x00, 0x00, 0x76, 0x17,
    0x00, 0x00, 0x76, 0x4d,
    0x00, 0x00, 0x76, 0x89,
    0x00, 0x00, 0x76, 0xc2,
    0x00, 0x00, 0x76, 0xfb,
    0x00, 0x00, 0x77, 0x37,
    0x00, 0x00, 0x77, 0x75,
    0x00, 0x00, 0x77, 0xb1,
    0x00, 0x00, 0x77, 0xed,
    0x00, 0x00, 0x78, 0x30,
    0x00, 0x00, 0x78, 0x73,
    0x00, 0x00, 0x78, 0xb5,
    0x00, 0x00, 0x78, 0xf5,
    0x00, 0x00, 0x79, 0x3d,
    0x00, 0x00, 0x79, 0x8c,
    0x00, 0x00, 0x79, 0xd8,
    0x00, 0x00, 0x7a, 0x13,
    0x00, 0x00, 0x7a, 0x59,
    0x00, 0x00, 0x7a, 0x79,
    0x00, 0x00, 0x7a, 0x99,
    0x00, 0x00, 0x7a, 0xb9,
    0x00, 0x00, 0x7a, 0xd9,
    0x00, 0x00, 0x7a, 0xf9,
    0x00, 0x00, 0x7b, 0x19,
    0x00, 0x00, 0x7b, 0x39,
    0x00, 0x00, 0x7b, 0x59,
    0x00, 0x00, 0x7b, 0x79,
    0x00, 0x00, 0x7b, 0x99,
    0x00, 0x00, 0x7b, 0xb9,
    0x00, 0x00, 0x7b, 0xd9,
    0x00, 0x00, 0x7b, 0xf9,
    0x00, 0x00, 0x7c, 0x19,
    0x00, 0x00, 0x7c, 0x39,
    0x00, 0x00, 0x7c, 0x59,
    0x00, 0x00, 0x7c, 0x79,
    0x00, 0x00, 0x7c, 0x99,
    0x00, 0x00, 0x7c, 0xb9,
    0x00, 0x00, 0x7c, 0xd9,
    0x00, 0x00, 0x7c, 0xf9,
    0x00, 0x00, 0x7d, 0x19,
    0x00, 0x00, 0x7d, 0x39,
    0x00, 0x00, 0x7d, 0x59,
    0x00, 0x00, 0x7d, 0x79,
    0x00, 0x00, 0x7d, 0x99,
    0x00, 0x00, 0x7d, 0xb9,
    0x00, 0x00, 0x7d, 0xd9,
    0x00, 0x00, 0x7d, 0xf9,
    0xff, 0x69, 0x4d, 0x56, 0x1b, 0xff, 0x70, 0x55, 0x57, 0x83, 0xfd, 0xfd,
    0xfd, 0xfd, 0xfd, 0xfd, 0xfd, 0xfd, 0xfd, 0xfd, 0xfd, 0xfd, 0xfd, 0xfd,
    0xfd, 0xfd, 0xf6, 0xff, 0x6e, 0x4a, 0x56, 0x15, 0xff, 0x6d, 0x55, 0x55,
    0x34, 0xff, 0x70, 0x55, 0x58, 0xff, 0xfd, 0xfd, 0xfd, 0xfd, 0xfd, 0xfd,
    0xfd, 0xfd, 0xfd, 0xfd, 0xfd, 0xfd, 0xfd, 0xfd, 0xfd, 0xfd, 0xf6, 0xff,
    0x6b, 0x52, 0x58, 0x29, 0xff, 0x6d, 0x55, 0x55, 0x34, 0xff, 0x70, 0x55,
    0x58, 0xff, 0xfd, 0xfd, 0xfd, 0xfd, 0xfd, 0xfd, 0xfd, 0xfd, 0xfd, 0xfd,
    0xfd, 0xfd, 0xfd, 0xfd, 0xfd, 0xfd, 0xf6, 0xff, 0x6b, 0x52, 0x58, 0x29,
    0xff, 0x6d, 0x55, 0x55, 0x34, 0xff, 0x70, 0x55, 0x58, 0xff, 0xfd, 0xfd,
    0xfd, 0xfd, 0xfd, 0xfd, 0xfd, 0xfd, 0xfd, 0xfd, 0xfd, 0xfd, 0xfd, 0xfd,
    0xfd, 0xfd, 0xf6, 0xff, 0x6b, 0x52, 0x58, 0x29, 0xff, 0x6d, 0x55, 0x55,
    0x34, 0xff, 0x70, 0x55, 0x58, 0xff, 0xfd, 0xfd, 0xfd, 0xfd, 0xfd, 0xfd,
    0xfd, 0xfd, 0xfd, 0xfd, 0xfd, 0xfd, 0xfd, 0xfd, 0xfd, 0xfd, 0xf6, 0xff,
    0x6b, 0x52, 0x58, 0x29, 0xff, 0x6d, 0x55, 0x55, 0x34, 0xff, 0x70, 0x55,
    0x58, 0xff, 0xfd, 0xfd, 0xfd, 0xfd, 0xfd, 0xfd, 0xfd, 0xfd, 0xfd, 0xfd,
    0xfd, 0xfd, 0xfd, 0xfd, 0xfd, 0xfd, 0xf6, 0xff, 0x6b, 0x52, 0x58, 0x29,
    0xff, 0x6d, 0x55, 0x55, 0x34, 0xff, 0x70, 0x55, 0x58, 0xff, 0xfd, 0xfd,
    0xfd, 0xfd, 0xfd, 0xfd, 0xfd, 0xfd, 0xfd, 0xfd, 0xfd, 0xfd, 0xfd, 0xfd,
    0xfd, 0xfd, 0xf6, 0xff, 0x6b, 0x52, 0x58, 0x29, 0xff, 0x6d, 0x55, 0x55,
    0x34, 0xff, 0x70, 0x55, 0x58, 0xff, 0xfd, 0xfd, 0xfd, 0xfd, 0xfd, 0xfd,
    0xfd, 0xfd, 0xfd, 0xfd, 0xfd, 0xfd, 0xfd, 0xfd, 0xfd, 0xfd, 0xf6, 0xff,
    0x6b, 0x52, 0x58, 0x29, 0xff, 0x6d, 0x55, 0x55, 0x34, 0xff, 0x70, 0x55,
    0x58, 0xff, 0xfd, 0xfd, 0xfd, 0xfd, 0xfd, 0xfd, 0xfd, 0xfd, 0xfd, 0xfd,
    0xfd, 0xfd, 0xfd, 0xfd, 0xfd, 0xfd, 0xf6, 0xff, 0x6b, 0x52, 0x58, 0x29,
    0xff, 0x6d, 0x55, 0x55, 0x34, 0xff, 0x70, 0x55, 0x58, 0xff, 0xfd, 0xfd,
    0xfd, 0xfd, 0xfd, 0xfd, 0xfd, 0xfd, 0xfd, 0xfd, 0xfd, 0xfd, 0xfd, 0xfd,
    0xfd, 0xfd, 0xf6, 0xff, 0x6b, 0x52, 0x58, 0x29, 0xff, 0x6d, 0x55, 0x55,
    0x34, 0xff, 0x70, 0x55, 0x58, 0xff, 0xfd, 0xfd, 0xfd, 0xfd, 0xfd, 0xfd,
    0xfd, 0xfd, 0xfd, 0xfd, 0xfd, 0xfd, 0xfd, 0xfd, 0xfd, 0xfd, 0xf6, 0xff,
    0x6b, 0x52, 0x58, 0x29, 0xff, 0x6d, 0x55, 0x55, 0x34, 0xff, 0x70, 0x55,
    0x58, 0xff, 0xfd, 0xfd, 0xfd, 0xfd, 0xfd, 0xfd, 0xfd, 0xfd, 0xfd, 0xfd,
    0xfd, 0xfd, 0xfd, 0xfd, 0xfd, 0xfd, 0xf6, 0xff, 0x6b, 0x52, 0x58, 0x29,
    0xff, 0x6d, 0x55, 0x55, 0x34, 0xff, 0x70, 0x55, 0x58, 0xff, 0xfd, 0xfd,
    0xfd, 0xfd, 0xfd, 0xfd, 0xfd, 0xfd, 0xfd, 0xfd, 0xfd, 0xfd, 0xfd, 0xfd,
    0xfd, 0xfd, 0xf6, 0xff, 0x6b, 0x52, 0x58, 0x29, 0xff, 0x6d, 0x55, 0x55,
    0x34, 0xff, 0x70, 0x55, 0x58, 0xff, 0xfd, 0xfd, 0xfd, 0xfd, 0xfd, 0xfd,
    0xfd, 0xfd, 0xfd, 0xfd, 0xfd, 0xfd, 0xfd, 0xfd, 0xfd, 0xfd, 0xf6, 0xff,
    0x6b, 0x52, 0x58, 0x29, 0xff, 0x6d, 0x55, 0x55, 0x34, 0xff, 0x70, 0x55,
    0x58, 0xff, 0xfd, 0xfd, 0xfd, 0xfd, 0xfd, 0xfd, 0xfd, 0xfd, 0xfd, 0xfd,
    0xfd, 0xfd, 0xfd, 0xfd, 0xfd, 0xfd, 0xf6, 0xff, 0x6b, 0x52, 0x58, 0x29,
    0xff, 0x6d, 0x55, 0x55, 0x34, 0xff, 0x70, 0x55, 0x58, 0xff, 0xfd, 0xfd,
    0xfd, 0xfd, 0xfd, 0xfd, 0xfd, 0xfd, 0xfd, 0xfd, 0xfd, 0xfd, 0xfd, 0xfd,
    0xfd, 0xfd, 0xf6, 0xff, 0x6b, 0x52, 0x58, 0x29, 0xff, 0x6d, 0x55, 0x55,
    0x34, 0xff, 0x70, 0x55, 0x58, 0xff, 0xfd, 0xfd, 0xfd, 0xfd, 0xfd, 0xfd,
    0xfd, 0xfd, 0xfd, 0xfd, 0xfd, 0xfd, 0xfd, 0xfd, 0xfd, 0xfd, 0xf6, 0xff,
    0x6b, 0x52, 0x58, 0x29, 0xff, 0x6d, 0x55, 0x55, 0x34, 0xff, 0x70, 0x55,
    0x58, 0xff, 0xfd, 0xef, 0xfe, 0xe0, 0xda, 0xdb, 0xa2, 0x87, 0xc4, 0x95,
    0x8a, 0x36, 0xfd, 0xfd, 0xfd, 0xfd, 0xfd, 0xfd, 0xfd, 0xfd, 0xfd, 0xfd,
    0xfd, 0xfd, 0xfd, 0xfd, 0xfb, 0xff, 0x6b, 0x52, 0x58, 0x29, 0xff, 0x6d,
    0x55, 0x55, 0x34, 0xff, 0x70, 0x55, 0x58, 0xff, 0xfd, 0xd4, 0xfe, 0x9a,
    0x87, 0x89, 0xb3, 0x85, 0xc6, 0xfe, 0x8e, 0x79, 0x7b, 0x36, 0xcf, 0xfe,
    0xfc, 0xfb, 0xfb, 0xa3, 0x87, 0xc4, 0x93, 0x8a, 0x36, 0xfd, 0xfd, 0xfd,
    0xfd, 0xfd, 0xfd, 0xfd, 0xfd, 0xfd, 0xfd, 0xfd, 0xfd, 0xfd, 0xfd, 0xfb,
    0xff, 0x6b, 0x52, 0x58, 0x29, 0xff, 0x6d, 0x55, 0x55, 0x34, 0xff, 0x70,
    0x55, 0x58, 0xff, 0xfd, 0xd3, 0xa6, 0x87, 0xfe, 0xf7, 0xf5, 0xf5, 0xa9,
    0x86, 0xc6, 0xfe, 0xdf, 0xd9, 0xd9, 0x36, 0xcf, 0xfe, 0xfc, 0xfb, 0xfb,
    0x17, 0xc4, 0x93, 0x8a, 0x36, 0xfc, 0xb0, 0x86, 0xfe, 0xb1, 0xa2, 0xa4,
    0xc5, 0x18, 0x36, 0xfd, 0xfd, 0xfd, 0xfd, 0xfd, 0xfd, 0xfd, 0xfd, 0xfd,
    0xfd, 0xfd, 0xfd, 0xfd, 0xf2, 0xff, 0x6b, 0x52, 0x58, 0x29, 0xff, 0x6d,
    0x55, 0x55, 0x34, 0xff, 0x70, 0x55, 0x58, 0xff, 0xfd, 0xd3, 0xfe, 0xa1,
    0x8f, 0x91, 0xfe, 0xfe, 0xfe, 0xfe, 0xc8, 0xfe, 0x84, 0x6c, 0x6f, 0x36,
    0xce, 0xfe, 0xfc, 0xfb, 0xfb, 0x17, 0xc4, 0x93, 0x8a, 0x36, 0xfc, 0xfe,
    0x8e, 0x79, 0x7b, 0x17, 0xc5, 0xfe, 0x8f, 0x7a, 0x7c, 0x36, 0xfd, 0xfd,
    0xfd, 0xfd, 0xfd, 0xfd, 0xfd, 0xfd, 0xfd, 0xfd, 0xfd, 0xfd, 0xfd, 0xf2,
    0xff, 0x6b, 0x52, 0x58, 0x29, 0xff, 0x6d, 0x55, 0x55, 0x34, 0xff, 0x70,
    0x55, 0x58, 0xff, 0xfd, 0xd3, 0xfe, 0xd4, 0xcc, 0xcd, 0xfe, 0xfe, 0xfe,
    0xfe, 0xc8, 0xfe, 0xb7, 0xa9, 0xab, 0x36, 0xce, 0xfe, 0xfc, 0xfb, 0xfb,
    0x17, 0xc4, 0x93, 0x8a, 0x36, 0xfc, 0xfe, 0x8e, 0x79, 0x7b, 0x17, 0xc5,
    0xfe, 0x8f, 0x7a, 0x7c, 0x36, 0xfd, 0xfd, 0xfd, 0xfd, 0xfd, 0xfd, 0xfd,
    0xfd, 0xfd, 0xfd, 0xfd, 0xfd, 0xfd, 0xf2, 0xff, 0x6b, 0x52, 0x58, 0x29,
    0xff, 0x6d, 0x55, 0x55, 0x34, 0xff, 0x70, 0x55, 0x58, 0xff, 0xfd, 0xd2,
    0xae, 0x86, 0xfe, 0xfc, 0xfb, 0xfb, 0xa3, 0x87, 0xc8, 0x88, 0x8c, 0x36,
    0xce, 0xfe, 0xf8, 0xf7, 0xf7, 0xa2, 0x88, 0xc4, 0x93, 0x8a, 0x36, 0xfc,
    0xfe, 0x8e, 0x79, 0x7b, 0x17, 0xc5, 0xfe, 0x8f, 0x7a, 0x7c, 0x36, 0xfd,
    0xfd, 0xfd, 0xfd, 0xfd, 0xfd, 0xfd, 0xfd, 0xfd, 0xfd, 0xfd, 0xfd, 0xfd,
    0xf2, 0xff, 0x6b, 0x52, 0x58, 0x29, 0xff, 0x6d, 0x55, 0x55, 0x34, 0xff,
    0x70, 0x55, 0x58, 0xff, 0xfd, 0xd2, 0xfe, 0xad, 0x9d, 0x9f, 0xfe, 0xfe,
    0xfe, 0xfe, 0xca, 0xfe, 0x8f, 0x7a, 0x7c, 0x36, 0xfd, 0xd5, 0xfe, 0x8e,
    0x79, 0x7b, 0x17, 0xc5, 0x34, 0x36, 0xfd, 0xfd, 0xfd, 0xfd, 0xfd, 0xfd,
    0xfd, 0xfd, 0xfd, 0xfd, 0xfd, 0xfd, 0xfd, 0xf2, 0xff, 0x6b, 0x52, 0x58,
    0x29, 0xff, 0x6d, 0x55, 0x55, 0x34, 0xff, 0x70, 0x55, 0x58, 0xff, 0xfd,
    0xd2, 0xfe, 0xe0, 0xdb, 0xdb, 0xfe, 0xfe, 0xfe, 0xfe, 0xca, 0xfe, 0xc3,
    0xb7, 0xb9, 0x36, 0xfd, 0xd5, 0xfe, 0x8e, 0x79, 0x7b, 0x17, 0xc5, 0xfe,
    0x8f, 0x7a, 0x7c, 0x36, 0xfd, 0xfd, 0xfd, 0xfd, 0xfd, 0xfd, 0xfd, 0xfd,
    0xfd, 0xfd, 0xfd, 0xfd, 0xfd, 0xf2, 0xff, 0x6b, 0x52, 0x58, 0x29, 0xff,
    0x6d, 0x55, 0x55, 0x34, 0xff, 0x70, 0x55, 0x58, 0xff, 0xfd, 0xd1, 0xb9,
    0x84, 0xfe, 0xfe, 0xfe, 0xfe, 0xcb, 0x93, 0x8a, 0xfe, 0x73, 0x58, 0x5b,
    0x36, 0xfd, 0xc1, 0x7f, 0xb3, 0x85, 0xb4, 0x74, 0xab, 0x87, 0xa3, 0x88,
    0x38, 0x97, 0x9a, 0x11, 0x23, 0x36, 0xc8, 0xfe, 0x8e, 0x79, 0x7b, 0x17,
    0xc5, 0xfe, 0x8f, 0x7a, 0x7c, 0x36, 0xd0, 0xaa, 0x87, 0x1a, 0xb2, 0x86,
    0xaa, 0x86, 0x7f, 0x98, 0x89, 0x8f, 0x8b, 0x83, 0x9d, 0x36, 0xd1, 0xa6,
    0x88, 0xb7, 0x84, 0xaf, 0x85, 0xa9, 0x77, 0x7f, 0x9a, 0x99, 0x94, 0x79,
    0x09, 0x36, 0xfd, 0xfd, 0xfd, 0xfd, 0xfd, 0xfd, 0xfd, 0xfd, 0xfd, 0xfd,
    0xfd, 0xfd, 0xfb, 0xff, 0x6b, 0x52, 0x58, 0x29, 0xff, 0x6d, 0x55, 0x55,
    0x34, 0xff, 0x70, 0x55, 0x58, 0xff, 0xfd, 0xd1, 0xfe, 0xb9, 0xab, 0xad,
    0xfe, 0xfe, 0xfe, 0xfe, 0xc4, 0x40, 0x17, 0xc5, 0xfe, 0x9b, 0x88, 0x8a,
    0x36, 0xc8, 0xfe, 0xc5, 0xba, 0xbb, 0xad, 0x86, 0xc8, 0x96, 0x8a, 0x36,
    0xc4, 0xb6, 0x85, 0x20, 0xc5, 0xfe, 0x86, 0x6f, 0x72, 0x36, 0xc5, 0xfe,
    0x96, 0x82, 0x84, 0xfe, 0xd0, 0xc7, 0xc8, 0xc5, 0xfe, 0x73, 0x59, 0x5c,
    0x36, 0xc7, 0xa9, 0x87, 0xfe, 0xaa, 0x9a, 0x9c, 0xfe, 0xd6, 0xcf, 0xcf,
    0xfe, 0xf7, 0xf5, 0xf5, 0x17, 0xc5, 0x9d, 0x88, 0x82, 0x8d, 0xfe, 0xbd,
    0xb0, 0xb1, 0xfe, 0x97, 0x83, 0x85, 0xfe, 0x72, 0x57, 0x5a, 0x40, 0xc1,
    0xbf, 0x83, 0x20, 0xc0, 0xac, 0x76, 0x17, 0xc5, 0xfe, 0xda, 0xd3, 0xd4,
    0x20, 0xc4, 0xfe, 0x7d, 0x65, 0x68, 0x36, 0xc6, 0xb1, 0x85, 0xfe, 0xb6,
    0xa9, 0xaa, 0xfe, 0xe5, 0xe0, 0xe0, 0x17, 0xc6, 0x86, 0x8c, 0xfe, 0xb7,
    0xaa, 0xab, 0xfe, 0x7c, 0x63, 0x66, 0x36, 0xcb, 0xbd, 0x84, 0x23, 0x38,
    0xbd, 0x83, 0x17, 0xc5, 0x94, 0x8a, 0xfe, 0xd5, 0xcd, 0xcd, 0xfe, 0xb0,
    0xa1, 0xa2, 0xfe, 0x86, 0x6f, 0x71, 0x36, 0xfd, 0xfd, 0xfd, 0xfd, 0xfd,
    0xfd, 0xfd, 0xfd, 0xfd, 0xfd, 0xfd, 0xfd, 0xf7, 0xff, 0x6b, 0x52, 0x58,
    0x29, 0xff, 0x6d, 0x55, 0x55, 0x34, 0xff, 0x70, 0x55, 0x58, 0xff, 0xfd,
    0xd1, 0xfe, 0xeb, 0xe8, 0xe8, 0xb6, 0x85, 0xc4, 0xfe, 0xc3, 0xb7, 0xb9,
    0xfe, 0xf7, 0xf6, 0xf6, 0x17, 0xc4, 0xfe, 0xce, 0xc5, 0xc6, 0x36, 0xc8,
    0xfe, 0xef, 0xec, 0xec, 0x17, 0xc8, 0x93, 0x8a, 0x36, 0xc4, 0xfe, 0x8c,
    0x77, 0x79, 0x17, 0xc5, 0xfe, 0x91, 0x7d, 0x7f, 0x36, 0xc5, 0xfe, 0xa9,
    0x99, 0x9b, 0x17, 0xc5, 0xfe, 0x75, 0x5b, 0x5e, 0x36, 0xc5, 0xa2, 0x88,
    0xfe, 0xaf, 0xa0, 0xa2, 0xfe, 0xf5, 0xf3, 0xf3, 0x17, 0xcc, 0x92, 0x8a,
    0xfe, 0x8c, 0x76, 0x79, 0x36, 0xc0, 0xfe, 0x97, 0x83, 0x85, 0x17, 0xcf,
    0xfe, 0x84, 0x6d, 0x6f, 0x36, 0xc4, 0xa5, 0x87, 0xfe, 0xbb, 0xae, 0xaf,
    0xfe, 0xfa, 0xf9, 0xf9, 0x17, 0xca, 0x26, 0xfe, 0xab, 0x9b, 0x9c, 0x36,
    0xc8, 0xb2, 0x86, 0xfe, 0xd0, 0xc7, 0xc8, 0x17, 0xcd, 0xfe, 0xd6, 0xcf,
    0xcf, 0xfe, 0x70, 0x55, 0x58, 0xfd, 0xfd, 0xfd, 0xfd, 0xfd, 0xfd, 0xfd,
    0xfd, 0xfd, 0xfd, 0xfd, 0xfd, 0xf6, 0xff, 0x6b, 0x52, 0x58, 0x29, 0xff,
    0x6d, 0x55, 0x55, 0x34, 0xff, 0x70, 0x55, 0x58, 0xff, 0xfd, 0xd0, 0xfe,
    0x91, 0x7c, 0x7e, 0xfe, 0xfe, 0xfe, 0xfe, 0xc5, 0xfe, 0x8e, 0x79, 0x7b,
    0xfe, 0xcc, 0xc2, 0xc3, 0x17, 0xc4, 0x9b, 0x88, 0xfe, 0x78, 0x5f, 0x62,
    0x36, 0xc7, 0xfe, 0xef, 0xec, 0xec, 0x17, 0xc8, 0x93, 0x8a, 0x36, 0xc4,
    0xfe, 0x8c, 0x77, 0x79, 0x17, 0xc5, 0xfe, 0x91, 0x7d, 0x7f, 0x36, 0xc5,
    0xfe, 0xa9, 0x99, 0x9b, 0x17, 0xc5, 0xfe, 0x75, 0x5b, 0x5e, 0x36, 0xc4,
    0x3e, 0xfe, 0xda, 0xd3, 0xd3, 0x17, 0xcf, 0xfe, 0x98, 0x85, 0x87, 0x36,
    0xc0, 0xfe, 0x97, 0x83, 0x85, 0x17, 0xcf, 0xfe, 0x84, 0x6d, 0x6f, 0x36,
    0xc3, 0xb2, 0x86, 0xfe, 0xe4, 0xdf, 0xe0, 0x17, 0xce, 0xfe, 0xc0, 0xb5,
    0xb6, 0xfe, 0x70, 0x55, 0x58, 0xc6, 0xfe, 0x95, 0x81, 0x83, 0xfe, 0xf4,
    0xf3, 0xf3, 0x17, 0xce, 0x1e, 0x36, 0xfd, 0xfd, 0xfd, 0xfd, 0xfd, 0xfd,
    0xfd, 0xfd, 0xfd, 0xfd, 0xfd, 0xfd, 0xf6, 0xff, 0x6b, 0x52, 0x58, 0x29,
    0xff, 0x6d, 0x55, 0x55, 0x34, 0xff, 0x70, 0x55, 0x58, 0xff, 0xfd, 0xd0,
    0xfe, 0xc4, 0xb9, 0xbb, 0xfe, 0xfe, 0xfe, 0xfe, 0xc4, 0x8b, 0x9c, 0x36,
    0xfe, 0x9c, 0x89, 0x8b, 0x17, 0xc5, 0xfe, 0xa7, 0x96, 0x98, 0x36, 0xc7,
    0xfe, 0xef, 0xec, 0xec, 0x17, 0xc8, 0x93, 0x8a, 0x36, 0xc4, 0xfe, 0x8c,
    0x77, 0x79, 0x17, 0xc5, 0xfe, 0x91, 0x7d, 0x7f, 0x36, 0xc5, 0xfe, 0xa9,
    0x99, 0x9b, 0x17, 0xc5, 0xfe, 0x75, 0x5b, 0x5e, 0x36, 0xc3, 0xa4, 0x87,
    0xfe, 0xdd, 0xd7, 0xd7, 0x17, 0xd0, 0xfe, 0x98, 0x85, 0x87, 0x36, 0xc0,
    0xfe, 0x97, 0x83, 0x85, 0x17, 0xcf, 0xfe, 0x84, 0x6d, 0x6f, 0x36, 0xc2,
    0xb0, 0x86, 0xfe, 0xeb, 0xe8, 0xe8, 0x17, 0xd0, 0xfe, 0xaa, 0x9a, 0x9c,
    0x36, 0xc4, 0xfe, 0x8e, 0x79, 0x7b, 0xfe, 0xf9, 0xf9, 0xf9, 0x17, 0xcf,
    0x1e, 0x36, 0xfd, 0xfd, 0xfd, 0xfd, 0xfd, 0xfd, 0xfd, 0xfd, 0xfd, 0xfd,
    0xfd, 0xfd, 0xf6, 0xff, 0x6b, 0x52, 0x58, 0x29, 0xff, 0x6d, 0x55, 0x55,
    0x34, 0xff, 0x70, 0x55, 0x58, 0xff, 0xfd, 0xcf, 0xa4, 0x87, 0xfe, 0xf4,
    0xf2, 0xf2, 0xac, 0x86, 0xc4, 0xfe, 0xbd, 0xb1, 0xb2, 0x36, 0xa5, 0x87,
    0xfe, 0xf7, 0xf5, 0xf5, 0x17, 0xc4, 0xfe, 0xda, 0xd3, 0xd4, 0x36, 0xc7,
    0xfe, 0xef, 0xec, 0xec, 0x17, 0xc8, 0x93, 0x8a, 0x36, 0xc4, 0xfe, 0x8c,
    0x77, 0x79, 0x17, 0xc5, 0xfe, 0x91, 0x7d, 0x7f, 0x36, 0xc5, 0xfe, 0xa9,
    0x99, 0x9b, 0x17, 0xc5, 0xfe, 0x75, 0x5b, 0x5e, 0x36, 0xc3, 0xfe, 0xb3,
    0xa5, 0xa6, 0x17, 0xc6, 0x95, 0x8a, 0x84, 0x8c, 0x96, 0x9a, 0xa7, 0x87,
    0xb3, 0x85, 0x17, 0xc4, 0xfe, 0x98, 0x85, 0x87, 0x36, 0xc0, 0xfe, 0x97,
    0x83, 0x85, 0x17, 0xcf, 0xfe, 0x84, 0x6d, 0x6f, 0x36, 0xc1, 0xa2, 0x88,
    0x38, 0x17, 0xc4, 0x9d, 0x88, 0xfe, 0xce, 0xc5, 0xc6, 0xfe, 0xab, 0x9b,
    0x9d, 0x92, 0x8a, 0x22, 0xfe, 0xcd, 0xc3, 0xc4, 0xfe, 0xfc, 0xfb, 0xfb,
    0x17, 0xc4, 0x98, 0x89, 0xfe, 0x7c, 0x63, 0x66, 0x36, 0xc2, 0x14, 0xfe,
    0xe9, 0xe5, 0xe5, 0x17, 0xc6, 0x89, 0x8b, 0x8a, 0x9c, 0x9e, 0x78, 0xaa,
    0x97, 0xb9, 0x74, 0x17, 0xc3, 0x1e, 0x36, 0xfd, 0xfd, 0xfd, 0xfd, 0xfd,
    0xfd, 0xfd, 0xfd, 0xfd, 0xfd, 0xfd, 0xfd, 0xf6, 0xff, 0x6b, 0x52, 0x58,
    0x29, 0xff, 0x6d, 0x55, 0x55, 0x34, 0xff, 0x70, 0x55, 0x58, 0xff, 0xfd,
    0xcf, 0xfe, 0x9d, 0x8a, 0x8c, 0xfe, 0xfe, 0xfe, 0xfe, 0xc5, 0xfe, 0x8e,
    0x78, 0x7a, 0x36, 0xc0, 0xfe, 0xcb, 0xc1, 0xc2, 0x17, 0xc4, 0x55, 0xfe,
    0x80, 0x68, 0x6b, 0x36, 0xc6, 0xfe, 0xaa, 0x99, 0x9b, 0xa9, 0x86, 0xc1,
    0xfe, 0xd8, 0xd1, 0xd2, 0x17, 0xc4, 0x93, 0x8a, 0x36, 0xc4, 0xfe, 0x8c,
    0x77, 0x79, 0x17, 0xc5, 0xfe, 0x91, 0x7d, 0x7f, 0x36, 0xc5, 0xfe, 0xa9,
    0x99, 0x9b, 0x17, 0xc5, 0xfe, 0x75, 0x5b, 0x5e, 0x36, 0xc2, 0xa2, 0x88,
    0xfe, 0xf2, 0xef, 0xef, 0x17, 0xc4, 0x8b, 0x9c, 0xfe, 0x96, 0x82, 0x84,
    0xfe, 0x71, 0x56, 0x59, 0x36, 0xc2, 0xab, 0x86, 0xfe, 0xa1, 0x8f, 0x91,
    0xfe, 0xd2, 0xca, 0xcb, 0x08, 0x17, 0xc0, 0xfe, 0x98, 0x85, 0x87, 0x36,
    0xc0, 0xb4, 0x85, 0xfe, 0xb1, 0xa2, 0xa4, 0xc0, 0xb3, 0x85, 0x17, 0xc5,
    0xfe, 0xc2, 0xb6, 0xb7, 0x22, 0xc4, 0xfe, 0x79, 0x60, 0x63, 0x95, 0x8a,
    0xc1, 0xfe, 0xab, 0x9b, 0x9c, 0x17, 0xc4, 0x8b, 0x8b, 0xfe, 0x87, 0x71,
    0x73, 0x36, 0xc3, 0xfe, 0x90, 0x7b, 0x7d, 0xfe, 0xf9, 0xf8, 0xf8, 0x17,
    0xc4, 0xfe, 0xb7, 0xa9, 0xab, 0x36, 0xc2, 0xfe, 0x9c, 0x89, 0x8b, 0x17,
    0xc5, 0xfe, 0xcc, 0xc3, 0xc4, 0x3e, 0x36, 0xc3, 0xbb, 0x84, 0xfe, 0xb3,
    0xa5, 0xa6, 0xfe, 0xe9, 0xe5, 0xe5, 0x17, 0xc0, 0x8e, 0x8b, 0x36, 0xfd,
    0xfd, 0xfd, 0xfd, 0xfd, 0xfd, 0xfd, 0xfd, 0xfd, 0xfd, 0xfd, 0xfd, 0xf6,
    0xff, 0x6b, 0x52, 0x58, 0x29, 0xff, 0x6d, 0x55, 0x55, 0x34, 0xff, 0x70,
    0x55, 0x58, 0xff, 0xfd, 0xcf, 0xfe, 0xd0, 0xc7, 0xc8, 0xfe, 0xfe, 0xfe,
    0xfe, 0xc4, 0x8a, 0x8b, 0x36, 0xc1, 0xfe, 0x9b, 0x88, 0x8a, 0x17, 0xc5,
    0xfe, 0xb2, 0xa4, 0xa6, 0x36, 0xca, 0xfe, 0xb9, 0xac, 0xad, 0x17, 0xc4,
    0x93, 0x8a, 0x36, 0xc4, 0xfe, 0x8c, 0x77, 0x79, 0x17, 0xc5, 0xfe, 0x91,
    0x7d, 0x7f, 0x36, 0xc5, 0xfe, 0xa9, 0x99, 0x9b, 0x17, 0xc5, 0xfe, 0x75,
    0x5b, 0x5e, 0x36, 0xc2, 0xbd, 0x84, 0x17, 0xc5, 0xfe, 0xa6, 0x95, 0x97,
    0x36, 0xc7, 0xb7, 0x85, 0xfe, 0xcc, 0xc3, 0xc4, 0x17, 0xfe, 0x98, 0x85,
    0x87, 0x36, 0xc3, 0xfe, 0x8e, 0x79, 0x7b, 0x17, 0xc5, 0xfe, 0x8f, 0x7a,
    0x7c, 0x36, 0xc7, 0xa3, 0x88, 0xfe, 0xef, 0xec, 0xec, 0x17, 0xc3, 0x55,
    0x07, 0x36, 0xc5, 0xfe, 0xb7, 0xaa, 0xab, 0x17, 0xc4, 0x87, 0x8c, 0x36,
    0xc2, 0xfe, 0xc0, 0xb5, 0xb6, 0x17, 0xc4, 0x9c, 0x89, 0x23, 0x36, 0xc6,
    0x7f, 0xfe, 0x9d, 0x8b, 0x8d, 0x3c, 0xa7, 0x87, 0x36, 0xfd, 0xfd, 0xfd,
    0xfd, 0xfd, 0xfd, 0xfd, 0xfd, 0xfd, 0xfd, 0xfd, 0xfd, 0xf6, 0xff, 0x6b,
    0x52, 0x58, 0x29, 0xff, 0x6d, 0x55, 0x55, 0x34, 0xff, 0x70, 0x55, 0x58,
    0xff, 0xfd, 0xce, 0xaa, 0x87, 0xfe, 0xfa, 0xf9, 0xf9, 0xa5, 0x87, 0xc4,
    0xfe, 0xbc, 0xaf, 0xb1, 0x36, 0xc1, 0xa4, 0x88, 0xfe, 0xf6, 0xf5, 0xf5,
    0xa9, 0x87, 0xc4, 0x83, 0x9d, 0x36, 0xca, 0xfe, 0xb9, 0xac, 0xad, 0x17,
    0xc4, 0x93, 0x8a, 0x36, 0xc4, 0xfe, 0x8c, 0x77, 0x79, 0x17, 0xc5, 0xfe,
    0x91, 0x7d, 0x7f, 0x36, 0xc5, 0xfe, 0xa9, 0x99, 0x9b, 0x17, 0xc5, 0xfe,
    0x75, 0x5b, 0x5e, 0x36, 0xc2, 0xfe, 0x95, 0x81, 0x83, 0x17, 0xc5, 0xfe,
    0xc0, 0xb5, 0xb6, 0x36, 0xc9, 0xfe, 0x90, 0x7b, 0x7e, 0x8b, 0x8b, 0x36,
    0xc3, 0xfe, 0x8e, 0x79, 0x7b, 0x17, 0xc5, 0xfe, 0x8f, 0x7a, 0x7c, 0x36,
    0xc7, 0xfe, 0x9a, 0x87, 0x89, 0x17, 0xc4, 0xfe, 0xde, 0xd8, 0xd9, 0x36,
    0xc6, 0xbc, 0x73, 0x17, 0xc5, 0x20, 0x36, 0xc1, 0xfe, 0xcd, 0xc3, 0xc4,
    0x17, 0xc5, 0xfe, 0x89, 0x73, 0x75, 0x36, 0xc8, 0x32, 0xfe, 0x9a, 0x87,
    0x8a, 0x36, 0xfd, 0xfd, 0xfd, 0xfd, 0xfd, 0xfd, 0xfd, 0xfd, 0xfd, 0xfd,
    0xfd, 0xfd, 0xf6, 0xff, 0x6b, 0x52, 0x58, 0x29, 0xff, 0x6d, 0x55, 0x55,
    0x34, 0xff, 0x70, 0x55, 0x58, 0xff, 0xfd, 0xce, 0xfe, 0xa8, 0x98, 0x9a,
    0xfe, 0xfe, 0xfe, 0xfe, 0xc5, 0xfe, 0x8c, 0x77, 0x79, 0x36, 0xc2, 0xfe,
    0xca, 0xc0, 0xc1, 0x17, 0xc5, 0xfe, 0x8b, 0x75, 0x77, 0x36, 0xc9, 0xfe,
    0xb9, 0xac, 0xad, 0x17, 0xc4, 0x93, 0x8a, 0x36, 0xc4, 0x07, 0x17, 0xc5,
    0xfe, 0x91, 0x7d, 0x7f, 0x36, 0xc5, 0xfe, 0xa9, 0x99, 0x9b, 0x17, 0xc5,
    0xfe, 0x75, 0x5b, 0x5e, 0x36, 0xc2, 0xfe, 0x8e, 0x78, 0x7a, 0x17, 0xc6,
    0xfe, 0xdd, 0xd7, 0xd7, 0xfe, 0xad, 0x9e, 0xa0, 0xfe, 0x88, 0x71, 0x74,
    0x85, 0x8c, 0x36, 0xcc, 0xfe, 0x8e, 0x79, 0x7b, 0x17, 0xc5, 0xfe, 0x8f,
    0x7a, 0x7c, 0x36, 0xc7, 0xfe, 0xc3, 0xb8, 0xb9, 0x17, 0xc4, 0xfe, 0xbf,
    0xb3, 0xb5, 0x36, 0xc6, 0xa2, 0x88, 0xfe, 0xfd, 0xfd, 0xfd, 0x17, 0xc4,
    0xfe, 0x97, 0x83, 0x86, 0x36, 0xc1, 0xfe, 0xc5, 0xbb, 0xbc, 0x17, 0xc5,
    0x9a, 0x89, 0xfe, 0xc7, 0xbc, 0xbd, 0xfe, 0x9e, 0x8b, 0x8d, 0xfe, 0x7c,
    0x63, 0x66, 0x36, 0xfd, 0xfd, 0xfd, 0xfd, 0xfd, 0xfd, 0xfd, 0xfd, 0xfd,
    0xfd, 0xfd, 0xfd, 0xfd, 0xc1, 0xff, 0x6b, 0x52, 0x58, 0x29, 0xff, 0x6d,
    0x55, 0x55, 0x34, 0xff, 0x70, 0x55, 0x58, 0xff, 0xfd, 0xce, 0xfe, 0xdc,
    0xd5, 0xd6, 0xfe, 0xfe, 0xfe, 0xfe, 0xc4, 0x89, 0x9c, 0x36, 0xc3, 0xfe,
    0x9a, 0x87, 0x8a, 0x17, 0xc5, 0xfe, 0xbe, 0xb2, 0xb3, 0x36, 0xc9, 0xfe,
    0xb9, 0xac, 0xad, 0x17, 0xc4, 0x93, 0x8a, 0x36, 0xc4, 0xfe, 0x8c, 0x77,
    0x79, 0x17, 0xc5, 0xfe, 0x91, 0x7d, 0x7f, 0x36, 0xc5, 0xfe, 0xa9, 0x99,
    0x9b, 0x17, 0xc5, 0xfe, 0x75, 0x5b, 0x5e, 0x36, 0xc2, 0xa8, 0x87, 0xfe,
    0xfc, 0xfc, 0xfc, 0x17, 0xc8, 0x99, 0x89, 0x83, 0x9d, 0x81, 0x8c, 0xfe,
    0xaa, 0x99, 0x9b, 0xfe, 0x88, 0x71, 0x74, 0x36, 0xc8, 0xfe, 0x8e, 0x79,
    0x7b, 0x17, 0xc5, 0xfe, 0x8f, 0x7a, 0x7c, 0x36, 0xc7, 0xfe, 0xe1, 0xdb,
    0xdc, 0x17, 0xc4, 0x94, 0x8a, 0x95, 0x89, 0xc7, 0x17, 0xc5, 0xfe, 0xa6,
    0x95, 0x97, 0x36, 0xc1, 0xfe, 0xac, 0x9c, 0x9e, 0x17, 0xc9, 0x8d, 0x9b,
    0x83, 0x8d, 0x80, 0x8d, 0xfe, 0x9d, 0x8a, 0x8c, 0xfe, 0x7b, 0x61, 0x64,
    0x36, 0xfd, 0xfd, 0xfd, 0xfd, 0xfd, 0xfd, 0xfd, 0xfd, 0xfd, 0xfd, 0xfd,
    0xfd, 0xfa, 0xff, 0x6b, 0x52, 0x58, 0x29, 0xff, 0x6d, 0x55, 0x55, 0x34,
    0xff, 0x70, 0x55, 0x58, 0xff, 0xfd, 0xcd, 0xb4, 0x85, 0xfe, 0xfe, 0xfe,
    0xfe, 0xc5, 0xfe, 0xbb, 0xaf, 0xb0, 0x36, 0xc3, 0xa4, 0x87, 0xfe, 0xf6,
    0xf4, 0xf4, 0x17, 0xc4, 0x8f, 0x9b, 0xfe, 0x72, 0x57, 0x5a, 0x36, 0xc8,
    0xfe, 0xb9, 0xac, 0xad, 0x17, 0xc4, 0x93, 0x8a, 0x36, 0xc4, 0xfe, 0x8c,
    0x77, 0x79, 0x17, 0xc5, 0xfe, 0x91, 0x7d, 0x7f, 0x36, 0xc5, 0xfe, 0xa9,
    0x99, 0x9b, 0x17, 0xc5, 0xfe, 0x75, 0x5b, 0x5e, 0x36, 0xc3, 0xfe, 0xd2,
    0xca, 0xcb, 0x17, 0xcd, 0x88, 0x8c, 0xfe, 0xb1, 0xa2, 0xa4, 0xfe, 0x76,
    0x5c, 0x5f, 0x36, 0xc5, 0xfe, 0x8e, 0x79, 0x7b, 0x17, 0xc5, 0xfe, 0x8f,
    0x7a, 0x7c, 0x36, 0xc7, 0xfe, 0xf4, 0xf2, 0xf2, 0x17, 0xd5, 0xfe, 0xac,
    0x9d, 0x9e, 0x36, 0xc1, 0xb2, 0x75, 0xfe, 0xfb, 0xfb, 0xfb, 0x17, 0xcc,
    0x9d, 0x89, 0xfe, 0xd6, 0xce, 0xcf, 0xfe, 0x95, 0x81, 0x83, 0x36, 0xfd,
    0xfd, 0xfd, 0xfd, 0xfd, 0xfd, 0xfd, 0xfd, 0xfd, 0xfd, 0xfd, 0xfd, 0xf8,
    0xff, 0x6b, 0x52, 0x58, 0x29, 0xff, 0x6d, 0x55, 0x55, 0x34, 0xff, 0x70,
    0x55, 0x58, 0xff, 0xfd, 0xcd, 0xfe, 0xb4, 0xa6, 0xa8, 0xfe, 0xfe, 0xfe,
    0xfe, 0xc5, 0xfe, 0x9d, 0x8a, 0x8c, 0x80, 0x9d, 0xc4, 0xfe, 0xd2, 0xca,
    0xcb, 0x17, 0xc5, 0xfe, 0x97, 0x83, 0x85, 0x36, 0xc8, 0xfe, 0xb9, 0xac,
    0xad, 0x17, 0xc4, 0x93, 0x8a, 0x36, 0xc4, 0xfe, 0x8c, 0x77, 0x79, 0x17,
    0xc5, 0xfe, 0x91, 0x7d, 0x7f, 0x36, 0xc5, 0xfe, 0xa9, 0x99, 0x9b, 0x17,
    0xc5, 0xfe, 0x75, 0x5b, 0x5e, 0x36, 0xc3, 0xbc, 0x84, 0xfe, 0xf9, 0xf9,
    0xf9, 0x17, 0xce, 0x89, 0x8b, 0xfe, 0x8a, 0x74, 0x77, 0x36, 0xc4, 0xfe,
    0x8e, 0x79, 0x7b, 0x17, 0xc5, 0xfe, 0x8f, 0x7a, 0x7c, 0x36, 0xc7, 0xfe,
    0xfd, 0xfd, 0xfd, 0x17, 0xd5, 0xfe, 0xaf, 0x9f, 0xa1, 0x36, 0xc2, 0xfe,
    0xbb, 0xae, 0xaf, 0x17, 0xcf, 0xfe, 0xc9, 0xbf, 0xc0, 0xfe, 0x73, 0x59,
    0x5c, 0x36, 0xfd, 0xfd, 0xfd, 0xfd, 0xfd, 0xfd, 0xfd, 0xfd, 0xfd, 0xfd,
    0xfd, 0xfd, 0xf6, 0xff, 0x6b, 0x52, 0x58, 0x29, 0xff, 0x6d, 0x55, 0x55,
    0x34, 0xff, 0x70, 0x55, 0x58, 0xff, 0xfd, 0xcd, 0xfe, 0xe7, 0xe3, 0xe3,
    0xbb, 0x84, 0xd4, 0xfe, 0xca, 0xc0, 0xc1, 0x36, 0xc8, 0xfe, 0xb9, 0xac,
    0xad, 0x17, 0xc4, 0x93, 0x8a, 0x36, 0xc4, 0xfe, 0x8c, 0x77, 0x79, 0x17,
    0xc5, 0xfe, 0x92, 0x7d, 0x80, 0x36, 0xc5, 0xfe, 0xa9, 0x99, 0x9b, 0x17,
    0xc5, 0xfe, 0x75, 0x5b, 0x5e, 0x36, 0xc4, 0xfe, 0x9c, 0x89, 0x8b, 0xfe,
    0xfb, 0xfa, 0xfa, 0x17, 0xce, 0x94, 0x8a, 0xfe, 0x81, 0x69, 0x6c, 0x36,
    0xc3, 0xfe, 0x8e, 0x79, 0x7b, 0x17, 0xc5, 0xfe, 0x8f, 0x7a, 0x7c, 0x36,
    0xc6, 0xa2, 0x88, 0x17, 0xd6, 0xfe, 0xaf, 0x9f, 0xa1, 0x36, 0xc2, 0x14,
    0xfe, 0xcd, 0xc4, 0xc5, 0x17, 0xcf, 0xfe, 0xce, 0xc5, 0xc6, 0x36, 0xfd,
    0xfd, 0xfd, 0xfd, 0xfd, 0xfd, 0xfd, 0xfd, 0xfd, 0xfd, 0xfd, 0xfd, 0xf6,
    0xff, 0x6b, 0x52, 0x58, 0x29, 0xff, 0x6d, 0x55, 0x55, 0x34, 0xff, 0x70,
    0x55, 0x58, 0xff, 0xfd, 0xcc, 0xfe, 0x8c, 0x77, 0x79, 0xfe, 0xfe, 0xfe,
    0xfe, 0xd5, 0x99, 0x89, 0xfe, 0x76, 0x5c, 0x5f, 0x36, 0xc7, 0xfe, 0xb9,
    0xac, 0xad, 0x17, 0xc4, 0x93, 0x8a, 0x36, 0xc4, 0x07, 0x17, 0xc5, 0xfe,
    0x95, 0x81, 0x83, 0x36, 0xc5, 0xfe, 0xa9, 0x99, 0x9b, 0x17, 0xc5, 0xfe,
    0x75, 0x5b, 0x5e, 0x36, 0xc5, 0xbc, 0x84, 0xfe, 0xda, 0xd3, 0xd3, 0x17,
    0xce, 0xfe, 0xd1, 0xc8, 0xc9, 0x36, 0xc3, 0xfe, 0x8e, 0x79, 0x7b, 0x17,
    0xc5, 0xfe, 0x8f, 0x7a, 0x7c, 0x36, 0xc7, 0xfe, 0xfb, 0xfb, 0xfb, 0x17,
    0xc4, 0xfe, 0xe1, 0xdc, 0xdd, 0xfe, 0xc2, 0xb7, 0xb8, 0xce, 0xfe, 0x94,
    0x80, 0x82, 0x36, 0xc4, 0xfe, 0xa8, 0x97, 0x99, 0xfe, 0xf0, 0xed, 0xee,
    0x17, 0xce, 0xfe, 0x99, 0x85, 0x88, 0x36, 0xfd, 0xfd, 0xfd, 0xfd, 0xfd,
    0xfd, 0xfd, 0xfd, 0xfd, 0xfd, 0xfd, 0xfd, 0xf5, 0xff, 0x6b, 0x52, 0x58,
    0x29, 0xff, 0x6d, 0x55, 0x55, 0x34, 0xff, 0x70, 0x55, 0x58, 0xff, 0xfd,
    0xcc, 0xfe, 0xc0, 0xb4, 0xb5, 0xfe, 0xfe, 0xfe, 0xfe, 0xd6, 0xfe, 0xa2,
    0x91, 0x93, 0x36, 0xc7, 0xfe, 0xb9, 0xac, 0xad, 0x17, 0xc4, 0x93, 0x8a,
    0x36, 0xc4, 0xfe, 0x8c, 0x77, 0x79, 0x17, 0xc5, 0xfe, 0x9c, 0x89, 0x8b,
    0x36, 0xc5, 0xfe, 0xa9, 0x99, 0x9b, 0x17, 0xc5, 0xfe, 0x75, 0x5b, 0x5e,
    0x36, 0xc7, 0xfe, 0x8c, 0x76, 0x79, 0xfe, 0xbd, 0xb1, 0xb2, 0xfe, 0xe5,
    0xe0, 0xe0, 0xbd, 0x83, 0x17, 0xca, 0x08, 0xfe, 0x7a, 0x61, 0x64, 0x36,
    0xc2, 0xfe, 0x8e, 0x79, 0x7b, 0x17, 0xc5, 0xfe, 0x90, 0x7b, 0x7d, 0x36,
    0xc7, 0xfe, 0xec, 0xe9, 0xe9, 0x17, 0xc4, 0xfe, 0xc9, 0xbf, 0xc0, 0x36,
    0xd6, 0xa5, 0x87, 0xfe, 0xa1, 0x8f, 0x91, 0xfe, 0xce, 0xc5, 0xc6, 0xfe,
    0xf1, 0xef, 0xef, 0x17, 0xcb, 0xfe, 0xd0, 0xc7, 0xc8, 0x36, 0xfd, 0xfd,
    0xfd, 0xfd, 0xfd, 0xfd, 0xfd, 0xfd, 0xfd, 0xfd, 0xfd, 0xfd, 0xf5, 0xff,
    0x6b, 0x52, 0x58, 0x29, 0xff, 0x6d, 0x55, 0x55, 0x34, 0xff, 0x70, 0x55,
    0x58, 0xff, 0xfd, 0xcb, 0xa2, 0x88, 0xfe, 0xf1, 0xef, 0xef, 0xaf, 0x86,
    0xd6, 0xfe, 0xd6, 0xce, 0xcf, 0x36, 0xc7, 0xfe, 0xb9, 0xac, 0xad, 0x17,
    0xc4, 0x93, 0x8a, 0x36, 0xc4, 0xfe, 0x8c, 0x77, 0x79, 0x17, 0xc5, 0xfe,
    0xac, 0x9d, 0x9e, 0x36, 0xc5, 0xfe, 0xa9, 0x99, 0x9b, 0x17, 0xc5, 0xfe,
    0x75, 0x5b, 0x5e, 0x36, 0xca, 0xa7, 0x87, 0xbd, 0x73, 0xbe, 0x83, 0xfe,
    0xc3, 0xb7, 0xb9, 0xfe, 0xe4, 0xdf, 0xdf, 0xbe, 0x83, 0x17, 0xc6, 0xfe,
    0x95, 0x81, 0x84, 0x36, 0xc2, 0x25, 0x17, 0xc5, 0xfe, 0x91, 0x7c, 0x7e,
    0x36, 0xc7, 0xfe, 0xd4, 0xcc, 0xcd, 0x17, 0xc4, 0x8e, 0x8b, 0xfe, 0x71,
    0x56, 0x59, 0x36, 0xd9, 0xb1, 0x85, 0xbf, 0x84, 0xbe, 0x62, 0xfe, 0xce,
    0xc5, 0xc6, 0xfe, 0xf2, 0xef, 0xef, 0x17, 0xc6, 0x8b, 0x8b, 0x36, 0xfd,
    0xfd, 0xfd, 0xfd, 0xfd, 0xfd, 0xfd, 0xfd, 0xfd, 0xfd, 0xfd, 0xfd, 0xf5,
    0xff, 0x6b, 0x52, 0x58, 0x29, 0xff, 0x6d, 0x55, 0x55, 0x34, 0xff, 0x70,
    0x55, 0x58, 0xff, 0xfd, 0xcb, 0xfe, 0x98, 0x85, 0x87, 0xfe, 0xfe, 0xfe,
    0xfe, 0xd7, 0x40, 0xfe, 0x7d, 0x64, 0x67, 0x36, 0xc6, 0xfe, 0xb9, 0xac,
    0xad, 0x17, 0xc4, 0x93, 0x8a, 0x36, 0xc4, 0xbe, 0x73, 0x17, 0xc5, 0xfe,
    0xd0, 0xc7, 0xc8, 0x36, 0xc5, 0xfe, 0xa9, 0x99, 0x9b, 0x17, 0xc5, 0xfe,
    0x75, 0x5b, 0x5e, 0x36, 0xc2, 0xbc, 0x84, 0xb8, 0x74, 0x36, 0xc9, 0xb6,
    0x74, 0xfe, 0xd8, 0xd1, 0xd1, 0x17, 0xc5, 0xfe, 0x9e, 0x8c, 0x8e, 0x36,
    0xc2, 0xfe, 0x8e, 0x79, 0x7b, 0x17, 0xc5, 0xfe, 0x99, 0x85, 0x88, 0x36,
    0xc7, 0xfe, 0xb1, 0xa2, 0xa4, 0x17, 0xc5, 0xfe, 0xa3, 0x91, 0x93, 0x36,
    0xcb, 0xa7, 0x87, 0xfe, 0xa6, 0x95, 0x97, 0x36, 0xc2, 0xfe, 0xa2, 0x90,
    0x92, 0xfe, 0x82, 0x6a, 0x6d, 0x36, 0xc8, 0x7f, 0xfe, 0x9a, 0x87, 0x8a,
    0xfe, 0xf7, 0xf6, 0xf6, 0x17, 0xc4, 0x95, 0x8a, 0x36, 0xfd, 0xfd, 0xfd,
    0xfd, 0xfd, 0xfd, 0xfd, 0xfd, 0xfd, 0xfd, 0xfd, 0xfd, 0xf5, 0xff, 0x6b,
    0x52, 0x58, 0x29, 0xff, 0x6d, 0x55, 0x55, 0x34, 0xff, 0x70, 0x55, 0x58,
    0xff, 0xfd, 0xcb, 0xfe, 0xcc, 0xc2, 0xc3, 0xfe, 0xfe, 0xfe, 0xfe, 0xc5,
    0xfe, 0xd3, 0xcb, 0xcc, 0x99, 0x89, 0xc8, 0xbf, 0x84, 0x17, 0xc5, 0xfe,
    0xae, 0x9f, 0xa0, 0x36, 0xc6, 0xfe, 0xb9, 0xac, 0xad, 0x17, 0xc4, 0x93,
    0x8a, 0x36, 0xc4, 0xb0, 0x86, 0x17, 0xc5, 0x40, 0xfe, 0x93, 0x7e, 0x80,
    0x36, 0xc2, 0x7f, 0xfe, 0x9a, 0x87, 0x8a, 0xfe, 0xe7, 0xe3, 0xe3, 0x17,
    0xc5, 0xfe, 0x75, 0x5b, 0x5e, 0x36, 0xc2, 0xfe, 0xa3, 0x92, 0x94, 0x17,
    0xfe, 0xd0, 0xc7, 0xc8, 0xfe, 0x82, 0x6a, 0x6d, 0x36, 0xc8, 0xfe, 0x9a,
    0x87, 0x89, 0x17, 0xc5, 0xfe, 0x95, 0x81, 0x84, 0x36, 0xc2, 0xbe, 0x73,
    0x17, 0xc5, 0xfe, 0xb7, 0xa9, 0xab, 0x36, 0xc7, 0xb4, 0x85, 0xfe, 0xfd,
    0xfd, 0xfd, 0x17, 0xc4, 0x97, 0x89, 0xfe, 0x90, 0x7b, 0x7e, 0x36, 0xc9,
    0xfe, 0x9f, 0x8d, 0x8f, 0xfe, 0xeb, 0xe8, 0xe8, 0xb6, 0x85, 0xfe, 0x72,
    0x57, 0x5a, 0x36, 0xc1, 0xfe, 0xdb, 0xd5, 0xd5, 0xfe, 0xf7, 0xf6, 0xf6,
    0xfe, 0xaf, 0x9f, 0xa1, 0xfe, 0x73, 0x59, 0x5c, 0x36, 0xc8, 0xfe, 0xd2,
    0xc9, 0xca, 0x17, 0xc4, 0x8b, 0x8b, 0x36, 0xfd, 0xfd, 0xfd, 0xfd, 0xfd,
    0xfd, 0xfd, 0xfd, 0xfd, 0xfd, 0xfd, 0xfd, 0xf5, 0xff, 0x6b, 0x52, 0x58,
    0x29, 0xff, 0x6d, 0x55, 0x55, 0x34, 0xff, 0x70, 0x55, 0x58, 0xff, 0xfd,
    0xca, 0xa8, 0x87, 0xfe, 0xf8, 0xf7, 0xf7, 0xa7, 0x87, 0xc4, 0x8b, 0x9c,
    0x36, 0xc9, 0xfe, 0x9c, 0x89, 0x8b, 0x17, 0xc5, 0xfe, 0xe1, 0xdc, 0xdd,
    0x36, 0xc6, 0xfe, 0xb9, 0xac, 0xad, 0x17, 0xc4, 0x93, 0x8a, 0x36, 0xc5,
    0xfe, 0xf6, 0xf5, 0xf5, 0xa9, 0x87, 0xc5, 0x40, 0xfe, 0xd6, 0xce, 0xcf,
    0x80, 0x8d, 0x9b, 0x88, 0xb6, 0x85, 0xfe, 0xef, 0xec, 0xec, 0x17, 0xc7,
    0xfe, 0x75, 0x5b, 0x5e, 0x36, 0xc2, 0xfe, 0xa3, 0x92, 0x94, 0x17, 0xc0,
    0x9d, 0x89, 0xfe, 0xcd, 0xc3, 0xc4, 0xfe, 0x97, 0x83, 0x86, 0xfe, 0x73,
    0x58, 0x5b, 0x36, 0xc5, 0xfe, 0xc5, 0xba, 0xbb, 0x17, 0xc4, 0x39, 0xfe,
    0x7a, 0x61, 0x64, 0x36, 0xc2, 0xad, 0x86, 0x17, 0xc5, 0x94, 0x8a, 0xfe,
    0x8a, 0x73, 0x76, 0x36, 0xc1, 0xa6, 0x88, 0xfe, 0x9e, 0x8c, 0x8e, 0xfe,
    0x78, 0x5e, 0x61, 0x97, 0x89, 0xc1, 0xfe, 0xcc, 0xc2, 0xc3, 0x17, 0xc5,
    0x9d, 0x89, 0xfe, 0xbf, 0xb3, 0xb5, 0xfe, 0x86, 0x6f, 0x71, 0x36, 0xc4,
    0xb4, 0x85, 0xfe, 0xb0, 0xa1, 0xa3, 0xfe, 0xe8, 0xe4, 0xe4, 0x17, 0xc1,
    0xfe, 0x72, 0x57, 0x5a, 0x36, 0xc1, 0xfe, 0xdb, 0xd5, 0xd5, 0x17, 0xc0,
    0x8f, 0x8a, 0x3a, 0xfe, 0x85, 0x6d, 0x70, 0x36, 0xc5, 0xb0, 0x86, 0x26,
    0x17, 0xc4, 0xfe, 0xce, 0xc5, 0xc6, 0x36, 0xfd, 0xfd, 0xfd, 0xfd, 0xfd,
    0xfd, 0xfd, 0xfd, 0xfd, 0xfd, 0xfd, 0xfd, 0xf5, 0xff, 0x6b, 0x52, 0x58,
    0x29, 0xff, 0x6d, 0x55, 0x55, 0x34, 0xff, 0x70, 0x55, 0x58, 0xff, 0xfd,
    0xca, 0xfe, 0xa4, 0x93, 0x95, 0xfe, 0xfe, 0xfe, 0xfe, 0xc5, 0xfe, 0xbd,
    0xb1, 0xb2, 0x36, 0xc9, 0xa5, 0x87, 0xfe, 0xf7, 0xf5, 0xf5, 0x17, 0xc5,
    0xfe, 0x87, 0x70, 0x73, 0x36, 0xc5, 0xfe, 0xb9, 0xac, 0xad, 0x17, 0xc4,
    0x93, 0x8a, 0x36, 0xc5, 0xfe, 0xd4, 0xcc, 0xcd, 0x17, 0xd4, 0xfe, 0x75,
    0x5b, 0x5e, 0x36, 0xc2, 0xfe, 0xa3, 0x92, 0x94, 0x17, 0xc3, 0x1e, 0xfe,
    0xd5, 0xcd, 0xcd, 0x81, 0x9d, 0x90, 0x9a, 0x9b, 0x89, 0xa6, 0x77, 0xb4,
    0x95, 0xfe, 0xe6, 0xe2, 0xe2, 0x17, 0xc5, 0xfe, 0xd0, 0xc7, 0xc8, 0x36,
    0xc4, 0xfe, 0xef, 0xec, 0xec, 0x17, 0xc5, 0x40, 0xfe, 0xdd, 0xd7, 0xd7,
    0x8f, 0x9b, 0xaf, 0x86, 0xfe, 0xf9, 0xf8, 0xf8, 0x17, 0xfe, 0x84, 0x6d,
    0x6f, 0x36, 0xc1, 0xb2, 0x75, 0xfe, 0xf5, 0xf3, 0xf3, 0x17, 0xc7, 0x91,
    0x8a, 0x84, 0x8d, 0x95, 0x9a, 0x20, 0xaa, 0x86, 0xb9, 0x74, 0x17, 0xc4,
    0xfe, 0x72, 0x57, 0x5a, 0x36, 0xc1, 0xfe, 0xdb, 0xd5, 0xd5, 0x17, 0xc3,
    0x88, 0x8c, 0xfe, 0xca, 0xc0, 0xc1, 0x86, 0x9c, 0x95, 0x8a, 0x41, 0xab,
    0x85, 0xbd, 0x74, 0xfe, 0xf6, 0xf5, 0xf5, 0xa9, 0x87, 0xc5, 0xfe, 0x98,
    0x85, 0x87, 0x36, 0xfd, 0xfd, 0xfd, 0xfd, 0xfd, 0xfd, 0xfd, 0xfd, 0xfd,
    0xfd, 0xfd, 0xfd, 0xf5, 0xff, 0x6b, 0x52, 0x58, 0x29, 0xff, 0x6d, 0x55,
    0x55, 0x34, 0xff, 0x70, 0x55, 0x58, 0xff, 0xfd, 0xca, 0xfe, 0xd7, 0xd0,
    0xd1, 0xfe, 0xfe, 0xfe, 0xfe, 0xc5, 0xfe, 0x8d, 0x77, 0x7a, 0x36, 0xca,
    0xfe, 0xcb, 0xc1, 0xc2, 0x17, 0xc5, 0xfe, 0xba, 0xad, 0xae, 0xfe, 0x70,
    0x55, 0x58, 0xc5, 0xfe, 0xb9, 0xac, 0xad, 0x17, 0xc4, 0x93, 0x8a, 0x36,
    0xc5, 0xfe, 0xa0, 0x8e, 0x90, 0x17, 0xd4, 0xfe, 0x75, 0x5b, 0x5e, 0x36,
    0xc2, 0xfe, 0xa3, 0x92, 0x94, 0x17, 0xd1, 0x96, 0x8a, 0xfe, 0x82, 0x6b,
    0x6d, 0x36, 0xc4, 0xfe, 0xc3, 0xb7, 0xb9, 0x17, 0xcb, 0xfe, 0x84, 0x6d,
    0x6f, 0x36, 0xc2, 0xfe, 0x97, 0x83, 0x85, 0xfe, 0xfb, 0xfb, 0xfb, 0x17,
    0xd2, 0xfe, 0x72, 0x57, 0x5a, 0x36, 0xc1, 0xfe, 0xdb, 0xd5, 0xd5, 0x17,
    0xd1, 0xfe, 0xd1, 0xc8, 0xc9, 0x36, 0xfd, 0xfd, 0xfd, 0xfd, 0xfd, 0xfd,
    0xfd, 0xfd, 0xfd, 0xfd, 0xfd, 0xfd, 0xf6, 0xff, 0x6b, 0x52, 0x58, 0x29,
    0xff, 0x6d, 0x55, 0x55, 0x34, 0xff, 0x70, 0x55, 0x58, 0xff, 0xfd, 0xc9,
    0xb0, 0x86, 0xfe, 0xfd, 0xfd, 0xfd, 0x7f, 0xc4, 0x8a, 0x8b, 0x36, 0xcb,
    0xfe, 0x9b, 0x88, 0x8a, 0x17, 0xc5, 0x8b, 0x9c, 0x36, 0xc5, 0xfe, 0xb9,
    0xac, 0xad, 0x17, 0xc4, 0x93, 0x8a, 0x36, 0xc5, 0x7f, 0xfe, 0xe0, 0xdb,
    0xdb, 0x17, 0xca, 0x40, 0xfe, 0xde, 0xd7, 0xd8, 0x17, 0xc5, 0xfe, 0x75,
    0x5b, 0x5e, 0x36, 0xc2, 0xfe, 0xa3, 0x92, 0x94, 0x17, 0xd0, 0x99, 0x89,
    0xfe, 0x94, 0x7f, 0x82, 0x36, 0xc5, 0xb6, 0x74, 0x35, 0x17, 0xca, 0xfe,
    0x84, 0x6d, 0x6f, 0x36, 0xc3, 0xfe, 0x98, 0x84, 0x86, 0xfe, 0xf5, 0xf3,
    0xf3, 0x17, 0xd1, 0xfe, 0x72, 0x57, 0x5a, 0x36, 0xc1, 0xfe, 0xdb, 0xd5,
    0xd5, 0x17, 0xd0, 0xfe, 0xdd, 0xd7, 0xd7, 0xfe, 0x77, 0x5d, 0x60, 0x36,
    0xfd, 0xfd, 0xfd, 0xfd, 0xfd, 0xfd, 0xfd, 0xfd, 0xfd, 0xfd, 0xfd, 0xfd,
    0xf6, 0xff, 0x6b, 0x52, 0x58, 0x29, 0xff, 0x6d, 0x55, 0x55, 0x34, 0xff,
    0x70, 0x55, 0x58, 0xff, 0xfd, 0xc9, 0xfe, 0xb0, 0xa1, 0xa2, 0xfe, 0xfe,
    0xfe, 0xfe, 0xc5, 0xfe, 0xbb, 0xaf, 0xb0, 0x36, 0xcb, 0xa4, 0x88, 0xfe,
    0xf6, 0xf4, 0xf4, 0x17, 0xc5, 0xfe, 0x92, 0x7d, 0x80, 0x36, 0xc4, 0xfe,
    0xbd, 0xb0, 0xb1, 0x17, 0xc4, 0x93, 0x8a, 0x36, 0xc6, 0xb4, 0x85, 0xfe,
    0xed, 0xea, 0xea, 0x17, 0xc8, 0x87, 0x8c, 0xfe, 0x8f, 0x79, 0x7c, 0xfe,
    0xa9, 0x99, 0x9b, 0x17, 0xc5, 0xfe, 0x75, 0x5b, 0x5e, 0x36, 0xc2, 0xfe,
    0x9a, 0x87, 0x8a, 0xfe, 0xfd, 0xfd, 0xfd, 0x17, 0xce, 0xfe, 0xe0, 0xdb,
    0xdb, 0xfe, 0x87, 0x70, 0x73, 0x36, 0xc7, 0xfe, 0x9c, 0x89, 0x8b, 0xfe,
    0xf9, 0xf9, 0xf9, 0x17, 0xc9, 0xfe, 0x84, 0x6d, 0x6f, 0x36, 0xc4, 0x0d,
    0xfe, 0xd3, 0xcb, 0xcc, 0x17, 0xcf, 0x8d, 0x9b, 0xfe, 0x71, 0x56, 0x59,
    0x36, 0xc1, 0xfe, 0xd1, 0xc8, 0xc9, 0x17, 0xce, 0x40, 0xfe, 0xbe, 0xb1,
    0xb3, 0x32, 0x36, 0xfd, 0xfd, 0xfd, 0xfd, 0xfd, 0xfd, 0xfd, 0xfd, 0xfd,
    0xfd, 0xfd, 0xfd, 0xf7, 0xff, 0x6b, 0x52, 0x58, 0x29, 0xff, 0x6d, 0x55,
    0x55, 0x34, 0xff, 0x70, 0x55, 0x58, 0xff, 0xfd, 0xc9, 0xfe, 0xe3, 0xde,
    0xde, 0xfe, 0xfe, 0xfe, 0xfe, 0xc5, 0xfe, 0x8b, 0x75, 0x78, 0x36, 0xcc,
    0xfe, 0xc9, 0xbf, 0xc0, 0x17, 0xc5, 0xfe, 0xc5, 0xbb, 0xbc, 0x36, 0xc4,
    0x33, 0x17, 0xc4, 0x93, 0x8a, 0x36, 0xc7, 0xae, 0x86, 0xfe, 0xce, 0xc5,
    0xc6, 0xfe, 0xfd, 0xfd, 0xfd, 0x17, 0xc4, 0x22, 0xfe, 0xb2, 0xa4, 0xa6,
    0xfe, 0x74, 0x59, 0x5c, 0x36, 0xfe, 0xa9, 0x99, 0x9b, 0x17, 0xc5, 0xfe,
    0x75, 0x5b, 0x5e, 0x36, 0xc3, 0xb4, 0x85, 0xfe, 0xb1, 0xa3, 0xa4, 0xfe,
    0xdc, 0xd6, 0xd7, 0xfe, 0xfb, 0xfb, 0xfb, 0x17, 0xc8, 0x9d, 0x89, 0xfe,
    0xd7, 0xcf, 0xd0, 0xfe, 0x9d, 0x8b, 0x8d, 0xfe, 0x71, 0x56, 0x59, 0x36,
    0xc9, 0xba, 0x74, 0xfe, 0xcc, 0xc3, 0xc4, 0xfe, 0xf9, 0xf9, 0xf9, 0x17,
    0xc6, 0x96, 0x8a, 0xfe, 0x81, 0x69, 0x6b, 0x36, 0xc6, 0xfe, 0x8c, 0x76,
    0x79, 0xfe, 0xc4, 0xb9, 0xbb, 0xfe, 0xf2, 0xf0, 0xf0, 0x17, 0xc9, 0x8e,
    0x8b, 0xfe, 0xc5, 0xba, 0xbb, 0xfe, 0x96, 0x82, 0x84, 0xfe, 0x72, 0x57,
    0x5a, 0x36, 0xc2, 0x05, 0xfe, 0x94, 0x7f, 0x82, 0xfe, 0xc3, 0xb7, 0xb9,
    0xfe, 0xeb, 0xe7, 0xe8, 0x17, 0xc9, 0x13, 0xfe, 0xc2, 0xb6, 0xb7, 0xfe,
    0x84, 0x6d, 0x6f, 0x88, 0x9c, 0xfd, 0xfd, 0xfd, 0xfd, 0xfd, 0xfd, 0xfd,
    0xfd, 0xfd, 0xfd, 0xfd, 0xfd, 0xf9, 0xff, 0x6b, 0x52, 0x58, 0x29, 0xff,
    0x6d, 0x55, 0x55, 0x34, 0xff, 0x70, 0x55, 0x58, 0xff, 0xfd, 0xef, 0xfe,
    0xdb, 0xd4, 0xd5, 0xfe, 0xfe, 0xfe, 0xfe, 0xc4, 0x91, 0x8b, 0x36, 0xc9,
    0xb5, 0x85, 0xfe, 0xaa, 0x9a, 0x9c, 0xbc, 0x74, 0xac, 0x86, 0x9b, 0x89,
    0x8e, 0x8a, 0xfe, 0x9a, 0x87, 0x8a, 0xfe, 0x74, 0x5a, 0x5d, 0x9b, 0x89,
    0xd2, 0xa6, 0x87, 0xfe, 0x90, 0x7b, 0x7e, 0xbc, 0x74, 0x18, 0xad, 0x86,
    0xa7, 0x87, 0x1c, 0x9a, 0x89, 0x95, 0x9a, 0x8e, 0x8b, 0x83, 0x8c, 0xfe,
    0x77, 0x5d, 0x60, 0x36, 0xce, 0xa6, 0x87, 0x06, 0xb9, 0x74, 0xae, 0x86,
    0xa4, 0x87, 0x22, 0x97, 0x8a, 0x8f, 0x8a, 0x86, 0x9c, 0x88, 0x8c, 0x36,
    0xca, 0xbc, 0x84, 0xfe, 0xa2, 0x91, 0x93, 0xb8, 0x85, 0xb0, 0x85, 0xa7,
    0x77, 0xa3, 0x87, 0x2f, 0x95, 0x8a, 0x8f, 0x9b, 0x89, 0x8b, 0xfe, 0x83,
    0x6b, 0x6e, 0x36, 0xca, 0xb1, 0x85, 0x38, 0x3c, 0xb1, 0x75, 0xac, 0x86,
    0x1c, 0x55, 0x99, 0x89, 0x92, 0x8a, 0x89, 0x9c, 0xfe, 0x8a, 0x74, 0x77,
    0x05, 0x36, 0xfd, 0xfd, 0xfd, 0xfd, 0xfd, 0xfd, 0xfd, 0xfd, 0xfd, 0xfd,
    0xfd, 0xfd, 0xfb, 0xff, 0x6b, 0x52, 0x58, 0x29, 0xff, 0x6d, 0x55, 0x55,
    0x34, 0xff, 0x70, 0x55, 0x58, 0xff, 0xfd, 0xee, 0xaa, 0x87, 0xfe, 0xf9,
    0xf9, 0xf9, 0xa5, 0x88, 0xc4, 0x89, 0x8b, 0x36, 0xfd, 0xfd, 0xfd, 0xfd,
    0xfd, 0xfd, 0xfd, 0xfd, 0xfd, 0xfd, 0xfd, 0xfd, 0xfd, 0xfd, 0xfb, 0xff,
    0x6b, 0x52, 0x58, 0x29, 0xff, 0x6d, 0x55, 0x55, 0x34, 0xff, 0x70, 0x55,
    0x58, 0xff, 0xfd, 0xe8, 0xab, 0x86, 0x36, 0xc2, 0xa3, 0x88, 0xfe, 0xc8,
    0xbe, 0xbf, 0xfe, 0xfe, 0xfe, 0xfe, 0xc5, 0xfe, 0xd7, 0xcf, 0xd0, 0x36,
    0xfd, 0xfd, 0xfd, 0xfd, 0xfd, 0xfd, 0xfd, 0xfd, 0xfd, 0xfd, 0xfd, 0xfd,
    0xfd, 0xfd, 0xfb, 0xff, 0x6b, 0x52, 0x58, 0x29, 0xff, 0x6d, 0x55, 0x55,
    0x34, 0xff, 0x70, 0x55, 0x58, 0xff, 0xfd, 0xe8, 0xfe, 0xdf, 0xd9, 0xd9,
    0xb4, 0x84, 0xfe, 0xd3, 0xcb, 0xcc, 0x8e, 0x8b, 0xa7, 0x87, 0xfe, 0xed,
    0xe9, 0xea, 0xb5, 0x74, 0xc6, 0xfe, 0xb3, 0xa5, 0xa6, 0x36, 0xfd, 0xfd,
    0xfd, 0xfd, 0xfd, 0xfd, 0xfd, 0xfd, 0xfd, 0xfd, 0xfd, 0xfd, 0xfd, 0xfd,
    0xfb, 0xff, 0x6b, 0x52, 0x58, 0x29, 0xff, 0x6d, 0x55, 0x55, 0x34, 0xff,
    0x70, 0x55, 0x58, 0xff, 0xfd, 0xe8, 0xfe, 0xdf, 0xd9, 0xd9, 0xfe, 0xfe,
    0xfe, 0xfe, 0xca, 0x9c, 0x89, 0xfe, 0x7f, 0x67, 0x69, 0x36, 0xfd, 0xfd,
    0xfd, 0xfd, 0xfd, 0xfd, 0xfd, 0xfd, 0xfd, 0xfd, 0xfd, 0xfd, 0xfd, 0xfd,
    0xfb, 0xff, 0x6b, 0x52, 0x58, 0x29, 0xff, 0x6d, 0x55, 0x55, 0x34, 0xff,
    0x70, 0x55, 0x58, 0xff, 0xfd, 0xe8, 0xfe, 0xdf, 0xd9, 0xd9, 0xfe, 0xfe,
    0xfe, 0xfe, 0xca, 0xfe, 0xb6, 0xa9, 0xaa, 0x36, 0xfd, 0xfd, 0xfd, 0xfd,
    0xfd, 0xfd, 0xfd, 0xfd, 0xfd, 0xfd, 0xfd, 0xfd, 0xfd, 0xfd, 0xfc, 0xff,
    0x6b, 0x52, 0x58, 0x29, 0xff, 0x6d, 0x55, 0x55, 0x34, 0xff, 0x70, 0x55,
    0x58, 0xff, 0xfd, 0xe8, 0xfe, 0xdf, 0xd9, 0xd9, 0xfe, 0xfe, 0xfe, 0xfe,
    0xc9, 0xfe, 0xcb, 0xc1, 0xc2, 0xfe, 0x72, 0x57, 0x5a, 0x36, 0xfd, 0xfd,
    0xfd, 0xfd, 0xfd, 0xfd, 0xfd, 0xfd, 0xfd, 0xfd, 0xfd, 0xfd, 0xfd, 0xfd,
    0xfc, 0xff, 0x6b, 0x52, 0x58, 0x29, 0xff, 0x6d, 0x55, 0x55, 0x34, 0xff,
    0x70, 0x55, 0x58, 0xff, 0xfd, 0xe8, 0xfe, 0xdf, 0xd9, 0xd9, 0xfe, 0xfe,
    0xfe, 0xfe, 0xc7, 0x98, 0x89, 0xfe, 0xb0, 0xa1, 0xa2, 0x36, 0xfd, 0xfd,
    0xfd, 0xfd, 0xfd, 0xfd, 0xfd, 0xfd, 0xfd, 0xfd, 0xfd, 0xfd, 0xfd, 0xfd,
    0xfd, 0xc0, 0xff, 0x6b, 0x52, 0x58, 0x29, 0xff, 0x6d, 0x55, 0x55, 0x34,
    0xff, 0x70, 0x55, 0x58, 0xff, 0xfd, 0xe8, 0xfe, 0x9f, 0x8d, 0x8f, 0xfe,
    0xc3, 0xb7, 0xb9, 0xb4, 0x74, 0xb0, 0x75, 0xac, 0x86, 0xa5, 0x88, 0xa2,
    0x88, 0x96, 0x89, 0x85, 0x9d, 0xfe, 0xac, 0x9c, 0x9e, 0xfe, 0x7b, 0x61,
    0x64, 0x36, 0xfd, 0xfd, 0xfd, 0xfd, 0xfd, 0xfd, 0xfd, 0xfd, 0xfd, 0xfd,
    0xfd, 0xfd, 0xfd, 0xfd, 0xfd, 0xc1, 0xff, 0x6b, 0x52, 0x58, 0x29, 0xff,
    0x6d, 0x55, 0x55, 0x34, 0xff, 0x70, 0x55, 0x58, 0xff, 0xfd, 0xfd, 0xfd,
    0xfd, 0xfd, 0xfd, 0xfd, 0xfd, 0xfd, 0xfd, 0xfd, 0xfd, 0xfd, 0xfd, 0xfd,
    0xfd, 0xf6, 0xff, 0x6b, 0x52, 0x58, 0x29, 0xff, 0x6d, 0x55, 0x55, 0x34,
    0xff, 0x70, 0x55, 0x58, 0xff, 0xfd, 0xfd, 0xfd, 0xfd, 0xfd, 0xfd, 0xfd,
    0xfd, 0xfd, 0xfd, 0xfd, 0xfd, 0xfd, 0xfd, 0xfd, 0xfd, 0xf6, 0xff, 0x6b,
    0x52, 0x58, 0x29, 0xff, 0x6d, 0x55, 0x55, 0x34, 0xff, 0x70, 0x55, 0x58,
    0xff, 0xfd, 0xfd, 0xfd, 0xfd, 0xfd, 0xfd, 0xfd, 0xfd, 0xfd, 0xfd, 0xfd,
    0xfd, 0xfd, 0xfd, 0xfd, 0xfd, 0xf6, 0xff, 0x6b, 0x52, 0x58, 0x29, 0xff,
    0x6d, 0x55, 0x55, 0x34, 0xff, 0x70, 0x55, 0x58, 0xff, 0xec, 0xab, 0x86,
    0xfe, 0x98, 0x85, 0x87, 0xba, 0x85, 0xb6, 0x84, 0xa8, 0x77, 0xa7, 0x86,
    0xfd, 0xfd, 0xfd, 0xea, 0x55, 0x98, 0x89, 0x96, 0x9b, 0x89, 0x8b, 0x81,
    0x9d, 0xfe, 0x73, 0x59, 0x5c, 0x36, 0xfd, 0xfd, 0xfd, 0xfd, 0xfd, 0xfd,
    0xfd, 0xfd, 0xfd, 0xfd, 0xfd, 0xfd, 0xcf, 0xff, 0x6b, 0x52, 0x58, 0x29,
    0xff, 0x6d, 0x55, 0x55, 0x34, 0xff, 0x70, 0x55, 0x58, 0xff, 0xe9, 0xae,
    0x86, 0xfe, 0xaf, 0x9f, 0xa1, 0xfe, 0xe0, 0xdb, 0xdb, 0xfe, 0xfd, 0xfd,
    0xfd, 0x7f, 0xfd, 0xfd, 0xfd, 0xf3, 0x99, 0x89, 0xfe, 0xd3, 0xcb, 0xcc,
    0xfe, 0xa0, 0x8e, 0x90, 0xfe, 0x74, 0x5a, 0x5d, 0x36, 0xfd, 0xfd, 0xfd,
    0xfd, 0xfd, 0xfd, 0xfd, 0xfd, 0xfd, 0xfd, 0xfd, 0xfd, 0xcc, 0xff, 0x6b,
    0x52, 0x58, 0x29, 0xff, 0x6d, 0x55, 0x55, 0x34, 0xff, 0x70, 0x55, 0x58,
    0xff, 0xe7, 0xb4, 0x85, 0xfe, 0xc4, 0xb9, 0xbb, 0xfe, 0xfa, 0xf9, 0xf9,
    0xa5, 0x87, 0xc2, 0x98, 0x89, 0x88, 0x8c, 0x95, 0x8a, 0x9a, 0x89, 0x65,
    0xfd, 0xfd, 0xfd, 0xe9, 0xa2, 0x88, 0xa7, 0x87, 0xaf, 0x75, 0xb7, 0x84,
    0x17, 0xc2, 0x91, 0x8a, 0xfe, 0xb2, 0xa3, 0xa5, 0xfe, 0x76, 0x5b, 0x5e,
    0x36, 0xfd, 0xfd, 0xfd, 0xfd, 0xfd, 0xfd, 0xfd, 0xfd, 0xfd, 0xfd, 0xfd,
    0xfd, 0xca, 0xff, 0x6b, 0x52, 0x58, 0x29, 0xff, 0x6d, 0x55, 0x55, 0x34,
    0xff, 0x70, 0x55, 0x58, 0xff, 0xe5, 0xa3, 0x88, 0xfe, 0xb4, 0xa6, 0xa8,
    0xfe, 0xf9, 0xf8, 0xf8, 0xa6, 0x87, 0xc0, 0x40, 0xfe, 0xd4, 0xcc, 0xcd,
    0xfe, 0xa6, 0x95, 0x97, 0xfe, 0x82, 0x6a, 0x6d, 0x36, 0xfd, 0xfd, 0xfd,
    0xf0, 0xa2, 0x88, 0xbf, 0x83, 0xfe, 0xb2, 0xa3, 0xa5, 0xfe, 0xe3, 0xdd,
    0xde, 0x17, 0xc1, 0x8b, 0x9c, 0xfe, 0x9a, 0x87, 0x8a, 0x36, 0xfd, 0xfd,
    0xfd, 0xfd, 0xfd, 0xfd, 0xfd, 0xfd, 0xfd, 0xfd, 0xfd, 0xfd, 0xc9, 0xff,
    0x6b, 0x52, 0x58, 0x29, 0xff, 0x6d, 0x55, 0x55, 0x34, 0xff, 0x70, 0x55,
    0x58, 0xff, 0xe4, 0xb2, 0x86, 0xfe, 0xde, 0xd7, 0xd8, 0xfe, 0xfe, 0xfe,
    0xfe, 0xc0, 0x99, 0x89, 0xfe, 0xbd, 0xb0, 0xb1, 0xfe, 0x7e, 0x65, 0x68,
    0x90, 0x8a, 0xfd, 0xfd, 0xfd, 0xf7, 0xfe, 0x8d, 0x77, 0x7a, 0xfe, 0xd1,
    0xc8, 0xc9, 0x17, 0xc1, 0xfe, 0xc2, 0xb7, 0xb8, 0xfe, 0x74, 0x59, 0x5c,
    0x36, 0xfd, 0xfd, 0xfd, 0xfd, 0xfd, 0xfd, 0xfd, 0xfd, 0xfd, 0xfd, 0xfd,
    0xfd, 0xc7, 0xff, 0x6b, 0x52, 0x58, 0x29, 0xff, 0x6d, 0x55, 0x55, 0x34,
    0xff, 0x70, 0x55, 0x58, 0xff, 0xe3, 0xfe, 0x8b, 0x75, 0x78, 0xfe, 0xf1,
    0xef, 0xef, 0xaf, 0x86, 0xc0, 0xfe, 0xd1, 0xc9, 0xca, 0xfe, 0x80, 0x68,
    0x6b, 0x36, 0xfd, 0xfd, 0xfd, 0xfb, 0xfe, 0x93, 0x7e, 0x80, 0xfe, 0xe8,
    0xe3, 0xe4, 0x17, 0xc0, 0xfe, 0xdb, 0xd4, 0xd5, 0xfe, 0x78, 0x5f, 0x62,
    0x36, 0xfd, 0xfd, 0xfd, 0xfd, 0xfd, 0xfd, 0xfd, 0xfd, 0xfd, 0xfd, 0xfd,
    0xfd, 0xc6, 0xff, 0x6b, 0x52, 0x58, 0x29, 0xff, 0x6d, 0x55, 0x55, 0x34,
    0xff, 0x70, 0x55, 0x58, 0xff, 0xe2, 0xfe, 0x8d, 0x77, 0x7a, 0xfe, 0xf7,
    0xf5, 0xf5, 0xa9, 0x86, 0x9c, 0x89, 0xfe, 0xaa, 0x9a, 0x9c, 0x36, 0xfd,
    0xfd, 0xfd, 0xfd, 0xc0, 0xa6, 0x88, 0xfe, 0xc9, 0xbf, 0xc0, 0x17, 0xc0,
    0xfe, 0xe3, 0xdd, 0xde, 0xfe, 0x78, 0x5f, 0x62, 0x36, 0xfd, 0xfd, 0xfd,
    0xfd, 0xfd, 0xfd, 0xfd, 0xfd, 0xfd, 0xfd, 0xfd, 0xfd, 0xc5, 0xff, 0x6b,
    0x52, 0x58, 0x29, 0xff, 0x6d, 0x55, 0x55, 0x34, 0xff, 0x70, 0x55, 0x58,
    0xff, 0xe1, 0xb7, 0x85, 0xfe, 0xf2, 0xf0, 0xf0, 0xae, 0x86, 0x98, 0x89,
    0xfe, 0x95, 0x81, 0x83, 0x36, 0xfd, 0xfd, 0xfd, 0xfd, 0xc3, 0xfe, 0xb6,
    0xa8, 0xaa, 0x17, 0xc0, 0xfe, 0xdb, 0xd4, 0xd5, 0xfe, 0x73, 0x59, 0x5c,
    0x36, 0xfd, 0xfd, 0xfd, 0xfd, 0xfd, 0xfd, 0xfd, 0xfd, 0xfd, 0xfd, 0xfd,
    0xfd, 0xc4, 0xff, 0x6b, 0x52, 0x58, 0x29, 0xff, 0x6d, 0x55, 0x55, 0x34,
    0xff, 0x70, 0x55, 0x58, 0xff, 0xe0, 0xa5, 0x87, 0xfe, 0xe3, 0xde, 0xde,
    0xfe, 0xfe, 0xfe, 0xfe, 0x9b, 0x89, 0xfe, 0x93, 0x7f, 0x81, 0x36, 0xfd,
    0xfd, 0xfd, 0xfd, 0xc5, 0xfe, 0xb7, 0xaa, 0xab, 0x17, 0xc0, 0xfe, 0xbf,
    0xb3, 0xb5, 0x36, 0xfd, 0xfd, 0xfd, 0xfd, 0xfd, 0xfd, 0xfd, 0xfd, 0xfd,
    0xfd, 0xfd, 0xfd, 0xc4, 0xff, 0x6b, 0x52, 0x58, 0x29, 0xff, 0x6d, 0x55,
    0x55, 0x34, 0xff, 0x70, 0x55, 0x58, 0xff, 0xe0, 0xfe, 0xbe, 0xb2, 0xb3,
    0xfe, 0xfe, 0xfe, 0xfe, 0xc0, 0xfe, 0xa3, 0x91, 0x93, 0x36, 0xfd, 0xfd,
    0xfd, 0xfd, 0xc7, 0xfe, 0xcb, 0xc1, 0xc2, 0x17, 0xc0, 0xfe, 0x97, 0x83,
    0x85, 0x36, 0xfd, 0xfd, 0xfd, 0xfd, 0xfd, 0xfd, 0xfd, 0xfd, 0xfd, 0xfd,
    0xfd, 0xfd, 0xc3, 0xff, 0x6b, 0x52, 0x58, 0x29, 0xff, 0x6d, 0x55, 0x55,
    0x34, 0xff, 0x70, 0x55, 0x58, 0xff, 0xdf, 0xbf, 0x83, 0xfe, 0xfc, 0xfc,
    0xfc, 0xa2, 0x88, 0xfe, 0xc8, 0xbd, 0xbe, 0x36, 0xfd, 0xfd, 0xfd, 0xfd,
    0xc8, 0xa8, 0x87, 0xfe, 0xea, 0xe6, 0xe6, 0x17, 0x0b, 0xfe, 0x74, 0x59,
    0x5c, 0x36, 0xfd, 0xfd, 0xfd, 0xfd, 0xfd, 0xfd, 0xfd, 0xfd, 0xfd, 0xfd,
    0xfd, 0xfd, 0xc2, 0xff, 0x6b, 0x52, 0x58, 0x29, 0xff, 0x6d, 0x55, 0x55,
    0x34, 0xff, 0x70, 0x55, 0x58, 0xff, 0xdf, 0xfe, 0xd5, 0xcd, 0xcd, 0xfe,
    0xfe, 0xfe, 0xfe, 0x92, 0x8a, 0xfe, 0x79, 0x60, 0x63, 0x36, 0xfd, 0xfd,
    0xfd, 0xfd, 0xc9, 0xfe, 0x96, 0x82, 0x84, 0x17, 0xc0, 0xfe, 0xac, 0x9c,
    0x9e, 0x36, 0xfd, 0xfd, 0xfd, 0xfd, 0xfd, 0xfd, 0xfd, 0xfd, 0xfd, 0xfd,
    0xfd, 0xfd, 0xc2, 0xff, 0x6b, 0x52, 0x58, 0x29, 0xff, 0x6d, 0x55, 0x55,
    0x34, 0xff, 0x70, 0x55, 0x58, 0xff, 0xde, 0xfe, 0x8b, 0x75, 0x77, 0xfe,
    0xfe, 0xfe, 0xfe, 0xc0, 0xfe, 0xad, 0x9e, 0xa0, 0x36, 0xfd, 0xfd, 0xfd,
    0xfd, 0xcb, 0xfe, 0xd6, 0xce, 0xcf, 0x17, 0x8d, 0x8b, 0xfe, 0x72, 0x57,
    0x5a, 0x36, 0xfd, 0xfd, 0xfd, 0xfd, 0xfd, 0xfd, 0xfd, 0xfd, 0xfd, 0xfd,
    0xfd, 0xfd, 0xc1, 0xff, 0x6b, 0x52, 0x58, 0x29, 0xff, 0x6d, 0x55, 0x55,
    0x34, 0xff, 0x70, 0x55, 0x58, 0xff, 0xde, 0xfe, 0xc2, 0xb7, 0xb8, 0xfe,
    0xfe, 0xfe, 0xfe, 0x93, 0x8a, 0xfe, 0x75, 0x5b, 0x5e, 0x36, 0xfd, 0xfd,
    0xfd, 0xfd, 0xcb, 0xfe, 0x93, 0x7e, 0x80, 0x17, 0xc0, 0xfe, 0x9a, 0x87,
    0x89, 0x36, 0xfd, 0xfd, 0xfd, 0xfd, 0xfd, 0xfd, 0xfd, 0xfd, 0xfd, 0xfd,
    0xfd, 0xfd, 0xc1, 0xff, 0x6b, 0x52, 0x58, 0x29, 0xff, 0x6d, 0x55, 0x55,
    0x34, 0xff, 0x70, 0x55, 0x58, 0xff, 0xdd, 0xa2, 0x88, 0xfe, 0xf3, 0xf1,
    0xf1, 0xad, 0x86, 0xfe, 0xc1, 0xb5, 0xb7, 0x36, 0xfd, 0xfd, 0xfd, 0xfd,
    0xcd, 0xfe, 0xea, 0xe6, 0xe6, 0x17, 0xfe, 0xcc, 0xc3, 0xc4, 0x36, 0xfd,
    0xfd, 0xfd, 0xfd, 0xfd, 0xfd, 0xfd, 0xfd, 0xfd, 0xfd, 0xfd, 0xfd, 0xc1,
    0xff, 0x6b, 0x52, 0x58, 0x29, 0xff, 0x6d, 0x55, 0x55, 0x34, 0xff, 0x70,
    0x55, 0x58, 0xff, 0xdd, 0xfe, 0x8e, 0x78, 0x7a, 0xfe, 0xfe, 0xfe, 0xfe,
    0xc0, 0xfe, 0x91, 0x7c, 0x7e, 0x36, 0xfd, 0xfd, 0xfd, 0xfd, 0xcd, 0xfe,
    0xba, 0xad, 0xae, 0x17, 0x93, 0x8a, 0xfe, 0x70, 0x55, 0x58, 0xfd, 0xfd,
    0xfd, 0xfd, 0xfd, 0xfd, 0xfd, 0xfd, 0xfd, 0xfd, 0xfd, 0xfd, 0xc1, 0xff,
    0x6b, 0x52, 0x58, 0x29, 0xff, 0x6d, 0x55, 0x55, 0x34, 0xff, 0x70, 0x55,
    0x58, 0xff, 0xdd, 0xfe, 0xb1, 0xa2, 0xa4, 0xfe, 0xfe, 0xfe, 0xfe, 0x99,
    0x89, 0xfe, 0x73, 0x58, 0x5b, 0x36, 0xfd, 0xfd, 0xfd, 0xfd, 0xcd, 0xfe,
    0x94, 0x80, 0x82, 0x17, 0xc0, 0xfe, 0x88, 0x71, 0x74, 0x36, 0xfd, 0xfd,
    0xfd, 0xfd, 0xfd, 0xfd, 0xfd, 0xfd, 0xfd, 0xfd, 0xfd, 0xfd, 0xc0, 0xff,
    0x6b, 0x52, 0x58, 0x29, 0xff, 0x6d, 0x55, 0x55, 0x34, 0xff, 0x70, 0x55,
    0x58, 0xff, 0xdd, 0xfe, 0xc8, 0xbe, 0xbf, 0xfe, 0xfe, 0xfe, 0xfe, 0xfe,
    0xde, 0xd7, 0xd8, 0x36, 0xfd, 0xfd, 0xfd, 0xfd, 0xce, 0xa9, 0x87, 0x17,
    0xc0, 0xfe, 0x9f, 0x8d, 0x8f, 0xfe, 0x70, 0x55, 0x58, 0xfd, 0xfd, 0xfd,
    0xfd, 0xfd, 0xfd, 0xfd, 0xfd, 0xfd, 0xfd, 0xfd, 0xfd, 0xc0, 0xff, 0x6b,
    0x52, 0x58, 0x29, 0xff, 0x6d, 0x55, 0x55, 0x34, 0xff, 0x70, 0x55, 0x58,
    0xff, 0xdd, 0xfe, 0xdc, 0xd6, 0xd7, 0xfe, 0xfe, 0xfe, 0xfe, 0xfe, 0xc8,
    0xbe, 0xbf, 0x36, 0xfd, 0xfd, 0xfd, 0xfd, 0xcf, 0xfe, 0xf1, 0xef, 0xef,
    0x17, 0xfe, 0xb4, 0xa5, 0xa7, 0x36, 0xfd, 0xfd, 0xfd, 0xfd, 0xfd, 0xfd,
    0xfd, 0xfd, 0xfd, 0xfd, 0xfd, 0xfd, 0xc0, 0xff, 0x6b, 0x52, 0x58, 0x29,
    0xff, 0x6d, 0x55, 0x55, 0x34, 0xff, 0x70, 0x55, 0x58, 0xff, 0xdd, 0xfe,
    0xe5, 0xe0, 0xe0, 0xbe, 0x83, 0xfe, 0xbd, 0xb1, 0xb2, 0x36, 0xfd, 0xfd,
    0xfd, 0xfd, 0xcf, 0xfe, 0xe6, 0xe1, 0xe2, 0x17, 0xfe, 0xbd, 0xb0, 0xb1,
    0x36, 0xfd, 0xfd, 0xfd, 0xfd, 0xfd, 0xfd, 0xfd, 0xfd, 0xfd, 0xfd, 0xfd,
    0xfd, 0xc0, 0xff, 0x6b, 0x52, 0x58, 0x29, 0xff, 0x6d, 0x55, 0x55, 0x34,
    0xff, 0x70, 0x55, 0x58, 0xff, 0xdd, 0xfe, 0xeb, 0xe8, 0xe8, 0xb6, 0x85,
    0xfe, 0xb6, 0xa9, 0xaa, 0x36, 0xfd, 0xfd, 0xfd, 0xfd, 0xcf, 0xfe, 0xdf,
    0xd9, 0xda, 0x17, 0xfe, 0xc3, 0xb7, 0xb9, 0x36, 0xfd, 0xfd, 0xfd, 0xfd,
    0xfd, 0xfd, 0xfd, 0xfd, 0xfd, 0xfd, 0xfd, 0xfd, 0xc0, 0xff, 0x6b, 0x52,
    0x58, 0x29, 0xff, 0x6d, 0x55, 0x55, 0x34, 0xff, 0x70, 0x55, 0x58, 0xff,
    0xdd, 0xfe, 0xed, 0xe9, 0xea, 0xb5, 0x74, 0xfe, 0xb6, 0xa8, 0xaa, 0x36,
    0xfd, 0xfd, 0xfd, 0xfd, 0xcf, 0xfe, 0xde, 0xd8, 0xd9, 0x17, 0xfe, 0xc4,
    0xb9, 0xba, 0x36, 0xfd, 0xfd, 0xfd, 0xfd, 0xfd, 0xfd, 0xfd, 0xfd, 0xfd,
    0xfd, 0xfd, 0xfd, 0xc0, 0xff, 0x6b, 0x52, 0x58, 0x29, 0xff, 0x6d, 0x55,
    0x55, 0x34, 0xff, 0x70, 0x55, 0x58, 0xff, 0xdd, 0xfe, 0xed, 0xe9, 0xea,
    0xb5, 0x74, 0xfe, 0xb6, 0xa8, 0xaa, 0x36, 0xfd, 0xfd, 0xfd, 0xfd, 0xcf,
    0xfe, 0xde, 0xd8, 0xd9, 0x17, 0xfe, 0xc4, 0xb9, 0xba, 0x36, 0xfd, 0xfd,
    0xfd, 0xfd, 0xfd, 0xfd, 0xfd, 0xfd, 0xfd, 0xfd, 0xfd, 0xfd, 0xc0, 0xff,
    0x6b, 0x52, 0x58, 0x29, 0xff, 0x6d, 0x55, 0x55, 0x34, 0xff, 0x70, 0x55,
    0x58, 0xff, 0xdd, 0xfe, 0xed, 0xe9, 0xea, 0xb5, 0x74, 0xfe, 0xb6, 0xa8,
    0xaa, 0x36, 0xfd, 0xfd, 0xfd, 0xfd, 0xcf, 0xfe, 0xde, 0xd8, 0xd9, 0x17,
    0xfe, 0xc4, 0xb9, 0xba, 0x36, 0xfd, 0xfd, 0xfd, 0xfd, 0xfd, 0xfd, 0xfd,
    0xfd, 0xfd, 0xfd, 0xfd, 0xfd, 0xc0, 0xff, 0x6b, 0x52, 0x58, 0x29, 0xff,
    0x6d, 0x55, 0x55, 0x34, 0xff, 0x70, 0x55, 0x58, 0xff, 0xdd, 0xfe, 0xed,
    0xe9, 0xea, 0xb5, 0x74, 0xfe, 0xb6, 0xa8, 0xaa, 0x36, 0xfd, 0xfd, 0xfd,
    0xfd, 0xcf, 0xfe, 0xde, 0xd8, 0xd9, 0x17, 0xfe, 0xc4, 0xb9, 0xba, 0x36,
    0xfd, 0xfd, 0xfd, 0xfd, 0xfd, 0xfd, 0xfd, 0xfd, 0xfd, 0xfd, 0xfd, 0xfd,
    0xc0, 0xff, 0x6b, 0x52, 0x58, 0x29, 0xff, 0x6d, 0x55, 0x55, 0x34, 0xff,
    0x70, 0x55, 0x58, 0xff, 0xdd, 0xfe, 0xed, 0xe9, 0xea, 0xb5, 0x74, 0xfe,
    0xb6, 0xa8, 0xaa, 0x36, 0xfd, 0xfd, 0xfd, 0xfd, 0xcf, 0xfe, 0xde, 0xd8,
    0xd9, 0x17, 0xfe, 0xc4, 0xb9, 0xba, 0x36, 0xfd, 0xfd, 0xfd, 0xfd, 0xfd,
    0xfd, 0xfd, 0xfd, 0xfd, 0xfd, 0xfd, 0xfd, 0xc0, 0xff, 0x6b, 0x52, 0x58,
    0x29, 0xff, 0x6d, 0x55, 0x55, 0x34, 0xff, 0x70, 0x55, 0x58, 0xff, 0xdd,
    0xfe, 0xed, 0xe9, 0xea, 0xb5, 0x74, 0xfe, 0xb6, 0xa8, 0xaa, 0x36, 0xfd,
    0xfd, 0xfd, 0xfd, 0xcf, 0xfe, 0xde, 0xd8, 0xd9, 0x17, 0xfe, 0xc4, 0xb9,
    0xba, 0x36, 0xfd, 0xfd, 0xfd, 0xfd, 0xfd, 0xfd, 0xfd, 0xfd, 0xfd, 0xfd,
    0xfd, 0xfd, 0xc0, 0xff, 0x6b, 0x52, 0x58, 0x29, 0xff, 0x6d, 0x55, 0x55,
    0x34, 0xff, 0x70, 0x55, 0x58, 0xff, 0xdd, 0xfe, 0xed, 0xe9, 0xea, 0xb5,
    0x74, 0xfe, 0xb6, 0xa8, 0xaa, 0x36, 0xfd, 0xfd, 0xfd, 0xfd, 0xcf, 0xfe,
    0xde, 0xd8, 0xd9, 0x17, 0xfe, 0xc4, 0xb9, 0xba, 0x36, 0xfd, 0xfd, 0xfd,
    0xfd, 0xfd, 0xfd, 0xfd, 0xfd, 0xfd, 0xfd, 0xfd, 0xfd, 0xc0, 0xff, 0x6b,
    0x52, 0x58, 0x29, 0xff, 0x6d, 0x55, 0x55, 0x34, 0xff, 0x70, 0x55, 0x58,
    0xff, 0xdd, 0xfe, 0xed, 0xe9, 0xea, 0xb5, 0x74, 0xfe, 0xb6, 0xa8, 0xaa,
    0x36, 0xfd, 0xfd, 0xfd, 0xfd, 0xcf, 0xfe, 0xde, 0xd8, 0xd9, 0x17, 0xfe,
    0xc4, 0xb9, 0xba, 0x36, 0xfd, 0xfd, 0xfd, 0xfd, 0xfd, 0xfd, 0xfd, 0xfd,
    0xfd, 0xfd, 0xfd, 0xfd, 0xc0, 0xff, 0x6b, 0x52, 0x58, 0x29, 0xff, 0x6d,
    0x55, 0x55, 0x34, 0xff, 0x70, 0x55, 0x58, 0xff, 0xdd, 0xfe, 0xed, 0xe9,
    0xea, 0xb5, 0x74, 0xfe, 0xb6, 0xa8, 0xaa, 0x36, 0xfd, 0xfd, 0xfd, 0xfd,
    0xcf, 0xfe, 0xde, 0xd8, 0xd9, 0x17, 0xfe, 0xc4, 0xb9, 0xba, 0x36, 0xfd,
    0xfd, 0xfd, 0xfd, 0xfd, 0xfd, 0xfd, 0xfd, 0xfd, 0xfd, 0xfd, 0xfd, 0xc0,
    0xff, 0x6b, 0x52, 0x58, 0x29, 0xff, 0x6d, 0x55, 0x55, 0x34, 0xff, 0x70,
    0x55, 0x58, 0xff, 0xdd, 0xfe, 0xed, 0xe9, 0xea, 0xb5, 0x74, 0xfe, 0xb6,
    0xa8, 0xaa, 0x36, 0xfd, 0xfd, 0xfd, 0xfd, 0xcf, 0xfe, 0xde, 0xd8, 0xd9,
    0x17, 0xfe, 0xc4, 0xb9, 0xba, 0x36, 0xfd, 0xfd, 0xfd, 0xfd, 0xfd, 0xfd,
    0xfd, 0xfd, 0xfd, 0xfd, 0xfd, 0xfd, 0xc0, 0xff, 0x6b, 0x52, 0x58, 0x29,
    0xff, 0x6d, 0x55, 0x55, 0x34, 0xff, 0x70, 0x55, 0x58, 0xff, 0xdd, 0xfe,
    0xed, 0xe9, 0xea, 0xb5, 0x74, 0xfe, 0xb6, 0xa8, 0xaa, 0x36, 0xfd, 0xfd,
    0xfd, 0xfd, 0xcf, 0xfe, 0xde, 0xd8, 0xd9, 0x17, 0xfe, 0xc4, 0xb9, 0xba,
    0x36, 0xfd, 0xfd, 0xfd, 0xfd, 0xfd, 0xfd, 0xfd, 0xfd, 0xfd, 0xfd, 0xfd,
    0xfd, 0xc0, 0xff, 0x6b, 0x52, 0x58, 0x29, 0xff, 0x6d, 0x55, 0x55, 0x34,
    0xff, 0x70, 0x55, 0x58, 0xff, 0xdd, 0xfe, 0xed, 0xe9, 0xea, 0xb5, 0x74,
    0xfe, 0xb6, 0xa8, 0xaa, 0x36, 0xfd, 0xfd, 0xfd, 0xfd, 0xcf, 0xfe, 0xde,
    0xd8, 0xd9, 0x17, 0xfe, 0xc4, 0xb9, 0xba, 0x36, 0xfd, 0xfd, 0xfd, 0xfd,
    0xfd, 0xfd, 0xfd, 0xfd, 0xfd, 0xfd, 0xfd, 0xfd, 0xc0, 0xff, 0x6b, 0x52,
    0x58, 0x29, 0xff, 0x6d, 0x55, 0x55, 0x34, 0xff, 0x70, 0x55, 0x58, 0xff,
    0xdd, 0xfe, 0xed, 0xe9, 0xea, 0xb5, 0x74, 0xfe, 0xb6, 0xa8, 0xaa, 0x36,
    0xfd, 0xfd, 0xfd, 0xfd, 0xcf, 0xfe, 0xde, 0xd8, 0xd9, 0x17, 0xfe, 0xc4,
    0xb9, 0xba, 0x36, 0xfd, 0xfd, 0xfd, 0xfd, 0xfd, 0xfd, 0xfd, 0xfd, 0xfd,
    0xfd, 0xfd, 0xfd, 0xc0, 0xff, 0x6b, 0x52, 0x58, 0x29, 0xff, 0x6d, 0x55,
    0x55, 0x34, 0xff, 0x70, 0x55, 0x58, 0xff, 0xdd, 0xfe, 0xed, 0xe9, 0xea,
    0xb5, 0x74, 0xfe, 0xb6, 0xa8, 0xaa, 0x36, 0xfd, 0xfd, 0xfd, 0xfd, 0xcf,
    0xfe, 0xde, 0xd8, 0xd9, 0x17, 0xfe, 0xc4, 0xb9, 0xba, 0x36, 0xfd, 0xfd,
    0xfd, 0xfd, 0xfd, 0xfd, 0xfd, 0xfd, 0xfd, 0xfd, 0xfd, 0xfd, 0xc0, 0xff,
    0x6b, 0x52, 0x58, 0x29, 0xff, 0x6d, 0x55, 0x55, 0x34, 0xff, 0x70, 0x55,
    0x58, 0xff, 0xdd, 0xfe, 0xed, 0xe9, 0xea, 0xb5, 0x74, 0xfe, 0xb6, 0xa8,
    0xaa, 0x36, 0xfd, 0xfd, 0xfd, 0xfd, 0xcf, 0xfe, 0xde, 0xd8, 0xd9, 0x17,
    0xfe, 0xc4, 0xb9, 0xba, 0x36, 0xfd, 0xfd, 0xfd, 0xfd, 0xfd, 0xfd, 0xfd,
    0xfd, 0xfd, 0xfd, 0xfd, 0xfd, 0xc0, 0xff, 0x6b, 0x52, 0x58, 0x29, 0xff,
    0x6d, 0x55, 0x55, 0x34, 0xff, 0x70, 0x55, 0x58, 0xff, 0xdd, 0xfe, 0xed,
    0xe9, 0xea, 0xb5, 0x74, 0xfe, 0xb6, 0xa8, 0xaa, 0x36, 0xfd, 0xfd, 0xfd,
    0xfd, 0xcf, 0xfe, 0xde, 0xd8, 0xd9, 0x17, 0xfe, 0xc4, 0xb9, 0xba, 0x36,
    0xfd, 0xfd, 0xfd, 0xfd, 0xfd, 0xfd, 0xfd, 0xfd, 0xfd, 0xfd, 0xfd, 0xfd,
    0xc0, 0xff, 0x6b, 0x52, 0x58, 0x29, 0xff, 0x6d, 0x55, 0x55, 0x34, 0xff,
    0x70, 0x55, 0x58, 0xff, 0xdd, 0xfe, 0xed, 0xe9, 0xea, 0xb5, 0x74, 0xfe,
    0xb6, 0xa8, 0xaa, 0x36, 0xfd, 0xfd, 0xfd, 0xfd, 0xcf, 0xfe, 0xde, 0xd8,
    0xd9, 0x17, 0xfe, 0xc4, 0xb9, 0xba, 0x36, 0xfd, 0xfd, 0xfd, 0xfd, 0xfd,
    0xfd, 0xfd, 0xfd, 0xfd, 0xfd, 0xfd, 0xfd, 0xc0, 0xff, 0x6b, 0x52, 0x58,
    0x29, 0xff, 0x6d, 0x55, 0x55, 0x34, 0xff, 0x70, 0x55, 0x58, 0xff, 0xdd,
    0xfe, 0xed, 0xe9, 0xea, 0xb5, 0x74, 0xfe, 0xb6, 0xa8, 0xaa, 0x36, 0xfd,
    0xfd, 0xfd, 0xfd, 0xcf, 0xfe, 0xde, 0xd8, 0xd9, 0x17, 0xfe, 0xc4, 0xb9,
    0xba, 0x36, 0xfd, 0xfd, 0xfd, 0xfd, 0xfd, 0xfd, 0xfd, 0xfd, 0xfd, 0xfd,
    0xfd, 0xfd, 0xc0, 0xff, 0x6b, 0x52, 0x58, 0x29, 0xff, 0x6d, 0x55, 0x55,
    0x34, 0xff, 0x70, 0x55, 0x58, 0xff, 0xdd, 0xfe, 0xed, 0xe9, 0xea, 0xb5,
    0x74, 0xfe, 0xb6, 0xa8, 0xaa, 0x36, 0xfd, 0xfd, 0xfd, 0xfd, 0xcf, 0xfe,
    0xde, 0xd8, 0xd9, 0x17, 0xfe, 0xc4, 0xb9, 0xba, 0x36, 0xfd, 0xfd, 0xfd,
    0xfd, 0xfd, 0xfd, 0xfd, 0xfd, 0xfd, 0xfd, 0xfd, 0xfd, 0xc0, 0xff, 0x6b,
    0x52, 0x58, 0x29, 0xff, 0x6d, 0x55, 0x55, 0x34, 0xff, 0x70, 0x55, 0x58,
    0xff, 0xdd, 0xfe, 0xed, 0xe9, 0xea, 0xb5, 0x74, 0xfe, 0xb6, 0xa8, 0xaa,
    0x36, 0xfd, 0xfd, 0xfd, 0xfd, 0xcf, 0xfe, 0xde, 0xd8, 0xd9, 0x17, 0xfe,
    0xc4, 0xb9, 0xba, 0x36, 0xfd, 0xfd, 0xfd, 0xfd, 0xfd, 0xfd, 0xfd, 0xfd,
    0xfd, 0xfd, 0xfd, 0xfd, 0xc0, 0xff, 0x6b, 0x52, 0x58, 0x29, 0xff, 0x6d,
    0x55, 0x55, 0x34, 0xff, 0x70, 0x55, 0x58, 0xff, 0xdd, 0xfe, 0xed, 0xe9,
    0xea, 0xb5, 0x74, 0xfe, 0xb6, 0xa8, 0xaa, 0x36, 0xfd, 0xfd, 0xfd, 0xfd,
    0xcf, 0xfe, 0xde, 0xd8, 0xd9, 0x17, 0xfe, 0xc4, 0xb9, 0xba, 0x36, 0xfd,
    0xfd, 0xfd, 0xfd, 0xfd, 0xfd, 0xfd, 0xfd, 0xfd, 0xfd, 0xfd, 0xfd, 0xc0,
    0xff, 0x6b, 0x52, 0x58, 0x29, 0xff, 0x6d, 0x55, 0x55, 0x34, 0xff, 0x70,
    0x55, 0x58, 0xff, 0xdd, 0xfe, 0xed, 0xe9, 0xea, 0xb5, 0x74, 0xfe, 0xb6,
    0xa8, 0xaa, 0x36, 0xfd, 0xfd, 0xfd, 0xfd, 0xcf, 0xfe, 0xde, 0xd8, 0xd9,
    0x17, 0xfe, 0xc4, 0xb9, 0xba, 0x36, 0xfd, 0xfd, 0xfd, 0xfd, 0xfd, 0xfd,
    0xfd, 0xfd, 0xfd, 0xfd, 0xfd, 0xfd, 0xc0, 0xff, 0x6b, 0x52, 0x58, 0x29,
    0xff, 0x6d, 0x55, 0x55, 0x34, 0xff, 0x70, 0x55, 0x58, 0xff, 0xdd, 0xfe,
    0xed, 0xe9, 0xea, 0xb5, 0x74, 0xfe, 0xb6, 0xa8, 0xaa, 0x36, 0xfd, 0xfd,
    0xfd, 0xfd, 0xcf, 0xfe, 0xde, 0xd8, 0xd9, 0x17, 0xfe, 0xc4, 0xb9, 0xba,
    0x36, 0xfd, 0xfd, 0xfd, 0xfd, 0xfd, 0xfd, 0xfd, 0xfd, 0xfd, 0xfd, 0xfd,
    0xfd, 0xc0, 0xff, 0x6b, 0x52, 0x58, 0x29, 0xff, 0x6d, 0x55, 0x55, 0x34,
    0xff, 0x70, 0x55, 0x58, 0xff, 0xdd, 0xfe, 0xed, 0xe9, 0xea, 0xb5, 0x74,
    0xfe, 0xb6, 0xa8, 0xaa, 0x36, 0xfd, 0xfd, 0xfd, 0xfd, 0xcf, 0xfe, 0xde,
    0xd8, 0xd9, 0x17, 0xfe, 0xc4, 0xb9, 0xba, 0x36, 0xfd, 0xfd, 0xfd, 0xfd,
    0xfd, 0xfd, 0xfd, 0xfd, 0xfd, 0xfd, 0xfd, 0xfd, 0xc0, 0xff, 0x6b, 0x52,
    0x58, 0x29, 0xff, 0x6d, 0x55, 0x55, 0x34, 0xff, 0x70, 0x55, 0x58, 0xff,
    0xdd, 0xfe, 0xed, 0xe9, 0xea, 0xb5, 0x74, 0xfe, 0xb6, 0xa8, 0xaa, 0x36,
    0xfd, 0xfd, 0xfd, 0xfd, 0xcf, 0xfe, 0xde, 0xd8, 0xd9, 0x17, 0xfe, 0xc4,
    0xb9, 0xba, 0x36, 0xfd, 0xfd, 0xfd, 0xfd, 0xfd, 0xfd, 0xfd, 0xfd, 0xfd,
    0xfd, 0xfd, 0xfd, 0xc0, 0xff, 0x6b, 0x52, 0x58, 0x29, 0xff, 0x6d, 0x55,
    0x55, 0x34, 0xff, 0x70, 0x55, 0x58, 0xff, 0xdd, 0xfe, 0xed, 0xe9, 0xea,
    0xb5, 0x74, 0xfe, 0xb6, 0xa8, 0xaa, 0x36, 0xfd, 0xfd, 0xfd, 0xfd, 0xcf,
    0xfe, 0xde, 0xd8, 0xd9, 0x17, 0xfe, 0xc4, 0xb9, 0xba, 0x36, 0xfd, 0xfd,
    0xfd, 0xfd, 0xfd, 0xfd, 0xfd, 0xfd, 0xfd, 0xfd, 0xfd, 0xfd, 0xc0, 0xff,
    0x6b, 0x52, 0x58, 0x29, 0xff, 0x6d, 0x55, 0x55, 0x34, 0xff, 0x70, 0x55,
    0x58, 0xff, 0xdd, 0xfe, 0xed, 0xe9, 0xea, 0xb5, 0x74, 0xfe, 0xb6, 0xa8,
    0xaa, 0x36, 0xfd, 0xfd, 0xfd, 0xfd, 0xcf, 0xfe, 0xde, 0xd8, 0xd9, 0x17,
    0xfe, 0xc4, 0xb9, 0xba, 0x36, 0xfd, 0xfd, 0xfd, 0xfd, 0xfd, 0xfd, 0xfd,
    0xfd, 0xfd, 0xfd, 0xfd, 0xfd, 0xc0, 0xff, 0x6b, 0x52, 0x58, 0x29, 0xff,
    0x6d, 0x55, 0x55, 0x34, 0xff, 0x70, 0x55, 0x58, 0xff, 0xdd, 0xfe, 0xed,
    0xe9, 0xea, 0xb5, 0x74, 0xfe, 0xb6, 0xa8, 0xaa, 0x36, 0xfd, 0xfd, 0xfd,
    0xfd, 0xcf, 0xfe, 0xde, 0xd8, 0xd9, 0x17, 0xfe, 0xc4, 0xb9, 0xba, 0x36,
    0xfd, 0xfd, 0xfd, 0xfd, 0xfd, 0xfd, 0xfd, 0xfd, 0xfd, 0xfd, 0xfd, 0xfd,
    0xc0, 0xff, 0x6b, 0x52, 0x58, 0x29, 0xff, 0x6d, 0x55, 0x55, 0x34, 0xff,
    0x70, 0x55, 0x58, 0xff, 0xdd, 0xfe, 0xed, 0xe9, 0xea, 0xb5, 0x74, 0xfe,
    0xb6, 0xa8, 0xaa, 0x36, 0xfd, 0xfd, 0xfd, 0xfd, 0xcf, 0xfe, 0xde, 0xd8,
    0xd9, 0x17, 0xfe, 0xc4, 0xb9, 0xba, 0x36, 0xfd, 0xfd, 0xfd, 0xfd, 0xfd,
    0xfd, 0xfd, 0xfd, 0xfd, 0xfd, 0xfd, 0xfd, 0xc0, 0xff, 0x6b, 0x52, 0x58,
    0x29, 0xff, 0x6d, 0x55, 0x55, 0x34, 0xff, 0x70, 0x55, 0x58, 0xff, 0xdd,
    0xfe, 0xed, 0xe9, 0xea, 0xb5, 0x74, 0xfe, 0xb6, 0xa8, 0xaa, 0x36, 0xfd,
    0xfd, 0xfd, 0xfd, 0xcf, 0xfe, 0xde, 0xd8, 0xd9, 0x17, 0xfe, 0xc4, 0xb9,
    0xba, 0x36, 0xfd, 0xfd, 0xfd, 0xfd, 0xfd, 0xfd, 0xfd, 0xfd, 0xfd, 0xfd,
    0xfd, 0xfd, 0xc0, 0xff, 0x6b, 0x52, 0x58, 0x29, 0xff, 0x6d, 0x55, 0x55,
    0x34, 0xff, 0x70, 0x55, 0x58, 0xff, 0xdd, 0xfe, 0xed, 0xe9, 0xea, 0xb5,
    0x74, 0xfe, 0xb6, 0xa8, 0xaa, 0x36, 0xfd, 0xfd, 0xfd, 0xfd, 0xcf, 0xfe,
    0xde, 0xd8, 0xd9, 0x17, 0xfe, 0xc4, 0xb9, 0xba, 0x36, 0xfd, 0xfd, 0xfd,
    0xfd, 0xfd, 0xfd, 0xfd, 0xfd, 0xfd, 0xfd, 0xfd, 0xfd, 0xc0, 0xff, 0x6b,
    0x52, 0x58, 0x29, 0xff, 0x6d, 0x55, 0x55, 0x34, 0xff, 0x70, 0x55, 0x58,
    0xff, 0xdd, 0xfe, 0xed, 0xe9, 0xea, 0xb5, 0x74, 0xfe, 0xb6, 0xa8, 0xaa,
    0x36, 0xfd, 0xfd, 0xfd, 0xfd, 0xcf, 0xfe, 0xde, 0xd8, 0xd9, 0x17, 0xfe,
    0xc4, 0xb9, 0xba, 0x36, 0xfd, 0xfd, 0xfd, 0xfd, 0xfd, 0xfd, 0xfd, 0xfd,
    0xfd, 0xfd, 0xfd, 0xfd, 0xc0, 0xff, 0x6b, 0x52, 0x58, 0x29, 0xff, 0x6d,
    0x55, 0x55, 0x34, 0xff, 0x70, 0x55, 0x58, 0xff, 0xdd, 0xfe, 0xed, 0xe9,
    0xea, 0xb5, 0x74, 0xfe, 0xb6, 0xa8, 0xaa, 0x36, 0xfd, 0xfd, 0xfd, 0xfd,
    0xcf, 0xfe, 0xde, 0xd8, 0xd9, 0x17, 0xfe, 0xc4, 0xb9, 0xba, 0x36, 0xfd,
    0xfd, 0xfd, 0xfd, 0xfd, 0xfd, 0xfd, 0xfd, 0xfd, 0xfd, 0xfd, 0xfd, 0xc0,
    0xff, 0x6b, 0x52, 0x58, 0x29, 0xff, 0x6d, 0x55, 0x55, 0x34, 0xff, 0x70,
    0x55, 0x58, 0xff, 0xdd, 0xfe, 0xed, 0xe9, 0xea, 0xb5, 0x74, 0xfe, 0xb6,
    0xa8, 0xaa, 0x36, 0xfd, 0xfd, 0xfd, 0xfd, 0xcf, 0xfe, 0xde, 0xd8, 0xd9,
    0x17, 0xfe, 0xc4, 0xb9, 0xba, 0x36, 0xfd, 0xfd, 0xfd, 0xfd, 0xfd, 0xfd,
    0xfd, 0xfd, 0xfd, 0xfd, 0xfd, 0xfd, 0xc0, 0xff, 0x6b, 0x52, 0x58, 0x29,
    0xff, 0x6d, 0x55, 0x55, 0x34, 0xff, 0x70, 0x55, 0x58, 0xff, 0xdd, 0xfe,
    0xed, 0xe9, 0xea, 0xb5, 0x74, 0xfe, 0xb6, 0xa8, 0xaa, 0x36, 0xfd, 0xfd,
    0xfd, 0xfd, 0xcf, 0xfe, 0xde, 0xd8, 0xd9, 0x17, 0xfe, 0xc4, 0xb9, 0xba,
    0x36, 0xfd, 0xfd, 0xfd, 0xfd, 0xfd, 0xfd, 0xfd, 0xfd, 0xfd, 0xfd, 0xfd,
    0xfd, 0xc0, 0xff, 0x6b, 0x52, 0x58, 0x29, 0xff, 0x6d, 0x55, 0x55, 0x34,
    0xff, 0x70, 0x55, 0x58, 0xff, 0xdd, 0xfe, 0xed, 0xe9, 0xea, 0xb5, 0x74,
    0xfe, 0xb6, 0xa8, 0xaa, 0x36, 0xfd, 0xfd, 0xfd, 0xfd, 0xcf, 0xfe, 0xde,
    0xd8, 0xd9, 0x17, 0xfe, 0xc4, 0xb9, 0xba, 0x36, 0xfd, 0xfd, 0xfd, 0xfd,
    0xfd, 0xfd, 0xfd, 0xfd, 0xfd, 0xfd, 0xfd, 0xfd, 0xc0, 0xff, 0x6b, 0x52,
    0x58, 0x29, 0xff, 0x6d, 0x55, 0x55, 0x34, 0xff, 0x70, 0x55, 0x58, 0xff,
    0xdd, 0xfe, 0xed, 0xe9, 0xea, 0xb5, 0x74, 0xfe, 0xb6, 0xa8, 0xaa, 0x36,
    0xfd, 0xfd, 0xfd, 0xfd, 0xcf, 0xfe, 0xde, 0xd8, 0xd9, 0x17, 0xfe, 0xc4,
    0xb9, 0xba, 0x36, 0xfd, 0xfd, 0xfd, 0xfd, 0xfd, 0xfd, 0xfd, 0xfd, 0xfd,
    0xfd, 0xfd, 0xfd, 0xc0, 0xff, 0x6b, 0x52, 0x58, 0x29, 0xff, 0x6d, 0x55,
    0x55, 0x34, 0xff, 0x70, 0x55, 0x58, 0xff, 0xdd, 0xfe, 0xed, 0xe9, 0xea,
    0xb5, 0x74, 0xfe, 0xb6, 0xa8, 0xaa, 0x36, 0xfd, 0xfd, 0xfd, 0xfd, 0xcf,
    0xfe, 0xde, 0xd8, 0xd9, 0x17, 0xfe, 0xc4, 0xb9, 0xba, 0x36, 0xfd, 0xfd,
    0xfd, 0xfd, 0xfd, 0xfd, 0xfd, 0xfd, 0xfd, 0xfd, 0xfd, 0xfd, 0xc0, 0xff,
    0x6b, 0x52, 0x58, 0x29, 0xff, 0x6d, 0x55, 0x55, 0x34, 0xff, 0x70, 0x55,
    0x58, 0xff, 0xdd, 0xfe, 0xed, 0xe9, 0xea, 0xb5, 0x74, 0xfe, 0xb6, 0xa8,
    0xaa, 0x36, 0xfd, 0xfd, 0xfd, 0xfd, 0xcf, 0xfe, 0xde, 0xd8, 0xd9, 0x17,
    0xfe, 0xc4, 0xb9, 0xba, 0x36, 0xfd, 0xfd, 0xfd, 0xfd, 0xfd, 0xfd, 0xfd,
    0xfd, 0xfd, 0xfd, 0xfd, 0xfd, 0xc0, 0xff, 0x6b, 0x52, 0x58, 0x29, 0xff,
    0x6d, 0x55, 0x55, 0x34, 0xff, 0x70, 0x55, 0x58, 0xff, 0xdd, 0xfe, 0xed,
    0xe9, 0xea, 0xb5, 0x74, 0xfe, 0xb6, 0xa8, 0xaa, 0x36, 0xfd, 0xfd, 0xfd,
    0xfd, 0xcf, 0xfe, 0xde, 0xd8, 0xd9, 0x17, 0xfe, 0xc4, 0xb9, 0xba, 0x36,
    0xfd, 0xfd, 0xfd, 0xfd, 0xfd, 0xfd, 0xfd, 0xfd, 0xfd, 0xfd, 0xfd, 0xfd,
    0xc0, 0xff, 0x6b, 0x52, 0x58, 0x29, 0xff, 0x6d, 0x55, 0x55, 0x34, 0xff,
    0x70, 0x55, 0x58, 0xff, 0xdd, 0xfe, 0xed, 0xe9, 0xea, 0xb5, 0x74, 0xfe,
    0xb6, 0xa8, 0xaa, 0x36, 0xfd, 0xfd, 0xfd, 0xfd, 0xcf, 0xfe, 0xde, 0xd8,
    0xd9, 0x17, 0xfe, 0xc4, 0xb9, 0xba, 0x36, 0xfd, 0xfd, 0xfd, 0xfd, 0xfd,
    0xfd, 0xfd, 0xfd, 0xfd, 0xfd, 0xfd, 0xfd, 0xc0, 0xff, 0x6b, 0x52, 0x58,
    0x29, 0xff, 0x6d, 0x55, 0x55, 0x34, 0xff, 0x70, 0x55, 0x58, 0xff, 0xdd,
    0xfe, 0xed, 0xe9, 0xea, 0xb5, 0x74, 0xfe, 0xb6, 0xa8, 0xaa, 0x36, 0xfd,
    0xfd, 0xfd, 0xfd, 0xcf, 0xfe, 0xde, 0xd8, 0xd9, 0x17, 0xfe, 0xc4, 0xb9,
    0xba, 0x36, 0xfd, 0xfd, 0xfd, 0xfd, 0xfd, 0xfd, 0xfd, 0xfd, 0xfd, 0xfd,
    0xfd, 0xfd, 0xc0, 0xff, 0x6b, 0x52, 0x58, 0x29, 0xff, 0x6d, 0x55, 0x55,
    0x34, 0xff, 0x70, 0x55, 0x58, 0xff, 0xdd, 0xfe, 0xed, 0xe9, 0xea, 0xb5,
    0x74, 0xfe, 0xb6, 0xa8, 0xaa, 0x36, 0xfd, 0xfd, 0xfd, 0xfd, 0xcf, 0xfe,
    0xde, 0xd8, 0xd9, 0x17, 0xfe, 0xc4, 0xb9, 0xba, 0x36, 0xfd, 0xfd, 0xfd,
    0xfd, 0xfd, 0xfd, 0xfd, 0xfd, 0xfd, 0xfd, 0xfd, 0xfd, 0xc0, 0xff, 0x6b,
    0x52, 0x58, 0x29, 0xff, 0x6d, 0x55, 0x55, 0x34, 0xff, 0x70, 0x55, 0x58,
    0xff, 0xdd, 0xfe, 0xed, 0xe9, 0xea, 0xb5, 0x74, 0xfe, 0xb6, 0xa8, 0xaa,
    0x36, 0xfd, 0xfd, 0xfd, 0xfd, 0xcf, 0xfe, 0xde, 0xd8, 0xd9, 0x17, 0xfe,
    0xc4, 0xb9, 0xba, 0x36, 0xfd, 0xfd, 0xfd, 0xfd, 0xfd, 0xfd, 0xfd, 0xfd,
    0xfd, 0xfd, 0xfd, 0xfd, 0xc0, 0xff, 0x6b, 0x52, 0x58, 0x29, 0xff, 0x6d,
    0x55, 0x55, 0x34, 0xff, 0x70, 0x55, 0x58, 0xff, 0xdd, 0xfe, 0xed, 0xe9,
    0xea, 0xb5, 0x74, 0xfe, 0xb6, 0xa8, 0xaa, 0x36, 0xfd, 0xfd, 0xfd, 0xfd,
    0xcf, 0xfe, 0xde, 0xd8, 0xd9, 0x17, 0xfe, 0xc4, 0xb9, 0xba, 0x36, 0xfd,
    0xfd, 0xfd, 0xfd, 0xfd, 0xfd, 0xfd, 0xfd, 0xfd, 0xfd, 0xfd, 0xfd, 0xc0,
    0xff, 0x6b, 0x52, 0x58, 0x29, 0xff, 0x6d, 0x55, 0x55, 0x34, 0xff, 0x70,
    0x55, 0x58, 0xff, 0xdd, 0xfe, 0xed, 0xe9, 0xea, 0xb5, 0x74, 0xfe, 0xb6,
    0xa8, 0xaa, 0x36, 0xfd, 0xfd, 0xfd, 0xfd, 0xcf, 0xfe, 0xde, 0xd8, 0xd9,
    0x17, 0xfe, 0xc4, 0xb9, 0xba, 0x36, 0xfd, 0xfd, 0xfd, 0xfd, 0xfd, 0xfd,
    0xfd, 0xfd, 0xfd, 0xfd, 0xfd, 0xfd, 0xc0, 0xff, 0x6b, 0x52, 0x58, 0x29,
    0xff, 0x6d, 0x55, 0x55, 0x34, 0xff, 0x70, 0x55, 0x58, 0xff, 0xdd, 0xfe,
    0xed, 0xe9, 0xea, 0xb5, 0x74, 0xfe, 0xb6, 0xa8, 0xaa, 0x36, 0xfd, 0xfd,
    0xfd, 0xfd, 0xcf, 0xfe, 0xde, 0xd8, 0xd9, 0x17, 0xfe, 0xc4, 0xb9, 0xba,
    0x36, 0xfd, 0xfd, 0xfd, 0xfd, 0xfd, 0xfd, 0xfd, 0xfd, 0xfd, 0xfd, 0xfd,
    0xfd, 0xc0, 0xff, 0x6b, 0x52, 0x58, 0x29, 0xff, 0x6d, 0x55, 0x55, 0x34,
    0xff, 0x70, 0x55, 0x58, 0xff, 0xdd, 0xfe, 0xed, 0xe9, 0xea, 0xb5, 0x74,
    0xfe, 0xb6, 0xa8, 0xaa, 0x36, 0xfd, 0xfd, 0xfd, 0xfd, 0xcf, 0xfe, 0xde,
    0xd8, 0xd9, 0x17, 0xfe, 0xc4, 0xb9, 0xba, 0x36, 0xfd, 0xfd, 0xfd, 0xfd,
    0xfd, 0xfd, 0xfd, 0xfd, 0xfd, 0xfd, 0xfd, 0xfd, 0xc0, 0xff, 0x6b, 0x52,
    0x58, 0x29, 0xff, 0x6d, 0x55, 0x55, 0x34, 0xff, 0x70, 0x55, 0x58, 0xff,
    0xdd, 0xfe, 0xed, 0xe9, 0xea, 0xb5, 0x74, 0xfe, 0xb6, 0xa8, 0xaa, 0x36,
    0xfd, 0xfd, 0xfd, 0xfd, 0xcf, 0xfe, 0xde, 0xd8, 0xd9, 0x17, 0xfe, 0xc4,
    0xb9, 0xba, 0x36, 0xfd, 0xfd, 0xfd, 0xfd, 0xfd, 0xfd, 0xfd, 0xfd, 0xfd,
    0xfd, 0xfd, 0xfd, 0xc0, 0xff, 0x6b, 0x52, 0x58, 0x29, 0xff, 0x6d, 0x55,
    0x55, 0x34, 0xff, 0x70, 0x55, 0x58, 0xff, 0xdd, 0xfe, 0xed, 0xe9, 0xea,
    0xb5, 0x74, 0xfe, 0xb6, 0xa8, 0xaa, 0x36, 0xfd, 0xfd, 0xfd, 0xfd, 0xcf,
    0xfe, 0xde, 0xd8, 0xd9, 0x17, 0xfe, 0xc4, 0xb9, 0xba, 0x36, 0xfd, 0xfd,
    0xfd, 0xfd, 0xfd, 0xfd, 0xfd, 0xfd, 0xfd, 0xfd, 0xfd, 0xfd, 0xc0, 0xff,
    0x6b, 0x52, 0x58, 0x29, 0xff, 0x6d, 0x55, 0x55, 0x34, 0xff, 0x70, 0x55,
    0x58, 0xff, 0xdd, 0xfe, 0xed, 0xe9, 0xea, 0xb5, 0x74, 0xfe, 0xb6, 0xa8,
    0xaa, 0x36, 0xfd, 0xfd, 0xfd, 0xfd, 0xcf, 0xfe, 0xde, 0xd8, 0xd9, 0x17,
    0xfe, 0xc4, 0xb9, 0xba, 0x36, 0xfd, 0xfd, 0xfd, 0xfd, 0xfd, 0xfd, 0xfd,
    0xfd, 0xfd, 0xfd, 0xfd, 0xfd, 0xc0, 0xff, 0x6b, 0x52, 0x58, 0x29, 0xff,
    0x6d, 0x55, 0x55, 0x34, 0xff, 0x70, 0x55, 0x58, 0xff, 0xdd, 0xfe, 0xed,
    0xe9, 0xea, 0xb5, 0x74, 0xfe, 0xb6, 0xa8, 0xaa, 0x36, 0xfd, 0xfd, 0xfd,
    0xfd, 0xcf, 0xfe, 0xde, 0xd8, 0xd9, 0x17, 0xfe, 0xc4, 0xb9, 0xba, 0x36,
    0xfd, 0xfd, 0xfd, 0xfd, 0xfd, 0xfd, 0xfd, 0xfd, 0xfd, 0xfd, 0xfd, 0xfd,
    0xc0, 0xff, 0x6b, 0x52, 0x58, 0x29, 0xff, 0x6d, 0x55, 0x55, 0x34, 0xff,
    0x70, 0x55, 0x58, 0xff, 0xdd, 0xfe, 0xed, 0xe9, 0xea, 0xb5, 0x74, 0xfe,
    0xb6, 0xa8, 0xaa, 0x36, 0xfd, 0xfd, 0xfd, 0xfd, 0xcf, 0xfe, 0xde, 0xd8,
    0xd9, 0x17, 0xfe, 0xc4, 0xb9, 0xba, 0x36, 0xfd, 0xfd, 0xfd, 0xfd, 0xfd,
    0xfd, 0xfd, 0xfd, 0xfd, 0xfd, 0xfd, 0xfd, 0xc0, 0xff, 0x6b, 0x52, 0x58,
    0x29, 0xff, 0x6d, 0x55, 0x55, 0x34, 0xff, 0x70, 0x55, 0x58, 0xff, 0xdd,
    0xfe, 0xed, 0xe9, 0xea, 0xb5, 0x74, 0xfe, 0xb6, 0xa8, 0xaa, 0x36, 0xfd,
    0xfd, 0xfd, 0xfd, 0xcf, 0xfe, 0xde, 0xd8, 0xd9, 0x17, 0xfe, 0xc4, 0xb9,
    0xba, 0x36, 0xfd, 0xfd, 0xfd, 0xfd, 0xfd, 0xfd, 0xfd, 0xfd, 0xfd, 0xfd,
    0xfd, 0xfd, 0xc0, 0xff, 0x6b, 0x52, 0x58, 0x29, 0xff, 0x6d, 0x55, 0x55,
    0x34, 0xff, 0x70, 0x55, 0x58, 0xff, 0xdd, 0xfe, 0xed, 0xe9, 0xea, 0xb5,
    0x74, 0xfe, 0xb6, 0xa8, 0xaa, 0x36, 0xfd, 0xfd, 0xfd, 0xfd, 0xcf, 0xfe,
    0xde, 0xd8, 0xd9, 0x17, 0xfe, 0xc4, 0xb9, 0xba, 0x36, 0xfd, 0xfd, 0xfd,
    0xfd, 0xfd, 0xfd, 0xfd, 0xfd, 0xfd, 0xfd, 0xfd, 0xfd, 0xc0, 0xff, 0x6b,
    0x52, 0x58, 0x29, 0xff, 0x6d, 0x55, 0x55, 0x34, 0xff, 0x70, 0x55, 0x58,
    0xff, 0xdd, 0xfe, 0xed, 0xe9, 0xea, 0xb5, 0x74, 0xfe, 0xb6, 0xa8, 0xaa,
    0x36, 0xfd, 0xfd, 0xfd, 0xfd, 0xcf, 0xfe, 0xde, 0xd8, 0xd9, 0x17, 0xfe,
    0xc4, 0xb9, 0xba, 0x36, 0xfd, 0xfd, 0xfd, 0xfd, 0xfd, 0xfd, 0xfd, 0xfd,
    0xfd, 0xfd, 0xfd, 0xfd, 0xc0, 0xff, 0x6b, 0x52, 0x58, 0x29, 0xff, 0x6d,
    0x55, 0x55, 0x34, 0xff, 0x70, 0x55, 0x58, 0xff, 0xdd, 0xfe, 0xed, 0xe9,
    0xea, 0xb5, 0x74, 0xfe, 0xb6, 0xa8, 0xaa, 0x36, 0xfd, 0xfd, 0xfd, 0xfd,
    0xcf, 0xfe, 0xde, 0xd8, 0xd9, 0x17, 0xfe, 0xc4, 0xb9, 0xba, 0x36, 0xfd,
    0xfd, 0xfd, 0xfd, 0xfd, 0xfd, 0xfd, 0xfd, 0xfd, 0xfd, 0xfd, 0xfd, 0xc0,
    0xff, 0x6b, 0x52, 0x58, 0x29, 0xff, 0x6d, 0x55, 0x55, 0x34, 0xff, 0x70,
    0x55, 0x58, 0xff, 0xdd, 0xfe, 0xed, 0xe9, 0xea, 0xb5, 0x74, 0xfe, 0xb6,
    0xa8, 0xaa, 0x36, 0xfd, 0xfd, 0xfd, 0xfd, 0xcf, 0xfe, 0xde, 0xd8, 0xd9,
    0x17, 0xfe, 0xc4, 0xb9, 0xba, 0x36, 0xfd, 0xfd, 0xfd, 0xfd, 0xfd, 0xfd,
    0xfd, 0xfd, 0xfd, 0xfd, 0xfd, 0xfd, 0xc0, 0xff, 0x6b, 0x52, 0x58, 0x29,
    0xff, 0x6d, 0x55, 0x55, 0x34, 0xff, 0x70, 0x55, 0x58, 0xff, 0xdd, 0xfe,
    0xed, 0xe9, 0xea, 0xb5, 0x74, 0xfe, 0xb6, 0xa8, 0xaa, 0x36, 0xfd, 0xfd,
    0xfd, 0xfd, 0xcf, 0xfe, 0xde, 0xd8, 0xd9, 0x17, 0xfe, 0xc4, 0xb9, 0xba,
    0x36, 0xfd, 0xfd, 0xfd, 0xfd, 0xfd, 0xfd, 0xfd, 0xfd, 0xfd, 0xfd, 0xfd,
    0xfd, 0xc0, 0xff, 0x6b, 0x52, 0x58, 0x29, 0xff, 0x6d, 0x55, 0x55, 0x34,
    0xff, 0x70, 0x55, 0x58, 0xff, 0xdd, 0xfe, 0xed, 0xe9, 0xea, 0xb5, 0x74,
    0xfe, 0xb6, 0xa8, 0xaa, 0x36, 0xfd, 0xfd, 0xfd, 0xfd, 0xcf, 0xfe, 0xde,
    0xd8, 0xd9, 0x17, 0xfe, 0xc4, 0xb9, 0xba, 0x36, 0xfd, 0xfd, 0xfd, 0xfd,
    0xfd, 0xfd, 0xfd, 0xfd, 0xfd, 0xfd, 0xfd, 0xfd, 0xc0, 0xff, 0x6b, 0x52,
    0x58, 0x29, 0xff, 0x6d, 0x55, 0x55, 0x34, 0xff, 0x70, 0x55, 0x58, 0xff,
    0xdd, 0xfe, 0xed, 0xe9, 0xea, 0xb5, 0x74, 0xfe, 0xb6, 0xa8, 0xaa, 0x36,
    0xfd, 0xfd, 0xfd, 0xfd, 0xcf, 0xfe, 0xde, 0xd8, 0xd9, 0x17, 0xfe, 0xc4,
    0xb9, 0xba, 0x36, 0xfd, 0xfd, 0xfd, 0xfd, 0xfd, 0xfd, 0xfd, 0xfd, 0xfd,
    0xfd, 0xfd, 0xfd, 0xc0, 0xff, 0x6b, 0x52, 0x58, 0x29, 0xff, 0x6d, 0x55,
    0x55, 0x34, 0xff, 0x70, 0x55, 0x58, 0xff, 0xdd, 0xfe, 0xed, 0xe9, 0xea,
    0xb5, 0x74, 0xfe, 0xb6, 0xa8, 0xaa, 0x36, 0xfd, 0xfd, 0xfd, 0xfd, 0xcf,
    0xfe, 0xde, 0xd8, 0xd9, 0x17, 0xfe, 0xc4, 0xb9, 0xba, 0x36, 0xfd, 0xfd,
    0xfd, 0xfd, 0xfd, 0xfd, 0xfd, 0xfd, 0xfd, 0xfd, 0xfd, 0xfd, 0xc0, 0xff,
    0x6b, 0x52, 0x58, 0x29, 0xff, 0x6d, 0x55, 0x55, 0x34, 0xff, 0x70, 0x55,
    0x58, 0xff, 0xdd, 0xfe, 0xed, 0xe9, 0xea, 0xb5, 0x74, 0xfe, 0xb6, 0xa8,
    0xaa, 0x36, 0xfd, 0xfd, 0xfd, 0xfd, 0xcf, 0xfe, 0xde, 0xd8, 0xd9, 0x17,
    0xfe, 0xc4, 0xb9, 0xba, 0x36, 0xfd, 0xfd, 0xfd, 0xfd, 0xfd, 0xfd, 0xfd,
    0xfd, 0xfd, 0xfd, 0xfd, 0xfd, 0xc0, 0xff, 0x6b, 0x52, 0x58, 0x29, 0xff,
    0x6d, 0x55, 0x55, 0x34, 0xff, 0x70, 0x55, 0x58, 0xff, 0xdd, 0xfe, 0xed,
    0xe9, 0xea, 0xb5, 0x74, 0xfe, 0xb6, 0xa8, 0xaa, 0x36, 0xfd, 0xfd, 0xfd,
    0xfd, 0xcf, 0xfe, 0xde, 0xd8, 0xd9, 0x17, 0xfe, 0xc4, 0xb9, 0xba, 0x36,
    0xfd, 0xfd, 0xfd, 0xfd, 0xfd, 0xfd, 0xfd, 0xfd, 0xfd, 0xfd, 0xfd, 0xfd,
    0xc0, 0xff, 0x6b, 0x52, 0x58, 0x29, 0xff, 0x6d, 0x55, 0x55, 0x34, 0xff,
    0x70, 0x55, 0x58, 0xff, 0xdd, 0xfe, 0xed, 0xe9, 0xea, 0xb5, 0x74, 0xfe,
    0xb6, 0xa8, 0xaa, 0x36, 0xfd, 0xfd, 0xfd, 0xfd, 0xcf, 0xfe, 0xde, 0xd8,
    0xd9, 0x17, 0xfe, 0xc4, 0xb9, 0xba, 0x36, 0xfd, 0xfd, 0xfd, 0xfd, 0xfd,
    0xfd, 0xfd, 0xfd, 0xfd, 0xfd, 0xfd, 0xfd, 0xc0, 0xff, 0x6b, 0x52, 0x58,
    0x29, 0xff, 0x6d, 0x55, 0x55, 0x34, 0xff, 0x70, 0x55, 0x58, 0xff, 0xdd,
    0xfe, 0xed, 0xe9, 0xea, 0xb5, 0x74, 0xfe, 0xb6, 0xa8, 0xaa, 0x36, 0xfd,
    0xfd, 0xfd, 0xfd, 0xcf, 0xfe, 0xde, 0xd8, 0xd9, 0x17, 0xfe, 0xc4, 0xb9,
    0xba, 0x36, 0xfd, 0xfd, 0xfd, 0xfd, 0xfd, 0xfd, 0xfd, 0xfd, 0xfd, 0xfd,
    0xfd, 0xfd, 0xc0, 0xff, 0x6b, 0x52, 0x58, 0x29, 0xff, 0x6d, 0x55, 0x55,
    0x34, 0xff, 0x70, 0x55, 0x58, 0xff, 0xdd, 0xfe, 0xed, 0xe9, 0xea, 0xb5,
    0x74, 0xfe, 0xb6, 0xa8, 0xaa, 0x36, 0xfd, 0xfd, 0xfd, 0xfd, 0xcf, 0xfe,
    0xde, 0xd8, 0xd9, 0x17, 0xfe, 0xc4, 0xb9, 0xba, 0x36, 0xfd, 0xfd, 0xfd,
    0xfd, 0xfd, 0xfd, 0xfd, 0xfd, 0xfd, 0xfd, 0xfd, 0xfd, 0xc0, 0xff, 0x6b,
    0x52, 0x58, 0x29, 0xff, 0x6d, 0x55, 0x55, 0x34, 0xff, 0x70, 0x55, 0x58,
    0xff, 0xdd, 0xfe, 0xed, 0xe9, 0xea, 0xb5, 0x74, 0xfe, 0xb6, 0xa8, 0xaa,
    0x36, 0xfd, 0xfd, 0xfd, 0xfd, 0xcf, 0xfe, 0xde, 0xd8, 0xd9, 0x17, 0xfe,
    0xc4, 0xb9, 0xba, 0x36, 0xfd, 0xfd, 0xfd, 0xfd, 0xfd, 0xfd, 0xfd, 0xfd,
    0xfd, 0xfd, 0xfd, 0xfd, 0xc0, 0xff, 0x6b, 0x52, 0x58, 0x29, 0xff, 0x6d,
    0x55, 0x55, 0x34, 0xff, 0x70, 0x55, 0x58, 0xff, 0xdd, 0xfe, 0xed, 0xe9,
    0xea, 0xb5, 0x74, 0xfe, 0xb6, 0xa8, 0xaa, 0x36, 0xfd, 0xfd, 0xfd, 0xfd,
    0xcf, 0xfe, 0xde, 0xd8, 0xd9, 0x17, 0xfe, 0xc4, 0xb9, 0xba, 0x36, 0xfd,
    0xfd, 0xfd, 0xfd, 0xfd, 0xfd, 0xfd, 0xfd, 0xfd, 0xfd, 0xfd, 0xfd, 0xc0,
    0xff, 0x6b, 0x52, 0x58, 0x29, 0xff, 0x6d, 0x55, 0x55, 0x34, 0xff, 0x70,
    0x55, 0x58, 0xff, 0xdd, 0xfe, 0xed, 0xe9, 0xea, 0xb5, 0x74, 0xfe, 0xb6,
    0xa8, 0xaa, 0x36, 0xfd, 0xfd, 0xfd, 0xfd, 0xcf, 0xfe, 0xde, 0xd8, 0xd9,
    0x17, 0xfe, 0xc4, 0xb9, 0xba, 0x36, 0xfd, 0xfd, 0xfd, 0xfd, 0xfd, 0xfd,
    0xfd, 0xfd, 0xfd, 0xfd, 0xfd, 0xfd, 0xc0, 0xff, 0x6b, 0x52, 0x58, 0x29,
    0xff, 0x6d, 0x55, 0x55, 0x34, 0xff, 0x70, 0x55, 0x58, 0xff, 0xdd, 0xfe,
    0xed, 0xe9, 0xea, 0xb5, 0x74, 0xfe, 0xb6, 0xa8, 0xaa, 0x36, 0xfd, 0xfd,
    0xfd, 0xfd, 0xcf, 0xfe, 0xde, 0xd8, 0xd9, 0x17, 0xfe, 0xc4, 0xb9, 0xba,
    0x36, 0xfd, 0xfd, 0xfd, 0xfd, 0xfd, 0xfd, 0xfd, 0xfd, 0xfd, 0xfd, 0xfd,
    0xfd, 0xc0, 0xff, 0x6b, 0x52, 0x58, 0x29, 0xff, 0x6d, 0x55, 0x55, 0x34,
    0xff, 0x70, 0x55, 0x58, 0xff, 0xdd, 0xfe, 0xed, 0xe9, 0xea, 0xb5, 0x74,
    0xfe, 0xb6, 0xa8, 0xaa, 0x36, 0xfd, 0xfd, 0xfd, 0xfd, 0xcf, 0xfe, 0xde,
    0xd8, 0xd9, 0x17, 0xfe, 0xc4, 0xb9, 0xba, 0x36, 0xfd, 0xfd, 0xfd, 0xfd,
    0xfd, 0xfd, 0xfd, 0xfd, 0xfd, 0xfd, 0xfd, 0xfd, 0xc0, 0xff, 0x6b, 0x52,
    0x58, 0x29, 0xff, 0x6d, 0x55, 0x55, 0x34, 0xff, 0x70, 0x55, 0x58, 0xff,
    0xdd, 0xfe, 0xed, 0xe9, 0xea, 0xb5, 0x74, 0xfe, 0xb6, 0xa8, 0xaa, 0x36,
    0xfd, 0xfd, 0xfd, 0xfd, 0xcf, 0xfe, 0xde, 0xd8, 0xd9, 0x17, 0xfe, 0xc4,
    0xb9, 0xba, 0x36, 0xfd, 0xfd, 0xfd, 0xfd, 0xfd, 0xfd, 0xfd, 0xfd, 0xfd,
    0xfd, 0xfd, 0xfd, 0xc0, 0xff, 0x6b, 0x52, 0x58, 0x29, 0xff, 0x6d, 0x55,
    0x55, 0x34, 0xff, 0x70, 0x55, 0x58, 0xff, 0xdd, 0xfe, 0xed, 0xe9, 0xea,
    0xb5, 0x74, 0xfe, 0xb6, 0xa8, 0xaa, 0x36, 0xfd, 0xfd, 0xfd, 0xfd, 0xcf,
    0xfe, 0xde, 0xd8, 0xd9, 0x17, 0xfe, 0xc4, 0xb9, 0xba, 0x36, 0xfd, 0xfd,
    0xfd, 0xfd, 0xfd, 0xfd, 0xfd, 0xfd, 0xfd, 0xfd, 0xfd, 0xfd, 0xc0, 0xff,
    0x6b, 0x52, 0x58, 0x29, 0xff, 0x6d, 0x55, 0x55, 0x34, 0xff, 0x70, 0x55,
    0x58, 0xff, 0xdd, 0xfe, 0xed, 0xe9, 0xea, 0xb5, 0x74, 0xfe, 0xb6, 0xa8,
    0xaa, 0x36, 0xfd, 0xfd, 0xfd, 0xfd, 0xcf, 0xfe, 0xde, 0xd8, 0xd9, 0x17,
    0xfe, 0xc4, 0xb9, 0xba, 0x36, 0xfd, 0xfd, 0xfd, 0xfd, 0xfd, 0xfd, 0xfd,
    0xfd, 0xfd, 0xfd, 0xfd, 0xfd, 0xc0, 0xff, 0x6b, 0x52, 0x58, 0x29, 0xff,
    0x6d, 0x55, 0x55, 0x34, 0xff, 0x70, 0x55, 0x58, 0xff, 0xdd, 0xfe, 0xed,
    0xe9, 0xea, 0xb5, 0x74, 0xfe, 0xb6, 0xa8, 0xaa, 0x36, 0xfd, 0xfd, 0xfd,
    0xfd, 0xcf, 0xfe, 0xde, 0xd8, 0xd9, 0x17, 0xfe, 0xc4, 0xb9, 0xba, 0x36,
    0xfd, 0xfd, 0xfd, 0xfd, 0xfd, 0xfd, 0xfd, 0xfd, 0xfd, 0xfd, 0xfd, 0xfd,
    0xc0, 0xff, 0x6b, 0x52, 0x58, 0x29, 0xff, 0x6d, 0x55, 0x55, 0x34, 0xff,
    0x70, 0x55, 0x58, 0xff, 0xdd, 0xfe, 0xed, 0xe9, 0xea, 0xb5, 0x74, 0xfe,
    0xb6, 0xa8, 0xaa, 0x36, 0xfd, 0xfd, 0xfd, 0xfd, 0xcf, 0xfe, 0xde, 0xd8,
    0xd9, 0x17, 0xfe, 0xc4, 0xb9, 0xba, 0x36, 0xfd, 0xfd, 0xfd, 0xfd, 0xfd,
    0xfd, 0xfd, 0xfd, 0xfd, 0xfd, 0xfd, 0xfd, 0xc0, 0xff, 0x6b, 0x52, 0x58,
    0x29, 0xff, 0x6d, 0x55, 0x55, 0x34, 0xff, 0x70, 0x55, 0x58, 0xff, 0xdd,
    0xfe, 0xed, 0xe9, 0xea, 0xb5, 0x74, 0xfe, 0xb6, 0xa8, 0xaa, 0x36, 0xfd,
    0xfd, 0xfd, 0xfd, 0xcf, 0xfe, 0xde, 0xd8, 0xd9, 0x17, 0xfe, 0xc4, 0xb9,
    0xba, 0x36, 0xfd, 0xfd, 0xfd, 0xfd, 0xfd, 0xfd, 0xfd, 0xfd, 0xfd, 0xfd,
    0xfd, 0xfd, 0xc0, 0xff, 0x6b, 0x52, 0x58, 0x29, 0xff, 0x6d, 0x55, 0x55,
    0x34, 0xff, 0x70, 0x55, 0x58, 0xff, 0xdd, 0xfe, 0xed, 0xe9, 0xea, 0xb5,
    0x74, 0xfe, 0xb6, 0xa8, 0xaa, 0x36, 0xfd, 0xfd, 0xfd, 0xfd, 0xcf, 0xfe,
    0xde, 0xd8, 0xd9, 0x17, 0xfe, 0xc4, 0xb9, 0xba, 0x36, 0xfd, 0xfd, 0xfd,
    0xfd, 0xfd, 0xfd, 0xfd, 0xfd, 0xfd, 0xfd, 0xfd, 0xfd, 0xc0, 0xff, 0x6b,
    0x52, 0x58, 0x29, 0xff, 0x6d, 0x55, 0x55, 0x34, 0xff, 0x70, 0x55, 0x58,
    0xff, 0xdd, 0xfe, 0xed, 0xe9, 0xea, 0xb5, 0x74, 0xfe, 0xb6, 0xa8, 0xaa,
    0x36, 0xfd, 0xfd, 0xfd, 0xfd, 0xcf, 0xfe, 0xde, 0xd8, 0xd9, 0x17, 0xfe,
    0xc4, 0xb9, 0xba, 0x36, 0xfd, 0xfd, 0xfd, 0xfd, 0xfd, 0xfd, 0xfd, 0xfd,
    0xfd, 0xfd, 0xfd, 0xfd, 0xc0, 0xff, 0x6b, 0x52, 0x58, 0x29, 0xff, 0x6d,
    0x55, 0x55, 0x34, 0xff, 0x70, 0x55, 0x58, 0xff, 0xdd, 0xfe, 0xed, 0xe9,
    0xea, 0xb5, 0x74, 0xfe, 0xb6, 0xa8, 0xaa, 0x36, 0xfd, 0xfd, 0xfd, 0xfd,
    0xcf, 0xfe, 0xde, 0xd8, 0xd9, 0x17, 0xfe, 0xc4, 0xb9, 0xba, 0x36, 0xfd,
    0xfd, 0xfd, 0xfd, 0xfd, 0xfd, 0xfd, 0xfd, 0xfd, 0xfd, 0xfd, 0xfd, 0xc0,
    0xff, 0x6b, 0x52, 0x58, 0x29, 0xff, 0x6d, 0x55, 0x55, 0x34, 0xff, 0x70,
    0x55, 0x58, 0xff, 0xdd, 0xfe, 0xed, 0xe9, 0xea, 0xb5, 0x74, 0xfe, 0xb6,
    0xa8, 0xaa, 0x36, 0xfd, 0xfd, 0xfd, 0xfd, 0xcf, 0xfe, 0xde, 0xd8, 0xd9,
    0x17, 0xfe, 0xc4, 0xb9, 0xba, 0x36, 0xfd, 0xfd, 0xfd, 0xfd, 0xfd, 0xfd,
    0xfd, 0xfd, 0xfd, 0xfd, 0xfd, 0xfd, 0xc0, 0xff, 0x6b, 0x52, 0x58, 0x29,
    0xff, 0x6d, 0x55, 0x55, 0x34, 0xff, 0x70, 0x55, 0x58, 0xff, 0xdd, 0xfe,
    0xed, 0xe9, 0xea, 0xb5, 0x74, 0xfe, 0xb6, 0xa8, 0xaa, 0x36, 0xfd, 0xfd,
    0xfd, 0xfd, 0xcf, 0xfe, 0xde, 0xd8, 0xd9, 0x17, 0xfe, 0xc4, 0xb9, 0xba,
    0x36, 0xfd, 0xfd, 0xfd, 0xfd, 0xfd, 0xfd, 0xfd, 0xfd, 0xfd, 0xfd, 0xfd,
    0xfd, 0xc0, 0xff, 0x6b, 0x52, 0x58, 0x29, 0xff, 0x6d, 0x55, 0x55, 0x34,
    0xff, 0x70, 0x55, 0x58, 0xff, 0xdd, 0xfe, 0xed, 0xe9, 0xea, 0xb5, 0x74,
    0xfe, 0xb6, 0xa8, 0xaa, 0x36, 0xfd, 0xfd, 0xfd, 0xfd, 0xcf, 0xfe, 0xde,
    0xd8, 0xd9, 0x17, 0xfe, 0xc4, 0xb9, 0xba, 0x36, 0xfd, 0xfd, 0xfd, 0xfd,
    0xfd, 0xfd, 0xfd, 0xfd, 0xfd, 0xfd, 0xfd, 0xfd, 0xc0, 0xff, 0x6b, 0x52,
    0x58, 0x29, 0xff, 0x6d, 0x55, 0x55, 0x34, 0xff, 0x70, 0x55, 0x58, 0xff,
    0xdd, 0xfe, 0xed, 0xe9, 0xea, 0xb5, 0x74, 0xfe, 0xb6, 0xa8, 0xaa, 0x36,
    0xfd, 0xfd, 0xfd, 0xfd, 0xcf, 0xfe, 0xde, 0xd8, 0xd9, 0x17, 0xfe, 0xc4,
    0xb9, 0xba, 0x36, 0xfd, 0xfd, 0xfd, 0xfd, 0xfd, 0xfd, 0xfd, 0xfd, 0xfd,
    0xfd, 0xfd, 0xfd, 0xc0, 0xff, 0x6b, 0x52, 0x58, 0x29, 0xff, 0x6d, 0x55,
    0x55, 0x34, 0xff, 0x70, 0x55, 0x58, 0xff, 0xdd, 0xfe, 0xed, 0xe9, 0xea,
    0xb5, 0x74, 0xfe, 0xb6, 0xa8, 0xaa, 0x36, 0xfd, 0xfd, 0xfd, 0xfd, 0xcf,
    0xfe, 0xde, 0xd8, 0xd9, 0x17, 0xfe, 0xc4, 0xb9, 0xba, 0x36, 0xfd, 0xfd,
    0xfd, 0xfd, 0xfd, 0xfd, 0xfd, 0xfd, 0xfd, 0xfd, 0xfd, 0xfd, 0xc0, 0xff,
    0x6b, 0x52, 0x58, 0x29, 0xff, 0x6d, 0x55, 0x55, 0x34, 0xff, 0x70, 0x55,
    0x58, 0xff, 0xdd, 0xfe, 0xed, 0xe9, 0xea, 0xb5, 0x74, 0xfe, 0xb6, 0xa8,
    0xaa, 0x36, 0xfd, 0xfd, 0xfd, 0xfd, 0xcf, 0xfe, 0xde, 0xd8, 0xd9, 0x17,
    0xfe, 0xc4, 0xb9, 0xba, 0x36, 0xfd, 0xfd, 0xfd, 0xfd, 0xfd, 0xfd, 0xfd,
    0xfd, 0xfd, 0xfd, 0xfd, 0xfd, 0xc0, 0xff, 0x6b, 0x52, 0x58, 0x29, 0xff,
    0x6d, 0x55, 0x55, 0x34, 0xff, 0x70, 0x55, 0x58, 0xff, 0xdd, 0xfe, 0xed,
    0xe9, 0xea, 0xb5, 0x74, 0xfe, 0xb6, 0xa8, 0xaa, 0x36, 0xfd, 0xfd, 0xfd,
    0xfd, 0xcf, 0xfe, 0xde, 0xd8, 0xd9, 0x17, 0xfe, 0xc4, 0xb9, 0xba, 0x36,
    0xfd, 0xfd, 0xfd, 0xfd, 0xfd, 0xfd, 0xfd, 0xfd, 0xfd, 0xfd, 0xfd, 0xfd,
    0xc0, 0xff, 0x6b, 0x52, 0x58, 0x29, 0xff, 0x6d, 0x55, 0x55, 0x34, 0xff,
    0x70, 0x55, 0x58, 0xff, 0xdd, 0xfe, 0xed, 0xe9, 0xea, 0xb5, 0x74, 0xfe,
    0xb6, 0xa8, 0xaa, 0x36, 0xfd, 0xfd, 0xfd, 0xfd, 0xcf, 0xfe, 0xde, 0xd8,
    0xd9, 0x17, 0xfe, 0xc4, 0xb9, 0xba, 0x36, 0xfd, 0xfd, 0xfd, 0xfd, 0xfd,
    0xfd, 0xfd, 0xfd, 0xfd, 0xfd, 0xfd, 0xfd, 0xc0, 0xff, 0x6b, 0x52, 0x58,
    0x29, 0xff, 0x6d, 0x55, 0x55, 0x34, 0xff, 0x70, 0x55, 0x58, 0xff, 0xdd,
    0xfe, 0xed, 0xe9, 0xea, 0xb5, 0x74, 0xfe, 0xb6, 0xa8, 0xaa, 0x36, 0xfd,
    0xfd, 0xfd, 0xfd, 0xcf, 0xfe, 0xde, 0xd8, 0xd9, 0x17, 0xfe, 0xc4, 0xb9,
    0xba, 0x36, 0xfd, 0xfd, 0xfd, 0xfd, 0xfd, 0xfd, 0xfd, 0xfd, 0xfd, 0xfd,
    0xfd, 0xfd, 0xc0, 0xff, 0x6b, 0x52, 0x58, 0x29, 0xff, 0x6d, 0x55, 0x55,
    0x34, 0xff, 0x70, 0x55, 0x58, 0xff, 0xdd, 0xfe, 0xed, 0xe9, 0xea, 0xb5,
    0x74, 0xfe, 0xb6, 0xa8, 0xaa, 0x36, 0xfd, 0xfd, 0xfd, 0xfd, 0xcf, 0xfe,
    0xde, 0xd8, 0xd9, 0x17, 0xfe, 0xc4, 0xb9, 0xba, 0x36, 0xfd, 0xfd, 0xfd,
    0xfd, 0xfd, 0xfd, 0xfd, 0xfd, 0xfd, 0xfd, 0xfd, 0xfd, 0xc0, 0xff, 0x6b,
    0x52, 0x58, 0x29, 0xff, 0x6d, 0x55, 0x55, 0x34, 0xff, 0x70, 0x55, 0x58,
    0xff, 0xdd, 0xfe, 0xed, 0xe9, 0xea, 0xb5, 0x74, 0xfe, 0xb6, 0xa8, 0xaa,
    0x36, 0xfd, 0xfd, 0xfd, 0xfd, 0xcf, 0xfe, 0xde, 0xd8, 0xd9, 0x17, 0xfe,
    0xc4, 0xb9, 0xba, 0x36, 0xfd, 0xfd, 0xfd, 0xfd, 0xfd, 0xfd, 0xfd, 0xfd,
    0xfd, 0xfd, 0xfd, 0xfd, 0xc0, 0xff, 0x6b, 0x52, 0x58, 0x29, 0xff, 0x6d,
    0x55, 0x55, 0x34, 0xff, 0x70, 0x55, 0x58, 0xff, 0xdd, 0xfe, 0xed, 0xe9,
    0xea, 0xb5, 0x74, 0xfe, 0xb6, 0xa8, 0xaa, 0x36, 0xfd, 0xfd, 0xfd, 0xfd,
    0xcf, 0xfe, 0xde, 0xd8, 0xd9, 0x17, 0xfe, 0xc4, 0xb9, 0xba, 0x36, 0xfd,
    0xfd, 0xfd, 0xfd, 0xfd, 0xfd, 0xfd, 0xfd, 0xfd, 0xfd, 0xfd, 0xfd, 0xc0,
    0xff, 0x6b, 0x52, 0x58, 0x29, 0xff, 0x6d, 0x55, 0x55, 0x34, 0xff, 0x70,
    0x55, 0x58, 0xff, 0xdd, 0xfe, 0xed, 0xe9, 0xea, 0xb5, 0x74, 0xfe, 0xb6,
    0xa8, 0xaa, 0x36, 0xfd, 0xfd, 0xfd, 0xfd, 0xcf, 0xfe, 0xde, 0xd8, 0xd9,
    0x17, 0xfe, 0xc4, 0xb9, 0xba, 0x36, 0xfd, 0xfd, 0xfd, 0xfd, 0xfd, 0xfd,
    0xfd, 0xfd, 0xfd, 0xfd, 0xfd, 0xfd, 0xc0, 0xff, 0x6b, 0x52, 0x58, 0x29,
    0xff, 0x6d, 0x55, 0x55, 0x34, 0xff, 0x70, 0x55, 0x58, 0xff, 0xdd, 0xfe,
    0xed, 0xe9, 0xea, 0xb5, 0x74, 0xfe, 0xb6, 0xa8, 0xaa, 0x36, 0xfd, 0xfd,
    0xfd, 0xfd, 0xcf, 0xfe, 0xde, 0xd8, 0xd9, 0x17, 0xfe, 0xc4, 0xb9, 0xba,
    0x36, 0xfd, 0xfd, 0xfd, 0xfd, 0xfd, 0xfd, 0xfd, 0xfd, 0xfd, 0xfd, 0xfd,
    0xfd, 0xc0, 0xff, 0x6b, 0x52, 0x58, 0x29, 0xff, 0x6d, 0x55, 0x55, 0x34,
    0xff, 0x70, 0x55, 0x58, 0xff, 0xdd, 0xfe, 0xed, 0xe9, 0xea, 0xb5, 0x74,
    0xfe, 0xb6, 0xa8, 0xaa, 0x36, 0xfd, 0xfd, 0xfd, 0xfd, 0xcf, 0xfe, 0xde,
    0xd8, 0xd9, 0x17, 0xfe, 0xc4, 0xb9, 0xba, 0x36, 0xfd, 0xfd, 0xfd, 0xfd,
    0xfd, 0xfd, 0xfd, 0xfd, 0xfd, 0xfd, 0xfd, 0xfd, 0xc0, 0xff, 0x6b, 0x52,
    0x58, 0x29, 0xff, 0x6d, 0x55, 0x55, 0x34, 0xff, 0x70, 0x55, 0x58, 0xff,
    0xdd, 0xfe, 0xed, 0xe9, 0xea, 0xb5, 0x74, 0xfe, 0xb6, 0xa8, 0xaa, 0x36,
    0xfd, 0xfd, 0xfd, 0xfd, 0xcf, 0xfe, 0xde, 0xd8, 0xd9, 0x17, 0xfe, 0xc4,
    0xb9, 0xba, 0x36, 0xfd, 0xfd, 0xfd, 0xfd, 0xfd, 0xfd, 0xfd, 0xfd, 0xfd,
    0xfd, 0xfd, 0xfd, 0xc0, 0xff, 0x6b, 0x52, 0x58, 0x29, 0xff, 0x6d, 0x55,
    0x55, 0x34, 0xff, 0x70, 0x55, 0x58, 0xff, 0xdd, 0xfe, 0xed, 0xe9, 0xea,
    0xb5, 0x74, 0xfe, 0xb6, 0xa8, 0xaa, 0x36, 0xfd, 0xfd, 0xfd, 0xfd, 0xcf,
    0xfe, 0xde, 0xd8, 0xd9, 0x17, 0xfe, 0xc4, 0xb9, 0xba, 0x36, 0xfd, 0xfd,
    0xfd, 0xfd, 0xfd, 0xfd, 0xfd, 0xfd, 0xfd, 0xfd, 0xfd, 0xfd, 0xc0, 0xff,
    0x6b, 0x52, 0x58, 0x29, 0xff, 0x6d, 0x55, 0x55, 0x34, 0xff, 0x70, 0x55,
    0x58, 0xff, 0xdd, 0xfe, 0xed, 0xe9, 0xea, 0xb5, 0x74, 0xfe, 0xb6, 0xa8,
    0xaa, 0x36, 0xfd, 0xfd, 0xfd, 0xfd, 0xcf, 0xfe, 0xde, 0xd8, 0xd9, 0x17,
    0xfe, 0xc4, 0xb9, 0xba, 0x36, 0xfd, 0xfd, 0xfd, 0xfd, 0xfd, 0xfd, 0xfd,
    0xfd, 0xfd, 0xfd, 0xfd, 0xfd, 0xc0, 0xff, 0x6b, 0x52, 0x58, 0x29, 0xff,
    0x6d, 0x55, 0x55, 0x34, 0xff, 0x70, 0x55, 0x58, 0xff, 0xdd, 0xfe, 0xed,
    0xe9, 0xea, 0xb5, 0x74, 0xfe, 0xb6, 0xa8, 0xaa, 0x36, 0xfd, 0xfd, 0xfd,
    0xfd, 0xcf, 0xfe, 0xde, 0xd8, 0xd9, 0x17, 0xfe, 0xc4, 0xb9, 0xba, 0x36,
    0xfd, 0xfd, 0xfd, 0xfd, 0xfd, 0xfd, 0xfd, 0xfd, 0xfd, 0xfd, 0xfd, 0xfd,
    0xc0, 0xff, 0x6b, 0x52, 0x58, 0x29, 0xff, 0x6d, 0x55, 0x55, 0x34, 0xff,
    0x70, 0x55, 0x58, 0xff, 0xdd, 0xfe, 0xed, 0xe9, 0xea, 0xb5, 0x74, 0xfe,
    0xb6, 0xa8, 0xaa, 0x36, 0xfd, 0xfd, 0xfd, 0xfd, 0xcf, 0xfe, 0xde, 0xd8,
    0xd9, 0x17, 0xfe, 0xc4, 0xb9, 0xba, 0x36, 0xfd, 0xfd, 0xfd, 0xfd, 0xfd,
    0xfd, 0xfd, 0xfd, 0xfd, 0xfd, 0xfd, 0xfd, 0xc0, 0xff, 0x6b, 0x52, 0x58,
    0x29, 0xff, 0x6d, 0x55, 0x55, 0x34, 0xff, 0x70, 0x55, 0x58, 0xff, 0xdd,
    0xfe, 0xed, 0xe9, 0xea, 0xb5, 0x74, 0xfe, 0xb6, 0xa8, 0xaa, 0x36, 0xfd,
    0xfd, 0xfd, 0xfd, 0xcf, 0xfe, 0xde, 0xd8, 0xd9, 0x17, 0xfe, 0xc4, 0xb9,
    0xba, 0x36, 0xfd, 0xfd, 0xfd, 0xfd, 0xfd, 0xfd, 0xfd, 0xfd, 0xfd, 0xfd,
    0xfd, 0xfd, 0xc0, 0xff, 0x6b, 0x52, 0x58, 0x29, 0xff, 0x6d, 0x55, 0x55,
    0x34, 0xff, 0x70, 0x55, 0x58, 0xff, 0xdd, 0xfe, 0xed, 0xe9, 0xea, 0xb5,
    0x74, 0xfe, 0xb6, 0xa8, 0xaa, 0x36, 0xfd, 0xfd, 0xfd, 0xfd, 0xcf, 0xfe,
    0xde, 0xd8, 0xd9, 0x17, 0xfe, 0xc4, 0xb9, 0xba, 0x36, 0xfd, 0xfd, 0xfd,
    0xfd, 0xfd, 0xfd, 0xfd, 0xfd, 0xfd, 0xfd, 0xfd, 0xfd, 0xc0, 0xff, 0x6b,
    0x52, 0x58, 0x29, 0xff, 0x6d, 0x55, 0x55, 0x34, 0xff, 0x70, 0x55, 0x58,
    0xff, 0xdd, 0xfe, 0xed, 0xe9, 0xea, 0xb5, 0x74, 0xfe, 0xb6, 0xa8, 0xaa,
    0x36, 0xfd, 0xfd, 0xfd, 0xfd, 0xcf, 0xfe, 0xde, 0xd8, 0xd9, 0x17, 0xfe,
    0xc4, 0xb9, 0xba, 0x36, 0xfd, 0xfd, 0xfd, 0xfd, 0xfd, 0xfd, 0xfd, 0xfd,
    0xfd, 0xfd, 0xfd, 0xfd, 0xc0, 0xff, 0x6b, 0x52, 0x58, 0x29, 0xff, 0x6d,
    0x55, 0x55, 0x34, 0xff, 0x70, 0x55, 0x58, 0xff, 0xdd, 0xfe, 0xed, 0xe9,
    0xea, 0xb5, 0x74, 0xfe, 0xb6, 0xa8, 0xaa, 0x36, 0xfd, 0xfd, 0xfd, 0xfd,
    0xcf, 0xfe, 0xde, 0xd8, 0xd9, 0x17, 0xfe, 0xc4, 0xb9, 0xba, 0x36, 0xfd,
    0xfd, 0xfd, 0xfd, 0xfd, 0xfd, 0xfd, 0xfd, 0xfd, 0xfd, 0xfd, 0xfd, 0xc0,
    0xff, 0x6b, 0x52, 0x58, 0x29, 0xff, 0x6d, 0x55, 0x55, 0x34, 0xff, 0x70,
    0x55, 0x58, 0xff, 0xdd, 0xfe, 0xed, 0xe9, 0xea, 0xb5, 0x74, 0xfe, 0xb6,
    0xa8, 0xaa, 0x36, 0xfd, 0xfd, 0xfd, 0xfd, 0xcf, 0xfe, 0xde, 0xd8, 0xd9,
    0x17, 0xfe, 0xc4, 0xb9, 0xba, 0x36, 0xfd, 0xfd, 0xfd, 0xfd, 0xfd, 0xfd,
    0xfd, 0xfd, 0xfd, 0xfd, 0xfd, 0xfd, 0xc0, 0xff, 0x6b, 0x52, 0x58, 0x29,
    0xff, 0x6d, 0x55, 0x55, 0x34, 0xff, 0x70, 0x55, 0x58, 0xff, 0xdd, 0xfe,
    0xed, 0xe9, 0xea, 0xb5, 0x74, 0xfe, 0xb6, 0xa8, 0xaa, 0x36, 0xfd, 0xfd,
    0xfd, 0xfd, 0xcf, 0xfe, 0xde, 0xd8, 0xd9, 0x17, 0xfe, 0xc4, 0xb9, 0xba,
    0x36, 0xfd, 0xfd, 0xfd, 0xfd, 0xfd, 0xfd, 0xfd, 0xfd, 0xfd, 0xfd, 0xfd,
    0xfd, 0xc0, 0xff, 0x6b, 0x52, 0x58, 0x29, 0xff, 0x6d, 0x55, 0x55, 0x34,
    0xff, 0x70, 0x55, 0x58, 0xff, 0xdd, 0xfe, 0xed, 0xe9, 0xea, 0xb5, 0x74,
    0xfe, 0xb6, 0xa8, 0xaa, 0x36, 0xfd, 0xfd, 0xfd, 0xfd, 0xcf, 0xfe, 0xde,
    0xd8, 0xd9, 0x17, 0xfe, 0xc4, 0xb9, 0xba, 0x36, 0xfd, 0xfd, 0xfd, 0xfd,
    0xfd, 0xfd, 0xfd, 0xfd, 0xfd, 0xfd, 0xfd, 0xfd, 0xc0, 0xff, 0x6b, 0x52,
    0x58, 0x29, 0xff, 0x6d, 0x55, 0x55, 0x34, 0xff, 0x70, 0x55, 0x58, 0xff,
    0xdd, 0xfe, 0xed, 0xe9, 0xea, 0xb5, 0x74, 0xfe, 0xb6, 0xa8, 0xaa, 0x36,
    0xfd, 0xfd, 0xfd, 0xfd, 0xcf, 0xfe, 0xde, 0xd8, 0xd9, 0x17, 0xfe, 0xc4,
    0xb9, 0xba, 0x36, 0xfd, 0xfd, 0xfd, 0xfd, 0xfd, 0xfd, 0xfd, 0xfd, 0xfd,
    0xfd, 0xfd, 0xfd, 0xc0, 0xff, 0x6b, 0x52, 0x58, 0x29, 0xff, 0x6d, 0x55,
    0x55, 0x34, 0xff, 0x70, 0x55, 0x58, 0xff, 0xdd, 0xfe, 0xed, 0xe9, 0xea,
    0xb5, 0x74, 0xfe, 0xb6, 0xa8, 0xaa, 0x36, 0xfd, 0xfd, 0xfd, 0xfd, 0xcf,
    0xfe, 0xde, 0xd8, 0xd9, 0x17, 0xfe, 0xc4, 0xb9, 0xba, 0x36, 0xfd, 0xfd,
    0xfd, 0xfd, 0xfd, 0xfd, 0xfd, 0xfd, 0xfd, 0xfd, 0xfd, 0xfd, 0xc0, 0xff,
    0x6b, 0x52, 0x58, 0x29, 0xff, 0x6d, 0x55, 0x55, 0x34, 0xff, 0x70, 0x55,
    0x58, 0xff, 0xdd, 0xfe, 0xed, 0xe9, 0xea, 0xb5, 0x74, 0xfe, 0xb6, 0xa8,
    0xaa, 0x36, 0xfd, 0xfd, 0xfd, 0xfd, 0xcf, 0xfe, 0xde, 0xd8, 0xd9, 0x17,
    0xfe, 0xc4, 0xb9, 0xba, 0x36, 0xfd, 0xfd, 0xfd, 0xfd, 0xfd, 0xfd, 0xfd,
    0xfd, 0xfd, 0xfd, 0xfd, 0xfd, 0xc0, 0xff, 0x6b, 0x52, 0x58, 0x29, 0xff,
    0x6d, 0x55, 0x55, 0x34, 0xff, 0x70, 0x55, 0x58, 0xff, 0xdd, 0xfe, 0xed,
    0xe9, 0xea, 0xb5, 0x74, 0xfe, 0xb6, 0xa8, 0xaa, 0x36, 0xfd, 0xfd, 0xfd,
    0xfd, 0xcf, 0xfe, 0xde, 0xd8, 0xd9, 0x17, 0xfe, 0xc4, 0xb9, 0xba, 0x36,
    0xfd, 0xfd, 0xfd, 0xfd, 0xfd, 0xfd, 0xfd, 0xfd, 0xfd, 0xfd, 0xfd, 0xfd,
    0xc0, 0xff, 0x6b, 0x52, 0x58, 0x29, 0xff, 0x6d, 0x55, 0x55, 0x34, 0xff,
    0x70, 0x55, 0x58, 0xff, 0xdd, 0xfe, 0xed, 0xe9, 0xea, 0xb5, 0x74, 0xfe,
    0xb6, 0xa8, 0xaa, 0x36, 0xfd, 0xfd, 0xfd, 0xfd, 0xcf, 0xfe, 0xde, 0xd8,
    0xd9, 0x17, 0xfe, 0xc4, 0xb9, 0xba, 0x36, 0xfd, 0xfd, 0xfd, 0xfd, 0xfd,
    0xfd, 0xfd, 0xfd, 0xfd, 0xfd, 0xfd, 0xfd, 0xc0, 0xff, 0x6b, 0x52, 0x58,
    0x29, 0xff, 0x6d, 0x55, 0x55, 0x34, 0xff, 0x70, 0x55, 0x58, 0xff, 0xdd,
    0xfe, 0xed, 0xe9, 0xea, 0xb5, 0x74, 0xfe, 0xb6, 0xa8, 0xaa, 0x36, 0xfd,
    0xfd, 0xfd, 0xfd, 0xcf, 0xfe, 0xde, 0xd8, 0xd9, 0x17, 0xfe, 0xc4, 0xb9,
    0xba, 0x36, 0xfd, 0xfd, 0xfd, 0xfd, 0xfd, 0xfd, 0xfd, 0xfd, 0xfd, 0xfd,
    0xfd, 0xfd, 0xc0, 0xff, 0x6b, 0x52, 0x58, 0x29, 0xff, 0x6d, 0x55, 0x55,
    0x34, 0xff, 0x70, 0x55, 0x58, 0xff, 0xdd, 0xfe, 0xed, 0xe9, 0xea, 0xb5,
    0x74, 0xfe, 0xb6, 0xa8, 0xaa, 0x36, 0xfd, 0xfd, 0xfd, 0xfd, 0xcf, 0xfe,
    0xde, 0xd8, 0xd9, 0x17, 0xfe, 0xc4, 0xb9, 0xba, 0x36, 0xfd, 0xfd, 0xfd,
    0xfd, 0xfd, 0xfd, 0xfd, 0xfd, 0xfd, 0xfd, 0xfd, 0xfd, 0xc0, 0xff, 0x6b,
    0x52, 0x58, 0x29, 0xff, 0x6d, 0x55, 0x55, 0x34, 0xff, 0x70, 0x55, 0x58,
    0xff, 0xdd, 0xfe, 0xed, 0xe9, 0xea, 0xb5, 0x74, 0xfe, 0xb6, 0xa8, 0xaa,
    0x36, 0xfd, 0xfd, 0xfd, 0xfd, 0xcf, 0xfe, 0xde, 0xd8, 0xd9, 0x17, 0xfe,
    0xc4, 0xb9, 0xba, 0x36, 0xfd, 0xfd, 0xfd, 0xfd, 0xfd, 0xfd, 0xfd, 0xfd,
    0xfd, 0xfd, 0xfd, 0xfd, 0xc0, 0xff, 0x6b, 0x52, 0x58, 0x29, 0xff, 0x6d,
    0x55, 0x55, 0x34, 0xff, 0x70, 0x55, 0x58, 0xff, 0xdd, 0xfe, 0xed, 0xe9,
    0xea, 0xb5, 0x74, 0xfe, 0xb6, 0xa8, 0xaa, 0x36, 0xfd, 0xfd, 0xfd, 0xfd,
    0xcf, 0xfe, 0xde, 0xd8, 0xd9, 0x17, 0xfe, 0xc4, 0xb9, 0xba, 0x36, 0xfd,
    0xfd, 0xfd, 0xfd, 0xfd, 0xfd, 0xfd, 0xfd, 0xfd, 0xfd, 0xfd, 0xfd, 0xc0,
    0xff, 0x6b, 0x52, 0x58, 0x29, 0xff, 0x6d, 0x55, 0x55, 0x34, 0xff, 0x70,
    0x55, 0x58, 0xff, 0xdd, 0xfe, 0xed, 0xe9, 0xea, 0xb5, 0x74, 0xfe, 0xb6,
    0xa8, 0xaa, 0x36, 0xfd, 0xfd, 0xfd, 0xfd, 0xcf, 0xfe, 0xde, 0xd8, 0xd9,
    0x17, 0xfe, 0xc4, 0xb9, 0xba, 0x36, 0xfd, 0xfd, 0xfd, 0xfd, 0xfd, 0xfd,
    0xfd, 0xfd, 0xfd, 0xfd, 0xfd, 0xfd, 0xc0, 0xff, 0x6b, 0x52, 0x58, 0x29,
    0xff, 0x6d, 0x55, 0x55, 0x34, 0xff, 0x70, 0x55, 0x58, 0xff, 0xdd, 0xfe,
    0xed, 0xe9, 0xea, 0xb5, 0x74, 0xfe, 0xb6, 0xa8, 0xaa, 0x36, 0xfd, 0xfd,
    0xfd, 0xfd, 0xcf, 0xfe, 0xde, 0xd8, 0xd9, 0x17, 0xfe, 0xc4, 0xb9, 0xba,
    0x36, 0xfd, 0xfd, 0xfd, 0xfd, 0xfd, 0xfd, 0xfd, 0xfd, 0xfd, 0xfd, 0xfd,
    0xfd, 0xc0, 0xff, 0x6b, 0x52, 0x58, 0x29, 0xff, 0x6d, 0x55, 0x55, 0x34,
    0xff, 0x70, 0x55, 0x58, 0xff, 0xdd, 0xfe, 0xed, 0xe9, 0xea, 0xb5, 0x74,
    0xfe, 0xb6, 0xa8, 0xaa, 0x36, 0xfd, 0xfd, 0xfd, 0xfd, 0xcf, 0xfe, 0xde,
    0xd8, 0xd9, 0x17, 0xfe, 0xc4, 0xb9, 0xba, 0x36, 0xfd, 0xfd, 0xfd, 0xfd,
    0xfd, 0xfd, 0xfd, 0xfd, 0xfd, 0xfd, 0xfd, 0xfd, 0xc0, 0xff, 0x6b, 0x52,
    0x58, 0x29, 0xff, 0x6d, 0x55, 0x55, 0x34, 0xff, 0x70, 0x55, 0x58, 0xff,
    0xdd, 0xfe, 0xed, 0xe9, 0xea, 0xb5, 0x74, 0xfe, 0xb6, 0xa8, 0xaa, 0x36,
    0xfd, 0xfd, 0xfd, 0xfd, 0xcf, 0xfe, 0xde, 0xd8, 0xd9, 0x17, 0xfe, 0xc4,
    0xb9, 0xba, 0x36, 0xfd, 0xfd, 0xfd, 0xfd, 0xfd, 0xfd, 0xfd, 0xfd, 0xfd,
    0xfd, 0xfd, 0xfd, 0xc0, 0xff, 0x6b, 0x52, 0x58, 0x29, 0xff, 0x6d, 0x55,
    0x55, 0x34, 0xff, 0x70, 0x55, 0x58, 0xff, 0xdd, 0xfe, 0xed, 0xe9, 0xea,
    0xb5, 0x74, 0xfe, 0xb6, 0xa8, 0xaa, 0x36, 0xfd, 0xfd, 0xfd, 0xfd, 0xcf,
    0xfe, 0xde, 0xd8, 0xd9, 0x17, 0xfe, 0xc4, 0xb9, 0xba, 0x36, 0xfd, 0xfd,
    0xfd, 0xfd, 0xfd, 0xfd, 0xfd, 0xfd, 0xfd, 0xfd, 0xfd, 0xfd, 0xc0, 0xff,
    0x6b, 0x52, 0x58, 0x29, 0xff, 0x6d, 0x55, 0x55, 0x34, 0xff, 0x70, 0x55,
    0x58, 0xff, 0xdd, 0xfe, 0xed, 0xe9, 0xea, 0xb5, 0x74, 0xfe, 0xb6, 0xa8,
    0xaa, 0x36, 0xfd, 0xfd, 0xfd, 0xfd, 0xcf, 0xfe, 0xde, 0xd8, 0xd9, 0x17,
    0xfe, 0xc4, 0xb9, 0xba, 0x36, 0xfd, 0xfd, 0xfd, 0xfd, 0xfd, 0xfd, 0xfd,
    0xfd, 0xfd, 0xfd, 0xfd, 0xfd, 0xc0, 0xff, 0x6b, 0x52, 0x58, 0x29, 0xff,
    0x6d, 0x55, 0x55, 0x34, 0xff, 0x70, 0x55, 0x58, 0xff, 0xdd, 0xfe, 0xed,
    0xe9, 0xea, 0xb5, 0x74, 0xfe, 0xb6, 0xa8, 0xaa, 0x36, 0xfd, 0xfd, 0xfd,
    0xfd, 0xcf, 0xfe, 0xde, 0xd8, 0xd9, 0x17, 0xfe, 0xc4, 0xb9, 0xba, 0x36,
    0xfd, 0xfd, 0xfd, 0xfd, 0xfd, 0xfd, 0xfd, 0xfd, 0xfd, 0xfd, 0xfd, 0xfd,
    0xc0, 0xff, 0x6b, 0x52, 0x58, 0x29, 0xff, 0x6d, 0x55, 0x55, 0x34, 0xff,
    0x70, 0x55, 0x58, 0xff, 0xdd, 0xfe, 0xed, 0xe9, 0xea, 0xb5, 0x74, 0xfe,
    0xb6, 0xa8, 0xaa, 0x36, 0xfd, 0xfd, 0xfd, 0xfd, 0xcf, 0xfe, 0xde, 0xd8,
    0xd9, 0x17, 0xfe, 0xc4, 0xb9, 0xba, 0x36, 0xfd, 0xfd, 0xfd, 0xfd, 0xfd,
    0xfd, 0xfd, 0xfd, 0xfd, 0xfd, 0xfd, 0xfd, 0xc0, 0xff, 0x6b, 0x52, 0x58,
    0x29, 0xff, 0x6d, 0x55, 0x55, 0x34, 0xff, 0x70, 0x55, 0x58, 0xff, 0xdd,
    0xfe, 0xed, 0xe9, 0xea, 0xb5, 0x74, 0xfe, 0xb6, 0xa8, 0xaa, 0x36, 0xfd,
    0xfd, 0xfd, 0xfd, 0xcf, 0xfe, 0xde, 0xd8, 0xd9, 0x17, 0xfe, 0xc4, 0xb9,
    0xba, 0x36, 0xfd, 0xfd, 0xfd, 0xfd, 0xfd, 0xfd, 0xfd, 0xfd, 0xfd, 0xfd,
    0xfd, 0xfd, 0xc0, 0xff, 0x6b, 0x52, 0x58, 0x29, 0xff, 0x6d, 0x55, 0x55,
    0x34, 0xff, 0x70, 0x55, 0x58, 0xff, 0xdd, 0xfe, 0xed, 0xe9, 0xea, 0xb5,
    0x74, 0xfe, 0xb6, 0xa8, 0xaa, 0x36, 0xfd, 0xfd, 0xfd, 0xfd, 0xcf, 0xfe,
    0xde, 0xd8, 0xd9, 0x17, 0xfe, 0xc4, 0xb9, 0xba, 0x36, 0xfd, 0xfd, 0xfd,
    0xfd, 0xfd, 0xfd, 0xfd, 0xfd, 0xfd, 0xfd, 0xfd, 0xfd, 0xc0, 0xff, 0x6b,
    0x52, 0x58, 0x29, 0xff, 0x6d, 0x55, 0x55, 0x34, 0xff, 0x70, 0x55, 0x58,
    0xff, 0xdd, 0xfe, 0xed, 0xe9, 0xea, 0xb5, 0x74, 0xfe, 0xb6, 0xa8, 0xaa,
    0x36, 0xfd, 0xfd, 0xfd, 0xfd, 0xcf, 0xfe, 0xde, 0xd8, 0xd9, 0x17, 0xfe,
    0xc4, 0xb9, 0xba, 0x36, 0xfd, 0xfd, 0xfd, 0xfd, 0xfd, 0xfd, 0xfd, 0xfd,
    0xfd, 0xfd, 0xfd, 0xfd, 0xc0, 0xff, 0x6b, 0x52, 0x58, 0x29, 0xff, 0x6d,
    0x55, 0x55, 0x34, 0xff, 0x70, 0x55, 0x58, 0xff, 0xdd, 0xfe, 0xed, 0xe9,
    0xea, 0xb5, 0x74, 0xfe, 0xb6, 0xa8, 0xaa, 0x36, 0xfd, 0xfd, 0xfd, 0xfd,
    0xcf, 0xfe, 0xde, 0xd8, 0xd9, 0x17, 0xfe, 0xc4, 0xb9, 0xba, 0x36, 0xfd,
    0xfd, 0xfd, 0xfd, 0xfd, 0xfd, 0xfd, 0xfd, 0xfd, 0xfd, 0xfd, 0xfd, 0xc0,
    0xff, 0x6b, 0x52, 0x58, 0x29, 0xff, 0x6d, 0x55, 0x55, 0x34, 0xff, 0x70,
    0x55, 0x58, 0xff, 0xdd, 0xfe, 0xed, 0xe9, 0xea, 0xb5, 0x74, 0xfe, 0xb6,
    0xa8, 0xaa, 0x36, 0xfd, 0xfd, 0xfd, 0xfd, 0xcf, 0xfe, 0xde, 0xd8, 0xd9,
    0x17, 0xfe, 0xc4, 0xb9, 0xba, 0x36, 0xfd, 0xfd, 0xfd, 0xfd, 0xfd, 0xfd,
    0xfd, 0xfd, 0xfd, 0xfd, 0xfd, 0xfd, 0xc0, 0xff, 0x6b, 0x52, 0x58, 0x29,
    0xff, 0x6d, 0x55, 0x55, 0x34, 0xff, 0x70, 0x55, 0x58, 0xff, 0xdd, 0xfe,
    0xed, 0xe9, 0xea, 0xb5, 0x74, 0xfe, 0xb6, 0xa8, 0xaa, 0x36, 0xfd, 0xfd,
    0xfd, 0xfd, 0xcf, 0xfe, 0xde, 0xd8, 0xd9, 0x17, 0xfe, 0xc4, 0xb9, 0xba,
    0x36, 0xfd, 0xfd, 0xfd, 0xfd, 0xfd, 0xfd, 0xfd, 0xfd, 0xfd, 0xfd, 0xfd,
    0xfd, 0xc0, 0xff, 0x6b, 0x52, 0x58, 0x29, 0xff, 0x6d, 0x55, 0x55, 0x34,
    0xff, 0x70, 0x55, 0x58, 0xff, 0xdd, 0xfe, 0xed, 0xe9, 0xea, 0xb5, 0x74,
    0xfe, 0xb6, 0xa8, 0xaa, 0x36, 0xfd, 0xfd, 0xfd, 0xfd, 0xcf, 0xfe, 0xde,
    0xd8, 0xd9, 0x17, 0xfe, 0xc4, 0xb9, 0xba, 0x36, 0xfd, 0xfd, 0xfd, 0xfd,
    0xfd, 0xfd, 0xfd, 0xfd, 0xfd, 0xfd, 0xfd, 0xfd, 0xc0, 0xff, 0x6b, 0x52,
    0x58, 0x29, 0xff, 0x6d, 0x55, 0x55, 0x34, 0xff, 0x70, 0x55, 0x58, 0xff,
    0xdd, 0xfe, 0xed, 0xe9, 0xea, 0xb5, 0x74, 0xfe, 0xb6, 0xa8, 0xaa, 0x36,
    0xfd, 0xfd, 0xfd, 0xfd, 0xcf, 0xfe, 0xde, 0xd8, 0xd9, 0x17, 0xfe, 0xc4,
    0xb9, 0xba, 0x36, 0xfd, 0xfd, 0xfd, 0xfd, 0xfd, 0xfd, 0xfd, 0xfd, 0xfd,
    0xfd, 0xfd, 0xfd, 0xc0, 0xff, 0x6b, 0x52, 0x58, 0x29, 0xff, 0x6d, 0x55,
    0x55, 0x34, 0xff, 0x70, 0x55, 0x58, 0xff, 0xdd, 0xfe, 0xed, 0xe9, 0xea,
    0xb5, 0x74, 0xfe, 0xb6, 0xa8, 0xaa, 0x36, 0xfd, 0xfd, 0xfd, 0xfd, 0xcf,
    0xfe, 0xde, 0xd8, 0xd9, 0x17, 0xfe, 0xc4, 0xb9, 0xba, 0x36, 0xfd, 0xfd,
    0xfd, 0xfd, 0xfd, 0xfd, 0xfd, 0xfd, 0xfd, 0xfd, 0xfd, 0xfd, 0xc0, 0xff,
    0x6b, 0x52, 0x58, 0x29, 0xff, 0x6d, 0x55, 0x55, 0x34, 0xff, 0x70, 0x55,
    0x58, 0xff, 0xdd, 0xfe, 0xed, 0xe9, 0xea, 0xb5, 0x74, 0xfe, 0xb6, 0xa8,
    0xaa, 0x36, 0xfd, 0xfd, 0xfd, 0xfd, 0xcf, 0xfe, 0xde, 0xd8, 0xd9, 0x17,
    0xfe, 0xc4, 0xb9, 0xba, 0x36, 0xfd, 0xfd, 0xfd, 0xfd, 0xfd, 0xfd, 0xfd,
    0xfd, 0xfd, 0xfd, 0xfd, 0xfd, 0xc0, 0xff, 0x6b, 0x52, 0x58, 0x29, 0xff,
    0x6d, 0x55, 0x55, 0x34, 0xff, 0x70, 0x55, 0x58, 0xff, 0xdd, 0xfe, 0xed,
    0xe9, 0xea, 0xb5, 0x74, 0xfe, 0xb6, 0xa8, 0xaa, 0x36, 0xfd, 0xfd, 0xfd,
    0xfd, 0xcf, 0xfe, 0xde, 0xd8, 0xd9, 0x17, 0xfe, 0xc4, 0xb9, 0xba, 0x36,
    0xfd, 0xfd, 0xfd, 0xfd, 0xfd, 0xfd, 0xfd, 0xfd, 0xfd, 0xfd, 0xfd, 0xfd,
    0xc0, 0xff, 0x6b, 0x52, 0x58, 0x29, 0xff, 0x6d, 0x55, 0x55, 0x34, 0xff,
    0x70, 0x55, 0x58, 0xff, 0xdd, 0xfe, 0xed, 0xe9, 0xea, 0xb5, 0x74, 0xfe,
    0xb6, 0xa8, 0xaa, 0x36, 0xfd, 0xfd, 0xfd, 0xfd, 0xcf, 0xfe, 0xde, 0xd8,
    0xd9, 0x17, 0xfe, 0xc4, 0xb9, 0xba, 0x36, 0xfd, 0xfd, 0xfd, 0xfd, 0xfd,
    0xfd, 0xfd, 0xfd, 0xfd, 0xfd, 0xfd, 0xfd, 0xc0, 0xff, 0x6b, 0x52, 0x58,
    0x29, 0xff, 0x6d, 0x55, 0x55, 0x34, 0xff, 0x70, 0x55, 0x58, 0xff, 0xdd,
    0xfe, 0xed, 0xe9, 0xea, 0xb5, 0x74, 0xfe, 0xb6, 0xa8, 0xaa, 0x36, 0xfd,
    0xfd, 0xfd, 0xfd, 0xcf, 0xfe, 0xde, 0xd8, 0xd9, 0x17, 0xfe, 0xc4, 0xb9,
    0xba, 0x36, 0xfd, 0xfd, 0xfd, 0xfd, 0xfd, 0xfd, 0xfd, 0xfd, 0xfd, 0xfd,
    0xfd, 0xfd, 0xc0, 0xff, 0x6b, 0x52, 0x58, 0x29, 0xff, 0x6d, 0x55, 0x55,
    0x34, 0xff, 0x70, 0x55, 0x58, 0xff, 0xdd, 0xfe, 0xed, 0xe9, 0xea, 0xb5,
    0x74, 0xfe, 0xb6, 0xa8, 0xaa, 0x36, 0xfd, 0xfd, 0xfd, 0xfd, 0xcf, 0xfe,
    0xde, 0xd8, 0xd9, 0x17, 0xfe, 0xc4, 0xb9, 0xba, 0x36, 0xfd, 0xfd, 0xfd,
    0xfd, 0xfd, 0xfd, 0xfd, 0xfd, 0xfd, 0xfd, 0xfd, 0xfd, 0xc0, 0xff, 0x6b,
    0x52, 0x58, 0x29, 0xff, 0x6d, 0x55, 0x55, 0x34, 0xff, 0x70, 0x55, 0x58,
    0xff, 0xdd, 0xfe, 0xed, 0xe9, 0xea, 0xb5, 0x74, 0xfe, 0xb6, 0xa8, 0xaa,
    0x36, 0xfd, 0xfd, 0xfd, 0xfd, 0xcf, 0xfe, 0xde, 0xd8, 0xd9, 0x17, 0xfe,
    0xc4, 0xb9, 0xba, 0x36, 0xfd, 0xfd, 0xfd, 0xfd, 0xfd, 0xfd, 0xfd, 0xfd,
    0xfd, 0xfd, 0xfd, 0xfd, 0xc0, 0xff, 0x6b, 0x52, 0x58, 0x29, 0xff, 0x6d,
    0x55, 0x55, 0x34, 0xff, 0x70, 0x55, 0x58, 0xff, 0xdd, 0xfe, 0xed, 0xe9,
    0xea, 0xb5, 0x74, 0xfe, 0xb6, 0xa8, 0xaa, 0x36, 0xfd, 0xfd, 0xfd, 0xfd,
    0xcf, 0xfe, 0xde, 0xd8, 0xd9, 0x17, 0xfe, 0xc4, 0xb9, 0xba, 0x36, 0xfd,
    0xfd, 0xfd, 0xfd, 0xfd, 0xfd, 0xfd, 0xfd, 0xfd, 0xfd, 0xfd, 0xfd, 0xc0,
    0xff, 0x6b, 0x52, 0x58, 0x29, 0xff, 0x6d, 0x55, 0x55, 0x34, 0xff, 0x70,
    0x55, 0x58, 0xff, 0xdd, 0xfe, 0xed, 0xe9, 0xea, 0xb5, 0x74, 0xfe, 0xb6,
    0xa8, 0xaa, 0x36, 0xfd, 0xfd, 0xfd, 0xfd, 0xcf, 0xfe, 0xde, 0xd8, 0xd9,
    0x17, 0xfe, 0xc4, 0xb9, 0xba, 0x36, 0xfd, 0xfd, 0xfd, 0xfd, 0xfd, 0xfd,
    0xfd, 0xfd, 0xfd, 0xfd, 0xfd, 0xfd, 0xc0, 0xff, 0x6b, 0x52, 0x58, 0x29,
    0xff, 0x6d, 0x55, 0x55, 0x34, 0xff, 0x70, 0x55, 0x58, 0xff, 0xdd, 0xfe,
    0xed, 0xe9, 0xea, 0xb5, 0x74, 0xfe, 0xb6, 0xa8, 0xaa, 0x36, 0xfd, 0xfd,
    0xfd, 0xfd, 0xcf, 0xfe, 0xde, 0xd8, 0xd9, 0x17, 0xfe, 0xc4, 0xb9, 0xba,
    0x36, 0xfd, 0xfd, 0xfd, 0xfd, 0xfd, 0xfd, 0xfd, 0xfd, 0xfd, 0xfd, 0xfd,
    0xfd, 0xc0, 0xff, 0x6b, 0x52, 0x58, 0x29, 0xff, 0x6d, 0x55, 0x55, 0x34,
    0xff, 0x70, 0x55, 0x58, 0xff, 0xdd, 0xfe, 0xed, 0xe9, 0xea, 0xb5, 0x74,
    0xfe, 0xb6, 0xa8, 0xaa, 0x36, 0xfd, 0xfd, 0xfd, 0xfd, 0xcf, 0xfe, 0xde,
    0xd8, 0xd9, 0x17, 0xfe, 0xc4, 0xb9, 0xba, 0x36, 0xfd, 0xfd, 0xfd, 0xfd,
    0xfd, 0xfd, 0xfd, 0xfd, 0xfd, 0xfd, 0xfd, 0xfd, 0xc0, 0xff, 0x6b, 0x52,
    0x58, 0x29, 0xff, 0x6d, 0x55, 0x55, 0x34, 0xff, 0x70, 0x55, 0x58, 0xff,
    0xdd, 0xfe, 0xed, 0xe9, 0xea, 0xb5, 0x74, 0xfe, 0xb6, 0xa8, 0xaa, 0x36,
    0xfd, 0xfd, 0xfd, 0xfd, 0xcf, 0xfe, 0xde, 0xd8, 0xd9, 0x17, 0xfe, 0xc4,
    0xb9, 0xba, 0x36, 0xfd, 0xfd, 0xfd, 0xfd, 0xfd, 0xfd, 0xfd, 0xfd, 0xfd,
    0xfd, 0xfd, 0xfd, 0xc0, 0xff, 0x6b, 0x52, 0x58, 0x29, 0xff, 0x6d, 0x55,
    0x55, 0x34, 0xff, 0x70, 0x55, 0x58, 0xff, 0xdd, 0xfe, 0xed, 0xe9, 0xea,
    0xb5, 0x74, 0xfe, 0xb6, 0xa8, 0xaa, 0x36, 0xfd, 0xfd, 0xfd, 0xfd, 0xcf,
    0xfe, 0xde, 0xd8, 0xd9, 0x17, 0xfe, 0xc4, 0xb9, 0xba, 0x36, 0xfd, 0xfd,
    0xfd, 0xfd, 0xfd, 0xfd, 0xfd, 0xfd, 0xfd, 0xfd, 0xfd, 0xfd, 0xc0, 0xff,
    0x6b, 0x52, 0x58, 0x29, 0xff, 0x6d, 0x55, 0x55, 0x34, 0xff, 0x70, 0x55,
    0x58, 0xff, 0xdd, 0xfe, 0xed, 0xe9, 0xea, 0xb5, 0x74, 0xfe, 0xb6, 0xa8,
    0xaa, 0x36, 0xfd, 0xfd, 0xfd, 0xfd, 0xcf, 0xfe, 0xde, 0xd8, 0xd9, 0x17,
    0xfe, 0xc4, 0xb9, 0xba, 0x36, 0xfd, 0xfd, 0xfd, 0xfd, 0xfd, 0xfd, 0xfd,
    0xfd, 0xfd, 0xfd, 0xfd, 0xfd, 0xc0, 0xff, 0x6b, 0x52, 0x58, 0x29, 0xff,
    0x6d, 0x55, 0x55, 0x34, 0xff, 0x70, 0x55, 0x58, 0xff, 0xdd, 0xfe, 0xed,
    0xe9, 0xea, 0xb5, 0x74, 0xfe, 0xb6, 0xa8, 0xaa, 0x36, 0xfd, 0xfd, 0xfd,
    0xfd, 0xcf, 0xfe, 0xde, 0xd8, 0xd9, 0x17, 0xfe, 0xc4, 0xb9, 0xba, 0x36,
    0xfd, 0xfd, 0xfd, 0xfd, 0xfd, 0xfd, 0xfd, 0xfd, 0xfd, 0xfd, 0xfd, 0xfd,
    0xc0, 0xff, 0x6b, 0x52, 0x58, 0x29, 0xff, 0x6d, 0x55, 0x55, 0x34, 0xff,
    0x70, 0x55, 0x58, 0xff, 0xdd, 0xfe, 0xed, 0xe9, 0xea, 0xb5, 0x74, 0xfe,
    0xb6, 0xa8, 0xaa, 0x36, 0xfd, 0xfd, 0xfd, 0xfd, 0xcf, 0xfe, 0xde, 0xd8,
    0xd9, 0x17, 0xfe, 0xc4, 0xb9, 0xba, 0x36, 0xfd, 0xfd, 0xfd, 0xfd, 0xfd,
    0xfd, 0xfd, 0xfd, 0xfd, 0xfd, 0xfd, 0xfd, 0xc0, 0xff, 0x6b, 0x52, 0x58,
    0x29, 0xff, 0x6d, 0x55, 0x55, 0x34, 0xff, 0x70, 0x55, 0x58, 0xff, 0xdd,
    0xfe, 0xed, 0xe9, 0xea, 0xb5, 0x74, 0xfe, 0xb6, 0xa8, 0xaa, 0x36, 0xfd,
    0xfd, 0xfd, 0xfd, 0xcf, 0xfe, 0xde, 0xd8, 0xd9, 0x17, 0xfe, 0xc4, 0xb9,
    0xba, 0x36, 0xfd, 0xfd, 0xfd, 0xfd, 0xfd, 0xfd, 0xfd, 0xfd, 0xfd, 0xfd,
    0xfd, 0xfd, 0xc0, 0xff, 0x6b, 0x52, 0x58, 0x29, 0xff, 0x6d, 0x55, 0x55,
    0x34, 0xff, 0x70, 0x55, 0x58, 0xff, 0xdd, 0xfe, 0xed, 0xe9, 0xea, 0xb5,
    0x74, 0xfe, 0xb6, 0xa8, 0xaa, 0x36, 0xfd, 0xfd, 0xfd, 0xfd, 0xcf, 0xfe,
    0xde, 0xd8, 0xd9, 0x17, 0xfe, 0xc4, 0xb9, 0xba, 0x36, 0xfd, 0xfd, 0xfd,
    0xfd, 0xfd, 0xfd, 0xfd, 0xfd, 0xfd, 0xfd, 0xfd, 0xfd, 0xc0, 0xff, 0x6b,
    0x52, 0x58, 0x29, 0xff, 0x6d, 0x55, 0x55, 0x34, 0xff, 0x70, 0x55, 0x58,
    0xff, 0xdd, 0xfe, 0xed, 0xe9, 0xea, 0xb5, 0x74, 0xfe, 0xb6, 0xa8, 0xaa,
    0x36, 0xfd, 0xfd, 0xfd, 0xfd, 0xcf, 0xfe, 0xde, 0xd8, 0xd9, 0x17, 0xfe,
    0xc4, 0xb9, 0xba, 0x36, 0xfd, 0xfd, 0xfd, 0xfd, 0xfd, 0xfd, 0xfd, 0xfd,
    0xfd, 0xfd, 0xfd, 0xfd, 0xc0, 0xff, 0x6b, 0x52, 0x58, 0x29, 0xff, 0x6d,
    0x55, 0x55, 0x34, 0xff, 0x70, 0x55, 0x58, 0xff, 0xdd, 0xfe, 0xed, 0xe9,
    0xea, 0xb5, 0x74, 0xfe, 0xb6, 0xa8, 0xaa, 0x36, 0xfd, 0xfd, 0xfd, 0xfd,
    0xcf, 0xfe, 0xde, 0xd8, 0xd9, 0x17, 0xfe, 0xc4, 0xb9, 0xba, 0x36, 0xfd,
    0xfd, 0xfd, 0xfd, 0xfd, 0xfd, 0xfd, 0xfd, 0xfd, 0xfd, 0xfd, 0xfd, 0xc0,
    0xff, 0x6b, 0x52, 0x58, 0x29, 0xff, 0x6d, 0x55, 0x55, 0x34, 0xff, 0x70,
    0x55, 0x58, 0xff, 0xdd, 0xfe, 0xed, 0xe9, 0xea, 0xb5, 0x74, 0xfe, 0xb6,
    0xa8, 0xaa, 0x36, 0xfd, 0xfd, 0xfd, 0xfd, 0xcf, 0xfe, 0xde, 0xd8, 0xd9,
    0x17, 0xfe, 0xc4, 0xb9, 0xba, 0x36, 0xfd, 0xfd, 0xfd, 0xfd, 0xfd, 0xfd,
    0xfd, 0xfd, 0xfd, 0xfd, 0xfd, 0xfd, 0xc0, 0xff, 0x6b, 0x52, 0x58, 0x29,
    0xff, 0x6d, 0x55, 0x55, 0x34, 0xff, 0x70, 0x55, 0x58, 0xff, 0xdd, 0xfe,
    0xed, 0xe9, 0xea, 0xb5, 0x74, 0xfe, 0xb6, 0xa8, 0xaa, 0x36, 0xfd, 0xfd,
    0xfd, 0xfd, 0xcf, 0xfe, 0xde, 0xd8, 0xd9, 0x17, 0xfe, 0xc4, 0xb9, 0xba,
    0x36, 0xfd, 0xfd, 0xfd, 0xfd, 0xfd, 0xfd, 0xfd, 0xfd, 0xfd, 0xfd, 0xfd,
    0xfd, 0xc0, 0xff, 0x6b, 0x52, 0x58, 0x29, 0xff, 0x6d, 0x55, 0x55, 0x34,
    0xff, 0x70, 0x55, 0x58, 0xff, 0xdd, 0xfe, 0xed, 0xe9, 0xea, 0xb5, 0x74,
    0xfe, 0xb6, 0xa8, 0xaa, 0x36, 0xfd, 0xfd, 0xfd, 0xfd, 0xcf, 0xfe, 0xde,
    0xd8, 0xd9, 0x17, 0xfe, 0xc4, 0xb9, 0xba, 0x36, 0xfd, 0xfd, 0xfd, 0xfd,
    0xfd, 0xfd, 0xfd, 0xfd, 0xfd, 0xfd, 0xfd, 0xfd, 0xc0, 0xff, 0x6b, 0x52,
    0x58, 0x29, 0xff, 0x6d, 0x55, 0x55, 0x34, 0xff, 0x70, 0x55, 0x58, 0xff,
    0xdd, 0xfe, 0xed, 0xe9, 0xea, 0xb5, 0x74, 0xfe, 0xb6, 0xa8, 0xaa, 0x36,
    0xfd, 0xfd, 0xfd, 0xfd, 0xcf, 0xfe, 0xde, 0xd8, 0xd9, 0x17, 0xfe, 0xc4,
    0xb9, 0xba, 0x36, 0xfd, 0xfd, 0xfd, 0xfd, 0xfd, 0xfd, 0xfd, 0xfd, 0xfd,
    0xfd, 0xfd, 0xfd, 0xc0, 0xff, 0x6b, 0x52, 0x58, 0x29, 0xff, 0x6d, 0x55,
    0x55, 0x34, 0xff, 0x70, 0x55, 0x58, 0xff, 0xdd, 0xfe, 0xed, 0xe9, 0xea,
    0xb5, 0x74, 0xfe, 0xb6, 0xa8, 0xaa, 0x36, 0xfd, 0xfd, 0xfd, 0xfd, 0xcf,
    0xfe, 0xde, 0xd8, 0xd9, 0x17, 0xfe, 0xc4, 0xb9, 0xba, 0x36, 0xfd, 0xfd,
    0xfd, 0xfd, 0xfd, 0xfd, 0xfd, 0xfd, 0xfd, 0xfd, 0xfd, 0xfd, 0xc0, 0xff,
    0x6b, 0x52, 0x58, 0x29, 0xff, 0x6d, 0x55, 0x55, 0x34, 0xff, 0x70, 0x55,
    0x58, 0xff, 0xdd, 0xfe, 0xed, 0xe9, 0xea, 0xb5, 0x74, 0xfe, 0xb6, 0xa8,
    0xaa, 0x36, 0xfd, 0xfd, 0xfd, 0xfd, 0xcf, 0xfe, 0xde, 0xd8, 0xd9, 0x17,
    0xfe, 0xc4, 0xb9, 0xba, 0x36, 0xfd, 0xfd, 0xfd, 0xfd, 0xfd, 0xfd, 0xfd,
    0xfd, 0xfd, 0xfd, 0xfd, 0xfd, 0xc0, 0xff, 0x6b, 0x52, 0x58, 0x29, 0xff,
    0x6d, 0x55, 0x55, 0x34, 0xff, 0x70, 0x55, 0x58, 0xff, 0xdd, 0xfe, 0xed,
    0xe9, 0xea, 0xb5, 0x74, 0xfe, 0xb6, 0xa8, 0xaa, 0x36, 0xfd, 0xfd, 0xfd,
    0xfd, 0xcf, 0xfe, 0xde, 0xd8, 0xd9, 0x17, 0xfe, 0xc4, 0xb9, 0xba, 0x36,
    0xfd, 0xfd, 0xfd, 0xfd, 0xfd, 0xfd, 0xfd, 0xfd, 0xfd, 0xfd, 0xfd, 0xfd,
    0xc0, 0xff, 0x6b, 0x52, 0x58, 0x29, 0xff, 0x6d, 0x55, 0x55, 0x34, 0xff,
    0x70, 0x55, 0x58, 0xff, 0xdd, 0xfe, 0xed, 0xe9, 0xea, 0xb5, 0x74, 0xfe,
    0xb6, 0xa8, 0xaa, 0x36, 0xfd, 0xfd, 0xfd, 0xfd, 0xcf, 0xfe, 0xde, 0xd8,
    0xd9, 0x17, 0xfe, 0xc4, 0xb9, 0xba, 0x36, 0xfd, 0xfd, 0xfd, 0xfd, 0xfd,
    0xfd, 0xfd, 0xfd, 0xfd, 0xfd, 0xfd, 0xfd, 0xc0, 0xff, 0x6b, 0x52, 0x58,
    0x29, 0xff, 0x6d, 0x55, 0x55, 0x34, 0xff, 0x70, 0x55, 0x58, 0xff, 0xdd,
    0xfe, 0xed, 0xe9, 0xea, 0xb5, 0x74, 0xfe, 0xb6, 0xa8, 0xaa, 0x36, 0xfd,
    0xfd, 0xfd, 0xfd, 0xcf, 0xfe, 0xde, 0xd8, 0xd9, 0x17, 0xfe, 0xc4, 0xb9,
    0xba, 0x36, 0xfd, 0xfd, 0xfd, 0xfd, 0xfd, 0xfd, 0xfd, 0xfd, 0xfd, 0xfd,
    0xfd, 0xfd, 0xc0, 0xff, 0x6b, 0x52, 0x58, 0x29, 0xff, 0x6d, 0x55, 0x55,
    0x34, 0xff, 0x70, 0x55, 0x58, 0xff, 0xdd, 0xfe, 0xed, 0xe9, 0xea, 0xb5,
    0x74, 0xfe, 0xb6, 0xa8, 0xaa, 0x36, 0xfd, 0xfd, 0xfd, 0xfd, 0xcf, 0xfe,
    0xde, 0xd8, 0xd9, 0x17, 0xfe, 0xc4, 0xb9, 0xba, 0x36, 0xfd, 0xfd, 0xfd,
    0xfd, 0xfd, 0xfd, 0xfd, 0xfd, 0xfd, 0xfd, 0xfd, 0xfd, 0xc0, 0xff, 0x6b,
    0x52, 0x58, 0x29, 0xff, 0x6d, 0x55, 0x55, 0x34, 0xff, 0x70, 0x55, 0x58,
    0xff, 0xdd, 0xfe, 0xed, 0xe9, 0xea, 0xb5, 0x74, 0xfe, 0xb6, 0xa8, 0xaa,
    0x36, 0xfd, 0xfd, 0xfd, 0xfd, 0xcf, 0xfe, 0xde, 0xd8, 0xd9, 0x17, 0xfe,
    0xc4, 0xb9, 0xba, 0x36, 0xfd, 0xfd, 0xfd, 0xfd, 0xfd, 0xfd, 0xfd, 0xfd,
    0xfd, 0xfd, 0xfd, 0xfd, 0xc0, 0xff, 0x6b, 0x52, 0x58, 0x29, 0xff, 0x6d,
    0x55, 0x55, 0x34, 0xff, 0x70, 0x55, 0x58, 0xff, 0xdd, 0xfe, 0xed, 0xe9,
    0xea, 0xb5, 0x74, 0xfe, 0xb6, 0xa8, 0xaa, 0x36, 0xfd, 0xfd, 0xfd, 0xfd,
    0xcf, 0xfe, 0xde, 0xd8, 0xd9, 0x17, 0xfe, 0xc4, 0xb9, 0xba, 0x36, 0xfd,
    0xfd, 0xfd, 0xfd, 0xfd, 0xfd, 0xfd, 0xfd, 0xfd, 0xfd, 0xfd, 0xfd, 0xc0,
    0xff, 0x6b, 0x52, 0x58, 0x29, 0xff, 0x6d, 0x55, 0x55, 0x34, 0xff, 0x70,
    0x55, 0x58, 0xff, 0xdd, 0xfe, 0xed, 0xe9, 0xea, 0xb5, 0x74, 0xfe, 0xb6,
    0xa8, 0xaa, 0x36, 0xfd, 0xfd, 0xfd, 0xfd, 0xcf, 0xfe, 0xde, 0xd8, 0xd9,
    0x17, 0xfe, 0xc4, 0xb9, 0xba, 0x36, 0xfd, 0xfd, 0xfd, 0xfd, 0xfd, 0xfd,
    0xfd, 0xfd, 0xfd, 0xfd, 0xfd, 0xfd, 0xc0, 0xff, 0x6b, 0x52, 0x58, 0x29,
    0xff, 0x6d, 0x55, 0x55, 0x34, 0xff, 0x70, 0x55, 0x58, 0xff, 0xdd, 0xfe,
    0xed, 0xe9, 0xea, 0xb5, 0x74, 0xfe, 0xb6, 0xa8, 0xaa, 0x36, 0xfd, 0xfd,
    0xfd, 0xfd, 0xcf, 0xfe, 0xde, 0xd8, 0xd9, 0x17, 0xfe, 0xc4, 0xb9, 0xba,
    0x36, 0xfd, 0xfd, 0xfd, 0xfd, 0xfd, 0xfd, 0xfd, 0xfd, 0xfd, 0xfd, 0xfd,
    0xfd, 0xc0, 0xff, 0x6b, 0x52, 0x58, 0x29, 0xff, 0x6d, 0x55, 0x55, 0x34,
    0xff, 0x70, 0x55, 0x58, 0xff, 0xdd, 0xfe, 0xed, 0xe9, 0xea, 0xb5, 0x74,
    0xfe, 0xb6, 0xa8, 0xaa, 0x36, 0xfd, 0xfd, 0xfd, 0xfd, 0xcf, 0xfe, 0xde,
    0xd8, 0xd9, 0x17, 0xfe, 0xc4, 0xb9, 0xba, 0x36, 0xfd, 0xfd, 0xfd, 0xfd,
    0xfd, 0xfd, 0xfd, 0xfd, 0xfd, 0xfd, 0xfd, 0xfd, 0xc0, 0xff, 0x6b, 0x52,
    0x58, 0x29, 0xff, 0x6d, 0x55, 0x55, 0x34, 0xff, 0x70, 0x55, 0x58, 0xff,
    0xdd, 0xfe, 0xed, 0xe9, 0xea, 0xb5, 0x74, 0xfe, 0xb6, 0xa8, 0xaa, 0x36,
    0xfd, 0xfd, 0xfd, 0xfd, 0xcf, 0xfe, 0xde, 0xd8, 0xd9, 0x17, 0xfe, 0xc4,
    0xb9, 0xba, 0x36, 0xfd, 0xfd, 0xfd, 0xfd, 0xfd, 0xfd, 0xfd, 0xfd, 0xfd,
    0xfd, 0xfd, 0xfd, 0xc0, 0xff, 0x6b, 0x52, 0x58, 0x29, 0xff, 0x6d, 0x55,
    0x55, 0x34, 0xff, 0x70, 0x55, 0x58, 0xff, 0xdd, 0xfe, 0xed, 0xe9, 0xea,
    0xb5, 0x74, 0xfe, 0xb6, 0xa8, 0xaa, 0x36, 0xfd, 0xfd, 0xfd, 0xfd, 0xcf,
    0xfe, 0xde, 0xd8, 0xd9, 0x17, 0xfe, 0xc4, 0xb9, 0xba, 0x36, 0xfd, 0xfd,
    0xfd, 0xfd, 0xfd, 0xfd, 0xfd, 0xfd, 0xfd, 0xfd, 0xfd, 0xfd, 0xc0, 0xff,
    0x6b, 0x52, 0x58, 0x29, 0xff, 0x6d, 0x55, 0x55, 0x34, 0xff, 0x70, 0x55,
    0x58, 0xff, 0xdd, 0xfe, 0xed, 0xe9, 0xea, 0xb5, 0x74, 0xfe, 0xb6, 0xa8,
    0xaa, 0x36, 0xfd, 0xfd, 0xfd, 0xfd, 0xcf, 0xfe, 0xde, 0xd8, 0xd9, 0x17,
    0xfe, 0xc4, 0xb9, 0xba, 0x36, 0xfd, 0xfd, 0xfd, 0xfd, 0xfd, 0xfd, 0xfd,
    0xfd, 0xfd, 0xfd, 0xfd, 0xfd, 0xc0, 0xff, 0x6b, 0x52, 0x58, 0x29, 0xff,
    0x6d, 0x55, 0x55, 0x34, 0xff, 0x70, 0x55, 0x58, 0xff, 0xdd, 0xfe, 0xed,
    0xe9, 0xea, 0xb5, 0x74, 0xfe, 0xb6, 0xa8, 0xaa, 0x36, 0xfd, 0xfd, 0xfd,
    0xfd, 0xcf, 0xfe, 0xde, 0xd8, 0xd9, 0x17, 0xfe, 0xc4, 0xb9, 0xba, 0x36,
    0xfd, 0xfd, 0xfd, 0xfd, 0xfd, 0xfd, 0xfd, 0xfd, 0xfd, 0xfd, 0xfd, 0xfd,
    0xc0, 0xff, 0x6b, 0x52, 0x58, 0x29, 0xff, 0x6d, 0x55, 0x55, 0x34, 0xff,
    0x70, 0x55, 0x58, 0xff, 0xdd, 0xfe, 0xed, 0xe9, 0xea, 0xb5, 0x74, 0xfe,
    0xb6, 0xa8, 0xaa, 0x36, 0xfd, 0xfd, 0xfd, 0xfd, 0xcf, 0xfe, 0xde, 0xd8,
    0xd9, 0x17, 0xfe, 0xc4, 0xb9, 0xba, 0x36, 0xfd, 0xfd, 0xfd, 0xfd, 0xfd,
    0xfd, 0xfd, 0xfd, 0xfd, 0xfd, 0xfd, 0xfd, 0xc0, 0xff, 0x6b, 0x52, 0x58,
    0x29, 0xff, 0x6d, 0x55, 0x55, 0x34, 0xff, 0x70, 0x55, 0x58, 0xff, 0xdd,
    0xfe, 0xed, 0xe9, 0xea, 0xb5, 0x74, 0xfe, 0xb6, 0xa8, 0xaa, 0x36, 0xfd,
    0xfd, 0xfd, 0xfd, 0xcf, 0xfe, 0xde, 0xd8, 0xd9, 0x17, 0xfe, 0xc4, 0xb9,
    0xba, 0x36, 0xfd, 0xfd, 0xfd, 0xfd, 0xfd, 0xfd, 0xfd, 0xfd, 0xfd, 0xfd,
    0xfd, 0xfd, 0xc0, 0xff, 0x6b, 0x52, 0x58, 0x29, 0xff, 0x6d, 0x55, 0x55,
    0x34, 0xff, 0x70, 0x55, 0x58, 0xff, 0xdd, 0xfe, 0xed, 0xe9, 0xea, 0xb5,
    0x74, 0xfe, 0xb6, 0xa8, 0xaa, 0x36, 0xfd, 0xfd, 0xfd, 0xfd, 0xcf, 0xfe,
    0xde, 0xd8, 0xd9, 0x17, 0xfe, 0xc4, 0xb9, 0xba, 0x36, 0xfd, 0xfd, 0xfd,
    0xfd, 0xfd, 0xfd, 0xfd, 0xfd, 0xfd, 0xfd, 0xfd, 0xfd, 0xc0, 0xff, 0x6b,
    0x52, 0x58, 0x29, 0xff, 0x6d, 0x55, 0x55, 0x34, 0xff, 0x70, 0x55, 0x58,
    0xff, 0xdd, 0xfe, 0xed, 0xe9, 0xea, 0xb5, 0x74, 0xfe, 0xb6, 0xa8, 0xaa,
    0x36, 0xfd, 0xfd, 0xfd, 0xfd, 0xcf, 0xfe, 0xde, 0xd8, 0xd9, 0x17, 0xfe,
    0xc4, 0xb9, 0xba, 0x36, 0xfd, 0xfd, 0xfd, 0xfd, 0xfd, 0xfd, 0xfd, 0xfd,
    0xfd, 0xfd, 0xfd, 0xfd, 0xc0, 0xff, 0x6b, 0x52, 0x58, 0x29, 0xff, 0x6d,
    0x55, 0x55, 0x34, 0xff, 0x70, 0x55, 0x58, 0xff, 0xdd, 0xfe, 0xed, 0xe9,
    0xea, 0xb5, 0x74, 0xfe, 0xb6, 0xa8, 0xaa, 0x36, 0xfd, 0xfd, 0xfd, 0xfd,
    0xcf, 0xfe, 0xde, 0xd8, 0xd9, 0x17, 0xfe, 0xc4, 0xb9, 0xba, 0x36, 0xfd,
    0xfd, 0xfd, 0xfd, 0xfd, 0xfd, 0xfd, 0xfd, 0xfd, 0xfd, 0xfd, 0xfd, 0xc0,
    0xff, 0x6b, 0x52, 0x58, 0x29, 0xff, 0x6d, 0x55, 0x55, 0x34, 0xff, 0x70,
    0x55, 0x58, 0xff, 0xdd, 0xfe, 0xed, 0xe9, 0xea, 0xb5, 0x74, 0xfe, 0xb6,
    0xa8, 0xaa, 0x36, 0xfd, 0xfd, 0xfd, 0xfd, 0xcf, 0xfe, 0xde, 0xd8, 0xd9,
    0x17, 0xfe, 0xc4, 0xb9, 0xba, 0x36, 0xfd, 0xfd, 0xfd, 0xfd, 0xfd, 0xfd,
    0xfd, 0xfd, 0xfd, 0xfd, 0xfd, 0xfd, 0xc0, 0xff, 0x6b, 0x52, 0x58, 0x29,
    0xff, 0x6d, 0x55, 0x55, 0x34, 0xff, 0x70, 0x55, 0x58, 0xff, 0xdd, 0xfe,
    0xed, 0xe9, 0xea, 0xb5, 0x74, 0xfe, 0xb6, 0xa8, 0xaa, 0x36, 0xfd, 0xfd,
    0xfd, 0xfd, 0xcf, 0xfe, 0xde, 0xd8, 0xd9, 0x17, 0xfe, 0xc4, 0xb9, 0xba,
    0x36, 0xfd, 0xfd, 0xfd, 0xfd, 0xfd, 0xfd, 0xfd, 0xfd, 0xfd, 0xfd, 0xfd,
    0xfd, 0xc0, 0xff, 0x6b, 0x52, 0x58, 0x29, 0xff, 0x6d, 0x55, 0x55, 0x34,
    0xff, 0x70, 0x55, 0x58, 0xff, 0xdd, 0xfe, 0xed, 0xe9, 0xea, 0xb5, 0x74,
    0xfe, 0xb6, 0xa8, 0xaa, 0x36, 0xfd, 0xfd, 0xfd, 0xfd, 0xcf, 0xfe, 0xde,
    0xd8, 0xd9, 0x17, 0xfe, 0xc4, 0xb9, 0xba, 0x36, 0xfd, 0xfd, 0xfd, 0xfd,
    0xfd, 0xfd, 0xfd, 0xfd, 0xfd, 0xfd, 0xfd, 0xfd, 0xc0, 0xff, 0x6b, 0x52,
    0x58, 0x29, 0xff, 0x6d, 0x55, 0x55, 0x34, 0xff, 0x70, 0x55, 0x58, 0xff,
    0xdd, 0xfe, 0xed, 0xe9, 0xea, 0xb5, 0x74, 0xfe, 0xb6, 0xa8, 0xaa, 0x36,
    0xfd, 0xfd, 0xfd, 0xfd, 0xcf, 0xfe, 0xde, 0xd8, 0xd9, 0x17, 0xfe, 0xc4,
    0xb9, 0xba, 0x36, 0xfd, 0xfd, 0xfd, 0xfd, 0xfd, 0xfd, 0xfd, 0xfd, 0xfd,
    0xfd, 0xfd, 0xfd, 0xc0, 0xff, 0x6b, 0x52, 0x58, 0x29, 0xff, 0x6d, 0x55,
    0x55, 0x34, 0xff, 0x70, 0x55, 0x58, 0xff, 0xdd, 0xfe, 0xed, 0xe9, 0xea,
    0xb5, 0x74, 0xfe, 0xb6, 0xa8, 0xaa, 0x36, 0xfd, 0xfd, 0xfd, 0xfd, 0xcf,
    0xfe, 0xde, 0xd8, 0xd9, 0x17, 0xfe, 0xc4, 0xb9, 0xba, 0x36, 0xfd, 0xfd,
    0xfd, 0xfd, 0xfd, 0xfd, 0xfd, 0xfd, 0xfd, 0xfd, 0xfd, 0xfd, 0xc0, 0xff,
    0x6b, 0x52, 0x58, 0x29, 0xff, 0x6d, 0x55, 0x55, 0x34, 0xff, 0x70, 0x55,
    0x58, 0xff, 0xdd, 0xfe, 0xed, 0xe9, 0xea, 0xb5, 0x74, 0xfe, 0xb6, 0xa8,
    0xaa, 0x36, 0xfd, 0xfd, 0xfd, 0xfd, 0xcf, 0xfe, 0xde, 0xd8, 0xd9, 0x17,
    0xfe, 0xc4, 0xb9, 0xba, 0x36, 0xfd, 0xfd, 0xfd, 0xfd, 0xfd, 0xfd, 0xfd,
    0xfd, 0xfd, 0xfd, 0xfd, 0xfd, 0xc0, 0xff, 0x6b, 0x52, 0x58, 0x29, 0xff,
    0x6d, 0x55, 0x55, 0x34, 0xff, 0x70, 0x55, 0x58, 0xff, 0xdd, 0xfe, 0xed,
    0xe9, 0xea, 0xb5, 0x74, 0xfe, 0xb6, 0xa8, 0xaa, 0x36, 0xfd, 0xfd, 0xfd,
    0xfd, 0xcf, 0xfe, 0xde, 0xd8, 0xd9, 0x17, 0xfe, 0xc4, 0xb9, 0xba, 0x36,
    0xfd, 0xfd, 0xfd, 0xfd, 0xfd, 0xfd, 0xfd, 0xfd, 0xfd, 0xfd, 0xfd, 0xfd,
    0xc0, 0xff, 0x6b, 0x52, 0x58, 0x29, 0xff, 0x6d, 0x55, 0x55, 0x34, 0xff,
    0x70, 0x55, 0x58, 0xff, 0xdd, 0xfe, 0xed, 0xe9, 0xea, 0xb5, 0x74, 0xfe,
    0xb6, 0xa8, 0xaa, 0x36, 0xfd, 0xfd, 0xfd, 0xfd, 0xcf, 0xfe, 0xde, 0xd8,
    0xd9, 0x17, 0xfe, 0xc4, 0xb9, 0xba, 0x36, 0xfd, 0xfd, 0xfd, 0xfd, 0xfd,
    0xfd, 0xfd, 0xfd, 0xfd, 0xfd, 0xfd, 0xfd, 0xc0, 0xff, 0x6b, 0x52, 0x58,
    0x29, 0xff, 0x6d, 0x55, 0x55, 0x34, 0xff, 0x70, 0x55, 0x58, 0xff, 0xdd,
    0xfe, 0xed, 0xe9, 0xea, 0xb5, 0x74, 0xfe, 0xb6, 0xa8, 0xaa, 0x36, 0xfd,
    0xfd, 0xfd, 0xfd, 0xcf, 0xfe, 0xde, 0xd8, 0xd9, 0x17, 0xfe, 0xc4, 0xb9,
    0xba, 0x36, 0xfd, 0xfd, 0xfd, 0xfd, 0xfd, 0xfd, 0xfd, 0xfd, 0xfd, 0xfd,
    0xfd, 0xfd, 0xc0, 0xff, 0x6b, 0x52, 0x58, 0x29, 0xff, 0x6d, 0x55, 0x55,
    0x34, 0xff, 0x70, 0x55, 0x58, 0xff, 0xdd, 0xfe, 0xed, 0xe9, 0xea, 0xb5,
    0x74, 0xfe, 0xb6, 0xa8, 0xaa, 0x36, 0xfd, 0xfd, 0xfd, 0xfd, 0xcf, 0xfe,
    0xde, 0xd8, 0xd9, 0x17, 0xfe, 0xc4, 0xb9, 0xba, 0x36, 0xfd, 0xfd, 0xfd,
    0xfd, 0xfd, 0xfd, 0xfd, 0xfd, 0xfd, 0xfd, 0xfd, 0xfd, 0xc0, 0xff, 0x6b,
    0x52, 0x58, 0x29, 0xff, 0x6d, 0x55, 0x55, 0x34, 0xff, 0x70, 0x55, 0x58,
    0xff, 0xdd, 0xfe, 0xed, 0xe9, 0xea, 0xb5, 0x74, 0xfe, 0xb6, 0xa8, 0xaa,
    0x36, 0xfd, 0xfd, 0xfd, 0xfd, 0xcf, 0xfe, 0xde, 0xd8, 0xd9, 0x17, 0xfe,
    0xc4, 0xb9, 0xba, 0x36, 0xfd, 0xfd, 0xfd, 0xfd, 0xfd, 0xfd, 0xfd, 0xfd,
    0xfd, 0xfd, 0xfd, 0xfd, 0xc0, 0xff, 0x6b, 0x52, 0x58, 0x29, 0xff, 0x6d,
    0x55, 0x55, 0x34, 0xff, 0x70, 0x55, 0x58, 0xff, 0xdd, 0xfe, 0xed, 0xe9,
    0xea, 0xb5, 0x74, 0xfe, 0xb6, 0xa8, 0xaa, 0x36, 0xfd, 0xfd, 0xfd, 0xfd,
    0xcf, 0xfe, 0xde, 0xd8, 0xd9, 0x17, 0xfe, 0xc4, 0xb9, 0xba, 0x36, 0xfd,
    0xfd, 0xfd, 0xfd, 0xfd, 0xfd, 0xfd, 0xfd, 0xfd, 0xfd, 0xfd, 0xfd, 0xc0,
    0xff, 0x6b, 0x52, 0x58, 0x29, 0xff, 0x6d, 0x55, 0x55, 0x34, 0xff, 0x70,
    0x55, 0x58, 0xff, 0xdd, 0xfe, 0xed, 0xe9, 0xea, 0xb5, 0x74, 0xfe, 0xb6,
    0xa8, 0xaa, 0x36, 0xfd, 0xfd, 0xfd, 0xfd, 0xcf, 0xfe, 0xde, 0xd8, 0xd9,
    0x17, 0xfe, 0xc4, 0xb9, 0xba, 0x36, 0xfd, 0xfd, 0xfd, 0xfd, 0xfd, 0xfd,
    0xfd, 0xfd, 0xfd, 0xfd, 0xfd, 0xfd, 0xc0, 0xff, 0x6b, 0x52, 0x58, 0x29,
    0xff, 0x6d, 0x55, 0x55, 0x34, 0xff, 0x70, 0x55, 0x58, 0xff, 0xdd, 0xfe,
    0xed, 0xe9, 0xea, 0xb5, 0x74, 0xfe, 0xb6, 0xa8, 0xaa, 0x36, 0xfd, 0xfd,
    0xfd, 0xfd, 0xcf, 0xfe, 0xde, 0xd8, 0xd9, 0x17, 0xfe, 0xc4, 0xb9, 0xba,
    0x36, 0xfd, 0xfd, 0xfd, 0xfd, 0xfd, 0xfd, 0xfd, 0xfd, 0xfd, 0xfd, 0xfd,
    0xfd, 0xc0, 0xff, 0x6b, 0x52, 0x58, 0x29, 0xff, 0x6d, 0x55, 0x55, 0x34,
    0xff, 0x70, 0x55, 0x58, 0xff, 0xdd, 0xfe, 0xed, 0xe9, 0xea, 0xb5, 0x74,
    0xfe, 0xb6, 0xa8, 0xaa, 0x36, 0xfd, 0xfd, 0xfd, 0xfd, 0xcf, 0xfe, 0xde,
    0xd8, 0xd9, 0x17, 0xfe, 0xc4, 0xb9, 0xba, 0x36, 0xfd, 0xfd, 0xfd, 0xfd,
    0xfd, 0xfd, 0xfd, 0xfd, 0xfd, 0xfd, 0xfd, 0xfd, 0xc0, 0xff, 0x6b, 0x52,
    0x58, 0x29, 0xff, 0x6d, 0x55, 0x55, 0x34, 0xff, 0x70, 0x55, 0x58, 0xff,
    0xdd, 0xfe, 0xed, 0xe9, 0xea, 0xb5, 0x74, 0xfe, 0xb6, 0xa8, 0xaa, 0x36,
    0xfd, 0xfd, 0xfd, 0xfd, 0xcf, 0xfe, 0xde, 0xd8, 0xd9, 0x17, 0xfe, 0xc4,
    0xb9, 0xba, 0x36, 0xfd, 0xfd, 0xfd, 0xfd, 0xfd, 0xfd, 0xfd, 0xfd, 0xfd,
    0xfd, 0xfd, 0xfd, 0xc0, 0xff, 0x6b, 0x52, 0x58, 0x29, 0xff, 0x6d, 0x55,
    0x55, 0x34, 0xff, 0x70, 0x55, 0x58, 0xff, 0xdd, 0xfe, 0xed, 0xe9, 0xea,
    0xb5, 0x74, 0xfe, 0xb6, 0xa8, 0xaa, 0x36, 0xfd, 0xfd, 0xfd, 0xfd, 0xcf,
    0xfe, 0xde, 0xd8, 0xd9, 0x17, 0xfe, 0xc4, 0xb9, 0xba, 0x36, 0xfd, 0xfd,
    0xfd, 0xfd, 0xfd, 0xfd, 0xfd, 0xfd, 0xfd, 0xfd, 0xfd, 0xfd, 0xc0, 0xff,
    0x6b, 0x52, 0x58, 0x29, 0xff, 0x6d, 0x55, 0x55, 0x34, 0xff, 0x70, 0x55,
    0x58, 0xff, 0xdd, 0xfe, 0xed, 0xe9, 0xea, 0xb5, 0x74, 0xfe, 0xb6, 0xa8,
    0xaa, 0x36, 0xfd, 0xfd, 0xfd, 0xfd, 0xcf, 0xfe, 0xde, 0xd8, 0xd9, 0x17,
    0xfe, 0xc4, 0xb9, 0xba, 0x36, 0xfd, 0xfd, 0xfd, 0xfd, 0xfd, 0xfd, 0xfd,
    0xfd, 0xfd, 0xfd, 0xfd, 0xfd, 0xc0, 0xff, 0x6b, 0x52, 0x58, 0x29, 0xff,
    0x6d, 0x55, 0x55, 0x34, 0xff, 0x70, 0x55, 0x58, 0xff, 0xdd, 0xfe, 0xed,
    0xe9, 0xea, 0xb5, 0x74, 0xfe, 0xb6, 0xa8, 0xaa, 0x36, 0xfd, 0xfd, 0xfd,
    0xfd, 0xcf, 0xfe, 0xde, 0xd8, 0xd9, 0x17, 0xfe, 0xc4, 0xb9, 0xba, 0x36,
    0xfd, 0xfd, 0xfd, 0xfd, 0xfd, 0xfd, 0xfd, 0xfd, 0xfd, 0xfd, 0xfd, 0xfd,
    0xc0, 0xff, 0x6b, 0x52, 0x58, 0x29, 0xff, 0x6d, 0x55, 0x55, 0x34, 0xff,
    0x70, 0x55, 0x58, 0xff, 0xdd, 0xfe, 0xed, 0xe9, 0xea, 0xb5, 0x74, 0xfe,
    0xb6, 0xa8, 0xaa, 0x36, 0xfd, 0xfd, 0xfd, 0xfd, 0xcf, 0xfe, 0xde, 0xd8,
    0xd9, 0x17, 0xfe, 0xc4, 0xb9, 0xba, 0x36, 0xfd, 0xfd, 0xfd, 0xfd, 0xfd,
    0xfd, 0xfd, 0xfd, 0xfd, 0xfd, 0xfd, 0xfd, 0xc0, 0xff, 0x6b, 0x52, 0x58,
    0x29, 0xff, 0x6d, 0x55, 0x55, 0x34, 0xff, 0x70, 0x55, 0x58, 0xff, 0xdd,
    0xfe, 0xed, 0xe9, 0xea, 0xb5, 0x74, 0xfe, 0xb6, 0xa8, 0xaa, 0x36, 0xfd,
    0xfd, 0xfd, 0xfd, 0xcf, 0xfe, 0xde, 0xd8, 0xd9, 0x17, 0xfe, 0xc4, 0xb9,
    0xba, 0x36, 0xfd, 0xfd, 0xfd, 0xfd, 0xfd, 0xfd, 0xfd, 0xfd, 0xfd, 0xfd,
    0xfd, 0xfd, 0xc0, 0xff, 0x6b, 0x52, 0x58, 0x29, 0xff, 0x6d, 0x55, 0x55,
    0x34, 0xff, 0x70, 0x55, 0x58, 0xff, 0xdd, 0xfe, 0xed, 0xe9, 0xea, 0xb5,
    0x74, 0xfe, 0xb6, 0xa8, 0xaa, 0x36, 0xfd, 0xfd, 0xfd, 0xfd, 0xcf, 0xfe,
    0xde, 0xd8, 0xd9, 0x17, 0xfe, 0xc4, 0xb9, 0xba, 0x36, 0xfd, 0xfd, 0xfd,
    0xfd, 0xfd, 0xfd, 0xfd, 0xfd, 0xfd, 0xfd, 0xfd, 0xfd, 0xc0, 0xff, 0x6b,
    0x52, 0x58, 0x29, 0xff, 0x6d, 0x55, 0x55, 0x34, 0xff, 0x70, 0x55, 0x58,
    0xff, 0xdd, 0xfe, 0xed, 0xe9, 0xea, 0xb5, 0x74, 0xfe, 0xb6, 0xa8, 0xaa,
    0x36, 0xfd, 0xfd, 0xfd, 0xfd, 0xcf, 0xfe, 0xde, 0xd8, 0xd9, 0x17, 0xfe,
    0xc4, 0xb9, 0xba, 0x36, 0xfd, 0xfd, 0xfd, 0xfd, 0xfd, 0xfd, 0xfd, 0xfd,
    0xfd, 0xfd, 0xfd, 0xfd, 0xc0, 0xff, 0x6b, 0x52, 0x58, 0x29, 0xff, 0x6d,
    0x55, 0x55, 0x34, 0xff, 0x70, 0x55, 0x58, 0xff, 0xdd, 0xfe, 0xed, 0xe9,
    0xea, 0xb5, 0x74, 0xfe, 0xb6, 0xa8, 0xaa, 0x36, 0xfd, 0xfd, 0xfd, 0xfd,
    0xcf, 0xfe, 0xde, 0xd8, 0xd9, 0x17, 0xfe, 0xc4, 0xb9, 0xba, 0x36, 0xfd,
    0xfd, 0xfd, 0xfd, 0xfd, 0xfd, 0xfd, 0xfd, 0xfd, 0xfd, 0xfd, 0xfd, 0xc0,
    0xff, 0x6b, 0x52, 0x58, 0x29, 0xff, 0x6d, 0x55, 0x55, 0x34, 0xff, 0x70,
    0x55, 0x58, 0xff, 0xdd, 0xfe, 0xed, 0xe9, 0xea, 0xb5, 0x74, 0xfe, 0xb6,
    0xa8, 0xaa, 0x36, 0xfd, 0xfd, 0xfd, 0xfd, 0xcf, 0xfe, 0xde, 0xd8, 0xd9,
    0x17, 0xfe, 0xc4, 0xb9, 0xba, 0x36, 0xfd, 0xfd, 0xfd, 0xfd, 0xfd, 0xfd,
    0xfd, 0xfd, 0xfd, 0xfd, 0xfd, 0xfd, 0xc0, 0xff, 0x6b, 0x52, 0x58, 0x29,
    0xff, 0x6d, 0x55, 0x55, 0x34, 0xff, 0x70, 0x55, 0x58, 0xff, 0xdd, 0xfe,
    0xed, 0xe9, 0xea, 0xb5, 0x74, 0xfe, 0xb6, 0xa8, 0xaa, 0x36, 0xfd, 0xfd,
    0xfd, 0xfd, 0xcf, 0xfe, 0xde, 0xd8, 0xd9, 0x17, 0xfe, 0xc4, 0xb9, 0xba,
    0x36, 0xfd, 0xfd, 0xfd, 0xfd, 0xfd, 0xfd, 0xfd, 0xfd, 0xfd, 0xfd, 0xfd,
    0xfd, 0xc0, 0xff, 0x6b, 0x52, 0x58, 0x29, 0xff, 0x6d, 0x55, 0x55, 0x34,
    0xff, 0x70, 0x55, 0x58, 0xff, 0xdd, 0xfe, 0xed, 0xe9, 0xea, 0xb5, 0x74,
    0xfe, 0xb6, 0xa8, 0xaa, 0x36, 0xfd, 0xfd, 0xfd, 0xfd, 0xcf, 0xfe, 0xde,
    0xd8, 0xd9, 0x17, 0xfe, 0xc4, 0xb9, 0xba, 0x36, 0xfd, 0xfd, 0xfd, 0xfd,
    0xfd, 0xfd, 0xfd, 0xfd, 0xfd, 0xfd, 0xfd, 0xfd, 0xc0, 0xff, 0x6b, 0x52,
    0x58, 0x29, 0xff, 0x6d, 0x55, 0x55, 0x34, 0xff, 0x70, 0x55, 0x58, 0xff,
    0xdd, 0xfe, 0xed, 0xe9, 0xea, 0xb5, 0x74, 0xfe, 0xb6, 0xa8, 0xaa, 0x36,
    0xfd, 0xfd, 0xfd, 0xfd, 0xcf, 0xfe, 0xde, 0xd8, 0xd9, 0x17, 0xfe, 0xc4,
    0xb9, 0xba, 0x36, 0xfd, 0xfd, 0xfd, 0xfd, 0xfd, 0xfd, 0xfd, 0xfd, 0xfd,
    0xfd, 0xfd, 0xfd, 0xc0, 0xff, 0x6b, 0x52, 0x58, 0x29, 0xff, 0x6d, 0x55,
    0x55, 0x34, 0xff, 0x70, 0x55, 0x58, 0xff, 0xdd, 0xfe, 0xed, 0xe9, 0xea,
    0xb5, 0x74, 0xfe, 0xb6, 0xa8, 0xaa, 0x36, 0xfd, 0xfd, 0xfd, 0xfd, 0xcf,
    0xfe, 0xde, 0xd8, 0xd9, 0x17, 0xfe, 0xc4, 0xb9, 0xba, 0x36, 0xfd, 0xfd,
    0xfd, 0xfd, 0xfd, 0xfd, 0xfd, 0xfd, 0xfd, 0xfd, 0xfd, 0xfd, 0xc0, 0xff,
    0x6b, 0x52, 0x58, 0x29, 0xff, 0x6d, 0x55, 0x55, 0x34, 0xff, 0x70, 0x55,
    0x58, 0xff, 0xdd, 0xfe, 0xed, 0xe9, 0xea, 0xb5, 0x74, 0xfe, 0xb6, 0xa8,
    0xaa, 0x36, 0xfd, 0xfd, 0xfd, 0xfd, 0xcf, 0xfe, 0xde, 0xd8, 0xd9, 0x17,
    0xfe, 0xc4, 0xb9, 0xba, 0x36, 0xfd, 0xfd, 0xfd, 0xfd, 0xfd, 0xfd, 0xfd,
    0xfd, 0xfd, 0xfd, 0xfd, 0xfd, 0xc0, 0xff, 0x6b, 0x52, 0x58, 0x29, 0xff,
    0x6d, 0x55, 0x55, 0x34, 0xff, 0x70, 0x55, 0x58, 0xff, 0xdd, 0xfe, 0xed,
    0xe9, 0xea, 0xb5, 0x74, 0xfe, 0xb6, 0xa8, 0xaa, 0x36, 0xfd, 0xfd, 0xfd,
    0xfd, 0xcf, 0xfe, 0xde, 0xd8, 0xd9, 0x17, 0xfe, 0xc4, 0xb9, 0xba, 0x36,
    0xfd, 0xfd, 0xfd, 0xfd, 0xfd, 0xfd, 0xfd, 0xfd, 0xfd, 0xfd, 0xfd, 0xfd,
    0xc0, 0xff, 0x6b, 0x52, 0x58, 0x29, 0xff, 0x6d, 0x55, 0x55, 0x34, 0xff,
    0x70, 0x55, 0x58, 0xff, 0xdd, 0xfe, 0xed, 0xe9, 0xea, 0xb5, 0x74, 0xfe,
    0xb6, 0xa8, 0xaa, 0x36, 0xfd, 0xfd, 0xfd, 0xfd, 0xcf, 0xfe, 0xde, 0xd8,
    0xd9, 0x17, 0xfe, 0xc4, 0xb9, 0xba, 0x36, 0xfd, 0xfd, 0xfd, 0xfd, 0xfd,
    0xfd, 0xfd, 0xfd, 0xfd, 0xfd, 0xfd, 0xfd, 0xc0, 0xff, 0x6b, 0x52, 0x58,
    0x29, 0xff, 0x6d, 0x55, 0x55, 0x34, 0xff, 0x70, 0x55, 0x58, 0xff, 0xdd,
    0xfe, 0xed, 0xe9, 0xea, 0xb5, 0x74, 0xfe, 0xb6, 0xa8, 0xaa, 0x36, 0xfd,
    0xfd, 0xfd, 0xfd, 0xcf, 0xfe, 0xde, 0xd8, 0xd9, 0x17, 0xfe, 0xc4, 0xb9,
    0xba, 0x36, 0xfd, 0xfd, 0xfd, 0xfd, 0xfd, 0xfd, 0xfd, 0xfd, 0xfd, 0xfd,
    0xfd, 0xfd, 0xc0, 0xff, 0x6b, 0x52, 0x58, 0x29, 0xff, 0x6d, 0x55, 0x55,
    0x34, 0xff, 0x70, 0x55, 0x58, 0xff, 0xdd, 0xfe, 0xed, 0xe9, 0xea, 0xb5,
    0x74, 0xfe, 0xb6, 0xa8, 0xaa, 0x36, 0xfd, 0xfd, 0xfd, 0xfd, 0xcf, 0xfe,
    0xde, 0xd8, 0xd9, 0x17, 0xfe, 0xc4, 0xb9, 0xba, 0x36, 0xfd, 0xfd, 0xfd,
    0xfd, 0xfd, 0xfd, 0xfd, 0xfd, 0xfd, 0xfd, 0xfd, 0xfd, 0xc0, 0xff, 0x6b,
    0x52, 0x58, 0x29, 0xff, 0x6d, 0x55, 0x55, 0x34, 0xff, 0x70, 0x55, 0x58,
    0xff, 0xdd, 0xfe, 0xed, 0xe9, 0xea, 0xb5, 0x74, 0xfe, 0xb6, 0xa8, 0xaa,
    0x36, 0xfd, 0xfd, 0xfd, 0xfd, 0xcf, 0xfe, 0xde, 0xd8, 0xd9, 0x17, 0xfe,
    0xc4, 0xb9, 0xba, 0x36, 0xfd, 0xfd, 0xfd, 0xfd, 0xfd, 0xfd, 0xfd, 0xfd,
    0xfd, 0xfd, 0xfd, 0xfd, 0xc0, 0xff, 0x6b, 0x52, 0x58, 0x29, 0xff, 0x6d,
    0x55, 0x55, 0x34, 0xff, 0x70, 0x55, 0x58, 0xff, 0xdd, 0xfe, 0xed, 0xe9,
    0xea, 0xb5, 0x74, 0xfe, 0xb6, 0xa8, 0xaa, 0x36, 0xfd, 0xfd, 0xfd, 0xfd,
    0xcf, 0xfe, 0xde, 0xd8, 0xd9, 0x17, 0xfe, 0xc4, 0xb9, 0xba, 0x36, 0xfd,
    0xfd, 0xfd, 0xfd, 0xfd, 0xfd, 0xfd, 0xfd, 0xfd, 0xfd, 0xfd, 0xfd, 0xc0,
    0xff, 0x6b, 0x52, 0x58, 0x29, 0xff, 0x6d, 0x55, 0x55, 0x34, 0xff, 0x70,
    0x55, 0x58, 0xff, 0xdd, 0xfe, 0xed, 0xe9, 0xea, 0xb5, 0x74, 0xfe, 0xb6,
    0xa8, 0xaa, 0x36, 0xfd, 0xfd, 0xfd, 0xfd, 0xcf, 0xfe, 0xde, 0xd8, 0xd9,
    0x17, 0xfe, 0xc4, 0xb9, 0xba, 0x36, 0xfd, 0xfd, 0xfd, 0xfd, 0xfd, 0xfd,
    0xfd, 0xfd, 0xfd, 0xfd, 0xfd, 0xfd, 0xc0, 0xff, 0x6b, 0x52, 0x58, 0x29,
    0xff, 0x6d, 0x55, 0x55, 0x34, 0xff, 0x70, 0x55, 0x58, 0xff, 0xdd, 0xfe,
    0xed, 0xe9, 0xea, 0xb5, 0x74, 0xfe, 0xb6, 0xa8, 0xaa, 0x36, 0xfd, 0xfd,
    0xfd, 0xfd, 0xcf, 0xfe, 0xde, 0xd8, 0xd9, 0x17, 0xfe, 0xc4, 0xb9, 0xba,
    0x36, 0xfd, 0xfd, 0xfd, 0xfd, 0xfd, 0xfd, 0xfd, 0xfd, 0xfd, 0xfd, 0xfd,
    0xfd, 0xc0, 0xff, 0x6b, 0x52, 0x58, 0x29, 0xff, 0x6d, 0x55, 0x55, 0x34,
    0xff, 0x70, 0x55, 0x58, 0xff, 0xdd, 0xfe, 0xed, 0xe9, 0xea, 0xb5, 0x74,
    0xfe, 0xb6, 0xa8, 0xaa, 0x36, 0xfd, 0xfd, 0xfd, 0xfd, 0xcf, 0xfe, 0xde,
    0xd8, 0xd9, 0x17, 0xfe, 0xc4, 0xb9, 0xba, 0x36, 0xfd, 0xfd, 0xfd, 0xfd,
    0xfd, 0xfd, 0xfd, 0xfd, 0xfd, 0xfd, 0xfd, 0xfd, 0xc0, 0xff, 0x6b, 0x52,
    0x58, 0x29, 0xff, 0x6d, 0x55, 0x55, 0x34, 0xff, 0x70, 0x55, 0x58, 0xff,
    0xdd, 0xfe, 0xed, 0xe9, 0xea, 0xb5, 0x74, 0xfe, 0xb6, 0xa8, 0xaa, 0x36,
    0xfd, 0xfd, 0xfd, 0xfd, 0xcf, 0xfe, 0xde, 0xd8, 0xd9, 0x17, 0xfe, 0xc4,
    0xb9, 0xba, 0x36, 0xfd, 0xfd, 0xfd, 0xfd, 0xfd, 0xfd, 0xfd, 0xfd, 0xfd,
    0xfd, 0xfd, 0xfd, 0xc0, 0xff, 0x6b, 0x52, 0x58, 0x29, 0xff, 0x6d, 0x55,
    0x55, 0x34, 0xff, 0x70, 0x55, 0x58, 0xff, 0xdd, 0xfe, 0xed, 0xe9, 0xea,
    0xb5, 0x74, 0xfe, 0xb6, 0xa8, 0xaa, 0x36, 0xfd, 0xfd, 0xfd, 0xfd, 0xcf,
    0xfe, 0xde, 0xd8, 0xd9, 0x17, 0xfe, 0xc4, 0xb9, 0xba, 0x36, 0xfd, 0xfd,
    0xfd, 0xfd, 0xfd, 0xfd, 0xfd, 0xfd, 0xfd, 0xfd, 0xfd, 0xfd, 0xc0, 0xff,
    0x6b, 0x52, 0x58, 0x29, 0xff, 0x6d, 0x55, 0x55, 0x34, 0xff, 0x70, 0x55,
    0x58, 0xff, 0xdd, 0xfe, 0xed, 0xe9, 0xea, 0xb5, 0x74, 0xfe, 0xb6, 0xa8,
    0xaa, 0x36, 0xfd, 0xfd, 0xfd, 0xfd, 0xcf, 0xfe, 0xde, 0xd8, 0xd9, 0x17,
    0xfe, 0xc4, 0xb9, 0xba, 0x36, 0xfd, 0xfd, 0xfd, 0xfd, 0xfd, 0xfd, 0xfd,
    0xfd, 0xfd, 0xfd, 0xfd, 0xfd, 0xc0, 0xff, 0x6b, 0x52, 0x58, 0x29, 0xff,
    0x6d, 0x55, 0x55, 0x34, 0xff, 0x70, 0x55, 0x58, 0xff, 0xdd, 0xfe, 0xed,
    0xe9, 0xea, 0xb5, 0x74, 0xfe, 0xb6, 0xa8, 0xaa, 0x36, 0xfd, 0xfd, 0xfd,
    0xfd, 0xcf, 0xfe, 0xde, 0xd8, 0xd9, 0x17, 0xfe, 0xc4, 0xb9, 0xba, 0x36,
    0xfd, 0xfd, 0xfd, 0xfd, 0xfd, 0xfd, 0xfd, 0xfd, 0xfd, 0xfd, 0xfd, 0xfd,
    0xc0, 0xff, 0x6b, 0x52, 0x58, 0x29, 0xff, 0x6d, 0x55, 0x55, 0x34, 0xff,
    0x70, 0x55, 0x58, 0xff, 0xdd, 0xfe, 0xed, 0xe9, 0xea, 0xb5, 0x74, 0xfe,
    0xb6, 0xa8, 0xaa, 0x36, 0xfd, 0xfd, 0xfd, 0xfd, 0xcf, 0xfe, 0xde, 0xd8,
    0xd9, 0x17, 0xfe, 0xc4, 0xb9, 0xba, 0x36, 0xfd, 0xfd, 0xfd, 0xfd, 0xfd,
    0xfd, 0xfd, 0xfd, 0xfd, 0xfd, 0xfd, 0xfd, 0xc0, 0xff, 0x6b, 0x52, 0x58,
    0x29, 0xff, 0x6d, 0x55, 0x55, 0x34, 0xff, 0x70, 0x55, 0x58, 0xff, 0xdd,
    0xfe, 0xed, 0xe9, 0xea, 0xb5, 0x74, 0xfe, 0xb6, 0xa8, 0xaa, 0x36, 0xfd,
    0xfd, 0xfd, 0xfd, 0xcf, 0xfe, 0xde, 0xd8, 0xd9, 0x17, 0xfe, 0xc4, 0xb9,
    0xba, 0x36, 0xfd, 0xfd, 0xfd, 0xfd, 0xfd, 0xfd, 0xfd, 0xfd, 0xfd, 0xfd,
    0xfd, 0xfd, 0xc0, 0xff, 0x6b, 0x52, 0x58, 0x29, 0xff, 0x6d, 0x55, 0x55,
    0x34, 0xff, 0x70, 0x55, 0x58, 0xff, 0xdd, 0xfe, 0xed, 0xe9, 0xea, 0xb5,
    0x74, 0xfe, 0xb6, 0xa8, 0xaa, 0x36, 0xfd, 0xfd, 0xfd, 0xfd, 0xcf, 0xfe,
    0xde, 0xd8, 0xd9, 0x17, 0xfe, 0xc4, 0xb9, 0xba, 0x36, 0xfd, 0xfd, 0xfd,
    0xfd, 0xfd, 0xfd, 0xfd, 0xfd, 0xfd, 0xfd, 0xfd, 0xfd, 0xc0, 0xff, 0x6b,
    0x52, 0x58, 0x29, 0xff, 0x6d, 0x55, 0x55, 0x34, 0xff, 0x70, 0x55, 0x58,
    0xff, 0xdd, 0xfe, 0xed, 0xe9, 0xea, 0xb5, 0x74, 0xfe, 0xb6, 0xa8, 0xaa,
    0x36, 0xfd, 0xfd, 0xfd, 0xfd, 0xcf, 0xfe, 0xde, 0xd8, 0xd9, 0x17, 0xfe,
    0xc4, 0xb9, 0xba, 0x36, 0xfd, 0xfd, 0xfd, 0xfd, 0xfd, 0xfd, 0xfd, 0xfd,
    0xfd, 0xfd, 0xfd, 0xfd, 0xc0, 0xff, 0x6b, 0x52, 0x58, 0x29, 0xff, 0x6d,
    0x55, 0x55, 0x34, 0xff, 0x70, 0x55, 0x58, 0xff, 0xdd, 0xfe, 0xed, 0xe9,
    0xea, 0xb5, 0x74, 0xfe, 0xb6, 0xa8, 0xaa, 0x36, 0xfd, 0xfd, 0xfd, 0xfd,
    0xcf, 0xfe, 0xde, 0xd8, 0xd9, 0x17, 0xfe, 0xc4, 0xb9, 0xba, 0x36, 0xfd,
    0xfd, 0xfd, 0xfd, 0xfd, 0xfd, 0xfd, 0xfd, 0xfd, 0xfd, 0xfd, 0xfd, 0xc0,
    0xff, 0x6b, 0x52, 0x58, 0x29, 0xff, 0x6d, 0x55, 0x55, 0x34, 0xff, 0x70,
    0x55, 0x58, 0xff, 0xdd, 0xfe, 0xed, 0xe9, 0xea, 0xb5, 0x74, 0xfe, 0xb6,
    0xa8, 0xaa, 0x36, 0xfd, 0xfd, 0xfd, 0xfd, 0xcf, 0xfe, 0xde, 0xd8, 0xd9,
    0x17, 0xfe, 0xc4, 0xb9, 0xba, 0x36, 0xfd, 0xfd, 0xfd, 0xfd, 0xfd, 0xfd,
    0xfd, 0xfd, 0xfd, 0xfd, 0xfd, 0xfd, 0xc0, 0xff, 0x6b, 0x52, 0x58, 0x29,
    0xff, 0x6d, 0x55, 0x55, 0x34, 0xff, 0x70, 0x55, 0x58, 0xff, 0xdd, 0xfe,
    0xed, 0xe9, 0xea, 0xb5, 0x74, 0xfe, 0xb6, 0xa8, 0xaa, 0x36, 0xfd, 0xfd,
    0xfd, 0xfd, 0xcf, 0xfe, 0xde, 0xd8, 0xd9, 0x17, 0xfe, 0xc4, 0xb9, 0xba,
    0x36, 0xfd, 0xfd, 0xfd, 0xfd, 0xfd, 0xfd, 0xfd, 0xfd, 0xfd, 0xfd, 0xfd,
    0xfd, 0xc0, 0xff, 0x6b, 0x52, 0x58, 0x29, 0xff, 0x6d, 0x55, 0x55, 0x34,
    0xff, 0x70, 0x55, 0x58, 0xff, 0xdd, 0xfe, 0xed, 0xe9, 0xea, 0xb5, 0x74,
    0xfe, 0xb6, 0xa8, 0xaa, 0x36, 0xfd, 0xfd, 0xfd, 0xfd, 0xcf, 0xfe, 0xde,
    0xd8, 0xd9, 0x17, 0xfe, 0xc4, 0xb9, 0xba, 0x36, 0xfd, 0xfd, 0xfd, 0xfd,
    0xfd, 0xfd, 0xfd, 0xfd, 0xfd, 0xfd, 0xfd, 0xfd, 0xc0, 0xff, 0x6b, 0x52,
    0x58, 0x29, 0xff, 0x6d, 0x55, 0x55, 0x34, 0xff, 0x70, 0x55, 0x58, 0xff,
    0xdd, 0xfe, 0xed, 0xe9, 0xea, 0xb5, 0x74, 0xfe, 0xb6, 0xa8, 0xaa, 0x36,
    0xfd, 0xfd, 0xfd, 0xfd, 0xcf, 0xfe, 0xde, 0xd8, 0xd9, 0x17, 0xfe, 0xc4,
    0xb9, 0xba, 0x36, 0xfd, 0xfd, 0xfd, 0xfd, 0xfd, 0xfd, 0xfd, 0xfd, 0xfd,
    0xfd, 0xfd, 0xfd, 0xc0, 0xff, 0x6b, 0x52, 0x58, 0x29, 0xff, 0x6d, 0x55,
    0x55, 0x34, 0xff, 0x70, 0x55, 0x58, 0xff, 0xdd, 0xfe, 0xed, 0xe9, 0xea,
    0xb5, 0x74, 0xfe, 0xb6, 0xa8, 0xaa, 0x36, 0xfd, 0xfd, 0xfd, 0xfd, 0xcf,
    0xfe, 0xde, 0xd8, 0xd9, 0x17, 0xfe, 0xc4, 0xb9, 0xba, 0x36, 0xfd, 0xfd,
    0xfd, 0xfd, 0xfd, 0xfd, 0xfd, 0xfd, 0xfd, 0xfd, 0xfd, 0xfd, 0xc0, 0xff,
    0x6b, 0x52, 0x58, 0x29, 0xff, 0x6d, 0x55, 0x55, 0x34, 0xff, 0x70, 0x55,
    0x58, 0xff, 0xdd, 0xfe, 0xed, 0xe9, 0xea, 0xb5, 0x74, 0xfe, 0xb6, 0xa8,
    0xaa, 0x36, 0xfd, 0xfd, 0xfd, 0xfd, 0xcf, 0xfe, 0xde, 0xd8, 0xd9, 0x17,
    0xfe, 0xc4, 0xb9, 0xba, 0x36, 0xfd, 0xfd, 0xfd, 0xfd, 0xfd, 0xfd, 0xfd,
    0xfd, 0xfd, 0xfd, 0xfd, 0xfd, 0xc0, 0xff, 0x6b, 0x52, 0x58, 0x29, 0xff,
    0x6d, 0x55, 0x55, 0x34, 0xff, 0x70, 0x55, 0x58, 0xff, 0xdd, 0xfe, 0xed,
    0xe9, 0xea, 0xb5, 0x74, 0xfe, 0xb6, 0xa8, 0xaa, 0x36, 0xfd, 0xfd, 0xfd,
    0xfd, 0xcf, 0xfe, 0xde, 0xd8, 0xd9, 0x17, 0xfe, 0xc4, 0xb9, 0xba, 0x36,
    0xfd, 0xfd, 0xfd, 0xfd, 0xfd, 0xfd, 0xfd, 0xfd, 0xfd, 0xfd, 0xfd, 0xfd,
    0xc0, 0xff, 0x6b, 0x52, 0x58, 0x29, 0xff, 0x6d, 0x55, 0x55, 0x34, 0xff,
    0x70, 0x55, 0x58, 0xff, 0xdd, 0xfe, 0xed, 0xe9, 0xea, 0xb5, 0x74, 0xfe,
    0xb6, 0xa8, 0xaa, 0x36, 0xfd, 0xfd, 0xfd, 0xfd, 0xcf, 0xfe, 0xde, 0xd8,
    0xd9, 0x17, 0xfe, 0xc4, 0xb9, 0xba, 0x36, 0xfd, 0xfd, 0xfd, 0xfd, 0xfd,
    0xfd, 0xfd, 0xfd, 0xfd, 0xfd, 0xfd, 0xfd, 0xc0, 0xff, 0x6b, 0x52, 0x58,
    0x29, 0xff, 0x6d, 0x55, 0x55, 0x34, 0xff, 0x70, 0x55, 0x58, 0xff, 0xdd,
    0xfe, 0xed, 0xe9, 0xea, 0xb5, 0x74, 0xfe, 0xb6, 0xa8, 0xaa, 0x36, 0xfd,
    0xfd, 0xfd, 0xfd, 0xcf, 0xfe, 0xde, 0xd8, 0xd9, 0x17, 0xfe, 0xc4, 0xb9,
    0xba, 0x36, 0xfd, 0xfd, 0xfd, 0xfd, 0xfd, 0xfd, 0xfd, 0xfd, 0xfd, 0xfd,
    0xfd, 0xfd, 0xc0, 0xff, 0x6b, 0x52, 0x58, 0x29, 0xff, 0x6d, 0x55, 0x55,
    0x34, 0xff, 0x70, 0x55, 0x58, 0xff, 0xdd, 0xfe, 0xed, 0xe9, 0xea, 0xb5,
    0x74, 0xfe, 0xb6, 0xa8, 0xaa, 0x36, 0xfd, 0xfd, 0xfd, 0xfd, 0xcf, 0xfe,
    0xde, 0xd8, 0xd9, 0x17, 0xfe, 0xc4, 0xb9, 0xba, 0x36, 0xfd, 0xfd, 0xfd,
    0xfd, 0xfd, 0xfd, 0xfd, 0xfd, 0xfd, 0xfd, 0xfd, 0xfd, 0xc0, 0xff, 0x6b,
    0x52, 0x58, 0x29, 0xff, 0x6d, 0x55, 0x55, 0x34, 0xff, 0x70, 0x55, 0x58,
    0xff, 0xdd, 0xfe, 0xed, 0xe9, 0xea, 0xb5, 0x74, 0xfe, 0xb6, 0xa8, 0xaa,
    0x36, 0xfd, 0xfd, 0xfd, 0xfd, 0xcf, 0xfe, 0xde, 0xd8, 0xd9, 0x17, 0xfe,
    0xc4, 0xb9, 0xba, 0x36, 0xfd, 0xfd, 0xfd, 0xfd, 0xfd, 0xfd, 0xfd, 0xfd,
    0xfd, 0xfd, 0xfd, 0xfd, 0xc0, 0xff, 0x6b, 0x52, 0x58, 0x29, 0xff, 0x6d,
    0x55, 0x55, 0x34, 0xff, 0x70, 0x55, 0x58, 0xff, 0xdd, 0xfe, 0xed, 0xe9,
    0xea, 0xb5, 0x74, 0xfe, 0xb6, 0xa8, 0xaa, 0x36, 0xfd, 0xfd, 0xfd, 0xfd,
    0xcf, 0xfe, 0xde, 0xd8, 0xd9, 0x17, 0xfe, 0xc4, 0xb9, 0xba, 0x36, 0xfd,
    0xfd, 0xfd, 0xfd, 0xfd, 0xfd, 0xfd, 0xfd, 0xfd, 0xfd, 0xfd, 0xfd, 0xc0,
    0xff, 0x6b, 0x52, 0x58, 0x29, 0xff, 0x6d, 0x55, 0x55, 0x34, 0xff, 0x70,
    0x55, 0x58, 0xff, 0xdd, 0xfe, 0xed, 0xe9, 0xea, 0xb5, 0x74, 0xfe, 0xb6,
    0xa8, 0xaa, 0x36, 0xfd, 0xfd, 0xfd, 0xfd, 0xcf, 0xfe, 0xde, 0xd8, 0xd9,
    0x17, 0xfe, 0xc4, 0xb9, 0xba, 0x36, 0xfd, 0xfd, 0xfd, 0xfd, 0xfd, 0xfd,
    0xfd, 0xfd, 0xfd, 0xfd, 0xfd, 0xfd, 0xc0, 0xff, 0x6b, 0x52, 0x58, 0x29,
    0xff, 0x6d, 0x55, 0x55, 0x34, 0xff, 0x70, 0x55, 0x58, 0xff, 0xdd, 0xfe,
    0xed, 0xe9, 0xea, 0xb5, 0x74, 0xfe, 0xb6, 0xa8, 0xaa, 0x36, 0xfd, 0xfd,
    0xfd, 0xfd, 0xcf, 0xfe, 0xde, 0xd8, 0xd9, 0x17, 0xfe, 0xc4, 0xb9, 0xba,
    0x36, 0xfd, 0xfd, 0xfd, 0xfd, 0xfd, 0xfd, 0xfd, 0xfd, 0xfd, 0xfd, 0xfd,
    0xfd, 0xc0, 0xff, 0x6b, 0x52, 0x58, 0x29, 0xff, 0x6d, 0x55, 0x55, 0x34,
    0xff, 0x70, 0x55, 0x58, 0xff, 0xdd, 0xfe, 0xed, 0xe9, 0xea, 0xb5, 0x74,
    0xfe, 0xb6, 0xa8, 0xaa, 0x36, 0xfd, 0xfd, 0xfd, 0xfd, 0xcf, 0xfe, 0xde,
    0xd8, 0xd9, 0x17, 0xfe, 0xc4, 0xb9, 0xba, 0x36, 0xfd, 0xfd, 0xfd, 0xfd,
    0xfd, 0xfd, 0xfd, 0xfd, 0xfd, 0xfd, 0xfd, 0xfd, 0xc0, 0xff, 0x6b, 0x52,
    0x58, 0x29, 0xff, 0x6d, 0x55, 0x55, 0x34, 0xff, 0x70, 0x55, 0x58, 0xff,
    0xdd, 0xfe, 0xed, 0xe9, 0xea, 0xb5, 0x74, 0xfe, 0xb6, 0xa8, 0xaa, 0x36,
    0xfd, 0xfd, 0xfd, 0xfd, 0xcf, 0xfe, 0xde, 0xd8, 0xd9, 0x17, 0xfe, 0xc4,
    0xb9, 0xba, 0x36, 0xfd, 0xfd, 0xfd, 0xfd, 0xfd, 0xfd, 0xfd, 0xfd, 0xfd,
    0xfd, 0xfd, 0xfd, 0xc0, 0xff, 0x6b, 0x52, 0x58, 0x29, 0xff, 0x6d, 0x55,
    0x55, 0x34, 0xff, 0x70, 0x55, 0x58, 0xff, 0xdd, 0xfe, 0xed, 0xe9, 0xea,
    0xb5, 0x74, 0xfe, 0xb6, 0xa8, 0xaa, 0x36, 0xfd, 0xfd, 0xfd, 0xfd, 0xcf,
    0xfe, 0xde, 0xd8, 0xd9, 0x17, 0xfe, 0xc4, 0xb9, 0xba, 0x36, 0xfd, 0xfd,
    0xfd, 0xfd, 0xfd, 0xfd, 0xfd, 0xfd, 0xfd, 0xfd, 0xfd, 0xfd, 0xc0, 0xff,
    0x6b, 0x52, 0x58, 0x29, 0xff, 0x6d, 0x55, 0x55, 0x34, 0xff, 0x70, 0x55,
    0x58, 0xff, 0xdd, 0xfe, 0xed, 0xe9, 0xea, 0xb5, 0x74, 0xfe, 0xb6, 0xa8,
    0xaa, 0x36, 0xfd, 0xfd, 0xfd, 0xfd, 0xcf, 0xfe, 0xde, 0xd8, 0xd9, 0x17,
    0xfe, 0xc4, 0xb9, 0xba, 0x36, 0xfd, 0xfd, 0xfd, 0xfd, 0xfd, 0xfd, 0xfd,
    0xfd, 0xfd, 0xfd, 0xfd, 0xfd, 0xc0, 0xff, 0x6b, 0x52, 0x58, 0x29, 0xff,
    0x6d, 0x55, 0x55, 0x34, 0xff, 0x70, 0x55, 0x58, 0xff, 0xdd, 0xfe, 0xed,
    0xe9, 0xea, 0xb5, 0x74, 0xfe, 0xb6, 0xa8, 0xaa, 0x36, 0xfd, 0xfd, 0xfd,
    0xfd, 0xcf, 0xfe, 0xde, 0xd8, 0xd9, 0x17, 0xfe, 0xc4, 0xb9, 0xba, 0x36,
    0xfd, 0xfd, 0xfd, 0xfd, 0xfd, 0xfd, 0xfd, 0xfd, 0xfd, 0xfd, 0xfd, 0xfd,
    0xc0, 0xff, 0x6b, 0x52, 0x58, 0x29, 0xff, 0x6d, 0x55, 0x55, 0x34, 0xff,
    0x70, 0x55, 0x58, 0xff, 0xdd, 0xfe, 0xed, 0xe9, 0xea, 0xb5, 0x74, 0xfe,
    0xb6, 0xa8, 0xaa, 0x36, 0xfd, 0xfd, 0xfd, 0xfd, 0xcf, 0xfe, 0xde, 0xd8,
    0xd9, 0x17, 0xfe, 0xc4, 0xb9, 0xba, 0x36, 0xfd, 0xfd, 0xfd, 0xfd, 0xfd,
    0xfd, 0xfd, 0xfd, 0xfd, 0xfd, 0xfd, 0xfd, 0xc0, 0xff, 0x6b, 0x52, 0x58,
    0x29, 0xff, 0x6d, 0x55, 0x55, 0x34, 0xff, 0x70, 0x55, 0x58, 0xff, 0xdd,
    0xfe, 0xed, 0xe9, 0xea, 0xb5, 0x74, 0xfe, 0xb6, 0xa8, 0xaa, 0x36, 0xfd,
    0xfd, 0xfd, 0xfd, 0xcf, 0xfe, 0xde, 0xd8, 0xd9, 0x17, 0xfe, 0xc4, 0xb9,
    0xba, 0x36, 0xfd, 0xfd, 0xfd, 0xfd, 0xfd, 0xfd, 0xfd, 0xfd, 0xfd, 0xfd,
    0xfd, 0xfd, 0xc0, 0xff, 0x6b, 0x52, 0x58, 0x29, 0xff, 0x6d, 0x55, 0x55,
    0x34, 0xff, 0x70, 0x55, 0x58, 0xff, 0xdd, 0xfe, 0xed, 0xe9, 0xea, 0xb5,
    0x74, 0xfe, 0xb6, 0xa8, 0xaa, 0x36, 0xfd, 0xfd, 0xfd, 0xfd, 0xcf, 0xfe,
    0xde, 0xd8, 0xd9, 0x17, 0xfe, 0xc4, 0xb9, 0xba, 0x36, 0xfd, 0xfd, 0xfd,
    0xfd, 0xfd, 0xfd, 0xfd, 0xfd, 0xfd, 0xfd, 0xfd, 0xfd, 0xc0, 0xff, 0x6b,
    0x52, 0x58, 0x29, 0xff, 0x6d, 0x55, 0x55, 0x34, 0xff, 0x70, 0x55, 0x58,
    0xff, 0xdd, 0xfe, 0xed, 0xe9, 0xea, 0xb5, 0x74, 0xfe, 0xb6, 0xa8, 0xaa,
    0x36, 0xfd, 0xfd, 0xfd, 0xfd, 0xcf, 0xfe, 0xde, 0xd8, 0xd9, 0x17, 0xfe,
    0xc4, 0xb9, 0xba, 0x36, 0xfd, 0xfd, 0xfd, 0xfd, 0xfd, 0xfd, 0xfd, 0xfd,
    0xfd, 0xfd, 0xfd, 0xfd, 0xc0, 0xff, 0x6b, 0x52, 0x58, 0x29, 0xff, 0x6d,
    0x55, 0x55, 0x34, 0xff, 0x70, 0x55, 0x58, 0xff, 0xdd, 0xfe, 0xed, 0xe9,
    0xea, 0xb5, 0x74, 0xfe, 0xb6, 0xa8, 0xaa, 0x36, 0xfd, 0xfd, 0xfd, 0xfd,
    0xcf, 0xfe, 0xde, 0xd8, 0xd9, 0x17, 0xfe, 0xc4, 0xb9, 0xba, 0x36, 0xfd,
    0xfd, 0xfd, 0xfd, 0xfd, 0xfd, 0xfd, 0xfd, 0xfd, 0xfd, 0xfd, 0xfd, 0xc0,
    0xff, 0x6b, 0x52, 0x58, 0x29, 0xff, 0x6d, 0x55, 0x55, 0x34, 0xff, 0x70,
    0x55, 0x58, 0xff, 0xdd, 0xfe, 0xed, 0xe9, 0xea, 0xb5, 0x74, 0xfe, 0xb6,
    0xa8, 0xaa, 0x36, 0xfd, 0xfd, 0xfd, 0xfd, 0xcf, 0xfe, 0xde, 0xd8, 0xd9,
    0x17, 0xfe, 0xc4, 0xb9, 0xba, 0x36, 0xfd, 0xfd, 0xfd, 0xfd, 0xfd, 0xfd,
    0xfd, 0xfd, 0xfd, 0xfd, 0xfd, 0xfd, 0xc0, 0xff, 0x6b, 0x52, 0x58, 0x29,
    0xff, 0x6d, 0x55, 0x55, 0x34, 0xff, 0x70, 0x55, 0x58, 0xff, 0xdd, 0xfe,
    0xed, 0xe9, 0xea, 0xb5, 0x74, 0xfe, 0xb6, 0xa8, 0xaa, 0x36, 0xfd, 0xfd,
    0xfd, 0xfd, 0xcf, 0xfe, 0xde, 0xd8, 0xd9, 0x17, 0xfe, 0xc4, 0xb9, 0xba,
    0x36, 0xfd, 0xfd, 0xfd, 0xfd, 0xfd, 0xfd, 0xfd, 0xfd, 0xfd, 0xfd, 0xfd,
    0xfd, 0xc0, 0xff, 0x6b, 0x52, 0x58, 0x29, 0xff, 0x6d, 0x55, 0x55, 0x34,
    0xff, 0x70, 0x55, 0x58, 0xff, 0xdd, 0xfe, 0xed, 0xe9, 0xea, 0xb5, 0x74,
    0xfe, 0xb6, 0xa8, 0xaa, 0x36, 0xfd, 0xfd, 0xfd, 0xfd, 0xcf, 0xfe, 0xde,
    0xd8, 0xd9, 0x17, 0xfe, 0xc4, 0xb9, 0xba, 0x36, 0xfd, 0xfd, 0xfd, 0xfd,
    0xfd, 0xfd, 0xfd, 0xfd, 0xfd, 0xfd, 0xfd, 0xfd, 0xc0, 0xff, 0x6b, 0x52,
    0x58, 0x29, 0xff, 0x6d, 0x55, 0x55, 0x34, 0xff, 0x70, 0x55, 0x58, 0xff,
    0xdd, 0xfe, 0xed, 0xe9, 0xea, 0xb5, 0x74, 0xfe, 0xb6, 0xa8, 0xaa, 0x36,
    0xfd, 0xfd, 0xfd, 0xfd, 0xcf, 0xfe, 0xde, 0xd8, 0xd9, 0x17, 0xfe, 0xc4,
    0xb9, 0xba, 0x36, 0xfd, 0xfd, 0xfd, 0xfd, 0xfd, 0xfd, 0xfd, 0xfd, 0xfd,
    0xfd, 0xfd, 0xfd, 0xc0, 0xff, 0x6b, 0x52, 0x58, 0x29, 0xff, 0x6d, 0x55,
    0x55, 0x34, 0xff, 0x70, 0x55, 0x58, 0xff, 0xdd, 0xfe, 0xed, 0xe9, 0xea,
    0xb5, 0x74, 0xfe, 0xb6, 0xa8, 0xaa, 0x36, 0xfd, 0xfd, 0xfd, 0xfd, 0xcf,
    0xfe, 0xde, 0xd8, 0xd9, 0x17, 0xfe, 0xc4, 0xb9, 0xba, 0x36, 0xfd, 0xfd,
    0xfd, 0xfd, 0xfd, 0xfd, 0xfd, 0xfd, 0xfd, 0xfd, 0xfd, 0xfd, 0xc0, 0xff,
    0x6b, 0x52, 0x58, 0x29, 0xff, 0x6d, 0x55, 0x55, 0x34, 0xff, 0x70, 0x55,
    0x58, 0xff, 0xdd, 0xfe, 0xed, 0xe9, 0xea, 0xb5, 0x74, 0xfe, 0xb6, 0xa8,
    0xaa, 0x36, 0xfd, 0xfd, 0xfd, 0xfd, 0xcf, 0xfe, 0xde, 0xd8, 0xd9, 0x17,
    0xfe, 0xc4, 0xb9, 0xba, 0x36, 0xfd, 0xfd, 0xfd, 0xfd, 0xfd, 0xfd, 0xfd,
    0xfd, 0xfd, 0xfd, 0xfd, 0xfd, 0xc0, 0xff, 0x6b, 0x52, 0x58, 0x29, 0xff,
    0x6d, 0x55, 0x55, 0x34, 0xff, 0x70, 0x55, 0x58, 0xff, 0xdd, 0xfe, 0xed,
    0xe9, 0xea, 0xb5, 0x74, 0xfe, 0xb6, 0xa8, 0xaa, 0x36, 0xfd, 0xfd, 0xfd,
    0xfd, 0xcf, 0xfe, 0xde, 0xd8, 0xd9, 0x17, 0xfe, 0xc4, 0xb9, 0xba, 0x36,
    0xfd, 0xfd, 0xfd, 0xfd, 0xfd, 0xfd, 0xfd, 0xfd, 0xfd, 0xfd, 0xfd, 0xfd,
    0xc0, 0xff, 0x6b, 0x52, 0x58, 0x29, 0xff, 0x6d, 0x55, 0x55, 0x34, 0xff,
    0x70, 0x55, 0x58, 0xff, 0xdd, 0xfe, 0xed, 0xe9, 0xea, 0xb5, 0x74, 0xfe,
    0xb6, 0xa8, 0xaa, 0x36, 0xfd, 0xfd, 0xfd, 0xfd, 0xcf, 0xfe, 0xde, 0xd8,
    0xd9, 0x17, 0xfe, 0xc4, 0xb9, 0xba, 0x36, 0xfd, 0xfd, 0xfd, 0xfd, 0xfd,
    0xfd, 0xfd, 0xfd, 0xfd, 0xfd, 0xfd, 0xfd, 0xc0, 0xff, 0x6b, 0x52, 0x58,
    0x29, 0xff, 0x6d, 0x55, 0x55, 0x34, 0xff, 0x70, 0x55, 0x58, 0xff, 0xdd,
    0xfe, 0xed, 0xe9, 0xea, 0xb5, 0x74, 0xfe, 0xb6, 0xa8, 0xaa, 0x36, 0xfd,
    0xfd, 0xfd, 0xfd, 0xcf, 0xfe, 0xde, 0xd8, 0xd9, 0x17, 0xfe, 0xc4, 0xb9,
    0xba, 0x36, 0xfd, 0xfd, 0xfd, 0xfd, 0xfd, 0xfd, 0xfd, 0xfd, 0xfd, 0xfd,
    0xfd, 0xfd, 0xc0, 0xff, 0x6b, 0x52, 0x58, 0x29, 0xff, 0x6d, 0x55, 0x55,
    0x34, 0xff, 0x70, 0x55, 0x58, 0xff, 0xdd, 0xfe, 0xed, 0xe9, 0xea, 0xb5,
    0x74, 0xfe, 0xb6, 0xa8, 0xaa, 0x36, 0xfd, 0xfd, 0xfd, 0xfd, 0xcf, 0xfe,
    0xde, 0xd8, 0xd9, 0x17, 0xfe, 0xc4, 0xb9, 0xba, 0x36, 0xfd, 0xfd, 0xfd,
    0xfd, 0xfd, 0xfd, 0xfd, 0xfd, 0xfd, 0xfd, 0xfd, 0xfd, 0xc0, 0xff, 0x6b,
    0x52, 0x58, 0x29, 0xff, 0x6d, 0x55, 0x55, 0x34, 0xff, 0x70, 0x55, 0x58,
    0xff, 0xdd, 0xfe, 0xed, 0xe9, 0xea, 0xb5, 0x74, 0xfe, 0xb6, 0xa8, 0xaa,
    0x36, 0xfd, 0xfd, 0xfd, 0xfd, 0xcf, 0xfe, 0xde, 0xd8, 0xd9, 0x17, 0xfe,
    0xc4, 0xb9, 0xba, 0x36, 0xfd, 0xfd, 0xfd, 0xfd, 0xfd, 0xfd, 0xfd, 0xfd,
    0xfd, 0xfd, 0xfd, 0xfd, 0xc0, 0xff, 0x6b, 0x52, 0x58, 0x29, 0xff, 0x6d,
    0x55, 0x55, 0x34, 0xff, 0x70, 0x55, 0x58, 0xff, 0xdd, 0xfe, 0xed, 0xe9,
    0xea, 0xb5, 0x74, 0xfe, 0xb6, 0xa8, 0xaa, 0x36, 0xfd, 0xfd, 0xfd, 0xfd,
    0xcf, 0xfe, 0xde, 0xd8, 0xd9, 0x17, 0xfe, 0xc4, 0xb9, 0xba, 0x36, 0xfd,
    0xfd, 0xfd, 0xfd, 0xfd, 0xfd, 0xfd, 0xfd, 0xfd, 0xfd, 0xfd, 0xfd, 0xc0,
    0xff, 0x6b, 0x52, 0x58, 0x29, 0xff, 0x6d, 0x55, 0x55, 0x34, 0xff, 0x70,
    0x55, 0x58, 0xff, 0xdd, 0xfe, 0xed, 0xe9, 0xea, 0xb5, 0x74, 0xfe, 0xb6,
    0xa8, 0xaa, 0x36, 0xfd, 0xfd, 0xfd, 0xfd, 0xcf, 0xfe, 0xde, 0xd8, 0xd9,
    0x17, 0xfe, 0xc4, 0xb9, 0xba, 0x36, 0xfd, 0xfd, 0xfd, 0xfd, 0xfd, 0xfd,
    0xfd, 0xfd, 0xfd, 0xfd, 0xfd, 0xfd, 0xc0, 0xff, 0x6b, 0x52, 0x58, 0x29,
    0xff, 0x6d, 0x55, 0x55, 0x34, 0xff, 0x70, 0x55, 0x58, 0xff, 0xdd, 0xfe,
    0xed, 0xe9, 0xea, 0xb5, 0x74, 0xfe, 0xb6, 0xa8, 0xaa, 0x36, 0xfd, 0xfd,
    0xfd, 0xfd, 0xcf, 0xfe, 0xde, 0xd8, 0xd9, 0x17, 0xfe, 0xc4, 0xb9, 0xba,
    0x36, 0xfd, 0xfd, 0xfd, 0xfd, 0xfd, 0xfd, 0xfd, 0xfd, 0xfd, 0xfd, 0xfd,
    0xfd, 0xc0, 0xff, 0x6b, 0x52, 0x58, 0x29, 0xff, 0x6d, 0x55, 0x55, 0x34,
    0xff, 0x70, 0x55, 0x58, 0xff, 0xdd, 0xfe, 0xed, 0xe9, 0xea, 0xb5, 0x74,
    0xfe, 0xb6, 0xa8, 0xaa, 0x36, 0xfd, 0xfd, 0xfd, 0xfd, 0xcf, 0xfe, 0xde,
    0xd8, 0xd9, 0x17, 0xfe, 0xc4, 0xb9, 0xba, 0x36, 0xfd, 0xfd, 0xfd, 0xfd,
    0xfd, 0xfd, 0xfd, 0xfd, 0xfd, 0xfd, 0xfd, 0xfd, 0xc0, 0xff, 0x6b, 0x52,
    0x58, 0x29, 0xff, 0x6d, 0x55, 0x55, 0x34, 0xff, 0x70, 0x55, 0x58, 0xff,
    0xdd, 0xfe, 0xed, 0xe9, 0xea, 0xb5, 0x74, 0xfe, 0xb6, 0xa8, 0xaa, 0x36,
    0xfd, 0xfd, 0xfd, 0xfd, 0xcf, 0xfe, 0xde, 0xd8, 0xd9, 0x17, 0xfe, 0xc4,
    0xb9, 0xba, 0x36, 0xfd, 0xfd, 0xfd, 0xfd, 0xfd, 0xfd, 0xfd, 0xfd, 0xfd,
    0xfd, 0xfd, 0xfd, 0xc0, 0xff, 0x6b, 0x52, 0x58, 0x29, 0xff, 0x6d, 0x55,
    0x55, 0x34, 0xff, 0x70, 0x55, 0x58, 0xff, 0xdd, 0xfe, 0xed, 0xe9, 0xea,
    0xb5, 0x74, 0xfe, 0xb6, 0xa8, 0xaa, 0x36, 0xfd, 0xfd, 0xfd, 0xfd, 0xcf,
    0xfe, 0xde, 0xd8, 0xd9, 0x17, 0xfe, 0xc4, 0xb9, 0xba, 0x36, 0xfd, 0xfd,
    0xfd, 0xfd, 0xfd, 0xfd, 0xfd, 0xfd, 0xfd, 0xfd, 0xfd, 0xfd, 0xc0, 0xff,
    0x6b, 0x52, 0x58, 0x29, 0xff, 0x6d, 0x55, 0x55, 0x34, 0xff, 0x70, 0x55,
    0x58, 0xff, 0xdd, 0xfe, 0xed, 0xe9, 0xea, 0xb5, 0x74, 0xfe, 0xb6, 0xa8,
    0xaa, 0x36, 0xfd, 0xfd, 0xfd, 0xfd, 0xcf, 0xfe, 0xde, 0xd8, 0xd9, 0x17,
    0xfe, 0xc4, 0xb9, 0xba, 0x36, 0xfd, 0xfd, 0xfd, 0xfd, 0xfd, 0xfd, 0xfd,
    0xfd, 0xfd, 0xfd, 0xfd, 0xfd, 0xc0, 0xff, 0x6b, 0x52, 0x58, 0x29, 0xff,
    0x6d, 0x55, 0x55, 0x34, 0xff, 0x70, 0x55, 0x58, 0xff, 0xdd, 0xfe, 0xed,
    0xe9, 0xea, 0xb5, 0x74, 0xfe, 0xb6, 0xa8, 0xaa, 0x36, 0xfd, 0xfd, 0xfd,
    0xfd, 0xcf, 0xfe, 0xde, 0xd8, 0xd9, 0x17, 0xfe, 0xc4, 0xb9, 0xba, 0x36,
    0xfd, 0xfd, 0xfd, 0xfd, 0xfd, 0xfd, 0xfd, 0xfd, 0xfd, 0xfd, 0xfd, 0xfd,
    0xc0, 0xff, 0x6b, 0x52, 0x58, 0x29, 0xff, 0x6d, 0x55, 0x55, 0x34, 0xff,
    0x70, 0x55, 0x58, 0xff, 0xdd, 0xfe, 0xed, 0xe9, 0xea, 0xb5, 0x74, 0xfe,
    0xb6, 0xa8, 0xaa, 0x36, 0xfd, 0xfd, 0xfd, 0xfd, 0xcf, 0xfe, 0xde, 0xd8,
    0xd9, 0x17, 0xfe, 0xc4, 0xb9, 0xba, 0x36, 0xfd, 0xfd, 0xfd, 0xfd, 0xfd,
    0xfd, 0xfd, 0xfd, 0xfd, 0xfd, 0xfd, 0xfd, 0xc0, 0xff, 0x6b, 0x52, 0x58,
    0x29, 0xff, 0x6d, 0x55, 0x55, 0x34, 0xff, 0x70, 0x55, 0x58, 0xff, 0xdd,
    0xfe, 0xed, 0xe9, 0xea, 0xb5, 0x74, 0xfe, 0xb6, 0xa8, 0xaa, 0x36, 0xfd,
    0xfd, 0xfd, 0xfd, 0xcf, 0xfe, 0xde, 0xd8, 0xd9, 0x17, 0xfe, 0xc4, 0xb9,
    0xba, 0x36, 0xfd, 0xfd, 0xfd, 0xfd, 0xfd, 0xfd, 0xfd, 0xfd, 0xfd, 0xfd,
    0xfd, 0xfd, 0xc0, 0xff, 0x6b, 0x52, 0x58, 0x29, 0xff, 0x6d, 0x55, 0x55,
    0x34, 0xff, 0x70, 0x55, 0x58, 0xff, 0xdd, 0xfe, 0xed, 0xe9, 0xea, 0xb5,
    0x74, 0xfe, 0xb6, 0xa8, 0xaa, 0x36, 0xfd, 0xfd, 0xfd, 0xfd, 0xcf, 0xfe,
    0xde, 0xd8, 0xd9, 0x17, 0xfe, 0xc4, 0xb9, 0xba, 0x36, 0xfd, 0xfd, 0xfd,
    0xfd, 0xfd, 0xfd, 0xfd, 0xfd, 0xfd, 0xfd, 0xfd, 0xfd, 0xc0, 0xff, 0x6b,
    0x52, 0x58, 0x29, 0xff, 0x6d, 0x55, 0x55, 0x34, 0xff, 0x70, 0x55, 0x58,
    0xff, 0xdd, 0xfe, 0xed, 0xe9, 0xea, 0xb5, 0x74, 0xfe, 0xb6, 0xa8, 0xaa,
    0x36, 0xfd, 0xfd, 0xfd, 0xfd, 0xcf, 0xfe, 0xde, 0xd8, 0xd9, 0x17, 0xfe,
    0xc4, 0xb9, 0xba, 0x36, 0xfd, 0xfd, 0xfd, 0xfd, 0xfd, 0xfd, 0xfd, 0xfd,
    0xfd, 0xfd, 0xfd, 0xfd, 0xc0, 0xff, 0x6b, 0x52, 0x58, 0x29, 0xff, 0x6d,
    0x55, 0x55, 0x34, 0xff, 0x70, 0x55, 0x58, 0xff, 0xdd, 0xfe, 0xed, 0xe9,
    0xea, 0xb5, 0x74, 0xfe, 0xb6, 0xa8, 0xaa, 0x36, 0xfd, 0xfd, 0xfd, 0xfd,
    0xcf, 0xfe, 0xde, 0xd8, 0xd9, 0x17, 0xfe, 0xc4, 0xb9, 0xba, 0x36, 0xfd,
    0xfd, 0xfd, 0xfd, 0xfd, 0xfd, 0xfd, 0xfd, 0xfd, 0xfd, 0xfd, 0xfd, 0xc0,
    0xff, 0x6b, 0x52, 0x58, 0x29, 0xff, 0x6d, 0x55, 0x55, 0x34, 0xff, 0x70,
    0x55, 0x58, 0xff, 0xdd, 0xfe, 0xed, 0xe9, 0xea, 0xb5, 0x74, 0xfe, 0xb6,
    0xa8, 0xaa, 0x36, 0xfd, 0xfd, 0xfd, 0xfd, 0xcf, 0xfe, 0xde, 0xd8, 0xd9,
    0x17, 0xfe, 0xc4, 0xb9, 0xba, 0x36, 0xfd, 0xfd, 0xfd, 0xfd, 0xfd, 0xfd,
    0xfd, 0xfd, 0xfd, 0xfd, 0xfd, 0xfd, 0xc0, 0xff, 0x6b, 0x52, 0x58, 0x29,
    0xff, 0x6d, 0x55, 0x55, 0x34, 0xff, 0x70, 0x55, 0x58, 0xff, 0xdd, 0xfe,
    0xed, 0xe9, 0xea, 0xb5, 0x74, 0xfe, 0xb6, 0xa8, 0xaa, 0x36, 0xfd, 0xfd,
    0xfd, 0xfd, 0xcf, 0xfe, 0xde, 0xd8, 0xd9, 0x17, 0xfe, 0xc4, 0xb9, 0xba,
    0x36, 0xfd, 0xfd, 0xfd, 0xfd, 0xfd, 0xfd, 0xfd, 0xfd, 0xfd, 0xfd, 0xfd,
    0xfd, 0xc0, 0xff, 0x6b, 0x52, 0x58, 0x29, 0xff, 0x6d, 0x55, 0x55, 0x34,
    0xff, 0x70, 0x55, 0x58, 0xff, 0xdd, 0xfe, 0xed, 0xe9, 0xea, 0xb5, 0x74,
    0xfe, 0xb6, 0xa8, 0xaa, 0x36, 0xfd, 0xfd, 0xfd, 0xfd, 0xcf, 0xfe, 0xde,
    0xd8, 0xd9, 0x17, 0xfe, 0xc4, 0xb9, 0xba, 0x36, 0xfd, 0xfd, 0xfd, 0xfd,
    0xfd, 0xfd, 0xfd, 0xfd, 0xfd, 0xfd, 0xfd, 0xfd, 0xc0, 0xff, 0x6b, 0x52,
    0x58, 0x29, 0xff, 0x6d, 0x55, 0x55, 0x34, 0xff, 0x70, 0x55, 0x58, 0xff,
    0xdd, 0xfe, 0xed, 0xe9, 0xea, 0xb5, 0x74, 0xfe, 0xb6, 0xa8, 0xaa, 0x36,
    0xfd, 0xfd, 0xfd, 0xfd, 0xcf, 0xfe, 0xde, 0xd8, 0xd9, 0x17, 0xfe, 0xc4,
    0xb9, 0xba, 0x36, 0xfd, 0xfd, 0xfd, 0xfd, 0xfd, 0xfd, 0xfd, 0xfd, 0xfd,
    0xfd, 0xfd, 0xfd, 0xc0, 0xff, 0x6b, 0x52, 0x58, 0x29, 0xff, 0x6d, 0x55,
    0x55, 0x34, 0xff, 0x70, 0x55, 0x58, 0xff, 0xdd, 0xfe, 0xed, 0xe9, 0xea,
    0xb5, 0x74, 0xfe, 0xb6, 0xa8, 0xaa, 0x36, 0xfd, 0xfd, 0xfd, 0xfd, 0xcf,
    0xfe, 0xde, 0xd8, 0xd9, 0x17, 0xfe, 0xc4, 0xb9, 0xba, 0x36, 0xfd, 0xfd,
    0xfd, 0xfd, 0xfd, 0xfd, 0xfd, 0xfd, 0xfd, 0xfd, 0xfd, 0xfd, 0xc0, 0xff,
    0x6b, 0x52, 0x58, 0x29, 0xff, 0x6d, 0x55, 0x55, 0x34, 0xff, 0x70, 0x55,
    0x58, 0xff, 0xdd, 0xfe, 0xed, 0xe9, 0xea, 0xb5, 0x74, 0xfe, 0xb6, 0xa8,
    0xaa, 0x36, 0xfd, 0xfd, 0xfd, 0xfd, 0xcf, 0xfe, 0xde, 0xd8, 0xd9, 0x17,
    0xfe, 0xc4, 0xb9, 0xba, 0x36, 0xfd, 0xfd, 0xfd, 0xfd, 0xfd, 0xfd, 0xfd,
    0xfd, 0xfd, 0xfd, 0xfd, 0xfd, 0xc0, 0xff, 0x6b, 0x52, 0x58, 0x29, 0xff,
    0x6d, 0x55, 0x55, 0x34, 0xff, 0x70, 0x55, 0x58, 0xff, 0xdd, 0xfe, 0xed,
    0xe9, 0xea, 0xb5, 0x74, 0xfe, 0xb6, 0xa8, 0xaa, 0x36, 0xfd, 0xfd, 0xfd,
    0xfd, 0xcf, 0xfe, 0xde, 0xd8, 0xd9, 0x17, 0xfe, 0xc4, 0xb9, 0xba, 0x36,
    0xfd, 0xfd, 0xfd, 0xfd, 0xfd, 0xfd, 0xfd, 0xfd, 0xfd, 0xfd, 0xfd, 0xfd,
    0xc0, 0xff, 0x6b, 0x52, 0x58, 0x29, 0xff, 0x6d, 0x55, 0x55, 0x34, 0xff,
    0x70, 0x55, 0x58, 0xff, 0xdd, 0xfe, 0xed, 0xe9, 0xea, 0xb5, 0x74, 0xfe,
    0xb6, 0xa8, 0xaa, 0x36, 0xfd, 0xfd, 0xfd, 0xfd, 0xcf, 0xfe, 0xde, 0xd8,
    0xd9, 0x17, 0xfe, 0xc4, 0xb9, 0xba, 0x36, 0xfd, 0xfd, 0xfd, 0xfd, 0xfd,
    0xfd, 0xfd, 0xfd, 0xfd, 0xfd, 0xfd, 0xfd, 0xc0, 0xff, 0x6b, 0x52, 0x58,
    0x29, 0xff, 0x6d, 0x55, 0x55, 0x34, 0xff, 0x70, 0x55, 0x58, 0xff, 0xdd,
    0xfe, 0xed, 0xe9, 0xea, 0xb5, 0x74, 0xfe, 0xb6, 0xa8, 0xaa, 0x36, 0xfd,
    0xfd, 0xfd, 0xfd, 0xcf, 0xfe, 0xde, 0xd8, 0xd9, 0x17, 0xfe, 0xc4, 0xb9,
    0xba, 0x36, 0xfd, 0xfd, 0xfd, 0xfd, 0xfd, 0xfd, 0xfd, 0xfd, 0xfd, 0xfd,
    0xfd, 0xfd, 0xc0, 0xff, 0x6b, 0x52, 0x58, 0x29, 0xff, 0x6d, 0x55, 0x55,
    0x34, 0xff, 0x70, 0x55, 0x58, 0xff, 0xdd, 0xfe, 0xed, 0xe9, 0xea, 0xb5,
    0x74, 0xfe, 0xb6, 0xa8, 0xaa, 0x36, 0xfd, 0xfd, 0xfd, 0xfd, 0xcf, 0xfe,
    0xde, 0xd8, 0xd9, 0x17, 0xfe, 0xc4, 0xb9, 0xba, 0x36, 0xfd, 0xfd, 0xfd,
    0xfd, 0xfd, 0xfd, 0xfd, 0xfd, 0xfd, 0xfd, 0xfd, 0xfd, 0xc0, 0xff, 0x6b,
    0x52, 0x58, 0x29, 0xff, 0x6d, 0x55, 0x55, 0x34, 0xff, 0x70, 0x55, 0x58,
    0xff, 0xdd, 0xfe, 0xed, 0xe9, 0xea, 0xb5, 0x74, 0xfe, 0xb6, 0xa8, 0xaa,
    0x36, 0xfd, 0xfd, 0xfd, 0xfd, 0xcf, 0xfe, 0xde, 0xd8, 0xd9, 0x17, 0xfe,
    0xc4, 0xb9, 0xba, 0x36, 0xfd, 0xfd, 0xfd, 0xfd, 0xfd, 0xfd, 0xfd, 0xfd,
    0xfd, 0xfd, 0xfd, 0xfd, 0xc0, 0xff, 0x6b, 0x52, 0x58, 0x29, 0xff, 0x6d,
    0x55, 0x55, 0x34, 0xff, 0x70, 0x55, 0x58, 0xff, 0xdd, 0xfe, 0xed, 0xe9,
    0xea, 0xb5, 0x74, 0xfe, 0xb6, 0xa8, 0xaa, 0x36, 0xfd, 0xfd, 0xfd, 0xfd,
    0xcf, 0xfe, 0xde, 0xd8, 0xd9, 0x17, 0xfe, 0xc4, 0xb9, 0xba, 0x36, 0xfd,
    0xfd, 0xfd, 0xfd, 0xfd, 0xfd, 0xfd, 0xfd, 0xfd, 0xfd, 0xfd, 0xfd, 0xc0,
    0xff, 0x6b, 0x52, 0x58, 0x29, 0xff, 0x6d, 0x55, 0x55, 0x34, 0xff, 0x70,
    0x55, 0x58, 0xff, 0xdd, 0xfe, 0xed, 0xe9, 0xea, 0xb5, 0x74, 0xfe, 0xb6,
    0xa8, 0xaa, 0x36, 0xfd, 0xfd, 0xfd, 0xfd, 0xcf, 0xfe, 0xde, 0xd8, 0xd9,
    0x17, 0xfe, 0xc4, 0xb9, 0xba, 0x36, 0xfd, 0xfd, 0xfd, 0xfd, 0xfd, 0xfd,
    0xfd, 0xfd, 0xfd, 0xfd, 0xfd, 0xfd, 0xc0, 0xff, 0x6b, 0x52, 0x58, 0x29,
    0xff, 0x6d, 0x55, 0x55, 0x34, 0xff, 0x70, 0x55, 0x58, 0xff, 0xdd, 0xfe,
    0xed, 0xe9, 0xea, 0xb5, 0x74, 0xfe, 0xb6, 0xa8, 0xaa, 0x36, 0xfd, 0xfd,
    0xfd, 0xfd, 0xcf, 0xfe, 0xde, 0xd8, 0xd9, 0x17, 0xfe, 0xc4, 0xb9, 0xba,
    0x36, 0xfd, 0xfd, 0xfd, 0xfd, 0xfd, 0xfd, 0xfd, 0xfd, 0xfd, 0xfd, 0xfd,
    0xfd, 0xc0, 0xff, 0x6b, 0x52, 0x58, 0x29, 0xff, 0x6d, 0x55, 0x55, 0x34,
    0xff, 0x70, 0x55, 0x58, 0xff, 0xdd, 0xfe, 0xed, 0xe9, 0xea, 0xb5, 0x74,
    0xfe, 0xb6, 0xa8, 0xaa, 0x36, 0xfd, 0xfd, 0xfd, 0xfd, 0xcf, 0xfe, 0xde,
    0xd8, 0xd9, 0x17, 0xfe, 0xc4, 0xb9, 0xba, 0x36, 0xfd, 0xfd, 0xfd, 0xfd,
    0xfd, 0xfd, 0xfd, 0xfd, 0xfd, 0xfd, 0xfd, 0xfd, 0xc0, 0xff, 0x6b, 0x52,
    0x58, 0x29, 0xff, 0x6d, 0x55, 0x55, 0x34, 0xff, 0x70, 0x55, 0x58, 0xff,
    0xdd, 0xfe, 0xed, 0xe9, 0xea, 0xb5, 0x74, 0xfe, 0xb6, 0xa8, 0xaa, 0x36,
    0xfd, 0xfd, 0xfd, 0xfd, 0xcf, 0xfe, 0xde, 0xd8, 0xd9, 0x17, 0xfe, 0xc4,
    0xb9, 0xba, 0x36, 0xfd, 0xfd, 0xfd, 0xfd, 0xfd, 0xfd, 0xfd, 0xfd, 0xfd,
    0xfd, 0xfd, 0xfd, 0xc0, 0xff, 0x6b, 0x52, 0x58, 0x29, 0xff, 0x6d, 0x55,
    0x55, 0x34, 0xff, 0x70, 0x55, 0x58, 0xff, 0xdd, 0xfe, 0xed, 0xe9, 0xea,
    0xb5, 0x74, 0xfe, 0xb6, 0xa8, 0xaa, 0x36, 0xfd, 0xfd, 0xfd, 0xfd, 0xcf,
    0xfe, 0xde, 0xd8, 0xd9, 0x17, 0xfe, 0xc4, 0xb9, 0xba, 0x36, 0xfd, 0xfd,
    0xfd, 0xfd, 0xfd, 0xfd, 0xfd, 0xfd, 0xfd, 0xfd, 0xfd, 0xfd, 0xc0, 0xff,
    0x6b, 0x52, 0x58, 0x29, 0xff, 0x6d, 0x55, 0x55, 0x34, 0xff, 0x70, 0x55,
    0x58, 0xff, 0xdd, 0xfe, 0xed, 0xe9, 0xea, 0xb5, 0x74, 0xfe, 0xb6, 0xa8,
    0xaa, 0x36, 0xfd, 0xfd, 0xfd, 0xfd, 0xcf, 0xfe, 0xde, 0xd8, 0xd9, 0x17,
    0xfe, 0xc4, 0xb9, 0xba, 0x36, 0xfd, 0xfd, 0xfd, 0xfd, 0xfd, 0xfd, 0xfd,
    0xfd, 0xfd, 0xfd, 0xfd, 0xfd, 0xc0, 0xff, 0x6b, 0x52, 0x58, 0x29, 0xff,
    0x6d, 0x55, 0x55, 0x34, 0xff, 0x70, 0x55, 0x58, 0xff, 0xdd, 0xfe, 0xed,
    0xe9, 0xea, 0xb5, 0x74, 0xfe, 0xb6, 0xa8, 0xaa, 0x36, 0xfd, 0xfd, 0xfd,
    0xfd, 0xcf, 0xfe, 0xde, 0xd8, 0xd9, 0x17, 0xfe, 0xc4, 0xb9, 0xba, 0x36,
    0xfd, 0xfd, 0xfd, 0xfd, 0xfd, 0xfd, 0xfd, 0xfd, 0xfd, 0xfd, 0xfd, 0xfd,
    0xc0, 0xff, 0x6b, 0x52, 0x58, 0x29, 0xff, 0x6d, 0x55, 0x55, 0x34, 0xff,
    0x70, 0x55, 0x58, 0xff, 0xdd, 0xfe, 0xed, 0xe9, 0xea, 0xb5, 0x74, 0xfe,
    0xb6, 0xa8, 0xaa, 0x36, 0xfd, 0xfd, 0xfd, 0xfd, 0xcf, 0xfe, 0xde, 0xd8,
    0xd9, 0x17, 0xfe, 0xc4, 0xb9, 0xba, 0x36, 0xfd, 0xfd, 0xfd, 0xfd, 0xfd,
    0xfd, 0xfd, 0xfd, 0xfd, 0xfd, 0xfd, 0xfd, 0xc0, 0xff, 0x6b, 0x52, 0x58,
    0x29, 0xff, 0x6d, 0x55, 0x55, 0x34, 0xff, 0x70, 0x55, 0x58, 0xff, 0xdd,
    0xfe, 0xed, 0xe9, 0xea, 0xb5, 0x74, 0xfe, 0xb6, 0xa8, 0xaa, 0x36, 0xfd,
    0xfd, 0xfd, 0xfd, 0xcf, 0xfe, 0xde, 0xd8, 0xd9, 0x17, 0xfe, 0xc4, 0xb9,
    0xba, 0x36, 0xfd, 0xfd, 0xfd, 0xfd, 0xfd, 0xfd, 0xfd, 0xfd, 0xfd, 0xfd,
    0xfd, 0xfd, 0xc0, 0xff, 0x6b, 0x52, 0x58, 0x29, 0xff, 0x6d, 0x55, 0x55,
    0x34, 0xff, 0x70, 0x55, 0x58, 0xff, 0xdd, 0xfe, 0xed, 0xe9, 0xea, 0xb5,
    0x74, 0xfe, 0xb6, 0xa8, 0xaa, 0x36, 0xfd, 0xfd, 0xfd, 0xfd, 0xcf, 0xfe,
    0xde, 0xd8, 0xd9, 0x17, 0xfe, 0xc4, 0xb9, 0xba, 0x36, 0xfd, 0xfd, 0xfd,
    0xfd, 0xfd, 0xfd, 0xfd, 0xfd, 0xfd, 0xfd, 0xfd, 0xfd, 0xc0, 0xff, 0x6b,
    0x52, 0x58, 0x29, 0xff, 0x6d, 0x55, 0x55, 0x34, 0xff, 0x70, 0x55, 0x58,
    0xff, 0xdd, 0xfe, 0xed, 0xe9, 0xea, 0xb5, 0x74, 0xfe, 0xb6, 0xa8, 0xaa,
    0x36, 0xfd, 0xfd, 0xfd, 0xfd, 0xcf, 0xfe, 0xde, 0xd8, 0xd9, 0x17, 0xfe,
    0xc4, 0xb9, 0xba, 0x36, 0xfd, 0xfd, 0xfd, 0xfd, 0xfd, 0xfd, 0xfd, 0xfd,
    0xfd, 0xfd, 0xfd, 0xfd, 0xc0, 0xff, 0x6b, 0x52, 0x58, 0x29, 0xff, 0x6d,
    0x55, 0x55, 0x34, 0xff, 0x70, 0x55, 0x58, 0xff, 0xdd, 0xfe, 0xed, 0xe9,
    0xea, 0xb5, 0x74, 0xfe, 0xb6, 0xa8, 0xaa, 0x36, 0xfd, 0xfd, 0xfd, 0xfd,
    0xcf, 0xfe, 0xde, 0xd8, 0xd9, 0x17, 0xfe, 0xc4, 0xb9, 0xba, 0x36, 0xfd,
    0xfd, 0xfd, 0xfd, 0xfd, 0xfd, 0xfd, 0xfd, 0xfd, 0xfd, 0xfd, 0xfd, 0xc0,
    0xff, 0x6b, 0x52, 0x58, 0x29, 0xff, 0x6d, 0x55, 0x55, 0x34, 0xff, 0x70,
    0x55, 0x58, 0xff, 0xdd, 0xfe, 0xed, 0xe9, 0xea, 0xb5, 0x74, 0xfe, 0xb6,
    0xa8, 0xaa, 0x36, 0xfd, 0xfd, 0xfd, 0xfd, 0xcf, 0xfe, 0xde, 0xd8, 0xd9,
    0x17, 0xfe, 0xc4, 0xb9, 0xba, 0x36, 0xfd, 0xfd, 0xfd, 0xfd, 0xfd, 0xfd,
    0xfd, 0xfd, 0xfd, 0xfd, 0xfd, 0xfd, 0xc0, 0xff, 0x6b, 0x52, 0x58, 0x29,
    0xff, 0x6d, 0x55, 0x55, 0x34, 0xff, 0x70, 0x55, 0x58, 0xff, 0xdd, 0xfe,
    0xed, 0xe9, 0xea, 0xb5, 0x74, 0xfe, 0xb6, 0xa8, 0xaa, 0x36, 0xfd, 0xfd,
    0xfd, 0xfd, 0xcf, 0xfe, 0xde, 0xd8, 0xd9, 0x17, 0xfe, 0xc4, 0xb9, 0xba,
    0x36, 0xfd, 0xfd, 0xfd, 0xfd, 0xfd, 0xfd, 0xfd, 0xfd, 0xfd, 0xfd, 0xfd,
    0xfd, 0xc0, 0xff, 0x6b, 0x52, 0x58, 0x29, 0xff, 0x6d, 0x55, 0x55, 0x34,
    0xff, 0x70, 0x55, 0x58, 0xff, 0xdd, 0xfe, 0xed, 0xe9, 0xea, 0xb5, 0x74,
    0xfe, 0xb6, 0xa8, 0xaa, 0x36, 0xfd, 0xfd, 0xfd, 0xfd, 0xcf, 0xfe, 0xde,
    0xd8, 0xd9, 0x17, 0xfe, 0xc4, 0xb9, 0xba, 0x36, 0xfd, 0xfd, 0xfd, 0xfd,
    0xfd, 0xfd, 0xfd, 0xfd, 0xfd, 0xfd, 0xfd, 0xfd, 0xc0, 0xff, 0x6b, 0x52,
    0x58, 0x29, 0xff, 0x6d, 0x55, 0x55, 0x34, 0xff, 0x70, 0x55, 0x58, 0xff,
    0xdd, 0xfe, 0xed, 0xe9, 0xea, 0xb5, 0x74, 0xfe, 0xb6, 0xa8, 0xaa, 0x36,
    0xfd, 0xfd, 0xfd, 0xfd, 0xcf, 0xfe, 0xde, 0xd8, 0xd9, 0x17, 0xfe, 0xc4,
    0xb9, 0xba, 0x36, 0xfd, 0xfd, 0xfd, 0xfd, 0xfd, 0xfd, 0xfd, 0xfd, 0xfd,
    0xfd, 0xfd, 0xfd, 0xc0, 0xff, 0x6b, 0x52, 0x58, 0x29, 0xff, 0x6d, 0x55,
    0x55, 0x34, 0xff, 0x70, 0x55, 0x58, 0xff, 0xdd, 0xfe, 0xed, 0xe9, 0xea,
    0xb5, 0x74, 0xfe, 0xb6, 0xa8, 0xaa, 0x36, 0xfd, 0xfd, 0xfd, 0xfd, 0xcf,
    0xfe, 0xde, 0xd8, 0xd9, 0x17, 0xfe, 0xc4, 0xb9, 0xba, 0x36, 0xfd, 0xfd,
    0xfd, 0xfd, 0xfd, 0xfd, 0xfd, 0xfd, 0xfd, 0xfd, 0xfd, 0xfd, 0xc0, 0xff,
    0x6b, 0x52, 0x58, 0x29, 0xff, 0x6d, 0x55, 0x55, 0x34, 0xff, 0x70, 0x55,
    0x58, 0xff, 0xdd, 0xfe, 0xed, 0xe9, 0xea, 0xb5, 0x74, 0xfe, 0xb6, 0xa8,
    0xaa, 0x36, 0xfd, 0xfd, 0xfd, 0xfd, 0xcf, 0xfe, 0xde, 0xd8, 0xd9, 0x17,
    0xfe, 0xc4, 0xb9, 0xba, 0x36, 0xfd, 0xfd, 0xfd, 0xfd, 0xfd, 0xfd, 0xfd,
    0xfd, 0xfd, 0xfd, 0xfd, 0xfd, 0xc0, 0xff, 0x6b, 0x52, 0x58, 0x29, 0xff,
    0x6d, 0x55, 0x55, 0x34, 0xff, 0x70, 0x55, 0x58, 0xff, 0xdd, 0xfe, 0xed,
    0xe9, 0xea, 0xb5, 0x74, 0xfe, 0xb6, 0xa8, 0xaa, 0x36, 0xfd, 0xfd, 0xfd,
    0xfd, 0xcf, 0xfe, 0xde, 0xd8, 0xd9, 0x17, 0xfe, 0xc4, 0xb9, 0xba, 0x36,
    0xfd, 0xfd, 0xfd, 0xfd, 0xfd, 0xfd, 0xfd, 0xfd, 0xfd, 0xfd, 0xfd, 0xfd,
    0xc0, 0xff, 0x6b, 0x52, 0x58, 0x29, 0xff, 0x6d, 0x55, 0x55, 0x34, 0xff,
    0x70, 0x55, 0x58, 0xff, 0xdd, 0xfe, 0xed, 0xe9, 0xea, 0xb5, 0x74, 0xfe,
    0xb6, 0xa8, 0xaa, 0x36, 0xfd, 0xfd, 0xfd, 0xfd, 0xcf, 0xfe, 0xde, 0xd8,
    0xd9, 0x17, 0xfe, 0xc4, 0xb9, 0xba, 0x36, 0xfd, 0xfd, 0xfd, 0xfd, 0xfd,
    0xfd, 0xfd, 0xfd, 0xfd, 0xfd, 0xfd, 0xfd, 0xc0, 0xff, 0x6b, 0x52, 0x58,
    0x29, 0xff, 0x6d, 0x55, 0x55, 0x34, 0xff, 0x70, 0x55, 0x58, 0xff, 0xdd,
    0xfe, 0xed, 0xe9, 0xea, 0xb5, 0x74, 0xfe, 0xb6, 0xa8, 0xaa, 0x36, 0xfd,
    0xfd, 0xfd, 0xfd, 0xcf, 0xfe, 0xde, 0xd8, 0xd9, 0x17, 0xfe, 0xc4, 0xb9,
    0xba, 0x36, 0xfd, 0xfd, 0xfd, 0xfd, 0xfd, 0xfd, 0xfd, 0xfd, 0xfd, 0xfd,
    0xfd, 0xfd, 0xc0, 0xff, 0x6b, 0x52, 0x58, 0x29, 0xff, 0x6d, 0x55, 0x55,
    0x34, 0xff, 0x70, 0x55, 0x58, 0xff, 0xdd, 0xfe, 0xed, 0xe9, 0xea, 0xb5,
    0x74, 0xfe, 0xb6, 0xa8, 0xaa, 0x36, 0xfd, 0xfd, 0xfd, 0xfd, 0xcf, 0xfe,
    0xde, 0xd8, 0xd9, 0x17, 0xfe, 0xc4, 0xb9, 0xba, 0x36, 0xfd, 0xfd, 0xfd,
    0xfd, 0xfd, 0xfd, 0xfd, 0xfd, 0xfd, 0xfd, 0xfd, 0xfd, 0xc0, 0xff, 0x6b,
    0x52, 0x58, 0x29, 0xff, 0x6d, 0x55, 0x55, 0x34, 0xff, 0x70, 0x55, 0x58,
    0xff, 0xdd, 0xfe, 0xed, 0xe9, 0xea, 0xb5, 0x74, 0xfe, 0xb6, 0xa8, 0xaa,
    0x36, 0xfd, 0xfd, 0xfd, 0xfd, 0xcf, 0xfe, 0xde, 0xd8, 0xd9, 0x17, 0xfe,
    0xc4, 0xb9, 0xba, 0x36, 0xfd, 0xfd, 0xfd, 0xfd, 0xfd, 0xfd, 0xfd, 0xfd,
    0xfd, 0xfd, 0xfd, 0xfd, 0xc0, 0xff, 0x6b, 0x52, 0x58, 0x29, 0xff, 0x6d,
    0x55, 0x55, 0x34, 0xff, 0x70, 0x55, 0x58, 0xff, 0xdd, 0xfe, 0xed, 0xe9,
    0xea, 0xb5, 0x74, 0xfe, 0xb6, 0xa8, 0xaa, 0x36, 0xfd, 0xfd, 0xfd, 0xfd,
    0xcf, 0xfe, 0xde, 0xd8, 0xd9, 0x17, 0xfe, 0xc4, 0xb9, 0xba, 0x36, 0xfd,
    0xfd, 0xfd, 0xfd, 0xfd, 0xfd, 0xfd, 0xfd, 0xfd, 0xfd, 0xfd, 0xfd, 0xc0,
    0xff, 0x6b, 0x52, 0x58, 0x29, 0xff, 0x6d, 0x55, 0x55, 0x34, 0xff, 0x70,
    0x55, 0x58, 0xff, 0xdd, 0xfe, 0xed, 0xe9, 0xea, 0xb5, 0x74, 0xfe, 0xb6,
    0xa8, 0xaa, 0x36, 0xfd, 0xfd, 0xfd, 0xfd, 0xcf, 0xfe, 0xde, 0xd8, 0xd9,
    0x17, 0xfe, 0xc4, 0xb9, 0xba, 0x36, 0xfd, 0xfd, 0xfd, 0xfd, 0xfd, 0xfd,
    0xfd, 0xfd, 0xfd, 0xfd, 0xfd, 0xfd, 0xc0, 0xff, 0x6b, 0x52, 0x58, 0x29,
    0xff, 0x6d, 0x55, 0x55, 0x34, 0xff, 0x70, 0x55, 0x58, 0xff, 0xdd, 0xfe,
    0xed, 0xe9, 0xea, 0xb5, 0x74, 0xfe, 0xb6, 0xa8, 0xaa, 0x36, 0xfd, 0xfd,
    0xfd, 0xfd, 0xcf, 0xfe, 0xde, 0xd8, 0xd9, 0x17, 0xfe, 0xc4, 0xb9, 0xba,
    0x36, 0xfd, 0xfd, 0xfd, 0xfd, 0xfd, 0xfd, 0xfd, 0xfd, 0xfd, 0xfd, 0xfd,
    0xfd, 0xc0, 0xff, 0x6b, 0x52, 0x58, 0x29, 0xff, 0x6d, 0x55, 0x55, 0x34,
    0xff, 0x70, 0x55, 0x58, 0xff, 0xdd, 0xfe, 0xed, 0xe9, 0xea, 0xb5, 0x74,
    0xfe, 0xb6, 0xa8, 0xaa, 0x36, 0xfd, 0xfd, 0xfd, 0xfd, 0xcf, 0xfe, 0xde,
    0xd8, 0xd9, 0x17, 0xfe, 0xc4, 0xb9, 0xba, 0x36, 0xfd, 0xfd, 0xfd, 0xfd,
    0xfd, 0xfd, 0xfd, 0xfd, 0xfd, 0xfd, 0xfd, 0xfd, 0xc0, 0xff, 0x6b, 0x52,
    0x58, 0x29, 0xff, 0x6d, 0x55, 0x55, 0x34, 0xff, 0x70, 0x55, 0x58, 0xff,
    0xdd, 0xfe, 0xed, 0xe9, 0xea, 0xb5, 0x74, 0xfe, 0xb6, 0xa8, 0xaa, 0x36,
    0xfd, 0xfd, 0xfd, 0xfd, 0xcf, 0xfe, 0xde, 0xd8, 0xd9, 0x17, 0xfe, 0xc4,
    0xb9, 0xba, 0x36, 0xfd, 0xfd, 0xfd, 0xfd, 0xfd, 0xfd, 0xfd, 0xfd, 0xfd,
    0xfd, 0xfd, 0xfd, 0xc0, 0xff, 0x6b, 0x52, 0x58, 0x29, 0xff, 0x6d, 0x55,
    0x55, 0x34, 0xff, 0x70, 0x55, 0x58, 0xff, 0xdd, 0xfe, 0xed, 0xe9, 0xea,
    0xb5, 0x74, 0xfe, 0xb6, 0xa8, 0xaa, 0x36, 0xfd, 0xfd, 0xfd, 0xfd, 0xcf,
    0xfe, 0xde, 0xd8, 0xd9, 0x17, 0xfe, 0xc4, 0xb9, 0xba, 0x36, 0xfd, 0xfd,
    0xfd, 0xfd, 0xfd, 0xfd, 0xfd, 0xfd, 0xfd, 0xfd, 0xfd, 0xfd, 0xc0, 0xff,
    0x6b, 0x52, 0x58, 0x29, 0xff, 0x6d, 0x55, 0x55, 0x34, 0xff, 0x70, 0x55,
    0x58, 0xff, 0xdd, 0xfe, 0xed, 0xe9, 0xea, 0xb5, 0x74, 0xfe, 0xb6, 0xa8,
    0xaa, 0x36, 0xfd, 0xfd, 0xfd, 0xfd, 0xcf, 0xfe, 0xde, 0xd8, 0xd9, 0x17,
    0xfe, 0xc4, 0xb9, 0xba, 0x36, 0xfd, 0xfd, 0xfd, 0xfd, 0xfd, 0xfd, 0xfd,
    0xfd, 0xfd, 0xfd, 0xfd, 0xfd, 0xc0, 0xff, 0x6b, 0x52, 0x58, 0x29, 0xff,
    0x6d, 0x55, 0x55, 0x34, 0xff, 0x70, 0x55, 0x58, 0xff, 0xdd, 0xfe, 0xed,
    0xe9, 0xea, 0xb5, 0x74, 0xfe, 0xb6, 0xa8, 0xaa, 0x36, 0xfd, 0xfd, 0xfd,
    0xfd, 0xcf, 0xfe, 0xde, 0xd8, 0xd9, 0x17, 0xfe, 0xc4, 0xb9, 0xba, 0x36,
    0xfd, 0xfd, 0xfd, 0xfd, 0xfd, 0xfd, 0xfd, 0xfd, 0xfd, 0xfd, 0xfd, 0xfd,
    0xc0, 0xff, 0x6b, 0x52, 0x58, 0x29, 0xff, 0x6d, 0x55, 0x55, 0x34, 0xff,
    0x70, 0x55, 0x58, 0xff, 0xdd, 0xfe, 0xed, 0xe9, 0xea, 0xb5, 0x74, 0xfe,
    0xb6, 0xa8, 0xaa, 0x36, 0xfd, 0xfd, 0xfd, 0xfd, 0xcf, 0xfe, 0xde, 0xd8,
    0xd9, 0x17, 0xfe, 0xc4, 0xb9, 0xba, 0x36, 0xfd, 0xfd, 0xfd, 0xfd, 0xfd,
    0xfd, 0xfd, 0xfd, 0xfd, 0xfd, 0xfd, 0xfd, 0xc0, 0xff, 0x6b, 0x52, 0x58,
    0x29, 0xff, 0x6d, 0x55, 0x55, 0x34, 0xff, 0x70, 0x55, 0x58, 0xff, 0xdd,
    0xfe, 0xed, 0xe9, 0xea, 0xb5, 0x74, 0xfe, 0xb6, 0xa8, 0xaa, 0x36, 0xfd,
    0xfd, 0xfd, 0xfd, 0xcf, 0xfe, 0xde, 0xd8, 0xd9, 0x17, 0xfe, 0xc4, 0xb9,
    0xba, 0x36, 0xfd, 0xfd, 0xfd, 0xfd, 0xfd, 0xfd, 0xfd, 0xfd, 0xfd, 0xfd,
    0xfd, 0xfd, 0xc0, 0xff, 0x6b, 0x52, 0x58, 0x29, 0xff, 0x6d, 0x55, 0x55,
    0x34, 0xff, 0x70, 0x55, 0x58, 0xff, 0xdd, 0xfe, 0xed, 0xe9, 0xea, 0xb5,
    0x74, 0xfe, 0xb6, 0xa8, 0xaa, 0x36, 0xfd, 0xfd, 0xfd, 0xfd, 0xcf, 0xfe,
    0xde, 0xd8, 0xd9, 0x17, 0xfe, 0xc4, 0xb9, 0xba, 0x36, 0xfd, 0xfd, 0xfd,
    0xfd, 0xfd, 0xfd, 0xfd, 0xfd, 0xfd, 0xfd, 0xfd, 0xfd, 0xc0, 0xff, 0x6b,
    0x52, 0x58, 0x29, 0xff, 0x6d, 0x55, 0x55, 0x34, 0xff, 0x70, 0x55, 0x58,
    0xff, 0xdd, 0xfe, 0xed, 0xe9, 0xea, 0xb5, 0x74, 0xfe, 0xb6, 0xa8, 0xaa,
    0x36, 0xfd, 0xfd, 0xfd, 0xfd, 0xcf, 0xfe, 0xde, 0xd8, 0xd9, 0x17, 0xfe,
    0xc4, 0xb9, 0xba, 0x36, 0xfd, 0xfd, 0xfd, 0xfd, 0xfd, 0xfd, 0xfd, 0xfd,
    0xfd, 0xfd, 0xfd, 0xfd, 0xc0, 0xff, 0x6b, 0x52, 0x58, 0x29, 0xff, 0x6d,
    0x55, 0x55, 0x34, 0xff, 0x70, 0x55, 0x58, 0xff, 0xdd, 0xfe, 0xed, 0xe9,
    0xea, 0xb5, 0x74, 0xfe, 0xb6, 0xa8, 0xaa, 0x36, 0xfd, 0xfd, 0xfd, 0xfd,
    0xcf, 0xfe, 0xde, 0xd8, 0xd9, 0x17, 0xfe, 0xc4, 0xb9, 0xba, 0x36, 0xfd,
    0xfd, 0xfd, 0xfd, 0xfd, 0xfd, 0xfd, 0xfd, 0xfd, 0xfd, 0xfd, 0xfd, 0xc0,
    0xff, 0x6b, 0x52, 0x58, 0x29, 0xff, 0x6d, 0x55, 0x55, 0x34, 0xff, 0x70,
    0x55, 0x58, 0xff, 0xdd, 0xfe, 0xed, 0xe9, 0xea, 0xb5, 0x74, 0xfe, 0xb6,
    0xa8, 0xaa, 0x36, 0xfd, 0xfd, 0xfd, 0xfd, 0xcf, 0xfe, 0xde, 0xd8, 0xd9,
    0x17, 0xfe, 0xc4, 0xb9, 0xba, 0x36, 0xfd, 0xfd, 0xfd, 0xfd, 0xfd, 0xfd,
    0xfd, 0xfd, 0xfd, 0xfd, 0xfd, 0xfd, 0xc0, 0xff, 0x6b, 0x52, 0x58, 0x29,
    0xff, 0x6d, 0x55, 0x55, 0x34, 0xff, 0x70, 0x55, 0x58, 0xff, 0xdd, 0xfe,
    0xed, 0xe9, 0xea, 0xb5, 0x74, 0xfe, 0xb6, 0xa8, 0xaa, 0x36, 0xfd, 0xfd,
    0xfd, 0xfd, 0xcf, 0xfe, 0xde, 0xd8, 0xd9, 0x17, 0xfe, 0xc4, 0xb9, 0xba,
    0x36, 0xfd, 0xfd, 0xfd, 0xfd, 0xfd, 0xfd, 0xfd, 0xfd, 0xfd, 0xfd, 0xfd,
    0xfd, 0xc0, 0xff, 0x6b, 0x52, 0x58, 0x29, 0xff, 0x6d, 0x55, 0x55, 0x34,
    0xff, 0x70, 0x55, 0x58, 0xff, 0xdd, 0xfe, 0xed, 0xe9, 0xea, 0xb5, 0x74,
    0xfe, 0xb6, 0xa8, 0xaa, 0x36, 0xfd, 0xfd, 0xfd, 0xfd, 0xcf, 0xfe, 0xde,
    0xd8, 0xd9, 0x17, 0xfe, 0xc4, 0xb9, 0xba, 0x36, 0xfd, 0xfd, 0xfd, 0xfd,
    0xfd, 0xfd, 0xfd, 0xfd, 0xfd, 0xfd, 0xfd, 0xfd, 0xc0, 0xff, 0x6b, 0x52,
    0x58, 0x29, 0xff, 0x6d, 0x55, 0x55, 0x34, 0xff, 0x70, 0x55, 0x58, 0xff,
    0xdd, 0xfe, 0xed, 0xe9, 0xea, 0xb5, 0x74, 0xfe, 0xb6, 0xa8, 0xaa, 0x36,
    0xfd, 0xfd, 0xfd, 0xfd, 0xcf, 0xfe, 0xde, 0xd8, 0xd9, 0x17, 0xfe, 0xc4,
    0xb9, 0xba, 0x36, 0xfd, 0xfd, 0xfd, 0xfd, 0xfd, 0xfd, 0xfd, 0xfd, 0xfd,
    0xfd, 0xfd, 0xfd, 0xc0, 0xff, 0x6b, 0x52, 0x58, 0x29, 0xff, 0x6d, 0x55,
    0x55, 0x34, 0xff, 0x70, 0x55, 0x58, 0xff, 0xdd, 0xfe, 0xed, 0xe9, 0xea,
    0xb5, 0x74, 0xfe, 0xb6, 0xa8, 0xaa, 0x36, 0xfd, 0xfd, 0xfd, 0xfd, 0xcf,
    0xfe, 0xde, 0xd8, 0xd9, 0x17, 0xfe, 0xc4, 0xb9, 0xba, 0x36, 0xfd, 0xfd,
    0xfd, 0xfd, 0xfd, 0xfd, 0xfd, 0xfd, 0xfd, 0xfd, 0xfd, 0xfd, 0xc0, 0xff,
    0x6b, 0x52, 0x58, 0x29, 0xff, 0x6d, 0x55, 0x55, 0x34, 0xff, 0x70, 0x55,
    0x58, 0xff, 0xdd, 0xfe, 0xed, 0xe9, 0xea, 0xb5, 0x74, 0xfe, 0xb6, 0xa8,
    0xaa, 0x36, 0xfd, 0xfd, 0xfd, 0xfd, 0xcf, 0xfe, 0xde, 0xd8, 0xd9, 0x17,
    0xfe, 0xc4, 0xb9, 0xba, 0x36, 0xfd, 0xfd, 0xfd, 0xfd, 0xfd, 0xfd, 0xfd,
    0xfd, 0xfd, 0xfd, 0xfd, 0xfd, 0xc0, 0xff, 0x6b, 0x52, 0x58, 0x29, 0xff,
    0x6d, 0x55, 0x55, 0x34, 0xff, 0x70, 0x55, 0x58, 0xff, 0xdd, 0xfe, 0xed,
    0xe9, 0xea, 0xb5, 0x74, 0xfe, 0xb6, 0xa8, 0xaa, 0x36, 0xfd, 0xfd, 0xfd,
    0xfd, 0xcf, 0xfe, 0xde, 0xd8, 0xd9, 0x17, 0xfe, 0xc4, 0xb9, 0xba, 0x36,
    0xfd, 0xfd, 0xfd, 0xfd, 0xfd, 0xfd, 0xfd, 0xfd, 0xfd, 0xfd, 0xfd, 0xfd,
    0xc0, 0xff, 0x6b, 0x52, 0x58, 0x29, 0xff, 0x6d, 0x55, 0x55, 0x34, 0xff,
    0x70, 0x55, 0x58, 0xff, 0xdd, 0xfe, 0xed, 0xe9, 0xea, 0xb5, 0x74, 0xfe,
    0xb6, 0xa8, 0xaa, 0x36, 0xfd, 0xfd, 0xfd, 0xfd, 0xcf, 0xfe, 0xde, 0xd8,
    0xd9, 0x17, 0xfe, 0xc4, 0xb9, 0xba, 0x36, 0xfd, 0xfd, 0xfd, 0xfd, 0xfd,
    0xfd, 0xfd, 0xfd, 0xfd, 0xfd, 0xfd, 0xfd, 0xc0, 0xff, 0x6b, 0x52, 0x58,
    0x29, 0xff, 0x6d, 0x55, 0x55, 0x34, 0xff, 0x70, 0x55, 0x58, 0xff, 0xdd,
    0xfe, 0xed, 0xe9, 0xea, 0xb5, 0x74, 0xfe, 0xb6, 0xa8, 0xaa, 0x36, 0xfd,
    0xfd, 0xfd, 0xfd, 0xcf, 0xfe, 0xde, 0xd8, 0xd9, 0x17, 0xfe, 0xc4, 0xb9,
    0xba, 0x36, 0xfd, 0xfd, 0xfd, 0xfd, 0xfd, 0xfd, 0xfd, 0xfd, 0xfd, 0xfd,
    0xfd, 0xfd, 0xc0, 0xff, 0x6b, 0x52, 0x58, 0x29, 0xff, 0x6d, 0x55, 0x55,
    0x34, 0xff, 0x70, 0x55, 0x58, 0xff, 0xdd, 0xfe, 0xed, 0xe9, 0xea, 0xb5,
    0x74, 0xfe, 0xb6, 0xa8, 0xaa, 0x36, 0xfd, 0xfd, 0xfd, 0xfd, 0xcf, 0xfe,
    0xde, 0xd8, 0xd9, 0x17, 0xfe, 0xc4, 0xb9, 0xba, 0x36, 0xfd, 0xfd, 0xfd,
    0xfd, 0xfd, 0xfd, 0xfd, 0xfd, 0xfd, 0xfd, 0xfd, 0xfd, 0xc0, 0xff, 0x6b,
    0x52, 0x58, 0x29, 0xff, 0x6d, 0x55, 0x55, 0x34, 0xff, 0x70, 0x55, 0x58,
    0xff, 0xdd, 0xfe, 0xed, 0xe9, 0xea, 0xb5, 0x74, 0xfe, 0xb6, 0xa8, 0xaa,
    0x36, 0xfd, 0xfd, 0xfd, 0xfd, 0xcf, 0xfe, 0xde, 0xd8, 0xd9, 0x17, 0xfe,
    0xc4, 0xb9, 0xba, 0x36, 0xfd, 0xfd, 0xfd, 0xfd, 0xfd, 0xfd, 0xfd, 0xfd,
    0xfd, 0xfd, 0xfd, 0xfd, 0xc0, 0xff, 0x6b, 0x52, 0x58, 0x29, 0xff, 0x6d,
    0x55, 0x55, 0x34, 0xff, 0x70, 0x55, 0x58, 0xff, 0xdd, 0xfe, 0xed, 0xe9,
    0xea, 0xb5, 0x74, 0xfe, 0xb6, 0xa8, 0xaa, 0x36, 0xfd, 0xfd, 0xfd, 0xfd,
    0xcf, 0xfe, 0xde, 0xd8, 0xd9, 0x17, 0xfe, 0xc4, 0xb9, 0xba, 0x36, 0xfd,
    0xfd, 0xfd, 0xfd, 0xfd, 0xfd, 0xfd, 0xfd, 0xfd, 0xfd, 0xfd, 0xfd, 0xc0,
    0xff, 0x6b, 0x52, 0x58, 0x29, 0xff, 0x6d, 0x55, 0x55, 0x34, 0xff, 0x70,
    0x55, 0x58, 0xff, 0xdd, 0xfe, 0xed, 0xe9, 0xea, 0xb5, 0x74, 0xfe, 0xb6,
    0xa8, 0xaa, 0x36, 0xfd, 0xfd, 0xfd, 0xfd, 0xcf, 0xfe, 0xde, 0xd8, 0xd9,
    0x17, 0xfe, 0xc4, 0xb9, 0xba, 0x36, 0xfd, 0xfd, 0xfd, 0xfd, 0xfd, 0xfd,
    0xfd, 0xfd, 0xfd, 0xfd, 0xfd, 0xfd, 0xc0, 0xff, 0x6b, 0x52, 0x58, 0x29,
    0xff, 0x6d, 0x55, 0x55, 0x34, 0xff, 0x70, 0x55, 0x58, 0xff, 0xdd, 0xfe,
    0xed, 0xe9, 0xea, 0xb5, 0x74, 0xfe, 0xb6, 0xa8, 0xaa, 0x36, 0xfd, 0xfd,
    0xfd, 0xfd, 0xcf, 0xfe, 0xde, 0xd8, 0xd9, 0x17, 0xfe, 0xc4, 0xb9, 0xba,
    0x36, 0xfd, 0xfd, 0xfd, 0xfd, 0xfd, 0xfd, 0xfd, 0xfd, 0xfd, 0xfd, 0xfd,
    0xfd, 0xc0, 0xff, 0x6b, 0x52, 0x58, 0x29, 0xff, 0x6d, 0x55, 0x55, 0x34,
    0xff, 0x70, 0x55, 0x58, 0xff, 0xdd, 0xfe, 0xed, 0xe9, 0xea, 0xb5, 0x74,
    0xfe, 0xb6, 0xa8, 0xaa, 0x36, 0xfd, 0xfd, 0xfd, 0xfd, 0xcf, 0xfe, 0xde,
    0xd8, 0xd9, 0x17, 0xfe, 0xc4, 0xb9, 0xba, 0x36, 0xfd, 0xfd, 0xfd, 0xfd,
    0xfd, 0xfd, 0xfd, 0xfd, 0xfd, 0xfd, 0xfd, 0xfd, 0xc0, 0xff, 0x6b, 0x52,
    0x58, 0x29, 0xff, 0x6d, 0x55, 0x55, 0x34, 0xff, 0x70, 0x55, 0x58, 0xff,
    0xdd, 0xfe, 0xed, 0xe9, 0xea, 0xb5, 0x74, 0xfe, 0xb6, 0xa8, 0xaa, 0x36,
    0xfd, 0xfd, 0xfd, 0xfd, 0xcf, 0xfe, 0xde, 0xd8, 0xd9, 0x17, 0xfe, 0xc4,
    0xb9, 0xba, 0x36, 0xfd, 0xfd, 0xfd, 0xfd, 0xfd, 0xfd, 0xfd, 0xfd, 0xfd,
    0xfd, 0xfd, 0xfd, 0xc0, 0xff, 0x6b, 0x52, 0x58, 0x29, 0xff, 0x6d, 0x55,
    0x55, 0x34, 0xff, 0x70, 0x55, 0x58, 0xff, 0xdd, 0xfe, 0xed, 0xe9, 0xea,
    0xb5, 0x74, 0xfe, 0xb6, 0xa8, 0xaa, 0x36, 0xfd, 0xfd, 0xfd, 0xfd, 0xcf,
    0xfe, 0xde, 0xd8, 0xd9, 0x17, 0xfe, 0xc4, 0xb9, 0xba, 0x36, 0xfd, 0xfd,
    0xfd, 0xfd, 0xfd, 0xfd, 0xfd, 0xfd, 0xfd, 0xfd, 0xfd, 0xfd, 0xc0, 0xff,
    0x6b, 0x52, 0x58, 0x29, 0xff, 0x6d, 0x55, 0x55, 0x34, 0xff, 0x70, 0x55,
    0x58, 0xff, 0xdd, 0xfe, 0xed, 0xe9, 0xea, 0xb5, 0x74, 0xfe, 0xb6, 0xa8,
    0xaa, 0x36, 0xfd, 0xfd, 0xfd, 0xfd, 0xcf, 0xfe, 0xde, 0xd8, 0xd9, 0x17,
    0xfe, 0xc4, 0xb9, 0xba, 0x36, 0xfd, 0xfd, 0xfd, 0xfd, 0xfd, 0xfd, 0xfd,
    0xfd, 0xfd, 0xfd, 0xfd, 0xfd, 0xc0, 0xff, 0x6b, 0x52, 0x58, 0x29, 0xff,
    0x6d, 0x55, 0x55, 0x34, 0xff, 0x70, 0x55, 0x58, 0xff, 0xdd, 0xfe, 0xed,
    0xe9, 0xea, 0xb5, 0x74, 0xfe, 0xb6, 0xa8, 0xaa, 0x36, 0xfd, 0xfd, 0xfd,
    0xfd, 0xcf, 0xfe, 0xde, 0xd8, 0xd9, 0x17, 0xfe, 0xc4, 0xb9, 0xba, 0x36,
    0xfd, 0xfd, 0xfd, 0xfd, 0xfd, 0xfd, 0xfd, 0xfd, 0xfd, 0xfd, 0xfd, 0xfd,
    0xc0, 0xff, 0x6b, 0x52, 0x58, 0x29, 0xff, 0x6d, 0x55, 0x55, 0x34, 0xff,
    0x70, 0x55, 0x58, 0xff, 0xdd, 0xfe, 0xed, 0xe9, 0xea, 0xb5, 0x74, 0xfe,
    0xb6, 0xa8, 0xaa, 0x36, 0xfd, 0xfd, 0xfd, 0xfd, 0xcf, 0xfe, 0xde, 0xd8,
    0xd9, 0x17, 0xfe, 0xc4, 0xb9, 0xba, 0x36, 0xfd, 0xfd, 0xfd, 0xfd, 0xfd,
    0xfd, 0xfd, 0xfd, 0xfd, 0xfd, 0xfd, 0xfd, 0xc0, 0xff, 0x6b, 0x52, 0x58,
    0x29, 0xff, 0x6d, 0x55, 0x55, 0x34, 0xff, 0x70, 0x55, 0x58, 0xff, 0xdd,
    0xfe, 0xed, 0xe9, 0xea, 0xb5, 0x74, 0xfe, 0xb6, 0xa8, 0xaa, 0x36, 0xfd,
    0xfd, 0xfd, 0xfd, 0xcf, 0xfe, 0xde, 0xd8, 0xd9, 0x17, 0xfe, 0xc4, 0xb9,
    0xba, 0x36, 0xfd, 0xfd, 0xfd, 0xfd, 0xfd, 0xfd, 0xfd, 0xfd, 0xfd, 0xfd,
    0xfd, 0xfd, 0xc0, 0xff, 0x6b, 0x52, 0x58, 0x29, 0xff, 0x6d, 0x55, 0x55,
    0x34, 0xff, 0x70, 0x55, 0x58, 0xff, 0xdd, 0xfe, 0xed, 0xe9, 0xea, 0xb5,
    0x74, 0xfe, 0xb6, 0xa8, 0xaa, 0x36, 0xfd, 0xfd, 0xfd, 0xfd, 0xcf, 0xfe,
    0xde, 0xd8, 0xd9, 0x17, 0xfe, 0xc4, 0xb9, 0xba, 0x36, 0xfd, 0xfd, 0xfd,
    0xfd, 0xfd, 0xfd, 0xfd, 0xfd, 0xfd, 0xfd, 0xfd, 0xfd, 0xc0, 0xff, 0x6b,
    0x52, 0x58, 0x29, 0xff, 0x6d, 0x55, 0x55, 0x34, 0xff, 0x70, 0x55, 0x58,
    0xff, 0xdd, 0xfe, 0xed, 0xe9, 0xea, 0xb5, 0x74, 0xfe, 0xb6, 0xa8, 0xaa,
    0x36, 0xfd, 0xfd, 0xfd, 0xfd, 0xcf, 0xfe, 0xde, 0xd8, 0xd9, 0x17, 0xfe,
    0xc4, 0xb9, 0xba, 0x36, 0xfd, 0xfd, 0xfd, 0xfd, 0xfd, 0xfd, 0xfd, 0xfd,
    0xfd, 0xfd, 0xfd, 0xfd, 0xc0, 0xff, 0x6b, 0x52, 0x58, 0x29, 0xff, 0x6d,
    0x55, 0x55, 0x34, 0xff, 0x70, 0x55, 0x58, 0xff, 0xdd, 0xfe, 0xed, 0xe9,
    0xea, 0xb5, 0x74, 0xfe, 0xb6, 0xa8, 0xaa, 0x36, 0xfd, 0xfd, 0xfd, 0xfd,
    0xcf, 0xfe, 0xde, 0xd8, 0xd9, 0x17, 0xfe, 0xc4, 0xb9, 0xba, 0x36, 0xfd,
    0xfd, 0xfd, 0xfd, 0xfd, 0xfd, 0xfd, 0xfd, 0xfd, 0xfd, 0xfd, 0xfd, 0xc0,
    0xff, 0x6b, 0x52, 0x58, 0x29, 0xff, 0x6d, 0x55, 0x55, 0x34, 0xff, 0x70,
    0x55, 0x58, 0xff, 0xdd, 0xfe, 0xed, 0xe9, 0xea, 0xb5, 0x74, 0xfe, 0xb6,
    0xa8, 0xaa, 0x36, 0xfd, 0xfd, 0xfd, 0xfd, 0xcf, 0xfe, 0xde, 0xd8, 0xd9,
    0x17, 0xfe, 0xc4, 0xb9, 0xba, 0x36, 0xfd, 0xfd, 0xfd, 0xfd, 0xfd, 0xfd,
    0xfd, 0xfd, 0xfd, 0xfd, 0xfd, 0xfd, 0xc0, 0xff, 0x6b, 0x52, 0x58, 0x29,
    0xff, 0x6d, 0x55, 0x55, 0x34, 0xff, 0x70, 0x55, 0x58, 0xff, 0xdd, 0xfe,
    0xed, 0xe9, 0xea, 0xb5, 0x74, 0xfe, 0xb6, 0xa8, 0xaa, 0x36, 0xfd, 0xfd,
    0xfd, 0xfd, 0xcf, 0xfe, 0xde, 0xd8, 0xd9, 0x17, 0xfe, 0xc4, 0xb9, 0xba,
    0x36, 0xfd, 0xfd, 0xfd, 0xfd, 0xfd, 0xfd, 0xfd, 0xfd, 0xfd, 0xfd, 0xfd,
    0xfd, 0xc0, 0xff, 0x6b, 0x52, 0x58, 0x29, 0xff, 0x6d, 0x55, 0x55, 0x34,
    0xff, 0x70, 0x55, 0x58, 0xff, 0xdd, 0xfe, 0xed, 0xe9, 0xea, 0xb5, 0x74,
    0xfe, 0xb6, 0xa8, 0xaa, 0x36, 0xfd, 0xfd, 0xfd, 0xfd, 0xcf, 0xfe, 0xde,
    0xd8, 0xd9, 0x17, 0xfe, 0xc4, 0xb9, 0xba, 0x36, 0xfd, 0xfd, 0xfd, 0xfd,
    0xfd, 0xfd, 0xfd, 0xfd, 0xfd, 0xfd, 0xfd, 0xfd, 0xc0, 0xff, 0x6b, 0x52,
    0x58, 0x29, 0xff, 0x6d, 0x55, 0x55, 0x34, 0xff, 0x70, 0x55, 0x58, 0xff,
    0xdd, 0xfe, 0xed, 0xe9, 0xea, 0xb5, 0x74, 0xfe, 0xb6, 0xa8, 0xaa, 0x36,
    0xfd, 0xfd, 0xfd, 0xfd, 0xcf, 0xfe, 0xde, 0xd8, 0xd9, 0x17, 0xfe, 0xc4,
    0xb9, 0xba, 0x36, 0xfd, 0xfd, 0xfd, 0xfd, 0xfd, 0xfd, 0xfd, 0xfd, 0xfd,
    0xfd, 0xfd, 0xfd, 0xc0, 0xff, 0x6b, 0x52, 0x58, 0x29, 0xff, 0x6d, 0x55,
    0x55, 0x34, 0xff, 0x70, 0x55, 0x58, 0xff, 0xdd, 0xfe, 0xed, 0xe9, 0xea,
    0xb5, 0x74, 0xfe, 0xb6, 0xa8, 0xaa, 0x36, 0xfd, 0xfd, 0xfd, 0xfd, 0xcf,
    0xfe, 0xde, 0xd8, 0xd9, 0x17, 0xfe, 0xc4, 0xb9, 0xba, 0x36, 0xfd, 0xfd,
    0xfd, 0xfd, 0xfd, 0xfd, 0xfd, 0xfd, 0xfd, 0xfd, 0xfd, 0xfd, 0xc0, 0xff,
    0x6b, 0x52, 0x58, 0x29, 0xff, 0x6d, 0x55, 0x55, 0x34, 0xff, 0x70, 0x55,
    0x58, 0xff, 0xdd, 0xfe, 0xed, 0xe9, 0xea, 0xb5, 0x74, 0xfe, 0xb6, 0xa8,
    0xaa, 0x36, 0xfd, 0xfd, 0xfd, 0xfd, 0xcf, 0xfe, 0xde, 0xd8, 0xd9, 0x17,
    0xfe, 0xc4, 0xb9, 0xba, 0x36, 0xfd, 0xfd, 0xfd, 0xfd, 0xfd, 0xfd, 0xfd,
    0xfd, 0xfd, 0xfd, 0xfd, 0xfd, 0xc0, 0xff, 0x6b, 0x52, 0x58, 0x29, 0xff,
    0x6d, 0x55, 0x55, 0x34, 0xff, 0x70, 0x55, 0x58, 0xff, 0xdd, 0xfe, 0xed,
    0xe9, 0xea, 0xb5, 0x74, 0xfe, 0xb6, 0xa8, 0xaa, 0x36, 0xfd, 0xfd, 0xfd,
    0xfd, 0xcf, 0xfe, 0xde, 0xd8, 0xd9, 0x17, 0xfe, 0xc4, 0xb9, 0xba, 0x36,
    0xfd, 0xfd, 0xfd, 0xfd, 0xfd, 0xfd, 0xfd, 0xfd, 0xfd, 0xfd, 0xfd, 0xfd,
    0xc0, 0xff, 0x6b, 0x52, 0x58, 0x29, 0xff, 0x6d, 0x55, 0x55, 0x34, 0xff,
    0x70, 0x55, 0x58, 0xff, 0xdd, 0xfe, 0xed, 0xe9, 0xea, 0xb5, 0x74, 0xfe,
    0xb6, 0xa8, 0xaa, 0x36, 0xfd, 0xfd, 0xfd, 0xfd, 0xcf, 0xfe, 0xde, 0xd8,
    0xd9, 0x17, 0xfe, 0xc4, 0xb9, 0xba, 0x36, 0xfd, 0xfd, 0xfd, 0xfd, 0xfd,
    0xfd, 0xfd, 0xfd, 0xfd, 0xfd, 0xfd, 0xfd, 0xc0, 0xff, 0x6b, 0x52, 0x58,
    0x29, 0xff, 0x6d, 0x55, 0x55, 0x34, 0xff, 0x70, 0x55, 0x58, 0xff, 0xdd,
    0xfe, 0xed, 0xe9, 0xea, 0xb5, 0x74, 0xfe, 0xb6, 0xa8, 0xaa, 0x36, 0xfd,
    0xfd, 0xfd, 0xfd, 0xcf, 0xfe, 0xde, 0xd8, 0xd9, 0x17, 0xfe, 0xc4, 0xb9,
    0xba, 0x36, 0xfd, 0xfd, 0xfd, 0xfd, 0xfd, 0xfd, 0xfd, 0xfd, 0xfd, 0xfd,
    0xfd, 0xfd, 0xc0, 0xff, 0x6b, 0x52, 0x58, 0x29, 0xff, 0x6d, 0x55, 0x55,
    0x34, 0xff, 0x70, 0x55, 0x58, 0xff, 0xdd, 0xfe, 0xed, 0xe9, 0xea, 0xb5,
    0x74, 0xfe, 0xb6, 0xa8, 0xaa, 0x36, 0xfd, 0xfd, 0xfd, 0xfd, 0xcf, 0xfe,
    0xde, 0xd8, 0xd9, 0x17, 0xfe, 0xc4, 0xb9, 0xba, 0x36, 0xfd, 0xfd, 0xfd,
    0xfd, 0xfd, 0xfd, 0xfd, 0xfd, 0xfd, 0xfd, 0xfd, 0xfd, 0xc0, 0xff, 0x6b,
    0x52, 0x58, 0x29, 0xff, 0x6d, 0x55, 0x55, 0x34, 0xff, 0x70, 0x55, 0x58,
    0xff, 0xdd, 0xfe, 0xed, 0xe9, 0xea, 0xb5, 0x74, 0xfe, 0xb6, 0xa8, 0xaa,
    0x36, 0xfd, 0xfd, 0xfd, 0xfd, 0xcf, 0xfe, 0xde, 0xd8, 0xd9, 0x17, 0xfe,
    0xc4, 0xb9, 0xba, 0x36, 0xfd, 0xfd, 0xfd, 0xfd, 0xfd, 0xfd, 0xfd, 0xfd,
    0xfd, 0xfd, 0xfd, 0xfd, 0xc0, 0xff, 0x6b, 0x52, 0x58, 0x29, 0xff, 0x6d,
    0x55, 0x55, 0x34, 0xff, 0x70, 0x55, 0x58, 0xff, 0xdd, 0xfe, 0xed, 0xe9,
    0xea, 0xb5, 0x74, 0xfe, 0xb6, 0xa8, 0xaa, 0x36, 0xfd, 0xfd, 0xfd, 0xfd,
    0xcf, 0xfe, 0xde, 0xd8, 0xd9, 0x17, 0xfe, 0xc4, 0xb9, 0xba, 0x36, 0xfd,
    0xfd, 0xfd, 0xfd, 0xfd, 0xfd, 0xfd, 0xfd, 0xfd, 0xfd, 0xfd, 0xfd, 0xc0,
    0xff, 0x6b, 0x52, 0x58, 0x29, 0xff, 0x6d, 0x55, 0x55, 0x34, 0xff, 0x70,
    0x55, 0x58, 0xff, 0xdd, 0xfe, 0xed, 0xe9, 0xea, 0xb5, 0x74, 0xfe, 0xb6,
    0xa8, 0xaa, 0x36, 0xfd, 0xfd, 0xfd, 0xfd, 0xcf, 0xfe, 0xde, 0xd8, 0xd9,
    0x17, 0xfe, 0xc4, 0xb9, 0xba, 0x36, 0xfd, 0xfd, 0xfd, 0xfd, 0xfd, 0xfd,
    0xfd, 0xfd, 0xfd, 0xfd, 0xfd, 0xfd, 0xc0, 0xff, 0x6b, 0x52, 0x58, 0x29,
    0xff, 0x6d, 0x55, 0x55, 0x34, 0xff, 0x70, 0x55, 0x58, 0xff, 0xdd, 0xfe,
    0xed, 0xe9, 0xea, 0xb5, 0x74, 0xfe, 0xb6, 0xa8, 0xaa, 0x36, 0xfd, 0xfd,
    0xfd, 0xfd, 0xcf, 0xfe, 0xde, 0xd8, 0xd9, 0x17, 0xfe, 0xc4, 0xb9, 0xba,
    0x36, 0xfd, 0xfd, 0xfd, 0xfd, 0xfd, 0xfd, 0xfd, 0xfd, 0xfd, 0xfd, 0xfd,
    0xfd, 0xc0, 0xff, 0x6b, 0x52, 0x58, 0x29, 0xff, 0x6d, 0x55, 0x55, 0x34,
    0xff, 0x70, 0x55, 0x58, 0xff, 0xdd, 0xfe, 0xed, 0xe9, 0xea, 0xb5, 0x74,
    0xfe, 0xb6, 0xa8, 0xaa, 0x36, 0xfd, 0xfd, 0xfd, 0xfd, 0xcf, 0xfe, 0xde,
    0xd8, 0xd9, 0x17, 0xfe, 0xc4, 0xb9, 0xba, 0x36, 0xfd, 0xfd, 0xfd, 0xfd,
    0xfd, 0xfd, 0xfd, 0xfd, 0xfd, 0xfd, 0xfd, 0xfd, 0xc0, 0xff, 0x6b, 0x52,
    0x58, 0x29, 0xff, 0x6d, 0x55, 0x55, 0x34, 0xff, 0x70, 0x55, 0x58, 0xff,
    0xdd, 0xfe, 0xed, 0xe9, 0xea, 0xb5, 0x74, 0xfe, 0xb6, 0xa8, 0xaa, 0x36,
    0xfd, 0xfd, 0xfd, 0xfd, 0xcf, 0xfe, 0xde, 0xd8, 0xd9, 0x17, 0xfe, 0xc4,
    0xb9, 0xba, 0x36, 0xfd, 0xfd, 0xfd, 0xfd, 0xfd, 0xfd, 0xfd, 0xfd, 0xfd,
    0xfd, 0xfd, 0xfd, 0xc0, 0xff, 0x6b, 0x52, 0x58, 0x29, 0xff, 0x6d, 0x55,
    0x55, 0x34, 0xff, 0x70, 0x55, 0x58, 0xff, 0xdd, 0xfe, 0xed, 0xe9, 0xea,
    0xb5, 0x74, 0xfe, 0xb6, 0xa8, 0xaa, 0x36, 0xfd, 0xfd, 0xfd, 0xfd, 0xcf,
    0xfe, 0xde, 0xd8, 0xd9, 0x17, 0xfe, 0xc4, 0xb9, 0xba, 0x36, 0xfd, 0xfd,
    0xfd, 0xfd, 0xfd, 0xfd, 0xfd, 0xfd, 0xfd, 0xfd, 0xfd, 0xfd, 0xc0, 0xff,
    0x6b, 0x52, 0x58, 0x29, 0xff, 0x6d, 0x55, 0x55, 0x34, 0xff, 0x70, 0x55,
    0x58, 0xff, 0xdd, 0xfe, 0xed, 0xe9, 0xea, 0xb5, 0x74, 0xfe, 0xb6, 0xa8,
    0xaa, 0x36, 0xfd, 0xfd, 0xfd, 0xfd, 0xcf, 0xfe, 0xde, 0xd8, 0xd9, 0x17,
    0xfe, 0xc4, 0xb9, 0xba, 0x36, 0xfd, 0xfd, 0xfd, 0xfd, 0xfd, 0xfd, 0xfd,
    0xfd, 0xfd, 0xfd, 0xfd, 0xfd, 0xc0, 0xff, 0x6b, 0x52, 0x58, 0x29, 0xff,
    0x6d, 0x55, 0x55, 0x34, 0xff, 0x70, 0x55, 0x58, 0xff, 0xdd, 0xfe, 0xed,
    0xe9, 0xea, 0xb5, 0x74, 0xfe, 0xb6, 0xa8, 0xaa, 0x36, 0xfd, 0xfd, 0xfd,
    0xfd, 0xcf, 0xfe, 0xde, 0xd8, 0xd9, 0x17, 0xfe, 0xc4, 0xb9, 0xba, 0x36,
    0xfd, 0xfd, 0xfd, 0xfd, 0xfd, 0xfd, 0xfd, 0xfd, 0xfd, 0xfd, 0xfd, 0xfd,
    0xc0, 0xff, 0x6b, 0x52, 0x58, 0x29, 0xff, 0x6d, 0x55, 0x55, 0x34, 0xff,
    0x70, 0x55, 0x58, 0xff, 0xdd, 0xfe, 0xed, 0xe9, 0xea, 0xb5, 0x74, 0xfe,
    0xb6, 0xa8, 0xaa, 0x36, 0xfd, 0xfd, 0xfd, 0xfd, 0xcf, 0xfe, 0xde, 0xd8,
    0xd9, 0x17, 0xfe, 0xc4, 0xb9, 0xba, 0x36, 0xfd, 0xfd, 0xfd, 0xfd, 0xfd,
    0xfd, 0xfd, 0xfd, 0xfd, 0xfd, 0xfd, 0xfd, 0xc0, 0xff, 0x6b, 0x52, 0x58,
    0x29, 0xff, 0x6d, 0x55, 0x55, 0x34, 0xff, 0x70, 0x55, 0x58, 0xff, 0xdd,
    0xfe, 0xed, 0xe9, 0xea, 0xb5, 0x74, 0xfe, 0xb6, 0xa8, 0xaa, 0x36, 0xfd,
    0xfd, 0xfd, 0xfd, 0xcf, 0xfe, 0xde, 0xd8, 0xd9, 0x17, 0xfe, 0xc4, 0xb9,
    0xba, 0x36, 0xfd, 0xfd, 0xfd, 0xfd, 0xfd, 0xfd, 0xfd, 0xfd, 0xfd, 0xfd,
    0xfd, 0xfd, 0xc0, 0xff, 0x6b, 0x52, 0x58, 0x29, 0xff, 0x6d, 0x55, 0x55,
    0x34, 0xff, 0x70, 0x55, 0x58, 0xff, 0xdd, 0xfe, 0xed, 0xe9, 0xea, 0xb5,
    0x74, 0xfe, 0xb6, 0xa8, 0xaa, 0x36, 0xfd, 0xfd, 0xfd, 0xfd, 0xcf, 0xfe,
    0xde, 0xd8, 0xd9, 0x17, 0xfe, 0xc4, 0xb9, 0xba, 0x36, 0xfd, 0xfd, 0xfd,
    0xfd, 0xfd, 0xfd, 0xfd, 0xfd, 0xfd, 0xfd, 0xfd, 0xfd, 0xc0, 0xff, 0x6b,
    0x52, 0x58, 0x29, 0xff, 0x6d, 0x55, 0x55, 0x34, 0xff, 0x70, 0x55, 0x58,
    0xff, 0xdd, 0xfe, 0xed, 0xe9, 0xea, 0xb5, 0x74, 0xfe, 0xb6, 0xa8, 0xaa,
    0x36, 0xfd, 0xfd, 0xfd, 0xfd, 0xcf, 0xfe, 0xde, 0xd8, 0xd9, 0x17, 0xfe,
    0xc4, 0xb9, 0xba, 0x36, 0xfd, 0xfd, 0xfd, 0xfd, 0xfd, 0xfd, 0xfd, 0xfd,
    0xfd, 0xfd, 0xfd, 0xfd, 0xc0, 0xff, 0x6b, 0x52, 0x58, 0x29, 0xff, 0x6d,
    0x55, 0x55, 0x34, 0xff, 0x70, 0x55, 0x58, 0xff, 0xdd, 0xfe, 0xed, 0xe9,
    0xea, 0xb5, 0x74, 0xfe, 0xb6, 0xa8, 0xaa, 0x36, 0xfd, 0xfd, 0xfd, 0xfd,
    0xcf, 0xfe, 0xde, 0xd8, 0xd9, 0x17, 0xfe, 0xc4, 0xb9, 0xba, 0x36, 0xfd,
    0xfd, 0xfd, 0xfd, 0xfd, 0xfd, 0xfd, 0xfd, 0xfd, 0xfd, 0xfd, 0xfd, 0xc0,
    0xff, 0x6b, 0x52, 0x58, 0x29, 0xff, 0x6d, 0x55, 0x55, 0x34, 0xff, 0x70,
    0x55, 0x58, 0xff, 0xdd, 0xfe, 0xed, 0xe9, 0xea, 0xb5, 0x74, 0xfe, 0xb6,
    0xa8, 0xaa, 0x36, 0xfd, 0xfd, 0xfd, 0xfd, 0xcf, 0xfe, 0xde, 0xd8, 0xd9,
    0x17, 0xfe, 0xc4, 0xb9, 0xba, 0x36, 0xfd, 0xfd, 0xfd, 0xfd, 0xfd, 0xfd,
    0xfd, 0xfd, 0xfd, 0xfd, 0xfd, 0xfd, 0xc0, 0xff, 0x6b, 0x52, 0x58, 0x29,
    0xff, 0x6d, 0x55, 0x55, 0x34, 0xff, 0x70, 0x55, 0x58, 0xff, 0xdd, 0xfe,
    0xed, 0xe9, 0xea, 0xb5, 0x74, 0xfe, 0xb6, 0xa8, 0xaa, 0x36, 0xfd, 0xfd,
    0xfd, 0xfd, 0xcf, 0xfe, 0xde, 0xd8, 0xd9, 0x17, 0xfe, 0xc4, 0xb9, 0xba,
    0x36, 0xfd, 0xfd, 0xfd, 0xfd, 0xfd, 0xfd, 0xfd, 0xfd, 0xfd, 0xfd, 0xfd,
    0xfd, 0xc0, 0xff, 0x6b, 0x52, 0x58, 0x29, 0xff, 0x6d, 0x55, 0x55, 0x34,
    0xff, 0x70, 0x55, 0x58, 0xff, 0xdd, 0xfe, 0xed, 0xe9, 0xea, 0xb5, 0x74,
    0xfe, 0xb6, 0xa8, 0xaa, 0x36, 0xfd, 0xfd, 0xfd, 0xfd, 0xcf, 0xfe, 0xde,
    0xd8, 0xd9, 0x17, 0xfe, 0xc4, 0xb9, 0xba, 0x36, 0xfd, 0xfd, 0xfd, 0xfd,
    0xfd, 0xfd, 0xfd, 0xfd, 0xfd, 0xfd, 0xfd, 0xfd, 0xc0, 0xff, 0x6b, 0x52,
    0x58, 0x29, 0xff, 0x6d, 0x55, 0x55, 0x34, 0xff, 0x70, 0x55, 0x58, 0xff,
    0xdd, 0xfe, 0xed, 0xe9, 0xea, 0xb5, 0x74, 0xfe, 0xb6, 0xa8, 0xaa, 0x36,
    0xfd, 0xfd, 0xfd, 0xfd, 0xcf, 0xfe, 0xde, 0xd8, 0xd9, 0x17, 0xfe, 0xc4,
    0xb9, 0xba, 0x36, 0xfd, 0xfd, 0xfd, 0xfd, 0xfd, 0xfd, 0xfd, 0xfd, 0xfd,
    0xfd, 0xfd, 0xfd, 0xc0, 0xff, 0x6b, 0x52, 0x58, 0x29, 0xff, 0x6d, 0x55,
    0x55, 0x34, 0xff, 0x70, 0x55, 0x58, 0xff, 0xdd, 0xfe, 0xed, 0xe9, 0xea,
    0xb5, 0x74, 0xfe, 0xb6, 0xa8, 0xaa, 0x36, 0xfd, 0xfd, 0xfd, 0xfd, 0xcf,
    0xfe, 0xde, 0xd8, 0xd9, 0x17, 0xfe, 0xc4, 0xb9, 0xba, 0x36, 0xfd, 0xfd,
    0xfd, 0xfd, 0xfd, 0xfd, 0xfd, 0xfd, 0xfd, 0xfd, 0xfd, 0xfd, 0xc0, 0xff,
    0x6b, 0x52, 0x58, 0x29, 0xff, 0x6d, 0x55, 0x55, 0x34, 0xff, 0x70, 0x55,
    0x58, 0xff, 0xdd, 0xfe, 0xed, 0xe9, 0xea, 0xb5, 0x74, 0xfe, 0xb6, 0xa8,
    0xaa, 0x36, 0xfd, 0xfd, 0xfd, 0xfd, 0xcf, 0xfe, 0xde, 0xd8, 0xd9, 0x17,
    0xfe, 0xc4, 0xb9, 0xba, 0x36, 0xfd, 0xfd, 0xfd, 0xfd, 0xfd, 0xfd, 0xfd,
    0xfd, 0xfd, 0xfd, 0xfd, 0xfd, 0xc0, 0xff, 0x6b, 0x52, 0x58, 0x29, 0xff,
    0x6d, 0x55, 0x55, 0x34, 0xff, 0x70, 0x55, 0x58, 0xff, 0xdd, 0xfe, 0xed,
    0xe9, 0xea, 0xb5, 0x74, 0xfe, 0xb6, 0xa8, 0xaa, 0x36, 0xfd, 0xfd, 0xfd,
    0xfd, 0xcf, 0xfe, 0xde, 0xd8, 0xd9, 0x17, 0xfe, 0xc4, 0xb9, 0xba, 0x36,
    0xfd, 0xfd, 0xfd, 0xfd, 0xfd, 0xfd, 0xfd, 0xfd, 0xfd, 0xfd, 0xfd, 0xfd,
    0xc0, 0xff, 0x6b, 0x52, 0x58, 0x29, 0xff, 0x6d, 0x55, 0x55, 0x34, 0xff,
    0x70, 0x55, 0x58, 0xff, 0xdd, 0xfe, 0xed, 0xe9, 0xea, 0xb5, 0x74, 0xfe,
    0xb6, 0xa8, 0xaa, 0x36, 0xfd, 0xfd, 0xfd, 0xfd, 0xcf, 0xfe, 0xde, 0xd8,
    0xd9, 0x17, 0xfe, 0xc4, 0xb9, 0xba, 0x36, 0xfd, 0xfd, 0xfd, 0xfd, 0xfd,
    0xfd, 0xfd, 0xfd, 0xfd, 0xfd, 0xfd, 0xfd, 0xc0, 0xff, 0x6b, 0x52, 0x58,
    0x29, 0xff, 0x6d, 0x55, 0x55, 0x34, 0xff, 0x70, 0x55, 0x58, 0xff, 0xdd,
    0xfe, 0xed, 0xe9, 0xea, 0xb5, 0x74, 0xfe, 0xb6, 0xa8, 0xaa, 0x36, 0xfd,
    0xfd, 0xfd, 0xfd, 0xcf, 0xfe, 0xde, 0xd8, 0xd9, 0x17, 0xfe, 0xc4, 0xb9,
    0xba, 0x36, 0xfd, 0xfd, 0xfd, 0xfd, 0xfd, 0xfd, 0xfd, 0xfd, 0xfd, 0xfd,
    0xfd, 0xfd, 0xc0, 0xff, 0x6b, 0x52, 0x58, 0x29, 0xff, 0x6d, 0x55, 0x55,
    0x34, 0xff, 0x70, 0x55, 0x58, 0xff, 0xdd, 0xfe, 0xed, 0xe9, 0xea, 0xb5,
    0x74, 0xfe, 0xb6, 0xa8, 0xaa, 0x36, 0xfd, 0xfd, 0xfd, 0xfd, 0xcf, 0xfe,
    0xde, 0xd8, 0xd9, 0x17, 0xfe, 0xc4, 0xb9, 0xba, 0x36, 0xfd, 0xfd, 0xfd,
    0xfd, 0xfd, 0xfd, 0xfd, 0xfd, 0xfd, 0xfd, 0xfd, 0xfd, 0xc0, 0xff, 0x6b,
    0x52, 0x58, 0x29, 0xff, 0x6d, 0x55, 0x55, 0x34, 0xff, 0x70, 0x55, 0x58,
    0xff, 0xdd, 0xfe, 0xed, 0xe9, 0xea, 0xb5, 0x74, 0xfe, 0xb6, 0xa8, 0xaa,
    0x36, 0xfd, 0xfd, 0xfd, 0xfd, 0xcf, 0xfe, 0xde, 0xd8, 0xd9, 0x17, 0xfe,
    0xc4, 0xb9, 0xba, 0x36, 0xfd, 0xfd, 0xfd, 0xfd, 0xfd, 0xfd, 0xfd, 0xfd,
    0xfd, 0xfd, 0xfd, 0xfd, 0xc0, 0xff, 0x6b, 0x52, 0x58, 0x29, 0xff, 0x6d,
    0x55, 0x55, 0x34, 0xff, 0x70, 0x55, 0x58, 0xff, 0xdd, 0xfe, 0xed, 0xe9,
    0xea, 0xb5, 0x74, 0xfe, 0xb6, 0xa8, 0xaa, 0x36, 0xfd, 0xfd, 0xfd, 0xfd,
    0xcf, 0xfe, 0xde, 0xd8, 0xd9, 0x17, 0xfe, 0xc4, 0xb9, 0xba, 0x36, 0xfd,
    0xfd, 0xfd, 0xfd, 0xfd, 0xfd, 0xfd, 0xfd, 0xfd, 0xfd, 0xfd, 0xfd, 0xc0,
    0xff, 0x6b, 0x52, 0x58, 0x29, 0xff, 0x6d, 0x55, 0x55, 0x34, 0xff, 0x70,
    0x55, 0x58, 0xff, 0xdd, 0xfe, 0xed, 0xe9, 0xea, 0xb5, 0x74, 0xfe, 0xb6,
    0xa8, 0xaa, 0x36, 0xfd, 0xfd, 0xfd, 0xfd, 0xcf, 0xfe, 0xde, 0xd8, 0xd9,
    0x17, 0xfe, 0xc4, 0xb9, 0xba, 0x36, 0xfd, 0xfd, 0xfd, 0xfd, 0xfd, 0xfd,
    0xfd, 0xfd, 0xfd, 0xfd, 0xfd, 0xfd, 0xc0, 0xff, 0x6b, 0x52, 0x58, 0x29,
    0xff, 0x6d, 0x55, 0x55, 0x34, 0xff, 0x70, 0x55, 0x58, 0xff, 0xdd, 0xfe,
    0xed, 0xe9, 0xea, 0xb5, 0x74, 0xfe, 0xb6, 0xa8, 0xaa, 0x36, 0xfd, 0xfd,
    0xfd, 0xfd, 0xcf, 0xfe, 0xde, 0xd8, 0xd9, 0x17, 0xfe, 0xc4, 0xb9, 0xba,
    0x36, 0xfd, 0xfd, 0xfd, 0xfd, 0xfd, 0xfd, 0xfd, 0xfd, 0xfd, 0xfd, 0xfd,
    0xfd, 0xc0, 0xff, 0x6b, 0x52, 0x58, 0x29, 0xff, 0x6d, 0x55, 0x55, 0x34,
    0xff, 0x70, 0x55, 0x58, 0xff, 0xdd, 0xfe, 0xed, 0xe9, 0xea, 0xb5, 0x74,
    0xfe, 0xb6, 0xa8, 0xaa, 0x36, 0xfd, 0xfd, 0xfd, 0xfd, 0xcf, 0xfe, 0xde,
    0xd8, 0xd9, 0x17, 0xfe, 0xc4, 0xb9, 0xba, 0x36, 0xfd, 0xfd, 0xfd, 0xfd,
    0xfd, 0xfd, 0xfd, 0xfd, 0xfd, 0xfd, 0xfd, 0xfd, 0xc0, 0xff, 0x6b, 0x52,
    0x58, 0x29, 0xff, 0x6d, 0x55, 0x55, 0x34, 0xff, 0x70, 0x55, 0x58, 0xff,
    0xdd, 0xfe, 0xed, 0xe9, 0xea, 0xb5, 0x74, 0xfe, 0xb6, 0xa8, 0xaa, 0x36,
    0xfd, 0xfd, 0xfd, 0xfd, 0xcf, 0xfe, 0xde, 0xd8, 0xd9, 0x17, 0xfe, 0xc4,
    0xb9, 0xba, 0x36, 0xfd, 0xfd, 0xfd, 0xfd, 0xfd, 0xfd, 0xfd, 0xfd, 0xfd,
    0xfd, 0xfd, 0xfd, 0xc0, 0xff, 0x6b, 0x52, 0x58, 0x29, 0xff, 0x6d, 0x55,
    0x55, 0x34, 0xff, 0x70, 0x55, 0x58, 0xff, 0xdd, 0xfe, 0xed, 0xe9, 0xea,
    0xb5, 0x74, 0xfe, 0xb6, 0xa8, 0xaa, 0x36, 0xfd, 0xfd, 0xfd, 0xfd, 0xcf,
    0xfe, 0xde, 0xd8, 0xd9, 0x17, 0xfe, 0xc4, 0xb9, 0xba, 0x36, 0xfd, 0xfd,
    0xfd, 0xfd, 0xfd, 0xfd, 0xfd, 0xfd, 0xfd, 0xfd, 0xfd, 0xfd, 0xc0, 0xff,
    0x6b, 0x52, 0x58, 0x29, 0xff, 0x6d, 0x55, 0x55, 0x34, 0xff, 0x70, 0x55,
    0x58, 0xff, 0xdd, 0xfe, 0xed, 0xe9, 0xea, 0xb5, 0x74, 0xfe, 0xb6, 0xa8,
    0xaa, 0x36, 0xfd, 0xfd, 0xfd, 0xfd, 0xcf, 0xfe, 0xde, 0xd8, 0xd9, 0x17,
    0xfe, 0xc4, 0xb9, 0xba, 0x36, 0xfd, 0xfd, 0xfd, 0xfd, 0xfd, 0xfd, 0xfd,
    0xfd, 0xfd, 0xfd, 0xfd, 0xfd, 0xc0, 0xff, 0x6b, 0x52, 0x58, 0x29, 0xff,
    0x6d, 0x55, 0x55, 0x34, 0xff, 0x70, 0x55, 0x58, 0xff, 0xdd, 0xfe, 0xed,
    0xe9, 0xea, 0xb5, 0x74, 0xfe, 0xb6, 0xa8, 0xaa, 0x36, 0xfd, 0xfd, 0xfd,
    0xfd, 0xcf, 0xfe, 0xde, 0xd8, 0xd9, 0x17, 0xfe, 0xc4, 0xb9, 0xba, 0x36,
    0xfd, 0xfd, 0xfd, 0xfd, 0xfd, 0xfd, 0xfd, 0xfd, 0xfd, 0xfd, 0xfd, 0xfd,
    0xc0, 0xff, 0x6b, 0x52, 0x58, 0x29, 0xff, 0x6d, 0x55, 0x55, 0x34, 0xff,
    0x70, 0x55, 0x58, 0xff, 0xdd, 0xfe, 0xed, 0xe9, 0xea, 0xb5, 0x74, 0xfe,
    0xb6, 0xa8, 0xaa, 0x36, 0xfd, 0xfd, 0xfd, 0xfd, 0xcf, 0xfe, 0xde, 0xd8,
    0xd9, 0x17, 0xfe, 0xc4, 0xb9, 0xba, 0x36, 0xfd, 0xfd, 0xfd, 0xfd, 0xfd,
    0xfd, 0xfd, 0xfd, 0xfd, 0xfd, 0xfd, 0xfd, 0xc0, 0xff, 0x6b, 0x52, 0x58,
    0x29, 0xff, 0x6d, 0x55, 0x55, 0x34, 0xff, 0x70, 0x55, 0x58, 0xff, 0xdd,
    0xfe, 0xed, 0xe9, 0xea, 0xb5, 0x74, 0xfe, 0xb6, 0xa8, 0xaa, 0x36, 0xfd,
    0xfd, 0xfd, 0xfd, 0xcf, 0xfe, 0xde, 0xd8, 0xd9, 0x17, 0xfe, 0xc4, 0xb9,
    0xba, 0x36, 0xfd, 0xfd, 0xfd, 0xfd, 0xfd, 0xfd, 0xfd, 0xfd, 0xfd, 0xfd,
    0xfd, 0xfd, 0xc0, 0xff, 0x6b, 0x52, 0x58, 0x29, 0xff, 0x6d, 0x55, 0x55,
    0x34, 0xff, 0x70, 0x55, 0x58, 0xff, 0xdd, 0xfe, 0xed, 0xe9, 0xea, 0xb5,
    0x74, 0xfe, 0xb6, 0xa8, 0xaa, 0x36, 0xfd, 0xfd, 0xfd, 0xfd, 0xcf, 0xfe,
    0xde, 0xd8, 0xd9, 0x17, 0xfe, 0xc4, 0xb9, 0xba, 0x36, 0xfd, 0xfd, 0xfd,
    0xfd, 0xfd, 0xfd, 0xfd, 0xfd, 0xfd, 0xfd, 0xfd, 0xfd, 0xc0, 0xff, 0x6b,
    0x52, 0x58, 0x29, 0xff, 0x6d, 0x55, 0x55, 0x34, 0xff, 0x70, 0x55, 0x58,
    0xff, 0xdd, 0xfe, 0xed, 0xe9, 0xea, 0xb5, 0x74, 0xfe, 0xb6, 0xa8, 0xaa,
    0x36, 0xfd, 0xfd, 0xfd, 0xfd, 0xcf, 0xfe, 0xde, 0xd8, 0xd9, 0x17, 0xfe,
    0xc4, 0xb9, 0xba, 0x36, 0xfd, 0xfd, 0xfd, 0xfd, 0xfd, 0xfd, 0xfd, 0xfd,
    0xfd, 0xfd, 0xfd, 0xfd, 0xc0, 0xff, 0x6b, 0x52, 0x58, 0x29, 0xff, 0x6d,
    0x55, 0x55, 0x34, 0xff, 0x70, 0x55, 0x58, 0xff, 0xdd, 0xfe, 0xed, 0xe9,
    0xea, 0xb5, 0x74, 0xfe, 0xb6, 0xa8, 0xaa, 0x36, 0xfd, 0xfd, 0xfd, 0xfd,
    0xcf, 0xfe, 0xde, 0xd8, 0xd9, 0x17, 0xfe, 0xc4, 0xb9, 0xba, 0x36, 0xfd,
    0xfd, 0xfd, 0xfd, 0xfd, 0xfd, 0xfd, 0xfd, 0xfd, 0xfd, 0xfd, 0xfd, 0xc0,
    0xff, 0x6b, 0x52, 0x58, 0x29, 0xff, 0x6d, 0x55, 0x55, 0x34, 0xff, 0x70,
    0x55, 0x58, 0xff, 0xdd, 0xfe, 0xed, 0xe9, 0xea, 0xb5, 0x74, 0xfe, 0xb6,
    0xa8, 0xaa, 0x36, 0xfd, 0xfd, 0xfd, 0xfd, 0xcf, 0xfe, 0xde, 0xd8, 0xd9,
    0x17, 0xfe, 0xc4, 0xb9, 0xba, 0x36, 0xfd, 0xfd, 0xfd, 0xfd, 0xfd, 0xfd,
    0xfd, 0xfd, 0xfd, 0xfd, 0xfd, 0xfd, 0xc0, 0xff, 0x6b, 0x52, 0x58, 0x29,
    0xff, 0x6d, 0x55, 0x55, 0x34, 0xff, 0x70, 0x55, 0x58, 0xff, 0xdd, 0xfe,
    0xed, 0xe9, 0xea, 0xb5, 0x74, 0xfe, 0xb6, 0xa8, 0xaa, 0x36, 0xfd, 0xfd,
    0xfd, 0xfd, 0xcf, 0xfe, 0xde, 0xd8, 0xd9, 0x17, 0xfe, 0xc4, 0xb9, 0xba,
    0x36, 0xfd, 0xfd, 0xfd, 0xfd, 0xfd, 0xfd, 0xfd, 0xfd, 0xfd, 0xfd, 0xfd,
    0xfd, 0xc0, 0xff, 0x6b, 0x52, 0x58, 0x29, 0xff, 0x6d, 0x55, 0x55, 0x34,
    0xff, 0x70, 0x55, 0x58, 0xff, 0xdd, 0xfe, 0xed, 0xe9, 0xea, 0xb5, 0x74,
    0xfe, 0xb6, 0xa8, 0xaa, 0x36, 0xfd, 0xfd, 0xfd, 0xfd, 0xcf, 0xfe, 0xde,
    0xd8, 0xd9, 0x17, 0xfe, 0xc4, 0xb9, 0xba, 0x36, 0xfd, 0xfd, 0xfd, 0xfd,
    0xfd, 0xfd, 0xfd, 0xfd, 0xfd, 0xfd, 0xfd, 0xfd, 0xc0, 0xff, 0x6b, 0x52,
    0x58, 0x29, 0xff, 0x6d, 0x55, 0x55, 0x34, 0xff, 0x70, 0x55, 0x58, 0xff,
    0xdd, 0xfe, 0xed, 0xe9, 0xea, 0xb5, 0x74, 0xfe, 0xb6, 0xa8, 0xaa, 0x36,
    0xfd, 0xfd, 0xfd, 0xfd, 0xcf, 0xfe, 0xde, 0xd8, 0xd9, 0x17, 0xfe, 0xc4,
    0xb9, 0xba, 0x36, 0xfd, 0xfd, 0xfd, 0xfd, 0xfd, 0xfd, 0xfd, 0xfd, 0xfd,
    0xfd, 0xfd, 0xfd, 0xc0, 0xff, 0x6b, 0x52, 0x58, 0x29, 0xff, 0x6d, 0x55,
    0x55, 0x34, 0xff, 0x70, 0x55, 0x58, 0xff, 0xdd, 0xfe, 0xed, 0xe9, 0xea,
    0xb5, 0x74, 0xfe, 0xb6, 0xa8, 0xaa, 0x36, 0xfd, 0xfd, 0xfd, 0xfd, 0xcf,
    0xfe, 0xde, 0xd8, 0xd9, 0x17, 0xfe, 0xc4, 0xb9, 0xba, 0x36, 0xfd, 0xfd,
    0xfd, 0xfd, 0xfd, 0xfd, 0xfd, 0xfd, 0xfd, 0xfd, 0xfd, 0xfd, 0xc0, 0xff,
    0x6b, 0x52, 0x58, 0x29, 0xff, 0x6d, 0x55, 0x55, 0x34, 0xff, 0x70, 0x55,
    0x58, 0xff, 0xdd, 0xfe, 0xed, 0xe9, 0xea, 0xb5, 0x74, 0xfe, 0xb6, 0xa8,
    0xaa, 0x36, 0xfd, 0xfd, 0xfd, 0xfd, 0xcf, 0xfe, 0xde, 0xd8, 0xd9, 0x17,
    0xfe, 0xc4, 0xb9, 0xba, 0x36, 0xfd, 0xfd, 0xfd, 0xfd, 0xfd, 0xfd, 0xfd,
    0xfd, 0xfd, 0xfd, 0xfd, 0xfd, 0xc0, 0xff, 0x6b, 0x52, 0x58, 0x29, 0xff,
    0x6d, 0x55, 0x55, 0x34, 0xff, 0x70, 0x55, 0x58, 0xff, 0xdd, 0xfe, 0xed,
    0xe9, 0xea, 0xb5, 0x74, 0xfe, 0xb6, 0xa8, 0xaa, 0x36, 0xfd, 0xfd, 0xfd,
    0xfd, 0xcf, 0xfe, 0xde, 0xd8, 0xd9, 0x17, 0xfe, 0xc4, 0xb9, 0xba, 0x36,
    0xfd, 0xfd, 0xfd, 0xfd, 0xfd, 0xfd, 0xfd, 0xfd, 0xfd, 0xfd, 0xfd, 0xfd,
    0xc0, 0xff, 0x6b, 0x52, 0x58, 0x29, 0xff, 0x6d, 0x55, 0x55, 0x34, 0xff,
    0x70, 0x55, 0x58, 0xff, 0xdd, 0xfe, 0xed, 0xe9, 0xea, 0xb5, 0x74, 0xfe,
    0xb6, 0xa8, 0xaa, 0x36, 0xfd, 0xfd, 0xfd, 0xfd, 0xcf, 0xfe, 0xde, 0xd8,
    0xd9, 0x17, 0xfe, 0xc4, 0xb9, 0xba, 0x36, 0xfd, 0xfd, 0xfd, 0xfd, 0xfd,
    0xfd, 0xfd, 0xfd, 0xfd, 0xfd, 0xfd, 0xfd, 0xc0, 0xff, 0x6b, 0x52, 0x58,
    0x29, 0xff, 0x6d, 0x55, 0x55, 0x34, 0xff, 0x70, 0x55, 0x58, 0xff, 0xdd,
    0xfe, 0xed, 0xe9, 0xea, 0xb5, 0x74, 0xfe, 0xb6, 0xa8, 0xaa, 0x36, 0xfd,
    0xfd, 0xfd, 0xfd, 0xcf, 0xfe, 0xde, 0xd8, 0xd9, 0x17, 0xfe, 0xc4, 0xb9,
    0xba, 0x36, 0xfd, 0xfd, 0xfd, 0xfd, 0xfd, 0xfd, 0xfd, 0xfd, 0xfd, 0xfd,
    0xfd, 0xfd, 0xc0, 0xff, 0x6b, 0x52, 0x58, 0x29, 0xff, 0x6d, 0x55, 0x55,
    0x34, 0xff, 0x70, 0x55, 0x58, 0xff, 0xdd, 0xfe, 0xed, 0xe9, 0xea, 0xb5,
    0x74, 0xfe, 0xb6, 0xa8, 0xaa, 0x36, 0xfd, 0xfd, 0xfd, 0xfd, 0xcf, 0xfe,
    0xde, 0xd8, 0xd9, 0x17, 0xfe, 0xc4, 0xb9, 0xba, 0x36, 0xfd, 0xfd, 0xfd,
    0xfd, 0xfd, 0xfd, 0xfd, 0xfd, 0xfd, 0xfd, 0xfd, 0xfd, 0xc0, 0xff, 0x6b,
    0x52, 0x58, 0x29, 0xff, 0x6d, 0x55, 0x55, 0x34, 0xff, 0x70, 0x55, 0x58,
    0xff, 0xdd, 0xfe, 0xed, 0xe9, 0xea, 0xb5, 0x74, 0xfe, 0xb6, 0xa8, 0xaa,
    0x36, 0xfd, 0xfd, 0xfd, 0xfd, 0xcf, 0xfe, 0xde, 0xd8, 0xd9, 0x17, 0xfe,
    0xc4, 0xb9, 0xba, 0x36, 0xfd, 0xfd, 0xfd, 0xfd, 0xfd, 0xfd, 0xfd, 0xfd,
    0xfd, 0xfd, 0xfd, 0xfd, 0xc0, 0xff, 0x6b, 0x52, 0x58, 0x29, 0xff, 0x6d,
    0x55, 0x55, 0x34, 0xff, 0x70, 0x55, 0x58, 0xff, 0xdd, 0xfe, 0xed, 0xe9,
    0xea, 0xb5, 0x74, 0xfe, 0xb6, 0xa8, 0xaa, 0x36, 0xfd, 0xfd, 0xfd, 0xfd,
    0xcf, 0xfe, 0xde, 0xd8, 0xd9, 0x17, 0xfe, 0xc4, 0xb9, 0xba, 0x36, 0xfd,
    0xfd, 0xfd, 0xfd, 0xfd, 0xfd, 0xfd, 0xfd, 0xfd, 0xfd, 0xfd, 0xfd, 0xc0,
    0xff, 0x6b, 0x52, 0x58, 0x29, 0xff, 0x6d, 0x55, 0x55, 0x34, 0xff, 0x70,
    0x55, 0x58, 0xff, 0xdd, 0xfe, 0xed, 0xe9, 0xea, 0xb5, 0x74, 0xfe, 0xb6,
    0xa8, 0xaa, 0x36, 0xfd, 0xfd, 0xfd, 0xfd, 0xcf, 0xfe, 0xde, 0xd8, 0xd9,
    0x17, 0xfe, 0xc4, 0xb9, 0xba, 0x36, 0xfd, 0xfd, 0xfd, 0xfd, 0xfd, 0xfd,
    0xfd, 0xfd, 0xfd, 0xfd, 0xfd, 0xfd, 0xc0, 0xff, 0x6b, 0x52, 0x58, 0x29,
    0xff, 0x6d, 0x55, 0x55, 0x34, 0xff, 0x70, 0x55, 0x58, 0xff, 0xdd, 0xfe,
    0xed, 0xe9, 0xea, 0xb5, 0x74, 0xfe, 0xb6, 0xa8, 0xaa, 0x36, 0xfd, 0xfd,
    0xfd, 0xfd, 0xcf, 0xfe, 0xde, 0xd8, 0xd9, 0x17, 0xfe, 0xc4, 0xb9, 0xba,
    0x36, 0xfd, 0xfd, 0xfd, 0xfd, 0xfd, 0xfd, 0xfd, 0xfd, 0xfd, 0xfd, 0xfd,
    0xfd, 0xc0, 0xff, 0x6b, 0x52, 0x58, 0x29, 0xff, 0x6d, 0x55, 0x55, 0x34,
    0xff, 0x70, 0x55, 0x58, 0xff, 0xdd, 0xfe, 0xed, 0xe9, 0xea, 0xb5, 0x74,
    0xfe, 0xb6, 0xa8, 0xaa, 0x36, 0xfd, 0xfd, 0xfd, 0xfd, 0xcf, 0xfe, 0xde,
    0xd8, 0xd9, 0x17, 0xfe, 0xc4, 0xb9, 0xba, 0x36, 0xfd, 0xfd, 0xfd, 0xfd,
    0xfd, 0xfd, 0xfd, 0xfd, 0xfd, 0xfd, 0xfd, 0xfd, 0xc0, 0xff, 0x6b, 0x52,
    0x58, 0x29, 0xff, 0x6d, 0x55, 0x55, 0x34, 0xff, 0x70, 0x55, 0x58, 0xff,
    0xdd, 0xfe, 0xed, 0xe9, 0xea, 0xb5, 0x74, 0xfe, 0xb6, 0xa8, 0xaa, 0x36,
    0xfd, 0xfd, 0xfd, 0xfd, 0xcf, 0xfe, 0xde, 0xd8, 0xd9, 0x17, 0xfe, 0xc4,
    0xb9, 0xba, 0x36, 0xfd, 0xfd, 0xfd, 0xfd, 0xfd, 0xfd, 0xfd, 0xfd, 0xfd,
    0xfd, 0xfd, 0xfd, 0xc0, 0xff, 0x6b, 0x52, 0x58, 0x29, 0xff, 0x6d, 0x55,
    0x55, 0x34, 0xff, 0x70, 0x55, 0x58, 0xff, 0xdd, 0xfe, 0xed, 0xe9, 0xea,
    0xb5, 0x74, 0xfe, 0xb6, 0xa8, 0xaa, 0x36, 0xfd, 0xfd, 0xfd, 0xfd, 0xcf,
    0xfe, 0xde, 0xd8, 0xd9, 0x17, 0xfe, 0xc4, 0xb9, 0xba, 0x36, 0xfd, 0xfd,
    0xfd, 0xfd, 0xfd, 0xfd, 0xfd, 0xfd, 0xfd, 0xfd, 0xfd, 0xfd, 0xc0, 0xff,
    0x6b, 0x52, 0x58, 0x29, 0xff, 0x6d, 0x55, 0x55, 0x34, 0xff, 0x70, 0x55,
    0x58, 0xff, 0xdd, 0xfe, 0xed, 0xe9, 0xea, 0xb5, 0x74, 0xfe, 0xb6, 0xa8,
    0xaa, 0x36, 0xfd, 0xfd, 0xfd, 0xfd, 0xcf, 0xfe, 0xde, 0xd8, 0xd9, 0x17,
    0xfe, 0xc4, 0xb9, 0xba, 0x36, 0xfd, 0xfd, 0xfd, 0xfd, 0xfd, 0xfd, 0xfd,
    0xfd, 0xfd, 0xfd, 0xfd, 0xfd, 0xc0, 0xff, 0x6b, 0x52, 0x58, 0x29, 0xff,
    0x6d, 0x55, 0x55, 0x34, 0xff, 0x70, 0x55, 0x58, 0xff, 0xdd, 0xfe, 0xed,
    0xe9, 0xea, 0xb5, 0x74, 0xfe, 0xb6, 0xa8, 0xaa, 0x36, 0xfd, 0xfd, 0xfd,
    0xfd, 0xcf, 0xfe, 0xde, 0xd8, 0xd9, 0x17, 0xfe, 0xc4, 0xb9, 0xba, 0x36,
    0xfd, 0xfd, 0xfd, 0xfd, 0xfd, 0xfd, 0xfd, 0xfd, 0xfd, 0xfd, 0xfd, 0xfd,
    0xc0, 0xff, 0x6b, 0x52, 0x58, 0x29, 0xff, 0x6d, 0x55, 0x55, 0x34, 0xff,
    0x70, 0x55, 0x58, 0xff, 0xdd, 0xfe, 0xed, 0xe9, 0xea, 0xb5, 0x74, 0xfe,
    0xb6, 0xa8, 0xaa, 0x36, 0xfd, 0xfd, 0xfd, 0xfd, 0xcf, 0xfe, 0xde, 0xd8,
    0xd9, 0x17, 0xfe, 0xc4, 0xb9, 0xba, 0x36, 0xfd, 0xfd, 0xfd, 0xfd, 0xfd,
    0xfd, 0xfd, 0xfd, 0xfd, 0xfd, 0xfd, 0xfd, 0xc0, 0xff, 0x6b, 0x52, 0x58,
    0x29, 0xff, 0x6d, 0x55, 0x55, 0x34, 0xff, 0x70, 0x55, 0x58, 0xff, 0xdd,
    0xfe, 0xed, 0xe9, 0xea, 0xb5, 0x74, 0xfe, 0xb6, 0xa8, 0xaa, 0x36, 0xfd,
    0xfd, 0xfd, 0xfd, 0xcf, 0xfe, 0xde, 0xd8, 0xd9, 0x17, 0xfe, 0xc4, 0xb9,
    0xba, 0x36, 0xfd, 0xfd, 0xfd, 0xfd, 0xfd, 0xfd, 0xfd, 0xfd, 0xfd, 0xfd,
    0xfd, 0xfd, 0xc0, 0xff, 0x6b, 0x52, 0x58, 0x29, 0xff, 0x6d, 0x55, 0x55,
    0x34, 0xff, 0x70, 0x55, 0x58, 0xff, 0xdd, 0xfe, 0xed, 0xe9, 0xea, 0xb5,
    0x74, 0xfe, 0xb6, 0xa8, 0xaa, 0x36, 0xfd, 0xfd, 0xfd, 0xfd, 0xcf, 0xfe,
    0xde, 0xd8, 0xd9, 0x17, 0xfe, 0xc4, 0xb9, 0xba, 0x36, 0xfd, 0xfd, 0xfd,
    0xfd, 0xfd, 0xfd, 0xfd, 0xfd, 0xfd, 0xfd, 0xfd, 0xfd, 0xc0, 0xff, 0x6b,
    0x52, 0x58, 0x29, 0xff, 0x6d, 0x55, 0x55, 0x34, 0xff, 0x70, 0x55, 0x58,
    0xff, 0xdd, 0xfe, 0xed, 0xe9, 0xea, 0xb5, 0x74, 0xfe, 0xb6, 0xa8, 0xaa,
    0x36, 0xfd, 0xfd, 0xfd, 0xfd, 0xcf, 0xfe, 0xde, 0xd8, 0xd9, 0x17, 0xfe,
    0xc4, 0xb9, 0xba, 0x36, 0xfd, 0xfd, 0xfd, 0xfd, 0xfd, 0xfd, 0xfd, 0xfd,
    0xfd, 0xfd, 0xfd, 0xfd, 0xc0, 0xff, 0x6b, 0x52, 0x58, 0x29, 0xff, 0x6d,
    0x55, 0x55, 0x34, 0xff, 0x70, 0x55, 0x58, 0xff, 0xdd, 0xfe, 0xed, 0xe9,
    0xea, 0xb5, 0x74, 0xfe, 0xb6, 0xa8, 0xaa, 0x36, 0xfd, 0xfd, 0xfd, 0xfd,
    0xcf, 0xfe, 0xde, 0xd8, 0xd9, 0x17, 0xfe, 0xc4, 0xb9, 0xba, 0x36, 0xfd,
    0xfd, 0xfd, 0xfd, 0xfd, 0xfd, 0xfd, 0xfd, 0xfd, 0xfd, 0xfd, 0xfd, 0xc0,
    0xff, 0x6b, 0x52, 0x58, 0x29, 0xff, 0x6d, 0x55, 0x55, 0x34, 0xff, 0x70,
    0x55, 0x58, 0xff, 0xdd, 0xfe, 0xec, 0xe9, 0xe9, 0xb5, 0x85, 0xfe, 0xb6,
    0xa8, 0xaa, 0x36, 0xfd, 0xfd, 0xfd, 0xfd, 0xcf, 0xfe, 0xdf, 0xd9, 0xd9,
    0x17, 0xfe, 0xc4, 0xb9, 0xba, 0x36, 0xfd, 0xfd, 0xfd, 0xfd, 0xfd, 0xfd,
    0xfd, 0xfd, 0xfd, 0xfd, 0xfd, 0xfd, 0xc0, 0xff, 0x6b, 0x52, 0x58, 0x29,
    0xff, 0x6d, 0x55, 0x55, 0x34, 0xff, 0x70, 0x55, 0x58, 0xff, 0xdd, 0xfe,
    0xe7, 0xe3, 0xe3, 0xbb, 0x84, 0xfe, 0xbb, 0xae, 0xaf, 0x36, 0xfd, 0xfd,
    0xfd, 0xfd, 0xcf, 0xfe, 0xe4, 0xdf, 0xdf, 0x17, 0xfe, 0xbe, 0xb2, 0xb3,
    0x36, 0xfd, 0xfd, 0xfd, 0xfd, 0xfd, 0xfd, 0xfd, 0xfd, 0xfd, 0xfd, 0xfd,
    0xfd, 0xc0, 0xff, 0x6b, 0x52, 0x58, 0x29, 0xff, 0x6d, 0x55, 0x55, 0x34,
    0xff, 0x70, 0x55, 0x58, 0xff, 0xdd, 0xfe, 0xe0, 0xda, 0xdb, 0xfe, 0xfe,
    0xfe, 0xfe, 0xfe, 0xc4, 0xb9, 0xba, 0x36, 0xfd, 0xfd, 0xfd, 0xfd, 0xcf,
    0xfe, 0xec, 0xe9, 0xe9, 0x17, 0xfe, 0xb7, 0xa9, 0xab, 0x36, 0xfd, 0xfd,
    0xfd, 0xfd, 0xfd, 0xfd, 0xfd, 0xfd, 0xfd, 0xfd, 0xfd, 0xfd, 0xc0, 0xff,
    0x6b, 0x52, 0x58, 0x29, 0xff, 0x6d, 0x55, 0x55, 0x34, 0xff, 0x70, 0x55,
    0x58, 0xff, 0xdd, 0xfe, 0xce, 0xc5, 0xc6, 0xfe, 0xfe, 0xfe, 0xfe, 0xfe,
    0xd7, 0xd0, 0xd1, 0x36, 0xfd, 0xfd, 0xfd, 0xfd, 0xce, 0xa4, 0x87, 0xfe,
    0xfc, 0xfc, 0xfc, 0x17, 0xfe, 0xa6, 0x95, 0x97, 0x36, 0xfd, 0xfd, 0xfd,
    0xfd, 0xfd, 0xfd, 0xfd, 0xfd, 0xfd, 0xfd, 0xfd, 0xfd, 0xc0, 0xff, 0x6b,
    0x52, 0x58, 0x29, 0xff, 0x6d, 0x55, 0x55, 0x34, 0xff, 0x70, 0x55, 0x58,
    0xff, 0xdd, 0xfe, 0xb8, 0xab, 0xac, 0xfe, 0xfe, 0xfe, 0xfe, 0x8f, 0x9b,
    0x36, 0xfd, 0xfd, 0xfd, 0xfd, 0xce, 0xbf, 0x83, 0x17, 0xc0, 0xfe, 0x90,
    0x7b, 0x7d, 0x36, 0xfd, 0xfd, 0xfd, 0xfd, 0xfd, 0xfd, 0xfd, 0xfd, 0xfd,
    0xfd, 0xfd, 0xfd, 0xc0, 0xff, 0x6b, 0x52, 0x58, 0x29, 0xff, 0x6d, 0x55,
    0x55, 0x34, 0xff, 0x70, 0x55, 0x58, 0xff, 0xdd, 0xfe, 0x98, 0x85, 0x87,
    0xfe, 0xfe, 0xfe, 0xfe, 0xc0, 0xfe, 0x86, 0x6f, 0x71, 0x36, 0xfd, 0xfd,
    0xfd, 0xfd, 0xcd, 0xfe, 0xaf, 0x9f, 0xa1, 0x17, 0x9b, 0x89, 0xfe, 0x74,
    0x5a, 0x5d, 0x36, 0xfd, 0xfd, 0xfd, 0xfd, 0xfd, 0xfd, 0xfd, 0xfd, 0xfd,
    0xfd, 0xfd, 0xfd, 0xc0, 0xff, 0x6b, 0x52, 0x58, 0x29, 0xff, 0x6d, 0x55,
    0x55, 0x34, 0xff, 0x70, 0x55, 0x58, 0xff, 0xdd, 0xa8, 0x87, 0xfe, 0xfb,
    0xfb, 0xfb, 0xa3, 0x88, 0xfe, 0xb2, 0xa3, 0xa5, 0x36, 0xfd, 0xfd, 0xfd,
    0xfd, 0xcd, 0xfe, 0xdb, 0xd4, 0xd5, 0x17, 0xfe, 0xd9, 0xd2, 0xd3, 0x36,
    0xfd, 0xfd, 0xfd, 0xfd, 0xfd, 0xfd, 0xfd, 0xfd, 0xfd, 0xfd, 0xfd, 0xfd,
    0xc1, 0xff, 0x6b, 0x52, 0x58, 0x29, 0xff, 0x6d, 0x55, 0x55, 0x34, 0xff,
    0x70, 0x55, 0x58, 0xff, 0xde, 0xfe, 0xd2, 0xc9, 0xca, 0xfe, 0xfe, 0xfe,
    0xfe, 0x85, 0x8c, 0x36, 0xfd, 0xfd, 0xfd, 0xfd, 0xcc, 0xb6, 0x74, 0xfe,
    0xfd, 0xfd, 0xfd, 0x17, 0xfe, 0xa9, 0x99, 0x9b, 0x36, 0xfd, 0xfd, 0xfd,
    0xfd, 0xfd, 0xfd, 0xfd, 0xfd, 0xfd, 0xfd, 0xfd, 0xfd, 0xc1, 0xff, 0x6b,
    0x52, 0x58, 0x29, 0xff, 0x6d, 0x55, 0x55, 0x34, 0xff, 0x70, 0x55, 0x58,
    0xff, 0xde, 0xfe, 0x9c, 0x89, 0x8b, 0xfe, 0xfe, 0xfe, 0xfe, 0xc0, 0xfe,
    0x9a, 0x87, 0x89, 0x36, 0xfd, 0xfd, 0xfd, 0xfd, 0xcb, 0xfe, 0xc3, 0xb7,
    0xb9, 0x17, 0x9a, 0x89, 0xfe, 0x79, 0x60, 0x63, 0x36, 0xfd, 0xfd, 0xfd,
    0xfd, 0xfd, 0xfd, 0xfd, 0xfd, 0xfd, 0xfd, 0xfd, 0xfd, 0xc1, 0xff, 0x6b,
    0x52, 0x58, 0x29, 0xff, 0x6d, 0x55, 0x55, 0x34, 0xff, 0x70, 0x55, 0x58,
    0xff, 0xde, 0x7f, 0xfe, 0xe8, 0xe3, 0xe4, 0xbb, 0x73, 0xfe, 0xe3, 0xdd,
    0xde, 0xfe, 0x72, 0x57, 0x5a, 0x36, 0xfd, 0xfd, 0xfd, 0xfd, 0xc9, 0xb6,
    0x74, 0xfe, 0xfa, 0xf9, 0xf9, 0x17, 0xfe, 0xc0, 0xb4, 0xb5, 0x36, 0xfd,
    0xfd, 0xfd, 0xfd, 0xfd, 0xfd, 0xfd, 0xfd, 0xfd, 0xfd, 0xfd, 0xfd, 0xc2,
    0xff, 0x6b, 0x52, 0x58, 0x29, 0xff, 0x6d, 0x55, 0x55, 0x34, 0xff, 0x70,
    0x55, 0x58, 0xff, 0xdf, 0xfe, 0x9f, 0x8d, 0x8f, 0xfe, 0xfe, 0xfe, 0xfe,
    0xc0, 0xfe, 0xad, 0x9d, 0x9f, 0x36, 0xfd, 0xfd, 0xfd, 0xfd, 0xc9, 0xfe,
    0xd5, 0xcd, 0xce, 0x17, 0x98, 0x89, 0xfe, 0x7e, 0x65, 0x68, 0x36, 0xfd,
    0xfd, 0xfd, 0xfd, 0xfd, 0xfd, 0xfd, 0xfd, 0xfd, 0xfd, 0xfd, 0xfd, 0xc2,
    0xff, 0x6b, 0x52, 0x58, 0x29, 0xff, 0x6d, 0x55, 0x55, 0x34, 0xff, 0x70,
    0x55, 0x58, 0xff, 0xe0, 0xfe, 0xd8, 0xd1, 0xd2, 0xfe, 0xfe, 0xfe, 0xfe,
    0x9b, 0x88, 0xfe, 0x89, 0x73, 0x75, 0x36, 0xfd, 0xfd, 0xfd, 0xfd, 0xc7,
    0xfe, 0xad, 0x9d, 0x9f, 0x17, 0xc0, 0xfe, 0xb0, 0xa1, 0xa2, 0x36, 0xfd,
    0xfd, 0xfd, 0xfd, 0xfd, 0xfd, 0xfd, 0xfd, 0xfd, 0xfd, 0xfd, 0xfd, 0xc3,
    0xff, 0x6b, 0x52, 0x58, 0x29, 0xff, 0x6d, 0x55, 0x55, 0x34, 0xff, 0x70,
    0x55, 0x58, 0xff, 0xe0, 0xb5, 0x85, 0xfe, 0xf5, 0xf3, 0xf3, 0xab, 0x86,
    0x89, 0x9c, 0xfe, 0x7d, 0x65, 0x68, 0x36, 0xfd, 0xfd, 0xfd, 0xfd, 0xc5,
    0xfe, 0x96, 0x82, 0x84, 0xfe, 0xfb, 0xfb, 0xfb, 0x17, 0xfe, 0xdc, 0xd6,
    0xd7, 0xfe, 0x72, 0x57, 0x5a, 0x36, 0xfd, 0xfd, 0xfd, 0xfd, 0xfd, 0xfd,
    0xfd, 0xfd, 0xfd, 0xfd, 0xfd, 0xfd, 0xc3, 0xff, 0x6b, 0x52, 0x58, 0x29,
    0xff, 0x6d, 0x55, 0x55, 0x34, 0xff, 0x70, 0x55, 0x58, 0xff, 0xe1, 0xfe,
    0x9c, 0x89, 0x8b, 0xfe, 0xfd, 0xfd, 0xfd, 0x7f, 0x82, 0x8d, 0xfe, 0x7d,
    0x64, 0x67, 0x36, 0xfd, 0xfd, 0xfd, 0xfd, 0xc3, 0xfe, 0x93, 0x7f, 0x81,
    0xfe, 0xf7, 0xf6, 0xf6, 0x17, 0x91, 0x8b, 0xfe, 0x80, 0x67, 0x6a, 0x8e,
    0x8a, 0xfd, 0xfd, 0xfd, 0xfd, 0xfd, 0xfd, 0xfd, 0xfd, 0xfd, 0xfd, 0xfd,
    0xfd, 0xc4, 0xff, 0x6b, 0x52, 0x58, 0x29, 0xff, 0x6d, 0x55, 0x55, 0x34,
    0xff, 0x70, 0x55, 0x58, 0xff, 0xe2, 0xfe, 0xab, 0x9b, 0x9d, 0xfe, 0xfe,
    0xfe, 0xfe, 0xc0, 0x89, 0x9c, 0xfe, 0x87, 0x71, 0x73, 0x36, 0xfd, 0xfd,
    0xfd, 0xfd, 0xc1, 0xfe, 0xa1, 0x8f, 0x91, 0xfe, 0xfa, 0xf9, 0xf9, 0x17,
    0x97, 0x89, 0xfe, 0x8b, 0x75, 0x77, 0x36, 0xfd, 0xfd, 0xfd, 0xfd, 0xfd,
    0xfd, 0xfd, 0xfd, 0xfd, 0xfd, 0xfd, 0xfd, 0xc5, 0xff, 0x6b, 0x52, 0x58,
    0x29, 0xff, 0x6d, 0x55, 0x55, 0x34, 0xff, 0x70, 0x55, 0x58, 0xff, 0xe3,
    0xfe, 0xac, 0x9c, 0x9e, 0xfe, 0xfd, 0xfd, 0xfd, 0x7f, 0x99, 0x89, 0xfe,
    0xa9, 0x99, 0x9b, 0x36, 0xfd, 0xfd, 0xfd, 0xfc, 0xa8, 0x87, 0xfe, 0xc5,
    0xba, 0xbb, 0x17, 0xc0, 0x93, 0x8a, 0xfe, 0x8d, 0x77, 0x7a, 0x36, 0xfd,
    0xfd, 0xfd, 0xfd, 0xfd, 0xfd, 0xfd, 0xfd, 0xfd, 0xfd, 0xfd, 0xfd, 0xc6,
    0xff, 0x6b, 0x52, 0x58, 0x29, 0xff, 0x6d, 0x55, 0x55, 0x34, 0xff, 0x70,
    0x55, 0x58, 0xff, 0xe4, 0xfe, 0x9e, 0x8b, 0x8d, 0xfe, 0xf6, 0xf5, 0xf5,
    0xa9, 0x87, 0xc0, 0xfe, 0xde, 0xd7, 0xd8, 0xfe, 0x93, 0x7e, 0x80, 0x36,
    0xfd, 0xfd, 0xfd, 0xf8, 0xa3, 0x88, 0xfe, 0xa7, 0x96, 0x98, 0xfe, 0xef,
    0xed, 0xed, 0x17, 0xc0, 0x84, 0x8c, 0xfe, 0x86, 0x6f, 0x71, 0x36, 0xfd,
    0xfd, 0xfd, 0xfd, 0xfd, 0xfd, 0xfd, 0xfd, 0xfd, 0xfd, 0xfd, 0xfd, 0xc7,
    0xff, 0x6b, 0x52, 0x58, 0x29, 0xff, 0x6d, 0x55, 0x55, 0x34, 0xff, 0x70,
    0x55, 0x58, 0xff, 0xe5, 0xb7, 0x85, 0xfe, 0xdc, 0xd5, 0xd6, 0xfe, 0xfe,
    0xfe, 0xfe, 0xc1, 0xfe, 0xe0, 0xda, 0xdb, 0xfe, 0xab, 0x9b, 0x9d, 0xfe,
    0x7e, 0x66, 0x69, 0x36, 0xfd, 0xfd, 0xfd, 0xf3, 0xbe, 0x73, 0xfe, 0xb9,
    0xac, 0xad, 0xfe, 0xee, 0xeb, 0xec, 0x17, 0xc0, 0x55, 0xfe, 0xc2, 0xb7,
    0xb8, 0xfe, 0x76, 0x5b, 0x5e, 0x36, 0xfd, 0xfd, 0xfd, 0xfd, 0xfd, 0xfd,
    0xfd, 0xfd, 0xfd, 0xfd, 0xfd, 0xfd, 0xc8, 0xff, 0x6b, 0x52, 0x58, 0x29,
    0xff, 0x6d, 0x55, 0x55, 0x34, 0xff, 0x70, 0x55, 0x58, 0xff, 0xe7, 0xfe,
    0xa4, 0x93, 0x95, 0xfe, 0xeb, 0xe8, 0xe8, 0xb6, 0x85, 0xc2, 0x86, 0x8c,
    0x80, 0x9d, 0x88, 0x8c, 0x95, 0x8a, 0x99, 0x99, 0xfd, 0xfd, 0xfd, 0xea,
    0x7f, 0xa8, 0x87, 0xaf, 0x75, 0xbb, 0x74, 0xfe, 0xf2, 0xef, 0xef, 0x17,
    0xc2, 0xfe, 0xda, 0xd3, 0xd3, 0xfe, 0x8d, 0x77, 0x7a, 0x36, 0xfd, 0xfd,
    0xfd, 0xfd, 0xfd, 0xfd, 0xfd, 0xfd, 0xfd, 0xfd, 0xfd, 0xfd, 0xca, 0xff,
    0x6b, 0x52, 0x58, 0x29, 0xff, 0x6d, 0x55, 0x55, 0x34, 0xff, 0x70, 0x55,
    0x58, 0xff, 0xe8, 0xa2, 0x88, 0xfe, 0xa2, 0x91, 0x93, 0xfe, 0xd8, 0xd1,
    0xd2, 0xfe, 0xfd, 0xfd, 0xfd, 0x7f, 0xfd, 0xfd, 0xfd, 0xf5, 0x99, 0x89,
    0xfe, 0xca, 0xc0, 0xc1, 0xfe, 0x90, 0x7b, 0x7e, 0x36, 0xfd, 0xfd, 0xfd,
    0xfd, 0xfd, 0xfd, 0xfd, 0xfd, 0xfd, 0xfd, 0xfd, 0xfd, 0xcc, 0xff, 0x6b,
    0x52, 0x58, 0x29, 0xff, 0x6d, 0x55, 0x55, 0x34, 0xff, 0x70, 0x55, 0x58,
    0xff, 0xeb, 0xaf, 0x86, 0xfe, 0xa2, 0x91, 0x93, 0xfe, 0xc3, 0xb7, 0xb9,
    0xb9, 0x73, 0xb6, 0x75, 0xaa, 0x86, 0xa6, 0x87, 0x7f, 0xfd, 0xfd, 0xfd,
    0xe9, 0x41, 0x98, 0x99, 0x94, 0x8a, 0x88, 0x8c, 0x84, 0x9c, 0xfe, 0x97,
    0x83, 0x86, 0xfe, 0x76, 0x5b, 0x5e, 0x36, 0xfd, 0xfd, 0xfd, 0xfd, 0xfd,
    0xfd, 0xfd, 0xfd, 0xfd, 0xfd, 0xfd, 0xfd, 0xce, 0xff, 0x6b, 0x52, 0x58,
    0x29, 0xff, 0x6d, 0x55, 0x55, 0x34, 0xff, 0x70, 0x55, 0x58, 0xff, 0xfd,
    0xfd, 0xfd, 0xfd, 0xfd, 0xfd, 0xfd, 0xfd, 0xfd, 0xfd, 0xfd, 0xfd, 0xfd,
    0xfd, 0xfd, 0xfd, 0xf6, 0xff, 0x6b, 0x52, 0x58, 0x29, 0xff, 0x6d, 0x55,
    0x55, 0x34, 0xff, 0x70, 0x55, 0x58, 0xff, 0xfd, 0xfd, 0xfd, 0xfd, 0xfd,
    0xfd, 0xfd, 0xfd, 0xfd, 0xfd, 0xfd, 0xfd, 0xfd, 0xfd, 0xfd, 0xfd, 0xf6,
    0xff, 0x6b, 0x52, 0x58, 0x29, 0xff, 0x6d, 0x55, 0x55, 0x34, 0xff, 0x70,
    0x55, 0x58, 0xff, 0xfd, 0xfd, 0xfd, 0xfd, 0xfd, 0xfd, 0xfd, 0xfd, 0xfd,
    0xfd, 0xfd, 0xfd, 0xfd, 0xfd, 0xfd, 0xfd, 0xf6, 0xff, 0x6b, 0x52, 0x58,
    0x29, 0xff, 0x6d, 0x55, 0x55, 0x34, 0xff, 0x70, 0x55, 0x58, 0xff, 0xfd,
    0xfd, 0xfd, 0xfd, 0xfd, 0xfd, 0xfd, 0xfd, 0xfd, 0xfd, 0xfd, 0xfd, 0xfd,
    0xfd, 0xfd, 0xfd, 0xf6, 0xff, 0x6b, 0x52, 0x58, 0x29, 0xff, 0x6d, 0x55,
    0x55, 0x34, 0xff, 0x70, 0x55, 0x58, 0xff, 0xfd, 0xfd, 0xfd, 0xfd, 0xfd,
    0xfd, 0xfd, 0xfd, 0xfd, 0xfd, 0xfd, 0xfd, 0xfd, 0xfd, 0xfd, 0xfd, 0xf6,
    0xff, 0x6b, 0x52, 0x58, 0x29, 0xff, 0x6d, 0x55, 0x55, 0x34, 0xff, 0x70,
    0x55, 0x58, 0xff, 0xfd, 0xfd, 0xfd, 0xfd, 0xfd, 0xfd, 0xfd, 0xfd, 0xfd,
    0xfd, 0xfd, 0xfd, 0xfd, 0xfd, 0xfd, 0xfd, 0xf6, 0xff, 0x6b, 0x52, 0x58,
    0x29, 0xff, 0x6d, 0x55, 0x55, 0x34, 0xff, 0x70, 0x55, 0x58, 0xff, 0xfd,
    0xfd, 0xfd, 0xfd, 0xfd, 0xfd, 0xfd, 0xfd, 0xfd, 0xfd, 0xfd, 0xfd, 0xfd,
    0xfd, 0xfd, 0xfd, 0xf6, 0xff, 0x6b, 0x52, 0x58, 0x29, 0xff, 0x6d, 0x55,
    0x55, 0x34, 0xff, 0x70, 0x55, 0x58, 0xff, 0xfd, 0xfd, 0xfd, 0xfd, 0xfd,
    0xfd, 0xfd, 0xfd, 0xfd, 0xfd, 0xfd, 0xfd, 0xfd, 0xfd, 0xfd, 0xfd, 0xf6,
    0xff, 0x6b, 0x52, 0x58, 0x29, 0xff, 0x6d, 0x55, 0x55, 0x34, 0xff, 0x70,
    0x55, 0x58, 0xff, 0xfd, 0xfd, 0xfd, 0xfd, 0xfd, 0xfd, 0xfd, 0xfd, 0xfd,
    0xfd, 0xfd, 0xfd, 0xfd, 0xfd, 0xfd, 0xfd, 0xf6, 0xff, 0x6b, 0x52, 0x58,
    0x29, 0xff, 0x6d, 0x55, 0x55, 0x34, 0xff, 0x70, 0x55, 0x58, 0xff, 0xfd,
    0xfd, 0xfd, 0xfd, 0xfd, 0xfd, 0xfd, 0xfd, 0xfd, 0xfd, 0xfd, 0xfd, 0xfd,
    0xfd, 0xfd, 0xfd, 0xf6, 0xff, 0x6b, 0x52, 0x58, 0x29, 0xff, 0x6d, 0x55,
    0x55, 0x34, 0xff, 0x70, 0x55, 0x58, 0xff, 0xfd, 0xfd, 0xfd, 0xfd, 0xfd,
    0xfd, 0xfd, 0xfd, 0xfd, 0xfd, 0xfd, 0xfd, 0xfd, 0xfd, 0xfd, 0xfd, 0xf6,
    0xff, 0x6b, 0x52, 0x58, 0x29, 0xff, 0x6d, 0x55, 0x55, 0x34, 0xff, 0x70,
    0x55, 0x58, 0xff, 0xfd, 0xfd, 0xfd, 0xfd, 0xfd, 0xfd, 0xfd, 0xfd, 0xfd,
    0xfd, 0xfd, 0xfd, 0xfd, 0xfd, 0xfd, 0xfd, 0xf6, 0xff, 0x6b, 0x52, 0x58,
    0x29, 0xff, 0x6d, 0x55, 0x55, 0x34, 0xff, 0x70, 0x55, 0x58, 0xff, 0xfd,
    0xfd, 0xfd, 0xfd, 0xfd, 0xfd, 0xfd, 0xfd, 0xfd, 0xfd, 0xfd, 0xfd, 0xfd,
    0xfd, 0xfd, 0xfd, 0xf6, 0xff, 0x6b, 0x52, 0x58, 0x29, 0xff, 0x6d, 0x55,
    0x55, 0x34, 0xff, 0x70, 0x55, 0x58, 0xff, 0xfd, 0xfd, 0xfd, 0xfd, 0xfd,
    0xfd, 0xfd, 0xfd, 0xfd, 0xfd, 0xfd, 0xfd, 0xfd, 0xfd, 0xfd, 0xfd, 0xf6,
    0xff, 0x6b, 0x52, 0x58, 0x29, 0xff, 0x6d, 0x55, 0x55, 0x34, 0xff, 0x70,
    0x55, 0x58, 0xff, 0xfd, 0xfd, 0xfd, 0xfd, 0xfd, 0xfd, 0xfd, 0xfd, 0xfd,
    0xfd, 0xfd, 0xfd, 0xfd, 0xfd, 0xfd, 0xfd, 0xf6, 0xff, 0x6b, 0x52, 0x58,
    0x29, 0xff, 0x6d, 0x55, 0x55, 0x34, 0xff, 0x70, 0x55, 0x58, 0xff, 0xfd,
    0xfd, 0xfd, 0xfd, 0xfd, 0xfd, 0xfd, 0xfd, 0xfd, 0xfd, 0xfd, 0xfd, 0xfd,
    0xfd, 0xfd, 0xfd, 0xf6, 0xff, 0x6b, 0x52, 0x58, 0x29, 0xff, 0x6d, 0x55,
    0x55, 0x34, 0xff, 0x70, 0x55, 0x58, 0xff, 0xfd, 0xfd, 0xfd, 0xfd, 0xfd,
    0xfd, 0xfd, 0xfd, 0xfd, 0xfd, 0xfd, 0xfd, 0xfd, 0xfd, 0xfd, 0xfd, 0xf6,
    0xff, 0x6b, 0x52, 0x58, 0x29, 0xff, 0x6d, 0x55, 0x55, 0x34, 0xff, 0x70,
    0x55, 0x58, 0xff, 0xfd, 0xfd, 0xfd, 0xfd, 0xfd, 0xfd, 0xfd, 0xfd, 0xfd,
    0xfd, 0xfd, 0xfd, 0xfd, 0xfd, 0xfd, 0xfd, 0xf6, 0xff, 0x6b, 0x52, 0x58,
    0x29, 0xff, 0x6d, 0x55, 0x55, 0x34, 0xff, 0x70, 0x55, 0x58, 0xff, 0xfd,
    0xfd, 0xfd, 0xfd, 0xfd, 0xfd, 0xfd, 0xfd, 0xfd, 0xfd, 0xfd, 0xfd, 0xfd,
    0xfd, 0xfd, 0xfd, 0xf6, 0xff, 0x6b, 0x52, 0x58, 0x29, 0xff, 0x6d, 0x55,
    0x55, 0x34, 0xff, 0x70, 0x55, 0x58, 0xff, 0xfd, 0xfd, 0xfd, 0xfd, 0xfd,
    0xfd, 0xfd, 0xfd, 0xfd, 0xfd, 0xfd, 0xfd, 0xfd, 0xfd, 0xfd, 0xfd, 0xf6,
    0xff, 0x6b, 0x52, 0x58, 0x29, 0xff, 0x6d, 0x55, 0x55, 0x34, 0xff, 0x70,
    0x55, 0x58, 0xff, 0xfd, 0xfd, 0xfd, 0xfd, 0xfd, 0xfd, 0xfd, 0xfd, 0xfd,
    0xfd, 0xfd, 0xfd, 0xfd, 0xfd, 0xfd, 0xfd, 0xf6, 0xff, 0x6b, 0x52, 0x58,
    0x29, 0xff, 0x6d, 0x55, 0x55, 0x34, 0xff, 0x70, 0x55, 0x58, 0xff, 0xfd,
    0xfd, 0xfd, 0xfd, 0xfd, 0xfd, 0xfd, 0xfd, 0xfd, 0xfd, 0xfd, 0xfd, 0xfd,
    0xfd, 0xfd, 0xfd, 0xf6, 0xff, 0x6b, 0x52, 0x58, 0x29, 0xff, 0x6d, 0x55,
    0x55, 0x34, 0xff, 0x70, 0x55, 0x58, 0xff, 0xfd, 0xfd, 0xfd, 0xfd, 0xfd,
    0xfd, 0xfd, 0xfd, 0xfd, 0xfd, 0xfd, 0xfd, 0xfd, 0xfd, 0xfd, 0xfd, 0xf6,
    0xff, 0x6b, 0x52, 0x58, 0x29, 0xff, 0x6d, 0x55, 0x55, 0x34, 0xff, 0x70,
    0x55, 0x58, 0xff, 0xfd, 0xfd, 0xfd, 0xfd, 0xfd, 0xfd, 0xfd, 0xfd, 0xfd,
    0xfd, 0xfd, 0xfd, 0xfd, 0xfd, 0xfd, 0xfd, 0xf6, 0xff, 0x6b, 0x52, 0x58,
    0x29, 0xff, 0x6d, 0x55, 0x55, 0x34, 0xff, 0x70, 0x55, 0x58, 0xff, 0xfd,
    0xfd, 0xfd, 0xfd, 0xfd, 0xfd, 0xfd, 0xfd, 0xfd, 0xfd, 0xfd, 0xfd, 0xfd,
    0xfd, 0xfd, 0xfd, 0xf6, 0xff, 0x6b, 0x52, 0x58, 0x29, 0xff, 0x6d, 0x55,
    0x55, 0x34, 0xff, 0x70, 0x55, 0x58, 0xff, 0xfd, 0xfd, 0xfd, 0xfd, 0xfd,
    0xfd, 0xfd, 0xfd, 0xfd, 0xfd, 0xfd, 0xfd, 0xfd, 0xfd, 0xfd, 0xfd, 0xf6,
    0xff, 0x6b, 0x52, 0x58, 0x29, 0xff, 0x6d, 0x55, 0x55, 0x34, 0xff, 0x70,
    0x55, 0x58, 0xff, 0xfd, 0xfd, 0xfd, 0xfd, 0xfd, 0xfd, 0xfd, 0xfd, 0xfd,
    0xfd, 0xfd, 0xfd, 0xfd, 0xfd, 0xfd, 0xfd, 0xf6, 0xff, 0x6b, 0x52, 0x58,
    0x29, 0xff, 0x6d, 0x55, 0x55, 0x34, 0xff, 0x70, 0x55, 0x58, 0xff, 0xfd,
    0xfd, 0xfd, 0xfd, 0xfd, 0xfd, 0xfd, 0xfd, 0xfd, 0xfd, 0xfd, 0xfd, 0xfd,
    0xfd, 0xfd, 0xfd, 0xf6, 0xff, 0x6b, 0x52, 0x58, 0x29, 0xff, 0x6d, 0x55,
    0x55, 0x34, 0xff, 0x70, 0x55, 0x58, 0xff, 0xfd, 0xfd, 0xfd, 0xfd, 0xfd,
    0xfd, 0xfd, 0xfd, 0xfd, 0xfd, 0xfd, 0xfd, 0xfd, 0xfd, 0xfd, 0xfd, 0xf6,
    0xff, 0x6b, 0x52, 0x58, 0x29, 0xff, 0x6b, 0x4c, 0x56, 0x18, 0xff, 0x70,
    0x54, 0x58, 0x78, 0xfd, 0xfd, 0xfd, 0xfd, 0xfd, 0xfd, 0xfd, 0xfd, 0xfd,
    0xfd, 0xfd, 0xfd, 0xfd, 0xfd, 0xfd, 0xfd, 0xf6, 0xff, 0x6c, 0x52, 0x52,
    0x13
};
