#include <touchgfx/hal/Types.hpp>

FONT_GLYPH_LOCATION_FLASH_PRAGMA
KEEP extern const uint8_t unicodes_verdanab_20_4bpp_0[] FONT_GLYPH_LOCATION_FLASH_ATTRIBUTE = {
    // Unicode: [0x0020]
    // (Has no glyph data)
    // Unicode: [0x0021]
    0xFF, 0xFF, 0x01, 0xFE, 0xFF, 0x00, 0xFE, 0xEF, 0x00, 0xFD, 0xEF, 0x00, 0xFC, 0xDF, 0x00, 0xFC,
    0xCF, 0x00, 0xFB, 0xCF, 0x00, 0xFA, 0xBF, 0x00, 0xFA, 0xAF, 0x00, 0xF9, 0xAF, 0x00, 0x11, 0x11,
    0x00, 0x87, 0x88, 0x00, 0xFE, 0xFF, 0x00, 0xFE, 0xFF, 0x00,
    // Unicode: [0x0022]
    0xF5, 0xEF, 0x30, 0xFF, 0x1F, 0xF3, 0xDF, 0x20, 0xFF, 0x0E, 0xF2, 0xBF, 0x00, 0xFF, 0x0D, 0xF0,
    0xAF, 0x00, 0xFD, 0x0B, 0xE0, 0x8F, 0x00, 0xFC, 0x0A, 0x70, 0x49, 0x00, 0x96, 0x05,
    // Unicode: [0x0023]
    0x00, 0x00, 0x40, 0xFF, 0x02, 0xF5, 0x1F, 0x00, 0x00, 0x00, 0x90, 0xCF, 0x00, 0xF9, 0x0C, 0x00,
    0x00, 0x00, 0xD0, 0x8F, 0x00, 0xFD, 0x08, 0x00, 0x70, 0xFF, 0xFF, 0xFF, 0xFF, 0xFF, 0xFF, 0x0D,
    0x70, 0xFF, 0xFF, 0xFF, 0xFF, 0xFF, 0xFF, 0x0D, 0x20, 0x44, 0xFB, 0x4C, 0xB4, 0xBF, 0x44, 0x03,
    0x00, 0x00, 0xFE, 0x07, 0xE0, 0x7F, 0x00, 0x00, 0x00, 0x30, 0xFF, 0x03, 0xF3, 0x2F, 0x00, 0x00,
    0xF8, 0xFF, 0xFF, 0xFF, 0xFF, 0xFF, 0xCF, 0x00, 0xF8, 0xFF, 0xFF, 0xFF, 0xFF, 0xFF, 0xCF, 0x00,
    0x42, 0xF4, 0x8F, 0x54, 0xFF, 0x48, 0x34, 0x00, 0x00, 0xF3, 0x3F, 0x40, 0xFF, 0x02, 0x00, 0x00,
    0x00, 0xF6, 0x0E, 0x70, 0xDF, 0x00, 0x00, 0x00, 0x00, 0xFA, 0x0B, 0xA0, 0xAF, 0x00, 0x00, 0x00,
    // Unicode: [0x0024]
    0x00, 0x00, 0xA0, 0x0F, 0x00, 0x00, 0x00, 0x00, 0x00, 0xA0, 0x0F, 0x00, 0x00, 0x00, 0x00, 0xA4,
    0xFD, 0xFF, 0xAD, 0x07, 0x00, 0x90, 0xFF, 0xFF, 0xFF, 0xFF, 0x0F, 0x00, 0xF6, 0xFF, 0xCC, 0x8F,
    0xEA, 0x0F, 0x00, 0xFA, 0xDF, 0x80, 0x0F, 0x10, 0x06, 0x00, 0xF9, 0xFF, 0xA8, 0x0F, 0x00, 0x00,
    0x00, 0xF4, 0xFF, 0xFF, 0xEF, 0x6B, 0x00, 0x00, 0x60, 0xFE, 0xFF, 0xFF, 0xFF, 0x2D, 0x00, 0x00,
    0x51, 0xEA, 0xFF, 0xFF, 0xCF, 0x00, 0x00, 0x00, 0x90, 0x3F, 0xFC, 0xFF, 0x01, 0x64, 0x01, 0x90,
    0x0F, 0xF8, 0xFF, 0x00, 0xF7, 0xCF, 0xC9, 0xAF, 0xFF, 0xAF, 0x00, 0xF7, 0xFF, 0xFF, 0xFF, 0xFF,
    0x2D, 0x00, 0x82, 0xDB, 0xFE, 0xFF, 0x8D, 0x01, 0x00, 0x00, 0x00, 0xA0, 0x0F, 0x00, 0x00, 0x00,
    0x00, 0x00, 0xA0, 0x0F, 0x00, 0x00, 0x00, 0x00, 0x00, 0xA0, 0x0F, 0x00, 0x00, 0x00, 0x00, 0x00,
    0x40, 0x06, 0x00, 0x00, 0x00,
    // Unicode: [0x0025]
    0x10, 0xD8, 0xEF, 0x5C, 0x00, 0x00, 0x10, 0xFE, 0x09, 0x00, 0x00, 0x00, 0xB0, 0xFF, 0xFF, 0xFF,
    0x06, 0x00, 0x90, 0xEF, 0x01, 0x00, 0x00, 0x00, 0xF4, 0xBF, 0x31, 0xFE, 0x0E, 0x00, 0xF2, 0x7F,
    0x00, 0x00, 0x00, 0x00, 0xF8, 0x5F, 0x00, 0xFB, 0x3F, 0x00, 0xFA, 0x1E, 0x00, 0x00, 0x00, 0x00,
    0xF9, 0x4F, 0x00, 0xFA, 0x3F, 0x30, 0xFF, 0x06, 0x00, 0x00, 0x00, 0x00, 0xF8, 0x5F, 0x00, 0xFB,
    0x2F, 0xB0, 0xDF, 0x20, 0xE9, 0xEF, 0x4B, 0x00, 0xF4, 0xBF, 0x31, 0xFE, 0x0E, 0xF5, 0x5F, 0xD1,
    0xFF, 0xFF, 0xFF, 0x04, 0xB0, 0xFF, 0xFF, 0xFF, 0x06, 0xFC, 0x0C, 0xF7, 0x8F, 0x51, 0xFF, 0x0B,
    0x10, 0xD8, 0xEF, 0x5C, 0x60, 0xFF, 0x04, 0xFB, 0x2F, 0x00, 0xFE, 0x0F, 0x00, 0x00, 0x00, 0x00,
    0xD1, 0xAF, 0x00, 0xFC, 0x1F, 0x00, 0xFD, 0x0F, 0x00, 0x00, 0x00, 0x00, 0xF7, 0x2F, 0x00, 0xFB,
    0x2F, 0x00, 0xFE, 0x0E, 0x00, 0x00, 0x00, 0x10, 0xFE, 0x09, 0x00, 0xF7, 0x8F, 0x51, 0xFF, 0x0B,
    0x00, 0x00, 0x00, 0x80, 0xEF, 0x02, 0x00, 0xD1, 0xFF, 0xFF, 0xFF, 0x03, 0x00, 0x00, 0x00, 0xF2,
    0x8F, 0x00, 0x00, 0x20, 0xD9, 0xEF, 0x3B, 0x00,
    // Unicode: [0x0026]
    0x00, 0xA3, 0xFD, 0xEF, 0x5B, 0x00, 0x00, 0x00, 0x00, 0x60, 0xFF, 0xFF, 0xFF, 0xFF, 0x08, 0x00,
    0x00, 0x00, 0xE0, 0xFF, 0x2D, 0xD2, 0xFF, 0x0F, 0x00, 0x00, 0x00, 0xF0, 0xFF, 0x0B, 0xA0, 0xFF,
    0x0E, 0x00, 0x00, 0x00, 0xB0, 0xFF, 0x7F, 0xE2, 0xFF, 0x07, 0x00, 0x00, 0x00, 0x10, 0xFB, 0xFF,
    0xFF, 0x6E, 0x41, 0x44, 0x01, 0x00, 0x20, 0xFB, 0xFF, 0xEF, 0x03, 0xF4, 0xFF, 0x05, 0x00, 0xD1,
    0xFF, 0xFC, 0xFF, 0x5E, 0xF4, 0xFF, 0x04, 0x00, 0xF8, 0xFF, 0x33, 0xFD, 0xFF, 0xFB, 0xFF, 0x01,
    0x00, 0xFB, 0xFF, 0x01, 0xC1, 0xFF, 0xFF, 0x9F, 0x00, 0x00, 0xFB, 0xFF, 0x07, 0x00, 0xFA, 0xFF,
    0x2F, 0x00, 0x00, 0xF6, 0xFF, 0xBF, 0x88, 0xFD, 0xFF, 0xEF, 0x03, 0x00, 0x90, 0xFF, 0xFF, 0xFF,
    0xFF, 0xFC, 0xFF, 0x4E, 0x00, 0x00, 0xA4, 0xFD, 0xDF, 0x49, 0x80, 0xFF, 0xFF, 0x04,
    // Unicode: [0x0027]
    0xF5, 0xEF, 0xF3, 0xDF, 0xF2, 0xBF, 0xF0, 0xAF, 0xE0, 0x8F, 0x70, 0x49,
    // Unicode: [0x0028]
    0x00, 0x00, 0xFC, 0xEF, 0x02, 0x00, 0x80, 0xFF, 0x3E, 0x00, 0x00, 0xF3, 0xFF, 0x04, 0x00, 0x00,
    0xFB, 0xAF, 0x00, 0x00, 0x30, 0xFF, 0x3F, 0x00, 0x00, 0x80, 0xFF, 0x0C, 0x00, 0x00, 0xC0, 0xFF,
    0x07, 0x00, 0x00, 0xE0, 0xFF, 0x04, 0x00, 0x00, 0xF0, 0xFF, 0x02, 0x00, 0x00, 0xF1, 0xFF, 0x02,
    0x00, 0x00, 0xF0, 0xFF, 0x02, 0x00, 0x00, 0xE0, 0xFF, 0x04, 0x00, 0x00, 0xC0, 0xFF, 0x07, 0x00,
    0x00, 0x80, 0xFF, 0x0C, 0x00, 0x00, 0x30, 0xFF, 0x3F, 0x00, 0x00, 0x00, 0xFB, 0xBF, 0x00, 0x00,
    0x00, 0xF3, 0xFF, 0x05, 0x00, 0x00, 0x80, 0xFF, 0x3E, 0x00, 0x00, 0x00, 0xFC, 0xEF, 0x02,
    // Unicode: [0x0029]
    0xE3, 0xFF, 0x0A, 0x00, 0x40, 0xFF, 0x6F, 0x00, 0x00, 0xF7, 0xFF, 0x02, 0x00, 0xC0, 0xFF, 0x09,
    0x00, 0x50, 0xFF, 0x1F, 0x00, 0x00, 0xFE, 0x6F, 0x00, 0x00, 0xF9, 0xAF, 0x00, 0x00, 0xF6, 0xCF,
    0x00, 0x00, 0xF4, 0xDF, 0x00, 0x00, 0xF4, 0xEF, 0x00, 0x00, 0xF4, 0xDF, 0x00, 0x00, 0xF6, 0xCF,
    0x00, 0x00, 0xF9, 0xAF, 0x00, 0x00, 0xFE, 0x6F, 0x00, 0x50, 0xFF, 0x1F, 0x00, 0xC0, 0xFF, 0x09,
    0x00, 0xF7, 0xFF, 0x02, 0x40, 0xFF, 0x6F, 0x00, 0xE3, 0xFF, 0x0A, 0x00,
    // Unicode: [0x002A]
    0x00, 0x00, 0xFE, 0x01, 0x00, 0x00, 0x72, 0x00, 0xFE, 0x01, 0x44, 0x00, 0xFB, 0x2C, 0xFE, 0xA2,
    0xDF, 0x01, 0xB2, 0xFF, 0xFF, 0xFE, 0x4C, 0x00, 0x00, 0xD4, 0xFF, 0x6E, 0x00, 0x00, 0x10, 0xF9,
    0xFF, 0xBF, 0x02, 0x00, 0xE7, 0xCF, 0xFE, 0xFA, 0x9F, 0x01, 0xF8, 0x07, 0xFE, 0x51, 0xBE, 0x00,
    0x20, 0x00, 0xFE, 0x01, 0x21, 0x00, 0x00, 0x00, 0xBA, 0x01, 0x00, 0x00,
    // Unicode: [0x002B]
    0x00, 0x00, 0x60, 0x99, 0x00, 0x00, 0x00, 0x00, 0x00, 0xA0, 0xFF, 0x00, 0x00, 0x00, 0x00, 0x00,
    0xA0, 0xFF, 0x00, 0x00, 0x00, 0x00, 0x00, 0xA0, 0xFF, 0x00, 0x00, 0x00, 0x00, 0x00, 0xA0, 0xFF,
    0x00, 0x00, 0x00, 0x87, 0x88, 0xD8, 0xFF, 0x88, 0x88, 0x28, 0xFD, 0xFF, 0xFF, 0xFF, 0xFF, 0xFF,
    0x3F, 0xFD, 0xFF, 0xFF, 0xFF, 0xFF, 0xFF, 0x3F, 0x00, 0x00, 0xA0, 0xFF, 0x00, 0x00, 0x00, 0x00,
    0x00, 0xA0, 0xFF, 0x00, 0x00, 0x00, 0x00, 0x00, 0xA0, 0xFF, 0x00, 0x00, 0x00, 0x00, 0x00, 0xA0,
    0xFF, 0x00, 0x00, 0x00, 0x00, 0x00, 0xA0, 0xFF, 0x00, 0x00, 0x00,
    // Unicode: [0x002C]
    0x00, 0x43, 0x44, 0x00, 0xFE, 0xAF, 0x30, 0xFF, 0x3F, 0x70, 0xFF, 0x0A, 0xB0, 0xFF, 0x03, 0xE0,
    0xBF, 0x00, 0xF4, 0x4F, 0x00, 0xF8, 0x0B, 0x00,
    // Unicode: [0x002D]
    0xBA, 0xBB, 0xBB, 0x6B, 0xFE, 0xFF, 0xFF, 0x8F, 0xFE, 0xFF, 0xFF, 0x8F,
    // Unicode: [0x002E]
    0xB2, 0xBB, 0x05, 0xF3, 0xFF, 0x07, 0xF3, 0xFF, 0x07, 0xF3, 0xFF, 0x07,
    // Unicode: [0x002F]
    0x00, 0x00, 0x00, 0x40, 0xFF, 0x0B, 0x00, 0x00, 0x00, 0xB0, 0xFF, 0x04, 0x00, 0x00, 0x00, 0xF2,
    0xDF, 0x00, 0x00, 0x00, 0x00, 0xF9, 0x6F, 0x00, 0x00, 0x00, 0x10, 0xFE, 0x1E, 0x00, 0x00, 0x00,
    0x70, 0xFF, 0x09, 0x00, 0x00, 0x00, 0xD0, 0xFF, 0x02, 0x00, 0x00, 0x00, 0xF4, 0xBF, 0x00, 0x00,
    0x00, 0x00, 0xFB, 0x4F, 0x00, 0x00, 0x00, 0x20, 0xFF, 0x0D, 0x00, 0x00, 0x00, 0x90, 0xFF, 0x06,
    0x00, 0x00, 0x00, 0xE1, 0xEF, 0x01, 0x00, 0x00, 0x00, 0xF7, 0x8F, 0x00, 0x00, 0x00, 0x00, 0xFD,
    0x2F, 0x00, 0x00, 0x00, 0x40, 0xFF, 0x0B, 0x00, 0x00, 0x00, 0xB0, 0xFF, 0x04, 0x00, 0x00, 0x00,
    0xF2, 0xDF, 0x00, 0x00, 0x00, 0x00, 0xF9, 0x6F, 0x00, 0x00, 0x00, 0x00,
    // Unicode: [0x0030]
    0x00, 0x92, 0xED, 0xDF, 0x3A, 0x00, 0x00, 0x40, 0xFE, 0xFF, 0xFF, 0xFF, 0x07, 0x00, 0xE1, 0xFF,
    0xBF, 0xFB, 0xFF, 0x3F, 0x00, 0xF6, 0xFF, 0x08, 0x50, 0xFF, 0x9F, 0x00, 0xFA, 0xFF, 0x02, 0x00,
    0xFD, 0xDF, 0x00, 0xFC, 0xEF, 0x00, 0x00, 0xFB, 0xFF, 0x01, 0xFD, 0xDF, 0x00, 0x00, 0xFA, 0xFF,
    0x01, 0xFD, 0xDF, 0x00, 0x00, 0xFA, 0xFF, 0x01, 0xFC, 0xEF, 0x00, 0x00, 0xFB, 0xFF, 0x01, 0xFA,
    0xFF, 0x02, 0x00, 0xFE, 0xDF, 0x00, 0xF6, 0xFF, 0x08, 0x50, 0xFF, 0xAF, 0x00, 0xE1, 0xFF, 0xBF,
    0xFA, 0xFF, 0x3F, 0x00, 0x40, 0xFE, 0xFF, 0xFF, 0xFF, 0x07, 0x00, 0x00, 0x92, 0xED, 0xDF, 0x4A,
    0x00, 0x00,
    // Unicode: [0x0031]
    0x00, 0x20, 0xFF, 0x5F, 0x00, 0x00, 0x52, 0xD8, 0xFF, 0x5F, 0x00, 0x00, 0xF6, 0xFF, 0xFF, 0x5F,
    0x00, 0x00, 0xF6, 0xFF, 0xFF, 0x5F, 0x00, 0x00, 0x00, 0x50, 0xFF, 0x5F, 0x00, 0x00, 0x00, 0x50,
    0xFF, 0x5F, 0x00, 0x00, 0x00, 0x50, 0xFF, 0x5F, 0x00, 0x00, 0x00, 0x50, 0xFF, 0x5F, 0x00, 0x00,
    0x00, 0x50, 0xFF, 0x5F, 0x00, 0x00, 0x00, 0x50, 0xFF, 0x5F, 0x00, 0x00, 0x00, 0x50, 0xFF, 0x5F,
    0x00, 0x00, 0x73, 0xA7, 0xFF, 0xAF, 0x77, 0x02, 0xF6, 0xFF, 0xFF, 0xFF, 0xFF, 0x05, 0xF6, 0xFF,
    0xFF, 0xFF, 0xFF, 0x05,
    // Unicode: [0x0032]
    0x30, 0xB8, 0xFE, 0xDF, 0x4A, 0x00, 0x00, 0xC0, 0xFF, 0xFF, 0xFF, 0xFF, 0x08, 0x00, 0xC0, 0xFF,
    0xCC, 0xFE, 0xFF, 0x3F, 0x00, 0xB0, 0x17, 0x00, 0xB1, 0xFF, 0x7F, 0x00, 0x00, 0x00, 0x00, 0x50,
    0xFF, 0x7F, 0x00, 0x00, 0x00, 0x00, 0x70, 0xFF, 0x5F, 0x00, 0x00, 0x00, 0x00, 0xE1, 0xFF, 0x0D,
    0x00, 0x00, 0x00, 0x10, 0xFC, 0xFF, 0x03, 0x00, 0x00, 0x00, 0xC2, 0xFF, 0x4F, 0x00, 0x00, 0x00,
    0x40, 0xFE, 0xDF, 0x03, 0x00, 0x00, 0x00, 0xF8, 0xFF, 0x1B, 0x00, 0x00, 0x00, 0xC1, 0xFF, 0xFF,
    0xBB, 0xBB, 0xBB, 0x02, 0xF3, 0xFF, 0xFF, 0xFF, 0xFF, 0xFF, 0x03, 0xF3, 0xFF, 0xFF, 0xFF, 0xFF,
    0xFF, 0x03,
    // Unicode: [0x0033]
    0x50, 0xC9, 0xFE, 0xDF, 0x6A, 0x00, 0xF3, 0xFF, 0xFF, 0xFF, 0xFF, 0x0C, 0xF3, 0xFF, 0xCD, 0xFD,
    0xFF, 0x5F, 0x82, 0x03, 0x00, 0x60, 0xFF, 0x6F, 0x00, 0x00, 0x00, 0x92, 0xFF, 0x1E, 0x00, 0x40,
    0xFF, 0xFF, 0xCF, 0x03, 0x00, 0x40, 0xFF, 0xFF, 0x9E, 0x02, 0x00, 0x20, 0x88, 0xEA, 0xFF, 0x3E,
    0x00, 0x00, 0x00, 0x20, 0xFF, 0xBF, 0x00, 0x00, 0x00, 0x00, 0xFF, 0xCF, 0xA9, 0x04, 0x00, 0x81,
    0xFF, 0xAF, 0xF9, 0xEF, 0xCC, 0xFE, 0xFF, 0x4F, 0xF9, 0xFF, 0xFF, 0xFF, 0xFF, 0x07, 0x72, 0xDB,
    0xFE, 0xDE, 0x39, 0x00,
    // Unicode: [0x0034]
    0x00, 0x00, 0x00, 0xC0, 0xFF, 0x7F, 0x00, 0x00, 0x00, 0x00, 0xFA, 0xFF, 0x7F, 0x00, 0x00, 0x00,
    0x80, 0xFF, 0xFF, 0x7F, 0x00, 0x00, 0x00, 0xF6, 0xAF, 0xFF, 0x7F, 0x00, 0x00, 0x40, 0xFF, 0x2A,
    0xFF, 0x7F, 0x00, 0x00, 0xE2, 0xBF, 0x20, 0xFF, 0x7F, 0x00, 0x10, 0xFD, 0x1D, 0x20, 0xFF, 0x7F,
    0x00, 0xC0, 0xEF, 0x02, 0x20, 0xFF, 0x7F, 0x00, 0xF3, 0xFF, 0xFF, 0xFF, 0xFF, 0xFF, 0x6F, 0xF3,
    0xFF, 0xFF, 0xFF, 0xFF, 0xFF, 0x6F, 0x92, 0x99, 0x99, 0xA9, 0xFF, 0xCF, 0x49, 0x00, 0x00, 0x00,
    0x20, 0xFF, 0x7F, 0x00, 0x00, 0x00, 0x00, 0x20, 0xFF, 0x7F, 0x00, 0x00, 0x00, 0x00, 0x20, 0xFF,
    0x7F, 0x00,
    // Unicode: [0x0035]
    0xD0, 0xFF, 0xFF, 0xFF, 0xFF, 0x7F, 0xD0, 0xFF, 0xFF, 0xFF, 0xFF, 0x7F, 0xD0, 0xFF, 0xBE, 0xBB,
    0xBB, 0x5B, 0xD0, 0xFF, 0x0A, 0x00, 0x00, 0x00, 0xD0, 0xFF, 0x8D, 0x78, 0x04, 0x00, 0xD0, 0xFF,
    0xFF, 0xFF, 0xEF, 0x05, 0xD0, 0xFF, 0xFF, 0xFF, 0xFF, 0x4F, 0x50, 0x24, 0x10, 0xB4, 0xFF, 0xAF,
    0x00, 0x00, 0x00, 0x10, 0xFF, 0xDF, 0x00, 0x00, 0x00, 0x00, 0xFE, 0xDF, 0xC6, 0x05, 0x00, 0x80,
    0xFF, 0x9F, 0xF6, 0xEF, 0xDC, 0xFE, 0xFF, 0x3F, 0xF6, 0xFF, 0xFF, 0xFF, 0xEF, 0x05, 0x71, 0xDB,
    0xFE, 0xCE, 0x28, 0x00,
    // Unicode: [0x0036]
    0x00, 0x00, 0xA5, 0xED, 0xEF, 0x0C, 0x00, 0x00, 0xD3, 0xFF, 0xFF, 0xFF, 0x0F, 0x00, 0x20, 0xFE,
    0xFF, 0xAD, 0xB9, 0x0D, 0x00, 0xB0, 0xFF, 0x6F, 0x00, 0x00, 0x00, 0x00, 0xF3, 0xFF, 0x08, 0x21,
    0x01, 0x00, 0x00, 0xF7, 0xFF, 0xD9, 0xFF, 0xCF, 0x05, 0x00, 0xF9, 0xFF, 0xFF, 0xFF, 0xFF, 0x6F,
    0x00, 0xFA, 0xFF, 0x25, 0x82, 0xFF, 0xEF, 0x00, 0xF9, 0xFF, 0x01, 0x00, 0xFB, 0xFF, 0x02, 0xF8,
    0xFF, 0x03, 0x00, 0xF9, 0xFF, 0x02, 0xF4, 0xFF, 0x08, 0x00, 0xFD, 0xEF, 0x00, 0xC0, 0xFF, 0x9F,
    0xC7, 0xFF, 0x8F, 0x00, 0x20, 0xFD, 0xFF, 0xFF, 0xFF, 0x0A, 0x00, 0x00, 0x71, 0xEC, 0xEF, 0x5B,
    0x00, 0x00,
    // Unicode: [0x0037]
    0xF7, 0xFF, 0xFF, 0xFF, 0xFF, 0xEF, 0xF7, 0xFF, 0xFF, 0xFF, 0xFF, 0xEF, 0xB5, 0xBB, 0xBB, 0xBB,
    0xFF, 0xEF, 0x00, 0x00, 0x00, 0x70, 0xFF, 0x8F, 0x00, 0x00, 0x00, 0xE2, 0xFF, 0x1D, 0x00, 0x00,
    0x00, 0xFA, 0xFF, 0x05, 0x00, 0x00, 0x40, 0xFF, 0xBF, 0x00, 0x00, 0x00, 0xD1, 0xFF, 0x3F, 0x00,
    0x00, 0x00, 0xF8, 0xFF, 0x09, 0x00, 0x00, 0x20, 0xFF, 0xEF, 0x01, 0x00, 0x00, 0xB0, 0xFF, 0x6F,
    0x00, 0x00, 0x00, 0xF5, 0xFF, 0x0C, 0x00, 0x00, 0x10, 0xFD, 0xFF, 0x03, 0x00, 0x00, 0x80, 0xFF,
    0xAF, 0x00, 0x00, 0x00,
    // Unicode: [0x0038]
    0x00, 0xA4, 0xFD, 0xEF, 0x7B, 0x01, 0x00, 0x90, 0xFF, 0xFF, 0xFF, 0xFF, 0x2D, 0x00, 0xF6, 0xFF,
    0x7D, 0xC7, 0xFF, 0xAF, 0x00, 0xF9, 0xFF, 0x03, 0x00, 0xFD, 0xCF, 0x00, 0xF7, 0xFF, 0x18, 0x00,
    0xFE, 0x9F, 0x00, 0xE1, 0xFF, 0xEF, 0x99, 0xFF, 0x1A, 0x00, 0x20, 0xFB, 0xFF, 0xFF, 0xAF, 0x01,
    0x00, 0x60, 0xFD, 0xED, 0xFF, 0xFF, 0x3E, 0x00, 0xF7, 0xEF, 0x02, 0xA4, 0xFF, 0xDF, 0x00, 0xFE,
    0xBF, 0x00, 0x00, 0xF9, 0xFF, 0x03, 0xFF, 0xEF, 0x01, 0x00, 0xFA, 0xFF, 0x03, 0xFA, 0xFF, 0x8D,
    0xB7, 0xFF, 0xDF, 0x00, 0xD2, 0xFF, 0xFF, 0xFF, 0xFF, 0x2D, 0x00, 0x00, 0xB6, 0xFD, 0xEF, 0x6B,
    0x01, 0x00,
    // Unicode: [0x0039]
    0x00, 0x93, 0xFD, 0xDE, 0x29, 0x00, 0x70, 0xFF, 0xFF, 0xFF, 0xEF, 0x04, 0xF5, 0xFF, 0x7D, 0xE8,
    0xFF, 0x1E, 0xFC, 0xFF, 0x02, 0x50, 0xFF, 0x7F, 0xFE, 0xDF, 0x00, 0x00, 0xFE, 0xBF, 0xFE, 0xEF,
    0x00, 0x00, 0xFD, 0xDF, 0xFA, 0xFF, 0x3A, 0x42, 0xFE, 0xDF, 0xF3, 0xFF, 0xFF, 0xFF, 0xFF, 0xCF,
    0x30, 0xFB, 0xFF, 0x9E, 0xFF, 0xAF, 0x00, 0x10, 0x22, 0x50, 0xFF, 0x6F, 0x00, 0x00, 0x00, 0xE4,
    0xFF, 0x0E, 0xC0, 0x9B, 0xCA, 0xFF, 0xFF, 0x04, 0xC0, 0xFF, 0xFF, 0xFF, 0x4E, 0x00, 0xA0, 0xFE,
    0xDE, 0x6A, 0x01, 0x00,
    // Unicode: [0x003A]
    0xFC, 0xDF, 0xFC, 0xDF, 0xFC, 0xDF, 0xB9, 0x9B, 0x00, 0x00, 0x00, 0x00, 0x00, 0x00, 0xB9, 0x9B,
    0xFC, 0xDF, 0xFC, 0xDF, 0xFC, 0xDF,
    // Unicode: [0x003B]
    0x00, 0xFC, 0xDF, 0x00, 0x00, 0xFC, 0xDF, 0x00, 0x00, 0xFC, 0xDF, 0x00, 0x00, 0xB9, 0x9B, 0x00,
    0x00, 0x00, 0x00, 0x00, 0x00, 0x00, 0x00, 0x00, 0x00, 0x00, 0x00, 0x00, 0x00, 0x41, 0x44, 0x01,
    0x00, 0xF8, 0xFF, 0x02, 0x00, 0xFC, 0x9F, 0x00, 0x10, 0xFF, 0x2F, 0x00, 0x50, 0xFF, 0x0A, 0x00,
    0x90, 0xFF, 0x02, 0x00, 0xD0, 0xAF, 0x00, 0x00, 0xF2, 0x3F, 0x00, 0x00,
    // Unicode: [0x003C]
    0x00, 0x00, 0x00, 0x00, 0x00, 0x10, 0x06, 0x00, 0x00, 0x00, 0x00, 0x30, 0xE9, 0x1F, 0x00, 0x00,
    0x00, 0x61, 0xFC, 0xFF, 0x1F, 0x00, 0x00, 0x93, 0xFE, 0xFF, 0xBF, 0x05, 0x10, 0xC6, 0xFF, 0xFF,
    0x8D, 0x02, 0x00, 0xE9, 0xFF, 0xFF, 0x4A, 0x00, 0x00, 0x00, 0xFF, 0xFF, 0x28, 0x00, 0x00, 0x00,
    0x00, 0xFE, 0xFF, 0xAF, 0x04, 0x00, 0x00, 0x00, 0x61, 0xFC, 0xFF, 0xDF, 0x17, 0x00, 0x00, 0x00,
    0x30, 0xE9, 0xFF, 0xFF, 0x4A, 0x00, 0x00, 0x00, 0x10, 0xC6, 0xFF, 0xFF, 0x0D, 0x00, 0x00, 0x00,
    0x00, 0xA3, 0xFF, 0x1F, 0x00, 0x00, 0x00, 0x00, 0x00, 0x71, 0x1D,
    // Unicode: [0x003D]
    0x85, 0x88, 0x88, 0x88, 0x88, 0x88, 0x07, 0xF8, 0xFF, 0xFF, 0xFF, 0xFF, 0xFF, 0x0E, 0xF8, 0xFF,
    0xFF, 0xFF, 0xFF, 0xFF, 0x0E, 0x00, 0x00, 0x00, 0x00, 0x00, 0x00, 0x00, 0x00, 0x00, 0x00, 0x00,
    0x00, 0x00, 0x00, 0x85, 0x88, 0x88, 0x88, 0x88, 0x88, 0x07, 0xF8, 0xFF, 0xFF, 0xFF, 0xFF, 0xFF,
    0x0E, 0xF8, 0xFF, 0xFF, 0xFF, 0xFF, 0xFF, 0x0E,
    // Unicode: [0x003E]
    0x25, 0x00, 0x00, 0x00, 0x00, 0x00, 0x00, 0xFA, 0x5B, 0x00, 0x00, 0x00, 0x00, 0x00, 0xFA, 0xFF,
    0x8E, 0x02, 0x00, 0x00, 0x00, 0x92, 0xFE, 0xFF, 0xBF, 0x05, 0x00, 0x00, 0x00, 0x50, 0xFB, 0xFF,
    0xEF, 0x28, 0x00, 0x00, 0x00, 0x20, 0xE8, 0xFF, 0xFF, 0x2B, 0x00, 0x00, 0x00, 0x00, 0xE5, 0xFF,
    0x5F, 0x00, 0x00, 0x00, 0x82, 0xFD, 0xFF, 0x5F, 0x00, 0x00, 0xB5, 0xFF, 0xFF, 0x8E, 0x02, 0x20,
    0xE8, 0xFF, 0xFF, 0x5B, 0x00, 0x00, 0xF8, 0xFF, 0xEF, 0x29, 0x00, 0x00, 0x00, 0xFA, 0xCF, 0x16,
    0x00, 0x00, 0x00, 0x00, 0x99, 0x03, 0x00, 0x00, 0x00, 0x00, 0x00,
    // Unicode: [0x003F]
    0x82, 0xDB, 0xEF, 0x9C, 0x02, 0x00, 0xF8, 0xFF, 0xFF, 0xFF, 0x5F, 0x00, 0xF8, 0xBE, 0xEB, 0xFF,
    0xEF, 0x01, 0x55, 0x00, 0x00, 0xFC, 0xFF, 0x03, 0x00, 0x00, 0x00, 0xF9, 0xFF, 0x02, 0x00, 0x00,
    0x20, 0xFE, 0xCF, 0x00, 0x00, 0x00, 0xD6, 0xFF, 0x2E, 0x00, 0x00, 0xE3, 0xFF, 0x9F, 0x01, 0x00,
    0x00, 0xF4, 0xFF, 0x04, 0x00, 0x00, 0x00, 0xF4, 0xFF, 0x03, 0x00, 0x00, 0x00, 0x41, 0x44, 0x01,
    0x00, 0x00, 0x00, 0x84, 0x88, 0x04, 0x00, 0x00, 0x00, 0xF7, 0xFF, 0x07, 0x00, 0x00, 0x00, 0xF7,
    0xFF, 0x07, 0x00, 0x00,
    // Unicode: [0x0040]
    0x00, 0x00, 0x50, 0xDA, 0xEF, 0x8C, 0x02, 0x00, 0x00, 0x00, 0x40, 0xFD, 0xDF, 0xCB, 0xFE, 0x9F,
    0x00, 0x00, 0x00, 0xF5, 0xAF, 0x02, 0x00, 0x40, 0xFC, 0x0B, 0x00, 0x30, 0xFF, 0x06, 0xD7, 0xAE,
    0xFD, 0xA8, 0x9F, 0x00, 0xB0, 0x8F, 0x90, 0xFF, 0xED, 0xFF, 0x17, 0xFE, 0x02, 0xF2, 0x1E, 0xF3,
    0x6F, 0x00, 0xFD, 0x07, 0xF8, 0x08, 0xF6, 0x0A, 0xF9, 0x0D, 0x00, 0xFC, 0x07, 0xF4, 0x0B, 0xF8,
    0x08, 0xFB, 0x0B, 0x00, 0xFC, 0x07, 0xF3, 0x0C, 0xF8, 0x08, 0xFA, 0x0B, 0x00, 0xFC, 0x07, 0xF3,
    0x0C, 0xF6, 0x0A, 0xF8, 0x0D, 0x00, 0xFC, 0x07, 0xF6, 0x0A, 0xF3, 0x0E, 0xF3, 0x6F, 0x61, 0xFF,
    0x07, 0xFA, 0x06, 0xC0, 0x6F, 0x90, 0xFF, 0xFF, 0xFF, 0xFF, 0xFF, 0x01, 0x40, 0xFF, 0x04, 0x95,
    0x59, 0x95, 0x99, 0x69, 0x00, 0x00, 0xF7, 0x8F, 0x01, 0x00, 0x10, 0x01, 0x00, 0x00, 0x00, 0x50,
    0xFE, 0xDF, 0xCB, 0xFD, 0x07, 0x00, 0x00, 0x00, 0x00, 0x71, 0xEB, 0xFF, 0xBE, 0x04, 0x00, 0x00,
    // Unicode: [0x0041]
    0x00, 0x00, 0x90, 0xFF, 0xFF, 0x02, 0x00, 0x00, 0x00, 0x00, 0xE0, 0xFF, 0xFF, 0x07, 0x00, 0x00,
    0x00, 0x00, 0xF5, 0xFF, 0xFF, 0x0D, 0x00, 0x00, 0x00, 0x00, 0xFB, 0xEF, 0xFF, 0x4F, 0x00, 0x00,
    0x00, 0x20, 0xFF, 0x5F, 0xFE, 0xAF, 0x00, 0x00, 0x00, 0x80, 0xFF, 0x1E, 0xF8, 0xFF, 0x01, 0x00,
    0x00, 0xD0, 0xFF, 0x09, 0xF3, 0xFF, 0x06, 0x00, 0x00, 0xF4, 0xFF, 0x04, 0xC0, 0xFF, 0x0C, 0x00,
    0x00, 0xFA, 0xFF, 0x99, 0xC9, 0xFF, 0x3F, 0x00, 0x10, 0xFF, 0xFF, 0xFF, 0xFF, 0xFF, 0x9F, 0x00,
    0x60, 0xFF, 0xFF, 0xFF, 0xFF, 0xFF, 0xEF, 0x00, 0xC0, 0xFF, 0x0D, 0x00, 0x00, 0xF6, 0xFF, 0x05,
    0xF3, 0xFF, 0x08, 0x00, 0x00, 0xF1, 0xFF, 0x0B, 0xF9, 0xFF, 0x03, 0x00, 0x00, 0xB0, 0xFF, 0x2F,
    // Unicode: [0x0042]
    0xF2, 0xFF, 0xFF, 0xFF, 0xCE, 0x07, 0x00, 0xF2, 0xFF, 0xFF, 0xFF, 0xFF, 0xBF, 0x00, 0xF2, 0xFF,
    0x9D, 0xB9, 0xFF, 0xFF, 0x03, 0xF2, 0xFF, 0x09, 0x00, 0xFA, 0xFF, 0x04, 0xF2, 0xFF, 0x09, 0x00,
    0xF9, 0xEF, 0x01, 0xF2, 0xFF, 0x7C, 0x97, 0xFF, 0x5F, 0x00, 0xF2, 0xFF, 0xFF, 0xFF, 0xFF, 0x3A,
    0x00, 0xF2, 0xFF, 0xFF, 0xFF, 0xFF, 0xFF, 0x06, 0xF2, 0xFF, 0x09, 0x00, 0xE4, 0xFF, 0x1E, 0xF2,
    0xFF, 0x09, 0x00, 0xA0, 0xFF, 0x4F, 0xF2, 0xFF, 0x09, 0x00, 0xD0, 0xFF, 0x3F, 0xF2, 0xFF, 0x9D,
    0xA9, 0xFE, 0xFF, 0x0D, 0xF2, 0xFF, 0xFF, 0xFF, 0xFF, 0xEF, 0x03, 0xF2, 0xFF, 0xFF, 0xFF, 0xCE,
    0x17, 0x00,
    // Unicode: [0x0043]
    0x00, 0x20, 0xC8, 0xFE, 0xCE, 0x49, 0x00, 0x00, 0xF7, 0xFF, 0xFF, 0xFF, 0xFF, 0x08, 0x70, 0xFF,
    0xFF, 0xCE, 0xEC, 0xFF, 0x09, 0xF2, 0xFF, 0x7F, 0x01, 0x10, 0xE6, 0x09, 0xF9, 0xFF, 0x08, 0x00,
    0x00, 0x10, 0x04, 0xFD, 0xFF, 0x02, 0x00, 0x00, 0x00, 0x00, 0xFE, 0xEF, 0x00, 0x00, 0x00, 0x00,
    0x00, 0xFE, 0xEF, 0x00, 0x00, 0x00, 0x00, 0x00, 0xFD, 0xFF, 0x02, 0x00, 0x00, 0x00, 0x00, 0xF9,
    0xFF, 0x08, 0x00, 0x00, 0x10, 0x04, 0xF3, 0xFF, 0x7F, 0x01, 0x00, 0xD6, 0x09, 0x80, 0xFF, 0xFF,
    0xCE, 0xEC, 0xFF, 0x09, 0x00, 0xF8, 0xFF, 0xFF, 0xFF, 0xFF, 0x08, 0x00, 0x20, 0xC8, 0xFE, 0xCE,
    0x48, 0x00,
    // Unicode: [0x0044]
    0xF2, 0xFF, 0xFF, 0xEF, 0x9C, 0x04, 0x00, 0x00, 0xF2, 0xFF, 0xFF, 0xFF, 0xFF, 0xCF, 0x02, 0x00,
    0xF2, 0xFF, 0xAD, 0xCA, 0xFF, 0xFF, 0x1D, 0x00, 0xF2, 0xFF, 0x09, 0x00, 0xC2, 0xFF, 0xAF, 0x00,
    0xF2, 0xFF, 0x09, 0x00, 0x10, 0xFD, 0xFF, 0x02, 0xF2, 0xFF, 0x09, 0x00, 0x00, 0xF8, 0xFF, 0x06,
    0xF2, 0xFF, 0x09, 0x00, 0x00, 0xF5, 0xFF, 0x08, 0xF2, 0xFF, 0x09, 0x00, 0x00, 0xF5, 0xFF, 0x08,
    0xF2, 0xFF, 0x09, 0x00, 0x00, 0xF7, 0xFF, 0x06, 0xF2, 0xFF, 0x09, 0x00, 0x10, 0xFD, 0xFF, 0x02,
    0xF2, 0xFF, 0x09, 0x00, 0xB2, 0xFF, 0x9F, 0x00, 0xF2, 0xFF, 0xAD, 0xCA, 0xFF, 0xFF, 0x1D, 0x00,
    0xF2, 0xFF, 0xFF, 0xFF, 0xFF, 0xBF, 0x01, 0x00, 0xF2, 0xFF, 0xFF, 0xEF, 0x9C, 0x04, 0x00, 0x00,
    // Unicode: [0x0045]
    0xF2, 0xFF, 0xFF, 0xFF, 0xFF, 0x6F, 0xF2, 0xFF, 0xFF, 0xFF, 0xFF, 0x6F, 0xF2, 0xFF, 0xBD, 0xBB,
    0xBB, 0x4B, 0xF2, 0xFF, 0x09, 0x00, 0x00, 0x00, 0xF2, 0xFF, 0x09, 0x00, 0x00, 0x00, 0xF2, 0xFF,
    0xFF, 0xFF, 0xFF, 0x0D, 0xF2, 0xFF, 0xFF, 0xFF, 0xFF, 0x0D, 0xF2, 0xFF, 0xBD, 0xBB, 0xBB, 0x0A,
    0xF2, 0xFF, 0x09, 0x00, 0x00, 0x00, 0xF2, 0xFF, 0x09, 0x00, 0x00, 0x00, 0xF2, 0xFF, 0x09, 0x00,
    0x00, 0x00, 0xF2, 0xFF, 0xBD, 0xBB, 0xBB, 0x4B, 0xF2, 0xFF, 0xFF, 0xFF, 0xFF, 0x6F, 0xF2, 0xFF,
    0xFF, 0xFF, 0xFF, 0x6F,
    // Unicode: [0x0046]
    0xF2, 0xFF, 0xFF, 0xFF, 0xFF, 0x4F, 0xF2, 0xFF, 0xFF, 0xFF, 0xFF, 0x4F, 0xF2, 0xFF, 0xBD, 0xBB,
    0xBB, 0x3B, 0xF2, 0xFF, 0x09, 0x00, 0x00, 0x00, 0xF2, 0xFF, 0x09, 0x00, 0x00, 0x00, 0xF2, 0xFF,
    0xBD, 0xBB, 0xBB, 0x09, 0xF2, 0xFF, 0xFF, 0xFF, 0xFF, 0x0C, 0xF2, 0xFF, 0xFF, 0xFF, 0xFF, 0x0C,
    0xF2, 0xFF, 0x09, 0x00, 0x00, 0x00, 0xF2, 0xFF, 0x09, 0x00, 0x00, 0x00, 0xF2, 0xFF, 0x09, 0x00,
    0x00, 0x00, 0xF2, 0xFF, 0x09, 0x00, 0x00, 0x00, 0xF2, 0xFF, 0x09, 0x00, 0x00, 0x00, 0xF2, 0xFF,
    0x09, 0x00, 0x00, 0x00,
    // Unicode: [0x0047]
    0x00, 0x10, 0xB7, 0xED, 0xEF, 0x8C, 0x03, 0x00, 0xE5, 0xFF, 0xFF, 0xFF, 0xFF, 0x9F, 0x60, 0xFF,
    0xFF, 0xBE, 0xBA, 0xFE, 0xAF, 0xF2, 0xFF, 0x8F, 0x01, 0x00, 0x50, 0xAC, 0xF9, 0xFF, 0x09, 0x00,
    0x00, 0x00, 0x20, 0xFD, 0xFF, 0x02, 0x00, 0x00, 0x00, 0x00, 0xFE, 0xEF, 0x00, 0xF0, 0xFF, 0xFF,
    0xBF, 0xFE, 0xEF, 0x00, 0xF0, 0xFF, 0xFF, 0xBF, 0xFD, 0xFF, 0x02, 0xA0, 0xAA, 0xFF, 0xBF, 0xF9,
    0xFF, 0x09, 0x00, 0x10, 0xFF, 0xBF, 0xF3, 0xFF, 0x8F, 0x01, 0x10, 0xFF, 0xBF, 0x70, 0xFF, 0xFF,
    0xBE, 0xAA, 0xFF, 0xBF, 0x00, 0xF6, 0xFF, 0xFF, 0xFF, 0xFF, 0xBF, 0x00, 0x10, 0xB7, 0xFE, 0xEF,
    0x8B, 0x04,
    // Unicode: [0x0048]
    0xF2, 0xFF, 0x09, 0x00, 0x00, 0xFD, 0xDF, 0xF2, 0xFF, 0x09, 0x00, 0x00, 0xFD, 0xDF, 0xF2, 0xFF,
    0x09, 0x00, 0x00, 0xFD, 0xDF, 0xF2, 0xFF, 0x09, 0x00, 0x00, 0xFD, 0xDF, 0xF2, 0xFF, 0x09, 0x00,
    0x00, 0xFD, 0xDF, 0xF2, 0xFF, 0xFF, 0xFF, 0xFF, 0xFF, 0xDF, 0xF2, 0xFF, 0xFF, 0xFF, 0xFF, 0xFF,
    0xDF, 0xF2, 0xFF, 0xBD, 0xBB, 0xBB, 0xFE, 0xDF, 0xF2, 0xFF, 0x09, 0x00, 0x00, 0xFD, 0xDF, 0xF2,
    0xFF, 0x09, 0x00, 0x00, 0xFD, 0xDF, 0xF2, 0xFF, 0x09, 0x00, 0x00, 0xFD, 0xDF, 0xF2, 0xFF, 0x09,
    0x00, 0x00, 0xFD, 0xDF, 0xF2, 0xFF, 0x09, 0x00, 0x00, 0xFD, 0xDF, 0xF2, 0xFF, 0x09, 0x00, 0x00,
    0xFD, 0xDF,
    // Unicode: [0x0049]
    0xFC, 0xFF, 0xFF, 0xFF, 0x0B, 0xFC, 0xFF, 0xFF, 0xFF, 0x0B, 0x86, 0xFB, 0xFF, 0x8A, 0x06, 0x00,
    0xF6, 0xFF, 0x05, 0x00, 0x00, 0xF6, 0xFF, 0x05, 0x00, 0x00, 0xF6, 0xFF, 0x05, 0x00, 0x00, 0xF6,
    0xFF, 0x05, 0x00, 0x00, 0xF6, 0xFF, 0x05, 0x00, 0x00, 0xF6, 0xFF, 0x05, 0x00, 0x00, 0xF6, 0xFF,
    0x05, 0x00, 0x00, 0xF6, 0xFF, 0x05, 0x00, 0x86, 0xFB, 0xFF, 0x8A, 0x05, 0xFC, 0xFF, 0xFF, 0xFF,
    0x0B, 0xFC, 0xFF, 0xFF, 0xFF, 0x0B,
    // Unicode: [0x004A]
    0x00, 0xFA, 0xFF, 0xFF, 0x7F, 0x00, 0xFA, 0xFF, 0xFF, 0x7F, 0x00, 0x96, 0xB9, 0xFF, 0x7F, 0x00,
    0x00, 0x50, 0xFF, 0x7F, 0x00, 0x00, 0x50, 0xFF, 0x7F, 0x00, 0x00, 0x50, 0xFF, 0x7F, 0x00, 0x00,
    0x50, 0xFF, 0x7F, 0x00, 0x00, 0x50, 0xFF, 0x7F, 0x00, 0x00, 0x50, 0xFF, 0x7F, 0x00, 0x00, 0x60,
    0xFF, 0x7F, 0x01, 0x00, 0xB0, 0xFF, 0x5F, 0xD9, 0xBB, 0xFD, 0xFF, 0x1E, 0xF9, 0xFF, 0xFF, 0xFF,
    0x05, 0xD7, 0xFE, 0xDF, 0x39, 0x00,
    // Unicode: [0x004B]
    0xF2, 0xFF, 0x09, 0x00, 0x90, 0xFF, 0xAF, 0x00, 0xF2, 0xFF, 0x09, 0x00, 0xF6, 0xFF, 0x1C, 0x00,
    0xF2, 0xFF, 0x09, 0x40, 0xFF, 0xDF, 0x01, 0x00, 0xF2, 0xFF, 0x09, 0xE2, 0xFF, 0x2E, 0x00, 0x00,
    0xF2, 0xFF, 0x19, 0xFC, 0xFF, 0x04, 0x00, 0x00, 0xF2, 0xFF, 0xA9, 0xFF, 0x5F, 0x00, 0x00, 0x00,
    0xF2, 0xFF, 0xFE, 0xFF, 0x0A, 0x00, 0x00, 0x00, 0xF2, 0xFF, 0xFF, 0xFF, 0x4F, 0x00, 0x00, 0x00,
    0xF2, 0xFF, 0xBF, 0xFF, 0xEF, 0x02, 0x00, 0x00, 0xF2, 0xFF, 0x0A, 0xFA, 0xFF, 0x1C, 0x00, 0x00,
    0xF2, 0xFF, 0x09, 0xD1, 0xFF, 0xAF, 0x00, 0x00, 0xF2, 0xFF, 0x09, 0x20, 0xFE, 0xFF, 0x07, 0x00,
    0xF2, 0xFF, 0x09, 0x00, 0xF5, 0xFF, 0x4F, 0x00, 0xF2, 0xFF, 0x09, 0x00, 0x80, 0xFF, 0xEF, 0x02,
    // Unicode: [0x004C]
    0xF2, 0xFF, 0x09, 0x00, 0x00, 0x00, 0xF2, 0xFF, 0x09, 0x00, 0x00, 0x00, 0xF2, 0xFF, 0x09, 0x00,
    0x00, 0x00, 0xF2, 0xFF, 0x09, 0x00, 0x00, 0x00, 0xF2, 0xFF, 0x09, 0x00, 0x00, 0x00, 0xF2, 0xFF,
    0x09, 0x00, 0x00, 0x00, 0xF2, 0xFF, 0x09, 0x00, 0x00, 0x00, 0xF2, 0xFF, 0x09, 0x00, 0x00, 0x00,
    0xF2, 0xFF, 0x09, 0x00, 0x00, 0x00, 0xF2, 0xFF, 0x09, 0x00, 0x00, 0x00, 0xF2, 0xFF, 0x09, 0x00,
    0x00, 0x00, 0xF2, 0xFF, 0xBD, 0xBB, 0xBB, 0x4B, 0xF2, 0xFF, 0xFF, 0xFF, 0xFF, 0x5F, 0xF2, 0xFF,
    0xFF, 0xFF, 0xFF, 0x5F,
    // Unicode: [0x004D]
    0xF2, 0xFF, 0x7F, 0x00, 0x00, 0x70, 0xFF, 0xFF, 0x01, 0xF2, 0xFF, 0xDF, 0x00, 0x00, 0xE1, 0xFF,
    0xFF, 0x01, 0xF2, 0xFF, 0xFF, 0x06, 0x00, 0xF6, 0xFF, 0xFF, 0x01, 0xF2, 0xFF, 0xFF, 0x0D, 0x00,
    0xFD, 0xFF, 0xFF, 0x01, 0xF2, 0xFF, 0xFF, 0x5F, 0x50, 0xFF, 0xFF, 0xFF, 0x01, 0xF2, 0xFF, 0xF9,
    0xCF, 0xC0, 0xEF, 0xFA, 0xFF, 0x01, 0xF2, 0xFF, 0xC6, 0xFF, 0xF8, 0x8F, 0xF9, 0xFF, 0x01, 0xF2,
    0xFF, 0x56, 0xFF, 0xFF, 0x2F, 0xF9, 0xFF, 0x01, 0xF2, 0xFF, 0x06, 0xFD, 0xFF, 0x0A, 0xF9, 0xFF,
    0x01, 0xF2, 0xFF, 0x06, 0xF7, 0xFF, 0x03, 0xF9, 0xFF, 0x01, 0xF2, 0xFF, 0x06, 0xA1, 0x9B, 0x00,
    0xF9, 0xFF, 0x01, 0xF2, 0xFF, 0x06, 0x00, 0x00, 0x00, 0xF9, 0xFF, 0x01, 0xF2, 0xFF, 0x06, 0x00,
    0x00, 0x00, 0xF9, 0xFF, 0x01, 0xF2, 0xFF, 0x06, 0x00, 0x00, 0x00, 0xF9, 0xFF, 0x01,
    // Unicode: [0x004E]
    0xF2, 0xFF, 0xAF, 0x00, 0x00, 0xF5, 0xFF, 0x01, 0xF2, 0xFF, 0xFF, 0x05, 0x00, 0xF5, 0xFF, 0x01,
    0xF2, 0xFF, 0xFF, 0x1E, 0x00, 0xF5, 0xFF, 0x01, 0xF2, 0xFF, 0xFF, 0xAF, 0x00, 0xF5, 0xFF, 0x01,
    0xF2, 0xFF, 0xFD, 0xFF, 0x05, 0xF5, 0xFF, 0x01, 0xF2, 0xFF, 0xE6, 0xFF, 0x1E, 0xF5, 0xFF, 0x01,
    0xF2, 0xFF, 0x54, 0xFF, 0xAF, 0xF5, 0xFF, 0x01, 0xF2, 0xFF, 0x04, 0xFB, 0xFF, 0xFA, 0xFF, 0x01,
    0xF2, 0xFF, 0x04, 0xE2, 0xFF, 0xFF, 0xFF, 0x01, 0xF2, 0xFF, 0x04, 0x60, 0xFF, 0xFF, 0xFF, 0x01,
    0xF2, 0xFF, 0x04, 0x00, 0xFC, 0xFF, 0xFF, 0x01, 0xF2, 0xFF, 0x04, 0x00, 0xF2, 0xFF, 0xFF, 0x01,
    0xF2, 0xFF, 0x04, 0x00, 0x70, 0xFF, 0xFF, 0x01, 0xF2, 0xFF, 0x04, 0x00, 0x00, 0xFC, 0xFF, 0x01,
    // Unicode: [0x004F]
    0x00, 0x20, 0xC8, 0xFE, 0xCE, 0x28, 0x00, 0x00, 0x00, 0xF7, 0xFF, 0xFF, 0xFF, 0xFF, 0x07, 0x00,
    0x80, 0xFF, 0xFF, 0xBD, 0xFD, 0xFF, 0x8F, 0x00, 0xF3, 0xFF, 0x4E, 0x00, 0x40, 0xFE, 0xFF, 0x03,
    0xF9, 0xFF, 0x07, 0x00, 0x00, 0xF7, 0xFF, 0x09, 0xFD, 0xFF, 0x01, 0x00, 0x00, 0xF1, 0xFF, 0x0D,
    0xFE, 0xEF, 0x00, 0x00, 0x00, 0xE0, 0xFF, 0x0E, 0xFE, 0xEF, 0x00, 0x00, 0x00, 0xE0, 0xFF, 0x0E,
    0xFD, 0xFF, 0x01, 0x00, 0x00, 0xF1, 0xFF, 0x0D, 0xF9, 0xFF, 0x07, 0x00, 0x00, 0xF7, 0xFF, 0x09,
    0xF3, 0xFF, 0x4E, 0x00, 0x40, 0xFE, 0xFF, 0x03, 0x80, 0xFF, 0xFF, 0xBD, 0xFD, 0xFF, 0x8F, 0x00,
    0x00, 0xF8, 0xFF, 0xFF, 0xFF, 0xFF, 0x07, 0x00, 0x00, 0x20, 0xC8, 0xFE, 0xCE, 0x28, 0x00, 0x00,
    // Unicode: [0x0050]
    0xF2, 0xFF, 0xFF, 0xFF, 0xAE, 0x04, 0x00, 0xF2, 0xFF, 0xFF, 0xFF, 0xFF, 0xAF, 0x00, 0xF2, 0xFF,
    0xAD, 0xDA, 0xFF, 0xFF, 0x06, 0xF2, 0xFF, 0x09, 0x00, 0xF7, 0xFF, 0x0B, 0xF2, 0xFF, 0x09, 0x00,
    0xF1, 0xFF, 0x0D, 0xF2, 0xFF, 0x09, 0x00, 0xF3, 0xFF, 0x0B, 0xF2, 0xFF, 0x09, 0x41, 0xFC, 0xFF,
    0x07, 0xF2, 0xFF, 0xFF, 0xFF, 0xFF, 0xDF, 0x01, 0xF2, 0xFF, 0xFF, 0xFF, 0xFF, 0x1B, 0x00, 0xF2,
    0xFF, 0xAD, 0x9A, 0x48, 0x00, 0x00, 0xF2, 0xFF, 0x09, 0x00, 0x00, 0x00, 0x00, 0xF2, 0xFF, 0x09,
    0x00, 0x00, 0x00, 0x00, 0xF2, 0xFF, 0x09, 0x00, 0x00, 0x00, 0x00, 0xF2, 0xFF, 0x09, 0x00, 0x00,
    0x00, 0x00,
    // Unicode: [0x0051]
    0x00, 0x20, 0xC8, 0xFE, 0xCE, 0x28, 0x00, 0x00, 0x00, 0xF7, 0xFF, 0xFF, 0xFF, 0xFF, 0x07, 0x00,
    0x80, 0xFF, 0xFF, 0xBD, 0xFD, 0xFF, 0x8F, 0x00, 0xF3, 0xFF, 0x4E, 0x00, 0x40, 0xFE, 0xFF, 0x03,
    0xF9, 0xFF, 0x07, 0x00, 0x00, 0xF7, 0xFF, 0x09, 0xFD, 0xFF, 0x01, 0x00, 0x00, 0xF1, 0xFF, 0x0D,
    0xFE, 0xEF, 0x00, 0x00, 0x00, 0xE0, 0xFF, 0x0E, 0xFF, 0xEF, 0x00, 0x00, 0x00, 0xE0, 0xFF, 0x0F,
    0xFD, 0xFF, 0x01, 0x00, 0x00, 0xF1, 0xFF, 0x0D, 0xFA, 0xFF, 0x06, 0x00, 0x00, 0xF6, 0xFF, 0x09,
    0xF4, 0xFF, 0x3E, 0x00, 0x30, 0xFE, 0xFF, 0x03, 0xA0, 0xFF, 0xFF, 0x9B, 0xFB, 0xFF, 0x9F, 0x00,
    0x10, 0xFA, 0xFF, 0xFF, 0xFF, 0xFF, 0x09, 0x00, 0x00, 0x40, 0xDA, 0xFF, 0xFF, 0x3B, 0x00, 0x00,
    0x00, 0x00, 0x00, 0xF0, 0xFF, 0x09, 0x00, 0x00, 0x00, 0x00, 0x00, 0xB0, 0xFF, 0xAF, 0x97, 0x09,
    0x00, 0x00, 0x00, 0x30, 0xFF, 0xFF, 0xFF, 0x0B, 0x00, 0x00, 0x00, 0x00, 0xA3, 0xFE, 0xDF, 0x08,
    // Unicode: [0x0052]
    0xF2, 0xFF, 0xFF, 0xFF, 0xCE, 0x18, 0x00, 0x00, 0xF2, 0xFF, 0xFF, 0xFF, 0xFF, 0xDF, 0x01, 0x00,
    0xF2, 0xFF, 0xAD, 0xBA, 0xFE, 0xFF, 0x09, 0x00, 0xF2, 0xFF, 0x09, 0x00, 0xF4, 0xFF, 0x0D, 0x00,
    0xF2, 0xFF, 0x09, 0x00, 0xF1, 0xFF, 0x0C, 0x00, 0xF2, 0xFF, 0x09, 0x00, 0xF5, 0xFF, 0x09, 0x00,
    0xF2, 0xFF, 0x8C, 0xB9, 0xFF, 0xEF, 0x02, 0x00, 0xF2, 0xFF, 0xFF, 0xFF, 0xFF, 0x3C, 0x00, 0x00,
    0xF2, 0xFF, 0xFF, 0xFF, 0xFF, 0x05, 0x00, 0x00, 0xF2, 0xFF, 0x09, 0xF4, 0xFF, 0x3E, 0x00, 0x00,
    0xF2, 0xFF, 0x09, 0x70, 0xFF, 0xDF, 0x01, 0x00, 0xF2, 0xFF, 0x09, 0x00, 0xFA, 0xFF, 0x0B, 0x00,
    0xF2, 0xFF, 0x09, 0x00, 0xD1, 0xFF, 0x9F, 0x00, 0xF2, 0xFF, 0x09, 0x00, 0x20, 0xFE, 0xFF, 0x07,
    // Unicode: [0x0053]
    0x00, 0x82, 0xEC, 0xEF, 0xBD, 0x37, 0x00, 0x60, 0xFF, 0xFF, 0xFF, 0xFF, 0xEF, 0x00, 0xF5, 0xFF,
    0xBF, 0xA9, 0xFC, 0xEF, 0x00, 0xFB, 0xFF, 0x03, 0x00, 0x20, 0xD8, 0x00, 0xFC, 0xFF, 0x05, 0x00,
    0x00, 0x10, 0x00, 0xF9, 0xFF, 0xEF, 0x7A, 0x04, 0x00, 0x00, 0xE2, 0xFF, 0xFF, 0xFF, 0xEF, 0x08,
    0x00, 0x20, 0xE9, 0xFF, 0xFF, 0xFF, 0xCF, 0x00, 0x00, 0x10, 0x74, 0xEA, 0xFF, 0xFF, 0x05, 0x04,
    0x00, 0x00, 0x00, 0xFA, 0xFF, 0x07, 0xBE, 0x04, 0x00, 0x00, 0xF8, 0xFF, 0x05, 0xFE, 0xEF, 0xAB,
    0xCA, 0xFF, 0xDF, 0x01, 0xFE, 0xFF, 0xFF, 0xFF, 0xFF, 0x2C, 0x00, 0x51, 0xDA, 0xFE, 0xDE, 0x5A,
    0x00, 0x00,
    // Unicode: [0x0054]
    0xF9, 0xFF, 0xFF, 0xFF, 0xFF, 0xFF, 0x4F, 0xF9, 0xFF, 0xFF, 0xFF, 0xFF, 0xFF, 0x4F, 0xB7, 0xBB,
    0xFB, 0xFF, 0xBE, 0xBB, 0x3B, 0x00, 0x00, 0xF1, 0xFF, 0x0A, 0x00, 0x00, 0x00, 0x00, 0xF1, 0xFF,
    0x0A, 0x00, 0x00, 0x00, 0x00, 0xF1, 0xFF, 0x0A, 0x00, 0x00, 0x00, 0x00, 0xF1, 0xFF, 0x0A, 0x00,
    0x00, 0x00, 0x00, 0xF1, 0xFF, 0x0A, 0x00, 0x00, 0x00, 0x00, 0xF1, 0xFF, 0x0A, 0x00, 0x00, 0x00,
    0x00, 0xF1, 0xFF, 0x0A, 0x00, 0x00, 0x00, 0x00, 0xF1, 0xFF, 0x0A, 0x00, 0x00, 0x00, 0x00, 0xF1,
    0xFF, 0x0A, 0x00, 0x00, 0x00, 0x00, 0xF1, 0xFF, 0x0A, 0x00, 0x00, 0x00, 0x00, 0xF1, 0xFF, 0x0A,
    0x00, 0x00,
    // Unicode: [0x0055]
    0xF5, 0xFF, 0x06, 0x00, 0x30, 0xFF, 0x9F, 0xF5, 0xFF, 0x06, 0x00, 0x30, 0xFF, 0x9F, 0xF5, 0xFF,
    0x06, 0x00, 0x30, 0xFF, 0x9F, 0xF5, 0xFF, 0x06, 0x00, 0x30, 0xFF, 0x9F, 0xF5, 0xFF, 0x06, 0x00,
    0x30, 0xFF, 0x9F, 0xF5, 0xFF, 0x06, 0x00, 0x30, 0xFF, 0x9F, 0xF5, 0xFF, 0x06, 0x00, 0x30, 0xFF,
    0x9F, 0xF5, 0xFF, 0x06, 0x00, 0x30, 0xFF, 0x9F, 0xF5, 0xFF, 0x07, 0x00, 0x30, 0xFF, 0x9F, 0xF4,
    0xFF, 0x08, 0x00, 0x50, 0xFF, 0x8F, 0xF1, 0xFF, 0x2E, 0x00, 0xC1, 0xFF, 0x5F, 0xA0, 0xFF, 0xFF,
    0xBC, 0xFE, 0xFF, 0x0D, 0x10, 0xFB, 0xFF, 0xFF, 0xFF, 0xDF, 0x02, 0x00, 0x50, 0xDA, 0xFF, 0xBE,
    0x17, 0x00,
    // Unicode: [0x0056]
    0xF9, 0xFF, 0x05, 0x00, 0x00, 0xE0, 0xFF, 0x0D, 0xF3, 0xFF, 0x0B, 0x00, 0x00, 0xF5, 0xFF, 0x07,
    0xC0, 0xFF, 0x1F, 0x00, 0x00, 0xFA, 0xFF, 0x02, 0x70, 0xFF, 0x6F, 0x00, 0x10, 0xFF, 0xBF, 0x00,
    0x10, 0xFF, 0xCF, 0x00, 0x60, 0xFF, 0x5F, 0x00, 0x00, 0xFA, 0xFF, 0x02, 0xC0, 0xFF, 0x0E, 0x00,
    0x00, 0xF5, 0xFF, 0x07, 0xF2, 0xFF, 0x09, 0x00, 0x00, 0xE0, 0xFF, 0x0D, 0xF7, 0xFF, 0x03, 0x00,
    0x00, 0x80, 0xFF, 0x3F, 0xFD, 0xCF, 0x00, 0x00, 0x00, 0x30, 0xFF, 0xBF, 0xFF, 0x7F, 0x00, 0x00,
    0x00, 0x00, 0xFC, 0xFF, 0xFF, 0x1F, 0x00, 0x00, 0x00, 0x00, 0xF6, 0xFF, 0xFF, 0x0A, 0x00, 0x00,
    0x00, 0x00, 0xF1, 0xFF, 0xFF, 0x05, 0x00, 0x00, 0x00, 0x00, 0xA0, 0xFF, 0xEF, 0x00, 0x00, 0x00,
    // Unicode: [0x0057]
    0xF3, 0xFF, 0x0A, 0x00, 0xA0, 0xFF, 0x5F, 0x00, 0x10, 0xFF, 0xCF, 0xE0, 0xFF, 0x0E, 0x00, 0xE0,
    0xFF, 0x9F, 0x00, 0x40, 0xFF, 0x8F, 0xA0, 0xFF, 0x2F, 0x00, 0xF3, 0xFF, 0xDF, 0x00, 0x80, 0xFF,
    0x3F, 0x60, 0xFF, 0x6F, 0x00, 0xF8, 0xFF, 0xFF, 0x02, 0xB0, 0xFF, 0x0E, 0x20, 0xFF, 0x9F, 0x00,
    0xFC, 0xFF, 0xFF, 0x06, 0xE0, 0xFF, 0x0A, 0x00, 0xFC, 0xDF, 0x10, 0xFF, 0xAF, 0xFF, 0x0A, 0xF3,
    0xFF, 0x06, 0x00, 0xF8, 0xFF, 0x51, 0xFF, 0x4C, 0xFF, 0x0E, 0xF7, 0xFF, 0x02, 0x00, 0xF4, 0xFF,
    0x94, 0xFF, 0x18, 0xFF, 0x3F, 0xFB, 0xCF, 0x00, 0x00, 0xE0, 0xFF, 0xD8, 0xFF, 0x04, 0xFB, 0x7F,
    0xFE, 0x8F, 0x00, 0x00, 0xB0, 0xFF, 0xFD, 0xEF, 0x00, 0xF6, 0xDF, 0xFF, 0x4F, 0x00, 0x00, 0x60,
    0xFF, 0xFF, 0xAF, 0x00, 0xF2, 0xFF, 0xFF, 0x0E, 0x00, 0x00, 0x20, 0xFF, 0xFF, 0x6F, 0x00, 0xD0,
    0xFF, 0xFF, 0x0B, 0x00, 0x00, 0x00, 0xFD, 0xFF, 0x2F, 0x00, 0x90, 0xFF, 0xFF, 0x06, 0x00, 0x00,
    0x00, 0xF9, 0xFF, 0x0D, 0x00, 0x40, 0xFF, 0xFF, 0x02, 0x00,
    // Unicode: [0x0058]
    0xF4, 0xFF, 0x1E, 0x00, 0x00, 0xF8, 0xFF, 0x09, 0x90, 0xFF, 0xBF, 0x00, 0x40, 0xFF, 0xCF, 0x00,
    0x00, 0xFC, 0xFF, 0x06, 0xD1, 0xFF, 0x2E, 0x00, 0x00, 0xE2, 0xFF, 0x2E, 0xFA, 0xFF, 0x05, 0x00,
    0x00, 0x60, 0xFF, 0xEF, 0xFF, 0x9F, 0x00, 0x00, 0x00, 0x00, 0xFA, 0xFF, 0xFF, 0x1C, 0x00, 0x00,
    0x00, 0x00, 0xD1, 0xFF, 0xFF, 0x02, 0x00, 0x00, 0x00, 0x00, 0xE1, 0xFF, 0xFF, 0x06, 0x00, 0x00,
    0x00, 0x00, 0xFB, 0xFF, 0xFF, 0x2E, 0x00, 0x00, 0x00, 0x70, 0xFF, 0xBF, 0xFF, 0xCF, 0x00, 0x00,
    0x00, 0xF3, 0xFF, 0x0C, 0xFA, 0xFF, 0x08, 0x00, 0x10, 0xFD, 0xEF, 0x02, 0xE1, 0xFF, 0x4F, 0x00,
    0xA0, 0xFF, 0x6F, 0x00, 0x50, 0xFF, 0xDF, 0x01, 0xF6, 0xFF, 0x0B, 0x00, 0x00, 0xFA, 0xFF, 0x0A,
    // Unicode: [0x0059]
    0xF9, 0xFF, 0x09, 0x00, 0x00, 0xFB, 0xFF, 0x05, 0xE1, 0xFF, 0x3F, 0x00, 0x50, 0xFF, 0xBF, 0x00,
    0x50, 0xFF, 0xCF, 0x00, 0xD0, 0xFF, 0x2E, 0x00, 0x00, 0xFB, 0xFF, 0x06, 0xF7, 0xFF, 0x07, 0x00,
    0x00, 0xF2, 0xFF, 0x2E, 0xFE, 0xCF, 0x00, 0x00, 0x00, 0x70, 0xFF, 0xEF, 0xFF, 0x3F, 0x00, 0x00,
    0x00, 0x00, 0xFD, 0xFF, 0xFF, 0x09, 0x00, 0x00, 0x00, 0x00, 0xF4, 0xFF, 0xDF, 0x01, 0x00, 0x00,
    0x00, 0x00, 0xA0, 0xFF, 0x6F, 0x00, 0x00, 0x00, 0x00, 0x00, 0x70, 0xFF, 0x4F, 0x00, 0x00, 0x00,
    0x00, 0x00, 0x70, 0xFF, 0x4F, 0x00, 0x00, 0x00, 0x00, 0x00, 0x70, 0xFF, 0x4F, 0x00, 0x00, 0x00,
    0x00, 0x00, 0x70, 0xFF, 0x4F, 0x00, 0x00, 0x00, 0x00, 0x00, 0x70, 0xFF, 0x4F, 0x00, 0x00, 0x00,
    // Unicode: [0x005A]
    0xC0, 0xFF, 0xFF, 0xFF, 0xFF, 0xFF, 0x0B, 0xC0, 0xFF, 0xFF, 0xFF, 0xFF, 0xFF, 0x0B, 0x80, 0xBB,
    0xBB, 0xBB, 0xFF, 0xFF, 0x0A, 0x00, 0x00, 0x00, 0x80, 0xFF, 0xEF, 0x02, 0x00, 0x00, 0x00, 0xF5,
    0xFF, 0x3F, 0x00, 0x00, 0x00, 0x30, 0xFF, 0xFF, 0x05, 0x00, 0x00, 0x00, 0xE2, 0xFF, 0x7F, 0x00,
    0x00, 0x00, 0x10, 0xFC, 0xFF, 0x0A, 0x00, 0x00, 0x00, 0xB0, 0xFF, 0xCF, 0x00, 0x00, 0x00, 0x00,
    0xF9, 0xFF, 0x1D, 0x00, 0x00, 0x00, 0x60, 0xFF, 0xEF, 0x03, 0x00, 0x00, 0x00, 0xF1, 0xFF, 0xDF,
    0xBB, 0xBB, 0xBB, 0x1B, 0xF2, 0xFF, 0xFF, 0xFF, 0xFF, 0xFF, 0x1F, 0xF2, 0xFF, 0xFF, 0xFF, 0xFF,
    0xFF, 0x1F,
    // Unicode: [0x005B]
    0xF9, 0xFF, 0xFF, 0x0E, 0xF9, 0xFF, 0xFF, 0x0E, 0xF9, 0x9F, 0x44, 0x04, 0xF9, 0x7F, 0x00, 0x00,
    0xF9, 0x7F, 0x00, 0x00, 0xF9, 0x7F, 0x00, 0x00, 0xF9, 0x7F, 0x00, 0x00, 0xF9, 0x7F, 0x00, 0x00,
    0xF9, 0x7F, 0x00, 0x00, 0xF9, 0x7F, 0x00, 0x00, 0xF9, 0x7F, 0x00, 0x00, 0xF9, 0x7F, 0x00, 0x00,
    0xF9, 0x7F, 0x00, 0x00, 0xF9, 0x7F, 0x00, 0x00, 0xF9, 0x7F, 0x00, 0x00, 0xF9, 0x7F, 0x00, 0x00,
    0xF9, 0x9F, 0x44, 0x04, 0xF9, 0xFF, 0xFF, 0x0E, 0xF9, 0xFF, 0xFF, 0x0E,
    // Unicode: [0x005C]
    0xFE, 0x2F, 0x00, 0x00, 0x00, 0x00, 0xF8, 0x8F, 0x00, 0x00, 0x00, 0x00, 0xF2, 0xEF, 0x00, 0x00,
    0x00, 0x00, 0xA0, 0xFF, 0x06, 0x00, 0x00, 0x00, 0x30, 0xFF, 0x0C, 0x00, 0x00, 0x00, 0x00, 0xFC,
    0x3F, 0x00, 0x00, 0x00, 0x00, 0xF5, 0xAF, 0x00, 0x00, 0x00, 0x00, 0xE0, 0xFF, 0x02, 0x00, 0x00,
    0x00, 0x80, 0xFF, 0x08, 0x00, 0x00, 0x00, 0x10, 0xFF, 0x0E, 0x00, 0x00, 0x00, 0x00, 0xFA, 0x6F,
    0x00, 0x00, 0x00, 0x00, 0xF3, 0xCF, 0x00, 0x00, 0x00, 0x00, 0xC0, 0xFF, 0x04, 0x00, 0x00, 0x00,
    0x50, 0xFF, 0x0A, 0x00, 0x00, 0x00, 0x00, 0xFD, 0x2F, 0x00, 0x00, 0x00, 0x00, 0xF7, 0x8F, 0x00,
    0x00, 0x00, 0x00, 0xF1, 0xEF, 0x00, 0x00, 0x00, 0x00, 0x90, 0xFF, 0x06,
    // Unicode: [0x005D]
    0xF1, 0xFF, 0xFF, 0x7F, 0xF1, 0xFF, 0xFF, 0x7F, 0x40, 0x44, 0xFB, 0x7F, 0x00, 0x00, 0xF9, 0x7F,
    0x00, 0x00, 0xF9, 0x7F, 0x00, 0x00, 0xF9, 0x7F, 0x00, 0x00, 0xF9, 0x7F, 0x00, 0x00, 0xF9, 0x7F,
    0x00, 0x00, 0xF9, 0x7F, 0x00, 0x00, 0xF9, 0x7F, 0x00, 0x00, 0xF9, 0x7F, 0x00, 0x00, 0xF9, 0x7F,
    0x00, 0x00, 0xF9, 0x7F, 0x00, 0x00, 0xF9, 0x7F, 0x00, 0x00, 0xF9, 0x7F, 0x00, 0x00, 0xF9, 0x7F,
    0x40, 0x44, 0xFB, 0x7F, 0xF1, 0xFF, 0xFF, 0x7F, 0xF1, 0xFF, 0xFF, 0x7F,
    // Unicode: [0x005E]
    0x00, 0x00, 0xE2, 0xEF, 0x02, 0x00, 0x00, 0x00, 0x00, 0xFB, 0xFF, 0x0C, 0x00, 0x00, 0x00, 0x60,
    0xFF, 0xFE, 0x8F, 0x00, 0x00, 0x00, 0xE2, 0xDF, 0xD1, 0xFF, 0x04, 0x00, 0x00, 0xFB, 0x5F, 0x30,
    0xFF, 0x1D, 0x00, 0x60, 0xFF, 0x0A, 0x00, 0xF7, 0xAF, 0x00, 0xE2, 0xEF, 0x01, 0x00, 0xB0, 0xFF,
    0x05, 0xFB, 0x5F, 0x00, 0x00, 0x20, 0xFE, 0x2E,
    // Unicode: [0x005F]
    0xF2, 0xFF, 0xFF, 0xFF, 0xFF, 0xFF, 0xFF, 0x6F, 0xF2, 0xFF, 0xFF, 0xFF, 0xFF, 0xFF, 0xFF, 0x6F,
    // Unicode: [0x0060]
    0x82, 0x88, 0x02, 0x00, 0x70, 0xFF, 0x0B, 0x00, 0x00, 0xF7, 0x7F, 0x00, 0x00, 0x60, 0xFF, 0x03,
    // Unicode: [0x0061]
    0x10, 0xC9, 0xED, 0xEF, 0x8C, 0x01, 0x30, 0xFF, 0xFF, 0xFF, 0xFF, 0x2E, 0x30, 0xAE, 0x57, 0xB7,
    0xFF, 0x9F, 0x00, 0x00, 0x00, 0x00, 0xFC, 0xBF, 0x00, 0x61, 0xCA, 0xED, 0xFF, 0xCF, 0x40, 0xFE,
    0xFF, 0xFF, 0xFF, 0xCF, 0xD0, 0xFF, 0x6E, 0x13, 0xFB, 0xCF, 0xF2, 0xFF, 0x07, 0x00, 0xFB, 0xCF,
    0xF1, 0xFF, 0x1B, 0x51, 0xFE, 0xCF, 0x90, 0xFF, 0xFF, 0xFF, 0xFF, 0xCF, 0x00, 0xD7, 0xEF, 0x5B,
    0xFB, 0xCF,
    // Unicode: [0x0062]
    0xF5, 0xFF, 0x03, 0x00, 0x00, 0x00, 0x00, 0xF5, 0xFF, 0x03, 0x00, 0x00, 0x00, 0x00, 0xF5, 0xFF,
    0x03, 0x00, 0x00, 0x00, 0x00, 0xF5, 0xFF, 0x03, 0x00, 0x00, 0x00, 0x00, 0xF5, 0xFF, 0x63, 0xFC,
    0xAE, 0x02, 0x00, 0xF5, 0xFF, 0xFD, 0xFF, 0xFF, 0x1D, 0x00, 0xF5, 0xFF, 0xAE, 0xDA, 0xFF, 0x9F,
    0x00, 0xF5, 0xFF, 0x03, 0x10, 0xFE, 0xEF, 0x00, 0xF5, 0xFF, 0x03, 0x00, 0xF9, 0xFF, 0x01, 0xF5,
    0xFF, 0x03, 0x00, 0xF8, 0xFF, 0x01, 0xF5, 0xFF, 0x03, 0x00, 0xFA, 0xFF, 0x00, 0xF5, 0xFF, 0x03,
    0x20, 0xFE, 0xCF, 0x00, 0xF5, 0xFF, 0x79, 0xE8, 0xFF, 0x5F, 0x00, 0xF5, 0xFF, 0xFF, 0xFF, 0xFF,
    0x09, 0x00, 0xF5, 0xFF, 0xC7, 0xEE, 0x5C, 0x00, 0x00,
    // Unicode: [0x0063]
    0x00, 0x20, 0xC8, 0xEE, 0xAD, 0x05, 0x00, 0xF7, 0xFF, 0xFF, 0xFF, 0x2F, 0x40, 0xFF, 0xEF, 0x79,
    0xE9, 0x2F, 0xC0, 0xFF, 0x3F, 0x00, 0x10, 0x19, 0xF1, 0xFF, 0x0A, 0x00, 0x00, 0x00, 0xF2, 0xFF,
    0x08, 0x00, 0x00, 0x00, 0xF1, 0xFF, 0x0A, 0x00, 0x00, 0x00, 0xC0, 0xFF, 0x2E, 0x00, 0x00, 0x18,
    0x50, 0xFF, 0xEF, 0x79, 0xD9, 0x2F, 0x00, 0xF7, 0xFF, 0xFF, 0xFF, 0x2F, 0x00, 0x30, 0xD9, 0xFE,
    0xBD, 0x06,
    // Unicode: [0x0064]
    0x00, 0x00, 0x00, 0x00, 0xF3, 0xFF, 0x05, 0x00, 0x00, 0x00, 0x00, 0xF3, 0xFF, 0x05, 0x00, 0x00,
    0x00, 0x00, 0xF3, 0xFF, 0x05, 0x00, 0x00, 0x00, 0x00, 0xF3, 0xFF, 0x05, 0x00, 0x50, 0xEB, 0xCE,
    0xF8, 0xFF, 0x05, 0x00, 0xF9, 0xFF, 0xFF, 0xFF, 0xFF, 0x05, 0x50, 0xFF, 0xEF, 0x8A, 0xFB, 0xFF,
    0x05, 0xC0, 0xFF, 0x2F, 0x00, 0xF3, 0xFF, 0x05, 0xF0, 0xFF, 0x0A, 0x00, 0xF3, 0xFF, 0x05, 0xF2,
    0xFF, 0x08, 0x00, 0xF3, 0xFF, 0x05, 0xF1, 0xFF, 0x09, 0x00, 0xF3, 0xFF, 0x05, 0xD0, 0xFF, 0x1E,
    0x00, 0xF4, 0xFF, 0x05, 0x80, 0xFF, 0xEF, 0xBA, 0xFF, 0xFF, 0x05, 0x10, 0xFD, 0xFF, 0xFF, 0xFE,
    0xFF, 0x05, 0x00, 0x91, 0xFE, 0x8D, 0xF4, 0xFF, 0x05,
    // Unicode: [0x0065]
    0x00, 0x30, 0xD9, 0xFE, 0xAD, 0x03, 0x00, 0x00, 0xF6, 0xFF, 0xFF, 0xFF, 0x5F, 0x00, 0x40, 0xFF,
    0x7F, 0x43, 0xFB, 0xEF, 0x01, 0xC0, 0xFF, 0x08, 0x00, 0xF2, 0xFF, 0x05, 0xF1, 0xFF, 0xFF, 0xFF,
    0xFF, 0xFF, 0x07, 0xF2, 0xFF, 0xFF, 0xFF, 0xFF, 0xFF, 0x07, 0xF1, 0xFF, 0x08, 0x00, 0x00, 0x00,
    0x00, 0xC0, 0xFF, 0x2E, 0x00, 0x00, 0x60, 0x02, 0x50, 0xFF, 0xEF, 0x79, 0x97, 0xFD, 0x04, 0x00,
    0xF7, 0xFF, 0xFF, 0xFF, 0xFF, 0x04, 0x00, 0x20, 0xC8, 0xFE, 0xDE, 0x5A, 0x01,
    // Unicode: [0x0066]
    0x00, 0x60, 0xEC, 0xEF, 0x0A, 0x00, 0xF7, 0xFF, 0xFF, 0x0C, 0x00, 0xFE, 0xEF, 0x9A, 0x07, 0x10,
    0xFF, 0x6F, 0x00, 0x00, 0xF9, 0xFF, 0xFF, 0xFF, 0x00, 0xF9, 0xFF, 0xFF, 0xFF, 0x00, 0x63, 0xFF,
    0xAF, 0x55, 0x00, 0x10, 0xFF, 0x7F, 0x00, 0x00, 0x10, 0xFF, 0x7F, 0x00, 0x00, 0x10, 0xFF, 0x7F,
    0x00, 0x00, 0x10, 0xFF, 0x7F, 0x00, 0x00, 0x10, 0xFF, 0x7F, 0x00, 0x00, 0x10, 0xFF, 0x7F, 0x00,
    0x00, 0x10, 0xFF, 0x7F, 0x00, 0x00, 0x10, 0xFF, 0x7F, 0x00, 0x00,
    // Unicode: [0x0067]
    0x00, 0x60, 0xEC, 0xCE, 0xFA, 0xFF, 0x05, 0x00, 0xFA, 0xFF, 0xFF, 0xFF, 0xFF, 0x05, 0x60, 0xFF,
    0xEF, 0x8A, 0xFB, 0xFF, 0x05, 0xD0, 0xFF, 0x2F, 0x00, 0xF3, 0xFF, 0x05, 0xF1, 0xFF, 0x0A, 0x00,
    0xF3, 0xFF, 0x05, 0xF2, 0xFF, 0x08, 0x00, 0xF3, 0xFF, 0x05, 0xF1, 0xFF, 0x09, 0x00, 0xF3, 0xFF,
    0x05, 0xD0, 0xFF, 0x1E, 0x00, 0xF4, 0xFF, 0x05, 0x90, 0xFF, 0xEF, 0xBA, 0xFF, 0xFF, 0x05, 0x10,
    0xFD, 0xFF, 0xFF, 0xFF, 0xFF, 0x05, 0x00, 0x91, 0xFD, 0xAE, 0xF5, 0xFF, 0x04, 0x00, 0x00, 0x00,
    0x00, 0xF8, 0xFF, 0x01, 0x00, 0xCE, 0x79, 0xB8, 0xFF, 0xBF, 0x00, 0x00, 0xFE, 0xFF, 0xFF, 0xFF,
    0x2D, 0x00, 0x00, 0xC9, 0xEE, 0xEF, 0x7C, 0x01, 0x00,
    // Unicode: [0x0068]
    0xF5, 0xFF, 0x03, 0x00, 0x00, 0x00, 0xF5, 0xFF, 0x03, 0x00, 0x00, 0x00, 0xF5, 0xFF, 0x03, 0x00,
    0x00, 0x00, 0xF5, 0xFF, 0x03, 0x00, 0x00, 0x00, 0xF5, 0xFF, 0x53, 0xEC, 0xBE, 0x03, 0xF5, 0xFF,
    0xFC, 0xFF, 0xFF, 0x1E, 0xF5, 0xFF, 0xEF, 0xFC, 0xFF, 0x7F, 0xF5, 0xFF, 0x05, 0x30, 0xFF, 0x9F,
    0xF5, 0xFF, 0x03, 0x00, 0xFE, 0xAF, 0xF5, 0xFF, 0x03, 0x00, 0xFD, 0xAF, 0xF5, 0xFF, 0x03, 0x00,
    0xFD, 0xAF, 0xF5, 0xFF, 0x03, 0x00, 0xFD, 0xAF, 0xF5, 0xFF, 0x03, 0x00, 0xFD, 0xAF, 0xF5, 0xFF,
    0x03, 0x00, 0xFD, 0xAF, 0xF5, 0xFF, 0x03, 0x00, 0xFD, 0xAF,
    // Unicode: [0x0069]
    0xF7, 0xFF, 0x04, 0xF7, 0xFF, 0x04, 0x94, 0x99, 0x02, 0x00, 0x00, 0x00, 0xF5, 0xFF, 0x03, 0xF5,
    0xFF, 0x03, 0xF5, 0xFF, 0x03, 0xF5, 0xFF, 0x03, 0xF5, 0xFF, 0x03, 0xF5, 0xFF, 0x03, 0xF5, 0xFF,
    0x03, 0xF5, 0xFF, 0x03, 0xF5, 0xFF, 0x03, 0xF5, 0xFF, 0x03, 0xF5, 0xFF, 0x03,
    // Unicode: [0x006A]
    0x00, 0x50, 0xFF, 0x6F, 0x00, 0x50, 0xFF, 0x6F, 0x00, 0x30, 0x99, 0x49, 0x00, 0x00, 0x00, 0x00,
    0x30, 0xFF, 0xFF, 0x6F, 0x30, 0xFF, 0xFF, 0x6F, 0x10, 0x65, 0xFF, 0x6F, 0x00, 0x20, 0xFF, 0x6F,
    0x00, 0x20, 0xFF, 0x6F, 0x00, 0x20, 0xFF, 0x6F, 0x00, 0x20, 0xFF, 0x6F, 0x00, 0x20, 0xFF, 0x6F,
    0x00, 0x20, 0xFF, 0x6F, 0x00, 0x20, 0xFF, 0x6F, 0x00, 0x30, 0xFF, 0x6F, 0x00, 0x70, 0xFF, 0x6F,
    0xB6, 0xFC, 0xFF, 0x3F, 0xF8, 0xFF, 0xFF, 0x0A, 0xE7, 0xFF, 0x7D, 0x00,
    // Unicode: [0x006B]
    0xF5, 0xFF, 0x03, 0x00, 0x00, 0x00, 0x00, 0xF5, 0xFF, 0x03, 0x00, 0x00, 0x00, 0x00, 0xF5, 0xFF,
    0x03, 0x00, 0x00, 0x00, 0x00, 0xF5, 0xFF, 0x03, 0x00, 0x00, 0x00, 0x00, 0xF5, 0xFF, 0x03, 0x60,
    0xFF, 0x9F, 0x00, 0xF5, 0xFF, 0x03, 0xF3, 0xFF, 0x0B, 0x00, 0xF5, 0xFF, 0x13, 0xFD, 0xDF, 0x01,
    0x00, 0xF5, 0xFF, 0xB3, 0xFF, 0x2E, 0x00, 0x00, 0xF5, 0xFF, 0xFB, 0xFF, 0x05, 0x00, 0x00, 0xF5,
    0xFF, 0xFF, 0xFF, 0x09, 0x00, 0x00, 0xF5, 0xFF, 0xAD, 0xFF, 0x4F, 0x00, 0x00, 0xF5, 0xFF, 0x13,
    0xFE, 0xDF, 0x01, 0x00, 0xF5, 0xFF, 0x03, 0xF6, 0xFF, 0x09, 0x00, 0xF5, 0xFF, 0x03, 0xB0, 0xFF,
    0x4F, 0x00, 0xF5, 0xFF, 0x03, 0x20, 0xFF, 0xDF, 0x01,
    // Unicode: [0x006C]
    0xF5, 0xFF, 0x03, 0xF5, 0xFF, 0x03, 0xF5, 0xFF, 0x03, 0xF5, 0xFF, 0x03, 0xF5, 0xFF, 0x03, 0xF5,
    0xFF, 0x03, 0xF5, 0xFF, 0x03, 0xF5, 0xFF, 0x03, 0xF5, 0xFF, 0x03, 0xF5, 0xFF, 0x03, 0xF5, 0xFF,
    0x03, 0xF5, 0xFF, 0x03, 0xF5, 0xFF, 0x03, 0xF5, 0xFF, 0x03, 0xF5, 0xFF, 0x03,
    // Unicode: [0x006D]
    0xF5, 0xFF, 0x73, 0xFC, 0x9E, 0x01, 0xB5, 0xEE, 0x2B, 0x00, 0xF5, 0xFF, 0xFE, 0xFF, 0xFF, 0xBC,
    0xFF, 0xFF, 0xDF, 0x00, 0xF5, 0xFF, 0xAE, 0xE9, 0xFF, 0xFF, 0x9B, 0xFD, 0xFF, 0x06, 0xF5, 0xFF,
    0x03, 0x50, 0xFF, 0x6F, 0x00, 0xF2, 0xFF, 0x08, 0xF5, 0xFF, 0x03, 0x30, 0xFF, 0x6F, 0x00, 0xF0,
    0xFF, 0x09, 0xF5, 0xFF, 0x03, 0x20, 0xFF, 0x6F, 0x00, 0xE0, 0xFF, 0x09, 0xF5, 0xFF, 0x03, 0x20,
    0xFF, 0x6F, 0x00, 0xE0, 0xFF, 0x09, 0xF5, 0xFF, 0x03, 0x20, 0xFF, 0x6F, 0x00, 0xE0, 0xFF, 0x09,
    0xF5, 0xFF, 0x03, 0x20, 0xFF, 0x6F, 0x00, 0xE0, 0xFF, 0x09, 0xF5, 0xFF, 0x03, 0x20, 0xFF, 0x6F,
    0x00, 0xE0, 0xFF, 0x09, 0xF5, 0xFF, 0x03, 0x20, 0xFF, 0x6F, 0x00, 0xE0, 0xFF, 0x09,
    // Unicode: [0x006E]
    0xF5, 0xFF, 0x73, 0xFC, 0xBE, 0x03, 0xF5, 0xFF, 0xFE, 0xFF, 0xFF, 0x1E, 0xF5, 0xFF, 0xAE, 0xD9,
    0xFF, 0x7F, 0xF5, 0xFF, 0x03, 0x20, 0xFF, 0x9F, 0xF5, 0xFF, 0x03, 0x00, 0xFE, 0xAF, 0xF5, 0xFF,
    0x03, 0x00, 0xFD, 0xAF, 0xF5, 0xFF, 0x03, 0x00, 0xFD, 0xAF, 0xF5, 0xFF, 0x03, 0x00, 0xFD, 0xAF,
    0xF5, 0xFF, 0x03, 0x00, 0xFD, 0xAF, 0xF5, 0xFF, 0x03, 0x00, 0xFD, 0xAF, 0xF5, 0xFF, 0x03, 0x00,
    0xFD, 0xAF,
    // Unicode: [0x006F]
    0x00, 0x40, 0xDA, 0xEF, 0x9D, 0x02, 0x00, 0x00, 0xF8, 0xFF, 0xFF, 0xFF, 0x4E, 0x00, 0x50, 0xFF,
    0xCF, 0x87, 0xFE, 0xEF, 0x02, 0xC0, 0xFF, 0x0D, 0x00, 0xF3, 0xFF, 0x08, 0xF1, 0xFF, 0x09, 0x00,
    0xD0, 0xFF, 0x0C, 0xF2, 0xFF, 0x08, 0x00, 0xC0, 0xFF, 0x0D, 0xF1, 0xFF, 0x09, 0x00, 0xD0, 0xFF,
    0x0C, 0xC0, 0xFF, 0x1D, 0x00, 0xF3, 0xFF, 0x08, 0x50, 0xFF, 0xCF, 0x77, 0xFE, 0xEF, 0x02, 0x00,
    0xF8, 0xFF, 0xFF, 0xFF, 0x5E, 0x00, 0x00, 0x40, 0xDA, 0xEF, 0x9D, 0x02, 0x00,
    // Unicode: [0x0070]
    0xF5, 0xFF, 0x73, 0xFD, 0xAE, 0x02, 0x00, 0xF5, 0xFF, 0xFE, 0xFF, 0xFF, 0x1D, 0x00, 0xF5, 0xFF,
    0xAE, 0xDA, 0xFF, 0x8F, 0x00, 0xF5, 0xFF, 0x03, 0x10, 0xFE, 0xDF, 0x00, 0xF5, 0xFF, 0x03, 0x00,
    0xF9, 0xFF, 0x01, 0xF5, 0xFF, 0x03, 0x00, 0xF8, 0xFF, 0x01, 0xF5, 0xFF, 0x03, 0x00, 0xFA, 0xFF,
    0x00, 0xF5, 0xFF, 0x03, 0x20, 0xFE, 0xBF, 0x00, 0xF5, 0xFF, 0x79, 0xE8, 0xFF, 0x5F, 0x00, 0xF5,
    0xFF, 0xFF, 0xFF, 0xFF, 0x09, 0x00, 0xF5, 0xFF, 0xC8, 0xFE, 0x6C, 0x00, 0x00, 0xF5, 0xFF, 0x03,
    0x00, 0x00, 0x00, 0x00, 0xF5, 0xFF, 0x03, 0x00, 0x00, 0x00, 0x00, 0xF5, 0xFF, 0x03, 0x00, 0x00,
    0x00, 0x00, 0xF5, 0xFF, 0x03, 0x00, 0x00, 0x00, 0x00,
    // Unicode: [0x0071]
    0x00, 0x50, 0xEB, 0xCF, 0xFA, 0xFF, 0x05, 0x00, 0xF9, 0xFF, 0xFF, 0xFF, 0xFF, 0x05, 0x50, 0xFF,
    0xEF, 0x8A, 0xFB, 0xFF, 0x05, 0xC0, 0xFF, 0x2F, 0x00, 0xF3, 0xFF, 0x05, 0xF0, 0xFF, 0x0A, 0x00,
    0xF3, 0xFF, 0x05, 0xF2, 0xFF, 0x08, 0x00, 0xF3, 0xFF, 0x05, 0xF1, 0xFF, 0x09, 0x00, 0xF3, 0xFF,
    0x05, 0xD0, 0xFF, 0x1E, 0x00, 0xF4, 0xFF, 0x05, 0x80, 0xFF, 0xEF, 0xBA, 0xFF, 0xFF, 0x05, 0x10,
    0xFD, 0xFF, 0xFF, 0xFE, 0xFF, 0x05, 0x00, 0x91, 0xFE, 0x7D, 0xF3, 0xFF, 0x05, 0x00, 0x00, 0x00,
    0x00, 0xF3, 0xFF, 0x05, 0x00, 0x00, 0x00, 0x00, 0xF3, 0xFF, 0x05, 0x00, 0x00, 0x00, 0x00, 0xF3,
    0xFF, 0x05, 0x00, 0x00, 0x00, 0x00, 0xF3, 0xFF, 0x05,
    // Unicode: [0x0072]
    0xF5, 0xFF, 0x53, 0xFC, 0x09, 0xF5, 0xFF, 0xFC, 0xFF, 0x09, 0xF5, 0xFF, 0xFF, 0xFF, 0x09, 0xF5,
    0xFF, 0x58, 0x44, 0x02, 0xF5, 0xFF, 0x03, 0x00, 0x00, 0xF5, 0xFF, 0x03, 0x00, 0x00, 0xF5, 0xFF,
    0x03, 0x00, 0x00, 0xF5, 0xFF, 0x03, 0x00, 0x00, 0xF5, 0xFF, 0x03, 0x00, 0x00, 0xF5, 0xFF, 0x03,
    0x00, 0x00, 0xF5, 0xFF, 0x03, 0x00, 0x00,
    // Unicode: [0x0073]
    0x00, 0x81, 0xEC, 0xEF, 0x9C, 0x04, 0x30, 0xFE, 0xFF, 0xFF, 0xFF, 0x0A, 0xC0, 0xFF, 0x6E, 0x55,
    0xE9, 0x0A, 0xF0, 0xFF, 0x1C, 0x00, 0x10, 0x04, 0xC0, 0xFF, 0xFF, 0xAD, 0x27, 0x00, 0x30, 0xFE,
    0xFF, 0xFF, 0xFF, 0x05, 0x00, 0x61, 0xDA, 0xFF, 0xFF, 0x1E, 0x71, 0x00, 0x00, 0x91, 0xFF, 0x2F,
    0xF1, 0x9E, 0x46, 0xC5, 0xFF, 0x0E, 0xF1, 0xFF, 0xFF, 0xFF, 0xEF, 0x04, 0x50, 0xDA, 0xFE, 0xCE,
    0x28, 0x00,
    // Unicode: [0x0074]
    0x20, 0xFF, 0x6F, 0x00, 0x00, 0x20, 0xFF, 0x6F, 0x00, 0x00, 0x20, 0xFF, 0x6F, 0x00, 0x00, 0xF9,
    0xFF, 0xFF, 0xFF, 0x0A, 0xF9, 0xFF, 0xFF, 0xFF, 0x0A, 0x63, 0xFF, 0x9F, 0x55, 0x03, 0x20, 0xFF,
    0x6F, 0x00, 0x00, 0x20, 0xFF, 0x6F, 0x00, 0x00, 0x20, 0xFF, 0x6F, 0x00, 0x00, 0x20, 0xFF, 0x6F,
    0x00, 0x00, 0x20, 0xFF, 0x7F, 0x00, 0x00, 0x10, 0xFF, 0xEF, 0x66, 0x06, 0x00, 0xFA, 0xFF, 0xFF,
    0x0A, 0x00, 0x81, 0xFD, 0xEF, 0x08,
    // Unicode: [0x0075]
    0xF6, 0xFF, 0x02, 0x00, 0xFE, 0x9F, 0xF6, 0xFF, 0x02, 0x00, 0xFE, 0x9F, 0xF6, 0xFF, 0x02, 0x00,
    0xFE, 0x9F, 0xF6, 0xFF, 0x02, 0x00, 0xFE, 0x9F, 0xF6, 0xFF, 0x02, 0x00, 0xFE, 0x9F, 0xF6, 0xFF,
    0x02, 0x00, 0xFE, 0x9F, 0xF6, 0xFF, 0x02, 0x00, 0xFE, 0x9F, 0xF5, 0xFF, 0x07, 0x20, 0xFE, 0x9F,
    0xF3, 0xFF, 0xCF, 0xFD, 0xFF, 0x9F, 0xB0, 0xFF, 0xFF, 0xEF, 0xFF, 0x9F, 0x10, 0xE9, 0xDF, 0x18,
    0xFE, 0x9F,
    // Unicode: [0x0076]
    0xF8, 0xFF, 0x03, 0x00, 0xF2, 0xFF, 0x08, 0xF2, 0xFF, 0x08, 0x00, 0xF7, 0xFF, 0x02, 0xB0, 0xFF,
    0x0D, 0x00, 0xFC, 0xBF, 0x00, 0x60, 0xFF, 0x3F, 0x20, 0xFF, 0x5F, 0x00, 0x10, 0xFE, 0x8F, 0x70,
    0xFF, 0x1E, 0x00, 0x00, 0xF9, 0xDF, 0xC0, 0xFF, 0x09, 0x00, 0x00, 0xF3, 0xFF, 0xF4, 0xFF, 0x03,
    0x00, 0x00, 0xD0, 0xFF, 0xFD, 0xCF, 0x00, 0x00, 0x00, 0x70, 0xFF, 0xFF, 0x7F, 0x00, 0x00, 0x00,
    0x10, 0xFF, 0xFF, 0x1F, 0x00, 0x00, 0x00, 0x00, 0xFA, 0xFF, 0x0A, 0x00, 0x00,
    // Unicode: [0x0077]
    0xF6, 0xFF, 0x04, 0x00, 0xFC, 0x9F, 0x00, 0x90, 0xFF, 0x1E, 0xF2, 0xFF, 0x07, 0x20, 0xFF, 0xEF,
    0x00, 0xD0, 0xFF, 0x0A, 0xC0, 0xFF, 0x0B, 0x60, 0xFF, 0xFF, 0x03, 0xF1, 0xFF, 0x06, 0x70, 0xFF,
    0x0E, 0xB0, 0xEF, 0xFF, 0x07, 0xF5, 0xFF, 0x01, 0x30, 0xFF, 0x4F, 0xF1, 0x8F, 0xFE, 0x0C, 0xF9,
    0xBF, 0x00, 0x00, 0xFD, 0x7F, 0xF5, 0x3F, 0xFA, 0x1F, 0xFC, 0x7F, 0x00, 0x00, 0xF9, 0xBF, 0xFA,
    0x0E, 0xF5, 0x6F, 0xFF, 0x2F, 0x00, 0x00, 0xF4, 0xEF, 0xFE, 0x09, 0xF1, 0xEF, 0xFF, 0x0D, 0x00,
    0x00, 0xE0, 0xFF, 0xFF, 0x05, 0xB0, 0xFF, 0xFF, 0x08, 0x00, 0x00, 0xA0, 0xFF, 0xFF, 0x01, 0x70,
    0xFF, 0xFF, 0x03, 0x00, 0x00, 0x50, 0xFF, 0xBF, 0x00, 0x20, 0xFF, 0xEF, 0x00, 0x00,
    // Unicode: [0x0078]
    0xF4, 0xFF, 0x0B, 0x00, 0xF5, 0xFF, 0x0A, 0x80, 0xFF, 0x7F, 0x20, 0xFE, 0xDF, 0x01, 0x00, 0xFB,
    0xFF, 0xB3, 0xFF, 0x2E, 0x00, 0x00, 0xD1, 0xFF, 0xFE, 0xFF, 0x05, 0x00, 0x00, 0x30, 0xFF, 0xFF,
    0x8F, 0x00, 0x00, 0x00, 0x00, 0xF9, 0xFF, 0x1E, 0x00, 0x00, 0x00, 0x30, 0xFF, 0xFF, 0xAF, 0x00,
    0x00, 0x00, 0xE1, 0xFF, 0xFE, 0xFF, 0x06, 0x00, 0x00, 0xFB, 0xEF, 0xB2, 0xFF, 0x3F, 0x00, 0x90,
    0xFF, 0x6F, 0x20, 0xFE, 0xDF, 0x01, 0xF5, 0xFF, 0x0A, 0x00, 0xF5, 0xFF, 0x0B,
    // Unicode: [0x0079]
    0xF8, 0xFF, 0x03, 0x00, 0xF1, 0xFF, 0x08, 0xF2, 0xFF, 0x08, 0x00, 0xF7, 0xFF, 0x02, 0xB0, 0xFF,
    0x0E, 0x00, 0xFC, 0xBF, 0x00, 0x50, 0xFF, 0x5F, 0x20, 0xFF, 0x4F, 0x00, 0x00, 0xFE, 0xAF, 0x80,
    0xFF, 0x0D, 0x00, 0x00, 0xF8, 0xFF, 0xD2, 0xFF, 0x07, 0x00, 0x00, 0xF2, 0xFF, 0xFB, 0xFF, 0x01,
    0x00, 0x00, 0xC0, 0xFF, 0xFF, 0xAF, 0x00, 0x00, 0x00, 0x60, 0xFF, 0xFF, 0x4F, 0x00, 0x00, 0x00,
    0x10, 0xFE, 0xFF, 0x0D, 0x00, 0x00, 0x00, 0x00, 0xF9, 0xFF, 0x07, 0x00, 0x00, 0x00, 0x00, 0xFA,
    0xFF, 0x01, 0x00, 0x00, 0x00, 0x20, 0xFF, 0xAF, 0x00, 0x00, 0x00, 0x00, 0x80, 0xFF, 0x3F, 0x00,
    0x00, 0x00, 0x00, 0xE0, 0xFF, 0x0C, 0x00, 0x00, 0x00,
    // Unicode: [0x007A]
    0xE0, 0xFF, 0xFF, 0xFF, 0xFF, 0x0F, 0xE0, 0xFF, 0xFF, 0xFF, 0xFF, 0x0F, 0x70, 0x77, 0x77, 0xFC,
    0xFF, 0x0A, 0x00, 0x00, 0x50, 0xFF, 0xBF, 0x00, 0x00, 0x00, 0xF4, 0xFF, 0x1C, 0x00, 0x00, 0x30,
    0xFE, 0xDF, 0x02, 0x00, 0x00, 0xE2, 0xFF, 0x2E, 0x00, 0x00, 0x10, 0xFD, 0xEF, 0x03, 0x00, 0x00,
    0xC1, 0xFF, 0xCF, 0x88, 0x88, 0x18, 0xF3, 0xFF, 0xFF, 0xFF, 0xFF, 0x2F, 0xF3, 0xFF, 0xFF, 0xFF,
    0xFF, 0x2F,
    // Unicode: [0x007B]
    0x00, 0x00, 0x10, 0xD9, 0xFF, 0x4F, 0x00, 0x00, 0xC0, 0xFF, 0xFF, 0x4F, 0x00, 0x00, 0xF5, 0xFF,
    0x38, 0x02, 0x00, 0x00, 0xF8, 0xCF, 0x00, 0x00, 0x00, 0x00, 0xF8, 0xAF, 0x00, 0x00, 0x00, 0x00,
    0xF9, 0x9F, 0x00, 0x00, 0x00, 0x00, 0xFA, 0x8F, 0x00, 0x00, 0x00, 0x10, 0xFE, 0x3F, 0x00, 0x00,
    0x63, 0xE8, 0xFF, 0x08, 0x00, 0x00, 0xF8, 0xFF, 0x4D, 0x00, 0x00, 0x00, 0xF8, 0xFF, 0xAF, 0x01,
    0x00, 0x00, 0x10, 0x93, 0xFF, 0x1D, 0x00, 0x00, 0x00, 0x00, 0xFC, 0x7F, 0x00, 0x00, 0x00, 0x00,
    0xF9, 0x9F, 0x00, 0x00, 0x00, 0x00, 0xF8, 0xAF, 0x00, 0x00, 0x00, 0x00, 0xF8, 0xBF, 0x00, 0x00,
    0x00, 0x00, 0xF6, 0xFF, 0x37, 0x02, 0x00, 0x00, 0xD1, 0xFF, 0xFF, 0x4F, 0x00, 0x00, 0x10, 0xD9,
    0xFF, 0x4F,
    // Unicode: [0x007C]
    0xFF, 0x0D, 0xFF, 0x0D, 0xFF, 0x0D, 0xFF, 0x0D, 0xFF, 0x0D, 0xFF, 0x0D, 0xFF, 0x0D, 0xFF, 0x0D,
    0xFF, 0x0D, 0xFF, 0x0D, 0xFF, 0x0D, 0xFF, 0x0D, 0xFF, 0x0D, 0xFF, 0x0D, 0xFF, 0x0D, 0xFF, 0x0D,
    0xFF, 0x0D, 0xFF, 0x0D, 0xFF, 0x0D,
    // Unicode: [0x007D]
    0xFF, 0xEF, 0x2A, 0x00, 0x00, 0x00, 0xFF, 0xFF, 0xEF, 0x02, 0x00, 0x00, 0x22, 0xE6, 0xFF, 0x09,
    0x00, 0x00, 0x00, 0x80, 0xFF, 0x0B, 0x00, 0x00, 0x00, 0x60, 0xFF, 0x0C, 0x00, 0x00, 0x00, 0x60,
    0xFF, 0x0C, 0x00, 0x00, 0x00, 0x50, 0xFF, 0x0D, 0x00, 0x00, 0x00, 0x10, 0xFE, 0x4F, 0x00, 0x00,
    0x00, 0x00, 0xF5, 0xEF, 0x69, 0x04, 0x00, 0x00, 0x30, 0xFC, 0xFF, 0x0B, 0x00, 0x00, 0x80, 0xFE,
    0xFF, 0x0B, 0x00, 0x00, 0xFA, 0xBF, 0x13, 0x00, 0x00, 0x30, 0xFF, 0x1F, 0x00, 0x00, 0x00, 0x60,
    0xFF, 0x0C, 0x00, 0x00, 0x00, 0x60, 0xFF, 0x0C, 0x00, 0x00, 0x00, 0x80, 0xFF, 0x0C, 0x00, 0x00,
    0x22, 0xE5, 0xFF, 0x09, 0x00, 0x00, 0xFF, 0xFF, 0xEF, 0x03, 0x00, 0x00, 0xFF, 0xDF, 0x3A, 0x00,
    0x00, 0x00,
    // Unicode: [0x007E]
    0x00, 0x61, 0x89, 0x03, 0x00, 0x00, 0x97, 0x08, 0x10, 0xFC, 0xFF, 0x7F, 0x00, 0x00, 0xFD, 0x0C,
    0x90, 0xFF, 0xFF, 0xFF, 0x07, 0x00, 0xFE, 0x0A, 0xF1, 0xCF, 0x51, 0xFF, 0x4F, 0x40, 0xFF, 0x07,
    0xF4, 0x6F, 0x00, 0xF6, 0xFF, 0xEA, 0xFF, 0x02, 0xF6, 0x4F, 0x00, 0x80, 0xFF, 0xFF, 0x9F, 0x00,
    0xF7, 0x3F, 0x00, 0x00, 0xC6, 0xDF, 0x08, 0x00,
    // Unicode: [0x00A0]
    // (Has no glyph data)
    // Unicode: [0x00A1]
    0xFE, 0xFF, 0x00, 0xFE, 0xFF, 0x00, 0x87, 0x88, 0x00, 0x11, 0x11, 0x00, 0xF9, 0xAF, 0x00, 0xFA,
    0xAF, 0x00, 0xFA, 0xBF, 0x00, 0xFB, 0xCF, 0x00, 0xFC, 0xCF, 0x00, 0xFC, 0xDF, 0x00, 0xFD, 0xEF,
    0x00, 0xFE, 0xEF, 0x00, 0xFE, 0xFF, 0x00, 0xFF, 0xFF, 0x01,
    // Unicode: [0x00A2]
    0x00, 0x00, 0x00, 0xF4, 0x06, 0x00, 0x00, 0x00, 0x00, 0xF4, 0x06, 0x00, 0x00, 0x00, 0x00, 0xF4,
    0x06, 0x00, 0x00, 0x30, 0xD9, 0xFF, 0xCF, 0x28, 0x00, 0xF7, 0xFF, 0xFF, 0xFF, 0x6F, 0x50, 0xFF,
    0xDF, 0xF9, 0xA9, 0x6F, 0xC0, 0xFF, 0x2E, 0xF4, 0x06, 0x34, 0xF1, 0xFF, 0x08, 0xF4, 0x06, 0x00,
    0xF2, 0xFF, 0x06, 0xF4, 0x06, 0x00, 0xF1, 0xFF, 0x08, 0xF4, 0x06, 0x00, 0xD0, 0xFF, 0x1D, 0xF4,
    0x06, 0x33, 0x60, 0xFF, 0xDF, 0xF9, 0x99, 0x6F, 0x00, 0xF8, 0xFF, 0xFF, 0xFF, 0x6F, 0x00, 0x40,
    0xDA, 0xFF, 0xCF, 0x29, 0x00, 0x00, 0x00, 0xF4, 0x06, 0x00, 0x00, 0x00, 0x00, 0xF4, 0x06, 0x00,
    0x00, 0x00, 0x00, 0xF4, 0x06, 0x00, 0x00, 0x00, 0x00, 0x62, 0x03, 0x00,
    // Unicode: [0x00A3]
    0x00, 0x00, 0xA4, 0xFD, 0xEF, 0x3B, 0x00, 0x70, 0xFF, 0xFF, 0xFF, 0x6F, 0x00, 0xF3, 0xFF, 0xBF,
    0xCA, 0x6F, 0x00, 0xF7, 0xFF, 0x06, 0x00, 0x22, 0x00, 0xF7, 0xFF, 0x01, 0x00, 0x00, 0x00, 0xF7,
    0xFF, 0x01, 0x00, 0x00, 0xF3, 0xFF, 0xFF, 0xFF, 0xFF, 0x05, 0xF3, 0xFF, 0xFF, 0xFF, 0xFF, 0x05,
    0x10, 0xF8, 0xFF, 0x11, 0x11, 0x00, 0x00, 0xFA, 0xBF, 0x00, 0x00, 0x00, 0x30, 0xFE, 0x3F, 0x00,
    0x00, 0x00, 0xF6, 0xFF, 0xBD, 0xBB, 0xBB, 0xBB, 0xF8, 0xFF, 0xFF, 0xFF, 0xFF, 0xEF, 0xF8, 0xFF,
    0xFF, 0xFF, 0xFF, 0xEF,
    // Unicode: [0x00A4]
    0x10, 0x06, 0x00, 0x00, 0x40, 0x03, 0xD1, 0x7F, 0x10, 0x01, 0xF5, 0x3E, 0x90, 0xFF, 0xFD, 0xDF,
    0xFF, 0x1C, 0x00, 0xF9, 0xFF, 0xFF, 0xCF, 0x01, 0x00, 0xF8, 0x2C, 0xB1, 0xCF, 0x00, 0x00, 0xFB,
    0x07, 0x50, 0xEF, 0x00, 0x00, 0xF8, 0x4D, 0xC4, 0xBF, 0x00, 0x10, 0xFB, 0xFF, 0xFF, 0xDF, 0x02,
    0xC1, 0xFF, 0xEA, 0xBE, 0xFE, 0x2D, 0xB1, 0x5F, 0x00, 0x00, 0xE3, 0x2D, 0x10, 0x04, 0x00, 0x00,
    0x20, 0x02,
    // Unicode: [0x00A5]
    0xF3, 0xFF, 0x0D, 0x00, 0x80, 0xFF, 0x6F, 0x80, 0xFF, 0x6F, 0x00, 0xE1, 0xFF, 0x0B, 0x10, 0xFD,
    0xDF, 0x00, 0xF8, 0xFF, 0x02, 0x00, 0xF4, 0xFF, 0x26, 0xFF, 0x7F, 0x00, 0x00, 0x90, 0xFF, 0xAE,
    0xFF, 0x0C, 0x00, 0x00, 0x10, 0xFE, 0xFF, 0xFF, 0x03, 0x00, 0x00, 0x00, 0xF5, 0xFF, 0x8F, 0x00,
    0x00, 0x00, 0x00, 0xC0, 0xFF, 0x1E, 0x00, 0x00, 0x00, 0xFB, 0xFF, 0xFF, 0xFF, 0xEF, 0x00, 0x00,
    0xFB, 0xFF, 0xFF, 0xFF, 0xEF, 0x00, 0x00, 0x21, 0xB2, 0xFF, 0x2E, 0x22, 0x00, 0x00, 0xFB, 0xFF,
    0xFF, 0xFF, 0xEF, 0x00, 0x00, 0xFB, 0xFF, 0xFF, 0xFF, 0xEF, 0x00, 0x00, 0x00, 0xB0, 0xFF, 0x0D,
    0x00, 0x00,
    // Unicode: [0x00A6]
    0xFF, 0x0D, 0xFF, 0x0D, 0xFF, 0x0D, 0xFF, 0x0D, 0xFF, 0x0D, 0xFF, 0x0D, 0xFF, 0x0D, 0x99, 0x07,
    0x00, 0x00, 0x00, 0x00, 0x00, 0x00, 0x99, 0x07, 0xFF, 0x0D, 0xFF, 0x0D, 0xFF, 0x0D, 0xFF, 0x0D,
    0xFF, 0x0D, 0xFF, 0x0D, 0xFF, 0x0D,
    // Unicode: [0x00A7]
    0x00, 0x71, 0xEC, 0xEF, 0xBD, 0x08, 0x40, 0xFE, 0xFF, 0xFF, 0xFF, 0x0E, 0xE1, 0xFF, 0xBF, 0x77,
    0xD8, 0x0E, 0xF3, 0xFF, 0x0D, 0x00, 0x00, 0x03, 0xF1, 0xFF, 0x9F, 0x04, 0x00, 0x00, 0x60, 0xFF,
    0xFF, 0xEF, 0x39, 0x00, 0x10, 0xFB, 0xFF, 0xFF, 0xFF, 0x09, 0xC0, 0xFF, 0x6B, 0xFA, 0xFF, 0x7F,
    0xF5, 0xFF, 0x01, 0x20, 0xFE, 0xBF, 0xF7, 0xFF, 0x04, 0x00, 0xFD, 0x9F, 0xF4, 0xFF, 0xBF, 0x86,
    0xFF, 0x2E, 0x70, 0xFF, 0xFF, 0xFF, 0xEF, 0x02, 0x00, 0x82, 0xFD, 0xFF, 0xFF, 0x09, 0x00, 0x00,
    0x20, 0xF8, 0xFF, 0x4F, 0x30, 0x00, 0x00, 0xA0, 0xFF, 0x6F, 0xC0, 0x9D, 0x77, 0xF9, 0xFF, 0x3F,
    0xC0, 0xFF, 0xFF, 0xFF, 0xFF, 0x06, 0x70, 0xDB, 0xFE, 0xCE, 0x39, 0x00,
    // Unicode: [0x00A8]
    0x99, 0x08, 0x60, 0x99, 0x02, 0xFF, 0x0E, 0xB0, 0xFF, 0x03, 0xFF, 0x0E, 0xB0, 0xFF, 0x03,
    // Unicode: [0x00A9]
    0x00, 0x00, 0x20, 0xA7, 0xAB, 0x48, 0x00, 0x00, 0x00, 0x00, 0x20, 0xFA, 0xFF, 0xFF, 0xFF, 0x3C,
    0x00, 0x00, 0x00, 0xE3, 0xCF, 0x26, 0x10, 0xA4, 0xFF, 0x06, 0x00, 0x20, 0xFE, 0x08, 0x00, 0x00,
    0x00, 0xE4, 0x4F, 0x00, 0xB0, 0x8F, 0x00, 0x61, 0x99, 0x27, 0x40, 0xEF, 0x01, 0xF3, 0x0D, 0x40,
    0xFE, 0xFF, 0xEF, 0x00, 0xF9, 0x07, 0xF8, 0x06, 0xE1, 0xAF, 0x12, 0xB5, 0x00, 0xF2, 0x0C, 0xFB,
    0x03, 0xF6, 0x1F, 0x00, 0x00, 0x00, 0xD0, 0x0F, 0xFC, 0x01, 0xF8, 0x0E, 0x00, 0x00, 0x00, 0xC0,
    0x1F, 0xFB, 0x02, 0xF7, 0x0F, 0x00, 0x00, 0x00, 0xD0, 0x0F, 0xF9, 0x05, 0xF3, 0x7F, 0x00, 0x60,
    0x00, 0xF1, 0x0D, 0xF4, 0x0B, 0x90, 0xFF, 0xBC, 0xEE, 0x00, 0xF7, 0x09, 0xC0, 0x5F, 0x00, 0xC6,
    0xEE, 0x6C, 0x20, 0xFE, 0x02, 0x40, 0xEF, 0x04, 0x00, 0x00, 0x00, 0xD2, 0x7F, 0x00, 0x00, 0xF5,
    0x9F, 0x02, 0x00, 0x71, 0xFE, 0x09, 0x00, 0x00, 0x40, 0xFD, 0xDF, 0xDC, 0xFF, 0x7E, 0x00, 0x00,
    0x00, 0x00, 0x60, 0xEB, 0xEF, 0x7C, 0x01, 0x00, 0x00,
    // Unicode: [0x00AA]
    0x70, 0xEC, 0xEF, 0x7C, 0x00, 0xC0, 0xFF, 0xFE, 0xFF, 0x09, 0x60, 0x03, 0x30, 0xFE, 0x0F, 0x00,
    0x73, 0xA9, 0xFE, 0x1F, 0xB0, 0xFF, 0xFF, 0xFF, 0x1F, 0xF6, 0x9F, 0x02, 0xFB, 0x1F, 0xF7, 0x4F,
    0x00, 0xFC, 0x1F, 0xF3, 0xEF, 0xDA, 0xFF, 0x1F, 0x50, 0xFD, 0x7D, 0xFC, 0x1F,
    // Unicode: [0x00AB]
    0x00, 0x00, 0x10, 0x00, 0x00, 0x00, 0x00, 0x00, 0x00, 0xD3, 0x00, 0x00, 0xC2, 0x02, 0x00, 0x60,
    0xFF, 0x00, 0x50, 0xFE, 0x02, 0x10, 0xFA, 0xEF, 0x00, 0xF9, 0xEF, 0x01, 0xD3, 0xFF, 0x1B, 0xC2,
    0xFF, 0x2C, 0x00, 0xFD, 0x7F, 0x00, 0xFB, 0x9F, 0x00, 0x00, 0xF9, 0xDF, 0x03, 0xF8, 0xEF, 0x04,
    0x00, 0x60, 0xFF, 0x7F, 0x50, 0xFE, 0x9F, 0x00, 0x00, 0xD3, 0xFF, 0x00, 0xC2, 0xFF, 0x02, 0x00,
    0x10, 0xFA, 0x00, 0x00, 0xF9, 0x02, 0x00, 0x00, 0x60, 0x00, 0x00, 0x50, 0x01,
    // Unicode: [0x00AC]
    0x87, 0x88, 0x88, 0x88, 0x88, 0x88, 0x18, 0xFD, 0xFF, 0xFF, 0xFF, 0xFF, 0xFF, 0x1F, 0xFD, 0xFF,
    0xFF, 0xFF, 0xFF, 0xFF, 0x1F, 0x00, 0x00, 0x00, 0x00, 0x00, 0xFA, 0x1F, 0x00, 0x00, 0x00, 0x00,
    0x00, 0xFA, 0x1F, 0x00, 0x00, 0x00, 0x00, 0x00, 0xFA, 0x1F, 0x00, 0x00, 0x00, 0x00, 0x00, 0xFA,
    0x1F, 0x00, 0x00, 0x00, 0x00, 0x00, 0xFA, 0x1F,
    // Unicode: [0x00AD]
    0xBA, 0xBB, 0xBB, 0x6B, 0xFE, 0xFF, 0xFF, 0x8F, 0xFE, 0xFF, 0xFF, 0x8F,
    // Unicode: [0x00AE]
    0x00, 0x00, 0x20, 0xA7, 0xAB, 0x48, 0x00, 0x00, 0x00, 0x00, 0x20, 0xFA, 0xFF, 0xFF, 0xFF, 0x3C,
    0x00, 0x00, 0x00, 0xE3, 0xCF, 0x26, 0x10, 0xA4, 0xFF, 0x06, 0x00, 0x20, 0xFE, 0x08, 0x00, 0x00,
    0x00, 0xE4, 0x4F, 0x00, 0xB0, 0x8F, 0x10, 0x22, 0x12, 0x00, 0x40, 0xEF, 0x01, 0xF3, 0x0D, 0xB0,
    0xFF, 0xFF, 0x6D, 0x00, 0xF9, 0x07, 0xF8, 0x06, 0xB0, 0x8F, 0xA5, 0xFF, 0x00, 0xF2, 0x0C, 0xFB,
    0x03, 0xB0, 0x6F, 0x92, 0xDF, 0x00, 0xD0, 0x0F, 0xFC, 0x01, 0xB0, 0xFF, 0xFF, 0x2B, 0x00, 0xC0,
    0x1F, 0xFB, 0x02, 0xB0, 0x8F, 0xFA, 0x1C, 0x00, 0xD0, 0x0F, 0xF9, 0x05, 0xB0, 0x5F, 0xC1, 0xAF,
    0x00, 0xF1, 0x0D, 0xF4, 0x0B, 0xB0, 0x5F, 0x20, 0xFE, 0x08, 0xF7, 0x09, 0xC0, 0x5F, 0x50, 0x38,
    0x00, 0x83, 0x37, 0xFE, 0x02, 0x40, 0xEF, 0x04, 0x00, 0x00, 0x00, 0xD2, 0x7F, 0x00, 0x00, 0xF5,
    0x9F, 0x02, 0x00, 0x71, 0xFE, 0x09, 0x00, 0x00, 0x40, 0xFD, 0xDF, 0xDC, 0xFF, 0x7E, 0x00, 0x00,
    0x00, 0x00, 0x60, 0xEB, 0xEF, 0x7C, 0x01, 0x00, 0x00,
    // Unicode: [0x00AF]
    0xF2, 0xFF, 0xFF, 0xFF, 0xFF, 0xFF, 0xFF, 0x6F, 0xF2, 0xFF, 0xFF, 0xFF, 0xFF, 0xFF, 0xFF, 0x6F,
    // Unicode: [0x00B0]
    0x00, 0xB4, 0xEE, 0x2A, 0x00, 0x50, 0xFF, 0xFF, 0xEF, 0x02, 0xE0, 0xBF, 0x32, 0xFD, 0x0A, 0xF3,
    0x1F, 0x00, 0xF5, 0x0E, 0xF3, 0x1F, 0x00, 0xF5, 0x0E, 0xE0, 0xBF, 0x32, 0xFD, 0x0A, 0x50, 0xFF,
    0xFF, 0xEF, 0x02, 0x00, 0xB4, 0xEF, 0x2A, 0x00,
    // Unicode: [0x00B1]
    0x00, 0x00, 0xA0, 0xFF, 0x00, 0x00, 0x00, 0x00, 0x00, 0xA0, 0xFF, 0x00, 0x00, 0x00, 0x00, 0x00,
    0xA0, 0xFF, 0x00, 0x00, 0x00, 0x00, 0x00, 0xA0, 0xFF, 0x00, 0x00, 0x00, 0x00, 0x00, 0xA0, 0xFF,
    0x00, 0x00, 0x00, 0xFD, 0xFF, 0xFF, 0xFF, 0xFF, 0xFF, 0x3F, 0xFD, 0xFF, 0xFF, 0xFF, 0xFF, 0xFF,
    0x3F, 0x87, 0x88, 0xD8, 0xFF, 0x88, 0x88, 0x28, 0x00, 0x00, 0xA0, 0xFF, 0x00, 0x00, 0x00, 0x00,
    0x00, 0xA0, 0xFF, 0x00, 0x00, 0x00, 0x00, 0x00, 0xA0, 0xFF, 0x00, 0x00, 0x00, 0x87, 0x88, 0xD8,
    0xFF, 0x88, 0x88, 0x28, 0xFD, 0xFF, 0xFF, 0xFF, 0xFF, 0xFF, 0x3F, 0xFD, 0xFF, 0xFF, 0xFF, 0xFF,
    0xFF, 0x3F,
    // Unicode: [0x00B2]
    0xB5, 0xFD, 0xBE, 0x04, 0x00, 0xFA, 0xFF, 0xFF, 0x3F, 0x00, 0x78, 0x33, 0xFC, 0x7F, 0x00, 0x00,
    0x00, 0xF8, 0x6F, 0x00, 0x00, 0x20, 0xFD, 0x1D, 0x00, 0x00, 0xD4, 0xDF, 0x02, 0x00, 0x91, 0xFF,
    0x1A, 0x00, 0x00, 0xFB, 0xFF, 0xFF, 0xFF, 0x02, 0xFB, 0xFF, 0xFF, 0xFF, 0x02,
    // Unicode: [0x00B3]
    0xB5, 0xFE, 0xCE, 0x18, 0xFA, 0xFF, 0xFF, 0x8F, 0x34, 0x01, 0xF6, 0x8F, 0x00, 0xED, 0xFF, 0x1A,
    0x00, 0xFF, 0xFF, 0x3D, 0x00, 0x00, 0xF3, 0xBF, 0x47, 0x01, 0xF4, 0xDF, 0xFC, 0xFF, 0xFF, 0x8F,
    0xC7, 0xFE, 0xCE, 0x07,
    // Unicode: [0x00B4]
    0x00, 0x70, 0x88, 0x03, 0x00, 0xF8, 0xAF, 0x00, 0x40, 0xFF, 0x0A, 0x00, 0xD1, 0xAF, 0x00, 0x00,
    // Unicode: [0x00B5]
    0xF5, 0xFF, 0x03, 0x00, 0xFB, 0xCF, 0xF5, 0xFF, 0x03, 0x00, 0xFB, 0xCF, 0xF5, 0xFF, 0x03, 0x00,
    0xFB, 0xCF, 0xF5, 0xFF, 0x03, 0x00, 0xFB, 0xCF, 0xF5, 0xFF, 0x03, 0x00, 0xFB, 0xCF, 0xF5, 0xFF,
    0x03, 0x00, 0xFB, 0xCF, 0xF5, 0xFF, 0x03, 0x00, 0xFB, 0xCF, 0xF5, 0xFF, 0x03, 0x00, 0xFB, 0xCF,
    0xF5, 0xFF, 0x8D, 0xB8, 0xFF, 0xCF, 0xF5, 0xFF, 0xFF, 0xFF, 0xFF, 0xCF, 0xF5, 0xFF, 0xD9, 0xBE,
    0xF9, 0xCF, 0xF5, 0xFF, 0x03, 0x00, 0x00, 0x00, 0xF5, 0xFF, 0x03, 0x00, 0x00, 0x00, 0xF5, 0xFF,
    0x03, 0x00, 0x00, 0x00, 0xF5, 0xFF, 0x03, 0x00, 0x00, 0x00,
    // Unicode: [0x00B6]
    0x00, 0xA4, 0xFD, 0xFF, 0xFF, 0x4F, 0x90, 0xFF, 0xFF, 0xEF, 0xEB, 0x4F, 0xF4, 0xFF, 0xFF, 0xCF,
    0xB0, 0x4F, 0xF9, 0xFF, 0xFF, 0xCF, 0xB0, 0x4F, 0xFA, 0xFF, 0xFF, 0xCF, 0xB0, 0x4F, 0xF8, 0xFF,
    0xFF, 0xCF, 0xB0, 0x4F, 0xF2, 0xFF, 0xFF, 0xCF, 0xB0, 0x4F, 0x40, 0xFE, 0xFF, 0xCF, 0xB0, 0x4F,
    0x00, 0x61, 0xB9, 0xCF, 0xB0, 0x4F, 0x00, 0x00, 0x40, 0xCF, 0xB0, 0x4F, 0x00, 0x00, 0x40, 0xCF,
    0xB0, 0x4F, 0x00, 0x00, 0x40, 0xCF, 0xB0, 0x4F, 0x00, 0x00, 0x40, 0xCF, 0xB0, 0x4F, 0x00, 0x00,
    0x40, 0xCF, 0xB0, 0x4F, 0x00, 0x00, 0x40, 0xCF, 0xB0, 0x4F, 0x00, 0x00, 0x40, 0xCF, 0xB0, 0x4F,
    0x00, 0x00, 0x40, 0xCF, 0xB0, 0x4F, 0x00, 0x00, 0x40, 0xCF, 0xB0, 0x4F,
    // Unicode: [0x00B7]
    0xB2, 0xBB, 0x05, 0xF3, 0xFF, 0x07, 0xF3, 0xFF, 0x07, 0xF3, 0xFF, 0x07,
    // Unicode: [0x00B8]
    0x00, 0x60, 0xCF, 0x00, 0x90, 0xBF, 0xDB, 0xFD, 0x6F, 0xEA, 0xCF, 0x06,
    // Unicode: [0x00B9]
    0x00, 0xE1, 0x9F, 0x00, 0xC3, 0xFF, 0x9F, 0x00, 0xF4, 0xFF, 0x9F, 0x00, 0x00, 0xF1, 0x9F, 0x00,
    0x00, 0xF1, 0x9F, 0x00, 0x00, 0xF1, 0x9F, 0x00, 0x00, 0xF1, 0x9F, 0x00, 0xC2, 0xFD, 0xEF, 0x8C,
    0xF3, 0xFF, 0xFF, 0x9F,
    // Unicode: [0x00BA]
    0x00, 0xC7, 0xEE, 0x7C, 0x00, 0xB0, 0xFF, 0xFF, 0xFF, 0x0A, 0xF6, 0xBF, 0x11, 0xFB, 0x5F, 0xFA,
    0x4F, 0x00, 0xF5, 0x9F, 0xFB, 0x2F, 0x00, 0xF3, 0xAF, 0xFA, 0x3F, 0x00, 0xF4, 0x9F, 0xF6, 0xBF,
    0x11, 0xFB, 0x5F, 0xB0, 0xFF, 0xFF, 0xFF, 0x0A, 0x00, 0xC7, 0xFF, 0x7C, 0x00,
    // Unicode: [0x00BB]
    0x00, 0x00, 0x00, 0x10, 0x00, 0x00, 0x00, 0xC2, 0x02, 0x00, 0xD0, 0x03, 0x00, 0x00, 0xF2, 0x5E,
    0x00, 0xF0, 0x6F, 0x00, 0x00, 0xE1, 0xFF, 0x09, 0xE0, 0xFF, 0x1A, 0x00, 0x20, 0xFC, 0xCF, 0x12,
    0xFB, 0xDF, 0x03, 0x00, 0x90, 0xFF, 0x0B, 0x70, 0xFF, 0x0D, 0x00, 0xE4, 0xFF, 0x08, 0xD3, 0xFF,
    0x09, 0x90, 0xFF, 0x5E, 0x70, 0xFF, 0x6F, 0x00, 0xF2, 0xCF, 0x02, 0xF0, 0xDF, 0x03, 0x00, 0xF2,
    0x09, 0x00, 0xF0, 0x1A, 0x00, 0x00, 0x51, 0x00, 0x00, 0x60, 0x00, 0x00, 0x00,
    // Unicode: [0x00BC]
    0x00, 0xB3, 0xEF, 0x00, 0x00, 0x00, 0xF6, 0x3F, 0x00, 0x00, 0x00, 0xF1, 0xFF, 0xEF, 0x00, 0x00,
    0x10, 0xFE, 0x0A, 0x00, 0x00, 0x00, 0xB1, 0xEB, 0xEF, 0x00, 0x00, 0x70, 0xFF, 0x02, 0x00, 0x00,
    0x00, 0x00, 0xC0, 0xEF, 0x00, 0x00, 0xE1, 0x9F, 0x00, 0x00, 0x00, 0x00, 0x00, 0xC0, 0xEF, 0x00,
    0x00, 0xF9, 0x1E, 0x00, 0x00, 0x00, 0x00, 0x00, 0xC0, 0xEF, 0x00, 0x20, 0xFF, 0x07, 0x00, 0xFB,
    0x7F, 0x00, 0x00, 0xC0, 0xEF, 0x00, 0xA0, 0xDF, 0x01, 0xB0, 0xFF, 0x7F, 0x00, 0x00, 0xC0, 0xEF,
    0x00, 0xF4, 0x6F, 0x00, 0xFA, 0xFA, 0x7F, 0x00, 0x00, 0xA0, 0xCD, 0x00, 0xFC, 0x0C, 0x90, 0x9F,
    0xF1, 0x7F, 0x00, 0x00, 0x00, 0x00, 0x50, 0xFF, 0x04, 0xF8, 0x08, 0xF1, 0x7F, 0x00, 0x00, 0x00,
    0x00, 0xD0, 0xBF, 0x00, 0xFB, 0xCC, 0xFC, 0xDF, 0x1C, 0x00, 0x00, 0x00, 0xF6, 0x3F, 0x00, 0xFB,
    0xFF, 0xFF, 0xFF, 0x1F, 0x00, 0x00, 0x10, 0xFE, 0x0A, 0x00, 0x00, 0x00, 0xF1, 0x7F, 0x00, 0x00,
    0x00, 0x80, 0xFF, 0x02, 0x00, 0x00, 0x00, 0xF1, 0x7F, 0x00,
    // Unicode: [0x00BD]
    0x00, 0xD1, 0xBF, 0x00, 0x00, 0x00, 0xFB, 0x0D, 0x00, 0x00, 0x00, 0xC3, 0xFF, 0xBF, 0x00, 0x00,
    0x40, 0xFF, 0x05, 0x00, 0x00, 0x00, 0xF4, 0xFF, 0xBF, 0x00, 0x00, 0xC0, 0xCF, 0x00, 0x00, 0x00,
    0x00, 0x00, 0xF0, 0xBF, 0x00, 0x00, 0xF6, 0x4F, 0x00, 0x00, 0x00, 0x00, 0x00, 0xF0, 0xBF, 0x00,
    0x10, 0xFD, 0x0A, 0x00, 0x01, 0x00, 0x00, 0x00, 0xF0, 0xBF, 0x00, 0x70, 0xFF, 0x52, 0xEC, 0xFF,
    0x6D, 0x00, 0x00, 0xF0, 0xBF, 0x00, 0xE1, 0x9F, 0x80, 0xFF, 0xFF, 0xFF, 0x06, 0x00, 0xF0, 0xBF,
    0x00, 0xF9, 0x1E, 0x70, 0x28, 0x91, 0xFF, 0x0A, 0x00, 0xD0, 0x9D, 0x20, 0xFF, 0x07, 0x00, 0x00,
    0x60, 0xFF, 0x08, 0x00, 0x00, 0x00, 0xA0, 0xEF, 0x01, 0x00, 0x00, 0xC1, 0xEF, 0x02, 0x00, 0x00,
    0x00, 0xF3, 0x6F, 0x00, 0x00, 0x20, 0xFC, 0x4E, 0x00, 0x00, 0x00, 0x00, 0xFC, 0x0D, 0x00, 0x00,
    0xE7, 0xCF, 0x02, 0x00, 0x00, 0x00, 0x50, 0xFF, 0x05, 0x00, 0x80, 0xFF, 0xEF, 0xEE, 0x4E, 0x00,
    0x00, 0xD0, 0xBF, 0x00, 0x00, 0x90, 0xFF, 0xFF, 0xFF, 0x4F,
    // Unicode: [0x00BE]
    0x81, 0xDB, 0xCE, 0x29, 0x00, 0x00, 0x60, 0xEE, 0x03, 0x00, 0x00, 0xF2, 0xFF, 0xFF, 0xDF, 0x00,
    0x00, 0xE1, 0xAF, 0x00, 0x00, 0x00, 0x92, 0x03, 0xD2, 0xFF, 0x03, 0x00, 0xF7, 0x3F, 0x00, 0x00,
    0x00, 0x00, 0x00, 0xC0, 0xEF, 0x01, 0x10, 0xFE, 0x0A, 0x00, 0x00, 0x00, 0x00, 0xD6, 0xFE, 0x4D,
    0x00, 0x70, 0xFF, 0x02, 0x00, 0x00, 0x00, 0x00, 0xF7, 0xFF, 0x9F, 0x00, 0xE1, 0x9F, 0x00, 0x10,
    0x11, 0x00, 0x00, 0x00, 0x91, 0xFF, 0x04, 0xF8, 0x2F, 0x00, 0xF5, 0xEF, 0x00, 0x73, 0x13, 0xA1,
    0xFF, 0x16, 0xFE, 0x09, 0x40, 0xFF, 0xEF, 0x00, 0xF4, 0xFF, 0xFF, 0xEF, 0x81, 0xFF, 0x02, 0xE4,
    0xBE, 0xEF, 0x00, 0x92, 0xEC, 0xDE, 0x29, 0xE1, 0x9F, 0x30, 0xEE, 0x93, 0xEF, 0x00, 0x00, 0x00,
    0x00, 0x00, 0xF9, 0x1E, 0xE2, 0x2D, 0x90, 0xEF, 0x00, 0x00, 0x00, 0x00, 0x20, 0xFF, 0x08, 0xF4,
    0xCD, 0xEC, 0xFF, 0x6C, 0x00, 0x00, 0x00, 0x90, 0xEF, 0x01, 0xF4, 0xFF, 0xFF, 0xFF, 0x8F, 0x00,
    0x00, 0x00, 0xF2, 0x8F, 0x00, 0x00, 0x00, 0x90, 0xEF, 0x00, 0x00, 0x00, 0x00, 0xF9, 0x1E, 0x00,
    0x00, 0x00, 0x90, 0xEF, 0x00,
    // Unicode: [0x00BF]
    0x00, 0x20, 0xFF, 0xCF, 0x00, 0x00, 0x20, 0xFF, 0xCF, 0x00, 0x00, 0x10, 0x88, 0x68, 0x00, 0x00,
    0x00, 0xFD, 0x8F, 0x00, 0x00, 0x00, 0xFD, 0x8F, 0x00, 0x00, 0x61, 0xFE, 0x8F, 0x00, 0x30, 0xFD,
    0xFF, 0x4B, 0x00, 0xE2, 0xFF, 0x3D, 0x00, 0x00, 0xF9, 0xFF, 0x03, 0x00, 0x00, 0xFD, 0xEF, 0x00,
    0x00, 0x00, 0xFD, 0xFF, 0x03, 0x00, 0x94, 0xF9, 0xFF, 0xBF, 0xDA, 0xEF, 0xD1, 0xFF, 0xFF, 0xFF,
    0xEF, 0x10, 0xC7, 0xFE, 0xCE, 0x59,
    // Unicode: [0x00C0]
    0x00, 0x00, 0x85, 0x68, 0x00, 0x00, 0x00, 0x00, 0x00, 0x00, 0xE2, 0xFF, 0x04, 0x00, 0x00, 0x00,
    0x00, 0x00, 0x30, 0xFE, 0x0D, 0x00, 0x00, 0x00, 0x00, 0x00, 0x00, 0xF4, 0x7F, 0x00, 0x00, 0x00,
    0x00, 0x00, 0x00, 0x40, 0x78, 0x00, 0x00, 0x00, 0x00, 0x00, 0x00, 0x00, 0x00, 0x00, 0x00, 0x00,
    0x00, 0x00, 0x90, 0xFF, 0xFF, 0x02, 0x00, 0x00, 0x00, 0x00, 0xE0, 0xFF, 0xFF, 0x07, 0x00, 0x00,
    0x00, 0x00, 0xF5, 0xFF, 0xFF, 0x0D, 0x00, 0x00, 0x00, 0x00, 0xFB, 0xEF, 0xFF, 0x4F, 0x00, 0x00,
    0x00, 0x20, 0xFF, 0x5F, 0xFE, 0xAF, 0x00, 0x00, 0x00, 0x80, 0xFF, 0x1E, 0xF8, 0xFF, 0x01, 0x00,
    0x00, 0xD0, 0xFF, 0x09, 0xF3, 0xFF, 0x06, 0x00, 0x00, 0xF4, 0xFF, 0x04, 0xC0, 0xFF, 0x0C, 0x00,
    0x00, 0xFA, 0xFF, 0x99, 0xC9, 0xFF, 0x3F, 0x00, 0x10, 0xFF, 0xFF, 0xFF, 0xFF, 0xFF, 0x9F, 0x00,
    0x60, 0xFF, 0xFF, 0xFF, 0xFF, 0xFF, 0xEF, 0x00, 0xC0, 0xFF, 0x0D, 0x00, 0x00, 0xF6, 0xFF, 0x05,
    0xF3, 0xFF, 0x08, 0x00, 0x00, 0xF1, 0xFF, 0x0B, 0xF9, 0xFF, 0x03, 0x00, 0x00, 0xB0, 0xFF, 0x2F,
    // Unicode: [0x00C1]
    0x00, 0x00, 0x00, 0x40, 0x88, 0x07, 0x00, 0x00, 0x00, 0x00, 0x00, 0xE1, 0xFF, 0x05, 0x00, 0x00,
    0x00, 0x00, 0x00, 0xF9, 0x7F, 0x00, 0x00, 0x00, 0x00, 0x00, 0x30, 0xFF, 0x08, 0x00, 0x00, 0x00,
    0x00, 0x00, 0x50, 0x68, 0x00, 0x00, 0x00, 0x00, 0x00, 0x00, 0x00, 0x00, 0x00, 0x00, 0x00, 0x00,
    0x00, 0x00, 0x90, 0xFF, 0xFF, 0x02, 0x00, 0x00, 0x00, 0x00, 0xE0, 0xFF, 0xFF, 0x07, 0x00, 0x00,
    0x00, 0x00, 0xF5, 0xFF, 0xFF, 0x0D, 0x00, 0x00, 0x00, 0x00, 0xFB, 0xEF, 0xFF, 0x4F, 0x00, 0x00,
    0x00, 0x20, 0xFF, 0x5F, 0xFE, 0xAF, 0x00, 0x00, 0x00, 0x80, 0xFF, 0x1E, 0xF8, 0xFF, 0x01, 0x00,
    0x00, 0xD0, 0xFF, 0x09, 0xF3, 0xFF, 0x06, 0x00, 0x00, 0xF4, 0xFF, 0x04, 0xC0, 0xFF, 0x0C, 0x00,
    0x00, 0xFA, 0xFF, 0x99, 0xC9, 0xFF, 0x3F, 0x00, 0x10, 0xFF, 0xFF, 0xFF, 0xFF, 0xFF, 0x9F, 0x00,
    0x60, 0xFF, 0xFF, 0xFF, 0xFF, 0xFF, 0xEF, 0x00, 0xC0, 0xFF, 0x0D, 0x00, 0x00, 0xF6, 0xFF, 0x05,
    0xF3, 0xFF, 0x08, 0x00, 0x00, 0xF1, 0xFF, 0x0B, 0xF9, 0xFF, 0x03, 0x00, 0x00, 0xB0, 0xFF, 0x2F,
    // Unicode: [0x00C2]
    0x00, 0x00, 0x00, 0x85, 0x18, 0x00, 0x00, 0x00, 0x00, 0x00, 0x40, 0xFF, 0xBF, 0x00, 0x00, 0x00,
    0x00, 0x00, 0xE2, 0xAF, 0xFE, 0x08, 0x00, 0x00, 0x00, 0x00, 0xFC, 0x0B, 0xF4, 0x5F, 0x00, 0x00,
    0x00, 0x30, 0x78, 0x01, 0x50, 0x78, 0x00, 0x00, 0x00, 0x00, 0x00, 0x00, 0x00, 0x00, 0x00, 0x00,
    0x00, 0x00, 0x90, 0xFF, 0xFF, 0x02, 0x00, 0x00, 0x00, 0x00, 0xE0, 0xFF, 0xFF, 0x07, 0x00, 0x00,
    0x00, 0x00, 0xF5, 0xFF, 0xFF, 0x0D, 0x00, 0x00, 0x00, 0x00, 0xFB, 0xEF, 0xFF, 0x4F, 0x00, 0x00,
    0x00, 0x20, 0xFF, 0x5F, 0xFE, 0xAF, 0x00, 0x00, 0x00, 0x80, 0xFF, 0x1E, 0xF8, 0xFF, 0x01, 0x00,
    0x00, 0xD0, 0xFF, 0x09, 0xF3, 0xFF, 0x06, 0x00, 0x00, 0xF4, 0xFF, 0x04, 0xC0, 0xFF, 0x0C, 0x00,
    0x00, 0xFA, 0xFF, 0x99, 0xC9, 0xFF, 0x3F, 0x00, 0x10, 0xFF, 0xFF, 0xFF, 0xFF, 0xFF, 0x9F, 0x00,
    0x60, 0xFF, 0xFF, 0xFF, 0xFF, 0xFF, 0xEF, 0x00, 0xC0, 0xFF, 0x0D, 0x00, 0x00, 0xF6, 0xFF, 0x05,
    0xF3, 0xFF, 0x08, 0x00, 0x00, 0xF1, 0xFF, 0x0B, 0xF9, 0xFF, 0x03, 0x00, 0x00, 0xB0, 0xFF, 0x2F,
    // Unicode: [0x00C3]
    0x00, 0x10, 0xE9, 0x7D, 0x91, 0x9F, 0x00, 0x00, 0x00, 0x80, 0xFF, 0xFF, 0xFF, 0x5F, 0x00, 0x00,
    0x00, 0xD0, 0x5F, 0x92, 0xEE, 0x08, 0x00, 0x00, 0x00, 0x00, 0x00, 0x00, 0x00, 0x00, 0x00, 0x00,
    0x00, 0x00, 0x00, 0x00, 0x00, 0x00, 0x00, 0x00, 0x00, 0x00, 0x90, 0xFF, 0xFF, 0x02, 0x00, 0x00,
    0x00, 0x00, 0xE0, 0xFF, 0xFF, 0x07, 0x00, 0x00, 0x00, 0x00, 0xF5, 0xFF, 0xFF, 0x0D, 0x00, 0x00,
    0x00, 0x00, 0xFB, 0xEF, 0xFF, 0x4F, 0x00, 0x00, 0x00, 0x20, 0xFF, 0x5F, 0xFE, 0xAF, 0x00, 0x00,
    0x00, 0x80, 0xFF, 0x1E, 0xF8, 0xFF, 0x01, 0x00, 0x00, 0xD0, 0xFF, 0x09, 0xF3, 0xFF, 0x06, 0x00,
    0x00, 0xF4, 0xFF, 0x04, 0xC0, 0xFF, 0x0C, 0x00, 0x00, 0xFA, 0xFF, 0x99, 0xC9, 0xFF, 0x3F, 0x00,
    0x10, 0xFF, 0xFF, 0xFF, 0xFF, 0xFF, 0x9F, 0x00, 0x60, 0xFF, 0xFF, 0xFF, 0xFF, 0xFF, 0xEF, 0x00,
    0xC0, 0xFF, 0x0D, 0x00, 0x00, 0xF6, 0xFF, 0x05, 0xF3, 0xFF, 0x08, 0x00, 0x00, 0xF1, 0xFF, 0x0B,
    0xF9, 0xFF, 0x03, 0x00, 0x00, 0xB0, 0xFF, 0x2F,
    // Unicode: [0x00C4]
    0x00, 0x20, 0x99, 0x05, 0x90, 0x89, 0x00, 0x00, 0x00, 0x40, 0xFF, 0x09, 0xF1, 0xDF, 0x00, 0x00,
    0x00, 0x40, 0xFF, 0x09, 0xF1, 0xDF, 0x00, 0x00, 0x00, 0x00, 0x00, 0x00, 0x00, 0x00, 0x00, 0x00,
    0x00, 0x00, 0x00, 0x00, 0x00, 0x00, 0x00, 0x00, 0x00, 0x00, 0x90, 0xFF, 0xFF, 0x02, 0x00, 0x00,
    0x00, 0x00, 0xE0, 0xFF, 0xFF, 0x07, 0x00, 0x00, 0x00, 0x00, 0xF5, 0xFF, 0xFF, 0x0D, 0x00, 0x00,
    0x00, 0x00, 0xFB, 0xEF, 0xFF, 0x4F, 0x00, 0x00, 0x00, 0x20, 0xFF, 0x5F, 0xFE, 0xAF, 0x00, 0x00,
    0x00, 0x80, 0xFF, 0x1E, 0xF8, 0xFF, 0x01, 0x00, 0x00, 0xD0, 0xFF, 0x09, 0xF3, 0xFF, 0x06, 0x00,
    0x00, 0xF4, 0xFF, 0x04, 0xC0, 0xFF, 0x0C, 0x00, 0x00, 0xFA, 0xFF, 0x99, 0xC9, 0xFF, 0x3F, 0x00,
    0x10, 0xFF, 0xFF, 0xFF, 0xFF, 0xFF, 0x9F, 0x00, 0x60, 0xFF, 0xFF, 0xFF, 0xFF, 0xFF, 0xEF, 0x00,
    0xC0, 0xFF, 0x0D, 0x00, 0x00, 0xF6, 0xFF, 0x05, 0xF3, 0xFF, 0x08, 0x00, 0x00, 0xF1, 0xFF, 0x0B,
    0xF9, 0xFF, 0x03, 0x00, 0x00, 0xB0, 0xFF, 0x2F,
    // Unicode: [0x00C5]
    0x00, 0x00, 0x00, 0x10, 0x00, 0x00, 0x00, 0x00, 0x00, 0x00, 0x40, 0xFD, 0xAF, 0x01, 0x00, 0x00,
    0x00, 0x00, 0xF3, 0x6E, 0xF9, 0x0B, 0x00, 0x00, 0x00, 0x00, 0xF8, 0x07, 0xE0, 0x1F, 0x00, 0x00,
    0x00, 0x00, 0xF6, 0x1B, 0xF4, 0x0E, 0x00, 0x00, 0x00, 0x00, 0xC0, 0xFF, 0xFF, 0x06, 0x00, 0x00,
    0x00, 0x00, 0xE0, 0xFF, 0xFF, 0x07, 0x00, 0x00, 0x00, 0x00, 0xF5, 0xFF, 0xFF, 0x0D, 0x00, 0x00,
    0x00, 0x00, 0xFB, 0xEF, 0xFF, 0x4F, 0x00, 0x00, 0x00, 0x20, 0xFF, 0x5F, 0xFE, 0xAF, 0x00, 0x00,
    0x00, 0x70, 0xFF, 0x1E, 0xF8, 0xEF, 0x01, 0x00, 0x00, 0xD0, 0xFF, 0x09, 0xF3, 0xFF, 0x06, 0x00,
    0x00, 0xF4, 0xFF, 0x04, 0xC0, 0xFF, 0x0C, 0x00, 0x00, 0xFA, 0xFF, 0x99, 0xC9, 0xFF, 0x3F, 0x00,
    0x10, 0xFF, 0xFF, 0xFF, 0xFF, 0xFF, 0x8F, 0x00, 0x60, 0xFF, 0xFF, 0xFF, 0xFF, 0xFF, 0xEF, 0x00,
    0xC0, 0xFF, 0x0D, 0x00, 0x00, 0xF6, 0xFF, 0x05, 0xF3, 0xFF, 0x08, 0x00, 0x00, 0xF1, 0xFF, 0x0B,
    0xF9, 0xFF, 0x03, 0x00, 0x00, 0xB0, 0xFF, 0x2F,
    // Unicode: [0x00C6]
    0x00, 0x00, 0x30, 0xFF, 0xFF, 0xFF, 0xFF, 0xFF, 0xFF, 0xFF, 0x09, 0x00, 0x00, 0xA0, 0xFF, 0xFF,
    0xFF, 0xFF, 0xFF, 0xFF, 0xFF, 0x09, 0x00, 0x00, 0xF1, 0xFF, 0x9D, 0xFE, 0xEF, 0x99, 0x99, 0x99,
    0x05, 0x00, 0x00, 0xF7, 0xFF, 0x04, 0xFE, 0xCF, 0x00, 0x00, 0x00, 0x00, 0x00, 0x00, 0xFD, 0xDF,
    0x00, 0xFE, 0xCF, 0x00, 0x00, 0x00, 0x00, 0x00, 0x50, 0xFF, 0x6F, 0x00, 0xFE, 0xFF, 0xFF, 0xFF,
    0xFF, 0x01, 0x00, 0xC0, 0xFF, 0x1E, 0x00, 0xFE, 0xFF, 0xFF, 0xFF, 0xFF, 0x01, 0x00, 0xF3, 0xFF,
    0xAE, 0xAA, 0xFF, 0xEF, 0xBB, 0xBB, 0xBB, 0x01, 0x00, 0xF9, 0xFF, 0xFF, 0xFF, 0xFF, 0xCF, 0x00,
    0x00, 0x00, 0x00, 0x10, 0xFE, 0xFF, 0xFF, 0xFF, 0xFF, 0xCF, 0x00, 0x00, 0x00, 0x00, 0x70, 0xFF,
    0x5F, 0x00, 0x00, 0xFE, 0xCF, 0x00, 0x00, 0x00, 0x00, 0xD0, 0xFF, 0x0E, 0x00, 0x00, 0xFE, 0xEF,
    0xBB, 0xBB, 0xBB, 0x07, 0xF5, 0xFF, 0x08, 0x00, 0x00, 0xFE, 0xFF, 0xFF, 0xFF, 0xFF, 0x09, 0xFB,
    0xFF, 0x02, 0x00, 0x00, 0xFE, 0xFF, 0xFF, 0xFF, 0xFF, 0x09,
    // Unicode: [0x00C7]
    0x00, 0x20, 0xC8, 0xFE, 0xCE, 0x49, 0x00, 0x00, 0xF7, 0xFF, 0xFF, 0xFF, 0xFF, 0x08, 0x70, 0xFF,
    0xFF, 0xCE, 0xEC, 0xFF, 0x09, 0xF2, 0xFF, 0x8F, 0x01, 0x10, 0xE6, 0x09, 0xF9, 0xFF, 0x09, 0x00,
    0x00, 0x20, 0x04, 0xFD, 0xFF, 0x02, 0x00, 0x00, 0x00, 0x00, 0xFE, 0xEF, 0x00, 0x00, 0x00, 0x00,
    0x00, 0xFE, 0xEF, 0x00, 0x00, 0x00, 0x00, 0x00, 0xFD, 0xFF, 0x01, 0x00, 0x00, 0x00, 0x00, 0xF9,
    0xFF, 0x07, 0x00, 0x00, 0x00, 0x02, 0xF3, 0xFF, 0x5F, 0x00, 0x00, 0xC3, 0x09, 0x90, 0xFF, 0xFF,
    0x9C, 0xC9, 0xFF, 0x09, 0x00, 0xF8, 0xFF, 0xFF, 0xFF, 0xFF, 0x08, 0x00, 0x30, 0xC9, 0xFE, 0xEF,
    0x49, 0x00, 0x00, 0x00, 0x00, 0xA0, 0x9F, 0x00, 0x00, 0x00, 0x00, 0x01, 0xD1, 0x7F, 0x00, 0x00,
    0x00, 0x00, 0xDF, 0xFE, 0x2E, 0x00, 0x00, 0x00, 0x00, 0xFD, 0xBE, 0x03, 0x00, 0x00,
    // Unicode: [0x00C8]
    0x00, 0x81, 0x88, 0x02, 0x00, 0x00, 0x00, 0x80, 0xFF, 0x0B, 0x00, 0x00, 0x00, 0x00, 0xFA, 0x5F,
    0x00, 0x00, 0x00, 0x00, 0xB0, 0xEF, 0x01, 0x00, 0x00, 0x00, 0x10, 0x87, 0x03, 0x00, 0x00, 0x00,
    0x00, 0x00, 0x00, 0x00, 0xF2, 0xFF, 0xFF, 0xFF, 0xFF, 0x6F, 0xF2, 0xFF, 0xFF, 0xFF, 0xFF, 0x6F,
    0xF2, 0xFF, 0xBD, 0xBB, 0xBB, 0x4B, 0xF2, 0xFF, 0x09, 0x00, 0x00, 0x00, 0xF2, 0xFF, 0x09, 0x00,
    0x00, 0x00, 0xF2, 0xFF, 0xFF, 0xFF, 0xFF, 0x0D, 0xF2, 0xFF, 0xFF, 0xFF, 0xFF, 0x0D, 0xF2, 0xFF,
    0xBD, 0xBB, 0xBB, 0x0A, 0xF2, 0xFF, 0x09, 0x00, 0x00, 0x00, 0xF2, 0xFF, 0x09, 0x00, 0x00, 0x00,
    0xF2, 0xFF, 0x09, 0x00, 0x00, 0x00, 0xF2, 0xFF, 0xBD, 0xBB, 0xBB, 0x4B, 0xF2, 0xFF, 0xFF, 0xFF,
    0xFF, 0x6F, 0xF2, 0xFF, 0xFF, 0xFF, 0xFF, 0x6F,
    // Unicode: [0x00C9]
    0x00, 0x00, 0x00, 0x86, 0x58, 0x00, 0x00, 0x00, 0x40, 0xFF, 0x2D, 0x00, 0x00, 0x00, 0xD0, 0xEF,
    0x03, 0x00, 0x00, 0x00, 0xF8, 0x4F, 0x00, 0x00, 0x00, 0x00, 0x87, 0x04, 0x00, 0x00, 0x00, 0x00,
    0x00, 0x00, 0x00, 0x00, 0xF2, 0xFF, 0xFF, 0xFF, 0xFF, 0x6F, 0xF2, 0xFF, 0xFF, 0xFF, 0xFF, 0x6F,
    0xF2, 0xFF, 0xBD, 0xBB, 0xBB, 0x4B, 0xF2, 0xFF, 0x09, 0x00, 0x00, 0x00, 0xF2, 0xFF, 0x09, 0x00,
    0x00, 0x00, 0xF2, 0xFF, 0xFF, 0xFF, 0xFF, 0x0D, 0xF2, 0xFF, 0xFF, 0xFF, 0xFF, 0x0D, 0xF2, 0xFF,
    0xBD, 0xBB, 0xBB, 0x0A, 0xF2, 0xFF, 0x09, 0x00, 0x00, 0x00, 0xF2, 0xFF, 0x09, 0x00, 0x00, 0x00,
    0xF2, 0xFF, 0x09, 0x00, 0x00, 0x00, 0xF2, 0xFF, 0xBD, 0xBB, 0xBB, 0x4B, 0xF2, 0xFF, 0xFF, 0xFF,
    0xFF, 0x6F, 0xF2, 0xFF, 0xFF, 0xFF, 0xFF, 0x6F,
    // Unicode: [0x00CA]
    0x00, 0x00, 0x82, 0x48, 0x00, 0x00, 0x00, 0x10, 0xFD, 0xEF, 0x02, 0x00, 0x00, 0xA0, 0xDF, 0xFB,
    0x1D, 0x00, 0x00, 0xF7, 0x2E, 0xD1, 0xAF, 0x00, 0x10, 0x87, 0x04, 0x20, 0x88, 0x02, 0x00, 0x00,
    0x00, 0x00, 0x00, 0x00, 0xF2, 0xFF, 0xFF, 0xFF, 0xFF, 0x6F, 0xF2, 0xFF, 0xFF, 0xFF, 0xFF, 0x6F,
    0xF2, 0xFF, 0xBD, 0xBB, 0xBB, 0x4B, 0xF2, 0xFF, 0x09, 0x00, 0x00, 0x00, 0xF2, 0xFF, 0x09, 0x00,
    0x00, 0x00, 0xF2, 0xFF, 0xFF, 0xFF, 0xFF, 0x0D, 0xF2, 0xFF, 0xFF, 0xFF, 0xFF, 0x0D, 0xF2, 0xFF,
    0xBD, 0xBB, 0xBB, 0x0A, 0xF2, 0xFF, 0x09, 0x00, 0x00, 0x00, 0xF2, 0xFF, 0x09, 0x00, 0x00, 0x00,
    0xF2, 0xFF, 0x09, 0x00, 0x00, 0x00, 0xF2, 0xFF, 0xBD, 0xBB, 0xBB, 0x4B, 0xF2, 0xFF, 0xFF, 0xFF,
    0xFF, 0x6F, 0xF2, 0xFF, 0xFF, 0xFF, 0xFF, 0x6F,
    // Unicode: [0x00CB]
    0x00, 0x99, 0x08, 0x60, 0x99, 0x02, 0x00, 0xFF, 0x0E, 0xB0, 0xFF, 0x03, 0x00, 0xFF, 0x0E, 0xB0,
    0xFF, 0x03, 0x00, 0x00, 0x00, 0x00, 0x00, 0x00, 0x00, 0x00, 0x00, 0x00, 0x00, 0x00, 0xF2, 0xFF,
    0xFF, 0xFF, 0xFF, 0x6F, 0xF2, 0xFF, 0xFF, 0xFF, 0xFF, 0x6F, 0xF2, 0xFF, 0xBD, 0xBB, 0xBB, 0x4B,
    0xF2, 0xFF, 0x09, 0x00, 0x00, 0x00, 0xF2, 0xFF, 0x09, 0x00, 0x00, 0x00, 0xF2, 0xFF, 0xFF, 0xFF,
    0xFF, 0x0D, 0xF2, 0xFF, 0xFF, 0xFF, 0xFF, 0x0D, 0xF2, 0xFF, 0xBD, 0xBB, 0xBB, 0x0A, 0xF2, 0xFF,
    0x09, 0x00, 0x00, 0x00, 0xF2, 0xFF, 0x09, 0x00, 0x00, 0x00, 0xF2, 0xFF, 0x09, 0x00, 0x00, 0x00,
    0xF2, 0xFF, 0xBD, 0xBB, 0xBB, 0x4B, 0xF2, 0xFF, 0xFF, 0xFF, 0xFF, 0x6F, 0xF2, 0xFF, 0xFF, 0xFF,
    0xFF, 0x6F,
    // Unicode: [0x00CC]
    0x70, 0x88, 0x04, 0x00, 0x00, 0x60, 0xFF, 0x1D, 0x00, 0x00, 0x00, 0xF7, 0x8F, 0x00, 0x00, 0x00,
    0x90, 0xFF, 0x02, 0x00, 0x00, 0x00, 0x87, 0x04, 0x00, 0x00, 0x00, 0x00, 0x00, 0x00, 0xFC, 0xFF,
    0xFF, 0xFF, 0x0B, 0xFC, 0xFF, 0xFF, 0xFF, 0x0B, 0x86, 0xFB, 0xFF, 0x8A, 0x06, 0x00, 0xF6, 0xFF,
    0x05, 0x00, 0x00, 0xF6, 0xFF, 0x05, 0x00, 0x00, 0xF6, 0xFF, 0x05, 0x00, 0x00, 0xF6, 0xFF, 0x05,
    0x00, 0x00, 0xF6, 0xFF, 0x05, 0x00, 0x00, 0xF6, 0xFF, 0x05, 0x00, 0x00, 0xF6, 0xFF, 0x05, 0x00,
    0x00, 0xF6, 0xFF, 0x05, 0x00, 0x86, 0xFB, 0xFF, 0x8A, 0x05, 0xFC, 0xFF, 0xFF, 0xFF, 0x0B, 0xFC,
    0xFF, 0xFF, 0xFF, 0x0B,
    // Unicode: [0x00CD]
    0x00, 0x00, 0x85, 0x68, 0x00, 0x00, 0x20, 0xFF, 0x4E, 0x00, 0x00, 0xB0, 0xFF, 0x05, 0x00, 0x00,
    0xF5, 0x6F, 0x00, 0x00, 0x00, 0x86, 0x05, 0x00, 0x00, 0x00, 0x00, 0x00, 0x00, 0x00, 0xFC, 0xFF,
    0xFF, 0xFF, 0x0B, 0xFC, 0xFF, 0xFF, 0xFF, 0x0B, 0x86, 0xFB, 0xFF, 0x8A, 0x06, 0x00, 0xF6, 0xFF,
    0x05, 0x00, 0x00, 0xF6, 0xFF, 0x05, 0x00, 0x00, 0xF6, 0xFF, 0x05, 0x00, 0x00, 0xF6, 0xFF, 0x05,
    0x00, 0x00, 0xF6, 0xFF, 0x05, 0x00, 0x00, 0xF6, 0xFF, 0x05, 0x00, 0x00, 0xF6, 0xFF, 0x05, 0x00,
    0x00, 0xF6, 0xFF, 0x05, 0x00, 0x86, 0xFB, 0xFF, 0x8A, 0x05, 0xFC, 0xFF, 0xFF, 0xFF, 0x0B, 0xFC,
    0xFF, 0xFF, 0xFF, 0x0B,
    // Unicode: [0x00CE]
    0x00, 0x70, 0x78, 0x00, 0x00, 0x00, 0xF8, 0xFF, 0x07, 0x00, 0x50, 0xFF, 0xF9, 0x4F, 0x00, 0xE2,
    0x7F, 0x80, 0xEF, 0x02, 0x85, 0x06, 0x00, 0x87, 0x05, 0x00, 0x00, 0x00, 0x00, 0x00, 0xFC, 0xFF,
    0xFF, 0xFF, 0x0B, 0xFC, 0xFF, 0xFF, 0xFF, 0x0B, 0x86, 0xFB, 0xFF, 0x8A, 0x06, 0x00, 0xF6, 0xFF,
    0x05, 0x00, 0x00, 0xF6, 0xFF, 0x05, 0x00, 0x00, 0xF6, 0xFF, 0x05, 0x00, 0x00, 0xF6, 0xFF, 0x05,
    0x00, 0x00, 0xF6, 0xFF, 0x05, 0x00, 0x00, 0xF6, 0xFF, 0x05, 0x00, 0x00, 0xF6, 0xFF, 0x05, 0x00,
    0x00, 0xF6, 0xFF, 0x05, 0x00, 0x86, 0xFB, 0xFF, 0x8A, 0x05, 0xFC, 0xFF, 0xFF, 0xFF, 0x0B, 0xFC,
    0xFF, 0xFF, 0xFF, 0x0B,
    // Unicode: [0x00CF]
    0x95, 0x29, 0x30, 0x99, 0x05, 0xF9, 0x4F, 0x60, 0xFF, 0x08, 0xF9, 0x4F, 0x60, 0xFF, 0x08, 0x00,
    0x00, 0x00, 0x00, 0x00, 0x00, 0x00, 0x00, 0x00, 0x00, 0xFC, 0xFF, 0xFF, 0xFF, 0x0B, 0xFC, 0xFF,
    0xFF, 0xFF, 0x0B, 0x86, 0xFB, 0xFF, 0x8A, 0x06, 0x00, 0xF6, 0xFF, 0x05, 0x00, 0x00, 0xF6, 0xFF,
    0x05, 0x00, 0x00, 0xF6, 0xFF, 0x05, 0x00, 0x00, 0xF6, 0xFF, 0x05, 0x00, 0x00, 0xF6, 0xFF, 0x05,
    0x00, 0x00, 0xF6, 0xFF, 0x05, 0x00, 0x00, 0xF6, 0xFF, 0x05, 0x00, 0x00, 0xF6, 0xFF, 0x05, 0x00,
    0x86, 0xFB, 0xFF, 0x8A, 0x05, 0xFC, 0xFF, 0xFF, 0xFF, 0x0B, 0xFC, 0xFF, 0xFF, 0xFF, 0x0B,
    // Unicode: [0x00D0]
    0x20, 0xFF, 0xFF, 0xFF, 0xCE, 0x49, 0x00, 0x00, 0x20, 0xFF, 0xFF, 0xFF, 0xFF, 0xFF, 0x2C, 0x00,
    0x20, 0xFF, 0xDF, 0xAA, 0xFC, 0xFF, 0xDF, 0x01, 0x20, 0xFF, 0x9F, 0x00, 0x20, 0xFC, 0xFF, 0x0A,
    0x20, 0xFF, 0x9F, 0x00, 0x00, 0xD1, 0xFF, 0x2F, 0xFB, 0xFF, 0xFF, 0xFF, 0x0B, 0x80, 0xFF, 0x6F,
    0xFB, 0xFF, 0xFF, 0xFF, 0x0B, 0x50, 0xFF, 0x8F, 0x52, 0xFF, 0xAF, 0x33, 0x02, 0x50, 0xFF, 0x8F,
    0x20, 0xFF, 0x9F, 0x00, 0x00, 0x70, 0xFF, 0x6F, 0x20, 0xFF, 0x9F, 0x00, 0x00, 0xD1, 0xFF, 0x2F,
    0x20, 0xFF, 0x9F, 0x00, 0x20, 0xFB, 0xFF, 0x09, 0x20, 0xFF, 0xDF, 0xAA, 0xFC, 0xFF, 0xDF, 0x01,
    0x20, 0xFF, 0xFF, 0xFF, 0xFF, 0xFF, 0x1B, 0x00, 0x20, 0xFF, 0xFF, 0xFF, 0xCE, 0x49, 0x00, 0x00,
    // Unicode: [0x00D1]
    0x00, 0x00, 0xE8, 0x8D, 0x82, 0xBF, 0x00, 0x00, 0x00, 0x60, 0xFF, 0xFF, 0xFF, 0x7F, 0x00, 0x00,
    0x00, 0xB0, 0x7F, 0x82, 0xEE, 0x09, 0x00, 0x00, 0x00, 0x00, 0x00, 0x00, 0x00, 0x00, 0x00, 0x00,
    0x00, 0x00, 0x00, 0x00, 0x00, 0x00, 0x00, 0x00, 0xF2, 0xFF, 0xAF, 0x00, 0x00, 0xF5, 0xFF, 0x01,
    0xF2, 0xFF, 0xFF, 0x05, 0x00, 0xF5, 0xFF, 0x01, 0xF2, 0xFF, 0xFF, 0x1E, 0x00, 0xF5, 0xFF, 0x01,
    0xF2, 0xFF, 0xFF, 0xAF, 0x00, 0xF5, 0xFF, 0x01, 0xF2, 0xFF, 0xFD, 0xFF, 0x05, 0xF5, 0xFF, 0x01,
    0xF2, 0xFF, 0xE6, 0xFF, 0x1E, 0xF5, 0xFF, 0x01, 0xF2, 0xFF, 0x54, 0xFF, 0xAF, 0xF5, 0xFF, 0x01,
    0xF2, 0xFF, 0x04, 0xFB, 0xFF, 0xFA, 0xFF, 0x01, 0xF2, 0xFF, 0x04, 0xE2, 0xFF, 0xFF, 0xFF, 0x01,
    0xF2, 0xFF, 0x04, 0x60, 0xFF, 0xFF, 0xFF, 0x01, 0xF2, 0xFF, 0x04, 0x00, 0xFC, 0xFF, 0xFF, 0x01,
    0xF2, 0xFF, 0x04, 0x00, 0xF2, 0xFF, 0xFF, 0x01, 0xF2, 0xFF, 0x04, 0x00, 0x70, 0xFF, 0xFF, 0x01,
    0xF2, 0xFF, 0x04, 0x00, 0x00, 0xFC, 0xFF, 0x01,
    // Unicode: [0x00D2]
    0x00, 0x00, 0xFA, 0xCF, 0x00, 0x00, 0x00, 0x00, 0x00, 0x00, 0xB0, 0xFF, 0x06, 0x00, 0x00, 0x00,
    0x00, 0x00, 0x10, 0xFC, 0x1E, 0x00, 0x00, 0x00, 0x00, 0x00, 0x00, 0xD1, 0x9F, 0x00, 0x00, 0x00,
    0x00, 0x00, 0x00, 0x00, 0x00, 0x00, 0x00, 0x00, 0x00, 0x00, 0x00, 0x00, 0x00, 0x00, 0x00, 0x00,
    0x00, 0x20, 0xC8, 0xFE, 0xCE, 0x28, 0x00, 0x00, 0x00, 0xF7, 0xFF, 0xFF, 0xFF, 0xFF, 0x07, 0x00,
    0x80, 0xFF, 0xFF, 0xBD, 0xFD, 0xFF, 0x8F, 0x00, 0xF3, 0xFF, 0x4E, 0x00, 0x40, 0xFE, 0xFF, 0x03,
    0xF9, 0xFF, 0x07, 0x00, 0x00, 0xF7, 0xFF, 0x09, 0xFD, 0xFF, 0x01, 0x00, 0x00, 0xF1, 0xFF, 0x0D,
    0xFE, 0xEF, 0x00, 0x00, 0x00, 0xE0, 0xFF, 0x0E, 0xFE, 0xEF, 0x00, 0x00, 0x00, 0xE0, 0xFF, 0x0E,
    0xFD, 0xFF, 0x01, 0x00, 0x00, 0xF1, 0xFF, 0x0D, 0xF9, 0xFF, 0x07, 0x00, 0x00, 0xF7, 0xFF, 0x09,
    0xF3, 0xFF, 0x4E, 0x00, 0x40, 0xFE, 0xFF, 0x03, 0x80, 0xFF, 0xFF, 0xBD, 0xFD, 0xFF, 0x8F, 0x00,
    0x00, 0xF8, 0xFF, 0xFF, 0xFF, 0xFF, 0x07, 0x00, 0x00, 0x20, 0xC8, 0xFE, 0xCE, 0x28, 0x00, 0x00,
    // Unicode: [0x00D3]
    0x00, 0x00, 0x00, 0xC0, 0xFF, 0x0A, 0x00, 0x00, 0x00, 0x00, 0x00, 0xF6, 0xBF, 0x00, 0x00, 0x00,
    0x00, 0x00, 0x10, 0xFE, 0x1C, 0x00, 0x00, 0x00, 0x00, 0x00, 0x90, 0xDF, 0x01, 0x00, 0x00, 0x00,
    0x00, 0x00, 0x00, 0x00, 0x00, 0x00, 0x00, 0x00, 0x00, 0x00, 0x00, 0x00, 0x00, 0x00, 0x00, 0x00,
    0x00, 0x20, 0xC8, 0xFE, 0xCE, 0x28, 0x00, 0x00, 0x00, 0xF7, 0xFF, 0xFF, 0xFF, 0xFF, 0x07, 0x00,
    0x80, 0xFF, 0xFF, 0xBD, 0xFD, 0xFF, 0x8F, 0x00, 0xF3, 0xFF, 0x4E, 0x00, 0x40, 0xFE, 0xFF, 0x03,
    0xF9, 0xFF, 0x07, 0x00, 0x00, 0xF7, 0xFF, 0x09, 0xFD, 0xFF, 0x01, 0x00, 0x00, 0xF1, 0xFF, 0x0D,
    0xFE, 0xEF, 0x00, 0x00, 0x00, 0xE0, 0xFF, 0x0E, 0xFE, 0xEF, 0x00, 0x00, 0x00, 0xE0, 0xFF, 0x0E,
    0xFD, 0xFF, 0x01, 0x00, 0x00, 0xF1, 0xFF, 0x0D, 0xF9, 0xFF, 0x07, 0x00, 0x00, 0xF7, 0xFF, 0x09,
    0xF3, 0xFF, 0x4E, 0x00, 0x40, 0xFE, 0xFF, 0x03, 0x80, 0xFF, 0xFF, 0xBD, 0xFD, 0xFF, 0x8F, 0x00,
    0x00, 0xF8, 0xFF, 0xFF, 0xFF, 0xFF, 0x07, 0x00, 0x00, 0x20, 0xC8, 0xFE, 0xCE, 0x28, 0x00, 0x00,
    // Unicode: [0x00D4]
    0x00, 0x00, 0x20, 0xFE, 0x3E, 0x00, 0x00, 0x00, 0x00, 0x00, 0xD1, 0xEF, 0xDF, 0x01, 0x00, 0x00,
    0x00, 0x00, 0xFA, 0x2D, 0xFD, 0x0A, 0x00, 0x00, 0x00, 0x70, 0xEF, 0x02, 0xE2, 0x7F, 0x00, 0x00,
    0x00, 0x00, 0x00, 0x00, 0x00, 0x00, 0x00, 0x00, 0x00, 0x00, 0x00, 0x00, 0x00, 0x00, 0x00, 0x00,
    0x00, 0x20, 0xC8, 0xFE, 0xCE, 0x28, 0x00, 0x00, 0x00, 0xF7, 0xFF, 0xFF, 0xFF, 0xFF, 0x07, 0x00,
    0x80, 0xFF, 0xFF, 0xBD, 0xFD, 0xFF, 0x8F, 0x00, 0xF3, 0xFF, 0x4E, 0x00, 0x40, 0xFE, 0xFF, 0x03,
    0xF9, 0xFF, 0x07, 0x00, 0x00, 0xF7, 0xFF, 0x09, 0xFD, 0xFF, 0x01, 0x00, 0x00, 0xF1, 0xFF, 0x0D,
    0xFE, 0xEF, 0x00, 0x00, 0x00, 0xE0, 0xFF, 0x0E, 0xFE, 0xEF, 0x00, 0x00, 0x00, 0xE0, 0xFF, 0x0E,
    0xFD, 0xFF, 0x01, 0x00, 0x00, 0xF1, 0xFF, 0x0D, 0xF9, 0xFF, 0x07, 0x00, 0x00, 0xF7, 0xFF, 0x09,
    0xF3, 0xFF, 0x4E, 0x00, 0x40, 0xFE, 0xFF, 0x03, 0x80, 0xFF, 0xFF, 0xBD, 0xFD, 0xFF, 0x8F, 0x00,
    0x00, 0xF8, 0xFF, 0xFF, 0xFF, 0xFF, 0x07, 0x00, 0x00, 0x20, 0xC8, 0xFE, 0xCE, 0x28, 0x00, 0x00,
    // Unicode: [0x00D5]
    0x00, 0x00, 0xE8, 0x8E, 0x72, 0xBF, 0x00, 0x00, 0x00, 0x60, 0xFF, 0xFF, 0xFF, 0x7F, 0x00, 0x00,
    0x00, 0xB0, 0x7F, 0x81, 0xEE, 0x09, 0x00, 0x00, 0x00, 0x00, 0x00, 0x00, 0x00, 0x00, 0x00, 0x00,
    0x00, 0x00, 0x00, 0x00, 0x00, 0x00, 0x00, 0x00, 0x00, 0x20, 0xC8, 0xFE, 0xCE, 0x28, 0x00, 0x00,
    0x00, 0xF7, 0xFF, 0xFF, 0xFF, 0xFF, 0x07, 0x00, 0x80, 0xFF, 0xFF, 0xBD, 0xFD, 0xFF, 0x8F, 0x00,
    0xF3, 0xFF, 0x4E, 0x00, 0x40, 0xFE, 0xFF, 0x03, 0xF9, 0xFF, 0x07, 0x00, 0x00, 0xF7, 0xFF, 0x09,
    0xFD, 0xFF, 0x01, 0x00, 0x00, 0xF1, 0xFF, 0x0D, 0xFE, 0xEF, 0x00, 0x00, 0x00, 0xE0, 0xFF, 0x0E,
    0xFE, 0xEF, 0x00, 0x00, 0x00, 0xE0, 0xFF, 0x0E, 0xFD, 0xFF, 0x01, 0x00, 0x00, 0xF1, 0xFF, 0x0D,
    0xF9, 0xFF, 0x07, 0x00, 0x00, 0xF7, 0xFF, 0x09, 0xF3, 0xFF, 0x4E, 0x00, 0x40, 0xFE, 0xFF, 0x03,
    0x80, 0xFF, 0xFF, 0xBD, 0xFD, 0xFF, 0x8F, 0x00, 0x00, 0xF8, 0xFF, 0xFF, 0xFF, 0xFF, 0x07, 0x00,
    0x00, 0x20, 0xC8, 0xFE, 0xCE, 0x28, 0x00, 0x00,
    // Unicode: [0x00D6]
    0x00, 0x50, 0x99, 0x03, 0x93, 0x59, 0x00, 0x00, 0x00, 0x80, 0xFF, 0x05, 0xF5, 0x9F, 0x00, 0x00,
    0x00, 0x80, 0xFF, 0x05, 0xF5, 0x9F, 0x00, 0x00, 0x00, 0x00, 0x00, 0x00, 0x00, 0x00, 0x00, 0x00,
    0x00, 0x00, 0x00, 0x00, 0x00, 0x00, 0x00, 0x00, 0x00, 0x20, 0xC8, 0xFE, 0xCE, 0x28, 0x00, 0x00,
    0x00, 0xF7, 0xFF, 0xFF, 0xFF, 0xFF, 0x07, 0x00, 0x80, 0xFF, 0xFF, 0xBD, 0xFD, 0xFF, 0x8F, 0x00,
    0xF3, 0xFF, 0x4E, 0x00, 0x40, 0xFE, 0xFF, 0x03, 0xF9, 0xFF, 0x07, 0x00, 0x00, 0xF7, 0xFF, 0x09,
    0xFD, 0xFF, 0x01, 0x00, 0x00, 0xF1, 0xFF, 0x0D, 0xFE, 0xEF, 0x00, 0x00, 0x00, 0xE0, 0xFF, 0x0E,
    0xFE, 0xEF, 0x00, 0x00, 0x00, 0xE0, 0xFF, 0x0E, 0xFD, 0xFF, 0x01, 0x00, 0x00, 0xF1, 0xFF, 0x0D,
    0xF9, 0xFF, 0x07, 0x00, 0x00, 0xF7, 0xFF, 0x09, 0xF3, 0xFF, 0x4E, 0x00, 0x40, 0xFE, 0xFF, 0x03,
    0x80, 0xFF, 0xFF, 0xBD, 0xFD, 0xFF, 0x8F, 0x00, 0x00, 0xF8, 0xFF, 0xFF, 0xFF, 0xFF, 0x07, 0x00,
    0x00, 0x20, 0xC8, 0xFE, 0xCE, 0x28, 0x00, 0x00,
    // Unicode: [0x00D7]
    0x00, 0x01, 0x00, 0x00, 0x00, 0x01, 0x00, 0x50, 0x3E, 0x00, 0x00, 0x10, 0xAB, 0x00, 0xF3, 0xEF,
    0x03, 0x00, 0xC1, 0xFF, 0x08, 0x70, 0xFF, 0x4E, 0x10, 0xFC, 0xBF, 0x01, 0x00, 0xF7, 0xEF, 0xC5,
    0xFF, 0x1B, 0x00, 0x00, 0x60, 0xFF, 0xFF, 0xBF, 0x00, 0x00, 0x00, 0x00, 0xF7, 0xFF, 0x0C, 0x00,
    0x00, 0x00, 0x20, 0xFD, 0xFF, 0x5F, 0x00, 0x00, 0x00, 0xD2, 0xFF, 0xFB, 0xFF, 0x05, 0x00, 0x20,
    0xFD, 0x9F, 0x50, 0xFF, 0x6F, 0x00, 0xD2, 0xFF, 0x09, 0x00, 0xF4, 0xFF, 0x06, 0xB1, 0x9F, 0x00,
    0x00, 0x40, 0xEE, 0x03, 0x00, 0x06, 0x00, 0x00, 0x00, 0x34, 0x00,
    // Unicode: [0x00D8]
    0x00, 0x00, 0x00, 0x00, 0x00, 0x00, 0xFA, 0x05, 0x00, 0x20, 0xC8, 0xFE, 0xCD, 0x67, 0xAF, 0x00,
    0x00, 0xF7, 0xFF, 0xFF, 0xFF, 0xFF, 0x1E, 0x00, 0x80, 0xFF, 0xFF, 0xAB, 0xFB, 0xFF, 0x6F, 0x00,
    0xF3, 0xFF, 0x3E, 0x00, 0xA0, 0xFF, 0xFF, 0x02, 0xF9, 0xFF, 0x06, 0x00, 0xE6, 0xF4, 0xFF, 0x08,
    0xFD, 0xFF, 0x01, 0x30, 0x5E, 0xE0, 0xFF, 0x0C, 0xFE, 0xDF, 0x00, 0xD1, 0x09, 0xD0, 0xFF, 0x0E,
    0xFE, 0xDF, 0x00, 0xCA, 0x00, 0xD0, 0xFF, 0x0E, 0xFD, 0xEF, 0x60, 0x2E, 0x00, 0xF1, 0xFF, 0x0D,
    0xF9, 0xFF, 0xF5, 0x05, 0x00, 0xF6, 0xFF, 0x09, 0xF2, 0xFF, 0xAF, 0x00, 0x30, 0xFE, 0xFF, 0x03,
    0x70, 0xFF, 0xFF, 0x9B, 0xFB, 0xFF, 0x8F, 0x00, 0x10, 0xFE, 0xFF, 0xFF, 0xFF, 0xFF, 0x08, 0x00,
    0xC0, 0x5F, 0xC7, 0xFD, 0xCE, 0x28, 0x00, 0x00, 0xF9, 0x06, 0x00, 0x00, 0x00, 0x00, 0x00, 0x00,
    // Unicode: [0x00D9]
    0x00, 0x00, 0xFA, 0xBF, 0x00, 0x00, 0x00, 0x00, 0x00, 0xC1, 0xFF, 0x05, 0x00, 0x00, 0x00, 0x00,
    0x10, 0xFD, 0x1E, 0x00, 0x00, 0x00, 0x00, 0x00, 0xD2, 0x8F, 0x00, 0x00, 0x00, 0x00, 0x00, 0x00,
    0x00, 0x00, 0x00, 0x00, 0x00, 0x00, 0x00, 0x00, 0x00, 0x00, 0xF5, 0xFF, 0x06, 0x00, 0x30, 0xFF,
    0x9F, 0xF5, 0xFF, 0x06, 0x00, 0x30, 0xFF, 0x9F, 0xF5, 0xFF, 0x06, 0x00, 0x30, 0xFF, 0x9F, 0xF5,
    0xFF, 0x06, 0x00, 0x30, 0xFF, 0x9F, 0xF5, 0xFF, 0x06, 0x00, 0x30, 0xFF, 0x9F, 0xF5, 0xFF, 0x06,
    0x00, 0x30, 0xFF, 0x9F, 0xF5, 0xFF, 0x06, 0x00, 0x30, 0xFF, 0x9F, 0xF5, 0xFF, 0x06, 0x00, 0x30,
    0xFF, 0x9F, 0xF5, 0xFF, 0x07, 0x00, 0x30, 0xFF, 0x9F, 0xF4, 0xFF, 0x08, 0x00, 0x50, 0xFF, 0x8F,
    0xF1, 0xFF, 0x2E, 0x00, 0xC1, 0xFF, 0x5F, 0xA0, 0xFF, 0xFF, 0xBC, 0xFE, 0xFF, 0x0D, 0x10, 0xFB,
    0xFF, 0xFF, 0xFF, 0xDF, 0x02, 0x00, 0x50, 0xDA, 0xFF, 0xBE, 0x17, 0x00,
    // Unicode: [0x00DA]
    0x00, 0x00, 0x00, 0xFB, 0xAF, 0x00, 0x00, 0x00, 0x00, 0x50, 0xFF, 0x1C, 0x00, 0x00, 0x00, 0x00,
    0xE1, 0xDF, 0x01, 0x00, 0x00, 0x00, 0x00, 0xF8, 0x2D, 0x00, 0x00, 0x00, 0x00, 0x00, 0x00, 0x00,
    0x00, 0x00, 0x00, 0x00, 0x00, 0x00, 0x00, 0x00, 0x00, 0x00, 0xF5, 0xFF, 0x06, 0x00, 0x30, 0xFF,
    0x9F, 0xF5, 0xFF, 0x06, 0x00, 0x30, 0xFF, 0x9F, 0xF5, 0xFF, 0x06, 0x00, 0x30, 0xFF, 0x9F, 0xF5,
    0xFF, 0x06, 0x00, 0x30, 0xFF, 0x9F, 0xF5, 0xFF, 0x06, 0x00, 0x30, 0xFF, 0x9F, 0xF5, 0xFF, 0x06,
    0x00, 0x30, 0xFF, 0x9F, 0xF5, 0xFF, 0x06, 0x00, 0x30, 0xFF, 0x9F, 0xF5, 0xFF, 0x06, 0x00, 0x30,
    0xFF, 0x9F, 0xF5, 0xFF, 0x07, 0x00, 0x30, 0xFF, 0x9F, 0xF4, 0xFF, 0x08, 0x00, 0x50, 0xFF, 0x8F,
    0xF1, 0xFF, 0x2E, 0x00, 0xC1, 0xFF, 0x5F, 0xA0, 0xFF, 0xFF, 0xBC, 0xFE, 0xFF, 0x0D, 0x10, 0xFB,
    0xFF, 0xFF, 0xFF, 0xDF, 0x02, 0x00, 0x50, 0xDA, 0xFF, 0xBE, 0x17, 0x00,
    // Unicode: [0x00DB]
    0x00, 0x00, 0x70, 0xFF, 0x0B, 0x00, 0x00, 0x00, 0x00, 0xF4, 0xEF, 0x8F, 0x00, 0x00, 0x00, 0x20,
    0xFE, 0x58, 0xFF, 0x05, 0x00, 0x00, 0xC0, 0xBF, 0x00, 0xF7, 0x2E, 0x00, 0x00, 0x00, 0x00, 0x00,
    0x00, 0x00, 0x00, 0x00, 0x00, 0x00, 0x00, 0x00, 0x00, 0x00, 0xF5, 0xFF, 0x06, 0x00, 0x30, 0xFF,
    0x9F, 0xF5, 0xFF, 0x06, 0x00, 0x30, 0xFF, 0x9F, 0xF5, 0xFF, 0x06, 0x00, 0x30, 0xFF, 0x9F, 0xF5,
    0xFF, 0x06, 0x00, 0x30, 0xFF, 0x9F, 0xF5, 0xFF, 0x06, 0x00, 0x30, 0xFF, 0x9F, 0xF5, 0xFF, 0x06,
    0x00, 0x30, 0xFF, 0x9F, 0xF5, 0xFF, 0x06, 0x00, 0x30, 0xFF, 0x9F, 0xF5, 0xFF, 0x06, 0x00, 0x30,
    0xFF, 0x9F, 0xF5, 0xFF, 0x07, 0x00, 0x30, 0xFF, 0x9F, 0xF4, 0xFF, 0x08, 0x00, 0x50, 0xFF, 0x8F,
    0xF1, 0xFF, 0x2E, 0x00, 0xC1, 0xFF, 0x5F, 0xA0, 0xFF, 0xFF, 0xBC, 0xFE, 0xFF, 0x0D, 0x10, 0xFB,
    0xFF, 0xFF, 0xFF, 0xDF, 0x02, 0x00, 0x50, 0xDA, 0xFF, 0xBE, 0x17, 0x00,
    // Unicode: [0x00DC]
    0x00, 0x80, 0x89, 0x00, 0x96, 0x29, 0x00, 0x00, 0xE0, 0xEF, 0x00, 0xFB, 0x3F, 0x00, 0x00, 0xE0,
    0xEF, 0x00, 0xFB, 0x3F, 0x00, 0x00, 0x00, 0x00, 0x00, 0x00, 0x00, 0x00, 0x00, 0x00, 0x00, 0x00,
    0x00, 0x00, 0x00, 0xF5, 0xFF, 0x06, 0x00, 0x30, 0xFF, 0x9F, 0xF5, 0xFF, 0x06, 0x00, 0x30, 0xFF,
    0x9F, 0xF5, 0xFF, 0x06, 0x00, 0x30, 0xFF, 0x9F, 0xF5, 0xFF, 0x06, 0x00, 0x30, 0xFF, 0x9F, 0xF5,
    0xFF, 0x06, 0x00, 0x30, 0xFF, 0x9F, 0xF5, 0xFF, 0x06, 0x00, 0x30, 0xFF, 0x9F, 0xF5, 0xFF, 0x06,
    0x00, 0x30, 0xFF, 0x9F, 0xF5, 0xFF, 0x06, 0x00, 0x30, 0xFF, 0x9F, 0xF5, 0xFF, 0x07, 0x00, 0x30,
    0xFF, 0x9F, 0xF4, 0xFF, 0x08, 0x00, 0x50, 0xFF, 0x8F, 0xF1, 0xFF, 0x2E, 0x00, 0xC1, 0xFF, 0x5F,
    0xA0, 0xFF, 0xFF, 0xBC, 0xFE, 0xFF, 0x0D, 0x10, 0xFB, 0xFF, 0xFF, 0xFF, 0xDF, 0x02, 0x00, 0x50,
    0xDA, 0xFF, 0xBE, 0x17, 0x00,
    // Unicode: [0x00DD]
    0x00, 0x00, 0x00, 0x70, 0x77, 0x03, 0x00, 0x00, 0x00, 0x00, 0x00, 0xF7, 0xCF, 0x01, 0x00, 0x00,
    0x00, 0x00, 0x20, 0xFE, 0x1D, 0x00, 0x00, 0x00, 0x00, 0x00, 0xB0, 0xDF, 0x02, 0x00, 0x00, 0x00,
    0x00, 0x00, 0x61, 0x26, 0x00, 0x00, 0x00, 0x00, 0x00, 0x00, 0x00, 0x00, 0x00, 0x00, 0x00, 0x00,
    0xF9, 0xFF, 0x09, 0x00, 0x00, 0xFB, 0xFF, 0x05, 0xE1, 0xFF, 0x3F, 0x00, 0x50, 0xFF, 0xBF, 0x00,
    0x50, 0xFF, 0xCF, 0x00, 0xD0, 0xFF, 0x2E, 0x00, 0x00, 0xFB, 0xFF, 0x06, 0xF7, 0xFF, 0x07, 0x00,
    0x00, 0xF2, 0xFF, 0x2E, 0xFE, 0xCF, 0x00, 0x00, 0x00, 0x70, 0xFF, 0xEF, 0xFF, 0x3F, 0x00, 0x00,
    0x00, 0x00, 0xFD, 0xFF, 0xFF, 0x09, 0x00, 0x00, 0x00, 0x00, 0xF4, 0xFF, 0xDF, 0x01, 0x00, 0x00,
    0x00, 0x00, 0xA0, 0xFF, 0x6F, 0x00, 0x00, 0x00, 0x00, 0x00, 0x70, 0xFF, 0x4F, 0x00, 0x00, 0x00,
    0x00, 0x00, 0x70, 0xFF, 0x4F, 0x00, 0x00, 0x00, 0x00, 0x00, 0x70, 0xFF, 0x4F, 0x00, 0x00, 0x00,
    0x00, 0x00, 0x70, 0xFF, 0x4F, 0x00, 0x00, 0x00, 0x00, 0x00, 0x70, 0xFF, 0x4F, 0x00, 0x00, 0x00,
    // Unicode: [0x00DE]
    0xF2, 0xFF, 0x09, 0x00, 0x00, 0x00, 0x00, 0xF2, 0xFF, 0x09, 0x00, 0x00, 0x00, 0x00, 0xF2, 0xFF,
    0xFF, 0xFF, 0xAD, 0x05, 0x00, 0xF2, 0xFF, 0xFF, 0xFF, 0xFF, 0xAF, 0x00, 0xF2, 0xFF, 0xAD, 0xCA,
    0xFF, 0xFF, 0x06, 0xF2, 0xFF, 0x09, 0x00, 0xF7, 0xFF, 0x0B, 0xF2, 0xFF, 0x09, 0x00, 0xF1, 0xFF,
    0x0D, 0xF2, 0xFF, 0x09, 0x00, 0xF3, 0xFF, 0x0B, 0xF2, 0xFF, 0x09, 0x30, 0xFC, 0xFF, 0x07, 0xF2,
    0xFF, 0xFF, 0xFF, 0xFF, 0xDF, 0x01, 0xF2, 0xFF, 0xFF, 0xFF, 0xFF, 0x1A, 0x00, 0xF2, 0xFF, 0xAD,
    0x9A, 0x37, 0x00, 0x00, 0xF2, 0xFF, 0x09, 0x00, 0x00, 0x00, 0x00, 0xF2, 0xFF, 0x09, 0x00, 0x00,
    0x00, 0x00,
    // Unicode: [0x00DF]
    0x00, 0x81, 0xEC, 0xEF, 0x5B, 0x00, 0x00, 0x20, 0xFE, 0xFF, 0xFF, 0xFF, 0x09, 0x00, 0xC0, 0xFF,
    0x6E, 0xC5, 0xFF, 0x3F, 0x00, 0xF3, 0xFF, 0x06, 0x30, 0xFF, 0x4F, 0x00, 0xF5, 0xFF, 0x03, 0x50,
    0xFF, 0x1E, 0x00, 0xF5, 0xFF, 0x23, 0xEA, 0xEF, 0x05, 0x00, 0xF5, 0xFF, 0x43, 0xFF, 0x5D, 0x00,
    0x00, 0xF5, 0xFF, 0x43, 0xFF, 0xFF, 0x3C, 0x00, 0xF5, 0xFF, 0x03, 0x41, 0xFC, 0xEF, 0x01, 0xF5,
    0xFF, 0x03, 0x00, 0xF3, 0xFF, 0x06, 0xF5, 0xFF, 0x03, 0x00, 0xF3, 0xFF, 0x07, 0xF5, 0xFF, 0x03,
    0x00, 0xF9, 0xFF, 0x05, 0xF5, 0xFF, 0x73, 0xDB, 0xFF, 0xEF, 0x01, 0xF5, 0xFF, 0xA3, 0xFF, 0xFF,
    0x5F, 0x00, 0xF5, 0xFF, 0x93, 0xFF, 0x9D, 0x02, 0x00,
    // Unicode: [0x00E0]
    0x00, 0x60, 0xFF, 0x2E, 0x00, 0x00, 0x00, 0x00, 0xF6, 0xBF, 0x00, 0x00, 0x00, 0x00, 0x50, 0xFF,
    0x06, 0x00, 0x00, 0x00, 0x00, 0x84, 0x07, 0x00, 0x00, 0x00, 0x00, 0x00, 0x00, 0x00, 0x10, 0xC9,
    0xED, 0xEF, 0x8C, 0x01, 0x30, 0xFF, 0xFF, 0xFF, 0xFF, 0x2E, 0x30, 0xAE, 0x57, 0xB7, 0xFF, 0x9F,
    0x00, 0x00, 0x00, 0x00, 0xFC, 0xBF, 0x00, 0x61, 0xCA, 0xED, 0xFF, 0xCF, 0x40, 0xFE, 0xFF, 0xFF,
    0xFF, 0xCF, 0xD0, 0xFF, 0x6E, 0x13, 0xFB, 0xCF, 0xF2, 0xFF, 0x07, 0x00, 0xFB, 0xCF, 0xF1, 0xFF,
    0x1B, 0x51, 0xFE, 0xCF, 0x90, 0xFF, 0xFF, 0xFF, 0xFF, 0xCF, 0x00, 0xD7, 0xEF, 0x5B, 0xFB, 0xCF,
    // Unicode: [0x00E1]
    0x00, 0x00, 0x00, 0xF9, 0xCF, 0x01, 0x00, 0x00, 0x40, 0xFF, 0x1B, 0x00, 0x00, 0x00, 0xD1, 0xBF,
    0x01, 0x00, 0x00, 0x00, 0x84, 0x07, 0x00, 0x00, 0x00, 0x00, 0x00, 0x00, 0x00, 0x00, 0x10, 0xC9,
    0xED, 0xEF, 0x8C, 0x01, 0x30, 0xFF, 0xFF, 0xFF, 0xFF, 0x2E, 0x30, 0xAE, 0x57, 0xB7, 0xFF, 0x9F,
    0x00, 0x00, 0x00, 0x00, 0xFC, 0xBF, 0x00, 0x61, 0xCA, 0xED, 0xFF, 0xCF, 0x40, 0xFE, 0xFF, 0xFF,
    0xFF, 0xCF, 0xD0, 0xFF, 0x6E, 0x13, 0xFB, 0xCF, 0xF2, 0xFF, 0x07, 0x00, 0xFB, 0xCF, 0xF1, 0xFF,
    0x1B, 0x51, 0xFE, 0xCF, 0x90, 0xFF, 0xFF, 0xFF, 0xFF, 0xCF, 0x00, 0xD7, 0xEF, 0x5B, 0xFB, 0xCF,
    // Unicode: [0x00E2]
    0x00, 0x00, 0xF4, 0xEF, 0x03, 0x00, 0x00, 0x30, 0xFE, 0xFC, 0x2D, 0x00, 0x00, 0xE2, 0x8F, 0xA0,
    0xCF, 0x01, 0x00, 0x85, 0x06, 0x00, 0x87, 0x04, 0x00, 0x00, 0x00, 0x00, 0x00, 0x00, 0x10, 0xC9,
    0xED, 0xEF, 0x8C, 0x01, 0x30, 0xFF, 0xFF, 0xFF, 0xFF, 0x2E, 0x30, 0xAE, 0x57, 0xB7, 0xFF, 0x9F,
    0x00, 0x00, 0x00, 0x00, 0xFC, 0xBF, 0x00, 0x61, 0xCA, 0xED, 0xFF, 0xCF, 0x40, 0xFE, 0xFF, 0xFF,
    0xFF, 0xCF, 0xD0, 0xFF, 0x6E, 0x13, 0xFB, 0xCF, 0xF2, 0xFF, 0x07, 0x00, 0xFB, 0xCF, 0xF1, 0xFF,
    0x1B, 0x51, 0xFE, 0xCF, 0x90, 0xFF, 0xFF, 0xFF, 0xFF, 0xCF, 0x00, 0xD7, 0xEF, 0x5B, 0xFB, 0xCF,
    // Unicode: [0x00E3]
    0x00, 0x50, 0xDD, 0x03, 0xF4, 0x0D, 0x00, 0xF2, 0xFF, 0x4E, 0xF8, 0x0B, 0x00, 0xF8, 0x3A, 0xFD,
    0xFF, 0x06, 0x00, 0xFA, 0x06, 0xC2, 0x8E, 0x00, 0x00, 0x00, 0x00, 0x00, 0x00, 0x00, 0x10, 0xC9,
    0xED, 0xEF, 0x8C, 0x01, 0x30, 0xFF, 0xFF, 0xFF, 0xFF, 0x2E, 0x30, 0xAE, 0x57, 0xB7, 0xFF, 0x9F,
    0x00, 0x00, 0x00, 0x00, 0xFC, 0xBF, 0x00, 0x61, 0xCA, 0xED, 0xFF, 0xCF, 0x40, 0xFE, 0xFF, 0xFF,
    0xFF, 0xCF, 0xD0, 0xFF, 0x6E, 0x13, 0xFB, 0xCF, 0xF2, 0xFF, 0x07, 0x00, 0xFB, 0xCF, 0xF1, 0xFF,
    0x1B, 0x51, 0xFE, 0xCF, 0x90, 0xFF, 0xFF, 0xFF, 0xFF, 0xCF, 0x00, 0xD7, 0xEF, 0x5B, 0xFB, 0xCF,
    // Unicode: [0x00E4]
    0x00, 0xF8, 0x6F, 0x40, 0xFF, 0x0A, 0x00, 0xF8, 0x6F, 0x40, 0xFF, 0x0A, 0x00, 0x94, 0x49, 0x20,
    0x99, 0x06, 0x00, 0x00, 0x00, 0x00, 0x00, 0x00, 0x10, 0xC9, 0xED, 0xEF, 0x8C, 0x01, 0x30, 0xFF,
    0xFF, 0xFF, 0xFF, 0x2E, 0x30, 0xAE, 0x57, 0xB7, 0xFF, 0x9F, 0x00, 0x00, 0x00, 0x00, 0xFC, 0xBF,
    0x00, 0x61, 0xCA, 0xED, 0xFF, 0xCF, 0x40, 0xFE, 0xFF, 0xFF, 0xFF, 0xCF, 0xD0, 0xFF, 0x6E, 0x13,
    0xFB, 0xCF, 0xF2, 0xFF, 0x07, 0x00, 0xFB, 0xCF, 0xF1, 0xFF, 0x1B, 0x51, 0xFE, 0xCF, 0x90, 0xFF,
    0xFF, 0xFF, 0xFF, 0xCF, 0x00, 0xD7, 0xEF, 0x5B, 0xFB, 0xCF,
    // Unicode: [0x00E5]
    0x00, 0x00, 0x00, 0x01, 0x00, 0x00, 0x00, 0x00, 0xD4, 0xEF, 0x06, 0x00, 0x00, 0x10, 0xDE, 0xB6,
    0x4F, 0x00, 0x00, 0x60, 0x6F, 0x20, 0x9F, 0x00, 0x00, 0x60, 0x6F, 0x20, 0xAF, 0x00, 0x00, 0x20,
    0xCF, 0xA4, 0x6F, 0x00, 0x00, 0x00, 0xF6, 0xFF, 0x09, 0x00, 0x20, 0xDB, 0xFF, 0xFF, 0x9D, 0x02,
    0x30, 0xFF, 0xFF, 0xFF, 0xFF, 0x2E, 0x30, 0x9D, 0x45, 0xA5, 0xFF, 0x9F, 0x00, 0x00, 0x00, 0x00,
    0xFC, 0xBF, 0x00, 0x71, 0xDB, 0xFE, 0xFF, 0xCF, 0x40, 0xFE, 0xFF, 0xFF, 0xFF, 0xCF, 0xD0, 0xFF,
    0x6D, 0x02, 0xFB, 0xCF, 0xF2, 0xFF, 0x07, 0x00, 0xFB, 0xCF, 0xF1, 0xFF, 0x2B, 0x51, 0xFE, 0xCF,
    0x90, 0xFF, 0xFF, 0xFF, 0xFF, 0xCF, 0x00, 0xD7, 0xEF, 0x5B, 0xFB, 0xCF,
    // Unicode: [0x00E6]
    0x10, 0xC9, 0xED, 0xEF, 0x6B, 0x61, 0xEC, 0xDF, 0x4A, 0x00, 0x30, 0xFF, 0xFF, 0xFF, 0xFF, 0xFF,
    0xFF, 0xFF, 0xFF, 0x06, 0x30, 0x9D, 0x56, 0xA6, 0xFF, 0xFF, 0x6B, 0xC6, 0xFF, 0x1F, 0x00, 0x00,
    0x10, 0x32, 0xFD, 0xCF, 0x00, 0x10, 0xFF, 0x6F, 0x00, 0xA3, 0xFD, 0xFF, 0xFF, 0xFF, 0xFF, 0xFF,
    0xFF, 0x8F, 0x50, 0xFF, 0xFF, 0xCE, 0xFE, 0xFF, 0xFF, 0xFF, 0xFF, 0x8F, 0xE0, 0xFF, 0x2C, 0x00,
    0xFB, 0xBF, 0x00, 0x00, 0x00, 0x00, 0xF2, 0xFF, 0x07, 0x00, 0xF9, 0xFF, 0x04, 0x00, 0x00, 0x35,
    0xF1, 0xFF, 0x8E, 0xB7, 0xFF, 0xFF, 0xAF, 0x77, 0xD9, 0x5F, 0x90, 0xFF, 0xFF, 0xFF, 0x6D, 0xFD,
    0xFF, 0xFF, 0xFF, 0x5F, 0x00, 0xD7, 0xEF, 0x7C, 0x01, 0x61, 0xDB, 0xFF, 0xAD, 0x16,
    // Unicode: [0x00E7]
    0x00, 0x20, 0xC8, 0xEE, 0xAD, 0x05, 0x00, 0xF6, 0xFF, 0xFF, 0xFF, 0x2F, 0x40, 0xFF, 0xEF, 0x79,
    0xE9, 0x2F, 0xC0, 0xFF, 0x3F, 0x00, 0x10, 0x19, 0xF1, 0xFF, 0x0A, 0x00, 0x00, 0x00, 0xF2, 0xFF,
    0x08, 0x00, 0x00, 0x00, 0xF1, 0xFF, 0x0A, 0x00, 0x00, 0x00, 0xC0, 0xFF, 0x2E, 0x00, 0x00, 0x17,
    0x50, 0xFF, 0xEF, 0x78, 0xD8, 0x2F, 0x00, 0xF7, 0xFF, 0xFF, 0xFF, 0x2F, 0x00, 0x30, 0xD9, 0xFE,
    0xCF, 0x07, 0x00, 0x00, 0x00, 0xE0, 0x4F, 0x00, 0x00, 0x10, 0x00, 0xF3, 0x2F, 0x00, 0x00, 0x40,
    0xDE, 0xFF, 0x0B, 0x00, 0x00, 0x30, 0xFE, 0x9D, 0x01, 0x00,
    // Unicode: [0x00E8]
    0x00, 0x50, 0xFF, 0x2E, 0x00, 0x00, 0x00, 0x00, 0x00, 0xF4, 0xCF, 0x00, 0x00, 0x00, 0x00, 0x00,
    0x40, 0xFE, 0x08, 0x00, 0x00, 0x00, 0x00, 0x00, 0x83, 0x07, 0x00, 0x00, 0x00, 0x00, 0x00, 0x00,
    0x00, 0x00, 0x00, 0x00, 0x30, 0xD9, 0xFE, 0xAD, 0x03, 0x00, 0x00, 0xF6, 0xFF, 0xFF, 0xFF, 0x5F,
    0x00, 0x40, 0xFF, 0x7F, 0x43, 0xFB, 0xEF, 0x01, 0xC0, 0xFF, 0x08, 0x00, 0xF2, 0xFF, 0x05, 0xF1,
    0xFF, 0xFF, 0xFF, 0xFF, 0xFF, 0x07, 0xF2, 0xFF, 0xFF, 0xFF, 0xFF, 0xFF, 0x07, 0xF1, 0xFF, 0x08,
    0x00, 0x00, 0x00, 0x00, 0xC0, 0xFF, 0x2E, 0x00, 0x00, 0x60, 0x02, 0x50, 0xFF, 0xEF, 0x79, 0x97,
    0xFD, 0x04, 0x00, 0xF7, 0xFF, 0xFF, 0xFF, 0xFF, 0x04, 0x00, 0x20, 0xC8, 0xFE, 0xDE, 0x5A, 0x01,
    // Unicode: [0x00E9]
    0x00, 0x00, 0x00, 0xF6, 0xDF, 0x02, 0x00, 0x00, 0x00, 0x20, 0xFE, 0x2D, 0x00, 0x00, 0x00, 0x00,
    0xB0, 0xDF, 0x02, 0x00, 0x00, 0x00, 0x00, 0x82, 0x17, 0x00, 0x00, 0x00, 0x00, 0x00, 0x00, 0x00,
    0x00, 0x00, 0x00, 0x00, 0x30, 0xD9, 0xFE, 0xAD, 0x03, 0x00, 0x00, 0xF6, 0xFF, 0xFF, 0xFF, 0x5F,
    0x00, 0x40, 0xFF, 0x7F, 0x43, 0xFB, 0xEF, 0x01, 0xC0, 0xFF, 0x08, 0x00, 0xF2, 0xFF, 0x05, 0xF1,
    0xFF, 0xFF, 0xFF, 0xFF, 0xFF, 0x07, 0xF2, 0xFF, 0xFF, 0xFF, 0xFF, 0xFF, 0x07, 0xF1, 0xFF, 0x08,
    0x00, 0x00, 0x00, 0x00, 0xC0, 0xFF, 0x2E, 0x00, 0x00, 0x60, 0x02, 0x50, 0xFF, 0xEF, 0x79, 0x97,
    0xFD, 0x04, 0x00, 0xF7, 0xFF, 0xFF, 0xFF, 0xFF, 0x04, 0x00, 0x20, 0xC8, 0xFE, 0xDE, 0x5A, 0x01,
    // Unicode: [0x00EA]
    0x00, 0x00, 0xA0, 0xFF, 0x0A, 0x00, 0x00, 0x00, 0x00, 0xF9, 0xED, 0x8F, 0x00, 0x00, 0x00, 0x70,
    0xEF, 0x32, 0xFE, 0x07, 0x00, 0x00, 0x71, 0x38, 0x00, 0x83, 0x17, 0x00, 0x00, 0x00, 0x00, 0x00,
    0x00, 0x00, 0x00, 0x00, 0x30, 0xD9, 0xFE, 0xAD, 0x03, 0x00, 0x00, 0xF6, 0xFF, 0xFF, 0xFF, 0x5F,
    0x00, 0x40, 0xFF, 0x7F, 0x43, 0xFB, 0xEF, 0x01, 0xC0, 0xFF, 0x08, 0x00, 0xF2, 0xFF, 0x05, 0xF1,
    0xFF, 0xFF, 0xFF, 0xFF, 0xFF, 0x07, 0xF2, 0xFF, 0xFF, 0xFF, 0xFF, 0xFF, 0x07, 0xF1, 0xFF, 0x08,
    0x00, 0x00, 0x00, 0x00, 0xC0, 0xFF, 0x2E, 0x00, 0x00, 0x60, 0x02, 0x50, 0xFF, 0xEF, 0x79, 0x97,
    0xFD, 0x04, 0x00, 0xF7, 0xFF, 0xFF, 0xFF, 0xFF, 0x04, 0x00, 0x20, 0xC8, 0xFE, 0xDE, 0x5A, 0x01,
    // Unicode: [0x00EB]
    0x00, 0xF3, 0xBF, 0x00, 0xFE, 0x0F, 0x00, 0x00, 0xF3, 0xBF, 0x00, 0xFE, 0x0F, 0x00, 0x00, 0x92,
    0x79, 0x00, 0x98, 0x09, 0x00, 0x00, 0x00, 0x00, 0x00, 0x00, 0x00, 0x00, 0x00, 0x30, 0xD9, 0xFE,
    0xAD, 0x03, 0x00, 0x00, 0xF6, 0xFF, 0xFF, 0xFF, 0x5F, 0x00, 0x40, 0xFF, 0x7F, 0x43, 0xFB, 0xEF,
    0x01, 0xC0, 0xFF, 0x08, 0x00, 0xF2, 0xFF, 0x05, 0xF1, 0xFF, 0xFF, 0xFF, 0xFF, 0xFF, 0x07, 0xF2,
    0xFF, 0xFF, 0xFF, 0xFF, 0xFF, 0x07, 0xF1, 0xFF, 0x08, 0x00, 0x00, 0x00, 0x00, 0xC0, 0xFF, 0x2E,
    0x00, 0x00, 0x60, 0x02, 0x50, 0xFF, 0xEF, 0x79, 0x97, 0xFD, 0x04, 0x00, 0xF7, 0xFF, 0xFF, 0xFF,
    0xFF, 0x04, 0x00, 0x20, 0xC8, 0xFE, 0xDE, 0x5A, 0x01,
    // Unicode: [0x00EC]
    0xFB, 0xAF, 0x00, 0xC1, 0xFF, 0x04, 0x20, 0xFD, 0x0D, 0x00, 0xE2, 0x7F, 0x00, 0x00, 0x00, 0x50,
    0xFF, 0x3F, 0x50, 0xFF, 0x3F, 0x50, 0xFF, 0x3F, 0x50, 0xFF, 0x3F, 0x50, 0xFF, 0x3F, 0x50, 0xFF,
    0x3F, 0x50, 0xFF, 0x3F, 0x50, 0xFF, 0x3F, 0x50, 0xFF, 0x3F, 0x50, 0xFF, 0x3F, 0x50, 0xFF, 0x3F,
    // Unicode: [0x00ED]
    0x00, 0xFD, 0x9F, 0x70, 0xFF, 0x0A, 0xE2, 0xBF, 0x00, 0xFA, 0x1C, 0x00, 0x00, 0x00, 0x00, 0xF5,
    0xFF, 0x03, 0xF5, 0xFF, 0x03, 0xF5, 0xFF, 0x03, 0xF5, 0xFF, 0x03, 0xF5, 0xFF, 0x03, 0xF5, 0xFF,
    0x03, 0xF5, 0xFF, 0x03, 0xF5, 0xFF, 0x03, 0xF5, 0xFF, 0x03, 0xF5, 0xFF, 0x03, 0xF5, 0xFF, 0x03,
    // Unicode: [0x00EE]
    0x20, 0xFF, 0x1E, 0x00, 0xA0, 0xFF, 0x8F, 0x00, 0xF4, 0x5E, 0xFF, 0x02, 0xFC, 0x07, 0xFA, 0x0A,
    0x00, 0x00, 0x00, 0x00, 0x50, 0xFF, 0x3F, 0x00, 0x50, 0xFF, 0x3F, 0x00, 0x50, 0xFF, 0x3F, 0x00,
    0x50, 0xFF, 0x3F, 0x00, 0x50, 0xFF, 0x3F, 0x00, 0x50, 0xFF, 0x3F, 0x00, 0x50, 0xFF, 0x3F, 0x00,
    0x50, 0xFF, 0x3F, 0x00, 0x50, 0xFF, 0x3F, 0x00, 0x50, 0xFF, 0x3F, 0x00, 0x50, 0xFF, 0x3F, 0x00,
    // Unicode: [0x00EF]
    0xF3, 0x8F, 0xA0, 0xFF, 0xF3, 0x8F, 0xA0, 0xFF, 0x92, 0x59, 0x60, 0x99, 0x00, 0x00, 0x00, 0x00,
    0x00, 0xF5, 0xFF, 0x03, 0x00, 0xF5, 0xFF, 0x03, 0x00, 0xF5, 0xFF, 0x03, 0x00, 0xF5, 0xFF, 0x03,
    0x00, 0xF5, 0xFF, 0x03, 0x00, 0xF5, 0xFF, 0x03, 0x00, 0xF5, 0xFF, 0x03, 0x00, 0xF5, 0xFF, 0x03,
    0x00, 0xF5, 0xFF, 0x03, 0x00, 0xF5, 0xFF, 0x03, 0x00, 0xF5, 0xFF, 0x03,
    // Unicode: [0x00F0]
    0x00, 0x00, 0x00, 0x00, 0x00, 0x01, 0x00, 0x00, 0x81, 0xFF, 0xCF, 0xB6, 0x0D, 0x00, 0x00, 0x00,
    0xE3, 0xFF, 0xFF, 0x2C, 0x00, 0x00, 0x70, 0xFD, 0xFF, 0xFF, 0x04, 0x00, 0x00, 0xA0, 0xBF, 0xB5,
    0xFF, 0x2E, 0x00, 0x00, 0x20, 0x02, 0x10, 0xFD, 0xAF, 0x00, 0x00, 0x60, 0xEB, 0xDE, 0xFC, 0xFF,
    0x02, 0x10, 0xFB, 0xFF, 0xFF, 0xFF, 0xFF, 0x06, 0x80, 0xFF, 0xAF, 0x65, 0xFB, 0xFF, 0x08, 0xE0,
    0xFF, 0x0C, 0x00, 0xF0, 0xFF, 0x0A, 0xF2, 0xFF, 0x08, 0x00, 0xE0, 0xFF, 0x09, 0xF1, 0xFF, 0x09,
    0x00, 0xF1, 0xFF, 0x07, 0xD0, 0xFF, 0x0D, 0x00, 0xF6, 0xFF, 0x02, 0x70, 0xFF, 0xCF, 0x87, 0xFF,
    0xAF, 0x00, 0x00, 0xFA, 0xFF, 0xFF, 0xFF, 0x1C, 0x00, 0x00, 0x50, 0xEB, 0xEF, 0x6C, 0x00, 0x00,
    // Unicode: [0x00F1]
    0x00, 0xA1, 0xCE, 0x16, 0xFB, 0x07, 0x00, 0xFA, 0xFF, 0xFF, 0xFF, 0x03, 0x00, 0xFF, 0x33, 0xFA,
    0x6E, 0x00, 0x00, 0x00, 0x00, 0x00, 0x00, 0x00, 0xF5, 0xFF, 0x73, 0xFC, 0xBE, 0x03, 0xF5, 0xFF,
    0xFE, 0xFF, 0xFF, 0x1E, 0xF5, 0xFF, 0xAE, 0xD9, 0xFF, 0x7F, 0xF5, 0xFF, 0x03, 0x20, 0xFF, 0x9F,
    0xF5, 0xFF, 0x03, 0x00, 0xFE, 0xAF, 0xF5, 0xFF, 0x03, 0x00, 0xFD, 0xAF, 0xF5, 0xFF, 0x03, 0x00,
    0xFD, 0xAF, 0xF5, 0xFF, 0x03, 0x00, 0xFD, 0xAF, 0xF5, 0xFF, 0x03, 0x00, 0xFD, 0xAF, 0xF5, 0xFF,
    0x03, 0x00, 0xFD, 0xAF, 0xF5, 0xFF, 0x03, 0x00, 0xFD, 0xAF,
    // Unicode: [0x00F2]
    0x00, 0x40, 0x88, 0x07, 0x00, 0x00, 0x00, 0x00, 0x10, 0xFC, 0x7F, 0x00, 0x00, 0x00, 0x00, 0x00,
    0xD1, 0xEF, 0x01, 0x00, 0x00, 0x00, 0x00, 0x20, 0xFE, 0x0A, 0x00, 0x00, 0x00, 0x00, 0x00, 0x83,
    0x17, 0x00, 0x00, 0x00, 0x00, 0x00, 0x00, 0x00, 0x00, 0x00, 0x00, 0x40, 0xDA, 0xEF, 0x9D, 0x02,
    0x00, 0x00, 0xF8, 0xFF, 0xFF, 0xFF, 0x4E, 0x00, 0x50, 0xFF, 0xCF, 0x87, 0xFE, 0xEF, 0x02, 0xC0,
    0xFF, 0x0D, 0x00, 0xF3, 0xFF, 0x08, 0xF1, 0xFF, 0x09, 0x00, 0xD0, 0xFF, 0x0C, 0xF2, 0xFF, 0x08,
    0x00, 0xC0, 0xFF, 0x0D, 0xF1, 0xFF, 0x09, 0x00, 0xD0, 0xFF, 0x0C, 0xC0, 0xFF, 0x1D, 0x00, 0xF3,
    0xFF, 0x08, 0x50, 0xFF, 0xCF, 0x77, 0xFE, 0xEF, 0x02, 0x00, 0xF8, 0xFF, 0xFF, 0xFF, 0x5E, 0x00,
    0x00, 0x40, 0xDA, 0xEF, 0x9D, 0x02, 0x00,
    // Unicode: [0x00F3]
    0x00, 0x00, 0x00, 0x82, 0x88, 0x02, 0x00, 0x00, 0x00, 0x00, 0xFB, 0x9F, 0x00, 0x00, 0x00, 0x00,
    0x40, 0xFF, 0x0A, 0x00, 0x00, 0x00, 0x00, 0xD0, 0xBF, 0x00, 0x00, 0x00, 0x00, 0x00, 0x83, 0x17,
    0x00, 0x00, 0x00, 0x00, 0x00, 0x00, 0x00, 0x00, 0x00, 0x00, 0x00, 0x40, 0xDA, 0xEF, 0x9D, 0x02,
    0x00, 0x00, 0xF8, 0xFF, 0xFF, 0xFF, 0x4E, 0x00, 0x50, 0xFF, 0xCF, 0x87, 0xFE, 0xEF, 0x02, 0xC0,
    0xFF, 0x0D, 0x00, 0xF3, 0xFF, 0x08, 0xF1, 0xFF, 0x09, 0x00, 0xD0, 0xFF, 0x0C, 0xF2, 0xFF, 0x08,
    0x00, 0xC0, 0xFF, 0x0D, 0xF1, 0xFF, 0x09, 0x00, 0xD0, 0xFF, 0x0C, 0xC0, 0xFF, 0x1D, 0x00, 0xF3,
    0xFF, 0x08, 0x50, 0xFF, 0xCF, 0x77, 0xFE, 0xEF, 0x02, 0x00, 0xF8, 0xFF, 0xFF, 0xFF, 0x5E, 0x00,
    0x00, 0x40, 0xDA, 0xEF, 0x9D, 0x02, 0x00,
    // Unicode: [0x00F4]
    0x00, 0x00, 0x40, 0x88, 0x02, 0x00, 0x00, 0x00, 0x00, 0xE3, 0xFF, 0x1C, 0x00, 0x00, 0x00, 0x10,
    0xFD, 0xDA, 0xAF, 0x00, 0x00, 0x00, 0xA0, 0xCF, 0x31, 0xFE, 0x07, 0x00, 0x00, 0x82, 0x28, 0x00,
    0x84, 0x07, 0x00, 0x00, 0x00, 0x00, 0x00, 0x00, 0x00, 0x00, 0x00, 0x40, 0xDA, 0xEF, 0x9D, 0x02,
    0x00, 0x00, 0xF8, 0xFF, 0xFF, 0xFF, 0x4E, 0x00, 0x50, 0xFF, 0xCF, 0x87, 0xFE, 0xEF, 0x02, 0xC0,
    0xFF, 0x0D, 0x00, 0xF3, 0xFF, 0x08, 0xF1, 0xFF, 0x09, 0x00, 0xD0, 0xFF, 0x0C, 0xF2, 0xFF, 0x08,
    0x00, 0xC0, 0xFF, 0x0D, 0xF1, 0xFF, 0x09, 0x00, 0xD0, 0xFF, 0x0C, 0xC0, 0xFF, 0x1D, 0x00, 0xF3,
    0xFF, 0x08, 0x50, 0xFF, 0xCF, 0x77, 0xFE, 0xEF, 0x02, 0x00, 0xF8, 0xFF, 0xFF, 0xFF, 0x5E, 0x00,
    0x00, 0x40, 0xDA, 0xEF, 0x9D, 0x02, 0x00,
    // Unicode: [0x00F5]
    0x00, 0x30, 0xEC, 0x06, 0xE0, 0x2F, 0x00, 0x00, 0xC0, 0xFF, 0x7F, 0xF4, 0x0F, 0x00, 0x00, 0xF3,
    0x2E, 0xFB, 0xFF, 0x0A, 0x00, 0x00, 0xF6, 0x0B, 0xA0, 0xBF, 0x01, 0x00, 0x00, 0x00, 0x00, 0x00,
    0x00, 0x00, 0x00, 0x00, 0x40, 0xDA, 0xEF, 0x9D, 0x02, 0x00, 0x00, 0xF8, 0xFF, 0xFF, 0xFF, 0x4E,
    0x00, 0x50, 0xFF, 0xCF, 0x87, 0xFE, 0xEF, 0x02, 0xC0, 0xFF, 0x0D, 0x00, 0xF3, 0xFF, 0x08, 0xF1,
    0xFF, 0x09, 0x00, 0xD0, 0xFF, 0x0C, 0xF2, 0xFF, 0x08, 0x00, 0xC0, 0xFF, 0x0D, 0xF1, 0xFF, 0x09,
    0x00, 0xD0, 0xFF, 0x0C, 0xC0, 0xFF, 0x1D, 0x00, 0xF3, 0xFF, 0x08, 0x50, 0xFF, 0xCF, 0x77, 0xFE,
    0xEF, 0x02, 0x00, 0xF8, 0xFF, 0xFF, 0xFF, 0x5E, 0x00, 0x00, 0x40, 0xDA, 0xEF, 0x9D, 0x02, 0x00,
    // Unicode: [0x00F6]
    0x00, 0xF3, 0xAF, 0x00, 0xFF, 0x0E, 0x00, 0x00, 0xF3, 0xAF, 0x00, 0xFF, 0x0E, 0x00, 0x00, 0x92,
    0x69, 0x00, 0x99, 0x08, 0x00, 0x00, 0x00, 0x00, 0x00, 0x00, 0x00, 0x00, 0x00, 0x40, 0xDA, 0xEF,
    0x9D, 0x02, 0x00, 0x00, 0xF8, 0xFF, 0xFF, 0xFF, 0x4E, 0x00, 0x50, 0xFF, 0xCF, 0x87, 0xFE, 0xEF,
    0x02, 0xC0, 0xFF, 0x0D, 0x00, 0xF3, 0xFF, 0x08, 0xF1, 0xFF, 0x09, 0x00, 0xD0, 0xFF, 0x0C, 0xF2,
    0xFF, 0x08, 0x00, 0xC0, 0xFF, 0x0D, 0xF1, 0xFF, 0x09, 0x00, 0xD0, 0xFF, 0x0C, 0xC0, 0xFF, 0x1D,
    0x00, 0xF3, 0xFF, 0x08, 0x50, 0xFF, 0xCF, 0x77, 0xFE, 0xEF, 0x02, 0x00, 0xF8, 0xFF, 0xFF, 0xFF,
    0x5E, 0x00, 0x00, 0x40, 0xDA, 0xEF, 0x9D, 0x02, 0x00,
    // Unicode: [0x00F7]
    0x00, 0x00, 0xF0, 0xFF, 0x05, 0x00, 0x00, 0x00, 0x00, 0xF0, 0xFF, 0x05, 0x00, 0x00, 0x00, 0x00,
    0xF0, 0xFF, 0x05, 0x00, 0x00, 0x00, 0x00, 0x10, 0x11, 0x00, 0x00, 0x00, 0x00, 0x00, 0x00, 0x00,
    0x00, 0x00, 0x00, 0x87, 0x88, 0x88, 0x88, 0x88, 0x88, 0x28, 0xFD, 0xFF, 0xFF, 0xFF, 0xFF, 0xFF,
    0x3F, 0xFD, 0xFF, 0xFF, 0xFF, 0xFF, 0xFF, 0x3F, 0x00, 0x00, 0x00, 0x00, 0x00, 0x00, 0x00, 0x00,
    0x00, 0x10, 0x11, 0x00, 0x00, 0x00, 0x00, 0x00, 0xF0, 0xFF, 0x05, 0x00, 0x00, 0x00, 0x00, 0xF0,
    0xFF, 0x05, 0x00, 0x00, 0x00, 0x00, 0xF0, 0xFF, 0x05, 0x00, 0x00,
    // Unicode: [0x00F8]
    0x00, 0x00, 0x00, 0x00, 0x00, 0xF3, 0x08, 0x00, 0x40, 0xDA, 0xEF, 0x7C, 0xBD, 0x00, 0x00, 0xF8,
    0xFF, 0xFF, 0xFF, 0x5F, 0x00, 0x60, 0xFF, 0xBF, 0x76, 0xFE, 0xEF, 0x01, 0xD0, 0xFF, 0x0D, 0x30,
    0xEE, 0xFF, 0x08, 0xF1, 0xFF, 0x08, 0xD1, 0xB7, 0xFF, 0x0C, 0xF2, 0xFF, 0x07, 0xAB, 0xB0, 0xFF,
    0x0D, 0xF1, 0xFF, 0x77, 0x1D, 0xC0, 0xFF, 0x0C, 0xB0, 0xFF, 0xED, 0x03, 0xF2, 0xFF, 0x08, 0x40,
    0xFF, 0xDF, 0x76, 0xFD, 0xEF, 0x02, 0x00, 0xF7, 0xFF, 0xFF, 0xFF, 0x5E, 0x00, 0x10, 0xCD, 0xD9,
    0xEE, 0x9D, 0x02, 0x00, 0xB0, 0x1D, 0x00, 0x00, 0x00, 0x00, 0x00,
    // Unicode: [0x00F9]
    0x00, 0xC1, 0xFF, 0x08, 0x00, 0x00, 0x00, 0x10, 0xFC, 0x3F, 0x00, 0x00, 0x00, 0x00, 0xC1, 0xDF,
    0x01, 0x00, 0x00, 0x00, 0x10, 0x87, 0x03, 0x00, 0x00, 0x00, 0x00, 0x00, 0x00, 0x00, 0xF6, 0xFF,
    0x02, 0x00, 0xFE, 0x9F, 0xF6, 0xFF, 0x02, 0x00, 0xFE, 0x9F, 0xF6, 0xFF, 0x02, 0x00, 0xFE, 0x9F,
    0xF6, 0xFF, 0x02, 0x00, 0xFE, 0x9F, 0xF6, 0xFF, 0x02, 0x00, 0xFE, 0x9F, 0xF6, 0xFF, 0x02, 0x00,
    0xFE, 0x9F, 0xF6, 0xFF, 0x02, 0x00, 0xFE, 0x9F, 0xF5, 0xFF, 0x07, 0x20, 0xFE, 0x9F, 0xF3, 0xFF,
    0xCF, 0xFD, 0xFF, 0x9F, 0xB0, 0xFF, 0xFF, 0xEF, 0xFF, 0x9F, 0x10, 0xE9, 0xDF, 0x18, 0xFE, 0x9F,
    // Unicode: [0x00FA]
    0x00, 0x00, 0x70, 0xFF, 0x1D, 0x00, 0x00, 0x00, 0xF3, 0xCF, 0x01, 0x00, 0x00, 0x00, 0xFD, 0x1C,
    0x00, 0x00, 0x00, 0x30, 0x78, 0x01, 0x00, 0x00, 0x00, 0x00, 0x00, 0x00, 0x00, 0x00, 0xF6, 0xFF,
    0x02, 0x00, 0xFE, 0x9F, 0xF6, 0xFF, 0x02, 0x00, 0xFE, 0x9F, 0xF6, 0xFF, 0x02, 0x00, 0xFE, 0x9F,
    0xF6, 0xFF, 0x02, 0x00, 0xFE, 0x9F, 0xF6, 0xFF, 0x02, 0x00, 0xFE, 0x9F, 0xF6, 0xFF, 0x02, 0x00,
    0xFE, 0x9F, 0xF6, 0xFF, 0x02, 0x00, 0xFE, 0x9F, 0xF5, 0xFF, 0x07, 0x20, 0xFE, 0x9F, 0xF3, 0xFF,
    0xCF, 0xFD, 0xFF, 0x9F, 0xB0, 0xFF, 0xFF, 0xEF, 0xFF, 0x9F, 0x10, 0xE9, 0xDF, 0x18, 0xFE, 0x9F,
    // Unicode: [0x00FB]
    0x00, 0x00, 0xF8, 0xCF, 0x01, 0x00, 0x00, 0x70, 0xEF, 0xFD, 0x0A, 0x00, 0x00, 0xF5, 0x4F, 0xD2,
    0x9F, 0x00, 0x00, 0x87, 0x04, 0x20, 0x88, 0x02, 0x00, 0x00, 0x00, 0x00, 0x00, 0x00, 0xF6, 0xFF,
    0x02, 0x00, 0xFE, 0x9F, 0xF6, 0xFF, 0x02, 0x00, 0xFE, 0x9F, 0xF6, 0xFF, 0x02, 0x00, 0xFE, 0x9F,
    0xF6, 0xFF, 0x02, 0x00, 0xFE, 0x9F, 0xF6, 0xFF, 0x02, 0x00, 0xFE, 0x9F, 0xF6, 0xFF, 0x02, 0x00,
    0xFE, 0x9F, 0xF6, 0xFF, 0x02, 0x00, 0xFE, 0x9F, 0xF5, 0xFF, 0x07, 0x20, 0xFE, 0x9F, 0xF3, 0xFF,
    0xCF, 0xFD, 0xFF, 0x9F, 0xB0, 0xFF, 0xFF, 0xEF, 0xFF, 0x9F, 0x10, 0xE9, 0xDF, 0x18, 0xFE, 0x9F,
    // Unicode: [0x00FC]
    0x00, 0xFF, 0x0E, 0xB0, 0xFF, 0x02, 0x00, 0xFF, 0x0E, 0xB0, 0xFF, 0x02, 0x00, 0x99, 0x08, 0x70,
    0x99, 0x01, 0x00, 0x00, 0x00, 0x00, 0x00, 0x00, 0xF6, 0xFF, 0x02, 0x00, 0xFE, 0x9F, 0xF6, 0xFF,
    0x02, 0x00, 0xFE, 0x9F, 0xF6, 0xFF, 0x02, 0x00, 0xFE, 0x9F, 0xF6, 0xFF, 0x02, 0x00, 0xFE, 0x9F,
    0xF6, 0xFF, 0x02, 0x00, 0xFE, 0x9F, 0xF6, 0xFF, 0x02, 0x00, 0xFE, 0x9F, 0xF6, 0xFF, 0x02, 0x00,
    0xFE, 0x9F, 0xF5, 0xFF, 0x07, 0x20, 0xFE, 0x9F, 0xF3, 0xFF, 0xCF, 0xFD, 0xFF, 0x9F, 0xB0, 0xFF,
    0xFF, 0xEF, 0xFF, 0x9F, 0x10, 0xE9, 0xDF, 0x18, 0xFE, 0x9F,
    // Unicode: [0x00FD]
    0x00, 0x00, 0x00, 0xF8, 0xDF, 0x01, 0x00, 0x00, 0x00, 0x20, 0xFF, 0x2D, 0x00, 0x00, 0x00, 0x00,
    0xB0, 0xEF, 0x03, 0x00, 0x00, 0x00, 0x00, 0xF5, 0x4F, 0x00, 0x00, 0x00, 0x00, 0x00, 0x00, 0x00,
    0x00, 0x00, 0x00, 0xF8, 0xFF, 0x03, 0x00, 0xF1, 0xFF, 0x08, 0xF2, 0xFF, 0x08, 0x00, 0xF7, 0xFF,
    0x02, 0xB0, 0xFF, 0x0E, 0x00, 0xFC, 0xBF, 0x00, 0x50, 0xFF, 0x5F, 0x20, 0xFF, 0x4F, 0x00, 0x00,
    0xFE, 0xAF, 0x80, 0xFF, 0x0D, 0x00, 0x00, 0xF8, 0xFF, 0xD2, 0xFF, 0x07, 0x00, 0x00, 0xF2, 0xFF,
    0xFB, 0xFF, 0x01, 0x00, 0x00, 0xC0, 0xFF, 0xFF, 0xAF, 0x00, 0x00, 0x00, 0x60, 0xFF, 0xFF, 0x4F,
    0x00, 0x00, 0x00, 0x10, 0xFE, 0xFF, 0x0D, 0x00, 0x00, 0x00, 0x00, 0xF9, 0xFF, 0x07, 0x00, 0x00,
    0x00, 0x00, 0xFA, 0xFF, 0x01, 0x00, 0x00, 0x00, 0x20, 0xFF, 0xAF, 0x00, 0x00, 0x00, 0x00, 0x80,
    0xFF, 0x3F, 0x00, 0x00, 0x00, 0x00, 0xE0, 0xFF, 0x0C, 0x00, 0x00, 0x00,
    // Unicode: [0x00FE]
    0xF5, 0xFF, 0x03, 0x00, 0x00, 0x00, 0x00, 0xF5, 0xFF, 0x03, 0x00, 0x00, 0x00, 0x00, 0xF5, 0xFF,
    0x03, 0x00, 0x00, 0x00, 0x00, 0xF5, 0xFF, 0x03, 0x00, 0x00, 0x00, 0x00, 0xF5, 0xFF, 0x63, 0xFC,
    0xAE, 0x02, 0x00, 0xF5, 0xFF, 0xFD, 0xFF, 0xFF, 0x1D, 0x00, 0xF5, 0xFF, 0xAE, 0xDA, 0xFF, 0x8F,
    0x00, 0xF5, 0xFF, 0x03, 0x10, 0xFE, 0xDF, 0x00, 0xF5, 0xFF, 0x03, 0x00, 0xF9, 0xFF, 0x01, 0xF5,
    0xFF, 0x03, 0x00, 0xF8, 0xFF, 0x01, 0xF5, 0xFF, 0x03, 0x00, 0xFA, 0xFF, 0x00, 0xF5, 0xFF, 0x03,
    0x20, 0xFE, 0xBF, 0x00, 0xF5, 0xFF, 0x79, 0xE8, 0xFF, 0x5F, 0x00, 0xF5, 0xFF, 0xFF, 0xFF, 0xFF,
    0x09, 0x00, 0xF5, 0xFF, 0xC8, 0xFE, 0x6C, 0x00, 0x00, 0xF5, 0xFF, 0x03, 0x00, 0x00, 0x00, 0x00,
    0xF5, 0xFF, 0x03, 0x00, 0x00, 0x00, 0x00, 0xF5, 0xFF, 0x03, 0x00, 0x00, 0x00, 0x00, 0xF5, 0xFF,
    0x03, 0x00, 0x00, 0x00, 0x00,
    // Unicode: [0x00FF]
    0x00, 0xF7, 0x7F, 0x30, 0xFF, 0x0A, 0x00, 0x00, 0xF7, 0x7F, 0x30, 0xFF, 0x0A, 0x00, 0x00, 0x94,
    0x49, 0x20, 0x99, 0x06, 0x00, 0x00, 0x00, 0x00, 0x00, 0x00, 0x00, 0x00, 0xF8, 0xFF, 0x03, 0x00,
    0xF1, 0xFF, 0x08, 0xF2, 0xFF, 0x08, 0x00, 0xF7, 0xFF, 0x02, 0xB0, 0xFF, 0x0E, 0x00, 0xFC, 0xBF,
    0x00, 0x50, 0xFF, 0x5F, 0x20, 0xFF, 0x4F, 0x00, 0x00, 0xFE, 0xAF, 0x80, 0xFF, 0x0D, 0x00, 0x00,
    0xF8, 0xFF, 0xD2, 0xFF, 0x07, 0x00, 0x00, 0xF2, 0xFF, 0xFB, 0xFF, 0x01, 0x00, 0x00, 0xC0, 0xFF,
    0xFF, 0xAF, 0x00, 0x00, 0x00, 0x60, 0xFF, 0xFF, 0x4F, 0x00, 0x00, 0x00, 0x10, 0xFE, 0xFF, 0x0D,
    0x00, 0x00, 0x00, 0x00, 0xF9, 0xFF, 0x07, 0x00, 0x00, 0x00, 0x00, 0xFA, 0xFF, 0x01, 0x00, 0x00,
    0x00, 0x20, 0xFF, 0xAF, 0x00, 0x00, 0x00, 0x00, 0x80, 0xFF, 0x3F, 0x00, 0x00, 0x00, 0x00, 0xE0,
    0xFF, 0x0C, 0x00, 0x00, 0x00,
    // Unicode: [0x0100]
    0x00, 0x20, 0xFF, 0xFF, 0xFF, 0xAF, 0x00, 0x00, 0x00, 0x20, 0xFF, 0xFF, 0xFF, 0xAF, 0x00, 0x00,
    0x00, 0x00, 0x00, 0x00, 0x00, 0x00, 0x00, 0x00, 0x00, 0x00, 0x00, 0x00, 0x00, 0x00, 0x00, 0x00,
    0x00, 0x00, 0x90, 0xFF, 0xFF, 0x02, 0x00, 0x00, 0x00, 0x00, 0xE0, 0xFF, 0xFF, 0x07, 0x00, 0x00,
    0x00, 0x00, 0xF5, 0xFF, 0xFF, 0x0D, 0x00, 0x00, 0x00, 0x00, 0xFB, 0xEF, 0xFF, 0x4F, 0x00, 0x00,
    0x00, 0x20, 0xFF, 0x5F, 0xFE, 0xAF, 0x00, 0x00, 0x00, 0x80, 0xFF, 0x1E, 0xF8, 0xFF, 0x01, 0x00,
    0x00, 0xD0, 0xFF, 0x09, 0xF3, 0xFF, 0x06, 0x00, 0x00, 0xF4, 0xFF, 0x04, 0xC0, 0xFF, 0x0C, 0x00,
    0x00, 0xFA, 0xFF, 0x99, 0xC9, 0xFF, 0x3F, 0x00, 0x10, 0xFF, 0xFF, 0xFF, 0xFF, 0xFF, 0x9F, 0x00,
    0x60, 0xFF, 0xFF, 0xFF, 0xFF, 0xFF, 0xEF, 0x00, 0xC0, 0xFF, 0x0D, 0x00, 0x00, 0xF6, 0xFF, 0x05,
    0xF3, 0xFF, 0x08, 0x00, 0x00, 0xF1, 0xFF, 0x0B, 0xF9, 0xFF, 0x03, 0x00, 0x00, 0xB0, 0xFF, 0x2F,
    // Unicode: [0x0101]
    0x00, 0xF4, 0xFF, 0xFF, 0xFF, 0x08, 0x00, 0xF4, 0xFF, 0xFF, 0xFF, 0x08, 0x00, 0x00, 0x00, 0x00,
    0x00, 0x00, 0x00, 0x00, 0x00, 0x00, 0x00, 0x00, 0x10, 0xC9, 0xED, 0xEF, 0x8C, 0x01, 0x30, 0xFF,
    0xFF, 0xFF, 0xFF, 0x2E, 0x30, 0xAE, 0x57, 0xB7, 0xFF, 0x9F, 0x00, 0x00, 0x00, 0x00, 0xFC, 0xBF,
    0x00, 0x61, 0xCA, 0xED, 0xFF, 0xCF, 0x40, 0xFE, 0xFF, 0xFF, 0xFF, 0xCF, 0xD0, 0xFF, 0x6E, 0x13,
    0xFB, 0xCF, 0xF2, 0xFF, 0x07, 0x00, 0xFB, 0xCF, 0xF1, 0xFF, 0x1B, 0x51, 0xFE, 0xCF, 0x90, 0xFF,
    0xFF, 0xFF, 0xFF, 0xCF, 0x00, 0xD7, 0xEF, 0x5B, 0xFB, 0xCF,
    // Unicode: [0x0102]
    0x00, 0x00, 0xFE, 0x03, 0xB0, 0x7F, 0x00, 0x00, 0x00, 0x00, 0xFB, 0x19, 0xE3, 0x4F, 0x00, 0x00,
    0x00, 0x00, 0xE3, 0xFF, 0xFF, 0x09, 0x00, 0x00, 0x00, 0x00, 0x20, 0xA7, 0x59, 0x00, 0x00, 0x00,
    0x00, 0x00, 0x00, 0x00, 0x00, 0x00, 0x00, 0x00, 0x00, 0x00, 0x90, 0xFF, 0xFF, 0x02, 0x00, 0x00,
    0x00, 0x00, 0xE0, 0xFF, 0xFF, 0x07, 0x00, 0x00, 0x00, 0x00, 0xF5, 0xFF, 0xFF, 0x0D, 0x00, 0x00,
    0x00, 0x00, 0xFB, 0xEF, 0xFF, 0x4F, 0x00, 0x00, 0x00, 0x20, 0xFF, 0x5F, 0xFE, 0xAF, 0x00, 0x00,
    0x00, 0x80, 0xFF, 0x1E, 0xF8, 0xFF, 0x01, 0x00, 0x00, 0xD0, 0xFF, 0x09, 0xF3, 0xFF, 0x06, 0x00,
    0x00, 0xF4, 0xFF, 0x04, 0xC0, 0xFF, 0x0C, 0x00, 0x00, 0xFA, 0xFF, 0x99, 0xC9, 0xFF, 0x3F, 0x00,
    0x10, 0xFF, 0xFF, 0xFF, 0xFF, 0xFF, 0x9F, 0x00, 0x60, 0xFF, 0xFF, 0xFF, 0xFF, 0xFF, 0xEF, 0x00,
    0xC0, 0xFF, 0x0D, 0x00, 0x00, 0xF6, 0xFF, 0x05, 0xF3, 0xFF, 0x08, 0x00, 0x00, 0xF1, 0xFF, 0x0B,
    0xF9, 0xFF, 0x03, 0x00, 0x00, 0xB0, 0xFF, 0x2F,
    // Unicode: [0x0103]
    0x00, 0xF2, 0x1F, 0x00, 0xFD, 0x04, 0x00, 0xE0, 0x7F, 0x51, 0xFF, 0x01, 0x00, 0x50, 0xFF, 0xFF,
    0x7F, 0x00, 0x00, 0x00, 0x83, 0x8A, 0x03, 0x00, 0x00, 0x00, 0x00, 0x00, 0x00, 0x00, 0x10, 0xC9,
    0xED, 0xEF, 0x8C, 0x01, 0x30, 0xFF, 0xFF, 0xFF, 0xFF, 0x2E, 0x30, 0xAE, 0x57, 0xB7, 0xFF, 0x9F,
    0x00, 0x00, 0x00, 0x00, 0xFC, 0xBF, 0x00, 0x61, 0xCA, 0xED, 0xFF, 0xCF, 0x40, 0xFE, 0xFF, 0xFF,
    0xFF, 0xCF, 0xD0, 0xFF, 0x6E, 0x13, 0xFB, 0xCF, 0xF2, 0xFF, 0x07, 0x00, 0xFB, 0xCF, 0xF1, 0xFF,
    0x1B, 0x51, 0xFE, 0xCF, 0x90, 0xFF, 0xFF, 0xFF, 0xFF, 0xCF, 0x00, 0xD7, 0xEF, 0x5B, 0xFB, 0xCF,
    // Unicode: [0x0104]
    0x00, 0x00, 0x90, 0xFF, 0xFF, 0x02, 0x00, 0x00, 0x00, 0x00, 0x00, 0xE0, 0xFF, 0xFF, 0x07, 0x00,
    0x00, 0x00, 0x00, 0x00, 0xF5, 0xFF, 0xFF, 0x0D, 0x00, 0x00, 0x00, 0x00, 0x00, 0xFB, 0xEF, 0xFF,
    0x4F, 0x00, 0x00, 0x00, 0x00, 0x20, 0xFF, 0x5F, 0xFE, 0xAF, 0x00, 0x00, 0x00, 0x00, 0x80, 0xFF,
    0x1E, 0xF8, 0xFF, 0x01, 0x00, 0x00, 0x00, 0xD0, 0xFF, 0x09, 0xF3, 0xFF, 0x06, 0x00, 0x00, 0x00,
    0xF4, 0xFF, 0x04, 0xC0, 0xFF, 0x0C, 0x00, 0x00, 0x00, 0xFA, 0xFF, 0x99, 0xC9, 0xFF, 0x3F, 0x00,
    0x00, 0x10, 0xFF, 0xFF, 0xFF, 0xFF, 0xFF, 0x9F, 0x00, 0x00, 0x60, 0xFF, 0xFF, 0xFF, 0xFF, 0xFF,
    0xEF, 0x00, 0x00, 0xC0, 0xFF, 0x0D, 0x00, 0x00, 0xF6, 0xFF, 0x05, 0x00, 0xF3, 0xFF, 0x08, 0x00,
    0x00, 0xF1, 0xFF, 0x0B, 0x00, 0xF9, 0xFF, 0x03, 0x00, 0x00, 0xE0, 0xFF, 0x2F, 0x00, 0x00, 0x00,
    0x00, 0x00, 0x00, 0xF2, 0x0E, 0x00, 0x00, 0x00, 0x00, 0x00, 0x00, 0x00, 0xF1, 0x3F, 0x00, 0x00,
    0x00, 0x00, 0x00, 0x00, 0x00, 0xB0, 0xFF, 0xED, 0x05, 0x00, 0x00, 0x00, 0x00, 0x00, 0x10, 0xEA,
    0xEF, 0x04,
    // Unicode: [0x0105]
    0x10, 0xC9, 0xED, 0xEF, 0x8C, 0x01, 0x00, 0x30, 0xFF, 0xFF, 0xFF, 0xFF, 0x2E, 0x00, 0x30, 0xAE,
    0x57, 0xB7, 0xFF, 0x9F, 0x00, 0x00, 0x00, 0x00, 0x00, 0xFC, 0xBF, 0x00, 0x00, 0x61, 0xCA, 0xED,
    0xFF, 0xCF, 0x00, 0x40, 0xFE, 0xFF, 0xFF, 0xFF, 0xCF, 0x00, 0xD0, 0xFF, 0x6E, 0x13, 0xFB, 0xCF,
    0x00, 0xF2, 0xFF, 0x07, 0x00, 0xFB, 0xCF, 0x00, 0xF1, 0xFF, 0x1B, 0x51, 0xFE, 0xCF, 0x00, 0x90,
    0xFF, 0xFF, 0xFF, 0xFF, 0xCF, 0x00, 0x00, 0xD7, 0xEF, 0x5B, 0xFB, 0xCF, 0x00, 0x00, 0x00, 0x00,
    0x00, 0xFC, 0x05, 0x00, 0x00, 0x00, 0x00, 0x00, 0xFA, 0x09, 0x10, 0x00, 0x00, 0x00, 0x00, 0xF6,
    0xDF, 0xBD, 0x00, 0x00, 0x00, 0x00, 0x60, 0xFD, 0x9E,
    // Unicode: [0x0106]
    0x00, 0x00, 0x00, 0x70, 0x88, 0x03, 0x00, 0x00, 0x00, 0x00, 0xF8, 0xAF, 0x00, 0x00, 0x00, 0x00,
    0x40, 0xFF, 0x0A, 0x00, 0x00, 0x00, 0x00, 0xD1, 0xAF, 0x00, 0x00, 0x00, 0x00, 0x00, 0x00, 0x00,
    0x00, 0x00, 0x00, 0x00, 0x00, 0x00, 0x00, 0x00, 0x00, 0x00, 0x00, 0x20, 0xC8, 0xFE, 0xCE, 0x49,
    0x00, 0x00, 0xF7, 0xFF, 0xFF, 0xFF, 0xFF, 0x08, 0x70, 0xFF, 0xFF, 0xCE, 0xEC, 0xFF, 0x09, 0xF2,
    0xFF, 0x7F, 0x01, 0x10, 0xE6, 0x09, 0xF9, 0xFF, 0x08, 0x00, 0x00, 0x10, 0x04, 0xFD, 0xFF, 0x02,
    0x00, 0x00, 0x00, 0x00, 0xFE, 0xEF, 0x00, 0x00, 0x00, 0x00, 0x00, 0xFE, 0xEF, 0x00, 0x00, 0x00,
    0x00, 0x00, 0xFD, 0xFF, 0x02, 0x00, 0x00, 0x00, 0x00, 0xF9, 0xFF, 0x08, 0x00, 0x00, 0x10, 0x04,
    0xF3, 0xFF, 0x7F, 0x01, 0x00, 0xD6, 0x09, 0x80, 0xFF, 0xFF, 0xCE, 0xEC, 0xFF, 0x09, 0x00, 0xF8,
    0xFF, 0xFF, 0xFF, 0xFF, 0x08, 0x00, 0x20, 0xC8, 0xFE, 0xCE, 0x48, 0x00,
    // Unicode: [0x0107]
    0x00, 0x00, 0x00, 0xF6, 0xDF, 0x02, 0x00, 0x00, 0x20, 0xFE, 0x2D, 0x00, 0x00, 0x00, 0xC0, 0xDF,
    0x02, 0x00, 0x00, 0x00, 0x82, 0x17, 0x00, 0x00, 0x00, 0x00, 0x00, 0x00, 0x00, 0x00, 0x00, 0x20,
    0xC8, 0xEE, 0xAD, 0x05, 0x00, 0xF7, 0xFF, 0xFF, 0xFF, 0x2F, 0x40, 0xFF, 0xEF, 0x79, 0xE9, 0x2F,
    0xC0, 0xFF, 0x3F, 0x00, 0x10, 0x19, 0xF1, 0xFF, 0x0A, 0x00, 0x00, 0x00, 0xF2, 0xFF, 0x08, 0x00,
    0x00, 0x00, 0xF1, 0xFF, 0x0A, 0x00, 0x00, 0x00, 0xC0, 0xFF, 0x2E, 0x00, 0x00, 0x18, 0x50, 0xFF,
    0xEF, 0x79, 0xD9, 0x2F, 0x00, 0xF7, 0xFF, 0xFF, 0xFF, 0x2F, 0x00, 0x30, 0xD9, 0xFE, 0xBD, 0x06,
    // Unicode: [0x0108]
    0x00, 0x00, 0x20, 0x88, 0x05, 0x00, 0x00, 0x00, 0x00, 0xD1, 0xFF, 0x5F, 0x00, 0x00, 0x00, 0x10,
    0xFC, 0x6B, 0xFF, 0x04, 0x00, 0x00, 0xA0, 0xCF, 0x01, 0xF7, 0x3E, 0x00, 0x00, 0x00, 0x00, 0x00,
    0x00, 0x00, 0x00, 0x00, 0x00, 0x00, 0x00, 0x00, 0x00, 0x00, 0x00, 0x20, 0xC8, 0xFE, 0xCE, 0x49,
    0x00, 0x00, 0xF7, 0xFF, 0xFF, 0xFF, 0xFF, 0x08, 0x70, 0xFF, 0xFF, 0xCE, 0xEC, 0xFF, 0x09, 0xF2,
    0xFF, 0x7F, 0x01, 0x10, 0xE6, 0x09, 0xF9, 0xFF, 0x08, 0x00, 0x00, 0x10, 0x04, 0xFD, 0xFF, 0x02,
    0x00, 0x00, 0x00, 0x00, 0xFE, 0xEF, 0x00, 0x00, 0x00, 0x00, 0x00, 0xFE, 0xEF, 0x00, 0x00, 0x00,
    0x00, 0x00, 0xFD, 0xFF, 0x02, 0x00, 0x00, 0x00, 0x00, 0xF9, 0xFF, 0x08, 0x00, 0x00, 0x10, 0x04,
    0xF3, 0xFF, 0x7F, 0x01, 0x00, 0xD6, 0x09, 0x80, 0xFF, 0xFF, 0xCE, 0xEC, 0xFF, 0x09, 0x00, 0xF8,
    0xFF, 0xFF, 0xFF, 0xFF, 0x08, 0x00, 0x20, 0xC8, 0xFE, 0xCE, 0x48, 0x00,
    // Unicode: [0x0109]
    0x00, 0x00, 0xD1, 0xFF, 0x06, 0x00, 0x00, 0x10, 0xFC, 0xFC, 0x5F, 0x00, 0x00, 0xA0, 0xCF, 0x61,
    0xFF, 0x04, 0x00, 0x83, 0x17, 0x00, 0x85, 0x07, 0x00, 0x00, 0x00, 0x00, 0x00, 0x00, 0x00, 0x20,
    0xC8, 0xEE, 0xAD, 0x05, 0x00, 0xF7, 0xFF, 0xFF, 0xFF, 0x2F, 0x40, 0xFF, 0xEF, 0x79, 0xE9, 0x2F,
    0xC0, 0xFF, 0x3F, 0x00, 0x10, 0x19, 0xF1, 0xFF, 0x0A, 0x00, 0x00, 0x00, 0xF2, 0xFF, 0x08, 0x00,
    0x00, 0x00, 0xF1, 0xFF, 0x0A, 0x00, 0x00, 0x00, 0xC0, 0xFF, 0x2E, 0x00, 0x00, 0x18, 0x50, 0xFF,
    0xEF, 0x79, 0xD9, 0x2F, 0x00, 0xF7, 0xFF, 0xFF, 0xFF, 0x2F, 0x00, 0x30, 0xD9, 0xFE, 0xBD, 0x06,
    // Unicode: [0x010A]
    0x00, 0x00, 0x50, 0x99, 0x19, 0x00, 0x00, 0x00, 0x00, 0x80, 0xFF, 0x1F, 0x00, 0x00, 0x00, 0x00,
    0x80, 0xFF, 0x1F, 0x00, 0x00, 0x00, 0x00, 0x00, 0x00, 0x00, 0x00, 0x00, 0x00, 0x00, 0x00, 0x00,
    0x00, 0x00, 0x00, 0x00, 0x20, 0xC8, 0xFE, 0xCE, 0x49, 0x00, 0x00, 0xF7, 0xFF, 0xFF, 0xFF, 0xFF,
    0x08, 0x70, 0xFF, 0xFF, 0xCE, 0xEC, 0xFF, 0x09, 0xF2, 0xFF, 0x7F, 0x01, 0x10, 0xE6, 0x09, 0xF9,
    0xFF, 0x08, 0x00, 0x00, 0x10, 0x04, 0xFD, 0xFF, 0x02, 0x00, 0x00, 0x00, 0x00, 0xFE, 0xEF, 0x00,
    0x00, 0x00, 0x00, 0x00, 0xFE, 0xEF, 0x00, 0x00, 0x00, 0x00, 0x00, 0xFD, 0xFF, 0x02, 0x00, 0x00,
    0x00, 0x00, 0xF9, 0xFF, 0x08, 0x00, 0x00, 0x10, 0x04, 0xF3, 0xFF, 0x7F, 0x01, 0x00, 0xD6, 0x09,
    0x80, 0xFF, 0xFF, 0xCE, 0xEC, 0xFF, 0x09, 0x00, 0xF8, 0xFF, 0xFF, 0xFF, 0xFF, 0x08, 0x00, 0x20,
    0xC8, 0xFE, 0xCE, 0x48, 0x00,
    // Unicode: [0x010B]
    0x00, 0x00, 0xF1, 0xFF, 0x08, 0x00, 0x00, 0x00, 0xF1, 0xFF, 0x08, 0x00, 0x00, 0x00, 0x90, 0x99,
    0x05, 0x00, 0x00, 0x00, 0x00, 0x00, 0x00, 0x00, 0x00, 0x20, 0xC8, 0xEE, 0xAD, 0x05, 0x00, 0xF7,
    0xFF, 0xFF, 0xFF, 0x2F, 0x40, 0xFF, 0xEF, 0x79, 0xE9, 0x2F, 0xC0, 0xFF, 0x3F, 0x00, 0x10, 0x19,
    0xF1, 0xFF, 0x0A, 0x00, 0x00, 0x00, 0xF2, 0xFF, 0x08, 0x00, 0x00, 0x00, 0xF1, 0xFF, 0x0A, 0x00,
    0x00, 0x00, 0xC0, 0xFF, 0x2E, 0x00, 0x00, 0x18, 0x50, 0xFF, 0xEF, 0x79, 0xD9, 0x2F, 0x00, 0xF7,
    0xFF, 0xFF, 0xFF, 0x2F, 0x00, 0x30, 0xD9, 0xFE, 0xBD, 0x06,
    // Unicode: [0x010C]
    0x00, 0x70, 0x58, 0x00, 0x71, 0x38, 0x00, 0x00, 0x40, 0xFF, 0x16, 0xFC, 0x0B, 0x00, 0x00, 0x00,
    0xF5, 0xCF, 0xCF, 0x01, 0x00, 0x00, 0x00, 0x60, 0xFF, 0x1D, 0x00, 0x00, 0x00, 0x00, 0x00, 0x00,
    0x00, 0x00, 0x00, 0x00, 0x00, 0x00, 0x00, 0x00, 0x00, 0x00, 0x00, 0x20, 0xC8, 0xFE, 0xCE, 0x49,
    0x00, 0x00, 0xF7, 0xFF, 0xFF, 0xFF, 0xFF, 0x08, 0x70, 0xFF, 0xFF, 0xCE, 0xEC, 0xFF, 0x09, 0xF2,
    0xFF, 0x7F, 0x01, 0x10, 0xE6, 0x09, 0xF9, 0xFF, 0x08, 0x00, 0x00, 0x10, 0x04, 0xFD, 0xFF, 0x02,
    0x00, 0x00, 0x00, 0x00, 0xFE, 0xEF, 0x00, 0x00, 0x00, 0x00, 0x00, 0xFE, 0xEF, 0x00, 0x00, 0x00,
    0x00, 0x00, 0xFD, 0xFF, 0x02, 0x00, 0x00, 0x00, 0x00, 0xF9, 0xFF, 0x08, 0x00, 0x00, 0x10, 0x04,
    0xF3, 0xFF, 0x7F, 0x01, 0x00, 0xD6, 0x09, 0x80, 0xFF, 0xFF, 0xCE, 0xEC, 0xFF, 0x09, 0x00, 0xF8,
    0xFF, 0xFF, 0xFF, 0xFF, 0x08, 0x00, 0x20, 0xC8, 0xFE, 0xCE, 0x48, 0x00,
    // Unicode: [0x010D]
    0x00, 0xF4, 0x4F, 0x10, 0xFD, 0x09, 0x00, 0x70, 0xEF, 0xB3, 0xBF, 0x00, 0x00, 0x00, 0xF9, 0xFF,
    0x1D, 0x00, 0x00, 0x00, 0xA0, 0xBC, 0x02, 0x00, 0x00, 0x00, 0x00, 0x00, 0x00, 0x00, 0x00, 0x20,
    0xC8, 0xEE, 0xAD, 0x05, 0x00, 0xF7, 0xFF, 0xFF, 0xFF, 0x2F, 0x40, 0xFF, 0xEF, 0x79, 0xE9, 0x2F,
    0xC0, 0xFF, 0x3F, 0x00, 0x10, 0x19, 0xF1, 0xFF, 0x0A, 0x00, 0x00, 0x00, 0xF2, 0xFF, 0x08, 0x00,
    0x00, 0x00, 0xF1, 0xFF, 0x0A, 0x00, 0x00, 0x00, 0xC0, 0xFF, 0x2E, 0x00, 0x00, 0x18, 0x50, 0xFF,
    0xEF, 0x79, 0xD9, 0x2F, 0x00, 0xF7, 0xFF, 0xFF, 0xFF, 0x2F, 0x00, 0x30, 0xD9, 0xFE, 0xBD, 0x06,
    // Unicode: [0x010E]
    0x00, 0x71, 0x38, 0x00, 0x83, 0x17, 0x00, 0x00, 0x00, 0x90, 0xEF, 0x12, 0xFD, 0x09, 0x00, 0x00,
    0x00, 0x00, 0xFB, 0xBC, 0xCF, 0x00, 0x00, 0x00, 0x00, 0x00, 0xE1, 0xFF, 0x2E, 0x00, 0x00, 0x00,
    0x00, 0x00, 0x30, 0x88, 0x03, 0x00, 0x00, 0x00, 0x00, 0x00, 0x00, 0x00, 0x00, 0x00, 0x00, 0x00,
    0xF2, 0xFF, 0xFF, 0xEF, 0x9C, 0x04, 0x00, 0x00, 0xF2, 0xFF, 0xFF, 0xFF, 0xFF, 0xCF, 0x02, 0x00,
    0xF2, 0xFF, 0xAD, 0xCA, 0xFF, 0xFF, 0x1D, 0x00, 0xF2, 0xFF, 0x09, 0x00, 0xC2, 0xFF, 0xAF, 0x00,
    0xF2, 0xFF, 0x09, 0x00, 0x10, 0xFD, 0xFF, 0x02, 0xF2, 0xFF, 0x09, 0x00, 0x00, 0xF8, 0xFF, 0x06,
    0xF2, 0xFF, 0x09, 0x00, 0x00, 0xF5, 0xFF, 0x08, 0xF2, 0xFF, 0x09, 0x00, 0x00, 0xF5, 0xFF, 0x08,
    0xF2, 0xFF, 0x09, 0x00, 0x00, 0xF7, 0xFF, 0x06, 0xF2, 0xFF, 0x09, 0x00, 0x10, 0xFD, 0xFF, 0x02,
    0xF2, 0xFF, 0x09, 0x00, 0xB2, 0xFF, 0x9F, 0x00, 0xF2, 0xFF, 0xAD, 0xCA, 0xFF, 0xFF, 0x1D, 0x00,
    0xF2, 0xFF, 0xFF, 0xFF, 0xFF, 0xBF, 0x01, 0x00, 0xF2, 0xFF, 0xFF, 0xEF, 0x9C, 0x04, 0x00, 0x00,
    // Unicode: [0x010F]
    0x00, 0x00, 0x00, 0x00, 0xF3, 0xFF, 0x05, 0xF3, 0xFF, 0x05, 0x00, 0x00, 0x00, 0x00, 0xF3, 0xFF,
    0x05, 0xF7, 0xCF, 0x00, 0x00, 0x00, 0x00, 0x00, 0xF3, 0xFF, 0x05, 0xFB, 0x4F, 0x00, 0x00, 0x00,
    0x00, 0x00, 0xF3, 0xFF, 0x05, 0xFE, 0x0C, 0x00, 0x00, 0x50, 0xEB, 0xCE, 0xF9, 0xFF, 0x45, 0xFF,
    0x04, 0x00, 0x00, 0xF9, 0xFF, 0xFF, 0xFF, 0xFF, 0x45, 0x89, 0x00, 0x00, 0x50, 0xFF, 0xEF, 0x8A,
    0xFB, 0xFF, 0x05, 0x00, 0x00, 0x00, 0xC0, 0xFF, 0x2F, 0x00, 0xF3, 0xFF, 0x05, 0x00, 0x00, 0x00,
    0xF0, 0xFF, 0x0A, 0x00, 0xF3, 0xFF, 0x05, 0x00, 0x00, 0x00, 0xF2, 0xFF, 0x08, 0x00, 0xF3, 0xFF,
    0x05, 0x00, 0x00, 0x00, 0xF1, 0xFF, 0x09, 0x00, 0xF3, 0xFF, 0x05, 0x00, 0x00, 0x00, 0xD0, 0xFF,
    0x1E, 0x00, 0xF4, 0xFF, 0x05, 0x00, 0x00, 0x00, 0x80, 0xFF, 0xEF, 0xBA, 0xFF, 0xFF, 0x05, 0x00,
    0x00, 0x00, 0x10, 0xFD, 0xFF, 0xFF, 0xFE, 0xFF, 0x05, 0x00, 0x00, 0x00, 0x00, 0x91, 0xFE, 0x8D,
    0xF4, 0xFF, 0x05, 0x00, 0x00, 0x00,
    // Unicode: [0x0110]
    0x20, 0xFF, 0xFF, 0xFF, 0xCE, 0x49, 0x00, 0x00, 0x20, 0xFF, 0xFF, 0xFF, 0xFF, 0xFF, 0x2C, 0x00,
    0x20, 0xFF, 0xDF, 0xAA, 0xFC, 0xFF, 0xDF, 0x01, 0x20, 0xFF, 0x9F, 0x00, 0x20, 0xFC, 0xFF, 0x0A,
    0x20, 0xFF, 0x9F, 0x00, 0x00, 0xD1, 0xFF, 0x2F, 0xFB, 0xFF, 0xFF, 0xFF, 0x0B, 0x80, 0xFF, 0x6F,
    0xFB, 0xFF, 0xFF, 0xFF, 0x0B, 0x50, 0xFF, 0x8F, 0x52, 0xFF, 0xAF, 0x33, 0x02, 0x50, 0xFF, 0x8F,
    0x20, 0xFF, 0x9F, 0x00, 0x00, 0x70, 0xFF, 0x6F, 0x20, 0xFF, 0x9F, 0x00, 0x00, 0xD1, 0xFF, 0x2F,
    0x20, 0xFF, 0x9F, 0x00, 0x20, 0xFB, 0xFF, 0x09, 0x20, 0xFF, 0xDF, 0xAA, 0xFC, 0xFF, 0xDF, 0x01,
    0x20, 0xFF, 0xFF, 0xFF, 0xFF, 0xFF, 0x1B, 0x00, 0x20, 0xFF, 0xFF, 0xFF, 0xCE, 0x49, 0x00, 0x00,
    // Unicode: [0x0111]
    0x00, 0x00, 0x00, 0x00, 0xF3, 0xFF, 0x05, 0x00, 0x00, 0x60, 0xFF, 0xFF, 0xFF, 0x9F, 0x00, 0x00,
    0x50, 0xFF, 0xFF, 0xFF, 0x8F, 0x00, 0x00, 0x00, 0x00, 0xF3, 0xFF, 0x05, 0x00, 0x50, 0xEB, 0xCE,
    0xF8, 0xFF, 0x05, 0x00, 0xF9, 0xFF, 0xFF, 0xFF, 0xFF, 0x05, 0x50, 0xFF, 0xEF, 0x8A, 0xFB, 0xFF,
    0x05, 0xC0, 0xFF, 0x2F, 0x00, 0xF3, 0xFF, 0x05, 0xF0, 0xFF, 0x0A, 0x00, 0xF3, 0xFF, 0x05, 0xF2,
    0xFF, 0x08, 0x00, 0xF3, 0xFF, 0x05, 0xF1, 0xFF, 0x09, 0x00, 0xF3, 0xFF, 0x05, 0xD0, 0xFF, 0x1E,
    0x00, 0xF4, 0xFF, 0x05, 0x80, 0xFF, 0xEF, 0xBA, 0xFF, 0xFF, 0x05, 0x10, 0xFD, 0xFF, 0xFF, 0xFE,
    0xFF, 0x05, 0x00, 0x91, 0xFE, 0x8D, 0xF4, 0xFF, 0x05,
    // Unicode: [0x0112]
    0x00, 0xFC, 0xFF, 0xFF, 0xFF, 0x00, 0x00, 0xFC, 0xFF, 0xFF, 0xFF, 0x00, 0x00, 0x00, 0x00, 0x00,
    0x00, 0x00, 0x00, 0x00, 0x00, 0x00, 0x00, 0x00, 0xF2, 0xFF, 0xFF, 0xFF, 0xFF, 0x6F, 0xF2, 0xFF,
    0xFF, 0xFF, 0xFF, 0x6F, 0xF2, 0xFF, 0xBD, 0xBB, 0xBB, 0x4B, 0xF2, 0xFF, 0x09, 0x00, 0x00, 0x00,
    0xF2, 0xFF, 0x09, 0x00, 0x00, 0x00, 0xF2, 0xFF, 0xFF, 0xFF, 0xFF, 0x0D, 0xF2, 0xFF, 0xFF, 0xFF,
    0xFF, 0x0D, 0xF2, 0xFF, 0xBD, 0xBB, 0xBB, 0x0A, 0xF2, 0xFF, 0x09, 0x00, 0x00, 0x00, 0xF2, 0xFF,
    0x09, 0x00, 0x00, 0x00, 0xF2, 0xFF, 0x09, 0x00, 0x00, 0x00, 0xF2, 0xFF, 0xBD, 0xBB, 0xBB, 0x4B,
    0xF2, 0xFF, 0xFF, 0xFF, 0xFF, 0x6F, 0xF2, 0xFF, 0xFF, 0xFF, 0xFF, 0x6F,
    // Unicode: [0x0113]
    0x00, 0xF0, 0xFF, 0xFF, 0xFF, 0x0C, 0x00, 0x00, 0xF0, 0xFF, 0xFF, 0xFF, 0x0C, 0x00, 0x00, 0x00,
    0x00, 0x00, 0x00, 0x00, 0x00, 0x00, 0x00, 0x00, 0x00, 0x00, 0x00, 0x00, 0x00, 0x30, 0xD9, 0xFE,
    0xAD, 0x03, 0x00, 0x00, 0xF6, 0xFF, 0xFF, 0xFF, 0x5F, 0x00, 0x40, 0xFF, 0x7F, 0x43, 0xFB, 0xEF,
    0x01, 0xC0, 0xFF, 0x08, 0x00, 0xF2, 0xFF, 0x05, 0xF1, 0xFF, 0xFF, 0xFF, 0xFF, 0xFF, 0x07, 0xF2,
    0xFF, 0xFF, 0xFF, 0xFF, 0xFF, 0x07, 0xF1, 0xFF, 0x08, 0x00, 0x00, 0x00, 0x00, 0xC0, 0xFF, 0x2E,
    0x00, 0x00, 0x60, 0x02, 0x50, 0xFF, 0xEF, 0x79, 0x97, 0xFD, 0x04, 0x00, 0xF7, 0xFF, 0xFF, 0xFF,
    0xFF, 0x04, 0x00, 0x20, 0xC8, 0xFE, 0xDE, 0x5A, 0x01,
    // Unicode: [0x0114]
    0x00, 0xF8, 0x09, 0x40, 0xDF, 0x00, 0x00, 0xF5, 0x3E, 0xB1, 0xAF, 0x00, 0x00, 0xB0, 0xFF, 0xFF,
    0x2E, 0x00, 0x00, 0x00, 0x96, 0x7A, 0x01, 0x00, 0x00, 0x00, 0x00, 0x00, 0x00, 0x00, 0xF2, 0xFF,
    0xFF, 0xFF, 0xFF, 0x6F, 0xF2, 0xFF, 0xFF, 0xFF, 0xFF, 0x6F, 0xF2, 0xFF, 0xBD, 0xBB, 0xBB, 0x4B,
    0xF2, 0xFF, 0x09, 0x00, 0x00, 0x00, 0xF2, 0xFF, 0x09, 0x00, 0x00, 0x00, 0xF2, 0xFF, 0xFF, 0xFF,
    0xFF, 0x0D, 0xF2, 0xFF, 0xFF, 0xFF, 0xFF, 0x0D, 0xF2, 0xFF, 0xBD, 0xBB, 0xBB, 0x0A, 0xF2, 0xFF,
    0x09, 0x00, 0x00, 0x00, 0xF2, 0xFF, 0x09, 0x00, 0x00, 0x00, 0xF2, 0xFF, 0x09, 0x00, 0x00, 0x00,
    0xF2, 0xFF, 0xBD, 0xBB, 0xBB, 0x4B, 0xF2, 0xFF, 0xFF, 0xFF, 0xFF, 0x6F, 0xF2, 0xFF, 0xFF, 0xFF,
    0xFF, 0x6F,
    // Unicode: [0x0115]
    0x00, 0xA0, 0x7F, 0x00, 0xF6, 0x0B, 0x00, 0x00, 0x70, 0xDF, 0x22, 0xFC, 0x08, 0x00, 0x00, 0x10,
    0xFD, 0xFF, 0xDF, 0x01, 0x00, 0x00, 0x00, 0x60, 0x99, 0x16, 0x00, 0x00, 0x00, 0x00, 0x00, 0x00,
    0x00, 0x00, 0x00, 0x00, 0x30, 0xD9, 0xFE, 0xAD, 0x03, 0x00, 0x00, 0xF6, 0xFF, 0xFF, 0xFF, 0x5F,
    0x00, 0x40, 0xFF, 0x7F, 0x43, 0xFB, 0xEF, 0x01, 0xC0, 0xFF, 0x08, 0x00, 0xF2, 0xFF, 0x05, 0xF1,
    0xFF, 0xFF, 0xFF, 0xFF, 0xFF, 0x07, 0xF2, 0xFF, 0xFF, 0xFF, 0xFF, 0xFF, 0x07, 0xF1, 0xFF, 0x08,
    0x00, 0x00, 0x00, 0x00, 0xC0, 0xFF, 0x2E, 0x00, 0x00, 0x60, 0x02, 0x50, 0xFF, 0xEF, 0x79, 0x97,
    0xFD, 0x04, 0x00, 0xF7, 0xFF, 0xFF, 0xFF, 0xFF, 0x04, 0x00, 0x20, 0xC8, 0xFE, 0xDE, 0x5A, 0x01,
    // Unicode: [0x0116]
    0x00, 0x00, 0x95, 0x99, 0x00, 0x00, 0x00, 0x00, 0xF9, 0xFF, 0x00, 0x00, 0x00, 0x00, 0xF9, 0xFF,
    0x00, 0x00, 0x00, 0x00, 0x00, 0x00, 0x00, 0x00, 0x00, 0x00, 0x00, 0x00, 0x00, 0x00, 0xF2, 0xFF,
    0xFF, 0xFF, 0xFF, 0x6F, 0xF2, 0xFF, 0xFF, 0xFF, 0xFF, 0x6F, 0xF2, 0xFF, 0xBD, 0xBB, 0xBB, 0x4B,
    0xF2, 0xFF, 0x09, 0x00, 0x00, 0x00, 0xF2, 0xFF, 0x09, 0x00, 0x00, 0x00, 0xF2, 0xFF, 0xFF, 0xFF,
    0xFF, 0x0D, 0xF2, 0xFF, 0xFF, 0xFF, 0xFF, 0x0D, 0xF2, 0xFF, 0xBD, 0xBB, 0xBB, 0x0A, 0xF2, 0xFF,
    0x09, 0x00, 0x00, 0x00, 0xF2, 0xFF, 0x09, 0x00, 0x00, 0x00, 0xF2, 0xFF, 0x09, 0x00, 0x00, 0x00,
    0xF2, 0xFF, 0xBD, 0xBB, 0xBB, 0x4B, 0xF2, 0xFF, 0xFF, 0xFF, 0xFF, 0x6F, 0xF2, 0xFF, 0xFF, 0xFF,
    0xFF, 0x6F,
    // Unicode: [0x0117]
    0x00, 0x00, 0xD0, 0xFF, 0x0B, 0x00, 0x00, 0x00, 0x00, 0xD0, 0xFF, 0x0B, 0x00, 0x00, 0x00, 0x00,
    0x80, 0x99, 0x07, 0x00, 0x00, 0x00, 0x00, 0x00, 0x00, 0x00, 0x00, 0x00, 0x00, 0x30, 0xD9, 0xFE,
    0xAD, 0x03, 0x00, 0x00, 0xF6, 0xFF, 0xFF, 0xFF, 0x5F, 0x00, 0x40, 0xFF, 0x7F, 0x43, 0xFB, 0xEF,
    0x01, 0xC0, 0xFF, 0x08, 0x00, 0xF2, 0xFF, 0x05, 0xF1, 0xFF, 0xFF, 0xFF, 0xFF, 0xFF, 0x07, 0xF2,
    0xFF, 0xFF, 0xFF, 0xFF, 0xFF, 0x07, 0xF1, 0xFF, 0x08, 0x00, 0x00, 0x00, 0x00, 0xC0, 0xFF, 0x2E,
    0x00, 0x00, 0x60, 0x02, 0x50, 0xFF, 0xEF, 0x79, 0x97, 0xFD, 0x04, 0x00, 0xF7, 0xFF, 0xFF, 0xFF,
    0xFF, 0x04, 0x00, 0x20, 0xC8, 0xFE, 0xDE, 0x5A, 0x01,
    // Unicode: [0x0118]
    0xF2, 0xFF, 0xFF, 0xFF, 0xFF, 0x6F, 0x00, 0xF2, 0xFF, 0xFF, 0xFF, 0xFF, 0x6F, 0x00, 0xF2, 0xFF,
    0xBD, 0xBB, 0xBB, 0x4B, 0x00, 0xF2, 0xFF, 0x09, 0x00, 0x00, 0x00, 0x00, 0xF2, 0xFF, 0x09, 0x00,
    0x00, 0x00, 0x00, 0xF2, 0xFF, 0xFF, 0xFF, 0xFF, 0x0D, 0x00, 0xF2, 0xFF, 0xFF, 0xFF, 0xFF, 0x0D,
    0x00, 0xF2, 0xFF, 0xBD, 0xBB, 0xBB, 0x0A, 0x00, 0xF2, 0xFF, 0x09, 0x00, 0x00, 0x00, 0x00, 0xF2,
    0xFF, 0x09, 0x00, 0x00, 0x00, 0x00, 0xF2, 0xFF, 0x09, 0x00, 0x00, 0x00, 0x00, 0xF2, 0xFF, 0xCE,
    0xCC, 0xCC, 0x5C, 0x00, 0xF2, 0xFF, 0xFF, 0xFF, 0xFF, 0x6F, 0x00, 0xF2, 0xFF, 0xFF, 0xFF, 0xFF,
    0x6F, 0x00, 0x00, 0x00, 0x00, 0xF5, 0x0C, 0x00, 0x00, 0x00, 0x00, 0x00, 0xF3, 0x2E, 0x00, 0x00,
    0x00, 0x00, 0x00, 0xD0, 0xFF, 0xEC, 0x03, 0x00, 0x00, 0x00, 0x20, 0xEA, 0xDF, 0x02,
    // Unicode: [0x0119]
    0x00, 0x20, 0xD9, 0xFE, 0xAD, 0x03, 0x00, 0x00, 0xF6, 0xFF, 0xFF, 0xFF, 0x5F, 0x00, 0x40, 0xFF,
    0x7F, 0x43, 0xFB, 0xEF, 0x01, 0xB0, 0xFF, 0x08, 0x00, 0xF2, 0xFF, 0x05, 0xF0, 0xFF, 0xFF, 0xFF,
    0xFF, 0xFF, 0x07, 0xF2, 0xFF, 0xFF, 0xFF, 0xFF, 0xFF, 0x07, 0xF1, 0xFF, 0x08, 0x00, 0x00, 0x00,
    0x00, 0xD0, 0xFF, 0x1D, 0x00, 0x00, 0x50, 0x02, 0x70, 0xFF, 0xEF, 0x58, 0x75, 0xFC, 0x04, 0x00,
    0xFB, 0xFF, 0xFF, 0xFF, 0xFF, 0x04, 0x00, 0x60, 0xFD, 0xFF, 0xFF, 0x8D, 0x01, 0x00, 0x00, 0x20,
    0xF6, 0x1D, 0x00, 0x00, 0x00, 0x00, 0x00, 0xF2, 0x3F, 0x00, 0x00, 0x00, 0x00, 0x00, 0xC0, 0xFF,
    0xED, 0x04, 0x00, 0x00, 0x00, 0x20, 0xEA, 0xDF, 0x03,
    // Unicode: [0x011A]
    0x00, 0x87, 0x04, 0x10, 0x88, 0x02, 0x00, 0xF6, 0x3F, 0xB0, 0xBF, 0x00, 0x00, 0x90, 0xDF, 0xF9,
    0x1D, 0x00, 0x00, 0x00, 0xFC, 0xFF, 0x03, 0x00, 0x00, 0x00, 0x82, 0x48, 0x00, 0x00, 0x00, 0x00,
    0x00, 0x00, 0x00, 0x00, 0xF2, 0xFF, 0xFF, 0xFF, 0xFF, 0x6F, 0xF2, 0xFF, 0xFF, 0xFF, 0xFF, 0x6F,
    0xF2, 0xFF, 0xBD, 0xBB, 0xBB, 0x4B, 0xF2, 0xFF, 0x09, 0x00, 0x00, 0x00, 0xF2, 0xFF, 0x09, 0x00,
    0x00, 0x00, 0xF2, 0xFF, 0xFF, 0xFF, 0xFF, 0x0D, 0xF2, 0xFF, 0xFF, 0xFF, 0xFF, 0x0D, 0xF2, 0xFF,
    0xBD, 0xBB, 0xBB, 0x0A, 0xF2, 0xFF, 0x09, 0x00, 0x00, 0x00, 0xF2, 0xFF, 0x09, 0x00, 0x00, 0x00,
    0xF2, 0xFF, 0x09, 0x00, 0x00, 0x00, 0xF2, 0xFF, 0xBD, 0xBB, 0xBB, 0x4B, 0xF2, 0xFF, 0xFF, 0xFF,
    0xFF, 0x6F, 0xF2, 0xFF, 0xFF, 0xFF, 0xFF, 0x6F,
    // Unicode: [0x011B]
    0x00, 0xD1, 0xAF, 0x00, 0xFA, 0x1C, 0x00, 0x00, 0x20, 0xFE, 0x88, 0xDF, 0x02, 0x00, 0x00, 0x00,
    0xE3, 0xFF, 0x2E, 0x00, 0x00, 0x00, 0x00, 0x40, 0x88, 0x03, 0x00, 0x00, 0x00, 0x00, 0x00, 0x00,
    0x00, 0x00, 0x00, 0x00, 0x30, 0xD9, 0xFE, 0xAD, 0x03, 0x00, 0x00, 0xF6, 0xFF, 0xFF, 0xFF, 0x5F,
    0x00, 0x40, 0xFF, 0x7F, 0x43, 0xFB, 0xEF, 0x01, 0xC0, 0xFF, 0x08, 0x00, 0xF2, 0xFF, 0x05, 0xF1,
    0xFF, 0xFF, 0xFF, 0xFF, 0xFF, 0x07, 0xF2, 0xFF, 0xFF, 0xFF, 0xFF, 0xFF, 0x07, 0xF1, 0xFF, 0x08,
    0x00, 0x00, 0x00, 0x00, 0xC0, 0xFF, 0x2E, 0x00, 0x00, 0x60, 0x02, 0x50, 0xFF, 0xEF, 0x79, 0x97,
    0xFD, 0x04, 0x00, 0xF7, 0xFF, 0xFF, 0xFF, 0xFF, 0x04, 0x00, 0x20, 0xC8, 0xFE, 0xDE, 0x5A, 0x01,
    // Unicode: [0x011C]
    0x00, 0x00, 0x10, 0xFC, 0x5F, 0x00, 0x00, 0x00, 0x00, 0xA0, 0xEF, 0xEF, 0x03, 0x00, 0x00, 0x00,
    0xF7, 0x3E, 0xFA, 0x1D, 0x00, 0x00, 0x40, 0xFF, 0x05, 0xD1, 0xAF, 0x00, 0x00, 0x00, 0x00, 0x00,
    0x00, 0x00, 0x00, 0x00, 0x00, 0x00, 0x00, 0x00, 0x00, 0x00, 0x00, 0x10, 0xB7, 0xED, 0xEF, 0x8C,
    0x03, 0x00, 0xE5, 0xFF, 0xFF, 0xFF, 0xFF, 0x9F, 0x60, 0xFF, 0xFF, 0xBE, 0xBA, 0xFE, 0xAF, 0xF2,
    0xFF, 0x8F, 0x01, 0x00, 0x50, 0xAC, 0xF9, 0xFF, 0x09, 0x00, 0x00, 0x00, 0x20, 0xFD, 0xFF, 0x02,
    0x00, 0x00, 0x00, 0x00, 0xFE, 0xEF, 0x00, 0xF0, 0xFF, 0xFF, 0xBF, 0xFE, 0xEF, 0x00, 0xF0, 0xFF,
    0xFF, 0xBF, 0xFD, 0xFF, 0x02, 0xA0, 0xAA, 0xFF, 0xBF, 0xF9, 0xFF, 0x09, 0x00, 0x10, 0xFF, 0xBF,
    0xF3, 0xFF, 0x8F, 0x01, 0x10, 0xFF, 0xBF, 0x70, 0xFF, 0xFF, 0xBE, 0xAA, 0xFF, 0xBF, 0x00, 0xF6,
    0xFF, 0xFF, 0xFF, 0xFF, 0xBF, 0x00, 0x10, 0xB7, 0xFE, 0xEF, 0x8B, 0x04,
    // Unicode: [0x011D]
    0x00, 0x00, 0x70, 0xFF, 0x0B, 0x00, 0x00, 0x00, 0x00, 0xF4, 0xEF, 0x8F, 0x00, 0x00, 0x00, 0x20,
    0xFE, 0x58, 0xFF, 0x05, 0x00, 0x00, 0xC0, 0xAF, 0x00, 0xF8, 0x2E, 0x00, 0x00, 0x00, 0x00, 0x00,
    0x00, 0x00, 0x00, 0x00, 0x60, 0xEC, 0xCE, 0xFA, 0xFF, 0x05, 0x00, 0xFA, 0xFF, 0xFF, 0xFF, 0xFF,
    0x05, 0x60, 0xFF, 0xEF, 0x8A, 0xFB, 0xFF, 0x05, 0xD0, 0xFF, 0x2F, 0x00, 0xF3, 0xFF, 0x05, 0xF1,
    0xFF, 0x0A, 0x00, 0xF3, 0xFF, 0x05, 0xF2, 0xFF, 0x08, 0x00, 0xF3, 0xFF, 0x05, 0xF1, 0xFF, 0x09,
    0x00, 0xF3, 0xFF, 0x05, 0xD0, 0xFF, 0x1E, 0x00, 0xF4, 0xFF, 0x05, 0x90, 0xFF, 0xEF, 0xBA, 0xFF,
    0xFF, 0x05, 0x10, 0xFD, 0xFF, 0xFF, 0xFF, 0xFF, 0x05, 0x00, 0x91, 0xFD, 0xAE, 0xF5, 0xFF, 0x04,
    0x00, 0x00, 0x00, 0x00, 0xF8, 0xFF, 0x01, 0x00, 0xCE, 0x79, 0xB8, 0xFF, 0xBF, 0x00, 0x00, 0xFE,
    0xFF, 0xFF, 0xFF, 0x2D, 0x00, 0x00, 0xC9, 0xEE, 0xEF, 0x7C, 0x01, 0x00,
    // Unicode: [0x011E]
    0x00, 0x10, 0x88, 0x01, 0x60, 0x38, 0x00, 0x00, 0x00, 0xFF, 0x04, 0xE1, 0x4F, 0x00, 0x00, 0x00,
    0xF9, 0xBE, 0xFD, 0x0C, 0x00, 0x00, 0x00, 0x70, 0xED, 0x9D, 0x01, 0x00, 0x00, 0x00, 0x00, 0x00,
    0x00, 0x00, 0x00, 0x00, 0x00, 0x00, 0x00, 0x00, 0x00, 0x00, 0x00, 0x10, 0xB7, 0xED, 0xEF, 0x8C,
    0x03, 0x00, 0xE5, 0xFF, 0xFF, 0xFF, 0xFF, 0x9F, 0x60, 0xFF, 0xFF, 0xBE, 0xBA, 0xFE, 0xAF, 0xF2,
    0xFF, 0x8F, 0x01, 0x00, 0x50, 0xAC, 0xF9, 0xFF, 0x09, 0x00, 0x00, 0x00, 0x20, 0xFD, 0xFF, 0x02,
    0x00, 0x00, 0x00, 0x00, 0xFE, 0xEF, 0x00, 0xF0, 0xFF, 0xFF, 0xBF, 0xFE, 0xEF, 0x00, 0xF0, 0xFF,
    0xFF, 0xBF, 0xFD, 0xFF, 0x02, 0xA0, 0xAA, 0xFF, 0xBF, 0xF9, 0xFF, 0x09, 0x00, 0x10, 0xFF, 0xBF,
    0xF3, 0xFF, 0x8F, 0x01, 0x10, 0xFF, 0xBF, 0x70, 0xFF, 0xFF, 0xBE, 0xAA, 0xFF, 0xBF, 0x00, 0xF6,
    0xFF, 0xFF, 0xFF, 0xFF, 0xBF, 0x00, 0x10, 0xB7, 0xFE, 0xEF, 0x8B, 0x04,
    // Unicode: [0x011F]
    0x00, 0x50, 0x48, 0x00, 0x83, 0x06, 0x00, 0x00, 0x80, 0xBF, 0x00, 0xF8, 0x0A, 0x00, 0x00, 0x20,
    0xFF, 0xBC, 0xFF, 0x04, 0x00, 0x00, 0x00, 0xB3, 0xEE, 0x4C, 0x00, 0x00, 0x00, 0x00, 0x00, 0x00,
    0x00, 0x00, 0x00, 0x00, 0x60, 0xEC, 0xCE, 0xFA, 0xFF, 0x05, 0x00, 0xFA, 0xFF, 0xFF, 0xFF, 0xFF,
    0x05, 0x60, 0xFF, 0xEF, 0x8A, 0xFB, 0xFF, 0x05, 0xD0, 0xFF, 0x2F, 0x00, 0xF3, 0xFF, 0x05, 0xF1,
    0xFF, 0x0A, 0x00, 0xF3, 0xFF, 0x05, 0xF2, 0xFF, 0x08, 0x00, 0xF3, 0xFF, 0x05, 0xF1, 0xFF, 0x09,
    0x00, 0xF3, 0xFF, 0x05, 0xD0, 0xFF, 0x1E, 0x00, 0xF4, 0xFF, 0x05, 0x90, 0xFF, 0xEF, 0xBA, 0xFF,
    0xFF, 0x05, 0x10, 0xFD, 0xFF, 0xFF, 0xFF, 0xFF, 0x05, 0x00, 0x91, 0xFD, 0xAE, 0xF5, 0xFF, 0x04,
    0x00, 0x00, 0x00, 0x00, 0xF8, 0xFF, 0x01, 0x00, 0xCE, 0x79, 0xB8, 0xFF, 0xBF, 0x00, 0x00, 0xFE,
    0xFF, 0xFF, 0xFF, 0x2D, 0x00, 0x00, 0xC9, 0xEE, 0xEF, 0x7C, 0x01, 0x00,
    // Unicode: [0x0120]
    0x00, 0x00, 0x10, 0x99, 0x49, 0x00, 0x00, 0x00, 0x00, 0x20, 0xFF, 0x7F, 0x00, 0x00, 0x00, 0x00,
    0x20, 0xFF, 0x7F, 0x00, 0x00, 0x00, 0x00, 0x00, 0x00, 0x00, 0x00, 0x00, 0x00, 0x00, 0x00, 0x00,
    0x00, 0x00, 0x00, 0x00, 0x10, 0xB7, 0xED, 0xEF, 0x8C, 0x03, 0x00, 0xE5, 0xFF, 0xFF, 0xFF, 0xFF,
    0x9F, 0x60, 0xFF, 0xFF, 0xBE, 0xBA, 0xFE, 0xAF, 0xF2, 0xFF, 0x8F, 0x01, 0x00, 0x50, 0xAC, 0xF9,
    0xFF, 0x09, 0x00, 0x00, 0x00, 0x20, 0xFD, 0xFF, 0x02, 0x00, 0x00, 0x00, 0x00, 0xFE, 0xEF, 0x00,
    0xF0, 0xFF, 0xFF, 0xBF, 0xFE, 0xEF, 0x00, 0xF0, 0xFF, 0xFF, 0xBF, 0xFD, 0xFF, 0x02, 0xA0, 0xAA,
    0xFF, 0xBF, 0xF9, 0xFF, 0x09, 0x00, 0x10, 0xFF, 0xBF, 0xF3, 0xFF, 0x8F, 0x01, 0x10, 0xFF, 0xBF,
    0x70, 0xFF, 0xFF, 0xBE, 0xAA, 0xFF, 0xBF, 0x00, 0xF6, 0xFF, 0xFF, 0xFF, 0xFF, 0xBF, 0x00, 0x10,
    0xB7, 0xFE, 0xEF, 0x8B, 0x04,
    // Unicode: [0x0121]
    0x00, 0x00, 0xA0, 0xFF, 0x0E, 0x00, 0x00, 0x00, 0x00, 0xA0, 0xFF, 0x0E, 0x00, 0x00, 0x00, 0x00,
    0x60, 0x99, 0x08, 0x00, 0x00, 0x00, 0x00, 0x00, 0x00, 0x00, 0x00, 0x00, 0x00, 0x60, 0xEC, 0xCE,
    0xFA, 0xFF, 0x05, 0x00, 0xFA, 0xFF, 0xFF, 0xFF, 0xFF, 0x05, 0x60, 0xFF, 0xEF, 0x8A, 0xFB, 0xFF,
    0x05, 0xD0, 0xFF, 0x2F, 0x00, 0xF3, 0xFF, 0x05, 0xF1, 0xFF, 0x0A, 0x00, 0xF3, 0xFF, 0x05, 0xF2,
    0xFF, 0x08, 0x00, 0xF3, 0xFF, 0x05, 0xF1, 0xFF, 0x09, 0x00, 0xF3, 0xFF, 0x05, 0xD0, 0xFF, 0x1E,
    0x00, 0xF4, 0xFF, 0x05, 0x90, 0xFF, 0xEF, 0xBA, 0xFF, 0xFF, 0x05, 0x10, 0xFD, 0xFF, 0xFF, 0xFF,
    0xFF, 0x05, 0x00, 0x91, 0xFD, 0xAE, 0xF5, 0xFF, 0x04, 0x00, 0x00, 0x00, 0x00, 0xF8, 0xFF, 0x01,
    0x00, 0xCE, 0x79, 0xB8, 0xFF, 0xBF, 0x00, 0x00, 0xFE, 0xFF, 0xFF, 0xFF, 0x2D, 0x00, 0x00, 0xC9,
    0xEE, 0xEF, 0x7C, 0x01, 0x00,
    // Unicode: [0x0122]
    0x00, 0x10, 0xB6, 0xED, 0xEF, 0x8C, 0x03, 0x00, 0xE5, 0xFF, 0xFF, 0xFF, 0xFF, 0x9F, 0x60, 0xFF,
    0xFF, 0xBE, 0xCA, 0xFE, 0xAF, 0xF2, 0xFF, 0x8F, 0x01, 0x00, 0x61, 0xAE, 0xF8, 0xFF, 0x09, 0x00,
    0x00, 0x00, 0x41, 0xFD, 0xFF, 0x02, 0x00, 0x00, 0x00, 0x00, 0xFE, 0xEF, 0x00, 0xA0, 0xAA, 0xAA,
    0x7A, 0xFE, 0xEF, 0x00, 0xF0, 0xFF, 0xFF, 0xBF, 0xFD, 0xFF, 0x02, 0xF0, 0xFF, 0xFF, 0xBF, 0xF9,
    0xFF, 0x09, 0x00, 0x10, 0xFF, 0xBF, 0xF3, 0xFF, 0x8F, 0x01, 0x10, 0xFF, 0xBF, 0x70, 0xFF, 0xFF,
    0xBE, 0xA9, 0xFF, 0xBF, 0x00, 0xF6, 0xFF, 0xFF, 0xFF, 0xFF, 0xBF, 0x00, 0x10, 0xB7, 0xFE, 0xFF,
    0x9C, 0x15, 0x00, 0x00, 0x00, 0x10, 0xFF, 0x02, 0x00, 0x00, 0x00, 0x01, 0x60, 0xFF, 0x00, 0x00,
    0x00, 0x00, 0xE7, 0xFD, 0x9F, 0x00, 0x00, 0x00, 0x00, 0xE5, 0xDF, 0x18, 0x00, 0x00,
    // Unicode: [0x0123]
    0x00, 0x00, 0x00, 0xB0, 0xCF, 0x00, 0x00, 0x00, 0x00, 0x00, 0xFA, 0x3F, 0x00, 0x00, 0x00, 0x00,
    0x90, 0xFF, 0x09, 0x00, 0x00, 0x00, 0x00, 0xB4, 0xBB, 0x01, 0x00, 0x00, 0x00, 0x00, 0x00, 0x00,
    0x00, 0x00, 0x00, 0x00, 0x60, 0xEC, 0xCE, 0xFA, 0xFF, 0x05, 0x00, 0xFA, 0xFF, 0xFF, 0xFF, 0xFF,
    0x05, 0x60, 0xFF, 0xEF, 0x8A, 0xFB, 0xFF, 0x05, 0xD0, 0xFF, 0x2F, 0x00, 0xF3, 0xFF, 0x05, 0xF1,
    0xFF, 0x0A, 0x00, 0xF3, 0xFF, 0x05, 0xF2, 0xFF, 0x08, 0x00, 0xF3, 0xFF, 0x05, 0xF1, 0xFF, 0x09,
    0x00, 0xF3, 0xFF, 0x05, 0xD0, 0xFF, 0x1E, 0x00, 0xF4, 0xFF, 0x05, 0x90, 0xFF, 0xEF, 0xBA, 0xFF,
    0xFF, 0x05, 0x10, 0xFD, 0xFF, 0xFF, 0xFF, 0xFF, 0x05, 0x00, 0x91, 0xFD, 0xAE, 0xF5, 0xFF, 0x04,
    0x00, 0x00, 0x00, 0x00, 0xF8, 0xFF, 0x01, 0x00, 0xCE, 0x79, 0xB8, 0xFF, 0xBF, 0x00, 0x00, 0xFE,
    0xFF, 0xFF, 0xFF, 0x2D, 0x00, 0x00, 0xC9, 0xEE, 0xEF, 0x7C, 0x01, 0x00,
    // Unicode: [0x0124]
    0x00, 0x00, 0x10, 0x87, 0x06, 0x00, 0x00, 0x00, 0x00, 0x90, 0xFF, 0x6F, 0x00, 0x00, 0x00, 0x00,
    0xF6, 0x9E, 0xFF, 0x03, 0x00, 0x00, 0x30, 0xFF, 0x05, 0xFA, 0x1D, 0x00, 0x00, 0x60, 0x68, 0x00,
    0x71, 0x48, 0x00, 0x00, 0x00, 0x00, 0x00, 0x00, 0x00, 0x00, 0xF2, 0xFF, 0x09, 0x00, 0x00, 0xFD,
    0xDF, 0xF2, 0xFF, 0x09, 0x00, 0x00, 0xFD, 0xDF, 0xF2, 0xFF, 0x09, 0x00, 0x00, 0xFD, 0xDF, 0xF2,
    0xFF, 0x09, 0x00, 0x00, 0xFD, 0xDF, 0xF2, 0xFF, 0x09, 0x00, 0x00, 0xFD, 0xDF, 0xF2, 0xFF, 0xFF,
    0xFF, 0xFF, 0xFF, 0xDF, 0xF2, 0xFF, 0xFF, 0xFF, 0xFF, 0xFF, 0xDF, 0xF2, 0xFF, 0xBD, 0xBB, 0xBB,
    0xFE, 0xDF, 0xF2, 0xFF, 0x09, 0x00, 0x00, 0xFD, 0xDF, 0xF2, 0xFF, 0x09, 0x00, 0x00, 0xFD, 0xDF,
    0xF2, 0xFF, 0x09, 0x00, 0x00, 0xFD, 0xDF, 0xF2, 0xFF, 0x09, 0x00, 0x00, 0xFD, 0xDF, 0xF2, 0xFF,
    0x09, 0x00, 0x00, 0xFD, 0xDF, 0xF2, 0xFF, 0x09, 0x00, 0x00, 0xFD, 0xDF,
    // Unicode: [0x0125]
    0x00, 0x00, 0x40, 0x34, 0x00, 0x00, 0x00, 0x00, 0xF8, 0xFF, 0x05, 0x00, 0x00, 0x70, 0xEF, 0xF8,
    0x4F, 0x00, 0x00, 0xF6, 0x3E, 0x70, 0xEF, 0x03, 0x00, 0x22, 0x01, 0x00, 0x22, 0x01, 0xF5, 0xFF,
    0x03, 0x00, 0x00, 0x00, 0xF5, 0xFF, 0x03, 0x00, 0x00, 0x00, 0xF5, 0xFF, 0x03, 0x00, 0x00, 0x00,
    0xF5, 0xFF, 0x03, 0x00, 0x00, 0x00, 0xF5, 0xFF, 0x53, 0xEC, 0xBE, 0x03, 0xF5, 0xFF, 0xFC, 0xFF,
    0xFF, 0x1E, 0xF5, 0xFF, 0xFF, 0xFF, 0xFF, 0x7F, 0xF5, 0xFF, 0x28, 0x60, 0xFF, 0x9F, 0xF5, 0xFF,
    0x03, 0x00, 0xFE, 0xAF, 0xF5, 0xFF, 0x03, 0x00, 0xFD, 0xAF, 0xF5, 0xFF, 0x03, 0x00, 0xFD, 0xAF,
    0xF5, 0xFF, 0x03, 0x00, 0xFD, 0xAF, 0xF5, 0xFF, 0x03, 0x00, 0xFD, 0xAF, 0xF5, 0xFF, 0x03, 0x00,
    0xFD, 0xAF, 0xF5, 0xFF, 0x03, 0x00, 0xFD, 0xAF,
    // Unicode: [0x0126]
    0x20, 0xFF, 0x9F, 0x00, 0x00, 0xD0, 0xFF, 0x0D, 0x00, 0xF7, 0xFF, 0xFF, 0xFF, 0xFF, 0xFF, 0xFF,
    0xFF, 0x03, 0xF7, 0xFF, 0xFF, 0xFF, 0xFF, 0xFF, 0xFF, 0xFF, 0x03, 0x30, 0xFF, 0x9F, 0x11, 0x11,
    0xD1, 0xFF, 0x1D, 0x00, 0x20, 0xFF, 0x9F, 0x00, 0x00, 0xD0, 0xFF, 0x0D, 0x00, 0x20, 0xFF, 0xFF,
    0xFF, 0xFF, 0xFF, 0xFF, 0x0D, 0x00, 0x20, 0xFF, 0xFF, 0xFF, 0xFF, 0xFF, 0xFF, 0x0D, 0x00, 0x20,
    0xFF, 0xDF, 0xBB, 0xBB, 0xEB, 0xFF, 0x0D, 0x00, 0x20, 0xFF, 0x9F, 0x00, 0x00, 0xD0, 0xFF, 0x0D,
    0x00, 0x20, 0xFF, 0x9F, 0x00, 0x00, 0xD0, 0xFF, 0x0D, 0x00, 0x20, 0xFF, 0x9F, 0x00, 0x00, 0xD0,
    0xFF, 0x0D, 0x00, 0x20, 0xFF, 0x9F, 0x00, 0x00, 0xD0, 0xFF, 0x0D, 0x00, 0x20, 0xFF, 0x9F, 0x00,
    0x00, 0xD0, 0xFF, 0x0D, 0x00, 0x20, 0xFF, 0x9F, 0x00, 0x00, 0xD0, 0xFF, 0x0D, 0x00,
    // Unicode: [0x0127]
    0x50, 0xFF, 0x3F, 0x00, 0x00, 0x00, 0x00, 0xF9, 0xFF, 0xFF, 0xFF, 0x05, 0x00, 0x00, 0xF9, 0xFF,
    0xFF, 0xFF, 0x05, 0x00, 0x00, 0x50, 0xFF, 0x3F, 0x00, 0x00, 0x00, 0x00, 0x50, 0xFF, 0x3F, 0xC5,
    0xEE, 0x3B, 0x00, 0x50, 0xFF, 0xCF, 0xFF, 0xFF, 0xEF, 0x01, 0x50, 0xFF, 0xFF, 0xCE, 0xFF, 0xFF,
    0x07, 0x50, 0xFF, 0x5F, 0x00, 0xF3, 0xFF, 0x09, 0x50, 0xFF, 0x3F, 0x00, 0xE0, 0xFF, 0x0A, 0x50,
    0xFF, 0x3F, 0x00, 0xD0, 0xFF, 0x0A, 0x50, 0xFF, 0x3F, 0x00, 0xD0, 0xFF, 0x0A, 0x50, 0xFF, 0x3F,
    0x00, 0xD0, 0xFF, 0x0A, 0x50, 0xFF, 0x3F, 0x00, 0xD0, 0xFF, 0x0A, 0x50, 0xFF, 0x3F, 0x00, 0xD0,
    0xFF, 0x0A, 0x50, 0xFF, 0x3F, 0x00, 0xD0, 0xFF, 0x0A,
    // Unicode: [0x0128]
    0x80, 0xDE, 0x28, 0xF7, 0x0B, 0xF6, 0xFF, 0xFF, 0xFF, 0x07, 0xFB, 0x27, 0xE8, 0x9E, 0x00, 0x00,
    0x00, 0x00, 0x00, 0x00, 0x00, 0x00, 0x00, 0x00, 0x00, 0xFC, 0xFF, 0xFF, 0xFF, 0x0B, 0xFC, 0xFF,
    0xFF, 0xFF, 0x0B, 0x86, 0xFB, 0xFF, 0x8A, 0x06, 0x00, 0xF6, 0xFF, 0x05, 0x00, 0x00, 0xF6, 0xFF,
    0x05, 0x00, 0x00, 0xF6, 0xFF, 0x05, 0x00, 0x00, 0xF6, 0xFF, 0x05, 0x00, 0x00, 0xF6, 0xFF, 0x05,
    0x00, 0x00, 0xF6, 0xFF, 0x05, 0x00, 0x00, 0xF6, 0xFF, 0x05, 0x00, 0x00, 0xF6, 0xFF, 0x05, 0x00,
    0x86, 0xFB, 0xFF, 0x8A, 0x05, 0xFC, 0xFF, 0xFF, 0xFF, 0x0B, 0xFC, 0xFF, 0xFF, 0xFF, 0x0B,
    // Unicode: [0x0129]
    0xD3, 0x8E, 0xD1, 0x0D, 0xFC, 0xFE, 0xFF, 0x0A, 0x8C, 0x60, 0xAC, 0x02, 0x00, 0x00, 0x00, 0x00,
    0x50, 0xFF, 0x3F, 0x00, 0x50, 0xFF, 0x3F, 0x00, 0x50, 0xFF, 0x3F, 0x00, 0x50, 0xFF, 0x3F, 0x00,
    0x50, 0xFF, 0x3F, 0x00, 0x50, 0xFF, 0x3F, 0x00, 0x50, 0xFF, 0x3F, 0x00, 0x50, 0xFF, 0x3F, 0x00,
    0x50, 0xFF, 0x3F, 0x00, 0x50, 0xFF, 0x3F, 0x00, 0x50, 0xFF, 0x3F, 0x00,
    // Unicode: [0x012A]
    0xF7, 0xFF, 0xFF, 0xFF, 0x06, 0xF7, 0xFF, 0xFF, 0xFF, 0x06, 0x00, 0x00, 0x00, 0x00, 0x00, 0x00,
    0x00, 0x00, 0x00, 0x00, 0xFC, 0xFF, 0xFF, 0xFF, 0x0B, 0xFC, 0xFF, 0xFF, 0xFF, 0x0B, 0x86, 0xFB,
    0xFF, 0x8A, 0x06, 0x00, 0xF6, 0xFF, 0x05, 0x00, 0x00, 0xF6, 0xFF, 0x05, 0x00, 0x00, 0xF6, 0xFF,
    0x05, 0x00, 0x00, 0xF6, 0xFF, 0x05, 0x00, 0x00, 0xF6, 0xFF, 0x05, 0x00, 0x00, 0xF6, 0xFF, 0x05,
    0x00, 0x00, 0xF6, 0xFF, 0x05, 0x00, 0x00, 0xF6, 0xFF, 0x05, 0x00, 0x86, 0xFB, 0xFF, 0x8A, 0x05,
    0xFC, 0xFF, 0xFF, 0xFF, 0x0B, 0xFC, 0xFF, 0xFF, 0xFF, 0x0B,
    // Unicode: [0x012B]
    0xF8, 0xFF, 0xFF, 0x06, 0xF8, 0xFF, 0xFF, 0x06, 0x00, 0x00, 0x00, 0x00, 0x00, 0x00, 0x00, 0x00,
    0x50, 0xFF, 0x3F, 0x00, 0x50, 0xFF, 0x3F, 0x00, 0x50, 0xFF, 0x3F, 0x00, 0x50, 0xFF, 0x3F, 0x00,
    0x50, 0xFF, 0x3F, 0x00, 0x50, 0xFF, 0x3F, 0x00, 0x50, 0xFF, 0x3F, 0x00, 0x50, 0xFF, 0x3F, 0x00,
    0x50, 0xFF, 0x3F, 0x00, 0x50, 0xFF, 0x3F, 0x00, 0x50, 0xFF, 0x3F, 0x00,
    // Unicode: [0x012C]
    0xF3, 0x0E, 0x00, 0xFF, 0x03, 0xF1, 0x6F, 0x71, 0xEF, 0x01, 0x70, 0xFF, 0xFF, 0x6F, 0x00, 0x00,
    0x84, 0x8A, 0x03, 0x00, 0x00, 0x00, 0x00, 0x00, 0x00, 0xFC, 0xFF, 0xFF, 0xFF, 0x0B, 0xFC, 0xFF,
    0xFF, 0xFF, 0x0B, 0x86, 0xFB, 0xFF, 0x8A, 0x06, 0x00, 0xF6, 0xFF, 0x05, 0x00, 0x00, 0xF6, 0xFF,
    0x05, 0x00, 0x00, 0xF6, 0xFF, 0x05, 0x00, 0x00, 0xF6, 0xFF, 0x05, 0x00, 0x00, 0xF6, 0xFF, 0x05,
    0x00, 0x00, 0xF6, 0xFF, 0x05, 0x00, 0x00, 0xF6, 0xFF, 0x05, 0x00, 0x00, 0xF6, 0xFF, 0x05, 0x00,
    0x86, 0xFB, 0xFF, 0x8A, 0x05, 0xFC, 0xFF, 0xFF, 0xFF, 0x0B, 0xFC, 0xFF, 0xFF, 0xFF, 0x0B,
    // Unicode: [0x012D]
    0x85, 0x01, 0x82, 0x04, 0xF9, 0x03, 0xF5, 0x07, 0xF5, 0x3A, 0xFC, 0x03, 0xA0, 0xFF, 0x7F, 0x00,
    0x00, 0x42, 0x02, 0x00, 0x50, 0xFF, 0x3F, 0x00, 0x50, 0xFF, 0x3F, 0x00, 0x50, 0xFF, 0x3F, 0x00,
    0x50, 0xFF, 0x3F, 0x00, 0x50, 0xFF, 0x3F, 0x00, 0x50, 0xFF, 0x3F, 0x00, 0x50, 0xFF, 0x3F, 0x00,
    0x50, 0xFF, 0x3F, 0x00, 0x50, 0xFF, 0x3F, 0x00, 0x50, 0xFF, 0x3F, 0x00, 0x50, 0xFF, 0x3F, 0x00,
    // Unicode: [0x012E]
    0xFC, 0xFF, 0xFF, 0xFF, 0x0B, 0xFC, 0xFF, 0xFF, 0xFF, 0x0B, 0x86, 0xFB, 0xFF, 0x8A, 0x06, 0x00,
    0xF6, 0xFF, 0x05, 0x00, 0x00, 0xF6, 0xFF, 0x05, 0x00, 0x00, 0xF6, 0xFF, 0x05, 0x00, 0x00, 0xF6,
    0xFF, 0x05, 0x00, 0x00, 0xF6, 0xFF, 0x05, 0x00, 0x00, 0xF6, 0xFF, 0x05, 0x00, 0x00, 0xF6, 0xFF,
    0x05, 0x00, 0x00, 0xF6, 0xFF, 0x05, 0x00, 0x97, 0xFB, 0xFF, 0x9B, 0x06, 0xFC, 0xFF, 0xFF, 0xFF,
    0x0B, 0xFC, 0xFF, 0xFF, 0xFF, 0x0B, 0x00, 0x10, 0xFF, 0x00, 0x00, 0x00, 0x00, 0xFF, 0x04, 0x10,
    0x00, 0x00, 0xFA, 0xDF, 0x6E, 0x00, 0x00, 0x91, 0xFD, 0x5E,
    // Unicode: [0x012F]
    0xF7, 0xFF, 0x04, 0xF7, 0xFF, 0x04, 0x94, 0x99, 0x02, 0x00, 0x00, 0x00, 0xF5, 0xFF, 0x03, 0xF5,
    0xFF, 0x03, 0xF5, 0xFF, 0x03, 0xF5, 0xFF, 0x03, 0xF5, 0xFF, 0x03, 0xF5, 0xFF, 0x03, 0xF5, 0xFF,
    0x03, 0xF5, 0xFF, 0x03, 0xF5, 0xFF, 0x03, 0xF5, 0xFF, 0x03, 0xF6, 0xFF, 0x03, 0xF6, 0x0A, 0x00,
    0xF5, 0x1D, 0x00, 0xE1, 0xEF, 0xDC, 0x30, 0xEB, 0xBF,
    // Unicode: [0x0130]
    0x00, 0x93, 0x99, 0x02, 0x00, 0x00, 0xF5, 0xFF, 0x04, 0x00, 0x00, 0xF5, 0xFF, 0x04, 0x00, 0x00,
    0x00, 0x00, 0x00, 0x00, 0x00, 0x00, 0x00, 0x00, 0x00, 0xFC, 0xFF, 0xFF, 0xFF, 0x0B, 0xFC, 0xFF,
    0xFF, 0xFF, 0x0B, 0x86, 0xFB, 0xFF, 0x8A, 0x06, 0x00, 0xF6, 0xFF, 0x05, 0x00, 0x00, 0xF6, 0xFF,
    0x05, 0x00, 0x00, 0xF6, 0xFF, 0x05, 0x00, 0x00, 0xF6, 0xFF, 0x05, 0x00, 0x00, 0xF6, 0xFF, 0x05,
    0x00, 0x00, 0xF6, 0xFF, 0x05, 0x00, 0x00, 0xF6, 0xFF, 0x05, 0x00, 0x00, 0xF6, 0xFF, 0x05, 0x00,
    0x86, 0xFB, 0xFF, 0x8A, 0x05, 0xFC, 0xFF, 0xFF, 0xFF, 0x0B, 0xFC, 0xFF, 0xFF, 0xFF, 0x0B,
    // Unicode: [0x0131]
    0xF5, 0xFF, 0x03, 0xF5, 0xFF, 0x03, 0xF5, 0xFF, 0x03, 0xF5, 0xFF, 0x03, 0xF5, 0xFF, 0x03, 0xF5,
    0xFF, 0x03, 0xF5, 0xFF, 0x03, 0xF5, 0xFF, 0x03, 0xF5, 0xFF, 0x03, 0xF5, 0xFF, 0x03, 0xF5, 0xFF,
    0x03,
    // Unicode: [0x0132]
    0xFC, 0xFF, 0xFF, 0xFF, 0x0B, 0xF2, 0xFF, 0xFF, 0x7F, 0xFC, 0xFF, 0xFF, 0xFF, 0x0B, 0xF2, 0xFF,
    0xFF, 0x7F, 0x86, 0xFB, 0xFF, 0x8A, 0x06, 0x81, 0xA8, 0xFF, 0x7F, 0x00, 0xF6, 0xFF, 0x05, 0x00,
    0x00, 0x40, 0xFF, 0x7F, 0x00, 0xF6, 0xFF, 0x05, 0x00, 0x00, 0x40, 0xFF, 0x7F, 0x00, 0xF6, 0xFF,
    0x05, 0x00, 0x00, 0x40, 0xFF, 0x7F, 0x00, 0xF6, 0xFF, 0x05, 0x00, 0x00, 0x40, 0xFF, 0x7F, 0x00,
    0xF6, 0xFF, 0x05, 0x00, 0x00, 0x40, 0xFF, 0x7F, 0x00, 0xF6, 0xFF, 0x05, 0x00, 0x00, 0x40, 0xFF,
    0x7F, 0x00, 0xF6, 0xFF, 0x05, 0x00, 0x00, 0x50, 0xFF, 0x7F, 0x00, 0xF6, 0xFF, 0x05, 0x00, 0x00,
    0xA0, 0xFF, 0x6F, 0x86, 0xFB, 0xFF, 0x8A, 0x35, 0x8A, 0xFA, 0xFF, 0x2F, 0xFC, 0xFF, 0xFF, 0xFF,
    0x4B, 0xFF, 0xFF, 0xFF, 0x08, 0xFC, 0xFF, 0xFF, 0xFF, 0x3B, 0xFF, 0xEF, 0x5B, 0x00,
    // Unicode: [0x0133]
    0xF7, 0xFF, 0x04, 0x00, 0xFD, 0xEF, 0xF7, 0xFF, 0x04, 0x00, 0xFD, 0xEF, 0x94, 0x99, 0x02, 0x00,
    0x98, 0x89, 0x00, 0x00, 0x00, 0x00, 0x00, 0x00, 0xF5, 0xFF, 0x03, 0xFA, 0xFF, 0xEF, 0xF5, 0xFF,
    0x03, 0xFA, 0xFF, 0xEF, 0xF5, 0xFF, 0x03, 0x53, 0xFB, 0xEF, 0xF5, 0xFF, 0x03, 0x00, 0xF9, 0xEF,
    0xF5, 0xFF, 0x03, 0x00, 0xF9, 0xEF, 0xF5, 0xFF, 0x03, 0x00, 0xF9, 0xEF, 0xF5, 0xFF, 0x03, 0x00,
    0xF9, 0xEF, 0xF5, 0xFF, 0x03, 0x00, 0xF9, 0xEF, 0xF5, 0xFF, 0x03, 0x00, 0xF9, 0xEF, 0xF5, 0xFF,
    0x03, 0x00, 0xF9, 0xEF, 0xF5, 0xFF, 0x03, 0x00, 0xFA, 0xEF, 0x00, 0x00, 0x00, 0x10, 0xFE, 0xDF,
    0x00, 0x00, 0xB1, 0xDB, 0xFF, 0xAF, 0x00, 0x00, 0xF1, 0xFF, 0xFF, 0x3E, 0x00, 0x00, 0xD1, 0xFE,
    0xAE, 0x03,
    // Unicode: [0x0134]
    0x00, 0x00, 0x84, 0x38, 0x00, 0x00, 0x00, 0x30, 0xFE, 0xEF, 0x02, 0x00, 0x00, 0xE2, 0x8F, 0xFA,
    0x1D, 0x00, 0x10, 0xFD, 0x09, 0xB0, 0xCF, 0x01, 0x00, 0x00, 0x00, 0x00, 0x00, 0x00, 0x00, 0x00,
    0x00, 0x00, 0x00, 0x00, 0x00, 0xFA, 0xFF, 0xFF, 0x7F, 0x00, 0x00, 0xFA, 0xFF, 0xFF, 0x7F, 0x00,
    0x00, 0x96, 0xB9, 0xFF, 0x7F, 0x00, 0x00, 0x00, 0x50, 0xFF, 0x7F, 0x00, 0x00, 0x00, 0x50, 0xFF,
    0x7F, 0x00, 0x00, 0x00, 0x50, 0xFF, 0x7F, 0x00, 0x00, 0x00, 0x50, 0xFF, 0x7F, 0x00, 0x00, 0x00,
    0x50, 0xFF, 0x7F, 0x00, 0x00, 0x00, 0x50, 0xFF, 0x7F, 0x00, 0x00, 0x00, 0x60, 0xFF, 0x7F, 0x00,
    0x01, 0x00, 0xB0, 0xFF, 0x5F, 0x00, 0xD9, 0xBB, 0xFD, 0xFF, 0x1E, 0x00, 0xF9, 0xFF, 0xFF, 0xFF,
    0x05, 0x00, 0xD7, 0xFE, 0xDF, 0x39, 0x00, 0x00,
    // Unicode: [0x0135]
    0x00, 0xB0, 0xFF, 0x05, 0x00, 0x00, 0xF6, 0xFF, 0x1E, 0x00, 0x10, 0xFE, 0xC5, 0x9F, 0x00, 0x90,
    0xAF, 0x20, 0xFF, 0x03, 0x00, 0x00, 0x00, 0x00, 0x00, 0x30, 0xFF, 0xFF, 0x6F, 0x00, 0x30, 0xFF,
    0xFF, 0x6F, 0x00, 0x10, 0x65, 0xFF, 0x6F, 0x00, 0x00, 0x20, 0xFF, 0x6F, 0x00, 0x00, 0x20, 0xFF,
    0x6F, 0x00, 0x00, 0x20, 0xFF, 0x6F, 0x00, 0x00, 0x20, 0xFF, 0x6F, 0x00, 0x00, 0x20, 0xFF, 0x6F,
    0x00, 0x00, 0x20, 0xFF, 0x6F, 0x00, 0x00, 0x20, 0xFF, 0x6F, 0x00, 0x00, 0x30, 0xFF, 0x6F, 0x00,
    0x00, 0x70, 0xFF, 0x6F, 0x00, 0xB6, 0xFC, 0xFF, 0x3F, 0x00, 0xF8, 0xFF, 0xFF, 0x0A, 0x00, 0xE7,
    0xFF, 0x7D, 0x00, 0x00,
    // Unicode: [0x0136]
    0xF2, 0xFF, 0x09, 0x00, 0x90, 0xFF, 0xAF, 0x00, 0xF2, 0xFF, 0x09, 0x00, 0xF7, 0xFF, 0x1C, 0x00,
    0xF2, 0xFF, 0x09, 0x40, 0xFF, 0xDF, 0x01, 0x00, 0xF2, 0xFF, 0x09, 0xE2, 0xFF, 0x2E, 0x00, 0x00,
    0xF2, 0xFF, 0x19, 0xFD, 0xFF, 0x03, 0x00, 0x00, 0xF2, 0xFF, 0xB9, 0xFF, 0x5F, 0x00, 0x00, 0x00,
    0xF2, 0xFF, 0xFE, 0xFF, 0x0A, 0x00, 0x00, 0x00, 0xF2, 0xFF, 0xFF, 0xFF, 0x4F, 0x00, 0x00, 0x00,
    0xF2, 0xFF, 0xBF, 0xFF, 0xEF, 0x02, 0x00, 0x00, 0xF2, 0xFF, 0x0A, 0xFA, 0xFF, 0x1C, 0x00, 0x00,
    0xF2, 0xFF, 0x09, 0xD1, 0xFF, 0xAF, 0x00, 0x00, 0xF2, 0xFF, 0x09, 0x20, 0xFE, 0xFF, 0x07, 0x00,
    0xF2, 0xFF, 0x09, 0x00, 0xF5, 0xFF, 0x4F, 0x00, 0xF2, 0xFF, 0x09, 0x22, 0x81, 0xFF, 0xEF, 0x02,
    0x00, 0x00, 0x00, 0xFC, 0x06, 0x00, 0x00, 0x00, 0x00, 0x00, 0x10, 0xFE, 0x05, 0x00, 0x00, 0x00,
    0x00, 0xE2, 0xEC, 0xDF, 0x01, 0x00, 0x00, 0x00, 0x00, 0xD2, 0xEF, 0x2A, 0x00, 0x00, 0x00, 0x00,
    // Unicode: [0x0137]
    0xF5, 0xFF, 0x03, 0x00, 0x00, 0x00, 0x00, 0xF5, 0xFF, 0x03, 0x00, 0x00, 0x00, 0x00, 0xF5, 0xFF,
    0x03, 0x00, 0x00, 0x00, 0x00, 0xF5, 0xFF, 0x03, 0x00, 0x00, 0x00, 0x00, 0xF5, 0xFF, 0x03, 0x60,
    0xFF, 0x9F, 0x00, 0xF5, 0xFF, 0x03, 0xF3, 0xFF, 0x0B, 0x00, 0xF5, 0xFF, 0x13, 0xFD, 0xDF, 0x01,
    0x00, 0xF5, 0xFF, 0xB3, 0xFF, 0x2E, 0x00, 0x00, 0xF5, 0xFF, 0xFB, 0xFF, 0x05, 0x00, 0x00, 0xF5,
    0xFF, 0xFF, 0xFF, 0x09, 0x00, 0x00, 0xF5, 0xFF, 0xAD, 0xFF, 0x4F, 0x00, 0x00, 0xF5, 0xFF, 0x13,
    0xFE, 0xDF, 0x01, 0x00, 0xF5, 0xFF, 0x03, 0xF6, 0xFF, 0x09, 0x00, 0xF5, 0xFF, 0x03, 0xB0, 0xFF,
    0x4F, 0x00, 0xF5, 0xFF, 0x23, 0x32, 0xFF, 0xDF, 0x01, 0x00, 0x00, 0xC0, 0x6F, 0x00, 0x00, 0x00,
    0x00, 0x00, 0xE1, 0x5F, 0x00, 0x00, 0x00, 0x20, 0xCE, 0xFE, 0x1D, 0x00, 0x00, 0x00, 0x20, 0xFD,
    0xAE, 0x02, 0x00, 0x00, 0x00,
    // Unicode: [0x0138]
    0xF5, 0xFF, 0x03, 0x60, 0xFF, 0x9F, 0x00, 0xF5, 0xFF, 0x03, 0xF3, 0xFF, 0x0B, 0x00, 0xF5, 0xFF,
    0x13, 0xFD, 0xDF, 0x01, 0x00, 0xF5, 0xFF, 0xB3, 0xFF, 0x2E, 0x00, 0x00, 0xF5, 0xFF, 0xFB, 0xFF,
    0x05, 0x00, 0x00, 0xF5, 0xFF, 0xFF, 0xFF, 0x09, 0x00, 0x00, 0xF5, 0xFF, 0xAD, 0xFF, 0x4F, 0x00,
    0x00, 0xF5, 0xFF, 0x13, 0xFE, 0xDF, 0x01, 0x00, 0xF5, 0xFF, 0x03, 0xF6, 0xFF, 0x09, 0x00, 0xF5,
    0xFF, 0x03, 0xB0, 0xFF, 0x4F, 0x00, 0xF5, 0xFF, 0x03, 0x20, 0xFF, 0xDF, 0x01,
    // Unicode: [0x0139]
    0x00, 0x00, 0x83, 0x78, 0x00, 0x00, 0x00, 0x10, 0xFD, 0x6F, 0x00, 0x00, 0x00, 0x80, 0xFF, 0x07,
    0x00, 0x00, 0x00, 0xF2, 0x9F, 0x00, 0x00, 0x00, 0x00, 0x84, 0x07, 0x00, 0x00, 0x00, 0x00, 0x00,
    0x00, 0x00, 0x00, 0x00, 0xF2, 0xFF, 0x09, 0x00, 0x00, 0x00, 0xF2, 0xFF, 0x09, 0x00, 0x00, 0x00,
    0xF2, 0xFF, 0x09, 0x00, 0x00, 0x00, 0xF2, 0xFF, 0x09, 0x00, 0x00, 0x00, 0xF2, 0xFF, 0x09, 0x00,
    0x00, 0x00, 0xF2, 0xFF, 0x09, 0x00, 0x00, 0x00, 0xF2, 0xFF, 0x09, 0x00, 0x00, 0x00, 0xF2, 0xFF,
    0x09, 0x00, 0x00, 0x00, 0xF2, 0xFF, 0x09, 0x00, 0x00, 0x00, 0xF2, 0xFF, 0x09, 0x00, 0x00, 0x00,
    0xF2, 0xFF, 0x09, 0x00, 0x00, 0x00, 0xF2, 0xFF, 0xBD, 0xBB, 0xBB, 0x4B, 0xF2, 0xFF, 0xFF, 0xFF,
    0xFF, 0x5F, 0xF2, 0xFF, 0xFF, 0xFF, 0xFF, 0x5F,
    // Unicode: [0x013A]
    0x00, 0x84, 0x78, 0x10, 0xFE, 0x5F, 0x90, 0xFF, 0x06, 0xF3, 0x7F, 0x00, 0x85, 0x06, 0x00, 0xF5,
    0xFF, 0x03, 0xF5, 0xFF, 0x03, 0xF5, 0xFF, 0x03, 0xF5, 0xFF, 0x03, 0xF5, 0xFF, 0x03, 0xF5, 0xFF,
    0x03, 0xF5, 0xFF, 0x03, 0xF5, 0xFF, 0x03, 0xF5, 0xFF, 0x03, 0xF5, 0xFF, 0x03, 0xF5, 0xFF, 0x03,
    0xF5, 0xFF, 0x03, 0xF5, 0xFF, 0x03, 0xF5, 0xFF, 0x03, 0xF5, 0xFF, 0x03,
    // Unicode: [0x013B]
    0xF2, 0xFF, 0x09, 0x00, 0x00, 0x00, 0xF2, 0xFF, 0x09, 0x00, 0x00, 0x00, 0xF2, 0xFF, 0x09, 0x00,
    0x00, 0x00, 0xF2, 0xFF, 0x09, 0x00, 0x00, 0x00, 0xF2, 0xFF, 0x09, 0x00, 0x00, 0x00, 0xF2, 0xFF,
    0x09, 0x00, 0x00, 0x00, 0xF2, 0xFF, 0x09, 0x00, 0x00, 0x00, 0xF2, 0xFF, 0x09, 0x00, 0x00, 0x00,
    0xF2, 0xFF, 0x09, 0x00, 0x00, 0x00, 0xF2, 0xFF, 0x09, 0x00, 0x00, 0x00, 0xF2, 0xFF, 0x09, 0x00,
    0x00, 0x00, 0xF2, 0xFF, 0xCE, 0xCC, 0xCC, 0x4C, 0xF2, 0xFF, 0xFF, 0xFF, 0xFF, 0x5F, 0xF2, 0xFF,
    0xFF, 0xFF, 0xFF, 0x5F, 0x00, 0x00, 0x00, 0xFB, 0x07, 0x00, 0x00, 0x10, 0x10, 0xFE, 0x05, 0x00,
    0x00, 0xE2, 0xEC, 0xDF, 0x01, 0x00, 0x00, 0xD1, 0xEF, 0x2A, 0x00, 0x00,
    // Unicode: [0x013C]
    0x50, 0xFF, 0x3F, 0x00, 0x50, 0xFF, 0x3F, 0x00, 0x50, 0xFF, 0x3F, 0x00, 0x50, 0xFF, 0x3F, 0x00,
    0x50, 0xFF, 0x3F, 0x00, 0x50, 0xFF, 0x3F, 0x00, 0x50, 0xFF, 0x3F, 0x00, 0x50, 0xFF, 0x3F, 0x00,
    0x50, 0xFF, 0x3F, 0x00, 0x50, 0xFF, 0x3F, 0x00, 0x50, 0xFF, 0x3F, 0x00, 0x50, 0xFF, 0x3F, 0x00,
    0x50, 0xFF, 0x3F, 0x00, 0x50, 0xFF, 0x3F, 0x00, 0x50, 0xFF, 0x6F, 0x00, 0x00, 0x20, 0xFF, 0x01,
    0x01, 0x60, 0xEF, 0x00, 0xE7, 0xFD, 0x9F, 0x00, 0xE6, 0xDF, 0x08, 0x00,
    // Unicode: [0x013D]
    0x00, 0x00, 0x00, 0x20, 0xFF, 0x5F, 0xF2, 0xFF, 0x09, 0x60, 0xFF, 0x0D, 0xF2, 0xFF, 0x09, 0xA0,
    0xFF, 0x05, 0xF2, 0xFF, 0x09, 0xE0, 0xCF, 0x00, 0xF2, 0xFF, 0x09, 0xF3, 0x5F, 0x00, 0xF2, 0xFF,
    0x09, 0x94, 0x08, 0x00, 0xF2, 0xFF, 0x09, 0x00, 0x00, 0x00, 0xF2, 0xFF, 0x09, 0x00, 0x00, 0x00,
    0xF2, 0xFF, 0x09, 0x00, 0x00, 0x00, 0xF2, 0xFF, 0x09, 0x00, 0x00, 0x00, 0xF2, 0xFF, 0x09, 0x00,
    0x00, 0x00, 0xF2, 0xFF, 0x09, 0x00, 0x00, 0x00, 0xF2, 0xFF, 0xBD, 0xBB, 0xBB, 0x4B, 0xF2, 0xFF,
    0xFF, 0xFF, 0xFF, 0x5F, 0xF2, 0xFF, 0xFF, 0xFF, 0xFF, 0x5F,
    // Unicode: [0x013E]
    0xF5, 0xFF, 0x03, 0xF5, 0xFF, 0x03, 0xF5, 0xFF, 0x03, 0xF9, 0xAF, 0x00, 0xF5, 0xFF, 0x03, 0xFD,
    0x2F, 0x00, 0xF5, 0xFF, 0x23, 0xFF, 0x0A, 0x00, 0xF5, 0xFF, 0x63, 0xFF, 0x02, 0x00, 0xF5, 0xFF,
    0x63, 0x69, 0x00, 0x00, 0xF5, 0xFF, 0x03, 0x00, 0x00, 0x00, 0xF5, 0xFF, 0x03, 0x00, 0x00, 0x00,
    0xF5, 0xFF, 0x03, 0x00, 0x00, 0x00, 0xF5, 0xFF, 0x03, 0x00, 0x00, 0x00, 0xF5, 0xFF, 0x03, 0x00,
    0x00, 0x00, 0xF5, 0xFF, 0x03, 0x00, 0x00, 0x00, 0xF5, 0xFF, 0x03, 0x00, 0x00, 0x00, 0xF5, 0xFF,
    0x03, 0x00, 0x00, 0x00, 0xF5, 0xFF, 0x03, 0x00, 0x00, 0x00,
    // Unicode: [0x013F]
    0xF2, 0xFF, 0x09, 0x00, 0x00, 0x00, 0xF2, 0xFF, 0x09, 0x00, 0x00, 0x00, 0xF2, 0xFF, 0x09, 0x00,
    0x00, 0x00, 0xF2, 0xFF, 0x09, 0x00, 0x00, 0x00, 0xF2, 0xFF, 0x09, 0x00, 0x00, 0x00, 0xF2, 0xFF,
    0x09, 0xB0, 0xFF, 0x0E, 0xF2, 0xFF, 0x09, 0xB0, 0xFF, 0x0E, 0xF2, 0xFF, 0x09, 0xB0, 0xFF, 0x0E,
    0xF2, 0xFF, 0x09, 0x80, 0xBB, 0x0A, 0xF2, 0xFF, 0x09, 0x00, 0x00, 0x00, 0xF2, 0xFF, 0x09, 0x00,
    0x00, 0x00, 0xF2, 0xFF, 0xBD, 0xBB, 0xBB, 0x4B, 0xF2, 0xFF, 0xFF, 0xFF, 0xFF, 0x5F, 0xF2, 0xFF,
    0xFF, 0xFF, 0xFF, 0x5F,
    // Unicode: [0x0140]
    0xF5, 0xFF, 0x03, 0x00, 0x00, 0xF5, 0xFF, 0x03, 0x00, 0x00, 0xF5, 0xFF, 0x03, 0x00, 0x00, 0xF5,
    0xFF, 0x03, 0x00, 0x00, 0xF5, 0xFF, 0x03, 0x00, 0x00, 0xF5, 0xFF, 0x03, 0x00, 0x00, 0xF5, 0xFF,
    0x03, 0xFC, 0xCF, 0xF5, 0xFF, 0x03, 0xFC, 0xCF, 0xF5, 0xFF, 0x03, 0xFC, 0xCF, 0xF5, 0xFF, 0x03,
    0xB9, 0x8B, 0xF5, 0xFF, 0x03, 0x00, 0x00, 0xF5, 0xFF, 0x03, 0x00, 0x00, 0xF5, 0xFF, 0x03, 0x00,
    0x00, 0xF5, 0xFF, 0x03, 0x00, 0x00, 0xF5, 0xFF, 0x03, 0x00, 0x00,
    // Unicode: [0x0141]
    0x10, 0xFF, 0xAF, 0x00, 0x00, 0x00, 0x00, 0x10, 0xFF, 0xAF, 0x00, 0x00, 0x00, 0x00, 0x10, 0xFF,
    0xAF, 0x10, 0x0A, 0x00, 0x00, 0x10, 0xFF, 0xAF, 0xC2, 0x0F, 0x00, 0x00, 0x10, 0xFF, 0xDF, 0xFE,
    0x0B, 0x00, 0x00, 0x10, 0xFF, 0xFF, 0x8F, 0x00, 0x00, 0x00, 0x10, 0xFF, 0xEF, 0x04, 0x00, 0x00,
    0x00, 0x80, 0xFF, 0xAF, 0x00, 0x00, 0x00, 0x00, 0xFA, 0xFF, 0xAF, 0x00, 0x00, 0x00, 0x00, 0xDC,
    0xFF, 0xAF, 0x00, 0x00, 0x00, 0x00, 0x26, 0xFF, 0xAF, 0x00, 0x00, 0x00, 0x00, 0x10, 0xFF, 0xEF,
    0xBB, 0xBB, 0xBB, 0x04, 0x10, 0xFF, 0xFF, 0xFF, 0xFF, 0xFF, 0x06, 0x10, 0xFF, 0xFF, 0xFF, 0xFF,
    0xFF, 0x06,
    // Unicode: [0x0142]
    0x40, 0xFF, 0x4F, 0x00, 0x40, 0xFF, 0x4F, 0x00, 0x40, 0xFF, 0x4F, 0x00, 0x40, 0xFF, 0x4F, 0x00,
    0x40, 0xFF, 0x4F, 0x05, 0x40, 0xFF, 0xDF, 0x0C, 0x40, 0xFF, 0xFF, 0x0A, 0x60, 0xFF, 0x9F, 0x00,
    0xF7, 0xFF, 0x4F, 0x00, 0xEC, 0xFF, 0x4F, 0x00, 0x47, 0xFF, 0x4F, 0x00, 0x40, 0xFF, 0x4F, 0x00,
    0x40, 0xFF, 0x4F, 0x00, 0x40, 0xFF, 0x4F, 0x00, 0x40, 0xFF, 0x4F, 0x00,
    // Unicode: [0x0143]
    0x00, 0x00, 0x00, 0x30, 0x88, 0x17, 0x00, 0x00, 0x00, 0x00, 0x00, 0xC0, 0xFF, 0x07, 0x00, 0x00,
    0x00, 0x00, 0x00, 0xF6, 0x9F, 0x00, 0x00, 0x00, 0x00, 0x00, 0x10, 0xFE, 0x0A, 0x00, 0x00, 0x00,
    0x00, 0x00, 0x40, 0x78, 0x00, 0x00, 0x00, 0x00, 0x00, 0x00, 0x00, 0x00, 0x00, 0x00, 0x00, 0x00,
    0xF2, 0xFF, 0xAF, 0x00, 0x00, 0xF5, 0xFF, 0x01, 0xF2, 0xFF, 0xFF, 0x05, 0x00, 0xF5, 0xFF, 0x01,
    0xF2, 0xFF, 0xFF, 0x1E, 0x00, 0xF5, 0xFF, 0x01, 0xF2, 0xFF, 0xFF, 0xAF, 0x00, 0xF5, 0xFF, 0x01,
    0xF2, 0xFF, 0xFD, 0xFF, 0x05, 0xF5, 0xFF, 0x01, 0xF2, 0xFF, 0xE6, 0xFF, 0x1E, 0xF5, 0xFF, 0x01,
    0xF2, 0xFF, 0x54, 0xFF, 0xAF, 0xF5, 0xFF, 0x01, 0xF2, 0xFF, 0x04, 0xFB, 0xFF, 0xFA, 0xFF, 0x01,
    0xF2, 0xFF, 0x04, 0xE2, 0xFF, 0xFF, 0xFF, 0x01, 0xF2, 0xFF, 0x04, 0x60, 0xFF, 0xFF, 0xFF, 0x01,
    0xF2, 0xFF, 0x04, 0x00, 0xFC, 0xFF, 0xFF, 0x01, 0xF2, 0xFF, 0x04, 0x00, 0xF2, 0xFF, 0xFF, 0x01,
    0xF2, 0xFF, 0x04, 0x00, 0x70, 0xFF, 0xFF, 0x01, 0xF2, 0xFF, 0x04, 0x00, 0x00, 0xFC, 0xFF, 0x01,
    // Unicode: [0x0144]
    0x00, 0x00, 0x10, 0xFE, 0x6F, 0x00, 0x00, 0x00, 0xA0, 0xFF, 0x07, 0x00, 0x00, 0x00, 0xF4, 0x8F,
    0x00, 0x00, 0x00, 0x00, 0xCA, 0x08, 0x00, 0x00, 0x00, 0x00, 0x00, 0x00, 0x00, 0x00, 0xF5, 0xFF,
    0x73, 0xFC, 0xBE, 0x03, 0xF5, 0xFF, 0xFE, 0xFF, 0xFF, 0x1E, 0xF5, 0xFF, 0xDF, 0xEB, 0xFF, 0x7F,
    0xF5, 0xFF, 0x05, 0x30, 0xFF, 0x9F, 0xF5, 0xFF, 0x03, 0x00, 0xFE, 0xAF, 0xF5, 0xFF, 0x03, 0x00,
    0xFD, 0xAF, 0xF5, 0xFF, 0x03, 0x00, 0xFD, 0xAF, 0xF5, 0xFF, 0x03, 0x00, 0xFD, 0xAF, 0xF5, 0xFF,
    0x03, 0x00, 0xFD, 0xAF, 0xF5, 0xFF, 0x03, 0x00, 0xFD, 0xAF, 0xF5, 0xFF, 0x03, 0x00, 0xFD, 0xAF,
    // Unicode: [0x0145]
    0xF2, 0xFF, 0xAF, 0x00, 0x00, 0xF5, 0xFF, 0x01, 0xF2, 0xFF, 0xFF, 0x05, 0x00, 0xF5, 0xFF, 0x01,
    0xF2, 0xFF, 0xFF, 0x1E, 0x00, 0xF5, 0xFF, 0x01, 0xF2, 0xFF, 0xFF, 0xAF, 0x00, 0xF5, 0xFF, 0x01,
    0xF2, 0xFF, 0xFD, 0xFF, 0x05, 0xF5, 0xFF, 0x01, 0xF2, 0xFF, 0xE6, 0xFF, 0x1E, 0xF5, 0xFF, 0x01,
    0xF2, 0xFF, 0x54, 0xFF, 0xAF, 0xF5, 0xFF, 0x01, 0xF2, 0xFF, 0x04, 0xFB, 0xFF, 0xFA, 0xFF, 0x01,
    0xF2, 0xFF, 0x04, 0xE2, 0xFF, 0xFF, 0xFF, 0x01, 0xF2, 0xFF, 0x04, 0x60, 0xFF, 0xFF, 0xFF, 0x01,
    0xF2, 0xFF, 0x04, 0x00, 0xFC, 0xFF, 0xFF, 0x01, 0xF2, 0xFF, 0x04, 0x00, 0xF2, 0xFF, 0xFF, 0x01,
    0xF2, 0xFF, 0x04, 0x00, 0x70, 0xFF, 0xFF, 0x01, 0xF2, 0xFF, 0x04, 0x21, 0x02, 0xFC, 0xFF, 0x01,
    0x00, 0x00, 0x00, 0xF7, 0x0B, 0x00, 0x00, 0x00, 0x00, 0x10, 0x00, 0xFA, 0x0A, 0x00, 0x00, 0x00,
    0x00, 0xC0, 0xDD, 0xFF, 0x05, 0x00, 0x00, 0x00, 0x00, 0xA0, 0xEE, 0x5C, 0x00, 0x00, 0x00, 0x00,
    // Unicode: [0x0146]
    0xF5, 0xFF, 0x73, 0xFC, 0xBE, 0x03, 0xF5, 0xFF, 0xFE, 0xFF, 0xFF, 0x1E, 0xF5, 0xFF, 0xAE, 0xD9,
    0xFF, 0x7F, 0xF5, 0xFF, 0x03, 0x20, 0xFF, 0x9F, 0xF5, 0xFF, 0x03, 0x00, 0xFE, 0xAF, 0xF5, 0xFF,
    0x03, 0x00, 0xFD, 0xAF, 0xF5, 0xFF, 0x03, 0x00, 0xFD, 0xAF, 0xF5, 0xFF, 0x03, 0x00, 0xFD, 0xAF,
    0xF5, 0xFF, 0x03, 0x00, 0xFD, 0xAF, 0xF5, 0xFF, 0x03, 0x00, 0xFD, 0xAF, 0xF5, 0xFF, 0x23, 0x12,
    0xFD, 0xAF, 0x00, 0x00, 0xC0, 0x6F, 0x00, 0x00, 0x00, 0x01, 0xE1, 0x5F, 0x00, 0x00, 0x20, 0xCE,
    0xFE, 0x1D, 0x00, 0x00, 0x20, 0xFD, 0xAE, 0x02, 0x00, 0x00,
    // Unicode: [0x0147]
    0x00, 0x40, 0x78, 0x01, 0x50, 0x68, 0x00, 0x00, 0x00, 0x10, 0xFD, 0x0A, 0xF4, 0x4F, 0x00, 0x00,
    0x00, 0x00, 0xE3, 0x8F, 0xFE, 0x07, 0x00, 0x00, 0x00, 0x00, 0x50, 0xFF, 0xAF, 0x00, 0x00, 0x00,
    0x00, 0x00, 0x00, 0x86, 0x17, 0x00, 0x00, 0x00, 0x00, 0x00, 0x00, 0x00, 0x00, 0x00, 0x00, 0x00,
    0xF2, 0xFF, 0xAF, 0x00, 0x00, 0xF5, 0xFF, 0x01, 0xF2, 0xFF, 0xFF, 0x05, 0x00, 0xF5, 0xFF, 0x01,
    0xF2, 0xFF, 0xFF, 0x1E, 0x00, 0xF5, 0xFF, 0x01, 0xF2, 0xFF, 0xFF, 0xAF, 0x00, 0xF5, 0xFF, 0x01,
    0xF2, 0xFF, 0xFD, 0xFF, 0x05, 0xF5, 0xFF, 0x01, 0xF2, 0xFF, 0xE6, 0xFF, 0x1E, 0xF5, 0xFF, 0x01,
    0xF2, 0xFF, 0x54, 0xFF, 0xAF, 0xF5, 0xFF, 0x01, 0xF2, 0xFF, 0x04, 0xFB, 0xFF, 0xFA, 0xFF, 0x01,
    0xF2, 0xFF, 0x04, 0xE2, 0xFF, 0xFF, 0xFF, 0x01, 0xF2, 0xFF, 0x04, 0x60, 0xFF, 0xFF, 0xFF, 0x01,
    0xF2, 0xFF, 0x04, 0x00, 0xFC, 0xFF, 0xFF, 0x01, 0xF2, 0xFF, 0x04, 0x00, 0xF2, 0xFF, 0xFF, 0x01,
    0xF2, 0xFF, 0x04, 0x00, 0x70, 0xFF, 0xFF, 0x01, 0xF2, 0xFF, 0x04, 0x00, 0x00, 0xFC, 0xFF, 0x01,
    // Unicode: [0x0148]
    0x00, 0xFB, 0x1C, 0x50, 0xFF, 0x04, 0x00, 0xD1, 0xAF, 0xE2, 0x7F, 0x00, 0x00, 0x30, 0xFE, 0xFE,
    0x0A, 0x00, 0x00, 0x00, 0xF5, 0xCF, 0x01, 0x00, 0x00, 0x00, 0x00, 0x00, 0x00, 0x00, 0xF5, 0xFF,
    0x73, 0xFC, 0xBE, 0x03, 0xF5, 0xFF, 0xFE, 0xFF, 0xFF, 0x1E, 0xF5, 0xFF, 0xAE, 0xD9, 0xFF, 0x7F,
    0xF5, 0xFF, 0x03, 0x20, 0xFF, 0x9F, 0xF5, 0xFF, 0x03, 0x00, 0xFE, 0xAF, 0xF5, 0xFF, 0x03, 0x00,
    0xFD, 0xAF, 0xF5, 0xFF, 0x03, 0x00, 0xFD, 0xAF, 0xF5, 0xFF, 0x03, 0x00, 0xFD, 0xAF, 0xF5, 0xFF,
    0x03, 0x00, 0xFD, 0xAF, 0xF5, 0xFF, 0x03, 0x00, 0xFD, 0xAF, 0xF5, 0xFF, 0x03, 0x00, 0xFD, 0xAF,
    // Unicode: [0x0149]
    0x00, 0xFD, 0x9F, 0x00, 0x00, 0x00, 0x00, 0x00, 0x20, 0xFF, 0x2F, 0x00, 0x00, 0x00, 0x00, 0x00,
    0x60, 0xFF, 0x09, 0x00, 0x00, 0x00, 0x00, 0x00, 0xA0, 0xFF, 0x02, 0x00, 0x00, 0x00, 0x00, 0x00,
    0xE0, 0x9F, 0xF1, 0xFF, 0x57, 0xEB, 0xCF, 0x05, 0x92, 0x19, 0xF1, 0xFF, 0xFE, 0xFF, 0xFF, 0x3F,
    0x00, 0x00, 0xF1, 0xFF, 0xCF, 0xCA, 0xFF, 0xBF, 0x00, 0x00, 0xF1, 0xFF, 0x08, 0x00, 0xFD, 0xDF,
    0x00, 0x00, 0xF1, 0xFF, 0x07, 0x00, 0xFA, 0xEF, 0x00, 0x00, 0xF1, 0xFF, 0x07, 0x00, 0xF9, 0xEF,
    0x00, 0x00, 0xF1, 0xFF, 0x07, 0x00, 0xF9, 0xEF, 0x00, 0x00, 0xF1, 0xFF, 0x07, 0x00, 0xF9, 0xEF,
    0x00, 0x00, 0xF1, 0xFF, 0x07, 0x00, 0xF9, 0xEF, 0x00, 0x00, 0xF1, 0xFF, 0x07, 0x00, 0xF9, 0xEF,
    0x00, 0x00, 0xF1, 0xFF, 0x07, 0x00, 0xF9, 0xEF,
    // Unicode: [0x014A]
    0xF2, 0xFF, 0xAF, 0x00, 0x00, 0xF5, 0xFF, 0x01, 0xF2, 0xFF, 0xFF, 0x05, 0x00, 0xF5, 0xFF, 0x01,
    0xF2, 0xFF, 0xFF, 0x1E, 0x00, 0xF5, 0xFF, 0x01, 0xF2, 0xFF, 0xFF, 0xAF, 0x00, 0xF5, 0xFF, 0x01,
    0xF2, 0xFF, 0xFD, 0xFF, 0x05, 0xF5, 0xFF, 0x01, 0xF2, 0xFF, 0xE5, 0xFF, 0x1E, 0xF5, 0xFF, 0x01,
    0xF2, 0xFF, 0x54, 0xFF, 0xAF, 0xF5, 0xFF, 0x01, 0xF2, 0xFF, 0x04, 0xFA, 0xFF, 0xFB, 0xFF, 0x01,
    0xF2, 0xFF, 0x04, 0xE1, 0xFF, 0xFF, 0xFF, 0x01, 0xF2, 0xFF, 0x04, 0x50, 0xFF, 0xFF, 0xFF, 0x01,
    0xF2, 0xFF, 0x04, 0x00, 0xFA, 0xFF, 0xFF, 0x01, 0xF2, 0xFF, 0x04, 0x00, 0xE1, 0xFF, 0xFF, 0x01,
    0xF2, 0xFF, 0x04, 0x00, 0x60, 0xFF, 0xFF, 0x01, 0xF2, 0xFF, 0x04, 0x00, 0x00, 0xFB, 0xFF, 0x01,
    0x00, 0x00, 0x00, 0x00, 0x00, 0xF8, 0xFF, 0x01, 0x00, 0x00, 0x00, 0xA0, 0x98, 0xFE, 0xDF, 0x00,
    0x00, 0x00, 0x00, 0xE0, 0xFF, 0xFF, 0x5F, 0x00, 0x00, 0x00, 0x00, 0xB0, 0xFE, 0xBE, 0x04, 0x00,
    // Unicode: [0x014B]
    0xF5, 0xFF, 0x73, 0xFC, 0xBE, 0x03, 0xF5, 0xFF, 0xFE, 0xFF, 0xFF, 0x1E, 0xF5, 0xFF, 0xAE, 0xD9,
    0xFF, 0x7F, 0xF5, 0xFF, 0x03, 0x10, 0xFF, 0xAF, 0xF5, 0xFF, 0x03, 0x00, 0xFE, 0xAF, 0xF5, 0xFF,
    0x03, 0x00, 0xFD, 0xAF, 0xF5, 0xFF, 0x03, 0x00, 0xFD, 0xAF, 0xF5, 0xFF, 0x03, 0x00, 0xFD, 0xAF,
    0xF5, 0xFF, 0x03, 0x00, 0xFD, 0xAF, 0xF5, 0xFF, 0x03, 0x00, 0xFD, 0xAF, 0xF5, 0xFF, 0x03, 0x00,
    0xFE, 0xAF, 0x00, 0x00, 0x00, 0x20, 0xFF, 0x9F, 0x00, 0x00, 0xA2, 0xEB, 0xFF, 0x6F, 0x00, 0x00,
    0xF3, 0xFF, 0xFF, 0x0C, 0x00, 0x00, 0xD2, 0xFE, 0x9E, 0x01,
    // Unicode: [0x014C]
    0x00, 0x60, 0xFF, 0xFF, 0xFF, 0x6F, 0x00, 0x00, 0x00, 0x60, 0xFF, 0xFF, 0xFF, 0x6F, 0x00, 0x00,
    0x00, 0x00, 0x00, 0x00, 0x00, 0x00, 0x00, 0x00, 0x00, 0x00, 0x00, 0x00, 0x00, 0x00, 0x00, 0x00,
    0x00, 0x00, 0x00, 0x00, 0x00, 0x00, 0x00, 0x00, 0x00, 0x20, 0xC8, 0xFE, 0xCE, 0x28, 0x00, 0x00,
    0x00, 0xF7, 0xFF, 0xFF, 0xFF, 0xFF, 0x07, 0x00, 0x80, 0xFF, 0xFF, 0xBD, 0xFD, 0xFF, 0x8F, 0x00,
    0xF3, 0xFF, 0x4E, 0x00, 0x40, 0xFE, 0xFF, 0x03, 0xF9, 0xFF, 0x07, 0x00, 0x00, 0xF7, 0xFF, 0x09,
    0xFD, 0xFF, 0x01, 0x00, 0x00, 0xF1, 0xFF, 0x0D, 0xFE, 0xEF, 0x00, 0x00, 0x00, 0xE0, 0xFF, 0x0E,
    0xFE, 0xEF, 0x00, 0x00, 0x00, 0xE0, 0xFF, 0x0E, 0xFD, 0xFF, 0x01, 0x00, 0x00, 0xF1, 0xFF, 0x0D,
    0xF9, 0xFF, 0x07, 0x00, 0x00, 0xF7, 0xFF, 0x09, 0xF3, 0xFF, 0x4E, 0x00, 0x40, 0xFE, 0xFF, 0x03,
    0x80, 0xFF, 0xFF, 0xBD, 0xFD, 0xFF, 0x8F, 0x00, 0x00, 0xF8, 0xFF, 0xFF, 0xFF, 0xFF, 0x07, 0x00,
    0x00, 0x20, 0xC8, 0xFE, 0xCE, 0x28, 0x00, 0x00,
    // Unicode: [0x014D]
    0x00, 0xF1, 0xFF, 0xFF, 0xFF, 0x0C, 0x00, 0x00, 0xF1, 0xFF, 0xFF, 0xFF, 0x0C, 0x00, 0x00, 0x00,
    0x00, 0x00, 0x00, 0x00, 0x00, 0x00, 0x00, 0x00, 0x00, 0x00, 0x00, 0x00, 0x00, 0x40, 0xDA, 0xEF,
    0x9D, 0x02, 0x00, 0x00, 0xF8, 0xFF, 0xFF, 0xFF, 0x4E, 0x00, 0x50, 0xFF, 0xCF, 0x87, 0xFE, 0xEF,
    0x02, 0xC0, 0xFF, 0x0D, 0x00, 0xF3, 0xFF, 0x08, 0xF1, 0xFF, 0x09, 0x00, 0xD0, 0xFF, 0x0C, 0xF2,
    0xFF, 0x08, 0x00, 0xC0, 0xFF, 0x0D, 0xF1, 0xFF, 0x09, 0x00, 0xD0, 0xFF, 0x0C, 0xC0, 0xFF, 0x1D,
    0x00, 0xF3, 0xFF, 0x08, 0x50, 0xFF, 0xCF, 0x77, 0xFE, 0xEF, 0x02, 0x00, 0xF8, 0xFF, 0xFF, 0xFF,
    0x5E, 0x00, 0x00, 0x40, 0xDA, 0xEF, 0x9D, 0x02, 0x00,
    // Unicode: [0x014E]
    0x00, 0x20, 0x78, 0x00, 0x70, 0x28, 0x00, 0x00, 0x00, 0x20, 0xFF, 0x02, 0xF2, 0x1F, 0x00, 0x00,
    0x00, 0x00, 0xFB, 0xBE, 0xFE, 0x0A, 0x00, 0x00, 0x00, 0x00, 0x81, 0xFD, 0x8D, 0x01, 0x00, 0x00,
    0x00, 0x00, 0x00, 0x00, 0x00, 0x00, 0x00, 0x00, 0x00, 0x00, 0x00, 0x00, 0x00, 0x00, 0x00, 0x00,
    0x00, 0x20, 0xC8, 0xFE, 0xCE, 0x28, 0x00, 0x00, 0x00, 0xF7, 0xFF, 0xFF, 0xFF, 0xFF, 0x07, 0x00,
    0x80, 0xFF, 0xFF, 0xBD, 0xFD, 0xFF, 0x8F, 0x00, 0xF3, 0xFF, 0x4E, 0x00, 0x40, 0xFE, 0xFF, 0x03,
    0xF9, 0xFF, 0x07, 0x00, 0x00, 0xF7, 0xFF, 0x09, 0xFD, 0xFF, 0x01, 0x00, 0x00, 0xF1, 0xFF, 0x0D,
    0xFE, 0xEF, 0x00, 0x00, 0x00, 0xE0, 0xFF, 0x0E, 0xFE, 0xEF, 0x00, 0x00, 0x00, 0xE0, 0xFF, 0x0E,
    0xFD, 0xFF, 0x01, 0x00, 0x00, 0xF1, 0xFF, 0x0D, 0xF9, 0xFF, 0x07, 0x00, 0x00, 0xF7, 0xFF, 0x09,
    0xF3, 0xFF, 0x4E, 0x00, 0x40, 0xFE, 0xFF, 0x03, 0x80, 0xFF, 0xFF, 0xBD, 0xFD, 0xFF, 0x8F, 0x00,
    0x00, 0xF8, 0xFF, 0xFF, 0xFF, 0xFF, 0x07, 0x00, 0x00, 0x20, 0xC8, 0xFE, 0xCE, 0x28, 0x00, 0x00,
    // Unicode: [0x014F]
    0x00, 0xD0, 0x5F, 0x00, 0xF9, 0x08, 0x00, 0x00, 0xA0, 0xBF, 0x31, 0xFE, 0x05, 0x00, 0x00, 0x20,
    0xFE, 0xFF, 0xBF, 0x00, 0x00, 0x00, 0x00, 0x71, 0x99, 0x05, 0x00, 0x00, 0x00, 0x00, 0x00, 0x00,
    0x00, 0x00, 0x00, 0x00, 0x40, 0xDA, 0xEF, 0x9D, 0x02, 0x00, 0x00, 0xF8, 0xFF, 0xFF, 0xFF, 0x4E,
    0x00, 0x50, 0xFF, 0xCF, 0x87, 0xFE, 0xEF, 0x02, 0xC0, 0xFF, 0x0D, 0x00, 0xF3, 0xFF, 0x08, 0xF1,
    0xFF, 0x09, 0x00, 0xD0, 0xFF, 0x0C, 0xF2, 0xFF, 0x08, 0x00, 0xC0, 0xFF, 0x0D, 0xF1, 0xFF, 0x09,
    0x00, 0xD0, 0xFF, 0x0C, 0xC0, 0xFF, 0x1D, 0x00, 0xF3, 0xFF, 0x08, 0x50, 0xFF, 0xCF, 0x77, 0xFE,
    0xEF, 0x02, 0x00, 0xF8, 0xFF, 0xFF, 0xFF, 0x5E, 0x00, 0x00, 0x40, 0xDA, 0xEF, 0x9D, 0x02, 0x00,
    // Unicode: [0x0150]
    0x00, 0x00, 0x80, 0xBB, 0x62, 0xBB, 0x04, 0x00, 0x00, 0x00, 0xF2, 0x9F, 0xE1, 0xBF, 0x00, 0x00,
    0x00, 0x00, 0xF9, 0x1D, 0xF6, 0x2E, 0x00, 0x00, 0x00, 0x10, 0xFE, 0x03, 0xFD, 0x05, 0x00, 0x00,
    0x00, 0x00, 0x00, 0x00, 0x00, 0x00, 0x00, 0x00, 0x00, 0x00, 0x00, 0x00, 0x00, 0x00, 0x00, 0x00,
    0x00, 0x20, 0xC8, 0xFE, 0xCE, 0x28, 0x00, 0x00, 0x00, 0xF7, 0xFF, 0xFF, 0xFF, 0xFF, 0x07, 0x00,
    0x80, 0xFF, 0xFF, 0xBD, 0xFD, 0xFF, 0x8F, 0x00, 0xF3, 0xFF, 0x4E, 0x00, 0x40, 0xFE, 0xFF, 0x03,
    0xF9, 0xFF, 0x07, 0x00, 0x00, 0xF7, 0xFF, 0x09, 0xFD, 0xFF, 0x01, 0x00, 0x00, 0xF1, 0xFF, 0x0D,
    0xFE, 0xEF, 0x00, 0x00, 0x00, 0xE0, 0xFF, 0x0E, 0xFE, 0xEF, 0x00, 0x00, 0x00, 0xE0, 0xFF, 0x0E,
    0xFD, 0xFF, 0x01, 0x00, 0x00, 0xF1, 0xFF, 0x0D, 0xF9, 0xFF, 0x07, 0x00, 0x00, 0xF7, 0xFF, 0x09,
    0xF3, 0xFF, 0x4E, 0x00, 0x40, 0xFE, 0xFF, 0x03, 0x80, 0xFF, 0xFF, 0xBD, 0xFD, 0xFF, 0x8F, 0x00,
    0x00, 0xF8, 0xFF, 0xFF, 0xFF, 0xFF, 0x07, 0x00, 0x00, 0x20, 0xC8, 0xFE, 0xCE, 0x28, 0x00, 0x00,
    // Unicode: [0x0151]
    0x00, 0x00, 0xF5, 0x8F, 0xF3, 0xAF, 0x00, 0x00, 0x00, 0xFC, 0x0C, 0xFA, 0x1E, 0x00, 0x00, 0x40,
    0xFF, 0x23, 0xFF, 0x05, 0x00, 0x00, 0x70, 0x6B, 0x60, 0x8B, 0x00, 0x00, 0x00, 0x00, 0x00, 0x00,
    0x00, 0x00, 0x00, 0x00, 0x40, 0xDA, 0xEF, 0x9D, 0x02, 0x00, 0x00, 0xF8, 0xFF, 0xFF, 0xFF, 0x4E,
    0x00, 0x50, 0xFF, 0xCF, 0x87, 0xFE, 0xEF, 0x02, 0xC0, 0xFF, 0x0D, 0x00, 0xF3, 0xFF, 0x08, 0xF1,
    0xFF, 0x09, 0x00, 0xD0, 0xFF, 0x0C, 0xF2, 0xFF, 0x08, 0x00, 0xC0, 0xFF, 0x0D, 0xF1, 0xFF, 0x09,
    0x00, 0xD0, 0xFF, 0x0C, 0xC0, 0xFF, 0x1D, 0x00, 0xF3, 0xFF, 0x08, 0x50, 0xFF, 0xCF, 0x77, 0xFE,
    0xEF, 0x02, 0x00, 0xF8, 0xFF, 0xFF, 0xFF, 0x5E, 0x00, 0x00, 0x40, 0xDA, 0xEF, 0x9D, 0x02, 0x00,
    // Unicode: [0x0152]
    0x00, 0x10, 0xA6, 0xED, 0xFF, 0xFF, 0xFF, 0xFF, 0xFF, 0xFF, 0x06, 0x00, 0xE4, 0xFF, 0xFF, 0xFF,
    0xFF, 0xFF, 0xFF, 0xFF, 0xFF, 0x06, 0x40, 0xFF, 0xFF, 0xCF, 0xBB, 0xFF, 0xEF, 0xBB, 0xBB, 0xBB,
    0x04, 0xE1, 0xFF, 0x8F, 0x01, 0x10, 0xFF, 0x9F, 0x00, 0x00, 0x00, 0x00, 0xF7, 0xFF, 0x09, 0x00,
    0x10, 0xFF, 0x9F, 0x00, 0x00, 0x00, 0x00, 0xFC, 0xFF, 0x02, 0x00, 0x10, 0xFF, 0xFF, 0xFF, 0xFF,
    0xEF, 0x00, 0xFE, 0xEF, 0x00, 0x00, 0x10, 0xFF, 0xFF, 0xFF, 0xFF, 0xEF, 0x00, 0xFE, 0xEF, 0x00,
    0x00, 0x10, 0xFF, 0xEF, 0xBB, 0xBB, 0xAB, 0x00, 0xFC, 0xFF, 0x02, 0x00, 0x10, 0xFF, 0x9F, 0x00,
    0x00, 0x00, 0x00, 0xF8, 0xFF, 0x08, 0x00, 0x10, 0xFF, 0x9F, 0x00, 0x00, 0x00, 0x00, 0xE2, 0xFF,
    0x8F, 0x01, 0x10, 0xFF, 0x9F, 0x00, 0x00, 0x00, 0x00, 0x50, 0xFF, 0xFF, 0xCE, 0xBB, 0xFF, 0xEF,
    0xBB, 0xBB, 0xBB, 0x04, 0x00, 0xE5, 0xFF, 0xFF, 0xFF, 0xFF, 0xFF, 0xFF, 0xFF, 0xFF, 0x06, 0x00,
    0x10, 0xA6, 0xED, 0xFF, 0xFF, 0xFF, 0xFF, 0xFF, 0xFF, 0x06,
    // Unicode: [0x0153]
    0x00, 0x40, 0xDA, 0xEF, 0x7C, 0x11, 0xC7, 0xFE, 0xAD, 0x03, 0x00, 0x00, 0xF8, 0xFF, 0xFF, 0xFF,
    0xDE, 0xFF, 0xFF, 0xFF, 0x6F, 0x00, 0x50, 0xFF, 0xCF, 0x87, 0xFE, 0xFF, 0x8F, 0x33, 0xFA, 0xEF,
    0x01, 0xC0, 0xFF, 0x0D, 0x00, 0xF3, 0xFF, 0x0B, 0x00, 0xF1, 0xFF, 0x06, 0xF1, 0xFF, 0x09, 0x00,
    0xD0, 0xFF, 0xFF, 0xFF, 0xFF, 0xFF, 0x08, 0xF2, 0xFF, 0x08, 0x00, 0xC0, 0xFF, 0xFF, 0xFF, 0xFF,
    0xFF, 0x08, 0xF1, 0xFF, 0x09, 0x00, 0xD0, 0xFF, 0x0B, 0x00, 0x00, 0x00, 0x00, 0xC0, 0xFF, 0x1E,
    0x00, 0xF3, 0xFF, 0x4F, 0x00, 0x00, 0x50, 0x03, 0x50, 0xFF, 0xCF, 0x87, 0xFE, 0xFF, 0xFF, 0x7A,
    0x97, 0xFD, 0x05, 0x00, 0xF8, 0xFF, 0xFF, 0xFF, 0xDE, 0xFF, 0xFF, 0xFF, 0xFF, 0x05, 0x00, 0x40,
    0xDA, 0xEF, 0x8C, 0x01, 0xB6, 0xFE, 0xDF, 0x6A, 0x01,
    // Unicode: [0x0154]
    0x00, 0x00, 0x00, 0x82, 0x88, 0x02, 0x00, 0x00, 0x00, 0x00, 0x00, 0xFA, 0xAF, 0x00, 0x00, 0x00,
    0x00, 0x00, 0x40, 0xFF, 0x0B, 0x00, 0x00, 0x00, 0x00, 0x00, 0xD0, 0xCF, 0x01, 0x00, 0x00, 0x00,
    0x00, 0x00, 0x82, 0x17, 0x00, 0x00, 0x00, 0x00, 0x00, 0x00, 0x00, 0x00, 0x00, 0x00, 0x00, 0x00,
    0xF2, 0xFF, 0xFF, 0xFF, 0xCE, 0x18, 0x00, 0x00, 0xF2, 0xFF, 0xFF, 0xFF, 0xFF, 0xDF, 0x01, 0x00,
    0xF2, 0xFF, 0xAD, 0xBA, 0xFE, 0xFF, 0x09, 0x00, 0xF2, 0xFF, 0x09, 0x00, 0xF4, 0xFF, 0x0D, 0x00,
    0xF2, 0xFF, 0x09, 0x00, 0xF1, 0xFF, 0x0C, 0x00, 0xF2, 0xFF, 0x09, 0x00, 0xF5, 0xFF, 0x09, 0x00,
    0xF2, 0xFF, 0x8C, 0xB9, 0xFF, 0xEF, 0x02, 0x00, 0xF2, 0xFF, 0xFF, 0xFF, 0xFF, 0x3C, 0x00, 0x00,
    0xF2, 0xFF, 0xFF, 0xFF, 0xFF, 0x05, 0x00, 0x00, 0xF2, 0xFF, 0x09, 0xF4, 0xFF, 0x3E, 0x00, 0x00,
    0xF2, 0xFF, 0x09, 0x70, 0xFF, 0xDF, 0x01, 0x00, 0xF2, 0xFF, 0x09, 0x00, 0xFA, 0xFF, 0x0B, 0x00,
    0xF2, 0xFF, 0x09, 0x00, 0xD1, 0xFF, 0x9F, 0x00, 0xF2, 0xFF, 0x09, 0x00, 0x20, 0xFE, 0xFF, 0x07,
    // Unicode: [0x0155]
    0x00, 0x00, 0x42, 0x44, 0x00, 0x00, 0x10, 0xFD, 0x7F, 0x00, 0x00, 0x80, 0xFF, 0x07, 0x00, 0x00,
    0xF3, 0x8F, 0x00, 0x00, 0x00, 0x75, 0x06, 0x00, 0x00, 0x00, 0x00, 0x00, 0x00, 0x00, 0xF5, 0xFF,
    0x53, 0xFC, 0x09, 0xF5, 0xFF, 0xFC, 0xFF, 0x09, 0xF5, 0xFF, 0xFF, 0xFF, 0x09, 0xF5, 0xFF, 0x58,
    0x44, 0x02, 0xF5, 0xFF, 0x03, 0x00, 0x00, 0xF5, 0xFF, 0x03, 0x00, 0x00, 0xF5, 0xFF, 0x03, 0x00,
    0x00, 0xF5, 0xFF, 0x03, 0x00, 0x00, 0xF5, 0xFF, 0x03, 0x00, 0x00, 0xF5, 0xFF, 0x03, 0x00, 0x00,
    0xF5, 0xFF, 0x03, 0x00, 0x00,
    // Unicode: [0x0156]
    0xF2, 0xFF, 0xFF, 0xFF, 0xCE, 0x18, 0x00, 0x00, 0xF2, 0xFF, 0xFF, 0xFF, 0xFF, 0xDF, 0x01, 0x00,
    0xF2, 0xFF, 0xAD, 0xBA, 0xFE, 0xFF, 0x09, 0x00, 0xF2, 0xFF, 0x09, 0x00, 0xF4, 0xFF, 0x0D, 0x00,
    0xF2, 0xFF, 0x09, 0x00, 0xF1, 0xFF, 0x0C, 0x00, 0xF2, 0xFF, 0x09, 0x00, 0xF5, 0xFF, 0x09, 0x00,
    0xF2, 0xFF, 0x8C, 0xB9, 0xFF, 0xEF, 0x02, 0x00, 0xF2, 0xFF, 0xFF, 0xFF, 0xFF, 0x3C, 0x00, 0x00,
    0xF2, 0xFF, 0xFF, 0xFF, 0xFF, 0x05, 0x00, 0x00, 0xF2, 0xFF, 0x09, 0xF4, 0xFF, 0x3E, 0x00, 0x00,
    0xF2, 0xFF, 0x09, 0x70, 0xFF, 0xDF, 0x01, 0x00, 0xF2, 0xFF, 0x09, 0x00, 0xFA, 0xFF, 0x0B, 0x00,
    0xF2, 0xFF, 0x09, 0x00, 0xD1, 0xFF, 0x9F, 0x00, 0xF2, 0xFF, 0x09, 0x21, 0x21, 0xFE, 0xFF, 0x07,
    0x00, 0x00, 0x00, 0xF9, 0x09, 0x00, 0x00, 0x00, 0x00, 0x10, 0x00, 0xFC, 0x07, 0x00, 0x00, 0x00,
    0x00, 0xE0, 0xED, 0xFF, 0x02, 0x00, 0x00, 0x00, 0x00, 0xC0, 0xEF, 0x4B, 0x00, 0x00, 0x00, 0x00,
    // Unicode: [0x0157]
    0xF5, 0xFF, 0x53, 0xFC, 0x09, 0xF5, 0xFF, 0xFC, 0xFF, 0x09, 0xF5, 0xFF, 0xFF, 0xFF, 0x09, 0xF5,
    0xFF, 0x58, 0x44, 0x02, 0xF5, 0xFF, 0x03, 0x00, 0x00, 0xF5, 0xFF, 0x03, 0x00, 0x00, 0xF5, 0xFF,
    0x03, 0x00, 0x00, 0xF5, 0xFF, 0x03, 0x00, 0x00, 0xF5, 0xFF, 0x03, 0x00, 0x00, 0xF5, 0xFF, 0x03,
    0x00, 0x00, 0xF5, 0xFF, 0x26, 0x00, 0x00, 0x00, 0x90, 0x9F, 0x00, 0x00, 0x01, 0xD1, 0x7F, 0x00,
    0x00, 0xDF, 0xFE, 0x2E, 0x00, 0x00, 0xFD, 0xBE, 0x03, 0x00, 0x00,
    // Unicode: [0x0158]
    0x00, 0x73, 0x17, 0x00, 0x75, 0x06, 0x00, 0x00, 0x00, 0xD1, 0xAF, 0x40, 0xFF, 0x04, 0x00, 0x00,
    0x00, 0x20, 0xFE, 0xE9, 0x7F, 0x00, 0x00, 0x00, 0x00, 0x00, 0xF4, 0xFF, 0x09, 0x00, 0x00, 0x00,
    0x00, 0x00, 0x40, 0x66, 0x00, 0x00, 0x00, 0x00, 0x00, 0x00, 0x00, 0x00, 0x00, 0x00, 0x00, 0x00,
    0xF2, 0xFF, 0xFF, 0xFF, 0xCE, 0x18, 0x00, 0x00, 0xF2, 0xFF, 0xFF, 0xFF, 0xFF, 0xDF, 0x01, 0x00,
    0xF2, 0xFF, 0xAD, 0xBA, 0xFE, 0xFF, 0x09, 0x00, 0xF2, 0xFF, 0x09, 0x00, 0xF4, 0xFF, 0x0D, 0x00,
    0xF2, 0xFF, 0x09, 0x00, 0xF1, 0xFF, 0x0C, 0x00, 0xF2, 0xFF, 0x09, 0x00, 0xF5, 0xFF, 0x09, 0x00,
    0xF2, 0xFF, 0x8C, 0xB9, 0xFF, 0xEF, 0x02, 0x00, 0xF2, 0xFF, 0xFF, 0xFF, 0xFF, 0x3C, 0x00, 0x00,
    0xF2, 0xFF, 0xFF, 0xFF, 0xFF, 0x05, 0x00, 0x00, 0xF2, 0xFF, 0x09, 0xF4, 0xFF, 0x3E, 0x00, 0x00,
    0xF2, 0xFF, 0x09, 0x70, 0xFF, 0xDF, 0x01, 0x00, 0xF2, 0xFF, 0x09, 0x00, 0xFA, 0xFF, 0x0B, 0x00,
    0xF2, 0xFF, 0x09, 0x00, 0xD1, 0xFF, 0x9F, 0x00, 0xF2, 0xFF, 0x09, 0x00, 0x20, 0xFE, 0xFF, 0x07,
    // Unicode: [0x0159]
    0x43, 0x03, 0x00, 0x44, 0x03, 0xF5, 0x4F, 0x60, 0xEF, 0x02, 0x70, 0xEF, 0xF6, 0x4F, 0x00, 0x00,
    0xFA, 0xFF, 0x07, 0x00, 0x00, 0x70, 0x67, 0x00, 0x00, 0x00, 0x00, 0x00, 0x00, 0x00, 0xF5, 0xFF,
    0x53, 0xFC, 0x09, 0xF5, 0xFF, 0xFC, 0xFF, 0x09, 0xF5, 0xFF, 0xFF, 0xFF, 0x09, 0xF5, 0xFF, 0x58,
    0x44, 0x02, 0xF5, 0xFF, 0x03, 0x00, 0x00, 0xF5, 0xFF, 0x03, 0x00, 0x00, 0xF5, 0xFF, 0x03, 0x00,
    0x00, 0xF5, 0xFF, 0x03, 0x00, 0x00, 0xF5, 0xFF, 0x03, 0x00, 0x00, 0xF5, 0xFF, 0x03, 0x00, 0x00,
    0xF5, 0xFF, 0x03, 0x00, 0x00,
    // Unicode: [0x015A]
    0x00, 0x00, 0x00, 0x83, 0x78, 0x01, 0x00, 0x00, 0x00, 0x10, 0xFD, 0x6F, 0x00, 0x00, 0x00, 0x00,
    0x90, 0xFF, 0x05, 0x00, 0x00, 0x00, 0x00, 0xF4, 0x5F, 0x00, 0x00, 0x00, 0x00, 0x00, 0x00, 0x00,
    0x00, 0x00, 0x00, 0x00, 0x00, 0x00, 0x00, 0x00, 0x00, 0x00, 0x00, 0x82, 0xEC, 0xEF, 0xBD, 0x37,
    0x00, 0x60, 0xFF, 0xFF, 0xFF, 0xFF, 0xEF, 0x00, 0xF5, 0xFF, 0xBF, 0xA9, 0xFC, 0xEF, 0x00, 0xFB,
    0xFF, 0x03, 0x00, 0x20, 0xD8, 0x00, 0xFC, 0xFF, 0x05, 0x00, 0x00, 0x10, 0x00, 0xF9, 0xFF, 0xEF,
    0x7A, 0x04, 0x00, 0x00, 0xE2, 0xFF, 0xFF, 0xFF, 0xEF, 0x08, 0x00, 0x20, 0xE9, 0xFF, 0xFF, 0xFF,
    0xCF, 0x00, 0x00, 0x10, 0x74, 0xEA, 0xFF, 0xFF, 0x05, 0x04, 0x00, 0x00, 0x00, 0xFA, 0xFF, 0x07,
    0xBE, 0x04, 0x00, 0x00, 0xF8, 0xFF, 0x05, 0xFE, 0xEF, 0xAB, 0xCA, 0xFF, 0xDF, 0x01, 0xFE, 0xFF,
    0xFF, 0xFF, 0xFF, 0x2C, 0x00, 0x51, 0xDA, 0xFE, 0xDE, 0x5A, 0x00, 0x00,
    // Unicode: [0x015B]
    0x00, 0x00, 0x10, 0xFD, 0x8F, 0x00, 0x00, 0x00, 0x90, 0xFF, 0x07, 0x00, 0x00, 0x00, 0xF4, 0x7F,
    0x00, 0x00, 0x00, 0x00, 0x86, 0x05, 0x00, 0x00, 0x00, 0x00, 0x00, 0x00, 0x00, 0x00, 0x00, 0x81,
    0xEC, 0xEF, 0x9C, 0x04, 0x30, 0xFE, 0xFF, 0xFF, 0xFF, 0x0A, 0xC0, 0xFF, 0x6E, 0x55, 0xE9, 0x0A,
    0xF0, 0xFF, 0x1C, 0x00, 0x10, 0x04, 0xC0, 0xFF, 0xFF, 0xAD, 0x27, 0x00, 0x30, 0xFE, 0xFF, 0xFF,
    0xFF, 0x05, 0x00, 0x61, 0xDA, 0xFF, 0xFF, 0x1E, 0x71, 0x00, 0x00, 0x91, 0xFF, 0x2F, 0xF1, 0x9E,
    0x46, 0xC5, 0xFF, 0x0E, 0xF1, 0xFF, 0xFF, 0xFF, 0xEF, 0x04, 0x50, 0xDA, 0xFE, 0xCE, 0x28, 0x00,
    // Unicode: [0x015C]
    0x00, 0x00, 0x70, 0x78, 0x00, 0x00, 0x00, 0x00, 0x00, 0xF9, 0xFF, 0x0A, 0x00, 0x00, 0x00, 0x70,
    0xEF, 0xE5, 0x8F, 0x00, 0x00, 0x00, 0xF6, 0x3E, 0x30, 0xFE, 0x07, 0x00, 0x00, 0x00, 0x00, 0x00,
    0x00, 0x00, 0x00, 0x00, 0x00, 0x00, 0x00, 0x00, 0x00, 0x00, 0x00, 0x82, 0xEC, 0xEF, 0xBD, 0x37,
    0x00, 0x60, 0xFF, 0xFF, 0xFF, 0xFF, 0xEF, 0x00, 0xF5, 0xFF, 0xBF, 0xA9, 0xFC, 0xEF, 0x00, 0xFB,
    0xFF, 0x03, 0x00, 0x20, 0xD8, 0x00, 0xFC, 0xFF, 0x05, 0x00, 0x00, 0x10, 0x00, 0xF9, 0xFF, 0xEF,
    0x7A, 0x04, 0x00, 0x00, 0xE2, 0xFF, 0xFF, 0xFF, 0xEF, 0x08, 0x00, 0x20, 0xE9, 0xFF, 0xFF, 0xFF,
    0xCF, 0x00, 0x00, 0x10, 0x74, 0xEA, 0xFF, 0xFF, 0x05, 0x04, 0x00, 0x00, 0x00, 0xFA, 0xFF, 0x07,
    0xBE, 0x04, 0x00, 0x00, 0xF8, 0xFF, 0x05, 0xFE, 0xEF, 0xAB, 0xCA, 0xFF, 0xDF, 0x01, 0xFE, 0xFF,
    0xFF, 0xFF, 0xFF, 0x2C, 0x00, 0x51, 0xDA, 0xFE, 0xDE, 0x5A, 0x00, 0x00,
    // Unicode: [0x015D]
    0x00, 0x00, 0xF8, 0xCF, 0x01, 0x00, 0x00, 0x60, 0xEF, 0xFD, 0x0B, 0x00, 0x00, 0xF5, 0x4F, 0xD2,
    0x9F, 0x00, 0x00, 0x87, 0x04, 0x20, 0x88, 0x02, 0x00, 0x00, 0x00, 0x00, 0x00, 0x00, 0x00, 0x81,
    0xEC, 0xEF, 0x9C, 0x04, 0x30, 0xFE, 0xFF, 0xFF, 0xFF, 0x0A, 0xC0, 0xFF, 0x6E, 0x55, 0xE9, 0x0A,
    0xF0, 0xFF, 0x1C, 0x00, 0x10, 0x04, 0xC0, 0xFF, 0xFF, 0xAD, 0x27, 0x00, 0x30, 0xFE, 0xFF, 0xFF,
    0xFF, 0x05, 0x00, 0x61, 0xDA, 0xFF, 0xFF, 0x1E, 0x71, 0x00, 0x00, 0x91, 0xFF, 0x2F, 0xF1, 0x9E,
    0x46, 0xC5, 0xFF, 0x0E, 0xF1, 0xFF, 0xFF, 0xFF, 0xEF, 0x04, 0x50, 0xDA, 0xFE, 0xCE, 0x28, 0x00,
    // Unicode: [0x015E]
    0x00, 0x82, 0xEC, 0xEF, 0xBD, 0x37, 0x00, 0x60, 0xFF, 0xFF, 0xFF, 0xFF, 0xEF, 0x00, 0xF5, 0xFF,
    0xBF, 0xA9, 0xFC, 0xEF, 0x00, 0xFB, 0xFF, 0x03, 0x00, 0x20, 0xD8, 0x00, 0xFC, 0xFF, 0x04, 0x00,
    0x00, 0x10, 0x00, 0xF9, 0xFF, 0xDF, 0x69, 0x02, 0x00, 0x00, 0xE2, 0xFF, 0xFF, 0xFF, 0xDF, 0x06,
    0x00, 0x20, 0xFA, 0xFF, 0xFF, 0xFF, 0xAF, 0x00, 0x00, 0x10, 0x84, 0xEA, 0xFF, 0xFF, 0x04, 0x03,
    0x00, 0x00, 0x00, 0xFA, 0xFF, 0x07, 0xBE, 0x04, 0x00, 0x00, 0xF8, 0xFF, 0x06, 0xFE, 0xEF, 0x9B,
    0xCA, 0xFF, 0xEF, 0x01, 0xFE, 0xFF, 0xFF, 0xFF, 0xFF, 0x5E, 0x00, 0x61, 0xDA, 0xFE, 0xFF, 0x9F,
    0x02, 0x00, 0x00, 0x00, 0x00, 0xF4, 0x0E, 0x00, 0x00, 0x00, 0x10, 0x00, 0xF8, 0x0D, 0x00, 0x00,
    0x00, 0xA0, 0xDD, 0xFF, 0x07, 0x00, 0x00, 0x00, 0x80, 0xFE, 0x7D, 0x00, 0x00, 0x00,
    // Unicode: [0x015F]
    0x00, 0x71, 0xEC, 0xEF, 0x9C, 0x04, 0x30, 0xFE, 0xFF, 0xFF, 0xFF, 0x0A, 0xC0, 0xFF, 0x6E, 0x55,
    0xE9, 0x0A, 0xF0, 0xFF, 0x1C, 0x00, 0x10, 0x04, 0xC0, 0xFF, 0xFF, 0xAD, 0x27, 0x00, 0x30, 0xFE,
    0xFF, 0xFF, 0xFF, 0x05, 0x00, 0x61, 0xDB, 0xFF, 0xFF, 0x1E, 0x61, 0x00, 0x00, 0xA1, 0xFF, 0x2F,
    0xF1, 0x9D, 0x45, 0xC5, 0xFF, 0x0E, 0xF1, 0xFF, 0xFF, 0xFF, 0xEF, 0x04, 0x60, 0xDA, 0xFE, 0xFF,
    0x2C, 0x00, 0x00, 0x00, 0x00, 0xF8, 0x0A, 0x00, 0x00, 0x10, 0x00, 0xFC, 0x08, 0x00, 0x00, 0xD0,
    0xED, 0xFF, 0x03, 0x00, 0x00, 0xB0, 0xEF, 0x4C, 0x00, 0x00,
    // Unicode: [0x0160]
    0x00, 0x86, 0x06, 0x10, 0x87, 0x03, 0x00, 0x00, 0xE3, 0x6F, 0xB0, 0xBF, 0x00, 0x00, 0x00, 0x40,
    0xFF, 0xFC, 0x1C, 0x00, 0x00, 0x00, 0x00, 0xF5, 0xDF, 0x02, 0x00, 0x00, 0x00, 0x00, 0x00, 0x00,
    0x00, 0x00, 0x00, 0x00, 0x00, 0x00, 0x00, 0x00, 0x00, 0x00, 0x00, 0x82, 0xEC, 0xEF, 0xBD, 0x37,
    0x00, 0x60, 0xFF, 0xFF, 0xFF, 0xFF, 0xEF, 0x00, 0xF5, 0xFF, 0xBF, 0xA9, 0xFC, 0xEF, 0x00, 0xFB,
    0xFF, 0x03, 0x00, 0x20, 0xD8, 0x00, 0xFC, 0xFF, 0x05, 0x00, 0x00, 0x10, 0x00, 0xF9, 0xFF, 0xEF,
    0x7A, 0x04, 0x00, 0x00, 0xE2, 0xFF, 0xFF, 0xFF, 0xEF, 0x08, 0x00, 0x20, 0xE9, 0xFF, 0xFF, 0xFF,
    0xCF, 0x00, 0x00, 0x10, 0x74, 0xEA, 0xFF, 0xFF, 0x05, 0x04, 0x00, 0x00, 0x00, 0xFA, 0xFF, 0x07,
    0xBE, 0x04, 0x00, 0x00, 0xF8, 0xFF, 0x05, 0xFE, 0xEF, 0xAB, 0xCA, 0xFF, 0xDF, 0x01, 0xFE, 0xFF,
    0xFF, 0xFF, 0xFF, 0x2C, 0x00, 0x51, 0xDA, 0xFE, 0xDE, 0x5A, 0x00, 0x00,
    // Unicode: [0x0161]
    0x00, 0x66, 0x03, 0x10, 0x66, 0x02, 0x00, 0xF7, 0x2E, 0xB0, 0xCF, 0x00, 0x00, 0xB0, 0xCF, 0xF8,
    0x2E, 0x00, 0x00, 0x10, 0xFD, 0xFF, 0x04, 0x00, 0x00, 0x00, 0xA3, 0x6A, 0x00, 0x00, 0x00, 0x00,
    0x00, 0x00, 0x00, 0x00, 0x00, 0x81, 0xEC, 0xEF, 0x9C, 0x04, 0x30, 0xFE, 0xFF, 0xFF, 0xFF, 0x0A,
    0xC0, 0xFF, 0x6E, 0x65, 0xB7, 0x0A, 0xF0, 0xFF, 0x1C, 0x00, 0x00, 0x00, 0xC0, 0xFF, 0xFF, 0xAD,
    0x27, 0x00, 0x30, 0xFE, 0xFF, 0xFF, 0xFF, 0x05, 0x00, 0x61, 0xDA, 0xFF, 0xFF, 0x1E, 0x81, 0x01,
    0x00, 0x91, 0xFF, 0x2F, 0xF1, 0x9E, 0x56, 0xC5, 0xFF, 0x0E, 0xF1, 0xFF, 0xFF, 0xFF, 0xEF, 0x04,
    0x50, 0xDA, 0xFE, 0xCE, 0x28, 0x00,
    // Unicode: [0x0162]
    0xF9, 0xFF, 0xFF, 0xFF, 0xFF, 0xFF, 0x4F, 0xF9, 0xFF, 0xFF, 0xFF, 0xFF, 0xFF, 0x4F, 0xB7, 0xBB,
    0xFB, 0xFF, 0xBE, 0xBB, 0x3B, 0x00, 0x00, 0xF1, 0xFF, 0x0A, 0x00, 0x00, 0x00, 0x00, 0xF1, 0xFF,
    0x0A, 0x00, 0x00, 0x00, 0x00, 0xF1, 0xFF, 0x0A, 0x00, 0x00, 0x00, 0x00, 0xF1, 0xFF, 0x0A, 0x00,
    0x00, 0x00, 0x00, 0xF1, 0xFF, 0x0A, 0x00, 0x00, 0x00, 0x00, 0xF1, 0xFF, 0x0A, 0x00, 0x00, 0x00,
    0x00, 0xF1, 0xFF, 0x0A, 0x00, 0x00, 0x00, 0x00, 0xF1, 0xFF, 0x0A, 0x00, 0x00, 0x00, 0x00, 0xF1,
    0xFF, 0x0A, 0x00, 0x00, 0x00, 0x00, 0xF1, 0xFF, 0x0A, 0x00, 0x00, 0x00, 0x00, 0xF1, 0xFF, 0x2B,
    0x00, 0x00, 0x00, 0x00, 0x00, 0x90, 0x9F, 0x00, 0x00, 0x00, 0x00, 0x01, 0xC0, 0x7F, 0x00, 0x00,
    0x00, 0x00, 0xDE, 0xFE, 0x2E, 0x00, 0x00, 0x00, 0x00, 0xFC, 0xBE, 0x04, 0x00, 0x00,
    // Unicode: [0x0163]
    0x20, 0xFF, 0x6F, 0x00, 0x00, 0x20, 0xFF, 0x6F, 0x00, 0x00, 0x20, 0xFF, 0x6F, 0x00, 0x00, 0xF9,
    0xFF, 0xFF, 0xFF, 0x0A, 0xF9, 0xFF, 0xFF, 0xFF, 0x0A, 0x63, 0xFF, 0x9F, 0x55, 0x03, 0x20, 0xFF,
    0x6F, 0x00, 0x00, 0x20, 0xFF, 0x6F, 0x00, 0x00, 0x20, 0xFF, 0x6F, 0x00, 0x00, 0x20, 0xFF, 0x6F,
    0x00, 0x00, 0x20, 0xFF, 0x7F, 0x00, 0x00, 0x10, 0xFF, 0xDF, 0x55, 0x06, 0x00, 0xFB, 0xFF, 0xFF,
    0x0A, 0x00, 0x91, 0xFE, 0xFF, 0x09, 0x00, 0x00, 0x40, 0xFF, 0x00, 0x00, 0x01, 0x70, 0xDF, 0x00,
    0x00, 0xD9, 0xFD, 0x7F, 0x00, 0x00, 0xE7, 0xDF, 0x07, 0x00,
    // Unicode: [0x0164]
    0x00, 0x83, 0x28, 0x00, 0x84, 0x07, 0x00, 0x00, 0xB0, 0xCF, 0x30, 0xFE, 0x06, 0x00, 0x00, 0x10,
    0xFD, 0xD9, 0x9F, 0x00, 0x00, 0x00, 0x00, 0xF3, 0xFF, 0x0C, 0x00, 0x00, 0x00, 0x00, 0x50, 0x88,
    0x02, 0x00, 0x00, 0x00, 0x00, 0x00, 0x00, 0x00, 0x00, 0x00, 0xF9, 0xFF, 0xFF, 0xFF, 0xFF, 0xFF,
    0x4F, 0xF9, 0xFF, 0xFF, 0xFF, 0xFF, 0xFF, 0x4F, 0xB7, 0xBB, 0xFB, 0xFF, 0xBE, 0xBB, 0x3B, 0x00,
    0x00, 0xF1, 0xFF, 0x0A, 0x00, 0x00, 0x00, 0x00, 0xF1, 0xFF, 0x0A, 0x00, 0x00, 0x00, 0x00, 0xF1,
    0xFF, 0x0A, 0x00, 0x00, 0x00, 0x00, 0xF1, 0xFF, 0x0A, 0x00, 0x00, 0x00, 0x00, 0xF1, 0xFF, 0x0A,
    0x00, 0x00, 0x00, 0x00, 0xF1, 0xFF, 0x0A, 0x00, 0x00, 0x00, 0x00, 0xF1, 0xFF, 0x0A, 0x00, 0x00,
    0x00, 0x00, 0xF1, 0xFF, 0x0A, 0x00, 0x00, 0x00, 0x00, 0xF1, 0xFF, 0x0A, 0x00, 0x00, 0x00, 0x00,
    0xF1, 0xFF, 0x0A, 0x00, 0x00, 0x00, 0x00, 0xF1, 0xFF, 0x0A, 0x00, 0x00,
    // Unicode: [0x0165]
    0x00, 0x00, 0x00, 0x00, 0xFE, 0x4F, 0x00, 0x00, 0x00, 0x20, 0xFF, 0x0C, 0x00, 0x00, 0x00, 0x60,
    0xFF, 0x06, 0x00, 0x00, 0x00, 0x90, 0xEF, 0x00, 0x20, 0xFF, 0x6F, 0xC0, 0x8F, 0x00, 0x20, 0xFF,
    0x6F, 0x30, 0x13, 0x00, 0x20, 0xFF, 0x6F, 0x00, 0x00, 0x00, 0xF9, 0xFF, 0xFF, 0xFF, 0x0A, 0x00,
    0xF9, 0xFF, 0xFF, 0xFF, 0x0A, 0x00, 0x63, 0xFF, 0x9F, 0x55, 0x03, 0x00, 0x20, 0xFF, 0x6F, 0x00,
    0x00, 0x00, 0x20, 0xFF, 0x6F, 0x00, 0x00, 0x00, 0x20, 0xFF, 0x6F, 0x00, 0x00, 0x00, 0x20, 0xFF,
    0x6F, 0x00, 0x00, 0x00, 0x20, 0xFF, 0x7F, 0x00, 0x00, 0x00, 0x10, 0xFF, 0xEF, 0x66, 0x06, 0x00,
    0x00, 0xFA, 0xFF, 0xFF, 0x0A, 0x00, 0x00, 0x81, 0xFD, 0xEF, 0x08, 0x00,
    // Unicode: [0x0166]
    0xF9, 0xFF, 0xFF, 0xFF, 0xFF, 0xFF, 0x4F, 0xF9, 0xFF, 0xFF, 0xFF, 0xFF, 0xFF, 0x4F, 0xB7, 0xBB,
    0xFB, 0xFF, 0xBE, 0xBB, 0x3B, 0x00, 0x00, 0xF1, 0xFF, 0x0A, 0x00, 0x00, 0x00, 0x00, 0xF1, 0xFF,
    0x0A, 0x00, 0x00, 0x00, 0x00, 0xF1, 0xFF, 0x0A, 0x00, 0x00, 0x00, 0xFC, 0xFF, 0xFF, 0xFF, 0x7F,
    0x00, 0x00, 0xFC, 0xFF, 0xFF, 0xFF, 0x7F, 0x00, 0x00, 0x32, 0xF3, 0xFF, 0x3B, 0x13, 0x00, 0x00,
    0x00, 0xF1, 0xFF, 0x0A, 0x00, 0x00, 0x00, 0x00, 0xF1, 0xFF, 0x0A, 0x00, 0x00, 0x00, 0x00, 0xF1,
    0xFF, 0x0A, 0x00, 0x00, 0x00, 0x00, 0xF1, 0xFF, 0x0A, 0x00, 0x00, 0x00, 0x00, 0xF1, 0xFF, 0x0A,
    0x00, 0x00,
    // Unicode: [0x0167]
    0x20, 0xFF, 0x6F, 0x00, 0x00, 0x20, 0xFF, 0x6F, 0x00, 0x00, 0x20, 0xFF, 0x6F, 0x00, 0x00, 0xF9,
    0xFF, 0xFF, 0xFF, 0x0A, 0xF9, 0xFF, 0xFF, 0xFF, 0x0A, 0x63, 0xFF, 0x9F, 0x55, 0x03, 0x20, 0xFF,
    0x6F, 0x00, 0x00, 0xF7, 0xFF, 0xFF, 0x9F, 0x00, 0xF7, 0xFF, 0xFF, 0x9F, 0x00, 0x20, 0xFF, 0x6F,
    0x00, 0x00, 0x20, 0xFF, 0x7F, 0x00, 0x00, 0x00, 0xFF, 0xEF, 0x66, 0x06, 0x00, 0xF9, 0xFF, 0xFF,
    0x0A, 0x00, 0x80, 0xFD, 0xEF, 0x08,
    // Unicode: [0x0168]
    0x00, 0x20, 0xEB, 0x6C, 0xD1, 0x5F, 0x00, 0x00, 0xC0, 0xFF, 0xFF, 0xFF, 0x2F, 0x00, 0x00, 0xF2,
    0x2F, 0xB4, 0xDE, 0x05, 0x00, 0x00, 0x00, 0x00, 0x00, 0x00, 0x00, 0x00, 0x00, 0x00, 0x00, 0x00,
    0x00, 0x00, 0x00, 0xF5, 0xFF, 0x06, 0x00, 0x30, 0xFF, 0x9F, 0xF5, 0xFF, 0x06, 0x00, 0x30, 0xFF,
    0x9F, 0xF5, 0xFF, 0x06, 0x00, 0x30, 0xFF, 0x9F, 0xF5, 0xFF, 0x06, 0x00, 0x30, 0xFF, 0x9F, 0xF5,
    0xFF, 0x06, 0x00, 0x30, 0xFF, 0x9F, 0xF5, 0xFF, 0x06, 0x00, 0x30, 0xFF, 0x9F, 0xF5, 0xFF, 0x06,
    0x00, 0x30, 0xFF, 0x9F, 0xF5, 0xFF, 0x06, 0x00, 0x30, 0xFF, 0x9F, 0xF5, 0xFF, 0x07, 0x00, 0x30,
    0xFF, 0x9F, 0xF4, 0xFF, 0x08, 0x00, 0x50, 0xFF, 0x8F, 0xF1, 0xFF, 0x2E, 0x00, 0xC1, 0xFF, 0x5F,
    0xA0, 0xFF, 0xFF, 0xBC, 0xFE, 0xFF, 0x0D, 0x10, 0xFB, 0xFF, 0xFF, 0xFF, 0xDF, 0x02, 0x00, 0x50,
    0xDA, 0xFF, 0xBE, 0x17, 0x00,
    // Unicode: [0x0169]
    0x00, 0x90, 0xBE, 0x01, 0xF8, 0x09, 0x00, 0xF6, 0xFF, 0x2C, 0xFC, 0x06, 0x00, 0xFC, 0x56, 0xFF,
    0xFF, 0x02, 0x00, 0xFF, 0x02, 0xE5, 0x5D, 0x00, 0x00, 0x00, 0x00, 0x00, 0x00, 0x00, 0xF6, 0xFF,
    0x02, 0x00, 0xFE, 0x9F, 0xF6, 0xFF, 0x02, 0x00, 0xFE, 0x9F, 0xF6, 0xFF, 0x02, 0x00, 0xFE, 0x9F,
    0xF6, 0xFF, 0x02, 0x00, 0xFE, 0x9F, 0xF6, 0xFF, 0x02, 0x00, 0xFE, 0x9F, 0xF6, 0xFF, 0x02, 0x00,
    0xFE, 0x9F, 0xF6, 0xFF, 0x02, 0x00, 0xFE, 0x9F, 0xF5, 0xFF, 0x07, 0x20, 0xFE, 0x9F, 0xF3, 0xFF,
    0xCF, 0xFD, 0xFF, 0x9F, 0xB0, 0xFF, 0xFF, 0xEF, 0xFF, 0x9F, 0x10, 0xE9, 0xDF, 0x18, 0xFE, 0x9F,
    // Unicode: [0x016A]
    0x00, 0xC0, 0xFF, 0xFF, 0xFF, 0x1F, 0x00, 0x00, 0xC0, 0xFF, 0xFF, 0xFF, 0x1F, 0x00, 0x00, 0x00,
    0x00, 0x00, 0x00, 0x00, 0x00, 0x00, 0x00, 0x00, 0x00, 0x00, 0x00, 0x00, 0x00, 0x00, 0x00, 0x00,
    0x00, 0x00, 0x00, 0xF5, 0xFF, 0x06, 0x00, 0x30, 0xFF, 0x9F, 0xF5, 0xFF, 0x06, 0x00, 0x30, 0xFF,
    0x9F, 0xF5, 0xFF, 0x06, 0x00, 0x30, 0xFF, 0x9F, 0xF5, 0xFF, 0x06, 0x00, 0x30, 0xFF, 0x9F, 0xF5,
    0xFF, 0x06, 0x00, 0x30, 0xFF, 0x9F, 0xF5, 0xFF, 0x06, 0x00, 0x30, 0xFF, 0x9F, 0xF5, 0xFF, 0x06,
    0x00, 0x30, 0xFF, 0x9F, 0xF5, 0xFF, 0x06, 0x00, 0x30, 0xFF, 0x9F, 0xF5, 0xFF, 0x07, 0x00, 0x30,
    0xFF, 0x9F, 0xF4, 0xFF, 0x08, 0x00, 0x50, 0xFF, 0x8F, 0xF1, 0xFF, 0x2E, 0x00, 0xC1, 0xFF, 0x5F,
    0xA0, 0xFF, 0xFF, 0xBC, 0xFE, 0xFF, 0x0D, 0x10, 0xFB, 0xFF, 0xFF, 0xFF, 0xDF, 0x02, 0x00, 0x50,
    0xDA, 0xFF, 0xBE, 0x17, 0x00,
    // Unicode: [0x016B]
    0x00, 0xFC, 0xFF, 0xFF, 0xFF, 0x01, 0x00, 0xFC, 0xFF, 0xFF, 0xFF, 0x01, 0x00, 0x00, 0x00, 0x00,
    0x00, 0x00, 0x00, 0x00, 0x00, 0x00, 0x00, 0x00, 0xF6, 0xFF, 0x02, 0x00, 0xFE, 0x9F, 0xF6, 0xFF,
    0x02, 0x00, 0xFE, 0x9F, 0xF6, 0xFF, 0x02, 0x00, 0xFE, 0x9F, 0xF6, 0xFF, 0x02, 0x00, 0xFE, 0x9F,
    0xF6, 0xFF, 0x02, 0x00, 0xFE, 0x9F, 0xF6, 0xFF, 0x02, 0x00, 0xFE, 0x9F, 0xF6, 0xFF, 0x02, 0x00,
    0xFE, 0x9F, 0xF5, 0xFF, 0x07, 0x20, 0xFE, 0x9F, 0xF3, 0xFF, 0xCF, 0xFD, 0xFF, 0x9F, 0xB0, 0xFF,
    0xFF, 0xEF, 0xFF, 0x9F, 0x10, 0xE9, 0xDF, 0x18, 0xFE, 0x9F,
    // Unicode: [0x016C]
    0x00, 0x50, 0x48, 0x00, 0x82, 0x07, 0x00, 0x00, 0x70, 0xBF, 0x00, 0xF8, 0x0B, 0x00, 0x00, 0x20,
    0xFE, 0xBC, 0xFF, 0x05, 0x00, 0x00, 0x00, 0xB3, 0xEE, 0x5C, 0x00, 0x00, 0x00, 0x00, 0x00, 0x00,
    0x00, 0x00, 0x00, 0x00, 0x00, 0x00, 0x00, 0x00, 0x00, 0x00, 0xF5, 0xFF, 0x06, 0x00, 0x30, 0xFF,
    0x9F, 0xF5, 0xFF, 0x06, 0x00, 0x30, 0xFF, 0x9F, 0xF5, 0xFF, 0x06, 0x00, 0x30, 0xFF, 0x9F, 0xF5,
    0xFF, 0x06, 0x00, 0x30, 0xFF, 0x9F, 0xF5, 0xFF, 0x06, 0x00, 0x30, 0xFF, 0x9F, 0xF5, 0xFF, 0x06,
    0x00, 0x30, 0xFF, 0x9F, 0xF5, 0xFF, 0x06, 0x00, 0x30, 0xFF, 0x9F, 0xF5, 0xFF, 0x06, 0x00, 0x30,
    0xFF, 0x9F, 0xF5, 0xFF, 0x07, 0x00, 0x30, 0xFF, 0x9F, 0xF4, 0xFF, 0x08, 0x00, 0x50, 0xFF, 0x8F,
    0xF1, 0xFF, 0x2E, 0x00, 0xC1, 0xFF, 0x5F, 0xA0, 0xFF, 0xFF, 0xBC, 0xFE, 0xFF, 0x0D, 0x10, 0xFB,
    0xFF, 0xFF, 0xFF, 0xDF, 0x02, 0x00, 0x50, 0xDA, 0xFF, 0xBE, 0x17, 0x00,
    // Unicode: [0x016D]
    0x00, 0xF9, 0x09, 0x50, 0xCF, 0x00, 0x00, 0xF6, 0x2D, 0xC1, 0x9F, 0x00, 0x00, 0xC0, 0xFF, 0xFF,
    0x1D, 0x00, 0x00, 0x00, 0x96, 0x79, 0x01, 0x00, 0x00, 0x00, 0x00, 0x00, 0x00, 0x00, 0xF6, 0xFF,
    0x02, 0x00, 0xFE, 0x9F, 0xF6, 0xFF, 0x02, 0x00, 0xFE, 0x9F, 0xF6, 0xFF, 0x02, 0x00, 0xFE, 0x9F,
    0xF6, 0xFF, 0x02, 0x00, 0xFE, 0x9F, 0xF6, 0xFF, 0x02, 0x00, 0xFE, 0x9F, 0xF6, 0xFF, 0x02, 0x00,
    0xFE, 0x9F, 0xF6, 0xFF, 0x02, 0x00, 0xFE, 0x9F, 0xF5, 0xFF, 0x07, 0x20, 0xFE, 0x9F, 0xF3, 0xFF,
    0xCF, 0xFD, 0xFF, 0x9F, 0xB0, 0xFF, 0xFF, 0xEF, 0xFF, 0x9F, 0x10, 0xE9, 0xDF, 0x18, 0xFE, 0x9F,
    // Unicode: [0x016E]
    0x00, 0x00, 0x00, 0x11, 0x00, 0x00, 0x00, 0x00, 0x00, 0xA1, 0xFF, 0x3C, 0x00, 0x00, 0x00, 0x00,
    0xFA, 0x78, 0xDE, 0x00, 0x00, 0x00, 0x00, 0xDE, 0x00, 0xF9, 0x02, 0x00, 0x00, 0x00, 0xEC, 0x23,
    0xFD, 0x01, 0x00, 0x00, 0x00, 0xE3, 0xFF, 0x6F, 0x00, 0x00, 0xF5, 0xFF, 0x16, 0x66, 0x32, 0xFF,
    0x9F, 0xF5, 0xFF, 0x06, 0x00, 0x30, 0xFF, 0x9F, 0xF5, 0xFF, 0x06, 0x00, 0x30, 0xFF, 0x9F, 0xF5,
    0xFF, 0x06, 0x00, 0x30, 0xFF, 0x9F, 0xF5, 0xFF, 0x06, 0x00, 0x30, 0xFF, 0x9F, 0xF5, 0xFF, 0x06,
    0x00, 0x30, 0xFF, 0x9F, 0xF5, 0xFF, 0x06, 0x00, 0x30, 0xFF, 0x9F, 0xF5, 0xFF, 0x06, 0x00, 0x30,
    0xFF, 0x9F, 0xF5, 0xFF, 0x07, 0x00, 0x30, 0xFF, 0x9F, 0xF4, 0xFF, 0x08, 0x00, 0x50, 0xFF, 0x8F,
    0xF1, 0xFF, 0x2E, 0x00, 0xC1, 0xFF, 0x5F, 0xA0, 0xFF, 0xFF, 0xBC, 0xFE, 0xFF, 0x0D, 0x10, 0xFB,
    0xFF, 0xFF, 0xFF, 0xDF, 0x02, 0x00, 0x50, 0xDA, 0xFF, 0xBE, 0x17, 0x00,
    // Unicode: [0x016F]
    0x00, 0x00, 0x10, 0x01, 0x00, 0x00, 0x00, 0x10, 0xFA, 0xBF, 0x02, 0x00, 0x00, 0x90, 0x9F, 0xF7,
    0x0B, 0x00, 0x00, 0xE0, 0x0D, 0xA0, 0x1F, 0x00, 0x00, 0xE0, 0x0C, 0xA0, 0x2F, 0x00, 0x00, 0xA0,
    0x6F, 0xE4, 0x0D, 0x00, 0x00, 0x20, 0xFC, 0xDF, 0x03, 0x00, 0xF6, 0xFF, 0x32, 0x13, 0xFE, 0x9F,
    0xF6, 0xFF, 0x02, 0x00, 0xFE, 0x9F, 0xF6, 0xFF, 0x02, 0x00, 0xFE, 0x9F, 0xF6, 0xFF, 0x02, 0x00,
    0xFE, 0x9F, 0xF6, 0xFF, 0x02, 0x00, 0xFE, 0x9F, 0xF6, 0xFF, 0x02, 0x00, 0xFE, 0x9F, 0xF6, 0xFF,
    0x02, 0x00, 0xFE, 0x9F, 0xF5, 0xFF, 0x07, 0x20, 0xFE, 0x9F, 0xF3, 0xFF, 0xCF, 0xFD, 0xFF, 0x9F,
    0xB0, 0xFF, 0xFF, 0xEF, 0xFF, 0x9F, 0x10, 0xE9, 0xDF, 0x18, 0xFE, 0x9F,
    // Unicode: [0x0170]
    0x00, 0x00, 0xB1, 0x9B, 0xA0, 0xAB, 0x00, 0x00, 0x00, 0xF8, 0x3F, 0xF5, 0x5F, 0x00, 0x00, 0x10,
    0xFE, 0x08, 0xFC, 0x0A, 0x00, 0x00, 0x70, 0xCF, 0x40, 0xDF, 0x01, 0x00, 0x00, 0x00, 0x00, 0x00,
    0x00, 0x00, 0x00, 0x00, 0x00, 0x00, 0x00, 0x00, 0x00, 0x00, 0xF5, 0xFF, 0x06, 0x00, 0x30, 0xFF,
    0x9F, 0xF5, 0xFF, 0x06, 0x00, 0x30, 0xFF, 0x9F, 0xF5, 0xFF, 0x06, 0x00, 0x30, 0xFF, 0x9F, 0xF5,
    0xFF, 0x06, 0x00, 0x30, 0xFF, 0x9F, 0xF5, 0xFF, 0x06, 0x00, 0x30, 0xFF, 0x9F, 0xF5, 0xFF, 0x06,
    0x00, 0x30, 0xFF, 0x9F, 0xF5, 0xFF, 0x06, 0x00, 0x30, 0xFF, 0x9F, 0xF5, 0xFF, 0x06, 0x00, 0x30,
    0xFF, 0x9F, 0xF5, 0xFF, 0x07, 0x00, 0x30, 0xFF, 0x9F, 0xF4, 0xFF, 0x08, 0x00, 0x50, 0xFF, 0x8F,
    0xF1, 0xFF, 0x2E, 0x00, 0xC1, 0xFF, 0x5F, 0xA0, 0xFF, 0xFF, 0xBC, 0xFE, 0xFF, 0x0D, 0x10, 0xFB,
    0xFF, 0xFF, 0xFF, 0xDF, 0x02, 0x00, 0x50, 0xDA, 0xFF, 0xBE, 0x17, 0x00,
    // Unicode: [0x0171]
    0x00, 0x20, 0xFF, 0x1B, 0xFE, 0x1D, 0x00, 0x90, 0xEF, 0x72, 0xFF, 0x03, 0x00, 0xE1, 0x6F, 0xD0,
    0x8F, 0x00, 0x00, 0xB5, 0x09, 0xB3, 0x0A, 0x00, 0x00, 0x00, 0x00, 0x00, 0x00, 0x00, 0xF6, 0xFF,
    0x02, 0x00, 0xFE, 0x9F, 0xF6, 0xFF, 0x02, 0x00, 0xFE, 0x9F, 0xF6, 0xFF, 0x02, 0x00, 0xFE, 0x9F,
    0xF6, 0xFF, 0x02, 0x00, 0xFE, 0x9F, 0xF6, 0xFF, 0x02, 0x00, 0xFE, 0x9F, 0xF6, 0xFF, 0x02, 0x00,
    0xFE, 0x9F, 0xF6, 0xFF, 0x02, 0x00, 0xFE, 0x9F, 0xF5, 0xFF, 0x07, 0x20, 0xFE, 0x9F, 0xF3, 0xFF,
    0xCF, 0xFD, 0xFF, 0x9F, 0xB0, 0xFF, 0xFF, 0xEF, 0xFF, 0x9F, 0x10, 0xE9, 0xDF, 0x18, 0xFE, 0x9F,
    // Unicode: [0x0172]
    0xF5, 0xFF, 0x06, 0x00, 0x30, 0xFF, 0x9F, 0xF5, 0xFF, 0x06, 0x00, 0x30, 0xFF, 0x9F, 0xF5, 0xFF,
    0x06, 0x00, 0x30, 0xFF, 0x9F, 0xF5, 0xFF, 0x06, 0x00, 0x30, 0xFF, 0x9F, 0xF5, 0xFF, 0x06, 0x00,
    0x30, 0xFF, 0x9F, 0xF5, 0xFF, 0x06, 0x00, 0x30, 0xFF, 0x9F, 0xF5, 0xFF, 0x06, 0x00, 0x30, 0xFF,
    0x9F, 0xF5, 0xFF, 0x06, 0x00, 0x30, 0xFF, 0x9F, 0xF5, 0xFF, 0x07, 0x00, 0x30, 0xFF, 0x9F, 0xF4,
    0xFF, 0x08, 0x00, 0x50, 0xFF, 0x7F, 0xF1, 0xFF, 0x2E, 0x00, 0xB1, 0xFF, 0x5F, 0xA0, 0xFF, 0xEF,
    0xBB, 0xFE, 0xFF, 0x0D, 0x10, 0xFC, 0xFF, 0xFF, 0xFF, 0xDF, 0x02, 0x00, 0x50, 0xDA, 0xFF, 0xFF,
    0x16, 0x00, 0x00, 0x00, 0x00, 0x20, 0xFF, 0x00, 0x00, 0x00, 0x00, 0x00, 0x00, 0xFF, 0x05, 0x10,
    0x00, 0x00, 0x00, 0x00, 0xFA, 0xDF, 0x6E, 0x00, 0x00, 0x00, 0x00, 0x91, 0xFD, 0x5E,
    // Unicode: [0x0173]
    0xF6, 0xFF, 0x02, 0x00, 0xFE, 0x9F, 0x00, 0xF6, 0xFF, 0x02, 0x00, 0xFE, 0x9F, 0x00, 0xF6, 0xFF,
    0x02, 0x00, 0xFE, 0x9F, 0x00, 0xF6, 0xFF, 0x02, 0x00, 0xFE, 0x9F, 0x00, 0xF6, 0xFF, 0x02, 0x00,
    0xFE, 0x9F, 0x00, 0xF6, 0xFF, 0x02, 0x00, 0xFE, 0x9F, 0x00, 0xF6, 0xFF, 0x02, 0x00, 0xFE, 0x9F,
    0x00, 0xF5, 0xFF, 0x07, 0x20, 0xFE, 0x9F, 0x00, 0xF3, 0xFF, 0xCF, 0xFD, 0xFF, 0x9F, 0x00, 0xB0,
    0xFF, 0xFF, 0xEF, 0xFF, 0x9F, 0x00, 0x10, 0xE9, 0xDF, 0x18, 0xFF, 0x9F, 0x00, 0x00, 0x00, 0x00,
    0x00, 0xFF, 0x01, 0x00, 0x00, 0x00, 0x00, 0x00, 0xFE, 0x05, 0x10, 0x00, 0x00, 0x00, 0x00, 0xF9,
    0xDF, 0x7E, 0x00, 0x00, 0x00, 0x00, 0x81, 0xFD, 0x6E,
    // Unicode: [0x0174]
    0x00, 0x00, 0x00, 0x00, 0x10, 0x87, 0x06, 0x00, 0x00, 0x00, 0x00, 0x00, 0x00, 0x00, 0x00, 0xA0,
    0xFF, 0x5F, 0x00, 0x00, 0x00, 0x00, 0x00, 0x00, 0x00, 0x00, 0xF7, 0x9E, 0xEF, 0x03, 0x00, 0x00,
    0x00, 0x00, 0x00, 0x00, 0x40, 0xFF, 0x05, 0xFA, 0x1D, 0x00, 0x00, 0x00, 0x00, 0x00, 0x00, 0x60,
    0x58, 0x00, 0x71, 0x48, 0x00, 0x00, 0x00, 0x00, 0x00, 0x00, 0x00, 0x00, 0x00, 0x00, 0x00, 0x00,
    0x00, 0x00, 0xF3, 0xFF, 0x0A, 0x00, 0xA0, 0xFF, 0x5F, 0x00, 0x10, 0xFF, 0xCF, 0xE0, 0xFF, 0x0E,
    0x00, 0xE0, 0xFF, 0x9F, 0x00, 0x40, 0xFF, 0x8F, 0xA0, 0xFF, 0x2F, 0x00, 0xF3, 0xFF, 0xDF, 0x00,
    0x80, 0xFF, 0x3F, 0x60, 0xFF, 0x6F, 0x00, 0xF8, 0xFF, 0xFF, 0x02, 0xB0, 0xFF, 0x0E, 0x20, 0xFF,
    0x9F, 0x00, 0xFC, 0xFF, 0xFF, 0x06, 0xE0, 0xFF, 0x0A, 0x00, 0xFC, 0xDF, 0x10, 0xFF, 0xAF, 0xFF,
    0x0A, 0xF3, 0xFF, 0x06, 0x00, 0xF8, 0xFF, 0x51, 0xFF, 0x4C, 0xFF, 0x0E, 0xF7, 0xFF, 0x02, 0x00,
    0xF4, 0xFF, 0x94, 0xFF, 0x18, 0xFF, 0x3F, 0xFB, 0xCF, 0x00, 0x00, 0xE0, 0xFF, 0xD8, 0xFF, 0x04,
    0xFB, 0x7F, 0xFE, 0x8F, 0x00, 0x00, 0xB0, 0xFF, 0xFD, 0xEF, 0x00, 0xF6, 0xDF, 0xFF, 0x4F, 0x00,
    0x00, 0x60, 0xFF, 0xFF, 0xAF, 0x00, 0xF2, 0xFF, 0xFF, 0x0E, 0x00, 0x00, 0x20, 0xFF, 0xFF, 0x6F,
    0x00, 0xD0, 0xFF, 0xFF, 0x0B, 0x00, 0x00, 0x00, 0xFD, 0xFF, 0x2F, 0x00, 0x90, 0xFF, 0xFF, 0x06,
    0x00, 0x00, 0x00, 0xF9, 0xFF, 0x0D, 0x00, 0x40, 0xFF, 0xFF, 0x02, 0x00,
    // Unicode: [0x0175]
    0x00, 0x00, 0x00, 0x00, 0xFA, 0x8F, 0x00, 0x00, 0x00, 0x00, 0x00, 0x00, 0x00, 0x70, 0xEF, 0xFF,
    0x05, 0x00, 0x00, 0x00, 0x00, 0x00, 0x00, 0xF4, 0x5F, 0xF8, 0x2E, 0x00, 0x00, 0x00, 0x00, 0x00,
    0x20, 0xFE, 0x08, 0xA0, 0xDF, 0x01, 0x00, 0x00, 0x00, 0x00, 0x00, 0x00, 0x00, 0x00, 0x00, 0x00,
    0x00, 0x00, 0xF6, 0xFF, 0x04, 0x00, 0xFC, 0x9F, 0x00, 0x90, 0xFF, 0x1E, 0xF2, 0xFF, 0x07, 0x20,
    0xFF, 0xEF, 0x00, 0xD0, 0xFF, 0x0A, 0xC0, 0xFF, 0x0B, 0x60, 0xFF, 0xFF, 0x03, 0xF1, 0xFF, 0x06,
    0x70, 0xFF, 0x0E, 0xB0, 0xEF, 0xFF, 0x07, 0xF5, 0xFF, 0x01, 0x30, 0xFF, 0x4F, 0xF1, 0x8F, 0xFE,
    0x0C, 0xF9, 0xBF, 0x00, 0x00, 0xFD, 0x7F, 0xF5, 0x3F, 0xFA, 0x1F, 0xFC, 0x7F, 0x00, 0x00, 0xF9,
    0xBF, 0xFA, 0x0E, 0xF5, 0x6F, 0xFF, 0x2F, 0x00, 0x00, 0xF4, 0xEF, 0xFE, 0x09, 0xF1, 0xEF, 0xFF,
    0x0D, 0x00, 0x00, 0xE0, 0xFF, 0xFF, 0x05, 0xB0, 0xFF, 0xFF, 0x08, 0x00, 0x00, 0xA0, 0xFF, 0xFF,
    0x01, 0x70, 0xFF, 0xFF, 0x03, 0x00, 0x00, 0x50, 0xFF, 0xBF, 0x00, 0x20, 0xFF, 0xEF, 0x00, 0x00,
    // Unicode: [0x0176]
    0x00, 0x00, 0x00, 0x76, 0x06, 0x00, 0x00, 0x00, 0x00, 0x00, 0x90, 0xFF, 0x7F, 0x00, 0x00, 0x00,
    0x00, 0x00, 0xF6, 0x8F, 0xFF, 0x04, 0x00, 0x00, 0x00, 0x30, 0xFF, 0x05, 0xF8, 0x2E, 0x00, 0x00,
    0x00, 0x40, 0x46, 0x00, 0x50, 0x46, 0x00, 0x00, 0x00, 0x00, 0x00, 0x00, 0x00, 0x00, 0x00, 0x00,
    0xF9, 0xFF, 0x09, 0x00, 0x00, 0xFB, 0xFF, 0x05, 0xE1, 0xFF, 0x3F, 0x00, 0x50, 0xFF, 0xBF, 0x00,
    0x50, 0xFF, 0xCF, 0x00, 0xD0, 0xFF, 0x2E, 0x00, 0x00, 0xFB, 0xFF, 0x06, 0xF7, 0xFF, 0x07, 0x00,
    0x00, 0xF2, 0xFF, 0x2E, 0xFE, 0xCF, 0x00, 0x00, 0x00, 0x70, 0xFF, 0xEF, 0xFF, 0x3F, 0x00, 0x00,
    0x00, 0x00, 0xFD, 0xFF, 0xFF, 0x09, 0x00, 0x00, 0x00, 0x00, 0xF4, 0xFF, 0xDF, 0x01, 0x00, 0x00,
    0x00, 0x00, 0xA0, 0xFF, 0x6F, 0x00, 0x00, 0x00, 0x00, 0x00, 0x70, 0xFF, 0x4F, 0x00, 0x00, 0x00,
    0x00, 0x00, 0x70, 0xFF, 0x4F, 0x00, 0x00, 0x00, 0x00, 0x00, 0x70, 0xFF, 0x4F, 0x00, 0x00, 0x00,
    0x00, 0x00, 0x70, 0xFF, 0x4F, 0x00, 0x00, 0x00, 0x00, 0x00, 0x70, 0xFF, 0x4F, 0x00, 0x00, 0x00,
    // Unicode: [0x0177]
    0x00, 0x00, 0xE2, 0xEF, 0x03, 0x00, 0x00, 0x00, 0x10, 0xFC, 0xFE, 0x1D, 0x00, 0x00, 0x00, 0xA0,
    0xDF, 0xD2, 0xBF, 0x00, 0x00, 0x00, 0xF7, 0x3E, 0x20, 0xFE, 0x08, 0x00, 0x00, 0x00, 0x00, 0x00,
    0x00, 0x00, 0x00, 0xF8, 0xFF, 0x03, 0x00, 0xF1, 0xFF, 0x08, 0xF2, 0xFF, 0x08, 0x00, 0xF7, 0xFF,
    0x02, 0xB0, 0xFF, 0x0E, 0x00, 0xFC, 0xBF, 0x00, 0x50, 0xFF, 0x5F, 0x20, 0xFF, 0x4F, 0x00, 0x00,
    0xFE, 0xAF, 0x80, 0xFF, 0x0D, 0x00, 0x00, 0xF8, 0xFF, 0xD2, 0xFF, 0x07, 0x00, 0x00, 0xF2, 0xFF,
    0xFB, 0xFF, 0x01, 0x00, 0x00, 0xC0, 0xFF, 0xFF, 0xAF, 0x00, 0x00, 0x00, 0x60, 0xFF, 0xFF, 0x4F,
    0x00, 0x00, 0x00, 0x10, 0xFE, 0xFF, 0x0D, 0x00, 0x00, 0x00, 0x00, 0xF9, 0xFF, 0x07, 0x00, 0x00,
    0x00, 0x00, 0xFA, 0xFF, 0x01, 0x00, 0x00, 0x00, 0x20, 0xFF, 0xAF, 0x00, 0x00, 0x00, 0x00, 0x80,
    0xFF, 0x3F, 0x00, 0x00, 0x00, 0x00, 0xE0, 0xFF, 0x0C, 0x00, 0x00, 0x00,
    // Unicode: [0x0178]
    0x00, 0x60, 0x99, 0x02, 0x94, 0x49, 0x00, 0x00, 0x00, 0xA0, 0xFF, 0x04, 0xF6, 0x7F, 0x00, 0x00,
    0x00, 0xA0, 0xFF, 0x04, 0xF6, 0x7F, 0x00, 0x00, 0x00, 0x00, 0x00, 0x00, 0x00, 0x00, 0x00, 0x00,
    0x00, 0x00, 0x00, 0x00, 0x00, 0x00, 0x00, 0x00, 0xF9, 0xFF, 0x09, 0x00, 0x00, 0xFB, 0xFF, 0x05,
    0xE1, 0xFF, 0x3F, 0x00, 0x50, 0xFF, 0xBF, 0x00, 0x50, 0xFF, 0xCF, 0x00, 0xD0, 0xFF, 0x2E, 0x00,
    0x00, 0xFB, 0xFF, 0x06, 0xF7, 0xFF, 0x07, 0x00, 0x00, 0xF2, 0xFF, 0x2E, 0xFE, 0xCF, 0x00, 0x00,
    0x00, 0x70, 0xFF, 0xEF, 0xFF, 0x3F, 0x00, 0x00, 0x00, 0x00, 0xFD, 0xFF, 0xFF, 0x09, 0x00, 0x00,
    0x00, 0x00, 0xF4, 0xFF, 0xDF, 0x01, 0x00, 0x00, 0x00, 0x00, 0xA0, 0xFF, 0x6F, 0x00, 0x00, 0x00,
    0x00, 0x00, 0x70, 0xFF, 0x4F, 0x00, 0x00, 0x00, 0x00, 0x00, 0x70, 0xFF, 0x4F, 0x00, 0x00, 0x00,
    0x00, 0x00, 0x70, 0xFF, 0x4F, 0x00, 0x00, 0x00, 0x00, 0x00, 0x70, 0xFF, 0x4F, 0x00, 0x00, 0x00,
    0x00, 0x00, 0x70, 0xFF, 0x4F, 0x00, 0x00, 0x00,
    // Unicode: [0x0179]
    0x00, 0x00, 0x00, 0x50, 0x88, 0x06, 0x00, 0x00, 0x00, 0x00, 0xE2, 0xFF, 0x04, 0x00, 0x00, 0x00,
    0x00, 0xFA, 0x5F, 0x00, 0x00, 0x00, 0x00, 0x50, 0xFF, 0x06, 0x00, 0x00, 0x00, 0x00, 0x60, 0x58,
    0x00, 0x00, 0x00, 0x00, 0x00, 0x00, 0x00, 0x00, 0x00, 0x00, 0xC0, 0xFF, 0xFF, 0xFF, 0xFF, 0xFF,
    0x0B, 0xC0, 0xFF, 0xFF, 0xFF, 0xFF, 0xFF, 0x0B, 0x80, 0xBB, 0xBB, 0xBB, 0xFF, 0xFF, 0x0A, 0x00,
    0x00, 0x00, 0x80, 0xFF, 0xEF, 0x02, 0x00, 0x00, 0x00, 0xF5, 0xFF, 0x3F, 0x00, 0x00, 0x00, 0x30,
    0xFF, 0xFF, 0x05, 0x00, 0x00, 0x00, 0xE2, 0xFF, 0x7F, 0x00, 0x00, 0x00, 0x10, 0xFC, 0xFF, 0x0A,
    0x00, 0x00, 0x00, 0xB0, 0xFF, 0xCF, 0x00, 0x00, 0x00, 0x00, 0xF9, 0xFF, 0x1D, 0x00, 0x00, 0x00,
    0x60, 0xFF, 0xEF, 0x03, 0x00, 0x00, 0x00, 0xF1, 0xFF, 0xDF, 0xBB, 0xBB, 0xBB, 0x1B, 0xF2, 0xFF,
    0xFF, 0xFF, 0xFF, 0xFF, 0x1F, 0xF2, 0xFF, 0xFF, 0xFF, 0xFF, 0xFF, 0x1F,
    // Unicode: [0x017A]
    0x00, 0x00, 0x00, 0xFB, 0xAF, 0x00, 0x00, 0x00, 0x50, 0xFF, 0x1C, 0x00, 0x00, 0x00, 0xD1, 0xDF,
    0x01, 0x00, 0x00, 0x00, 0xF8, 0x2D, 0x00, 0x00, 0x00, 0x00, 0x00, 0x00, 0x00, 0x00, 0xE0, 0xFF,
    0xFF, 0xFF, 0xFF, 0x0F, 0xE0, 0xFF, 0xFF, 0xFF, 0xFF, 0x0F, 0x70, 0x77, 0x77, 0xFC, 0xFF, 0x0A,
    0x00, 0x00, 0x50, 0xFF, 0xBF, 0x00, 0x00, 0x00, 0xF4, 0xFF, 0x1C, 0x00, 0x00, 0x30, 0xFE, 0xDF,
    0x02, 0x00, 0x00, 0xE2, 0xFF, 0x2E, 0x00, 0x00, 0x10, 0xFD, 0xEF, 0x03, 0x00, 0x00, 0xC1, 0xFF,
    0xCF, 0x88, 0x88, 0x18, 0xF3, 0xFF, 0xFF, 0xFF, 0xFF, 0x2F, 0xF3, 0xFF, 0xFF, 0xFF, 0xFF, 0x2F,
    // Unicode: [0x017B]
    0x00, 0x00, 0x60, 0x99, 0x08, 0x00, 0x00, 0x00, 0x00, 0xB0, 0xFF, 0x0E, 0x00, 0x00, 0x00, 0x00,
    0xB0, 0xFF, 0x0E, 0x00, 0x00, 0x00, 0x00, 0x00, 0x00, 0x00, 0x00, 0x00, 0x00, 0x00, 0x00, 0x00,
    0x00, 0x00, 0x00, 0xC0, 0xFF, 0xFF, 0xFF, 0xFF, 0xFF, 0x0B, 0xC0, 0xFF, 0xFF, 0xFF, 0xFF, 0xFF,
    0x0B, 0x80, 0xBB, 0xBB, 0xBB, 0xFF, 0xFF, 0x0A, 0x00, 0x00, 0x00, 0x80, 0xFF, 0xEF, 0x02, 0x00,
    0x00, 0x00, 0xF5, 0xFF, 0x3F, 0x00, 0x00, 0x00, 0x30, 0xFF, 0xFF, 0x05, 0x00, 0x00, 0x00, 0xE2,
    0xFF, 0x7F, 0x00, 0x00, 0x00, 0x10, 0xFC, 0xFF, 0x0A, 0x00, 0x00, 0x00, 0xB0, 0xFF, 0xCF, 0x00,
    0x00, 0x00, 0x00, 0xF9, 0xFF, 0x1D, 0x00, 0x00, 0x00, 0x60, 0xFF, 0xEF, 0x03, 0x00, 0x00, 0x00,
    0xF1, 0xFF, 0xDF, 0xBB, 0xBB, 0xBB, 0x1B, 0xF2, 0xFF, 0xFF, 0xFF, 0xFF, 0xFF, 0x1F, 0xF2, 0xFF,
    0xFF, 0xFF, 0xFF, 0xFF, 0x1F,
    // Unicode: [0x017C]
    0x00, 0x00, 0xFA, 0xEF, 0x00, 0x00, 0x00, 0x00, 0xFA, 0xEF, 0x00, 0x00, 0x00, 0x00, 0x96, 0x89,
    0x00, 0x00, 0x00, 0x00, 0x00, 0x00, 0x00, 0x00, 0xE0, 0xFF, 0xFF, 0xFF, 0xFF, 0x0F, 0xE0, 0xFF,
    0xFF, 0xFF, 0xFF, 0x0F, 0x70, 0x77, 0x77, 0xFC, 0xFF, 0x0A, 0x00, 0x00, 0x50, 0xFF, 0xBF, 0x00,
    0x00, 0x00, 0xF4, 0xFF, 0x1C, 0x00, 0x00, 0x30, 0xFE, 0xDF, 0x02, 0x00, 0x00, 0xE2, 0xFF, 0x2E,
    0x00, 0x00, 0x10, 0xFD, 0xEF, 0x03, 0x00, 0x00, 0xC1, 0xFF, 0xCF, 0x88, 0x88, 0x18, 0xF3, 0xFF,
    0xFF, 0xFF, 0xFF, 0x2F, 0xF3, 0xFF, 0xFF, 0xFF, 0xFF, 0x2F,
    // Unicode: [0x017D]
    0x00, 0x82, 0x28, 0x00, 0x83, 0x17, 0x00, 0x00, 0xA0, 0xDF, 0x21, 0xFE, 0x07, 0x00, 0x00, 0x10,
    0xFD, 0xCA, 0xAF, 0x00, 0x00, 0x00, 0x00, 0xE2, 0xFF, 0x1D, 0x00, 0x00, 0x00, 0x00, 0x40, 0x88,
    0x02, 0x00, 0x00, 0x00, 0x00, 0x00, 0x00, 0x00, 0x00, 0x00, 0xC0, 0xFF, 0xFF, 0xFF, 0xFF, 0xFF,
    0x0B, 0xC0, 0xFF, 0xFF, 0xFF, 0xFF, 0xFF, 0x0B, 0x80, 0xBB, 0xBB, 0xBB, 0xFF, 0xFF, 0x0A, 0x00,
    0x00, 0x00, 0x80, 0xFF, 0xEF, 0x02, 0x00, 0x00, 0x00, 0xF5, 0xFF, 0x3F, 0x00, 0x00, 0x00, 0x30,
    0xFF, 0xFF, 0x05, 0x00, 0x00, 0x00, 0xE2, 0xFF, 0x7F, 0x00, 0x00, 0x00, 0x10, 0xFC, 0xFF, 0x0A,
    0x00, 0x00, 0x00, 0xB0, 0xFF, 0xCF, 0x00, 0x00, 0x00, 0x00, 0xF9, 0xFF, 0x1D, 0x00, 0x00, 0x00,
    0x60, 0xFF, 0xEF, 0x03, 0x00, 0x00, 0x00, 0xF1, 0xFF, 0xDF, 0xBB, 0xBB, 0xBB, 0x1B, 0xF2, 0xFF,
    0xFF, 0xFF, 0xFF, 0xFF, 0x1F, 0xF2, 0xFF, 0xFF, 0xFF, 0xFF, 0xFF, 0x1F,
    // Unicode: [0x017E]
    0x10, 0xFE, 0x09, 0x90, 0xDF, 0x01, 0x00, 0xF4, 0x5F, 0xF6, 0x3E, 0x00, 0x00, 0x60, 0xEF, 0xFE,
    0x06, 0x00, 0x00, 0x00, 0xFA, 0x9F, 0x00, 0x00, 0x00, 0x00, 0x00, 0x00, 0x00, 0x00, 0xE0, 0xFF,
    0xFF, 0xFF, 0xFF, 0x0F, 0xE0, 0xFF, 0xFF, 0xFF, 0xFF, 0x0F, 0x70, 0x77, 0x77, 0xFC, 0xFF, 0x0A,
    0x00, 0x00, 0x50, 0xFF, 0xBF, 0x00, 0x00, 0x00, 0xF4, 0xFF, 0x1C, 0x00, 0x00, 0x30, 0xFE, 0xDF,
    0x02, 0x00, 0x00, 0xE2, 0xFF, 0x2E, 0x00, 0x00, 0x10, 0xFD, 0xEF, 0x03, 0x00, 0x00, 0xC1, 0xFF,
    0xCF, 0x88, 0x88, 0x18, 0xF3, 0xFF, 0xFF, 0xFF, 0xFF, 0x2F, 0xF3, 0xFF, 0xFF, 0xFF, 0xFF, 0x2F,
    // Unicode: [0x017F]
    0x00, 0xD8, 0xFF, 0x6E, 0xA0, 0xFF, 0xFF, 0x8F, 0xF2, 0xFF, 0xAE, 0x59, 0xF5, 0xFF, 0x05, 0x00,
    0xF5, 0xFF, 0x03, 0x00, 0xF5, 0xFF, 0x03, 0x00, 0xF5, 0xFF, 0x03, 0x00, 0xF5, 0xFF, 0x03, 0x00,
    0xF5, 0xFF, 0x03, 0x00, 0xF5, 0xFF, 0x03, 0x00, 0xF5, 0xFF, 0x03, 0x00, 0xF5, 0xFF, 0x03, 0x00,
    0xF5, 0xFF, 0x03, 0x00, 0xF5, 0xFF, 0x03, 0x00, 0xF5, 0xFF, 0x03, 0x00,
    // Unicode: [0x018F]
    0x00, 0x61, 0xDB, 0xEF, 0xAD, 0x04, 0x00, 0x00, 0x00, 0xFE, 0xFF, 0xFF, 0xFF, 0xBF, 0x01, 0x00,
    0x00, 0xFE, 0xBE, 0xBA, 0xFE, 0xFF, 0x0B, 0x00, 0x00, 0x5C, 0x00, 0x00, 0x90, 0xFF, 0x5F, 0x00,
    0x00, 0x00, 0x00, 0x00, 0x00, 0xFE, 0xBF, 0x00, 0xFF, 0xFF, 0xFF, 0xFF, 0xFF, 0xFF, 0xEF, 0x00,
    0xFF, 0xFF, 0xFF, 0xFF, 0xFF, 0xFF, 0xFF, 0x01, 0xFE, 0xFF, 0xDD, 0xDD, 0xDD, 0xFF, 0xFF, 0x01,
    0xFC, 0xEF, 0x00, 0x00, 0x00, 0xFD, 0xEF, 0x00, 0xF8, 0xFF, 0x05, 0x00, 0x30, 0xFF, 0xBF, 0x00,
    0xF2, 0xFF, 0x2D, 0x00, 0xC1, 0xFF, 0x5F, 0x00, 0x70, 0xFF, 0xFF, 0xBB, 0xFE, 0xFF, 0x0B, 0x00,
    0x00, 0xF8, 0xFF, 0xFF, 0xFF, 0xBF, 0x01, 0x00, 0x00, 0x30, 0xD9, 0xFE, 0xAD, 0x04, 0x00, 0x00,
    // Unicode: [0x0192]
    0x00, 0x00, 0x00, 0x10, 0xC7, 0xFE, 0x6E, 0x00, 0x00, 0x00, 0xC1, 0xFF, 0xFF, 0x7F, 0x00, 0x00,
    0x00, 0xF9, 0xFF, 0x9C, 0x6B, 0x00, 0x00, 0x00, 0xFE, 0xBF, 0x00, 0x00, 0x00, 0x00, 0x30, 0xFF,
    0x5F, 0x00, 0x00, 0x00, 0x00, 0x50, 0xFF, 0x3F, 0x00, 0x00, 0x00, 0x70, 0xFF, 0xFF, 0xFF, 0xEF,
    0x00, 0x00, 0x70, 0xFF, 0xFF, 0xFF, 0xEF, 0x00, 0x00, 0x00, 0xC1, 0xFF, 0x1B, 0x11, 0x00, 0x00,
    0x00, 0xE0, 0xFF, 0x09, 0x00, 0x00, 0x00, 0x00, 0xF1, 0xFF, 0x07, 0x00, 0x00, 0x00, 0x00, 0xF3,
    0xFF, 0x04, 0x00, 0x00, 0x00, 0x00, 0xF7, 0xFF, 0x01, 0x00, 0x00, 0x21, 0x30, 0xFE, 0xCF, 0x00,
    0x00, 0x00, 0xF5, 0xFF, 0xFF, 0x5F, 0x00, 0x00, 0x00, 0xF5, 0xFF, 0xEF, 0x06, 0x00, 0x00, 0x00,
    0x82, 0x89, 0x16, 0x00, 0x00, 0x00, 0x00,
    // Unicode: [0x01A0]
    0x00, 0x20, 0xC8, 0xFE, 0xCE, 0x49, 0x00, 0xB0, 0x7F, 0x00, 0xF7, 0xFF, 0xFF, 0xFF, 0xFF, 0x2C,
    0xA0, 0x9F, 0x80, 0xFF, 0xFF, 0xBD, 0xFD, 0xFF, 0xEF, 0xFC, 0x6F, 0xF3, 0xFF, 0x4E, 0x00, 0x40,
    0xFE, 0xFF, 0xDF, 0x08, 0xF9, 0xFF, 0x07, 0x00, 0x00, 0xF7, 0xFF, 0x0B, 0x00, 0xFD, 0xFF, 0x01,
    0x00, 0x00, 0xF1, 0xFF, 0x0E, 0x00, 0xFE, 0xEF, 0x00, 0x00, 0x00, 0xE0, 0xFF, 0x0F, 0x00, 0xFE,
    0xEF, 0x00, 0x00, 0x00, 0xE0, 0xFF, 0x0E, 0x00, 0xFD, 0xFF, 0x01, 0x00, 0x00, 0xF1, 0xFF, 0x0C,
    0x00, 0xF9, 0xFF, 0x07, 0x00, 0x00, 0xF7, 0xFF, 0x08, 0x00, 0xF3, 0xFF, 0x4E, 0x00, 0x40, 0xFE,
    0xFF, 0x02, 0x00, 0x80, 0xFF, 0xFF, 0xBD, 0xFD, 0xFF, 0x6F, 0x00, 0x00, 0x00, 0xF8, 0xFF, 0xFF,
    0xFF, 0xFF, 0x06, 0x00, 0x00, 0x00, 0x20, 0xC8, 0xFE, 0xCE, 0x28, 0x00, 0x00, 0x00,
    // Unicode: [0x01A1]
    0x00, 0x00, 0x00, 0x00, 0x00, 0x50, 0x7A, 0x00, 0x00, 0x00, 0x00, 0x00, 0x50, 0xDF, 0x00, 0x00,
    0x00, 0x00, 0x00, 0x80, 0xDF, 0x00, 0x40, 0xDA, 0xFF, 0xFF, 0xFF, 0x9F, 0x00, 0xF8, 0xFF, 0xFF,
    0xFF, 0xFF, 0x19, 0x50, 0xFF, 0xCF, 0x87, 0xFE, 0xEF, 0x02, 0xC0, 0xFF, 0x0D, 0x00, 0xF3, 0xFF,
    0x08, 0xF1, 0xFF, 0x09, 0x00, 0xD0, 0xFF, 0x0C, 0xF2, 0xFF, 0x08, 0x00, 0xC0, 0xFF, 0x0D, 0xF1,
    0xFF, 0x09, 0x00, 0xD0, 0xFF, 0x0C, 0xC0, 0xFF, 0x1D, 0x00, 0xF3, 0xFF, 0x08, 0x50, 0xFF, 0xCF,
    0x77, 0xFE, 0xEF, 0x02, 0x00, 0xF8, 0xFF, 0xFF, 0xFF, 0x5E, 0x00, 0x00, 0x40, 0xDA, 0xEF, 0x9D,
    0x02, 0x00,
    // Unicode: [0x01AF]
    0x00, 0x00, 0x00, 0x00, 0x00, 0x00, 0x00, 0xFC, 0x06, 0x00, 0x00, 0x00, 0x00, 0x00, 0x00, 0x00,
    0xF9, 0x08, 0x00, 0x00, 0x00, 0x00, 0x00, 0x00, 0x20, 0xFD, 0x07, 0xF5, 0xFF, 0x06, 0x00, 0x30,
    0xFF, 0xFF, 0xFF, 0x02, 0xF5, 0xFF, 0x06, 0x00, 0x30, 0xFF, 0xDF, 0x39, 0x00, 0xF5, 0xFF, 0x06,
    0x00, 0x30, 0xFF, 0x9F, 0x00, 0x00, 0xF5, 0xFF, 0x06, 0x00, 0x30, 0xFF, 0x9F, 0x00, 0x00, 0xF5,
    0xFF, 0x06, 0x00, 0x30, 0xFF, 0x9F, 0x00, 0x00, 0xF5, 0xFF, 0x06, 0x00, 0x30, 0xFF, 0x9F, 0x00,
    0x00, 0xF5, 0xFF, 0x06, 0x00, 0x30, 0xFF, 0x9F, 0x00, 0x00, 0xF5, 0xFF, 0x06, 0x00, 0x30, 0xFF,
    0x9F, 0x00, 0x00, 0xF5, 0xFF, 0x07, 0x00, 0x30, 0xFF, 0x9F, 0x00, 0x00, 0xF4, 0xFF, 0x08, 0x00,
    0x50, 0xFF, 0x8F, 0x00, 0x00, 0xF1, 0xFF, 0x2E, 0x00, 0xC1, 0xFF, 0x5F, 0x00, 0x00, 0xA0, 0xFF,
    0xFF, 0xBC, 0xFE, 0xFF, 0x0D, 0x00, 0x00, 0x10, 0xFB, 0xFF, 0xFF, 0xFF, 0xDF, 0x03, 0x00, 0x00,
    0x00, 0x50, 0xDA, 0xFF, 0xBE, 0x17, 0x00, 0x00, 0x00,
    // Unicode: [0x01B0]
    0x00, 0x00, 0x00, 0x00, 0x00, 0x00, 0xFC, 0x06, 0x00, 0x00, 0x00, 0x00, 0x00, 0x00, 0xF9, 0x08,
    0x00, 0x00, 0x00, 0x00, 0x00, 0x20, 0xFD, 0x07, 0xF6, 0xFF, 0x02, 0x00, 0xFE, 0xFF, 0xEF, 0x02,
    0xF6, 0xFF, 0x02, 0x00, 0xFE, 0xDF, 0x39, 0x00, 0xF6, 0xFF, 0x02, 0x00, 0xFE, 0x9F, 0x00, 0x00,
    0xF6, 0xFF, 0x02, 0x00, 0xFE, 0x9F, 0x00, 0x00, 0xF6, 0xFF, 0x02, 0x00, 0xFE, 0x9F, 0x00, 0x00,
    0xF6, 0xFF, 0x02, 0x00, 0xFE, 0x9F, 0x00, 0x00, 0xF6, 0xFF, 0x02, 0x00, 0xFE, 0x9F, 0x00, 0x00,
    0xF5, 0xFF, 0x07, 0x20, 0xFE, 0x9F, 0x00, 0x00, 0xF3, 0xFF, 0xCF, 0xFD, 0xFF, 0x9F, 0x00, 0x00,
    0xB0, 0xFF, 0xFF, 0xEF, 0xFF, 0x9F, 0x00, 0x00, 0x10, 0xE9, 0xDF, 0x18, 0xFE, 0x9F, 0x00, 0x00,
    // Unicode: [0x01FA]
    0x00, 0x00, 0x00, 0x10, 0xAA, 0x3A, 0x00, 0x00, 0x00, 0x00, 0x00, 0xA0, 0xFF, 0x05, 0x00, 0x00,
    0x00, 0x00, 0x00, 0xF6, 0x4F, 0x00, 0x00, 0x00, 0x00, 0x00, 0x90, 0xFF, 0xEF, 0x03, 0x00, 0x00,
    0x00, 0x00, 0xF5, 0x1C, 0xF5, 0x0D, 0x00, 0x00, 0x00, 0x00, 0xF8, 0x07, 0xE0, 0x1F, 0x00, 0x00,
    0x00, 0x00, 0xF5, 0x4D, 0xF8, 0x0D, 0x00, 0x00, 0x00, 0x00, 0xC0, 0xFF, 0xFF, 0x05, 0x00, 0x00,
    0x00, 0x00, 0xF1, 0xFF, 0xFF, 0x09, 0x00, 0x00, 0x00, 0x00, 0xF7, 0xFF, 0xFF, 0x1E, 0x00, 0x00,
    0x00, 0x00, 0xFD, 0xCF, 0xFF, 0x6F, 0x00, 0x00, 0x00, 0x40, 0xFF, 0x3F, 0xFC, 0xCF, 0x00, 0x00,
    0x00, 0xA0, 0xFF, 0x0C, 0xF6, 0xFF, 0x03, 0x00, 0x00, 0xF2, 0xFF, 0x06, 0xF1, 0xFF, 0x0A, 0x00,
    0x00, 0xF8, 0xFF, 0x9A, 0xE9, 0xFF, 0x1F, 0x00, 0x00, 0xFE, 0xFF, 0xFF, 0xFF, 0xFF, 0x7F, 0x00,
    0x50, 0xFF, 0xFF, 0xFF, 0xFF, 0xFF, 0xDF, 0x00, 0xB0, 0xFF, 0x0E, 0x00, 0x00, 0xF9, 0xFF, 0x04,
    0xF2, 0xFF, 0x09, 0x00, 0x00, 0xF3, 0xFF, 0x0A, 0xF8, 0xFF, 0x03, 0x00, 0x00, 0xC0, 0xFF, 0x2F,
    // Unicode: [0x01FB]
    0x00, 0x00, 0x00, 0xB1, 0xBC, 0x02, 0x00, 0x00, 0x00, 0xFA, 0x3E, 0x00, 0x00, 0x00, 0x50, 0xDF,
    0x02, 0x00, 0x00, 0x00, 0xF8, 0xFF, 0x1B, 0x00, 0x00, 0x40, 0xBF, 0x83, 0x8F, 0x00, 0x00, 0x70,
    0x5F, 0x10, 0xAF, 0x00, 0x00, 0x40, 0xBF, 0x83, 0x7F, 0x00, 0x00, 0x00, 0xF7, 0xFF, 0x0A, 0x00,
    0x20, 0xDB, 0xFF, 0xFF, 0x9D, 0x02, 0x30, 0xFF, 0xFF, 0xFF, 0xFF, 0x2E, 0x30, 0x9D, 0x45, 0xA5,
    0xFF, 0x9F, 0x00, 0x00, 0x00, 0x00, 0xFC, 0xBF, 0x00, 0x71, 0xDB, 0xFE, 0xFF, 0xCF, 0x40, 0xFE,
    0xFF, 0xFF, 0xFF, 0xCF, 0xD0, 0xFF, 0x6D, 0x02, 0xFB, 0xCF, 0xF2, 0xFF, 0x07, 0x00, 0xFB, 0xCF,
    0xF1, 0xFF, 0x2B, 0x51, 0xFE, 0xCF, 0x90, 0xFF, 0xFF, 0xFF, 0xFF, 0xCF, 0x00, 0xD7, 0xEF, 0x5B,
    0xFB, 0xCF,
    // Unicode: [0x01FC]
    0x00, 0x00, 0x00, 0x00, 0x00, 0x00, 0x71, 0x88, 0x03, 0x00, 0x00, 0x00, 0x00, 0x00, 0x00, 0x00,
    0x00, 0xF8, 0xBF, 0x00, 0x00, 0x00, 0x00, 0x00, 0x00, 0x00, 0x00, 0x30, 0xFF, 0x1C, 0x00, 0x00,
    0x00, 0x00, 0x00, 0x00, 0x00, 0x00, 0xB0, 0xDF, 0x01, 0x00, 0x00, 0x00, 0x00, 0x00, 0x00, 0x00,
    0x00, 0x82, 0x28, 0x00, 0x00, 0x00, 0x00, 0x00, 0x00, 0x00, 0x00, 0x00, 0x00, 0x00, 0x00, 0x00,
    0x00, 0x00, 0x00, 0x00, 0x30, 0xFF, 0xFF, 0xFF, 0xFF, 0xFF, 0xFF, 0xFF, 0x09, 0x00, 0x00, 0xA0,
    0xFF, 0xFF, 0xFF, 0xFF, 0xFF, 0xFF, 0xFF, 0x09, 0x00, 0x00, 0xF1, 0xFF, 0x9D, 0xFE, 0xEF, 0x99,
    0x99, 0x99, 0x05, 0x00, 0x00, 0xF7, 0xFF, 0x04, 0xFE, 0xCF, 0x00, 0x00, 0x00, 0x00, 0x00, 0x00,
    0xFD, 0xDF, 0x00, 0xFE, 0xCF, 0x00, 0x00, 0x00, 0x00, 0x00, 0x50, 0xFF, 0x6F, 0x00, 0xFE, 0xFF,
    0xFF, 0xFF, 0xFF, 0x01, 0x00, 0xC0, 0xFF, 0x1E, 0x00, 0xFE, 0xFF, 0xFF, 0xFF, 0xFF, 0x01, 0x00,
    0xF3, 0xFF, 0xAE, 0xAA, 0xFF, 0xEF, 0xBB, 0xBB, 0xBB, 0x01, 0x00, 0xF9, 0xFF, 0xFF, 0xFF, 0xFF,
    0xCF, 0x00, 0x00, 0x00, 0x00, 0x10, 0xFE, 0xFF, 0xFF, 0xFF, 0xFF, 0xCF, 0x00, 0x00, 0x00, 0x00,
    0x70, 0xFF, 0x5F, 0x00, 0x00, 0xFE, 0xCF, 0x00, 0x00, 0x00, 0x00, 0xD0, 0xFF, 0x0E, 0x00, 0x00,
    0xFE, 0xEF, 0xBB, 0xBB, 0xBB, 0x07, 0xF5, 0xFF, 0x08, 0x00, 0x00, 0xFE, 0xFF, 0xFF, 0xFF, 0xFF,
    0x09, 0xFB, 0xFF, 0x02, 0x00, 0x00, 0xFE, 0xFF, 0xFF, 0xFF, 0xFF, 0x09,
    // Unicode: [0x01FD]
    0x00, 0x00, 0x00, 0x00, 0x00, 0xF3, 0xEF, 0x04, 0x00, 0x00, 0x00, 0x00, 0x00, 0x00, 0x10, 0xFD,
    0x4E, 0x00, 0x00, 0x00, 0x00, 0x00, 0x00, 0x00, 0x90, 0xEF, 0x03, 0x00, 0x00, 0x00, 0x00, 0x00,
    0x00, 0x00, 0x71, 0x38, 0x00, 0x00, 0x00, 0x00, 0x00, 0x00, 0x00, 0x00, 0x00, 0x00, 0x00, 0x00,
    0x00, 0x00, 0x10, 0xC9, 0xED, 0xEF, 0x6B, 0x61, 0xEC, 0xDF, 0x4A, 0x00, 0x30, 0xFF, 0xFF, 0xFF,
    0xFF, 0xFF, 0xFF, 0xFF, 0xFF, 0x06, 0x30, 0x9D, 0x56, 0xA6, 0xFF, 0xFF, 0x6B, 0xC6, 0xFF, 0x1F,
    0x00, 0x00, 0x10, 0x32, 0xFD, 0xCF, 0x00, 0x10, 0xFF, 0x6F, 0x00, 0xA3, 0xFD, 0xFF, 0xFF, 0xFF,
    0xFF, 0xFF, 0xFF, 0x8F, 0x50, 0xFF, 0xFF, 0xCE, 0xFE, 0xFF, 0xFF, 0xFF, 0xFF, 0x8F, 0xE0, 0xFF,
    0x2C, 0x00, 0xFB, 0xBF, 0x00, 0x00, 0x00, 0x00, 0xF2, 0xFF, 0x07, 0x00, 0xF9, 0xFF, 0x04, 0x00,
    0x00, 0x35, 0xF1, 0xFF, 0x8E, 0xB7, 0xFF, 0xFF, 0xAF, 0x77, 0xD9, 0x5F, 0x90, 0xFF, 0xFF, 0xFF,
    0x6D, 0xFD, 0xFF, 0xFF, 0xFF, 0x5F, 0x00, 0xD7, 0xEF, 0x7C, 0x01, 0x61, 0xDB, 0xFF, 0xAD, 0x16,
    // Unicode: [0x01FE]
    0x00, 0x00, 0x00, 0xC0, 0xFF, 0x0A, 0x00, 0x00, 0x00, 0x00, 0x00, 0xF6, 0xBF, 0x00, 0x00, 0x00,
    0x00, 0x00, 0x10, 0xFE, 0x1C, 0x00, 0x00, 0x00, 0x00, 0x00, 0x90, 0xDF, 0x01, 0x00, 0x00, 0x00,
    0x00, 0x00, 0x00, 0x00, 0x00, 0x00, 0x00, 0x00, 0x00, 0x00, 0x00, 0x00, 0x00, 0x00, 0xFA, 0x05,
    0x00, 0x20, 0xC8, 0xFE, 0xCD, 0x67, 0xAF, 0x00, 0x00, 0xF7, 0xFF, 0xFF, 0xFF, 0xFF, 0x1E, 0x00,
    0x80, 0xFF, 0xFF, 0xAB, 0xFB, 0xFF, 0x6F, 0x00, 0xF3, 0xFF, 0x3E, 0x00, 0xA0, 0xFF, 0xFF, 0x02,
    0xF9, 0xFF, 0x06, 0x00, 0xE6, 0xF4, 0xFF, 0x08, 0xFD, 0xFF, 0x01, 0x30, 0x5E, 0xE0, 0xFF, 0x0C,
    0xFE, 0xDF, 0x00, 0xD1, 0x09, 0xD0, 0xFF, 0x0E, 0xFE, 0xDF, 0x00, 0xCA, 0x00, 0xD0, 0xFF, 0x0E,
    0xFD, 0xEF, 0x60, 0x2E, 0x00, 0xF1, 0xFF, 0x0D, 0xF9, 0xFF, 0xF5, 0x05, 0x00, 0xF6, 0xFF, 0x09,
    0xF2, 0xFF, 0xAF, 0x00, 0x30, 0xFE, 0xFF, 0x03, 0x70, 0xFF, 0xFF, 0x9B, 0xFB, 0xFF, 0x8F, 0x00,
    0x10, 0xFE, 0xFF, 0xFF, 0xFF, 0xFF, 0x08, 0x00, 0xC0, 0x5F, 0xC7, 0xFD, 0xCE, 0x28, 0x00, 0x00,
    0xF9, 0x06, 0x00, 0x00, 0x00, 0x00, 0x00, 0x00,
    // Unicode: [0x01FF]
    0x00, 0x00, 0x00, 0x82, 0x88, 0x02, 0x00, 0x00, 0x00, 0x00, 0xFB, 0x9F, 0x00, 0x00, 0x00, 0x00,
    0x40, 0xFF, 0x0A, 0x00, 0x00, 0x00, 0x00, 0xD0, 0xBF, 0x00, 0x00, 0x00, 0x00, 0x00, 0x83, 0x17,
    0x00, 0x00, 0x00, 0x00, 0x00, 0x00, 0x00, 0x00, 0xF3, 0x08, 0x00, 0x40, 0xDA, 0xEF, 0x7C, 0xBD,
    0x00, 0x00, 0xF8, 0xFF, 0xFF, 0xFF, 0x5F, 0x00, 0x60, 0xFF, 0xBF, 0x76, 0xFE, 0xEF, 0x01, 0xD0,
    0xFF, 0x0D, 0x30, 0xEE, 0xFF, 0x08, 0xF1, 0xFF, 0x08, 0xD1, 0xB7, 0xFF, 0x0C, 0xF2, 0xFF, 0x07,
    0xAB, 0xB0, 0xFF, 0x0D, 0xF1, 0xFF, 0x77, 0x1D, 0xC0, 0xFF, 0x0C, 0xB0, 0xFF, 0xED, 0x03, 0xF2,
    0xFF, 0x08, 0x40, 0xFF, 0xDF, 0x76, 0xFD, 0xEF, 0x02, 0x00, 0xF7, 0xFF, 0xFF, 0xFF, 0x5E, 0x00,
    0x10, 0xCD, 0xD9, 0xEE, 0x9D, 0x02, 0x00, 0xB0, 0x1D, 0x00, 0x00, 0x00, 0x00, 0x00,
    // Unicode: [0x0218]
    0x00, 0x82, 0xEC, 0xEF, 0xBD, 0x37, 0x00, 0x60, 0xFF, 0xFF, 0xFF, 0xFF, 0xEF, 0x00, 0xF5, 0xFF,
    0xBF, 0xA9, 0xFC, 0xEF, 0x00, 0xFB, 0xFF, 0x03, 0x00, 0x20, 0xD8, 0x00, 0xFC, 0xFF, 0x05, 0x00,
    0x00, 0x10, 0x00, 0xF9, 0xFF, 0xEF, 0x7A, 0x04, 0x00, 0x00, 0xE2, 0xFF, 0xFF, 0xFF, 0xEF, 0x08,
    0x00, 0x20, 0xE9, 0xFF, 0xFF, 0xFF, 0xCF, 0x00, 0x00, 0x10, 0x74, 0xEA, 0xFF, 0xFF, 0x05, 0x04,
    0x00, 0x00, 0x00, 0xFA, 0xFF, 0x07, 0xBE, 0x04, 0x00, 0x00, 0xF8, 0xFF, 0x05, 0xFE, 0xEF, 0xAB,
    0xCA, 0xFF, 0xDF, 0x01, 0xFE, 0xFF, 0xFF, 0xFF, 0xFF, 0x2C, 0x00, 0x51, 0xDA, 0xFE, 0xDE, 0x5A,
    0x00, 0x00, 0x00, 0x00, 0x00, 0x00, 0x00, 0x00, 0x00, 0x00, 0x00, 0xE2, 0x8E, 0x00, 0x00, 0x00,
    0x00, 0x00, 0xF9, 0x1D, 0x00, 0x00, 0x00, 0x00, 0x10, 0xFE, 0x03, 0x00, 0x00, 0x00,
    // Unicode: [0x0219]
    0x00, 0x81, 0xEC, 0xEF, 0x9C, 0x04, 0x30, 0xFE, 0xFF, 0xFF, 0xFF, 0x0A, 0xC0, 0xFF, 0x6E, 0x55,
    0xE9, 0x0A, 0xF0, 0xFF, 0x1C, 0x00, 0x10, 0x04, 0xC0, 0xFF, 0xFF, 0xAD, 0x27, 0x00, 0x30, 0xFE,
    0xFF, 0xFF, 0xFF, 0x05, 0x00, 0x61, 0xDA, 0xFF, 0xFF, 0x1E, 0x71, 0x00, 0x00, 0x91, 0xFF, 0x2F,
    0xF1, 0x9E, 0x46, 0xC5, 0xFF, 0x0E, 0xF1, 0xFF, 0xFF, 0xFF, 0xEF, 0x04, 0x50, 0xDA, 0xFE, 0xCE,
    0x28, 0x00, 0x00, 0x00, 0x00, 0x00, 0x00, 0x00, 0x00, 0x00, 0xE2, 0x9E, 0x00, 0x00, 0x00, 0x00,
    0xF8, 0x1D, 0x00, 0x00, 0x00, 0x10, 0xFE, 0x03, 0x00, 0x00,
    // Unicode: [0x021A]
    0xF9, 0xFF, 0xFF, 0xFF, 0xFF, 0xFF, 0x4F, 0xF9, 0xFF, 0xFF, 0xFF, 0xFF, 0xFF, 0x4F, 0xB7, 0xBB,
    0xFB, 0xFF, 0xBE, 0xBB, 0x3B, 0x00, 0x00, 0xF1, 0xFF, 0x0A, 0x00, 0x00, 0x00, 0x00, 0xF1, 0xFF,
    0x0A, 0x00, 0x00, 0x00, 0x00, 0xF1, 0xFF, 0x0A, 0x00, 0x00, 0x00, 0x00, 0xF1, 0xFF, 0x0A, 0x00,
    0x00, 0x00, 0x00, 0xF1, 0xFF, 0x0A, 0x00, 0x00, 0x00, 0x00, 0xF1, 0xFF, 0x0A, 0x00, 0x00, 0x00,
    0x00, 0xF1, 0xFF, 0x0A, 0x00, 0x00, 0x00, 0x00, 0xF1, 0xFF, 0x0A, 0x00, 0x00, 0x00, 0x00, 0xF1,
    0xFF, 0x0A, 0x00, 0x00, 0x00, 0x00, 0xF1, 0xFF, 0x0A, 0x00, 0x00, 0x00, 0x00, 0xF1, 0xFF, 0x0A,
    0x00, 0x00, 0x00, 0x00, 0x00, 0x00, 0x00, 0x00, 0x00, 0x00, 0x00, 0x50, 0xEE, 0x05, 0x00, 0x00,
    0x00, 0x00, 0xC0, 0xAF, 0x00, 0x00, 0x00, 0x00, 0x00, 0xF4, 0x1D, 0x00, 0x00, 0x00,
    // Unicode: [0x021B]
    0x20, 0xFF, 0x6F, 0x00, 0x00, 0x20, 0xFF, 0x6F, 0x00, 0x00, 0x20, 0xFF, 0x6F, 0x00, 0x00, 0xF9,
    0xFF, 0xFF, 0xFF, 0x0A, 0xF9, 0xFF, 0xFF, 0xFF, 0x0A, 0x63, 0xFF, 0x9F, 0x55, 0x03, 0x20, 0xFF,
    0x6F, 0x00, 0x00, 0x20, 0xFF, 0x6F, 0x00, 0x00, 0x20, 0xFF, 0x6F, 0x00, 0x00, 0x20, 0xFF, 0x6F,
    0x00, 0x00, 0x20, 0xFF, 0x7F, 0x00, 0x00, 0x10, 0xFF, 0xEF, 0x66, 0x06, 0x00, 0xFA, 0xFF, 0xFF,
    0x0A, 0x00, 0x81, 0xFD, 0xEF, 0x08, 0x00, 0x00, 0x00, 0x00, 0x00, 0x00, 0x70, 0xEE, 0x03, 0x00,
    0x00, 0xE1, 0x8F, 0x00, 0x00, 0x00, 0xF7, 0x0C, 0x00, 0x00,
    // Unicode: [0x0237]
    0x30, 0xFF, 0xFF, 0x6F, 0x30, 0xFF, 0xFF, 0x6F, 0x10, 0x65, 0xFF, 0x6F, 0x00, 0x20, 0xFF, 0x6F,
    0x00, 0x20, 0xFF, 0x6F, 0x00, 0x20, 0xFF, 0x6F, 0x00, 0x20, 0xFF, 0x6F, 0x00, 0x20, 0xFF, 0x6F,
    0x00, 0x20, 0xFF, 0x6F, 0x00, 0x20, 0xFF, 0x6F, 0x00, 0x30, 0xFF, 0x6F, 0x00, 0x70, 0xFF, 0x6F,
    0xB6, 0xFC, 0xFF, 0x3F, 0xF8, 0xFF, 0xFF, 0x0A, 0xE7, 0xFF, 0x7D, 0x00,
    // Unicode: [0x0259]
    0x40, 0xC8, 0xFD, 0xDE, 0x49, 0x00, 0x00, 0xF0, 0xFF, 0xFF, 0xFF, 0xFF, 0x1A, 0x00, 0xF0, 0xAE,
    0x77, 0xD8, 0xFF, 0x9F, 0x00, 0x80, 0x01, 0x00, 0x00, 0xFB, 0xFF, 0x02, 0x00, 0x00, 0x00, 0x00,
    0xF4, 0xFF, 0x05, 0xF3, 0xFF, 0xFF, 0xFF, 0xFF, 0xFF, 0x06, 0xF2, 0xFF, 0xFF, 0xFF, 0xFF, 0xFF,
    0x05, 0xF1, 0xFF, 0x06, 0x00, 0xF4, 0xFF, 0x01, 0xB0, 0xFF, 0x5D, 0x53, 0xFD, 0x9F, 0x00, 0x20,
    0xFE, 0xFF, 0xFF, 0xFF, 0x0A, 0x00, 0x00, 0x81, 0xED, 0xDF, 0x5A, 0x00, 0x00,
    // Unicode: [0x02C6]
    0x00, 0x82, 0x48, 0x00, 0x00, 0x20, 0xFD, 0xFF, 0x04, 0x00, 0xD1, 0xAF, 0xF7, 0x3E, 0x00, 0xFC,
    0x0B, 0x90, 0xEF, 0x02,
    // Unicode: [0x02C7]
    0x87, 0x04, 0x20, 0x88, 0x02, 0xF5, 0x4F, 0xD1, 0x9F, 0x00, 0x70, 0xEF, 0xFC, 0x0A, 0x00, 0x00,
    0xF8, 0xBF, 0x00, 0x00,
    // Unicode: [0x02C9]
    0xFC, 0xFF, 0xFF, 0xFF, 0xFC, 0xFF, 0xFF, 0xFF,
    // Unicode: [0x02D8]
    0x85, 0x04, 0x20, 0x68, 0xF7, 0x0B, 0x80, 0xBF, 0xE2, 0xCF, 0xFB, 0x4F, 0x30, 0xEB, 0xCE, 0x05,
    // Unicode: [0x02D9]
    0x96, 0x89, 0xFB, 0xEF, 0xFB, 0xEF,
    // Unicode: [0x02DA]
    0x00, 0x11, 0x00, 0x00, 0xB1, 0xFF, 0x3C, 0x00, 0xFA, 0x68, 0xDE, 0x00, 0xDE, 0x00, 0xF9, 0x02,
    0xFC, 0x45, 0xED, 0x01, 0xD3, 0xFF, 0x5E, 0x00, 0x00, 0x43, 0x01, 0x00,
    // Unicode: [0x02DB]
    0x10, 0x00, 0x00, 0xF9, 0x08, 0x00, 0xF8, 0x0B, 0x00, 0xF3, 0xEF, 0xDD, 0x50, 0xEC, 0xBF,
    // Unicode: [0x02DC]
    0x20, 0xEB, 0x6C, 0xD1, 0x5F, 0xC0, 0xFF, 0xFF, 0xFF, 0x2F, 0xF2, 0x2F, 0xB4, 0xDE, 0x05,
    // Unicode: [0x02DD]
    0x20, 0xBB, 0x18, 0xBB, 0x0A, 0x90, 0xFF, 0x63, 0xFF, 0x04, 0xE1, 0x7F, 0xD0, 0x9F, 0x00, 0xF8,
    0x0B, 0xF5, 0x1D, 0x00,
    // Unicode: [0x0300]
    0x87, 0x48, 0x00, 0xE3, 0xEF, 0x02, 0x30, 0xFE, 0x0C, 0x00, 0xE3, 0x7F,
    // Unicode: [0x0301]
    0x00, 0x85, 0x68, 0x30, 0xFF, 0x2D, 0xD1, 0xDF, 0x02, 0xF9, 0x2D, 0x00,
    // Unicode: [0x0302]
    0x00, 0x82, 0x48, 0x00, 0x00, 0x20, 0xFD, 0xFF, 0x04, 0x00, 0xD1, 0xAF, 0xF7, 0x3E, 0x00, 0xFC,
    0x0B, 0x90, 0xEF, 0x02,
    // Unicode: [0x0303]
    0x90, 0xDE, 0x28, 0xF8, 0x0A, 0xF7, 0xFF, 0xFF, 0xFF, 0x06, 0xFC, 0x26, 0xE8, 0x8E, 0x00,
    // Unicode: [0x0306]
    0x85, 0x04, 0x20, 0x68, 0xF7, 0x0B, 0x80, 0xBF, 0xE2, 0xCF, 0xFB, 0x4F, 0x30, 0xEB, 0xCE, 0x05,
    // Unicode: [0x0308]
    0x99, 0x08, 0x60, 0x99, 0x02, 0xFF, 0x0E, 0xB0, 0xFF, 0x03, 0xFF, 0x0E, 0xB0, 0xFF, 0x03,
    // Unicode: [0x0309]
    0x95, 0x28, 0x96, 0xDF, 0x60, 0xDF, 0xF0, 0x1C,
    // Unicode: [0x030B]
    0x20, 0xBB, 0x18, 0xBB, 0x0A, 0x90, 0xFF, 0x63, 0xFF, 0x04, 0xE1, 0x7F, 0xD0, 0x9F, 0x00, 0xF8,
    0x0B, 0xF5, 0x1D, 0x00,
    // Unicode: [0x030C]
    0x87, 0x04, 0x20, 0x88, 0x02, 0xF5, 0x4F, 0xD1, 0x9F, 0x00, 0x70, 0xEF, 0xFC, 0x0A, 0x00, 0x00,
    0xF8, 0xBF, 0x00, 0x00,
    // Unicode: [0x0323]
    0x92, 0x99, 0x03, 0xF4, 0xFF, 0x06, 0xF4, 0xFF, 0x06,
    // Unicode: [0x0326]
    0x60, 0xEE, 0x04, 0xD0, 0x8F, 0x00, 0xF6, 0x0C, 0x00,
    // Unicode: [0x0333]
    0xF6, 0xFF, 0xFF, 0xFF, 0xFF, 0xFF, 0x6F, 0x21, 0x22, 0x22, 0x22, 0x22, 0x22, 0x12, 0xF6, 0xFF,
    0xFF, 0xFF, 0xFF, 0xFF, 0x6F, 0x21, 0x22, 0x22, 0x22, 0x22, 0x22, 0x12,
    // Unicode: [0x0347]
    0xF3, 0xFF, 0xFF, 0xFF, 0xFF, 0xFF, 0x3F, 0x21, 0x22, 0x22, 0x22, 0x22, 0x22, 0x12, 0xF3, 0xFF,
    0xFF, 0xFF, 0xFF, 0xFF, 0x3F, 0x21, 0x22, 0x22, 0x22, 0x22, 0x22, 0x12,
    // Unicode: [0x037E]
    0x00, 0xFC, 0xDF, 0x00, 0x00, 0xFC, 0xDF, 0x00, 0x00, 0xFC, 0xDF, 0x00, 0x00, 0xB9, 0x9B, 0x00,
    0x00, 0x00, 0x00, 0x00, 0x00, 0x00, 0x00, 0x00, 0x00, 0x00, 0x00, 0x00, 0x00, 0x41, 0x44, 0x01,
    0x00, 0xF8, 0xFF, 0x02, 0x00, 0xFC, 0x9F, 0x00, 0x10, 0xFF, 0x2F, 0x00, 0x50, 0xFF, 0x0A, 0x00,
    0x90, 0xFF, 0x02, 0x00, 0xD0, 0xAF, 0x00, 0x00, 0xF2, 0x3F, 0x00, 0x00,
    // Unicode: [0x0384]
    0xB8, 0xAB, 0xF8, 0xBF, 0xF5, 0x8F, 0xF2, 0x5F,
    // Unicode: [0x0385]
    0x00, 0x00, 0xB5, 0x8B, 0x00, 0x00, 0x91, 0x59, 0xF5, 0x8F, 0x93, 0x29, 0xF1, 0x8F, 0xF2, 0x5F,
    0xF5, 0x4F, 0xF1, 0x8F, 0xE0, 0x2F, 0xF5, 0x4F,
    // Unicode: [0x0386]
    0xF2, 0xFF, 0x06, 0xF2, 0xFF, 0x8F, 0x00, 0x00, 0x00, 0xE0, 0xFF, 0x04, 0xF8, 0xFF, 0xEF, 0x00,
    0x00, 0x00, 0xB0, 0xFF, 0x01, 0xFE, 0xFF, 0xFF, 0x05, 0x00, 0x00, 0x60, 0xAB, 0x50, 0xFF, 0xEF,
    0xFF, 0x0A, 0x00, 0x00, 0x00, 0x00, 0xB0, 0xFF, 0x8C, 0xFF, 0x1F, 0x00, 0x00, 0x00, 0x00, 0xF1,
    0xFF, 0x27, 0xFF, 0x7F, 0x00, 0x00, 0x00, 0x00, 0xF7, 0xFF, 0x01, 0xFC, 0xDF, 0x00, 0x00, 0x00,
    0x00, 0xFD, 0xAF, 0x00, 0xF6, 0xFF, 0x03, 0x00, 0x00, 0x40, 0xFF, 0xBF, 0x99, 0xFA, 0xFF, 0x09,
    0x00, 0x00, 0x90, 0xFF, 0xFF, 0xFF, 0xFF, 0xFF, 0x1E, 0x00, 0x00, 0xE1, 0xFF, 0xFF, 0xFF, 0xFF,
    0xFF, 0x6F, 0x00, 0x00, 0xF6, 0xFF, 0x04, 0x00, 0x10, 0xFE, 0xBF, 0x00, 0x00, 0xFC, 0xEF, 0x00,
    0x00, 0x00, 0xFA, 0xFF, 0x02, 0x20, 0xFF, 0x9F, 0x00, 0x00, 0x00, 0xF5, 0xFF, 0x08,
    // Unicode: [0x0387]
    0xFC, 0xDF, 0xFC, 0xDF, 0xFC, 0xDF, 0xB9, 0x9B,
    // Unicode: [0x0388]
    0xF2, 0xFF, 0x06, 0xFD, 0xFF, 0xFF, 0xFF, 0xFF, 0x0A, 0xE0, 0xFF, 0x04, 0xFD, 0xFF, 0xFF, 0xFF,
    0xFF, 0x0A, 0xB0, 0xFF, 0x01, 0xFD, 0xFF, 0xBB, 0xBB, 0xBB, 0x07, 0x60, 0xAB, 0x00, 0xFD, 0xDF,
    0x00, 0x00, 0x00, 0x00, 0x00, 0x00, 0x00, 0xFD, 0xDF, 0x00, 0x00, 0x00, 0x00, 0x00, 0x00, 0x00,
    0xFD, 0xFF, 0xFF, 0xFF, 0xFF, 0x03, 0x00, 0x00, 0x00, 0xFD, 0xFF, 0xFF, 0xFF, 0xFF, 0x03, 0x00,
    0x00, 0x00, 0xFD, 0xFF, 0xBB, 0xBB, 0xBB, 0x02, 0x00, 0x00, 0x00, 0xFD, 0xDF, 0x00, 0x00, 0x00,
    0x00, 0x00, 0x00, 0x00, 0xFD, 0xDF, 0x00, 0x00, 0x00, 0x00, 0x00, 0x00, 0x00, 0xFD, 0xDF, 0x00,
    0x00, 0x00, 0x00, 0x00, 0x00, 0x00, 0xFD, 0xFF, 0xBB, 0xBB, 0xBB, 0x07, 0x00, 0x00, 0x00, 0xFD,
    0xFF, 0xFF, 0xFF, 0xFF, 0x0A, 0x00, 0x00, 0x00, 0xFD, 0xFF, 0xFF, 0xFF, 0xFF, 0x0A,
    // Unicode: [0x0389]
    0xF2, 0xFF, 0x06, 0xFD, 0xDF, 0x00, 0x00, 0x90, 0xFF, 0x3F, 0xE0, 0xFF, 0x04, 0xFD, 0xDF, 0x00,
    0x00, 0x90, 0xFF, 0x3F, 0xB0, 0xFF, 0x01, 0xFD, 0xDF, 0x00, 0x00, 0x90, 0xFF, 0x3F, 0x60, 0xAB,
    0x00, 0xFD, 0xDF, 0x00, 0x00, 0x90, 0xFF, 0x3F, 0x00, 0x00, 0x00, 0xFD, 0xDF, 0x00, 0x00, 0x90,
    0xFF, 0x3F, 0x00, 0x00, 0x00, 0xFD, 0xFF, 0xFF, 0xFF, 0xFF, 0xFF, 0x3F, 0x00, 0x00, 0x00, 0xFD,
    0xFF, 0xFF, 0xFF, 0xFF, 0xFF, 0x3F, 0x00, 0x00, 0x00, 0xFD, 0xFF, 0xBB, 0xBB, 0xDB, 0xFF, 0x3F,
    0x00, 0x00, 0x00, 0xFD, 0xDF, 0x00, 0x00, 0x90, 0xFF, 0x3F, 0x00, 0x00, 0x00, 0xFD, 0xDF, 0x00,
    0x00, 0x90, 0xFF, 0x3F, 0x00, 0x00, 0x00, 0xFD, 0xDF, 0x00, 0x00, 0x90, 0xFF, 0x3F, 0x00, 0x00,
    0x00, 0xFD, 0xDF, 0x00, 0x00, 0x90, 0xFF, 0x3F, 0x00, 0x00, 0x00, 0xFD, 0xDF, 0x00, 0x00, 0x90,
    0xFF, 0x3F, 0x00, 0x00, 0x00, 0xFD, 0xDF, 0x00, 0x00, 0x90, 0xFF, 0x3F,
    // Unicode: [0x038A]
    0xF2, 0xFF, 0x96, 0xFF, 0xFF, 0xFF, 0xEF, 0xE0, 0xFF, 0x94, 0xFF, 0xFF, 0xFF, 0xEF, 0xB0, 0xFF,
    0x51, 0x98, 0xFF, 0xBF, 0x78, 0x60, 0xAB, 0x00, 0x40, 0xFF, 0x8F, 0x00, 0x00, 0x00, 0x00, 0x40,
    0xFF, 0x8F, 0x00, 0x00, 0x00, 0x00, 0x40, 0xFF, 0x8F, 0x00, 0x00, 0x00, 0x00, 0x40, 0xFF, 0x8F,
    0x00, 0x00, 0x00, 0x00, 0x40, 0xFF, 0x8F, 0x00, 0x00, 0x00, 0x00, 0x40, 0xFF, 0x8F, 0x00, 0x00,
    0x00, 0x00, 0x40, 0xFF, 0x8F, 0x00, 0x00, 0x00, 0x00, 0x40, 0xFF, 0x8F, 0x00, 0x00, 0x00, 0x50,
    0x98, 0xFF, 0xBF, 0x78, 0x00, 0x00, 0x90, 0xFF, 0xFF, 0xFF, 0xEF, 0x00, 0x00, 0x90, 0xFF, 0xFF,
    0xFF, 0xEF,
    // Unicode: [0x038C]
    0xF2, 0xFF, 0x06, 0x10, 0xB6, 0xFD, 0xDE, 0x4A, 0x00, 0x00, 0xE0, 0xFF, 0x04, 0xD3, 0xFF, 0xFF,
    0xFF, 0xFF, 0x1B, 0x00, 0xB0, 0xFF, 0x31, 0xFE, 0xFF, 0xBE, 0xFC, 0xFF, 0xCF, 0x01, 0x60, 0xAB,
    0xC0, 0xFF, 0x9F, 0x00, 0x10, 0xFC, 0xFF, 0x08, 0x00, 0x00, 0xF4, 0xFF, 0x0C, 0x00, 0x00, 0xF2,
    0xFF, 0x0E, 0x00, 0x00, 0xF7, 0xFF, 0x07, 0x00, 0x00, 0xB0, 0xFF, 0x3F, 0x00, 0x00, 0xF9, 0xFF,
    0x04, 0x00, 0x00, 0x90, 0xFF, 0x5F, 0x00, 0x00, 0xF9, 0xFF, 0x04, 0x00, 0x00, 0x90, 0xFF, 0x5F,
    0x00, 0x00, 0xF7, 0xFF, 0x07, 0x00, 0x00, 0xB0, 0xFF, 0x3F, 0x00, 0x00, 0xF4, 0xFF, 0x0C, 0x00,
    0x00, 0xF2, 0xFF, 0x0E, 0x00, 0x00, 0xC0, 0xFF, 0x9F, 0x00, 0x10, 0xFC, 0xFF, 0x08, 0x00, 0x00,
    0x30, 0xFE, 0xFF, 0xBE, 0xFC, 0xFF, 0xCF, 0x01, 0x00, 0x00, 0x00, 0xD3, 0xFF, 0xFF, 0xFF, 0xFF,
    0x1B, 0x00, 0x00, 0x00, 0x00, 0x10, 0xB6, 0xFE, 0xDE, 0x4A, 0x00, 0x00,
    // Unicode: [0x038E]
    0xF2, 0xFF, 0x86, 0xFF, 0xAF, 0x00, 0x00, 0xB0, 0xFF, 0x6F, 0xE0, 0xFF, 0x14, 0xFD, 0xFF, 0x04,
    0x00, 0xF4, 0xFF, 0x0B, 0xB0, 0xFF, 0x01, 0xF5, 0xFF, 0x0C, 0x00, 0xFC, 0xFF, 0x03, 0x60, 0xAB,
    0x00, 0xA0, 0xFF, 0x6F, 0x60, 0xFF, 0x8F, 0x00, 0x00, 0x00, 0x00, 0x20, 0xFE, 0xEF, 0xD2, 0xFF,
    0x1D, 0x00, 0x00, 0x00, 0x00, 0x00, 0xF7, 0xFF, 0xFD, 0xFF, 0x04, 0x00, 0x00, 0x00, 0x00, 0x00,
    0xC0, 0xFF, 0xFF, 0xAF, 0x00, 0x00, 0x00, 0x00, 0x00, 0x00, 0x30, 0xFF, 0xFF, 0x1E, 0x00, 0x00,
    0x00, 0x00, 0x00, 0x00, 0x00, 0xF9, 0xFF, 0x07, 0x00, 0x00, 0x00, 0x00, 0x00, 0x00, 0x00, 0xF6,
    0xFF, 0x05, 0x00, 0x00, 0x00, 0x00, 0x00, 0x00, 0x00, 0xF6, 0xFF, 0x05, 0x00, 0x00, 0x00, 0x00,
    0x00, 0x00, 0x00, 0xF6, 0xFF, 0x05, 0x00, 0x00, 0x00, 0x00, 0x00, 0x00, 0x00, 0xF6, 0xFF, 0x05,
    0x00, 0x00, 0x00, 0x00, 0x00, 0x00, 0x00, 0xF6, 0xFF, 0x05, 0x00, 0x00,
    // Unicode: [0x038F]
    0xF2, 0xFF, 0x06, 0x10, 0xB6, 0xFD, 0xDF, 0x6B, 0x01, 0x00, 0xE0, 0xFF, 0x04, 0xE4, 0xFF, 0xFF,
    0xFF, 0xFF, 0x3D, 0x00, 0xB0, 0xFF, 0x41, 0xFF, 0xFF, 0xBE, 0xEB, 0xFF, 0xEF, 0x03, 0x60, 0xAB,
    0xD0, 0xFF, 0x9F, 0x01, 0x10, 0xFA, 0xFF, 0x0C, 0x00, 0x00, 0xF3, 0xFF, 0x0D, 0x00, 0x00, 0xE1,
    0xFF, 0x2F, 0x00, 0x00, 0xF4, 0xFF, 0x0A, 0x00, 0x00, 0xB0, 0xFF, 0x3F, 0x00, 0x00, 0xF3, 0xFF,
    0x0A, 0x00, 0x00, 0xB0, 0xFF, 0x2F, 0x00, 0x00, 0xD0, 0xFF, 0x1E, 0x00, 0x00, 0xE1, 0xFF, 0x0C,
    0x00, 0x00, 0x50, 0xFF, 0xAF, 0x01, 0x10, 0xFB, 0xFF, 0x04, 0x00, 0x00, 0x00, 0xF6, 0xFF, 0x0D,
    0xD1, 0xFF, 0x5E, 0x00, 0x00, 0x00, 0x00, 0x20, 0xFA, 0x1F, 0xF2, 0x9F, 0x01, 0x00, 0x00, 0x00,
    0xBB, 0xBB, 0xFC, 0x1F, 0xF2, 0xCF, 0xBB, 0xAB, 0x00, 0x00, 0xFE, 0xFF, 0xFF, 0x1F, 0xF2, 0xFF,
    0xFF, 0xDF, 0x00, 0x00, 0xFE, 0xFF, 0xFF, 0x1F, 0xF2, 0xFF, 0xFF, 0xDF,
    // Unicode: [0x0390]
    0x00, 0x20, 0x22, 0x00, 0x00, 0x00, 0xC0, 0xAF, 0x00, 0x00, 0xFF, 0xA4, 0x7F, 0xF6, 0x0C, 0xFF,
    0x84, 0x5F, 0xF6, 0x0C, 0x99, 0x32, 0x29, 0x94, 0x07, 0x00, 0x00, 0x00, 0x00, 0x00, 0x00, 0xF5,
    0xFF, 0x03, 0x00, 0x00, 0xF5, 0xFF, 0x03, 0x00, 0x00, 0xF5, 0xFF, 0x03, 0x00, 0x00, 0xF5, 0xFF,
    0x03, 0x00, 0x00, 0xF5, 0xFF, 0x03, 0x00, 0x00, 0xF5, 0xFF, 0x03, 0x00, 0x00, 0xF5, 0xFF, 0x03,
    0x00, 0x00, 0xF5, 0xFF, 0x03, 0x00, 0x00, 0xF5, 0xFF, 0x03, 0x00, 0x00, 0xF5, 0xFF, 0x03, 0x00,
    0x00, 0xF5, 0xFF, 0x03, 0x00,
    // Unicode: [0x0391]
    0x00, 0x00, 0x90, 0xFF, 0xFF, 0x02, 0x00, 0x00, 0x00, 0x00, 0xE0, 0xFF, 0xFF, 0x07, 0x00, 0x00,
    0x00, 0x00, 0xF5, 0xFF, 0xFF, 0x0D, 0x00, 0x00, 0x00, 0x00, 0xFB, 0xEF, 0xFF, 0x4F, 0x00, 0x00,
    0x00, 0x20, 0xFF, 0x5F, 0xFE, 0xAF, 0x00, 0x00, 0x00, 0x80, 0xFF, 0x1E, 0xF8, 0xFF, 0x01, 0x00,
    0x00, 0xD0, 0xFF, 0x09, 0xF3, 0xFF, 0x06, 0x00, 0x00, 0xF4, 0xFF, 0x04, 0xC0, 0xFF, 0x0C, 0x00,
    0x00, 0xFA, 0xFF, 0x99, 0xC9, 0xFF, 0x3F, 0x00, 0x10, 0xFF, 0xFF, 0xFF, 0xFF, 0xFF, 0x9F, 0x00,
    0x60, 0xFF, 0xFF, 0xFF, 0xFF, 0xFF, 0xEF, 0x00, 0xC0, 0xFF, 0x0D, 0x00, 0x00, 0xF6, 0xFF, 0x05,
    0xF3, 0xFF, 0x08, 0x00, 0x00, 0xF1, 0xFF, 0x0B, 0xF9, 0xFF, 0x03, 0x00, 0x00, 0xB0, 0xFF, 0x2F,
    // Unicode: [0x0392]
    0xF2, 0xFF, 0xFF, 0xFF, 0xCE, 0x07, 0x00, 0xF2, 0xFF, 0xFF, 0xFF, 0xFF, 0xBF, 0x00, 0xF2, 0xFF,
    0x9D, 0xB9, 0xFF, 0xFF, 0x03, 0xF2, 0xFF, 0x09, 0x00, 0xFA, 0xFF, 0x04, 0xF2, 0xFF, 0x09, 0x00,
    0xF9, 0xEF, 0x01, 0xF2, 0xFF, 0x7C, 0x97, 0xFF, 0x5F, 0x00, 0xF2, 0xFF, 0xFF, 0xFF, 0xFF, 0x3A,
    0x00, 0xF2, 0xFF, 0xFF, 0xFF, 0xFF, 0xFF, 0x06, 0xF2, 0xFF, 0x09, 0x00, 0xE4, 0xFF, 0x1E, 0xF2,
    0xFF, 0x09, 0x00, 0xA0, 0xFF, 0x4F, 0xF2, 0xFF, 0x09, 0x00, 0xD0, 0xFF, 0x3F, 0xF2, 0xFF, 0x9D,
    0xA9, 0xFE, 0xFF, 0x0D, 0xF2, 0xFF, 0xFF, 0xFF, 0xFF, 0xEF, 0x03, 0xF2, 0xFF, 0xFF, 0xFF, 0xCE,
    0x17, 0x00,
    // Unicode: [0x0393]
    0xF2, 0xFF, 0xFF, 0xFF, 0xFF, 0x5F, 0xF2, 0xFF, 0xFF, 0xFF, 0xFF, 0x5F, 0xF2, 0xFF, 0xBD, 0xBB,
    0xBB, 0x4B, 0xF2, 0xFF, 0x09, 0x00, 0x00, 0x00, 0xF2, 0xFF, 0x09, 0x00, 0x00, 0x00, 0xF2, 0xFF,
    0x09, 0x00, 0x00, 0x00, 0xF2, 0xFF, 0x09, 0x00, 0x00, 0x00, 0xF2, 0xFF, 0x09, 0x00, 0x00, 0x00,
    0xF2, 0xFF, 0x09, 0x00, 0x00, 0x00, 0xF2, 0xFF, 0x09, 0x00, 0x00, 0x00, 0xF2, 0xFF, 0x09, 0x00,
    0x00, 0x00, 0xF2, 0xFF, 0x09, 0x00, 0x00, 0x00, 0xF2, 0xFF, 0x09, 0x00, 0x00, 0x00, 0xF2, 0xFF,
    0x09, 0x00, 0x00, 0x00,
    // Unicode: [0x0394]
    0x00, 0x00, 0x40, 0xFF, 0xFF, 0x06, 0x00, 0x00, 0x00, 0x00, 0xA0, 0xFF, 0xFF, 0x0C, 0x00, 0x00,
    0x00, 0x00, 0xF2, 0xFF, 0xFF, 0x3F, 0x00, 0x00, 0x00, 0x00, 0xF7, 0xFF, 0xFE, 0x9F, 0x00, 0x00,
    0x00, 0x00, 0xFD, 0xAF, 0xFA, 0xEF, 0x01, 0x00, 0x00, 0x40, 0xFF, 0x4F, 0xF4, 0xFF, 0x06, 0x00,
    0x00, 0xA0, 0xFF, 0x0D, 0xD0, 0xFF, 0x0C, 0x00, 0x00, 0xF1, 0xFF, 0x08, 0x70, 0xFF, 0x3F, 0x00,
    0x00, 0xF7, 0xFF, 0x02, 0x20, 0xFF, 0x9F, 0x00, 0x00, 0xFD, 0xBF, 0x00, 0x00, 0xFB, 0xEF, 0x01,
    0x40, 0xFF, 0x5F, 0x00, 0x00, 0xF5, 0xFF, 0x06, 0xA0, 0xFF, 0xBF, 0xBB, 0xBB, 0xFB, 0xFF, 0x0C,
    0xF1, 0xFF, 0xFF, 0xFF, 0xFF, 0xFF, 0xFF, 0x3F, 0xF7, 0xFF, 0xFF, 0xFF, 0xFF, 0xFF, 0xFF, 0x9F,
    // Unicode: [0x0395]
    0xF2, 0xFF, 0xFF, 0xFF, 0xFF, 0x6F, 0xF2, 0xFF, 0xFF, 0xFF, 0xFF, 0x6F, 0xF2, 0xFF, 0xBD, 0xBB,
    0xBB, 0x4B, 0xF2, 0xFF, 0x09, 0x00, 0x00, 0x00, 0xF2, 0xFF, 0x09, 0x00, 0x00, 0x00, 0xF2, 0xFF,
    0xFF, 0xFF, 0xFF, 0x0D, 0xF2, 0xFF, 0xFF, 0xFF, 0xFF, 0x0D, 0xF2, 0xFF, 0xBD, 0xBB, 0xBB, 0x0A,
    0xF2, 0xFF, 0x09, 0x00, 0x00, 0x00, 0xF2, 0xFF, 0x09, 0x00, 0x00, 0x00, 0xF2, 0xFF, 0x09, 0x00,
    0x00, 0x00, 0xF2, 0xFF, 0xBD, 0xBB, 0xBB, 0x4B, 0xF2, 0xFF, 0xFF, 0xFF, 0xFF, 0x6F, 0xF2, 0xFF,
    0xFF, 0xFF, 0xFF, 0x6F,
    // Unicode: [0x0396]
    0xC0, 0xFF, 0xFF, 0xFF, 0xFF, 0xFF, 0x0B, 0xC0, 0xFF, 0xFF, 0xFF, 0xFF, 0xFF, 0x0B, 0x80, 0xBB,
    0xBB, 0xBB, 0xFF, 0xFF, 0x0A, 0x00, 0x00, 0x00, 0x80, 0xFF, 0xEF, 0x02, 0x00, 0x00, 0x00, 0xF5,
    0xFF, 0x3F, 0x00, 0x00, 0x00, 0x30, 0xFF, 0xFF, 0x05, 0x00, 0x00, 0x00, 0xE2, 0xFF, 0x7F, 0x00,
    0x00, 0x00, 0x10, 0xFC, 0xFF, 0x0A, 0x00, 0x00, 0x00, 0xB0, 0xFF, 0xCF, 0x00, 0x00, 0x00, 0x00,
    0xF9, 0xFF, 0x1D, 0x00, 0x00, 0x00, 0x60, 0xFF, 0xEF, 0x03, 0x00, 0x00, 0x00, 0xF1, 0xFF, 0xDF,
    0xBB, 0xBB, 0xBB, 0x1B, 0xF2, 0xFF, 0xFF, 0xFF, 0xFF, 0xFF, 0x1F, 0xF2, 0xFF, 0xFF, 0xFF, 0xFF,
    0xFF, 0x1F,
    // Unicode: [0x0397]
    0xF2, 0xFF, 0x09, 0x00, 0x00, 0xFD, 0xDF, 0xF2, 0xFF, 0x09, 0x00, 0x00, 0xFD, 0xDF, 0xF2, 0xFF,
    0x09, 0x00, 0x00, 0xFD, 0xDF, 0xF2, 0xFF, 0x09, 0x00, 0x00, 0xFD, 0xDF, 0xF2, 0xFF, 0x09, 0x00,
    0x00, 0xFD, 0xDF, 0xF2, 0xFF, 0xFF, 0xFF, 0xFF, 0xFF, 0xDF, 0xF2, 0xFF, 0xFF, 0xFF, 0xFF, 0xFF,
    0xDF, 0xF2, 0xFF, 0xBD, 0xBB, 0xBB, 0xFE, 0xDF, 0xF2, 0xFF, 0x09, 0x00, 0x00, 0xFD, 0xDF, 0xF2,
    0xFF, 0x09, 0x00, 0x00, 0xFD, 0xDF, 0xF2, 0xFF, 0x09, 0x00, 0x00, 0xFD, 0xDF, 0xF2, 0xFF, 0x09,
    0x00, 0x00, 0xFD, 0xDF, 0xF2, 0xFF, 0x09, 0x00, 0x00, 0xFD, 0xDF, 0xF2, 0xFF, 0x09, 0x00, 0x00,
    0xFD, 0xDF,
    // Unicode: [0x0398]
    0x00, 0x20, 0xC8, 0xFE, 0xCE, 0x28, 0x00, 0x00, 0x00, 0xF7, 0xFF, 0xFF, 0xFF, 0xFF, 0x07, 0x00,
    0x80, 0xFF, 0xFF, 0xBD, 0xFD, 0xFF, 0x8F, 0x00, 0xF3, 0xFF, 0x4E, 0x00, 0x40, 0xFE, 0xFF, 0x03,
    0xF9, 0xFF, 0x07, 0x00, 0x00, 0xF7, 0xFF, 0x09, 0xFD, 0xFF, 0xC1, 0xFF, 0xCF, 0xF1, 0xFF, 0x0D,
    0xFE, 0xEF, 0xC0, 0xFF, 0xCF, 0xE0, 0xFF, 0x0E, 0xFE, 0xEF, 0xB0, 0xEE, 0xCE, 0xE0, 0xFF, 0x0E,
    0xFD, 0xFF, 0x01, 0x00, 0x00, 0xF1, 0xFF, 0x0D, 0xF9, 0xFF, 0x07, 0x00, 0x00, 0xF7, 0xFF, 0x09,
    0xF3, 0xFF, 0x4E, 0x00, 0x40, 0xFE, 0xFF, 0x03, 0x80, 0xFF, 0xFF, 0xBD, 0xFD, 0xFF, 0x8F, 0x00,
    0x00, 0xF8, 0xFF, 0xFF, 0xFF, 0xFF, 0x07, 0x00, 0x00, 0x20, 0xC8, 0xFE, 0xCE, 0x28, 0x00, 0x00,
    // Unicode: [0x0399]
    0xFC, 0xFF, 0xFF, 0xFF, 0x0B, 0xFC, 0xFF, 0xFF, 0xFF, 0x0B, 0x86, 0xFB, 0xFF, 0x8A, 0x06, 0x00,
    0xF6, 0xFF, 0x05, 0x00, 0x00, 0xF6, 0xFF, 0x05, 0x00, 0x00, 0xF6, 0xFF, 0x05, 0x00, 0x00, 0xF6,
    0xFF, 0x05, 0x00, 0x00, 0xF6, 0xFF, 0x05, 0x00, 0x00, 0xF6, 0xFF, 0x05, 0x00, 0x00, 0xF6, 0xFF,
    0x05, 0x00, 0x00, 0xF6, 0xFF, 0x05, 0x00, 0x86, 0xFB, 0xFF, 0x8A, 0x05, 0xFC, 0xFF, 0xFF, 0xFF,
    0x0B, 0xFC, 0xFF, 0xFF, 0xFF, 0x0B,
    // Unicode: [0x039A]
    0xF2, 0xFF, 0x09, 0x00, 0x90, 0xFF, 0xAF, 0x00, 0xF2, 0xFF, 0x09, 0x00, 0xF6, 0xFF, 0x1C, 0x00,
    0xF2, 0xFF, 0x09, 0x40, 0xFF, 0xDF, 0x01, 0x00, 0xF2, 0xFF, 0x09, 0xE2, 0xFF, 0x2E, 0x00, 0x00,
    0xF2, 0xFF, 0x19, 0xFC, 0xFF, 0x04, 0x00, 0x00, 0xF2, 0xFF, 0xA9, 0xFF, 0x5F, 0x00, 0x00, 0x00,
    0xF2, 0xFF, 0xFE, 0xFF, 0x0A, 0x00, 0x00, 0x00, 0xF2, 0xFF, 0xFF, 0xFF, 0x4F, 0x00, 0x00, 0x00,
    0xF2, 0xFF, 0xBF, 0xFF, 0xEF, 0x02, 0x00, 0x00, 0xF2, 0xFF, 0x0A, 0xFA, 0xFF, 0x1C, 0x00, 0x00,
    0xF2, 0xFF, 0x09, 0xD1, 0xFF, 0xAF, 0x00, 0x00, 0xF2, 0xFF, 0x09, 0x20, 0xFE, 0xFF, 0x07, 0x00,
    0xF2, 0xFF, 0x09, 0x00, 0xF5, 0xFF, 0x4F, 0x00, 0xF2, 0xFF, 0x09, 0x00, 0x80, 0xFF, 0xEF, 0x02,
    // Unicode: [0x039B]
    0x00, 0x00, 0x80, 0xFF, 0xEF, 0x01, 0x00, 0x00, 0x00, 0x00, 0xD0, 0xFF, 0xFF, 0x06, 0x00, 0x00,
    0x00, 0x00, 0xF4, 0xFF, 0xFF, 0x0C, 0x00, 0x00, 0x00, 0x00, 0xFA, 0xFF, 0xFF, 0x3F, 0x00, 0x00,
    0x00, 0x10, 0xFF, 0x9F, 0xFF, 0x9F, 0x00, 0x00, 0x00, 0x70, 0xFF, 0x2F, 0xFA, 0xEF, 0x01, 0x00,
    0x00, 0xD0, 0xFF, 0x0B, 0xF5, 0xFF, 0x05, 0x00, 0x00, 0xF4, 0xFF, 0x06, 0xE0, 0xFF, 0x0B, 0x00,
    0x00, 0xF9, 0xFF, 0x01, 0x90, 0xFF, 0x2F, 0x00, 0x10, 0xFE, 0xAF, 0x00, 0x40, 0xFF, 0x8F, 0x00,
    0x60, 0xFF, 0x5F, 0x00, 0x00, 0xFD, 0xEF, 0x00, 0xC0, 0xFF, 0x0E, 0x00, 0x00, 0xF8, 0xFF, 0x05,
    0xF3, 0xFF, 0x09, 0x00, 0x00, 0xF2, 0xFF, 0x0B, 0xF9, 0xFF, 0x03, 0x00, 0x00, 0xC0, 0xFF, 0x2F,
    // Unicode: [0x039C]
    0xF2, 0xFF, 0x7F, 0x00, 0x00, 0x70, 0xFF, 0xFF, 0x01, 0xF2, 0xFF, 0xDF, 0x00, 0x00, 0xE1, 0xFF,
    0xFF, 0x01, 0xF2, 0xFF, 0xFF, 0x06, 0x00, 0xF6, 0xFF, 0xFF, 0x01, 0xF2, 0xFF, 0xFF, 0x0D, 0x00,
    0xFD, 0xFF, 0xFF, 0x01, 0xF2, 0xFF, 0xFF, 0x5F, 0x50, 0xFF, 0xFF, 0xFF, 0x01, 0xF2, 0xFF, 0xF9,
    0xCF, 0xC0, 0xEF, 0xFA, 0xFF, 0x01, 0xF2, 0xFF, 0xC6, 0xFF, 0xF8, 0x8F, 0xF9, 0xFF, 0x01, 0xF2,
    0xFF, 0x56, 0xFF, 0xFF, 0x2F, 0xF9, 0xFF, 0x01, 0xF2, 0xFF, 0x06, 0xFD, 0xFF, 0x0A, 0xF9, 0xFF,
    0x01, 0xF2, 0xFF, 0x06, 0xF7, 0xFF, 0x03, 0xF9, 0xFF, 0x01, 0xF2, 0xFF, 0x06, 0xA1, 0x9B, 0x00,
    0xF9, 0xFF, 0x01, 0xF2, 0xFF, 0x06, 0x00, 0x00, 0x00, 0xF9, 0xFF, 0x01, 0xF2, 0xFF, 0x06, 0x00,
    0x00, 0x00, 0xF9, 0xFF, 0x01, 0xF2, 0xFF, 0x06, 0x00, 0x00, 0x00, 0xF9, 0xFF, 0x01,
    // Unicode: [0x039D]
    0xF2, 0xFF, 0xAF, 0x00, 0x00, 0xF5, 0xFF, 0x01, 0xF2, 0xFF, 0xFF, 0x05, 0x00, 0xF5, 0xFF, 0x01,
    0xF2, 0xFF, 0xFF, 0x1E, 0x00, 0xF5, 0xFF, 0x01, 0xF2, 0xFF, 0xFF, 0xAF, 0x00, 0xF5, 0xFF, 0x01,
    0xF2, 0xFF, 0xFD, 0xFF, 0x05, 0xF5, 0xFF, 0x01, 0xF2, 0xFF, 0xE6, 0xFF, 0x1E, 0xF5, 0xFF, 0x01,
    0xF2, 0xFF, 0x54, 0xFF, 0xAF, 0xF5, 0xFF, 0x01, 0xF2, 0xFF, 0x04, 0xFB, 0xFF, 0xFA, 0xFF, 0x01,
    0xF2, 0xFF, 0x04, 0xE2, 0xFF, 0xFF, 0xFF, 0x01, 0xF2, 0xFF, 0x04, 0x60, 0xFF, 0xFF, 0xFF, 0x01,
    0xF2, 0xFF, 0x04, 0x00, 0xFC, 0xFF, 0xFF, 0x01, 0xF2, 0xFF, 0x04, 0x00, 0xF2, 0xFF, 0xFF, 0x01,
    0xF2, 0xFF, 0x04, 0x00, 0x70, 0xFF, 0xFF, 0x01, 0xF2, 0xFF, 0x04, 0x00, 0x00, 0xFC, 0xFF, 0x01,
    // Unicode: [0x039E]
    0xFA, 0xFF, 0xFF, 0xFF, 0xFF, 0xEF, 0xFA, 0xFF, 0xFF, 0xFF, 0xFF, 0xEF, 0xE9, 0xEE, 0xEE, 0xEE,
    0xEE, 0xDE, 0x00, 0x00, 0x00, 0x00, 0x00, 0x00, 0x00, 0x00, 0x00, 0x00, 0x00, 0x00, 0xE2, 0xEE,
    0xEE, 0xEE, 0xEE, 0x6E, 0xF3, 0xFF, 0xFF, 0xFF, 0xFF, 0x7F, 0xF3, 0xFF, 0xFF, 0xFF, 0xFF, 0x7F,
    0x00, 0x00, 0x00, 0x00, 0x00, 0x00, 0x00, 0x00, 0x00, 0x00, 0x00, 0x00, 0x00, 0x00, 0x00, 0x00,
    0x00, 0x00, 0xE9, 0xEE, 0xEE, 0xEE, 0xEE, 0xDE, 0xFA, 0xFF, 0xFF, 0xFF, 0xFF, 0xEF, 0xFA, 0xFF,
    0xFF, 0xFF, 0xFF, 0xEF,
    // Unicode: [0x039F]
    0x00, 0x20, 0xC8, 0xFE, 0xCE, 0x28, 0x00, 0x00, 0x00, 0xF7, 0xFF, 0xFF, 0xFF, 0xFF, 0x07, 0x00,
    0x80, 0xFF, 0xFF, 0xBD, 0xFD, 0xFF, 0x8F, 0x00, 0xF3, 0xFF, 0x4E, 0x00, 0x40, 0xFE, 0xFF, 0x03,
    0xF9, 0xFF, 0x07, 0x00, 0x00, 0xF7, 0xFF, 0x09, 0xFD, 0xFF, 0x01, 0x00, 0x00, 0xF1, 0xFF, 0x0D,
    0xFE, 0xEF, 0x00, 0x00, 0x00, 0xE0, 0xFF, 0x0E, 0xFE, 0xEF, 0x00, 0x00, 0x00, 0xE0, 0xFF, 0x0E,
    0xFD, 0xFF, 0x01, 0x00, 0x00, 0xF1, 0xFF, 0x0D, 0xF9, 0xFF, 0x07, 0x00, 0x00, 0xF7, 0xFF, 0x09,
    0xF3, 0xFF, 0x4E, 0x00, 0x40, 0xFE, 0xFF, 0x03, 0x80, 0xFF, 0xFF, 0xBD, 0xFD, 0xFF, 0x8F, 0x00,
    0x00, 0xF8, 0xFF, 0xFF, 0xFF, 0xFF, 0x07, 0x00, 0x00, 0x20, 0xC8, 0xFE, 0xCE, 0x28, 0x00, 0x00,
    // Unicode: [0x03A0]
    0xF2, 0xFF, 0xFF, 0xFF, 0xFF, 0xFF, 0xDF, 0xF2, 0xFF, 0xFF, 0xFF, 0xFF, 0xFF, 0xDF, 0xF2, 0xFF,
    0xBD, 0xBB, 0xBB, 0xFE, 0xDF, 0xF2, 0xFF, 0x09, 0x00, 0x00, 0xFD, 0xDF, 0xF2, 0xFF, 0x09, 0x00,
    0x00, 0xFD, 0xDF, 0xF2, 0xFF, 0x09, 0x00, 0x00, 0xFD, 0xDF, 0xF2, 0xFF, 0x09, 0x00, 0x00, 0xFD,
    0xDF, 0xF2, 0xFF, 0x09, 0x00, 0x00, 0xFD, 0xDF, 0xF2, 0xFF, 0x09, 0x00, 0x00, 0xFD, 0xDF, 0xF2,
    0xFF, 0x09, 0x00, 0x00, 0xFD, 0xDF, 0xF2, 0xFF, 0x09, 0x00, 0x00, 0xFD, 0xDF, 0xF2, 0xFF, 0x09,
    0x00, 0x00, 0xFD, 0xDF, 0xF2, 0xFF, 0x09, 0x00, 0x00, 0xFD, 0xDF, 0xF2, 0xFF, 0x09, 0x00, 0x00,
    0xFD, 0xDF,
    // Unicode: [0x03A1]
    0xF2, 0xFF, 0xFF, 0xFF, 0xAE, 0x04, 0x00, 0xF2, 0xFF, 0xFF, 0xFF, 0xFF, 0xAF, 0x00, 0xF2, 0xFF,
    0xAD, 0xDA, 0xFF, 0xFF, 0x06, 0xF2, 0xFF, 0x09, 0x00, 0xF7, 0xFF, 0x0B, 0xF2, 0xFF, 0x09, 0x00,
    0xF1, 0xFF, 0x0D, 0xF2, 0xFF, 0x09, 0x00, 0xF3, 0xFF, 0x0B, 0xF2, 0xFF, 0x09, 0x41, 0xFC, 0xFF,
    0x07, 0xF2, 0xFF, 0xFF, 0xFF, 0xFF, 0xDF, 0x01, 0xF2, 0xFF, 0xFF, 0xFF, 0xFF, 0x1B, 0x00, 0xF2,
    0xFF, 0xAD, 0x9A, 0x48, 0x00, 0x00, 0xF2, 0xFF, 0x09, 0x00, 0x00, 0x00, 0x00, 0xF2, 0xFF, 0x09,
    0x00, 0x00, 0x00, 0x00, 0xF2, 0xFF, 0x09, 0x00, 0x00, 0x00, 0x00, 0xF2, 0xFF, 0x09, 0x00, 0x00,
    0x00, 0x00,
    // Unicode: [0x03A3]
    0xFC, 0xFF, 0xFF, 0xFF, 0xFF, 0x9F, 0xFC, 0xFF, 0xFF, 0xFF, 0xFF, 0x9F, 0xFB, 0xFF, 0xBF, 0xBB,
    0xBB, 0x7B, 0xB1, 0xFF, 0xBF, 0x01, 0x00, 0x00, 0x00, 0xF9, 0xFF, 0x3D, 0x00, 0x00, 0x00, 0x60,
    0xFF, 0xEF, 0x05, 0x00, 0x00, 0x00, 0xF4, 0xFF, 0x5F, 0x00, 0x00, 0x00, 0xFA, 0xFF, 0x2D, 0x00,
    0x00, 0xC1, 0xFF, 0xBF, 0x01, 0x00, 0x20, 0xFD, 0xFF, 0x0A, 0x00, 0x00, 0xE3, 0xFF, 0x8F, 0x00,
    0x00, 0x00, 0xFE, 0xFF, 0xBE, 0xBB, 0xBB, 0xAB, 0xFF, 0xFF, 0xFF, 0xFF, 0xFF, 0xEF, 0xFF, 0xFF,
    0xFF, 0xFF, 0xFF, 0xEF,
    // Unicode: [0x03A4]
    0xF9, 0xFF, 0xFF, 0xFF, 0xFF, 0xFF, 0x4F, 0xF9, 0xFF, 0xFF, 0xFF, 0xFF, 0xFF, 0x4F, 0xB7, 0xBB,
    0xFB, 0xFF, 0xBE, 0xBB, 0x3B, 0x00, 0x00, 0xF1, 0xFF, 0x0A, 0x00, 0x00, 0x00, 0x00, 0xF1, 0xFF,
    0x0A, 0x00, 0x00, 0x00, 0x00, 0xF1, 0xFF, 0x0A, 0x00, 0x00, 0x00, 0x00, 0xF1, 0xFF, 0x0A, 0x00,
    0x00, 0x00, 0x00, 0xF1, 0xFF, 0x0A, 0x00, 0x00, 0x00, 0x00, 0xF1, 0xFF, 0x0A, 0x00, 0x00, 0x00,
    0x00, 0xF1, 0xFF, 0x0A, 0x00, 0x00, 0x00, 0x00, 0xF1, 0xFF, 0x0A, 0x00, 0x00, 0x00, 0x00, 0xF1,
    0xFF, 0x0A, 0x00, 0x00, 0x00, 0x00, 0xF1, 0xFF, 0x0A, 0x00, 0x00, 0x00, 0x00, 0xF1, 0xFF, 0x0A,
    0x00, 0x00,
    // Unicode: [0x03A5]
    0xF9, 0xFF, 0x09, 0x00, 0x00, 0xFB, 0xFF, 0x05, 0xE1, 0xFF, 0x3F, 0x00, 0x50, 0xFF, 0xBF, 0x00,
    0x50, 0xFF, 0xCF, 0x00, 0xD0, 0xFF, 0x2E, 0x00, 0x00, 0xFB, 0xFF, 0x06, 0xF7, 0xFF, 0x07, 0x00,
    0x00, 0xF2, 0xFF, 0x2E, 0xFE, 0xCF, 0x00, 0x00, 0x00, 0x70, 0xFF, 0xEF, 0xFF, 0x3F, 0x00, 0x00,
    0x00, 0x00, 0xFD, 0xFF, 0xFF, 0x09, 0x00, 0x00, 0x00, 0x00, 0xF4, 0xFF, 0xDF, 0x01, 0x00, 0x00,
    0x00, 0x00, 0xA0, 0xFF, 0x6F, 0x00, 0x00, 0x00, 0x00, 0x00, 0x70, 0xFF, 0x4F, 0x00, 0x00, 0x00,
    0x00, 0x00, 0x70, 0xFF, 0x4F, 0x00, 0x00, 0x00, 0x00, 0x00, 0x70, 0xFF, 0x4F, 0x00, 0x00, 0x00,
    0x00, 0x00, 0x70, 0xFF, 0x4F, 0x00, 0x00, 0x00, 0x00, 0x00, 0x70, 0xFF, 0x4F, 0x00, 0x00, 0x00,
    // Unicode: [0x03A6]
    0x00, 0x00, 0x00, 0x50, 0xFF, 0x6F, 0x00, 0x00, 0x00, 0x00, 0x00, 0x00, 0xA5, 0xFD, 0xFF, 0xFF,
    0xCE, 0x17, 0x00, 0x00, 0x00, 0xD3, 0xFF, 0xFF, 0xFF, 0xFF, 0xFF, 0xEF, 0x05, 0x00, 0x20, 0xFE,
    0xFF, 0x9A, 0xFF, 0xAF, 0xFA, 0xFF, 0x3F, 0x00, 0xA0, 0xFF, 0x7F, 0x50, 0xFF, 0x6F, 0x70, 0xFF,
    0xBF, 0x00, 0xE0, 0xFF, 0x0E, 0x50, 0xFF, 0x6F, 0x00, 0xFE, 0xFF, 0x00, 0xF1, 0xFF, 0x0C, 0x50,
    0xFF, 0x6F, 0x00, 0xFC, 0xFF, 0x02, 0xF0, 0xFF, 0x0D, 0x50, 0xFF, 0x6F, 0x00, 0xFD, 0xFF, 0x01,
    0xC0, 0xFF, 0x3F, 0x50, 0xFF, 0x6F, 0x30, 0xFF, 0xCF, 0x00, 0x50, 0xFF, 0xEF, 0x65, 0xFF, 0x6F,
    0xD5, 0xFF, 0x5F, 0x00, 0x00, 0xF8, 0xFF, 0xFF, 0xFF, 0xFF, 0xFF, 0xFF, 0x08, 0x00, 0x00, 0x40,
    0xFC, 0xFF, 0xFF, 0xFF, 0xFF, 0x4C, 0x00, 0x00, 0x00, 0x00, 0x10, 0x84, 0xFF, 0x9F, 0x14, 0x00,
    0x00, 0x00, 0x00, 0x00, 0x00, 0x50, 0xFF, 0x6F, 0x00, 0x00, 0x00, 0x00,
    // Unicode: [0x03A7]
    0xF4, 0xFF, 0x1E, 0x00, 0x00, 0xF8, 0xFF, 0x09, 0x90, 0xFF, 0xBF, 0x00, 0x40, 0xFF, 0xCF, 0x00,
    0x00, 0xFC, 0xFF, 0x06, 0xD1, 0xFF, 0x2E, 0x00, 0x00, 0xE2, 0xFF, 0x2E, 0xFA, 0xFF, 0x05, 0x00,
    0x00, 0x60, 0xFF, 0xEF, 0xFF, 0x9F, 0x00, 0x00, 0x00, 0x00, 0xFA, 0xFF, 0xFF, 0x1C, 0x00, 0x00,
    0x00, 0x00, 0xD1, 0xFF, 0xFF, 0x02, 0x00, 0x00, 0x00, 0x00, 0xE1, 0xFF, 0xFF, 0x06, 0x00, 0x00,
    0x00, 0x00, 0xFB, 0xFF, 0xFF, 0x2E, 0x00, 0x00, 0x00, 0x70, 0xFF, 0xBF, 0xFF, 0xCF, 0x00, 0x00,
    0x00, 0xF3, 0xFF, 0x0C, 0xFA, 0xFF, 0x08, 0x00, 0x10, 0xFD, 0xEF, 0x02, 0xE1, 0xFF, 0x4F, 0x00,
    0xA0, 0xFF, 0x6F, 0x00, 0x50, 0xFF, 0xDF, 0x01, 0xF6, 0xFF, 0x0B, 0x00, 0x00, 0xFA, 0xFF, 0x0A,
    // Unicode: [0x03A8]
    0xFA, 0xFF, 0x01, 0xF1, 0xFF, 0x09, 0x80, 0xFF, 0x3F, 0xFA, 0xFF, 0x01, 0xF1, 0xFF, 0x09, 0x80,
    0xFF, 0x3F, 0xFA, 0xFF, 0x01, 0xF1, 0xFF, 0x09, 0x80, 0xFF, 0x3F, 0xFA, 0xFF, 0x01, 0xF1, 0xFF,
    0x09, 0x80, 0xFF, 0x3F, 0xFA, 0xFF, 0x01, 0xF1, 0xFF, 0x09, 0x80, 0xFF, 0x3F, 0xF9, 0xFF, 0x02,
    0xF1, 0xFF, 0x09, 0x80, 0xFF, 0x2F, 0xF8, 0xFF, 0x04, 0xF1, 0xFF, 0x09, 0xB0, 0xFF, 0x1F, 0xF4,
    0xFF, 0x1C, 0xF1, 0xFF, 0x09, 0xF5, 0xFF, 0x0B, 0xA0, 0xFF, 0xEF, 0xFA, 0xFF, 0xBC, 0xFF, 0xFF,
    0x04, 0x10, 0xFA, 0xFF, 0xFF, 0xFF, 0xFF, 0xFF, 0x5E, 0x00, 0x00, 0x30, 0xB8, 0xFD, 0xFF, 0xCE,
    0x6A, 0x01, 0x00, 0x00, 0x00, 0x00, 0xF1, 0xFF, 0x09, 0x00, 0x00, 0x00, 0x00, 0x00, 0x00, 0xF1,
    0xFF, 0x09, 0x00, 0x00, 0x00, 0x00, 0x00, 0x00, 0xF1, 0xFF, 0x09, 0x00, 0x00, 0x00,
    // Unicode: [0x03A9]
    0x00, 0x00, 0x93, 0xEC, 0xEF, 0x8C, 0x03, 0x00, 0x00, 0x00, 0xA1, 0xFF, 0xFF, 0xFF, 0xFF, 0x8F,
    0x00, 0x00, 0x00, 0xFB, 0xFF, 0xCF, 0xDB, 0xFF, 0xFF, 0x0A, 0x00, 0x60, 0xFF, 0xEF, 0x03, 0x00,
    0xF5, 0xFF, 0x4F, 0x00, 0xB0, 0xFF, 0x6F, 0x00, 0x00, 0x80, 0xFF, 0x9F, 0x00, 0xC0, 0xFF, 0x2F,
    0x00, 0x00, 0x40, 0xFF, 0xAF, 0x00, 0xB0, 0xFF, 0x2F, 0x00, 0x00, 0x30, 0xFF, 0x9F, 0x00, 0x70,
    0xFF, 0x6F, 0x00, 0x00, 0x80, 0xFF, 0x5F, 0x00, 0x00, 0xFD, 0xEF, 0x03, 0x00, 0xE4, 0xFF, 0x0B,
    0x00, 0x00, 0xC2, 0xFF, 0x5F, 0x70, 0xFF, 0xBF, 0x01, 0x00, 0x00, 0x00, 0xE6, 0x8F, 0xA0, 0xEF,
    0x05, 0x00, 0x00, 0xB5, 0xBB, 0xEB, 0x8F, 0xA0, 0xEF, 0xBB, 0xBB, 0x04, 0xF7, 0xFF, 0xFF, 0x8F,
    0xA0, 0xFF, 0xFF, 0xFF, 0x05, 0xF7, 0xFF, 0xFF, 0x8F, 0xA0, 0xFF, 0xFF, 0xFF, 0x05,
    // Unicode: [0x03AA]
    0x95, 0x29, 0x30, 0x99, 0x05, 0xF9, 0x4F, 0x60, 0xFF, 0x08, 0xF9, 0x4F, 0x60, 0xFF, 0x08, 0x00,
    0x00, 0x00, 0x00, 0x00, 0x00, 0x00, 0x00, 0x00, 0x00, 0xFC, 0xFF, 0xFF, 0xFF, 0x0B, 0xFC, 0xFF,
    0xFF, 0xFF, 0x0B, 0x86, 0xFB, 0xFF, 0x8A, 0x06, 0x00, 0xF6, 0xFF, 0x05, 0x00, 0x00, 0xF6, 0xFF,
    0x05, 0x00, 0x00, 0xF6, 0xFF, 0x05, 0x00, 0x00, 0xF6, 0xFF, 0x05, 0x00, 0x00, 0xF6, 0xFF, 0x05,
    0x00, 0x00, 0xF6, 0xFF, 0x05, 0x00, 0x00, 0xF6, 0xFF, 0x05, 0x00, 0x00, 0xF6, 0xFF, 0x05, 0x00,
    0x86, 0xFB, 0xFF, 0x8A, 0x05, 0xFC, 0xFF, 0xFF, 0xFF, 0x0B, 0xFC, 0xFF, 0xFF, 0xFF, 0x0B,
    // Unicode: [0x03AB]
    0x00, 0x60, 0x99, 0x02, 0x94, 0x49, 0x00, 0x00, 0x00, 0xA0, 0xFF, 0x04, 0xF6, 0x7F, 0x00, 0x00,
    0x00, 0xA0, 0xFF, 0x04, 0xF6, 0x7F, 0x00, 0x00, 0x00, 0x00, 0x00, 0x00, 0x00, 0x00, 0x00, 0x00,
    0x00, 0x00, 0x00, 0x00, 0x00, 0x00, 0x00, 0x00, 0xF9, 0xFF, 0x09, 0x00, 0x00, 0xFB, 0xFF, 0x05,
    0xE1, 0xFF, 0x3F, 0x00, 0x50, 0xFF, 0xBF, 0x00, 0x50, 0xFF, 0xCF, 0x00, 0xD0, 0xFF, 0x2E, 0x00,
    0x00, 0xFB, 0xFF, 0x06, 0xF7, 0xFF, 0x07, 0x00, 0x00, 0xF2, 0xFF, 0x2E, 0xFE, 0xCF, 0x00, 0x00,
    0x00, 0x70, 0xFF, 0xEF, 0xFF, 0x3F, 0x00, 0x00, 0x00, 0x00, 0xFD, 0xFF, 0xFF, 0x09, 0x00, 0x00,
    0x00, 0x00, 0xF4, 0xFF, 0xDF, 0x01, 0x00, 0x00, 0x00, 0x00, 0xA0, 0xFF, 0x6F, 0x00, 0x00, 0x00,
    0x00, 0x00, 0x70, 0xFF, 0x4F, 0x00, 0x00, 0x00, 0x00, 0x00, 0x70, 0xFF, 0x4F, 0x00, 0x00, 0x00,
    0x00, 0x00, 0x70, 0xFF, 0x4F, 0x00, 0x00, 0x00, 0x00, 0x00, 0x70, 0xFF, 0x4F, 0x00, 0x00, 0x00,
    0x00, 0x00, 0x70, 0xFF, 0x4F, 0x00, 0x00, 0x00,
    // Unicode: [0x03AC]
    0x00, 0x00, 0xE0, 0xFF, 0x09, 0x00, 0x00, 0x00, 0x00, 0xB0, 0xFF, 0x06, 0x00, 0x00, 0x00, 0x00,
    0x80, 0xFF, 0x03, 0x00, 0x00, 0x00, 0x00, 0x40, 0xBB, 0x01, 0x00, 0x00, 0x00, 0x00, 0x00, 0x00,
    0x00, 0x00, 0x00, 0x00, 0x81, 0xFD, 0x9D, 0xF4, 0xFF, 0x05, 0x00, 0xFB, 0xFF, 0xFF, 0xFE, 0xFF,
    0x05, 0x70, 0xFF, 0xEF, 0xAA, 0xFE, 0xFF, 0x05, 0xD0, 0xFF, 0x2E, 0x00, 0xF3, 0xFF, 0x05, 0xF1,
    0xFF, 0x09, 0x00, 0xF3, 0xFF, 0x05, 0xF2, 0xFF, 0x08, 0x00, 0xF3, 0xFF, 0x05, 0xF1, 0xFF, 0x09,
    0x00, 0xF3, 0xFF, 0x05, 0xD0, 0xFF, 0x1E, 0x00, 0xF4, 0xFF, 0x05, 0x80, 0xFF, 0xEF, 0xBA, 0xFF,
    0xFF, 0x05, 0x10, 0xFD, 0xFF, 0xFF, 0xFE, 0xFF, 0x05, 0x00, 0x91, 0xFE, 0x8D, 0xF4, 0xFF, 0x05,
    // Unicode: [0x03AD]
    0x00, 0x00, 0xF6, 0xFF, 0x02, 0x00, 0x00, 0x00, 0xF3, 0xEF, 0x00, 0x00, 0x00, 0x00, 0xF0, 0xCF,
    0x00, 0x00, 0x00, 0x00, 0x90, 0x7B, 0x00, 0x00, 0x00, 0x00, 0x00, 0x00, 0x00, 0x00, 0x00, 0x92,
    0xEC, 0xEF, 0xAD, 0x05, 0x40, 0xFE, 0xFF, 0xFF, 0xFF, 0x0A, 0xA0, 0xFF, 0xAF, 0x76, 0xB8, 0x0A,
    0x90, 0xFF, 0x3F, 0x00, 0x00, 0x00, 0x10, 0xFA, 0xFF, 0xFF, 0x0B, 0x00, 0x10, 0xFA, 0xFF, 0xFF,
    0x0B, 0x00, 0xB0, 0xFF, 0x5D, 0x33, 0x02, 0x00, 0xF1, 0xFF, 0x0A, 0x00, 0x00, 0x15, 0xE0, 0xFF,
    0xAF, 0x66, 0xD9, 0x1F, 0x70, 0xFF, 0xFF, 0xFF, 0xFF, 0x1F, 0x00, 0x93, 0xED, 0xEF, 0x9C, 0x05,
    // Unicode: [0x03AE]
    0x00, 0x00, 0xB4, 0xBB, 0x02, 0x00, 0x00, 0x00, 0xF3, 0xFF, 0x01, 0x00, 0x00, 0x00, 0xF1, 0xDF,
    0x00, 0x00, 0x00, 0x00, 0xD0, 0xAF, 0x00, 0x00, 0x00, 0x00, 0x00, 0x00, 0x00, 0x00, 0xF5, 0xFF,
    0x73, 0xFC, 0xBE, 0x03, 0xF5, 0xFF, 0xFE, 0xFF, 0xFF, 0x1E, 0xF5, 0xFF, 0xAE, 0xD9, 0xFF, 0x7F,
    0xF5, 0xFF, 0x03, 0x20, 0xFF, 0x9F, 0xF5, 0xFF, 0x03, 0x00, 0xFE, 0xAF, 0xF5, 0xFF, 0x03, 0x00,
    0xFD, 0xAF, 0xF5, 0xFF, 0x03, 0x00, 0xFD, 0xAF, 0xF5, 0xFF, 0x03, 0x00, 0xFD, 0xAF, 0xF5, 0xFF,
    0x03, 0x00, 0xFD, 0xAF, 0xF5, 0xFF, 0x03, 0x00, 0xFD, 0xAF, 0xF5, 0xFF, 0x03, 0x00, 0xFD, 0xAF,
    0x00, 0x00, 0x00, 0x00, 0xFD, 0xAF, 0x00, 0x00, 0x00, 0x00, 0xFD, 0xAF, 0x00, 0x00, 0x00, 0x00,
    0xFD, 0xAF, 0x00, 0x00, 0x00, 0x00, 0xFD, 0xAF,
    // Unicode: [0x03AF]
    0xF5, 0xFF, 0x03, 0xF2, 0xFF, 0x00, 0xE0, 0xCF, 0x00, 0x90, 0x7B, 0x00, 0x00, 0x00, 0x00, 0xF5,
    0xFF, 0x03, 0xF5, 0xFF, 0x03, 0xF5, 0xFF, 0x03, 0xF5, 0xFF, 0x03, 0xF5, 0xFF, 0x03, 0xF5, 0xFF,
    0x03, 0xF5, 0xFF, 0x03, 0xF5, 0xFF, 0x03, 0xF5, 0xFF, 0x03, 0xF5, 0xFF, 0x03, 0xF5, 0xFF, 0x03,
    // Unicode: [0x03B0]
    0x00, 0x00, 0x21, 0x12, 0x00, 0x00, 0x00, 0x00, 0xF7, 0x9F, 0x00, 0x00, 0xF2, 0x8F, 0xF4, 0x6F,
    0xF6, 0x4F, 0xF2, 0x8F, 0xF2, 0x3F, 0xF6, 0x4F, 0x91, 0x49, 0x80, 0x19, 0x93, 0x29, 0x00, 0x00,
    0x00, 0x00, 0x00, 0x00, 0xF7, 0xFF, 0x01, 0x00, 0xFF, 0x8F, 0xF7, 0xFF, 0x01, 0x00, 0xFF, 0x8F,
    0xF7, 0xFF, 0x01, 0x00, 0xFF, 0x8F, 0xF7, 0xFF, 0x01, 0x00, 0xFF, 0x8F, 0xF7, 0xFF, 0x01, 0x00,
    0xFF, 0x8F, 0xF7, 0xFF, 0x01, 0x00, 0xFF, 0x8F, 0xF7, 0xFF, 0x02, 0x00, 0xFF, 0x8F, 0xF6, 0xFF,
    0x05, 0x30, 0xFF, 0x7F, 0xF2, 0xFF, 0x7E, 0xD6, 0xFF, 0x3F, 0x70, 0xFF, 0xFF, 0xFF, 0xFF, 0x08,
    0x00, 0xA4, 0xFD, 0xDF, 0x4A, 0x00,
    // Unicode: [0x03B1]
    0x00, 0x81, 0xFD, 0x9D, 0xF4, 0xFF, 0x05, 0x00, 0xFB, 0xFF, 0xFF, 0xFE, 0xFF, 0x05, 0x70, 0xFF,
    0xEF, 0xAA, 0xFE, 0xFF, 0x05, 0xD0, 0xFF, 0x2E, 0x00, 0xF3, 0xFF, 0x05, 0xF1, 0xFF, 0x09, 0x00,
    0xF3, 0xFF, 0x05, 0xF2, 0xFF, 0x08, 0x00, 0xF3, 0xFF, 0x05, 0xF1, 0xFF, 0x09, 0x00, 0xF3, 0xFF,
    0x05, 0xD0, 0xFF, 0x1E, 0x00, 0xF4, 0xFF, 0x05, 0x80, 0xFF, 0xEF, 0xBA, 0xFF, 0xFF, 0x05, 0x10,
    0xFD, 0xFF, 0xFF, 0xFE, 0xFF, 0x05, 0x00, 0x91, 0xFE, 0x8D, 0xF4, 0xFF, 0x05,
    // Unicode: [0x03B2]
    0x00, 0x71, 0xEC, 0xEF, 0x6C, 0x00, 0x00, 0x30, 0xFE, 0xFF, 0xFF, 0xFF, 0x1C, 0x00, 0xC0, 0xFF,
    0x8F, 0xC6, 0xFF, 0x7F, 0x00, 0xF3, 0xFF, 0x07, 0x10, 0xFF, 0xAF, 0x00, 0xF5, 0xFF, 0x03, 0x00,
    0xFF, 0x8F, 0x00, 0xF5, 0xFF, 0x03, 0x92, 0xFF, 0x2E, 0x00, 0xF5, 0xFF, 0xD3, 0xFF, 0xBF, 0x02,
    0x00, 0xF5, 0xFF, 0xD3, 0xFF, 0xEF, 0x18, 0x00, 0xF5, 0xFF, 0x33, 0x84, 0xFE, 0xBF, 0x00, 0xF5,
    0xFF, 0x03, 0x00, 0xF6, 0xFF, 0x04, 0xF5, 0xFF, 0x03, 0x00, 0xF3, 0xFF, 0x06, 0xF5, 0xFF, 0x03,
    0x00, 0xF8, 0xFF, 0x05, 0xF5, 0xFF, 0x7A, 0xB7, 0xFF, 0xEF, 0x01, 0xF5, 0xFF, 0xFF, 0xFF, 0xFF,
    0x5F, 0x00, 0xF5, 0xFF, 0xB8, 0xFD, 0xAE, 0x03, 0x00, 0xF5, 0xFF, 0x03, 0x00, 0x00, 0x00, 0x00,
    0xF5, 0xFF, 0x03, 0x00, 0x00, 0x00, 0x00, 0xF5, 0xFF, 0x03, 0x00, 0x00, 0x00, 0x00, 0xF5, 0xFF,
    0x03, 0x00, 0x00, 0x00, 0x00,
    // Unicode: [0x03B3]
    0xF8, 0xFF, 0x03, 0x00, 0xF1, 0xFF, 0x08, 0xF2, 0xFF, 0x08, 0x00, 0xF7, 0xFF, 0x02, 0xA0, 0xFF,
    0x0E, 0x00, 0xFC, 0xAF, 0x00, 0x40, 0xFF, 0x5F, 0x30, 0xFF, 0x4F, 0x00, 0x00, 0xFD, 0xBF, 0x80,
    0xFF, 0x0C, 0x00, 0x00, 0xF7, 0xFF, 0xE2, 0xFF, 0x06, 0x00, 0x00, 0xF1, 0xFF, 0xFC, 0xEF, 0x01,
    0x00, 0x00, 0xA0, 0xFF, 0xFF, 0x8F, 0x00, 0x00, 0x00, 0x30, 0xFF, 0xFF, 0x2F, 0x00, 0x00, 0x00,
    0x00, 0xFC, 0xFF, 0x0A, 0x00, 0x00, 0x00, 0x00, 0xF6, 0xFF, 0x04, 0x00, 0x00, 0x00, 0x00, 0xF5,
    0xFF, 0x03, 0x00, 0x00, 0x00, 0x00, 0xF5, 0xFF, 0x03, 0x00, 0x00, 0x00, 0x00, 0xF5, 0xFF, 0x03,
    0x00, 0x00, 0x00, 0x00, 0xF5, 0xFF, 0x03, 0x00, 0x00,
    // Unicode: [0x03B4]
    0x00, 0xFC, 0xFF, 0xFF, 0xFF, 0xFF, 0x00, 0x00, 0xFC, 0xFF, 0xFF, 0xFF, 0xFF, 0x00, 0x00, 0xD5,
    0xFF, 0xEF, 0x57, 0x55, 0x00, 0x00, 0x00, 0xE7, 0xFF, 0x5E, 0x00, 0x00, 0x00, 0x00, 0xB4, 0xFF,
    0xFF, 0x08, 0x00, 0x00, 0xD3, 0xFF, 0xEF, 0xFF, 0x8F, 0x00, 0x30, 0xFE, 0xCF, 0x03, 0xFB, 0xFF,
    0x03, 0xB0, 0xFF, 0x1E, 0x00, 0xF3, 0xFF, 0x09, 0xF1, 0xFF, 0x09, 0x00, 0xD0, 0xFF, 0x0C, 0xF2,
    0xFF, 0x08, 0x00, 0xC0, 0xFF, 0x0D, 0xF1, 0xFF, 0x09, 0x00, 0xE0, 0xFF, 0x0B, 0xD0, 0xFF, 0x1E,
    0x00, 0xF4, 0xFF, 0x07, 0x60, 0xFF, 0xDF, 0x87, 0xFE, 0xEF, 0x01, 0x00, 0xF8, 0xFF, 0xFF, 0xFF,
    0x3E, 0x00, 0x00, 0x40, 0xDA, 0xEF, 0x8C, 0x01, 0x00,
    // Unicode: [0x03B5]
    0x00, 0x92, 0xEC, 0xEF, 0xAD, 0x05, 0x40, 0xFE, 0xFF, 0xFF, 0xFF, 0x0A, 0xA0, 0xFF, 0xAF, 0x76,
    0xB8, 0x0A, 0x90, 0xFF, 0x3F, 0x00, 0x00, 0x00, 0x10, 0xFA, 0xFF, 0xFF, 0x0B, 0x00, 0x10, 0xFA,
    0xFF, 0xFF, 0x0B, 0x00, 0xB0, 0xFF, 0x5D, 0x33, 0x02, 0x00, 0xF1, 0xFF, 0x0A, 0x00, 0x00, 0x15,
    0xE0, 0xFF, 0xAF, 0x66, 0xD9, 0x1F, 0x70, 0xFF, 0xFF, 0xFF, 0xFF, 0x1F, 0x00, 0x93, 0xED, 0xEF,
    0x9C, 0x05,
    // Unicode: [0x03B6]
    0x40, 0xFF, 0xFF, 0xFF, 0xFF, 0x0D, 0x40, 0xFF, 0xFF, 0xFF, 0xFF, 0x0D, 0x20, 0x66, 0x76, 0xFF,
    0xEF, 0x06, 0x00, 0x00, 0xD2, 0xFF, 0x2C, 0x00, 0x00, 0x20, 0xFE, 0xBF, 0x01, 0x00, 0x00, 0xD1,
    0xFF, 0x0B, 0x00, 0x00, 0x00, 0xFA, 0xDF, 0x01, 0x00, 0x00, 0x40, 0xFF, 0x4F, 0x00, 0x00, 0x00,
    0xA0, 0xFF, 0x0D, 0x00, 0x00, 0x00, 0xE0, 0xFF, 0x0A, 0x00, 0x00, 0x00, 0xF1, 0xFF, 0x09, 0x00,
    0x00, 0x00, 0xF1, 0xFF, 0x1D, 0x00, 0x00, 0x00, 0xD0, 0xFF, 0xDF, 0x88, 0x47, 0x00, 0x50, 0xFF,
    0xFF, 0xFF, 0xFF, 0x06, 0x00, 0xB4, 0xFE, 0xFF, 0xFF, 0x0E, 0x00, 0x00, 0x00, 0x40, 0xFF, 0x2F,
    0x00, 0x00, 0x00, 0x00, 0xFE, 0x1F, 0x00, 0x00, 0x00, 0x40, 0xFF, 0x0A, 0x00, 0x00, 0x00, 0xE2,
    0xEF, 0x01,
    // Unicode: [0x03B7]
    0xF5, 0xFF, 0x73, 0xFC, 0xBE, 0x03, 0xF5, 0xFF, 0xFE, 0xFF, 0xFF, 0x1E, 0xF5, 0xFF, 0xAE, 0xD9,
    0xFF, 0x7F, 0xF5, 0xFF, 0x03, 0x20, 0xFF, 0x9F, 0xF5, 0xFF, 0x03, 0x00, 0xFE, 0xAF, 0xF5, 0xFF,
    0x03, 0x00, 0xFD, 0xAF, 0xF5, 0xFF, 0x03, 0x00, 0xFD, 0xAF, 0xF5, 0xFF, 0x03, 0x00, 0xFD, 0xAF,
    0xF5, 0xFF, 0x03, 0x00, 0xFD, 0xAF, 0xF5, 0xFF, 0x03, 0x00, 0xFD, 0xAF, 0xF5, 0xFF, 0x03, 0x00,
    0xFD, 0xAF, 0x00, 0x00, 0x00, 0x00, 0xFD, 0xAF, 0x00, 0x00, 0x00, 0x00, 0xFD, 0xAF, 0x00, 0x00,
    0x00, 0x00, 0xFD, 0xAF, 0x00, 0x00, 0x00, 0x00, 0xFD, 0xAF,
    // Unicode: [0x03B8]
    0x00, 0x81, 0xED, 0xDE, 0x18, 0x00, 0x20, 0xFD, 0xFF, 0xFF, 0xDF, 0x02, 0xC0, 0xFF, 0x7D, 0xD7,
    0xFF, 0x0C, 0xF4, 0xFF, 0x03, 0x30, 0xFF, 0x4F, 0xF9, 0xDF, 0x00, 0x00, 0xFD, 0x8F, 0xFB, 0xBF,
    0x00, 0x00, 0xFB, 0xAF, 0xFC, 0xFF, 0xFF, 0xFF, 0xFF, 0xBF, 0xFC, 0xFF, 0xFF, 0xFF, 0xFF, 0xCF,
    0xFC, 0xCF, 0x55, 0x55, 0xFC, 0xCF, 0xFB, 0xBF, 0x00, 0x00, 0xFC, 0xBF, 0xF8, 0xEF, 0x00, 0x00,
    0xFE, 0x8F, 0xF4, 0xFF, 0x04, 0x40, 0xFF, 0x4F, 0xC0, 0xFF, 0x6E, 0xD7, 0xFF, 0x0C, 0x20, 0xFD,
    0xFF, 0xFF, 0xDF, 0x02, 0x00, 0x81, 0xED, 0xDE, 0x18, 0x00,
    // Unicode: [0x03B9]
    0xF5, 0xFF, 0x03, 0xF5, 0xFF, 0x03, 0xF5, 0xFF, 0x03, 0xF5, 0xFF, 0x03, 0xF5, 0xFF, 0x03, 0xF5,
    0xFF, 0x03, 0xF5, 0xFF, 0x03, 0xF5, 0xFF, 0x03, 0xF5, 0xFF, 0x03, 0xF5, 0xFF, 0x03, 0xF5, 0xFF,
    0x03,
    // Unicode: [0x03BA]
    0xF5, 0xFF, 0x03, 0x20, 0xEB, 0x4F, 0x00, 0xF5, 0xFF, 0x03, 0xE3, 0xFF, 0x4F, 0x00, 0xF5, 0xFF,
    0x13, 0xFD, 0xFF, 0x4F, 0x00, 0xF5, 0xFF, 0xB3, 0xFF, 0x3E, 0x00, 0x00, 0xF5, 0xFF, 0xFB, 0xFF,
    0x04, 0x00, 0x00, 0xF5, 0xFF, 0xFF, 0xFF, 0x09, 0x00, 0x00, 0xF5, 0xFF, 0xAC, 0xFF, 0x4F, 0x00,
    0x00, 0xF5, 0xFF, 0x13, 0xFE, 0xDF, 0x01, 0x00, 0xF5, 0xFF, 0x03, 0xF6, 0xFF, 0x09, 0x00, 0xF5,
    0xFF, 0x03, 0xB0, 0xFF, 0x4F, 0x00, 0xF5, 0xFF, 0x03, 0x20, 0xFF, 0xDF, 0x01,
    // Unicode: [0x03BB]
    0x00, 0xD0, 0xFF, 0x1F, 0x00, 0x00, 0x00, 0x00, 0x60, 0xFF, 0x7F, 0x00, 0x00, 0x00, 0x00, 0x10,
    0xFE, 0xDF, 0x00, 0x00, 0x00, 0x00, 0x00, 0xF9, 0xFF, 0x04, 0x00, 0x00, 0x00, 0x00, 0xF6, 0xFF,
    0x0A, 0x00, 0x00, 0x00, 0x00, 0xFC, 0xFF, 0x1F, 0x00, 0x00, 0x00, 0x30, 0xFF, 0xFF, 0x7F, 0x00,
    0x00, 0x00, 0x90, 0xFF, 0xFF, 0xDF, 0x00, 0x00, 0x00, 0xF1, 0xFF, 0xF9, 0xFF, 0x03, 0x00, 0x00,
    0xF7, 0xFF, 0xC1, 0xFF, 0x09, 0x00, 0x00, 0xFD, 0xAF, 0x70, 0xFF, 0x1E, 0x00, 0x50, 0xFF, 0x4F,
    0x20, 0xFF, 0x6F, 0x00, 0xB0, 0xFF, 0x0D, 0x00, 0xFC, 0xCF, 0x00, 0xF2, 0xFF, 0x07, 0x00, 0xF7,
    0xFF, 0x03, 0xF9, 0xFF, 0x01, 0x00, 0xF2, 0xFF, 0x09,
    // Unicode: [0x03BC]
    0xF5, 0xFF, 0x03, 0x00, 0xFB, 0xCF, 0xF5, 0xFF, 0x03, 0x00, 0xFB, 0xCF, 0xF5, 0xFF, 0x03, 0x00,
    0xFB, 0xCF, 0xF5, 0xFF, 0x03, 0x00, 0xFB, 0xCF, 0xF5, 0xFF, 0x03, 0x00, 0xFB, 0xCF, 0xF5, 0xFF,
    0x03, 0x00, 0xFB, 0xCF, 0xF5, 0xFF, 0x03, 0x00, 0xFB, 0xCF, 0xF5, 0xFF, 0x03, 0x00, 0xFC, 0xCF,
    0xF5, 0xFF, 0xAE, 0xDA, 0xFF, 0xCF, 0xF5, 0xFF, 0xFF, 0xFF, 0xFF, 0xCF, 0xF5, 0xFF, 0xD8, 0xAE,
    0xF8, 0xCF, 0xF5, 0xFF, 0x03, 0x00, 0x00, 0x00, 0xF5, 0xFF, 0x03, 0x00, 0x00, 0x00, 0xF5, 0xFF,
    0x03, 0x00, 0x00, 0x00, 0xF5, 0xFF, 0x03, 0x00, 0x00, 0x00,
    // Unicode: [0x03BD]
    0xF8, 0xFF, 0x03, 0x00, 0xF2, 0xFF, 0x08, 0xF2, 0xFF, 0x08, 0x00, 0xF7, 0xFF, 0x02, 0xB0, 0xFF,
    0x0D, 0x00, 0xFC, 0xBF, 0x00, 0x60, 0xFF, 0x3F, 0x20, 0xFF, 0x5F, 0x00, 0x10, 0xFE, 0x8F, 0x70,
    0xFF, 0x1E, 0x00, 0x00, 0xF9, 0xDF, 0xC0, 0xFF, 0x09, 0x00, 0x00, 0xF3, 0xFF, 0xF4, 0xFF, 0x03,
    0x00, 0x00, 0xD0, 0xFF, 0xFD, 0xCF, 0x00, 0x00, 0x00, 0x70, 0xFF, 0xFF, 0x7F, 0x00, 0x00, 0x00,
    0x10, 0xFF, 0xFF, 0x1F, 0x00, 0x00, 0x00, 0x00, 0xFA, 0xFF, 0x0A, 0x00, 0x00,
    // Unicode: [0x03BE]
    0xD0, 0xFF, 0xFF, 0xFF, 0xFF, 0x0C, 0xD0, 0xFF, 0xFF, 0xFF, 0xFF, 0x0C, 0x50, 0xE7, 0xFF, 0x6B,
    0x66, 0x05, 0x10, 0xFD, 0x9F, 0x00, 0x00, 0x00, 0x50, 0xFF, 0x5F, 0x00, 0x00, 0x00, 0x40, 0xFF,
    0x9F, 0x00, 0x00, 0x00, 0x00, 0xFA, 0xFF, 0x8C, 0x77, 0x03, 0x00, 0x50, 0xFE, 0xFF, 0xFF, 0x06,
    0x00, 0xF9, 0xFF, 0xFF, 0xFF, 0x06, 0x90, 0xFF, 0x6E, 0x01, 0x00, 0x00, 0xF0, 0xFF, 0x09, 0x00,
    0x00, 0x00, 0xF2, 0xFF, 0x0A, 0x00, 0x00, 0x00, 0xE0, 0xFF, 0xCF, 0x78, 0x67, 0x01, 0x50, 0xFF,
    0xFF, 0xFF, 0xFF, 0x1D, 0x00, 0x93, 0xFD, 0xFF, 0xFF, 0x7F, 0x00, 0x00, 0x00, 0x10, 0xFB, 0xAF,
    0x00, 0x00, 0x00, 0x00, 0xF7, 0x8F, 0x00, 0x00, 0x00, 0x00, 0xFC, 0x3F, 0x00, 0x00, 0x00, 0x80,
    0xFF, 0x08,
    // Unicode: [0x03BF]
    0x00, 0x40, 0xDA, 0xEF, 0x9D, 0x02, 0x00, 0x00, 0xF8, 0xFF, 0xFF, 0xFF, 0x4E, 0x00, 0x50, 0xFF,
    0xCF, 0x87, 0xFE, 0xEF, 0x02, 0xC0, 0xFF, 0x0D, 0x00, 0xF3, 0xFF, 0x08, 0xF1, 0xFF, 0x09, 0x00,
    0xD0, 0xFF, 0x0C, 0xF2, 0xFF, 0x08, 0x00, 0xC0, 0xFF, 0x0D, 0xF1, 0xFF, 0x09, 0x00, 0xD0, 0xFF,
    0x0C, 0xC0, 0xFF, 0x1D, 0x00, 0xF3, 0xFF, 0x08, 0x50, 0xFF, 0xCF, 0x77, 0xFE, 0xEF, 0x02, 0x00,
    0xF8, 0xFF, 0xFF, 0xFF, 0x5E, 0x00, 0x00, 0x40, 0xDA, 0xEF, 0x9D, 0x02, 0x00,
    // Unicode: [0x03C0]
    0xF5, 0xFF, 0xFF, 0xFF, 0xFF, 0xBF, 0xF5, 0xFF, 0xFF, 0xFF, 0xFF, 0xBF, 0xF5, 0xFF, 0x56, 0x55,
    0xFD, 0xBF, 0xF5, 0xFF, 0x03, 0x00, 0xFC, 0xBF, 0xF5, 0xFF, 0x03, 0x00, 0xFC, 0xBF, 0xF5, 0xFF,
    0x03, 0x00, 0xFC, 0xBF, 0xF5, 0xFF, 0x03, 0x00, 0xFC, 0xBF, 0xF5, 0xFF, 0x03, 0x00, 0xFC, 0xBF,
    0xF5, 0xFF, 0x03, 0x00, 0xFC, 0xBF, 0xF5, 0xFF, 0x03, 0x00, 0xFC, 0xBF, 0xF5, 0xFF, 0x03, 0x00,
    0xFC, 0xBF,
    // Unicode: [0x03C1]
    0x00, 0x71, 0xEC, 0xEF, 0x5B, 0x00, 0x00, 0x20, 0xFD, 0xFF, 0xFF, 0xFF, 0x09, 0x00, 0xB0, 0xFF,
    0x9F, 0xC7, 0xFF, 0x6F, 0x00, 0xF2, 0xFF, 0x07, 0x00, 0xFD, 0xDF, 0x00, 0xF5, 0xFF, 0x03, 0x00,
    0xF9, 0xFF, 0x01, 0xF5, 0xFF, 0x03, 0x00, 0xF8, 0xFF, 0x01, 0xF5, 0xFF, 0x03, 0x00, 0xFA, 0xFF,
    0x00, 0xF5, 0xFF, 0x03, 0x20, 0xFE, 0xBF, 0x00, 0xF5, 0xFF, 0x7A, 0xE9, 0xFF, 0x5F, 0x00, 0xF5,
    0xFF, 0xFF, 0xFF, 0xFF, 0x09, 0x00, 0xF5, 0xFF, 0xB8, 0xEE, 0x6C, 0x00, 0x00, 0xF5, 0xFF, 0x03,
    0x00, 0x00, 0x00, 0x00, 0xF5, 0xFF, 0x03, 0x00, 0x00, 0x00, 0x00, 0xF5, 0xFF, 0x03, 0x00, 0x00,
    0x00, 0x00, 0xF5, 0xFF, 0x03, 0x00, 0x00, 0x00, 0x00,
    // Unicode: [0x03C2]
    0x00, 0x20, 0xC8, 0xFE, 0xAD, 0x05, 0x00, 0xF6, 0xFF, 0xFF, 0xFF, 0x0E, 0x30, 0xFF, 0xEF, 0x68,
    0xE9, 0x0E, 0xB0, 0xFF, 0x1E, 0x00, 0x10, 0x08, 0xF0, 0xFF, 0x09, 0x00, 0x00, 0x00, 0xF2, 0xFF,
    0x08, 0x00, 0x00, 0x00, 0xF1, 0xFF, 0x0A, 0x00, 0x00, 0x00, 0xD0, 0xFF, 0x3F, 0x00, 0x00, 0x00,
    0x70, 0xFF, 0xFF, 0x8A, 0x37, 0x00, 0x00, 0xFB, 0xFF, 0xFF, 0xFF, 0x06, 0x00, 0x60, 0xEC, 0xFF,
    0xFF, 0x0E, 0x00, 0x00, 0x00, 0x40, 0xFF, 0x2F, 0x00, 0x00, 0x00, 0x00, 0xFE, 0x1F, 0x00, 0x00,
    0x00, 0x40, 0xFF, 0x0A, 0x00, 0x00, 0x00, 0xE2, 0xEF, 0x02,
    // Unicode: [0x03C3]
    0x00, 0x40, 0xDA, 0xFF, 0xFF, 0xFF, 0xFF, 0x06, 0x00, 0xF8, 0xFF, 0xFF, 0xFF, 0xFF, 0xFF, 0x06,
    0x50, 0xFF, 0xCF, 0x87, 0xFE, 0xFF, 0x55, 0x02, 0xC0, 0xFF, 0x0D, 0x00, 0xF3, 0xFF, 0x06, 0x00,
    0xF1, 0xFF, 0x09, 0x00, 0xD0, 0xFF, 0x0B, 0x00, 0xF2, 0xFF, 0x08, 0x00, 0xC0, 0xFF, 0x0D, 0x00,
    0xF1, 0xFF, 0x09, 0x00, 0xD0, 0xFF, 0x0B, 0x00, 0xC0, 0xFF, 0x1D, 0x00, 0xF3, 0xFF, 0x08, 0x00,
    0x50, 0xFF, 0xCF, 0x77, 0xFE, 0xEF, 0x01, 0x00, 0x00, 0xF8, 0xFF, 0xFF, 0xFF, 0x4E, 0x00, 0x00,
    0x00, 0x40, 0xDA, 0xEF, 0x8D, 0x02, 0x00, 0x00,
    // Unicode: [0x03C4]
    0xFE, 0xFF, 0xFF, 0xFF, 0xFF, 0x09, 0xFE, 0xFF, 0xFF, 0xFF, 0xFF, 0x09, 0x54, 0x95, 0xFF, 0x6F,
    0x55, 0x03, 0x00, 0x60, 0xFF, 0x2F, 0x00, 0x00, 0x00, 0x60, 0xFF, 0x2F, 0x00, 0x00, 0x00, 0x60,
    0xFF, 0x2F, 0x00, 0x00, 0x00, 0x60, 0xFF, 0x2F, 0x00, 0x00, 0x00, 0x60, 0xFF, 0x2F, 0x00, 0x00,
    0x00, 0x60, 0xFF, 0x2F, 0x00, 0x00, 0x00, 0x60, 0xFF, 0x2F, 0x00, 0x00, 0x00, 0x60, 0xFF, 0x2F,
    0x00, 0x00,
    // Unicode: [0x03C5]
    0xF7, 0xFF, 0x01, 0x00, 0xFF, 0x8F, 0xF7, 0xFF, 0x01, 0x00, 0xFF, 0x8F, 0xF7, 0xFF, 0x01, 0x00,
    0xFF, 0x8F, 0xF7, 0xFF, 0x01, 0x00, 0xFF, 0x8F, 0xF7, 0xFF, 0x01, 0x00, 0xFF, 0x8F, 0xF7, 0xFF,
    0x01, 0x00, 0xFF, 0x8F, 0xF7, 0xFF, 0x02, 0x00, 0xFF, 0x8F, 0xF6, 0xFF, 0x05, 0x30, 0xFF, 0x7F,
    0xF2, 0xFF, 0x7E, 0xD6, 0xFF, 0x3F, 0x70, 0xFF, 0xFF, 0xFF, 0xFF, 0x08, 0x00, 0xA4, 0xFD, 0xDF,
    0x4A, 0x00,
    // Unicode: [0x03C6]
    0x00, 0xF5, 0xFF, 0xA7, 0xFF, 0xEF, 0x8C, 0x03, 0x00, 0x10, 0xFE, 0xAF, 0xA0, 0xFF, 0xFF, 0xFF,
    0x9F, 0x00, 0x80, 0xFF, 0x2F, 0xA0, 0xFF, 0x6E, 0xFA, 0xFF, 0x09, 0xD0, 0xFF, 0x0B, 0xA0, 0xFF,
    0x0D, 0xA0, 0xFF, 0x2F, 0xF1, 0xFF, 0x08, 0xA0, 0xFF, 0x0D, 0x40, 0xFF, 0x5F, 0xF2, 0xFF, 0x08,
    0xA0, 0xFF, 0x0D, 0x30, 0xFF, 0x6F, 0xF1, 0xFF, 0x0B, 0xA0, 0xFF, 0x0D, 0x50, 0xFF, 0x5F, 0xB0,
    0xFF, 0x3F, 0xA0, 0xFF, 0x0D, 0xB0, 0xFF, 0x1F, 0x30, 0xFE, 0xEF, 0xB8, 0xFF, 0x5D, 0xFB, 0xFF,
    0x08, 0x00, 0xD4, 0xFF, 0xFF, 0xFF, 0xFF, 0xFF, 0x9F, 0x00, 0x00, 0x10, 0xB6, 0xFE, 0xFF, 0xEF,
    0x9D, 0x03, 0x00, 0x00, 0x00, 0x00, 0xA0, 0xFF, 0x0D, 0x00, 0x00, 0x00, 0x00, 0x00, 0x00, 0xA0,
    0xFF, 0x0D, 0x00, 0x00, 0x00, 0x00, 0x00, 0x00, 0xA0, 0xFF, 0x0D, 0x00, 0x00, 0x00, 0x00, 0x00,
    0x00, 0xA0, 0xFF, 0x0D, 0x00, 0x00, 0x00,
    // Unicode: [0x03C7]
    0xF8, 0xFF, 0x02, 0x00, 0xF5, 0xFF, 0x04, 0xE1, 0xFF, 0x0A, 0x00, 0xFD, 0xAF, 0x00, 0x70, 0xFF,
    0x2F, 0x60, 0xFF, 0x2F, 0x00, 0x00, 0xFD, 0xAF, 0xD0, 0xFF, 0x09, 0x00, 0x00, 0xF6, 0xFF, 0xF9,
    0xEF, 0x01, 0x00, 0x00, 0xC0, 0xFF, 0xFF, 0x8F, 0x00, 0x00, 0x00, 0x40, 0xFF, 0xFF, 0x1E, 0x00,
    0x00, 0x00, 0x00, 0xFE, 0xFF, 0x0A, 0x00, 0x00, 0x00, 0x60, 0xFF, 0xFF, 0x2F, 0x00, 0x00, 0x00,
    0xE1, 0xFF, 0xFF, 0xAF, 0x00, 0x00, 0x00, 0xF7, 0xEF, 0xF6, 0xFF, 0x03, 0x00, 0x10, 0xFE, 0x7F,
    0xC0, 0xFF, 0x0B, 0x00, 0x90, 0xFF, 0x1E, 0x50, 0xFF, 0x4F, 0x00, 0xF2, 0xFF, 0x07, 0x00, 0xFC,
    0xCF, 0x00, 0xFA, 0xDF, 0x00, 0x00, 0xF4, 0xFF, 0x06,
    // Unicode: [0x03C8]
    0xF7, 0xFF, 0x01, 0xF5, 0xFF, 0x03, 0xF4, 0xFF, 0x04, 0xF7, 0xFF, 0x01, 0xF5, 0xFF, 0x03, 0xF4,
    0xFF, 0x04, 0xF7, 0xFF, 0x01, 0xF5, 0xFF, 0x03, 0xF4, 0xFF, 0x04, 0xF7, 0xFF, 0x01, 0xF5, 0xFF,
    0x03, 0xF4, 0xFF, 0x04, 0xF7, 0xFF, 0x01, 0xF5, 0xFF, 0x03, 0xF4, 0xFF, 0x04, 0xF7, 0xFF, 0x01,
    0xF5, 0xFF, 0x03, 0xF4, 0xFF, 0x04, 0xF6, 0xFF, 0x02, 0xF5, 0xFF, 0x03, 0xF4, 0xFF, 0x04, 0xF4,
    0xFF, 0x06, 0xF5, 0xFF, 0x03, 0xF9, 0xFF, 0x02, 0xD0, 0xFF, 0x8E, 0xF8, 0xFF, 0x96, 0xFF, 0xAF,
    0x00, 0x30, 0xFD, 0xFF, 0xFF, 0xFF, 0xFF, 0xFF, 0x1C, 0x00, 0x00, 0x71, 0xFC, 0xFF, 0xFF, 0xEF,
    0x6B, 0x00, 0x00, 0x00, 0x00, 0x00, 0xF7, 0xFF, 0x04, 0x00, 0x00, 0x00, 0x00, 0x00, 0x00, 0xF5,
    0xFF, 0x03, 0x00, 0x00, 0x00, 0x00, 0x00, 0x00, 0xF5, 0xFF, 0x03, 0x00, 0x00, 0x00, 0x00, 0x00,
    0x00, 0xF5, 0xFF, 0x03, 0x00, 0x00, 0x00,
    // Unicode: [0x03C9]
    0x00, 0xD1, 0xFF, 0x1D, 0x00, 0xE2, 0xFF, 0x1C, 0x00, 0x00, 0xFB, 0xEF, 0x01, 0x00, 0x30, 0xFE,
    0x9F, 0x00, 0x50, 0xFF, 0x5F, 0x30, 0x44, 0x03, 0xF7, 0xFF, 0x03, 0xB0, 0xFF, 0x0D, 0xC0, 0xFF,
    0x0A, 0xF1, 0xFF, 0x09, 0xE0, 0xFF, 0x09, 0xC0, 0xFF, 0x0A, 0xB0, 0xFF, 0x0D, 0xF1, 0xFF, 0x07,
    0xC0, 0xFF, 0x0A, 0x90, 0xFF, 0x0E, 0xF1, 0xFF, 0x07, 0xC0, 0xFF, 0x0A, 0xA0, 0xFF, 0x0E, 0xD0,
    0xFF, 0x0B, 0xC0, 0xFF, 0x0A, 0xD0, 0xFF, 0x0C, 0x80, 0xFF, 0x9F, 0xE6, 0xFF, 0x6D, 0xFA, 0xFF,
    0x06, 0x10, 0xFD, 0xFF, 0xFF, 0xDC, 0xFF, 0xFF, 0xBF, 0x00, 0x00, 0x91, 0xFD, 0x8D, 0x11, 0xE9,
    0xDF, 0x18, 0x00,
    // Unicode: [0x03CA]
    0xF3, 0x8F, 0xA0, 0xFF, 0xF3, 0x8F, 0xA0, 0xFF, 0x92, 0x59, 0x60, 0x99, 0x00, 0x00, 0x00, 0x00,
    0x00, 0xF5, 0xFF, 0x03, 0x00, 0xF5, 0xFF, 0x03, 0x00, 0xF5, 0xFF, 0x03, 0x00, 0xF5, 0xFF, 0x03,
    0x00, 0xF5, 0xFF, 0x03, 0x00, 0xF5, 0xFF, 0x03, 0x00, 0xF5, 0xFF, 0x03, 0x00, 0xF5, 0xFF, 0x03,
    0x00, 0xF5, 0xFF, 0x03, 0x00, 0xF5, 0xFF, 0x03, 0x00, 0xF5, 0xFF, 0x03,
    // Unicode: [0x03CB]
    0x00, 0xFF, 0x0D, 0xC0, 0xFF, 0x02, 0x00, 0xFF, 0x0D, 0xC0, 0xFF, 0x02, 0x00, 0x99, 0x08, 0x70,
    0x99, 0x01, 0x00, 0x00, 0x00, 0x00, 0x00, 0x00, 0xF7, 0xFF, 0x01, 0x00, 0xFF, 0x8F, 0xF7, 0xFF,
    0x01, 0x00, 0xFF, 0x8F, 0xF7, 0xFF, 0x01, 0x00, 0xFF, 0x8F, 0xF7, 0xFF, 0x01, 0x00, 0xFF, 0x8F,
    0xF7, 0xFF, 0x01, 0x00, 0xFF, 0x8F, 0xF7, 0xFF, 0x01, 0x00, 0xFF, 0x8F, 0xF7, 0xFF, 0x02, 0x00,
    0xFF, 0x8F, 0xF6, 0xFF, 0x05, 0x30, 0xFF, 0x7F, 0xF2, 0xFF, 0x7E, 0xD6, 0xFF, 0x3F, 0x70, 0xFF,
    0xFF, 0xFF, 0xFF, 0x08, 0x00, 0xA4, 0xFD, 0xDF, 0x4A, 0x00,
    // Unicode: [0x03CC]
    0x00, 0x00, 0xD0, 0xFF, 0x0A, 0x00, 0x00, 0x00, 0x00, 0xB0, 0xFF, 0x07, 0x00, 0x00, 0x00, 0x00,
    0x80, 0xFF, 0x04, 0x00, 0x00, 0x00, 0x00, 0x40, 0xBB, 0x01, 0x00, 0x00, 0x00, 0x00, 0x00, 0x00,
    0x00, 0x00, 0x00, 0x00, 0x40, 0xDA, 0xEF, 0x9D, 0x02, 0x00, 0x00, 0xF8, 0xFF, 0xFF, 0xFF, 0x4E,
    0x00, 0x50, 0xFF, 0xCF, 0x87, 0xFE, 0xEF, 0x02, 0xC0, 0xFF, 0x0D, 0x00, 0xF3, 0xFF, 0x08, 0xF1,
    0xFF, 0x09, 0x00, 0xD0, 0xFF, 0x0C, 0xF2, 0xFF, 0x08, 0x00, 0xC0, 0xFF, 0x0D, 0xF1, 0xFF, 0x09,
    0x00, 0xD0, 0xFF, 0x0C, 0xC0, 0xFF, 0x1D, 0x00, 0xF3, 0xFF, 0x08, 0x50, 0xFF, 0xCF, 0x77, 0xFE,
    0xEF, 0x02, 0x00, 0xF8, 0xFF, 0xFF, 0xFF, 0x5E, 0x00, 0x00, 0x40, 0xDA, 0xEF, 0x9D, 0x02, 0x00,
    // Unicode: [0x03CD]
    0x00, 0x00, 0xFB, 0xCF, 0x00, 0x00, 0x00, 0x00, 0xF8, 0xAF, 0x00, 0x00, 0x00, 0x00, 0xF5, 0x7F,
    0x00, 0x00, 0x00, 0x00, 0xB2, 0x3B, 0x00, 0x00, 0x00, 0x00, 0x00, 0x00, 0x00, 0x00, 0xF7, 0xFF,
    0x01, 0x00, 0xFF, 0x8F, 0xF7, 0xFF, 0x01, 0x00, 0xFF, 0x8F, 0xF7, 0xFF, 0x01, 0x00, 0xFF, 0x8F,
    0xF7, 0xFF, 0x01, 0x00, 0xFF, 0x8F, 0xF7, 0xFF, 0x01, 0x00, 0xFF, 0x8F, 0xF7, 0xFF, 0x01, 0x00,
    0xFF, 0x8F, 0xF7, 0xFF, 0x02, 0x00, 0xFF, 0x8F, 0xF6, 0xFF, 0x05, 0x30, 0xFF, 0x7F, 0xF2, 0xFF,
    0x7E, 0xD6, 0xFF, 0x3F, 0x70, 0xFF, 0xFF, 0xFF, 0xFF, 0x08, 0x00, 0xA4, 0xFD, 0xDF, 0x4A, 0x00,
    // Unicode: [0x03CE]
    0x00, 0x00, 0x00, 0xC0, 0xFF, 0x0B, 0x00, 0x00, 0x00, 0x00, 0x00, 0x00, 0x90, 0xFF, 0x08, 0x00,
    0x00, 0x00, 0x00, 0x00, 0x00, 0x70, 0xFF, 0x05, 0x00, 0x00, 0x00, 0x00, 0x00, 0x00, 0x30, 0xBB,
    0x02, 0x00, 0x00, 0x00, 0x00, 0x00, 0x00, 0x00, 0x00, 0x00, 0x00, 0x00, 0x00, 0x00, 0xD1, 0xFF,
    0x1D, 0x00, 0xE2, 0xFF, 0x1C, 0x00, 0x00, 0xFB, 0xEF, 0x01, 0x00, 0x30, 0xFE, 0x9F, 0x00, 0x50,
    0xFF, 0x5F, 0x30, 0x44, 0x03, 0xF7, 0xFF, 0x03, 0xB0, 0xFF, 0x0D, 0xC0, 0xFF, 0x0A, 0xF1, 0xFF,
    0x09, 0xE0, 0xFF, 0x09, 0xC0, 0xFF, 0x0A, 0xB0, 0xFF, 0x0D, 0xF1, 0xFF, 0x07, 0xC0, 0xFF, 0x0A,
    0x90, 0xFF, 0x0E, 0xF1, 0xFF, 0x07, 0xC0, 0xFF, 0x0A, 0xA0, 0xFF, 0x0E, 0xD0, 0xFF, 0x0B, 0xC0,
    0xFF, 0x0A, 0xD0, 0xFF, 0x0C, 0x80, 0xFF, 0x9F, 0xE6, 0xFF, 0x6D, 0xFA, 0xFF, 0x06, 0x10, 0xFD,
    0xFF, 0xFF, 0xDC, 0xFF, 0xFF, 0xBF, 0x00, 0x00, 0x91, 0xFD, 0x8D, 0x11, 0xE9, 0xDF, 0x18, 0x00,
    // Unicode: [0x03D6]
    0xF9, 0xFF, 0xFF, 0xFF, 0xFF, 0xFF, 0xCF, 0xF9, 0xFF, 0xFF, 0xFF, 0xFF, 0xFF, 0xCF, 0x53, 0xFF,
    0xAF, 0x55, 0xF8, 0xFF, 0x47, 0x10, 0xFF, 0x7F, 0x00, 0xF4, 0xFF, 0x04, 0x10, 0xFF, 0x7F, 0x00,
    0xF4, 0xFF, 0x04, 0x10, 0xFF, 0x7F, 0x00, 0xF4, 0xFF, 0x04, 0x10, 0xFF, 0x7F, 0x00, 0xF4, 0xFF,
    0x04, 0x10, 0xFF, 0x7F, 0x00, 0xF4, 0xFF, 0x04, 0x10, 0xFF, 0x7F, 0x00, 0xF4, 0xFF, 0x04, 0x10,
    0xFF, 0x7F, 0x00, 0xF4, 0xFF, 0x04, 0x10, 0xFF, 0x7F, 0x00, 0xF4, 0xFF, 0x04,
    // Unicode: [0x0401]
    0x00, 0x99, 0x08, 0x60, 0x99, 0x02, 0x00, 0xFF, 0x0E, 0xB0, 0xFF, 0x03, 0x00, 0xFF, 0x0E, 0xB0,
    0xFF, 0x03, 0x00, 0x00, 0x00, 0x00, 0x00, 0x00, 0x00, 0x00, 0x00, 0x00, 0x00, 0x00, 0xF2, 0xFF,
    0xFF, 0xFF, 0xFF, 0x6F, 0xF2, 0xFF, 0xFF, 0xFF, 0xFF, 0x6F, 0xF2, 0xFF, 0xBD, 0xBB, 0xBB, 0x4B,
    0xF2, 0xFF, 0x09, 0x00, 0x00, 0x00, 0xF2, 0xFF, 0x09, 0x00, 0x00, 0x00, 0xF2, 0xFF, 0xFF, 0xFF,
    0xFF, 0x0D, 0xF2, 0xFF, 0xFF, 0xFF, 0xFF, 0x0D, 0xF2, 0xFF, 0xBD, 0xBB, 0xBB, 0x0A, 0xF2, 0xFF,
    0x09, 0x00, 0x00, 0x00, 0xF2, 0xFF, 0x09, 0x00, 0x00, 0x00, 0xF2, 0xFF, 0x09, 0x00, 0x00, 0x00,
    0xF2, 0xFF, 0xBD, 0xBB, 0xBB, 0x4B, 0xF2, 0xFF, 0xFF, 0xFF, 0xFF, 0x6F, 0xF2, 0xFF, 0xFF, 0xFF,
    0xFF, 0x6F,
    // Unicode: [0x0402]
    0xF9, 0xFF, 0xFF, 0xFF, 0xFF, 0xFF, 0x0E, 0x00, 0x00, 0xF9, 0xFF, 0xFF, 0xFF, 0xFF, 0xFF, 0x0E,
    0x00, 0x00, 0xB7, 0xBB, 0xFC, 0xFF, 0xBD, 0xBB, 0x0A, 0x00, 0x00, 0x00, 0x00, 0xF5, 0xFF, 0x06,
    0x00, 0x00, 0x00, 0x00, 0x00, 0x00, 0xF5, 0xFF, 0x06, 0x00, 0x00, 0x00, 0x00, 0x00, 0x00, 0xF5,
    0xFF, 0xFF, 0xFF, 0xDF, 0x3A, 0x00, 0x00, 0x00, 0xF5, 0xFF, 0xFF, 0xFF, 0xFF, 0xFF, 0x05, 0x00,
    0x00, 0xF5, 0xFF, 0xAC, 0xAA, 0xFD, 0xFF, 0x0E, 0x00, 0x00, 0xF5, 0xFF, 0x06, 0x00, 0xC1, 0xFF,
    0x3F, 0x00, 0x00, 0xF5, 0xFF, 0x06, 0x00, 0x90, 0xFF, 0x4F, 0x00, 0x00, 0xF5, 0xFF, 0x06, 0x00,
    0xD1, 0xFF, 0x2F, 0x00, 0x00, 0xF5, 0xFF, 0x06, 0xB4, 0xFE, 0xFF, 0x0C, 0x00, 0x00, 0xF5, 0xFF,
    0x06, 0xF6, 0xFF, 0xDF, 0x02, 0x00, 0x00, 0xF5, 0xFF, 0x06, 0xF6, 0xDE, 0x18, 0x00,
    // Unicode: [0x0403]
    0x00, 0x00, 0x00, 0x85, 0x68, 0x00, 0x00, 0x00, 0x20, 0xFF, 0x4E, 0x00, 0x00, 0x00, 0xB0, 0xFF,
    0x05, 0x00, 0x00, 0x00, 0xF5, 0x6F, 0x00, 0x00, 0x00, 0x00, 0x86, 0x05, 0x00, 0x00, 0x00, 0x00,
    0x00, 0x00, 0x00, 0x00, 0xF2, 0xFF, 0xFF, 0xFF, 0xFF, 0x5F, 0xF2, 0xFF, 0xFF, 0xFF, 0xFF, 0x5F,
    0xF2, 0xFF, 0xBD, 0xBB, 0xBB, 0x4B, 0xF2, 0xFF, 0x09, 0x00, 0x00, 0x00, 0xF2, 0xFF, 0x09, 0x00,
    0x00, 0x00, 0xF2, 0xFF, 0x09, 0x00, 0x00, 0x00, 0xF2, 0xFF, 0x09, 0x00, 0x00, 0x00, 0xF2, 0xFF,
    0x09, 0x00, 0x00, 0x00, 0xF2, 0xFF, 0x09, 0x00, 0x00, 0x00, 0xF2, 0xFF, 0x09, 0x00, 0x00, 0x00,
    0xF2, 0xFF, 0x09, 0x00, 0x00, 0x00, 0xF2, 0xFF, 0x09, 0x00, 0x00, 0x00, 0xF2, 0xFF, 0x09, 0x00,
    0x00, 0x00, 0xF2, 0xFF, 0x09, 0x00, 0x00, 0x00,
    // Unicode: [0x0404]
    0x00, 0x10, 0xB7, 0xFE, 0xDE, 0x6A, 0x01, 0x00, 0xF6, 0xFF, 0xFF, 0xFF, 0xFF, 0x0D, 0x70, 0xFF,
    0xFF, 0xAC, 0xCA, 0xFF, 0x0D, 0xF2, 0xFF, 0x2C, 0x00, 0x00, 0x71, 0x0B, 0xF9, 0xFF, 0x02, 0x00,
    0x00, 0x00, 0x00, 0xFD, 0xFF, 0xFF, 0xFF, 0xFF, 0x03, 0x00, 0xFE, 0xFF, 0xFF, 0xFF, 0xFF, 0x03,
    0x00, 0xFE, 0xEF, 0xAA, 0xAA, 0xAA, 0x02, 0x00, 0xFD, 0xDF, 0x00, 0x00, 0x00, 0x00, 0x00, 0xF9,
    0xFF, 0x04, 0x00, 0x00, 0x00, 0x03, 0xF3, 0xFF, 0x4E, 0x00, 0x00, 0xA2, 0x0D, 0x80, 0xFF, 0xFF,
    0xAC, 0xCA, 0xFF, 0x0D, 0x00, 0xF7, 0xFF, 0xFF, 0xFF, 0xFF, 0x0D, 0x00, 0x20, 0xC8, 0xFE, 0xDF,
    0x6A, 0x01,
    // Unicode: [0x0405]
    0x00, 0x82, 0xEC, 0xEF, 0xBD, 0x37, 0x00, 0x60, 0xFF, 0xFF, 0xFF, 0xFF, 0xEF, 0x00, 0xF5, 0xFF,
    0xBF, 0xA9, 0xFC, 0xEF, 0x00, 0xFB, 0xFF, 0x03, 0x00, 0x20, 0xD8, 0x00, 0xFC, 0xFF, 0x05, 0x00,
    0x00, 0x10, 0x00, 0xF9, 0xFF, 0xEF, 0x7A, 0x04, 0x00, 0x00, 0xE2, 0xFF, 0xFF, 0xFF, 0xEF, 0x08,
    0x00, 0x20, 0xE9, 0xFF, 0xFF, 0xFF, 0xCF, 0x00, 0x00, 0x10, 0x74, 0xEA, 0xFF, 0xFF, 0x05, 0x04,
    0x00, 0x00, 0x00, 0xFA, 0xFF, 0x07, 0xBE, 0x04, 0x00, 0x00, 0xF8, 0xFF, 0x05, 0xFE, 0xEF, 0xAB,
    0xCA, 0xFF, 0xDF, 0x01, 0xFE, 0xFF, 0xFF, 0xFF, 0xFF, 0x2C, 0x00, 0x51, 0xDA, 0xFE, 0xDE, 0x5A,
    0x00, 0x00,
    // Unicode: [0x0406]
    0xFC, 0xFF, 0xFF, 0xFF, 0x0B, 0xFC, 0xFF, 0xFF, 0xFF, 0x0B, 0x86, 0xFB, 0xFF, 0x8A, 0x06, 0x00,
    0xF6, 0xFF, 0x05, 0x00, 0x00, 0xF6, 0xFF, 0x05, 0x00, 0x00, 0xF6, 0xFF, 0x05, 0x00, 0x00, 0xF6,
    0xFF, 0x05, 0x00, 0x00, 0xF6, 0xFF, 0x05, 0x00, 0x00, 0xF6, 0xFF, 0x05, 0x00, 0x00, 0xF6, 0xFF,
    0x05, 0x00, 0x00, 0xF6, 0xFF, 0x05, 0x00, 0x86, 0xFB, 0xFF, 0x8A, 0x05, 0xFC, 0xFF, 0xFF, 0xFF,
    0x0B, 0xFC, 0xFF, 0xFF, 0xFF, 0x0B,
    // Unicode: [0x0407]
    0x95, 0x29, 0x30, 0x99, 0x05, 0xF9, 0x4F, 0x60, 0xFF, 0x08, 0xF9, 0x4F, 0x60, 0xFF, 0x08, 0x00,
    0x00, 0x00, 0x00, 0x00, 0x00, 0x00, 0x00, 0x00, 0x00, 0xFC, 0xFF, 0xFF, 0xFF, 0x0B, 0xFC, 0xFF,
    0xFF, 0xFF, 0x0B, 0x86, 0xFB, 0xFF, 0x8A, 0x06, 0x00, 0xF6, 0xFF, 0x05, 0x00, 0x00, 0xF6, 0xFF,
    0x05, 0x00, 0x00, 0xF6, 0xFF, 0x05, 0x00, 0x00, 0xF6, 0xFF, 0x05, 0x00, 0x00, 0xF6, 0xFF, 0x05,
    0x00, 0x00, 0xF6, 0xFF, 0x05, 0x00, 0x00, 0xF6, 0xFF, 0x05, 0x00, 0x00, 0xF6, 0xFF, 0x05, 0x00,
    0x86, 0xFB, 0xFF, 0x8A, 0x05, 0xFC, 0xFF, 0xFF, 0xFF, 0x0B, 0xFC, 0xFF, 0xFF, 0xFF, 0x0B,
    // Unicode: [0x0408]
    0x00, 0xFA, 0xFF, 0xFF, 0x7F, 0x00, 0xFA, 0xFF, 0xFF, 0x7F, 0x00, 0x96, 0xB9, 0xFF, 0x7F, 0x00,
    0x00, 0x50, 0xFF, 0x7F, 0x00, 0x00, 0x50, 0xFF, 0x7F, 0x00, 0x00, 0x50, 0xFF, 0x7F, 0x00, 0x00,
    0x50, 0xFF, 0x7F, 0x00, 0x00, 0x50, 0xFF, 0x7F, 0x00, 0x00, 0x50, 0xFF, 0x7F, 0x00, 0x00, 0x60,
    0xFF, 0x7F, 0x01, 0x00, 0xB0, 0xFF, 0x5F, 0xD9, 0xBB, 0xFD, 0xFF, 0x1E, 0xF9, 0xFF, 0xFF, 0xFF,
    0x05, 0xD7, 0xFE, 0xDF, 0x39, 0x00,
    // Unicode: [0x0409]
    0x00, 0x60, 0xFF, 0xFF, 0xFF, 0xFF, 0xFF, 0x0D, 0x00, 0x00, 0x00, 0x00, 0x00, 0x60, 0xFF, 0xFF,
    0xFF, 0xFF, 0xFF, 0x0D, 0x00, 0x00, 0x00, 0x00, 0x00, 0x60, 0xFF, 0xCF, 0xBB, 0xEB, 0xFF, 0x0D,
    0x00, 0x00, 0x00, 0x00, 0x00, 0x70, 0xFF, 0x1F, 0x00, 0xD0, 0xFF, 0x0D, 0x00, 0x00, 0x00, 0x00,
    0x00, 0x80, 0xFF, 0x1F, 0x00, 0xD0, 0xFF, 0x0D, 0x00, 0x00, 0x00, 0x00, 0x00, 0x90, 0xFF, 0x0F,
    0x00, 0xD0, 0xFF, 0xFF, 0xFF, 0xEF, 0x5B, 0x00, 0x00, 0xA0, 0xFF, 0x0D, 0x00, 0xD0, 0xFF, 0xFF,
    0xFF, 0xFF, 0xFF, 0x08, 0x00, 0xC0, 0xFF, 0x0C, 0x00, 0xD0, 0xFF, 0xAE, 0xAA, 0xFC, 0xFF, 0x3F,
    0x00, 0xE0, 0xFF, 0x09, 0x00, 0xD0, 0xFF, 0x0D, 0x00, 0x90, 0xFF, 0x7F, 0x00, 0xF4, 0xFF, 0x06,
    0x00, 0xD0, 0xFF, 0x0D, 0x00, 0x60, 0xFF, 0x8F, 0x42, 0xFD, 0xFF, 0x02, 0x00, 0xD0, 0xFF, 0x0D,
    0x00, 0xA0, 0xFF, 0x6F, 0xFC, 0xFF, 0xAF, 0x00, 0x00, 0xD0, 0xFF, 0xAE, 0xAA, 0xFD, 0xFF, 0x1E,
    0xFC, 0xFF, 0x2E, 0x00, 0x00, 0xD0, 0xFF, 0xFF, 0xFF, 0xFF, 0xFF, 0x05, 0xFC, 0xAD, 0x02, 0x00,
    0x00, 0xD0, 0xFF, 0xFF, 0xFF, 0xDF, 0x29, 0x00,
    // Unicode: [0x040A]
    0xF2, 0xFF, 0x09, 0x00, 0x00, 0xFF, 0xBF, 0x00, 0x00, 0x00, 0x00, 0x00, 0xF2, 0xFF, 0x09, 0x00,
    0x00, 0xFF, 0xBF, 0x00, 0x00, 0x00, 0x00, 0x00, 0xF2, 0xFF, 0x09, 0x00, 0x00, 0xFF, 0xBF, 0x00,
    0x00, 0x00, 0x00, 0x00, 0xF2, 0xFF, 0x09, 0x00, 0x00, 0xFF, 0xBF, 0x00, 0x00, 0x00, 0x00, 0x00,
    0xF2, 0xFF, 0x09, 0x00, 0x00, 0xFF, 0xBF, 0x00, 0x00, 0x00, 0x00, 0x00, 0xF2, 0xFF, 0xFF, 0xFF,
    0xFF, 0xFF, 0xFF, 0xFF, 0xFF, 0xAD, 0x04, 0x00, 0xF2, 0xFF, 0xFF, 0xFF, 0xFF, 0xFF, 0xFF, 0xFF,
    0xFF, 0xFF, 0x6F, 0x00, 0xF2, 0xFF, 0xAD, 0xAA, 0xAA, 0xFF, 0xEF, 0xAA, 0xDA, 0xFF, 0xEF, 0x01,
    0xF2, 0xFF, 0x09, 0x00, 0x00, 0xFF, 0xBF, 0x00, 0x00, 0xFB, 0xFF, 0x04, 0xF2, 0xFF, 0x09, 0x00,
    0x00, 0xFF, 0xBF, 0x00, 0x00, 0xF8, 0xFF, 0x05, 0xF2, 0xFF, 0x09, 0x00, 0x00, 0xFF, 0xBF, 0x00,
    0x10, 0xFC, 0xFF, 0x04, 0xF2, 0xFF, 0x09, 0x00, 0x00, 0xFF, 0xEF, 0xAA, 0xEA, 0xFF, 0xDF, 0x00,
    0xF2, 0xFF, 0x09, 0x00, 0x00, 0xFF, 0xFF, 0xFF, 0xFF, 0xFF, 0x3E, 0x00, 0xF2, 0xFF, 0x09, 0x00,
    0x00, 0xFF, 0xFF, 0xFF, 0xEF, 0x8D, 0x01, 0x00,
    // Unicode: [0x040B]
    0xF9, 0xFF, 0xFF, 0xFF, 0xFF, 0xFF, 0x2F, 0x00, 0x00, 0xF9, 0xFF, 0xFF, 0xFF, 0xFF, 0xFF, 0x2F,
    0x00, 0x00, 0xB7, 0xBB, 0xFC, 0xFF, 0xBD, 0xBB, 0x1B, 0x00, 0x00, 0x00, 0x00, 0xF3, 0xFF, 0x09,
    0x00, 0x00, 0x00, 0x00, 0x00, 0x00, 0xF3, 0xFF, 0x09, 0x00, 0x00, 0x00, 0x00, 0x00, 0x00, 0xF3,
    0xFF, 0x9C, 0xCB, 0xCD, 0x39, 0x00, 0x00, 0x00, 0xF3, 0xFF, 0xFF, 0xFF, 0xFF, 0xFF, 0x06, 0x00,
    0x00, 0xF3, 0xFF, 0xEF, 0xED, 0xFF, 0xFF, 0x2F, 0x00, 0x00, 0xF3, 0xFF, 0x09, 0x00, 0xE3, 0xFF,
    0x5F, 0x00, 0x00, 0xF3, 0xFF, 0x09, 0x00, 0x80, 0xFF, 0x7F, 0x00, 0x00, 0xF3, 0xFF, 0x09, 0x00,
    0x60, 0xFF, 0x7F, 0x00, 0x00, 0xF3, 0xFF, 0x09, 0x00, 0x50, 0xFF, 0x7F, 0x00, 0x00, 0xF3, 0xFF,
    0x09, 0x00, 0x50, 0xFF, 0x7F, 0x00, 0x00, 0xF3, 0xFF, 0x09, 0x00, 0x50, 0xFF, 0x7F,
    // Unicode: [0x040C]
    0x00, 0x00, 0x00, 0x71, 0x88, 0x03, 0x00, 0x00, 0x00, 0x00, 0x00, 0xF8, 0xBF, 0x00, 0x00, 0x00,
    0x00, 0x00, 0x20, 0xFF, 0x1C, 0x00, 0x00, 0x00, 0x00, 0x00, 0xB0, 0xDF, 0x02, 0x00, 0x00, 0x00,
    0x00, 0x00, 0x81, 0x28, 0x00, 0x00, 0x00, 0x00, 0x00, 0x00, 0x00, 0x00, 0x00, 0x00, 0x00, 0x00,
    0xF2, 0xFF, 0x09, 0x00, 0x60, 0xEC, 0x9F, 0x00, 0xF2, 0xFF, 0x09, 0x00, 0xF7, 0xFF, 0x9F, 0x00,
    0xF2, 0xFF, 0x09, 0x30, 0xFF, 0xFF, 0x9F, 0x00, 0xF2, 0xFF, 0x09, 0xC0, 0xFF, 0x5E, 0x11, 0x00,
    0xF2, 0xFF, 0x09, 0xF8, 0xFF, 0x06, 0x00, 0x00, 0xF2, 0xFF, 0xCD, 0xFF, 0xAF, 0x00, 0x00, 0x00,
    0xF2, 0xFF, 0xFF, 0xFF, 0x1E, 0x00, 0x00, 0x00, 0xF2, 0xFF, 0xFF, 0xFF, 0x8F, 0x00, 0x00, 0x00,
    0xF2, 0xFF, 0x29, 0xFE, 0xFF, 0x05, 0x00, 0x00, 0xF2, 0xFF, 0x09, 0xF6, 0xFF, 0x2E, 0x00, 0x00,
    0xF2, 0xFF, 0x09, 0xA0, 0xFF, 0xCF, 0x00, 0x00, 0xF2, 0xFF, 0x09, 0x10, 0xFD, 0xFF, 0x08, 0x00,
    0xF2, 0xFF, 0x09, 0x00, 0xF4, 0xFF, 0x4F, 0x00, 0xF2, 0xFF, 0x09, 0x00, 0x80, 0xFF, 0xEF, 0x02,
    // Unicode: [0x040D]
    0x00, 0x40, 0x88, 0x07, 0x00, 0x00, 0x00, 0x00, 0x00, 0x10, 0xFC, 0x7F, 0x00, 0x00, 0x00, 0x00,
    0x00, 0x00, 0xD1, 0xEF, 0x02, 0x00, 0x00, 0x00, 0x00, 0x00, 0x20, 0xFE, 0x0A, 0x00, 0x00, 0x00,
    0x00, 0x00, 0x00, 0x83, 0x17, 0x00, 0x00, 0x00, 0x00, 0x00, 0x00, 0x00, 0x00, 0x00, 0x00, 0x00,
    0xF2, 0xFF, 0x08, 0x00, 0x30, 0xFF, 0xFF, 0x02, 0xF2, 0xFF, 0x08, 0x00, 0xD0, 0xFF, 0xFF, 0x02,
    0xF2, 0xFF, 0x08, 0x00, 0xF8, 0xFF, 0xFF, 0x02, 0xF2, 0xFF, 0x08, 0x30, 0xFF, 0xFF, 0xFF, 0x02,
    0xF2, 0xFF, 0x08, 0xD0, 0xFF, 0xFF, 0xFF, 0x02, 0xF2, 0xFF, 0x08, 0xF8, 0xDF, 0xF9, 0xFF, 0x02,
    0xF2, 0xFF, 0x38, 0xFF, 0x4F, 0xF8, 0xFF, 0x02, 0xF2, 0xFF, 0xD8, 0xFF, 0x0A, 0xF8, 0xFF, 0x02,
    0xF2, 0xFF, 0xFE, 0xEF, 0x01, 0xF8, 0xFF, 0x02, 0xF2, 0xFF, 0xFF, 0x5F, 0x00, 0xF8, 0xFF, 0x02,
    0xF2, 0xFF, 0xFF, 0x0B, 0x00, 0xF8, 0xFF, 0x02, 0xF2, 0xFF, 0xEF, 0x02, 0x00, 0xF8, 0xFF, 0x02,
    0xF2, 0xFF, 0x6F, 0x00, 0x00, 0xF8, 0xFF, 0x02, 0xF2, 0xFF, 0x0B, 0x00, 0x00, 0xF8, 0xFF, 0x02,
    // Unicode: [0x040E]
    0x00, 0xFB, 0x8F, 0x00, 0xA0, 0xFF, 0x09, 0x00, 0x00, 0xF7, 0xDF, 0x01, 0xE2, 0xFF, 0x06, 0x00,
    0x00, 0xC1, 0xFF, 0xDE, 0xFF, 0xBF, 0x00, 0x00, 0x00, 0x00, 0xC7, 0xFE, 0xBE, 0x06, 0x00, 0x00,
    0x00, 0x00, 0x00, 0x00, 0x00, 0x00, 0x00, 0x00, 0xF9, 0xFF, 0x07, 0x00, 0x00, 0xF7, 0xFF, 0x06,
    0xE1, 0xFF, 0x1E, 0x00, 0x00, 0xFD, 0xEF, 0x00, 0x70, 0xFF, 0x8F, 0x00, 0x60, 0xFF, 0x7F, 0x00,
    0x00, 0xFD, 0xFF, 0x02, 0xC0, 0xFF, 0x1E, 0x00, 0x00, 0xF5, 0xFF, 0x0A, 0xF4, 0xFF, 0x08, 0x00,
    0x00, 0xC0, 0xFF, 0x3F, 0xFB, 0xEF, 0x01, 0x00, 0x00, 0x30, 0xFF, 0xDF, 0xFF, 0x8F, 0x00, 0x00,
    0x00, 0x00, 0xFA, 0xFF, 0xFF, 0x2F, 0x00, 0x00, 0x00, 0x00, 0xE2, 0xFF, 0xFF, 0x09, 0x00, 0x00,
    0x00, 0x00, 0x80, 0xFF, 0xFF, 0x02, 0x00, 0x00, 0x10, 0x22, 0x63, 0xFF, 0xAF, 0x00, 0x00, 0x00,
    0x40, 0xFF, 0xFF, 0xFF, 0x2F, 0x00, 0x00, 0x00, 0x40, 0xFF, 0xFF, 0xFF, 0x07, 0x00, 0x00, 0x00,
    0x40, 0xFF, 0xEF, 0x4B, 0x00, 0x00, 0x00, 0x00,
    // Unicode: [0x040F]
    0xF2, 0xFF, 0x09, 0x00, 0x00, 0xFD, 0xDF, 0xF2, 0xFF, 0x09, 0x00, 0x00, 0xFD, 0xDF, 0xF2, 0xFF,
    0x09, 0x00, 0x00, 0xFD, 0xDF, 0xF2, 0xFF, 0x09, 0x00, 0x00, 0xFD, 0xDF, 0xF2, 0xFF, 0x09, 0x00,
    0x00, 0xFD, 0xDF, 0xF2, 0xFF, 0x09, 0x00, 0x00, 0xFD, 0xDF, 0xF2, 0xFF, 0x09, 0x00, 0x00, 0xFD,
    0xDF, 0xF2, 0xFF, 0x09, 0x00, 0x00, 0xFD, 0xDF, 0xF2, 0xFF, 0x09, 0x00, 0x00, 0xFD, 0xDF, 0xF2,
    0xFF, 0x09, 0x00, 0x00, 0xFD, 0xDF, 0xF2, 0xFF, 0x09, 0x00, 0x00, 0xFD, 0xDF, 0xF2, 0xFF, 0xBD,
    0xBB, 0xBB, 0xFE, 0xDF, 0xF2, 0xFF, 0xFF, 0xFF, 0xFF, 0xFF, 0xDF, 0xF2, 0xFF, 0xFF, 0xFF, 0xFF,
    0xFF, 0xDF, 0x00, 0x00, 0x50, 0xFF, 0x1F, 0x00, 0x00, 0x00, 0x00, 0x50, 0xFF, 0x1F, 0x00, 0x00,
    0x00, 0x00, 0x50, 0xFF, 0x1F, 0x00, 0x00, 0x00, 0x00, 0x30, 0x88, 0x18, 0x00, 0x00,
    // Unicode: [0x0410]
    0x00, 0x00, 0x90, 0xFF, 0xFF, 0x02, 0x00, 0x00, 0x00, 0x00, 0xE0, 0xFF, 0xFF, 0x07, 0x00, 0x00,
    0x00, 0x00, 0xF5, 0xFF, 0xFF, 0x0D, 0x00, 0x00, 0x00, 0x00, 0xFB, 0xEF, 0xFF, 0x4F, 0x00, 0x00,
    0x00, 0x20, 0xFF, 0x5F, 0xFE, 0xAF, 0x00, 0x00, 0x00, 0x80, 0xFF, 0x1E, 0xF8, 0xFF, 0x01, 0x00,
    0x00, 0xD0, 0xFF, 0x09, 0xF3, 0xFF, 0x06, 0x00, 0x00, 0xF4, 0xFF, 0x04, 0xC0, 0xFF, 0x0C, 0x00,
    0x00, 0xFA, 0xFF, 0x99, 0xC9, 0xFF, 0x3F, 0x00, 0x10, 0xFF, 0xFF, 0xFF, 0xFF, 0xFF, 0x9F, 0x00,
    0x60, 0xFF, 0xFF, 0xFF, 0xFF, 0xFF, 0xEF, 0x00, 0xC0, 0xFF, 0x0D, 0x00, 0x00, 0xF6, 0xFF, 0x05,
    0xF3, 0xFF, 0x08, 0x00, 0x00, 0xF1, 0xFF, 0x0B, 0xF9, 0xFF, 0x03, 0x00, 0x00, 0xB0, 0xFF, 0x2F,
    // Unicode: [0x0411]
    0xF2, 0xFF, 0xFF, 0xFF, 0xFF, 0xFF, 0x02, 0xF2, 0xFF, 0xFF, 0xFF, 0xFF, 0xFF, 0x02, 0xF2, 0xFF,
    0xBD, 0xBB, 0xBB, 0xBB, 0x02, 0xF2, 0xFF, 0x09, 0x00, 0x00, 0x00, 0x00, 0xF2, 0xFF, 0x09, 0x00,
    0x00, 0x00, 0x00, 0xF2, 0xFF, 0xFF, 0xFF, 0xDF, 0x3A, 0x00, 0xF2, 0xFF, 0xFF, 0xFF, 0xFF, 0xFF,
    0x04, 0xF2, 0xFF, 0xAD, 0xAA, 0xFE, 0xFF, 0x0D, 0xF2, 0xFF, 0x09, 0x00, 0xD1, 0xFF, 0x3F, 0xF2,
    0xFF, 0x09, 0x00, 0xA0, 0xFF, 0x4F, 0xF2, 0xFF, 0x09, 0x00, 0xE1, 0xFF, 0x2F, 0xF2, 0xFF, 0xAD,
    0xBA, 0xFE, 0xFF, 0x0B, 0xF2, 0xFF, 0xFF, 0xFF, 0xFF, 0xDF, 0x02, 0xF2, 0xFF, 0xFF, 0xFF, 0xCE,
    0x18, 0x00,
    // Unicode: [0x0412]
    0xF2, 0xFF, 0xFF, 0xFF, 0xCE, 0x07, 0x00, 0xF2, 0xFF, 0xFF, 0xFF, 0xFF, 0xBF, 0x00, 0xF2, 0xFF,
    0x9D, 0xB9, 0xFF, 0xFF, 0x03, 0xF2, 0xFF, 0x09, 0x00, 0xFA, 0xFF, 0x04, 0xF2, 0xFF, 0x09, 0x00,
    0xF9, 0xEF, 0x01, 0xF2, 0xFF, 0x7C, 0x97, 0xFF, 0x5F, 0x00, 0xF2, 0xFF, 0xFF, 0xFF, 0xFF, 0x3A,
    0x00, 0xF2, 0xFF, 0xFF, 0xFF, 0xFF, 0xFF, 0x06, 0xF2, 0xFF, 0x09, 0x00, 0xE4, 0xFF, 0x1E, 0xF2,
    0xFF, 0x09, 0x00, 0xA0, 0xFF, 0x4F, 0xF2, 0xFF, 0x09, 0x00, 0xD0, 0xFF, 0x3F, 0xF2, 0xFF, 0x9D,
    0xA9, 0xFE, 0xFF, 0x0D, 0xF2, 0xFF, 0xFF, 0xFF, 0xFF, 0xEF, 0x03, 0xF2, 0xFF, 0xFF, 0xFF, 0xCE,
    0x17, 0x00,
    // Unicode: [0x0413]
    0xF2, 0xFF, 0xFF, 0xFF, 0xFF, 0x5F, 0xF2, 0xFF, 0xFF, 0xFF, 0xFF, 0x5F, 0xF2, 0xFF, 0xBD, 0xBB,
    0xBB, 0x4B, 0xF2, 0xFF, 0x09, 0x00, 0x00, 0x00, 0xF2, 0xFF, 0x09, 0x00, 0x00, 0x00, 0xF2, 0xFF,
    0x09, 0x00, 0x00, 0x00, 0xF2, 0xFF, 0x09, 0x00, 0x00, 0x00, 0xF2, 0xFF, 0x09, 0x00, 0x00, 0x00,
    0xF2, 0xFF, 0x09, 0x00, 0x00, 0x00, 0xF2, 0xFF, 0x09, 0x00, 0x00, 0x00, 0xF2, 0xFF, 0x09, 0x00,
    0x00, 0x00, 0xF2, 0xFF, 0x09, 0x00, 0x00, 0x00, 0xF2, 0xFF, 0x09, 0x00, 0x00, 0x00, 0xF2, 0xFF,
    0x09, 0x00, 0x00, 0x00,
    // Unicode: [0x0414]
    0x00, 0x30, 0xFF, 0xFF, 0xFF, 0xFF, 0xFF, 0x0B, 0x00, 0x00, 0x30, 0xFF, 0xFF, 0xFF, 0xFF, 0xFF,
    0x0B, 0x00, 0x00, 0x40, 0xFF, 0xCF, 0xBB, 0xFB, 0xFF, 0x0B, 0x00, 0x00, 0x50, 0xFF, 0x3F, 0x00,
    0xF1, 0xFF, 0x0B, 0x00, 0x00, 0x80, 0xFF, 0x2F, 0x00, 0xF1, 0xFF, 0x0B, 0x00, 0x00, 0xA0, 0xFF,
    0x0E, 0x00, 0xF1, 0xFF, 0x0B, 0x00, 0x00, 0xD0, 0xFF, 0x0B, 0x00, 0xF1, 0xFF, 0x0B, 0x00, 0x00,
    0xF2, 0xFF, 0x08, 0x00, 0xF1, 0xFF, 0x0B, 0x00, 0x00, 0xF6, 0xFF, 0x03, 0x00, 0xF1, 0xFF, 0x0B,
    0x00, 0x00, 0xFB, 0xDF, 0x00, 0x00, 0xF1, 0xFF, 0x0B, 0x00, 0x20, 0xFF, 0x7F, 0x00, 0x00, 0xF1,
    0xFF, 0x0B, 0x00, 0xC6, 0xFF, 0xBF, 0xBB, 0xBB, 0xFB, 0xFF, 0xBE, 0x01, 0xF9, 0xFF, 0xFF, 0xFF,
    0xFF, 0xFF, 0xFF, 0xFF, 0x02, 0xF9, 0xFF, 0xFF, 0xFF, 0xFF, 0xFF, 0xFF, 0xFF, 0x02, 0xF9, 0xDF,
    0x00, 0x00, 0x00, 0x00, 0xF5, 0xFF, 0x02, 0xF9, 0xDF, 0x00, 0x00, 0x00, 0x00, 0xF5, 0xFF, 0x02,
    0xF9, 0xDF, 0x00, 0x00, 0x00, 0x00, 0xF5, 0xFF, 0x02, 0x43, 0x44, 0x00, 0x00, 0x00, 0x00, 0x41,
    0x44, 0x01,
    // Unicode: [0x0415]
    0xF2, 0xFF, 0xFF, 0xFF, 0xFF, 0x6F, 0xF2, 0xFF, 0xFF, 0xFF, 0xFF, 0x6F, 0xF2, 0xFF, 0xBD, 0xBB,
    0xBB, 0x4B, 0xF2, 0xFF, 0x09, 0x00, 0x00, 0x00, 0xF2, 0xFF, 0x09, 0x00, 0x00, 0x00, 0xF2, 0xFF,
    0xFF, 0xFF, 0xFF, 0x0D, 0xF2, 0xFF, 0xFF, 0xFF, 0xFF, 0x0D, 0xF2, 0xFF, 0xBD, 0xBB, 0xBB, 0x0A,
    0xF2, 0xFF, 0x09, 0x00, 0x00, 0x00, 0xF2, 0xFF, 0x09, 0x00, 0x00, 0x00, 0xF2, 0xFF, 0x09, 0x00,
    0x00, 0x00, 0xF2, 0xFF, 0xBD, 0xBB, 0xBB, 0x4B, 0xF2, 0xFF, 0xFF, 0xFF, 0xFF, 0x6F, 0xF2, 0xFF,
    0xFF, 0xFF, 0xFF, 0x6F,
    // Unicode: [0x0416]
    0xF2, 0xDF, 0x19, 0x00, 0xB0, 0xFF, 0x0F, 0x00, 0x60, 0xEC, 0x6F, 0xF2, 0xFF, 0xCF, 0x00, 0xB0,
    0xFF, 0x0F, 0x00, 0xF7, 0xFF, 0x6F, 0xF2, 0xFF, 0xFF, 0x06, 0xB0, 0xFF, 0x0F, 0x20, 0xFF, 0xFF,
    0x6F, 0x20, 0xE5, 0xFF, 0x0D, 0xB0, 0xFF, 0x0F, 0x80, 0xFF, 0x7F, 0x12, 0x00, 0x60, 0xFF, 0x7F,
    0xB0, 0xFF, 0x0F, 0xF2, 0xFF, 0x0A, 0x00, 0x00, 0x00, 0xFD, 0xFF, 0xDA, 0xFF, 0x8F, 0xFE, 0xFF,
    0x02, 0x00, 0x00, 0x00, 0xF3, 0xFF, 0xFF, 0xFF, 0xFF, 0xFF, 0x7F, 0x00, 0x00, 0x00, 0x00, 0xF9,
    0xFF, 0xFF, 0xFF, 0xFF, 0xFF, 0xDF, 0x00, 0x00, 0x00, 0x30, 0xFF, 0xEF, 0xB1, 0xFF, 0x0F, 0xFC,
    0xFF, 0x08, 0x00, 0x00, 0xD0, 0xFF, 0x6F, 0xB0, 0xFF, 0x0F, 0xF3, 0xFF, 0x3F, 0x00, 0x00, 0xF8,
    0xFF, 0x0C, 0xB0, 0xFF, 0x0F, 0x80, 0xFF, 0xCF, 0x00, 0x30, 0xFF, 0xFF, 0x03, 0xB0, 0xFF, 0x0F,
    0x10, 0xFD, 0xFF, 0x07, 0xC0, 0xFF, 0x8F, 0x00, 0xB0, 0xFF, 0x0F, 0x00, 0xF5, 0xFF, 0x2F, 0xF8,
    0xFF, 0x1D, 0x00, 0xB0, 0xFF, 0x0F, 0x00, 0xA0, 0xFF, 0xCF,
    // Unicode: [0x0417]
    0x20, 0xA6, 0xEC, 0xFF, 0xBD, 0x17, 0x00, 0xB0, 0xFF, 0xFF, 0xFF, 0xFF, 0xDF, 0x02, 0xB0, 0xFF,
    0xBC, 0xCA, 0xFF, 0xFF, 0x08, 0x70, 0x15, 0x00, 0x00, 0xF6, 0xFF, 0x09, 0x00, 0x00, 0x00, 0x20,
    0xF9, 0xFF, 0x03, 0x00, 0x60, 0xFF, 0xFF, 0xFF, 0x4C, 0x00, 0x00, 0x60, 0xFF, 0xFF, 0xEF, 0x39,
    0x00, 0x00, 0x30, 0x88, 0x98, 0xFE, 0xFF, 0x04, 0x00, 0x00, 0x00, 0x00, 0xF1, 0xFF, 0x0D, 0x00,
    0x00, 0x00, 0x00, 0xE0, 0xFF, 0x1F, 0xD4, 0x16, 0x00, 0x00, 0xF6, 0xFF, 0x0E, 0xF4, 0xFF, 0xAC,
    0xDB, 0xFF, 0xFF, 0x08, 0xF4, 0xFF, 0xFF, 0xFF, 0xFF, 0xAF, 0x00, 0x40, 0xC8, 0xED, 0xEF, 0x9C,
    0x03, 0x00,
    // Unicode: [0x0418]
    0xF2, 0xFF, 0x08, 0x00, 0x30, 0xFF, 0xFF, 0x02, 0xF2, 0xFF, 0x08, 0x00, 0xD0, 0xFF, 0xFF, 0x02,
    0xF2, 0xFF, 0x08, 0x00, 0xF8, 0xFF, 0xFF, 0x02, 0xF2, 0xFF, 0x08, 0x30, 0xFF, 0xFF, 0xFF, 0x02,
    0xF2, 0xFF, 0x08, 0xD0, 0xFF, 0xFF, 0xFF, 0x02, 0xF2, 0xFF, 0x08, 0xF8, 0xDF, 0xF9, 0xFF, 0x02,
    0xF2, 0xFF, 0x38, 0xFF, 0x4F, 0xF8, 0xFF, 0x02, 0xF2, 0xFF, 0xD8, 0xFF, 0x0A, 0xF8, 0xFF, 0x02,
    0xF2, 0xFF, 0xFE, 0xEF, 0x01, 0xF8, 0xFF, 0x02, 0xF2, 0xFF, 0xFF, 0x5F, 0x00, 0xF8, 0xFF, 0x02,
    0xF2, 0xFF, 0xFF, 0x0B, 0x00, 0xF8, 0xFF, 0x02, 0xF2, 0xFF, 0xEF, 0x02, 0x00, 0xF8, 0xFF, 0x02,
    0xF2, 0xFF, 0x6F, 0x00, 0x00, 0xF8, 0xFF, 0x02, 0xF2, 0xFF, 0x0B, 0x00, 0x00, 0xF8, 0xFF, 0x02,
    // Unicode: [0x0419]
    0x00, 0xFA, 0x9F, 0x00, 0x90, 0xFF, 0x0A, 0x00, 0x00, 0xF6, 0xDF, 0x01, 0xD1, 0xFF, 0x06, 0x00,
    0x00, 0xB0, 0xFF, 0xDF, 0xFF, 0xBF, 0x00, 0x00, 0x00, 0x00, 0xC6, 0xFE, 0xCE, 0x06, 0x00, 0x00,
    0x00, 0x00, 0x00, 0x00, 0x00, 0x00, 0x00, 0x00, 0xF2, 0xFF, 0x08, 0x00, 0x30, 0xFF, 0xFF, 0x02,
    0xF2, 0xFF, 0x08, 0x00, 0xD0, 0xFF, 0xFF, 0x02, 0xF2, 0xFF, 0x08, 0x00, 0xF8, 0xFF, 0xFF, 0x02,
    0xF2, 0xFF, 0x08, 0x30, 0xFF, 0xFF, 0xFF, 0x02, 0xF2, 0xFF, 0x08, 0xD0, 0xFF, 0xFF, 0xFF, 0x02,
    0xF2, 0xFF, 0x08, 0xF8, 0xDF, 0xF9, 0xFF, 0x02, 0xF2, 0xFF, 0x38, 0xFF, 0x4F, 0xF8, 0xFF, 0x02,
    0xF2, 0xFF, 0xD8, 0xFF, 0x0A, 0xF8, 0xFF, 0x02, 0xF2, 0xFF, 0xFE, 0xEF, 0x01, 0xF8, 0xFF, 0x02,
    0xF2, 0xFF, 0xFF, 0x5F, 0x00, 0xF8, 0xFF, 0x02, 0xF2, 0xFF, 0xFF, 0x0B, 0x00, 0xF8, 0xFF, 0x02,
    0xF2, 0xFF, 0xEF, 0x02, 0x00, 0xF8, 0xFF, 0x02, 0xF2, 0xFF, 0x6F, 0x00, 0x00, 0xF8, 0xFF, 0x02,
    0xF2, 0xFF, 0x0B, 0x00, 0x00, 0xF8, 0xFF, 0x02,
    // Unicode: [0x041A]
    0xF2, 0xFF, 0x09, 0x00, 0x60, 0xEC, 0x9F, 0x00, 0xF2, 0xFF, 0x09, 0x00, 0xF7, 0xFF, 0x9F, 0x00,
    0xF2, 0xFF, 0x09, 0x30, 0xFF, 0xFF, 0x9F, 0x00, 0xF2, 0xFF, 0x09, 0xC0, 0xFF, 0x5E, 0x11, 0x00,
    0xF2, 0xFF, 0x09, 0xF8, 0xFF, 0x06, 0x00, 0x00, 0xF2, 0xFF, 0xCD, 0xFF, 0xAF, 0x00, 0x00, 0x00,
    0xF2, 0xFF, 0xFF, 0xFF, 0x1E, 0x00, 0x00, 0x00, 0xF2, 0xFF, 0xFF, 0xFF, 0x8F, 0x00, 0x00, 0x00,
    0xF2, 0xFF, 0x29, 0xFE, 0xFF, 0x05, 0x00, 0x00, 0xF2, 0xFF, 0x09, 0xF6, 0xFF, 0x2E, 0x00, 0x00,
    0xF2, 0xFF, 0x09, 0xA0, 0xFF, 0xCF, 0x00, 0x00, 0xF2, 0xFF, 0x09, 0x10, 0xFD, 0xFF, 0x08, 0x00,
    0xF2, 0xFF, 0x09, 0x00, 0xF4, 0xFF, 0x4F, 0x00, 0xF2, 0xFF, 0x09, 0x00, 0x80, 0xFF, 0xEF, 0x02,
    // Unicode: [0x041B]
    0x00, 0x60, 0xFF, 0xFF, 0xFF, 0xFF, 0xFF, 0x1F, 0x00, 0x60, 0xFF, 0xFF, 0xFF, 0xFF, 0xFF, 0x1F,
    0x00, 0x60, 0xFF, 0xCF, 0xBB, 0xEB, 0xFF, 0x1F, 0x00, 0x70, 0xFF, 0x1F, 0x00, 0xB0, 0xFF, 0x1F,
    0x00, 0x80, 0xFF, 0x1F, 0x00, 0xB0, 0xFF, 0x1F, 0x00, 0x90, 0xFF, 0x0F, 0x00, 0xB0, 0xFF, 0x1F,
    0x00, 0xA0, 0xFF, 0x0D, 0x00, 0xB0, 0xFF, 0x1F, 0x00, 0xB0, 0xFF, 0x0C, 0x00, 0xB0, 0xFF, 0x1F,
    0x00, 0xE0, 0xFF, 0x09, 0x00, 0xB0, 0xFF, 0x1F, 0x00, 0xF4, 0xFF, 0x06, 0x00, 0xB0, 0xFF, 0x1F,
    0x32, 0xFD, 0xFF, 0x02, 0x00, 0xB0, 0xFF, 0x1F, 0xFC, 0xFF, 0xAF, 0x00, 0x00, 0xB0, 0xFF, 0x1F,
    0xFC, 0xFF, 0x2E, 0x00, 0x00, 0xB0, 0xFF, 0x1F, 0xFC, 0xAD, 0x02, 0x00, 0x00, 0xB0, 0xFF, 0x1F,
    // Unicode: [0x041C]
    0xF2, 0xFF, 0x7F, 0x00, 0x00, 0x70, 0xFF, 0xFF, 0x01, 0xF2, 0xFF, 0xDF, 0x00, 0x00, 0xE1, 0xFF,
    0xFF, 0x01, 0xF2, 0xFF, 0xFF, 0x06, 0x00, 0xF6, 0xFF, 0xFF, 0x01, 0xF2, 0xFF, 0xFF, 0x0D, 0x00,
    0xFD, 0xFF, 0xFF, 0x01, 0xF2, 0xFF, 0xFF, 0x5F, 0x50, 0xFF, 0xFF, 0xFF, 0x01, 0xF2, 0xFF, 0xF9,
    0xCF, 0xC0, 0xEF, 0xFA, 0xFF, 0x01, 0xF2, 0xFF, 0xC6, 0xFF, 0xF8, 0x8F, 0xF9, 0xFF, 0x01, 0xF2,
    0xFF, 0x56, 0xFF, 0xFF, 0x2F, 0xF9, 0xFF, 0x01, 0xF2, 0xFF, 0x06, 0xFD, 0xFF, 0x0A, 0xF9, 0xFF,
    0x01, 0xF2, 0xFF, 0x06, 0xF7, 0xFF, 0x03, 0xF9, 0xFF, 0x01, 0xF2, 0xFF, 0x06, 0xA1, 0x9B, 0x00,
    0xF9, 0xFF, 0x01, 0xF2, 0xFF, 0x06, 0x00, 0x00, 0x00, 0xF9, 0xFF, 0x01, 0xF2, 0xFF, 0x06, 0x00,
    0x00, 0x00, 0xF9, 0xFF, 0x01, 0xF2, 0xFF, 0x06, 0x00, 0x00, 0x00, 0xF9, 0xFF, 0x01,
    // Unicode: [0x041D]
    0xF2, 0xFF, 0x09, 0x00, 0x00, 0xFD, 0xDF, 0xF2, 0xFF, 0x09, 0x00, 0x00, 0xFD, 0xDF, 0xF2, 0xFF,
    0x09, 0x00, 0x00, 0xFD, 0xDF, 0xF2, 0xFF, 0x09, 0x00, 0x00, 0xFD, 0xDF, 0xF2, 0xFF, 0x09, 0x00,
    0x00, 0xFD, 0xDF, 0xF2, 0xFF, 0xFF, 0xFF, 0xFF, 0xFF, 0xDF, 0xF2, 0xFF, 0xFF, 0xFF, 0xFF, 0xFF,
    0xDF, 0xF2, 0xFF, 0xBD, 0xBB, 0xBB, 0xFE, 0xDF, 0xF2, 0xFF, 0x09, 0x00, 0x00, 0xFD, 0xDF, 0xF2,
    0xFF, 0x09, 0x00, 0x00, 0xFD, 0xDF, 0xF2, 0xFF, 0x09, 0x00, 0x00, 0xFD, 0xDF, 0xF2, 0xFF, 0x09,
    0x00, 0x00, 0xFD, 0xDF, 0xF2, 0xFF, 0x09, 0x00, 0x00, 0xFD, 0xDF, 0xF2, 0xFF, 0x09, 0x00, 0x00,
    0xFD, 0xDF,
    // Unicode: [0x041E]
    0x00, 0x20, 0xC8, 0xFE, 0xCE, 0x28, 0x00, 0x00, 0x00, 0xF7, 0xFF, 0xFF, 0xFF, 0xFF, 0x07, 0x00,
    0x80, 0xFF, 0xFF, 0xBD, 0xFD, 0xFF, 0x8F, 0x00, 0xF3, 0xFF, 0x4E, 0x00, 0x40, 0xFE, 0xFF, 0x03,
    0xF9, 0xFF, 0x07, 0x00, 0x00, 0xF7, 0xFF, 0x09, 0xFD, 0xFF, 0x01, 0x00, 0x00, 0xF1, 0xFF, 0x0D,
    0xFE, 0xEF, 0x00, 0x00, 0x00, 0xE0, 0xFF, 0x0E, 0xFE, 0xEF, 0x00, 0x00, 0x00, 0xE0, 0xFF, 0x0E,
    0xFD, 0xFF, 0x01, 0x00, 0x00, 0xF1, 0xFF, 0x0D, 0xF9, 0xFF, 0x07, 0x00, 0x00, 0xF7, 0xFF, 0x09,
    0xF3, 0xFF, 0x4E, 0x00, 0x40, 0xFE, 0xFF, 0x03, 0x80, 0xFF, 0xFF, 0xBD, 0xFD, 0xFF, 0x8F, 0x00,
    0x00, 0xF8, 0xFF, 0xFF, 0xFF, 0xFF, 0x07, 0x00, 0x00, 0x20, 0xC8, 0xFE, 0xCE, 0x28, 0x00, 0x00,
    // Unicode: [0x041F]
    0xF2, 0xFF, 0xFF, 0xFF, 0xFF, 0xFF, 0xDF, 0xF2, 0xFF, 0xFF, 0xFF, 0xFF, 0xFF, 0xDF, 0xF2, 0xFF,
    0xBD, 0xBB, 0xBB, 0xFE, 0xDF, 0xF2, 0xFF, 0x09, 0x00, 0x00, 0xFD, 0xDF, 0xF2, 0xFF, 0x09, 0x00,
    0x00, 0xFD, 0xDF, 0xF2, 0xFF, 0x09, 0x00, 0x00, 0xFD, 0xDF, 0xF2, 0xFF, 0x09, 0x00, 0x00, 0xFD,
    0xDF, 0xF2, 0xFF, 0x09, 0x00, 0x00, 0xFD, 0xDF, 0xF2, 0xFF, 0x09, 0x00, 0x00, 0xFD, 0xDF, 0xF2,
    0xFF, 0x09, 0x00, 0x00, 0xFD, 0xDF, 0xF2, 0xFF, 0x09, 0x00, 0x00, 0xFD, 0xDF, 0xF2, 0xFF, 0x09,
    0x00, 0x00, 0xFD, 0xDF, 0xF2, 0xFF, 0x09, 0x00, 0x00, 0xFD, 0xDF, 0xF2, 0xFF, 0x09, 0x00, 0x00,
    0xFD, 0xDF,
    // Unicode: [0x0420]
    0xF2, 0xFF, 0xFF, 0xFF, 0xAE, 0x04, 0x00, 0xF2, 0xFF, 0xFF, 0xFF, 0xFF, 0xAF, 0x00, 0xF2, 0xFF,
    0xAD, 0xDA, 0xFF, 0xFF, 0x06, 0xF2, 0xFF, 0x09, 0x00, 0xF7, 0xFF, 0x0B, 0xF2, 0xFF, 0x09, 0x00,
    0xF1, 0xFF, 0x0D, 0xF2, 0xFF, 0x09, 0x00, 0xF3, 0xFF, 0x0B, 0xF2, 0xFF, 0x09, 0x41, 0xFC, 0xFF,
    0x07, 0xF2, 0xFF, 0xFF, 0xFF, 0xFF, 0xDF, 0x01, 0xF2, 0xFF, 0xFF, 0xFF, 0xFF, 0x1B, 0x00, 0xF2,
    0xFF, 0xAD, 0x9A, 0x48, 0x00, 0x00, 0xF2, 0xFF, 0x09, 0x00, 0x00, 0x00, 0x00, 0xF2, 0xFF, 0x09,
    0x00, 0x00, 0x00, 0x00, 0xF2, 0xFF, 0x09, 0x00, 0x00, 0x00, 0x00, 0xF2, 0xFF, 0x09, 0x00, 0x00,
    0x00, 0x00,
    // Unicode: [0x0421]
    0x00, 0x20, 0xC8, 0xFE, 0xCE, 0x49, 0x00, 0x00, 0xF7, 0xFF, 0xFF, 0xFF, 0xFF, 0x08, 0x70, 0xFF,
    0xFF, 0xCE, 0xEC, 0xFF, 0x09, 0xF2, 0xFF, 0x7F, 0x01, 0x10, 0xE6, 0x09, 0xF9, 0xFF, 0x08, 0x00,
    0x00, 0x10, 0x04, 0xFD, 0xFF, 0x02, 0x00, 0x00, 0x00, 0x00, 0xFE, 0xEF, 0x00, 0x00, 0x00, 0x00,
    0x00, 0xFE, 0xEF, 0x00, 0x00, 0x00, 0x00, 0x00, 0xFD, 0xFF, 0x02, 0x00, 0x00, 0x00, 0x00, 0xF9,
    0xFF, 0x08, 0x00, 0x00, 0x10, 0x04, 0xF3, 0xFF, 0x7F, 0x01, 0x00, 0xD6, 0x09, 0x80, 0xFF, 0xFF,
    0xCE, 0xEC, 0xFF, 0x09, 0x00, 0xF8, 0xFF, 0xFF, 0xFF, 0xFF, 0x08, 0x00, 0x20, 0xC8, 0xFE, 0xCE,
    0x48, 0x00,
    // Unicode: [0x0422]
    0xF9, 0xFF, 0xFF, 0xFF, 0xFF, 0xFF, 0x4F, 0xF9, 0xFF, 0xFF, 0xFF, 0xFF, 0xFF, 0x4F, 0xB7, 0xBB,
    0xFB, 0xFF, 0xBE, 0xBB, 0x3B, 0x00, 0x00, 0xF1, 0xFF, 0x0A, 0x00, 0x00, 0x00, 0x00, 0xF1, 0xFF,
    0x0A, 0x00, 0x00, 0x00, 0x00, 0xF1, 0xFF, 0x0A, 0x00, 0x00, 0x00, 0x00, 0xF1, 0xFF, 0x0A, 0x00,
    0x00, 0x00, 0x00, 0xF1, 0xFF, 0x0A, 0x00, 0x00, 0x00, 0x00, 0xF1, 0xFF, 0x0A, 0x00, 0x00, 0x00,
    0x00, 0xF1, 0xFF, 0x0A, 0x00, 0x00, 0x00, 0x00, 0xF1, 0xFF, 0x0A, 0x00, 0x00, 0x00, 0x00, 0xF1,
    0xFF, 0x0A, 0x00, 0x00, 0x00, 0x00, 0xF1, 0xFF, 0x0A, 0x00, 0x00, 0x00, 0x00, 0xF1, 0xFF, 0x0A,
    0x00, 0x00,
    // Unicode: [0x0423]
    0xF9, 0xFF, 0x07, 0x00, 0x00, 0xF7, 0xFF, 0x06, 0xE1, 0xFF, 0x1E, 0x00, 0x00, 0xFD, 0xEF, 0x00,
    0x70, 0xFF, 0x8F, 0x00, 0x60, 0xFF, 0x7F, 0x00, 0x00, 0xFD, 0xFF, 0x02, 0xC0, 0xFF, 0x1E, 0x00,
    0x00, 0xF5, 0xFF, 0x0A, 0xF4, 0xFF, 0x08, 0x00, 0x00, 0xC0, 0xFF, 0x3F, 0xFB, 0xEF, 0x01, 0x00,
    0x00, 0x30, 0xFF, 0xDF, 0xFF, 0x8F, 0x00, 0x00, 0x00, 0x00, 0xFA, 0xFF, 0xFF, 0x2F, 0x00, 0x00,
    0x00, 0x00, 0xE2, 0xFF, 0xFF, 0x09, 0x00, 0x00, 0x00, 0x00, 0x80, 0xFF, 0xFF, 0x02, 0x00, 0x00,
    0x10, 0x22, 0x63, 0xFF, 0xAF, 0x00, 0x00, 0x00, 0x40, 0xFF, 0xFF, 0xFF, 0x2F, 0x00, 0x00, 0x00,
    0x40, 0xFF, 0xFF, 0xFF, 0x07, 0x00, 0x00, 0x00, 0x40, 0xFF, 0xEF, 0x4B, 0x00, 0x00, 0x00, 0x00,
    // Unicode: [0x0424]
    0x00, 0x00, 0x00, 0x50, 0xFF, 0x6F, 0x00, 0x00, 0x00, 0x00, 0x00, 0x00, 0xA5, 0xFD, 0xFF, 0xFF,
    0xCE, 0x17, 0x00, 0x00, 0x00, 0xD3, 0xFF, 0xFF, 0xFF, 0xFF, 0xFF, 0xEF, 0x05, 0x00, 0x20, 0xFE,
    0xFF, 0x9A, 0xFF, 0xAF, 0xFA, 0xFF, 0x3F, 0x00, 0xA0, 0xFF, 0x7F, 0x50, 0xFF, 0x6F, 0x70, 0xFF,
    0xBF, 0x00, 0xE0, 0xFF, 0x0E, 0x50, 0xFF, 0x6F, 0x00, 0xFE, 0xFF, 0x00, 0xF1, 0xFF, 0x0C, 0x50,
    0xFF, 0x6F, 0x00, 0xFC, 0xFF, 0x02, 0xF0, 0xFF, 0x0D, 0x50, 0xFF, 0x6F, 0x00, 0xFD, 0xFF, 0x01,
    0xC0, 0xFF, 0x3F, 0x50, 0xFF, 0x6F, 0x30, 0xFF, 0xCF, 0x00, 0x50, 0xFF, 0xEF, 0x65, 0xFF, 0x6F,
    0xD5, 0xFF, 0x5F, 0x00, 0x00, 0xF8, 0xFF, 0xFF, 0xFF, 0xFF, 0xFF, 0xFF, 0x08, 0x00, 0x00, 0x40,
    0xFC, 0xFF, 0xFF, 0xFF, 0xFF, 0x4C, 0x00, 0x00, 0x00, 0x00, 0x10, 0x84, 0xFF, 0x9F, 0x14, 0x00,
    0x00, 0x00, 0x00, 0x00, 0x00, 0x50, 0xFF, 0x6F, 0x00, 0x00, 0x00, 0x00,
    // Unicode: [0x0425]
    0xF4, 0xFF, 0x1E, 0x00, 0x00, 0xF8, 0xFF, 0x09, 0x90, 0xFF, 0xBF, 0x00, 0x40, 0xFF, 0xCF, 0x00,
    0x00, 0xFC, 0xFF, 0x06, 0xD1, 0xFF, 0x2E, 0x00, 0x00, 0xE2, 0xFF, 0x2E, 0xFA, 0xFF, 0x05, 0x00,
    0x00, 0x60, 0xFF, 0xEF, 0xFF, 0x9F, 0x00, 0x00, 0x00, 0x00, 0xFA, 0xFF, 0xFF, 0x1C, 0x00, 0x00,
    0x00, 0x00, 0xD1, 0xFF, 0xFF, 0x02, 0x00, 0x00, 0x00, 0x00, 0xE1, 0xFF, 0xFF, 0x06, 0x00, 0x00,
    0x00, 0x00, 0xFB, 0xFF, 0xFF, 0x2E, 0x00, 0x00, 0x00, 0x70, 0xFF, 0xBF, 0xFF, 0xCF, 0x00, 0x00,
    0x00, 0xF3, 0xFF, 0x0C, 0xFA, 0xFF, 0x08, 0x00, 0x10, 0xFD, 0xEF, 0x02, 0xE1, 0xFF, 0x4F, 0x00,
    0xA0, 0xFF, 0x6F, 0x00, 0x50, 0xFF, 0xDF, 0x01, 0xF6, 0xFF, 0x0B, 0x00, 0x00, 0xFA, 0xFF, 0x0A,
    // Unicode: [0x0426]
    0xF2, 0xFF, 0x09, 0x00, 0x00, 0xFD, 0xDF, 0x00, 0xF2, 0xFF, 0x09, 0x00, 0x00, 0xFD, 0xDF, 0x00,
    0xF2, 0xFF, 0x09, 0x00, 0x00, 0xFD, 0xDF, 0x00, 0xF2, 0xFF, 0x09, 0x00, 0x00, 0xFD, 0xDF, 0x00,
    0xF2, 0xFF, 0x09, 0x00, 0x00, 0xFD, 0xDF, 0x00, 0xF2, 0xFF, 0x09, 0x00, 0x00, 0xFD, 0xDF, 0x00,
    0xF2, 0xFF, 0x09, 0x00, 0x00, 0xFD, 0xDF, 0x00, 0xF2, 0xFF, 0x09, 0x00, 0x00, 0xFD, 0xDF, 0x00,
    0xF2, 0xFF, 0x09, 0x00, 0x00, 0xFD, 0xDF, 0x00, 0xF2, 0xFF, 0x09, 0x00, 0x00, 0xFD, 0xDF, 0x00,
    0xF2, 0xFF, 0x09, 0x00, 0x00, 0xFD, 0xDF, 0x00, 0xF2, 0xFF, 0xBD, 0xBB, 0xBB, 0xFF, 0xEF, 0x3B,
    0xF2, 0xFF, 0xFF, 0xFF, 0xFF, 0xFF, 0xFF, 0x4F, 0xF2, 0xFF, 0xFF, 0xFF, 0xFF, 0xFF, 0xFF, 0x4F,
    0x00, 0x00, 0x00, 0x00, 0x00, 0x20, 0xFF, 0x4F, 0x00, 0x00, 0x00, 0x00, 0x00, 0x20, 0xFF, 0x4F,
    0x00, 0x00, 0x00, 0x00, 0x00, 0x20, 0xFF, 0x4F, 0x00, 0x00, 0x00, 0x00, 0x00, 0x10, 0x44, 0x14,
    // Unicode: [0x0427]
    0xFB, 0xFF, 0x01, 0x00, 0xD0, 0xFF, 0x0D, 0xFB, 0xFF, 0x01, 0x00, 0xD0, 0xFF, 0x0D, 0xFB, 0xFF,
    0x01, 0x00, 0xD0, 0xFF, 0x0D, 0xFB, 0xFF, 0x01, 0x00, 0xD0, 0xFF, 0x0D, 0xFB, 0xFF, 0x03, 0x00,
    0xD0, 0xFF, 0x0D, 0xFA, 0xFF, 0x0A, 0x00, 0xD0, 0xFF, 0x0D, 0xF7, 0xFF, 0xEF, 0xCC, 0xFD, 0xFF,
    0x0D, 0xC1, 0xFF, 0xFF, 0xFF, 0xFF, 0xFF, 0x0D, 0x10, 0xC7, 0xFE, 0xDE, 0xEA, 0xFF, 0x0D, 0x00,
    0x00, 0x00, 0x00, 0xD0, 0xFF, 0x0D, 0x00, 0x00, 0x00, 0x00, 0xD0, 0xFF, 0x0D, 0x00, 0x00, 0x00,
    0x00, 0xD0, 0xFF, 0x0D, 0x00, 0x00, 0x00, 0x00, 0xD0, 0xFF, 0x0D, 0x00, 0x00, 0x00, 0x00, 0xD0,
    0xFF, 0x0D,
    // Unicode: [0x0428]
    0xF2, 0xFF, 0x09, 0x00, 0xF4, 0xFF, 0x08, 0x00, 0xF5, 0xFF, 0x06, 0xF2, 0xFF, 0x09, 0x00, 0xF4,
    0xFF, 0x08, 0x00, 0xF5, 0xFF, 0x06, 0xF2, 0xFF, 0x09, 0x00, 0xF4, 0xFF, 0x08, 0x00, 0xF5, 0xFF,
    0x06, 0xF2, 0xFF, 0x09, 0x00, 0xF4, 0xFF, 0x08, 0x00, 0xF5, 0xFF, 0x06, 0xF2, 0xFF, 0x09, 0x00,
    0xF4, 0xFF, 0x08, 0x00, 0xF5, 0xFF, 0x06, 0xF2, 0xFF, 0x09, 0x00, 0xF4, 0xFF, 0x08, 0x00, 0xF5,
    0xFF, 0x06, 0xF2, 0xFF, 0x09, 0x00, 0xF4, 0xFF, 0x08, 0x00, 0xF5, 0xFF, 0x06, 0xF2, 0xFF, 0x09,
    0x00, 0xF4, 0xFF, 0x08, 0x00, 0xF5, 0xFF, 0x06, 0xF2, 0xFF, 0x09, 0x00, 0xF4, 0xFF, 0x08, 0x00,
    0xF5, 0xFF, 0x06, 0xF2, 0xFF, 0x09, 0x00, 0xF4, 0xFF, 0x08, 0x00, 0xF5, 0xFF, 0x06, 0xF2, 0xFF,
    0x09, 0x00, 0xF4, 0xFF, 0x08, 0x00, 0xF5, 0xFF, 0x06, 0xF2, 0xFF, 0xAD, 0xAA, 0xFB, 0xFF, 0xAD,
    0xAA, 0xFC, 0xFF, 0x06, 0xF2, 0xFF, 0xFF, 0xFF, 0xFF, 0xFF, 0xFF, 0xFF, 0xFF, 0xFF, 0x06, 0xF2,
    0xFF, 0xFF, 0xFF, 0xFF, 0xFF, 0xFF, 0xFF, 0xFF, 0xFF, 0x06,
    // Unicode: [0x0429]
    0xF2, 0xFF, 0x09, 0x00, 0xF4, 0xFF, 0x08, 0x00, 0xF5, 0xFF, 0x06, 0xF2, 0xFF, 0x09, 0x00, 0xF4,
    0xFF, 0x08, 0x00, 0xF5, 0xFF, 0x06, 0xF2, 0xFF, 0x09, 0x00, 0xF4, 0xFF, 0x08, 0x00, 0xF5, 0xFF,
    0x06, 0xF2, 0xFF, 0x09, 0x00, 0xF4, 0xFF, 0x08, 0x00, 0xF5, 0xFF, 0x06, 0xF2, 0xFF, 0x09, 0x00,
    0xF4, 0xFF, 0x08, 0x00, 0xF5, 0xFF, 0x06, 0xF2, 0xFF, 0x09, 0x00, 0xF4, 0xFF, 0x08, 0x00, 0xF5,
    0xFF, 0x06, 0xF2, 0xFF, 0x09, 0x00, 0xF4, 0xFF, 0x08, 0x00, 0xF5, 0xFF, 0x06, 0xF2, 0xFF, 0x09,
    0x00, 0xF4, 0xFF, 0x08, 0x00, 0xF5, 0xFF, 0x06, 0xF2, 0xFF, 0x09, 0x00, 0xF4, 0xFF, 0x08, 0x00,
    0xF5, 0xFF, 0x06, 0xF2, 0xFF, 0x09, 0x00, 0xF4, 0xFF, 0x08, 0x00, 0xF5, 0xFF, 0x06, 0xF2, 0xFF,
    0x09, 0x00, 0xF4, 0xFF, 0x08, 0x00, 0xF5, 0xFF, 0x06, 0xF2, 0xFF, 0xAD, 0xAA, 0xFB, 0xFF, 0xAD,
    0xAA, 0xFC, 0xFF, 0x9C, 0xF2, 0xFF, 0xFF, 0xFF, 0xFF, 0xFF, 0xFF, 0xFF, 0xFF, 0xFF, 0xDF, 0xF2,
    0xFF, 0xFF, 0xFF, 0xFF, 0xFF, 0xFF, 0xFF, 0xFF, 0xFF, 0xDF, 0x00, 0x00, 0x00, 0x00, 0x00, 0x00,
    0x00, 0x00, 0x00, 0xF9, 0xDF, 0x00, 0x00, 0x00, 0x00, 0x00, 0x00, 0x00, 0x00, 0x00, 0xF9, 0xDF,
    0x00, 0x00, 0x00, 0x00, 0x00, 0x00, 0x00, 0x00, 0x00, 0xF9, 0xDF, 0x00, 0x00, 0x00, 0x00, 0x00,
    0x00, 0x00, 0x00, 0x00, 0x42, 0x34,
    // Unicode: [0x042A]
    0xF9, 0xFF, 0xFF, 0xFF, 0x09, 0x00, 0x00, 0x00, 0x00, 0xF9, 0xFF, 0xFF, 0xFF, 0x09, 0x00, 0x00,
    0x00, 0x00, 0xB7, 0xBB, 0xFC, 0xFF, 0x09, 0x00, 0x00, 0x00, 0x00, 0x00, 0x00, 0xF2, 0xFF, 0x09,
    0x00, 0x00, 0x00, 0x00, 0x00, 0x00, 0xF2, 0xFF, 0x09, 0x00, 0x00, 0x00, 0x00, 0x00, 0x00, 0xF2,
    0xFF, 0xFF, 0xFF, 0xDE, 0x3A, 0x00, 0x00, 0x00, 0xF2, 0xFF, 0xFF, 0xFF, 0xFF, 0xFF, 0x04, 0x00,
    0x00, 0xF2, 0xFF, 0xAD, 0xAA, 0xFE, 0xFF, 0x0D, 0x00, 0x00, 0xF2, 0xFF, 0x09, 0x00, 0xD1, 0xFF,
    0x2F, 0x00, 0x00, 0xF2, 0xFF, 0x09, 0x00, 0xA0, 0xFF, 0x3F, 0x00, 0x00, 0xF2, 0xFF, 0x09, 0x00,
    0xE1, 0xFF, 0x2F, 0x00, 0x00, 0xF2, 0xFF, 0xAD, 0xBA, 0xFE, 0xFF, 0x0B, 0x00, 0x00, 0xF2, 0xFF,
    0xFF, 0xFF, 0xFF, 0xDF, 0x02, 0x00, 0x00, 0xF2, 0xFF, 0xFF, 0xFF, 0xCE, 0x17, 0x00,
    // Unicode: [0x042B]
    0xF2, 0xFF, 0x09, 0x00, 0x00, 0x00, 0x00, 0xF5, 0xFF, 0x06, 0xF2, 0xFF, 0x09, 0x00, 0x00, 0x00,
    0x00, 0xF5, 0xFF, 0x06, 0xF2, 0xFF, 0x09, 0x00, 0x00, 0x00, 0x00, 0xF5, 0xFF, 0x06, 0xF2, 0xFF,
    0x09, 0x00, 0x00, 0x00, 0x00, 0xF5, 0xFF, 0x06, 0xF2, 0xFF, 0x09, 0x00, 0x00, 0x00, 0x00, 0xF5,
    0xFF, 0x06, 0xF2, 0xFF, 0xFF, 0xFF, 0xDF, 0x3A, 0x00, 0xF5, 0xFF, 0x06, 0xF2, 0xFF, 0xFF, 0xFF,
    0xFF, 0xFF, 0x04, 0xF5, 0xFF, 0x06, 0xF2, 0xFF, 0xAD, 0xAA, 0xFE, 0xFF, 0x0D, 0xF5, 0xFF, 0x06,
    0xF2, 0xFF, 0x09, 0x00, 0xD1, 0xFF, 0x3F, 0xF5, 0xFF, 0x06, 0xF2, 0xFF, 0x09, 0x00, 0xA0, 0xFF,
    0x4F, 0xF5, 0xFF, 0x06, 0xF2, 0xFF, 0x09, 0x00, 0xE1, 0xFF, 0x2F, 0xF5, 0xFF, 0x06, 0xF2, 0xFF,
    0xAD, 0xBA, 0xFE, 0xFF, 0x0B, 0xF5, 0xFF, 0x06, 0xF2, 0xFF, 0xFF, 0xFF, 0xFF, 0xDF, 0x02, 0xF5,
    0xFF, 0x06, 0xF2, 0xFF, 0xFF, 0xFF, 0xCE, 0x18, 0x00, 0xF5, 0xFF, 0x06,
    // Unicode: [0x042C]
    0xF2, 0xFF, 0x09, 0x00, 0x00, 0x00, 0x00, 0xF2, 0xFF, 0x09, 0x00, 0x00, 0x00, 0x00, 0xF2, 0xFF,
    0x09, 0x00, 0x00, 0x00, 0x00, 0xF2, 0xFF, 0x09, 0x00, 0x00, 0x00, 0x00, 0xF2, 0xFF, 0x09, 0x00,
    0x00, 0x00, 0x00, 0xF2, 0xFF, 0xFF, 0xFF, 0xDF, 0x3A, 0x00, 0xF2, 0xFF, 0xFF, 0xFF, 0xFF, 0xFF,
    0x04, 0xF2, 0xFF, 0xAD, 0xAA, 0xFE, 0xFF, 0x0D, 0xF2, 0xFF, 0x09, 0x00, 0xD1, 0xFF, 0x3F, 0xF2,
    0xFF, 0x09, 0x00, 0xA0, 0xFF, 0x4F, 0xF2, 0xFF, 0x09, 0x00, 0xE1, 0xFF, 0x2F, 0xF2, 0xFF, 0xAD,
    0xBA, 0xFE, 0xFF, 0x0B, 0xF2, 0xFF, 0xFF, 0xFF, 0xFF, 0xDF, 0x02, 0xF2, 0xFF, 0xFF, 0xFF, 0xCE,
    0x18, 0x00,
    // Unicode: [0x042D]
    0x10, 0xA6, 0xED, 0xEF, 0x7B, 0x01, 0x00, 0xD0, 0xFF, 0xFF, 0xFF, 0xFF, 0x6E, 0x00, 0xE0, 0xFF,
    0xAC, 0xCA, 0xFF, 0xFF, 0x06, 0xC0, 0x16, 0x00, 0x00, 0xD3, 0xFF, 0x1E, 0x00, 0x00, 0x00, 0x00,
    0x40, 0xFF, 0x7F, 0x00, 0x50, 0xFF, 0xFF, 0xFF, 0xFF, 0xBF, 0x00, 0x50, 0xFF, 0xFF, 0xFF, 0xFF,
    0xCF, 0x00, 0x40, 0xAA, 0xAA, 0xAA, 0xFF, 0xCF, 0x00, 0x00, 0x00, 0x00, 0x10, 0xFF, 0xAF, 0x20,
    0x00, 0x00, 0x00, 0x70, 0xFF, 0x6F, 0xE1, 0x17, 0x00, 0x00, 0xF7, 0xFF, 0x1D, 0xF1, 0xEF, 0x9B,
    0xEA, 0xFF, 0xFF, 0x04, 0xF1, 0xFF, 0xFF, 0xFF, 0xFF, 0x4E, 0x00, 0x20, 0xA7, 0xED, 0xDF, 0x6B,
    0x01, 0x00,
    // Unicode: [0x042E]
    0xF2, 0xFF, 0x09, 0x00, 0x00, 0x82, 0xEC, 0xEF, 0x8C, 0x02, 0x00, 0xF2, 0xFF, 0x09, 0x00, 0x70,
    0xFF, 0xFF, 0xFF, 0xFF, 0x7F, 0x00, 0xF2, 0xFF, 0x09, 0x00, 0xF6, 0xFF, 0xDF, 0xDB, 0xFF, 0xFF,
    0x07, 0xF2, 0xFF, 0x09, 0x10, 0xFE, 0xFF, 0x05, 0x00, 0xF5, 0xFF, 0x2F, 0xF2, 0xFF, 0x09, 0x70,
    0xFF, 0x8F, 0x00, 0x00, 0x80, 0xFF, 0x8F, 0xF2, 0xFF, 0xFF, 0xFF, 0xFF, 0x3F, 0x00, 0x00, 0x30,
    0xFF, 0xBF, 0xF2, 0xFF, 0xFF, 0xFF, 0xFF, 0x1F, 0x00, 0x00, 0x10, 0xFF, 0xDF, 0xF2, 0xFF, 0xBD,
    0xEB, 0xFF, 0x1F, 0x00, 0x00, 0x00, 0xFF, 0xDF, 0xF2, 0xFF, 0x09, 0x90, 0xFF, 0x3F, 0x00, 0x00,
    0x20, 0xFF, 0xBF, 0xF2, 0xFF, 0x09, 0x60, 0xFF, 0x8F, 0x00, 0x00, 0x80, 0xFF, 0x8F, 0xF2, 0xFF,
    0x09, 0x10, 0xFE, 0xFF, 0x05, 0x00, 0xF5, 0xFF, 0x2F, 0xF2, 0xFF, 0x09, 0x00, 0xF5, 0xFF, 0xDF,
    0xDB, 0xFF, 0xFF, 0x07, 0xF2, 0xFF, 0x09, 0x00, 0x50, 0xFE, 0xFF, 0xFF, 0xFF, 0x7F, 0x00, 0xF2,
    0xFF, 0x09, 0x00, 0x00, 0x71, 0xEC, 0xEF, 0x8C, 0x02, 0x00,
    // Unicode: [0x042F]
    0x00, 0x20, 0xD9, 0xFE, 0xFF, 0xFF, 0xFF, 0x01, 0x00, 0xE4, 0xFF, 0xFF, 0xFF, 0xFF, 0xFF, 0x01,
    0x00, 0xFE, 0xFF, 0xAD, 0x99, 0xFD, 0xFF, 0x01, 0x30, 0xFF, 0xDF, 0x01, 0x00, 0xFA, 0xFF, 0x01,
    0x40, 0xFF, 0x9F, 0x00, 0x00, 0xFA, 0xFF, 0x01, 0x20, 0xFF, 0xDF, 0x01, 0x00, 0xFA, 0xFF, 0x01,
    0x00, 0xFA, 0xFF, 0x9D, 0x88, 0xFD, 0xFF, 0x01, 0x00, 0xB1, 0xFF, 0xFF, 0xFF, 0xFF, 0xFF, 0x01,
    0x00, 0x00, 0xFB, 0xFF, 0xFF, 0xFF, 0xFF, 0x01, 0x00, 0x60, 0xFF, 0xDF, 0x01, 0xFA, 0xFF, 0x01,
    0x00, 0xE3, 0xFF, 0x3F, 0x00, 0xFA, 0xFF, 0x01, 0x10, 0xFD, 0xFF, 0x07, 0x00, 0xFA, 0xFF, 0x01,
    0xA0, 0xFF, 0xBF, 0x00, 0x00, 0xFA, 0xFF, 0x01, 0xF7, 0xFF, 0x1D, 0x00, 0x00, 0xFA, 0xFF, 0x01,
    // Unicode: [0x0430]
    0x10, 0xC9, 0xED, 0xEF, 0x8C, 0x01, 0x30, 0xFF, 0xFF, 0xFF, 0xFF, 0x2E, 0x30, 0xAE, 0x57, 0xB7,
    0xFF, 0x9F, 0x00, 0x00, 0x00, 0x00, 0xFC, 0xBF, 0x00, 0x61, 0xCA, 0xED, 0xFF, 0xCF, 0x40, 0xFE,
    0xFF, 0xFF, 0xFF, 0xCF, 0xD0, 0xFF, 0x6E, 0x13, 0xFB, 0xCF, 0xF2, 0xFF, 0x07, 0x00, 0xFB, 0xCF,
    0xF1, 0xFF, 0x1B, 0x51, 0xFE, 0xCF, 0x90, 0xFF, 0xFF, 0xFF, 0xFF, 0xCF, 0x00, 0xD7, 0xEF, 0x5B,
    0xFB, 0xCF,
    // Unicode: [0x0431]
    0x00, 0x20, 0xB7, 0xED, 0xFF, 0x4F, 0x00, 0x00, 0xF9, 0xFF, 0xFF, 0xFF, 0x4F, 0x00, 0x90, 0xFF,
    0xDF, 0x9A, 0x88, 0x28, 0x00, 0xF2, 0xFF, 0x36, 0x87, 0x16, 0x00, 0x00, 0xF7, 0xEF, 0xFC, 0xFF,
    0xFF, 0x06, 0x00, 0xFA, 0xFF, 0xFF, 0xFF, 0xFF, 0x4F, 0x00, 0xFC, 0xDF, 0x14, 0x81, 0xFF, 0xCF,
    0x00, 0xFD, 0xBF, 0x00, 0x00, 0xFC, 0xFF, 0x00, 0xFC, 0xCF, 0x00, 0x00, 0xF9, 0xFF, 0x01, 0xFA,
    0xEF, 0x00, 0x00, 0xFA, 0xFF, 0x00, 0xF6, 0xFF, 0x05, 0x10, 0xFE, 0xBF, 0x00, 0xE1, 0xFF, 0x7E,
    0xD7, 0xFF, 0x4F, 0x00, 0x40, 0xFE, 0xFF, 0xFF, 0xFF, 0x06, 0x00, 0x00, 0x92, 0xED, 0xDF, 0x39,
    0x00, 0x00,
    // Unicode: [0x0432]
    0xF5, 0xFF, 0xFF, 0xFF, 0xBE, 0x02, 0xF5, 0xFF, 0xFF, 0xFF, 0xFF, 0x0C, 0xF5, 0xFF, 0x24, 0xC3,
    0xFF, 0x1F, 0xF5, 0xFF, 0x02, 0x70, 0xFF, 0x0F, 0xF5, 0xFF, 0x02, 0xC1, 0xFF, 0x08, 0xF5, 0xFF,
    0xFF, 0xFF, 0xCF, 0x01, 0xF5, 0xFF, 0xCD, 0xFD, 0xFF, 0x2E, 0xF5, 0xFF, 0x02, 0x20, 0xFF, 0x8F,
    0xF5, 0xFF, 0x24, 0x62, 0xFF, 0x9F, 0xF5, 0xFF, 0xFF, 0xFF, 0xFF, 0x3E, 0xF5, 0xFF, 0xFF, 0xFF,
    0xBE, 0x03,
    // Unicode: [0x0433]
    0xF5, 0xFF, 0xFF, 0xFF, 0x8F, 0xF5, 0xFF, 0xFF, 0xFF, 0x8F, 0xF5, 0xFF, 0x57, 0x55, 0x35, 0xF5,
    0xFF, 0x03, 0x00, 0x00, 0xF5, 0xFF, 0x03, 0x00, 0x00, 0xF5, 0xFF, 0x03, 0x00, 0x00, 0xF5, 0xFF,
    0x03, 0x00, 0x00, 0xF5, 0xFF, 0x03, 0x00, 0x00, 0xF5, 0xFF, 0x03, 0x00, 0x00, 0xF5, 0xFF, 0x03,
    0x00, 0x00, 0xF5, 0xFF, 0x03, 0x00, 0x00,
    // Unicode: [0x0434]
    0x00, 0xF2, 0xFF, 0xFF, 0xFF, 0xFF, 0x00, 0x00, 0xF2, 0xFF, 0xFF, 0xFF, 0xFF, 0x00, 0x00, 0xF3,
    0xFF, 0x66, 0xFB, 0xFF, 0x00, 0x00, 0xF5, 0xDF, 0x00, 0xF8, 0xFF, 0x00, 0x00, 0xF8, 0xBF, 0x00,
    0xF8, 0xFF, 0x00, 0x00, 0xFB, 0x8F, 0x00, 0xF8, 0xFF, 0x00, 0x00, 0xFE, 0x4F, 0x00, 0xF8, 0xFF,
    0x00, 0x40, 0xFF, 0x1E, 0x00, 0xF8, 0xFF, 0x00, 0xB3, 0xFF, 0x5C, 0x55, 0xFB, 0xFF, 0x05, 0xFA,
    0xFF, 0xFF, 0xFF, 0xFF, 0xFF, 0x1F, 0xFA, 0xFF, 0xFF, 0xFF, 0xFF, 0xFF, 0x1F, 0xFA, 0x8F, 0x00,
    0x00, 0x00, 0xFF, 0x1F, 0xFA, 0x8F, 0x00, 0x00, 0x00, 0xFF, 0x1F, 0xA6, 0x5A, 0x00, 0x00, 0x00,
    0xAA, 0x1A,
    // Unicode: [0x0435]
    0x00, 0x30, 0xD9, 0xFE, 0xAD, 0x03, 0x00, 0x00, 0xF6, 0xFF, 0xFF, 0xFF, 0x5F, 0x00, 0x40, 0xFF,
    0x7F, 0x43, 0xFB, 0xEF, 0x01, 0xC0, 0xFF, 0x08, 0x00, 0xF2, 0xFF, 0x05, 0xF1, 0xFF, 0xFF, 0xFF,
    0xFF, 0xFF, 0x07, 0xF2, 0xFF, 0xFF, 0xFF, 0xFF, 0xFF, 0x07, 0xF1, 0xFF, 0x08, 0x00, 0x00, 0x00,
    0x00, 0xC0, 0xFF, 0x2E, 0x00, 0x00, 0x60, 0x02, 0x50, 0xFF, 0xEF, 0x79, 0x97, 0xFD, 0x04, 0x00,
    0xF7, 0xFF, 0xFF, 0xFF, 0xFF, 0x04, 0x00, 0x20, 0xC8, 0xFE, 0xDE, 0x5A, 0x01,
    // Unicode: [0x0436]
    0xF2, 0xCF, 0x04, 0x00, 0xFB, 0xBF, 0x00, 0x40, 0xFC, 0x1F, 0xF2, 0xFF, 0x2E, 0x00, 0xFB, 0xBF,
    0x00, 0xF3, 0xFF, 0x1F, 0xD1, 0xFF, 0xAF, 0x00, 0xFB, 0xBF, 0x00, 0xFB, 0xFF, 0x1D, 0x00, 0xE2,
    0xFF, 0x03, 0xFB, 0xBF, 0x30, 0xFF, 0x2E, 0x00, 0x00, 0x80, 0xFF, 0x4C, 0xFC, 0xCF, 0xC4, 0xFF,
    0x07, 0x00, 0x00, 0x10, 0xFE, 0xFF, 0xFF, 0xFF, 0xFF, 0xEF, 0x01, 0x00, 0x00, 0x50, 0xFF, 0xFF,
    0xFF, 0xFF, 0xFF, 0xFF, 0x05, 0x00, 0x00, 0xE2, 0xFF, 0x1D, 0xFB, 0xBF, 0xD1, 0xFF, 0x2E, 0x00,
    0x00, 0xFB, 0xFF, 0x03, 0xFB, 0xBF, 0x40, 0xFF, 0xBF, 0x00, 0x70, 0xFF, 0x8F, 0x00, 0xFB, 0xBF,
    0x00, 0xF8, 0xFF, 0x07, 0xF3, 0xFF, 0x0C, 0x00, 0xFB, 0xBF, 0x00, 0xC0, 0xFF, 0x3F,
    // Unicode: [0x0437]
    0x60, 0xCA, 0xFE, 0xCE, 0x28, 0x00, 0xC0, 0xFF, 0xFF, 0xFF, 0xEF, 0x03, 0xC0, 0x8C, 0x76, 0xFA,
    0xFF, 0x09, 0x00, 0x00, 0x00, 0xF3, 0xFF, 0x06, 0x00, 0xF0, 0xFF, 0xFF, 0x8F, 0x00, 0x00, 0xF0,
    0xFF, 0xFF, 0x8E, 0x00, 0x00, 0x30, 0x33, 0xF5, 0xFF, 0x08, 0x43, 0x00, 0x00, 0xC0, 0xFF, 0x0C,
    0xF5, 0x8C, 0x76, 0xFA, 0xFF, 0x0A, 0xF5, 0xFF, 0xFF, 0xFF, 0xEF, 0x03, 0x61, 0xDA, 0xFF, 0xCE,
    0x17, 0x00,
    // Unicode: [0x0438]
    0xF5, 0xFF, 0x01, 0x10, 0xFD, 0xBF, 0xF5, 0xFF, 0x01, 0x90, 0xFF, 0xBF, 0xF5, 0xFF, 0x01, 0xF5,
    0xFF, 0xBF, 0xF5, 0xFF, 0x21, 0xFE, 0xFF, 0xBF, 0xF5, 0xFF, 0xC1, 0xFF, 0xFC, 0xBF, 0xF5, 0xFF,
    0xF9, 0x7F, 0xFA, 0xBF, 0xF5, 0xFF, 0xFF, 0x0B, 0xFA, 0xBF, 0xF5, 0xFF, 0xEF, 0x02, 0xFA, 0xBF,
    0xF5, 0xFF, 0x5F, 0x00, 0xFA, 0xBF, 0xF5, 0xFF, 0x0A, 0x00, 0xFA, 0xBF, 0xF5, 0xDF, 0x01, 0x00,
    0xFA, 0xBF,
    // Unicode: [0x0439]
    0x10, 0x88, 0x05, 0x20, 0x88, 0x04, 0x00, 0xFE, 0x0C, 0x60, 0xFF, 0x06, 0x00, 0xF6, 0xCF, 0xEA,
    0xDF, 0x01, 0x00, 0x50, 0xEC, 0xDF, 0x19, 0x00, 0x00, 0x00, 0x00, 0x00, 0x00, 0x00, 0xF5, 0xFF,
    0x01, 0x10, 0xFD, 0xBF, 0xF5, 0xFF, 0x01, 0x90, 0xFF, 0xBF, 0xF5, 0xFF, 0x01, 0xF5, 0xFF, 0xBF,
    0xF5, 0xFF, 0x21, 0xFE, 0xFF, 0xBF, 0xF5, 0xFF, 0xC1, 0xFF, 0xFC, 0xBF, 0xF5, 0xFF, 0xF9, 0x7F,
    0xFA, 0xBF, 0xF5, 0xFF, 0xFF, 0x0B, 0xFA, 0xBF, 0xF5, 0xFF, 0xEF, 0x02, 0xFA, 0xBF, 0xF5, 0xFF,
    0x5F, 0x00, 0xFA, 0xBF, 0xF5, 0xFF, 0x0A, 0x00, 0xFA, 0xBF, 0xF5, 0xDF, 0x01, 0x00, 0xFA, 0xBF,
    // Unicode: [0x043A]
    0xF5, 0xFF, 0x03, 0x00, 0xE8, 0xAF, 0x00, 0xF5, 0xFF, 0x03, 0x90, 0xFF, 0xAF, 0x00, 0xF5, 0xFF,
    0x03, 0xF2, 0xFF, 0x8D, 0x00, 0xF5, 0xFF, 0x03, 0xFA, 0x9F, 0x00, 0x00, 0xF5, 0xFF, 0x75, 0xFF,
    0x1F, 0x00, 0x00, 0xF5, 0xFF, 0xFF, 0xFF, 0x08, 0x00, 0x00, 0xF5, 0xFF, 0xFF, 0xFF, 0x1D, 0x00,
    0x00, 0xF5, 0xFF, 0x53, 0xFF, 0xAF, 0x00, 0x00, 0xF5, 0xFF, 0x03, 0xF9, 0xFF, 0x06, 0x00, 0xF5,
    0xFF, 0x03, 0xC1, 0xFF, 0x3F, 0x00, 0xF5, 0xFF, 0x03, 0x30, 0xFE, 0xDF, 0x01,
    // Unicode: [0x043B]
    0x00, 0xF1, 0xFF, 0xFF, 0xFF, 0xFF, 0x08, 0x00, 0xF1, 0xFF, 0xFF, 0xFF, 0xFF, 0x08, 0x00, 0xF2,
    0xFF, 0x67, 0xF6, 0xFF, 0x08, 0x00, 0xF2, 0xFF, 0x01, 0xF0, 0xFF, 0x08, 0x00, 0xF3, 0xFF, 0x00,
    0xF0, 0xFF, 0x08, 0x00, 0xF5, 0xEF, 0x00, 0xF0, 0xFF, 0x08, 0x00, 0xF8, 0xDF, 0x00, 0xF0, 0xFF,
    0x08, 0x20, 0xFE, 0xAF, 0x00, 0xF0, 0xFF, 0x08, 0xE9, 0xFF, 0x5F, 0x00, 0xF0, 0xFF, 0x08, 0xFB,
    0xFF, 0x0B, 0x00, 0xF0, 0xFF, 0x08, 0xFB, 0x8D, 0x01, 0x00, 0xF0, 0xFF, 0x08,
    // Unicode: [0x043C]
    0xF5, 0xFF, 0x0B, 0x00, 0x30, 0xFF, 0xEF, 0xF5, 0xFF, 0x5F, 0x00, 0xB0, 0xFF, 0xEF, 0xF5, 0xFF,
    0xDF, 0x00, 0xF4, 0xFF, 0xEF, 0xF5, 0xFF, 0xFF, 0x07, 0xFD, 0xFF, 0xEF, 0xF5, 0xFF, 0xFC, 0x8E,
    0xFF, 0xFC, 0xEF, 0xF5, 0xFF, 0xF4, 0xFF, 0xCF, 0xF7, 0xEF, 0xF5, 0xFF, 0xB0, 0xFF, 0x3F, 0xF7,
    0xEF, 0xF5, 0xFF, 0x30, 0xFF, 0x0A, 0xF7, 0xEF, 0xF5, 0xFF, 0x00, 0xA7, 0x02, 0xF7, 0xEF, 0xF5,
    0xFF, 0x00, 0x00, 0x00, 0xF7, 0xEF, 0xF5, 0xFF, 0x00, 0x00, 0x00, 0xF7, 0xEF,
    // Unicode: [0x043D]
    0xF5, 0xFF, 0x03, 0x00, 0xFC, 0xBF, 0xF5, 0xFF, 0x03, 0x00, 0xFC, 0xBF, 0xF5, 0xFF, 0x03, 0x00,
    0xFC, 0xBF, 0xF5, 0xFF, 0x03, 0x00, 0xFC, 0xBF, 0xF5, 0xFF, 0xFF, 0xFF, 0xFF, 0xBF, 0xF5, 0xFF,
    0xFF, 0xFF, 0xFF, 0xBF, 0xF5, 0xFF, 0x78, 0x77, 0xFD, 0xBF, 0xF5, 0xFF, 0x03, 0x00, 0xFC, 0xBF,
    0xF5, 0xFF, 0x03, 0x00, 0xFC, 0xBF, 0xF5, 0xFF, 0x03, 0x00, 0xFC, 0xBF, 0xF5, 0xFF, 0x03, 0x00,
    0xFC, 0xBF,
    // Unicode: [0x043E]
    0x00, 0x40, 0xDA, 0xEF, 0x9D, 0x02, 0x00, 0x00, 0xF8, 0xFF, 0xFF, 0xFF, 0x4E, 0x00, 0x50, 0xFF,
    0xCF, 0x87, 0xFE, 0xEF, 0x02, 0xC0, 0xFF, 0x0D, 0x00, 0xF3, 0xFF, 0x08, 0xF1, 0xFF, 0x09, 0x00,
    0xD0, 0xFF, 0x0C, 0xF2, 0xFF, 0x08, 0x00, 0xC0, 0xFF, 0x0D, 0xF1, 0xFF, 0x09, 0x00, 0xD0, 0xFF,
    0x0C, 0xC0, 0xFF, 0x1D, 0x00, 0xF3, 0xFF, 0x08, 0x50, 0xFF, 0xCF, 0x77, 0xFE, 0xEF, 0x02, 0x00,
    0xF8, 0xFF, 0xFF, 0xFF, 0x5E, 0x00, 0x00, 0x40, 0xDA, 0xEF, 0x9D, 0x02, 0x00,
    // Unicode: [0x043F]
    0xF5, 0xFF, 0xFF, 0xFF, 0xFF, 0xBF, 0xF5, 0xFF, 0xFF, 0xFF, 0xFF, 0xBF, 0xF5, 0xFF, 0x56, 0x55,
    0xFD, 0xBF, 0xF5, 0xFF, 0x03, 0x00, 0xFC, 0xBF, 0xF5, 0xFF, 0x03, 0x00, 0xFC, 0xBF, 0xF5, 0xFF,
    0x03, 0x00, 0xFC, 0xBF, 0xF5, 0xFF, 0x03, 0x00, 0xFC, 0xBF, 0xF5, 0xFF, 0x03, 0x00, 0xFC, 0xBF,
    0xF5, 0xFF, 0x03, 0x00, 0xFC, 0xBF, 0xF5, 0xFF, 0x03, 0x00, 0xFC, 0xBF, 0xF5, 0xFF, 0x03, 0x00,
    0xFC, 0xBF,
    // Unicode: [0x0440]
    0xF5, 0xFF, 0x73, 0xFD, 0xAE, 0x02, 0x00, 0xF5, 0xFF, 0xFE, 0xFF, 0xFF, 0x1D, 0x00, 0xF5, 0xFF,
    0xAE, 0xDA, 0xFF, 0x8F, 0x00, 0xF5, 0xFF, 0x03, 0x10, 0xFE, 0xDF, 0x00, 0xF5, 0xFF, 0x03, 0x00,
    0xF9, 0xFF, 0x01, 0xF5, 0xFF, 0x03, 0x00, 0xF8, 0xFF, 0x01, 0xF5, 0xFF, 0x03, 0x00, 0xFA, 0xFF,
    0x00, 0xF5, 0xFF, 0x03, 0x20, 0xFE, 0xBF, 0x00, 0xF5, 0xFF, 0x79, 0xE8, 0xFF, 0x5F, 0x00, 0xF5,
    0xFF, 0xFF, 0xFF, 0xFF, 0x09, 0x00, 0xF5, 0xFF, 0xC8, 0xFE, 0x6C, 0x00, 0x00, 0xF5, 0xFF, 0x03,
    0x00, 0x00, 0x00, 0x00, 0xF5, 0xFF, 0x03, 0x00, 0x00, 0x00, 0x00, 0xF5, 0xFF, 0x03, 0x00, 0x00,
    0x00, 0x00, 0xF5, 0xFF, 0x03, 0x00, 0x00, 0x00, 0x00,
    // Unicode: [0x0441]
    0x00, 0x20, 0xC8, 0xEE, 0xAD, 0x05, 0x00, 0xF7, 0xFF, 0xFF, 0xFF, 0x2F, 0x40, 0xFF, 0xEF, 0x79,
    0xE9, 0x2F, 0xC0, 0xFF, 0x3F, 0x00, 0x10, 0x19, 0xF1, 0xFF, 0x0A, 0x00, 0x00, 0x00, 0xF2, 0xFF,
    0x08, 0x00, 0x00, 0x00, 0xF1, 0xFF, 0x0A, 0x00, 0x00, 0x00, 0xC0, 0xFF, 0x2E, 0x00, 0x00, 0x18,
    0x50, 0xFF, 0xEF, 0x79, 0xD9, 0x2F, 0x00, 0xF7, 0xFF, 0xFF, 0xFF, 0x2F, 0x00, 0x30, 0xD9, 0xFE,
    0xBD, 0x06,
    // Unicode: [0x0442]
    0xFE, 0xFF, 0xFF, 0xFF, 0xFF, 0x09, 0xFE, 0xFF, 0xFF, 0xFF, 0xFF, 0x09, 0x54, 0x95, 0xFF, 0x6F,
    0x55, 0x03, 0x00, 0x60, 0xFF, 0x2F, 0x00, 0x00, 0x00, 0x60, 0xFF, 0x2F, 0x00, 0x00, 0x00, 0x60,
    0xFF, 0x2F, 0x00, 0x00, 0x00, 0x60, 0xFF, 0x2F, 0x00, 0x00, 0x00, 0x60, 0xFF, 0x2F, 0x00, 0x00,
    0x00, 0x60, 0xFF, 0x2F, 0x00, 0x00, 0x00, 0x60, 0xFF, 0x2F, 0x00, 0x00, 0x00, 0x60, 0xFF, 0x2F,
    0x00, 0x00,
    // Unicode: [0x0443]
    0xF8, 0xFF, 0x03, 0x00, 0xF1, 0xFF, 0x08, 0xF2, 0xFF, 0x08, 0x00, 0xF7, 0xFF, 0x02, 0xB0, 0xFF,
    0x0E, 0x00, 0xFC, 0xBF, 0x00, 0x50, 0xFF, 0x5F, 0x20, 0xFF, 0x4F, 0x00, 0x00, 0xFE, 0xAF, 0x80,
    0xFF, 0x0D, 0x00, 0x00, 0xF8, 0xFF, 0xD2, 0xFF, 0x07, 0x00, 0x00, 0xF2, 0xFF, 0xFB, 0xFF, 0x01,
    0x00, 0x00, 0xC0, 0xFF, 0xFF, 0xAF, 0x00, 0x00, 0x00, 0x60, 0xFF, 0xFF, 0x4F, 0x00, 0x00, 0x00,
    0x10, 0xFE, 0xFF, 0x0D, 0x00, 0x00, 0x00, 0x00, 0xF9, 0xFF, 0x07, 0x00, 0x00, 0x00, 0x00, 0xFA,
    0xFF, 0x01, 0x00, 0x00, 0x00, 0x20, 0xFF, 0xAF, 0x00, 0x00, 0x00, 0x00, 0x80, 0xFF, 0x3F, 0x00,
    0x00, 0x00, 0x00, 0xE0, 0xFF, 0x0C, 0x00, 0x00, 0x00,
    // Unicode: [0x0444]
    0x00, 0x00, 0x00, 0x10, 0xAA, 0x4A, 0x00, 0x00, 0x00, 0x00, 0x00, 0x00, 0x00, 0x10, 0xFF, 0x6F,
    0x00, 0x00, 0x00, 0x00, 0x00, 0x00, 0x00, 0x10, 0xFF, 0x6F, 0x00, 0x00, 0x00, 0x00, 0x00, 0x00,
    0x00, 0x10, 0xFF, 0x6F, 0x00, 0x00, 0x00, 0x00, 0x00, 0x70, 0xFC, 0xAE, 0xFF, 0xBF, 0xEC, 0xBE,
    0x04, 0x00, 0x00, 0xFA, 0xFF, 0xFF, 0xFF, 0xFF, 0xFF, 0xFF, 0x5F, 0x00, 0x60, 0xFF, 0xDF, 0x78,
    0xFF, 0xAF, 0xB7, 0xFF, 0xDF, 0x00, 0xC0, 0xFF, 0x1D, 0x10, 0xFF, 0x6F, 0x00, 0xF9, 0xFF, 0x04,
    0xF1, 0xFF, 0x08, 0x10, 0xFF, 0x6F, 0x00, 0xF4, 0xFF, 0x06, 0xF2, 0xFF, 0x07, 0x10, 0xFF, 0x6F,
    0x00, 0xF2, 0xFF, 0x06, 0xF1, 0xFF, 0x08, 0x10, 0xFF, 0x6F, 0x00, 0xF4, 0xFF, 0x05, 0xD0, 0xFF,
    0x0D, 0x10, 0xFF, 0x6F, 0x00, 0xF9, 0xFF, 0x02, 0x80, 0xFF, 0xCF, 0x77, 0xFF, 0xAF, 0xB7, 0xFF,
    0xBF, 0x00, 0x10, 0xFD, 0xFF, 0xFF, 0xFF, 0xFF, 0xFF, 0xFF, 0x2E, 0x00, 0x00, 0x91, 0xFD, 0xAE,
    0xFF, 0xBF, 0xFD, 0x9E, 0x02, 0x00, 0x00, 0x00, 0x00, 0x10, 0xFF, 0x6F, 0x00, 0x00, 0x00, 0x00,
    0x00, 0x00, 0x00, 0x10, 0xFF, 0x6F, 0x00, 0x00, 0x00, 0x00, 0x00, 0x00, 0x00, 0x10, 0xFF, 0x6F,
    0x00, 0x00, 0x00, 0x00, 0x00, 0x00, 0x00, 0x10, 0xFF, 0x6F, 0x00, 0x00, 0x00, 0x00,
    // Unicode: [0x0445]
    0xF4, 0xFF, 0x0B, 0x00, 0xF5, 0xFF, 0x0A, 0x80, 0xFF, 0x7F, 0x20, 0xFE, 0xDF, 0x01, 0x00, 0xFB,
    0xFF, 0xB3, 0xFF, 0x2E, 0x00, 0x00, 0xD1, 0xFF, 0xFE, 0xFF, 0x05, 0x00, 0x00, 0x30, 0xFF, 0xFF,
    0x8F, 0x00, 0x00, 0x00, 0x00, 0xF9, 0xFF, 0x1E, 0x00, 0x00, 0x00, 0x30, 0xFF, 0xFF, 0xAF, 0x00,
    0x00, 0x00, 0xE1, 0xFF, 0xFE, 0xFF, 0x06, 0x00, 0x00, 0xFB, 0xEF, 0xB2, 0xFF, 0x3F, 0x00, 0x90,
    0xFF, 0x6F, 0x20, 0xFE, 0xDF, 0x01, 0xF5, 0xFF, 0x0A, 0x00, 0xF5, 0xFF, 0x0B,
    // Unicode: [0x0446]
    0xF5, 0xFF, 0x03, 0x00, 0xFC, 0xBF, 0x00, 0xF5, 0xFF, 0x03, 0x00, 0xFC, 0xBF, 0x00, 0xF5, 0xFF,
    0x03, 0x00, 0xFC, 0xBF, 0x00, 0xF5, 0xFF, 0x03, 0x00, 0xFC, 0xBF, 0x00, 0xF5, 0xFF, 0x03, 0x00,
    0xFC, 0xBF, 0x00, 0xF5, 0xFF, 0x03, 0x00, 0xFC, 0xBF, 0x00, 0xF5, 0xFF, 0x03, 0x00, 0xFC, 0xBF,
    0x00, 0xF5, 0xFF, 0x03, 0x00, 0xFC, 0xBF, 0x00, 0xF5, 0xFF, 0x57, 0x55, 0xFD, 0xCF, 0x04, 0xF5,
    0xFF, 0xFF, 0xFF, 0xFF, 0xFF, 0x0D, 0xF5, 0xFF, 0xFF, 0xFF, 0xFF, 0xFF, 0x0D, 0x00, 0x00, 0x00,
    0x00, 0x40, 0xFF, 0x0D, 0x00, 0x00, 0x00, 0x00, 0x40, 0xFF, 0x0D, 0x00, 0x00, 0x00, 0x00, 0x30,
    0xAA, 0x08,
    // Unicode: [0x0447]
    0xFD, 0xAF, 0x00, 0x80, 0xFF, 0x0F, 0xFD, 0xAF, 0x00, 0x80, 0xFF, 0x0F, 0xFD, 0xAF, 0x00, 0x80,
    0xFF, 0x0F, 0xFD, 0xBF, 0x00, 0x80, 0xFF, 0x0F, 0xFC, 0xFF, 0x16, 0x81, 0xFF, 0x0F, 0xF9, 0xFF,
    0xFF, 0xFF, 0xFF, 0x0F, 0xB1, 0xFF, 0xFF, 0xFF, 0xFF, 0x0F, 0x00, 0x53, 0x56, 0x83, 0xFF, 0x0F,
    0x00, 0x00, 0x00, 0x80, 0xFF, 0x0F, 0x00, 0x00, 0x00, 0x80, 0xFF, 0x0F, 0x00, 0x00, 0x00, 0x80,
    0xFF, 0x0F,
    // Unicode: [0x0448]
    0xF5, 0xFF, 0x03, 0xB0, 0xFF, 0x0C, 0x20, 0xFF, 0x6F, 0xF5, 0xFF, 0x03, 0xB0, 0xFF, 0x0C, 0x20,
    0xFF, 0x6F, 0xF5, 0xFF, 0x03, 0xB0, 0xFF, 0x0C, 0x20, 0xFF, 0x6F, 0xF5, 0xFF, 0x03, 0xB0, 0xFF,
    0x0C, 0x20, 0xFF, 0x6F, 0xF5, 0xFF, 0x03, 0xB0, 0xFF, 0x0C, 0x20, 0xFF, 0x6F, 0xF5, 0xFF, 0x03,
    0xB0, 0xFF, 0x0C, 0x20, 0xFF, 0x6F, 0xF5, 0xFF, 0x03, 0xB0, 0xFF, 0x0C, 0x20, 0xFF, 0x6F, 0xF5,
    0xFF, 0x03, 0xB0, 0xFF, 0x0C, 0x20, 0xFF, 0x6F, 0xF5, 0xFF, 0x57, 0xC5, 0xFF, 0x5D, 0x65, 0xFF,
    0x6F, 0xF5, 0xFF, 0xFF, 0xFF, 0xFF, 0xFF, 0xFF, 0xFF, 0x6F, 0xF5, 0xFF, 0xFF, 0xFF, 0xFF, 0xFF,
    0xFF, 0xFF, 0x6F,
    // Unicode: [0x0449]
    0xF5, 0xFF, 0x03, 0xB0, 0xFF, 0x0C, 0x20, 0xFF, 0x6F, 0x00, 0xF5, 0xFF, 0x03, 0xB0, 0xFF, 0x0C,
    0x20, 0xFF, 0x6F, 0x00, 0xF5, 0xFF, 0x03, 0xB0, 0xFF, 0x0C, 0x20, 0xFF, 0x6F, 0x00, 0xF5, 0xFF,
    0x03, 0xB0, 0xFF, 0x0C, 0x20, 0xFF, 0x6F, 0x00, 0xF5, 0xFF, 0x03, 0xB0, 0xFF, 0x0C, 0x20, 0xFF,
    0x6F, 0x00, 0xF5, 0xFF, 0x03, 0xB0, 0xFF, 0x0C, 0x20, 0xFF, 0x6F, 0x00, 0xF5, 0xFF, 0x03, 0xB0,
    0xFF, 0x0C, 0x20, 0xFF, 0x6F, 0x00, 0xF5, 0xFF, 0x03, 0xB0, 0xFF, 0x0C, 0x20, 0xFF, 0x6F, 0x00,
    0xF5, 0xFF, 0x57, 0xC5, 0xFF, 0x5D, 0x65, 0xFF, 0x9F, 0x03, 0xF5, 0xFF, 0xFF, 0xFF, 0xFF, 0xFF,
    0xFF, 0xFF, 0xFF, 0x08, 0xF5, 0xFF, 0xFF, 0xFF, 0xFF, 0xFF, 0xFF, 0xFF, 0xFF, 0x08, 0x00, 0x00,
    0x00, 0x00, 0x00, 0x00, 0x00, 0x90, 0xFF, 0x08, 0x00, 0x00, 0x00, 0x00, 0x00, 0x00, 0x00, 0x90,
    0xFF, 0x08, 0x00, 0x00, 0x00, 0x00, 0x00, 0x00, 0x00, 0x60, 0xAA, 0x05,
    // Unicode: [0x044A]
    0xFE, 0xFF, 0xFF, 0x1F, 0x00, 0x00, 0x00, 0x00, 0xFE, 0xFF, 0xFF, 0x1F, 0x00, 0x00, 0x00, 0x00,
    0x54, 0xA5, 0xFF, 0x1F, 0x00, 0x00, 0x00, 0x00, 0x00, 0x70, 0xFF, 0x3F, 0x33, 0x02, 0x00, 0x00,
    0x00, 0x70, 0xFF, 0xFF, 0xFF, 0xFF, 0x1A, 0x00, 0x00, 0x70, 0xFF, 0xFF, 0xFF, 0xFF, 0xBF, 0x00,
    0x00, 0x70, 0xFF, 0x1F, 0x10, 0xFB, 0xFF, 0x01, 0x00, 0x70, 0xFF, 0x1F, 0x00, 0xF7, 0xFF, 0x03,
    0x00, 0x70, 0xFF, 0x3F, 0x42, 0xFD, 0xEF, 0x01, 0x00, 0x70, 0xFF, 0xFF, 0xFF, 0xFF, 0x7F, 0x00,
    0x00, 0x70, 0xFF, 0xFF, 0xFF, 0xCE, 0x05, 0x00,
    // Unicode: [0x044B]
    0xF5, 0xFF, 0x03, 0x00, 0x00, 0x00, 0xF7, 0xFF, 0x01, 0xF5, 0xFF, 0x03, 0x00, 0x00, 0x00, 0xF7,
    0xFF, 0x01, 0xF5, 0xFF, 0x03, 0x00, 0x00, 0x00, 0xF7, 0xFF, 0x01, 0xF5, 0xFF, 0x35, 0x23, 0x01,
    0x00, 0xF7, 0xFF, 0x01, 0xF5, 0xFF, 0xFF, 0xFF, 0xBF, 0x02, 0xF7, 0xFF, 0x01, 0xF5, 0xFF, 0xFF,
    0xFF, 0xFF, 0x0D, 0xF7, 0xFF, 0x01, 0xF5, 0xFF, 0x03, 0xA1, 0xFF, 0x3F, 0xF7, 0xFF, 0x01, 0xF5,
    0xFF, 0x03, 0x50, 0xFF, 0x4F, 0xF7, 0xFF, 0x01, 0xF5, 0xFF, 0x25, 0xC3, 0xFF, 0x2F, 0xF7, 0xFF,
    0x01, 0xF5, 0xFF, 0xFF, 0xFF, 0xFF, 0x09, 0xF7, 0xFF, 0x01, 0xF5, 0xFF, 0xFF, 0xFF, 0x6C, 0x00,
    0xF7, 0xFF, 0x01,
    // Unicode: [0x044C]
    0xF5, 0xFF, 0x03, 0x00, 0x00, 0x00, 0xF5, 0xFF, 0x03, 0x00, 0x00, 0x00, 0xF5, 0xFF, 0x03, 0x00,
    0x00, 0x00, 0xF5, 0xFF, 0x35, 0x23, 0x01, 0x00, 0xF5, 0xFF, 0xFF, 0xFF, 0xBF, 0x02, 0xF5, 0xFF,
    0xFF, 0xFF, 0xFF, 0x0D, 0xF5, 0xFF, 0x03, 0xA1, 0xFF, 0x3F, 0xF5, 0xFF, 0x03, 0x50, 0xFF, 0x4F,
    0xF5, 0xFF, 0x25, 0xC3, 0xFF, 0x2F, 0xF5, 0xFF, 0xFF, 0xFF, 0xFF, 0x09, 0xF5, 0xFF, 0xFF, 0xFF,
    0x6C, 0x00,
    // Unicode: [0x044D]
    0x50, 0xDA, 0xFE, 0xAD, 0x04, 0x00, 0xF0, 0xFF, 0xFF, 0xFF, 0xAF, 0x00, 0xF0, 0x7C, 0x54, 0xF9,
    0xFF, 0x08, 0x30, 0x00, 0x00, 0x60, 0xFF, 0x0E, 0x00, 0xF2, 0xFF, 0xFF, 0xFF, 0x3F, 0x00, 0xF2,
    0xFF, 0xFF, 0xFF, 0x4F, 0x00, 0x30, 0x33, 0x63, 0xFF, 0x2F, 0x61, 0x00, 0x00, 0xA0, 0xFF, 0x0D,
    0xF2, 0x6B, 0x54, 0xFB, 0xFF, 0x05, 0xF2, 0xFF, 0xFF, 0xFF, 0x7F, 0x00, 0x71, 0xDB, 0xEF, 0x8C,
    0x02, 0x00,
    // Unicode: [0x044E]
    0xF5, 0xFF, 0x03, 0x00, 0x82, 0xEC, 0xDF, 0x3A, 0x00, 0xF5, 0xFF, 0x03, 0x50, 0xFF, 0xFF, 0xFF,
    0xFF, 0x07, 0xF5, 0xFF, 0x03, 0xF2, 0xFF, 0x7E, 0xD7, 0xFF, 0x4F, 0xF5, 0xFF, 0x67, 0xFA, 0xFF,
    0x03, 0x10, 0xFE, 0xBF, 0xF5, 0xFF, 0xFF, 0xFF, 0xDF, 0x00, 0x00, 0xFB, 0xEF, 0xF5, 0xFF, 0xFF,
    0xFF, 0xCF, 0x00, 0x00, 0xFA, 0xFF, 0xF5, 0xFF, 0x03, 0xF9, 0xDF, 0x00, 0x00, 0xFB, 0xEF, 0xF5,
    0xFF, 0x03, 0xF6, 0xFF, 0x03, 0x10, 0xFE, 0xBF, 0xF5, 0xFF, 0x03, 0xD1, 0xFF, 0x7E, 0xD7, 0xFF,
    0x4F, 0xF5, 0xFF, 0x03, 0x30, 0xFE, 0xFF, 0xFF, 0xFF, 0x07, 0xF5, 0xFF, 0x03, 0x00, 0x81, 0xEC,
    0xDF, 0x3A, 0x00,
    // Unicode: [0x044F]
    0x00, 0xA3, 0xFD, 0xFF, 0xFF, 0xFF, 0x30, 0xFE, 0xFF, 0xFF, 0xFF, 0xFF, 0xA0, 0xFF, 0x7F, 0x33,
    0xF9, 0xFF, 0xB0, 0xFF, 0x0E, 0x00, 0xF8, 0xFF, 0x90, 0xFF, 0x4F, 0x00, 0xF8, 0xFF, 0x20, 0xFE,
    0xFF, 0xFF, 0xFF, 0xFF, 0x00, 0xC2, 0xFF, 0xFF, 0xFF, 0xFF, 0x00, 0xF3, 0xFF, 0x19, 0xF9, 0xFF,
    0x10, 0xFC, 0xDF, 0x01, 0xF8, 0xFF, 0x90, 0xFF, 0x4F, 0x00, 0xF8, 0xFF, 0xF5, 0xFF, 0x09, 0x00,
    0xF8, 0xFF,
    // Unicode: [0x0451]
    0x00, 0xF3, 0xBF, 0x00, 0xFE, 0x0F, 0x00, 0x00, 0xF3, 0xBF, 0x00, 0xFE, 0x0F, 0x00, 0x00, 0x92,
    0x79, 0x00, 0x98, 0x09, 0x00, 0x00, 0x00, 0x00, 0x00, 0x00, 0x00, 0x00, 0x00, 0x30, 0xD9, 0xFE,
    0xAD, 0x03, 0x00, 0x00, 0xF6, 0xFF, 0xFF, 0xFF, 0x5F, 0x00, 0x40, 0xFF, 0x7F, 0x43, 0xFB, 0xEF,
    0x01, 0xC0, 0xFF, 0x08, 0x00, 0xF2, 0xFF, 0x05, 0xF1, 0xFF, 0xFF, 0xFF, 0xFF, 0xFF, 0x07, 0xF2,
    0xFF, 0xFF, 0xFF, 0xFF, 0xFF, 0x07, 0xF1, 0xFF, 0x08, 0x00, 0x00, 0x00, 0x00, 0xC0, 0xFF, 0x2E,
    0x00, 0x00, 0x60, 0x02, 0x50, 0xFF, 0xEF, 0x79, 0x97, 0xFD, 0x04, 0x00, 0xF7, 0xFF, 0xFF, 0xFF,
    0xFF, 0x04, 0x00, 0x20, 0xC8, 0xFE, 0xDE, 0x5A, 0x01,
    // Unicode: [0x0452]
    0x40, 0xCC, 0x2C, 0x00, 0x00, 0x00, 0x00, 0xF9, 0xFF, 0xFF, 0xFF, 0x05, 0x00, 0x00, 0xF9, 0xFF,
    0xFF, 0xFF, 0x05, 0x00, 0x00, 0x50, 0xFF, 0x3F, 0x00, 0x00, 0x00, 0x00, 0x50, 0xFF, 0x3F, 0xC5,
    0xEE, 0x2B, 0x00, 0x50, 0xFF, 0xCF, 0xFF, 0xFF, 0xEF, 0x01, 0x50, 0xFF, 0xFF, 0xCE, 0xFF, 0xFF,
    0x07, 0x50, 0xFF, 0x6F, 0x00, 0xF4, 0xFF, 0x09, 0x50, 0xFF, 0x3F, 0x00, 0xE0, 0xFF, 0x0A, 0x50,
    0xFF, 0x3F, 0x00, 0xD0, 0xFF, 0x0A, 0x50, 0xFF, 0x3F, 0x00, 0xD0, 0xFF, 0x0A, 0x50, 0xFF, 0x3F,
    0x00, 0xD0, 0xFF, 0x0A, 0x50, 0xFF, 0x3F, 0x00, 0xE0, 0xFF, 0x0A, 0x50, 0xFF, 0x3F, 0x00, 0xF0,
    0xFF, 0x09, 0x50, 0xFF, 0x3F, 0x00, 0xF2, 0xFF, 0x07, 0x00, 0x00, 0x00, 0x00, 0xF7, 0xFF, 0x03,
    0x00, 0x00, 0x30, 0xA8, 0xFF, 0xCF, 0x00, 0x00, 0x00, 0x60, 0xFF, 0xFF, 0x2E, 0x00, 0x00, 0x00,
    0x60, 0xFF, 0x9E, 0x02, 0x00,
    // Unicode: [0x0453]
    0x00, 0x00, 0xC0, 0xFF, 0x09, 0x00, 0x00, 0xF7, 0xBF, 0x00, 0x00, 0x10, 0xFE, 0x1C, 0x00, 0x00,
    0xA0, 0xDF, 0x01, 0x00, 0x00, 0x00, 0x00, 0x00, 0x00, 0xF5, 0xFF, 0xFF, 0xFF, 0x8F, 0xF5, 0xFF,
    0xFF, 0xFF, 0x8F, 0xF5, 0xFF, 0x57, 0x55, 0x35, 0xF5, 0xFF, 0x03, 0x00, 0x00, 0xF5, 0xFF, 0x03,
    0x00, 0x00, 0xF5, 0xFF, 0x03, 0x00, 0x00, 0xF5, 0xFF, 0x03, 0x00, 0x00, 0xF5, 0xFF, 0x03, 0x00,
    0x00, 0xF5, 0xFF, 0x03, 0x00, 0x00, 0xF5, 0xFF, 0x03, 0x00, 0x00, 0xF5, 0xFF, 0x03, 0x00, 0x00,
    // Unicode: [0x0454]
    0x00, 0x20, 0xC8, 0xFE, 0xBD, 0x16, 0x00, 0xF6, 0xFF, 0xFF, 0xFF, 0x3F, 0x40, 0xFF, 0xAF, 0x45,
    0xA6, 0x3F, 0xC0, 0xFF, 0x09, 0x00, 0x00, 0x12, 0xF1, 0xFF, 0xFF, 0xFF, 0x4F, 0x00, 0xF2, 0xFF,
    0xFF, 0xFF, 0x4F, 0x00, 0xF1, 0xFF, 0x37, 0x33, 0x13, 0x00, 0xC0, 0xFF, 0x0B, 0x00, 0x00, 0x15,
    0x50, 0xFF, 0xBF, 0x45, 0xB6, 0x3F, 0x00, 0xF7, 0xFF, 0xFF, 0xFF, 0x3F, 0x00, 0x30, 0xC9, 0xFE,
    0xBD, 0x17,
    // Unicode: [0x0455]
    0x00, 0x81, 0xEC, 0xEF, 0x9C, 0x04, 0x30, 0xFE, 0xFF, 0xFF, 0xFF, 0x0A, 0xC0, 0xFF, 0x6E, 0x55,
    0xE9, 0x0A, 0xF0, 0xFF, 0x1C, 0x00, 0x10, 0x04, 0xC0, 0xFF, 0xFF, 0xAD, 0x27, 0x00, 0x30, 0xFE,
    0xFF, 0xFF, 0xFF, 0x05, 0x00, 0x61, 0xDA, 0xFF, 0xFF, 0x1E, 0x71, 0x00, 0x00, 0x91, 0xFF, 0x2F,
    0xF1, 0x9E, 0x46, 0xC5, 0xFF, 0x0E, 0xF1, 0xFF, 0xFF, 0xFF, 0xEF, 0x04, 0x50, 0xDA, 0xFE, 0xCE,
    0x28, 0x00,
    // Unicode: [0x0456]
    0x94, 0x99, 0x02, 0xF7, 0xFF, 0x04, 0xF7, 0xFF, 0x04, 0x00, 0x00, 0x00, 0xF5, 0xFF, 0x03, 0xF5,
    0xFF, 0x03, 0xF5, 0xFF, 0x03, 0xF5, 0xFF, 0x03, 0xF5, 0xFF, 0x03, 0xF5, 0xFF, 0x03, 0xF5, 0xFF,
    0x03, 0xF5, 0xFF, 0x03, 0xF5, 0xFF, 0x03, 0xF5, 0xFF, 0x03, 0xF5, 0xFF, 0x03,
    // Unicode: [0x0457]
    0x92, 0x59, 0x60, 0x99, 0xF3, 0x8F, 0xA0, 0xFF, 0xF3, 0x8F, 0xA0, 0xFF, 0x00, 0x00, 0x00, 0x00,
    0x00, 0xF5, 0xFF, 0x03, 0x00, 0xF5, 0xFF, 0x03, 0x00, 0xF5, 0xFF, 0x03, 0x00, 0xF5, 0xFF, 0x03,
    0x00, 0xF5, 0xFF, 0x03, 0x00, 0xF5, 0xFF, 0x03, 0x00, 0xF5, 0xFF, 0x03, 0x00, 0xF5, 0xFF, 0x03,
    0x00, 0xF5, 0xFF, 0x03, 0x00, 0xF5, 0xFF, 0x03, 0x00, 0xF5, 0xFF, 0x03,
    // Unicode: [0x0458]
    0x00, 0x50, 0xFF, 0x6F, 0x00, 0x50, 0xFF, 0x6F, 0x00, 0x30, 0x99, 0x49, 0x00, 0x00, 0x00, 0x00,
    0x30, 0xFF, 0xFF, 0x6F, 0x30, 0xFF, 0xFF, 0x6F, 0x10, 0x65, 0xFF, 0x6F, 0x00, 0x20, 0xFF, 0x6F,
    0x00, 0x20, 0xFF, 0x6F, 0x00, 0x20, 0xFF, 0x6F, 0x00, 0x20, 0xFF, 0x6F, 0x00, 0x20, 0xFF, 0x6F,
    0x00, 0x20, 0xFF, 0x6F, 0x00, 0x20, 0xFF, 0x6F, 0x00, 0x30, 0xFF, 0x6F, 0x00, 0x70, 0xFF, 0x6F,
    0xB6, 0xFC, 0xFF, 0x3F, 0xF8, 0xFF, 0xFF, 0x0A, 0xE7, 0xFF, 0x7D, 0x00,
    // Unicode: [0x0459]
    0x00, 0xF1, 0xFF, 0xFF, 0xFF, 0xFF, 0x06, 0x00, 0x00, 0x00, 0x00, 0xF1, 0xFF, 0xFF, 0xFF, 0xFF,
    0x06, 0x00, 0x00, 0x00, 0x00, 0xF2, 0xFF, 0x67, 0xF6, 0xFF, 0x06, 0x00, 0x00, 0x00, 0x00, 0xF2,
    0xFF, 0x01, 0xF1, 0xFF, 0x38, 0x23, 0x01, 0x00, 0x00, 0xF3, 0xFF, 0x00, 0xF1, 0xFF, 0xFF, 0xFF,
    0xCF, 0x04, 0x00, 0xF5, 0xEF, 0x00, 0xF1, 0xFF, 0xFF, 0xFF, 0xFF, 0x2F, 0x00, 0xF8, 0xDF, 0x00,
    0xF1, 0xFF, 0x06, 0x60, 0xFF, 0x7F, 0x10, 0xFD, 0xAF, 0x00, 0xF1, 0xFF, 0x06, 0x10, 0xFF, 0x8F,
    0xE8, 0xFF, 0x5F, 0x00, 0xF1, 0xFF, 0x28, 0x93, 0xFF, 0x6F, 0xFB, 0xFF, 0x0B, 0x00, 0xF1, 0xFF,
    0xFF, 0xFF, 0xFF, 0x0C, 0xFB, 0x8D, 0x01, 0x00, 0xF1, 0xFF, 0xFF, 0xFF, 0x8D, 0x01,
    // Unicode: [0x045A]
    0xF5, 0xFF, 0x03, 0x00, 0xFE, 0x8F, 0x00, 0x00, 0x00, 0x00, 0xF5, 0xFF, 0x03, 0x00, 0xFE, 0x8F,
    0x00, 0x00, 0x00, 0x00, 0xF5, 0xFF, 0x03, 0x00, 0xFE, 0x8F, 0x00, 0x00, 0x00, 0x00, 0xF5, 0xFF,
    0x03, 0x00, 0xFE, 0x8F, 0x00, 0x00, 0x00, 0x00, 0xF5, 0xFF, 0xFF, 0xFF, 0xFF, 0xFF, 0xFF, 0xEF,
    0x3B, 0x00, 0xF5, 0xFF, 0xFF, 0xFF, 0xFF, 0xFF, 0xFF, 0xFF, 0xFF, 0x03, 0xF5, 0xFF, 0x24, 0x22,
    0xFE, 0x9F, 0x22, 0xF6, 0xFF, 0x09, 0xF5, 0xFF, 0x03, 0x00, 0xFE, 0x8F, 0x00, 0xE0, 0xFF, 0x0B,
    0xF5, 0xFF, 0x03, 0x00, 0xFE, 0x9F, 0x32, 0xF7, 0xFF, 0x08, 0xF5, 0xFF, 0x03, 0x00, 0xFE, 0xFF,
    0xFF, 0xFF, 0xDF, 0x01, 0xF5, 0xFF, 0x03, 0x00, 0xFE, 0xFF, 0xFF, 0xEF, 0x2A, 0x00,
    // Unicode: [0x045B]
    0x40, 0xCC, 0x2C, 0x00, 0x00, 0x00, 0x00, 0xF9, 0xFF, 0xFF, 0xFF, 0x05, 0x00, 0x00, 0xF9, 0xFF,
    0xFF, 0xFF, 0x05, 0x00, 0x00, 0x50, 0xFF, 0x3F, 0x00, 0x00, 0x00, 0x00, 0x50, 0xFF, 0x3F, 0xC5,
    0xEE, 0x3B, 0x00, 0x50, 0xFF, 0xCF, 0xFF, 0xFF, 0xEF, 0x01, 0x50, 0xFF, 0xFF, 0xCE, 0xFF, 0xFF,
    0x07, 0x50, 0xFF, 0x5F, 0x00, 0xF3, 0xFF, 0x09, 0x50, 0xFF, 0x3F, 0x00, 0xE0, 0xFF, 0x0A, 0x50,
    0xFF, 0x3F, 0x00, 0xD0, 0xFF, 0x0A, 0x50, 0xFF, 0x3F, 0x00, 0xD0, 0xFF, 0x0A, 0x50, 0xFF, 0x3F,
    0x00, 0xD0, 0xFF, 0x0A, 0x50, 0xFF, 0x3F, 0x00, 0xD0, 0xFF, 0x0A, 0x50, 0xFF, 0x3F, 0x00, 0xD0,
    0xFF, 0x0A, 0x50, 0xFF, 0x3F, 0x00, 0xD0, 0xFF, 0x0A,
    // Unicode: [0x045C]
    0x00, 0x00, 0x00, 0xFC, 0xAF, 0x00, 0x00, 0x00, 0x00, 0x60, 0xFF, 0x0B, 0x00, 0x00, 0x00, 0x00,
    0xE1, 0xCF, 0x01, 0x00, 0x00, 0x00, 0x00, 0xF9, 0x1D, 0x00, 0x00, 0x00, 0x00, 0x00, 0x00, 0x00,
    0x00, 0x00, 0x00, 0xF5, 0xFF, 0x03, 0x00, 0xE8, 0xAF, 0x00, 0xF5, 0xFF, 0x03, 0x90, 0xFF, 0xAF,
    0x00, 0xF5, 0xFF, 0x03, 0xF2, 0xFF, 0x8D, 0x00, 0xF5, 0xFF, 0x03, 0xFA, 0x9F, 0x00, 0x00, 0xF5,
    0xFF, 0x75, 0xFF, 0x1F, 0x00, 0x00, 0xF5, 0xFF, 0xFF, 0xFF, 0x08, 0x00, 0x00, 0xF5, 0xFF, 0xFF,
    0xFF, 0x1D, 0x00, 0x00, 0xF5, 0xFF, 0x53, 0xFF, 0xAF, 0x00, 0x00, 0xF5, 0xFF, 0x03, 0xF9, 0xFF,
    0x06, 0x00, 0xF5, 0xFF, 0x03, 0xC1, 0xFF, 0x3F, 0x00, 0xF5, 0xFF, 0x03, 0x30, 0xFE, 0xDF, 0x01,
    // Unicode: [0x045D]
    0x00, 0xF7, 0xEF, 0x01, 0x00, 0x00, 0x00, 0x80, 0xFF, 0x09, 0x00, 0x00, 0x00, 0x00, 0xFA, 0x3F,
    0x00, 0x00, 0x00, 0x00, 0xB0, 0xCF, 0x00, 0x00, 0x00, 0x00, 0x00, 0x00, 0x00, 0x00, 0xF5, 0xFF,
    0x01, 0x10, 0xFD, 0xBF, 0xF5, 0xFF, 0x01, 0x90, 0xFF, 0xBF, 0xF5, 0xFF, 0x01, 0xF5, 0xFF, 0xBF,
    0xF5, 0xFF, 0x21, 0xFE, 0xFF, 0xBF, 0xF5, 0xFF, 0xC1, 0xFF, 0xFC, 0xBF, 0xF5, 0xFF, 0xF9, 0x7F,
    0xFA, 0xBF, 0xF5, 0xFF, 0xFF, 0x0B, 0xFA, 0xBF, 0xF5, 0xFF, 0xEF, 0x02, 0xFA, 0xBF, 0xF5, 0xFF,
    0x5F, 0x00, 0xFA, 0xBF, 0xF5, 0xFF, 0x0A, 0x00, 0xFA, 0xBF, 0xF5, 0xDF, 0x01, 0x00, 0xFA, 0xBF,
    // Unicode: [0x045E]
    0x00, 0x85, 0x18, 0x00, 0x86, 0x07, 0x00, 0x00, 0xF8, 0x4F, 0x00, 0xFE, 0x0C, 0x00, 0x00, 0xE1,
    0xEF, 0xDA, 0xFF, 0x05, 0x00, 0x00, 0x20, 0xEA, 0xEF, 0x4B, 0x00, 0x00, 0x00, 0x00, 0x00, 0x00,
    0x00, 0x00, 0x00, 0xF8, 0xFF, 0x03, 0x00, 0xF1, 0xFF, 0x08, 0xF2, 0xFF, 0x08, 0x00, 0xF7, 0xFF,
    0x02, 0xB0, 0xFF, 0x0E, 0x00, 0xFC, 0xBF, 0x00, 0x50, 0xFF, 0x5F, 0x20, 0xFF, 0x4F, 0x00, 0x00,
    0xFE, 0xAF, 0x80, 0xFF, 0x0D, 0x00, 0x00, 0xF8, 0xFF, 0xD2, 0xFF, 0x07, 0x00, 0x00, 0xF2, 0xFF,
    0xFB, 0xFF, 0x01, 0x00, 0x00, 0xC0, 0xFF, 0xFF, 0xAF, 0x00, 0x00, 0x00, 0x60, 0xFF, 0xFF, 0x4F,
    0x00, 0x00, 0x00, 0x10, 0xFE, 0xFF, 0x0D, 0x00, 0x00, 0x00, 0x00, 0xF9, 0xFF, 0x07, 0x00, 0x00,
    0x00, 0x00, 0xFA, 0xFF, 0x01, 0x00, 0x00, 0x00, 0x20, 0xFF, 0xAF, 0x00, 0x00, 0x00, 0x00, 0x80,
    0xFF, 0x3F, 0x00, 0x00, 0x00, 0x00, 0xE0, 0xFF, 0x0C, 0x00, 0x00, 0x00,
    // Unicode: [0x045F]
    0xF5, 0xFF, 0x03, 0x00, 0xFC, 0xBF, 0xF5, 0xFF, 0x03, 0x00, 0xFC, 0xBF, 0xF5, 0xFF, 0x03, 0x00,
    0xFC, 0xBF, 0xF5, 0xFF, 0x03, 0x00, 0xFC, 0xBF, 0xF5, 0xFF, 0x03, 0x00, 0xFC, 0xBF, 0xF5, 0xFF,
    0x03, 0x00, 0xFC, 0xBF, 0xF5, 0xFF, 0x03, 0x00, 0xFC, 0xBF, 0xF5, 0xFF, 0x03, 0x00, 0xFC, 0xBF,
    0xF5, 0xFF, 0x46, 0x44, 0xFD, 0xBF, 0xF5, 0xFF, 0xFF, 0xFF, 0xFF, 0xBF, 0xF5, 0xFF, 0xFF, 0xFF,
    0xFF, 0xBF, 0x00, 0x00, 0xF5, 0xCF, 0x00, 0x00, 0x00, 0x00, 0xF5, 0xCF, 0x00, 0x00, 0x00, 0x00,
    0x83, 0x68, 0x00, 0x00,
    // Unicode: [0x0478]
    0x00, 0x40, 0xDA, 0xEF, 0x8C, 0x02, 0x00, 0x00, 0x00, 0x00, 0x00, 0x00, 0x00, 0x10, 0xFA, 0xFF,
    0xFF, 0xFF, 0x5E, 0x00, 0x00, 0x00, 0x00, 0x00, 0x00, 0x00, 0xA0, 0xFF, 0xEF, 0xCB, 0xFF, 0xFF,
    0x04, 0x00, 0x00, 0x00, 0x00, 0x00, 0x00, 0xF4, 0xFF, 0x2D, 0x00, 0xF5, 0xFF, 0x0D, 0xF3, 0xFF,
    0x03, 0x00, 0xF7, 0xDF, 0xF9, 0xFF, 0x05, 0x00, 0xB0, 0xFF, 0x4F, 0xC0, 0xFF, 0x08, 0x00, 0xFC,
    0x8F, 0xFD, 0xFF, 0x01, 0x00, 0x60, 0xFF, 0x7F, 0x70, 0xFF, 0x0D, 0x20, 0xFF, 0x2F, 0xFE, 0xEF,
    0x00, 0x00, 0x40, 0xFF, 0x9F, 0x10, 0xFF, 0x3F, 0x70, 0xFF, 0x0C, 0xFE, 0xEF, 0x00, 0x00, 0x40,
    0xFF, 0x9F, 0x00, 0xFB, 0x8F, 0xC0, 0xFF, 0x06, 0xFD, 0xFF, 0x01, 0x00, 0x60, 0xFF, 0x7F, 0x00,
    0xF5, 0xDF, 0xF2, 0xFF, 0x01, 0xF9, 0xFF, 0x05, 0x00, 0xB0, 0xFF, 0x4F, 0x00, 0xE0, 0xFF, 0xFA,
    0xAF, 0x00, 0xF4, 0xFF, 0x2D, 0x00, 0xF5, 0xFF, 0x0D, 0x00, 0x90, 0xFF, 0xFF, 0x5F, 0x00, 0xA0,
    0xFF, 0xEF, 0xCB, 0xFF, 0xFF, 0x04, 0x00, 0x40, 0xFF, 0xFF, 0x0E, 0x00, 0x10, 0xFA, 0xFF, 0xFF,
    0xFF, 0x5F, 0x00, 0x00, 0x00, 0xFD, 0xFF, 0x09, 0x00, 0x00, 0x40, 0xDA, 0xEF, 0x8C, 0x02, 0x00,
    0x00, 0x00, 0xF8, 0xFF, 0x04, 0x00, 0x00, 0x00, 0x00, 0x00, 0x00, 0x00, 0x00, 0x00, 0x00, 0xFB,
    0xDF, 0x00, 0x00, 0x00, 0x00, 0x00, 0x00, 0x00, 0x00, 0x00, 0x00, 0x10, 0xFF, 0x8F, 0x00, 0x00,
    0x00, 0x00, 0x00, 0x00, 0x00, 0x00, 0x00, 0x00, 0x70, 0xFF, 0x2F, 0x00, 0x00, 0x00, 0x00, 0x00,
    0x00, 0x00, 0x00, 0x00, 0x00, 0xC0, 0xFF, 0x0C, 0x00, 0x00,
    // Unicode: [0x0479]
    0x00, 0x50, 0xEB, 0xEF, 0x6B, 0x00, 0xA0, 0xFF, 0x0A, 0x00, 0xE0, 0xFF, 0x05, 0x00, 0xF9, 0xFF,
    0xFF, 0xFF, 0x1B, 0x50, 0xFF, 0x1F, 0x00, 0xF5, 0xEF, 0x01, 0x60, 0xFF, 0xBF, 0xA7, 0xFF, 0x9F,
    0x00, 0xFE, 0x6F, 0x00, 0xFA, 0xAF, 0x00, 0xD0, 0xFF, 0x0D, 0x00, 0xFB, 0xEF, 0x00, 0xF9, 0xBF,
    0x00, 0xFE, 0x4F, 0x00, 0xF1, 0xFF, 0x09, 0x00, 0xF7, 0xFF, 0x03, 0xF3, 0xFF, 0x41, 0xFF, 0x0E,
    0x00, 0xF2, 0xFF, 0x08, 0x00, 0xF6, 0xFF, 0x04, 0xC0, 0xFF, 0x96, 0xFF, 0x08, 0x00, 0xF1, 0xFF,
    0x09, 0x00, 0xF7, 0xFF, 0x03, 0x70, 0xFF, 0xEB, 0xFF, 0x03, 0x00, 0xD0, 0xFF, 0x0D, 0x00, 0xFB,
    0xEF, 0x00, 0x20, 0xFF, 0xFF, 0xDF, 0x00, 0x00, 0x70, 0xFF, 0xBF, 0xA6, 0xFF, 0x9F, 0x00, 0x00,
    0xFB, 0xFF, 0x7F, 0x00, 0x00, 0x00, 0xFA, 0xFF, 0xFF, 0xFF, 0x1C, 0x00, 0x00, 0xF5, 0xFF, 0x2F,
    0x00, 0x00, 0x00, 0x50, 0xEB, 0xEF, 0x6B, 0x00, 0x00, 0x00, 0xF1, 0xFF, 0x0B, 0x00, 0x00, 0x00,
    0x00, 0x00, 0x00, 0x00, 0x00, 0x00, 0x00, 0xF3, 0xFF, 0x06, 0x00, 0x00, 0x00, 0x00, 0x00, 0x00,
    0x00, 0x00, 0x00, 0x00, 0xF9, 0xFF, 0x01, 0x00, 0x00, 0x00, 0x00, 0x00, 0x00, 0x00, 0x00, 0x00,
    0x00, 0xFE, 0xAF, 0x00, 0x00, 0x00, 0x00, 0x00, 0x00, 0x00, 0x00, 0x00, 0x00, 0x50, 0xFF, 0x5F,
    0x00, 0x00, 0x00,
    // Unicode: [0x047C]
    0x00, 0x00, 0x00, 0xD8, 0xDF, 0x38, 0x00, 0x00, 0x00, 0x00, 0x00, 0x00, 0x90, 0xFF, 0xFF, 0xFF,
    0xFF, 0x01, 0x00, 0x00, 0x00, 0x00, 0xD0, 0x4E, 0x40, 0xD9, 0xEE, 0x01, 0x00, 0x00, 0x00, 0x00,
    0x00, 0x00, 0xA5, 0x05, 0x00, 0x00, 0x00, 0x00, 0x00, 0x00, 0x00, 0x00, 0xF8, 0x08, 0x00, 0x00,
    0x00, 0x00, 0x00, 0x00, 0x00, 0x00, 0x90, 0x08, 0x00, 0x00, 0x00, 0x00, 0x00, 0x00, 0x00, 0x00,
    0xF5, 0x03, 0x00, 0x00, 0x00, 0x00, 0x00, 0xB4, 0xFE, 0xAE, 0x22, 0xB0, 0xFE, 0xBE, 0x04, 0x00,
    0x60, 0xFF, 0xFF, 0xEF, 0x00, 0xF0, 0xFF, 0xFF, 0x5F, 0x00, 0xE1, 0xFF, 0xBF, 0xEB, 0x00, 0xF0,
    0xCB, 0xFF, 0xEF, 0x01, 0xF7, 0xFF, 0x09, 0x10, 0x00, 0x10, 0x00, 0xFA, 0xFF, 0x06, 0xFB, 0xFF,
    0x02, 0x00, 0x00, 0x00, 0x00, 0xF4, 0xFF, 0x0A, 0xFE, 0xFF, 0x00, 0x00, 0x00, 0x00, 0x00, 0xF1,
    0xFF, 0x0C, 0xFF, 0xEF, 0x00, 0x00, 0x00, 0x00, 0x00, 0xF0, 0xFF, 0x0D, 0xFF, 0xEF, 0x00, 0x00,
    0x00, 0x00, 0x00, 0xF0, 0xFF, 0x0D, 0xFD, 0xFF, 0x00, 0x00, 0x00, 0x00, 0x00, 0xF2, 0xFF, 0x0C,
    0xFB, 0xFF, 0x04, 0x00, 0x40, 0x00, 0x00, 0xF6, 0xFF, 0x09, 0xF6, 0xFF, 0x1C, 0x00, 0xF8, 0x06,
    0x10, 0xFD, 0xFF, 0x05, 0xD1, 0xFF, 0xEF, 0xDB, 0xFF, 0xCF, 0xEB, 0xFF, 0xCF, 0x00, 0x30, 0xFE,
    0xFF, 0xFF, 0xFF, 0xFF, 0xFF, 0xFF, 0x2D, 0x00, 0x00, 0x81, 0xFD, 0xCE, 0x16, 0xC7, 0xEF, 0x8C,
    0x01, 0x00,
    // Unicode: [0x047D]
    0x00, 0x00, 0x10, 0xE9, 0x7D, 0x00, 0x00, 0x00, 0x00, 0x00, 0x00, 0xB0, 0xFF, 0xFF, 0x3B, 0x00,
    0x00, 0x00, 0x00, 0x00, 0xF2, 0x3F, 0xB2, 0xFF, 0xBF, 0x00, 0x00, 0x00, 0x00, 0xE5, 0x0B, 0x00,
    0xC7, 0xAE, 0x00, 0x00, 0x00, 0x00, 0x00, 0x00, 0xFD, 0x03, 0x00, 0x00, 0x00, 0x00, 0x00, 0x00,
    0x00, 0xE8, 0x03, 0x00, 0x00, 0x00, 0x00, 0x00, 0x00, 0x00, 0xD7, 0x00, 0x00, 0x00, 0x00, 0x00,
    0x81, 0xFD, 0x8E, 0x13, 0xE8, 0xDF, 0x19, 0x00, 0x00, 0xFC, 0xFF, 0xBF, 0x00, 0xFB, 0xFF, 0xDF,
    0x01, 0x70, 0xFF, 0x9F, 0x87, 0x00, 0x78, 0xFA, 0xFF, 0x07, 0xC0, 0xFF, 0x0C, 0x00, 0x00, 0x00,
    0xD0, 0xFF, 0x0C, 0xF0, 0xFF, 0x09, 0x00, 0x00, 0x00, 0x90, 0xFF, 0x0F, 0xF1, 0xFF, 0x08, 0x00,
    0x00, 0x00, 0x80, 0xFF, 0x0F, 0xF0, 0xFF, 0x08, 0x00, 0x11, 0x00, 0x90, 0xFF, 0x0F, 0xD0, 0xFF,
    0x0C, 0x00, 0xAB, 0x00, 0xC0, 0xFF, 0x0C, 0x80, 0xFF, 0x9F, 0xC6, 0xFF, 0x6B, 0xFA, 0xFF, 0x07,
    0x10, 0xFD, 0xFF, 0xFF, 0xFE, 0xFF, 0xFF, 0xCF, 0x01, 0x00, 0x81, 0xFD, 0xAE, 0x32, 0xEB, 0xDF,
    0x18, 0x00,
    // Unicode: [0x0487]
    0x30, 0xEB, 0xBE, 0x05, 0x00, 0xE1, 0xFF, 0xFF, 0xFF, 0x9E, 0xF6, 0x1C, 0x61, 0xEC, 0x9F,
    // Unicode: [0x0490]
    0x00, 0x00, 0x00, 0x00, 0xFF, 0x5F, 0x00, 0x00, 0x00, 0x00, 0xFF, 0x5F, 0x00, 0x00, 0x00, 0x00,
    0xFF, 0x5F, 0x00, 0x00, 0x00, 0x00, 0xFF, 0x5F, 0xF2, 0xFF, 0xFF, 0xFF, 0xFF, 0x5F, 0xF2, 0xFF,
    0xFF, 0xFF, 0xFF, 0x5F, 0xF2, 0xFF, 0xBD, 0xBB, 0xBB, 0x4B, 0xF2, 0xFF, 0x09, 0x00, 0x00, 0x00,
    0xF2, 0xFF, 0x09, 0x00, 0x00, 0x00, 0xF2, 0xFF, 0x09, 0x00, 0x00, 0x00, 0xF2, 0xFF, 0x09, 0x00,
    0x00, 0x00, 0xF2, 0xFF, 0x09, 0x00, 0x00, 0x00, 0xF2, 0xFF, 0x09, 0x00, 0x00, 0x00, 0xF2, 0xFF,
    0x09, 0x00, 0x00, 0x00, 0xF2, 0xFF, 0x09, 0x00, 0x00, 0x00, 0xF2, 0xFF, 0x09, 0x00, 0x00, 0x00,
    0xF2, 0xFF, 0x09, 0x00, 0x00, 0x00, 0xF2, 0xFF, 0x09, 0x00, 0x00, 0x00,
    // Unicode: [0x0491]
    0x00, 0x00, 0x00, 0xF7, 0x8F, 0x00, 0x00, 0x00, 0xF7, 0x8F, 0x00, 0x00, 0x00, 0xF7, 0x8F, 0xF5,
    0xFF, 0xFF, 0xFF, 0x8F, 0xF5, 0xFF, 0xFF, 0xFF, 0x8F, 0xF5, 0xFF, 0x57, 0x55, 0x35, 0xF5, 0xFF,
    0x03, 0x00, 0x00, 0xF5, 0xFF, 0x03, 0x00, 0x00, 0xF5, 0xFF, 0x03, 0x00, 0x00, 0xF5, 0xFF, 0x03,
    0x00, 0x00, 0xF5, 0xFF, 0x03, 0x00, 0x00, 0xF5, 0xFF, 0x03, 0x00, 0x00, 0xF5, 0xFF, 0x03, 0x00,
    0x00, 0xF5, 0xFF, 0x03, 0x00, 0x00,
    // Unicode: [0x0492]
    0x20, 0xFF, 0xFF, 0xFF, 0xFF, 0xFF, 0x05, 0x20, 0xFF, 0xFF, 0xFF, 0xFF, 0xFF, 0x05, 0x20, 0xFF,
    0xDF, 0xBB, 0xBB, 0xBB, 0x04, 0x20, 0xFF, 0x9F, 0x00, 0x00, 0x00, 0x00, 0x20, 0xFF, 0x9F, 0x00,
    0x00, 0x00, 0x00, 0xFB, 0xFF, 0xFF, 0xFF, 0x0B, 0x00, 0x00, 0xFB, 0xFF, 0xFF, 0xFF, 0x0B, 0x00,
    0x00, 0x52, 0xFF, 0xAF, 0x33, 0x02, 0x00, 0x00, 0x20, 0xFF, 0x9F, 0x00, 0x00, 0x00, 0x00, 0x20,
    0xFF, 0x9F, 0x00, 0x00, 0x00, 0x00, 0x20, 0xFF, 0x9F, 0x00, 0x00, 0x00, 0x00, 0x20, 0xFF, 0x9F,
    0x00, 0x00, 0x00, 0x00, 0x20, 0xFF, 0x9F, 0x00, 0x00, 0x00, 0x00, 0x20, 0xFF, 0x9F, 0x00, 0x00,
    0x00, 0x00,
    // Unicode: [0x0493]
    0x50, 0xFF, 0xFF, 0xFF, 0xFF, 0x08, 0x50, 0xFF, 0xFF, 0xFF, 0xFF, 0x08, 0x50, 0xFF, 0x7F, 0x55,
    0x55, 0x03, 0x50, 0xFF, 0x3F, 0x00, 0x00, 0x00, 0x50, 0xFF, 0x3F, 0x00, 0x00, 0x00, 0xF9, 0xFF,
    0xFF, 0xFF, 0x05, 0x00, 0xF9, 0xFF, 0xFF, 0xFF, 0x05, 0x00, 0x50, 0xFF, 0x3F, 0x00, 0x00, 0x00,
    0x50, 0xFF, 0x3F, 0x00, 0x00, 0x00, 0x50, 0xFF, 0x3F, 0x00, 0x00, 0x00, 0x50, 0xFF, 0x3F, 0x00,
    0x00, 0x00,
    // Unicode: [0x0496]
    0xF2, 0xDF, 0x19, 0x00, 0xB0, 0xFF, 0x0F, 0x00, 0x60, 0xEC, 0x6F, 0x00, 0xF2, 0xFF, 0xCF, 0x00,
    0xB0, 0xFF, 0x0F, 0x00, 0xF7, 0xFF, 0x6F, 0x00, 0xF2, 0xFF, 0xFF, 0x06, 0xB0, 0xFF, 0x0F, 0x20,
    0xFF, 0xFF, 0x6F, 0x00, 0x20, 0xE5, 0xFF, 0x0D, 0xB0, 0xFF, 0x0F, 0x80, 0xFF, 0x7F, 0x12, 0x00,
    0x00, 0x60, 0xFF, 0x7F, 0xB0, 0xFF, 0x0F, 0xF2, 0xFF, 0x0A, 0x00, 0x00, 0x00, 0x00, 0xFD, 0xFF,
    0xDA, 0xFF, 0x8F, 0xFE, 0xFF, 0x03, 0x00, 0x00, 0x00, 0x00, 0xF3, 0xFF, 0xFF, 0xFF, 0xFF, 0xFF,
    0x7F, 0x00, 0x00, 0x00, 0x00, 0x00, 0xF9, 0xFF, 0xFF, 0xFF, 0xFF, 0xFF, 0xDF, 0x01, 0x00, 0x00,
    0x00, 0x30, 0xFF, 0xEF, 0xB1, 0xFF, 0x0F, 0xFC, 0xFF, 0x09, 0x00, 0x00, 0x00, 0xD0, 0xFF, 0x6F,
    0xB0, 0xFF, 0x0F, 0xF3, 0xFF, 0x4F, 0x00, 0x00, 0x00, 0xF8, 0xFF, 0x0C, 0xB0, 0xFF, 0x0F, 0x80,
    0xFF, 0xDF, 0x01, 0x00, 0x30, 0xFF, 0xFF, 0x03, 0xB0, 0xFF, 0x0F, 0x10, 0xFD, 0xFF, 0xEF, 0x02,
    0xC0, 0xFF, 0x8F, 0x00, 0xB0, 0xFF, 0x0F, 0x00, 0xF5, 0xFF, 0xFF, 0x02, 0xF8, 0xFF, 0x1D, 0x00,
    0xB0, 0xFF, 0x0F, 0x00, 0xA0, 0xFF, 0xFF, 0x02, 0x00, 0x00, 0x00, 0x00, 0x00, 0x00, 0x00, 0x00,
    0x00, 0xF5, 0xFF, 0x02, 0x00, 0x00, 0x00, 0x00, 0x00, 0x00, 0x00, 0x00, 0x00, 0xF5, 0xFF, 0x02,
    0x00, 0x00, 0x00, 0x00, 0x00, 0x00, 0x00, 0x00, 0x00, 0xF5, 0xFF, 0x02,
    // Unicode: [0x0497]
    0xF2, 0xCF, 0x04, 0x00, 0xFB, 0xBF, 0x00, 0x30, 0xEB, 0x1F, 0xF2, 0xFF, 0x2F, 0x00, 0xFB, 0xBF,
    0x00, 0xF2, 0xFF, 0x1F, 0xD1, 0xFF, 0xAF, 0x00, 0xFB, 0xBF, 0x00, 0xFB, 0xFF, 0x1D, 0x00, 0xE2,
    0xFF, 0x03, 0xFB, 0xBF, 0x30, 0xFF, 0x2E, 0x00, 0x00, 0x80, 0xFF, 0x4C, 0xFC, 0xCF, 0xC4, 0xFF,
    0x07, 0x00, 0x00, 0x10, 0xFE, 0xFF, 0xFF, 0xFF, 0xFF, 0xEF, 0x01, 0x00, 0x00, 0x50, 0xFF, 0xFF,
    0xFF, 0xFF, 0xFF, 0xFF, 0x04, 0x00, 0x00, 0xE2, 0xFF, 0x1D, 0xFB, 0xBF, 0xD1, 0xFF, 0x1D, 0x00,
    0x00, 0xFB, 0xFF, 0x03, 0xFB, 0xBF, 0x40, 0xFF, 0x9F, 0x00, 0x70, 0xFF, 0x8F, 0x00, 0xFB, 0xBF,
    0x00, 0xF8, 0xFF, 0x8F, 0xF3, 0xFF, 0x0C, 0x00, 0xFB, 0xBF, 0x00, 0xC0, 0xFF, 0x8F, 0x00, 0x00,
    0x00, 0x00, 0x00, 0x00, 0x00, 0x00, 0xF9, 0x8F, 0x00, 0x00, 0x00, 0x00, 0x00, 0x00, 0x00, 0x00,
    0xF9, 0x8F, 0x00, 0x00, 0x00, 0x00, 0x00, 0x00, 0x00, 0x00, 0xF9, 0x8F,
    // Unicode: [0x049A]
    0xF2, 0xFF, 0x09, 0x00, 0x60, 0xEC, 0x9F, 0x00, 0xF2, 0xFF, 0x09, 0x00, 0xF7, 0xFF, 0x9F, 0x00,
    0xF2, 0xFF, 0x09, 0x30, 0xFF, 0xFF, 0x9F, 0x00, 0xF2, 0xFF, 0x09, 0xC0, 0xFF, 0x5E, 0x11, 0x00,
    0xF2, 0xFF, 0x09, 0xF8, 0xFF, 0x06, 0x00, 0x00, 0xF2, 0xFF, 0xCD, 0xFF, 0xAF, 0x00, 0x00, 0x00,
    0xF2, 0xFF, 0xFF, 0xFF, 0x1E, 0x00, 0x00, 0x00, 0xF2, 0xFF, 0xFF, 0xFF, 0x9F, 0x00, 0x00, 0x00,
    0xF2, 0xFF, 0x29, 0xFE, 0xFF, 0x05, 0x00, 0x00, 0xF2, 0xFF, 0x09, 0xF6, 0xFF, 0x2E, 0x00, 0x00,
    0xF2, 0xFF, 0x09, 0xA0, 0xFF, 0xDF, 0x01, 0x00, 0xF2, 0xFF, 0x09, 0x10, 0xFD, 0xFF, 0xEF, 0x06,
    0xF2, 0xFF, 0x09, 0x00, 0xF4, 0xFF, 0xFF, 0x07, 0xF2, 0xFF, 0x09, 0x00, 0x80, 0xFF, 0xFF, 0x07,
    0x00, 0x00, 0x00, 0x00, 0x00, 0xF0, 0xFF, 0x07, 0x00, 0x00, 0x00, 0x00, 0x00, 0xF0, 0xFF, 0x07,
    0x00, 0x00, 0x00, 0x00, 0x00, 0xF0, 0xFF, 0x07,
    // Unicode: [0x049B]
    0xF5, 0xFF, 0x03, 0x00, 0xE8, 0xAF, 0x00, 0xF5, 0xFF, 0x03, 0x90, 0xFF, 0xAF, 0x00, 0xF5, 0xFF,
    0x03, 0xF2, 0xFF, 0x8D, 0x00, 0xF5, 0xFF, 0x03, 0xFA, 0x9F, 0x00, 0x00, 0xF5, 0xFF, 0x75, 0xFF,
    0x1F, 0x00, 0x00, 0xF5, 0xFF, 0xFF, 0xFF, 0x08, 0x00, 0x00, 0xF5, 0xFF, 0xFF, 0xFF, 0x0C, 0x00,
    0x00, 0xF5, 0xFF, 0x53, 0xFF, 0x8F, 0x00, 0x00, 0xF5, 0xFF, 0x03, 0xF9, 0xFF, 0x04, 0x00, 0xF5,
    0xFF, 0x03, 0xC1, 0xFF, 0xFF, 0x05, 0xF5, 0xFF, 0x03, 0x30, 0xFE, 0xFF, 0x05, 0x00, 0x00, 0x00,
    0x00, 0xC0, 0xFF, 0x05, 0x00, 0x00, 0x00, 0x00, 0xC0, 0xFF, 0x05, 0x00, 0x00, 0x00, 0x00, 0xC0,
    0xFF, 0x05,
    // Unicode: [0x049C]
    0xF2, 0xFF, 0x09, 0x00, 0x50, 0xEC, 0x9F, 0x00, 0xF2, 0xFF, 0x29, 0x03, 0xF6, 0xFF, 0x9F, 0x00,
    0xF2, 0xFF, 0x79, 0x29, 0xFF, 0xFF, 0x9F, 0x00, 0xF2, 0xFF, 0x79, 0xB9, 0xFF, 0x5E, 0x11, 0x00,
    0xF2, 0xFF, 0x79, 0xFE, 0xFF, 0x06, 0x00, 0x00, 0xF2, 0xFF, 0xDD, 0xFF, 0xAF, 0x00, 0x00, 0x00,
    0xF2, 0xFF, 0xFF, 0xFF, 0x1E, 0x00, 0x00, 0x00, 0xF2, 0xFF, 0xFF, 0xFF, 0x8F, 0x00, 0x00, 0x00,
    0xF2, 0xFF, 0x79, 0xFF, 0xFF, 0x05, 0x00, 0x00, 0xF2, 0xFF, 0x79, 0xFE, 0xFF, 0x2E, 0x00, 0x00,
    0xF2, 0xFF, 0x79, 0xB9, 0xFF, 0xCF, 0x00, 0x00, 0xF2, 0xFF, 0x79, 0x19, 0xFE, 0xFF, 0x08, 0x00,
    0xF2, 0xFF, 0x09, 0x00, 0xF4, 0xFF, 0x4F, 0x00, 0xF2, 0xFF, 0x09, 0x00, 0x80, 0xFF, 0xEF, 0x02,
    // Unicode: [0x049D]
    0xF5, 0xFF, 0x03, 0x00, 0xE9, 0xAF, 0x00, 0xF5, 0xFF, 0xC3, 0xA2, 0xFF, 0xAF, 0x00, 0xF5, 0xFF,
    0xE3, 0xF6, 0xFF, 0x8D, 0x00, 0xF5, 0xFF, 0xE3, 0xFE, 0x9F, 0x00, 0x00, 0xF5, 0xFF, 0xE5, 0xFF,
    0x1F, 0x00, 0x00, 0xF5, 0xFF, 0xFF, 0xFF, 0x08, 0x00, 0x00, 0xF5, 0xFF, 0xFF, 0xFF, 0x1D, 0x00,
    0x00, 0xF5, 0xFF, 0xE3, 0xFF, 0xAF, 0x00, 0x00, 0xF5, 0xFF, 0xE3, 0xFB, 0xFF, 0x06, 0x00, 0xF5,
    0xFF, 0xE3, 0xC3, 0xFF, 0x3F, 0x00, 0xF5, 0xFF, 0x03, 0x20, 0xFE, 0xDF, 0x01,
    // Unicode: [0x04A2]
    0xF2, 0xFF, 0x09, 0x00, 0x00, 0xFD, 0xDF, 0x00, 0xF2, 0xFF, 0x09, 0x00, 0x00, 0xFD, 0xDF, 0x00,
    0xF2, 0xFF, 0x09, 0x00, 0x00, 0xFD, 0xDF, 0x00, 0xF2, 0xFF, 0x09, 0x00, 0x00, 0xFD, 0xDF, 0x00,
    0xF2, 0xFF, 0x09, 0x00, 0x00, 0xFD, 0xDF, 0x00, 0xF2, 0xFF, 0xFF, 0xFF, 0xFF, 0xFF, 0xDF, 0x00,
    0xF2, 0xFF, 0xFF, 0xFF, 0xFF, 0xFF, 0xDF, 0x00, 0xF2, 0xFF, 0xBD, 0xBB, 0xBB, 0xFE, 0xDF, 0x00,
    0xF2, 0xFF, 0x09, 0x00, 0x00, 0xFD, 0xDF, 0x00, 0xF2, 0xFF, 0x09, 0x00, 0x00, 0xFD, 0xDF, 0x00,
    0xF2, 0xFF, 0x09, 0x00, 0x00, 0xFD, 0xDF, 0x00, 0xF2, 0xFF, 0x09, 0x00, 0x00, 0xFD, 0xFF, 0x5E,
    0xF2, 0xFF, 0x09, 0x00, 0x00, 0xFD, 0xFF, 0x5F, 0xF2, 0xFF, 0x09, 0x00, 0x00, 0xFD, 0xFF, 0x5F,
    0x00, 0x00, 0x00, 0x00, 0x00, 0x20, 0xFF, 0x5F, 0x00, 0x00, 0x00, 0x00, 0x00, 0x20, 0xFF, 0x5F,
    0x00, 0x00, 0x00, 0x00, 0x00, 0x20, 0xFF, 0x5F,
    // Unicode: [0x04A3]
    0xF5, 0xFF, 0x03, 0x00, 0xFC, 0xBF, 0x00, 0xF5, 0xFF, 0x03, 0x00, 0xFC, 0xBF, 0x00, 0xF5, 0xFF,
    0x03, 0x00, 0xFC, 0xBF, 0x00, 0xF5, 0xFF, 0x03, 0x00, 0xFC, 0xBF, 0x00, 0xF5, 0xFF, 0xFF, 0xFF,
    0xFF, 0xBF, 0x00, 0xF5, 0xFF, 0xFF, 0xFF, 0xFF, 0xBF, 0x00, 0xF5, 0xFF, 0x78, 0x77, 0xFD, 0xBF,
    0x00, 0xF5, 0xFF, 0x03, 0x00, 0xFC, 0xBF, 0x00, 0xF5, 0xFF, 0x03, 0x00, 0xFC, 0xBF, 0x00, 0xF5,
    0xFF, 0x03, 0x00, 0xFC, 0xFF, 0x0D, 0xF5, 0xFF, 0x03, 0x00, 0xFC, 0xFF, 0x0D, 0x00, 0x00, 0x00,
    0x00, 0x40, 0xFF, 0x0D, 0x00, 0x00, 0x00, 0x00, 0x40, 0xFF, 0x0D, 0x00, 0x00, 0x00, 0x00, 0x40,
    0xFF, 0x0D,
    // Unicode: [0x04A8]
    0x00, 0x40, 0xD9, 0x7F, 0x00, 0x00, 0x00, 0x00, 0x00, 0xF9, 0xFF, 0x7F, 0xD8, 0xDF, 0x3A, 0x00,
    0x90, 0xFF, 0xFF, 0xFC, 0xFF, 0xFF, 0xFF, 0x04, 0xF3, 0xFF, 0x3E, 0xF6, 0xFF, 0xEC, 0xFF, 0x0C,
    0xF9, 0xFF, 0x07, 0xFB, 0xDF, 0x40, 0xFF, 0x2F, 0xFD, 0xFF, 0x01, 0xFE, 0xAF, 0x10, 0xFF, 0x4F,
    0xFE, 0xEF, 0x00, 0xFE, 0x9F, 0x10, 0xFF, 0x4F, 0xFE, 0xEF, 0x00, 0xFD, 0xAF, 0x20, 0xFF, 0x3F,
    0xFD, 0xFF, 0x01, 0xFB, 0xDF, 0x60, 0xFF, 0x0E, 0xF9, 0xFF, 0x07, 0xF7, 0xFF, 0xC5, 0xFF, 0x0A,
    0xF3, 0xFF, 0x5E, 0xE1, 0xFF, 0xFF, 0xFF, 0x03, 0x80, 0xFF, 0xFF, 0xEE, 0xFF, 0xFF, 0xDF, 0x7A,
    0x00, 0xF7, 0xFF, 0xFF, 0xFF, 0xFF, 0xFF, 0x8F, 0x00, 0x20, 0xC8, 0xFE, 0xCE, 0xB9, 0xFE, 0x7E,
    // Unicode: [0x04A9]
    0x00, 0x40, 0xEB, 0x0B, 0x00, 0x00, 0x00, 0x00, 0xF9, 0xFF, 0x8C, 0xED, 0x4C, 0x00, 0x60, 0xFF,
    0xAF, 0xFD, 0xFF, 0xEF, 0x02, 0xC0, 0xFF, 0x0A, 0xFE, 0x5C, 0xFF, 0x09, 0xF1, 0xFF, 0x34, 0xFF,
    0x08, 0xFE, 0x0C, 0xF2, 0xFF, 0x32, 0xFF, 0x08, 0xFE, 0x0C, 0xF1, 0xFF, 0x23, 0xFF, 0x1A, 0xFF,
    0x0A, 0xD0, 0xFF, 0x09, 0xFD, 0x9F, 0xFF, 0x05, 0x60, 0xFF, 0x9F, 0xF9, 0xFF, 0xEF, 0x15, 0x00,
    0xF9, 0xFF, 0xFF, 0xFF, 0xFF, 0x1F, 0x00, 0x40, 0xDA, 0xEF, 0xAC, 0xFD, 0x1E,
    // Unicode: [0x04AC]
    0xF9, 0xFF, 0xFF, 0xFF, 0xFF, 0xFF, 0x4F, 0xF9, 0xFF, 0xFF, 0xFF, 0xFF, 0xFF, 0x4F, 0xB7, 0xBB,
    0xFB, 0xFF, 0xBE, 0xBB, 0x3B, 0x00, 0x00, 0xF1, 0xFF, 0x0A, 0x00, 0x00, 0x00, 0x00, 0xF1, 0xFF,
    0x0A, 0x00, 0x00, 0x00, 0x00, 0xF1, 0xFF, 0x0A, 0x00, 0x00, 0x00, 0x00, 0xF1, 0xFF, 0x0A, 0x00,
    0x00, 0x00, 0x00, 0xF1, 0xFF, 0x0A, 0x00, 0x00, 0x00, 0x00, 0xF1, 0xFF, 0x0A, 0x00, 0x00, 0x00,
    0x00, 0xF1, 0xFF, 0x0A, 0x00, 0x00, 0x00, 0x00, 0xF1, 0xFF, 0x0A, 0x00, 0x00, 0x00, 0x00, 0xF1,
    0xFF, 0xEF, 0x02, 0x00, 0x00, 0x00, 0xF1, 0xFF, 0xFF, 0x02, 0x00, 0x00, 0x00, 0xF1, 0xFF, 0xFF,
    0x02, 0x00, 0x00, 0x00, 0x00, 0xF5, 0xFF, 0x02, 0x00, 0x00, 0x00, 0x00, 0xF5, 0xFF, 0x02, 0x00,
    0x00, 0x00, 0x00, 0xF5, 0xFF, 0x02, 0x00,
    // Unicode: [0x04AD]
    0xFE, 0xFF, 0xFF, 0xFF, 0xFF, 0x09, 0xFE, 0xFF, 0xFF, 0xFF, 0xFF, 0x09, 0x54, 0x95, 0xFF, 0x6F,
    0x55, 0x03, 0x00, 0x60, 0xFF, 0x2F, 0x00, 0x00, 0x00, 0x60, 0xFF, 0x2F, 0x00, 0x00, 0x00, 0x60,
    0xFF, 0x2F, 0x00, 0x00, 0x00, 0x60, 0xFF, 0x2F, 0x00, 0x00, 0x00, 0x60, 0xFF, 0x2F, 0x00, 0x00,
    0x00, 0x60, 0xFF, 0x2F, 0x00, 0x00, 0x00, 0x60, 0xFF, 0xFF, 0x04, 0x00, 0x00, 0x60, 0xFF, 0xFF,
    0x04, 0x00, 0x00, 0x00, 0xD0, 0xFF, 0x04, 0x00, 0x00, 0x00, 0xD0, 0xFF, 0x04, 0x00, 0x00, 0x00,
    0xD0, 0xFF, 0x04, 0x00,
    // Unicode: [0x04AE]
    0xF9, 0xFF, 0x09, 0x00, 0x00, 0xFB, 0xFF, 0x05, 0xE1, 0xFF, 0x3F, 0x00, 0x50, 0xFF, 0xBF, 0x00,
    0x50, 0xFF, 0xCF, 0x00, 0xD0, 0xFF, 0x2E, 0x00, 0x00, 0xFB, 0xFF, 0x06, 0xF7, 0xFF, 0x07, 0x00,
    0x00, 0xF2, 0xFF, 0x2E, 0xFE, 0xCF, 0x00, 0x00, 0x00, 0x70, 0xFF, 0xEF, 0xFF, 0x3F, 0x00, 0x00,
    0x00, 0x00, 0xFD, 0xFF, 0xFF, 0x09, 0x00, 0x00, 0x00, 0x00, 0xF4, 0xFF, 0xDF, 0x01, 0x00, 0x00,
    0x00, 0x00, 0xA0, 0xFF, 0x6F, 0x00, 0x00, 0x00, 0x00, 0x00, 0x70, 0xFF, 0x4F, 0x00, 0x00, 0x00,
    0x00, 0x00, 0x70, 0xFF, 0x4F, 0x00, 0x00, 0x00, 0x00, 0x00, 0x70, 0xFF, 0x4F, 0x00, 0x00, 0x00,
    0x00, 0x00, 0x70, 0xFF, 0x4F, 0x00, 0x00, 0x00, 0x00, 0x00, 0x70, 0xFF, 0x4F, 0x00, 0x00, 0x00,
    // Unicode: [0x04AF]
    0xF8, 0xFF, 0x03, 0x00, 0xF1, 0xFF, 0x08, 0xF2, 0xFF, 0x08, 0x00, 0xF7, 0xFF, 0x02, 0xA0, 0xFF,
    0x0E, 0x00, 0xFC, 0xAF, 0x00, 0x40, 0xFF, 0x5F, 0x30, 0xFF, 0x4F, 0x00, 0x00, 0xFD, 0xBF, 0x80,
    0xFF, 0x0C, 0x00, 0x00, 0xF7, 0xFF, 0xE2, 0xFF, 0x06, 0x00, 0x00, 0xF1, 0xFF, 0xFC, 0xEF, 0x01,
    0x00, 0x00, 0xA0, 0xFF, 0xFF, 0x8F, 0x00, 0x00, 0x00, 0x30, 0xFF, 0xFF, 0x2F, 0x00, 0x00, 0x00,
    0x00, 0xFC, 0xFF, 0x0A, 0x00, 0x00, 0x00, 0x00, 0xF6, 0xFF, 0x04, 0x00, 0x00, 0x00, 0x00, 0xF5,
    0xFF, 0x03, 0x00, 0x00, 0x00, 0x00, 0xF5, 0xFF, 0x03, 0x00, 0x00, 0x00, 0x00, 0xF5, 0xFF, 0x03,
    0x00, 0x00, 0x00, 0x00, 0xF5, 0xFF, 0x03, 0x00, 0x00,
    // Unicode: [0x04B0]
    0xF9, 0xFF, 0x0A, 0x00, 0x00, 0xFB, 0xFF, 0x05, 0xD1, 0xFF, 0x4F, 0x00, 0x50, 0xFF, 0xAF, 0x00,
    0x40, 0xFF, 0xCF, 0x00, 0xD1, 0xFF, 0x1E, 0x00, 0x00, 0xFA, 0xFF, 0x07, 0xF8, 0xFF, 0x06, 0x00,
    0x00, 0xE1, 0xFF, 0x3E, 0xFF, 0xBF, 0x00, 0x00, 0x00, 0x50, 0xFF, 0xFF, 0xFF, 0x2E, 0x00, 0x00,
    0x00, 0x00, 0xFB, 0xFF, 0xFF, 0x06, 0x00, 0x00, 0x00, 0x00, 0xE2, 0xFF, 0xCF, 0x00, 0x00, 0x00,
    0x00, 0x00, 0x80, 0xFF, 0x5F, 0x00, 0x00, 0x00, 0x00, 0xF7, 0xFF, 0xFF, 0xFF, 0xFF, 0x04, 0x00,
    0x00, 0xF7, 0xFF, 0xFF, 0xFF, 0xFF, 0x04, 0x00, 0x00, 0x10, 0x81, 0xFF, 0x5F, 0x11, 0x00, 0x00,
    0x00, 0x00, 0x70, 0xFF, 0x4F, 0x00, 0x00, 0x00, 0x00, 0x00, 0x70, 0xFF, 0x4F, 0x00, 0x00, 0x00,
    // Unicode: [0x04B1]
    0xF8, 0xFF, 0x03, 0x00, 0xF1, 0xFF, 0x08, 0xF2, 0xFF, 0x08, 0x00, 0xF7, 0xFF, 0x02, 0xB0, 0xFF,
    0x0E, 0x00, 0xFC, 0xAF, 0x00, 0x50, 0xFF, 0x5F, 0x20, 0xFF, 0x4F, 0x00, 0x00, 0xFD, 0xAF, 0x80,
    0xFF, 0x0D, 0x00, 0x00, 0xF8, 0xFF, 0xD1, 0xFF, 0x07, 0x00, 0x00, 0xF2, 0xFF, 0xFA, 0xEF, 0x01,
    0x00, 0x00, 0xB0, 0xFF, 0xFF, 0x9F, 0x00, 0x00, 0x00, 0x50, 0xFF, 0xFF, 0x3F, 0x00, 0x00, 0x00,
    0x00, 0xFD, 0xFF, 0x0C, 0x00, 0x00, 0x00, 0x11, 0xF8, 0xFF, 0x16, 0x01, 0x00, 0x50, 0xFF, 0xFF,
    0xFF, 0xFF, 0x5F, 0x00, 0x50, 0xFF, 0xFF, 0xFF, 0xFF, 0x5F, 0x00, 0x00, 0x00, 0xF5, 0xFF, 0x03,
    0x00, 0x00, 0x00, 0x00, 0xF5, 0xFF, 0x03, 0x00, 0x00,
    // Unicode: [0x04B2]
    0xF4, 0xFF, 0x2E, 0x00, 0x00, 0xF8, 0xFF, 0x09, 0x80, 0xFF, 0xBF, 0x00, 0x40, 0xFF, 0xCF, 0x00,
    0x00, 0xFC, 0xFF, 0x07, 0xE1, 0xFF, 0x2E, 0x00, 0x00, 0xE2, 0xFF, 0x3F, 0xFB, 0xFF, 0x04, 0x00,
    0x00, 0x50, 0xFF, 0xEF, 0xFF, 0x8F, 0x00, 0x00, 0x00, 0x00, 0xF8, 0xFF, 0xFF, 0x0B, 0x00, 0x00,
    0x00, 0x00, 0xC0, 0xFF, 0xFF, 0x02, 0x00, 0x00, 0x00, 0x00, 0xE2, 0xFF, 0xFF, 0x08, 0x00, 0x00,
    0x00, 0x00, 0xFC, 0xFF, 0xFF, 0x4F, 0x00, 0x00, 0x00, 0x80, 0xFF, 0x8F, 0xFF, 0xDF, 0x01, 0x00,
    0x00, 0xF4, 0xFF, 0x0A, 0xF9, 0xFF, 0x0B, 0x00, 0x10, 0xFE, 0xEF, 0x01, 0xD1, 0xFF, 0xEF, 0x3E,
    0xA0, 0xFF, 0x5F, 0x00, 0x40, 0xFF, 0xFF, 0x3F, 0xF6, 0xFF, 0x0B, 0x00, 0x00, 0xF9, 0xFF, 0x3F,
    0x00, 0x00, 0x00, 0x00, 0x00, 0x40, 0xFF, 0x3F, 0x00, 0x00, 0x00, 0x00, 0x00, 0x40, 0xFF, 0x3F,
    0x00, 0x00, 0x00, 0x00, 0x00, 0x40, 0xFF, 0x3F,
    // Unicode: [0x04B3]
    0xF5, 0xFF, 0x0B, 0x00, 0xF4, 0xFF, 0x0A, 0x90, 0xFF, 0x7F, 0x10, 0xFE, 0xDF, 0x01, 0x00, 0xFC,
    0xFF, 0xA2, 0xFF, 0x3F, 0x00, 0x00, 0xE2, 0xFF, 0xFD, 0xFF, 0x07, 0x00, 0x00, 0x50, 0xFF, 0xFF,
    0xAF, 0x00, 0x00, 0x00, 0x00, 0xFA, 0xFF, 0x1E, 0x00, 0x00, 0x00, 0x20, 0xFE, 0xFF, 0x6F, 0x00,
    0x00, 0x00, 0xC1, 0xFF, 0xFF, 0xFF, 0x03, 0x00, 0x00, 0xFA, 0xFF, 0xD6, 0xFF, 0x1D, 0x00, 0x80,
    0xFF, 0x8F, 0x30, 0xFF, 0xFF, 0x3F, 0xF5, 0xFF, 0x0A, 0x00, 0xF6, 0xFF, 0x3F, 0x00, 0x00, 0x00,
    0x00, 0x00, 0xFF, 0x3F, 0x00, 0x00, 0x00, 0x00, 0x00, 0xFF, 0x3F, 0x00, 0x00, 0x00, 0x00, 0x00,
    0xFE, 0x3F,
    // Unicode: [0x04B4]
    0xF9, 0xFF, 0xFF, 0xFF, 0xFF, 0xFF, 0x4F, 0xFC, 0xEF, 0x00, 0xF9, 0xFF, 0xFF, 0xFF, 0xFF, 0xFF,
    0x4F, 0xFC, 0xEF, 0x00, 0xB7, 0xBB, 0xFB, 0xFF, 0xBE, 0xBB, 0x3B, 0xFC, 0xEF, 0x00, 0x00, 0x00,
    0xF1, 0xFF, 0x0A, 0x00, 0x00, 0xFC, 0xEF, 0x00, 0x00, 0x00, 0xF1, 0xFF, 0x0A, 0x00, 0x00, 0xFC,
    0xEF, 0x00, 0x00, 0x00, 0xF1, 0xFF, 0x0A, 0x00, 0x00, 0xFC, 0xEF, 0x00, 0x00, 0x00, 0xF1, 0xFF,
    0x0A, 0x00, 0x00, 0xFC, 0xEF, 0x00, 0x00, 0x00, 0xF1, 0xFF, 0x0A, 0x00, 0x00, 0xFC, 0xEF, 0x00,
    0x00, 0x00, 0xF1, 0xFF, 0x0A, 0x00, 0x00, 0xFC, 0xEF, 0x00, 0x00, 0x00, 0xF1, 0xFF, 0x0A, 0x00,
    0x00, 0xFC, 0xEF, 0x00, 0x00, 0x00, 0xF1, 0xFF, 0x0A, 0x00, 0x00, 0xFC, 0xEF, 0x00, 0x00, 0x00,
    0xF1, 0xFF, 0xBE, 0xBB, 0xBB, 0xFE, 0xFF, 0x4B, 0x00, 0x00, 0xF1, 0xFF, 0xFF, 0xFF, 0xFF, 0xFF,
    0xFF, 0x6F, 0x00, 0x00, 0xF1, 0xFF, 0xFF, 0xFF, 0xFF, 0xFF, 0xFF, 0x6F, 0x00, 0x00, 0x00, 0x00,
    0x00, 0x00, 0x00, 0x10, 0xFF, 0x6F, 0x00, 0x00, 0x00, 0x00, 0x00, 0x00, 0x00, 0x10, 0xFF, 0x6F,
    0x00, 0x00, 0x00, 0x00, 0x00, 0x00, 0x00, 0x10, 0xFF, 0x6F, 0x00, 0x00, 0x00, 0x00, 0x00, 0x00,
    0x00, 0x00, 0x44, 0x14,
    // Unicode: [0x04B5]
    0xFE, 0xFF, 0xFF, 0xFF, 0xFF, 0xD2, 0xFF, 0x0A, 0xFE, 0xFF, 0xFF, 0xFF, 0xFF, 0xD2, 0xFF, 0x0A,
    0x54, 0x95, 0xFF, 0x6F, 0x55, 0xD1, 0xFF, 0x0A, 0x00, 0x60, 0xFF, 0x2F, 0x00, 0xD0, 0xFF, 0x0A,
    0x00, 0x60, 0xFF, 0x2F, 0x00, 0xD0, 0xFF, 0x0A, 0x00, 0x60, 0xFF, 0x2F, 0x00, 0xD0, 0xFF, 0x0A,
    0x00, 0x60, 0xFF, 0x2F, 0x00, 0xD0, 0xFF, 0x0A, 0x00, 0x60, 0xFF, 0x2F, 0x00, 0xD0, 0xFF, 0x0A,
    0x00, 0x60, 0xFF, 0x6F, 0x55, 0xE5, 0xFF, 0x4C, 0x00, 0x60, 0xFF, 0xFF, 0xFF, 0xFF, 0xFF, 0xCF,
    0x00, 0x60, 0xFF, 0xFF, 0xFF, 0xFF, 0xFF, 0xCF, 0x00, 0x00, 0x00, 0x00, 0x00, 0x00, 0xF5, 0xCF,
    0x00, 0x00, 0x00, 0x00, 0x00, 0x00, 0xF5, 0xCF, 0x00, 0x00, 0x00, 0x00, 0x00, 0x00, 0xA3, 0x8A,
    // Unicode: [0x04B8]
    0xFB, 0xFF, 0x01, 0x00, 0xD0, 0xFF, 0x0D, 0xFB, 0xFF, 0x01, 0x00, 0xD0, 0xFF, 0x0D, 0xFB, 0xFF,
    0x01, 0x00, 0xD0, 0xFF, 0x0D, 0xFB, 0xFF, 0x01, 0x3D, 0xD0, 0xFF, 0x0D, 0xFB, 0xFF, 0x02, 0x3D,
    0xD0, 0xFF, 0x0D, 0xFA, 0xFF, 0x07, 0x3D, 0xD0, 0xFF, 0x0D, 0xF8, 0xFF, 0xAF, 0x9E, 0xE8, 0xFF,
    0x0D, 0xE2, 0xFF, 0xFF, 0xFF, 0xFF, 0xFF, 0x0D, 0x30, 0xFC, 0xFF, 0xFF, 0xFF, 0xFF, 0x0D, 0x00,
    0x20, 0x54, 0x5E, 0xD0, 0xFF, 0x0D, 0x00, 0x00, 0x00, 0x3D, 0xD0, 0xFF, 0x0D, 0x00, 0x00, 0x00,
    0x3B, 0xD0, 0xFF, 0x0D, 0x00, 0x00, 0x00, 0x00, 0xD0, 0xFF, 0x0D, 0x00, 0x00, 0x00, 0x00, 0xD0,
    0xFF, 0x0D,
    // Unicode: [0x04B9]
    0xFD, 0xAF, 0x00, 0x80, 0xFF, 0x0F, 0xFD, 0xAF, 0x00, 0x80, 0xFF, 0x0F, 0xFD, 0xAF, 0x00, 0x80,
    0xFF, 0x0F, 0xFD, 0xBF, 0xF0, 0x82, 0xFF, 0x0F, 0xFC, 0xEF, 0xF1, 0x82, 0xFF, 0x0F, 0xF9, 0xFF,
    0xFE, 0xDB, 0xFF, 0x0F, 0xB1, 0xFF, 0xFF, 0xFF, 0xFF, 0x0F, 0x00, 0x53, 0xF6, 0x84, 0xFF, 0x0F,
    0x00, 0x00, 0xF0, 0x82, 0xFF, 0x0F, 0x00, 0x00, 0xC0, 0x82, 0xFF, 0x0F, 0x00, 0x00, 0x00, 0x80,
    0xFF, 0x0F,
    // Unicode: [0x04BA]
    0xF2, 0xFF, 0x09, 0x00, 0x00, 0x00, 0x00, 0xF2, 0xFF, 0x09, 0x00, 0x00, 0x00, 0x00, 0xF2, 0xFF,
    0x09, 0x00, 0x00, 0x00, 0x00, 0xF2, 0xFF, 0x09, 0x00, 0x00, 0x00, 0x00, 0xF2, 0xFF, 0x09, 0x00,
    0x00, 0x00, 0x00, 0xF2, 0xFF, 0xAC, 0xED, 0xDF, 0x5B, 0x00, 0xF2, 0xFF, 0xFF, 0xFF, 0xFF, 0xFF,
    0x09, 0xF2, 0xFF, 0xDE, 0xDC, 0xFF, 0xFF, 0x3F, 0xF2, 0xFF, 0x09, 0x00, 0xD2, 0xFF, 0x6F, 0xF2,
    0xFF, 0x09, 0x00, 0x70, 0xFF, 0x7F, 0xF2, 0xFF, 0x09, 0x00, 0x50, 0xFF, 0x7F, 0xF2, 0xFF, 0x09,
    0x00, 0x50, 0xFF, 0x7F, 0xF2, 0xFF, 0x09, 0x00, 0x50, 0xFF, 0x7F, 0xF2, 0xFF, 0x09, 0x00, 0x50,
    0xFF, 0x7F,
    // Unicode: [0x04BB]
    0xC4, 0xCC, 0x02, 0x00, 0x00, 0x00, 0xF5, 0xFF, 0x03, 0x00, 0x00, 0x00, 0xF5, 0xFF, 0x03, 0x00,
    0x00, 0x00, 0xF5, 0xFF, 0x03, 0x00, 0x00, 0x00, 0xF5, 0xFF, 0x53, 0xEC, 0xBE, 0x03, 0xF5, 0xFF,
    0xFC, 0xFF, 0xFF, 0x1E, 0xF5, 0xFF, 0xEF, 0xFC, 0xFF, 0x7F, 0xF5, 0xFF, 0x05, 0x30, 0xFF, 0x9F,
    0xF5, 0xFF, 0x03, 0x00, 0xFE, 0xAF, 0xF5, 0xFF, 0x03, 0x00, 0xFD, 0xAF, 0xF5, 0xFF, 0x03, 0x00,
    0xFD, 0xAF, 0xF5, 0xFF, 0x03, 0x00, 0xFD, 0xAF, 0xF5, 0xFF, 0x03, 0x00, 0xFD, 0xAF, 0xF5, 0xFF,
    0x03, 0x00, 0xFD, 0xAF, 0xF5, 0xFF, 0x03, 0x00, 0xFD, 0xAF,
    // Unicode: [0x04BC]
    0x00, 0x00, 0x00, 0x10, 0xB6, 0xFD, 0xDF, 0x5A, 0x00, 0x00, 0x00, 0x00, 0x00, 0xE5, 0xFF, 0xFF,
    0xFF, 0xFF, 0x3D, 0x00, 0x00, 0x00, 0x50, 0xFF, 0xFF, 0xBD, 0xEB, 0xFF, 0xEF, 0x02, 0xFB, 0x4F,
    0xE0, 0xFF, 0x6F, 0x00, 0x00, 0xF8, 0xFF, 0x09, 0xFD, 0x6F, 0xF5, 0xFF, 0x0A, 0x00, 0x00, 0xC0,
    0xFF, 0x0E, 0xFA, 0xFF, 0xFF, 0xFF, 0xFF, 0xFF, 0xFF, 0xFF, 0xFF, 0x3F, 0xE2, 0xFF, 0xFF, 0xFF,
    0xFF, 0xFF, 0xFF, 0xFF, 0xFF, 0x4F, 0x20, 0xD9, 0xFF, 0xFF, 0xBD, 0xBB, 0xBB, 0xBB, 0xBB, 0x3B,
    0x00, 0x00, 0xF7, 0xFF, 0x08, 0x00, 0x00, 0x00, 0x00, 0x00, 0x00, 0x00, 0xF4, 0xFF, 0x1D, 0x00,
    0x00, 0x00, 0x20, 0x04, 0x00, 0x00, 0xD0, 0xFF, 0xBF, 0x02, 0x00, 0x20, 0xE8, 0x08, 0x00, 0x00,
    0x30, 0xFF, 0xFF, 0xCF, 0xBA, 0xFD, 0xFF, 0x08, 0x00, 0x00, 0x00, 0xD4, 0xFF, 0xFF, 0xFF, 0xFF,
    0xFF, 0x08, 0x00, 0x00, 0x00, 0x10, 0xA6, 0xED, 0xEF, 0xAD, 0x27, 0x00,
    // Unicode: [0x04BD]
    0x00, 0x00, 0x10, 0xB7, 0xFE, 0xCE, 0x06, 0x00, 0x00, 0x00, 0xD2, 0xFF, 0xFF, 0xFF, 0xBF, 0x00,
    0xB8, 0x05, 0xFD, 0xBF, 0x34, 0xF6, 0xFF, 0x07, 0xFC, 0x58, 0xFF, 0x1F, 0x00, 0xA0, 0xFF, 0x0C,
    0xF8, 0xFF, 0xFF, 0xFF, 0xFF, 0xFF, 0xFF, 0x0E, 0x70, 0xFC, 0xFF, 0xFF, 0xFF, 0xFF, 0xFF, 0x0E,
    0x00, 0x80, 0xFF, 0x1F, 0x00, 0x00, 0x00, 0x00, 0x00, 0x50, 0xFF, 0x7F, 0x00, 0x00, 0x20, 0x06,
    0x00, 0x00, 0xFC, 0xFF, 0x8C, 0x86, 0xFB, 0x0B, 0x00, 0x00, 0xC2, 0xFF, 0xFF, 0xFF, 0xFF, 0x0B,
    0x00, 0x00, 0x00, 0xA5, 0xED, 0xEF, 0x8C, 0x03,
    // Unicode: [0x04BE]
    0x00, 0x00, 0x00, 0x10, 0xB6, 0xFD, 0xDF, 0x5A, 0x00, 0x00, 0x00, 0x00, 0x00, 0xE5, 0xFF, 0xFF,
    0xFF, 0xFF, 0x3D, 0x00, 0x00, 0x00, 0x50, 0xFF, 0xFF, 0xBD, 0xEB, 0xFF, 0xEF, 0x02, 0xFB, 0x4F,
    0xE0, 0xFF, 0x6F, 0x00, 0x00, 0xF8, 0xFF, 0x09, 0xFD, 0x6F, 0xF5, 0xFF, 0x0A, 0x00, 0x00, 0xC0,
    0xFF, 0x0E, 0xFA, 0xFF, 0xFF, 0xFF, 0xFF, 0xFF, 0xFF, 0xFF, 0xFF, 0x3F, 0xE2, 0xFF, 0xFF, 0xFF,
    0xFF, 0xFF, 0xFF, 0xFF, 0xFF, 0x4F, 0x20, 0xD9, 0xFF, 0xFF, 0xBD, 0xBB, 0xBB, 0xBB, 0xBB, 0x3B,
    0x00, 0x00, 0xF7, 0xFF, 0x08, 0x00, 0x00, 0x00, 0x00, 0x00, 0x00, 0x00, 0xF4, 0xFF, 0x1D, 0x00,
    0x00, 0x00, 0x20, 0x04, 0x00, 0x00, 0xD0, 0xFF, 0xBF, 0x02, 0x00, 0x20, 0xE8, 0x08, 0x00, 0x00,
    0x30, 0xFF, 0xFF, 0xCF, 0xBA, 0xFD, 0xFF, 0x08, 0x00, 0x00, 0x00, 0xD4, 0xFF, 0xFF, 0xFF, 0xFF,
    0xFF, 0x08, 0x00, 0x00, 0x00, 0x10, 0xA6, 0xFF, 0xFF, 0xAD, 0x27, 0x00, 0x00, 0x00, 0x00, 0x00,
    0x00, 0xFB, 0xAF, 0x00, 0x00, 0x00, 0x00, 0x00, 0x00, 0x00, 0x00, 0xFB, 0xAF, 0x00, 0x00, 0x00,
    0x00, 0x00, 0x00, 0x00, 0x00, 0xFB, 0xAF, 0x00, 0x00, 0x00,
    // Unicode: [0x04BF]
    0x00, 0x00, 0x10, 0xB7, 0xFE, 0xCE, 0x06, 0x00, 0x00, 0x00, 0xD2, 0xFF, 0xFF, 0xFF, 0xBF, 0x00,
    0xB8, 0x05, 0xFD, 0xBF, 0x34, 0xF6, 0xFF, 0x07, 0xFC, 0x58, 0xFF, 0x1F, 0x00, 0xA0, 0xFF, 0x0C,
    0xF8, 0xFF, 0xFF, 0xFF, 0xFF, 0xFF, 0xFF, 0x0E, 0x70, 0xFC, 0xFF, 0xFF, 0xFF, 0xFF, 0xFF, 0x0E,
    0x00, 0x80, 0xFF, 0x1F, 0x00, 0x00, 0x00, 0x00, 0x00, 0x50, 0xFF, 0x7F, 0x00, 0x00, 0x20, 0x06,
    0x00, 0x00, 0xFC, 0xFF, 0x8C, 0x86, 0xFB, 0x0B, 0x00, 0x00, 0xC2, 0xFF, 0xFF, 0xFF, 0xFF, 0x0B,
    0x00, 0x00, 0x00, 0xB5, 0xFF, 0xEF, 0x8C, 0x03, 0x00, 0x00, 0x00, 0x40, 0xFF, 0x0D, 0x00, 0x00,
    0x00, 0x00, 0x00, 0x40, 0xFF, 0x0D, 0x00, 0x00, 0x00, 0x00, 0x00, 0x20, 0x88, 0x07, 0x00, 0x00,
    // Unicode: [0x04D8]
    0x00, 0x61, 0xDB, 0xEF, 0xAD, 0x04, 0x00, 0x00, 0x00, 0xFE, 0xFF, 0xFF, 0xFF, 0xBF, 0x01, 0x00,
    0x00, 0xFE, 0xBE, 0xBA, 0xFE, 0xFF, 0x0B, 0x00, 0x00, 0x5C, 0x00, 0x00, 0x90, 0xFF, 0x5F, 0x00,
    0x00, 0x00, 0x00, 0x00, 0x00, 0xFE, 0xBF, 0x00, 0xFF, 0xFF, 0xFF, 0xFF, 0xFF, 0xFF, 0xEF, 0x00,
    0xFF, 0xFF, 0xFF, 0xFF, 0xFF, 0xFF, 0xFF, 0x01, 0xFE, 0xFF, 0xDD, 0xDD, 0xDD, 0xFF, 0xFF, 0x01,
    0xFC, 0xEF, 0x00, 0x00, 0x00, 0xFD, 0xEF, 0x00, 0xF8, 0xFF, 0x05, 0x00, 0x30, 0xFF, 0xBF, 0x00,
    0xF2, 0xFF, 0x2D, 0x00, 0xC1, 0xFF, 0x5F, 0x00, 0x70, 0xFF, 0xFF, 0xBB, 0xFE, 0xFF, 0x0B, 0x00,
    0x00, 0xF8, 0xFF, 0xFF, 0xFF, 0xBF, 0x01, 0x00, 0x00, 0x30, 0xD9, 0xFE, 0xAD, 0x04, 0x00, 0x00,
    // Unicode: [0x04D9]
    0x40, 0xC8, 0xFD, 0xDE, 0x49, 0x00, 0x00, 0xF0, 0xFF, 0xFF, 0xFF, 0xFF, 0x1A, 0x00, 0xF0, 0xAE,
    0x77, 0xD8, 0xFF, 0x9F, 0x00, 0x80, 0x01, 0x00, 0x00, 0xFB, 0xFF, 0x02, 0x00, 0x00, 0x00, 0x00,
    0xF4, 0xFF, 0x05, 0xF3, 0xFF, 0xFF, 0xFF, 0xFF, 0xFF, 0x06, 0xF2, 0xFF, 0xFF, 0xFF, 0xFF, 0xFF,
    0x05, 0xF1, 0xFF, 0x06, 0x00, 0xF4, 0xFF, 0x01, 0xB0, 0xFF, 0x5D, 0x53, 0xFD, 0x9F, 0x00, 0x20,
    0xFE, 0xFF, 0xFF, 0xFF, 0x0A, 0x00, 0x00, 0x81, 0xED, 0xDF, 0x5A, 0x00, 0x00,
    // Unicode: [0x04E8]
    0x00, 0x20, 0xC8, 0xFE, 0xCE, 0x28, 0x00, 0x00, 0x00, 0xF8, 0xFF, 0xFF, 0xFF, 0xFF, 0x07, 0x00,
    0x80, 0xFF, 0xFF, 0xBC, 0xFC, 0xFF, 0x8F, 0x00, 0xF3, 0xFF, 0x3D, 0x00, 0x30, 0xFD, 0xFF, 0x03,
    0xF9, 0xFF, 0x04, 0x00, 0x00, 0xF4, 0xFF, 0x09, 0xFD, 0xFF, 0xFF, 0xFF, 0xFF, 0xFF, 0xFF, 0x0D,
    0xFE, 0xFF, 0xFF, 0xFF, 0xFF, 0xFF, 0xFF, 0x0E, 0xFE, 0xFF, 0xEE, 0xEE, 0xEE, 0xFE, 0xFF, 0x0E,
    0xFD, 0xFF, 0x02, 0x00, 0x00, 0xF2, 0xFF, 0x0D, 0xF9, 0xFF, 0x08, 0x00, 0x00, 0xF8, 0xFF, 0x09,
    0xF3, 0xFF, 0x5F, 0x00, 0x50, 0xFF, 0xFF, 0x03, 0x80, 0xFF, 0xFF, 0xAD, 0xFC, 0xFF, 0x8F, 0x00,
    0x00, 0xF8, 0xFF, 0xFF, 0xFF, 0xFF, 0x08, 0x00, 0x00, 0x20, 0xC8, 0xFE, 0xCE, 0x28, 0x00, 0x00,
    // Unicode: [0x04E9]
    0x00, 0x40, 0xDA, 0xEF, 0x9D, 0x02, 0x00, 0x00, 0xF8, 0xFF, 0xFF, 0xFF, 0x5E, 0x00, 0x60, 0xFF,
    0xBF, 0x77, 0xFD, 0xFF, 0x02, 0xC0, 0xFF, 0x0C, 0x00, 0xF1, 0xFF, 0x08, 0xF1, 0xFF, 0xFF, 0xFF,
    0xFF, 0xFF, 0x0C, 0xF2, 0xFF, 0xFF, 0xFF, 0xFF, 0xFF, 0x0D, 0xF1, 0xFF, 0x0A, 0x00, 0xE0, 0xFF,
    0x0C, 0xC0, 0xFF, 0x1E, 0x00, 0xF4, 0xFF, 0x08, 0x60, 0xFF, 0xDF, 0x87, 0xFE, 0xFF, 0x02, 0x00,
    0xF8, 0xFF, 0xFF, 0xFF, 0x5E, 0x00, 0x00, 0x40, 0xDA, 0xEF, 0x9D, 0x02, 0x00,
    // Unicode: [0x04F6]
    0xF2, 0xFF, 0xFF, 0xFF, 0xFF, 0x5F, 0xF2, 0xFF, 0xFF, 0xFF, 0xFF, 0x5F, 0xF2, 0xFF, 0xBD, 0xBB,
    0xBB, 0x4B, 0xF2, 0xFF, 0x09, 0x00, 0x00, 0x00, 0xF2, 0xFF, 0x09, 0x00, 0x00, 0x00, 0xF2, 0xFF,
    0x09, 0x00, 0x00, 0x00, 0xF2, 0xFF, 0x09, 0x00, 0x00, 0x00, 0xF2, 0xFF, 0x09, 0x00, 0x00, 0x00,
    0xF2, 0xFF, 0x09, 0x00, 0x00, 0x00, 0xF2, 0xFF, 0x09, 0x00, 0x00, 0x00, 0xF2, 0xFF, 0x09, 0x00,
    0x00, 0x00, 0xF2, 0xFF, 0xEF, 0x01, 0x00, 0x00, 0xF2, 0xFF, 0xFF, 0x01, 0x00, 0x00, 0xF2, 0xFF,
    0xFF, 0x01, 0x00, 0x00, 0x00, 0xF6, 0xFF, 0x01, 0x00, 0x00, 0x00, 0xF6, 0xFF, 0x01, 0x00, 0x00,
    0x00, 0xF6, 0xFF, 0x01, 0x00, 0x00,
    // Unicode: [0x04F7]
    0xF5, 0xFF, 0xFF, 0xFF, 0x8F, 0xF5, 0xFF, 0xFF, 0xFF, 0x8F, 0xF5, 0xFF, 0x57, 0x55, 0x35, 0xF5,
    0xFF, 0x03, 0x00, 0x00, 0xF5, 0xFF, 0x03, 0x00, 0x00, 0xF5, 0xFF, 0x03, 0x00, 0x00, 0xF5, 0xFF,
    0x03, 0x00, 0x00, 0xF5, 0xFF, 0x03, 0x00, 0x00, 0xF5, 0xFF, 0x03, 0x00, 0x00, 0xF5, 0xFF, 0x5F,
    0x00, 0x00, 0xF5, 0xFF, 0x5F, 0x00, 0x00, 0x00, 0xFC, 0x5F, 0x00, 0x00, 0x00, 0xFC, 0x5F, 0x00,
    0x00, 0x00, 0xFC, 0x5F, 0x00, 0x00,
    // Unicode: [0x051A]
    0x00, 0x20, 0xC8, 0xFE, 0xCE, 0x28, 0x00, 0x00, 0x00, 0xF7, 0xFF, 0xFF, 0xFF, 0xFF, 0x07, 0x00,
    0x80, 0xFF, 0xFF, 0xBD, 0xFD, 0xFF, 0x8F, 0x00, 0xF3, 0xFF, 0x4E, 0x00, 0x40, 0xFE, 0xFF, 0x03,
    0xF9, 0xFF, 0x07, 0x00, 0x00, 0xF7, 0xFF, 0x09, 0xFD, 0xFF, 0x01, 0x00, 0x00, 0xF1, 0xFF, 0x0D,
    0xFE, 0xEF, 0x00, 0x00, 0x00, 0xE0, 0xFF, 0x0E, 0xFF, 0xEF, 0x00, 0x00, 0x00, 0xE0, 0xFF, 0x0F,
    0xFD, 0xFF, 0x01, 0x00, 0x00, 0xF1, 0xFF, 0x0D, 0xFA, 0xFF, 0x06, 0x00, 0x00, 0xF6, 0xFF, 0x09,
    0xF4, 0xFF, 0x3E, 0x00, 0x30, 0xFE, 0xFF, 0x03, 0xA0, 0xFF, 0xFF, 0x9B, 0xFB, 0xFF, 0x9F, 0x00,
    0x10, 0xFA, 0xFF, 0xFF, 0xFF, 0xFF, 0x09, 0x00, 0x00, 0x40, 0xDA, 0xFF, 0xFF, 0x3B, 0x00, 0x00,
    0x00, 0x00, 0x00, 0xF0, 0xFF, 0x09, 0x00, 0x00, 0x00, 0x00, 0x00, 0xB0, 0xFF, 0xAF, 0x97, 0x09,
    0x00, 0x00, 0x00, 0x30, 0xFF, 0xFF, 0xFF, 0x0B, 0x00, 0x00, 0x00, 0x00, 0xA3, 0xFE, 0xDF, 0x08,
    // Unicode: [0x051B]
    0x00, 0x50, 0xEB, 0xCF, 0xFA, 0xFF, 0x05, 0x00, 0xF9, 0xFF, 0xFF, 0xFF, 0xFF, 0x05, 0x50, 0xFF,
    0xEF, 0x8A, 0xFB, 0xFF, 0x05, 0xC0, 0xFF, 0x2F, 0x00, 0xF3, 0xFF, 0x05, 0xF0, 0xFF, 0x0A, 0x00,
    0xF3, 0xFF, 0x05, 0xF2, 0xFF, 0x08, 0x00, 0xF3, 0xFF, 0x05, 0xF1, 0xFF, 0x09, 0x00, 0xF3, 0xFF,
    0x05, 0xD0, 0xFF, 0x1E, 0x00, 0xF4, 0xFF, 0x05, 0x80, 0xFF, 0xEF, 0xBA, 0xFF, 0xFF, 0x05, 0x10,
    0xFD, 0xFF, 0xFF, 0xFE, 0xFF, 0x05, 0x00, 0x91, 0xFE, 0x7D, 0xF3, 0xFF, 0x05, 0x00, 0x00, 0x00,
    0x00, 0xF3, 0xFF, 0x05, 0x00, 0x00, 0x00, 0x00, 0xF3, 0xFF, 0x05, 0x00, 0x00, 0x00, 0x00, 0xF3,
    0xFF, 0x05, 0x00, 0x00, 0x00, 0x00, 0xF3, 0xFF, 0x05,
    // Unicode: [0x051C]
    0xF3, 0xFF, 0x0A, 0x00, 0xA0, 0xFF, 0x5F, 0x00, 0x10, 0xFF, 0xCF, 0xE0, 0xFF, 0x0E, 0x00, 0xE0,
    0xFF, 0x9F, 0x00, 0x40, 0xFF, 0x8F, 0xA0, 0xFF, 0x2F, 0x00, 0xF3, 0xFF, 0xDF, 0x00, 0x80, 0xFF,
    0x3F, 0x60, 0xFF, 0x6F, 0x00, 0xF8, 0xFF, 0xFF, 0x02, 0xB0, 0xFF, 0x0E, 0x20, 0xFF, 0x9F, 0x00,
    0xFC, 0xFF, 0xFF, 0x06, 0xE0, 0xFF, 0x0A, 0x00, 0xFC, 0xDF, 0x10, 0xFF, 0xAF, 0xFF, 0x0A, 0xF3,
    0xFF, 0x06, 0x00, 0xF8, 0xFF, 0x51, 0xFF, 0x4C, 0xFF, 0x0E, 0xF7, 0xFF, 0x02, 0x00, 0xF4, 0xFF,
    0x94, 0xFF, 0x18, 0xFF, 0x3F, 0xFB, 0xCF, 0x00, 0x00, 0xE0, 0xFF, 0xD8, 0xFF, 0x04, 0xFB, 0x7F,
    0xFE, 0x8F, 0x00, 0x00, 0xB0, 0xFF, 0xFD, 0xEF, 0x00, 0xF6, 0xDF, 0xFF, 0x4F, 0x00, 0x00, 0x60,
    0xFF, 0xFF, 0xAF, 0x00, 0xF2, 0xFF, 0xFF, 0x0E, 0x00, 0x00, 0x20, 0xFF, 0xFF, 0x6F, 0x00, 0xD0,
    0xFF, 0xFF, 0x0B, 0x00, 0x00, 0x00, 0xFD, 0xFF, 0x2F, 0x00, 0x90, 0xFF, 0xFF, 0x06, 0x00, 0x00,
    0x00, 0xF9, 0xFF, 0x0D, 0x00, 0x40, 0xFF, 0xFF, 0x02, 0x00,
    // Unicode: [0x051D]
    0xF6, 0xFF, 0x04, 0x00, 0xFC, 0x9F, 0x00, 0x90, 0xFF, 0x1E, 0xF2, 0xFF, 0x07, 0x20, 0xFF, 0xEF,
    0x00, 0xD0, 0xFF, 0x0A, 0xC0, 0xFF, 0x0B, 0x60, 0xFF, 0xFF, 0x03, 0xF1, 0xFF, 0x06, 0x70, 0xFF,
    0x0E, 0xB0, 0xEF, 0xFF, 0x07, 0xF5, 0xFF, 0x01, 0x30, 0xFF, 0x4F, 0xF1, 0x8F, 0xFE, 0x0C, 0xF9,
    0xBF, 0x00, 0x00, 0xFD, 0x7F, 0xF5, 0x3F, 0xFA, 0x1F, 0xFC, 0x7F, 0x00, 0x00, 0xF9, 0xBF, 0xFA,
    0x0E, 0xF5, 0x6F, 0xFF, 0x2F, 0x00, 0x00, 0xF4, 0xEF, 0xFE, 0x09, 0xF1, 0xEF, 0xFF, 0x0D, 0x00,
    0x00, 0xE0, 0xFF, 0xFF, 0x05, 0xB0, 0xFF, 0xFF, 0x08, 0x00, 0x00, 0xA0, 0xFF, 0xFF, 0x01, 0x70,
    0xFF, 0xFF, 0x03, 0x00, 0x00, 0x50, 0xFF, 0xBF, 0x00, 0x20, 0xFF, 0xEF, 0x00, 0x00,
    // Unicode: [0x0531]
    0xF5, 0xFF, 0x06, 0x00, 0x30, 0xFF, 0x9F, 0x00, 0xF5, 0xFF, 0x06, 0x00, 0x30, 0xFF, 0x9F, 0x00,
    0xF5, 0xFF, 0x06, 0x00, 0x30, 0xFF, 0x9F, 0x00, 0xF5, 0xFF, 0x06, 0x00, 0x30, 0xFF, 0x9F, 0x00,
    0xF5, 0xFF, 0x06, 0x00, 0x30, 0xFF, 0x9F, 0x00, 0xF5, 0xFF, 0x06, 0x00, 0x30, 0xFF, 0x9F, 0x00,
    0xF5, 0xFF, 0x06, 0x00, 0x30, 0xFF, 0x9F, 0x00, 0xF5, 0xFF, 0x06, 0x00, 0x30, 0xFF, 0x9F, 0x00,
    0xF5, 0xFF, 0x07, 0x00, 0x30, 0xFF, 0x9F, 0x00, 0xF4, 0xFF, 0x08, 0x00, 0x73, 0xFF, 0x8F, 0x00,
    0xF1, 0xFF, 0x2E, 0x00, 0xFB, 0xFF, 0xDF, 0x17, 0xA0, 0xFF, 0xFF, 0xBC, 0xFE, 0xFF, 0xFF, 0x8F,
    0x10, 0xFC, 0xFF, 0xFF, 0xFF, 0xDF, 0xFD, 0x8F, 0x00, 0x50, 0xDA, 0xFF, 0xBE, 0x16, 0x50, 0x8E,
    0x00, 0x00, 0x00, 0x00, 0x00, 0x00, 0x00, 0x41,
    // Unicode: [0x0532]
    0x00, 0x50, 0xDA, 0xFE, 0xBE, 0x17, 0x00, 0x10, 0xFB, 0xFF, 0xFF, 0xFF, 0xDF, 0x02, 0xA0, 0xFF,
    0xEF, 0xAB, 0xFE, 0xFF, 0x0D, 0xF1, 0xFF, 0x2E, 0x00, 0xB1, 0xFF, 0x5F, 0xF4, 0xFF, 0x08, 0x00,
    0x50, 0xFF, 0x8F, 0xF5, 0xFF, 0x07, 0x00, 0x30, 0xFF, 0x9F, 0xF5, 0xFF, 0x06, 0x00, 0x10, 0x88,
    0x48, 0xF5, 0xFF, 0x06, 0x00, 0x00, 0x00, 0x00, 0xF5, 0xFF, 0xFF, 0xFF, 0xFF, 0xFF, 0xDF, 0xF5,
    0xFF, 0xFF, 0xFF, 0xFF, 0xFF, 0xDF, 0xF5, 0xFF, 0xBD, 0xBB, 0xBB, 0xBB, 0x9B, 0xF5, 0xFF, 0x06,
    0x00, 0x00, 0x00, 0x00, 0xF5, 0xFF, 0x06, 0x00, 0x00, 0x00, 0x00, 0xF5, 0xFF, 0x06, 0x00, 0x00,
    0x00, 0x00,
    // Unicode: [0x0533]
    0x00, 0x30, 0xC8, 0xFE, 0xBE, 0x17, 0x00, 0x00, 0x00, 0x00, 0xF8, 0xFF, 0xFF, 0xFF, 0xEF, 0x05,
    0x00, 0x00, 0x60, 0xFF, 0xFF, 0xAC, 0xFD, 0xFF, 0x3F, 0x00, 0x00, 0xE0, 0xFF, 0x3F, 0x00, 0x70,
    0xFF, 0xAF, 0x00, 0x00, 0xF3, 0xFF, 0x0A, 0x00, 0x00, 0xFE, 0xDF, 0x00, 0x00, 0xF3, 0xFF, 0x09,
    0x00, 0x00, 0xFD, 0xEF, 0x00, 0x00, 0xF2, 0xFF, 0x0D, 0x00, 0x00, 0xFD, 0xEF, 0x00, 0x00, 0xC0,
    0xFF, 0x9F, 0x02, 0x00, 0xFD, 0xEF, 0x00, 0x00, 0x30, 0xFE, 0xFF, 0xFF, 0xFF, 0xFF, 0xFF, 0xFF,
    0x08, 0x00, 0xD3, 0xFF, 0xFF, 0xFF, 0xFF, 0xFF, 0xFF, 0x08, 0x00, 0x00, 0x84, 0xBA, 0xBB, 0xFE,
    0xFF, 0xBB, 0x06, 0x00, 0x00, 0x00, 0x00, 0x00, 0xFD, 0xEF, 0x00, 0x00, 0x00, 0x00, 0x00, 0x00,
    0x00, 0xFD, 0xEF, 0x00, 0x00, 0x00, 0x00, 0x00, 0x00, 0x00, 0xFD, 0xEF, 0x00, 0x00,
    // Unicode: [0x0534]
    0x00, 0x60, 0xDB, 0xFF, 0xBD, 0x06, 0x00, 0x00, 0x00, 0x10, 0xFC, 0xFF, 0xFF, 0xFF, 0xCF, 0x02,
    0x00, 0x00, 0xB0, 0xFF, 0xEF, 0xCC, 0xFE, 0xFF, 0x0C, 0x00, 0x00, 0xF3, 0xFF, 0x1D, 0x00, 0xD1,
    0xFF, 0x3F, 0x00, 0x00, 0xF6, 0xFF, 0x07, 0x00, 0x60, 0xFF, 0x6F, 0x00, 0x00, 0xF7, 0xFF, 0x05,
    0x00, 0x40, 0xFF, 0x7F, 0x00, 0x00, 0x84, 0x88, 0x02, 0x00, 0x40, 0xFF, 0x7F, 0x00, 0x00, 0x00,
    0x00, 0x00, 0x00, 0x40, 0xFF, 0x7F, 0x00, 0x00, 0x00, 0x00, 0x00, 0x00, 0x40, 0xFF, 0xFF, 0xFF,
    0x02, 0x00, 0x00, 0x00, 0x00, 0x40, 0xFF, 0xFF, 0xFF, 0x02, 0x00, 0x00, 0x00, 0x00, 0x40, 0xFF,
    0xDF, 0xBB, 0x01, 0x00, 0x00, 0x00, 0x00, 0x40, 0xFF, 0x7F, 0x00, 0x00, 0x00, 0x00, 0x00, 0x00,
    0x40, 0xFF, 0x7F, 0x00, 0x00, 0x00, 0x00, 0x00, 0x00, 0x40, 0xFF, 0x7F, 0x00, 0x00,
    // Unicode: [0x0535]
    0xF5, 0xFF, 0x06, 0x00, 0x00, 0x00, 0x00, 0xF5, 0xFF, 0x06, 0x00, 0x00, 0x00, 0x00, 0xF5, 0xFF,
    0x06, 0x00, 0x00, 0x00, 0x00, 0xF5, 0xFF, 0xFF, 0xFF, 0xFF, 0xFF, 0xDF, 0xF5, 0xFF, 0xFF, 0xFF,
    0xFF, 0xFF, 0xDF, 0xF5, 0xFF, 0xBD, 0xBB, 0xBB, 0xBB, 0x9B, 0xF5, 0xFF, 0x06, 0x00, 0x00, 0x00,
    0x00, 0xF5, 0xFF, 0x06, 0x00, 0x20, 0xBB, 0x6B, 0xF5, 0xFF, 0x07, 0x00, 0x30, 0xFF, 0x9F, 0xF4,
    0xFF, 0x09, 0x00, 0x50, 0xFF, 0x8F, 0xF1, 0xFF, 0x3E, 0x00, 0xC1, 0xFF, 0x4F, 0xA0, 0xFF, 0xFF,
    0xCC, 0xFE, 0xFF, 0x0C, 0x10, 0xFB, 0xFF, 0xFF, 0xFF, 0xDF, 0x02, 0x00, 0x50, 0xDA, 0xFF, 0xBE,
    0x16, 0x00,
    // Unicode: [0x0536]
    0x40, 0xD9, 0xFE, 0xBE, 0x17, 0x00, 0x00, 0xF8, 0xFF, 0xFF, 0xFF, 0xFF, 0x07, 0x00, 0xF9, 0xEF,
    0xDC, 0xFF, 0xFF, 0x8F, 0x00, 0xD9, 0x05, 0x00, 0x71, 0xFF, 0xFF, 0x04, 0x14, 0x00, 0x00, 0x00,
    0xF8, 0xFF, 0x0A, 0x00, 0x00, 0x00, 0x00, 0xF2, 0xFF, 0x0D, 0x00, 0x00, 0x00, 0x00, 0xF0, 0xFF,
    0x0D, 0x00, 0x00, 0x00, 0x00, 0xF0, 0xFF, 0x0A, 0x00, 0x00, 0x00, 0x00, 0xF4, 0xFF, 0x05, 0x00,
    0x00, 0x00, 0x10, 0xFD, 0xBF, 0x00, 0xCB, 0x9C, 0x00, 0xB2, 0xFF, 0x1B, 0x00, 0xFE, 0xEF, 0xCB,
    0xFF, 0xFF, 0xBB, 0x0A, 0xFE, 0xFF, 0xFF, 0xFF, 0xFF, 0xFF, 0x0D, 0xFE, 0xFF, 0xFF, 0xFF, 0xFF,
    0xFF, 0x0D,
    // Unicode: [0x0537]
    0xF3, 0xFF, 0x09, 0x00, 0x00, 0x00, 0x00, 0xF3, 0xFF, 0x09, 0x00, 0x00, 0x00, 0x00, 0xF3, 0xFF,
    0x09, 0x00, 0x00, 0x00, 0x00, 0xF3, 0xFF, 0xFF, 0xFF, 0xFF, 0xFF, 0x07, 0xF3, 0xFF, 0xFF, 0xFF,
    0xFF, 0xFF, 0x07, 0xF3, 0xFF, 0xBD, 0xBB, 0xBB, 0xBB, 0x05, 0xF3, 0xFF, 0x09, 0x00, 0x00, 0x00,
    0x00, 0xF3, 0xFF, 0x09, 0x00, 0x00, 0x00, 0x00, 0xF3, 0xFF, 0x09, 0x00, 0x00, 0x00, 0x00, 0xF3,
    0xFF, 0x09, 0x00, 0x00, 0x00, 0x00, 0xF3, 0xFF, 0x09, 0x00, 0x00, 0x00, 0x00, 0xF3, 0xFF, 0xDE,
    0xDD, 0xDD, 0x1D, 0x00, 0xF3, 0xFF, 0xFF, 0xFF, 0xFF, 0x1F, 0x00, 0xF3, 0xFF, 0xFF, 0xFF, 0xFF,
    0x1F, 0x00,
    // Unicode: [0x0538]
    0x00, 0x50, 0xDA, 0xFE, 0xBE, 0x17, 0x00, 0x10, 0xFB, 0xFF, 0xFF, 0xFF, 0xDF, 0x02, 0xA0, 0xFF,
    0xFF, 0xBC, 0xFE, 0xFF, 0x0D, 0xF1, 0xFF, 0x2E, 0x00, 0xC1, 0xFF, 0x5F, 0xF4, 0xFF, 0x08, 0x00,
    0x50, 0xFF, 0x8F, 0xF5, 0xFF, 0x07, 0x00, 0x30, 0xFF, 0x9F, 0xF5, 0xFF, 0x06, 0x00, 0x10, 0x77,
    0x47, 0xF5, 0xFF, 0x06, 0x00, 0x00, 0x00, 0x00, 0xF5, 0xFF, 0x06, 0x00, 0x00, 0x00, 0x00, 0xF5,
    0xFF, 0x06, 0x00, 0x00, 0x00, 0x00, 0xF5, 0xFF, 0x06, 0x00, 0x00, 0x00, 0x00, 0xF5, 0xFF, 0xBD,
    0xBB, 0xBB, 0xBB, 0x9B, 0xF5, 0xFF, 0xFF, 0xFF, 0xFF, 0xFF, 0xDF, 0xF5, 0xFF, 0xFF, 0xFF, 0xFF,
    0xFF, 0xDF,
    // Unicode: [0x0539]
    0x00, 0x00, 0x94, 0xEC, 0xEF, 0xCE, 0x49, 0x00, 0x00, 0x00, 0x00, 0xD3, 0xFF, 0xFF, 0xFF, 0xFF,
    0xFF, 0x5D, 0x00, 0x00, 0x40, 0xFF, 0xFF, 0xBE, 0x9A, 0xEB, 0xFF, 0xFF, 0x06, 0x00, 0xD0, 0xFF,
    0x7F, 0x01, 0x00, 0x00, 0xF5, 0xFF, 0x0E, 0x00, 0xF3, 0xFF, 0x0A, 0x00, 0x00, 0x00, 0xA0, 0xFF,
    0x2F, 0x00, 0xF5, 0xFF, 0x06, 0x10, 0xD9, 0xFF, 0xFF, 0xFF, 0xFF, 0x0A, 0xF5, 0xFF, 0x06, 0xE2,
    0xFF, 0xFF, 0xFF, 0xFF, 0xFF, 0x0A, 0xF5, 0xFF, 0x06, 0xF9, 0xFF, 0xCF, 0xDB, 0xFF, 0xCF, 0x08,
    0xF5, 0xFF, 0x06, 0xFC, 0xFF, 0x03, 0x80, 0xFF, 0x3F, 0x00, 0xF5, 0xFF, 0x06, 0xFC, 0xFF, 0x02,
    0xA0, 0xFF, 0x2F, 0x00, 0xF5, 0xFF, 0x06, 0xF7, 0xFF, 0x8D, 0xF9, 0xFF, 0x0D, 0x00, 0xF5, 0xFF,
    0x06, 0xB0, 0xFF, 0xFF, 0xFF, 0xFF, 0x04, 0x00, 0xF5, 0xFF, 0x06, 0x00, 0xC6, 0xFF, 0xEF, 0x2A,
    0x00, 0x00, 0xF5, 0xFF, 0x06, 0x00, 0x00, 0x10, 0x01, 0x00, 0x00, 0x00,
    // Unicode: [0x053A]
    0x00, 0x00, 0x00, 0x00, 0x00, 0xFD, 0xEF, 0x00, 0x00, 0x00, 0x00, 0x00, 0x00, 0x00, 0xFD, 0xEF,
    0x00, 0x00, 0x00, 0x00, 0x00, 0x00, 0x00, 0xFD, 0xEF, 0x00, 0x00, 0x00, 0x20, 0xC8, 0xFE, 0xFF,
    0xFF, 0xFF, 0xFF, 0x08, 0x00, 0xF6, 0xFF, 0xFF, 0xFF, 0xFF, 0xFF, 0xFF, 0x08, 0x40, 0xFF, 0xFF,
    0xBD, 0xBB, 0xFE, 0xFF, 0xBB, 0x06, 0xC0, 0xFF, 0x6F, 0x00, 0x00, 0xFD, 0xEF, 0x00, 0x00, 0xF2,
    0xFF, 0x0B, 0x00, 0x00, 0xFD, 0xEF, 0x00, 0x00, 0xF3, 0xFF, 0x09, 0x00, 0x00, 0xFD, 0xEF, 0x00,
    0x00, 0xF2, 0xFF, 0x0A, 0x00, 0x00, 0xFF, 0xDF, 0x00, 0x00, 0xD0, 0xFF, 0x4F, 0x00, 0x90, 0xFF,
    0xAF, 0x00, 0x00, 0x70, 0xFF, 0xFF, 0xBD, 0xFE, 0xFF, 0x3F, 0x00, 0x00, 0x00, 0xF9, 0xFF, 0xFF,
    0xFF, 0xEF, 0x05, 0x00, 0x00, 0x00, 0x30, 0xD9, 0xFE, 0xCE, 0x28, 0x00, 0x00, 0x00,
    // Unicode: [0x053B]
    0xF3, 0xFF, 0x09, 0x00, 0x00, 0x00, 0x00, 0xF3, 0xFF, 0x09, 0x00, 0x00, 0x00, 0x00, 0xF3, 0xFF,
    0x09, 0x00, 0x00, 0x00, 0x00, 0xF3, 0xFF, 0xAB, 0xFD, 0xBD, 0x05, 0x00, 0xF3, 0xFF, 0xFF, 0xFF,
    0xFF, 0xBF, 0x01, 0xF3, 0xFF, 0xAE, 0xCA, 0xFF, 0xFF, 0x0B, 0xF3, 0xFF, 0x09, 0x00, 0xE3, 0xFF,
    0x5F, 0xF3, 0xFF, 0x09, 0x00, 0x50, 0xFF, 0x9F, 0xF3, 0xFF, 0x09, 0x00, 0x10, 0xFF, 0xBF, 0xF3,
    0xFF, 0x09, 0x00, 0x00, 0xFF, 0xBF, 0xF3, 0xFF, 0x09, 0x00, 0x00, 0xFF, 0xBF, 0xF3, 0xFF, 0x09,
    0x00, 0x00, 0x44, 0x34, 0xF3, 0xFF, 0x09, 0x00, 0x00, 0x00, 0x00, 0xF3, 0xFF, 0x09, 0x00, 0x00,
    0x00, 0x00,
    // Unicode: [0x053C]
    0xF3, 0xFF, 0x09, 0x00, 0x00, 0x00, 0xF3, 0xFF, 0x09, 0x00, 0x00, 0x00, 0xF3, 0xFF, 0x09, 0x00,
    0x00, 0x00, 0xF3, 0xFF, 0x09, 0x00, 0x00, 0x00, 0xF3, 0xFF, 0x09, 0x00, 0x00, 0x00, 0xF3, 0xFF,
    0x09, 0x00, 0x00, 0x00, 0xF3, 0xFF, 0x09, 0x00, 0x00, 0x00, 0xF3, 0xFF, 0x09, 0x00, 0x00, 0x00,
    0xF3, 0xFF, 0x09, 0x00, 0x00, 0x00, 0xF3, 0xFF, 0x09, 0x00, 0x00, 0x00, 0xF3, 0xFF, 0x09, 0x00,
    0x00, 0x00, 0xF3, 0xFF, 0xBD, 0xBB, 0xBB, 0x3B, 0xF3, 0xFF, 0xFF, 0xFF, 0xFF, 0x5F, 0xF3, 0xFF,
    0xFF, 0xFF, 0xFF, 0x5F,
    // Unicode: [0x053D]
    0xF3, 0xFF, 0x09, 0x00, 0x00, 0x00, 0x00, 0x00, 0x00, 0xF3, 0xFF, 0x09, 0x00, 0x00, 0x00, 0x00,
    0x00, 0x00, 0xF3, 0xFF, 0x09, 0x00, 0x00, 0x00, 0x00, 0x00, 0x00, 0xF3, 0xFF, 0xFF, 0xFF, 0xFF,
    0x06, 0x20, 0xFF, 0xAF, 0xF3, 0xFF, 0xFF, 0xFF, 0xFF, 0x06, 0x20, 0xFF, 0xAF, 0xF3, 0xFF, 0xBD,
    0xFC, 0xFF, 0x06, 0x20, 0xFF, 0xAF, 0xF3, 0xFF, 0x09, 0xF5, 0xFF, 0x06, 0x20, 0xFF, 0xAF, 0xF3,
    0xFF, 0x09, 0xF4, 0xFF, 0x06, 0x20, 0xFF, 0x9F, 0xF3, 0xFF, 0x09, 0xF2, 0xFF, 0x0A, 0x60, 0xFF,
    0x6F, 0xF3, 0xFF, 0x09, 0xB0, 0xFF, 0xDF, 0xFC, 0xFF, 0x1E, 0xF3, 0xFF, 0x09, 0x20, 0xFD, 0xFF,
    0xFF, 0xFF, 0x05, 0xF3, 0xFF, 0x09, 0x00, 0x81, 0xEC, 0xDF, 0x29, 0x00, 0xF3, 0xFF, 0x09, 0x00,
    0x00, 0x00, 0x00, 0x00, 0x00, 0xF3, 0xFF, 0x09, 0x00, 0x00, 0x00, 0x00, 0x00, 0x00,
    // Unicode: [0x053E]
    0xFF, 0xCF, 0x10, 0x95, 0xEC, 0xFF, 0xDE, 0x06, 0xFF, 0xEF, 0xE8, 0xFF, 0xFF, 0xFF, 0xFF, 0x09,
    0xFF, 0xFF, 0xFF, 0xFF, 0xDF, 0xA9, 0xFE, 0x09, 0xEE, 0xFF, 0xFF, 0xFF, 0xFF, 0x4C, 0x60, 0x08,
    0x90, 0xFF, 0x4F, 0x72, 0xFD, 0xFF, 0x06, 0x00, 0xF3, 0xFF, 0x08, 0x00, 0xA1, 0xFF, 0x5F, 0x00,
    0xF8, 0xFF, 0x02, 0x00, 0x00, 0xFD, 0xDF, 0x00, 0xFB, 0xEF, 0x00, 0x00, 0x00, 0xF9, 0xFF, 0x02,
    0xFC, 0xEF, 0x00, 0x00, 0x00, 0xF8, 0xFF, 0x03, 0xFA, 0xFF, 0x03, 0x00, 0x00, 0xFC, 0xFF, 0x01,
    0xF4, 0xFF, 0x3D, 0x00, 0x80, 0xFF, 0xBF, 0x00, 0xB0, 0xFF, 0xFF, 0xBC, 0xFE, 0xFF, 0x3F, 0x00,
    0x00, 0xFA, 0xFF, 0xFF, 0xFF, 0xEF, 0x04, 0x00, 0x00, 0x30, 0xD9, 0xFE, 0xBE, 0x17, 0x00, 0x00,
    // Unicode: [0x053F]
    0xFB, 0xFF, 0x01, 0x00, 0x00, 0x00, 0x00, 0xFB, 0xFF, 0x01, 0x00, 0x00, 0x00, 0x00, 0xFB, 0xFF,
    0x01, 0x00, 0x00, 0x00, 0x00, 0xFB, 0xFF, 0x01, 0x00, 0x80, 0xFF, 0x4F, 0xFB, 0xFF, 0x01, 0x00,
    0x80, 0xFF, 0x4F, 0xFA, 0xFF, 0x02, 0x00, 0x80, 0xFF, 0x4F, 0xF8, 0xFF, 0x07, 0x00, 0x80, 0xFF,
    0x4F, 0xF3, 0xFF, 0x8F, 0x02, 0xA1, 0xFF, 0x4F, 0x90, 0xFF, 0xFF, 0xFF, 0xFF, 0xFF, 0x4F, 0x00,
    0xE7, 0xFF, 0xFF, 0xFF, 0xFF, 0x4F, 0x00, 0x10, 0x85, 0x89, 0x84, 0xFF, 0x4F, 0x00, 0x00, 0x00,
    0x00, 0x80, 0xFF, 0x4F, 0x00, 0x00, 0x00, 0x00, 0x80, 0xFF, 0x4F, 0x00, 0x00, 0x00, 0x00, 0x80,
    0xFF, 0x4F,
    // Unicode: [0x0540]
    0x60, 0xED, 0xFF, 0xDE, 0x5A, 0x00, 0x90, 0xFF, 0xFF, 0xFF, 0xFF, 0x1C, 0x90, 0x9C, 0x67, 0xD8,
    0xFF, 0x7F, 0x00, 0x00, 0x00, 0x30, 0xFF, 0x8F, 0x00, 0x00, 0x00, 0x92, 0xFF, 0x4F, 0xF1, 0xFF,
    0xFF, 0xFF, 0xEF, 0x06, 0xF1, 0xFF, 0xFF, 0xFF, 0x8F, 0x01, 0xB1, 0xBB, 0xBB, 0xFE, 0xFF, 0x1D,
    0x00, 0x00, 0x00, 0x60, 0xFF, 0x9F, 0x00, 0x00, 0x00, 0x00, 0xFD, 0xCF, 0x00, 0x00, 0x00, 0x00,
    0xFC, 0xDF, 0x00, 0x00, 0x00, 0x00, 0xFC, 0xDF, 0x00, 0x00, 0x00, 0x00, 0xFC, 0xDF, 0x00, 0x00,
    0x00, 0x00, 0xFC, 0xDF,
    // Unicode: [0x0541]
    0x30, 0xDA, 0xFF, 0xCE, 0x39, 0x00, 0x00, 0xF4, 0xFF, 0xFF, 0xFF, 0xFF, 0x1A, 0x00, 0xF5, 0xEF,
    0xBC, 0xFD, 0xFF, 0xCF, 0x01, 0xE5, 0x16, 0x00, 0x40, 0xFD, 0xFF, 0x08, 0x12, 0x00, 0x00, 0x00,
    0xF3, 0xFF, 0x1F, 0x00, 0x00, 0x00, 0x00, 0xB0, 0xFF, 0x2F, 0x00, 0x00, 0x00, 0x00, 0x90, 0xFF,
    0x2F, 0x00, 0x74, 0x67, 0x14, 0xA0, 0xFF, 0x0D, 0xB1, 0xFF, 0xFF, 0xFF, 0xEB, 0xFF, 0x07, 0xF9,
    0xFF, 0xFF, 0xFF, 0xFF, 0xDF, 0x00, 0xFD, 0x5F, 0x64, 0xFA, 0xFF, 0xFF, 0x0B, 0xFC, 0x7F, 0x75,
    0xFD, 0xFF, 0xFF, 0x0D, 0xF5, 0xFF, 0xFF, 0xFF, 0x2B, 0xF8, 0x0D, 0x40, 0xEB, 0xDF, 0x49, 0x00,
    0x30, 0x0C,
    // Unicode: [0x0542]
    0x00, 0x40, 0xDA, 0xFE, 0xBE, 0x17, 0x00, 0x00, 0x00, 0x00, 0xFA, 0xFF, 0xFF, 0xFF, 0xEF, 0x04,
    0x00, 0x00, 0x80, 0xFF, 0xFF, 0xBC, 0xFE, 0xFF, 0x1E, 0x00, 0x00, 0xE0, 0xFF, 0x3F, 0x00, 0xA0,
    0xFF, 0x7F, 0x00, 0x00, 0xF2, 0xFF, 0x0A, 0x00, 0x30, 0xFF, 0xAF, 0x00, 0x00, 0xF3, 0xFF, 0x08,
    0x00, 0x10, 0xFF, 0xBF, 0x00, 0x00, 0x72, 0x77, 0x04, 0x00, 0x10, 0xFF, 0xBF, 0x00, 0x00, 0x00,
    0x00, 0x00, 0x00, 0x10, 0xFF, 0xBF, 0x00, 0x00, 0x00, 0x00, 0x00, 0x00, 0x10, 0xFF, 0xBF, 0x00,
    0x00, 0x00, 0x00, 0x00, 0x00, 0x10, 0xFF, 0xBF, 0x00, 0x00, 0x00, 0x00, 0x00, 0x00, 0x10, 0xFF,
    0xBF, 0x00, 0x00, 0x00, 0x00, 0x00, 0x00, 0x10, 0xFF, 0xEF, 0xBB, 0x04, 0x00, 0x00, 0x00, 0x00,
    0x10, 0xFF, 0xFF, 0xFF, 0x05, 0x00, 0x00, 0x00, 0x00, 0x10, 0xFF, 0xFF, 0xFF, 0x05,
    // Unicode: [0x0543]
    0x00, 0x00, 0x10, 0xB6, 0xFD, 0xCE, 0x06, 0x00, 0x00, 0xD4, 0xFF, 0xFF, 0xFF, 0x0B, 0x00, 0x50,
    0xFF, 0xFF, 0xBC, 0xEC, 0x0B, 0xF5, 0xFF, 0xFF, 0x7E, 0x01, 0x00, 0x02, 0xF5, 0xFF, 0xFF, 0xFF,
    0x6E, 0x00, 0x00, 0xD4, 0xFF, 0xFF, 0xFF, 0xFF, 0x0A, 0x00, 0x60, 0xFF, 0x3F, 0xE7, 0xFF, 0x9F,
    0x00, 0xB0, 0xFF, 0x0D, 0x10, 0xFC, 0xFF, 0x04, 0xE0, 0xFF, 0x09, 0x00, 0xF2, 0xFF, 0x0B, 0xF3,
    0xFF, 0x07, 0x00, 0xB0, 0xFF, 0x1F, 0xF4, 0xFF, 0x06, 0x00, 0x80, 0xFF, 0x3F, 0xF5, 0xFF, 0xBC,
    0xBB, 0xDB, 0xFF, 0x4F, 0xF6, 0xFF, 0xFF, 0xFF, 0xFF, 0xFF, 0x4F, 0xF6, 0xFF, 0xFF, 0xFF, 0xFF,
    0xFF, 0x4F,
    // Unicode: [0x0544]
    0xF5, 0xFF, 0x06, 0x00, 0x30, 0xFF, 0xFF, 0xFF, 0x03, 0xF5, 0xFF, 0x06, 0x00, 0x30, 0xFF, 0xFF,
    0xFF, 0x03, 0xF5, 0xFF, 0x06, 0x00, 0x30, 0xFF, 0xDF, 0xBB, 0x02, 0xF5, 0xFF, 0x06, 0x00, 0x30,
    0xFF, 0x9F, 0x00, 0x00, 0xF5, 0xFF, 0x06, 0x00, 0x30, 0xFF, 0x9F, 0x00, 0x00, 0xF5, 0xFF, 0x06,
    0x00, 0x30, 0xFF, 0x9F, 0x00, 0x00, 0xF5, 0xFF, 0x06, 0x00, 0x30, 0xFF, 0x9F, 0x00, 0x00, 0xF5,
    0xFF, 0x06, 0x00, 0x30, 0xFF, 0x9F, 0x00, 0x00, 0xF5, 0xFF, 0x07, 0x00, 0x30, 0xFF, 0x9F, 0x00,
    0x00, 0xF4, 0xFF, 0x08, 0x00, 0x50, 0xFF, 0x8F, 0x00, 0x00, 0xF1, 0xFF, 0x2E, 0x00, 0xC1, 0xFF,
    0x5F, 0x00, 0x00, 0xA0, 0xFF, 0xFF, 0xBC, 0xFE, 0xFF, 0x0D, 0x00, 0x00, 0x10, 0xFB, 0xFF, 0xFF,
    0xFF, 0xDF, 0x03, 0x00, 0x00, 0x00, 0x50, 0xDA, 0xFF, 0xBE, 0x17, 0x00, 0x00, 0x00,
    // Unicode: [0x0545]
    0x40, 0xB8, 0xED, 0xEF, 0xAD, 0x05, 0x00, 0xF1, 0xFF, 0xFF, 0xFF, 0xFF, 0xAF, 0x00, 0xF1, 0xEF,
    0xAB, 0xDA, 0xFF, 0xFF, 0x04, 0x80, 0x03, 0x00, 0x00, 0xFA, 0xFF, 0x05, 0x00, 0x00, 0x00, 0x30,
    0xFC, 0xEF, 0x01, 0xF4, 0xFF, 0xFF, 0xFF, 0xFF, 0x3C, 0x00, 0xF4, 0xFF, 0xFF, 0xFF, 0xEF, 0x29,
    0x00, 0xB3, 0xBB, 0xBB, 0xDC, 0xFF, 0xFF, 0x04, 0x00, 0x00, 0x00, 0x00, 0xF3, 0xFF, 0x0E, 0x00,
    0x00, 0x00, 0x00, 0xC0, 0xFF, 0x2F, 0x98, 0x03, 0x00, 0x00, 0xF3, 0xFF, 0x1F, 0xF8, 0xDF, 0x9A,
    0xB9, 0xFF, 0xFF, 0x09, 0xF8, 0xFF, 0xFF, 0xFF, 0xFF, 0x9F, 0x00, 0x61, 0xCA, 0xFD, 0xEF, 0x8C,
    0x03, 0x00,
    // Unicode: [0x0546]
    0xFF, 0xFF, 0xFF, 0x06, 0x00, 0x00, 0x00, 0x00, 0xFF, 0xFF, 0xFF, 0x06, 0x00, 0x00, 0x00, 0x00,
    0xBB, 0xFD, 0xFF, 0x06, 0x00, 0x00, 0x00, 0x00, 0x00, 0xF6, 0xFF, 0x06, 0x00, 0x00, 0x00, 0x00,
    0x00, 0xF6, 0xFF, 0x06, 0x00, 0x00, 0x00, 0x00, 0x00, 0xF6, 0xFF, 0x06, 0x00, 0x00, 0x00, 0x00,
    0x00, 0xF6, 0xFF, 0x06, 0x00, 0x00, 0x00, 0x00, 0x00, 0xF6, 0xFF, 0x06, 0x00, 0x10, 0x77, 0x47,
    0x00, 0xF6, 0xFF, 0x06, 0x00, 0x30, 0xFF, 0x8F, 0x00, 0xF5, 0xFF, 0x08, 0x00, 0x50, 0xFF, 0x7F,
    0x00, 0xF2, 0xFF, 0x2E, 0x00, 0xC1, 0xFF, 0x4F, 0x00, 0xA0, 0xFF, 0xFF, 0xBC, 0xFE, 0xFF, 0x0D,
    0x00, 0x10, 0xFC, 0xFF, 0xFF, 0xFF, 0xDF, 0x02, 0x00, 0x00, 0x50, 0xDA, 0xFF, 0xBE, 0x16, 0x00,
    // Unicode: [0x0547]
    0x80, 0xFD, 0xCE, 0x38, 0x00, 0x00, 0x00, 0xE0, 0xFF, 0xFF, 0xFF, 0x5C, 0x00, 0x00, 0xE0, 0xEF,
    0xFF, 0xFF, 0xFF, 0x6D, 0x00, 0x00, 0x71, 0xEC, 0xFF, 0xFF, 0xFF, 0x05, 0x30, 0xFD, 0xFF, 0x7A,
    0xB6, 0xFF, 0x05, 0xE2, 0xFF, 0x2C, 0x00, 0x00, 0xB4, 0x05, 0xFA, 0xEF, 0x02, 0x00, 0x00, 0x00,
    0x00, 0xFE, 0xBF, 0x00, 0x00, 0x00, 0x00, 0x00, 0xFF, 0xAF, 0x00, 0x00, 0x00, 0x00, 0x00, 0xFD,
    0xEF, 0x01, 0x00, 0x00, 0x20, 0x04, 0xF7, 0xFF, 0x3C, 0x00, 0x00, 0xE5, 0x07, 0xD1, 0xFF, 0xFF,
    0xAC, 0xEB, 0xFF, 0x07, 0x10, 0xFB, 0xFF, 0xFF, 0xFF, 0xFF, 0x06, 0x00, 0x40, 0xC9, 0xFE, 0xCE,
    0x38, 0x00,
    // Unicode: [0x0548]
    0x00, 0x50, 0xDA, 0xFE, 0xBE, 0x17, 0x00, 0x10, 0xFB, 0xFF, 0xFF, 0xFF, 0xDF, 0x02, 0xA0, 0xFF,
    0xFF, 0xBC, 0xFE, 0xFF, 0x0D, 0xF1, 0xFF, 0x2E, 0x00, 0xC1, 0xFF, 0x5F, 0xF4, 0xFF, 0x08, 0x00,
    0x50, 0xFF, 0x8F, 0xF5, 0xFF, 0x07, 0x00, 0x30, 0xFF, 0x9F, 0xF5, 0xFF, 0x06, 0x00, 0x30, 0xFF,
    0x9F, 0xF5, 0xFF, 0x06, 0x00, 0x30, 0xFF, 0x9F, 0xF5, 0xFF, 0x06, 0x00, 0x30, 0xFF, 0x9F, 0xF5,
    0xFF, 0x06, 0x00, 0x30, 0xFF, 0x9F, 0xF5, 0xFF, 0x06, 0x00, 0x30, 0xFF, 0x9F, 0xF5, 0xFF, 0x06,
    0x00, 0x30, 0xFF, 0x9F, 0xF5, 0xFF, 0x06, 0x00, 0x30, 0xFF, 0x9F, 0xF5, 0xFF, 0x06, 0x00, 0x30,
    0xFF, 0x9F,
    // Unicode: [0x0549]
    0x60, 0xDB, 0xFF, 0xBD, 0x17, 0x00, 0x00, 0xFB, 0xFF, 0xFF, 0xFF, 0xEF, 0x06, 0x00, 0xFC, 0xEF,
    0xCC, 0xFE, 0xFF, 0x7F, 0x00, 0xDC, 0x05, 0x00, 0x81, 0xFF, 0xFF, 0x02, 0x16, 0x00, 0x00, 0x00,
    0xF8, 0xFF, 0x08, 0x00, 0x00, 0x00, 0x00, 0xF2, 0xFF, 0x0A, 0x00, 0x00, 0x00, 0x00, 0xF2, 0xFF,
    0x0A, 0x00, 0x00, 0x00, 0x00, 0xF8, 0xFF, 0x05, 0xB0, 0x18, 0x00, 0x81, 0xFF, 0xBF, 0x00, 0xC0,
    0xEF, 0xBA, 0xFE, 0xFF, 0x1A, 0x00, 0xC0, 0xFF, 0xFF, 0xCF, 0x39, 0x00, 0x00, 0x70, 0xFE, 0xFF,
    0xEF, 0x06, 0x00, 0x00, 0x00, 0x81, 0xFE, 0xFF, 0x0B, 0x00, 0x00, 0x00, 0x00, 0x81, 0xFE, 0x0B,
    0x00, 0x00, 0x00, 0x00, 0x00, 0x91, 0x0B, 0x00, 0x00, 0x00, 0x00, 0x00, 0x00, 0x02, 0x00, 0x00,
    // Unicode: [0x054A]
    0x00, 0x00, 0x94, 0xEC, 0xEF, 0xAD, 0x16, 0x00, 0x00, 0x00, 0xB2, 0xFF, 0xFF, 0xFF, 0xFF, 0xEF,
    0x06, 0x00, 0x20, 0xFE, 0xEF, 0xFC, 0xFF, 0xDD, 0xFF, 0x6F, 0x00, 0xC0, 0xFF, 0x2D, 0xF3, 0xFF,
    0x08, 0xFB, 0xFF, 0x03, 0xF4, 0xFF, 0x07, 0xF3, 0xFF, 0x08, 0xF2, 0xFF, 0x09, 0xF8, 0xFF, 0x03,
    0xF3, 0xFF, 0x08, 0xE0, 0xFF, 0x0D, 0x74, 0x77, 0x01, 0xF3, 0xFF, 0x08, 0xC0, 0xFF, 0x0E, 0x00,
    0x00, 0x00, 0xF3, 0xFF, 0x08, 0xC0, 0xFF, 0x0E, 0x00, 0x00, 0x00, 0xF3, 0xFF, 0x08, 0xC0, 0xFF,
    0x0E, 0x00, 0x00, 0x00, 0xF3, 0xFF, 0x08, 0xC0, 0xFF, 0x0E, 0x00, 0x00, 0x00, 0x41, 0x44, 0x02,
    0xC0, 0xFF, 0x0E, 0x00, 0x00, 0x00, 0x00, 0x00, 0x00, 0xC0, 0xFF, 0x0E, 0x00, 0x00, 0x00, 0x00,
    0x00, 0x00, 0xC0, 0xFF, 0x0E, 0x00, 0x00, 0x00, 0x00, 0x00, 0x00, 0xC0, 0xFF, 0x0E,
    // Unicode: [0x054B]
    0x00, 0xA5, 0xED, 0xEF, 0x6B, 0x00, 0x00, 0xB1, 0xFF, 0xFF, 0xFF, 0xFF, 0x3D, 0x00, 0xF8, 0xFF,
    0xAE, 0xFB, 0xFF, 0xEF, 0x03, 0xFC, 0xFF, 0x02, 0x20, 0xFB, 0xFF, 0x0C, 0xFB, 0xFF, 0x08, 0x00,
    0xD1, 0xFF, 0x4F, 0xE3, 0xFF, 0xDF, 0x38, 0x60, 0xFF, 0x7F, 0x20, 0xFA, 0xFF, 0xFF, 0x9C, 0xFF,
    0x7F, 0x00, 0x10, 0xB6, 0xFE, 0xFF, 0xFF, 0x5F, 0x00, 0x00, 0x00, 0x51, 0xFC, 0xFF, 0x0D, 0x00,
    0x00, 0x00, 0x00, 0xE2, 0xFF, 0x05, 0xC6, 0xCC, 0x02, 0x40, 0xFD, 0x6F, 0x00, 0xF8, 0xFF, 0xBB,
    0xFD, 0xFF, 0xBD, 0x5B, 0xF8, 0xFF, 0xFF, 0xFF, 0xFF, 0xFF, 0x8F, 0xF8, 0xFF, 0xFF, 0xFF, 0xFF,
    0xFF, 0x8F,
    // Unicode: [0x054C]
    0x00, 0x50, 0xDA, 0xFE, 0xBE, 0x16, 0x00, 0x00, 0x00, 0x10, 0xFB, 0xFF, 0xFF, 0xFF, 0xDF, 0x02,
    0x00, 0x00, 0xA0, 0xFF, 0xFF, 0xBC, 0xFE, 0xFF, 0x0D, 0x00, 0x00, 0xF1, 0xFF, 0x2E, 0x00, 0xC1,
    0xFF, 0x5F, 0x00, 0x00, 0xF4, 0xFF, 0x08, 0x00, 0x50, 0xFF, 0x8F, 0x00, 0x00, 0xF5, 0xFF, 0x07,
    0x00, 0x30, 0xFF, 0x9F, 0x00, 0x00, 0xF5, 0xFF, 0x06, 0x00, 0x30, 0xFF, 0x9F, 0x00, 0x00, 0xF5,
    0xFF, 0x06, 0x00, 0x30, 0xFF, 0x9F, 0x00, 0x00, 0xF5, 0xFF, 0x06, 0x00, 0x30, 0xFF, 0xFF, 0xFF,
    0x03, 0xF5, 0xFF, 0x06, 0x00, 0x30, 0xFF, 0xFF, 0xFF, 0x03, 0xF5, 0xFF, 0x06, 0x00, 0x30, 0xFF,
    0xDF, 0xBB, 0x02, 0xF5, 0xFF, 0x06, 0x00, 0x30, 0xFF, 0x9F, 0x00, 0x00, 0xF5, 0xFF, 0x06, 0x00,
    0x30, 0xFF, 0x9F, 0x00, 0x00, 0xF5, 0xFF, 0x06, 0x00, 0x30, 0xFF, 0x9F, 0x00, 0x00,
    // Unicode: [0x054D]
    0xF5, 0xFF, 0x06, 0x00, 0x30, 0xFF, 0x9F, 0xF5, 0xFF, 0x06, 0x00, 0x30, 0xFF, 0x9F, 0xF5, 0xFF,
    0x06, 0x00, 0x30, 0xFF, 0x9F, 0xF5, 0xFF, 0x06, 0x00, 0x30, 0xFF, 0x9F, 0xF5, 0xFF, 0x06, 0x00,
    0x30, 0xFF, 0x9F, 0xF5, 0xFF, 0x06, 0x00, 0x30, 0xFF, 0x9F, 0xF5, 0xFF, 0x06, 0x00, 0x30, 0xFF,
    0x9F, 0xF5, 0xFF, 0x06, 0x00, 0x30, 0xFF, 0x9F, 0xF5, 0xFF, 0x07, 0x00, 0x30, 0xFF, 0x9F, 0xF4,
    0xFF, 0x08, 0x00, 0x50, 0xFF, 0x8F, 0xF1, 0xFF, 0x2E, 0x00, 0xC1, 0xFF, 0x5F, 0xA0, 0xFF, 0xFF,
    0xBC, 0xFE, 0xFF, 0x0D, 0x10, 0xFB, 0xFF, 0xFF, 0xFF, 0xDF, 0x02, 0x00, 0x50, 0xDA, 0xFF, 0xBE,
    0x17, 0x00,
    // Unicode: [0x054E]
    0x00, 0x00, 0x00, 0x00, 0x00, 0xFE, 0xCF, 0x00, 0x00, 0x00, 0x00, 0x00, 0x00, 0x00, 0xFE, 0xCF,
    0x00, 0x00, 0x00, 0x00, 0x00, 0x00, 0x00, 0xFE, 0xCF, 0x00, 0x00, 0xF2, 0xFF, 0x0A, 0x00, 0x00,
    0xFE, 0xCF, 0x00, 0x00, 0xF2, 0xFF, 0x0A, 0x00, 0x00, 0xFE, 0xCF, 0x00, 0x00, 0xF1, 0xFF, 0x0B,
    0x00, 0x00, 0xFE, 0xCF, 0x00, 0x00, 0xE0, 0xFF, 0x2F, 0x00, 0x00, 0xFE, 0xCF, 0x00, 0x00, 0x90,
    0xFF, 0xDF, 0x04, 0x20, 0xFF, 0xCF, 0x00, 0x00, 0x10, 0xFD, 0xFF, 0xFF, 0xFE, 0xFF, 0xCF, 0x00,
    0x00, 0x00, 0xC2, 0xFF, 0xFF, 0xFF, 0xFF, 0xCF, 0x00, 0x00, 0x00, 0x00, 0x94, 0xAA, 0x38, 0xFE,
    0xCF, 0x00, 0x00, 0x00, 0x00, 0x00, 0x00, 0x00, 0xFE, 0xEF, 0xBB, 0x05, 0x00, 0x00, 0x00, 0x00,
    0x00, 0xFE, 0xFF, 0xFF, 0x07, 0x00, 0x00, 0x00, 0x00, 0x00, 0xFE, 0xFF, 0xFF, 0x07,
    // Unicode: [0x054F]
    0x00, 0x71, 0xEB, 0xEF, 0xAD, 0x27, 0x00, 0x50, 0xFE, 0xFF, 0xFF, 0xFF, 0xEF, 0x00, 0xF2, 0xFF,
    0xCF, 0xA9, 0xFD, 0xEF, 0x00, 0xF8, 0xFF, 0x06, 0x00, 0x20, 0xE8, 0x00, 0xF9, 0xFF, 0x08, 0x00,
    0x00, 0x10, 0x00, 0xF6, 0xFF, 0xEF, 0x8B, 0x15, 0x00, 0x00, 0xC0, 0xFF, 0xFF, 0xFF, 0xFF, 0x29,
    0x00, 0x00, 0xE8, 0xFF, 0xFF, 0xFF, 0xEF, 0x02, 0x00, 0x00, 0x63, 0xD9, 0xFF, 0xFF, 0x09, 0x04,
    0x00, 0x00, 0x00, 0xF5, 0xFF, 0x0B, 0xDB, 0x16, 0x00, 0x00, 0xF4, 0xFF, 0x0A, 0xFB, 0xFF, 0xAC,
    0xCA, 0xFF, 0xFF, 0x03, 0xFB, 0xFF, 0xFF, 0xFF, 0xFF, 0x5E, 0x00, 0x50, 0xC9, 0xFE, 0xEF, 0x7B,
    0x01, 0x00,
    // Unicode: [0x0550]
    0x00, 0x50, 0xDA, 0xFE, 0xBE, 0x16, 0x00, 0x10, 0xFB, 0xFF, 0xFF, 0xFF, 0xDF, 0x02, 0xA0, 0xFF,
    0xFF, 0xBC, 0xFE, 0xFF, 0x0D, 0xF1, 0xFF, 0x2E, 0x00, 0xC1, 0xFF, 0x5F, 0xF4, 0xFF, 0x08, 0x00,
    0x50, 0xFF, 0x8F, 0xF5, 0xFF, 0x07, 0x00, 0x30, 0xFF, 0x9F, 0xF5, 0xFF, 0x06, 0x00, 0x10, 0x88,
    0x58, 0xF5, 0xFF, 0x06, 0x00, 0x00, 0x00, 0x00, 0xF5, 0xFF, 0x06, 0x00, 0x00, 0x00, 0x00, 0xF5,
    0xFF, 0x06, 0x00, 0x00, 0x00, 0x00, 0xF5, 0xFF, 0x06, 0x00, 0x00, 0x00, 0x00, 0xF5, 0xFF, 0x06,
    0x00, 0x00, 0x00, 0x00, 0xF5, 0xFF, 0x06, 0x00, 0x00, 0x00, 0x00, 0xF5, 0xFF, 0x06, 0x00, 0x00,
    0x00, 0x00,
    // Unicode: [0x0551]
    0x00, 0x82, 0xDC, 0xEF, 0x9C, 0x03, 0x00, 0x40, 0xFE, 0xFF, 0xFF, 0xFF, 0x8F, 0x00, 0xE0, 0xFF,
    0xEF, 0xDB, 0xFF, 0xFF, 0x03, 0xF2, 0xFF, 0x0B, 0x00, 0xFA, 0xFF, 0x06, 0xE0, 0xFF, 0x09, 0x00,
    0xF8, 0xFF, 0x04, 0x50, 0xFF, 0x9F, 0x96, 0xFF, 0x9F, 0x00, 0x72, 0xFA, 0xFF, 0xFF, 0xFF, 0x07,
    0x00, 0xF8, 0xFF, 0xFF, 0xFF, 0xFF, 0xCF, 0x02, 0xC8, 0x47, 0x12, 0x31, 0xF8, 0xFF, 0x0C, 0x01,
    0x00, 0x00, 0x00, 0xB0, 0xFF, 0x3F, 0x66, 0x02, 0x00, 0x00, 0xD2, 0xFF, 0x2F, 0xF8, 0xDF, 0xBB,
    0xCB, 0xFF, 0xFF, 0x0B, 0xF8, 0xFF, 0xFF, 0xFF, 0xFF, 0xCF, 0x02, 0x51, 0xC9, 0xEE, 0xFF, 0xAD,
    0x05, 0x00,
    // Unicode: [0x0552]
    0xF3, 0xFF, 0x09, 0x00, 0x00, 0x00, 0xF3, 0xFF, 0x09, 0x00, 0x00, 0x00, 0xF3, 0xFF, 0x09, 0x00,
    0x00, 0x00, 0xF3, 0xFF, 0xFF, 0xFF, 0xFF, 0x2F, 0xF3, 0xFF, 0xFF, 0xFF, 0xFF, 0x2F, 0xF3, 0xFF,
    0xBD, 0xBB, 0xBB, 0x1B, 0xF3, 0xFF, 0x09, 0x00, 0x00, 0x00, 0xF3, 0xFF, 0x09, 0x00, 0x00, 0x00,
    0xF3, 0xFF, 0x09, 0x00, 0x00, 0x00, 0xF3, 0xFF, 0x09, 0x00, 0x00, 0x00, 0xF3, 0xFF, 0x09, 0x00,
    0x00, 0x00, 0xF3, 0xFF, 0x09, 0x00, 0x00, 0x00, 0xF3, 0xFF, 0x09, 0x00, 0x00, 0x00, 0xF3, 0xFF,
    0x09, 0x00, 0x00, 0x00,
    // Unicode: [0x0553]
    0x00, 0x00, 0x00, 0x50, 0xFF, 0x6F, 0x00, 0x00, 0x00, 0x00, 0x00, 0x00, 0xA5, 0xFD, 0xFF, 0xFF,
    0xCE, 0x17, 0x00, 0x00, 0x00, 0xD3, 0xFF, 0xFF, 0xFF, 0xFF, 0xFF, 0xEF, 0x05, 0x00, 0x20, 0xFE,
    0xFF, 0x9A, 0xFF, 0xAF, 0xFA, 0xFF, 0x3F, 0x00, 0xA0, 0xFF, 0x7F, 0x50, 0xFF, 0x6F, 0x70, 0xFF,
    0xBF, 0x00, 0xE0, 0xFF, 0x0E, 0x50, 0xFF, 0x6F, 0x00, 0xFE, 0xFF, 0x00, 0xF1, 0xFF, 0x0C, 0x50,
    0xFF, 0x6F, 0x00, 0xFC, 0xFF, 0x02, 0xF0, 0xFF, 0x0D, 0x50, 0xFF, 0x6F, 0x00, 0xFD, 0xFF, 0x01,
    0xC0, 0xFF, 0x3F, 0x50, 0xFF, 0x6F, 0x30, 0xFF, 0xCF, 0x00, 0x50, 0xFF, 0xEF, 0x65, 0xFF, 0x6F,
    0xD5, 0xFF, 0x5F, 0x00, 0x00, 0xF8, 0xFF, 0xFF, 0xFF, 0xFF, 0xFF, 0xFF, 0x08, 0x00, 0x00, 0x40,
    0xFC, 0xFF, 0xFF, 0xFF, 0xFF, 0x4C, 0x00, 0x00, 0x00, 0x00, 0x10, 0x84, 0xFF, 0x9F, 0x14, 0x00,
    0x00, 0x00, 0x00, 0x00, 0x00, 0x50, 0xFF, 0x6F, 0x00, 0x00, 0x00, 0x00,
    // Unicode: [0x0554]
    0x00, 0x00, 0x82, 0xEC, 0xEF, 0x5B, 0x00, 0x00, 0x00, 0x50, 0xFE, 0xFF, 0xFF, 0xFF, 0x1B, 0x00,
    0x00, 0xF2, 0xFF, 0xDF, 0xEB, 0xFF, 0xAF, 0x00, 0x00, 0xF9, 0xFF, 0x07, 0x10, 0xFD, 0xFF, 0x02,
    0x00, 0xFB, 0xFF, 0x01, 0x00, 0xF8, 0xFF, 0x05, 0x00, 0xFB, 0xFF, 0x02, 0x00, 0xF9, 0xFF, 0x04,
    0x00, 0xFB, 0xFF, 0x4C, 0x63, 0xFF, 0xEF, 0x01, 0x00, 0xFB, 0xFF, 0xFF, 0xFF, 0xFF, 0x7F, 0x00,
    0x00, 0xFB, 0xFF, 0xFE, 0xFF, 0xDF, 0x06, 0x00, 0x00, 0xFB, 0xFF, 0x40, 0x55, 0x03, 0x00, 0x00,
    0xB3, 0xFE, 0xFF, 0xBB, 0xBB, 0xBB, 0xBB, 0x07, 0xF5, 0xFF, 0xFF, 0xFF, 0xFF, 0xFF, 0xFF, 0x0A,
    0xF5, 0xFF, 0xFF, 0xFF, 0xFF, 0xFF, 0xFF, 0x0A, 0x00, 0xFB, 0xFF, 0x00, 0x00, 0x00, 0x00, 0x00,
    // Unicode: [0x0555]
    0x00, 0x20, 0xC8, 0xFE, 0xCE, 0x28, 0x00, 0x00, 0x00, 0xF7, 0xFF, 0xFF, 0xFF, 0xFF, 0x07, 0x00,
    0x80, 0xFF, 0xFF, 0xBD, 0xFD, 0xFF, 0x8F, 0x00, 0xF3, 0xFF, 0x4E, 0x00, 0x40, 0xFE, 0xFF, 0x03,
    0xF9, 0xFF, 0x07, 0x00, 0x00, 0xF7, 0xFF, 0x09, 0xFD, 0xFF, 0x01, 0x00, 0x00, 0xF1, 0xFF, 0x0D,
    0xFE, 0xEF, 0x00, 0x00, 0x00, 0xE0, 0xFF, 0x0E, 0xFE, 0xEF, 0x00, 0x00, 0x00, 0xE0, 0xFF, 0x0E,
    0xFD, 0xFF, 0x01, 0x00, 0x00, 0xF1, 0xFF, 0x0D, 0xF9, 0xFF, 0x07, 0x00, 0x00, 0xF7, 0xFF, 0x09,
    0xF3, 0xFF, 0x4E, 0x00, 0x40, 0xFE, 0xFF, 0x03, 0x80, 0xFF, 0xFF, 0xBD, 0xFD, 0xFF, 0x8F, 0x00,
    0x00, 0xF8, 0xFF, 0xFF, 0xFF, 0xFF, 0x07, 0x00, 0x00, 0x20, 0xC8, 0xFE, 0xCE, 0x28, 0x00, 0x00,
    // Unicode: [0x0556]
    0x00, 0x93, 0xFD, 0xFF, 0x9F, 0x00, 0x00, 0x00, 0x00, 0x70, 0xFF, 0xFF, 0xFF, 0x9F, 0x00, 0x00,
    0x00, 0x00, 0xF3, 0xFF, 0xAD, 0xFF, 0x9F, 0x00, 0x00, 0x00, 0x00, 0xF6, 0xFF, 0x22, 0xFF, 0x9F,
    0x00, 0x00, 0x00, 0x00, 0xF5, 0xFF, 0x49, 0xFF, 0x9F, 0x00, 0x00, 0x00, 0x00, 0xB0, 0xFF, 0xFF,
    0xFF, 0xEF, 0x8A, 0x15, 0x00, 0x00, 0x00, 0xE8, 0xFF, 0xFF, 0xFF, 0xFF, 0xEF, 0x07, 0x00, 0x00,
    0x00, 0x73, 0xFF, 0xDF, 0xFB, 0xFF, 0xAF, 0x00, 0x00, 0x00, 0x20, 0xFF, 0x9F, 0x10, 0xFD, 0xFF,
    0x04, 0x00, 0x00, 0x20, 0xFF, 0x9F, 0x00, 0xF9, 0xFF, 0x05, 0x98, 0x03, 0x20, 0xFF, 0x9F, 0x20,
    0xFD, 0xFF, 0x03, 0xF8, 0xEF, 0xAB, 0xFF, 0xDF, 0xFB, 0xFF, 0x9F, 0x00, 0xF6, 0xFF, 0xFF, 0xFF,
    0xFF, 0xFF, 0xEF, 0x06, 0x00, 0x10, 0x95, 0xDB, 0xFE, 0xEF, 0x9B, 0x04, 0x00, 0x00,
    // Unicode: [0x0559]
    0x00, 0x90, 0x39, 0x00, 0xF6, 0x2F, 0x00, 0xFD, 0x0D, 0x60, 0xFF, 0x09, 0xD0, 0xFF, 0x05, 0xF7,
    0xFF, 0x01,
    // Unicode: [0x055A]
    0x30, 0x99, 0x29, 0x90, 0xFF, 0x0C, 0xD0, 0xFF, 0x04, 0xF2, 0xBF, 0x00, 0xF6, 0x4F, 0x00, 0xFA,
    0x0B, 0x00,
    // Unicode: [0x055B]
    0x00, 0x82, 0x78, 0x02, 0x00, 0xFC, 0x7F, 0x00, 0x70, 0xFF, 0x07, 0x00, 0xF3, 0x6F, 0x00, 0x00,
    // Unicode: [0x055C]
    0x00, 0x70, 0xBF, 0x00, 0xE6, 0x9F, 0xD2, 0xFF, 0x08, 0xFA, 0x2C, 0x00, 0xF9, 0x07, 0x00,
    // Unicode: [0x055D]
    0x85, 0x78, 0x00, 0xC1, 0xFF, 0x06, 0x10, 0xFC, 0x2E, 0x00, 0xB1, 0xCF,
    // Unicode: [0x055E]
    0x00, 0x10, 0x00, 0x00, 0x70, 0xFE, 0x7E, 0x00, 0xF7, 0x59, 0xFC, 0x03, 0xCD, 0x30, 0xFB, 0x04,
    0xAF, 0xB0, 0xAF, 0x00, 0x9B, 0x30, 0x02, 0x00,
    // Unicode: [0x055F]
    0x31, 0x00, 0x00, 0x00, 0x00, 0xF6, 0x02, 0x00, 0x00, 0x00, 0xF6, 0x24, 0x22, 0x22, 0x22, 0xF6,
    0xFF, 0xFF, 0xFF, 0xFF, 0x52, 0x55, 0x55, 0x55, 0x55,
    // Unicode: [0x0561]
    0xF6, 0xFF, 0x02, 0x30, 0xFF, 0x5F, 0x00, 0xF0, 0xFF, 0x08, 0xF6, 0xFF, 0x02, 0x30, 0xFF, 0x5F,
    0x00, 0xF0, 0xFF, 0x08, 0xF6, 0xFF, 0x02, 0x30, 0xFF, 0x5F, 0x00, 0xF0, 0xFF, 0x08, 0xF6, 0xFF,
    0x02, 0x30, 0xFF, 0x5F, 0x00, 0xF0, 0xFF, 0x08, 0xF6, 0xFF, 0x02, 0x30, 0xFF, 0x5F, 0x00, 0xF0,
    0xFF, 0x08, 0xF6, 0xFF, 0x02, 0x30, 0xFF, 0x5F, 0x00, 0xF0, 0xFF, 0x08, 0xF6, 0xFF, 0x02, 0x30,
    0xFF, 0x5F, 0x00, 0xF0, 0xFF, 0x08, 0xF5, 0xFF, 0x04, 0x40, 0xFF, 0x8F, 0x00, 0xF1, 0xFF, 0x08,
    0xF3, 0xFF, 0x9E, 0xEA, 0xFF, 0xFF, 0x99, 0xFE, 0xFF, 0x08, 0xB0, 0xFF, 0xFF, 0xCF, 0xFB, 0xFF,
    0xFF, 0xFE, 0xFF, 0x08, 0x20, 0xEA, 0xCE, 0x06, 0x81, 0xFD, 0x8D, 0xF2, 0xFF, 0x08,
    // Unicode: [0x0562]
    0xF5, 0xFF, 0x73, 0xFC, 0xAE, 0x02, 0xF5, 0xFF, 0xFE, 0xFF, 0xFF, 0x1E, 0xF5, 0xFF, 0xBF, 0xE9,
    0xFF, 0x7F, 0xF5, 0xFF, 0x03, 0x30, 0xFF, 0xAF, 0xF5, 0xFF, 0x03, 0x00, 0xFE, 0xAF, 0xF5, 0xFF,
    0x03, 0x00, 0xFD, 0xAF, 0xF5, 0xFF, 0x03, 0x00, 0xA9, 0x7A, 0xF5, 0xFF, 0x03, 0x00, 0x00, 0x00,
    0xF5, 0xFF, 0x89, 0x88, 0x88, 0x88, 0xF5, 0xFF, 0xFF, 0xFF, 0xFF, 0xFF, 0xF5, 0xFF, 0xFF, 0xFF,
    0xFF, 0xFF, 0xF5, 0xFF, 0x03, 0x00, 0x00, 0x00, 0xF5, 0xFF, 0x03, 0x00, 0x00, 0x00, 0xF5, 0xFF,
    0x03, 0x00, 0x00, 0x00, 0xF5, 0xFF, 0x03, 0x00, 0x00, 0x00,
    // Unicode: [0x0563]
    0x00, 0x60, 0xEC, 0xDF, 0xFA, 0xFF, 0x05, 0x00, 0x00, 0xF9, 0xFF, 0xFF, 0xFF, 0xFF, 0x05, 0x00,
    0x50, 0xFF, 0xDF, 0x57, 0xF9, 0xFF, 0x05, 0x00, 0xC0, 0xFF, 0x1E, 0x00, 0xF3, 0xFF, 0x05, 0x00,
    0xF1, 0xFF, 0x09, 0x00, 0xF3, 0xFF, 0x05, 0x00, 0xF2, 0xFF, 0x08, 0x00, 0xF3, 0xFF, 0x05, 0x00,
    0xF1, 0xFF, 0x09, 0x00, 0xF3, 0xFF, 0x05, 0x00, 0xD0, 0xFF, 0x1E, 0x00, 0xF3, 0xFF, 0x05, 0x00,
    0x80, 0xFF, 0xDF, 0x99, 0xFD, 0xFF, 0x8A, 0x05, 0x10, 0xFD, 0xFF, 0xFF, 0xFF, 0xFF, 0xFF, 0x08,
    0x00, 0x91, 0xFE, 0x9D, 0xF5, 0xFF, 0xFF, 0x08, 0x00, 0x00, 0x00, 0x00, 0xF3, 0xFF, 0x05, 0x00,
    0x00, 0x00, 0x00, 0x00, 0xF3, 0xFF, 0x05, 0x00, 0x00, 0x00, 0x00, 0x00, 0xF3, 0xFF, 0x05, 0x00,
    0x00, 0x00, 0x00, 0x00, 0xF3, 0xFF, 0x05, 0x00,
    // Unicode: [0x0564]
    0xF5, 0xFF, 0x73, 0xFC, 0xBE, 0x03, 0x00, 0xF5, 0xFF, 0xFE, 0xFF, 0xFF, 0x1E, 0x00, 0xF5, 0xFF,
    0xBF, 0xEA, 0xFF, 0x7F, 0x00, 0xF5, 0xFF, 0x03, 0x30, 0xFF, 0x9F, 0x00, 0xF5, 0xFF, 0x03, 0x00,
    0xFE, 0xAF, 0x00, 0xF5, 0xFF, 0x03, 0x00, 0xFD, 0xAF, 0x00, 0xF5, 0xFF, 0x03, 0x00, 0xFD, 0xAF,
    0x00, 0xF5, 0xFF, 0x03, 0x00, 0xFD, 0xAF, 0x00, 0xF5, 0xFF, 0x03, 0x00, 0xFD, 0xDF, 0x78, 0xF5,
    0xFF, 0x03, 0x00, 0xFD, 0xFF, 0xEF, 0xF5, 0xFF, 0x03, 0x00, 0xFD, 0xFF, 0xEF, 0x00, 0x00, 0x00,
    0x00, 0xFD, 0xAF, 0x00, 0x00, 0x00, 0x00, 0x00, 0xFD, 0xAF, 0x00, 0x00, 0x00, 0x00, 0x00, 0xFD,
    0xAF, 0x00, 0x00, 0x00, 0x00, 0x00, 0xFD, 0xAF, 0x00,
    // Unicode: [0x0565]
    0xF6, 0xFF, 0x02, 0x00, 0x00, 0x00, 0xF6, 0xFF, 0x02, 0x00, 0x00, 0x00, 0xF6, 0xFF, 0x02, 0x00,
    0x00, 0x00, 0xF6, 0xFF, 0x02, 0x00, 0x00, 0x00, 0xF6, 0xFF, 0xFF, 0xFF, 0xFF, 0xEF, 0xF6, 0xFF,
    0xFF, 0xFF, 0xFF, 0xEF, 0xF6, 0xFF, 0x89, 0x88, 0x88, 0x78, 0xF6, 0xFF, 0x02, 0x00, 0x00, 0x00,
    0xF6, 0xFF, 0x02, 0x00, 0xA9, 0x6A, 0xF6, 0xFF, 0x02, 0x00, 0xFE, 0x9F, 0xF6, 0xFF, 0x02, 0x00,
    0xFE, 0x9F, 0xF5, 0xFF, 0x06, 0x10, 0xFE, 0x9F, 0xF3, 0xFF, 0xAF, 0xEA, 0xFF, 0x9F, 0xB0, 0xFF,
    0xFF, 0xFF, 0xFF, 0x9F, 0x10, 0xD9, 0xDF, 0x29, 0xFE, 0x9F,
    // Unicode: [0x0566]
    0x00, 0x60, 0xEC, 0xDF, 0xFA, 0xFF, 0x05, 0x00, 0x00, 0xF9, 0xFF, 0xFF, 0xFF, 0xFF, 0x05, 0x00,
    0x50, 0xFF, 0xCF, 0x45, 0xF8, 0xFF, 0x05, 0x00, 0xC0, 0xFF, 0x1E, 0x00, 0xF3, 0xFF, 0x05, 0x00,
    0xF1, 0xFF, 0x09, 0x00, 0xF3, 0xFF, 0x05, 0x00, 0xF2, 0xFF, 0x08, 0x00, 0xF3, 0xFF, 0x05, 0x00,
    0xF1, 0xFF, 0x09, 0x00, 0xF3, 0xFF, 0x05, 0x00, 0xD0, 0xFF, 0x1E, 0x00, 0xF4, 0xFF, 0x05, 0x00,
    0x80, 0xFF, 0xEF, 0xBA, 0xFF, 0xFF, 0x05, 0x00, 0x10, 0xFD, 0xFF, 0xFF, 0xFE, 0xFF, 0x05, 0x00,
    0x00, 0x91, 0xFE, 0x7D, 0xF3, 0xFF, 0x05, 0x00, 0x00, 0x00, 0x00, 0x00, 0xF3, 0xFF, 0x05, 0x00,
    0x00, 0x00, 0x00, 0x00, 0xF3, 0xFF, 0x8A, 0x04, 0x00, 0x00, 0x00, 0x00, 0xF3, 0xFF, 0xFF, 0x08,
    0x00, 0x00, 0x00, 0x00, 0xF3, 0xFF, 0xFF, 0x08,
    // Unicode: [0x0567]
    0xF5, 0xFF, 0x03, 0x00, 0x00, 0x00, 0xF5, 0xFF, 0x03, 0x00, 0x00, 0x00, 0xF5, 0xFF, 0x03, 0x00,
    0x00, 0x00, 0xF5, 0xFF, 0x03, 0x00, 0x00, 0x00, 0xF5, 0xFF, 0xFF, 0xFF, 0xFF, 0x09, 0xF5, 0xFF,
    0xFF, 0xFF, 0xFF, 0x09, 0xF5, 0xFF, 0x89, 0x88, 0x88, 0x05, 0xF5, 0xFF, 0x03, 0x00, 0x00, 0x00,
    0xF5, 0xFF, 0x03, 0x00, 0x00, 0x00, 0xF5, 0xFF, 0x03, 0x00, 0x00, 0x00, 0xF5, 0xFF, 0x03, 0x00,
    0x00, 0x00, 0xF5, 0xFF, 0x03, 0x00, 0x00, 0x00, 0xF5, 0xFF, 0xAB, 0xAA, 0x7A, 0x00, 0xF5, 0xFF,
    0xFF, 0xFF, 0xBF, 0x00, 0xF5, 0xFF, 0xFF, 0xFF, 0xBF, 0x00,
    // Unicode: [0x0568]
    0xF5, 0xFF, 0x73, 0xFC, 0xAE, 0x02, 0x00, 0xF5, 0xFF, 0xFE, 0xFF, 0xFF, 0x1E, 0x00, 0xF5, 0xFF,
    0xAF, 0xE9, 0xFF, 0x7F, 0x00, 0xF5, 0xFF, 0x03, 0x30, 0xFF, 0xAF, 0x00, 0xF5, 0xFF, 0x03, 0x00,
    0xFE, 0xAF, 0x00, 0xF5, 0xFF, 0x03, 0x00, 0xFD, 0xAF, 0x00, 0xF5, 0xFF, 0x03, 0x00, 0xFD, 0xAF,
    0x00, 0xF5, 0xFF, 0x03, 0x00, 0xFD, 0xAF, 0x00, 0xF5, 0xFF, 0x03, 0x00, 0xFD, 0xAF, 0x00, 0xF5,
    0xFF, 0x03, 0x00, 0xFD, 0xAF, 0x00, 0xF5, 0xFF, 0x03, 0x00, 0xFD, 0xAF, 0x00, 0xF5, 0xFF, 0x03,
    0x00, 0x00, 0x00, 0x00, 0xF5, 0xFF, 0x89, 0x88, 0x88, 0x88, 0x01, 0xF5, 0xFF, 0xFF, 0xFF, 0xFF,
    0xFF, 0x01, 0xF5, 0xFF, 0xFF, 0xFF, 0xFF, 0xFF, 0x01,
    // Unicode: [0x0569]
    0xF5, 0xFF, 0x23, 0xC8, 0xFE, 0xCE, 0x39, 0x00, 0x00, 0xF5, 0xFF, 0xFA, 0xFF, 0xFF, 0xFF, 0xFF,
    0x07, 0x00, 0xF5, 0xFF, 0xFF, 0x5A, 0x12, 0xB3, 0xFF, 0x3F, 0x00, 0xF5, 0xFF, 0x4F, 0x00, 0x52,
    0x76, 0xFF, 0xAF, 0x06, 0xF5, 0xFF, 0x08, 0xA1, 0xFF, 0xFF, 0xFF, 0xFF, 0x1F, 0xF5, 0xFF, 0x03,
    0xFB, 0xFF, 0xFF, 0xFF, 0xFF, 0x1F, 0xF5, 0xFF, 0x23, 0xFF, 0x8F, 0x23, 0xFE, 0xAF, 0x02, 0xF5,
    0xFF, 0x33, 0xFF, 0x2F, 0x00, 0xFE, 0x8F, 0x00, 0xF5, 0xFF, 0x13, 0xFE, 0xBF, 0xB6, 0xFF, 0x3F,
    0x00, 0xF5, 0xFF, 0x03, 0xF6, 0xFF, 0xFF, 0xFF, 0x07, 0x00, 0xF5, 0xFF, 0x03, 0x40, 0xEA, 0xEF,
    0x4B, 0x00, 0x00, 0xF5, 0xFF, 0x03, 0x00, 0x00, 0x00, 0x00, 0x00, 0x00, 0xF5, 0xFF, 0x03, 0x00,
    0x00, 0x00, 0x00, 0x00, 0x00, 0xF5, 0xFF, 0x03, 0x00, 0x00, 0x00, 0x00, 0x00, 0x00, 0xF5, 0xFF,
    0x03, 0x00, 0x00, 0x00, 0x00, 0x00, 0x00,
    // Unicode: [0x056A]
    0x00, 0x00, 0x00, 0x00, 0xF3, 0xFF, 0x05, 0x00, 0x00, 0x00, 0x00, 0x00, 0xF3, 0xFF, 0x05, 0x00,
    0x00, 0x00, 0x00, 0x00, 0xF3, 0xFF, 0x05, 0x00, 0x00, 0x00, 0x00, 0x00, 0xF3, 0xFF, 0x05, 0x00,
    0x00, 0x50, 0xEB, 0xFF, 0xFF, 0xFF, 0xFF, 0x08, 0x00, 0xFA, 0xFF, 0xFF, 0xFF, 0xFF, 0xFF, 0x08,
    0x70, 0xFF, 0xDF, 0x89, 0xF9, 0xFF, 0x8A, 0x04, 0xD0, 0xFF, 0x1E, 0x00, 0xF3, 0xFF, 0x05, 0x00,
    0xF1, 0xFF, 0x09, 0x00, 0xF3, 0xFF, 0x05, 0x00, 0xF1, 0xFF, 0x08, 0x00, 0xF3, 0xFF, 0x05, 0x00,
    0xF0, 0xFF, 0x0A, 0x00, 0xF4, 0xFF, 0x04, 0x00, 0xB0, 0xFF, 0x1E, 0x00, 0xF9, 0xEF, 0x01, 0x00,
    0x40, 0xFF, 0xCF, 0xA7, 0xFF, 0x8F, 0x00, 0x00, 0x00, 0xF7, 0xFF, 0xFF, 0xFF, 0x0A, 0x00, 0x00,
    0x00, 0x30, 0xDA, 0xEF, 0x5B, 0x00, 0x00, 0x00,
    // Unicode: [0x056B]
    0xF5, 0xFF, 0x03, 0x00, 0x00, 0x00, 0xF5, 0xFF, 0x03, 0x00, 0x00, 0x00, 0xF5, 0xFF, 0x03, 0x00,
    0x00, 0x00, 0xF5, 0xFF, 0x03, 0x00, 0x00, 0x00, 0xF5, 0xFF, 0x63, 0xEC, 0xAE, 0x02, 0xF5, 0xFF,
    0xFD, 0xFF, 0xFF, 0x1E, 0xF5, 0xFF, 0xEF, 0xFD, 0xFF, 0x7F, 0xF5, 0xFF, 0x06, 0x50, 0xFF, 0xAF,
    0xF5, 0xFF, 0x03, 0x00, 0xFE, 0xAF, 0xF5, 0xFF, 0x03, 0x00, 0xFD, 0xAF, 0xF5, 0xFF, 0x03, 0x00,
    0xFD, 0xAF, 0xF5, 0xFF, 0x03, 0x00, 0xFD, 0xAF, 0xF5, 0xFF, 0x03, 0x00, 0xFD, 0xAF, 0xF5, 0xFF,
    0x03, 0x00, 0xFD, 0xAF, 0xF5, 0xFF, 0x03, 0x00, 0xFD, 0xAF, 0xF5, 0xFF, 0x03, 0x00, 0x00, 0x00,
    0xF5, 0xFF, 0x03, 0x00, 0x00, 0x00, 0xF5, 0xFF, 0x03, 0x00, 0x00, 0x00, 0xF5, 0xFF, 0x03, 0x00,
    0x00, 0x00,
    // Unicode: [0x056C]
    0xF5, 0xFF, 0x03, 0x00, 0xF5, 0xFF, 0x03, 0x00, 0xF5, 0xFF, 0x03, 0x00, 0xF5, 0xFF, 0x03, 0x00,
    0xF5, 0xFF, 0x03, 0x00, 0xF5, 0xFF, 0x03, 0x00, 0xF5, 0xFF, 0x03, 0x00, 0xF5, 0xFF, 0x03, 0x00,
    0xF5, 0xFF, 0x03, 0x00, 0xF5, 0xFF, 0x03, 0x00, 0xF5, 0xFF, 0x03, 0x00, 0xF5, 0xFF, 0x03, 0x00,
    0xF5, 0xFF, 0x89, 0x03, 0xF5, 0xFF, 0xFF, 0x06, 0xF5, 0xFF, 0xFF, 0x06,
    // Unicode: [0x056D]
    0xF5, 0xFF, 0x03, 0x00, 0x00, 0x00, 0x00, 0x00, 0x00, 0x00, 0xF5, 0xFF, 0x03, 0x00, 0x00, 0x00,
    0x00, 0x00, 0x00, 0x00, 0xF5, 0xFF, 0x03, 0x00, 0x00, 0x00, 0x00, 0x00, 0x00, 0x00, 0xF5, 0xFF,
    0x03, 0x00, 0x00, 0x00, 0x00, 0x00, 0x00, 0x00, 0xF5, 0xFF, 0x74, 0xEC, 0x9E, 0x01, 0x00, 0xE0,
    0xFF, 0x09, 0xF5, 0xFF, 0xFE, 0xFF, 0xFF, 0x0B, 0x00, 0xE0, 0xFF, 0x09, 0xF5, 0xFF, 0xDF, 0xFD,
    0xFF, 0x3F, 0x00, 0xE0, 0xFF, 0x09, 0xF5, 0xFF, 0x05, 0x80, 0xFF, 0x5F, 0x00, 0xE0, 0xFF, 0x09,
    0xF5, 0xFF, 0x03, 0x20, 0xFF, 0x6F, 0x00, 0xE0, 0xFF, 0x09, 0xF5, 0xFF, 0x03, 0x20, 0xFF, 0x6F,
    0x00, 0xE0, 0xFF, 0x09, 0xF5, 0xFF, 0x03, 0x20, 0xFF, 0x6F, 0x00, 0xE0, 0xFF, 0x09, 0xF5, 0xFF,
    0x03, 0x10, 0xFF, 0x8F, 0x00, 0xE0, 0xFF, 0x09, 0xF5, 0xFF, 0x03, 0x00, 0xFE, 0xFF, 0x89, 0xFD,
    0xFF, 0x09, 0xF5, 0xFF, 0x03, 0x00, 0xF7, 0xFF, 0xFF, 0xFF, 0xFF, 0x09, 0xF5, 0xFF, 0x03, 0x00,
    0x70, 0xFD, 0x9D, 0xE2, 0xFF, 0x09, 0xF5, 0xFF, 0x03, 0x00, 0x00, 0x00, 0x00, 0x00, 0x00, 0x00,
    0xF5, 0xFF, 0x03, 0x00, 0x00, 0x00, 0x00, 0x00, 0x00, 0x00, 0xF5, 0xFF, 0x03, 0x00, 0x00, 0x00,
    0x00, 0x00, 0x00, 0x00, 0xF5, 0xFF, 0x03, 0x00, 0x00, 0x00, 0x00, 0x00, 0x00, 0x00,
    // Unicode: [0x056E]
    0x00, 0xD0, 0xFF, 0x07, 0x00, 0x00, 0x00, 0x00, 0xF7, 0xEF, 0x01, 0x00, 0x00, 0x00, 0x10, 0xFE,
    0xFF, 0x4B, 0x00, 0x00, 0x00, 0x00, 0xB5, 0xFF, 0xFF, 0x2B, 0x00, 0x00, 0x00, 0x30, 0xFC, 0xFF,
    0xFF, 0xFF, 0x0F, 0x00, 0xF6, 0xFF, 0xFF, 0xFF, 0xFF, 0x0F, 0x30, 0xFF, 0xBF, 0x45, 0xFC, 0xFF,
    0x05, 0xA0, 0xFF, 0x0D, 0x00, 0xF3, 0xFF, 0x08, 0xF0, 0xFF, 0x09, 0x00, 0xD0, 0xFF, 0x0B, 0xF1,
    0xFF, 0x08, 0x00, 0xC0, 0xFF, 0x0D, 0xF1, 0xFF, 0x09, 0x00, 0xD0, 0xFF, 0x0B, 0xC0, 0xFF, 0x1D,
    0x00, 0xF3, 0xFF, 0x07, 0x50, 0xFF, 0xCF, 0x77, 0xFE, 0xEF, 0x01, 0x00, 0xF8, 0xFF, 0xFF, 0xFF,
    0x4E, 0x00, 0x00, 0x30, 0xDA, 0xEF, 0x8C, 0x01, 0x00,
    // Unicode: [0x056F]
    0xF6, 0xFF, 0x02, 0x00, 0x00, 0x00, 0xF6, 0xFF, 0x02, 0x00, 0x00, 0x00, 0xF6, 0xFF, 0x02, 0x00,
    0x00, 0x00, 0xF6, 0xFF, 0x02, 0x00, 0x00, 0x00, 0xF6, 0xFF, 0x02, 0x00, 0xFE, 0x9F, 0xF6, 0xFF,
    0x02, 0x00, 0xFE, 0x9F, 0xF6, 0xFF, 0x02, 0x00, 0xFE, 0x9F, 0xF6, 0xFF, 0x02, 0x00, 0xFE, 0x9F,
    0xF6, 0xFF, 0x02, 0x00, 0xFE, 0x9F, 0xF6, 0xFF, 0x02, 0x00, 0xFE, 0x9F, 0xF6, 0xFF, 0x03, 0x00,
    0xFE, 0x9F, 0xF5, 0xFF, 0x08, 0x20, 0xFE, 0x9F, 0xF3, 0xFF, 0xDF, 0xFD, 0xFF, 0x9F, 0xB0, 0xFF,
    0xFF, 0xDF, 0xFE, 0x9F, 0x10, 0xD9, 0xDF, 0x17, 0xFE, 0x9F, 0x00, 0x00, 0x00, 0x00, 0xFE, 0x9F,
    0x00, 0x00, 0x00, 0x00, 0xFE, 0x9F, 0x00, 0x00, 0x00, 0x00, 0xFE, 0x9F, 0x00, 0x00, 0x00, 0x00,
    0xFE, 0x9F,
    // Unicode: [0x0570]
    0xF5, 0xFF, 0x03, 0x00, 0x00, 0x00, 0xF5, 0xFF, 0x03, 0x00, 0x00, 0x00, 0xF5, 0xFF, 0x03, 0x00,
    0x00, 0x00, 0xF5, 0xFF, 0x03, 0x00, 0x00, 0x00, 0xF5, 0xFF, 0x53, 0xEC, 0xBE, 0x03, 0xF5, 0xFF,
    0xFC, 0xFF, 0xFF, 0x1E, 0xF5, 0xFF, 0xEF, 0xFC, 0xFF, 0x7F, 0xF5, 0xFF, 0x05, 0x30, 0xFF, 0x9F,
    0xF5, 0xFF, 0x03, 0x00, 0xFE, 0xAF, 0xF5, 0xFF, 0x03, 0x00, 0xFD, 0xAF, 0xF5, 0xFF, 0x03, 0x00,
    0xFD, 0xAF, 0xF5, 0xFF, 0x03, 0x00, 0xFD, 0xAF, 0xF5, 0xFF, 0x03, 0x00, 0xFD, 0xAF, 0xF5, 0xFF,
    0x03, 0x00, 0xFD, 0xAF, 0xF5, 0xFF, 0x03, 0x00, 0xFD, 0xAF,
    // Unicode: [0x0571]
    0x00, 0xD0, 0xFF, 0x0C, 0x00, 0x00, 0x00, 0xF4, 0xFF, 0x0A, 0x00, 0x00, 0x00, 0xF3, 0xFF, 0xCF,
    0x02, 0x00, 0x00, 0x30, 0xFD, 0xFF, 0x1E, 0x00, 0x00, 0x00, 0xF6, 0xEF, 0x03, 0x00, 0x00, 0x50,
    0xFF, 0xFF, 0x19, 0x00, 0x00, 0xF3, 0xFF, 0xFC, 0xCF, 0x01, 0x00, 0xFD, 0x9F, 0xA0, 0xFF, 0x0B,
    0x70, 0xFF, 0x1E, 0x20, 0xFF, 0x5F, 0xD0, 0xFF, 0x09, 0x00, 0xFB, 0xBF, 0xF2, 0xFF, 0x07, 0x00,
    0xF9, 0xEF, 0xF3, 0xFF, 0x08, 0x00, 0xF8, 0xFF, 0xF1, 0xFF, 0x9F, 0xB8, 0xFF, 0xFF, 0x90, 0xFF,
    0xFF, 0xFF, 0xFE, 0xFF, 0x00, 0xD7, 0xEF, 0x5B, 0xF8, 0xFF,
    // Unicode: [0x0572]
    0xF5, 0xFF, 0x73, 0xFC, 0xBE, 0x03, 0x00, 0xF5, 0xFF, 0xFE, 0xFF, 0xFF, 0x1E, 0x00, 0xF5, 0xFF,
    0xAF, 0xE9, 0xFF, 0x7F, 0x00, 0xF5, 0xFF, 0x03, 0x30, 0xFF, 0x9F, 0x00, 0xF5, 0xFF, 0x03, 0x00,
    0xFE, 0xAF, 0x00, 0xF5, 0xFF, 0x03, 0x00, 0xFD, 0xAF, 0x00, 0xF5, 0xFF, 0x03, 0x00, 0xFD, 0xAF,
    0x00, 0xF5, 0xFF, 0x03, 0x00, 0xFD, 0xAF, 0x00, 0xF5, 0xFF, 0x03, 0x00, 0xFD, 0xAF, 0x00, 0xF5,
    0xFF, 0x03, 0x00, 0xFD, 0xAF, 0x00, 0xF5, 0xFF, 0x03, 0x00, 0xFD, 0xAF, 0x00, 0x00, 0x00, 0x00,
    0x00, 0xFD, 0xAF, 0x00, 0x00, 0x00, 0x00, 0x00, 0xFD, 0xDF, 0x78, 0x00, 0x00, 0x00, 0x00, 0xFD,
    0xFF, 0xEF, 0x00, 0x00, 0x00, 0x00, 0xFD, 0xFF, 0xEF,
    // Unicode: [0x0573]
    0x00, 0x00, 0x20, 0xD8, 0xEF, 0x2C, 0x00, 0x00, 0xF7, 0xFF, 0xFF, 0x3F, 0x00, 0x80, 0xFF, 0xCF,
    0x99, 0x3D, 0x00, 0xF5, 0xFF, 0x06, 0x00, 0x00, 0xFF, 0xFF, 0xDF, 0x05, 0x00, 0x00, 0xFF, 0xFF,
    0xFF, 0xDF, 0x04, 0x00, 0xF8, 0xFF, 0xFE, 0xFF, 0x7F, 0x00, 0xF3, 0xFF, 0x43, 0xFD, 0xFF, 0x04,
    0xF7, 0xEF, 0x00, 0xE2, 0xFF, 0x0C, 0xFA, 0xDF, 0x00, 0x70, 0xFF, 0x2F, 0xFC, 0xCF, 0x00, 0x40,
    0xFF, 0x4F, 0xFC, 0xEF, 0x01, 0x50, 0xFF, 0x6F, 0xFA, 0xFF, 0xBE, 0xFD, 0xFF, 0x6F, 0xF3, 0xFF,
    0xFF, 0xEF, 0xFF, 0x6F, 0x40, 0xEB, 0xCF, 0x26, 0xFF, 0x6F,
    // Unicode: [0x0574]
    0x00, 0x00, 0x00, 0x00, 0xFE, 0xFF, 0xCF, 0x00, 0x00, 0x00, 0x00, 0xFE, 0xFF, 0xCF, 0x00, 0x00,
    0x00, 0x00, 0xFE, 0xCF, 0x78, 0x00, 0x00, 0x00, 0x00, 0xFE, 0x9F, 0x00, 0xF6, 0xFF, 0x02, 0x00,
    0xFE, 0x9F, 0x00, 0xF6, 0xFF, 0x02, 0x00, 0xFE, 0x9F, 0x00, 0xF6, 0xFF, 0x02, 0x00, 0xFE, 0x9F,
    0x00, 0xF6, 0xFF, 0x02, 0x00, 0xFE, 0x9F, 0x00, 0xF6, 0xFF, 0x02, 0x00, 0xFE, 0x9F, 0x00, 0xF6,
    0xFF, 0x02, 0x00, 0xFE, 0x9F, 0x00, 0xF6, 0xFF, 0x02, 0x00, 0xFE, 0x9F, 0x00, 0xF5, 0xFF, 0x06,
    0x00, 0xFE, 0x9F, 0x00, 0xF3, 0xFF, 0x9E, 0xE9, 0xFF, 0x9F, 0x00, 0xB0, 0xFF, 0xFF, 0xFF, 0xFF,
    0x9F, 0x00, 0x10, 0xE9, 0xDF, 0x29, 0xFE, 0x9F, 0x00,
    // Unicode: [0x0575]
    0x00, 0xF2, 0xFF, 0x06, 0x00, 0xF2, 0xFF, 0x06, 0x00, 0xF2, 0xFF, 0x06, 0x00, 0xF2, 0xFF, 0x06,
    0x00, 0xF2, 0xFF, 0x06, 0x00, 0xF2, 0xFF, 0x06, 0x00, 0xF2, 0xFF, 0x06, 0x00, 0xF2, 0xFF, 0x06,
    0x00, 0xF2, 0xFF, 0x06, 0x00, 0xF2, 0xFF, 0x06, 0x00, 0xF3, 0xFF, 0x06, 0x00, 0xF6, 0xFF, 0x05,
    0xCC, 0xFF, 0xFF, 0x02, 0xFF, 0xFF, 0xAF, 0x00, 0xED, 0xDF, 0x08, 0x00,
    // Unicode: [0x0576]
    0xF9, 0xFF, 0xFF, 0x03, 0x00, 0x00, 0x00, 0xF9, 0xFF, 0xFF, 0x03, 0x00, 0x00, 0x00, 0x85, 0xFB,
    0xFF, 0x03, 0x00, 0x00, 0x00, 0x00, 0xF5, 0xFF, 0x03, 0x00, 0x00, 0x00, 0x00, 0xF5, 0xFF, 0x03,
    0x00, 0xFD, 0xAF, 0x00, 0xF5, 0xFF, 0x03, 0x00, 0xFD, 0xAF, 0x00, 0xF5, 0xFF, 0x03, 0x00, 0xFD,
    0xAF, 0x00, 0xF5, 0xFF, 0x03, 0x00, 0xFD, 0xAF, 0x00, 0xF5, 0xFF, 0x03, 0x00, 0xFD, 0xAF, 0x00,
    0xF5, 0xFF, 0x03, 0x00, 0xFD, 0xAF, 0x00, 0xF5, 0xFF, 0x04, 0x00, 0xFD, 0xAF, 0x00, 0xF4, 0xFF,
    0x08, 0x00, 0xFD, 0xAF, 0x00, 0xF2, 0xFF, 0xAF, 0xD9, 0xFF, 0xAF, 0x00, 0xA0, 0xFF, 0xFF, 0xFF,
    0xFF, 0xAF, 0x00, 0x10, 0xD8, 0xDF, 0x29, 0xFD, 0xAF,
    // Unicode: [0x0577]
    0x40, 0xEA, 0xDF, 0x4B, 0x00, 0xF3, 0xFF, 0xFF, 0xFF, 0x07, 0xF3, 0x8D, 0xFA, 0xFF, 0x2F, 0x72,
    0x00, 0x60, 0xFF, 0x6F, 0x00, 0x00, 0x30, 0xFF, 0x6F, 0x00, 0x00, 0x80, 0xFF, 0x2F, 0x00, 0x00,
    0xF4, 0xFF, 0x08, 0x00, 0x30, 0xFE, 0xBF, 0x00, 0x00, 0xE3, 0xFF, 0x1B, 0x00, 0x20, 0xFE, 0xAF,
    0x00, 0x00, 0xD1, 0xFF, 0x09, 0x00, 0x00, 0xF9, 0xDF, 0x00, 0x00, 0x00, 0xFE, 0xEF, 0x88, 0x88,
    0x08, 0xFC, 0xFF, 0xFF, 0xFF, 0x0F, 0xC3, 0xFF, 0xFF, 0xFF, 0x0F,
    // Unicode: [0x0578]
    0xF5, 0xFF, 0x73, 0xFC, 0xBE, 0x03, 0xF5, 0xFF, 0xFE, 0xFF, 0xFF, 0x1E, 0xF5, 0xFF, 0xAE, 0xD9,
    0xFF, 0x7F, 0xF5, 0xFF, 0x03, 0x20, 0xFF, 0x9F, 0xF5, 0xFF, 0x03, 0x00, 0xFE, 0xAF, 0xF5, 0xFF,
    0x03, 0x00, 0xFD, 0xAF, 0xF5, 0xFF, 0x03, 0x00, 0xFD, 0xAF, 0xF5, 0xFF, 0x03, 0x00, 0xFD, 0xAF,
    0xF5, 0xFF, 0x03, 0x00, 0xFD, 0xAF, 0xF5, 0xFF, 0x03, 0x00, 0xFD, 0xAF, 0xF5, 0xFF, 0x03, 0x00,
    0xFD, 0xAF,
    // Unicode: [0x0579]
    0x10, 0xFC, 0xCF, 0x02, 0x90, 0xFF, 0x1E, 0x00, 0xE0, 0xFF, 0x0B, 0x00, 0xD0, 0xFF, 0x0C, 0x00,
    0x80, 0xFF, 0x5F, 0x00, 0x10, 0xFC, 0xFF, 0x18, 0x00, 0xA1, 0xFF, 0x8F, 0x00, 0xE2, 0xFF, 0x0A,
    0x00, 0xFC, 0xCF, 0x00, 0x90, 0xFF, 0x2E, 0x00, 0xF3, 0xFF, 0x06, 0x00, 0xFB, 0xEF, 0x00, 0x00,
    0xFE, 0xEF, 0x88, 0x88, 0xFE, 0xFF, 0xFF, 0xFF, 0xD5, 0xFF, 0xFF, 0xFF,
    // Unicode: [0x057A]
    0xF6, 0xFF, 0x02, 0x30, 0xFF, 0x5F, 0x00, 0xF0, 0xFF, 0x08, 0xF6, 0xFF, 0x02, 0x30, 0xFF, 0x5F,
    0x00, 0xF0, 0xFF, 0x08, 0xF6, 0xFF, 0x02, 0x30, 0xFF, 0x5F, 0x00, 0xF0, 0xFF, 0x08, 0xF6, 0xFF,
    0x02, 0x30, 0xFF, 0x5F, 0x00, 0xF0, 0xFF, 0x08, 0xF6, 0xFF, 0x02, 0x30, 0xFF, 0x5F, 0x00, 0xF0,
    0xFF, 0x08, 0xF6, 0xFF, 0x02, 0x30, 0xFF, 0x5F, 0x00, 0xF0, 0xFF, 0x08, 0xF6, 0xFF, 0x02, 0x30,
    0xFF, 0x5F, 0x00, 0xF0, 0xFF, 0x08, 0xF5, 0xFF, 0x06, 0x60, 0xFF, 0x9F, 0x00, 0xF3, 0xFF, 0x08,
    0xF3, 0xFF, 0xCF, 0xFD, 0xFF, 0xFF, 0xDD, 0xFF, 0xFF, 0x08, 0xB0, 0xFF, 0xFF, 0xAF, 0xF9, 0xFF,
    0xFF, 0xFD, 0xFF, 0x08, 0x20, 0xEA, 0xBE, 0x05, 0x70, 0xFD, 0x7D, 0xF1, 0xFF, 0x08, 0x00, 0x00,
    0x00, 0x00, 0x00, 0x00, 0x00, 0xF0, 0xFF, 0x08, 0x00, 0x00, 0x00, 0x00, 0x00, 0x00, 0x00, 0xF0,
    0xFF, 0x08, 0x00, 0x00, 0x00, 0x00, 0x00, 0x00, 0x00, 0xF0, 0xFF, 0x08, 0x00, 0x00, 0x00, 0x00,
    0x00, 0x00, 0x00, 0xF0, 0xFF, 0x08,
    // Unicode: [0x057B]
    0x00, 0x71, 0xEC, 0xCE, 0x28, 0x00, 0x30, 0xFE, 0xFF, 0xFF, 0xEF, 0x04, 0xD0, 0xFF, 0x8F, 0xE8,
    0xFF, 0x0D, 0xF2, 0xFF, 0x09, 0x70, 0xFF, 0x3F, 0xF1, 0xFF, 0x0C, 0x60, 0xFF, 0x3F, 0xA0, 0xFF,
    0x3F, 0xA0, 0xFF, 0x0D, 0x20, 0xFE, 0x7F, 0xF4, 0xFF, 0x04, 0x00, 0xF6, 0x9F, 0xFE, 0x6F, 0x00,
    0x00, 0xC0, 0xFF, 0xFF, 0x06, 0x00, 0x00, 0xA0, 0xFF, 0x4E, 0x00, 0x00, 0x00, 0xF6, 0xDF, 0x02,
    0x00, 0x00, 0x60, 0xFF, 0x1E, 0x00, 0x00, 0x00, 0xF1, 0xFF, 0x8E, 0x88, 0x88, 0x07, 0xF2, 0xFF,
    0xFF, 0xFF, 0xFF, 0x0E, 0x70, 0xFE, 0xFF, 0xFF, 0xFF, 0x0E,
    // Unicode: [0x057C]
    0xF5, 0xFF, 0x83, 0xED, 0x7D, 0x00, 0xF5, 0xFF, 0xFE, 0xFF, 0xFF, 0x08, 0xF5, 0xFF, 0xAE, 0xFA,
    0xFF, 0x0E, 0xF5, 0xFF, 0x02, 0x80, 0xFF, 0x0F, 0xF5, 0xFF, 0x01, 0x50, 0xFF, 0x0D, 0xF5, 0xFF,
    0x01, 0x70, 0xFF, 0x09, 0xF5, 0xFF, 0x01, 0xB0, 0xFF, 0x03, 0xF5, 0xFF, 0x01, 0xF2, 0x9F, 0x00,
    0xF5, 0xFF, 0x01, 0xFA, 0x9F, 0x28, 0xF5, 0xFF, 0x41, 0xFF, 0xFF, 0x4F, 0xF5, 0xFF, 0x81, 0xFF,
    0xFF, 0x4F,
    // Unicode: [0x057D]
    0xF6, 0xFF, 0x02, 0x00, 0xFE, 0x9F, 0xF6, 0xFF, 0x02, 0x00, 0xFE, 0x9F, 0xF6, 0xFF, 0x02, 0x00,
    0xFE, 0x9F, 0xF6, 0xFF, 0x02, 0x00, 0xFE, 0x9F, 0xF6, 0xFF, 0x02, 0x00, 0xFE, 0x9F, 0xF6, 0xFF,
    0x02, 0x00, 0xFE, 0x9F, 0xF6, 0xFF, 0x02, 0x00, 0xFE, 0x9F, 0xF5, 0xFF, 0x05, 0x00, 0xFE, 0x9F,
    0xF3, 0xFF, 0x9E, 0xE9, 0xFF, 0x9F, 0xB0, 0xFF, 0xFF, 0xFF, 0xFF, 0x9F, 0x10, 0xE9, 0xDF, 0x29,
    0xFE, 0x9F,
    // Unicode: [0x057E]
    0x00, 0x00, 0x00, 0x00, 0xFE, 0x9F, 0x00, 0x00, 0x00, 0x00, 0x00, 0xFE, 0x9F, 0x00, 0x00, 0x00,
    0x00, 0x00, 0xFE, 0x9F, 0x00, 0x00, 0x00, 0x00, 0x00, 0xFE, 0x9F, 0x00, 0xF6, 0xFF, 0x02, 0x00,
    0xFE, 0x9F, 0x00, 0xF6, 0xFF, 0x02, 0x00, 0xFE, 0x9F, 0x00, 0xF6, 0xFF, 0x02, 0x00, 0xFE, 0x9F,
    0x00, 0xF6, 0xFF, 0x02, 0x00, 0xFE, 0x9F, 0x00, 0xF6, 0xFF, 0x02, 0x00, 0xFE, 0x9F, 0x00, 0xF6,
    0xFF, 0x02, 0x00, 0xFE, 0x9F, 0x00, 0xF6, 0xFF, 0x03, 0x00, 0xFE, 0x9F, 0x00, 0xF5, 0xFF, 0x08,
    0x20, 0xFE, 0x9F, 0x00, 0xF3, 0xFF, 0xDF, 0xFD, 0xFF, 0x9F, 0x00, 0xB0, 0xFF, 0xFF, 0xDF, 0xFE,
    0x9F, 0x00, 0x10, 0xD9, 0xDF, 0x17, 0xFE, 0x9F, 0x00, 0x00, 0x00, 0x00, 0x00, 0xFE, 0x9F, 0x00,
    0x00, 0x00, 0x00, 0x00, 0xFE, 0xCF, 0x78, 0x00, 0x00, 0x00, 0x00, 0xFE, 0xFF, 0xCF, 0x00, 0x00,
    0x00, 0x00, 0xFE, 0xFF, 0xCF,
    // Unicode: [0x057F]
    0xF6, 0xFF, 0x02, 0x30, 0xFF, 0x5F, 0xB6, 0xEE, 0x2A, 0x00, 0xF6, 0xFF, 0x02, 0x30, 0xFF, 0xEF,
    0xFF, 0xFF, 0xDF, 0x00, 0xF6, 0xFF, 0x02, 0x30, 0xFF, 0xFF, 0x9B, 0xFE, 0xFF, 0x05, 0xF6, 0xFF,
    0x02, 0x30, 0xFF, 0x5F, 0x00, 0xF4, 0xFF, 0x07, 0xF6, 0xFF, 0x02, 0x30, 0xFF, 0x5F, 0x00, 0xF1,
    0xFF, 0x08, 0xF6, 0xFF, 0x02, 0x30, 0xFF, 0x5F, 0x00, 0xF0, 0xFF, 0x08, 0xF6, 0xFF, 0x02, 0x30,
    0xFF, 0x5F, 0x00, 0xF0, 0xFF, 0x08, 0xF6, 0xFF, 0x05, 0x40, 0xFF, 0x5F, 0x00, 0xF0, 0xFF, 0x08,
    0xF4, 0xFF, 0x9E, 0xEA, 0xFF, 0x5F, 0x00, 0xF0, 0xFF, 0x08, 0xB0, 0xFF, 0xFF, 0xEF, 0xFF, 0x5F,
    0x00, 0xF0, 0xFF, 0x08, 0x10, 0xD9, 0xCF, 0x47, 0xFF, 0x5F, 0x00, 0xF0, 0xFF, 0x08,
    // Unicode: [0x0580]
    0xF5, 0xFF, 0x73, 0xFC, 0xAE, 0x02, 0xF5, 0xFF, 0xFE, 0xFF, 0xFF, 0x1E, 0xF5, 0xFF, 0xAF, 0xE9,
    0xFF, 0x7F, 0xF5, 0xFF, 0x03, 0x30, 0xFF, 0xAF, 0xF5, 0xFF, 0x03, 0x00, 0xFE, 0xAF, 0xF5, 0xFF,
    0x03, 0x00, 0xFD, 0xAF, 0xF5, 0xFF, 0x03, 0x00, 0xFD, 0xAF, 0xF5, 0xFF, 0x03, 0x00, 0xFD, 0xAF,
    0xF5, 0xFF, 0x03, 0x00, 0xFD, 0xAF, 0xF5, 0xFF, 0x03, 0x00, 0xFD, 0xAF, 0xF5, 0xFF, 0x03, 0x00,
    0xFD, 0xAF, 0xF5, 0xFF, 0x03, 0x00, 0x00, 0x00, 0xF5, 0xFF, 0x03, 0x00, 0x00, 0x00, 0xF5, 0xFF,
    0x03, 0x00, 0x00, 0x00, 0xF5, 0xFF, 0x03, 0x00, 0x00, 0x00,
    // Unicode: [0x0581]
    0x00, 0x60, 0xEC, 0xCE, 0xFA, 0xFF, 0x05, 0x00, 0xFA, 0xFF, 0xFF, 0xFF, 0xFF, 0x05, 0x60, 0xFF,
    0xDF, 0x56, 0xF9, 0xFF, 0x05, 0xD0, 0xFF, 0x1E, 0x00, 0xF3, 0xFF, 0x05, 0xF1, 0xFF, 0x09, 0x00,
    0xF3, 0xFF, 0x05, 0xF2, 0xFF, 0x08, 0x00, 0xF3, 0xFF, 0x05, 0xF1, 0xFF, 0x0A, 0x00, 0xF3, 0xFF,
    0x05, 0xD0, 0xFF, 0x3E, 0x00, 0xF5, 0xFF, 0x05, 0x90, 0xFF, 0xFF, 0xDD, 0xFF, 0xFF, 0x05, 0x10,
    0xFD, 0xFF, 0xFF, 0xFF, 0xFF, 0x05, 0x00, 0x91, 0xFD, 0x9E, 0xF5, 0xFF, 0x04, 0x00, 0x00, 0x00,
    0x00, 0xF8, 0xFF, 0x01, 0x00, 0xAD, 0x67, 0x96, 0xFF, 0xBF, 0x00, 0x00, 0xFE, 0xFF, 0xFF, 0xFF,
    0x2D, 0x00, 0x00, 0xC9, 0xEE, 0xEF, 0x7C, 0x01, 0x00,
    // Unicode: [0x0582]
    0xF5, 0xFF, 0x03, 0x00, 0x00, 0xF5, 0xFF, 0x03, 0x00, 0x00, 0xF5, 0xFF, 0x03, 0x00, 0x00, 0xF5,
    0xFF, 0x03, 0x00, 0x00, 0xF5, 0xFF, 0x03, 0x00, 0x00, 0xF5, 0xFF, 0x03, 0x00, 0x00, 0xF5, 0xFF,
    0x03, 0x00, 0x00, 0xF5, 0xFF, 0x03, 0x00, 0x00, 0xF5, 0xFF, 0x89, 0x88, 0x38, 0xF5, 0xFF, 0xFF,
    0xFF, 0x5F, 0xF5, 0xFF, 0xFF, 0xFF, 0x5F,
    // Unicode: [0x0583]
    0x00, 0x00, 0x00, 0x30, 0xFF, 0x5F, 0x00, 0x00, 0x00, 0x00, 0x00, 0x00, 0x00, 0x30, 0xFF, 0x5F,
    0x00, 0x00, 0x00, 0x00, 0x00, 0x00, 0x00, 0x30, 0xFF, 0x5F, 0x00, 0x00, 0x00, 0x00, 0x00, 0x00,
    0x00, 0x30, 0xFF, 0x5F, 0x00, 0x00, 0x00, 0x00, 0xF6, 0xFF, 0x02, 0x30, 0xFF, 0x5F, 0xB6, 0xEE,
    0x2A, 0x00, 0xF6, 0xFF, 0x02, 0x30, 0xFF, 0xEF, 0xFF, 0xFF, 0xDF, 0x00, 0xF6, 0xFF, 0x02, 0x30,
    0xFF, 0xFF, 0x9B, 0xFE, 0xFF, 0x05, 0xF6, 0xFF, 0x02, 0x30, 0xFF, 0x5F, 0x00, 0xF4, 0xFF, 0x07,
    0xF6, 0xFF, 0x02, 0x30, 0xFF, 0x5F, 0x00, 0xF1, 0xFF, 0x08, 0xF6, 0xFF, 0x02, 0x30, 0xFF, 0x5F,
    0x00, 0xF0, 0xFF, 0x08, 0xF6, 0xFF, 0x02, 0x30, 0xFF, 0x5F, 0x00, 0xF0, 0xFF, 0x08, 0xF6, 0xFF,
    0x05, 0x40, 0xFF, 0x5F, 0x00, 0xF0, 0xFF, 0x08, 0xF4, 0xFF, 0x9E, 0xEA, 0xFF, 0x5F, 0x00, 0xF0,
    0xFF, 0x08, 0xB0, 0xFF, 0xFF, 0xEF, 0xFF, 0x5F, 0x00, 0xF0, 0xFF, 0x08, 0x10, 0xD9, 0xCF, 0x47,
    0xFF, 0x5F, 0x00, 0xF0, 0xFF, 0x08, 0x00, 0x00, 0x00, 0x40, 0xFF, 0x5F, 0x00, 0x00, 0x00, 0x00,
    0x00, 0x00, 0x00, 0x40, 0xFF, 0x5F, 0x00, 0x00, 0x00, 0x00, 0x00, 0x00, 0x00, 0x40, 0xFF, 0x5F,
    0x00, 0x00, 0x00, 0x00, 0x00, 0x00, 0x00, 0x40, 0xFF, 0x5F, 0x00, 0x00, 0x00, 0x00,
    // Unicode: [0x0584]
    0x30, 0xFF, 0x6F, 0xD8, 0xEF, 0x19, 0x00, 0x30, 0xFF, 0xFF, 0xFF, 0xFF, 0xDF, 0x00, 0x30, 0xFF,
    0xCF, 0x56, 0xFB, 0xFF, 0x04, 0x30, 0xFF, 0x5F, 0x00, 0xF3, 0xFF, 0x07, 0x30, 0xFF, 0x7F, 0x22,
    0xF9, 0xFF, 0x04, 0x30, 0xFF, 0xFF, 0xFF, 0xFF, 0xBF, 0x00, 0x30, 0xFF, 0xDF, 0xFF, 0xEF, 0x18,
    0x00, 0x30, 0xFF, 0x5F, 0x31, 0x02, 0x00, 0x00, 0xA8, 0xFF, 0xAF, 0x88, 0x88, 0x88, 0x07, 0xFF,
    0xFF, 0xFF, 0xFF, 0xFF, 0xFF, 0x0C, 0xFF, 0xFF, 0xFF, 0xFF, 0xFF, 0xFF, 0x0C, 0x30, 0xFF, 0x5F,
    0x00, 0x00, 0x00, 0x00, 0x30, 0xFF, 0x5F, 0x00, 0x00, 0x00, 0x00, 0x30, 0xFF, 0x5F, 0x00, 0x00,
    0x00, 0x00, 0x30, 0xFF, 0x5F, 0x00, 0x00, 0x00, 0x00,
    // Unicode: [0x0585]
    0x00, 0x40, 0xDA, 0xEF, 0x9D, 0x02, 0x00, 0x00, 0xF8, 0xFF, 0xFF, 0xFF, 0x4E, 0x00, 0x50, 0xFF,
    0xBF, 0x66, 0xFD, 0xEF, 0x02, 0xC0, 0xFF, 0x0D, 0x00, 0xF3, 0xFF, 0x08, 0xF1, 0xFF, 0x09, 0x00,
    0xD0, 0xFF, 0x0C, 0xF2, 0xFF, 0x08, 0x00, 0xC0, 0xFF, 0x0D, 0xF1, 0xFF, 0x09, 0x00, 0xD0, 0xFF,
    0x0C, 0xC0, 0xFF, 0x0D, 0x00, 0xF3, 0xFF, 0x08, 0x50, 0xFF, 0xBF, 0x66, 0xFD, 0xEF, 0x02, 0x00,
    0xF8, 0xFF, 0xFF, 0xFF, 0x5E, 0x00, 0x00, 0x40, 0xDA, 0xEF, 0x9D, 0x02, 0x00,
    // Unicode: [0x0586]
    0x00, 0x82, 0xEC, 0xFF, 0xDF, 0x00, 0x00, 0x00, 0x00, 0x40, 0xFE, 0xFF, 0xFF, 0xDF, 0x00, 0x00,
    0x00, 0x00, 0xC0, 0xFF, 0x4C, 0xFB, 0xDF, 0x00, 0x00, 0x00, 0x00, 0xE0, 0xFF, 0x1B, 0xFA, 0xDF,
    0x00, 0x00, 0x00, 0x00, 0x70, 0xFF, 0xFF, 0xFF, 0xEF, 0x36, 0x00, 0x00, 0x00, 0x00, 0xC5, 0xFF,
    0xFF, 0xFF, 0xFF, 0x9E, 0x02, 0x00, 0x00, 0x00, 0x41, 0xFC, 0xFF, 0xFF, 0xFF, 0x6F, 0x00, 0x00,
    0x00, 0x00, 0xFA, 0xDF, 0x83, 0xFF, 0xFF, 0x02, 0x00, 0x00, 0x00, 0xFA, 0xDF, 0x00, 0xF5, 0xFF,
    0x09, 0x00, 0x00, 0x00, 0xFA, 0xDF, 0x00, 0xE0, 0xFF, 0x0B, 0x12, 0x00, 0x00, 0xFA, 0xDF, 0x00,
    0xF1, 0xFF, 0x0A, 0xE6, 0x17, 0x00, 0xFA, 0xDF, 0x00, 0xF9, 0xFF, 0x05, 0xF6, 0xFF, 0x9C, 0xFD,
    0xEF, 0xD9, 0xFF, 0xBF, 0x00, 0xE4, 0xFF, 0xFF, 0xFF, 0xFF, 0xFF, 0xFF, 0x09, 0x00, 0x10, 0x95,
    0xEC, 0xFF, 0xFF, 0xCE, 0x28, 0x00, 0x00, 0x00, 0x00, 0x00, 0xFA, 0xDF, 0x00, 0x00, 0x00, 0x00,
    0x00, 0x00, 0x00, 0xFA, 0xDF, 0x00, 0x00, 0x00, 0x00, 0x00, 0x00, 0x00, 0xFA, 0xDF, 0x00, 0x00,
    0x00, 0x00, 0x00, 0x00, 0x00, 0xFA, 0xDF, 0x00, 0x00, 0x00, 0x00,
    // Unicode: [0x0587]
    0xF6, 0xFF, 0x02, 0x00, 0x00, 0x00, 0x00, 0x00, 0x00, 0xF6, 0xFF, 0x02, 0x00, 0x00, 0x00, 0x00,
    0x00, 0x00, 0xF6, 0xFF, 0x02, 0x00, 0x00, 0x00, 0x00, 0x00, 0x00, 0xF6, 0xFF, 0x02, 0x00, 0x00,
    0x00, 0x00, 0x00, 0x00, 0xF6, 0xFF, 0x02, 0x00, 0xFE, 0x9F, 0x00, 0x00, 0x00, 0xF6, 0xFF, 0x02,
    0x00, 0xFE, 0x9F, 0x00, 0x00, 0x00, 0xF6, 0xFF, 0x02, 0x00, 0xFE, 0x9F, 0x00, 0x00, 0x00, 0xF6,
    0xFF, 0x02, 0x00, 0xFE, 0x9F, 0x00, 0x00, 0x00, 0xF6, 0xFF, 0x02, 0x00, 0xFE, 0x9F, 0x00, 0x00,
    0x00, 0xF6, 0xFF, 0x02, 0x00, 0xFE, 0x9F, 0x00, 0x00, 0x00, 0xF6, 0xFF, 0x02, 0x00, 0xFE, 0x9F,
    0x00, 0x00, 0x00, 0xF5, 0xFF, 0x05, 0x00, 0xFE, 0x9F, 0x00, 0x00, 0x00, 0xF3, 0xFF, 0x8E, 0xD8,
    0xFF, 0xCF, 0x77, 0x77, 0x06, 0xB0, 0xFF, 0xFF, 0xFF, 0xFF, 0xFF, 0xFF, 0xFF, 0x0E, 0x10, 0xD9,
    0xDF, 0x29, 0xFE, 0xFF, 0xFF, 0xFF, 0x0E,
    // Unicode: [0x0589]
    0xFC, 0xDF, 0xFC, 0xDF, 0xFC, 0xDF, 0xB9, 0x9B, 0x00, 0x00, 0x00, 0x00, 0x00, 0x00, 0xEB, 0xCE,
    0xFC, 0xDF, 0xFC, 0xDF, 0xFC, 0xDF,
    // Unicode: [0x058A]
    0x3A, 0x00, 0x00, 0x65, 0xFE, 0xBD, 0xEC, 0x8F, 0xFD, 0xFF, 0xFF, 0x7F, 0x92, 0xFD, 0xCE, 0x06,
    // Unicode: [0x058F]
    0x00, 0x60, 0xEB, 0xEF, 0x5B, 0x00, 0x00, 0x10, 0xFC, 0xFF, 0xFF, 0xFF, 0x0B, 0x00, 0xB0, 0xFF,
    0xDF, 0xEB, 0xFF, 0x7F, 0x00, 0xF2, 0xFF, 0x0C, 0x30, 0xFF, 0xCF, 0x00, 0xF6, 0xFF, 0x07, 0x00,
    0xFC, 0xFF, 0x00, 0xE6, 0xEE, 0x05, 0x11, 0xFB, 0xFF, 0x12, 0x00, 0x00, 0x00, 0xFC, 0xFF, 0xFF,
    0xDF, 0x00, 0x00, 0x00, 0xFC, 0xFF, 0xFF, 0xDF, 0x00, 0x00, 0x00, 0x11, 0xFB, 0xFF, 0x12, 0x00,
    0x00, 0x00, 0xFC, 0xFF, 0xFF, 0xDF, 0x00, 0x00, 0x00, 0xFC, 0xFF, 0xFF, 0xDF, 0x00, 0x00, 0x00,
    0x00, 0xFB, 0xFF, 0x01, 0x00, 0x00, 0x00, 0x00, 0xFB, 0xFF, 0x01, 0x00, 0x00, 0x00, 0x00, 0xFB,
    0xFF, 0x01
};
